inchikey	target_key	moa	bioactivity_type	relation	value	unit	assay_type	assay_description	cell_line	concentration	concentration_unit	source_db	source	source_xref	xref_id
IQCKJUKAQJINMK-HUBRGWSESA-N	Q8TEK3	inhibitor			0.06	nM	binding	SPR; IC50 = 0.3 nM in enzymatic assay				Chemical Probes Portal	SGC0946	sgc0946	https://www.chemicalprobes.org/
IQCKJUKAQJINMK-HUBRGWSESA-N	Q8TEK3	inhibitor	IC50		8.8	nM	cell	in-cell western assay assessing methylation of protein substrate in MCF10A cells				Chemical Probes Portal	SGC0946	sgc0946	https://www.chemicalprobes.org/
QMDKVNSQXPVCRD-RQNOJGIXSA-N	Q96LA8	inhibitor			0.01	uM	biochemical	Inhibition of 3H-SAM-dependent labeling of peptide substrate and quantification of 3H-labeled peptide.				Chemical Probes Portal	EPZ020411	epz020411	https://www.chemicalprobes.org/
QMDKVNSQXPVCRD-RQNOJGIXSA-N	Q96LA8	inhibitor	IC50		0.0637	uM	cell	H3R2 methylation in PRMT6-overexpressing A375 cells.				Chemical Probes Portal	EPZ020411	epz020411	https://www.chemicalprobes.org/
WRUWGLUCNBMGPS-UHFFFAOYSA-N	Q9H8M2	antagonist			7.3		binding	TR-FRET, and BROMOscan profiling with N-methyl Kac mimetic: BRD9 pKD = 8.7.				Chemical Probes Portal	I-BRD9	i-brd9	https://www.chemicalprobes.org/
WRUWGLUCNBMGPS-UHFFFAOYSA-N	Q9H8M2	antagonist					cell	In HUT-78 cells, chemoproteomic competitive binding assays showed I-BRD9 was >625-fold selective for BRD9 over BRD3				Chemical Probes Portal	I-BRD9	i-brd9	https://www.chemicalprobes.org/
ZHMXXVNQAFCXKK-QGZVFWFLSA-N	P51812	inhibitor			1	nM	biochemical					Chemical Probes Portal	BIX-02565	bix-02565	https://www.chemicalprobes.org/
ZHMXXVNQAFCXKK-QGZVFWFLSA-N	P51812	inhibitor	IC50		20	nM	cell	Inhibition of substrate phosphorylation				Chemical Probes Portal	BIX-02565	bix-02565	https://www.chemicalprobes.org/
TXGKRVFSSHPBAJ-JKSUJKDBSA-N	P43405	inhibitor			2.1	nM	biochemical	Radiometric assay; in a FRET-based assay, IC50 = 6 nM				Chemical Probes Portal	PRT062607	prt062607	https://www.chemicalprobes.org/
TXGKRVFSSHPBAJ-JKSUJKDBSA-N	P43405	inhibitor	IC50	>=	0.16	uM	cell	Inhibition of protein substrate phosphorylation in B cells | 0.16-0.4 uM				Chemical Probes Portal	PRT062607	prt062607	https://www.chemicalprobes.org/
SCELLOWTHJGVIC-BGYRXZFFSA-N	Q13315	inhibitor			6.3	nM	biochemical					Chemical Probes Portal	KU-60019	ku-60019	https://www.chemicalprobes.org/
SCELLOWTHJGVIC-BGYRXZFFSA-N	Q13315	inhibitor					cell	Dose-dependent inhibition of protein substrate phosphorylation in U87 glioma cells				Chemical Probes Portal	KU-60019	ku-60019	https://www.chemicalprobes.org/
XCFLWTZSJYBCPF-UHFFFAOYSA-N	Q5S007	competitive inhibitor			1	nM	biochemical					Chemical Probes Portal	GNE7915	gne7915	https://www.chemicalprobes.org/
XCFLWTZSJYBCPF-UHFFFAOYSA-N	Q5S007	competitive inhibitor	IC50		9	nM	cell	Inhibition of autophosphorylation				Chemical Probes Portal	GNE7915	gne7915	https://www.chemicalprobes.org/
ZYVXTMKTGDARKR-UHFFFAOYSA-N	Q9Y463	inhibitor			17	nM	biochemical	in vitro radioactivity-based substrate phosphorylation assay				Chemical Probes Portal	AZ191	az191	https://www.chemicalprobes.org/
ZYVXTMKTGDARKR-UHFFFAOYSA-N	Q9Y463	inhibitor					cell	In cells, AZ191 dose-dependently inhibited DYRK1B > DYRK1A substrate phosphorylation.				Chemical Probes Portal	AZ191	az191	https://www.chemicalprobes.org/
XSMSNFMDVXXHGJ-UHFFFAOYSA-N	P43405	inhibitor			7.7	nM	biochemical	SYK enzymatic assay (Lance-based assay)				Chemical Probes Portal	Entospletinib	entospletinib	https://www.chemicalprobes.org/
XSMSNFMDVXXHGJ-UHFFFAOYSA-N	P43405	inhibitor	EC50		26	nM	cell	MSD assay detecting the substrate pBLNK				Chemical Probes Portal	Entospletinib	entospletinib	https://www.chemicalprobes.org/
ISOCDPQFIXDIMS-HSZRJFAPSA-N	O60674	inhibitor			2.2	nM	biochemical	Chemiluminescence activity based assay (ATP hydrolysis) | 2.2 nM JAK2				Chemical Probes Portal	XL019	xl019	https://www.chemicalprobes.org/
ISOCDPQFIXDIMS-HSZRJFAPSA-N	O60674	inhibitor			214	nM	biochemical	Chemiluminescence activity based assay (ATP hydrolysis) | 214 nM JAK3				Chemical Probes Portal	XL019	xl019	https://www.chemicalprobes.org/
ISOCDPQFIXDIMS-HSZRJFAPSA-N	O60674	inhibitor			134	nM	biochemical	Chemiluminescence activity based assay (ATP hydrolysis) | 134 nM JAK1				Chemical Probes Portal	XL019	xl019	https://www.chemicalprobes.org/
ISOCDPQFIXDIMS-HSZRJFAPSA-N	O60674	inhibitor	IC50		386.4	nM	cell	Immunoblotting detection of pSTAT1 and pSTAT3 | 386.4 nM pSTAT1				Chemical Probes Portal	XL019	xl019	https://www.chemicalprobes.org/
ISOCDPQFIXDIMS-HSZRJFAPSA-N	O60674	inhibitor	IC50		695	nM	cell	Immunoblotting detection of pSTAT1 and pSTAT3 | 695 nM pSTAT3				Chemical Probes Portal	XL019	xl019	https://www.chemicalprobes.org/
GZFYZYBWLCYBMI-MYZJJQSMSA-N	O15118	inhibitor	Ki		30	nM	cell	Cholesterol esterification and proteolytic cleavage of SREBP-2				Chemical Probes Portal	U18666A	u18666a	https://www.chemicalprobes.org/
HHKGVQGXRGQBBA-UHFFFAOYSA-N	Q02763	inhibitor			30	nM	biochemical	Homogenous time-resolved fluorescence assays detecting enzyme activity using peptide substrates.				Chemical Probes Portal	2-MT 63	2-mt-63	https://www.chemicalprobes.org/
HHKGVQGXRGQBBA-UHFFFAOYSA-N	Q02763	inhibitor	IC50		62	nM	cell	In EA.hy926 cells, the compound inhibited Ang-1-induces TIE2 autophosphorylation in a plate-based immunassay.				Chemical Probes Portal	2-MT 63	2-mt-63	https://www.chemicalprobes.org/
LTUGYAOMCKNTGG-UHFFFAOYSA-N	P55201	antagonist			0.08	uM	biochemical	Time-resolved fluorescence resonance energy transfer (TR-FRET) binding assay, pIC50=7.1.				Chemical Probes Portal	GSK-5959	gsk-5959	https://www.chemicalprobes.org/
LTUGYAOMCKNTGG-UHFFFAOYSA-N	P55201	antagonist	IC50		0.98	uM	cell	NanoBRET assay; pIC50=6.0				Chemical Probes Portal	GSK-5959	gsk-5959	https://www.chemicalprobes.org/
UOVSZRTTWLJPHE-HNXAPSNLSA-N	Q00987	antagonist			7	nM	biochemical	HTRF assay				Chemical Probes Portal	RO5353	ro5353	https://www.chemicalprobes.org/
UOVSZRTTWLJPHE-HNXAPSNLSA-N	Q00987	antagonist	IC50		0.007	uM	cell	Antiproliferative activity (MTT assay) averaged across multiple p53 wild-type cells (SJSA-1, HCT-116, RKO). RO5353 is 1023-fold selective for p53 wild type compared with p53 mutant cells.				Chemical Probes Portal	RO5353	ro5353	https://www.chemicalprobes.org/
CGCOPBXAGSCZNX-FNQJWKMRSA-N	Q00987	antagonist			6	nM	biochemical	HTRF assay.				Chemical Probes Portal	RO2468	ro2468	https://www.chemicalprobes.org/
CGCOPBXAGSCZNX-FNQJWKMRSA-N	Q00987	antagonist	IC50		0.015	uM	cell	Average anti-proliferative activity across multiple p53-positive cell lines (SJSA-1, HCT-116, RKO). RO2468 was 742-fold more potent against p53 wild-type than p53-mutant cell types.				Chemical Probes Portal	RO2468	ro2468	https://www.chemicalprobes.org/
ARYVAQSYRLZVQD-UHFFFAOYSA-N	P09874	inhibitor			0.009	uM	binding	SPR binding assay				Chemical Probes Portal	NMS-P118	nms-p118	https://www.chemicalprobes.org/
ARYVAQSYRLZVQD-UHFFFAOYSA-N	P09874	inhibitor	IC50		0.04	uM	cell	In HeLa cells, hydrogen peroxide-induced PAR production was quantified.				Chemical Probes Portal	NMS-P118	nms-p118	https://www.chemicalprobes.org/
LTYNXERAWVCPAH-OHRKNAERSA-N	P61619	inhibitor					biochemical	In synthetic proteoliposomes containing only SEC61 and SR, 10 uM cotransin inhibited VCAM1 translocation but not pre-prolactin. In in vitro transcription/translation assays in reticulocyte lysate with rough endoplasmic reticulum (ER) and microsomes (TNT assays), 10 uM cotransin VCAM1 glycosylation but not translation, and had comparable activity on fusion proteins containing the N-terminal signal sequence from VCAM1. 25 uM cotransin also disrupted cross-linking between ER proteins and Sec61alpha.				Chemical Probes Portal	Cotransin	cotransin	https://www.chemicalprobes.org/
LTYNXERAWVCPAH-OHRKNAERSA-N	P61619	inhibitor					cell	In COS-7 cells, 2 uM cotransin inhibited a small subset of secretory and membrane proteins (i.e., VCAM1 and P-selectin). These phenotype was mimicked by depletion of the Sec61 complex.				Chemical Probes Portal	Cotransin	cotransin	https://www.chemicalprobes.org/
SAGZIBJAQGBRQA-UHFFFAOYSA-N	P36897	inhibitor			18	nM	binding	ALK5 Fluorescence Polarization Binding Assay with intracellular kinase domain from ALK5.				Chemical Probes Portal	GW788388	gw788388	https://www.chemicalprobes.org/
SAGZIBJAQGBRQA-UHFFFAOYSA-N	P36897	inhibitor	IC50		93	nM	cell	TGF-beta-dependent signaling assay. In 293T cells expressing constitutively active (ca) ALK5, TbetaRII, BMPRII, or ACTRII, 10 uM GW788388 inhibited autophosphorylation of ALK5 and TbetaRII. In U2OS cells expressing caALK1, caALK2, caALK3, caALK4, caALK5, caALK6, or caALK7, GW788388 dose-dependently inhibited only TGF-beta-dependent signaling (ALK4, ALK5, and ALK7; assessed indirectly through Smad-responsive luciferase activity).				Chemical Probes Portal	GW788388	gw788388	https://www.chemicalprobes.org/
ATUUNJCZCOMUKD-OKILXGFUSA-N	Q5S007	inhibitor			1.8	nM	biochemical	MSD and Invitrogen assay				Chemical Probes Portal	MLi-2	mli-2	https://www.chemicalprobes.org/
ATUUNJCZCOMUKD-OKILXGFUSA-N	Q5S007	inhibitor	IC50		3.5	nM	cell	LRRK2 G2019S SH-SY5Y human neuroblastoma cell line was used for the LRRK2 pSer935 phosphorylation measurements.				Chemical Probes Portal	MLi-2	mli-2	https://www.chemicalprobes.org/
XKBSPAZCFAIBJL-OAHLLOKOSA-N	Q96LB1	agonist	EC50		760	nM	cell	PRESTO-Tango arrestin recruitment, FLIPR calcium assay | 760nM				Chemical Probes Portal	(R)-Zinc-3573	r-zinc-3573	https://www.chemicalprobes.org/
XKBSPAZCFAIBJL-OAHLLOKOSA-N	Q96LB1	agonist	EC50		1000	nM	cell	PRESTO-Tango arrestin recruitment, FLIPR calcium assay | 1000nM				Chemical Probes Portal	(R)-Zinc-3573	r-zinc-3573	https://www.chemicalprobes.org/
KMESAVNRPDKZCQ-UHFFFAOYSA-N	P34913	inhibitor			7	nM	biochemical	biochemical h-sEH binding assay				Chemical Probes Portal	BI-1935	bi-1935	https://www.chemicalprobes.org/
KMESAVNRPDKZCQ-UHFFFAOYSA-N	P34913	inhibitor	IC50	<	1	nM	cell	cellular Hep G2-DHET assay				Chemical Probes Portal	BI-1935	bi-1935	https://www.chemicalprobes.org/
ZDOBSAPHUUUOHX-OSYLJGHBSA-N	Q13822	inhibitor			2.2	nM	biochemical	LPA measurement | 2.2 nM (human)				Chemical Probes Portal	BI-2545	bi-2545	https://www.chemicalprobes.org/
ZDOBSAPHUUUOHX-OSYLJGHBSA-N	Q13822	inhibitor			3.4	nM	biochemical	LPA measurement | 3.4 nM (rat)				Chemical Probes Portal	BI-2545	bi-2545	https://www.chemicalprobes.org/
ZDOBSAPHUUUOHX-OSYLJGHBSA-N	Q13822	inhibitor	IC50		29	nM	cell	Whole blood assay | 29 nM (human)				Chemical Probes Portal	BI-2545	bi-2545	https://www.chemicalprobes.org/
ZDOBSAPHUUUOHX-OSYLJGHBSA-N	Q13822	inhibitor	IC50		96	nM	cell	Whole blood assay | 96 nM (rat)				Chemical Probes Portal	BI-2545	bi-2545	https://www.chemicalprobes.org/
BTSUNSRQYLVGIS-ADTYUTHVSA-N	O00255	covalent inhibitor			2.6	nM	biochemical	FP assay				Chemical Probes Portal	M-808	m-808	https://www.chemicalprobes.org/
BTSUNSRQYLVGIS-ADTYUTHVSA-N	O00255	covalent inhibitor	IC50		1	nM	cell	Cell Growth inhibition | 1 nM in MV4;11				Chemical Probes Portal	M-808	m-808	https://www.chemicalprobes.org/
BTSUNSRQYLVGIS-ADTYUTHVSA-N	O00255	covalent inhibitor	IC50		4	nM	cell	Cell Growth inhibition | 4 nM in MOLM-13				Chemical Probes Portal	M-808	m-808	https://www.chemicalprobes.org/
PROGRNRRJJYCNX-UHFFFAOYSA-N	Q15717	inhibitor			0.35	uM	binding	FP assay, AlphaLISA assay, SPR				Chemical Probes Portal	CMLD-2	cmld-2	https://www.chemicalprobes.org/
PROGRNRRJJYCNX-UHFFFAOYSA-N	Q15717	inhibitor					cell	RNP IP, luciferase-based reporter assays, and cytotoxicity assays.				Chemical Probes Portal	CMLD-2	cmld-2	https://www.chemicalprobes.org/
JQNINBDKGLWYMU-GEAQBIRJSA-N	Q07820	antagonist			60	pM	biochemical	Time-resolved fluorescence resonance energy transfer binding assays				Chemical Probes Portal	AMG 176	amg-176-0	https://www.chemicalprobes.org/
JQNINBDKGLWYMU-GEAQBIRJSA-N	Q07820	antagonist					cell	"Split Luciferase Complementation Assay, immunoblot
(these experiments were performed with close analogue AM-8621"				Chemical Probes Portal	AMG 176	amg-176-0	https://www.chemicalprobes.org/
VSZRYLHBOKTNBO-UHFFFAOYSA-N	Q10469	inhibitor			7.8	nM	biochemical	Enzymatic Assay | 7.8 nM (human)				Chemical Probes Portal	TP-020	tp-020	https://www.chemicalprobes.org/
VSZRYLHBOKTNBO-UHFFFAOYSA-N	Q10469	inhibitor			2.4	nM	biochemical	Enzymatic Assay | 2.4 nM  (Mouse)				Chemical Probes Portal	TP-020	tp-020	https://www.chemicalprobes.org/
VSZRYLHBOKTNBO-UHFFFAOYSA-N	Q10469	inhibitor	IC50		160	nM	cell	Cell Based Assay				Chemical Probes Portal	TP-020	tp-020	https://www.chemicalprobes.org/
CGECJCJUHCZZGO-UHFFFAOYSA-N	P51955	inhibitor			1	nM	biochemical	HTRF® KinEASE™-STK (Cisbio Assays)				Chemical Probes Portal	MBM-55	mbm-55	https://www.chemicalprobes.org/
CGECJCJUHCZZGO-UHFFFAOYSA-N	P51955	inhibitor	IC50		530	nM	cell	cell cycle analysis by flow cytometry | 530 nM (MGC-803)				Chemical Probes Portal	MBM-55	mbm-55	https://www.chemicalprobes.org/
CGECJCJUHCZZGO-UHFFFAOYSA-N	P51955	inhibitor	IC50		840	nM	cell	cell cycle analysis by flow cytometry | 840 nM (HCT-116)				Chemical Probes Portal	MBM-55	mbm-55	https://www.chemicalprobes.org/
CGECJCJUHCZZGO-UHFFFAOYSA-N	P51955	inhibitor	IC50		7130	nM	cell	cell cycle analysis by flow cytometry | 7130 nM (Bel-7402)				Chemical Probes Portal	MBM-55	mbm-55	https://www.chemicalprobes.org/
OTKTZEZTFCAULO-DEOSSOPVSA-N	O75907	inhibitor			3.3	nM	biochemical	Radiometric lipid extraction assay (enzymatic assay) | 3.3 (human)				Chemical Probes Portal	GSK2973980A	gsk2973980a	https://www.chemicalprobes.org/
OTKTZEZTFCAULO-DEOSSOPVSA-N	O75907	inhibitor			13	nM	biochemical	Radiometric lipid extraction assay (enzymatic assay) | 13 (rat) nM				Chemical Probes Portal	GSK2973980A	gsk2973980a	https://www.chemicalprobes.org/
OTKTZEZTFCAULO-DEOSSOPVSA-N	O75907	inhibitor	IC50		75	nM	cell	Inhibition of TG synthesis.				Chemical Probes Portal	GSK2973980A	gsk2973980a	https://www.chemicalprobes.org/
XMNLWOQHMQRHDV-UHFFFAOYSA-N	P00352	inhibitor			7	nM	biochemical	ALDH Enzymatic Assays				Chemical Probes Portal	NCT-505	nct-505	https://www.chemicalprobes.org/
XMNLWOQHMQRHDV-UHFFFAOYSA-N	P00352	inhibitor	IC50		30	nM	cell	Aldefluor Cell-Based Assays. | 30 nM MIA PaCa-2				Chemical Probes Portal	NCT-505	nct-505	https://www.chemicalprobes.org/
XMNLWOQHMQRHDV-UHFFFAOYSA-N	P00352	inhibitor	IC50		33	nM	cell	Aldefluor Cell-Based Assays. | 33 nM OV-90				Chemical Probes Portal	NCT-505	nct-505	https://www.chemicalprobes.org/
XMNLWOQHMQRHDV-UHFFFAOYSA-N	P00352	inhibitor	IC50		123	nM	cell	Aldefluor Cell-Based Assays. | 123 nM HT-19				Chemical Probes Portal	NCT-505	nct-505	https://www.chemicalprobes.org/
BATCTBJIJJEPHM-UHFFFAOYSA-N	O00519	covalent inhibitor			7.2	nM	biochemical	glutamate dehydrogenase-coupled FAAH assay | 7.2 nM (human)				Chemical Probes Portal	PF-04457845	pf-04457845	https://www.chemicalprobes.org/
BATCTBJIJJEPHM-UHFFFAOYSA-N	O00519	covalent inhibitor			7.4	nM	biochemical	glutamate dehydrogenase-coupled FAAH assay | 7.4 nM (Rat)				Chemical Probes Portal	PF-04457845	pf-04457845	https://www.chemicalprobes.org/
BATCTBJIJJEPHM-UHFFFAOYSA-N	O00519	covalent inhibitor	IC50		3.2	nM	cell	Measurement of FAAH Activity using 3H-labelled substrate				Chemical Probes Portal	PF-04457845	pf-04457845	https://www.chemicalprobes.org/
QCQQONWEDCOTBV-UHFFFAOYSA-N	Q07817	inhibitor			0.01	nM	biochemical	BCL-XL TR-FRET				Chemical Probes Portal	A-1331852	1331852	https://www.chemicalprobes.org/
QCQQONWEDCOTBV-UHFFFAOYSA-N	Q07817	inhibitor	EC50		6.3	nM	cell	BCellTiter-Glo cell viability assay; induction of apoptosis in BCL-XL–dependent Molt-4 cells, does not affect MEF cells lacking BAK or BAX CL-XL–BIM and BCL-2–BIM complexes in Molt-4 cells				Chemical Probes Portal	A-1331852	1331852	https://www.chemicalprobes.org/
BSISGUIVBKDTQO-QIKYYPRYSA-N	Q6PL18	inhibitor		>=	22	nM	binding	TR-FRET (T), Alphascreen (A), BROMOscan (B), MST (M) | 22-166 nM (T)				Chemical Probes Portal	BAY-850	bay-850	https://www.chemicalprobes.org/
BSISGUIVBKDTQO-QIKYYPRYSA-N	Q6PL18	inhibitor			157	nM	binding	TR-FRET (T), Alphascreen (A), BROMOscan (B), MST (M) | 157 nM (A)				Chemical Probes Portal	BAY-850	bay-850	https://www.chemicalprobes.org/
BSISGUIVBKDTQO-QIKYYPRYSA-N	Q6PL18	inhibitor			115	nM	binding	TR-FRET (T), Alphascreen (A), BROMOscan (B), MST (M) | 115 nM (B)				Chemical Probes Portal	BAY-850	bay-850	https://www.chemicalprobes.org/
BSISGUIVBKDTQO-QIKYYPRYSA-N	Q6PL18	inhibitor			85	nM	binding	TR-FRET (T), Alphascreen (A), BROMOscan (B), MST (M) | 85 nM (M)				Chemical Probes Portal	BAY-850	bay-850	https://www.chemicalprobes.org/
BSISGUIVBKDTQO-QIKYYPRYSA-N	Q6PL18	inhibitor	pGI50	>=	5.8	-log(M)	cell	Growth Inhibition Assay | 5.8-5.9				Chemical Probes Portal	BAY-850	bay-850	https://www.chemicalprobes.org/
XUYMIRYNRKXKOR-HMHJJOSWSA-N	P51449	inhibitor			3.7	nM	binding	radio-ligand RORγ binding scintillation proximity assay				Chemical Probes Portal	Vimirogant	vimirogant	https://www.chemicalprobes.org/
XUYMIRYNRKXKOR-HMHJJOSWSA-N	P51449	inhibitor	IC50		17	nM	cell					Chemical Probes Portal	Vimirogant	vimirogant	https://www.chemicalprobes.org/
WUJVPELCYCESAP-UHFFFAOYSA-N	Q5NUL3	agonist	pEC50		7.6	-log(M)	cell	Fluorometric calcium assay using FLIPR methodology				Chemical Probes Portal	GPR120-IN-1	gpr120-in-1	https://www.chemicalprobes.org/
ZLTQCDRXWXUYHJ-UHFFFAOYSA-N	P55201	antagonist			40	nM	binding	ITC				Chemical Probes Portal	NI-42	ni-42	https://www.chemicalprobes.org/
ZLTQCDRXWXUYHJ-UHFFFAOYSA-N	P55201	antagonist			7.9	nM	binding	Bromoscan assay				Chemical Probes Portal	NI-42	ni-42	https://www.chemicalprobes.org/
ZLTQCDRXWXUYHJ-UHFFFAOYSA-N	P55201	antagonist			140	nM	biochemical	Alphascreen activity assays				Chemical Probes Portal	NI-42	ni-42	https://www.chemicalprobes.org/
ZLTQCDRXWXUYHJ-UHFFFAOYSA-N	P55201	antagonist					cell	An indexed cell panel of 211 cancer cell lines (CLIMB panel) was treated with NI-42 for 72 h and observed modest and selective inhibition of proliferation of certain AML cell lines (OCI-AML2, Nomo-1, THP-1, KG-1, MV-4-11) with GI50s 1-10 uM.				Chemical Probes Portal	NI-42	ni-42	https://www.chemicalprobes.org/
ZLTQCDRXWXUYHJ-UHFFFAOYSA-N	O95696	antagonist			210	nM	binding	ITC				Chemical Probes Portal	NI-42	ni-42	https://www.chemicalprobes.org/
ZLTQCDRXWXUYHJ-UHFFFAOYSA-N	O95696	antagonist			48	nM	binding	Bromoscan assay				Chemical Probes Portal	NI-42	ni-42	https://www.chemicalprobes.org/
ZLTQCDRXWXUYHJ-UHFFFAOYSA-N	O95696	antagonist			760	nM	biochemical	Alphascreen activity assays				Chemical Probes Portal	NI-42	ni-42	https://www.chemicalprobes.org/
ZLTQCDRXWXUYHJ-UHFFFAOYSA-N	O95696	antagonist					cell	An indexed cell panel of 211 cancer cell lines (CLIMB panel) was treated with NI-42 for 72 h and observed modest and selective inhibition of proliferation of certain AML cell lines (OCI-AML2, Nomo-1, THP-1, KG-1, MV-4-11) with GI50s 1-10 uM.				Chemical Probes Portal	NI-42	ni-42	https://www.chemicalprobes.org/
ZLTQCDRXWXUYHJ-UHFFFAOYSA-N	Q9ULD4	antagonist			940	nM	binding	ITC				Chemical Probes Portal	NI-42	ni-42	https://www.chemicalprobes.org/
ZLTQCDRXWXUYHJ-UHFFFAOYSA-N	Q9ULD4	antagonist			260	nM	binding	Bromoscan assay				Chemical Probes Portal	NI-42	ni-42	https://www.chemicalprobes.org/
ZLTQCDRXWXUYHJ-UHFFFAOYSA-N	Q9ULD4	antagonist			2000	nM	biochemical	Alphascreen activity assays				Chemical Probes Portal	NI-42	ni-42	https://www.chemicalprobes.org/
ZLTQCDRXWXUYHJ-UHFFFAOYSA-N	Q9ULD4	antagonist					cell	An indexed cell panel of 211 cancer cell lines (CLIMB panel) was treated with NI-42 for 72 h and observed modest and selective inhibition of proliferation of certain AML cell lines (OCI-AML2, Nomo-1, THP-1, KG-1, MV-4-11) with GI50s 1-10 uM.				Chemical Probes Portal	NI-42	ni-42	https://www.chemicalprobes.org/
NBTNHSGBRGTFJS-UHFFFAOYSA-N	P06239	inhibitor			0.6	nM	biochemical	Kinase enzymatic activity				Chemical Probes Portal	WH-4-023	wh-4-023	https://www.chemicalprobes.org/
NBTNHSGBRGTFJS-UHFFFAOYSA-N	P06239	inhibitor	IC50		61	nM	cell	Inhibition of IL-2 secretion				Chemical Probes Portal	WH-4-023	wh-4-023	https://www.chemicalprobes.org/
NBTNHSGBRGTFJS-UHFFFAOYSA-N	P12931	inhibitor			1	nM	biochemical	Kinase enzymatic activity				Chemical Probes Portal	WH-4-023	wh-4-023	https://www.chemicalprobes.org/
NBTNHSGBRGTFJS-UHFFFAOYSA-N	P12931	inhibitor	IC50		61	nM	cell	Inhibition of IL-2 secretion				Chemical Probes Portal	WH-4-023	wh-4-023	https://www.chemicalprobes.org/
SOXNKJCQBRQUMS-UHFFFAOYSA-N	P30419	inhibitor		<	1	nM	biochemical	Fluorogenic detection of the CoASH (NMT inhibition assay)				Chemical Probes Portal	IMP-1088	imp-1088	https://www.chemicalprobes.org/
SOXNKJCQBRQUMS-UHFFFAOYSA-N	P30419	inhibitor			0.21	nM	binding	SPR				Chemical Probes Portal	IMP-1088	imp-1088	https://www.chemicalprobes.org/
SOXNKJCQBRQUMS-UHFFFAOYSA-N	P30419	inhibitor	IC50		17	nM	cell	Inhibition of virus-induced CPE				Chemical Probes Portal	IMP-1088	imp-1088	https://www.chemicalprobes.org/
SOXNKJCQBRQUMS-UHFFFAOYSA-N	P30419	inhibitor	IC50		5.8	nM	cell	Inhibition of single-cycle replication in HeLa cells infected with RV-A16				Chemical Probes Portal	IMP-1088	imp-1088	https://www.chemicalprobes.org/
KYWWJENKIMRJBI-UHFFFAOYSA-N	P55055	partial agonist			179	nM	biochemical	Radio Labelled binding assay				Chemical Probes Portal	LXR-623	lxr-623	https://www.chemicalprobes.org/
KYWWJENKIMRJBI-UHFFFAOYSA-N	P55055	partial agonist			6.66	uM	cell	Huh-7 human hepatoma cell based Gal4 LXRα or LXRβ transactivation assay, Cell functional assay for gene expression.				Chemical Probes Portal	LXR-623	lxr-623	https://www.chemicalprobes.org/
KYWWJENKIMRJBI-UHFFFAOYSA-N	Q13133	partial agonist			24	nM	biochemical	Radio Labelled binding assay				Chemical Probes Portal	LXR-623	lxr-623	https://www.chemicalprobes.org/
KYWWJENKIMRJBI-UHFFFAOYSA-N	Q13133	partial agonist			3.67	uM	cell	Huh-7 human hepatoma cell based Gal4 LXRα or LXRβ transactivation assay, Cell functional assay for gene expression. | GAL4 LXRβ 3.67 uM (73)				Chemical Probes Portal	LXR-623	lxr-623	https://www.chemicalprobes.org/
KYWWJENKIMRJBI-UHFFFAOYSA-N	Q13133	partial agonist			6.66	uM	cell	Huh-7 human hepatoma cell based Gal4 LXRα or LXRβ transactivation assay, Cell functional assay for gene expression. | GAL4 LXRα 6.66 uM (53)				Chemical Probes Portal	LXR-623	lxr-623	https://www.chemicalprobes.org/
KYWWJENKIMRJBI-UHFFFAOYSA-N	Q13133	partial agonist			0.53	uM	cell	Huh-7 human hepatoma cell based Gal4 LXRα or LXRβ transactivation assay, Cell functional assay for gene expression. | ABAC1 0.53 uM (100)				Chemical Probes Portal	LXR-623	lxr-623	https://www.chemicalprobes.org/
KYWWJENKIMRJBI-UHFFFAOYSA-N	Q13133	partial agonist			1.27	uM	cell	Huh-7 human hepatoma cell based Gal4 LXRα or LXRβ transactivation assay, Cell functional assay for gene expression. | C-Efflux 1.27 uM (140)				Chemical Probes Portal	LXR-623	lxr-623	https://www.chemicalprobes.org/
KYWWJENKIMRJBI-UHFFFAOYSA-N	Q13133	partial agonist			2.11	uM	cell	Huh-7 human hepatoma cell based Gal4 LXRα or LXRβ transactivation assay, Cell functional assay for gene expression. | SREBP1 2.11 uM (58)				Chemical Probes Portal	LXR-623	lxr-623	https://www.chemicalprobes.org/
KYWWJENKIMRJBI-UHFFFAOYSA-N	Q13133	partial agonist			1.91	uM	cell	Huh-7 human hepatoma cell based Gal4 LXRα or LXRβ transactivation assay, Cell functional assay for gene expression. | Lipid acc. 1.91 uM (35)				Chemical Probes Portal	LXR-623	lxr-623	https://www.chemicalprobes.org/
MPASHPJAIUOWCK-UHFFFAOYSA-N	P35590	inhibitor			0.9	nM	biochemical	KINOMEscan				Chemical Probes Portal	BAY-826	bay-826	https://www.chemicalprobes.org/
MPASHPJAIUOWCK-UHFFFAOYSA-N	P35590	inhibitor	IC50		2.7	nM	cell	Functional cellular assays: NanoBRET assay				Chemical Probes Portal	BAY-826	bay-826	https://www.chemicalprobes.org/
MPASHPJAIUOWCK-UHFFFAOYSA-N	Q02763	inhibitor			1.6	nM	biochemical	KINOMEscan				Chemical Probes Portal	BAY-826	bay-826	https://www.chemicalprobes.org/
MPASHPJAIUOWCK-UHFFFAOYSA-N	Q02763	inhibitor			0.45	nM	biochemical	In house kinase assay				Chemical Probes Portal	BAY-826	bay-826	https://www.chemicalprobes.org/
MPASHPJAIUOWCK-UHFFFAOYSA-N	Q02763	inhibitor	IC50		0.7	nM	cell	Functional cellular assays: NanoBRET assay				Chemical Probes Portal	BAY-826	bay-826	https://www.chemicalprobes.org/
MPASHPJAIUOWCK-UHFFFAOYSA-N	Q08345	inhibitor			0.4	nM	biochemical	KINOMEscan				Chemical Probes Portal	BAY-826	bay-826	https://www.chemicalprobes.org/
MPASHPJAIUOWCK-UHFFFAOYSA-N	Q08345	inhibitor	IC50		3	nM	cell	Functional cellular assays: NanoBRET assay				Chemical Probes Portal	BAY-826	bay-826	https://www.chemicalprobes.org/
MPASHPJAIUOWCK-UHFFFAOYSA-N	Q16832	inhibitor			1.3		biochemical	KINOMEscan				Chemical Probes Portal	BAY-826	bay-826	https://www.chemicalprobes.org/
MPASHPJAIUOWCK-UHFFFAOYSA-N	Q16832	inhibitor	IC50		4.5	nM	cell	Functional cellular assays: NanoBRET assay				Chemical Probes Portal	BAY-826	bay-826	https://www.chemicalprobes.org/
JVCWPUFNLFSKFS-UHFFFAOYSA-N	P07333	inhibitor			0.5	nM	biochemical	Competition binding assay (KinomeScan)				Chemical Probes Portal	AC710	ac710	https://www.chemicalprobes.org/
JVCWPUFNLFSKFS-UHFFFAOYSA-N	P07333	inhibitor	IC50		10.5	nM	cell	Phosphorylation MSD assay				Chemical Probes Portal	AC710	ac710	https://www.chemicalprobes.org/
JVCWPUFNLFSKFS-UHFFFAOYSA-N	P36888	inhibitor			0.6	nM	biochemical	Competition binding assay (KinomeScan)				Chemical Probes Portal	AC710	ac710	https://www.chemicalprobes.org/
JVCWPUFNLFSKFS-UHFFFAOYSA-N	P36888	inhibitor	IC50		2	nM	cell	Phosphorylation MSD assay				Chemical Probes Portal	AC710	ac710	https://www.chemicalprobes.org/
JVCWPUFNLFSKFS-UHFFFAOYSA-N	P10721	inhibitor			1	nM	biochemical	Competition binding assay (KinomeScan)				Chemical Probes Portal	AC710	ac710	https://www.chemicalprobes.org/
JVCWPUFNLFSKFS-UHFFFAOYSA-N	P10721	inhibitor	IC50		1.2	nM	cell	Phosphorylation MSD assay				Chemical Probes Portal	AC710	ac710	https://www.chemicalprobes.org/
JVCWPUFNLFSKFS-UHFFFAOYSA-N	P09619	inhibitor			1	nM	biochemical	Competition binding assay (KinomeScan)				Chemical Probes Portal	AC710	ac710	https://www.chemicalprobes.org/
JVCWPUFNLFSKFS-UHFFFAOYSA-N	P09619	inhibitor	IC50		7.7	nM	cell	Phosphorylation MSD assay				Chemical Probes Portal	AC710	ac710	https://www.chemicalprobes.org/
JVCWPUFNLFSKFS-UHFFFAOYSA-N	P16234	inhibitor			1.3	nM	biochemical	Competition binding assay (KinomeScan)				Chemical Probes Portal	AC710	ac710	https://www.chemicalprobes.org/
FYMVGXGSNIVSKY-NRFANRHFSA-N	P09936	covalent inhibitor			38	nM	binding	Fluorescence polarization (FP) assay using Ub-Lys-TAMRA				Chemical Probes Portal	IMP-1710	imp-1710	https://www.chemicalprobes.org/
FYMVGXGSNIVSKY-NRFANRHFSA-N	P09936	covalent inhibitor	IC50		110	nM	cell	Homogeneous time-resolved fluorescence (HTRF) assay in Cal51 cells				Chemical Probes Portal	IMP-1710	imp-1710	https://www.chemicalprobes.org/
KLGQSVMIPOVQAX-UHFFFAOYSA-N	O95271	inhibitor			99	nM	biochemical	CY5-labeled XAV939 binding assay				Chemical Probes Portal	XAV939	xav939	https://www.chemicalprobes.org/
KLGQSVMIPOVQAX-UHFFFAOYSA-N	O95271	inhibitor					cell	In HEK293 cells, XAV939 inhibited SuperTopFlash-luciferase reporter expression (Wnt/B-catenin-dependent expression).				Chemical Probes Portal	XAV939	xav939	https://www.chemicalprobes.org/
KLGQSVMIPOVQAX-UHFFFAOYSA-N	Q9H2K2	inhibitor			93	nM	biochemical	CY5-labeled XAV939 binding assay				Chemical Probes Portal	XAV939	xav939	https://www.chemicalprobes.org/
KLGQSVMIPOVQAX-UHFFFAOYSA-N	Q9H2K2	inhibitor					cell	In HEK293 cells, XAV939 inhibited SuperTopFlash-luciferase reporter expression (Wnt/B-catenin-dependent expression).				Chemical Probes Portal	XAV939	xav939	https://www.chemicalprobes.org/
KLGQSVMIPOVQAX-UHFFFAOYSA-N	P09874	inhibitor					cell	In HEK293 cells, XAV939 inhibited SuperTopFlash-luciferase reporter expression (Wnt/B-catenin-dependent expression).				Chemical Probes Portal	XAV939	xav939	https://www.chemicalprobes.org/
KLGQSVMIPOVQAX-UHFFFAOYSA-N	Q9UGN5	inhibitor					cell	In HEK293 cells, XAV939 inhibited SuperTopFlash-luciferase reporter expression (Wnt/B-catenin-dependent expression).				Chemical Probes Portal	XAV939	xav939	https://www.chemicalprobes.org/
ZJZWZIXSGNFWQQ-UHFFFAOYSA-N	O95271	inhibitor			1900	nM	biochemical	Biochemical PARylation assays				Chemical Probes Portal	JW55	jw55	https://www.chemicalprobes.org/
ZJZWZIXSGNFWQQ-UHFFFAOYSA-N	O95271	inhibitor	IC50		470	nM	cell	In Wnt-3a-induced HEK293 cells, JW55 inhibited SuperTop-luciferase reporter expression.				Chemical Probes Portal	JW55	jw55	https://www.chemicalprobes.org/
ZJZWZIXSGNFWQQ-UHFFFAOYSA-N	Q9H2K2	inhibitor			830	nM	biochemical	Biochemical PARylation assays				Chemical Probes Portal	JW55	jw55	https://www.chemicalprobes.org/
ZJZWZIXSGNFWQQ-UHFFFAOYSA-N	Q9H2K2	inhibitor	IC50		470	nM	cell	In Wnt-3a-induced HEK293 cells, JW55 inhibited SuperTop-luciferase reporter expression.				Chemical Probes Portal	JW55	jw55	https://www.chemicalprobes.org/
KHWCPNJRJCNVRI-UHFFFAOYSA-N	Q9UIF9	antagonist			257	nM	biochemical	Isothermal Titration Calorimetry and Biolayer interferometry				Chemical Probes Portal	GSK2801	gsk2801	https://www.chemicalprobes.org/
KHWCPNJRJCNVRI-UHFFFAOYSA-N	Q9UIF9	antagonist			400	nM	biochemical	Biochemical FRET assay				Chemical Probes Portal	GSK2801	gsk2801	https://www.chemicalprobes.org/
KHWCPNJRJCNVRI-UHFFFAOYSA-N	Q9UIF9	antagonist					cell	In a cellular FRAP assay (U2OS cells), 1 uM GSK2801 displaced GFP-BAZ2A from acetylated chromatin.				Chemical Probes Portal	GSK2801	gsk2801	https://www.chemicalprobes.org/
KHWCPNJRJCNVRI-UHFFFAOYSA-N	Q9UIF8	antagonist			136	nM	biochemical	Isothermal Titration Calorimetry and Biolayer interferometry				Chemical Probes Portal	GSK2801	gsk2801	https://www.chemicalprobes.org/
KHWCPNJRJCNVRI-UHFFFAOYSA-N	Q9UIF8	antagonist			430	nM	biochemical	Biochemical FRET assay				Chemical Probes Portal	GSK2801	gsk2801	https://www.chemicalprobes.org/
KHWCPNJRJCNVRI-UHFFFAOYSA-N	Q9UIF8	antagonist					cell	In a cellular FRAP assay (U2OS cells), 1 uM GSK2801 displaced GFP-BAZ2A from acetylated chromatin.				Chemical Probes Portal	GSK2801	gsk2801	https://www.chemicalprobes.org/
ZGBAJMQHJDFTQJ-DEOSSOPVSA-N	P00519	inhibitor			5.8	nM	biochemical	Kinase Profiler				Chemical Probes Portal	Bafetinib	bafetinib	https://www.chemicalprobes.org/
ZGBAJMQHJDFTQJ-DEOSSOPVSA-N	P00519	inhibitor	IC50		11	nM	cell	In K562 and 293T cells, bafetinib dose-dependently inhbited BCR-ABL autophosphorylation and phosphorylation of its substrates. IC50 was 11 nM in K562 cells and 22 nM in 293T cells.				Chemical Probes Portal	Bafetinib	bafetinib	https://www.chemicalprobes.org/
ZGBAJMQHJDFTQJ-DEOSSOPVSA-N	P07948	inhibitor			19	nM	biochemical	Kinase Profiler				Chemical Probes Portal	Bafetinib	bafetinib	https://www.chemicalprobes.org/
ZGBAJMQHJDFTQJ-DEOSSOPVSA-N	P07948	inhibitor	IC50		22	nM	cell	IC50 was 11 nM in K562 cells and 22 nM in 293T cells.				Chemical Probes Portal	Bafetinib	bafetinib	https://www.chemicalprobes.org/
LVDRREOUMKACNJ-BKMJKUGQSA-N	Q9H8M2	antagonist			99	nM	biochemical	Isothermal Calorimetry				Chemical Probes Portal	LP99	lp99	https://www.chemicalprobes.org/
LVDRREOUMKACNJ-BKMJKUGQSA-N	Q9H8M2	antagonist	IC50		3300	nM	cell	In HEK293 cells, LP99 disrupted BRD7-NanoLuc--H3.3-HaloTag and BRD9-NanoLuc--H4-HaloTag interaction. LP99 also disrupted BRD9-chromatin interaction as detected by fluorescence recovery after photobleaching assays.				Chemical Probes Portal	LP99	lp99	https://www.chemicalprobes.org/
LVDRREOUMKACNJ-BKMJKUGQSA-N	Q9NPI1	antagonist			909	nM	biochemical					Chemical Probes Portal	LP99	lp99	https://www.chemicalprobes.org/
LVDRREOUMKACNJ-BKMJKUGQSA-N	Q9NPI1	antagonist	IC50		3700	nM	cell	In HEK293 cells, LP99 disrupted BRD7-NanoLuc--H3.3-HaloTag and BRD9-NanoLuc--H4-HaloTag interaction. LP99 also disrupted BRD9-chromatin interaction as detected by fluorescence recovery after photobleaching assays.				Chemical Probes Portal	LP99	lp99	https://www.chemicalprobes.org/
CXJCGSPAPOTTSF-VURMDHGXSA-N	P49759	inhibitor			19.7	nM	biochemical	Phosphorylation reactions were monitored using a coupled-enzyme assay in which ADP production is coupled to NADH oxidation by pyruvate kinase (PK) and lactate dehydrogenase (LDH)				Chemical Probes Portal	KH-CB19	kh-cb19	https://www.chemicalprobes.org/
CXJCGSPAPOTTSF-VURMDHGXSA-N	P49759	inhibitor					cell	KH-CB19 dose-dependently inhibited CLK1 protein substrate phosphorylation (SRp75, SRp55, and SRp20) in HMEC-1 cells. Dose response of KH-CB19 was tested using SRp75 and SRp55, and phosphorylation levels of these two proteins in TNF-α−stimulated cells were significantly reduced at increasing concentration of the inhibitor.				Chemical Probes Portal	KH-CB19	kh-cb19	https://www.chemicalprobes.org/
CXJCGSPAPOTTSF-VURMDHGXSA-N	Q9HAZ1	inhibitor			530	nM	biochemical	enzymatic activity assay				Chemical Probes Portal	KH-CB19	kh-cb19	https://www.chemicalprobes.org/
CXJCGSPAPOTTSF-VURMDHGXSA-N	Q9HAZ1	inhibitor					cell	KH-CB19 dose-dependently inhibited CLK1 protein substrate phosphorylation (SRp75, SRp55, and SRp20) in HMEC-1 cells. Dose response of KH-CB19 was tested using SRp75 and SRp55, and phosphorylation levels of these two proteins in TNF-α−stimulated cells were significantly reduced at increasing concentration of the inhibitor.				Chemical Probes Portal	KH-CB19	kh-cb19	https://www.chemicalprobes.org/
CXJCGSPAPOTTSF-VURMDHGXSA-N	Q13627	inhibitor			55	nM	biochemical	enzymatic activity assay				Chemical Probes Portal	KH-CB19	kh-cb19	https://www.chemicalprobes.org/
CXJCGSPAPOTTSF-VURMDHGXSA-N	Q13627	inhibitor					cell	KH-CB19 dose-dependently inhibited CLK1 protein substrate phosphorylation (SRp75, SRp55, and SRp20) in HMEC-1 cells. Dose response of KH-CB19 was tested using SRp75 and SRp55, and phosphorylation levels of these two proteins in TNF-α−stimulated cells were significantly reduced at increasing concentration of the inhibitor.				Chemical Probes Portal	KH-CB19	kh-cb19	https://www.chemicalprobes.org/
TXEBNKKOLVBTFK-UHFFFAOYSA-N	P22455	covalent inhibitor					cell	In the FGFR4-dependent cell line MDA-MB-453, BLU9931 potently and dose-dependently inhibited phosphorylation of FGFR4 substrates (FRS2, MAPK, AKT).				Chemical Probes Portal	BLU9931	blu9931	https://www.chemicalprobes.org/
CQCWHSDMJBAGDC-UHFFFAOYSA-N	Q92793	inhibitor			0.94	nM	biochemical	Time-Resolved Fluorescence Resonance Energy Transfer Assays				Chemical Probes Portal	GNE-781	gne-781	https://www.chemicalprobes.org/
CQCWHSDMJBAGDC-UHFFFAOYSA-N	Q92793	inhibitor	IC50		6.2	nM	cell	CBP BRET assay				Chemical Probes Portal	GNE-781	gne-781	https://www.chemicalprobes.org/
CQCWHSDMJBAGDC-UHFFFAOYSA-N	Q92793	inhibitor	EC50		6.6	nM	cell	MYC Expression inhibition				Chemical Probes Portal	GNE-781	gne-781	https://www.chemicalprobes.org/
CQCWHSDMJBAGDC-UHFFFAOYSA-N	Q09472	inhibitor			1.2	nM	biochemical	Time-Resolved Fluorescence Resonance Energy Transfer Assays				Chemical Probes Portal	GNE-781	gne-781	https://www.chemicalprobes.org/
DSUZLJDXUJUTGI-LLVKDONJSA-N	P31939	inhibitor			16	nM	biochemical	Enzymatic Assay | 16 ± 11 nM				Chemical Probes Portal	LSN-3213128	lsn-3213128	https://www.chemicalprobes.org/
DSUZLJDXUJUTGI-LLVKDONJSA-N	P31939	inhibitor	IC50		19	nM	cell	ZMP accumulation in Vitro Assay | 19 ± 8 nM				Chemical Probes Portal	LSN-3213128	lsn-3213128	https://www.chemicalprobes.org/
VWEDZTZAXHMZIL-UHFFFAOYSA-N	P28223	agonist			0.81	nM	binding	Radioligand competition binding assay performed using: [3H]LSD (data shown), [3H]Cimbi-36, ([3H]ketanserin), ([3H]mesulergine)				Chemical Probes Portal	25CN-NBOH	25cn-nboh	https://www.chemicalprobes.org/
VWEDZTZAXHMZIL-UHFFFAOYSA-N	P28223	agonist	EC50		2.4	nM	cell	IP-One homogeneous time-resolved fluorescence assay				Chemical Probes Portal	25CN-NBOH	25cn-nboh	https://www.chemicalprobes.org/
VWEDZTZAXHMZIL-UHFFFAOYSA-N	P28335	agonist			42	nM	binding	Radioligand competition binding assay performed using: [3H]LSD (data shown), [3H]Cimbi-36, ([3H]ketanserin), ([3H]mesulergine)				Chemical Probes Portal	25CN-NBOH	25cn-nboh	https://www.chemicalprobes.org/
VWEDZTZAXHMZIL-UHFFFAOYSA-N	P28335	agonist	EC50		350	nM	cell	IP-One homogeneous time-resolved fluorescence assay				Chemical Probes Portal	25CN-NBOH	25cn-nboh	https://www.chemicalprobes.org/
VWEDZTZAXHMZIL-UHFFFAOYSA-N	P41595	agonist			30	nM	binding	Radioligand competition binding assay performed using: [3H]LSD (data shown), [3H]Cimbi-36, ([3H]ketanserin), ([3H]mesulergine)				Chemical Probes Portal	25CN-NBOH	25cn-nboh	https://www.chemicalprobes.org/
PKCDDUHJAFVJJB-VLZXCDOPSA-N	P08069	inhibitor			35	nM	biochemical	In-house ELISA assays				Chemical Probes Portal	Linsitinib	linsitinib	https://www.chemicalprobes.org/
PKCDDUHJAFVJJB-VLZXCDOPSA-N	P08069	inhibitor	IC50		24	nM	cell	In LISN cells, inhibition of IGF-1-dependent IGF1R autophosphorylation - quantified via ELISA.				Chemical Probes Portal	Linsitinib	linsitinib	https://www.chemicalprobes.org/
PKCDDUHJAFVJJB-VLZXCDOPSA-N	P06213	inhibitor			75	nM	biochemical	R&D systems commercial assays				Chemical Probes Portal	Linsitinib	linsitinib	https://www.chemicalprobes.org/
PKCDDUHJAFVJJB-VLZXCDOPSA-N	P06213	inhibitor	IC50		39	nM	cell	in Hepa1 cells, inhibition of INSR autophosphorylation - quantified via ELISA.				Chemical Probes Portal	Linsitinib	linsitinib	https://www.chemicalprobes.org/
PKCDDUHJAFVJJB-VLZXCDOPSA-N	P14616	inhibitor			75	nM	biochemical	R&D systems commercial assays				Chemical Probes Portal	Linsitinib	linsitinib	https://www.chemicalprobes.org/
JGQPZPLJOBHHBK-UFXYQILXSA-N	O60885	degrader (protac)			14	nM	biochemical	BRD4 (BD1) AlphaScreen assay				Chemical Probes Portal	dBET6	dbet6	https://www.chemicalprobes.org/
JGQPZPLJOBHHBK-UFXYQILXSA-N	O60885	degrader (protac)	DC50	>=	10	nM	cell	Degradation of BRD4 BD1/2 assessed by EGFP/mCherry reporter assay, Dual Luciferase Assay, CETSA; Western blot (BRD2, BRD3, BRD4) | 10-50 nM				Chemical Probes Portal	dBET6	dbet6	https://www.chemicalprobes.org/
XSMABFRQESMONQ-SFHVURJKSA-N	Q9H3R0	inhibitor			35	nM	biochemical	enzymatic screening assay (AlphaScreen and LANCE) | 35 ± 8 nM				Chemical Probes Portal	QC6352	qc6352	https://www.chemicalprobes.org/
XSMABFRQESMONQ-SFHVURJKSA-N	Q9H3R0	inhibitor	EC50		3.5	nM	cell	Western blot of histone mark; UHPLC–MSMS analysis; cell proliferation methods | 3.5 ± 1 nM				Chemical Probes Portal	QC6352	qc6352	https://www.chemicalprobes.org/
XSMABFRQESMONQ-SFHVURJKSA-N	Q9H3R0	inhibitor	EC50		1.3	nM	cell	Western blot of histone mark; UHPLC–MSMS analysis; cell proliferation methods | 1.3 ± 0.3  nM				Chemical Probes Portal	QC6352	qc6352	https://www.chemicalprobes.org/
NGEBYTLALFOQKI-HDJSIYSDSA-N	O75907	inhibitor			0.6	nM	biochemical	Enzymatic activity for human homolog				Chemical Probes Portal	AZD3988	azd3988	https://www.chemicalprobes.org/
NGEBYTLALFOQKI-HDJSIYSDSA-N	O75907	inhibitor			0.5	nM	biochemical	Enzymatic activity for rat homolog				Chemical Probes Portal	AZD3988	azd3988	https://www.chemicalprobes.org/
NGEBYTLALFOQKI-HDJSIYSDSA-N	O75907	inhibitor			1.1	nM	biochemical	Enzymatic activity for mouse homolog				Chemical Probes Portal	AZD3988	azd3988	https://www.chemicalprobes.org/
NGEBYTLALFOQKI-HDJSIYSDSA-N	O75907	inhibitor	IC50		0.5	nM	cell	Inhibition of triacylglycerol (TAG) synthesis				Chemical Probes Portal	AZD3988	azd3988	https://www.chemicalprobes.org/
RENRQMCACQEWFC-UGKGYDQZSA-N	P00751	inhibitor			7.9	nM	binding	SPR				Chemical Probes Portal	LNP-023	lnp-023	https://www.chemicalprobes.org/
RENRQMCACQEWFC-UGKGYDQZSA-N	P00751	inhibitor			12	nM	biochemical	Half-maximal inhibition of human FB in TR-FRET based competition binding assay (FB-comp)				Chemical Probes Portal	LNP-023	lnp-023	https://www.chemicalprobes.org/
RENRQMCACQEWFC-UGKGYDQZSA-N	P00751	inhibitor	IC50		130	nM	cell	inhibition of AP-induced MAC formation in 50% human and mouse serum				Chemical Probes Portal	LNP-023	lnp-023	https://www.chemicalprobes.org/
RENRQMCACQEWFC-UGKGYDQZSA-N	P00751	inhibitor	IC50		110	nM	cell	inhibition of AP-induced MAC formation in 50% serum				Chemical Probes Portal	LNP-023	lnp-023	https://www.chemicalprobes.org/
RENRQMCACQEWFC-UGKGYDQZSA-N	P00751	inhibitor	IC50		150	nM	cell	inhibition of AP-induced MAC formation in 50% whole blood				Chemical Probes Portal	LNP-023	lnp-023	https://www.chemicalprobes.org/
JKCSCHXVWPSGBG-OPKPGBGESA-N	P40763	degrader (protac)			11	nM	binding	Fluorescence polarization binding assay				Chemical Probes Portal	SD-36	sd-36	https://www.chemicalprobes.org/
JKCSCHXVWPSGBG-OPKPGBGESA-N	P40763	degrader (protac)			44	nM	biochemical	biolayer interferometry sensorgrams				Chemical Probes Portal	SD-36	sd-36	https://www.chemicalprobes.org/
JKCSCHXVWPSGBG-OPKPGBGESA-N	P40763	degrader (protac)	IC50		10	nM	cell	Luciferase reporter assay				Chemical Probes Portal	SD-36	sd-36	https://www.chemicalprobes.org/
JKCSCHXVWPSGBG-OPKPGBGESA-N	P40763	degrader (protac)	DC50		60	nM	cell	Western blot observing reduced levels of STAT3 and pSTAT3Y705 after 16 h				Chemical Probes Portal	SD-36	sd-36	https://www.chemicalprobes.org/
JKCSCHXVWPSGBG-OPKPGBGESA-N	P40763	degrader (protac)	DC50		28	nM	cell	Western blot observing reduced levels of STAT3 and pSTAT3Y705 after 16 h				Chemical Probes Portal	SD-36	sd-36	https://www.chemicalprobes.org/
MPMKMQHJHDHPBE-RUZDIDTESA-N	O15552	antagonist	IC50		9	nM	cell	CaFlux assay				Chemical Probes Portal	GLPG0974	glpg0974	https://www.chemicalprobes.org/
MPMKMQHJHDHPBE-RUZDIDTESA-N	O15552	antagonist	IC50	>=	27	nM	cell	Neutrophil Migration Assay (NMA) in buffer (27 nM) and plasma (43 nM) | 27-43 nM				Chemical Probes Portal	GLPG0974	glpg0974	https://www.chemicalprobes.org/
MPMKMQHJHDHPBE-RUZDIDTESA-N	O15552	antagonist	IC50		483	nM	cell	Whole Blood CD11b activation-specific epitope (AE) Assay				Chemical Probes Portal	GLPG0974	glpg0974	https://www.chemicalprobes.org/
HNLHOKSDTBAERS-CWIPYCOQSA-N	Q00987	antagonist			0.1	nM	biochemical	HTRF-based neutralization assay with and without Human Serum (HS) | 0.1 nM 0% HS				Chemical Probes Portal	AM-6761	am-6761	https://www.chemicalprobes.org/
HNLHOKSDTBAERS-CWIPYCOQSA-N	Q00987	antagonist			0.8	nM	biochemical	HTRF-based neutralization assay with and without Human Serum (HS) | 0.8 nM 15% HS				Chemical Probes Portal	AM-6761	am-6761	https://www.chemicalprobes.org/
HNLHOKSDTBAERS-CWIPYCOQSA-N	Q00987	antagonist	IC50		16	nM	cell	cell proliferation assays (EdU using SJSA-1 tumor cells)				Chemical Probes Portal	AM-6761	am-6761	https://www.chemicalprobes.org/
MXUSGDMIHGLCNC-HNNXBMFYSA-N	Q99814	antagonist		<	5	nM	binding	Scintillation Proximity Assay (SPA)				Chemical Probes Portal	PT2399	pt2399	https://www.chemicalprobes.org/
MXUSGDMIHGLCNC-HNNXBMFYSA-N	Q99814	antagonist			42	nM	binding	Isothermal Calorimetry (ITC)				Chemical Probes Portal	PT2399	pt2399	https://www.chemicalprobes.org/
MXUSGDMIHGLCNC-HNNXBMFYSA-N	Q99814	antagonist	EC50		6	nM	cell	Luciferase Assay				Chemical Probes Portal	PT2399	pt2399	https://www.chemicalprobes.org/
MXUSGDMIHGLCNC-HNNXBMFYSA-N	Q99814	antagonist	EC50		14	nM	cell	VEGF ELISA Assay				Chemical Probes Portal	PT2399	pt2399	https://www.chemicalprobes.org/
LXRZVMYMQHNYJB-UNXOBOICSA-N	Q9UBE0	inhibitor			1	nM	biochemical	The E1-E2 HTRF transthiolation (HTRF)				Chemical Probes Portal	TAK-981	tak-981	https://www.chemicalprobes.org/
LXRZVMYMQHNYJB-UNXOBOICSA-N	Q9UBE0	inhibitor	IC50		15	nM	cell	SUMO2/3 immunofluorescent Assay assessing the ratio of SUMO2/3 in the nuclear versus cytoplasm (treatment is followed by immediate washout and readings at 0 and 8 h) | 15 nM				Chemical Probes Portal	TAK-981	tak-981	https://www.chemicalprobes.org/
LXRZVMYMQHNYJB-UNXOBOICSA-N	Q9UBE0	inhibitor	IC50	>=	32	nM	cell	SUMO2/3 immunofluorescent Assay assessing the ratio of SUMO2/3 in the nuclear versus cytoplasm (treatment is followed by immediate washout and readings at 0 and 8 h) | (32 - 46 nM				Chemical Probes Portal	TAK-981	tak-981	https://www.chemicalprobes.org/
LXRZVMYMQHNYJB-UNXOBOICSA-N	Q9UBT2	inhibitor			1	nM	biochemical	The E1-E2 HTRF transthiolation (HTRF)				Chemical Probes Portal	TAK-981	tak-981	https://www.chemicalprobes.org/
LXRZVMYMQHNYJB-UNXOBOICSA-N	Q9UBT2	inhibitor	IC50		15	nM	cell	SUMO2/3 immunofluorescent Assay assessing the ration of SUMO2/3 in the nuclear versus cytoplasm (treatment is followed by immediate washout and readings at 0 and 8 h) | 15 nM				Chemical Probes Portal	TAK-981	tak-981	https://www.chemicalprobes.org/
LXRZVMYMQHNYJB-UNXOBOICSA-N	Q9UBT2	inhibitor	IC50	>=	32	nM	cell	SUMO2/3 immunofluorescent Assay assessing the ration of SUMO2/3 in the nuclear versus cytoplasm (treatment is followed by immediate washout and readings at 0 and 8 h) | (32 - 46 nM				Chemical Probes Portal	TAK-981	tak-981	https://www.chemicalprobes.org/
TXZPMHLMPKIUGK-UHFFFAOYSA-N	P25440	antagonist			107.9	nM	binding	ITC assays | BD1 107.9				Chemical Probes Portal	PFI-1	pfi-1	https://www.chemicalprobes.org/
TXZPMHLMPKIUGK-UHFFFAOYSA-N	P25440	antagonist			143.9	nM	binding	ITC assays | BD2 143.9 nM				Chemical Probes Portal	PFI-1	pfi-1	https://www.chemicalprobes.org/
TXZPMHLMPKIUGK-UHFFFAOYSA-N	P25440	antagonist			98	nM	biochemical	alpha screen assay				Chemical Probes Portal	PFI-1	pfi-1	https://www.chemicalprobes.org/
TXZPMHLMPKIUGK-UHFFFAOYSA-N	P25440	antagonist					cell	In U2OS cells, PFI-1 was active in a FRAP assay at 1-5 uM.				Chemical Probes Portal	PFI-1	pfi-1	https://www.chemicalprobes.org/
TXZPMHLMPKIUGK-UHFFFAOYSA-N	O60885	antagonist			47.4	nM	binding	ITC assays | BD1 47.4 nM				Chemical Probes Portal	PFI-1	pfi-1	https://www.chemicalprobes.org/
TXZPMHLMPKIUGK-UHFFFAOYSA-N	O60885	antagonist			194.6	nM	binding	ITC assays | BD2 194.6 nM				Chemical Probes Portal	PFI-1	pfi-1	https://www.chemicalprobes.org/
TXZPMHLMPKIUGK-UHFFFAOYSA-N	O60885	antagonist			220	nM	biochemical	alpha screen assays				Chemical Probes Portal	PFI-1	pfi-1	https://www.chemicalprobes.org/
TXZPMHLMPKIUGK-UHFFFAOYSA-N	O60885	antagonist					cell	In U2OS cells, PFI-1 was active in a FRAP assay at 1-5 uM.				Chemical Probes Portal	PFI-1	pfi-1	https://www.chemicalprobes.org/
TXZPMHLMPKIUGK-UHFFFAOYSA-N	Q15059	antagonist			80	nM	binding	ITC assays | BD1 80 nM				Chemical Probes Portal	PFI-1	pfi-1	https://www.chemicalprobes.org/
TXZPMHLMPKIUGK-UHFFFAOYSA-N	Q15059	antagonist			76.3	nM	binding	ITC assays | BD2 76.3 nM				Chemical Probes Portal	PFI-1	pfi-1	https://www.chemicalprobes.org/
TXZPMHLMPKIUGK-UHFFFAOYSA-N	Q15059	antagonist					cell	In U2OS cells, PFI-1 was active in a FRAP assay at 1-5 uM.				Chemical Probes Portal	PFI-1	pfi-1	https://www.chemicalprobes.org/
TXZPMHLMPKIUGK-UHFFFAOYSA-N	Q58F21	antagonist			85.5	nM	binding	ITC assays | BD1 85.5				Chemical Probes Portal	PFI-1	pfi-1	https://www.chemicalprobes.org/
TXZPMHLMPKIUGK-UHFFFAOYSA-N	Q58F21	antagonist			220	nM	binding	ITC assays | BD2 220 nM				Chemical Probes Portal	PFI-1	pfi-1	https://www.chemicalprobes.org/
TXZPMHLMPKIUGK-UHFFFAOYSA-N	Q58F21	antagonist					cell	In U2OS cells, PFI-1 was active in a FRAP assay at 1-5 uM.				Chemical Probes Portal	PFI-1	pfi-1	https://www.chemicalprobes.org/
RUPXKSLKGSSZCP-UHFFFAOYSA-N	O14842	agonist	EC50		19	nM	cell	Calcium efflux assay, dynamic mass redistribution (DMR) assay				Chemical Probes Portal	TUG-469	tug-469	https://www.chemicalprobes.org/
ONBSHRSJOPSEGS-INIZCTEOSA-N	Q99814	antagonist		<	50	nM	binding	ITC Binding Affinity				Chemical Probes Portal	PT2385	pt2385	https://www.chemicalprobes.org/
ONBSHRSJOPSEGS-INIZCTEOSA-N	Q99814	antagonist			12	nM	binding	Scintillation proximity assay with PAS-B* domain | 12 ± 5 nM				Chemical Probes Portal	PT2385	pt2385	https://www.chemicalprobes.org/
ONBSHRSJOPSEGS-INIZCTEOSA-N	Q99814	antagonist			167	nM	binding	Measured by MST				Chemical Probes Portal	PT2385	pt2385	https://www.chemicalprobes.org/
ONBSHRSJOPSEGS-INIZCTEOSA-N	Q99814	antagonist	IC50		27	nM	cell	Luciferase assay, Expression of HIF-2 target genes in 786-O cells (constitutively active HIF-2α and nonfunctional HIF-1α) after treatment with PT2385 at various concentrations; Co-IP of ARNT | 27 ± 6 nM				Chemical Probes Portal	PT2385	pt2385	https://www.chemicalprobes.org/
ONBSHRSJOPSEGS-INIZCTEOSA-N	Q99814	antagonist	IC50	>=	42	nM	cell	VEGFa ELISA | 42-44 nM				Chemical Probes Portal	PT2385	pt2385	https://www.chemicalprobes.org/
TVTXCJFHQKSQQM-LJQIRTBHSA-N	Q00987	antagonist			6	nM	biochemical	Homogenous time-resolved fluorescence binding assay.				Chemical Probes Portal	RG7388	rg7388	https://www.chemicalprobes.org/
TVTXCJFHQKSQQM-LJQIRTBHSA-N	Q00987	antagonist			9.79	nM	biochemical	Biacore binding assay				Chemical Probes Portal	RG7388	rg7388	https://www.chemicalprobes.org/
TVTXCJFHQKSQQM-LJQIRTBHSA-N	Q00987	antagonist	IC50		30	nM	cell	Average from three p53-positive cancer cell lines (SJSA1, RKO, and HCT116) in MTT assay. RG7388 was 344-fold more potent in this assay against p53-positive cells compared with p53-negative cells.				Chemical Probes Portal	RG7388	rg7388	https://www.chemicalprobes.org/
GBJVVSCPOBPEIT-UHFFFAOYSA-N	Q96GD4	inhibitor		<	1	nM	biochemical	AZD1152 (Compound 5), the prodrug for Compound 34 (AZD1152-HQPA), inhibits AURKB in vitro with an IC50 < 0.001 uM.				Chemical Probes Portal	AZD1152	azd1152	https://www.chemicalprobes.org/
GBJVVSCPOBPEIT-UHFFFAOYSA-N	Q96GD4	inhibitor	IC50	<	1	nM	cell	In-cell (SW620 cells) protein substrate phosphorylation (phospho Histone 3)				Chemical Probes Portal	AZD1152	azd1152	https://www.chemicalprobes.org/
GBAKVEWPYUIGHN-UHFFFAOYSA-N	P14174	are activator			68.6	nM	biochemical	SPA binding assay with human protein				Chemical Probes Portal	BTZO-1	btzo-1	https://www.chemicalprobes.org/
GBAKVEWPYUIGHN-UHFFFAOYSA-N	P14174	are activator			147	nM	biochemical	SPA binding assay with rat protein				Chemical Probes Portal	BTZO-1	btzo-1	https://www.chemicalprobes.org/
GBAKVEWPYUIGHN-UHFFFAOYSA-N	P14174	are activator	MEC1.5		16	nM	cell	"ARE-Luc Reporter Assay (Activation of ARE (antioxidant response element)-mediated cytoprotective gene expression): 
MEC1.5: Necessary concentration to give a 50% increase in the viability of rat cardiocytes"				Chemical Probes Portal	BTZO-1	btzo-1	https://www.chemicalprobes.org/
GBAKVEWPYUIGHN-UHFFFAOYSA-N	P14174	are activator			820	nM	cell	"ARE-Luc Reporter Assay (Activation of ARE (antioxidant response element)-mediated cytoprotective gene expression): 
MEC2.0: Necessary concentration to double luciferase activity in pGL3-ARE-Luc reporter plasmid-transfected H9c2 cells"				Chemical Probes Portal	BTZO-1	btzo-1	https://www.chemicalprobes.org/
NBOJHRYUGLRASX-UHFFFAOYSA-N	O00519	covalent inhibitor			3.3	nM	biochemical	enzyme-coupled assay with oleamide as a substrate				Chemical Probes Portal	PF-3845	pf-3845	https://www.chemicalprobes.org/
NBOJHRYUGLRASX-UHFFFAOYSA-N	O00519	covalent inhibitor			230	nM	biochemical	enzyme-coupled assay with oleamide as a substrate				Chemical Probes Portal	PF-3845	pf-3845	https://www.chemicalprobes.org/
NBOJHRYUGLRASX-UHFFFAOYSA-N	O00519	covalent inhibitor	IC50		18	nM	cell	TLC of radio-labelled fatty acid conversions				Chemical Probes Portal	PF-3845	pf-3845	https://www.chemicalprobes.org/
DJOVLOYCGXNVPI-UHFFFAOYSA-N	P61964	antagonist			93	nM	binding	"ITC
OICR-9429 disrupts WDR5 interaction with a peptide from WDR5-interacting protein Kdisp = 64 nM."				Chemical Probes Portal	OICR-9429	oicr-9429	https://www.chemicalprobes.org/
DJOVLOYCGXNVPI-UHFFFAOYSA-N	P61964	antagonist	IC50		223	nM	cell	OICR-9429 disrupted WDR5-MLL interaction as well as C/EBPalpha p30-WDR5 interaction in cells.				Chemical Probes Portal	OICR-9429	oicr-9429	https://www.chemicalprobes.org/
WGJCHHJGGFCCRS-DEYDLUNASA-N	P40337	degrader (protac)			10	nM	binding	ITC				Chemical Probes Portal	CM11	cm11	https://www.chemicalprobes.org/
WGJCHHJGGFCCRS-DEYDLUNASA-N	P40337	degrader (protac)	DC50	>=	10	nM	cell	Western blot | 10-100 nM				Chemical Probes Portal	CM11	cm11	https://www.chemicalprobes.org/
QXCXMVYVUHVFLP-UHFFFAOYSA-N	Q9UKK9	inhibitor			29	nM	biochemical	MG assay				Chemical Probes Portal	TH5427	th5427	https://www.chemicalprobes.org/
QXCXMVYVUHVFLP-UHFFFAOYSA-N	Q9UKK9	inhibitor	EC50		2100	nM	cell	ITDRF CETSA				Chemical Probes Portal	TH5427	th5427	https://www.chemicalprobes.org/
KNOUWGGQMADIBV-KRWDZBQOSA-N	Q13546	inhibitor			0.8	nM	biochemical	ADP-Glo activity assay				Chemical Probes Portal	GSK481	gsk481	https://www.chemicalprobes.org/
KNOUWGGQMADIBV-KRWDZBQOSA-N	Q13546	inhibitor	IC50		10	nM	cell	Human monocytic leukemia U937 cells in a necroptosis assay which measures the ability to block the necrotic cell death induced by treatment with TNF and the caspase inhibitor zVAD.fmk.				Chemical Probes Portal	GSK481	gsk481	https://www.chemicalprobes.org/
LUHCYAOYQIFNRN-UHFFFAOYSA-N	Q00534	degrader (protac)			8.7	nM	biochemical	In vitro kinase inhibition assay CDK6/CyclinD1				Chemical Probes Portal	BSJ-03-123	bsj-03-123	https://www.chemicalprobes.org/
LUHCYAOYQIFNRN-UHFFFAOYSA-N	Q00534	degrader (protac)			41.6	nM	biochemical	In vitro kinase inhibition assay CDK4/CyclinD1				Chemical Probes Portal	BSJ-03-123	bsj-03-123	https://www.chemicalprobes.org/
LUHCYAOYQIFNRN-UHFFFAOYSA-N	Q00534	degrader (protac)					cell	Cellular Thermal Shift Assay				Chemical Probes Portal	BSJ-03-123	bsj-03-123	https://www.chemicalprobes.org/
IDKAKZRYYDCJDU-HBMMIIHUSA-N	Q00987	antagonist			0.88	nM	binding	Fluorescence polarization binding assay with MDM2 protein and p53 peptide.				Chemical Probes Portal	MI-77301	mi-77301	https://www.chemicalprobes.org/
IDKAKZRYYDCJDU-HBMMIIHUSA-N	Q00987	antagonist	IC50		0.092	uM	cell	In SJSA-1 cells, MI-77301 inhibited cell growth. Comparable results were found in multiple cell lines that express p53.				Chemical Probes Portal	MI-77301	mi-77301	https://www.chemicalprobes.org/
SGIWFELWJPNFDH-UHFFFAOYSA-N	P55055	agonist			20	nM	binding	Scintillation proximity assay				Chemical Probes Portal	T0901317	t0901317	https://www.chemicalprobes.org/
SGIWFELWJPNFDH-UHFFFAOYSA-N	P55055	agonist			10	nM	biochemical	FRET-based co-activator (SRC-1) recruitment assay measuring agonist activity				Chemical Probes Portal	T0901317	t0901317	https://www.chemicalprobes.org/
SGIWFELWJPNFDH-UHFFFAOYSA-N	P55055	agonist	EC50		85	nM	cell	Cell-based reporter gene assay				Chemical Probes Portal	T0901317	t0901317	https://www.chemicalprobes.org/
SGIWFELWJPNFDH-UHFFFAOYSA-N	Q13133	agonist			8	nM	binding	Scintillation proximity assay				Chemical Probes Portal	T0901317	t0901317	https://www.chemicalprobes.org/
SGIWFELWJPNFDH-UHFFFAOYSA-N	Q13133	agonist	EC50		75	nM	cell	Cell-based reporter gene assay				Chemical Probes Portal	T0901317	t0901317	https://www.chemicalprobes.org/
QADPYRIHXKWUSV-UHFFFAOYSA-N	P11362	inhibitor			0.9	nM	biochemical	Kinase assay				Chemical Probes Portal	BGJ-398	bgj-398	https://www.chemicalprobes.org/
QADPYRIHXKWUSV-UHFFFAOYSA-N	P11362	inhibitor	IC50		5	nM	cell	ELISA-based detection of protein substrate phosphorylation in BaF3 cells				Chemical Probes Portal	BGJ-398	bgj-398	https://www.chemicalprobes.org/
QADPYRIHXKWUSV-UHFFFAOYSA-N	P21802	inhibitor			1.4	nM	biochemical	Kinase assay				Chemical Probes Portal	BGJ-398	bgj-398	https://www.chemicalprobes.org/
QADPYRIHXKWUSV-UHFFFAOYSA-N	P21802	inhibitor	IC50		5	nM	cell	ELISA-based detection of protein substrate phosphorylation in BaF3 cells				Chemical Probes Portal	BGJ-398	bgj-398	https://www.chemicalprobes.org/
QADPYRIHXKWUSV-UHFFFAOYSA-N	P22607	inhibitor			1	nM	biochemical	Kinase assay				Chemical Probes Portal	BGJ-398	bgj-398	https://www.chemicalprobes.org/
QADPYRIHXKWUSV-UHFFFAOYSA-N	P22607	inhibitor	IC50		5	nM	cell	ELISA-based detection of protein substrate phosphorylation in BaF3 cells				Chemical Probes Portal	BGJ-398	bgj-398	https://www.chemicalprobes.org/
QADPYRIHXKWUSV-UHFFFAOYSA-N	P22455	inhibitor			60	nM	biochemical	Kinase assay				Chemical Probes Portal	BGJ-398	bgj-398	https://www.chemicalprobes.org/
QADPYRIHXKWUSV-UHFFFAOYSA-N	P22455	inhibitor	IC50		5	nM	cell	ELISA-based detection of protein substrate phosphorylation in BaF3 cells				Chemical Probes Portal	BGJ-398	bgj-398	https://www.chemicalprobes.org/
YYDUWLSETXNJJT-MTJSOVHGSA-N	P04629	inhibitor			8	nM	biochemical	HTRF Assay				Chemical Probes Portal	GNF-5837	gnf-5837	https://www.chemicalprobes.org/
YYDUWLSETXNJJT-MTJSOVHGSA-N	P04629	inhibitor	IC50		11	nM	cell	cellular Ba/F3 assays, anti-proliferation assay				Chemical Probes Portal	GNF-5837	gnf-5837	https://www.chemicalprobes.org/
YYDUWLSETXNJJT-MTJSOVHGSA-N	Q16620	inhibitor			12	nM	biochemical	HTRF Assay				Chemical Probes Portal	GNF-5837	gnf-5837	https://www.chemicalprobes.org/
YYDUWLSETXNJJT-MTJSOVHGSA-N	Q16620	inhibitor	IC50		9	nM	cell	cellular Ba/F3 assays, anti-proliferation assay				Chemical Probes Portal	GNF-5837	gnf-5837	https://www.chemicalprobes.org/
YYDUWLSETXNJJT-MTJSOVHGSA-N	Q16288	inhibitor					biochemical	HTRF Assay				Chemical Probes Portal	GNF-5837	gnf-5837	https://www.chemicalprobes.org/
YYDUWLSETXNJJT-MTJSOVHGSA-N	Q16288	inhibitor	IC50		7	nM	cell	cellular Ba/F3 assays, anti-proliferation assay				Chemical Probes Portal	GNF-5837	gnf-5837	https://www.chemicalprobes.org/
BLNNXJOEJRKHAM-UHFFFAOYSA-N	P49286	agonist			63	nM	binding	Radioligand binding				Chemical Probes Portal	UCSF4226	ucsf4226	https://www.chemicalprobes.org/
BLNNXJOEJRKHAM-UHFFFAOYSA-N	P49286	agonist	EC50		7.1	nM	cell	Glo cAMP assay				Chemical Probes Portal	UCSF4226	ucsf4226	https://www.chemicalprobes.org/
ZMNWFTYYYCSSTF-SOAUALDESA-N	P06239	inhibitor			147	nM	biochemical	Enzymatic inhibition assay		1	mM	Chemical Probes Portal	A-770041	770041	https://www.chemicalprobes.org/
ZMNWFTYYYCSSTF-SOAUALDESA-N	P06239	inhibitor	EC50		80	nM	cell	Inhibition of Concanavalin A-induced cytokine production in Whole Blood				Chemical Probes Portal	A-770041	770041	https://www.chemicalprobes.org/
LXFOLMYKSYSZQS-XKHGBIBOSA-N	Q8TEK3	inhibitor			0.08	nM	biochemical	SAM competition assay				Chemical Probes Portal	EPZ-5676	epz-5676	https://www.chemicalprobes.org/
LXFOLMYKSYSZQS-XKHGBIBOSA-N	Q8TEK3	inhibitor	IC50		3	nM	cell	ELISA to detect protein substrate methylation				Chemical Probes Portal	EPZ-5676	epz-5676	https://www.chemicalprobes.org/
XQFINGFCBFHOPE-WXUXXXNLSA-N	Q15910	inhibitor			6	nM	biochemical	ELISA-based protein substrate methylation assay.				Chemical Probes Portal	EPZ011989	epz011989	https://www.chemicalprobes.org/
XQFINGFCBFHOPE-WXUXXXNLSA-N	Q15910	inhibitor		<	3	nM	biochemical	Biochemical Assay				Chemical Probes Portal	EPZ011989	epz011989	https://www.chemicalprobes.org/
XQFINGFCBFHOPE-WXUXXXNLSA-N	Q15910	inhibitor	IC50	<	100	nM	cell	Protein substrate methylation in WSU-DLCL2 cells				Chemical Probes Portal	EPZ011989	epz011989	https://www.chemicalprobes.org/
XQFINGFCBFHOPE-WXUXXXNLSA-N	Q92800	inhibitor			103	nM	biochemical	ELISA-based protein substrate methylation assay.				Chemical Probes Portal	EPZ011989	epz011989	https://www.chemicalprobes.org/
XQFINGFCBFHOPE-WXUXXXNLSA-N	Q92800	inhibitor			45	nM	biochemical	Biochemical Assay				Chemical Probes Portal	EPZ011989	epz011989	https://www.chemicalprobes.org/
XQFINGFCBFHOPE-WXUXXXNLSA-N	Q92800	inhibitor	IC50	<	100	nM	cell	Protein substrate methylation in WSU-DLCL2 cells				Chemical Probes Portal	EPZ011989	epz011989	https://www.chemicalprobes.org/
CGWBJJZOKGZCSJ-UHFFFAOYSA-N	Q09472	antagonist			363	nM	biochemical	FRET				Chemical Probes Portal	PF-CBP1	pf-cbp1	https://www.chemicalprobes.org/
CGWBJJZOKGZCSJ-UHFFFAOYSA-N	Q92793	antagonist			190	nM	biochemical	Isothermal titration calorimetry				Chemical Probes Portal	PF-CBP1	pf-cbp1	https://www.chemicalprobes.org/
CGWBJJZOKGZCSJ-UHFFFAOYSA-N	Q92793	antagonist			130	nM	biochemical	FRET				Chemical Probes Portal	PF-CBP1	pf-cbp1	https://www.chemicalprobes.org/
CGWBJJZOKGZCSJ-UHFFFAOYSA-N	Q92793	antagonist	residual activity		49	%	cell	We performed single-cell transcriptional profiling on the Fluidigm microfluidic platform (macrophages) and Affymetrix microarrays (neurons) at a single dose (1 uM). Transcriptional changes in macrophages phenocopy CBP knockdown with siRNA but not BRD4 knockdown. PF-CBP1 modulates the expression of genes that are known targets for CBP in neurons.				Chemical Probes Portal	PF-CBP1	pf-cbp1	https://www.chemicalprobes.org/
AIOCFZJGGGEWDK-UHFFFAOYSA-N	Q9H8M2	degrader (protac)			104	nM	biochemical	AlphaScreen				Chemical Probes Portal	dBRD9	dbrd9	https://www.chemicalprobes.org/
AIOCFZJGGGEWDK-UHFFFAOYSA-N	Q9H8M2	degrader (protac)	EC50		5	nM	cell	Immunoblotting, ATPlite Viability Assay, HiBiT				Chemical Probes Portal	dBRD9	dbrd9	https://www.chemicalprobes.org/
AIOCFZJGGGEWDK-UHFFFAOYSA-N	Q9H8M2	degrader (protac)	EC50		90	nM	cell	Immunoblotting				Chemical Probes Portal	dBRD9	dbrd9	https://www.chemicalprobes.org/
RUBYHLPRZRMTJO-MOVYNIQHSA-N	Q9NYV4	covalent inhibitor			158	nM	biochemical	Kinase Assay				Chemical Probes Portal	THZ531	thz531	https://www.chemicalprobes.org/
RUBYHLPRZRMTJO-MOVYNIQHSA-N	Q9NYV4	covalent inhibitor	IC50		50	nM	cell	FACS cell cycle analysis; Pulldown Western blot				Chemical Probes Portal	THZ531	thz531	https://www.chemicalprobes.org/
RUBYHLPRZRMTJO-MOVYNIQHSA-N	Q14004	covalent inhibitor			69	nM	biochemical	Kinase Assay				Chemical Probes Portal	THZ531	thz531	https://www.chemicalprobes.org/
RUBYHLPRZRMTJO-MOVYNIQHSA-N	Q14004	covalent inhibitor	IC50		50	nM	cell	FACS cell cycle analysis; Pulldown Western blot				Chemical Probes Portal	THZ531	thz531	https://www.chemicalprobes.org/
RDALZZCKQFLGJP-UHFFFAOYSA-N	P55072	inhibitor			11	nM	biochemical	ATPase assay				Chemical Probes Portal	CB-5083	cb-5083	https://www.chemicalprobes.org/
RDALZZCKQFLGJP-UHFFFAOYSA-N	P55072	inhibitor	IC50	>=	115	nM	cell	Cell Proliferation assay  (>300 tumor cell lines tested) | 115–2000 nM				Chemical Probes Portal	CB-5083	cb-5083	https://www.chemicalprobes.org/
RDALZZCKQFLGJP-UHFFFAOYSA-N	P55072	inhibitor	EC50	>=	150	nM	cell	IF assay on poly Ub accumulation (12 tumor cell lines tested) | 150–800 nM				Chemical Probes Portal	CB-5083	cb-5083	https://www.chemicalprobes.org/
JBHLOPKIPKTRSU-UHFFFAOYSA-N	Q9Y233	inhibitor			0.99	nM	biochemical	Phosphodiesterase (PDE) activity was determined using an IMAP® FP kit				Chemical Probes Portal	THPP-1	thpp-1	https://www.chemicalprobes.org/
JBHLOPKIPKTRSU-UHFFFAOYSA-N	Q9Y233	inhibitor	IC50		49	nM	cell	cAMP Gs dynamic kit				Chemical Probes Portal	THPP-1	thpp-1	https://www.chemicalprobes.org/
LQSHXYHWYGKAMX-FQEVSTJZSA-N	Q99558	inhibitor			0.23	nM	biochemical	NIK Ki biochemical assay | 0.23 ± 0.17 nM				Chemical Probes Portal	NIK-SMI1	nik-smi1	https://www.chemicalprobes.org/
LQSHXYHWYGKAMX-FQEVSTJZSA-N	Q99558	inhibitor	IC50		34	nM	cell	NF-κB reporter assay; nuclear translocation inhibition of RelB | 34 ± 6 nM				Chemical Probes Portal	NIK-SMI1	nik-smi1	https://www.chemicalprobes.org/
AQTPWCUIYUOEMG-INIZCTEOSA-N	P49327	inhibitor			7.7	nM	biochemical	Endpoint assay for thiols using a fluorescent maleimide | 7.7 ± 4.1 nM				Chemical Probes Portal	GSK2194069	gsk2194069	https://www.chemicalprobes.org/
AQTPWCUIYUOEMG-INIZCTEOSA-N	P49327	inhibitor			5	nM	biochemical	Stopped-flow experiments				Chemical Probes Portal	GSK2194069	gsk2194069	https://www.chemicalprobes.org/
AQTPWCUIYUOEMG-INIZCTEOSA-N	P49327	inhibitor	EC50		15.5	nM	cell	Decreased phosphatidylcholine levels in A549 cells; Measurement of cellular de novo fatty acid synthesis in gastric and non-small-cell lung. | 15.5 ± 9 nM				Chemical Probes Portal	GSK2194069	gsk2194069	https://www.chemicalprobes.org/
JFGOILLZIAIYGA-UHFFFAOYSA-N	Q9UBN7	inhibitor			12	nM	biochemical	HDAC inhibition assay				Chemical Probes Portal	SS-208	ss-208	https://www.chemicalprobes.org/
JFGOILLZIAIYGA-UHFFFAOYSA-N	Q9UBN7	inhibitor	IC50		500	nM	cell	NanoBRET-target engagement assay				Chemical Probes Portal	SS-208	ss-208	https://www.chemicalprobes.org/
RPMGXDCRCWWCRY-JTQLQIEISA-N	P36639	inhibitor			2.3	nM	biochemical	MTH1 enzymatic assay				Chemical Probes Portal	BAY-707	bay-707	https://www.chemicalprobes.org/
RPMGXDCRCWWCRY-JTQLQIEISA-N	P36639	inhibitor	EC50		7.6	nM	cell	Isothermal concentration response curves were used to determine cellular target engagement potency				Chemical Probes Portal	BAY-707	bay-707	https://www.chemicalprobes.org/
RIJLVEAXPNLDTC-UHFFFAOYSA-N	P23458	inhibitor			11	nM	biochemical	KDs were measured by displacement of a fluorescent-derivative of ATP				Chemical Probes Portal	Filgotinib	filgotinib	https://www.chemicalprobes.org/
RIJLVEAXPNLDTC-UHFFFAOYSA-N	P23458	inhibitor			10	nM	biochemical	In enzyme activity assays using recombinant enzymes				Chemical Probes Portal	Filgotinib	filgotinib	https://www.chemicalprobes.org/
RIJLVEAXPNLDTC-UHFFFAOYSA-N	P23458	inhibitor	IC50		629	nM	cell	In whole blood assays, filgotinib inhibited IL-6-induced phosphorylation of STAT1 (JAK1-dependent activity) ~27-fold better than GM-CSF-induced phosphorylation of STAT5 (JAK2-specific activity), consistent with filgotinib showing selectivity for JAK1 in cells.				Chemical Probes Portal	Filgotinib	filgotinib	https://www.chemicalprobes.org/
HWGQMRYQVZSGDQ-HZPDHXFCSA-N	P09874	inhibitor			1.2	nM	biochemical	Biochemical assay				Chemical Probes Portal	Talazoparib	talazoparib	https://www.chemicalprobes.org/
HWGQMRYQVZSGDQ-HZPDHXFCSA-N	P09874	inhibitor			0.57	nM	biochemical	PARP1 enzyme inhibition assay				Chemical Probes Portal	Talazoparib	talazoparib	https://www.chemicalprobes.org/
HWGQMRYQVZSGDQ-HZPDHXFCSA-N	P09874	inhibitor			0.29	nM	biochemical	Biacore binding assay with PARP1				Chemical Probes Portal	Talazoparib	talazoparib	https://www.chemicalprobes.org/
HWGQMRYQVZSGDQ-HZPDHXFCSA-N	P09874	inhibitor			1.1	nM	biochemical	In vitro ribosylation assays, PARP1 (full length)				Chemical Probes Portal	Talazoparib	talazoparib	https://www.chemicalprobes.org/
HWGQMRYQVZSGDQ-HZPDHXFCSA-N	P09874	inhibitor	EC50		2.5	nM	cell	In LoVo cell PAR synthesis assay				Chemical Probes Portal	Talazoparib	talazoparib	https://www.chemicalprobes.org/
HWGQMRYQVZSGDQ-HZPDHXFCSA-N	Q9UGN5	inhibitor			0.85	nM	biochemical	Biochemical assay				Chemical Probes Portal	Talazoparib	talazoparib	https://www.chemicalprobes.org/
HWGQMRYQVZSGDQ-HZPDHXFCSA-N	Q9UGN5	inhibitor			4.1	nM	biochemical	In vitro ribosylation assays, PARP2 (full length)				Chemical Probes Portal	Talazoparib	talazoparib	https://www.chemicalprobes.org/
HWGQMRYQVZSGDQ-HZPDHXFCSA-N	Q9UGN5	inhibitor	EC50		2.5	nM	cell	In LoVo cell PAR synthesis assay				Chemical Probes Portal	Talazoparib	talazoparib	https://www.chemicalprobes.org/
SEDFZSHSBUXKAC-NIYFSFCBSA-N	Q09472	inhibitor			0.5	nM	binding	scintillation proximity assays (SPA) of full length EP300				Chemical Probes Portal	DOI:10.1021/acsmedchemlett.0c00155	cpi-1612	https://www.chemicalprobes.org/
SEDFZSHSBUXKAC-NIYFSFCBSA-N	Q09472	inhibitor	EC50		14	nM	cell	H3K18Ac MSD assay (H3K18 = histone 3 lysine 18, MSD = meso scale discovery)				Chemical Probes Portal	DOI:10.1021/acsmedchemlett.0c00155	cpi-1612	https://www.chemicalprobes.org/
SEDFZSHSBUXKAC-NIYFSFCBSA-N	Q09472	inhibitor	GI50		7.9	nM	cell	Cell Proliferation				Chemical Probes Portal	DOI:10.1021/acsmedchemlett.0c00155	cpi-1612	https://www.chemicalprobes.org/
SEDFZSHSBUXKAC-NIYFSFCBSA-N	Q92793	inhibitor			2.9	nM	binding	scintillation proximity assays (SPA) of full length CBP				Chemical Probes Portal	DOI:10.1021/acsmedchemlett.0c00155	cpi-1612	https://www.chemicalprobes.org/
ZOPNBMMVVZRSGH-NRFANRHFSA-N	O14842	partial agonist	EC50		120	nM	cell	Aequorin Ca2+ assay				Chemical Probes Portal	AMG-837	amg-837	https://www.chemicalprobes.org/
ZOPNBMMVVZRSGH-NRFANRHFSA-N	O14842	partial agonist	IC50		7.8	nM	cell	Inositol phosphate (IP) accumulation assay				Chemical Probes Portal	AMG-837	amg-837	https://www.chemicalprobes.org/
ZOPNBMMVVZRSGH-NRFANRHFSA-N	O14842	partial agonist	EC50		4.8	nM	cell	Radiolabelled displacement assay, insulin secretion (IS) assay (AM-1638)				Chemical Probes Portal	AMG-837	amg-837	https://www.chemicalprobes.org/
BWYBBMQLUKXECQ-GIVPXCGWSA-N	P43235	inhibitor			0.041	nM	biochemical	Cathepsin K Proteolytic Catalytic Activity assay				Chemical Probes Portal	Relacatib	relacatib	https://www.chemicalprobes.org/
BWYBBMQLUKXECQ-GIVPXCGWSA-N	P43235	inhibitor	IC50		22	nM	cell	"in vitro osteoclast resorption assay,
osteoclast cathepsin activity inhibition,
bone resorption inhibition | 22 nM"				Chemical Probes Portal	Relacatib	relacatib	https://www.chemicalprobes.org/
BWYBBMQLUKXECQ-GIVPXCGWSA-N	P43235	inhibitor	IC50		45	nM	cell	"in vitro osteoclast resorption assay,
osteoclast cathepsin activity inhibition,
bone resorption inhibition | 45 nM"				Chemical Probes Portal	Relacatib	relacatib	https://www.chemicalprobes.org/
BWYBBMQLUKXECQ-GIVPXCGWSA-N	P43235	inhibitor	IC50	~	70	nM	cell	"in vitro osteoclast resorption assay,
osteoclast cathepsin activity inhibition,
bone resorption inhibition | ~70 nM"				Chemical Probes Portal	Relacatib	relacatib	https://www.chemicalprobes.org/
BWYBBMQLUKXECQ-GIVPXCGWSA-N	P07711	inhibitor			0.068	nM	biochemical	Cathepsin K Proteolytic Catalytic Activity assay				Chemical Probes Portal	Relacatib	relacatib	https://www.chemicalprobes.org/
BWYBBMQLUKXECQ-GIVPXCGWSA-N	P07711	inhibitor	IC50		22	nM	cell	"in vitro osteoclast resorption assay,
osteoclast cathepsin activity inhibition,
bone resorption inhibition | 22 nM"				Chemical Probes Portal	Relacatib	relacatib	https://www.chemicalprobes.org/
BWYBBMQLUKXECQ-GIVPXCGWSA-N	P07711	inhibitor	IC50		45	nM	cell	"in vitro osteoclast resorption assay,
osteoclast cathepsin activity inhibition,
bone resorption inhibition | 45 nM"				Chemical Probes Portal	Relacatib	relacatib	https://www.chemicalprobes.org/
BWYBBMQLUKXECQ-GIVPXCGWSA-N	P07711	inhibitor	IC50	~	70	nM	cell	"in vitro osteoclast resorption assay,
osteoclast cathepsin activity inhibition,
bone resorption inhibition | ~70 nM"				Chemical Probes Portal	Relacatib	relacatib	https://www.chemicalprobes.org/
BWYBBMQLUKXECQ-GIVPXCGWSA-N	O60911	inhibitor			0.053	nM	biochemical	Cathepsin K Proteolytic Catalytic Activity assay				Chemical Probes Portal	Relacatib	relacatib	https://www.chemicalprobes.org/
BWYBBMQLUKXECQ-GIVPXCGWSA-N	O60911	inhibitor	IC50		22	nM	cell	"in vitro osteoclast resorption assay,
osteoclast cathepsin activity inhibition,
bone resorption inhibition | 22 nM"				Chemical Probes Portal	Relacatib	relacatib	https://www.chemicalprobes.org/
BWYBBMQLUKXECQ-GIVPXCGWSA-N	O60911	inhibitor	IC50		45	nM	cell	"in vitro osteoclast resorption assay,
osteoclast cathepsin activity inhibition,
bone resorption inhibition | 45 nM"				Chemical Probes Portal	Relacatib	relacatib	https://www.chemicalprobes.org/
BWYBBMQLUKXECQ-GIVPXCGWSA-N	O60911	inhibitor	IC50	~	70	nM	cell	"in vitro osteoclast resorption assay,
osteoclast cathepsin activity inhibition,
bone resorption inhibition | ~70 nM"				Chemical Probes Portal	Relacatib	relacatib	https://www.chemicalprobes.org/
CVWXJKQAOSCOAB-UHFFFAOYSA-N	P36888	inhibitor			1.6	nM	biochemical	In vitro binding assay				Chemical Probes Portal	AC220	ac220	https://www.chemicalprobes.org/
CVWXJKQAOSCOAB-UHFFFAOYSA-N	P36888	inhibitor	IC50		4.2	nM	cell	Inhibition of FLT3 autophosphorylation in MV4-11 and RS4;11 cells.				Chemical Probes Portal	AC220	ac220	https://www.chemicalprobes.org/
VRVJKILQRBSEAG-LFPIHBKWSA-N	Q09472	inhibitor			9.8	nM	biochemical	TR-FRET				Chemical Probes Portal	A-485	485	https://www.chemicalprobes.org/
VRVJKILQRBSEAG-LFPIHBKWSA-N	Q09472	inhibitor			15	nM	binding	SPR				Chemical Probes Portal	A-485	485	https://www.chemicalprobes.org/
VRVJKILQRBSEAG-LFPIHBKWSA-N	Q09472	inhibitor	EC50		73	nM	cell	Inhibition of histone acetyl marks upon treatment with the compounds				Chemical Probes Portal	A-485	485	https://www.chemicalprobes.org/
VRVJKILQRBSEAG-LFPIHBKWSA-N	Q92793	inhibitor			2.6	nM	binding	TR-FRET, SPR				Chemical Probes Portal	A-485	485	https://www.chemicalprobes.org/
UQRCJCNVNUFYDX-UHFFFAOYSA-N	P08581	inhibitor	IC50		14	nM	cell	MET Autophosphorylation Inhibition				Chemical Probes Portal	Golvatinib	golvatinib	https://www.chemicalprobes.org/
UQRCJCNVNUFYDX-UHFFFAOYSA-N	P08581	inhibitor	IC50		24	nM	cell	Cell Proliferation assay (SNU-5, Hs746T, EBC-1, and MKN45 tumor cells)				Chemical Probes Portal	Golvatinib	golvatinib	https://www.chemicalprobes.org/
UQRCJCNVNUFYDX-UHFFFAOYSA-N	P08581	inhibitor	IC50		23	nM	cell	Cell Proliferation assay (SNU-5, Hs746T, EBC-1, and MKN45 tumor cells)				Chemical Probes Portal	Golvatinib	golvatinib	https://www.chemicalprobes.org/
UQRCJCNVNUFYDX-UHFFFAOYSA-N	P35968	inhibitor	IC50		16	nM	cell	VEGF-induced phosphorylation assays				Chemical Probes Portal	Golvatinib	golvatinib	https://www.chemicalprobes.org/
UQRCJCNVNUFYDX-UHFFFAOYSA-N	P35968	inhibitor	IC50		6.2	nM	cell	Cell Proliferation assay (SNU-5, Hs746T, EBC-1, and MKN45 tumor cells)				Chemical Probes Portal	Golvatinib	golvatinib	https://www.chemicalprobes.org/
UQRCJCNVNUFYDX-UHFFFAOYSA-N	P35968	inhibitor	IC50		37	nM	cell	Cell Proliferation assay (SNU-5, Hs746T, EBC-1, and MKN45 tumor cells)				Chemical Probes Portal	Golvatinib	golvatinib	https://www.chemicalprobes.org/
LWXLECMNBTVASW-UHFFFAOYSA-N	Q92793	inhibitor			1.1	nM	biochemical	Time-Resolved Fluorescence Resonance Energy Transfer Assays				Chemical Probes Portal	GNE-049	gne-049	https://www.chemicalprobes.org/
LWXLECMNBTVASW-UHFFFAOYSA-N	Q92793	inhibitor	IC50		12	nM	cell	CBP BRET assay				Chemical Probes Portal	GNE-049	gne-049	https://www.chemicalprobes.org/
LWXLECMNBTVASW-UHFFFAOYSA-N	Q92793	inhibitor	EC50		13.8	nM	cell	Myc expression inhibition				Chemical Probes Portal	GNE-049	gne-049	https://www.chemicalprobes.org/
LWXLECMNBTVASW-UHFFFAOYSA-N	Q09472	inhibitor			1.3	nM	biochemical	Time-Resolved Fluorescence Resonance Energy Transfer Assays				Chemical Probes Portal	GNE-049	gne-049	https://www.chemicalprobes.org/
AILRADAXUVEEIR-UHFFFAOYSA-N	Q9UM73	inhibitor			0.6	nM	biochemical	Kinase Assay @ 10 uM ATP | 0.6 nM WT				Chemical Probes Portal	Brigatinib	brigatinib	https://www.chemicalprobes.org/
AILRADAXUVEEIR-UHFFFAOYSA-N	Q9UM73	inhibitor			0.6	nM	biochemical	Kinase Assay @ 10 uM ATP | 0.6 nM C1156Y				Chemical Probes Portal	Brigatinib	brigatinib	https://www.chemicalprobes.org/
AILRADAXUVEEIR-UHFFFAOYSA-N	Q9UM73	inhibitor			1.4	nM	biochemical	Kinase Assay @ 10 uM ATP | 1.4 nM F1174L				Chemical Probes Portal	Brigatinib	brigatinib	https://www.chemicalprobes.org/
AILRADAXUVEEIR-UHFFFAOYSA-N	Q9UM73	inhibitor			1.7	nM	biochemical	Kinase Assay @ 10 uM ATP | 1.7 nM L1196M				Chemical Probes Portal	Brigatinib	brigatinib	https://www.chemicalprobes.org/
AILRADAXUVEEIR-UHFFFAOYSA-N	Q9UM73	inhibitor			4.9	nM	biochemical	Kinase Assay @ 10 uM ATP | 4.9 nM G1202R				Chemical Probes Portal	Brigatinib	brigatinib	https://www.chemicalprobes.org/
AILRADAXUVEEIR-UHFFFAOYSA-N	Q9UM73	inhibitor			6.6	nM	biochemical	Kinase Assay @ 10 uM ATP | 6.6 nM R1275Q				Chemical Probes Portal	Brigatinib	brigatinib	https://www.chemicalprobes.org/
AILRADAXUVEEIR-UHFFFAOYSA-N	Q9UM73	inhibitor			29	nM	cell	Cell viability assay, CyQuant Cell Proliferation assay | 29 nM (ALK+)				Chemical Probes Portal	Brigatinib	brigatinib	https://www.chemicalprobes.org/
AILRADAXUVEEIR-UHFFFAOYSA-N	Q9UM73	inhibitor			3194	nM	cell	Cell viability assay, CyQuant Cell Proliferation assay | 3194 nM (ALK-)				Chemical Probes Portal	Brigatinib	brigatinib	https://www.chemicalprobes.org/
AILRADAXUVEEIR-UHFFFAOYSA-N	Q9UM73	inhibitor			14	nM	cell	Cell viability assay, CyQuant Cell Proliferation assay | 14 nM EML4-ALK				Chemical Probes Portal	Brigatinib	brigatinib	https://www.chemicalprobes.org/
AILRADAXUVEEIR-UHFFFAOYSA-N	Q9UM73	inhibitor			45	nM	cell	Cell viability assay, CyQuant Cell Proliferation assay | 45 nM EML4-ALK (C1156Y)				Chemical Probes Portal	Brigatinib	brigatinib	https://www.chemicalprobes.org/
AILRADAXUVEEIR-UHFFFAOYSA-N	Q9UM73	inhibitor			55	nM	cell	Cell viability assay, CyQuant Cell Proliferation assay | 55 nM EML4-ALK (F1174L)				Chemical Probes Portal	Brigatinib	brigatinib	https://www.chemicalprobes.org/
AILRADAXUVEEIR-UHFFFAOYSA-N	Q9UM73	inhibitor			41	nM	cell	Cell viability assay, CyQuant Cell Proliferation assay | 41 nM EML4-ALK (L1196M)				Chemical Probes Portal	Brigatinib	brigatinib	https://www.chemicalprobes.org/
AILRADAXUVEEIR-UHFFFAOYSA-N	Q9UM73	inhibitor			194	nM	cell	Cell viability assay, CyQuant Cell Proliferation assay | 194 nM EML4-ALK (G1202R)				Chemical Probes Portal	Brigatinib	brigatinib	https://www.chemicalprobes.org/
HUFOZJXAKZVRNJ-UHFFFAOYSA-N	P00533	covalent inhibitor			21.5	nM	biochemical	Continuous Omnia® Read Assay | 21.5 nM L858R/T790M				Chemical Probes Portal	Rociletinib	rociletinib	https://www.chemicalprobes.org/
HUFOZJXAKZVRNJ-UHFFFAOYSA-N	P00533	covalent inhibitor			303.3	nM	biochemical	Continuous Omnia® Read Assay | 303.3 nM WT				Chemical Probes Portal	Rociletinib	rociletinib	https://www.chemicalprobes.org/
HUFOZJXAKZVRNJ-UHFFFAOYSA-N	P00533	covalent inhibitor	IC50	>=	62	nM	cell	Immunoblotting pEGFR and total EGFR, Cell proliferation assays | 62-187 nM				Chemical Probes Portal	Rociletinib	rociletinib	https://www.chemicalprobes.org/
GHVMTHKJUAOZJP-CGTJXYLNSA-N	O14672	inhibitor			5.3	nM	biochemical	Enzyme inhibition assay using fluorogenic substrate				Chemical Probes Portal	GI254023X	gi254023x	https://www.chemicalprobes.org/
GHVMTHKJUAOZJP-CGTJXYLNSA-N	O14672	inhibitor	IC50		1500	nM	cell	Ability to block shedding of cell-expressed IL6R, CX3CL1 and CXCL16 (ELISA) CX3CL1; 400 nM CXCL16; 1800 nM IL6R				Chemical Probes Portal	GI254023X	gi254023x	https://www.chemicalprobes.org/
GHVMTHKJUAOZJP-CGTJXYLNSA-N	O14672	inhibitor	IC50		400	nM	cell	Ability to block shedding of cell-expressed CXCL16				Chemical Probes Portal	GI254023X	gi254023x	https://www.chemicalprobes.org/
GHVMTHKJUAOZJP-CGTJXYLNSA-N	O14672	inhibitor	IC50		1800	nM	cell	Ability to block shedding of cell-expressed IL6R				Chemical Probes Portal	GI254023X	gi254023x	https://www.chemicalprobes.org/
ZEGMEJVULDALSH-NSHDSACASA-N	P09960	inhibitor			0.12	nM	biochemical	LTA4H enzyme inhibition assay using Arg-AMC as substrate with <1 nM enzyme concentration				Chemical Probes Portal	LYS006	lys006	https://www.chemicalprobes.org/
ZEGMEJVULDALSH-NSHDSACASA-N	P09960	inhibitor	IC50		3.7	nM	cell	Human PBMC ionophore stimulated LTB4 release assay with 4 h compound preincubation (Eicosanoid Release assay). (IC90 27 nM)				Chemical Probes Portal	LYS006	lys006	https://www.chemicalprobes.org/
ZEGMEJVULDALSH-NSHDSACASA-N	P09960	inhibitor	IC50		53	nM	cell	Whole Blood ionophore stimulated LTB4 release assay with 4 h compound preincubation (Eicosanoid Release assay). (148 nM IC90)				Chemical Probes Portal	LYS006	lys006	https://www.chemicalprobes.org/
SNCRCEGCQVMUBS-DNVCBOLYSA-N	O76083	inhibitor			1.8	nM	biochemical	Enzymatic assay using recombinant proteins				Chemical Probes Portal	PF-4181366	pf-4181366	https://www.chemicalprobes.org/
SNCRCEGCQVMUBS-DNVCBOLYSA-N	O76083	inhibitor					cell					Chemical Probes Portal	PF-4181366	pf-4181366	https://www.chemicalprobes.org/
FNBUZGRPJLEIMO-UHFFFAOYSA-N	O15427	inhibitor			77	nM	biochemical	Fluorescence Cross Correlation Spectroscopy				Chemical Probes Portal	DOI:10.1021/acs.jmedchem.1c00448	msc-4381	https://www.chemicalprobes.org/
FNBUZGRPJLEIMO-UHFFFAOYSA-N	O15427	inhibitor	IC50		1	nM	cell	Lactate efflux inhibition assay				Chemical Probes Portal	DOI:10.1021/acs.jmedchem.1c00448	msc-4381	https://www.chemicalprobes.org/
OBSYBRPAKCASQB-AGQYDFLVSA-N	P41145	agonist			16	nM	biochemical					Chemical Probes Portal	Salvinorin-A	salvinorin	https://www.chemicalprobes.org/
OBSYBRPAKCASQB-AGQYDFLVSA-N	P41145	agonist	EC50		235	nM	cell	"Agonism for guinea pig KOR.
In 293 cells, Salvinorin A inhibited adenylate cyclase with EC50 = 1.05 nM."				Chemical Probes Portal	Salvinorin-A	salvinorin	https://www.chemicalprobes.org/
ORDHXXHTBUZRCN-NTEUORMPSA-N	Q8NER1	antagonist	IC50		7	nM	cell	blockade of capsaicin-induced Ca2+ flux (FLIPR)				Chemical Probes Portal	DOI:10.1021/acs.jmedchem.5b00132	mavatrep	https://www.chemicalprobes.org/
ORDHXXHTBUZRCN-NTEUORMPSA-N	Q8NER1	antagonist	IC50		4.6	nM	cell	Human TRPV1 Binding Assay				Chemical Probes Portal	DOI:10.1021/acs.jmedchem.5b00132	mavatrep	https://www.chemicalprobes.org/
CUBDGLIBZGKXKQ-ZBLYBZFDSA-N	O14842	full agonist					biochemical					Chemical Probes Portal	AM-6226	am-6226	https://www.chemicalprobes.org/
CUBDGLIBZGKXKQ-ZBLYBZFDSA-N	O14842	full agonist	EC50		130	nM	cell	Aequorin Calcium assay (Emax 105%)				Chemical Probes Portal	AM-6226	am-6226	https://www.chemicalprobes.org/
CUBDGLIBZGKXKQ-ZBLYBZFDSA-N	O14842	full agonist	IC50		5.7	nM	cell	Inositol phosphate assay				Chemical Probes Portal	AM-6226	am-6226	https://www.chemicalprobes.org/
CUBDGLIBZGKXKQ-ZBLYBZFDSA-N	O14842	full agonist	IC50		940	nM	cell	Insulin secretion potentiation assay				Chemical Probes Portal	AM-6226	am-6226	https://www.chemicalprobes.org/
XPLWBHWPOUEOSJ-GSZYCOFVSA-N	O14842	agonist					cell					Chemical Probes Portal	PMID:24900707	am-5262	https://www.chemicalprobes.org/
XPLWBHWPOUEOSJ-GSZYCOFVSA-N	O14842	agonist	EC50		81	nM	cell	GPR40 aqueorin assay (Emax 101%)				Chemical Probes Portal	PMID:24900707	am-5262	https://www.chemicalprobes.org/
YSVWFFNZZGLLAI-XNTOLAJGSA-N	Q969F8	agonist			0.089	nM	biochemical	Biological Activity of Nonapeptide Metastin human analogs				Chemical Probes Portal	DOI:10.1021/jm401056w	kiss1-305	https://www.chemicalprobes.org/
YSVWFFNZZGLLAI-XNTOLAJGSA-N	Q969F8	agonist			0.1	nM	biochemical	Biological Activity of Nonapeptide Metastin rat analogs				Chemical Probes Portal	DOI:10.1021/jm401056w	kiss1-305	https://www.chemicalprobes.org/
YSVWFFNZZGLLAI-XNTOLAJGSA-N	Q969F8	agonist	IC50		8.94	nM	cell	Inhibition of CHO/h175 Cell Growth by Metastin and Metastin Analogs				Chemical Probes Portal	DOI:10.1021/jm401056w	kiss1-305	https://www.chemicalprobes.org/
LPCWQWNRCGWRFC-UHFFFAOYSA-N	Q9Y657	inhibitor			3000	nM	binding	ITC				Chemical Probes Portal	EML631	eml631	https://www.chemicalprobes.org/
LPCWQWNRCGWRFC-UHFFFAOYSA-N	Q9Y657	inhibitor					cell	Cellular Thermal Shift Assay (CETSA)				Chemical Probes Portal	EML631	eml631	https://www.chemicalprobes.org/
JYTIXGYXBIBOMN-UHFFFAOYSA-N	Q96RI1	partial agonist			7	nM	biochemical	FXR coactivator interaction assay (57% efficacy)				Chemical Probes Portal	Nidufexor	nidufexor	https://www.chemicalprobes.org/
JYTIXGYXBIBOMN-UHFFFAOYSA-N	Q96RI1	partial agonist	EC50		32	nM	cell	BSEP-luciferase reporter gene assay (50% efficacy)				Chemical Probes Portal	Nidufexor	nidufexor	https://www.chemicalprobes.org/
KLHOCHQJHXNKAS-UHFFFAOYSA-N	O00625	pirin ligand			44	nM	biochemical	Surface Plasmon Resonance				Chemical Probes Portal	CCT251236	cct251236	https://www.chemicalprobes.org/
KLHOCHQJHXNKAS-UHFFFAOYSA-N	O00625	pirin ligand	IC50		19	nM	cell	In SK-OV-3 cells, CCT251236 inhibited 17-AAG-induced HSP72 expression (assayed by ELISA). This assay was designed as an HSF1 phenotypic screen.				Chemical Probes Portal	CCT251236	cct251236	https://www.chemicalprobes.org/
IFRGXKKQHBVPCQ-UHFFFAOYSA-N	P07900	inhibitor			0.71	nM	binding	ITC				Chemical Probes Portal	Onalespib	onalespib	https://www.chemicalprobes.org/
IFRGXKKQHBVPCQ-UHFFFAOYSA-N	P07900	inhibitor	IC50		30	nM	cell	Expression Inhibition for the oncogenic client proteins Raf-1 and CDK4 (WB)				Chemical Probes Portal	Onalespib	onalespib	https://www.chemicalprobes.org/
IFRGXKKQHBVPCQ-UHFFFAOYSA-N	P08238	inhibitor			0.71	nM	binding	ITC				Chemical Probes Portal	Onalespib	onalespib	https://www.chemicalprobes.org/
IFRGXKKQHBVPCQ-UHFFFAOYSA-N	P08238	inhibitor	IC50		30	nM	cell	Expression Inhibition for the oncogenic client proteins Raf-1 and CDK4 (WB)				Chemical Probes Portal	Onalespib	onalespib	https://www.chemicalprobes.org/
BKLJDIJJOOQUFG-UHFFFAOYSA-N	P11166	inhibitor			2	nM	biochemical	Inhibition of glucose uptake measured by measuring ATP levels using CellTiter-Glo Luminescent Cell viability assay				Chemical Probes Portal	DOI:10.1002/cmdc.201600276	bay-876	https://www.chemicalprobes.org/
BKLJDIJJOOQUFG-UHFFFAOYSA-N	P11166	inhibitor	IC50		3.2	nM	cell	Glucose uptake assay in HeLa-MaTu cell line				Chemical Probes Portal	DOI:10.1002/cmdc.201600276	bay-876	https://www.chemicalprobes.org/
FYQFEJFTCLKXTQ-UHFFFAOYSA-N	P55055	inverse agonist	IC50	>=	15	nM	cell	consensus LXRE- and endogenous (FASN) promoter driven luciferase reporter-assays in various cancer cells | 15 to 104 nM				Chemical Probes Portal	SR9243	sr9243	https://www.chemicalprobes.org/
FYQFEJFTCLKXTQ-UHFFFAOYSA-N	Q13133	inverse agonist	IC50	>=	15	nM	cell	consensus LXRE- and endogenous (FASN) promoter driven luciferase reporter-assays in various cancer cells | 15 to 104 nM				Chemical Probes Portal	SR9243	sr9243	https://www.chemicalprobes.org/
RRELDGDKULRRDM-UHFFFAOYSA-N	P41182	inhibitor			100	nM	biochemical	ELISA				Chemical Probes Portal	DOI:10.1016/j.bmc.2017.07.037	tp-021	https://www.chemicalprobes.org/
RRELDGDKULRRDM-UHFFFAOYSA-N	P41182	inhibitor	IC50		720	nM	cell	Cell-based mammalian two-hybrid assay (M2H)				Chemical Probes Portal	DOI:10.1016/j.bmc.2017.07.037	tp-021	https://www.chemicalprobes.org/
IYHHRZBKXXKDDY-UHFFFAOYSA-N	O14920	inhibitor			280	nM	biochemical	In vitro kinase assay at 0.100 mM ATP				Chemical Probes Portal	BI 605906	bi605906	https://www.chemicalprobes.org/
IYHHRZBKXXKDDY-UHFFFAOYSA-N	O14920	inhibitor			49	nM	biochemical	Inhibition of IKKbeta				Chemical Probes Portal	BI 605906	bi605906	https://www.chemicalprobes.org/
IYHHRZBKXXKDDY-UHFFFAOYSA-N	O14920	inhibitor	EC50		900	nM	cell	Inhibition of phospho-IκBα in HeLa cells				Chemical Probes Portal	BI 605906	bi605906	https://www.chemicalprobes.org/
IYHHRZBKXXKDDY-UHFFFAOYSA-N	O14920	inhibitor	EC50		700	nM	cell	(Inhibition of expression of ICAM1 in HeLa cells				Chemical Probes Portal	BI 605906	bi605906	https://www.chemicalprobes.org/
DYUTWRFEEOPXMN-UHFFFAOYSA-N	O75306	inhibitor	IC50		79	nM	cell	Proliferation assay with cellular ATP kit HTS				Chemical Probes Portal	DOI:10.6019/CHEMBL4507313	bay-179	https://www.chemicalprobes.org/
DYUTWRFEEOPXMN-UHFFFAOYSA-N	O75306	inhibitor	IC50		33	nM	cell	Proliferation assay with CellTiter-Glo ATP				Chemical Probes Portal	DOI:10.6019/CHEMBL4507313	bay-179	https://www.chemicalprobes.org/
AUYCSWFYKYVCLD-HXUWFJFHSA-N	Q9NWZ3	inhibitor			1.4	nM	biochemical	Biochemical Assay (FRET) | 1.4 ±0.32 nM				Chemical Probes Portal	DOI:10.1021/acsmedchemlett.9b00380	gne-2256	https://www.chemicalprobes.org/
AUYCSWFYKYVCLD-HXUWFJFHSA-N	Q9NWZ3	inhibitor			80	%	biochemical	Biochemical assay | 80 ± 9.2 %				Chemical Probes Portal	DOI:10.1021/acsmedchemlett.9b00380	gne-2256	https://www.chemicalprobes.org/
AUYCSWFYKYVCLD-HXUWFJFHSA-N	Q9NWZ3	inhibitor	IC50		190	nM	cell	R848-induced IL-6 production in human whole blood | 190 ± 79 nM				Chemical Probes Portal	DOI:10.1021/acsmedchemlett.9b00380	gne-2256	https://www.chemicalprobes.org/
AUYCSWFYKYVCLD-HXUWFJFHSA-N	Q9NWZ3	inhibitor	IC50		3.3	nM	cell	NanoBRET assay (IRAK4)				Chemical Probes Portal	DOI:10.1021/acsmedchemlett.9b00380	gne-2256	https://www.chemicalprobes.org/
AUYCSWFYKYVCLD-HXUWFJFHSA-N	Q9NWZ3	inhibitor	IC50		290	nM	cell	IFNalpha human whole blood assay				Chemical Probes Portal	DOI:10.1021/acsmedchemlett.9b00380	gne-2256	https://www.chemicalprobes.org/
OEDSFMUSNZDJFD-UHFFFAOYSA-N	P25440	inhibitor			4.6	nM	biochemical	TR-FRET				Chemical Probes Portal	ABBV-744	abbv-744	https://www.chemicalprobes.org/
OEDSFMUSNZDJFD-UHFFFAOYSA-N	P25440	inhibitor	IC50		11	nM	cell	Cell proliferation assay | 11 nM (LNCaP)				Chemical Probes Portal	ABBV-744	abbv-744	https://www.chemicalprobes.org/
OEDSFMUSNZDJFD-UHFFFAOYSA-N	P25440	inhibitor	IC50		9	nM	cell	Cell proliferation assay | 9 nM (MDA-PCa-2B)				Chemical Probes Portal	ABBV-744	abbv-744	https://www.chemicalprobes.org/
OEDSFMUSNZDJFD-UHFFFAOYSA-N	P25440	inhibitor	IC50		18	nM	cell	Cell proliferation assay | 18 nM (MDV-R)				Chemical Probes Portal	ABBV-744	abbv-744	https://www.chemicalprobes.org/
OEDSFMUSNZDJFD-UHFFFAOYSA-N	O60885	inhibitor			1.6	nM	binding	SPR				Chemical Probes Portal	ABBV-744	abbv-744	https://www.chemicalprobes.org/
OEDSFMUSNZDJFD-UHFFFAOYSA-N	O60885	inhibitor	IC50		27.5		cell	NanoBRET				Chemical Probes Portal	ABBV-744	abbv-744	https://www.chemicalprobes.org/
OEDSFMUSNZDJFD-UHFFFAOYSA-N	Q15059	inhibitor			4.9	nM	biochemical	TR-FRET				Chemical Probes Portal	ABBV-744	abbv-744	https://www.chemicalprobes.org/
OEDSFMUSNZDJFD-UHFFFAOYSA-N	Q15059	inhibitor	IC50		11	nM	cell	Cell proliferation assay | 11 nM (LNCaP)				Chemical Probes Portal	ABBV-744	abbv-744	https://www.chemicalprobes.org/
OEDSFMUSNZDJFD-UHFFFAOYSA-N	Q15059	inhibitor	IC50		9	nM	cell	Cell proliferation assay | 9 nM (MDA-PCa-2B)				Chemical Probes Portal	ABBV-744	abbv-744	https://www.chemicalprobes.org/
OEDSFMUSNZDJFD-UHFFFAOYSA-N	Q15059	inhibitor	IC50		18	nM	cell	Cell proliferation assay | 18 nM (MDV-R)				Chemical Probes Portal	ABBV-744	abbv-744	https://www.chemicalprobes.org/
OEDSFMUSNZDJFD-UHFFFAOYSA-N	Q58F21	inhibitor			1	nM	biochemical	TR-FRET				Chemical Probes Portal	ABBV-744	abbv-744	https://www.chemicalprobes.org/
OEDSFMUSNZDJFD-UHFFFAOYSA-N	Q58F21	inhibitor	IC50		11	nM	cell	Cell proliferation assay | 11 nM (LNCaP)				Chemical Probes Portal	ABBV-744	abbv-744	https://www.chemicalprobes.org/
OEDSFMUSNZDJFD-UHFFFAOYSA-N	Q58F21	inhibitor	IC50		9	nM	cell	Cell proliferation assay | 9 nM (MDA-PCa-2B)				Chemical Probes Portal	ABBV-744	abbv-744	https://www.chemicalprobes.org/
OEDSFMUSNZDJFD-UHFFFAOYSA-N	Q58F21	inhibitor	IC50		18	nM	cell	Cell proliferation assay | 18 nM (MDV-R)				Chemical Probes Portal	ABBV-744	abbv-744	https://www.chemicalprobes.org/
QMHRLXNEGYTSRV-UHFFFAOYSA-N	P19634	antagonist			6	nM	biochemical	pHi change assay: SLC9A1				Chemical Probes Portal	BI-9627	bi-9627	https://www.chemicalprobes.org/
QMHRLXNEGYTSRV-UHFFFAOYSA-N	P19634	antagonist	EC50		31	nM	cell	Human platelet swelling inhibition (hPSA) assay				Chemical Probes Portal	BI-9627	bi-9627	https://www.chemicalprobes.org/
QMHRLXNEGYTSRV-UHFFFAOYSA-N	P19634	antagonist	EC50		138	nM	cell	Rat PSA				Chemical Probes Portal	BI-9627	bi-9627	https://www.chemicalprobes.org/
LQEHCKYYIXQEBM-FUKIBTTHSA-N	P24530	antagonist			8.8	nM	biochemical	125I-labelled ET-1 saturation binding studies with EDNRB				Chemical Probes Portal	A-192621	a-192621	https://www.chemicalprobes.org/
LQEHCKYYIXQEBM-FUKIBTTHSA-N	P24530	antagonist			4.5	nM	biochemical	Inhibition of 125I labeled ET-3 binding to EDNRB				Chemical Probes Portal	A-192621	a-192621	https://www.chemicalprobes.org/
LQEHCKYYIXQEBM-FUKIBTTHSA-N	P24530	antagonist	IC50		0.8	nM	cell	EDNRB- dependent phosphatidylinositol hydrolysis assay				Chemical Probes Portal	A-192621	a-192621	https://www.chemicalprobes.org/
WEGLOYDTDILXDA-OAHLLOKOSA-N	Q07889	inhibitor			21	nM	biochemical	SOS1 interaction assay				Chemical Probes Portal	DOI:10.1073/pnas.1812963116	bay-293	https://www.chemicalprobes.org/
WEGLOYDTDILXDA-OAHLLOKOSA-N	Q07889	inhibitor	IC50	<	1000	nM	cell	Inhibition of RAS-activation				Chemical Probes Portal	DOI:10.1073/pnas.1812963116	bay-293	https://www.chemicalprobes.org/
WEGLOYDTDILXDA-OAHLLOKOSA-N	Q07889	inhibitor	IC50	<	1000	nM	cell	pERK levels in K-562 cells				Chemical Probes Portal	DOI:10.1073/pnas.1812963116	bay-293	https://www.chemicalprobes.org/
CSJYMAFXYMYNCK-UHFFFAOYSA-N	Q99571	inhibitor			211	nM	biochemical	"FLIPR assay: Human P2RX4 IC50 at 211 nM (HEK, Ca2+) 
Equipotent on human, rat (IC50 = 233 nM) and mouse (IC50 = 112 nM) P2RX4"				Chemical Probes Portal	DOI:10.1021/acs.jmedchem.9b01304	bay-1797	https://www.chemicalprobes.org/
CSJYMAFXYMYNCK-UHFFFAOYSA-N	Q99571	inhibitor			108	nM	biochemical	"FLIPR assay: Human P2RX4 1321N1 astrocytoma, Ca2+
Equipotent on human, rat (IC50 = 233 nM) and mouse (IC50 = 112 nM) P2RX4"				Chemical Probes Portal	DOI:10.1021/acs.jmedchem.9b01304	bay-1797	https://www.chemicalprobes.org/
CSJYMAFXYMYNCK-UHFFFAOYSA-N	Q99571	inhibitor	IC50		274	nM	cell	Ephys human P2RX4 IC50 = 274 nM (Qpatch, HEK cells)				Chemical Probes Portal	DOI:10.1021/acs.jmedchem.9b01304	bay-1797	https://www.chemicalprobes.org/
CSJYMAFXYMYNCK-UHFFFAOYSA-N	Q99571	inhibitor	IC50		320	nM	cell	"Patch-clamp experiments on human P2X4
 (QPatch, 1321N1 cells)
Efficacy in several in vitro and in vivo mechanistic models was demonstrated."				Chemical Probes Portal	DOI:10.1021/acs.jmedchem.9b01304	bay-1797	https://www.chemicalprobes.org/
ILHNIWOZZKIBNW-UHFFFAOYSA-N	Q9C0B1	inhibitor			2600	nM	biochemical	HPLC assay of FTO demethylation of m6A RNA | 2600 ± 500 nM				Chemical Probes Portal	PMID:30991027	fb23-2	https://www.chemicalprobes.org/
ILHNIWOZZKIBNW-UHFFFAOYSA-N	Q9C0B1	inhibitor	IC50	>=	800	nM	cell	anti-proliferation assay | 800-1500 nM				Chemical Probes Portal	PMID:30991027	fb23-2	https://www.chemicalprobes.org/
ILHNIWOZZKIBNW-UHFFFAOYSA-N	Q9C0B1	inhibitor	activity		5000	nM	cell	increase of m6A abundance in transcriptomes assessed by dot blot or LC-MS				Chemical Probes Portal	PMID:30991027	fb23-2	https://www.chemicalprobes.org/
OAMLIJKKGZLNHE-UHFFFAOYSA-N	P19099	inhibitor	IC50		2.3	nM	cell	Assay using V79 cell lines stably expressing human CYP11B2 enzyme				Chemical Probes Portal	DOI:10.1021/acsmedchemlett.5b00054	msd-cyp11b2	https://www.chemicalprobes.org/
JTCAGRAKUAAYDY-OAHLLOKOSA-N	Q9Y5Y4	antagonist			2.5	nM	biochemical	Prostanoid receptor binding assay (PTGDR2)				Chemical Probes Portal	DOI:10.1016/j.bmcl.2010.11.015	mk-7246	https://www.chemicalprobes.org/
JTCAGRAKUAAYDY-OAHLLOKOSA-N	Q9Y5Y4	antagonist	IC50		3	nM	cell	cAMP Functional Assay				Chemical Probes Portal	DOI:10.1016/j.bmcl.2010.11.015	mk-7246	https://www.chemicalprobes.org/
JTCAGRAKUAAYDY-OAHLLOKOSA-N	Q9Y5Y4	antagonist	IC50		2.2	nM	cell	Functional Assay: Eosinophil Shape Change (whole blood)				Chemical Probes Portal	DOI:10.1016/j.bmcl.2010.11.015	mk-7246	https://www.chemicalprobes.org/
JTCAGRAKUAAYDY-OAHLLOKOSA-N	Q9Y5Y4	antagonist	IC50		2.3	nM	cell	Functional Assay: Eosinophil CD11b (whole blood)				Chemical Probes Portal	DOI:10.1016/j.bmcl.2010.11.015	mk-7246	https://www.chemicalprobes.org/
FSWFYCYPTDLKON-CMJOXMDJSA-N	P03951	inhibitor			0.11	nM	biochemical	enzyme activity assay				Chemical Probes Portal	DOI:10.1021/acs.jmedchem.1c00613	milvexian	https://www.chemicalprobes.org/
FSWFYCYPTDLKON-CMJOXMDJSA-N	P03951	inhibitor			500	nM	cell	Human aPTT coagulation assay (aPTT - activated partial thromboplastin time). EC1.5x is the plasma concentration of FXIa inhibitor that increases the clotting time to 1.5 times baseline				Chemical Probes Portal	DOI:10.1021/acs.jmedchem.1c00613	milvexian	https://www.chemicalprobes.org/
SKZQFKBIJUXXCG-INIZCTEOSA-N	P56373	antagonist	IC50		4.2	nM	cell	Measurement of fluorescence intensity in C6BU-1 transfected cells expressing P2X3 and treated with ATP as agonist				Chemical Probes Portal	DOI:10.1016/j.bmcl.2021.128384	sivopixant	https://www.chemicalprobes.org/
SKZQFKBIJUXXCG-INIZCTEOSA-N	P56373	antagonist	IC50		4	nM	cell	Measurement of fluorescence intensity in C6BU-1 transfected cells expressing rat P2X3				Chemical Probes Portal	DOI:10.1016/j.bmcl.2021.128384	sivopixant	https://www.chemicalprobes.org/
TVGAHWWPABTBCX-UHFFFAOYSA-N	P07333	inhibitor			4.2	nM	biochemical	In vitro Kinase assay		4	mM	Chemical Probes Portal	DOI:10.1158/1535-7163.MCT-21-0361	vimseltinib	https://www.chemicalprobes.org/
TVGAHWWPABTBCX-UHFFFAOYSA-N	P07333	inhibitor	IC50		19	nM	cell	Inhibition of CSF1-stimulated phosphorylation of CSF1R in the human THP1 mononuclear cell line; Inhibition of CSF1-stimulated phosphorylation of ERK downstream of CSF1R signaling in human whole blood IC50: 403 nM				Chemical Probes Portal	DOI:10.1158/1535-7163.MCT-21-0361	vimseltinib	https://www.chemicalprobes.org/
TVGAHWWPABTBCX-UHFFFAOYSA-N	P07333	inhibitor	IC50		9.2	nM	cell	Inhibition of osteoclast precursor differentiation stimulated by RANKL (measuring levels of tartrate-resistant acid phosphatase activity in the supernatant of assay wells)				Chemical Probes Portal	DOI:10.1158/1535-7163.MCT-21-0361	vimseltinib	https://www.chemicalprobes.org/
FRBRZGLUFOZRGD-JVPBZIDWSA-N	P25440	inhibitor			264	nM	biochemical	TR-FRET assay (BRD2 BD2)				Chemical Probes Portal	DOI:10.1021/acs.jmedchem.0c00605	gsk046	https://www.chemicalprobes.org/
FRBRZGLUFOZRGD-JVPBZIDWSA-N	P25440	inhibitor			250	nM	biochemical	BET mutant TR-FRET assay (BRD2 BD2)				Chemical Probes Portal	DOI:10.1021/acs.jmedchem.0c00605	gsk046	https://www.chemicalprobes.org/
FRBRZGLUFOZRGD-JVPBZIDWSA-N	P25440	inhibitor			35	nM	binding	BRD2 BD2 Bromoscan (DiscoverX)				Chemical Probes Portal	DOI:10.1021/acs.jmedchem.0c00605	gsk046	https://www.chemicalprobes.org/
FRBRZGLUFOZRGD-JVPBZIDWSA-N	Q15059	inhibitor			98	nM	biochemical	TR-FRET assay (BRD3 BD2)				Chemical Probes Portal	DOI:10.1021/acs.jmedchem.0c00605	gsk046	https://www.chemicalprobes.org/
FRBRZGLUFOZRGD-JVPBZIDWSA-N	Q15059	inhibitor			100	nM	biochemical	BET mutant TR-FRET assay (BRD3 BD2)				Chemical Probes Portal	DOI:10.1021/acs.jmedchem.0c00605	gsk046	https://www.chemicalprobes.org/
FRBRZGLUFOZRGD-JVPBZIDWSA-N	Q15059	inhibitor			32	nM	binding	BRD3 BD2 Bromoscan (DiscoverX)				Chemical Probes Portal	DOI:10.1021/acs.jmedchem.0c00605	gsk046	https://www.chemicalprobes.org/
FRBRZGLUFOZRGD-JVPBZIDWSA-N	O60885	inhibitor			49	nM	biochemical	TR-FRET assay (BRD4 BD2)				Chemical Probes Portal	DOI:10.1021/acs.jmedchem.0c00605	gsk046	https://www.chemicalprobes.org/
FRBRZGLUFOZRGD-JVPBZIDWSA-N	O60885	inhibitor			50	nM	biochemical	BET mutant TR-FRET assay (BRD4 BD2)				Chemical Probes Portal	DOI:10.1021/acs.jmedchem.0c00605	gsk046	https://www.chemicalprobes.org/
FRBRZGLUFOZRGD-JVPBZIDWSA-N	O60885	inhibitor			9	nM	binding	BRD4 BD2 Bromoscan (DiscoverX)				Chemical Probes Portal	DOI:10.1021/acs.jmedchem.0c00605	gsk046	https://www.chemicalprobes.org/
FRBRZGLUFOZRGD-JVPBZIDWSA-N	O60885	inhibitor			30	nM	binding	SPR				Chemical Probes Portal	DOI:10.1021/acs.jmedchem.0c00605	gsk046	https://www.chemicalprobes.org/
FRBRZGLUFOZRGD-JVPBZIDWSA-N	O60885	inhibitor	IC50		315	nM	cell	In vitro inhibition of MCP-1 in Lipopolysaccharide-stimulated human whole blood				Chemical Probes Portal	DOI:10.1021/acs.jmedchem.0c00605	gsk046	https://www.chemicalprobes.org/
FRBRZGLUFOZRGD-JVPBZIDWSA-N	O60885	inhibitor	IC50		31	nM	cell	LPS-PBMC assay (MCP-1)				Chemical Probes Portal	DOI:10.1021/acs.jmedchem.0c00605	gsk046	https://www.chemicalprobes.org/
FRBRZGLUFOZRGD-JVPBZIDWSA-N	Q58F21	inhibitor			214	nM	biochemical	TR-FRET assay (BRDT BD2)				Chemical Probes Portal	DOI:10.1021/acs.jmedchem.0c00605	gsk046	https://www.chemicalprobes.org/
FRBRZGLUFOZRGD-JVPBZIDWSA-N	Q58F21	inhibitor			200	nM	biochemical	BET mutant TR-FRET assay (BRDT BD2)				Chemical Probes Portal	DOI:10.1021/acs.jmedchem.0c00605	gsk046	https://www.chemicalprobes.org/
FRBRZGLUFOZRGD-JVPBZIDWSA-N	Q58F21	inhibitor			15	nM	binding	BRDT BD2 Bromoscan (DiscoverX)				Chemical Probes Portal	DOI:10.1021/acs.jmedchem.0c00605	gsk046	https://www.chemicalprobes.org/
PXQATVYJKMMHAU-UHFFFAOYSA-N	P32246	antagonist			5.4	nM	binding	CCR1 binding affinity Scintillation Proximity Assay binding				Chemical Probes Portal	DOI:10.1016/j.bmcl.2018.12.024	bi-639667	https://www.chemicalprobes.org/
PXQATVYJKMMHAU-UHFFFAOYSA-N	P32246	antagonist			24	nM	biochemical	CCR1 molecular potency, IC50= 24nM (Ca2+ flux)				Chemical Probes Portal	DOI:10.1016/j.bmcl.2018.12.024	bi-639667	https://www.chemicalprobes.org/
PXQATVYJKMMHAU-UHFFFAOYSA-N	P32246	antagonist	IC50		2.4	nM	cell	CCR1 cellular potency, chemotaxis				Chemical Probes Portal	DOI:10.1016/j.bmcl.2018.12.024	bi-639667	https://www.chemicalprobes.org/
PXQATVYJKMMHAU-UHFFFAOYSA-N	P32246	antagonist	IC50		9	nM	cell	Whole blood potency for CCR1 internalization				Chemical Probes Portal	DOI:10.1016/j.bmcl.2018.12.024	bi-639667	https://www.chemicalprobes.org/
YNFDIGJKJPNFFD-SJORKVTESA-N	P49327	inhibitor			79	nM	biochemical	Inhibition of FASN				Chemical Probes Portal	DOI:10.1016/j.bmcl.2011.07.083	bi-99179	https://www.chemicalprobes.org/
YNFDIGJKJPNFFD-SJORKVTESA-N	P49327	inhibitor	IC50		570	nM	cell	Inhibition of [14C]acetate incorporation into mouse N-42 cells				Chemical Probes Portal	DOI:10.1016/j.bmcl.2011.07.083	bi-99179	https://www.chemicalprobes.org/
YNFDIGJKJPNFFD-SJORKVTESA-N	P49327	inhibitor	IC50		180	nM	cell	Inhibition of [14C]acetate incorporation into human H1975 cells				Chemical Probes Portal	DOI:10.1016/j.bmcl.2011.07.083	bi-99179	https://www.chemicalprobes.org/
PCJVXTDIDUMIRR-QGZVFWFLSA-N	P23946	inhibitor			0.4	nM	biochemical	Inhibition of recombinant human CMA1				Chemical Probes Portal	DOI:10.1021/jm400138z	bi-1942	https://www.chemicalprobes.org/
PCJVXTDIDUMIRR-QGZVFWFLSA-N	P23946	inhibitor	IC50		198	nM	cell	Angiotensin II formation by CMA1 in human plasma				Chemical Probes Portal	DOI:10.1021/jm400138z	bi-1942	https://www.chemicalprobes.org/
RPHDOVLXDYWDGF-UHFFFAOYSA-N	P21917	agonist			3	nM	binding	Radioligand binding assay (DRD4)				Chemical Probes Portal	DOI:10.1126/science.aan5468	ucsf924	https://www.chemicalprobes.org/
RPHDOVLXDYWDGF-UHFFFAOYSA-N	P21917	agonist	EC50		0.2	nM	cell	BRET-Gi dissociation assay				Chemical Probes Portal	DOI:10.1126/science.aan5468	ucsf924	https://www.chemicalprobes.org/
RPHDOVLXDYWDGF-UHFFFAOYSA-N	P21917	agonist	EC50		4.2	nM	cell	cAMP receptor assay				Chemical Probes Portal	DOI:10.1126/science.aan5468	ucsf924	https://www.chemicalprobes.org/
KVJFJJXCBRSCDY-UHFFFAOYSA-N	O95251	inhibitor			30	nM	biochemical	Biochemical (acetyltransferase) assay				Chemical Probes Portal	DOI:10.1038/s41586-019-1835-6	wm-3835	https://www.chemicalprobes.org/
KVJFJJXCBRSCDY-UHFFFAOYSA-N	O95251	inhibitor			34	nM	binding	SPR				Chemical Probes Portal	DOI:10.1038/s41586-019-1835-6	wm-3835	https://www.chemicalprobes.org/
KVJFJJXCBRSCDY-UHFFFAOYSA-N	O95251	inhibitor	IC50		297	nM	cell	Growth inhibition assays of the MLL–AF9 AML cell line Molm13 treated with WM-3835 at the doses indicated. Boxes represent minimum and maximum values. n = 11. Mean ± s.e.m				Chemical Probes Portal	DOI:10.1038/s41586-019-1835-6	wm-3835	https://www.chemicalprobes.org/
PGIVGIFOWOVINL-GOSISDBHSA-N	P08246	inhibitor			20	nM	biochemical	Biochemical Neutrophil Elastase Assay				Chemical Probes Portal	DOI:10.1002/cmdc.201500131	bay-678	https://www.chemicalprobes.org/
PGIVGIFOWOVINL-GOSISDBHSA-N	P08246	inhibitor			15	nM	biochemical	Biochemical Neutrophil Elastase Assay				Chemical Probes Portal	DOI:10.1002/cmdc.201500131	bay-678	https://www.chemicalprobes.org/
PGIVGIFOWOVINL-GOSISDBHSA-N	P08246	inhibitor					cell	Extracellular protein, no evidence of intracellular activity				Chemical Probes Portal	DOI:10.1002/cmdc.201500131	bay-678	https://www.chemicalprobes.org/
WZQLVEPIBAOOGF-RMMWZPCPSA-N	P25440	inhibitor			32	nM	biochemical	BET mutant TR-FRET assay (BRD2 BD2)				Chemical Probes Portal	DOI:10.1021/acsmedchemlett.0c00247	gsk973	https://www.chemicalprobes.org/
WZQLVEPIBAOOGF-RMMWZPCPSA-N	P25440	inhibitor			5	nM	binding	BRD2 BD2 Bromoscan (DiscoverX)				Chemical Probes Portal	DOI:10.1021/acsmedchemlett.0c00247	gsk973	https://www.chemicalprobes.org/
WZQLVEPIBAOOGF-RMMWZPCPSA-N	Q15059	inhibitor			16	nM	biochemical	BET mutant TR-FRET assay (BRD3 BD2)				Chemical Probes Portal	DOI:10.1021/acsmedchemlett.0c00247	gsk973	https://www.chemicalprobes.org/
WZQLVEPIBAOOGF-RMMWZPCPSA-N	Q15059	inhibitor			3	nM	binding	BRD3 BD2 Bromoscan (DiscoverX)				Chemical Probes Portal	DOI:10.1021/acsmedchemlett.0c00247	gsk973	https://www.chemicalprobes.org/
WZQLVEPIBAOOGF-RMMWZPCPSA-N	O60885	inhibitor			16	nM	biochemical	BET mutant TR-FRET assay (BRD4 BD2)				Chemical Probes Portal	DOI:10.1021/acsmedchemlett.0c00247	gsk973	https://www.chemicalprobes.org/
WZQLVEPIBAOOGF-RMMWZPCPSA-N	O60885	inhibitor			2	nM	binding	BR43 BD2 Bromoscan (DiscoverX)				Chemical Probes Portal	DOI:10.1021/acsmedchemlett.0c00247	gsk973	https://www.chemicalprobes.org/
WZQLVEPIBAOOGF-RMMWZPCPSA-N	O60885	inhibitor			34	nM	binding	BRD4 BD2 SPR				Chemical Probes Portal	DOI:10.1021/acsmedchemlett.0c00247	gsk973	https://www.chemicalprobes.org/
WZQLVEPIBAOOGF-RMMWZPCPSA-N	O60885	inhibitor	IC50		50	nM	cell	In vitro inhibition of MCP-1 in Lipopolysaccharide-stimulated human whole blood				Chemical Probes Portal	DOI:10.1021/acsmedchemlett.0c00247	gsk973	https://www.chemicalprobes.org/
WZQLVEPIBAOOGF-RMMWZPCPSA-N	Q58F21	inhibitor			16	nM	biochemical	BET mutant TR-FRET assay (BRDT BD2)				Chemical Probes Portal	DOI:10.1021/acsmedchemlett.0c00247	gsk973	https://www.chemicalprobes.org/
WZQLVEPIBAOOGF-RMMWZPCPSA-N	Q58F21	inhibitor			5	nM	binding	BRDT BD2 Bromoscan (DiscoverX)				Chemical Probes Portal	DOI:10.1021/acsmedchemlett.0c00247	gsk973	https://www.chemicalprobes.org/
QZZCUOVXHPAQRQ-UHFFFAOYSA-N	P25440	inhibitor			285	nM	biochemical	TR-FRET assay (BRD2 BD2)				Chemical Probes Portal	DOI:10.1021/acs.jmedchem.0c00796	gsk620	https://www.chemicalprobes.org/
QZZCUOVXHPAQRQ-UHFFFAOYSA-N	P25440	inhibitor			318	nM	biochemical	BET mutant TR-FRET assay (BRD2 BD2)				Chemical Probes Portal	DOI:10.1021/acs.jmedchem.0c00796	gsk620	https://www.chemicalprobes.org/
QZZCUOVXHPAQRQ-UHFFFAOYSA-N	P25440	inhibitor			15	nM	binding	BRD2 BD2 Bromoscan (DiscoverX)				Chemical Probes Portal	DOI:10.1021/acs.jmedchem.0c00796	gsk620	https://www.chemicalprobes.org/
QZZCUOVXHPAQRQ-UHFFFAOYSA-N	Q15059	inhibitor			72	nM	biochemical	TR-FRET assay (BRD3 BD2)				Chemical Probes Portal	DOI:10.1021/acs.jmedchem.0c00796	gsk620	https://www.chemicalprobes.org/
QZZCUOVXHPAQRQ-UHFFFAOYSA-N	Q15059	inhibitor			63	nM	biochemical	BET mutant TR-FRET assay (BRD3 BD2)				Chemical Probes Portal	DOI:10.1021/acs.jmedchem.0c00796	gsk620	https://www.chemicalprobes.org/
QZZCUOVXHPAQRQ-UHFFFAOYSA-N	Q15059	inhibitor			12	nM	binding	BRD3 BD2 Bromoscan (DiscoverX)				Chemical Probes Portal	DOI:10.1021/acs.jmedchem.0c00796	gsk620	https://www.chemicalprobes.org/
QZZCUOVXHPAQRQ-UHFFFAOYSA-N	O60885	inhibitor			81	nM	biochemical	TR-FRET assay (BRD4 BD2)				Chemical Probes Portal	DOI:10.1021/acs.jmedchem.0c00796	gsk620	https://www.chemicalprobes.org/
QZZCUOVXHPAQRQ-UHFFFAOYSA-N	O60885	inhibitor			63	nM	biochemical	BET mutant TR-FRET assay (BRD4 BD2)				Chemical Probes Portal	DOI:10.1021/acs.jmedchem.0c00796	gsk620	https://www.chemicalprobes.org/
QZZCUOVXHPAQRQ-UHFFFAOYSA-N	O60885	inhibitor			6	nM	binding	BRD4 BD2 Bromoscan (DiscoverX)				Chemical Probes Portal	DOI:10.1021/acs.jmedchem.0c00796	gsk620	https://www.chemicalprobes.org/
QZZCUOVXHPAQRQ-UHFFFAOYSA-N	O60885	inhibitor			50	nM	binding	BRD4 BD2 SPR				Chemical Probes Portal	DOI:10.1021/acs.jmedchem.0c00796	gsk620	https://www.chemicalprobes.org/
QZZCUOVXHPAQRQ-UHFFFAOYSA-N	O60885	inhibitor	IC50		790	nM	cell	In vitro inhibition of MCP-1 in Lipopolysaccharide-stimulated human whole blood				Chemical Probes Portal	DOI:10.1021/acs.jmedchem.0c00796	gsk620	https://www.chemicalprobes.org/
QZZCUOVXHPAQRQ-UHFFFAOYSA-N	O60885	inhibitor	IC50		63	nM	cell	LPS-PBMC assay (MCP-1)				Chemical Probes Portal	DOI:10.1021/acs.jmedchem.0c00796	gsk620	https://www.chemicalprobes.org/
QZZCUOVXHPAQRQ-UHFFFAOYSA-N	Q58F21	inhibitor			184	nM	biochemical	TR-FRET assay (BRDT BD2)				Chemical Probes Portal	DOI:10.1021/acs.jmedchem.0c00796	gsk620	https://www.chemicalprobes.org/
QZZCUOVXHPAQRQ-UHFFFAOYSA-N	Q58F21	inhibitor			200	nM	biochemical	BET mutant TR-FRET assay (BRDT BD2)				Chemical Probes Portal	DOI:10.1021/acs.jmedchem.0c00796	gsk620	https://www.chemicalprobes.org/
QZZCUOVXHPAQRQ-UHFFFAOYSA-N	Q58F21	inhibitor			15	nM	binding	BRDT BD2 Bromoscan (DiscoverX)				Chemical Probes Portal	DOI:10.1021/acs.jmedchem.0c00796	gsk620	https://www.chemicalprobes.org/
JZTTUZXIQIRVAB-FZEVHQGJSA-N	P20701	inhibitor			9	nM	biochemical	ITGAL binding assay				Chemical Probes Portal	DOI:10.1002/jlcr.3698	bi-1950	https://www.chemicalprobes.org/
JZTTUZXIQIRVAB-FZEVHQGJSA-N	P20701	inhibitor	IC50		3	nM	cell	Inhibits staphylococcal enterotoxin B-induced production of IL2 in human PBMC (peripheral blood mononuclear cell)				Chemical Probes Portal	DOI:10.1002/jlcr.3698	bi-1950	https://www.chemicalprobes.org/
JZTTUZXIQIRVAB-FZEVHQGJSA-N	P20701	inhibitor	IC50		120	nM	cell	Inhibits staphylococcal enterotoxin B-induced production of IL2 in human whole blood				Chemical Probes Portal	DOI:10.1002/jlcr.3698	bi-1950	https://www.chemicalprobes.org/
ZLGNYFOIDAVMHY-MPKOGUQCSA-N	Q00987	degrader (protac)			0.16	nM	binding	Fluorescence Polarization-Based (FP-Based)				Chemical Probes Portal	MD-224	md-224	https://www.chemicalprobes.org/
ZLGNYFOIDAVMHY-MPKOGUQCSA-N	Q00987	degrader (protac)			4.4	nM	biochemical	Protein Binding Assay, Mi-1061 binding MDM2				Chemical Probes Portal	MD-224	md-224	https://www.chemicalprobes.org/
ZLGNYFOIDAVMHY-MPKOGUQCSA-N	Q00987	degrader (protac)	IC50		1.5	nM	cell	cell growth inhibition assay, western blots assessing MDM2 degradation and p53 activation; Cell Growth Inhibition, Activity of MD-224 in a Panel of Human AML or ALL Cell Lines MOLM-13 7.3 nM, OL-14, 10.5 nM, SIG-M5 19.8 nM, ML-2 4.4 nM, OCL-AML-5 33.1 nM, mono-Man-6 >10 uM, KG-1 >10 uM. MD-224 is highly selective over leukemia cell lines with mutated p53.				Chemical Probes Portal	MD-224	md-224	https://www.chemicalprobes.org/
QULDDKSCVCJTPV-UHFFFAOYSA-N	P07900	inhibitor			1.7	nM	binding	fluorescence polarization competition assay | 1.7 ± 0.4 nM				Chemical Probes Portal	BIIB021	biib021	https://www.chemicalprobes.org/
QULDDKSCVCJTPV-UHFFFAOYSA-N	P07900	inhibitor	EC50		38	nM	cell	HER-2 Degradation Assay, Western Blot | 38 ± 10 nM (EC50)				Chemical Probes Portal	BIIB021	biib021	https://www.chemicalprobes.org/
QULDDKSCVCJTPV-UHFFFAOYSA-N	P07900	inhibitor	IC50	>=	60	nM	cell	HER-2 Degradation Assay, Western Blot | 60-310 nM (IC50)				Chemical Probes Portal	BIIB021	biib021	https://www.chemicalprobes.org/
QULDDKSCVCJTPV-UHFFFAOYSA-N	P08238	inhibitor			1.7	nM	binding	fluorescence polarization competition assay | 1.7 ± 0.4 nM				Chemical Probes Portal	BIIB021	biib021	https://www.chemicalprobes.org/
QULDDKSCVCJTPV-UHFFFAOYSA-N	P08238	inhibitor	EC50		38	nM	cell	HER-2 Degradation Assay,  Western Blot | 38 ± 10 nM (EC50)				Chemical Probes Portal	BIIB021	biib021	https://www.chemicalprobes.org/
BLVQHYHDYFTPDV-VCABWLAWSA-N	O15379	inhibitor			0.08	uM	biochemical	Substrate-dependent biochemical assays (Reaction Biology). Extensive biochemical characterization has been published on a related compound 106 (Chem Biol. publication): HDAD3 Ki= 14 nM; IC50 with recombinant HDAC3=0.79 uM.				Chemical Probes Portal	RGFP966	rgfp966	https://www.chemicalprobes.org/
BLVQHYHDYFTPDV-VCABWLAWSA-N	O15379	inhibitor	IC50		1.3	uM	cell	General HDAC inhibition assay in HeLa cells.				Chemical Probes Portal	RGFP966	rgfp966	https://www.chemicalprobes.org/
VLLFGVHGKLDDLW-SFHVURJKSA-N	P56817	inhibitor			9.8	nM	biochemical	Biochemical homogeneous time-resolved fluorescence (HTRF)-based assay				Chemical Probes Portal	DOI:10.1021/acs.jmedchem.0c01917	atabecestat	https://www.chemicalprobes.org/
VLLFGVHGKLDDLW-SFHVURJKSA-N	P56817	inhibitor	IC50		1.1	nM	cell	Cellular IC50 values were determined by measuring the levels of secreted Aβ40 in human APP-transfected human neuroblastoma (SH-SY5Y) cells via an HTRF-based assay.				Chemical Probes Portal	DOI:10.1021/acs.jmedchem.0c01917	atabecestat	https://www.chemicalprobes.org/
UEMQPCYDWCSVCU-UHFFFAOYSA-N	P55201	antagonist			31	nM	binding	ITC				Chemical Probes Portal	NI-57	ni-57	https://www.chemicalprobes.org/
UEMQPCYDWCSVCU-UHFFFAOYSA-N	P55201	antagonist	IC50		70	nM	cell	Cellular ‘on-target’ activity for NI-57 was assessed in a BRPF1B-Histone3.3 nanoBRET assay which showed dose-dependent displacement of BRPF1B (but not BRPF1A) from Histone H3.3 with an estimated IC50 of 0.07 ± 0.0034 uM. These results were verified in a FRAP assay where NI-57 displaced a triple BRD-BRPF1B-GFP fusion construct, as well as full length BRD1-GFP, which was demonstrated by significant reduction in recovery times in the presence of the inhibitor. Hence, the nanoBRET and FRAP experiments confirm NI-57 inhibit BRPF BRDs in the nucleus.				Chemical Probes Portal	NI-57	ni-57	https://www.chemicalprobes.org/
UEMQPCYDWCSVCU-UHFFFAOYSA-N	O95696	antagonist			110	nM	binding	ITC				Chemical Probes Portal	NI-57	ni-57	https://www.chemicalprobes.org/
UEMQPCYDWCSVCU-UHFFFAOYSA-N	O95696	antagonist	IC50		70	nM	cell	Cellular ‘on-target’ activity for NI-57 was assessed in a BRPF1B-Histone3.3 nanoBRET assay which showed dose-dependent displacement of BRPF1B (but not BRPF1A) from Histone H3.3 with an estimated IC50 of 0.07 ± 0.0034 uM. These results were verified in a FRAP assay where NI-57 displaced a triple BRD-BRPF1B-GFP fusion construct, as well as full length BRD1-GFP, which was demonstrated by significant reduction in recovery times in the presence of the inhibitor. Hence, the nanoBRET and FRAP experiments confirm NI-57 inhibit BRPF BRDs in the nucleus.				Chemical Probes Portal	NI-57	ni-57	https://www.chemicalprobes.org/
UEMQPCYDWCSVCU-UHFFFAOYSA-N	Q9ULD4	antagonist			410	nM	binding	ITC				Chemical Probes Portal	NI-57	ni-57	https://www.chemicalprobes.org/
UEMQPCYDWCSVCU-UHFFFAOYSA-N	Q9ULD4	antagonist	IC50		70	nM	cell	Cellular ‘on-target’ activity for NI-57 was assessed in a BRPF1B-Histone3.3 nanoBRET assay which showed dose-dependent displacement of BRPF1B (but not BRPF1A) from Histone H3.3 with an estimated IC50 of 0.07 ± 0.0034 uM. These results were verified in a FRAP assay where NI-57 displaced a triple BRD-BRPF1B-GFP fusion construct, as well as full length BRD1-GFP, which was demonstrated by significant reduction in recovery times in the presence of the inhibitor. Hence, the nanoBRET and FRAP experiments confirm NI-57 inhibit BRPF BRDs in the nucleus.				Chemical Probes Portal	NI-57	ni-57	https://www.chemicalprobes.org/
XMBSZPZJLPTFMV-UHFFFAOYSA-N	P30419	inhibitor			3	nM	biochemical	"NMT enzyme assay
2 nM TbNMT, 2 nM LmNMT, 3 nM TcNMT;"				Chemical Probes Portal	DDD85646	ddd85646	https://www.chemicalprobes.org/
XMBSZPZJLPTFMV-UHFFFAOYSA-N	P30419	inhibitor			14	nM	binding	SPR (1 nM TbNMT)				Chemical Probes Portal	DDD85646	ddd85646	https://www.chemicalprobes.org/
XMBSZPZJLPTFMV-UHFFFAOYSA-N	P30419	inhibitor	EC50		2	nM	cell	trypanocidal activity in cultured T. brucei				Chemical Probes Portal	DDD85646	ddd85646	https://www.chemicalprobes.org/
XMBSZPZJLPTFMV-UHFFFAOYSA-N	O60551	inhibitor			2	nM	binding	NMT enzyme assay, SPR (KD) | 2 nM TbNMT				Chemical Probes Portal	DDD85646	ddd85646	https://www.chemicalprobes.org/
XMBSZPZJLPTFMV-UHFFFAOYSA-N	O60551	inhibitor			3	nM	binding	NMT enzyme assay, SPR (KD) | 3 nM HsNMT-1				Chemical Probes Portal	DDD85646	ddd85646	https://www.chemicalprobes.org/
XMBSZPZJLPTFMV-UHFFFAOYSA-N	O60551	inhibitor			2	nM	binding	NMT enzyme assay, SPR (KD) | 2 nM LmNMT				Chemical Probes Portal	DDD85646	ddd85646	https://www.chemicalprobes.org/
XMBSZPZJLPTFMV-UHFFFAOYSA-N	O60551	inhibitor			3	nM	binding	NMT enzyme assay, SPR (KD) | 3 nM TcNMT				Chemical Probes Portal	DDD85646	ddd85646	https://www.chemicalprobes.org/
XMBSZPZJLPTFMV-UHFFFAOYSA-N	O60551	inhibitor			1	nM	binding	NMT enzyme assay, SPR (KD) | 1 nM TbNMT				Chemical Probes Portal	DDD85646	ddd85646	https://www.chemicalprobes.org/
XMBSZPZJLPTFMV-UHFFFAOYSA-N	O60551	inhibitor			14	nM	binding	NMT enzyme assay, SPR (KD) | 14 nM HsNMT-1 KD				Chemical Probes Portal	DDD85646	ddd85646	https://www.chemicalprobes.org/
XMBSZPZJLPTFMV-UHFFFAOYSA-N	O60551	inhibitor	EC50		2	nM	cell	trypanocidal activity in cultured T. brucei				Chemical Probes Portal	DDD85646	ddd85646	https://www.chemicalprobes.org/
WILMROCKORZEMQ-VJVIIGMYSA-N	P06576	inhibitor			100	nM	biochemical	Enzyme-coupled ATPase assay. The assay buffer consisted of 60 mM Tris–acetate pH 7.8, 1 mM MgCl2, 2.5 mM phosphoenolpyruvate and 1 mM KCN. The working solution was prepared at 2× for a final concertation of 0.4 mM NADH; 3 U ml−1 of pyruvate kinase + 4.5 U ml−1 lactate dehydrogenase (Sigma P0294); ± 10 μM FCCP. Unless otherwise specified, ATP was added as a 4× solution at 200 μM. Absorbance was monitored at 340 nm using a SpectraMax Plus 384 plate reader (Molecular Devices) set at 25 °C using Softmax Pro v.4.3 acquisition software. Fifty microliters of enzyme was added to 100 μl of working solution and monitored for 2 min, 50 μl of ATP was then added for a final volume of 200 μl and absorbance was monitored over 10 min.				Chemical Probes Portal	DOI:10.1038/s41589-021-00900-9	apoptolidin	https://www.chemicalprobes.org/
WILMROCKORZEMQ-VJVIIGMYSA-N	P06576	inhibitor	EC50		5	nM	cell	MTT viability assay.. The 3-(4,5-dimethylthiazol-2-yl)-2,5-diphenyltetrazolium bromide (MTT) assay protocol was adapted from Deguire et al.19 Briefly, 100 μl of suspension cells at 100,000 cells ml−1 were added to wells of a microtiter plate precoated with 0.5 μl of test compound at 200× in dimethylsulfoxide and incubated for 48–72 h (as noted). MTT reagent was dissolved in fresh media at 1 mg ml−1 and 100 μl was added to each well to achieve a final concentration of 0.5 mg ml−1 and incubated for 2 h at 37 °C. Cells were centrifuged at 800g for 5 min and decanted. MTT crystals were redissolved in 100 μl of dimethylsulfoxide, allowed to incubate for 5 min at room temperature, and read at 560 nm using a SpectraMax plus 384 plate reader (Molecular Devices). Absorbance values were normalized by background subtraction (wells without cells) such that vehicle-treated cells had a viability of 1.0. Concentration–response curves were fit using the DRC R package with a four-parameter log-logistic function. Statistical testing of differences between concentration–response curves was carried out using the EDcomp function with default parameters for comparison of half maximal inhibitory concentration values and the paramcomp function for comparison of other parameters.				Chemical Probes Portal	DOI:10.1038/s41589-021-00900-9	apoptolidin	https://www.chemicalprobes.org/
FYICDSWKKFSYOM-UHFFFAOYSA-N	P21860	covalent inhibitor			23	nM	biochemical	FRET-based LanthaScreen Eu methodology				Chemical Probes Portal	TX1-85-1	tx1-85-1	https://www.chemicalprobes.org/
FYICDSWKKFSYOM-UHFFFAOYSA-N	P21860	covalent inhibitor	EC50		10	uM	cell	biotin-tagged version of the chemical probe labeled HER3 in cells				Chemical Probes Portal	TX1-85-1	tx1-85-1	https://www.chemicalprobes.org/
NBDJDKAXIGWAIM-XZOQPEGZSA-N	Q15047	inhibitor			88	nM	binding	ITC | 88 ± 45 nM				Chemical Probes Portal	DOI:10.1002/anie.202017200	r_r-59	https://www.chemicalprobes.org/
NBDJDKAXIGWAIM-XZOQPEGZSA-N	Q15047	inhibitor			106	nM	binding	SPR | 106 ± 2 nM				Chemical Probes Portal	DOI:10.1002/anie.202017200	r_r-59	https://www.chemicalprobes.org/
NBDJDKAXIGWAIM-XZOQPEGZSA-N	Q15047	inhibitor	ΔTm		2	degC	cell	CETSA (cellular Thermal Shift Assay) follwoed by Western blot analysis; (R,R)-59  (but not  (S,S)-59) at concentrations of >=5 μM  efficiently and dose-dependently stabilized SETDB1-TTD protein.				Chemical Probes Portal	DOI:10.1002/anie.202017200	r_r-59	https://www.chemicalprobes.org/
QYDASSGXBXGRBS-CKJXQJPGSA-N	P28065	covalent inhibitor			51	nM	biochemical	In a MOLT-4 (human T cell leukemia) cellular lysate, a proteasome constitutive/immunoproteasome subunit ELISA (ProCISE) was employed for quantitative assessment of subunit-specific activity.				Chemical Probes Portal	KZR-504	kzr-504	https://www.chemicalprobes.org/
QYDASSGXBXGRBS-CKJXQJPGSA-N	P28065	covalent inhibitor	IC50		136	nM	cell	Utilizing MOLT-4 (human T cell leukemia) whole (live) cells, a proteasome constitutive/immunoproteasome subunit enzyme-linked immunosorbent (ProCISE) ELISA assay was employed for quantitative assessment of subunit-specific activity.				Chemical Probes Portal	KZR-504	kzr-504	https://www.chemicalprobes.org/
YQOLEILXOBUDMU-KRWDZBQOSA-N	P43088	antagonist			22	nM	biochemical	Panlabs binding assay				Chemical Probes Portal	BAY-6672	bay-6672	https://www.chemicalprobes.org/
YQOLEILXOBUDMU-KRWDZBQOSA-N	P43088	antagonist			16	nM	biochemical					Chemical Probes Portal	BAY-6672	bay-6672	https://www.chemicalprobes.org/
YQOLEILXOBUDMU-KRWDZBQOSA-N	P43088	antagonist	IC50		11	nM	cell	hFP-R cell-based assay				Chemical Probes Portal	BAY-6672	bay-6672	https://www.chemicalprobes.org/
YQOLEILXOBUDMU-KRWDZBQOSA-N	P43088	antagonist	IC50	>=	12	nM	cell	functional cell-based assays, cytokine production (KC / MCP-1) in 3T3 fibroblasts | 12-18 nM				Chemical Probes Portal	BAY-6672	bay-6672	https://www.chemicalprobes.org/
YQOLEILXOBUDMU-KRWDZBQOSA-N	P43088	antagonist	IC50		52	nM	cell	functional tissue contraction assay, rat				Chemical Probes Portal	BAY-6672	bay-6672	https://www.chemicalprobes.org/
JNSLBXJNVHYNNW-CXNSMIOJSA-N	P25440	bivalent inhibitor	IC50		0.17	nM	cell	ATPlite cellular viability assay				Chemical Probes Portal	MT1	mt1	https://www.chemicalprobes.org/
JNSLBXJNVHYNNW-CXNSMIOJSA-N	P25440	bivalent inhibitor	IC50		0.792	nM	cell	ATPlite cellular viability assay				Chemical Probes Portal	MT1	mt1	https://www.chemicalprobes.org/
JNSLBXJNVHYNNW-CXNSMIOJSA-N	O60885	bivalent inhibitor			16.7	nM	binding	ITC				Chemical Probes Portal	MT1	mt1	https://www.chemicalprobes.org/
JNSLBXJNVHYNNW-CXNSMIOJSA-N	O60885	bivalent inhibitor			3.09	nM	biochemical	AlphaScreen				Chemical Probes Portal	MT1	mt1	https://www.chemicalprobes.org/
JNSLBXJNVHYNNW-CXNSMIOJSA-N	O60885	bivalent inhibitor	IC50		0.17	nM	cell	ATPlite cellular viability assay				Chemical Probes Portal	MT1	mt1	https://www.chemicalprobes.org/
JNSLBXJNVHYNNW-CXNSMIOJSA-N	O60885	bivalent inhibitor	IC50		0.792	nM	cell	ATPlite cellular viability assay				Chemical Probes Portal	MT1	mt1	https://www.chemicalprobes.org/
JNSLBXJNVHYNNW-CXNSMIOJSA-N	Q15059	bivalent inhibitor	IC50		0.17	nM	cell	ATPlite cellular viability assay				Chemical Probes Portal	MT1	mt1	https://www.chemicalprobes.org/
JNSLBXJNVHYNNW-CXNSMIOJSA-N	Q15059	bivalent inhibitor	IC50		0.792	nM	cell	ATPlite cellular viability assay				Chemical Probes Portal	MT1	mt1	https://www.chemicalprobes.org/
JNSLBXJNVHYNNW-CXNSMIOJSA-N	Q58F21	bivalent inhibitor			1.32	nM	biochemical	AlphaScreen				Chemical Probes Portal	MT1	mt1	https://www.chemicalprobes.org/
JNSLBXJNVHYNNW-CXNSMIOJSA-N	Q58F21	bivalent inhibitor	IC50		0.17	nM	cell	ATPlite cellular viability assay				Chemical Probes Portal	MT1	mt1	https://www.chemicalprobes.org/
JNSLBXJNVHYNNW-CXNSMIOJSA-N	Q58F21	bivalent inhibitor	IC50		0.792	nM	cell	ATPlite cellular viability assay				Chemical Probes Portal	MT1	mt1	https://www.chemicalprobes.org/
GACOFEKSDCOVMV-RRYXBOBMSA-N	Q9UBN4	agonist	EC50		11.2	nM	cell	Measurements of the free intracellular calcium ion concentrations using the Fura-2-AM at an extracellular Ca2+ concentration of 1.5 mM in HEK293 cells conditionally expressing human TRPC4 or TRPC5. In A498 cells, which only express TRPC4, EC50=10 nM, and this activity was sensitive to the TRPC4 inhibitor, ML204.				Chemical Probes Portal	Englerin-A	englerin	https://www.chemicalprobes.org/
GACOFEKSDCOVMV-RRYXBOBMSA-N	Q9UL62	agonist	EC50		7.6	nM	cell	Measurements of the free intracellular calcium ion concentrations using the Fura-2-AM at an extracellular Ca2+ concentration of 1.5 mM in HEK293 cells conditionally expressing human TRPC4 or TRPC5. In A498 cells, which only express TRPC4, EC50=10 nM, and this activity was sensitive to the TRPC4 inhibitor, ML204.				Chemical Probes Portal	Englerin-A	englerin	https://www.chemicalprobes.org/
SQNZDYHMCMIGGV-TZPPCSJFSA-N	O60885	degrader (protac)			75	nM	binding	Isothermal Titration Calorimetry ITC | 75 nM BD1				Chemical Probes Portal	AT1	at1	https://www.chemicalprobes.org/
SQNZDYHMCMIGGV-TZPPCSJFSA-N	O60885	degrader (protac)			45	nM	binding	Isothermal Titration Calorimetry ITC | 45 nM BD2				Chemical Probes Portal	AT1	at1	https://www.chemicalprobes.org/
SQNZDYHMCMIGGV-TZPPCSJFSA-N	O60885	degrader (protac)	DC50		100	nM	cell	"Western blot  DC50 refers to the half-maximal degradation concentration.
AT2 (butyl), AT3 (PEG2), AT4 (poly-propyleneglycol-2), AT5 (mixed PEG-alkyl chain linker) and AT6 (PEG3) were all evaluated for their selectivity of intracellular degradation against BRD4 vs BRD2 vs BRD3.
AT1 has a linear hexyl chain linker"				Chemical Probes Portal	AT1	at1	https://www.chemicalprobes.org/
RNQODBQYMXYMCT-SJORKVTESA-N	P25116	antagonist			56	nM	biochemical	Binding assay (platelet membranes)				Chemical Probes Portal	DOI:10.7554/eLife.34311	bay-386	https://www.chemicalprobes.org/
RNQODBQYMXYMCT-SJORKVTESA-N	P25116	antagonist	IC50		10	nM	cell	Functional cellular assay (HEK-cells)				Chemical Probes Portal	DOI:10.7554/eLife.34311	bay-386	https://www.chemicalprobes.org/
RFZQYGBLRIKROZ-PCLIKHOPSA-N	Q9Y2I7	inhibitor			5.4	nM	biochemical	Cell-free functional assay of full-length PIKfyve kinase				Chemical Probes Portal	DOI:10.1016/j.bmc.2014.03.036	apy0201	https://www.chemicalprobes.org/
RFZQYGBLRIKROZ-PCLIKHOPSA-N	Q9Y2I7	inhibitor	IC50		8.4	nM	cell	Inhibition of IL-12p70 production				Chemical Probes Portal	DOI:10.1016/j.bmc.2014.03.036	apy0201	https://www.chemicalprobes.org/
RFZQYGBLRIKROZ-PCLIKHOPSA-N	Q9Y2I7	inhibitor	IC50		99	nM	cell	Inhibition of IL-12p40 production				Chemical Probes Portal	DOI:10.1016/j.bmc.2014.03.036	apy0201	https://www.chemicalprobes.org/
RFZQYGBLRIKROZ-PCLIKHOPSA-N	Q9Y2I7	inhibitor	IC50		16	nM	cell	Inhibition of IL-12p40 production				Chemical Probes Portal	DOI:10.1016/j.bmc.2014.03.036	apy0201	https://www.chemicalprobes.org/
BPLVDYJDAVYLRQ-UHFFFAOYSA-N	Q9Y233	inhibitor			13	nM	biochemical	SPA using human PDE10A and [3H]cAMP substrate				Chemical Probes Portal	DOI:10.6019/CHEMBL4800727	jnj-42396302	https://www.chemicalprobes.org/
BPLVDYJDAVYLRQ-UHFFFAOYSA-N	Q9Y233	inhibitor			40	nM	biochemical	Inhibition of cAMP hydrolysis by isolated hPDE10A enzyme				Chemical Probes Portal	DOI:10.6019/CHEMBL4800727	jnj-42396302	https://www.chemicalprobes.org/
BPLVDYJDAVYLRQ-UHFFFAOYSA-N	Q9Y233	inhibitor			51	nM	biochemical	Inhibition of cGMP hydrolysis by isolated hPDE10A enzyme				Chemical Probes Portal	DOI:10.6019/CHEMBL4800727	jnj-42396302	https://www.chemicalprobes.org/
BPLVDYJDAVYLRQ-UHFFFAOYSA-N	Q9Y233	inhibitor	activity		2.3	fold	cell	Concentration-dependent increase in luciferase activity in PDE10A CRE-Luc transfected HEK293 cells: 2.3 fold increase at 1 μM; 10 fold increase at 10 μM; In wild type HEK293 cells no increase in luciferase activity was measured at these concentrations.		1	uM	Chemical Probes Portal	DOI:10.6019/CHEMBL4800727	jnj-42396302	https://www.chemicalprobes.org/
UJLAWZDWDVHWOW-YPMHNXCESA-N	P23458	inhibitor			112	nM	biochemical	Kinase assay				Chemical Probes Portal	Tofacitinib	tofacitinib	https://www.chemicalprobes.org/
UJLAWZDWDVHWOW-YPMHNXCESA-N	P23458	inhibitor	IC50		11	nM	cell	IL-2-induced JAK3 phosphorylation (IC90 160 nM)				Chemical Probes Portal	Tofacitinib	tofacitinib	https://www.chemicalprobes.org/
UJLAWZDWDVHWOW-YPMHNXCESA-N	O60674	inhibitor			20	nM	biochemical	Kinase Assay				Chemical Probes Portal	Tofacitinib	tofacitinib	https://www.chemicalprobes.org/
UJLAWZDWDVHWOW-YPMHNXCESA-N	O60674	inhibitor	IC50		324	nM	cell	GM-CSF induced phosphorylation				Chemical Probes Portal	Tofacitinib	tofacitinib	https://www.chemicalprobes.org/
UJLAWZDWDVHWOW-YPMHNXCESA-N	P52333	inhibitor			1	nM	biochemical	Kinase Asssay				Chemical Probes Portal	Tofacitinib	tofacitinib	https://www.chemicalprobes.org/
WNEILUNVMHVMPH-UHFFFAOYSA-N	P33981	inhibitor			0.7	nM	biochemical	HTRF-based MPS1 assay with an ATP concentration of 2 mM | 0.7 nM  (10 uM ATP)				Chemical Probes Portal	BAY1217389	bay1217389	https://www.chemicalprobes.org/
WNEILUNVMHVMPH-UHFFFAOYSA-N	P33981	inhibitor			1	nM	biochemical	HTRF-based MPS1 assay with an ATP concentration of 2 mM | 1 nM  (2 mM ATP)				Chemical Probes Portal	BAY1217389	bay1217389	https://www.chemicalprobes.org/
WNEILUNVMHVMPH-UHFFFAOYSA-N	P33981	inhibitor	IC50		0.25	nM	cell	"(S) SAC assay: inhibition of the spindle assembly checkpoint was assessed in a high content assay by p-histone H3 staining. 
(H) Inhibition Cell Proliferation Assay. 
(K) KNL1 Thr-875 phosphorylation assay. | 0.25 nM (S)"				Chemical Probes Portal	BAY1217389	bay1217389	https://www.chemicalprobes.org/
WNEILUNVMHVMPH-UHFFFAOYSA-N	P33981	inhibitor	IC50		7.6	nM	cell	"(S) SAC assay: inhibition of the spindle assembly checkpoint was assessed in a high content assay by p-histone H3 staining. 
(H) Inhibition Cell Proliferation Assay. 
(K) KNL1 Thr-875 phosphorylation assay. | 7.6 nM (H)"				Chemical Probes Portal	BAY1217389	bay1217389	https://www.chemicalprobes.org/
WNEILUNVMHVMPH-UHFFFAOYSA-N	P33981	inhibitor	IC50		12	nM	cell	"(S) SAC assay: inhibition of the spindle assembly checkpoint was assessed in a high content assay by p-histone H3 staining. 
(H) Inhibition Cell Proliferation Assay. 
(K) KNL1 Thr-875 phosphorylation assay. | 12 nM (K)"				Chemical Probes Portal	BAY1217389	bay1217389	https://www.chemicalprobes.org/
NMJMRSQTDLRCRQ-UHFFFAOYSA-N	P33981	inhibitor			27	nM	biochemical	"Ambit KinomeScan
In vitro kinase assay IC50 = 367 nM"				Chemical Probes Portal	MPS1-IN-1	mps1-in-1	https://www.chemicalprobes.org/
NMJMRSQTDLRCRQ-UHFFFAOYSA-N	P33981	inhibitor	IC50		650	nM	cell	Phosphorylation of protein substrate				Chemical Probes Portal	MPS1-IN-1	mps1-in-1	https://www.chemicalprobes.org/
AEJOEPSMZCEYJN-HXUWFJFHSA-N	P41145	agonist			0.04	nM	binding	[3H]-diprenorphine radioligand inhibitory binding assay [Bioorg. Med. Chem. Lett., (2005) 15:10:2647]. These numbers have been confirmed in multiple publications; additional assays and data are available in CHEMBL.				Chemical Probes Portal	ICI-199441	ici-199441	https://www.chemicalprobes.org/
AEJOEPSMZCEYJN-HXUWFJFHSA-N	P41145	agonist	EC50		0.3	nM	cell	Agonist activity at human kappa opioid receptor transfected in CHO cells by [35S]GTP-gamma-S binding assay (Bioorg. Med. Chem. Lett., (2008) 18:12:3667). There are additional assay results in ChEMBL.				Chemical Probes Portal	ICI-199441	ici-199441	https://www.chemicalprobes.org/
BFTKDWYIRJGJCA-CYBMUJFWSA-N	Q09472	antagonist			51	nM	biochemical	TR-FRET assay				Chemical Probes Portal	CPI-637	cpi-637	https://www.chemicalprobes.org/
BFTKDWYIRJGJCA-CYBMUJFWSA-N	Q92793	antagonist			30	nM	biochemical	Isothermal calorimetry assay				Chemical Probes Portal	CPI-637	cpi-637	https://www.chemicalprobes.org/
BFTKDWYIRJGJCA-CYBMUJFWSA-N	Q92793	antagonist			30	nM	biochemical	TR-FRET assay				Chemical Probes Portal	CPI-637	cpi-637	https://www.chemicalprobes.org/
BFTKDWYIRJGJCA-CYBMUJFWSA-N	Q92793	antagonist	EC50		300	nM	cell	NanoBRET assay (Promega) in transfected HEK293 cells				Chemical Probes Portal	CPI-637	cpi-637	https://www.chemicalprobes.org/
BFTKDWYIRJGJCA-CYBMUJFWSA-N	Q92793	antagonist	EC50		600	nM	cell	MYC expression inhibition				Chemical Probes Portal	CPI-637	cpi-637	https://www.chemicalprobes.org/
OJKONCJPCULNOW-DYVFJYSZSA-N	Q15858	inhibitor	IC50		24.5	nM	cell	high-throughput electrophysiology system (IonWorks Quattro), whole-cell manual patch clamp method | 24.5 nM Human				Chemical Probes Portal	DS-1971a	ds-1971a	https://www.chemicalprobes.org/
OJKONCJPCULNOW-DYVFJYSZSA-N	Q15858	inhibitor	IC50		26.5	nM	cell	high-throughput electrophysiology system (IonWorks Quattro), whole-cell manual patch clamp method | 26.5 nM Mouse				Chemical Probes Portal	DS-1971a	ds-1971a	https://www.chemicalprobes.org/
YDNOHCOYQVZOMC-UHFFFAOYSA-N	O00329	inhibitor			1.5	nM	biochemical	Enzymatic Activity | 1.5 nM				Chemical Probes Portal	PI-3065	pi-3065	https://www.chemicalprobes.org/
YDNOHCOYQVZOMC-UHFFFAOYSA-N	O00329	inhibitor			15	nM	biochemical	Enzymatic Activity | 15 nM				Chemical Probes Portal	PI-3065	pi-3065	https://www.chemicalprobes.org/
YDNOHCOYQVZOMC-UHFFFAOYSA-N	O00329	inhibitor	IC50		36	nM	cell	anti-IgM Stimulation followed by FACS for CD69, Cell Proliferation Assay | 36				Chemical Probes Portal	PI-3065	pi-3065	https://www.chemicalprobes.org/
YDNOHCOYQVZOMC-UHFFFAOYSA-N	O00329	inhibitor	IC50		38	nM	cell	anti-IgM Stimulation followed by FACS for CD69, Cell Proliferation Assay | 38 nM				Chemical Probes Portal	PI-3065	pi-3065	https://www.chemicalprobes.org/
OFWWWKWUCDUISA-UHFFFAOYSA-N	O95696	antagonist			67	nM	biochemical	Time-resolved fluorescence resonance energy transfer (TR-FRET) assay				Chemical Probes Portal	BAY-299	bay-299	https://www.chemicalprobes.org/
OFWWWKWUCDUISA-UHFFFAOYSA-N	O95696	antagonist	IC50		575	nM	cell	NanoBRET assay in HCT116 cells | 575 nM H4				Chemical Probes Portal	BAY-299	bay-299	https://www.chemicalprobes.org/
OFWWWKWUCDUISA-UHFFFAOYSA-N	O95696	antagonist	IC50		825	nM	cell	NanoBRET assay in HCT116 cells | 825 nM H3.3				Chemical Probes Portal	BAY-299	bay-299	https://www.chemicalprobes.org/
OFWWWKWUCDUISA-UHFFFAOYSA-N	P21675	antagonist			8	nM	biochemical	Time-resolved fluorescence resonance energy transfer (TR-FRET) assay				Chemical Probes Portal	BAY-299	bay-299	https://www.chemicalprobes.org/
OFWWWKWUCDUISA-UHFFFAOYSA-N	P21675	antagonist	IC50		970	nM	cell	NanoBRET assay in HCT116 cells | 970 nM H4				Chemical Probes Portal	BAY-299	bay-299	https://www.chemicalprobes.org/
OFWWWKWUCDUISA-UHFFFAOYSA-N	P21675	antagonist	IC50		1400	nM	cell	NanoBRET assay in HCT116 cells | 1400 nM H3.3				Chemical Probes Portal	BAY-299	bay-299	https://www.chemicalprobes.org/
OFWWWKWUCDUISA-UHFFFAOYSA-N	Q8IZX4	antagonist			106	nM	biochemical	Time-resolved fluorescence resonance energy transfer (TR-FRET) assay				Chemical Probes Portal	BAY-299	bay-299	https://www.chemicalprobes.org/
CDQRIIUMNLMHRH-UHFFFAOYSA-N	P45452	inhibitor			0.0069	nM	biochemical	Inhibition of the human MMP13 catalytic domain				Chemical Probes Portal	PMID:25192810	t-26c	https://www.chemicalprobes.org/
CDQRIIUMNLMHRH-UHFFFAOYSA-N	P45452	inhibitor					cell	In nasal septum cartilage explants (bovine), T-26c inhibited cytokine-induced collagen degradation by MMPs (87.4% inhibition at 0.1 uM).				Chemical Probes Portal	PMID:25192810	t-26c	https://www.chemicalprobes.org/
CHEANNSDVJOIBS-MHZLTWQESA-N	O14842	full agonist			160	nM	cell	Aequorin Ca2+-flux assay | 160 nM				Chemical Probes Portal	AM-1638	am-1638	https://www.chemicalprobes.org/
CHEANNSDVJOIBS-MHZLTWQESA-N	O14842	full agonist			710	nM	cell	Aequorin Ca2+-flux assay | 710 nM in 100% human serum				Chemical Probes Portal	AM-1638	am-1638	https://www.chemicalprobes.org/
CHEANNSDVJOIBS-MHZLTWQESA-N	O14842	full agonist			100	%	cell	Aequorin Ca2+-flux assay | 100 %				Chemical Probes Portal	AM-1638	am-1638	https://www.chemicalprobes.org/
SFMJNHNUOVADRW-UHFFFAOYSA-N	P51813	covalent inhibitor			8	nM	biochemical	Invitrogen SelectScreen Technology				Chemical Probes Portal	BMX-IN-1	bmx-in-1	https://www.chemicalprobes.org/
SFMJNHNUOVADRW-UHFFFAOYSA-N	P51813	covalent inhibitor	IC50		25	nM	cell	Inhibits the autophosphorylation of BIX.				Chemical Probes Portal	BMX-IN-1	bmx-in-1	https://www.chemicalprobes.org/
AOZPVMOOEJAZGK-UHFFFAOYSA-N	Q08345	inhibitor			105	nM	biochemical	Lanthascreen				Chemical Probes Portal	DDR1-IN-1	ddr1-in-1	https://www.chemicalprobes.org/
AOZPVMOOEJAZGK-UHFFFAOYSA-N	Q08345	inhibitor	EC50		86	nM	cell	Collagen-dependent autophosphorylation in U2OS cells				Chemical Probes Portal	DDR1-IN-1	ddr1-in-1	https://www.chemicalprobes.org/
UMRRDXVUROEIKJ-JCXBGQGISA-N	O95931	antagonist			97	nM	binding	Isothermal titration calorimetry (ITC)				Chemical Probes Portal	UNC3866	unc3866	https://www.chemicalprobes.org/
UMRRDXVUROEIKJ-JCXBGQGISA-N	O95931	antagonist	IC50		7.6	uM	cell	Consistent with inhibition of PRC1 chromodomains (Bernard, D. et al. CBX7 controls the growth of normal and tumor-derived prostate cells by repressing the Ink4a//Arf locus. Oncogene 24, 5543-51 (2005)), UNC3866 inhibits PC3-cell proliferation in a dose-dependent manner and induces senescence after exposure for 6 days while a negative control, UNC4219, has no affect.				Chemical Probes Portal	UNC3866	unc3866	https://www.chemicalprobes.org/
UMRRDXVUROEIKJ-JCXBGQGISA-N	O00257	antagonist			94	nM	binding	Isothermal titration calorimetry (ITC)				Chemical Probes Portal	UNC3866	unc3866	https://www.chemicalprobes.org/
UMRRDXVUROEIKJ-JCXBGQGISA-N	O00257	antagonist	IC50		7.6	uM	cell	Consistent with inhibition of PRC1 chromodomains (Bernard, D. et al. CBX7 controls the growth of normal and tumor-derived prostate cells by repressing the Ink4a//Arf locus. Oncogene 24, 5543-51 (2005)), UNC3866 inhibits PC3-cell proliferation in a dose-dependent manner and induces senescence after exposure for 6 days while a negative control, UNC4219, has no affect.				Chemical Probes Portal	UNC3866	unc3866	https://www.chemicalprobes.org/
QBGKPEROWUKSBK-QPPIDDCLSA-N	Q00987	antagonist			0.018	uM	biochemical	Homogenous time-resolved fluoresence (HTRF) assay with N-terminal domain from MDM2 and a peptide from the p53 binding site.				Chemical Probes Portal	RG7112	rg7112	https://www.chemicalprobes.org/
QBGKPEROWUKSBK-QPPIDDCLSA-N	Q00987	antagonist	IC50		0.4	uM	cell	MTT assay, also comparing selectivity of the compound for p53 wild-type (HCT-116, SJSA-1 and RKO cells) and p53 mutant (MDA-MB-435 and SW480) cells: 33.4-fold selective for the wild-type cells. In a broader panels of cells (7 mutant and 15 wild type lines), the compound was ~14-fold selective for wild-type cell lines.				Chemical Probes Portal	RG7112	rg7112	https://www.chemicalprobes.org/
NRSGWEVTVGZDFC-UHFFFAOYSA-N	Q13464	inhibitor			0.6	nM	biochemical	biochemical ROCK assay				Chemical Probes Portal	BAY-549	bay-549	https://www.chemicalprobes.org/
NRSGWEVTVGZDFC-UHFFFAOYSA-N	Q13464	inhibitor			3.7	nM	biochemical	Functional inhibition: IC50 (pMBS, human)				Chemical Probes Portal	BAY-549	bay-549	https://www.chemicalprobes.org/
NRSGWEVTVGZDFC-UHFFFAOYSA-N	Q13464	inhibitor	IC50		65	nM	cell	mechanistic tissue assay (arteria saphena rabbit)				Chemical Probes Portal	BAY-549	bay-549	https://www.chemicalprobes.org/
NRSGWEVTVGZDFC-UHFFFAOYSA-N	O75116	inhibitor			1.2	nM	biochemical	biochemical ROCK assay				Chemical Probes Portal	BAY-549	bay-549	https://www.chemicalprobes.org/
NRSGWEVTVGZDFC-UHFFFAOYSA-N	O75116	inhibitor			4.8	nM	biochemical	Functional inhibition: IC50 (pMBS, human)				Chemical Probes Portal	BAY-549	bay-549	https://www.chemicalprobes.org/
NRSGWEVTVGZDFC-UHFFFAOYSA-N	O75116	inhibitor	IC50		65	nM	cell	mechanistic tissue assay (arteria saphena rabbit)				Chemical Probes Portal	BAY-549	bay-549	https://www.chemicalprobes.org/
HUUSXLKCTQDPGL-UHFFFAOYSA-N	Q96P20	inhibitor			224	nM	binding	SPR				Chemical Probes Portal	MCC950	mcc950	https://www.chemicalprobes.org/
HUUSXLKCTQDPGL-UHFFFAOYSA-N	Q96P20	inhibitor	IC50		7.5	nM	cell	Inhibition of IL-1β secretion followed by Western Blot, ELISA and LDH assay | 7.5 nM BMDM				Chemical Probes Portal	MCC950	mcc950	https://www.chemicalprobes.org/
HUUSXLKCTQDPGL-UHFFFAOYSA-N	Q96P20	inhibitor	IC50		8.1	nM	cell	Inhibition of IL-1β secretion followed by Western Blot, ELISA and LDH assay | 8.1 nM HMDM				Chemical Probes Portal	MCC950	mcc950	https://www.chemicalprobes.org/
ARBRHWRTXPWZGN-UHFFFAOYSA-N	Q99640	inhibitor		<	10	nM	biochemical	ADP-GLO assay				Chemical Probes Portal	DOI:10.1021/acs.jmedchem.2c00552	rp-6306	https://www.chemicalprobes.org/
ARBRHWRTXPWZGN-UHFFFAOYSA-N	Q99640	inhibitor	IC50		14	nM	cell	Cell-based activity assay monitoring phosphorylation of CDK1 (Thr14), AlphaLISA.				Chemical Probes Portal	DOI:10.1021/acs.jmedchem.2c00552	rp-6306	https://www.chemicalprobes.org/
ARBRHWRTXPWZGN-UHFFFAOYSA-N	Q99640	inhibitor	IC50		2	nM	cell	NanoBRET				Chemical Probes Portal	DOI:10.1021/acs.jmedchem.2c00552	rp-6306	https://www.chemicalprobes.org/
PXVFFBGSTYQHRO-REQIQPEASA-N	Q07817	degrader (protac)			12.8	nM	biochemical	AlphaScreen, AlphaLITE | 12.8 nM BCL-XL				Chemical Probes Portal	DT2216	dt2216	https://www.chemicalprobes.org/
PXVFFBGSTYQHRO-REQIQPEASA-N	Q07817	degrader (protac)			1.8	nM	biochemical	AlphaScreen, AlphaLITE | 1.8 nM BCL-2				Chemical Probes Portal	DT2216	dt2216	https://www.chemicalprobes.org/
PXVFFBGSTYQHRO-REQIQPEASA-N	Q07817	degrader (protac)			300.9	nM	biochemical	AlphaScreen, AlphaLITE | 300.9 nM BCL-W				Chemical Probes Portal	DT2216	dt2216	https://www.chemicalprobes.org/
PXVFFBGSTYQHRO-REQIQPEASA-N	Q07817	degrader (protac)	DC50		63	nM	cell	HiBIT assay, immunoprecipitation of HA-ubiquitin and FLAG-BCL | 63 nM (DC50)				Chemical Probes Portal	DT2216	dt2216	https://www.chemicalprobes.org/
PXVFFBGSTYQHRO-REQIQPEASA-N	Q07817	degrader (protac)	Dmax		90.8	%	cell	HiBIT assay, immunoprecipitation of HA-ubiquitin and FLAG-BCL | 90.8% (Dmax)				Chemical Probes Portal	DT2216	dt2216	https://www.chemicalprobes.org/
PXVFFBGSTYQHRO-REQIQPEASA-N	Q07817	degrader (protac)	EC50		52	nM	cell	HiBIT assay, immunoprecipitation of HA-ubiquitin and FLAG-BCL | 52 nM (EC50)				Chemical Probes Portal	DT2216	dt2216	https://www.chemicalprobes.org/
LIMCHOLAKDUZDS-XARBDFOFSA-N	Q96SW2	degrader (protac)	DC50		1.5	nM	cell	Western blot, CellTiter-Glo® Luminescent Cell Viability Assay				Chemical Probes Portal	CRBN-6-5-5-VHL	crbn-6-5-5-vhl	https://www.chemicalprobes.org/
QMGHHBHPDDAGGO-IIWOMYBWSA-N	Q9UHD2	degrader (protac)			4.6	nM	binding	Kd determined at DiscoverX, VHL Binding Assay Based on Fluorescence Polarization				Chemical Probes Portal	TBK1 PROTAC 3i	tbk1-protac-3i	https://www.chemicalprobes.org/
QMGHHBHPDDAGGO-IIWOMYBWSA-N	Q9UHD2	degrader (protac)			12	nM	cell	12 nM				Chemical Probes Portal	TBK1 PROTAC 3i	tbk1-protac-3i	https://www.chemicalprobes.org/
QMGHHBHPDDAGGO-IIWOMYBWSA-N	Q9UHD2	degrader (protac)			96	%	cell	96 %				Chemical Probes Portal	TBK1 PROTAC 3i	tbk1-protac-3i	https://www.chemicalprobes.org/
KPBNHDGDUADAGP-VAWYXSNFSA-N	P43490	inhibitor			0.3	nM	biochemical	Competitive binding assay using K-562 cell extracts ; non-competitive inhibition				Chemical Probes Portal	DAPORINAD	daporinad	https://www.chemicalprobes.org/
KPBNHDGDUADAGP-VAWYXSNFSA-N	P43490	inhibitor	IC50	>=	1	nM	cell	Cell growth inhibition (WST-1 assay, SRB assay) | 1-3 nM				Chemical Probes Portal	DAPORINAD	daporinad	https://www.chemicalprobes.org/
KPBNHDGDUADAGP-VAWYXSNFSA-N	P43490	inhibitor	IC50		1.6	nM	cell	WST-1 assay				Chemical Probes Portal	DAPORINAD	daporinad	https://www.chemicalprobes.org/
KPBNHDGDUADAGP-VAWYXSNFSA-N	P43490	inhibitor	IC50		7.4	nM	cell	WST-1 Assay				Chemical Probes Portal	DAPORINAD	daporinad	https://www.chemicalprobes.org/
JFOAJUGFHDCBJJ-UHFFFAOYSA-N	P33981	inhibitor			7	nM	biochemical	Biochemical assay				Chemical Probes Portal	DOI:10.1016/j.bmcl.2011.05.122	nms-p715	https://www.chemicalprobes.org/
JFOAJUGFHDCBJJ-UHFFFAOYSA-N	P33981	inhibitor	IC50		160	nM	cell	MSD (Meso Scale Discovery) Assay for TTK Autophosphorylation				Chemical Probes Portal	DOI:10.1016/j.bmcl.2011.05.122	nms-p715	https://www.chemicalprobes.org/
JFOAJUGFHDCBJJ-UHFFFAOYSA-N	P33981	inhibitor	GI50		180	nM	cell	Cell proliferation assays				Chemical Probes Portal	DOI:10.1016/j.bmcl.2011.05.122	nms-p715	https://www.chemicalprobes.org/
JFOAJUGFHDCBJJ-UHFFFAOYSA-N	P33981	inhibitor	IC50		32	nM	cell	Mitotic checkpoint override				Chemical Probes Portal	DOI:10.1016/j.bmcl.2011.05.122	nms-p715	https://www.chemicalprobes.org/
FNYGWXSATBUBER-UHFFFAOYSA-N	O75874	inhibitor			70	nM	biochemical	NADPH consumption				Chemical Probes Portal	AGI-5198	agi-5198	https://www.chemicalprobes.org/
FNYGWXSATBUBER-UHFFFAOYSA-N	O75874	inhibitor					cell	In TS603, TS676, and TS516 glioma cells, AGI-5198 showed a dose-dependent impact on R-2HG formation				Chemical Probes Portal	AGI-5198	agi-5198	https://www.chemicalprobes.org/
WVAKRQOMAINQPU-UHFFFAOYSA-N	P32247	agonist			18.3	nM	binding	"A competitive binding assay using radioligand and NFAT-CHO cell membranes.  
IC50 = 6.9 and 2.4 nM for mouse and rat homologs"				Chemical Probes Portal	AK120413	ak120413	https://www.chemicalprobes.org/
WVAKRQOMAINQPU-UHFFFAOYSA-N	P32247	agonist	EC50		47	nM	cell	"Aequorin bioluminescence assay
Emax 99%"				Chemical Probes Portal	AK120413	ak120413	https://www.chemicalprobes.org/
NAXSRXHZFIBFMI-UHFFFAOYSA-N	P55055	agonist			125	nM	biochemical	LXRalpha/SRC1 LiSA.				Chemical Probes Portal	GW3965	gw3965	https://www.chemicalprobes.org/
NAXSRXHZFIBFMI-UHFFFAOYSA-N	P55055	agonist	EC50		190	nM	cell					Chemical Probes Portal	GW3965	gw3965	https://www.chemicalprobes.org/
NAXSRXHZFIBFMI-UHFFFAOYSA-N	Q13133	agonist			125	nM	biochemical	LXRalpha/SRC1 LiSA.				Chemical Probes Portal	GW3965	gw3965	https://www.chemicalprobes.org/
NAXSRXHZFIBFMI-UHFFFAOYSA-N	Q13133	agonist	EC50		30	nM	cell					Chemical Probes Portal	GW3965	gw3965	https://www.chemicalprobes.org/
RZXMIHOUHYSGJO-UHFFFAOYSA-N	O96013	inhibitor			3.3	nM	biochemical	Activity of human recombinant PAK4 (KD, kinase domain) protein assessed through measuring the phosphorylation of a FRET peptide substrate.				Chemical Probes Portal	GNE-2861	gne-2861	https://www.chemicalprobes.org/
RZXMIHOUHYSGJO-UHFFFAOYSA-N	O96013	inhibitor	EC50		10	uM	cell	Cell viability in MDA-MB-436 and MCF10A PIK3CA (H1047R) cells. GNE-2861 dose-dependently inhibited cell migration in wound healing assays with the same cells (Essen Bioscience Incucyte platform).				Chemical Probes Portal	GNE-2861	gne-2861	https://www.chemicalprobes.org/
RZXMIHOUHYSGJO-UHFFFAOYSA-N	Q9P286	inhibitor			3.3	nM	biochemical	Activity of human recombinant PAK4 (KD, kinase domain) protein assessed through measuring the phosphorylation of a FRET peptide substrate.				Chemical Probes Portal	GNE-2861	gne-2861	https://www.chemicalprobes.org/
RZXMIHOUHYSGJO-UHFFFAOYSA-N	Q9P286	inhibitor	EC50		10	uM	cell	Cell viability in MDA-MB-436 and MCF10A PIK3CA (H1047R) cells. GNE-2861 dose-dependently inhibited cell migration in wound healing assays with the same cells (Essen Bioscience Incucyte platform).				Chemical Probes Portal	GNE-2861	gne-2861	https://www.chemicalprobes.org/
RZXMIHOUHYSGJO-UHFFFAOYSA-N	Q9NQU5	inhibitor			3.3	nM	biochemical	Activity of human recombinant PAK4 (KD, kinase domain) protein assessed through measuring the phosphorylation of a FRET peptide substrate.				Chemical Probes Portal	GNE-2861	gne-2861	https://www.chemicalprobes.org/
RZXMIHOUHYSGJO-UHFFFAOYSA-N	Q9NQU5	inhibitor	EC50		10	uM	cell	Cell viability in MDA-MB-436 and MCF10A PIK3CA (H1047R) cells. GNE-2861 dose-dependently inhibited cell migration in wound healing assays with the same cells (Essen Bioscience Incucyte platform).				Chemical Probes Portal	GNE-2861	gne-2861	https://www.chemicalprobes.org/
ZDBWLRLGUBSLPG-FDHYQTMZSA-N	Q13451	antagonist			6	nM	binding	competitive fluorescence polarization (FP) assay | 6 ± 2 nM				Chemical Probes Portal	SAFit2	safit2	https://www.chemicalprobes.org/
ZDBWLRLGUBSLPG-FDHYQTMZSA-N	Q13451	antagonist	IC50		195.5	nM	cell	NanoBRET assay (FKBP12-NLuc): FKBP5 | 195.5 ± 14 nM				Chemical Probes Portal	SAFit2	safit2	https://www.chemicalprobes.org/
ZDBWLRLGUBSLPG-FDHYQTMZSA-N	Q13451	antagonist	IC50	=	493	nM	cell	NanoBRET assay (FKBP51-NLuc): FKBP5 | IC50 = 493 ± 101 nM				Chemical Probes Portal	SAFit2	safit2	https://www.chemicalprobes.org/
KSGZCKSNTAJOJS-DZBMUNJRSA-N	Q9BWU1	inhibitor			100	nM	biochemical	immunoblot showing capture of native  CDK19 from MOLM-14 lysates				Chemical Probes Portal	Cortistatin-A	cortistatin	https://www.chemicalprobes.org/
KSGZCKSNTAJOJS-DZBMUNJRSA-N	Q9BWU1	inhibitor	IC50	>=	25	nM	cell	Interferon-gamma-stimulated phosphorylation of STAT1-s727. | 25-100 nM				Chemical Probes Portal	Cortistatin-A	cortistatin	https://www.chemicalprobes.org/
KSGZCKSNTAJOJS-DZBMUNJRSA-N	P49336	inhibitor			0.195	nM	biochemical	Probe displacement assay. CDK8–CCNC (0.62 nM) was preincubated with a reporter probe at a concentration equal to its binding affinity (Kd). After transfer of serially diluted cortistatin A, probe displacement was monitored for 60 min. Kd values were calculated using the Cheng–Prusoff equation from the IC50 values obtained from the percentage displacement values at the last time point measured.				Chemical Probes Portal	Cortistatin-A	cortistatin	https://www.chemicalprobes.org/
KSGZCKSNTAJOJS-DZBMUNJRSA-N	P49336	inhibitor			12	nM	biochemical	kinase activity inhibition				Chemical Probes Portal	Cortistatin-A	cortistatin	https://www.chemicalprobes.org/
KSGZCKSNTAJOJS-DZBMUNJRSA-N	P49336	inhibitor			10	nM	biochemical	immunoblot showing capture of native  CDK8 from MOLM-14 lysates				Chemical Probes Portal	Cortistatin-A	cortistatin	https://www.chemicalprobes.org/
KSGZCKSNTAJOJS-DZBMUNJRSA-N	P49336	inhibitor	IC50	>=	25	nM	cell	Interferon-gamma-stimulated phosphorylation of STAT1-s727. | 25-100 nM				Chemical Probes Portal	Cortistatin-A	cortistatin	https://www.chemicalprobes.org/
JLFSBHQQXIAQEC-UHFFFAOYSA-N	P09874	inhibitor			1	nM	biochemical	Trevigen ELISA assay				Chemical Probes Portal	E7449	e7449	https://www.chemicalprobes.org/
JLFSBHQQXIAQEC-UHFFFAOYSA-N	P09874	inhibitor					cell	"DT40 cells lacking PARP proteins or other DNA repair proteins are resistant to E7449.
In SW480 cells, E7449 dose-dependently stabilized axin2, TNKS, and TNKS2, and decreased beta-catenin activation."				Chemical Probes Portal	E7449	e7449	https://www.chemicalprobes.org/
JLFSBHQQXIAQEC-UHFFFAOYSA-N	Q9UGN5	inhibitor			1.2	nM	biochemical	Trevigen ELISA assay				Chemical Probes Portal	E7449	e7449	https://www.chemicalprobes.org/
JLFSBHQQXIAQEC-UHFFFAOYSA-N	Q9UGN5	inhibitor					cell	"DT40 cells lacking PARP proteins or other DNA repair proteins are resistant to E7449.
In SW480 cells, E7449 dose-dependently stabilized axin2, TNKS, and TNKS2, and decreased beta-catenin activation."				Chemical Probes Portal	E7449	e7449	https://www.chemicalprobes.org/
JLFSBHQQXIAQEC-UHFFFAOYSA-N	O95271	inhibitor			115	nM	biochemical	Trevigen ELISA assay				Chemical Probes Portal	E7449	e7449	https://www.chemicalprobes.org/
JLFSBHQQXIAQEC-UHFFFAOYSA-N	O95271	inhibitor					cell	"DT40 cells lacking PARP proteins or other DNA repair proteins are resistant to E7449.
In SW480 cells, E7449 dose-dependently stabilized axin2, TNKS, and TNKS2, and decreased beta-catenin activation."				Chemical Probes Portal	E7449	e7449	https://www.chemicalprobes.org/
JLFSBHQQXIAQEC-UHFFFAOYSA-N	Q9H2K2	inhibitor					cell	"DT40 cells lacking PARP proteins or other DNA repair proteins are resistant to E7449.
In SW480 cells, E7449 dose-dependently stabilized axin2, TNKS, and TNKS2, and decreased beta-catenin activation."				Chemical Probes Portal	E7449	e7449	https://www.chemicalprobes.org/
FWLMVFUGMHIOAA-UHFFFAOYSA-N	Q05397	inhibitor			0.2	nM	biochemical	Binding versus recombinant human enzyme kinase domain				Chemical Probes Portal	DOI:10.1093/jnci/djt210	defactinib	https://www.chemicalprobes.org/
FWLMVFUGMHIOAA-UHFFFAOYSA-N	Q05397	inhibitor	IC50		3	nM	cell	Inhibits PTK2 phosphorylation in A431 cells				Chemical Probes Portal	DOI:10.1093/jnci/djt210	defactinib	https://www.chemicalprobes.org/
FWLMVFUGMHIOAA-UHFFFAOYSA-N	Q14289	inhibitor			0.2	nM	biochemical	Binding versus recombinant human enzyme kinase domain				Chemical Probes Portal	DOI:10.1093/jnci/djt210	defactinib	https://www.chemicalprobes.org/
XYFPWWZEPKGCCK-GOSISDBHSA-N	Q06187	covalent inhibitor			0.5	nM	biochemical	IC50s were measured using 33P filtration binding assay				Chemical Probes Portal	Ibrutinib	ibrutinib	https://www.chemicalprobes.org/
XYFPWWZEPKGCCK-GOSISDBHSA-N	Q06187	covalent inhibitor	IC50		11	nM	cell	inhibits autophosphorylation of Btk				Chemical Probes Portal	Ibrutinib	ibrutinib	https://www.chemicalprobes.org/
XYFPWWZEPKGCCK-GOSISDBHSA-N	Q06187	covalent inhibitor	IC50		29	nM	cell	inhibition of phosphorylation of Btk's physiological substrate PLCγ				Chemical Probes Portal	Ibrutinib	ibrutinib	https://www.chemicalprobes.org/
XYFPWWZEPKGCCK-GOSISDBHSA-N	Q06187	covalent inhibitor	IC50		13	nM	cell	inhibition of phosphorylation of downstream kinase ERK				Chemical Probes Portal	Ibrutinib	ibrutinib	https://www.chemicalprobes.org/
LLVZBTWPGQVVLW-SNAWJCMRSA-N	P04626	inhibitor			3	nM	biochemical	In vitro kinase assay with intracellular domain				Chemical Probes Portal	CP-724714	cp-724714	https://www.chemicalprobes.org/
LLVZBTWPGQVVLW-SNAWJCMRSA-N	P04626	inhibitor	IC50		32	nM	cell	Protein substrate phosphorylation in transfected NIH 3T3 cells				Chemical Probes Portal	CP-724714	cp-724714	https://www.chemicalprobes.org/
GJFCSAPFHAXMSF-UXBLZVDNSA-N	P45983	covalent inhibitor			14.7	nM	biochemical	In vitro kinase assay				Chemical Probes Portal	JNK-IN-8	jnk-in-8	https://www.chemicalprobes.org/
GJFCSAPFHAXMSF-UXBLZVDNSA-N	P45984	covalent inhibitor			18.7	nM	biochemical	In vitro kinase assay				Chemical Probes Portal	JNK-IN-8	jnk-in-8	https://www.chemicalprobes.org/
GJFCSAPFHAXMSF-UXBLZVDNSA-N	P45984	covalent inhibitor	IC50		338	nM	cell	In A375 cells, JNK-IN-8 inhibited phosphorylation of protein substrates				Chemical Probes Portal	JNK-IN-8	jnk-in-8	https://www.chemicalprobes.org/
GJFCSAPFHAXMSF-UXBLZVDNSA-N	P53779	covalent inhibitor			1	nM	biochemical	In vitro kinase assay				Chemical Probes Portal	JNK-IN-8	jnk-in-8	https://www.chemicalprobes.org/
GJFCSAPFHAXMSF-UXBLZVDNSA-N	P53779	covalent inhibitor	IC50		486	nM	cell	In HeLa cells, JNK-IN-8 inhibited phosphorylation of protein substrates				Chemical Probes Portal	JNK-IN-8	jnk-in-8	https://www.chemicalprobes.org/
PNYRDVBFYVDJJI-UHFFFAOYSA-N	Q9NRG4	inhibitor			15	nM	binding	Scintillation proximity assay				Chemical Probes Portal	LLY-507	lly-507	https://www.chemicalprobes.org/
PNYRDVBFYVDJJI-UHFFFAOYSA-N	Q9NRG4	inhibitor	IC50		0.6	uM	cell	Protein substrate methylation assay in SMYD2-overexpressing U2OS cells with substrate methylation detected by ELISA.				Chemical Probes Portal	LLY-507	lly-507	https://www.chemicalprobes.org/
VUVUVNZRUGEAHB-CYBMUJFWSA-N	O60885	antagonist			790	nM	biochemical	IC50 was measured in ligand-displacement assay				Chemical Probes Portal	I-BET151	i-bet151	https://www.chemicalprobes.org/
VUVUVNZRUGEAHB-CYBMUJFWSA-N	O60885	antagonist			100	nM	binding	SPR				Chemical Probes Portal	I-BET151	i-bet151	https://www.chemicalprobes.org/
VUVUVNZRUGEAHB-CYBMUJFWSA-N	O60885	antagonist	IC50		160	nM	cell	Inhibition of IL-6 production in PBMCs or whole blood (IC50 = 1.26 uM).				Chemical Probes Portal	I-BET151	i-bet151	https://www.chemicalprobes.org/
VUVUVNZRUGEAHB-CYBMUJFWSA-N	P25440	antagonist			500	nM	biochemical	IC50 was measured in ligand-displacement assays				Chemical Probes Portal	I-BET151	i-bet151	https://www.chemicalprobes.org/
VUVUVNZRUGEAHB-CYBMUJFWSA-N	P25440	antagonist			20	nM	binding	SPR				Chemical Probes Portal	I-BET151	i-bet151	https://www.chemicalprobes.org/
VUVUVNZRUGEAHB-CYBMUJFWSA-N	P25440	antagonist	IC50		1260	nM	cell	Inhibition of IL-6 production in PBMCs or whole blood (IC50 = 1.26 uM).				Chemical Probes Portal	I-BET151	i-bet151	https://www.chemicalprobes.org/
VUVUVNZRUGEAHB-CYBMUJFWSA-N	Q15059	antagonist			250	nM	biochemical	IC50 were measured in ligand-displacement assay				Chemical Probes Portal	I-BET151	i-bet151	https://www.chemicalprobes.org/
ALGHKWSXJUQNJJ-UHFFFAOYSA-N	P41143	agonist	Ki		2.7	nM	cell	Radioligand binding assay				Chemical Probes Portal	DOI:10.1021/jm900773n	adl-5747	https://www.chemicalprobes.org/
ALGHKWSXJUQNJJ-UHFFFAOYSA-N	P41143	agonist	EC50		94	nM	cell	Receptor-Mediated [35S]GTPγS Binding				Chemical Probes Portal	DOI:10.1021/jm900773n	adl-5747	https://www.chemicalprobes.org/
QPTCYEYTAWEZNT-UHFFFAOYSA-N	P48039	inverse agonist			7.5	nM	binding	Radioligand Binding				Chemical Probes Portal	UCSF7447	ucsf7447	https://www.chemicalprobes.org/
QPTCYEYTAWEZNT-UHFFFAOYSA-N	P48039	inverse agonist	EC50		41	nM	cell	Glo cAMP assay				Chemical Probes Portal	UCSF7447	ucsf7447	https://www.chemicalprobes.org/
HNCVDRFFJZJQRW-UHFFFAOYSA-N	Q9NV35	inhibitor			25	nM	biochemical	MG (Malachite Green) assay dGDP				Chemical Probes Portal	TH1760	th1760	https://www.chemicalprobes.org/
HNCVDRFFJZJQRW-UHFFFAOYSA-N	Q9NV35	inhibitor			57	nM	biochemical	MG (Malachite Green) assay 6-thio-dGTP				Chemical Probes Portal	TH1760	th1760	https://www.chemicalprobes.org/
HNCVDRFFJZJQRW-UHFFFAOYSA-N	Q9NV35	inhibitor	ΔTm		7	degC	cell	CETSA/Western Blot, DARTS assay				Chemical Probes Portal	TH1760	th1760	https://www.chemicalprobes.org/
KSERXGMCDHOLSS-LJQANCHMSA-N	P28482	inhibitor			0.3	nM	biochemical	ERK2 biochemical assay				Chemical Probes Portal	ULIXERTINIB	ulixertinib	https://www.chemicalprobes.org/
KSERXGMCDHOLSS-LJQANCHMSA-N	P28482	inhibitor	IC50		140	nM	cell	Mechanism of action (MOA) assay was measured by the levels of phosphorylated ERK2 (pERK) and of the phosphorylation of the downstream kinase RSK (pRSK) in an A375 melanoma cell line containing a b-RAFV600E mutation.				Chemical Probes Portal	ULIXERTINIB	ulixertinib	https://www.chemicalprobes.org/
KSERXGMCDHOLSS-LJQANCHMSA-N	P28482	inhibitor	EC50		180	nM	cell	Cell Proliferation assay 1				Chemical Probes Portal	ULIXERTINIB	ulixertinib	https://www.chemicalprobes.org/
KSERXGMCDHOLSS-LJQANCHMSA-N	P27361	inhibitor			0.3	nM	biochemical	ERK1 biochemical assay				Chemical Probes Portal	ULIXERTINIB	ulixertinib	https://www.chemicalprobes.org/
BIAVGWDGIJKWRM-FQEVSTJZSA-N	P29371	antagonist			1	nM	biochemical	Inhibition of [3H]-senktide binding on hNK-3r-CHO cell membranes				Chemical Probes Portal	PMID:9190866	talnetant	https://www.chemicalprobes.org/
BIAVGWDGIJKWRM-FQEVSTJZSA-N	P29371	antagonist			1.6	nM	biochemical	Senktide-induced contraction in isolated rabbit iris sphincter muscle | 1.6 ± 0.53 nM				Chemical Probes Portal	PMID:9190866	talnetant	https://www.chemicalprobes.org/
BIAVGWDGIJKWRM-FQEVSTJZSA-N	P29371	antagonist	IC50		16.6	nM	cell	Ca++ mobilization assay | 16.6 ± 1.6 nM				Chemical Probes Portal	PMID:9190866	talnetant	https://www.chemicalprobes.org/
WRCGBYNVBFVRTN-UHFFFAOYSA-N	Q9Y6A5	inhibitor			1.5	nM	binding	ITC				Chemical Probes Portal	DOI:10.1158/1535-7163.MCT-19-0957	bo-264	https://www.chemicalprobes.org/
WRCGBYNVBFVRTN-UHFFFAOYSA-N	Q9Y6A5	inhibitor	IC50		190	nM	cell	Cell viability was measured by SRB assay				Chemical Probes Portal	DOI:10.1158/1535-7163.MCT-19-0957	bo-264	https://www.chemicalprobes.org/
WRCGBYNVBFVRTN-UHFFFAOYSA-N	Q9Y6A5	inhibitor	IC50		130	nM	cell	Cell viability was measured by SRB assay				Chemical Probes Portal	DOI:10.1158/1535-7163.MCT-19-0957	bo-264	https://www.chemicalprobes.org/
WRCGBYNVBFVRTN-UHFFFAOYSA-N	Q9Y6A5	inhibitor	activity		1	uM	cell	Cellular Thermal Shift Assay				Chemical Probes Portal	DOI:10.1158/1535-7163.MCT-19-0957	bo-264	https://www.chemicalprobes.org/
XNULRSOGWPFPBL-REWPJTCUSA-N	P08235	antagonist			0.755	nM	biochemical	serum-free functional reporter assay utilizing the human MR ligand-binding domain				Chemical Probes Portal	DOI:10.1021/jm100505n	pf-03882845	https://www.chemicalprobes.org/
XNULRSOGWPFPBL-REWPJTCUSA-N	P08235	antagonist			2.7	nM	binding	Radioligand binding assay				Chemical Probes Portal	DOI:10.1021/jm100505n	pf-03882845	https://www.chemicalprobes.org/
XNULRSOGWPFPBL-REWPJTCUSA-N	P08235	antagonist	IC50		9.2	nM	cell	MR Luciferase Reporter Antagonist Assay using a Gal4-MRLBD construct and a luciferase reporter under Gal4 control				Chemical Probes Portal	DOI:10.1021/jm100505n	pf-03882845	https://www.chemicalprobes.org/
ADZBMFGQQWPHMJ-RHSMWYFYSA-N	P07333	inhibitor			1	nM	biochemical	Biochemical assay				Chemical Probes Portal	Sotuletinib	sotuletinib	https://www.chemicalprobes.org/
ADZBMFGQQWPHMJ-RHSMWYFYSA-N	P07333	inhibitor	EC50		67	nM	cell	Inhibition of CSF-1–dependent proliferation				Chemical Probes Portal	Sotuletinib	sotuletinib	https://www.chemicalprobes.org/
ADZBMFGQQWPHMJ-RHSMWYFYSA-N	P07333	inhibitor	activity		67	nM	cell	Western blot of CSF-1R phosphorylation (Y721)				Chemical Probes Portal	Sotuletinib	sotuletinib	https://www.chemicalprobes.org/
KYOIGHSNTIJBPW-UHFFFAOYSA-N	Q5VTY9	inhibitor					biochemical	Click-ELISA assay using alkyne-tagged palmitoyl CoA substrate				Chemical Probes Portal	RUSKI-201	ruski-201	https://www.chemicalprobes.org/
KYOIGHSNTIJBPW-UHFFFAOYSA-N	Q5VTY9	inhibitor	IC50		0.73	uM	cell	In SILAC based proteomic experiment, RUSKI-201 selectively inhibited Hh ligand palmitoylation. In alkyne-tagged palmitic acid (YnPal) experiments, RUSKI-201 inhibited Shh tagging with TC50=0.87 uM.				Chemical Probes Portal	RUSKI-201	ruski-201	https://www.chemicalprobes.org/
ILOIOIGZFHGSMS-UHFFFAOYSA-N	Q6GMR7	inhibitor			4.7	nM	binding	Competitive radioligand displacement				Chemical Probes Portal	OL-135	ol-135	https://www.chemicalprobes.org/
ILOIOIGZFHGSMS-UHFFFAOYSA-N	Q6GMR7	inhibitor			13.4	nM	biochemical	Competitive ABPP assay				Chemical Probes Portal	OL-135	ol-135	https://www.chemicalprobes.org/
ILOIOIGZFHGSMS-UHFFFAOYSA-N	Q6GMR7	inhibitor	EC50		450	nM	cell	FAAH inhibition was determined through quantitation of 1- 3H-ethanolamine by scintillation counting				Chemical Probes Portal	OL-135	ol-135	https://www.chemicalprobes.org/
ILOIOIGZFHGSMS-UHFFFAOYSA-N	O00519	inhibitor			206	nM	biochemical	Radiolabelled oleamide substrate assay				Chemical Probes Portal	OL-135	ol-135	https://www.chemicalprobes.org/
FROGGFONBYACJB-KRWDZBQOSA-N	O43526	inhibitor	IC50		70	nM	cell	Automated electrophysiology assay (Patch Clamp assay)				Chemical Probes Portal	DOI:10.1021/jm300700v	ml252	https://www.chemicalprobes.org/
UQZCQKXJAXKZQH-LBPRGKRZSA-N	Q7Z3E1	inhibitor		<	3	nM	biochemical	Probe displacement assay				Chemical Probes Portal	DOI:10.1016/j.ccell.2021.06.018	rbn-2397	https://www.chemicalprobes.org/
UQZCQKXJAXKZQH-LBPRGKRZSA-N	Q7Z3E1	inhibitor			0.22	nM	binding	SPR  (ka = 1.65 × 105 (1/Ms), kd = 3.56 × 10-5 (1/s) and t1/2 = 325 min)				Chemical Probes Portal	DOI:10.1016/j.ccell.2021.06.018	rbn-2397	https://www.chemicalprobes.org/
UQZCQKXJAXKZQH-LBPRGKRZSA-N	Q7Z3E1	inhibitor	IC50		1	nM	cell	NanoBRET				Chemical Probes Portal	DOI:10.1016/j.ccell.2021.06.018	rbn-2397	https://www.chemicalprobes.org/
UQZCQKXJAXKZQH-LBPRGKRZSA-N	Q7Z3E1	inhibitor	IC50		2	nM	cell	MARylation Inhibition				Chemical Probes Portal	DOI:10.1016/j.ccell.2021.06.018	rbn-2397	https://www.chemicalprobes.org/
UQZCQKXJAXKZQH-LBPRGKRZSA-N	Q7Z3E1	inhibitor	activity		100	nM	cell	STAT1 phosphorylation				Chemical Probes Portal	DOI:10.1016/j.ccell.2021.06.018	rbn-2397	https://www.chemicalprobes.org/
JZCWLJDSIRUGIN-UHFFFAOYSA-N	Q13535	inhibitor			0.2	nM	biochemical	radiometric assay				Chemical Probes Portal	BERZOSERTIB	berzosertib	https://www.chemicalprobes.org/
JZCWLJDSIRUGIN-UHFFFAOYSA-N	Q13535	inhibitor	IC50		19	nM	cell	Immunoblot for Chk1 phosphorylation (Ser 345) in cell lysates				Chemical Probes Portal	BERZOSERTIB	berzosertib	https://www.chemicalprobes.org/
LCFFREMLXLZNHE-GBOLQPHISA-N	Q06187	covalent inhibitor			1.3	nM	biochemical	Biochemical assay using the Caliper electrophoresis method				Chemical Probes Portal	DOI:10.1021/acs.jmedchem.1c01170	rilzabrutinib	https://www.chemicalprobes.org/
LCFFREMLXLZNHE-GBOLQPHISA-N	Q06187	covalent inhibitor			84	%	biochemical	Biochemical occupancy was determined at room temperature by a FRET-based fluorescence competition assay where 1.5 μM compound was preincubated with BTK for 15 min				Chemical Probes Portal	DOI:10.1021/acs.jmedchem.1c01170	rilzabrutinib	https://www.chemicalprobes.org/
LCFFREMLXLZNHE-GBOLQPHISA-N	Q06187	covalent inhibitor	IC50		123	nM	cell	Human whole blood (HWB) IC50 was evaluated by inhibition of CD69 surface expression following anti-IgM stimulation from at least two measurements unless noted				Chemical Probes Portal	DOI:10.1021/acs.jmedchem.1c01170	rilzabrutinib	https://www.chemicalprobes.org/
LCFFREMLXLZNHE-GBOLQPHISA-N	Q06187	covalent inhibitor			60	%	cell	Cellular occupancy was determined at 37 °C using an ALPHAlisa-based occupancy assay in Ramos cells				Chemical Probes Portal	DOI:10.1021/acs.jmedchem.1c01170	rilzabrutinib	https://www.chemicalprobes.org/
FUIYMYNYUHVDPT-HDJSIYSDSA-N	O75907	inhibitor			15	nM	biochemical	Biochemical assay				Chemical Probes Portal	DOI:10.1021/jm801507v	t863	https://www.chemicalprobes.org/
FUIYMYNYUHVDPT-HDJSIYSDSA-N	O75907	inhibitor	IC50		4	nM	cell	Inhibition of triacylglycerol synthesis in human HuTu 80 cells				Chemical Probes Portal	DOI:10.1021/jm801507v	t863	https://www.chemicalprobes.org/
XOPYFXBZMVTEJF-PDACKIITSA-N	P07437	inhibitor			6500	nM	biochemical	In vitro calf brain tubulin polymerization assays,				Chemical Probes Portal	Eleutherobin	eleutherobin	https://www.chemicalprobes.org/
XOPYFXBZMVTEJF-PDACKIITSA-N	P07437	inhibitor	EC50		2000	nM	cell	Displacement of 3H-taxol				Chemical Probes Portal	Eleutherobin	eleutherobin	https://www.chemicalprobes.org/
GRTDDIZIUSADLD-CRAIPNDOSA-N	P00797	inhibitor			0.4	nM	biochemical	Recombinant Human Renin Inhibition Assay (Fluorescence Resonance Energy Transfer [FRET])				Chemical Probes Portal	DOI:10.1021/acs.jmedchem.2c00834	sph3127	https://www.chemicalprobes.org/
GRTDDIZIUSADLD-CRAIPNDOSA-N	P00797	inhibitor	IC50		0.45	nM	cell	Plasma Renin Activity Assay (competitive radioimmunoassay)				Chemical Probes Portal	DOI:10.1021/acs.jmedchem.2c00834	sph3127	https://www.chemicalprobes.org/
OXQNLLVUVDAEHC-OAQYLSRUSA-N	P51787	activator	EC50		260	nM	cell	Electrophysiological assay using the population patch clamp mode on the IonWorks Quattro™.				Chemical Probes Portal	DOI:10.1016/j.bmcl.2012.07.060	ml277	https://www.chemicalprobes.org/
OXQNLLVUVDAEHC-OAQYLSRUSA-N	P51787	activator	activity		265.9	%	cell	Percent increase in KCNQ1 currents recorded at +40 mV at saturating compound concentrations in dose-response experiments for each compound				Chemical Probes Portal	DOI:10.1016/j.bmcl.2012.07.060	ml277	https://www.chemicalprobes.org/
PKNYXWMTHFMHKD-UHFFFAOYSA-N	Q07869	agonist			6	nM	biochemical	Activity on the human PPAR subtypes in vitro				Chemical Probes Portal	DOI:10.1016/S0960-894X(01)00188-3	gw7647	https://www.chemicalprobes.org/
PKNYXWMTHFMHKD-UHFFFAOYSA-N	Q07869	agonist			51.8	nM	biochemical	PPARA activation TR-FRET				Chemical Probes Portal	DOI:10.1016/S0960-894X(01)00188-3	gw7647	https://www.chemicalprobes.org/
PKNYXWMTHFMHKD-UHFFFAOYSA-N	Q07869	agonist					cell	Lipid transport processes enrichment				Chemical Probes Portal	DOI:10.1016/S0960-894X(01)00188-3	gw7647	https://www.chemicalprobes.org/
PKNYXWMTHFMHKD-UHFFFAOYSA-N	Q07869	agonist					cell	hSMCs proliferation in normal growth medium (GM) after G0/G1-phase synchronization with increased proportion of hSMCs in the G0/G1 and decreased proportion in S phases, respectively.				Chemical Probes Portal	DOI:10.1016/S0960-894X(01)00188-3	gw7647	https://www.chemicalprobes.org/
PKNYXWMTHFMHKD-UHFFFAOYSA-N	Q07869	agonist	activity		600	nM	cell	increase of p16 mRNA and protein levels				Chemical Probes Portal	DOI:10.1016/S0960-894X(01)00188-3	gw7647	https://www.chemicalprobes.org/
HRJWSEPIRZRGCL-UHFFFAOYSA-N	Q9NS75	antagonist			37.9	nM	binding	Radioligand displacement of [3H]-LTD4 bound to the CysLT2 in lysates of CHO cells stably expressing the human CysLT2 | 37.9 ± 14.7 nM				Chemical Probes Portal	DOI:10.1111/j.1476-5381.2010.00730.x	hami3379	https://www.chemicalprobes.org/
HRJWSEPIRZRGCL-UHFFFAOYSA-N	Q9NS75	antagonist	IC50	>=	3.8	nM	cell	inhibition of 10 nM LTD4- and LTC4-induced (∼EC80–90) intracellular calcium release in the CysLT2 receptor cell line | 3.8-4.4 nM				Chemical Probes Portal	DOI:10.1111/j.1476-5381.2010.00730.x	hami3379	https://www.chemicalprobes.org/
KBFUQFVFYYBHBT-UHFFFAOYSA-N	O15554	inhibitor	Kd		20	nM	cell	Blocked current in whole Cells (patch-clamp assay)				Chemical Probes Portal	DOI:10.1073/pnas.97.14.8151	tram-34	https://www.chemicalprobes.org/
KBFUQFVFYYBHBT-UHFFFAOYSA-N	O15554	inhibitor	EC50	>=	295	nM	cell	TRAM-34 suppresses reactivation of lymphocytes by anti-CD3 Ab or with a combination of the PKC-activator PMA and calcium-ionophore ionomycin | 295-910 nM				Chemical Probes Portal	DOI:10.1073/pnas.97.14.8151	tram-34	https://www.chemicalprobes.org/
KBFUQFVFYYBHBT-UHFFFAOYSA-N	O15554	inhibitor	Kd		22	nM	cell	Patch clamp assay				Chemical Probes Portal	DOI:10.1073/pnas.97.14.8151	tram-34	https://www.chemicalprobes.org/
OYUDYQMFVRHPIY-UHFFFAOYSA-N	P35557	partial activator			29	nM	biochemical	Enzymatic GK activation assay using purified recombinant human islet GK | 29 nM				Chemical Probes Portal	DOI:10.1021/acs.jmedchem.1c02110	bms-820132	https://www.chemicalprobes.org/
OYUDYQMFVRHPIY-UHFFFAOYSA-N	P35557	partial activator			143	%	biochemical	Enzymatic GK activation assay using purified recombinant human islet GK | max activation 143%				Chemical Probes Portal	DOI:10.1021/acs.jmedchem.1c02110	bms-820132	https://www.chemicalprobes.org/
USHQRIKZLHNPQR-JTQLQIEISA-N	P13569	modulator	EC50		79	nM	cell	"CFTR Membrane Potential Assay
F508del EC50 79 ± 52 nM (92%), 	
G551D EC50 497 ± 198 nM (40%)	
WT EC50 113 ± 45 nM (79%)"				Chemical Probes Portal	DOI:10.1021/acs.jmedchem.1c00343	icenticaftor	https://www.chemicalprobes.org/
USHQRIKZLHNPQR-JTQLQIEISA-N	P13569	modulator	EC50		47	nM	cell	CFTR Ion Works Quattro Assay 96% efficacy				Chemical Probes Portal	DOI:10.1021/acs.jmedchem.1c00343	icenticaftor	https://www.chemicalprobes.org/
USHQRIKZLHNPQR-JTQLQIEISA-N	P13569	modulator	EC50		39	nM	cell	"CFTR Ion Transport Assays with Primary HBEC
F508del EC50 39 ± 22 nM (84%)
WT EC50 72 ± 45 nM (87%)"				Chemical Probes Portal	DOI:10.1021/acs.jmedchem.1c00343	icenticaftor	https://www.chemicalprobes.org/
PQUGCKBLVKJMNT-UHFFFAOYSA-N	P23219	inhibitor			9	nM	biochemical	Biochemical assay using recombinant COX-1 and arachidonic acid				Chemical Probes Portal	SC-560	sc-560	https://www.chemicalprobes.org/
WWOOWAHTEXIWBO-QFRSUPTLSA-N	O14744	inhibitor			22	nM	biochemical	Radioactivity-based assay assessing methylation of an H4R3 derived peptide substrate | 22 ± 3 nM				Chemical Probes Portal	DOI:10.1021/acsmedchemlett.8b00014	lly-283	https://www.chemicalprobes.org/
WWOOWAHTEXIWBO-QFRSUPTLSA-N	O14744	inhibitor			6	nM	binding	Surface Plasmon Resonance (SPR | 6 ± 2 nM				Chemical Probes Portal	DOI:10.1021/acsmedchemlett.8b00014	lly-283	https://www.chemicalprobes.org/
WWOOWAHTEXIWBO-QFRSUPTLSA-N	O14744	inhibitor	IC50		25	nM	cell	SmBB′-Rme2s levels change determined by Western blot after 3 days of compound treatment | 25 ± 1 nM				Chemical Probes Portal	DOI:10.1021/acsmedchemlett.8b00014	lly-283	https://www.chemicalprobes.org/
WWOOWAHTEXIWBO-QFRSUPTLSA-N	O14744	inhibitor	EC50		37	nM	cell	splicing of MDM4 in qPCR assay | 37 ± 3 nM				Chemical Probes Portal	DOI:10.1021/acsmedchemlett.8b00014	lly-283	https://www.chemicalprobes.org/
WWOOWAHTEXIWBO-QFRSUPTLSA-N	O14744	inhibitor	IC50		46	nM	cell	Cell titer Glo assay | 46 ± 5 nM				Chemical Probes Portal	DOI:10.1021/acsmedchemlett.8b00014	lly-283	https://www.chemicalprobes.org/
WULUGQONDYDNKY-UHFFFAOYSA-N	P49336	inhibitor			0.77	nM	biochemical	Biochemical assay				Chemical Probes Portal	BI-1347	bi-1347	https://www.chemicalprobes.org/
WULUGQONDYDNKY-UHFFFAOYSA-N	P49336	inhibitor	EC50		5	nM	cell	tau aggregation assay in cell				Chemical Probes Portal	BI-1347	bi-1347	https://www.chemicalprobes.org/
WULUGQONDYDNKY-UHFFFAOYSA-N	P49336	inhibitor	IC50		3	nM	cell	Inhibition of pSTAT S727				Chemical Probes Portal	BI-1347	bi-1347	https://www.chemicalprobes.org/
WULUGQONDYDNKY-UHFFFAOYSA-N	P49336	inhibitor	EC50		10	nM	cell	Secretion of Perforin				Chemical Probes Portal	BI-1347	bi-1347	https://www.chemicalprobes.org/
WULUGQONDYDNKY-UHFFFAOYSA-N	Q9BWU1	inhibitor			1.7	nM	biochemical	Selectivity assay, Invitrogen				Chemical Probes Portal	BI-1347	bi-1347	https://www.chemicalprobes.org/
CJAQCMBWGUOBIX-ZUQRMPMESA-M	Q6W5P4	antagonist	IC50		22.1	nM	cell	NPS-induced cAMP response				Chemical Probes Portal	DOI:10.1523/JNEUROSCI.4742-12.2013	ml154	https://www.chemicalprobes.org/
CJAQCMBWGUOBIX-ZUQRMPMESA-M	Q6W5P4	antagonist	IC50		36.5	nM	cell	NPS-induced calcium response				Chemical Probes Portal	DOI:10.1523/JNEUROSCI.4742-12.2013	ml154	https://www.chemicalprobes.org/
CJAQCMBWGUOBIX-ZUQRMPMESA-M	Q6W5P4	antagonist	IC50		9.3	nM	cell	NPS-induced ERK phosphorylation inhibition				Chemical Probes Portal	DOI:10.1523/JNEUROSCI.4742-12.2013	ml154	https://www.chemicalprobes.org/
CJAQCMBWGUOBIX-ZUQRMPMESA-M	Q6W5P4	antagonist	IC50		5	nM	cell	Radioligand displacement of  125I-NPS				Chemical Probes Portal	DOI:10.1523/JNEUROSCI.4742-12.2013	ml154	https://www.chemicalprobes.org/
YEVOZZZLKJKCCD-UHFFFAOYSA-N	Q5S007	inhibitor			20.3	nM	biochemical	Biochemical inhibition of WT GST-LRRK2 in the presence of 100 μM ATP.				Chemical Probes Portal	DOI:10.1021/ml300123a	hg-10-102-01	https://www.chemicalprobes.org/
YEVOZZZLKJKCCD-UHFFFAOYSA-N	Q5S007	inhibitor			3.2	nM	biochemical	Biochemical inhibition of G2019S GST-LRRK2 in the presence of 100 μM ATP.				Chemical Probes Portal	DOI:10.1021/ml300123a	hg-10-102-01	https://www.chemicalprobes.org/
YEVOZZZLKJKCCD-UHFFFAOYSA-N	Q5S007	inhibitor			153.7	nM	biochemical	Biochemical inhibition of A2016T GST-LRRK2 in the presence of 100 μM ATP.				Chemical Probes Portal	DOI:10.1021/ml300123a	hg-10-102-01	https://www.chemicalprobes.org/
YEVOZZZLKJKCCD-UHFFFAOYSA-N	Q5S007	inhibitor			95.9	nM	biochemical	Biochemical inhibition of G2019S-A2016T GST-LRRK2 in the presence of 100 μM ATP.				Chemical Probes Portal	DOI:10.1021/ml300123a	hg-10-102-01	https://www.chemicalprobes.org/
YEVOZZZLKJKCCD-UHFFFAOYSA-N	Q5S007	inhibitor			1	uM	cell	Determination of phosphorylation of Ser910 and Ser935 | 1 µM for wild-type LRRK2				Chemical Probes Portal	DOI:10.1021/ml300123a	hg-10-102-01	https://www.chemicalprobes.org/
YEVOZZZLKJKCCD-UHFFFAOYSA-N	Q5S007	inhibitor			0.3	uM	cell	Determination of phosphorylation of Ser910 and Ser935 | 0.3 μM for LRRK2[G2019S]				Chemical Probes Portal	DOI:10.1021/ml300123a	hg-10-102-01	https://www.chemicalprobes.org/
YEVOZZZLKJKCCD-UHFFFAOYSA-N	Q5S007	inhibitor		>=	1	uM	cell	Determination of phosphorylation of Ser910 and Ser935 | 1–3 μM in the drug-resistant LRRK2[A2016T + G2019S]				Chemical Probes Portal	DOI:10.1021/ml300123a	hg-10-102-01	https://www.chemicalprobes.org/
YEVOZZZLKJKCCD-UHFFFAOYSA-N	Q5S007	inhibitor	% inhibition		0.3	uM	cell	dephosphorylation of endogenous LRRK2 at Ser910 and Ser935				Chemical Probes Portal	DOI:10.1021/ml300123a	hg-10-102-01	https://www.chemicalprobes.org/
PRNXOFBDXNTIFG-FQEVSTJZSA-N	P53985	inhibitor			1.6	nM	binding	Scintillation proximity assay on cell membranes				Chemical Probes Portal	AZD3965	azd3965	https://www.chemicalprobes.org/
PRNXOFBDXNTIFG-FQEVSTJZSA-N	P53985	inhibitor			3.2	nM	biochemical	AZD3965 binding affinity to yeast membranes expressing recombinant human MCT1 by displacement of [3H]-MCT1				Chemical Probes Portal	AZD3965	azd3965	https://www.chemicalprobes.org/
PRNXOFBDXNTIFG-FQEVSTJZSA-N	P53985	inhibitor	IC50		5.12	nM	cell	Inhibition of lactate transport in cells				Chemical Probes Portal	AZD3965	azd3965	https://www.chemicalprobes.org/
PRNXOFBDXNTIFG-FQEVSTJZSA-N	P53985	inhibitor	GI50		12.35	nM	cell	Cell proliferation assay				Chemical Probes Portal	AZD3965	azd3965	https://www.chemicalprobes.org/
PQOOIERVZAXHBP-UHFFFAOYSA-N	Q96JM7	inhibitor			120	nM	binding	ITC				Chemical Probes Portal	UNC1215	unc1215	https://www.chemicalprobes.org/
PQOOIERVZAXHBP-UHFFFAOYSA-N	Q96JM7	inhibitor			40	nM	biochemical	Alpha screen methylated histone peptide competition assay				Chemical Probes Portal	UNC1215	unc1215	https://www.chemicalprobes.org/
PQOOIERVZAXHBP-UHFFFAOYSA-N	Q96JM7	inhibitor	EC50	>=	50	nM	cell	FRAP assay | 50-100 nM				Chemical Probes Portal	UNC1215	unc1215	https://www.chemicalprobes.org/
COOGVHJHSCBOQT-MRVPVSSYSA-N	Q9H3N8	antagonist			12.5	nM	biochemical	Binding assay with membranes from cells transfected with the receptor				Chemical Probes Portal	DOI:10.1021/jm401727m	jnj-39758979	https://www.chemicalprobes.org/
COOGVHJHSCBOQT-MRVPVSSYSA-N	Q9H3N8	antagonist		=	7.9		cell	Cell-Based cAMP Assay				Chemical Probes Portal	DOI:10.1021/jm401727m	jnj-39758979	https://www.chemicalprobes.org/
DLNFTRSEHUWEGO-HUUCEWRRSA-N	O94925	inhibitor			31	nM	biochemical	GAC (GLS) Enzyme activity assay				Chemical Probes Portal	A-446	a-446	https://www.chemicalprobes.org/
DLNFTRSEHUWEGO-HUUCEWRRSA-N	O94925	inhibitor	IC50		11	nM	cell	CTG assay in A549 cells				Chemical Probes Portal	A-446	a-446	https://www.chemicalprobes.org/
LIIWIMDSZVNYHY-UHFFFAOYSA-N	Q9UBN7	inhibitor			1.7	nM	biochemical	Enzyme assay with recombinant enzyme				Chemical Probes Portal	ACY-738	acy-738	https://www.chemicalprobes.org/
LIIWIMDSZVNYHY-UHFFFAOYSA-N	Q9UBN7	inhibitor					cell	In RN46A-B12 cells, ACY-738 (2.5 uM) increased acetylation of alpha-tubulin at K40 as detected by western blot.				Chemical Probes Portal	ACY-738	acy-738	https://www.chemicalprobes.org/
PDMXSCCBEBCTGX-UHFFFAOYSA-N	Q05469	inhibitor			2	nM	biochemical	In vitro colorimetric HSL assay using human HSL fractions and p-nitrophenyl butyrate (PNPB) as a substrate.				Chemical Probes Portal	DOI:10.1016/j.bmc.2017.02.045	hsl-in-1	https://www.chemicalprobes.org/
QBIGUDRHHJTXKG-UUWRZZSWSA-N	P51449	inverse agonist			5.3	nM	biochemical	Binding to RORC ligand-binding domain (ThermoFluor Binding Assay)				Chemical Probes Portal	DOI:10.1038/s41598-021-90497-9	jnj-54119936	https://www.chemicalprobes.org/
QBIGUDRHHJTXKG-UUWRZZSWSA-N	P51449	inverse agonist	IC50		332	nM	cell	Human whole blood assay				Chemical Probes Portal	DOI:10.1038/s41598-021-90497-9	jnj-54119936	https://www.chemicalprobes.org/
QBIGUDRHHJTXKG-UUWRZZSWSA-N	P51449	inverse agonist	IC50		30	nM	cell	One-hybrid LBD				Chemical Probes Portal	DOI:10.1038/s41598-021-90497-9	jnj-54119936	https://www.chemicalprobes.org/
JYTISQGEFSHUIR-UHFFFAOYSA-N	Q12830	inhibitor			3	nM	binding	BROMOscan				Chemical Probes Portal	DOI:10.1016/j.bmcl.2021.128208	nvs-bptf-1	https://www.chemicalprobes.org/
JYTISQGEFSHUIR-UHFFFAOYSA-N	Q12830	inhibitor			71	nM	biochemical	BLI assay				Chemical Probes Portal	DOI:10.1016/j.bmcl.2021.128208	nvs-bptf-1	https://www.chemicalprobes.org/
JYTISQGEFSHUIR-UHFFFAOYSA-N	Q12830	inhibitor			56	nM	biochemical	Alphascreen				Chemical Probes Portal	DOI:10.1016/j.bmcl.2021.128208	nvs-bptf-1	https://www.chemicalprobes.org/
JYTISQGEFSHUIR-UHFFFAOYSA-N	Q12830	inhibitor	IC50		16	nM	cell	NanoBRET assay based on a bespoke tracer (5961) was developed to measure the binding				Chemical Probes Portal	DOI:10.1016/j.bmcl.2021.128208	nvs-bptf-1	https://www.chemicalprobes.org/
GRXCLNMCJWKTAT-UHFFFAOYSA-N	Q86VF5	inhibitor			92	nM	biochemical	Biochemical quantification of radioactive product assessing its DGAT activity.				Chemical Probes Portal	DOI:10.1021/acs.jmedchem.5b01008	pf-06471553	https://www.chemicalprobes.org/
GRXCLNMCJWKTAT-UHFFFAOYSA-N	Q86VF5	inhibitor	IC50		205	nM	cell	Incorporation of [14C]-glycerol into TAG in presence of DGAT inhibitors				Chemical Probes Portal	DOI:10.1021/acs.jmedchem.5b01008	pf-06471553	https://www.chemicalprobes.org/
VGRLXWFIXGZRMS-UHFFFAOYSA-N	O95497	inhibitor			6.85	nM	biochemical	Human recombinant VNN1 assay with 25 pM VNN1				Chemical Probes Portal	PFI-653	pfi-653	https://www.chemicalprobes.org/
VGRLXWFIXGZRMS-UHFFFAOYSA-N	O95497	inhibitor	IC50		9	nM	cell	Human plasma VNN1 assay with 8 nM VNN1				Chemical Probes Portal	PFI-653	pfi-653	https://www.chemicalprobes.org/
PGKXDIMONUAMFR-AREMUKBSSA-N	P21452	antagonist	Ki		0.51	nM	cell	Competitive radioligand assay				Chemical Probes Portal	DOI:10.1016/0024-3205(92)90352-p	saredutant	https://www.chemicalprobes.org/
PWKAYICUBVNJAZ-UHFFFAOYSA-N	O60502	inhibitor			46	nM	biochemical	Human OGA enzymatic assay				Chemical Probes Portal	DOI:10.1021/acs.jmedchem.0c01712	tp-040	https://www.chemicalprobes.org/
PWKAYICUBVNJAZ-UHFFFAOYSA-N	O60502	inhibitor	EC50		450	nM	cell	Glycosylation in-cell western assay				Chemical Probes Portal	DOI:10.1021/acs.jmedchem.0c01712	tp-040	https://www.chemicalprobes.org/
MSTXJJGAXXJCBY-UHFFFAOYSA-N	O14939	inhibitor			100	nM	biochemical	Biochemical assay using purified PLD2				Chemical Probes Portal	DOI:10.1021/jm100814g	vu0364739	https://www.chemicalprobes.org/
MSTXJJGAXXJCBY-UHFFFAOYSA-N	O14939	inhibitor	% inhibition		95	%	cell	Cell proliferation assay WST-1				Chemical Probes Portal	DOI:10.1021/jm100814g	vu0364739	https://www.chemicalprobes.org/
MSTXJJGAXXJCBY-UHFFFAOYSA-N	O14939	inhibitor	IC50		20	nM	cell	Endogenous Cellular Phospholipase D Activity Assay using deuterated 1-butanol incorporation.				Chemical Probes Portal	DOI:10.1021/jm100814g	vu0364739	https://www.chemicalprobes.org/
VHSVKVWHYFBIFJ-HKZYLEAXSA-N	Q99527	agonist	EC50		2	nM	cell	Mobilization of intracellular calcium				Chemical Probes Portal	DOI:10.1038/nchembio775	lns8801	https://www.chemicalprobes.org/
VHSVKVWHYFBIFJ-HKZYLEAXSA-N	Q99527	agonist	Ki		11	nM	cell	Displacement of E2-Alexa633 from GFP-tagged GPR30 expressed in COS7 cells by FACS				Chemical Probes Portal	DOI:10.1038/nchembio775	lns8801	https://www.chemicalprobes.org/
VHSVKVWHYFBIFJ-HKZYLEAXSA-N	Q99527	agonist	activity		10	nM	cell	Activation of PI3K, resulting in the nuclear accumulation of PIP3 (fluorescence imaging)				Chemical Probes Portal	DOI:10.1038/nchembio775	lns8801	https://www.chemicalprobes.org/
IVDUVEGCMXCMSO-FQEVSTJZSA-N	O15297	inhibitor			6	nM	biochemical	FDP hydrolysis assay				Chemical Probes Portal	DOI:10.1038/nchembio.1427	gsk2830371	https://www.chemicalprobes.org/
IVDUVEGCMXCMSO-FQEVSTJZSA-N	O15297	inhibitor	IC50		13	nM	cell	dephpsphorylation of phospho-p38 MAPK				Chemical Probes Portal	DOI:10.1038/nchembio.1427	gsk2830371	https://www.chemicalprobes.org/
IVDUVEGCMXCMSO-FQEVSTJZSA-N	O15297	inhibitor	% inhibition	>=	100	nM	cell	Western Blot for Wip1 substrates including p53 (S15), Chk2 (T68), H2AX (S139) and ATM (S1981), using phospho-site–specific antibodies | 100 -1000 nM				Chemical Probes Portal	DOI:10.1038/nchembio.1427	gsk2830371	https://www.chemicalprobes.org/
WOAOENGFAAUUGT-UHFFFAOYSA-N	Q9BZ95	antagonist			166	nM	binding	SPR | 166 ± 3 nM				Chemical Probes Portal	DOI:10.1038/s41589-019-0310-x	bi-9321	https://www.chemicalprobes.org/
WOAOENGFAAUUGT-UHFFFAOYSA-N	Q9BZ95	antagonist			445	nM	binding	ITC | 445 ± 8 nM				Chemical Probes Portal	DOI:10.1038/s41589-019-0310-x	bi-9321	https://www.chemicalprobes.org/
WOAOENGFAAUUGT-UHFFFAOYSA-N	Q9BZ95	antagonist			5.5	degC	binding	DSF				Chemical Probes Portal	DOI:10.1038/s41589-019-0310-x	bi-9321	https://www.chemicalprobes.org/
WOAOENGFAAUUGT-UHFFFAOYSA-N	Q9BZ95	antagonist			203	nM	biochemical	TR-FRET assay				Chemical Probes Portal	DOI:10.1038/s41589-019-0310-x	bi-9321	https://www.chemicalprobes.org/
WOAOENGFAAUUGT-UHFFFAOYSA-N	Q9BZ95	antagonist	IC50		1400	nM	cell	BRET | 1400 ± 500nM				Chemical Probes Portal	DOI:10.1038/s41589-019-0310-x	bi-9321	https://www.chemicalprobes.org/
WOAOENGFAAUUGT-UHFFFAOYSA-N	Q9BZ95	antagonist	IC50		1200	nM	cell	NanoBRET (protein-protein interaction disruption between C-terminally NanoLuc tagged NSD3-PWWP1 with C-terminally HaloTag Fusion tagged histone H3 in a dose-dependent manner) | 1200 ± 60 nM				Chemical Probes Portal	DOI:10.1038/s41589-019-0310-x	bi-9321	https://www.chemicalprobes.org/
WOAOENGFAAUUGT-UHFFFAOYSA-N	Q9BZ95	antagonist	% inhibition		1000	nM	cell	FRAP assay				Chemical Probes Portal	DOI:10.1038/s41589-019-0310-x	bi-9321	https://www.chemicalprobes.org/
HRJWTAWVFDCTGO-UHFFFAOYSA-N	P49840	inhibitor			1.5	nM	biochemical	Biochemical assay				Chemical Probes Portal	LY2090314	ly2090314	https://www.chemicalprobes.org/
HRJWTAWVFDCTGO-UHFFFAOYSA-N	P49841	inhibitor			1.1		biochemical	Biochemical assay | 1.1 ± 0.3				Chemical Probes Portal	LY2090314	ly2090314	https://www.chemicalprobes.org/
HRJWTAWVFDCTGO-UHFFFAOYSA-N	P49841	inhibitor	IC50		0.7	nM	cell	Phospho-Tau assay | 0.7 ± 0.26 nM				Chemical Probes Portal	LY2090314	ly2090314	https://www.chemicalprobes.org/
BZZKEPGENYLQSC-FIBGUPNXSA-N	P29597	inhibitor			0.2	nM	biochemical	homogeneous time-resolved fluorescence (HTRF) binding assays measuring the displacement of a probe compound				Chemical Probes Portal	DOI:10.1021/acs.jmedchem.9b00444	deucravacitinib	https://www.chemicalprobes.org/
BZZKEPGENYLQSC-FIBGUPNXSA-N	P29597	inhibitor			0.02	nM	biochemical	Morrison titration by varying the concentration of the fluorescent probe in the TYK2 JH2 assay				Chemical Probes Portal	DOI:10.1021/acs.jmedchem.9b00444	deucravacitinib	https://www.chemicalprobes.org/
BZZKEPGENYLQSC-FIBGUPNXSA-N	P29597	inhibitor	IC50		2	nM	cell	Measuring STAT5 phosphorylation in CD3+ T-cells as end point				Chemical Probes Portal	DOI:10.1021/acs.jmedchem.9b00444	deucravacitinib	https://www.chemicalprobes.org/
BZZKEPGENYLQSC-FIBGUPNXSA-N	P29597	inhibitor	IC50		9	nM	cell	Measuring STAT3 phosphorylation in CD161+ CD3+ T-cells				Chemical Probes Portal	DOI:10.1021/acs.jmedchem.9b00444	deucravacitinib	https://www.chemicalprobes.org/
BZZKEPGENYLQSC-FIBGUPNXSA-N	P29597	inhibitor	IC50		13	nM	cell	STAT5 phosphorylation in CD3+ T-cells as end point				Chemical Probes Portal	DOI:10.1021/acs.jmedchem.9b00444	deucravacitinib	https://www.chemicalprobes.org/
XUKUURHRXDUEBC-KAYWLYCHSA-N	P04035	inhibitor, prodrug			8	nM	biochemical	Inhibition of HMG-CoA Reductase , 6.2 nM (Ki, Rat homolog)				Chemical Probes Portal	Atorvastatin	atorvastatin	https://www.chemicalprobes.org/
XUKUURHRXDUEBC-KAYWLYCHSA-N	P04035	inhibitor, prodrug			6.2	nM	biochemical	Inhibition of HMG-CoA Reductase (Rat homolog)				Chemical Probes Portal	Atorvastatin	atorvastatin	https://www.chemicalprobes.org/
XUKUURHRXDUEBC-KAYWLYCHSA-N	P04035	inhibitor, prodrug					cell					Chemical Probes Portal	Atorvastatin	atorvastatin	https://www.chemicalprobes.org/
WDHOIABIERMLGY-CMJOXMDJSA-N	P03372	degrader, antagonist			2.5	nM	biochemical	ER Binding Assay				Chemical Probes Portal	AZD9833	azd9833	https://www.chemicalprobes.org/
WDHOIABIERMLGY-CMJOXMDJSA-N	P03372	degrader, antagonist			9.8		cell	Measurement of Endogenous ERα and PR Levels in a Multiplexed Cell Assay | 9.8				Chemical Probes Portal	AZD9833	azd9833	https://www.chemicalprobes.org/
WDHOIABIERMLGY-CMJOXMDJSA-N	P03372	degrader, antagonist			99	%	cell	Measurement of Endogenous ERα and PR Levels in a Multiplexed Cell Assay | 99 %				Chemical Probes Portal	AZD9833	azd9833	https://www.chemicalprobes.org/
YTINZZFBHWSAGL-NDEPHWFRSA-N	Q96SW2	degrader, celmod			37.2	nM	biochemical	FRET Binding affinity assay				Chemical Probes Portal	DOI:10.1021/acs.jmedchem.9b01928	mezigdomide	https://www.chemicalprobes.org/
YTINZZFBHWSAGL-NDEPHWFRSA-N	Q96SW2	degrader, celmod	IC50		2.3	nM	cell	Growth Inhibition Assay				Chemical Probes Portal	DOI:10.1021/acs.jmedchem.9b01928	mezigdomide	https://www.chemicalprobes.org/
YTINZZFBHWSAGL-NDEPHWFRSA-N	Q96SW2	degrader, celmod	EC50		3	nM	cell	ePL Degradation assay; cpd shows fast kinetik with complete degradation of Aiolos after 3 h treatment at concentrations below 1 nM				Chemical Probes Portal	DOI:10.1021/acs.jmedchem.9b01928	mezigdomide	https://www.chemicalprobes.org/
VNCIWNGCMAKKEO-UHFFFAOYSA-N	P53667	inhibitor			84	nM	biochemical	RapidFire MS assay				Chemical Probes Portal	DOI:10.1021/acs.jmedchem.2c01106	th257	https://www.chemicalprobes.org/
VNCIWNGCMAKKEO-UHFFFAOYSA-N	P53667	inhibitor	IC50		250	nM	cell	NanoBRET				Chemical Probes Portal	DOI:10.1021/acs.jmedchem.2c01106	th257	https://www.chemicalprobes.org/
VNCIWNGCMAKKEO-UHFFFAOYSA-N	P53667	inhibitor	IC50		257	nM	cell	AlphaLISA SureFire Assay for the Detection of Phospho-Cofilin Ser3				Chemical Probes Portal	DOI:10.1021/acs.jmedchem.2c01106	th257	https://www.chemicalprobes.org/
VNCIWNGCMAKKEO-UHFFFAOYSA-N	P53671	inhibitor			39	nM	biochemical	RapidFire MS assay				Chemical Probes Portal	DOI:10.1021/acs.jmedchem.2c01106	th257	https://www.chemicalprobes.org/
VNCIWNGCMAKKEO-UHFFFAOYSA-N	P53671	inhibitor	IC50		150	nM	cell	NanoBRET				Chemical Probes Portal	DOI:10.1021/acs.jmedchem.2c01106	th257	https://www.chemicalprobes.org/
VRQMAABPASPXMW-HDICACEKSA-N	P11362	inhibitor			0.2	nM	biochemical	Enzymatic assay				Chemical Probes Portal	AZD4547	azd4547	https://www.chemicalprobes.org/
VRQMAABPASPXMW-HDICACEKSA-N	P11362	inhibitor	IC50		12	nM	cell	Cellular Phosphorylation assay, Cos-1 transfected with FGFR1				Chemical Probes Portal	AZD4547	azd4547	https://www.chemicalprobes.org/
VRQMAABPASPXMW-HDICACEKSA-N	P11362	inhibitor	IC50		18	nM	cell	Cell Proliferation Assay with KG1a with deregulated FGFR1				Chemical Probes Portal	AZD4547	azd4547	https://www.chemicalprobes.org/
VRQMAABPASPXMW-HDICACEKSA-N	P21802	inhibitor			1.8	nM	biochemical	Enzymatic assay				Chemical Probes Portal	AZD4547	azd4547	https://www.chemicalprobes.org/
VRQMAABPASPXMW-HDICACEKSA-N	P21802	inhibitor	IC50		2	nM	cell	Cellular Phosphorylation assay,  Cos-1 transfected with FGFR2				Chemical Probes Portal	AZD4547	azd4547	https://www.chemicalprobes.org/
VRQMAABPASPXMW-HDICACEKSA-N	P21802	inhibitor	IC50		41	nM	cell	Cell Proliferation Assay with Sum52-PE with deregulated FGFR2				Chemical Probes Portal	AZD4547	azd4547	https://www.chemicalprobes.org/
VRQMAABPASPXMW-HDICACEKSA-N	P22607	inhibitor			2.5	nM	biochemical	Enzymatic assay				Chemical Probes Portal	AZD4547	azd4547	https://www.chemicalprobes.org/
VRQMAABPASPXMW-HDICACEKSA-N	P22607	inhibitor	IC50		40	nM	cell	Cellular Phosphorylation assay,  Cos-1 transfected with FGFR3				Chemical Probes Portal	AZD4547	azd4547	https://www.chemicalprobes.org/
VRQMAABPASPXMW-HDICACEKSA-N	P22607	inhibitor	IC50		281	nM	cell	Cell Proliferation Assay with KMS11 with deregulated FGFR3				Chemical Probes Portal	AZD4547	azd4547	https://www.chemicalprobes.org/
AVKAVKZKOFSSMY-DEOSSOPVSA-N	Q9NRG4	inhibitor			16	nM	biochemical	SMYD2 Activity Assay with 20 uM SAM				Chemical Probes Portal	DOI:10.1021/acs.jmedchem.9b00112	pfi-5	https://www.chemicalprobes.org/
AVKAVKZKOFSSMY-DEOSSOPVSA-N	Q9NRG4	inhibitor			8	nM	biochemical	SMYD2 Activity Assay with 70 nM SAM				Chemical Probes Portal	DOI:10.1021/acs.jmedchem.9b00112	pfi-5	https://www.chemicalprobes.org/
AVKAVKZKOFSSMY-DEOSSOPVSA-N	Q9NRG4	inhibitor	EC50		130	nM	cell	p53 methylation at K370 in MCF7 cells				Chemical Probes Portal	DOI:10.1021/acs.jmedchem.9b00112	pfi-5	https://www.chemicalprobes.org/
QGNDVASWIHEXCL-AWEZNQCLSA-N	Q03111	inhibitor			260	nM	biochemical	Alpha-Screen				Chemical Probes Portal	SGC-iMLLT	sgc-imllt	https://www.chemicalprobes.org/
QGNDVASWIHEXCL-AWEZNQCLSA-N	Q03111	inhibitor			129	nM	binding	ITC				Chemical Probes Portal	SGC-iMLLT	sgc-imllt	https://www.chemicalprobes.org/
QGNDVASWIHEXCL-AWEZNQCLSA-N	Q03111	inhibitor	IC50		400	nM	cell	NanoBRET				Chemical Probes Portal	SGC-iMLLT	sgc-imllt	https://www.chemicalprobes.org/
QGNDVASWIHEXCL-AWEZNQCLSA-N	P42568	inhibitor			77	nM	biochemical	Alpha-Screen				Chemical Probes Portal	SGC-iMLLT	sgc-imllt	https://www.chemicalprobes.org/
QGNDVASWIHEXCL-AWEZNQCLSA-N	P42568	inhibitor	IC50		400	nM	cell	NanoBRET				Chemical Probes Portal	SGC-iMLLT	sgc-imllt	https://www.chemicalprobes.org/
QCIJLRJBZDBVDB-UHFFFAOYSA-N	P55201	inhibitor			13	nM	binding	ITC				Chemical Probes Portal	DOI:10.1021/ml5002932	pfi-4	https://www.chemicalprobes.org/
QCIJLRJBZDBVDB-UHFFFAOYSA-N	P55201	inhibitor			172	nM	biochemical	Alpha Screen competitive assay with tetraacetylated histone 4 and  monoacetylated  K14  histone  3  for  TRIM24.				Chemical Probes Portal	DOI:10.1021/ml5002932	pfi-4	https://www.chemicalprobes.org/
QCIJLRJBZDBVDB-UHFFFAOYSA-N	P55201	inhibitor			9.4	degC	binding	Thermal Shift assay				Chemical Probes Portal	DOI:10.1021/ml5002932	pfi-4	https://www.chemicalprobes.org/
QCIJLRJBZDBVDB-UHFFFAOYSA-N	P55201	inhibitor	IC50		240	nM	cell	NanoBRET cellular target engagement assay evaluating the interaction of BRPF1B with histones				Chemical Probes Portal	DOI:10.1021/ml5002932	pfi-4	https://www.chemicalprobes.org/
QCIJLRJBZDBVDB-UHFFFAOYSA-N	P55201	inhibitor					cell	In a FRAP assay PFI-4 recovery time in U2OS cells transfected with a BRPF1B triple BRD construct with a nuclear localisation signal (NLS) at 500 nM.				Chemical Probes Portal	DOI:10.1021/ml5002932	pfi-4	https://www.chemicalprobes.org/
ZKIRTFGYQVXNGL-UHFFFAOYSA-N	Q9BXF3	inhibitor			16	nM	biochemical	TR-FRET				Chemical Probes Portal	DOI:10.1021/acsmedchemlett.7b00132	gne-886	https://www.chemicalprobes.org/
ZKIRTFGYQVXNGL-UHFFFAOYSA-N	Q9BXF3	inhibitor			42	nM	binding	BromoSCAN				Chemical Probes Portal	DOI:10.1021/acsmedchemlett.7b00132	gne-886	https://www.chemicalprobes.org/
ZKIRTFGYQVXNGL-UHFFFAOYSA-N	Q9BXF3	inhibitor	EC50		370	nM	cell	Bromodomain chromatin-release (“dot”) assay				Chemical Probes Portal	DOI:10.1021/acsmedchemlett.7b00132	gne-886	https://www.chemicalprobes.org/
AQTNUGRRZDRZIA-UHFFFAOYSA-N	P51531	inhibitor			35	nM	binding	ITC				Chemical Probes Portal	SGC-SMARCA-BRDVIII	sgc-smarca-brdviii	https://www.chemicalprobes.org/
AQTNUGRRZDRZIA-UHFFFAOYSA-N	P51531	inhibitor	EC50	<	1	uM	cell	adipogenesis cell differentiation assay				Chemical Probes Portal	SGC-SMARCA-BRDVIII	sgc-smarca-brdviii	https://www.chemicalprobes.org/
AQTNUGRRZDRZIA-UHFFFAOYSA-N	P51532	inhibitor			36	nM	binding	ITC				Chemical Probes Portal	SGC-SMARCA-BRDVIII	sgc-smarca-brdviii	https://www.chemicalprobes.org/
AQTNUGRRZDRZIA-UHFFFAOYSA-N	P51532	inhibitor	EC50	<	1	uM	cell	adipogenesis cell differentiation assay				Chemical Probes Portal	SGC-SMARCA-BRDVIII	sgc-smarca-brdviii	https://www.chemicalprobes.org/
AQTNUGRRZDRZIA-UHFFFAOYSA-N	Q86U86	inhibitor			13	nM	binding	ITC				Chemical Probes Portal	SGC-SMARCA-BRDVIII	sgc-smarca-brdviii	https://www.chemicalprobes.org/
AQTNUGRRZDRZIA-UHFFFAOYSA-N	Q86U86	inhibitor	EC50	<	1	uM	cell	adipogenesis cell differentiation assay				Chemical Probes Portal	SGC-SMARCA-BRDVIII	sgc-smarca-brdviii	https://www.chemicalprobes.org/
RZFJBSIAXYEPBX-UHFFFAOYSA-N	Q96Q15	inhibitor			0.11	nM	biochemical	Biochemical assay				Chemical Probes Portal	DOI:10.1016/j.bmcl.2012.08.107	smg1i	https://www.chemicalprobes.org/
RZFJBSIAXYEPBX-UHFFFAOYSA-N	Q96Q15	inhibitor	% inhibition		100	%	cell	Inhibition of UPF1 phosphorylation				Chemical Probes Portal	DOI:10.1016/j.bmcl.2012.08.107	smg1i	https://www.chemicalprobes.org/
RZFJBSIAXYEPBX-UHFFFAOYSA-N	Q96Q15	inhibitor	IC50		75	nM	cell	Cell proliferation assay				Chemical Probes Portal	DOI:10.1016/j.bmcl.2012.08.107	smg1i	https://www.chemicalprobes.org/
IXWUILRSNIQHDM-QGZVFWFLSA-N	Q03111	inhibitor			140	nM	biochemical	Homogeneous Time-Resolved Fluorescence assay, Biolayer Interferometry assay				Chemical Probes Portal	DOI:10.1101/2021.02.08.430291	pfi-6	https://www.chemicalprobes.org/
IXWUILRSNIQHDM-QGZVFWFLSA-N	Q03111	inhibitor			82	nM	binding	ITC				Chemical Probes Portal	DOI:10.1101/2021.02.08.430291	pfi-6	https://www.chemicalprobes.org/
IXWUILRSNIQHDM-QGZVFWFLSA-N	Q03111	inhibitor	IC50		760	nM	cell	Fluorescence Recovery After Photobleaching (FRAP) assay				Chemical Probes Portal	DOI:10.1101/2021.02.08.430291	pfi-6	https://www.chemicalprobes.org/
IXWUILRSNIQHDM-QGZVFWFLSA-N	P42568	inhibitor			160	nM	biochemical	Homogeneous Time-Resolved Fluorescence assay, Biolayer Interferometry assay				Chemical Probes Portal	DOI:10.1101/2021.02.08.430291	pfi-6	https://www.chemicalprobes.org/
IXWUILRSNIQHDM-QGZVFWFLSA-N	P42568	inhibitor			76	nM	binding	ITC				Chemical Probes Portal	DOI:10.1101/2021.02.08.430291	pfi-6	https://www.chemicalprobes.org/
IXWUILRSNIQHDM-QGZVFWFLSA-N	P42568	inhibitor	IC50		760	nM	cell	Fluorescence Recovery After Photobleaching (FRAP) assay				Chemical Probes Portal	DOI:10.1101/2021.02.08.430291	pfi-6	https://www.chemicalprobes.org/
INAICWLVUAKEPB-QSTFCLMHSA-N	P51531	antagonist		>=	81	nM	binding	ITC assay | 81-86 nM				Chemical Probes Portal	PFI-3	pfi-3	https://www.chemicalprobes.org/
INAICWLVUAKEPB-QSTFCLMHSA-N	P51531	antagonist					cell	In U2OS cells, PFI-3 increased fluorescence recovery of GFP-tagged, full-length BRM protein in FRAP assay including wild-type but not mutant version of BRM (N1464F), which does not bind acetylated chromatin.				Chemical Probes Portal	PFI-3	pfi-3	https://www.chemicalprobes.org/
INAICWLVUAKEPB-QSTFCLMHSA-N	P51532	antagonist			97	nM	binding	ITC assay				Chemical Probes Portal	PFI-3	pfi-3	https://www.chemicalprobes.org/
INAICWLVUAKEPB-QSTFCLMHSA-N	P51532	antagonist					cell	In U2OS cells, PFI-3 increased fluorescence recovery of GFP-tagged, full-length BRM protein in FRAP assay including wild-type but not mutant version of BRM (N1464F), which does not bind acetylated chromatin.				Chemical Probes Portal	PFI-3	pfi-3	https://www.chemicalprobes.org/
INAICWLVUAKEPB-QSTFCLMHSA-N	Q86U86	antagonist			54	nM	binding	ITC assay				Chemical Probes Portal	PFI-3	pfi-3	https://www.chemicalprobes.org/
INAICWLVUAKEPB-QSTFCLMHSA-N	Q86U86	antagonist					cell	In U2OS cells, PFI-3 increased fluorescence recovery of GFP-tagged, full-length BRM protein in FRAP assay including wild-type but not mutant version of BRM (N1464F), which does not bind acetylated chromatin.				Chemical Probes Portal	PFI-3	pfi-3	https://www.chemicalprobes.org/
GWGNPYYVGANHRJ-GDBMZVCRSA-N	O76083	inhibitor			9	nM	biochemical	Phosphodiesterase enzyme (PDE) inhibition IC50 values were determined for IMR-687 using recombinant human PDE enzymes in a radiometric assay				Chemical Probes Portal	DOI:10.3324/haematol.2018.213462	imr-687	https://www.chemicalprobes.org/
GWGNPYYVGANHRJ-GDBMZVCRSA-N	O76083	inhibitor					cell	cGMP levels were assessed using a non-radioactive cGMP enzyme immunoassay with the acetylation protocol and protein levels were quantified by the BCA assay. Treatment for 6 hours (h) in erythroid K562 cells increases cGMP in a dose-dependent manner. treatment in erythroid K562 cells for 72 h induced HbF (fetal hemoglobin) in a dose-dependent manner, evaluated by an ELISA assay.				Chemical Probes Portal	DOI:10.3324/haematol.2018.213462	imr-687	https://www.chemicalprobes.org/
AUOSKLDNVNGKRR-UHFFFAOYSA-N	O14976	inhibitor			1.9	nM	biochemical	Competition binding assay (DiscoverX)				Chemical Probes Portal	DOI:10.1021/acs.jmedchem.8b01213	sgc-gak-1	https://www.chemicalprobes.org/
AUOSKLDNVNGKRR-UHFFFAOYSA-N	O14976	inhibitor	IC50		110	nM	cell	NanoBRET against ectopically expressed full-length GAK-Nluc fusion				Chemical Probes Portal	DOI:10.1021/acs.jmedchem.8b01213	sgc-gak-1	https://www.chemicalprobes.org/
AUOSKLDNVNGKRR-UHFFFAOYSA-N	O14976	inhibitor	IC50		650	nM	cell	Prostate Cancer Cell Line Viability at 72 h				Chemical Probes Portal	DOI:10.1021/acs.jmedchem.8b01213	sgc-gak-1	https://www.chemicalprobes.org/
AUOSKLDNVNGKRR-UHFFFAOYSA-N	O14976	inhibitor	IC50		170	nM	cell	Prostate Cancer Cell Line Viability at 72 h				Chemical Probes Portal	DOI:10.1021/acs.jmedchem.8b01213	sgc-gak-1	https://www.chemicalprobes.org/
KGXBCWANASZZQG-UHFFFAOYSA-N	O14965	inhibitor			52	nM	biochemical	Z’LYTE kinase assay				Chemical Probes Portal	DOI:10.1016/j.bmcl.2017.08.016	fmf-03-145-1	https://www.chemicalprobes.org/
KGXBCWANASZZQG-UHFFFAOYSA-N	O14965	inhibitor	EC50		38	nM	cell	Cellular EC50 based on 4 h treatment followed by western blot analysis of pAurora A and histone H3 pS10				Chemical Probes Portal	DOI:10.1016/j.bmcl.2017.08.016	fmf-03-145-1	https://www.chemicalprobes.org/
KGXBCWANASZZQG-UHFFFAOYSA-N	O14965	inhibitor	% inhibition		500	nM	cell	Cell cycle analysis by FACS				Chemical Probes Portal	DOI:10.1016/j.bmcl.2017.08.016	fmf-03-145-1	https://www.chemicalprobes.org/
KGXBCWANASZZQG-UHFFFAOYSA-N	Q96GD4	inhibitor			41	nM	biochemical	Z’LYTE kinase assay				Chemical Probes Portal	DOI:10.1016/j.bmcl.2017.08.016	fmf-03-145-1	https://www.chemicalprobes.org/
KGXBCWANASZZQG-UHFFFAOYSA-N	Q96GD4	inhibitor	EC50		11	nM	cell	Cellular EC50 based on 4 h treatment followed by western blot analysis of pAurora A and histone H3 pS10				Chemical Probes Portal	DOI:10.1016/j.bmcl.2017.08.016	fmf-03-145-1	https://www.chemicalprobes.org/
KGXBCWANASZZQG-UHFFFAOYSA-N	Q9UQB9	inhibitor			53	nM	biochemical	Z’LYTE kinase assay				Chemical Probes Portal	DOI:10.1016/j.bmcl.2017.08.016	fmf-03-145-1	https://www.chemicalprobes.org/
KGXBCWANASZZQG-UHFFFAOYSA-N	Q9UQB9	inhibitor					cell					Chemical Probes Portal	DOI:10.1016/j.bmcl.2017.08.016	fmf-03-145-1	https://www.chemicalprobes.org/
ZRTFTZCKJUNZIU-HNNXBMFYSA-N	Q03111	inhibitor			150	nM	biochemical	TR-FRET				Chemical Probes Portal	DOI:10.1101/2021.02.08.430291	nvs-mllt-1	https://www.chemicalprobes.org/
ZRTFTZCKJUNZIU-HNNXBMFYSA-N	Q03111	inhibitor			109	nM	binding	ITC				Chemical Probes Portal	DOI:10.1101/2021.02.08.430291	nvs-mllt-1	https://www.chemicalprobes.org/
ZRTFTZCKJUNZIU-HNNXBMFYSA-N	Q03111	inhibitor	IC50		500	nM	cell	NanoBRET cellular target engagement assay				Chemical Probes Portal	DOI:10.1101/2021.02.08.430291	nvs-mllt-1	https://www.chemicalprobes.org/
ZRTFTZCKJUNZIU-HNNXBMFYSA-N	P42568	inhibitor			254	nM	biochemical	TR-FRET				Chemical Probes Portal	DOI:10.1101/2021.02.08.430291	nvs-mllt-1	https://www.chemicalprobes.org/
ZRTFTZCKJUNZIU-HNNXBMFYSA-N	P42568	inhibitor	IC50		500	nM	cell	NanoBRET cellular target engagement assay				Chemical Probes Portal	DOI:10.1101/2021.02.08.430291	nvs-mllt-1	https://www.chemicalprobes.org/
CZKPAGLXQOQNEI-UHFFFAOYSA-N	Q99643	inhibitor			3.3	nM	biochemical	Spectrophotometric assay in isolated rat heart mitochondria (rate of succinate-driven coenzyme Q2-linked reduction of DCPIP).				Chemical Probes Portal	TTT20171	ttt20171	https://www.chemicalprobes.org/
CZKPAGLXQOQNEI-UHFFFAOYSA-N	Q99643	inhibitor	IC50		5400	nM	cell	In 22Rv cells, TTT20171 dose-dependently decreased the oxygen consumption rate, basal respiration, ATP production and decreased maximal respiration.				Chemical Probes Portal	TTT20171	ttt20171	https://www.chemicalprobes.org/
JKJMWHULJIOKPJ-UHFFFAOYSA-N	Q8NCG7	inhibitor			82	nM	biochemical	SAG substrate assay				Chemical Probes Portal	DOI:10.1038/nchembio.1105	kt109	https://www.chemicalprobes.org/
JKJMWHULJIOKPJ-UHFFFAOYSA-N	Q8NCG7	inhibitor			42	nM	biochemical	Competitive ABPP assay				Chemical Probes Portal	DOI:10.1038/nchembio.1105	kt109	https://www.chemicalprobes.org/
JKJMWHULJIOKPJ-UHFFFAOYSA-N	Q8NCG7	inhibitor	IC50		14	nM	cell	quantitative mass spectrometry–based proteomic method ABPP-SILAC				Chemical Probes Portal	DOI:10.1038/nchembio.1105	kt109	https://www.chemicalprobes.org/
JKJMWHULJIOKPJ-UHFFFAOYSA-N	Q8NCG7	inhibitor	IC50		500	nM	cell	Concentration-dependent inhibition of human DAGLβ activity detected via competitive ABPP with with the HT-01 probe (1 µM)				Chemical Probes Portal	DOI:10.1038/nchembio.1105	kt109	https://www.chemicalprobes.org/
JKJMWHULJIOKPJ-UHFFFAOYSA-N	Q8NCG7	inhibitor	% inhibition		50	nM	cell	Conversion of DAG lipids containing an sn-2 C20:4 (arachidonoyl) acyl chain to  2-arachidonoylglycerol after treatment of cells for 4 h with inhibitor.				Chemical Probes Portal	DOI:10.1038/nchembio.1105	kt109	https://www.chemicalprobes.org/
JKJMWHULJIOKPJ-UHFFFAOYSA-N	Q9BV23	inhibitor			16	nM	biochemical	SAG substrate assay				Chemical Probes Portal	DOI:10.1038/nchembio.1105	kt109	https://www.chemicalprobes.org/
JKJMWHULJIOKPJ-UHFFFAOYSA-N	Q9BV23	inhibitor	IC50		1	nM	cell	competitive ABPP assay with HT-01 (1 µM)				Chemical Probes Portal	DOI:10.1038/nchembio.1105	kt109	https://www.chemicalprobes.org/
TXJZRSRTYPUYRW-GHTZIAJQSA-N	P36969	inhibitor			111	nM	binding	RSL3 was evaluated for binding using Microscale thermophoresis (MST) with labelled His-tagged GPX4(U46C) protein. The Kd is defined as the concentration of ligands at which the binding site on GPX4 protein is half occupied.				Chemical Probes Portal	RSL3	rsl3	https://www.chemicalprobes.org/
TXJZRSRTYPUYRW-GHTZIAJQSA-N	P36969	inhibitor	EC50		100	nM	cell	"HT-1080 cells were treated with a serial dilution of RSL3. Viability was assayed using Alamar Blue reagent. The EC50 is defined as the concentration that results in 50% viability. Chemoproteomic affinity capture with a modified version of RSL3 identified GPX4 as a cellular protein target. 
In lysates from a COH BR1 breast cancer cell line overexpressing GPX4, RLS3 inhibited the reduction of 7α-cholesterol hydroperoxide to 7α-cholesterol-OH. siRNA-mediated knockdown of GPX4 sensitized cells to RSL3, whereas overexpression of GPX4 rendered cells insensitive to RSL3."				Chemical Probes Portal	RSL3	rsl3	https://www.chemicalprobes.org/
ARYUXFNGXHNNDM-UHFFFAOYSA-N	Q14833	modulator	EC50		240	nM	cell	Calcium mobilization assays				Chemical Probes Portal	DOI:10.1021/jm9005065	vu0361737	https://www.chemicalprobes.org/
WQAVGRAETZEADU-UHFFFAOYSA-N	P09874	inhibitor			3	nM	biochemical	PARP Fluorescence Anisotropy Binding Assays				Chemical Probes Portal	DOI:10.1021/acs.jmedchem.1c01012	azd5305	https://www.chemicalprobes.org/
WQAVGRAETZEADU-UHFFFAOYSA-N	P09874	inhibitor			0.13	nM	biochemical	Total Internal Fluorescence (TIRF) microscopy				Chemical Probes Portal	DOI:10.1021/acs.jmedchem.1c01012	azd5305	https://www.chemicalprobes.org/
WQAVGRAETZEADU-UHFFFAOYSA-N	P09874	inhibitor	IC50		2	nM	cell	Cell Proliferation				Chemical Probes Portal	DOI:10.1021/acs.jmedchem.1c01012	azd5305	https://www.chemicalprobes.org/
WQAVGRAETZEADU-UHFFFAOYSA-N	P09874	inhibitor	IC50		2.3	nM	cell	PARylation assay				Chemical Probes Portal	DOI:10.1021/acs.jmedchem.1c01012	azd5305	https://www.chemicalprobes.org/
MLJVGAYSVYMPSB-MSUKGTQXSA-N	Q9NVM4	inhibitor		<	2.4	nM	binding	Scintillation proximity assay (SPA) against PRMT7 using 3H-SAM and a histone H2B peptide (residues 23–37) as a substrate (testing SGC8158)				Chemical Probes Portal	DOI:10.1038/s41467-020-16271-z	sgc3027	https://www.chemicalprobes.org/
MLJVGAYSVYMPSB-MSUKGTQXSA-N	Q9NVM4	inhibitor			6.4	nM	binding	SPR using SGC8158 | 6.4 ± 1.2 nM				Chemical Probes Portal	DOI:10.1038/s41467-020-16271-z	sgc3027	https://www.chemicalprobes.org/
MLJVGAYSVYMPSB-MSUKGTQXSA-N	Q9NVM4	inhibitor	IC50		294	nM	cell	Inhibition of PRMT7 methylation of full-length HSPA8 | 294 ± 26 nM				Chemical Probes Portal	DOI:10.1038/s41467-020-16271-z	sgc3027	https://www.chemicalprobes.org/
MLJVGAYSVYMPSB-MSUKGTQXSA-N	Q9NVM4	inhibitor	IC50		2400	nM	cell	HSP70 monomethylation in C2C12 cells | 2400 ± 100 nM				Chemical Probes Portal	DOI:10.1038/s41467-020-16271-z	sgc3027	https://www.chemicalprobes.org/
CDJPHTNUARAVMH-SECBINFHSA-N	P25100	antagonist			1.9	nM	biochemical	Cell Free Activity Assay				Chemical Probes Portal	DOI:10.1021/acs.jmedchem.5b01528	r-9s	https://www.chemicalprobes.org/
CDJPHTNUARAVMH-SECBINFHSA-N	P25100	antagonist	IC30		15	nM	cell	Organ bath				Chemical Probes Portal	DOI:10.1021/acs.jmedchem.5b01528	r-9s	https://www.chemicalprobes.org/
HFNKQEVNSGCOJV-OAHLLOKOSA-N	P23458	inhibitor			3.3	nM	biochemical	Kinase Enzymatic assay				Chemical Probes Portal	Ruxolitinib	ruxolitinib	https://www.chemicalprobes.org/
HFNKQEVNSGCOJV-OAHLLOKOSA-N	P23458	inhibitor	IC50		280	nM	cell	Inhibition of substrate phosphorylation in whole blood.				Chemical Probes Portal	Ruxolitinib	ruxolitinib	https://www.chemicalprobes.org/
HFNKQEVNSGCOJV-OAHLLOKOSA-N	O60674	inhibitor			2.8	nM	biochemical	Kinase Enzymatic assay				Chemical Probes Portal	Ruxolitinib	ruxolitinib	https://www.chemicalprobes.org/
HFNKQEVNSGCOJV-OAHLLOKOSA-N	O60674	inhibitor	IC50		280	nM	cell	Inhibition of substrate phosphorylation in whole blood.				Chemical Probes Portal	Ruxolitinib	ruxolitinib	https://www.chemicalprobes.org/
OQFCHSFVWSLDAO-UHFFFAOYSA-N	O15075	inhibitor			109	nM	binding	ITC				Chemical Probes Portal	DOI:10.1038/s41589-020-0506-0	dclk1-in-1	https://www.chemicalprobes.org/
OQFCHSFVWSLDAO-UHFFFAOYSA-N	O15075	inhibitor			9.5	nM	biochemical	DCLK1 KINOMEscan binding assay				Chemical Probes Portal	DOI:10.1038/s41589-020-0506-0	dclk1-in-1	https://www.chemicalprobes.org/
OQFCHSFVWSLDAO-UHFFFAOYSA-N	O15075	inhibitor			57.2	nM	biochemical	33P-ATP DCLK1 kinase assay. Assays were performed at an ATP concentration of 50 μM (Km)				Chemical Probes Portal	DOI:10.1038/s41589-020-0506-0	dclk1-in-1	https://www.chemicalprobes.org/
OQFCHSFVWSLDAO-UHFFFAOYSA-N	O15075	inhibitor	IC50		279	nM	cell	DCLK1 nanoBRET assay				Chemical Probes Portal	DOI:10.1038/s41589-020-0506-0	dclk1-in-1	https://www.chemicalprobes.org/
OQFCHSFVWSLDAO-UHFFFAOYSA-N	Q8N568	inhibitor			31	nM	biochemical	DCLK2 KINOMEscan binding assay				Chemical Probes Portal	DOI:10.1038/s41589-020-0506-0	dclk1-in-1	https://www.chemicalprobes.org/
OQFCHSFVWSLDAO-UHFFFAOYSA-N	Q8N568	inhibitor			103	nM	biochemical	33P-ATP DCLK2 kinase assay. Assays were performed at an ATP concentration of 100 μM (Km)				Chemical Probes Portal	DOI:10.1038/s41589-020-0506-0	dclk1-in-1	https://www.chemicalprobes.org/
WSEQXVZVJXJVFP-FQEVSTJZSA-N	P31645	inhibitor			2.1	nM	binding	Radioligand assay				Chemical Probes Portal	ESCITALOPRAM	escitalopram	https://www.chemicalprobes.org/
WSEQXVZVJXJVFP-FQEVSTJZSA-N	P31645	inhibitor			0.89	nM	binding	Radioligand binding displacement				Chemical Probes Portal	ESCITALOPRAM	escitalopram	https://www.chemicalprobes.org/
AJBBEYXFRYFVNM-UHFFFAOYSA-N	P29275	antagonist	activity		0	%	cell	Functional assay (inhibiting the effects of NECA)				Chemical Probes Portal	DOI:10.1021/jm990421v	mrs-1754	https://www.chemicalprobes.org/
AJBBEYXFRYFVNM-UHFFFAOYSA-N	P29275	antagonist	Ki		2	nM	cell	Radioligand binding assay				Chemical Probes Portal	DOI:10.1021/jm990421v	mrs-1754	https://www.chemicalprobes.org/
HNOLTAKAPDKZRY-AWEZNQCLSA-N	Q9UBP0	inhibitor			99	nM	biochemical	Inhibition of recombinant h-spastin | 99 ± 18 nM				Chemical Probes Portal	DOI:10.1038/s41589-019-0225-6	spastazolin	https://www.chemicalprobes.org/
HNOLTAKAPDKZRY-AWEZNQCLSA-N	Q9UBP0	inhibitor		~	2	fold	cell	Phenotypic assay: ~2-fold increase in the number of cells with intercellular bridges compared with DMSO control, mimicking RNAi-mediated spastin knockdown  phenotype				Chemical Probes Portal	DOI:10.1038/s41589-019-0225-6	spastazolin	https://www.chemicalprobes.org/
KJDAGXLMHXUAGV-DGWLBADLSA-N	P22314	inhibitor		>	0.75	nM	biochemical	E1–UBL-dependent pyrophosphate exchange (PPiX) activity				Chemical Probes Portal	TAK-243	tak-243	https://www.chemicalprobes.org/
KJDAGXLMHXUAGV-DGWLBADLSA-N	P22314	inhibitor			1	nM	biochemical	UBCH10 E2 transthiolation assay | 1 ± 0.2 nM				Chemical Probes Portal	TAK-243	tak-243	https://www.chemicalprobes.org/
KJDAGXLMHXUAGV-DGWLBADLSA-N	P22314	inhibitor	EC50	>=	12	nM	cell	Western blotting, Cellular thioester assays, Lys48 immunofluorescence assay in tumor tissue | 12-20 nM (48-72h)				Chemical Probes Portal	TAK-243	tak-243	https://www.chemicalprobes.org/
FLNYLINBEZROPL-NSOVKSMOSA-N	P25103	antagonist			0.2	nM	biochemical	displacement of 125I-labelled substance P from cloned receptor expressed in CHO cells				Chemical Probes Portal	DOI:10.1021/jm2017072	cp-96345	https://www.chemicalprobes.org/
FLNYLINBEZROPL-NSOVKSMOSA-N	P25103	antagonist			0.4	nM	binding	Radioligand Binding Affinity of NK Antagonists in Membrane Preparations from HEK293 Cells Transiently Expressing hNK1-WT				Chemical Probes Portal	DOI:10.1021/jm2017072	cp-96345	https://www.chemicalprobes.org/
FLNYLINBEZROPL-NSOVKSMOSA-N	P25103	antagonist	Ki		4	nM	cell	Inhibition of substance P induced IL-6 secretion in U-373 MG astrocytoma cells				Chemical Probes Portal	DOI:10.1021/jm2017072	cp-96345	https://www.chemicalprobes.org/
CMJJZRAAQMUAFH-INIZCTEOSA-N	Q08345	inhibitor			9.4	nM	biochemical	LANCE ULTRA kinase assay | 9.4 ± 1.7 nM				Chemical Probes Portal	DOI:10.1021/acs.jmedchem.6b00140	ddr-trk-1	https://www.chemicalprobes.org/
CMJJZRAAQMUAFH-INIZCTEOSA-N	Q08345	inhibitor			4.7	nM	biochemical	DiscoverX profiling | 4.7 ± 0.8 nM				Chemical Probes Portal	DOI:10.1021/acs.jmedchem.6b00140	ddr-trk-1	https://www.chemicalprobes.org/
CMJJZRAAQMUAFH-INIZCTEOSA-N	Q08345	inhibitor			27	nM	biochemical	In an activity assay at RBC (10μM ATP)				Chemical Probes Portal	DOI:10.1021/acs.jmedchem.6b00140	ddr-trk-1	https://www.chemicalprobes.org/
CMJJZRAAQMUAFH-INIZCTEOSA-N	Q08345	inhibitor	IC50		104	nM	cell	NanoBRET				Chemical Probes Portal	DOI:10.1021/acs.jmedchem.6b00140	ddr-trk-1	https://www.chemicalprobes.org/
CMJJZRAAQMUAFH-INIZCTEOSA-N	Q16832	inhibitor			4.5	nM	biochemical	In an activity assay at RBC (10μM ATP)				Chemical Probes Portal	DOI:10.1021/acs.jmedchem.6b00140	ddr-trk-1	https://www.chemicalprobes.org/
CMJJZRAAQMUAFH-INIZCTEOSA-N	Q16832	inhibitor			188	nM	biochemical	LANCE ULTRA kinase assay | 188 ± 23 nM				Chemical Probes Portal	DOI:10.1021/acs.jmedchem.6b00140	ddr-trk-1	https://www.chemicalprobes.org/
CMJJZRAAQMUAFH-INIZCTEOSA-N	Q16832	inhibitor	IC50		175	nM	cell	NanoBRET				Chemical Probes Portal	DOI:10.1021/acs.jmedchem.6b00140	ddr-trk-1	https://www.chemicalprobes.org/
CMJJZRAAQMUAFH-INIZCTEOSA-N	P04629	inhibitor			43	nM	biochemical	In an activity assay at RBC (10μM ATP)				Chemical Probes Portal	DOI:10.1021/acs.jmedchem.6b00140	ddr-trk-1	https://www.chemicalprobes.org/
CMJJZRAAQMUAFH-INIZCTEOSA-N	P04629	inhibitor			100	nM	biochemical	DiscoverX profiling | 100 ± 17.5 nM				Chemical Probes Portal	DOI:10.1021/acs.jmedchem.6b00140	ddr-trk-1	https://www.chemicalprobes.org/
CMJJZRAAQMUAFH-INIZCTEOSA-N	P04629	inhibitor	IC50		448	nM	cell	NanoBRET				Chemical Probes Portal	DOI:10.1021/acs.jmedchem.6b00140	ddr-trk-1	https://www.chemicalprobes.org/
CMJJZRAAQMUAFH-INIZCTEOSA-N	Q16620	inhibitor			3.6	nM	biochemical	In an activity assay at RBC (10μM ATP)				Chemical Probes Portal	DOI:10.1021/acs.jmedchem.6b00140	ddr-trk-1	https://www.chemicalprobes.org/
CMJJZRAAQMUAFH-INIZCTEOSA-N	Q16620	inhibitor			22	nM	biochemical	DiscoverX profiling | 22 ± 0.5 nM				Chemical Probes Portal	DOI:10.1021/acs.jmedchem.6b00140	ddr-trk-1	https://www.chemicalprobes.org/
CMJJZRAAQMUAFH-INIZCTEOSA-N	Q16620	inhibitor	IC50		14.2	nM	cell	NanoBRET				Chemical Probes Portal	DOI:10.1021/acs.jmedchem.6b00140	ddr-trk-1	https://www.chemicalprobes.org/
CMJJZRAAQMUAFH-INIZCTEOSA-N	Q16288	inhibitor			2.9	nM	biochemical	In an activity assay at RBC (10μM ATP)				Chemical Probes Portal	DOI:10.1021/acs.jmedchem.6b00140	ddr-trk-1	https://www.chemicalprobes.org/
CMJJZRAAQMUAFH-INIZCTEOSA-N	Q16288	inhibitor			18	nM	biochemical	DiscoverX profiling | 18 ± 1.5 nM				Chemical Probes Portal	DOI:10.1021/acs.jmedchem.6b00140	ddr-trk-1	https://www.chemicalprobes.org/
MSIJJXOWLFOYIN-UHFFFAOYSA-N	Q9BXF3	inhibitor			30	nM	biochemical	Alphascreen assay				Chemical Probes Portal	DOI:10.1039/d0ob00506a	tp-238	https://www.chemicalprobes.org/
MSIJJXOWLFOYIN-UHFFFAOYSA-N	Q9BXF3	inhibitor			10	nM	binding	ITC				Chemical Probes Portal	DOI:10.1039/d0ob00506a	tp-238	https://www.chemicalprobes.org/
MSIJJXOWLFOYIN-UHFFFAOYSA-N	Q9BXF3	inhibitor	EC50		289	nM	cell	NanoBRET				Chemical Probes Portal	DOI:10.1039/d0ob00506a	tp-238	https://www.chemicalprobes.org/
MSIJJXOWLFOYIN-UHFFFAOYSA-N	Q9BXF3	inhibitor					cell	FRAP assay shows significant inhibition				Chemical Probes Portal	DOI:10.1039/d0ob00506a	tp-238	https://www.chemicalprobes.org/
MSIJJXOWLFOYIN-UHFFFAOYSA-N	Q12830	inhibitor			350	nM	biochemical	Alphascreen assay				Chemical Probes Portal	DOI:10.1039/d0ob00506a	tp-238	https://www.chemicalprobes.org/
MSIJJXOWLFOYIN-UHFFFAOYSA-N	Q12830	inhibitor			120	nM	binding	ITC				Chemical Probes Portal	DOI:10.1039/d0ob00506a	tp-238	https://www.chemicalprobes.org/
MSIJJXOWLFOYIN-UHFFFAOYSA-N	Q12830	inhibitor	EC50		228	nM	cell	NanoBRET				Chemical Probes Portal	DOI:10.1039/d0ob00506a	tp-238	https://www.chemicalprobes.org/
MSIJJXOWLFOYIN-UHFFFAOYSA-N	Q12830	inhibitor					cell	FRAP assay shows significant inhibition				Chemical Probes Portal	DOI:10.1039/d0ob00506a	tp-238	https://www.chemicalprobes.org/
FFLJVBPCONQSQW-UHFFFAOYSA-N	P37023	inhibitor			13	nM	biochemical	Biochemical assay				Chemical Probes Portal	MU1700	mu1700	https://www.chemicalprobes.org/
FFLJVBPCONQSQW-UHFFFAOYSA-N	P37023	inhibitor	IC50		225	nM	cell	NanoBRET				Chemical Probes Portal	MU1700	mu1700	https://www.chemicalprobes.org/
FFLJVBPCONQSQW-UHFFFAOYSA-N	P37023	inhibitor	% inhibition		100	nM	cell	phosphorylation of SMAD1/5/8 in western blot				Chemical Probes Portal	MU1700	mu1700	https://www.chemicalprobes.org/
FFLJVBPCONQSQW-UHFFFAOYSA-N	Q04771	inhibitor			6	nM	biochemical	Biochemical assay				Chemical Probes Portal	MU1700	mu1700	https://www.chemicalprobes.org/
FFLJVBPCONQSQW-UHFFFAOYSA-N	Q04771	inhibitor	IC50		27	nM	cell	NanoBRET				Chemical Probes Portal	MU1700	mu1700	https://www.chemicalprobes.org/
IESAJAZKMLPVIB-VXGBXAGGSA-N	O75762	inhibitor	IC50		16	nM	cell	FLIPR Ca2+ assay (human TRAP1)				Chemical Probes Portal	DOI:10.1021/acs.jmedchem.2c01830	bay-390	https://www.chemicalprobes.org/
IESAJAZKMLPVIB-VXGBXAGGSA-N	O75762	inhibitor	IC50		82	nM	cell	Ephys (human TRPA1)				Chemical Probes Portal	DOI:10.1021/acs.jmedchem.2c01830	bay-390	https://www.chemicalprobes.org/
PEMUGDMSUDYLHU-ZEQRLZLVSA-N	P01116	covalent inhibitor					biochemical	LCMS measurement of the pepsin-derived Cys12-containing peptide fragments				Chemical Probes Portal	MRTX849	mrtx849	https://www.chemicalprobes.org/
PEMUGDMSUDYLHU-ZEQRLZLVSA-N	P01116	covalent inhibitor	IC50		14	nM	cell	NCI-H358 cellular pERK inhibition at 3 h | 14 nM				Chemical Probes Portal	MRTX849	mrtx849	https://www.chemicalprobes.org/
PEMUGDMSUDYLHU-ZEQRLZLVSA-N	P01116	covalent inhibitor	IC50		4.7	nM	cell	NCI-H358 cellular pERK inhibition at 3 h | 4.7 nM (24h)				Chemical Probes Portal	MRTX849	mrtx849	https://www.chemicalprobes.org/
NXQKSXLFSAEQCZ-SFHVURJKSA-N	P01116	covalent inhibitor	IC50		68	nM	cell	ERK1/2 phosphorylation assay				Chemical Probes Portal	AMG-510	amg-510	https://www.chemicalprobes.org/
CAPZLSKZPWSIKV-LJQANCHMSA-N	Q9UKK9	inhibitor			85	nM	biochemical	AMP-GLO assay				Chemical Probes Portal	MRK952	mrk952	https://www.chemicalprobes.org/
CAPZLSKZPWSIKV-LJQANCHMSA-N	Q9UKK9	inhibitor			31	nM	binding	SPR | 31 ± 18 nM				Chemical Probes Portal	MRK952	mrk952	https://www.chemicalprobes.org/
CAPZLSKZPWSIKV-LJQANCHMSA-N	Q9UKK9	inhibitor	EC50		23.5	nM	cell	NanoBRET | 23.5 ± 4 nM				Chemical Probes Portal	MRK952	mrk952	https://www.chemicalprobes.org/
RIGHCDSORZCRDE-UHFFFAOYSA-N	Q9NWM0	inhibitor			10	nM	biochemical	SMOX enzymatic assay using HyPerBlu				Chemical Probes Portal	JNJ-9350	jnj-9350	https://www.chemicalprobes.org/
RIGHCDSORZCRDE-UHFFFAOYSA-N	Q9NWM0	inhibitor			9.9	nM	biochemical	Horseradish Peroxidase (HRP) Fluorescence Assay				Chemical Probes Portal	JNJ-9350	jnj-9350	https://www.chemicalprobes.org/
RIGHCDSORZCRDE-UHFFFAOYSA-N	Q9NWM0	inhibitor	IC50		1200	nM	cell	CETSA: 91 - 108 % recovery of SMOX (54 °C)				Chemical Probes Portal	JNJ-9350	jnj-9350	https://www.chemicalprobes.org/
RAXZSEGXMBWYQK-SNVBAGLBSA-N	P28482	inhibitor			1.8	nM	biochemical	ERK Biochemical Assay				Chemical Probes Portal	DOI:10.7554/eLife.34311	erki	https://www.chemicalprobes.org/
RAXZSEGXMBWYQK-SNVBAGLBSA-N	P28482	inhibitor			4	nM	biochemical	Invitrogen kinase screen (MAPK1)				Chemical Probes Portal	DOI:10.7554/eLife.34311	erki	https://www.chemicalprobes.org/
RAXZSEGXMBWYQK-SNVBAGLBSA-N	P28482	inhibitor	IC50		280	nM	cell	Inhibition of RSK phosphorylation (pRSK A375SM)				Chemical Probes Portal	DOI:10.7554/eLife.34311	erki	https://www.chemicalprobes.org/
RAXZSEGXMBWYQK-SNVBAGLBSA-N	P28482	inhibitor	IC50		850	nM	cell	NanoBRET (MAPK1)				Chemical Probes Portal	DOI:10.7554/eLife.34311	erki	https://www.chemicalprobes.org/
RAXZSEGXMBWYQK-SNVBAGLBSA-N	P28482	inhibitor	IC50	>=	91		cell	"Anti proliferation assay IC50s: 
Colo 205 - 91 nM
A375SM - 214 nM
SK-MEL 30 - 305 nM
Lovo - 201 nM | 91-305"				Chemical Probes Portal	DOI:10.7554/eLife.34311	erki	https://www.chemicalprobes.org/
RAXZSEGXMBWYQK-SNVBAGLBSA-N	P27361	inhibitor	IC50		6690	nM	cell	NanoBRET				Chemical Probes Portal	DOI:10.7554/eLife.34311	erki	https://www.chemicalprobes.org/
MVCOAUNKQVWQHZ-UHFFFAOYSA-N	Q16539	inhibitor			38	nM	biochemical	Biochemical assay				Chemical Probes Portal	DOI:10.1021/jm030121k	doramapimod	https://www.chemicalprobes.org/
MVCOAUNKQVWQHZ-UHFFFAOYSA-N	Q16539	inhibitor			0.45	nM	biochemical	Competition binding assay				Chemical Probes Portal	DOI:10.1021/jm030121k	doramapimod	https://www.chemicalprobes.org/
MVCOAUNKQVWQHZ-UHFFFAOYSA-N	Q16539	inhibitor			8	nM	biochemical	Fluorescence assay, measured after 2 h; apparent inhibitory potency of BIRB 796 as a function of the preincubation time in a standard IC50 experiment ranges from 97 nM to 8 nM after 2 h .				Chemical Probes Portal	DOI:10.1021/jm030121k	doramapimod	https://www.chemicalprobes.org/
MVCOAUNKQVWQHZ-UHFFFAOYSA-N	Q16539	inhibitor	EC50		780	nM	cell	inhibitin of TNF-α in human whole blood				Chemical Probes Portal	DOI:10.1021/jm030121k	doramapimod	https://www.chemicalprobes.org/
RHFIAUKMKYHHFA-UHFFFAOYSA-N	Q12852	inhibitor			0.5	nM	biochemical	DLK Biochemical Assay				Chemical Probes Portal	GNE-3511	gne-3511	https://www.chemicalprobes.org/
RHFIAUKMKYHHFA-UHFFFAOYSA-N	Q12852	inhibitor	IC50		30	nM	cell	In cell substrate protein phosphorylation assay				Chemical Probes Portal	GNE-3511	gne-3511	https://www.chemicalprobes.org/
LUVOYGUFQRWXGQ-UHFFFAOYSA-N	Q07820	inhibitor			0.015	nM	biochemical	HTRF assay				Chemical Probes Portal	DOI:10.1158/1538-7445.AM2022-2133	jnj-4355	https://www.chemicalprobes.org/
LUVOYGUFQRWXGQ-UHFFFAOYSA-N	Q07820	inhibitor			12	nM	cell	Caspase Glo MOLP-8 assay				Chemical Probes Portal	DOI:10.1158/1538-7445.AM2022-2133	jnj-4355	https://www.chemicalprobes.org/
LUVOYGUFQRWXGQ-UHFFFAOYSA-N	Q07820	inhibitor			69	nM	cell	Caspase Glo KMS12PE assay				Chemical Probes Portal	DOI:10.1158/1538-7445.AM2022-2133	jnj-4355	https://www.chemicalprobes.org/
MCLDWKVRXDHDEI-UHFFFAOYSA-N	O76039	inhibitor			6.7	nM	biochemical	ADP Glo Assay				Chemical Probes Portal	DOI:10.7554/eLife.88206	sgc-caf382-1	https://www.chemicalprobes.org/
MCLDWKVRXDHDEI-UHFFFAOYSA-N	O76039	inhibitor	IC50		10	nM	cell	NanoBRET				Chemical Probes Portal	DOI:10.7554/eLife.88206	sgc-caf382-1	https://www.chemicalprobes.org/
VSMTYSWGHKYXOF-UHFFFAOYSA-N	Q96PN6	inhibitor			195	nM	biochemical	In-Vitro Cyclase Activity Assay				Chemical Probes Portal	DOI:10.1021/acsmedchemlett.1c00273	tdi-10229	https://www.chemicalprobes.org/
VSMTYSWGHKYXOF-UHFFFAOYSA-N	Q96PN6	inhibitor	IC50		92	nM	cell	cAMP accumulation assay				Chemical Probes Portal	DOI:10.1021/acsmedchemlett.1c00273	tdi-10229	https://www.chemicalprobes.org/
NWTCZTAQSRLSCP-UHFFFAOYSA-N	P10636	degrader (protac)			1.2	uM	biochemical	BLI measuring the interaction with wild-type tau, or mutant tau: A152T (KD1.7 μM) and P301L (KD2.5 μM)				Chemical Probes Portal	DOI:10.7554/eLife.45457	qc-01-175	https://www.chemicalprobes.org/
NWTCZTAQSRLSCP-UHFFFAOYSA-N	P10636	degrader (protac)	Dmax	>=	70	%	cell	Reduction in total tau and P-tau levels followed by western blotting after 24h treatment | 70-80%				Chemical Probes Portal	DOI:10.7554/eLife.45457	qc-01-175	https://www.chemicalprobes.org/
DRSZMILOMUPIBJ-UHFFFAOYSA-N	O43194	agonist	EC50		60	nM	cell	cAMP assay (64% of efficiency) with hGPR39				Chemical Probes Portal	DOI:10.1021/ml500240d	tc-g-1008	https://www.chemicalprobes.org/
DRSZMILOMUPIBJ-UHFFFAOYSA-N	O43194	agonist	EC50		20	nM	cell	Cytokine assay: Caspase 3/7 activity was measured in cytokine-treated rat insulinoma INS-1E cells				Chemical Probes Portal	DOI:10.1021/ml500240d	tc-g-1008	https://www.chemicalprobes.org/
DRSZMILOMUPIBJ-UHFFFAOYSA-N	O43194	agonist	EC50		60	nM	cell	GLP1 secretion assay				Chemical Probes Portal	DOI:10.1021/ml500240d	tc-g-1008	https://www.chemicalprobes.org/
DRSZMILOMUPIBJ-UHFFFAOYSA-N	O43194	agonist	EC50		0.8	nM	cell	IP1 assay with hGPR39				Chemical Probes Portal	DOI:10.1021/ml500240d	tc-g-1008	https://www.chemicalprobes.org/
ZLHFILGSQDJULK-UHFFFAOYSA-N	O14965	inhibitor			3.5	nM	binding	Radiometric assays containing 100 μM [γ-32P] ATP and quantified by p81 phosphocellulose assay and scintillation counting				Chemical Probes Portal	ALISERTIB	alisertib	https://www.chemicalprobes.org/
ZLHFILGSQDJULK-UHFFFAOYSA-N	O14965	inhibitor			1.2	nM	biochemical	Assayed using recombinant protein				Chemical Probes Portal	ALISERTIB	alisertib	https://www.chemicalprobes.org/
ZLHFILGSQDJULK-UHFFFAOYSA-N	O14965	inhibitor	IC50		6.7	nM	cell	Levels of autophosphorylation of Aurora A on threonine 288				Chemical Probes Portal	ALISERTIB	alisertib	https://www.chemicalprobes.org/
CWLAIOPWFOOJHQ-QHCPKHFHSA-N	P53779	inhibitor			21	nM	biochemical	Enzymatic assay				Chemical Probes Portal	DOI:10.1021/acs.jmedchem.3c00393	jnk3-in-8	https://www.chemicalprobes.org/
CWLAIOPWFOOJHQ-QHCPKHFHSA-N	P53779	inhibitor		=	2	fold	cell	Inhibition of JNK3 activation induced by Aβ, by measuring reduction in c-Jun phosphorylation levels				Chemical Probes Portal	DOI:10.1021/acs.jmedchem.3c00393	jnk3-in-8	https://www.chemicalprobes.org/
CWLAIOPWFOOJHQ-QHCPKHFHSA-N	P53779	inhibitor		>	85	%	cell	Cell viability assay (MTT assay)				Chemical Probes Portal	DOI:10.1021/acs.jmedchem.3c00393	jnk3-in-8	https://www.chemicalprobes.org/
CWLAIOPWFOOJHQ-QHCPKHFHSA-N	P53779	inhibitor			20	uM	cell	Western blot assessing c-Jun phosphorylation induced by anisomycin				Chemical Probes Portal	DOI:10.1021/acs.jmedchem.3c00393	jnk3-in-8	https://www.chemicalprobes.org/
NCDZABJPWMBMIQ-INIZCTEOSA-N	P28845	inhibitor			7	nM	biochemical	cortisol competitive homogeneous time-resolved fluorescence assay (HTRF) assay				Chemical Probes Portal	DOI:10.1021/jm300592r	azd-4017	https://www.chemicalprobes.org/
NCDZABJPWMBMIQ-INIZCTEOSA-N	P28845	inhibitor	IC50		2	nM	cell	Measurement of 11-βHSD1 Activity in Isolated Human Adipocytes using radiolabelled steroids.				Chemical Probes Portal	DOI:10.1021/jm300592r	azd-4017	https://www.chemicalprobes.org/
XDJGNPSZQSWJCV-UHFFFAOYSA-N	P23458	inhibitor			2.2	nM	biochemical	Caliper microfluidic assays measuring the potency of inhibition of phosphorylation of a peptide substrate at 1 mM ATP concentration				Chemical Probes Portal	DOI:10.1021/acs.jmedchem.6b01634	pf-06263276	https://www.chemicalprobes.org/
XDJGNPSZQSWJCV-UHFFFAOYSA-N	P23458	inhibitor	IC50		70.3	nM	cell	inhibition of interferon γ (IFNγ) release following stimulation with interleukin 2 (IL2)				Chemical Probes Portal	DOI:10.1021/acs.jmedchem.6b01634	pf-06263276	https://www.chemicalprobes.org/
XDJGNPSZQSWJCV-UHFFFAOYSA-N	P23458	inhibitor	IC50		620	nM	cell	inhibition of STAT phosphorylation induced by IFNalpha				Chemical Probes Portal	DOI:10.1021/acs.jmedchem.6b01634	pf-06263276	https://www.chemicalprobes.org/
XDJGNPSZQSWJCV-UHFFFAOYSA-N	P23458	inhibitor	IC50		1800	nM	cell	inhibition of STAT phosphorylation induced by IL-4				Chemical Probes Portal	DOI:10.1021/acs.jmedchem.6b01634	pf-06263276	https://www.chemicalprobes.org/
XDJGNPSZQSWJCV-UHFFFAOYSA-N	P23458	inhibitor	IC50		2100	nM	cell	inhibition of STAT phosphorylation induced by IL-6				Chemical Probes Portal	DOI:10.1021/acs.jmedchem.6b01634	pf-06263276	https://www.chemicalprobes.org/
XDJGNPSZQSWJCV-UHFFFAOYSA-N	O60674	inhibitor			23.1	nM	biochemical	Caliper microfluidic assays measuring the potency of inhibition of phosphorylation of a peptide substrate at 1 mM ATP concentration				Chemical Probes Portal	DOI:10.1021/acs.jmedchem.6b01634	pf-06263276	https://www.chemicalprobes.org/
XDJGNPSZQSWJCV-UHFFFAOYSA-N	O60674	inhibitor	IC50		4200	nM	cell	inhibition of STAT phosphorylation induced by IL-23				Chemical Probes Portal	DOI:10.1021/acs.jmedchem.6b01634	pf-06263276	https://www.chemicalprobes.org/
XDJGNPSZQSWJCV-UHFFFAOYSA-N	O60674	inhibitor	IC50		5200	nM	cell	inhibition of STAT phosphorylation induced by GM-CSF				Chemical Probes Portal	DOI:10.1021/acs.jmedchem.6b01634	pf-06263276	https://www.chemicalprobes.org/
XDJGNPSZQSWJCV-UHFFFAOYSA-N	P52333	inhibitor			59.9	nM	biochemical	Caliper microfluidic assays measuring the potency of inhibition of phosphorylation of a peptide substrate at 1 mM ATP concentration				Chemical Probes Portal	DOI:10.1021/acs.jmedchem.6b01634	pf-06263276	https://www.chemicalprobes.org/
XDJGNPSZQSWJCV-UHFFFAOYSA-N	P29597	inhibitor			29.7	nM	biochemical	Caliper microfluidic assays measuring the potency of inhibition of phosphorylation of a peptide substrate at 1 mM ATP concentration				Chemical Probes Portal	DOI:10.1021/acs.jmedchem.6b01634	pf-06263276	https://www.chemicalprobes.org/
UZWDCWONPYILKI-UHFFFAOYSA-N	P11802	inhibitor			2	nM	biochemical	radiometric-filter binding assay				Chemical Probes Portal	DOI:10.1007/s10637-014-0120-7	abemaciclib	https://www.chemicalprobes.org/
UZWDCWONPYILKI-UHFFFAOYSA-N	P11802	inhibitor			0.6	nM	biochemical	radiometric-filter binding assay				Chemical Probes Portal	DOI:10.1007/s10637-014-0120-7	abemaciclib	https://www.chemicalprobes.org/
UZWDCWONPYILKI-UHFFFAOYSA-N	P11802	inhibitor	IC50		120	nM	cell	concentration-dependent inhibition of p-Rb				Chemical Probes Portal	DOI:10.1007/s10637-014-0120-7	abemaciclib	https://www.chemicalprobes.org/
UZWDCWONPYILKI-UHFFFAOYSA-N	P11802	inhibitor	EC50		72	nM	cell	G1 arrest				Chemical Probes Portal	DOI:10.1007/s10637-014-0120-7	abemaciclib	https://www.chemicalprobes.org/
UZWDCWONPYILKI-UHFFFAOYSA-N	P11802	inhibitor	IC50		60	nM	cell	pRb inhibition (pSer780)				Chemical Probes Portal	DOI:10.1007/s10637-014-0120-7	abemaciclib	https://www.chemicalprobes.org/
UZWDCWONPYILKI-UHFFFAOYSA-N	P11802	inhibitor	EC50		20	nM	cell	G1 arrest				Chemical Probes Portal	DOI:10.1007/s10637-014-0120-7	abemaciclib	https://www.chemicalprobes.org/
UZWDCWONPYILKI-UHFFFAOYSA-N	P11802	inhibitor	IC50		90	nM	cell	Cell viability				Chemical Probes Portal	DOI:10.1007/s10637-014-0120-7	abemaciclib	https://www.chemicalprobes.org/
UZWDCWONPYILKI-UHFFFAOYSA-N	Q00534	inhibitor			10	nM	biochemical	radiometric-filter binding assay				Chemical Probes Portal	DOI:10.1007/s10637-014-0120-7	abemaciclib	https://www.chemicalprobes.org/
UZWDCWONPYILKI-UHFFFAOYSA-N	Q00534	inhibitor			2.4	nM	biochemical	radiometric-filter binding assay				Chemical Probes Portal	DOI:10.1007/s10637-014-0120-7	abemaciclib	https://www.chemicalprobes.org/
QJZQFVRFJCGDKF-UHFFFAOYSA-N	P35408	antagonist			0.56	nM	biochemical	Radio ligand binding assays performed on HEK293 membranes | 0.56 ± 0.10 nM				Chemical Probes Portal	DOI:10.1021/jm901771h	mk-2894	https://www.chemicalprobes.org/
QJZQFVRFJCGDKF-UHFFFAOYSA-N	P35408	antagonist	IC50		2.5	nM	cell	The EP4 functional assay measured the inhibition of PGE2-induced cAMP accumulation in HEK 293 cells | 2.5 ± 0.7 nM				Chemical Probes Portal	DOI:10.1021/jm901771h	mk-2894	https://www.chemicalprobes.org/
QJZQFVRFJCGDKF-UHFFFAOYSA-N	P35408	antagonist	IC50		11	nM	cell	blockade of inhibition of TNFα-induced IP-10 release | 11 ± 9 nM				Chemical Probes Portal	DOI:10.1021/jm901771h	mk-2894	https://www.chemicalprobes.org/
YOVVNQKCSKSHKT-HNNXBMFYSA-N	P42336	inhibitor			4.8	nM	binding	fluorescence polarization assay				Chemical Probes Portal	DOI:10.1021/jm2009327	gdc-0980	https://www.chemicalprobes.org/
YOVVNQKCSKSHKT-HNNXBMFYSA-N	P42336	inhibitor	IC50		307	nM	cell	Cell Proliferation assay				Chemical Probes Portal	DOI:10.1021/jm2009327	gdc-0980	https://www.chemicalprobes.org/
YOVVNQKCSKSHKT-HNNXBMFYSA-N	P42336	inhibitor	IC50		255	nM	cell	Cell Proliferation assay; activating mutation of PI3Kα				Chemical Probes Portal	DOI:10.1021/jm2009327	gdc-0980	https://www.chemicalprobes.org/
YOVVNQKCSKSHKT-HNNXBMFYSA-N	P42338	inhibitor			27	nM	binding	fluorescence polarization assay				Chemical Probes Portal	DOI:10.1021/jm2009327	gdc-0980	https://www.chemicalprobes.org/
YOVVNQKCSKSHKT-HNNXBMFYSA-N	P48736	inhibitor			14	nM	binding	fluorescence polarization assay				Chemical Probes Portal	DOI:10.1021/jm2009327	gdc-0980	https://www.chemicalprobes.org/
YOVVNQKCSKSHKT-HNNXBMFYSA-N	O00329	inhibitor			6.7	nM	binding	fluorescence polarization assay				Chemical Probes Portal	DOI:10.1021/jm2009327	gdc-0980	https://www.chemicalprobes.org/
YOVVNQKCSKSHKT-HNNXBMFYSA-N	P42345	inhibitor			17	nM	binding	fluorescence polarization assay				Chemical Probes Portal	DOI:10.1021/jm2009327	gdc-0980	https://www.chemicalprobes.org/
GBLBJPZSROAGMF-RWYJCYHVSA-N	P07949	inhibitor			0.78	nM	biochemical	In Vitro Biochemical Activity Assay				Chemical Probes Portal	DOI:10.1016/j.bmcl.2021.128149	pralsetinib	https://www.chemicalprobes.org/
GBLBJPZSROAGMF-RWYJCYHVSA-N	P07949	inhibitor	IC50		17	nM	cell	Inhibition of cell proliferation transfected with NSCLC related KIF5B-RET fusion				Chemical Probes Portal	DOI:10.1016/j.bmcl.2021.128149	pralsetinib	https://www.chemicalprobes.org/
HWVNEWGKWRGSRK-UHFFFAOYSA-N	Q03181	agonist			0.4	nM	biochemical	competitive TR-FRET assay				Chemical Probes Portal	DOI:10.1016/s0960-894x(03)00207-5	gw0742	https://www.chemicalprobes.org/
HWVNEWGKWRGSRK-UHFFFAOYSA-N	Q03181	agonist			1	nM	biochemical	Inhibition of human PPARD				Chemical Probes Portal	DOI:10.1016/s0960-894x(03)00207-5	gw0742	https://www.chemicalprobes.org/
HWVNEWGKWRGSRK-UHFFFAOYSA-N	Q03181	agonist	EC50		1	nM	cell	cell-based transactivation assay				Chemical Probes Portal	DOI:10.1016/s0960-894x(03)00207-5	gw0742	https://www.chemicalprobes.org/
HWVNEWGKWRGSRK-UHFFFAOYSA-N	Q03181	agonist	EC50		30	nM	cell	Transactivation assays of human and mouse variant in transfected cells | 30 ± 3.6 nM				Chemical Probes Portal	DOI:10.1016/s0960-894x(03)00207-5	gw0742	https://www.chemicalprobes.org/
KVLFRAWTRWDEDF-IRXDYDNUSA-N	P42345	inhibitor			0.13	nM	biochemical	Alpha-screen using truncated recombinant mTOR enzyme | 0.13 ± 0.05 nM				Chemical Probes Portal	DOI:10.1158/0008-5472.CAN-09-1751	azd8055	https://www.chemicalprobes.org/
KVLFRAWTRWDEDF-IRXDYDNUSA-N	P42345	inhibitor			0.8	nM	biochemical	Alpha-Screen using native mTOR enzyme complexes extracted from HeLa cells. | 0.8 ± 0.2 nM				Chemical Probes Portal	DOI:10.1158/0008-5472.CAN-09-1751	azd8055	https://www.chemicalprobes.org/
KVLFRAWTRWDEDF-IRXDYDNUSA-N	P42345	inhibitor			1.3	nM	biochemical	enzymatic assay using different ATP concentrations				Chemical Probes Portal	DOI:10.1158/0008-5472.CAN-09-1751	azd8055	https://www.chemicalprobes.org/
KVLFRAWTRWDEDF-IRXDYDNUSA-N	P42345	inhibitor	IC50		24	nM	cell	High-throughput immunocytochemical screening assay in MDA-MB-468 cells detecting phosphorylation of AKT at Ser473 (mTORC2 substrate) | 24 ± 9 nM				Chemical Probes Portal	DOI:10.1158/0008-5472.CAN-09-1751	azd8055	https://www.chemicalprobes.org/
KVLFRAWTRWDEDF-IRXDYDNUSA-N	P42345	inhibitor	IC50		27	nM	cell	High-throughput immunocytochemical screening assay in MDA-MB-468 cells detecting phosphorylation of ribosomal protein S6 at Ser235/236 (indirect substrate of mTORC1) | 27 ± 3 nM				Chemical Probes Portal	DOI:10.1158/0008-5472.CAN-09-1751	azd8055	https://www.chemicalprobes.org/
KVLFRAWTRWDEDF-IRXDYDNUSA-N	P42345	inhibitor	% inhibition		1	uM	cell	Western blot assessing phosphorylation of the SGK substrate NDRG1				Chemical Probes Portal	DOI:10.1158/0008-5472.CAN-09-1751	azd8055	https://www.chemicalprobes.org/
KVLFRAWTRWDEDF-IRXDYDNUSA-N	P42345	inhibitor	activity		1	uM	cell	autophagy assay assessing increase of LC3				Chemical Probes Portal	DOI:10.1158/0008-5472.CAN-09-1751	azd8055	https://www.chemicalprobes.org/
HFLMLZKGLUEWBU-UHFFFAOYSA-N	P50053	inhibitor			12	nM	binding	Inhibition of recombinant human hepatic KHK (KHK-C) Fluorescence Polarization (FP) Assay				Chemical Probes Portal	DOI:10.1021/ml200070g	khk-in-1	https://www.chemicalprobes.org/
HFLMLZKGLUEWBU-UHFFFAOYSA-N	P50053	inhibitor	IC50		400	nM	cell	Inhibition of F1P production in HepG2 cell lysates				Chemical Probes Portal	DOI:10.1021/ml200070g	khk-in-1	https://www.chemicalprobes.org/
UKBQFBRPXKGJPY-INIZCTEOSA-N	Q96PD7	inhibitor			17.2	nM	biochemical	Radiolabelled incorporation assay				Chemical Probes Portal	DOI:10.1021/acs.jmedchem.2c01200	ervogastat	https://www.chemicalprobes.org/
UKBQFBRPXKGJPY-INIZCTEOSA-N	Q96PD7	inhibitor	IC50		2.79	nM	cell	Inhibition of [14C]-glycerol incorporation into triglycerides in primary hepatocytes				Chemical Probes Portal	DOI:10.1021/acs.jmedchem.2c01200	ervogastat	https://www.chemicalprobes.org/
OAZAPIKYVGRNCO-UHFFFAOYSA-N	Q16739	inhibitor			31	nM	biochemical	Enzymatic assay				Chemical Probes Portal	DOI:10.1021/acs.jmedchem.1c02078	tp-060	https://www.chemicalprobes.org/
OAZAPIKYVGRNCO-UHFFFAOYSA-N	Q16739	inhibitor	EC50		7.6	nM	cell	Cellular GlcCer reduction				Chemical Probes Portal	DOI:10.1021/acs.jmedchem.1c02078	tp-060	https://www.chemicalprobes.org/
RSMYFSPOTCDHHJ-GOSISDBHSA-N	O60885	inhibitor			5	nM	binding	BRD4 Fluorescence Polarization Assay				Chemical Probes Portal	DOI:10.1021/acs.jmedchem.6b00070	azd5153	https://www.chemicalprobes.org/
RSMYFSPOTCDHHJ-GOSISDBHSA-N	O60885	inhibitor	IC50		25	nM	cell	Estrogen Receptor Downregulation Assay				Chemical Probes Portal	DOI:10.1021/acs.jmedchem.6b00070	azd5153	https://www.chemicalprobes.org/
RSMYFSPOTCDHHJ-GOSISDBHSA-N	O60885	inhibitor	IC50		12.6	nM	cell	c-Myc Downregulation Assay				Chemical Probes Portal	DOI:10.1021/acs.jmedchem.6b00070	azd5153	https://www.chemicalprobes.org/
RSMYFSPOTCDHHJ-GOSISDBHSA-N	O60885	inhibitor	GI50		5	nM	cell	Cell Viability Assay				Chemical Probes Portal	DOI:10.1021/acs.jmedchem.6b00070	azd5153	https://www.chemicalprobes.org/
RSMYFSPOTCDHHJ-GOSISDBHSA-N	P25440	inhibitor			100	nM	binding	Bromoscan				Chemical Probes Portal	DOI:10.1021/acs.jmedchem.6b00070	azd5153	https://www.chemicalprobes.org/
RSMYFSPOTCDHHJ-GOSISDBHSA-N	Q58F21	inhibitor			100	nM	binding	Bromoscan				Chemical Probes Portal	DOI:10.1021/acs.jmedchem.6b00070	azd5153	https://www.chemicalprobes.org/
RSMYFSPOTCDHHJ-GOSISDBHSA-N	Q15059	inhibitor			50	nM	binding	Bromoscan				Chemical Probes Portal	DOI:10.1021/acs.jmedchem.6b00070	azd5153	https://www.chemicalprobes.org/
GOOYSJIWTIHOGW-UHFFFAOYSA-N	Q2M2I8	inhibitor			3.3	nM	biochemical	phosphorylation of peptide inhibition | 3.3 ± 0.7 nM				Chemical Probes Portal	DOI:10.1124/jpet.116.235333	lp-935509	https://www.chemicalprobes.org/
GOOYSJIWTIHOGW-UHFFFAOYSA-N	Q2M2I8	inhibitor			0.9	nM	biochemical	Enzymatic assay				Chemical Probes Portal	DOI:10.1124/jpet.116.235333	lp-935509	https://www.chemicalprobes.org/
GOOYSJIWTIHOGW-UHFFFAOYSA-N	Q2M2I8	inhibitor	IC50		2.8	nM	cell	In cell phosphorylation inhibition | 2.8 ± 0.4 nM				Chemical Probes Portal	DOI:10.1124/jpet.116.235333	lp-935509	https://www.chemicalprobes.org/
JKDGKIBAOAFRPJ-ZBINZKHDSA-N	Q9NWZ3	inhibitor			0.2	nM	biochemical	DELFIA assay using activated full-length IRAK4 protein in the presence of 600 μM ATP (i.e., ATP Km) and assessing phosphorylation of a peptide substrate | 0.2 ± 0.1 nM				Chemical Probes Portal	DOI:10.1021/acs.jmedchem.7b00231	zimlovisertib	https://www.chemicalprobes.org/
JKDGKIBAOAFRPJ-ZBINZKHDSA-N	Q9NWZ3	inhibitor	IC50		2.4	nM	cell	R848-stimulated TNFα production in peripheral blood mononuclear cells (PBMCs) isolated from human blood | 2.4 ± 1.9 nM				Chemical Probes Portal	DOI:10.1021/acs.jmedchem.7b00231	zimlovisertib	https://www.chemicalprobes.org/
SJHNWSAWWOAWJH-MRXNPFEDSA-N	Q9NWZ3	inhibitor			31.7	nM	biochemical	TR-FRET assay using recombinant IRAK4 kinase				Chemical Probes Portal	DOI:10.1021/acsmedchemlett.0c00255	emavusertib	https://www.chemicalprobes.org/
SJHNWSAWWOAWJH-MRXNPFEDSA-N	Q9NWZ3	inhibitor	IC50		514	nM	cell	Inhibition of LTA induced TNFα in THP-1 Cells				Chemical Probes Portal	DOI:10.1021/acsmedchemlett.0c00255	emavusertib	https://www.chemicalprobes.org/
SJHNWSAWWOAWJH-MRXNPFEDSA-N	Q9NWZ3	inhibitor	IC50		270	nM	cell	pIRAK1 modulation in MV4-11 cell-line				Chemical Probes Portal	DOI:10.1021/acsmedchemlett.0c00255	emavusertib	https://www.chemicalprobes.org/
SJHNWSAWWOAWJH-MRXNPFEDSA-N	Q9NWZ3	inhibitor	IC50	>=	696	nM	cell	"Modulation of IL6 in human whole blood assay 
TLR2 (LTA) induced	989 ± 686 nM,
IL-1R (IL-1β) induced	1375 ± 272 nM,
TLR5 (FLA-ST) induced	696 nM | 696-1375 nM"				Chemical Probes Portal	DOI:10.1021/acsmedchemlett.0c00255	emavusertib	https://www.chemicalprobes.org/
DJVYXMINSBMUHH-QAQDUYKDSA-N	Q9NWZ3	inhibitor			5	nM	biochemical	Enzymatic Assay				Chemical Probes Portal	DOI:10.1021/acs.jmedchem.7b01290	irak4-in-28	https://www.chemicalprobes.org/
DJVYXMINSBMUHH-QAQDUYKDSA-N	Q9NWZ3	inhibitor			0.7	nM	biochemical	DiscoverX Kd ELECT				Chemical Probes Portal	DOI:10.1021/acs.jmedchem.7b01290	irak4-in-28	https://www.chemicalprobes.org/
DJVYXMINSBMUHH-QAQDUYKDSA-N	Q9NWZ3	inhibitor	IC50		52	nM	cell	IRAK4 Cell Potency Assay (FACS) after stimulation with 25 ng/mL recombinant IL-1 and staining for anti-pIRAK4				Chemical Probes Portal	DOI:10.1021/acs.jmedchem.7b01290	irak4-in-28	https://www.chemicalprobes.org/
DJVYXMINSBMUHH-QAQDUYKDSA-N	Q9NWZ3	inhibitor	IC50	~	1000	nM	cell	Dose-dependent inhibition of IκBα phosphorylation in OCI-LY10 cells upon treatment of cells with compound 28 for 14 h				Chemical Probes Portal	DOI:10.1021/acs.jmedchem.7b01290	irak4-in-28	https://www.chemicalprobes.org/
DJVYXMINSBMUHH-QAQDUYKDSA-N	P51617	inhibitor			23	nM	biochemical	enzymatic assay				Chemical Probes Portal	DOI:10.1021/acs.jmedchem.7b01290	irak4-in-28	https://www.chemicalprobes.org/
CDQQWCLOMUMQMM-UHFFFAOYSA-N	Q8TDX5	inhibitor			13	nM	biochemical	ACMSD enzymatic assay | 13 ± 3 nM				Chemical Probes Portal	DOI:10.1021/acs.jmedchem.7b01254	tes-1025	https://www.chemicalprobes.org/
CDQQWCLOMUMQMM-UHFFFAOYSA-N	Q8TDX5	inhibitor	% inhibition		40	%	cell	increase in intracellular NAD+ levels				Chemical Probes Portal	DOI:10.1021/acs.jmedchem.7b01254	tes-1025	https://www.chemicalprobes.org/
RQFYFNAGNBUGFC-UHFFFAOYSA-N	P49840	inhibitor			10	nM	biochemical	Mobility shift assay				Chemical Probes Portal	DOI:10.1002/anie.201603797	pf-367	https://www.chemicalprobes.org/
RQFYFNAGNBUGFC-UHFFFAOYSA-N	P49841	inhibitor			9	nM	biochemical	Mobility shift assay				Chemical Probes Portal	DOI:10.1002/anie.201603797	pf-367	https://www.chemicalprobes.org/
RQFYFNAGNBUGFC-UHFFFAOYSA-N	P49841	inhibitor			1.1	nM	biochemical	ADP-Glo assay				Chemical Probes Portal	DOI:10.1002/anie.201603797	pf-367	https://www.chemicalprobes.org/
RQFYFNAGNBUGFC-UHFFFAOYSA-N	P49841	inhibitor			2.1	nM	biochemical	GSK-3β enzyme assay				Chemical Probes Portal	DOI:10.1002/anie.201603797	pf-367	https://www.chemicalprobes.org/
RQFYFNAGNBUGFC-UHFFFAOYSA-N	P49841	inhibitor	IC50		466	nM	cell	Inhibition of Tau phosphorylation assay				Chemical Probes Portal	DOI:10.1002/anie.201603797	pf-367	https://www.chemicalprobes.org/
COGUZYALRYMQTD-LJQANCHMSA-N	Q9NYV4	inhibitor			25	nM	biochemical	Biochemical assay				Chemical Probes Portal	DOI:10.1021/acs.jmedchem.9b01929	mfh290	https://www.chemicalprobes.org/
COGUZYALRYMQTD-LJQANCHMSA-N	Q9NYV4	inhibitor	IC50		10.15	nM	cell	Cell Proliferation assay				Chemical Probes Portal	DOI:10.1021/acs.jmedchem.9b01929	mfh290	https://www.chemicalprobes.org/
COGUZYALRYMQTD-LJQANCHMSA-N	Q9NYV4	inhibitor			0	%	cell	Pulldown assay (remaining CDK12 percentage)				Chemical Probes Portal	DOI:10.1021/acs.jmedchem.9b01929	mfh290	https://www.chemicalprobes.org/
COGUZYALRYMQTD-LJQANCHMSA-N	Q14004	inhibitor			49	nM	biochemical	Biochemical assay				Chemical Probes Portal	DOI:10.1021/acs.jmedchem.9b01929	mfh290	https://www.chemicalprobes.org/
WQVPGYMGERDXLH-UHFFFAOYSA-N	P51617	inhibitor			9	nM	biochemical	Enzymatic assay				Chemical Probes Portal	DOI:10.1021/acsmedchemlett.0c00378	jh-x-119-01	https://www.chemicalprobes.org/
WQVPGYMGERDXLH-UHFFFAOYSA-N	P51617	inhibitor					cell	JH-X-119-01 (10 μM) decreases phosphorylation of NF-κB and mRNA levels of IL-6 and TNFα in LPS-treated macrophages in vitro				Chemical Probes Portal	DOI:10.1021/acsmedchemlett.0c00378	jh-x-119-01	https://www.chemicalprobes.org/
IWMCPJZTADUIFX-UHFFFAOYSA-N	Q5S007	inhibitor			6	nM	biochemical	Enzymatic activity of GST-LRRK2[G2019S] (1,326–2,527)				Chemical Probes Portal	DOI:10.1038/nchembio.538	lrrk2-in-1	https://www.chemicalprobes.org/
IWMCPJZTADUIFX-UHFFFAOYSA-N	Q5S007	inhibitor			13	nM	biochemical	Enzymatic activity of GST-LRRK2 (1,326–2,527)				Chemical Probes Portal	DOI:10.1038/nchembio.538	lrrk2-in-1	https://www.chemicalprobes.org/
IWMCPJZTADUIFX-UHFFFAOYSA-N	Q5S007	inhibitor			20	nM	biochemical	Binding Assay (Ambit)				Chemical Probes Portal	DOI:10.1038/nchembio.538	lrrk2-in-1	https://www.chemicalprobes.org/
IWMCPJZTADUIFX-UHFFFAOYSA-N	Q5S007	inhibitor					cell	Near-maximal effects of 1 μM LRRK2-IN-1 on dephosphorylation of Ser910 and Ser935 and 14-3-3 binding to wild-type LRRK2 and LRRK2[G2019S] were observed within 15 min and sustained for at least 2 h				Chemical Probes Portal	DOI:10.1038/nchembio.538	lrrk2-in-1	https://www.chemicalprobes.org/
FWJRVGZWNDOOFH-OAHLLOKOSA-N	P21453	antagonist			77	nM	biochemical	GTP-γS binding assay using CHO cell membranes				Chemical Probes Portal	DOI:10.1038/nchembio804	ml5	https://www.chemicalprobes.org/
FWJRVGZWNDOOFH-OAHLLOKOSA-N	P21453	antagonist	Ki		18	nM	cell	Antagonist activity at human S1P1 receptor expressed in CHO cells assessed as inhibition of SEW2871-induced [35S]GTPgamma binding				Chemical Probes Portal	DOI:10.1038/nchembio804	ml5	https://www.chemicalprobes.org/
QJSFLEBIQZMJQF-UHFFFAOYSA-N	P49840	degrader (protac)	DC50		28.3	nM	cell	Degradation of GSK3B in SH-SY5Y cells after 24 h treatment				Chemical Probes Portal	DOI:10.1016/j.ejmech.2021.113889	pt-65	https://www.chemicalprobes.org/
QJSFLEBIQZMJQF-UHFFFAOYSA-N	P49840	degrader (protac)	Dmax		94.3	%	cell	max degradation in cell @ 1 uM | 94.3 ± 2.2%				Chemical Probes Portal	DOI:10.1016/j.ejmech.2021.113889	pt-65	https://www.chemicalprobes.org/
QJSFLEBIQZMJQF-UHFFFAOYSA-N	P49841	degrader (protac)			12.41	nM	binding	SPR				Chemical Probes Portal	DOI:10.1016/j.ejmech.2021.113889	pt-65	https://www.chemicalprobes.org/
QJSFLEBIQZMJQF-UHFFFAOYSA-N	P49841	degrader (protac)	DC50		34.2	nM	cell	Degradation of GSK3B in SH-SY5Y cells after 24 h treatment				Chemical Probes Portal	DOI:10.1016/j.ejmech.2021.113889	pt-65	https://www.chemicalprobes.org/
QJSFLEBIQZMJQF-UHFFFAOYSA-N	P49841	degrader (protac)	Dmax		90.8	%	cell	max degradation in cells @ 1 uM | 90.8 ± 2.9%				Chemical Probes Portal	DOI:10.1016/j.ejmech.2021.113889	pt-65	https://www.chemicalprobes.org/
NIPTUMFVYBXSMZ-JOCHJYFZSA-N	Q96LA8	inhibitor			77	nM	biochemical	Biochemical assay (radiometric method)				Chemical Probes Portal	DOI:10.1021/acs.jmedchem.0c02160	sgc6870	https://www.chemicalprobes.org/
NIPTUMFVYBXSMZ-JOCHJYFZSA-N	Q96LA8	inhibitor	IC50		900	nM	cell	SGC6870 potently and concentration-dependently reduced cellular levels of H3R2me2a | 900 ± 100 nM				Chemical Probes Portal	DOI:10.1021/acs.jmedchem.0c02160	sgc6870	https://www.chemicalprobes.org/
NIPTUMFVYBXSMZ-JOCHJYFZSA-N	Q96LA8	inhibitor	IC50		600	nM	cell	SGC6870 potently and concentration-dependently reduced cellular levels of H4R3me2a | 600 ± 100 nM				Chemical Probes Portal	DOI:10.1021/acs.jmedchem.0c02160	sgc6870	https://www.chemicalprobes.org/
WDBUEMWHXKHQNB-NNAUULPKSA-N	P11362	degrader (protac)			23.8	nM	biochemical	Z’-LYTE kinase assay by Invitrogen				Chemical Probes Portal	DOI:10.1002/anie.202101328	dgy-09-192	https://www.chemicalprobes.org/
WDBUEMWHXKHQNB-NNAUULPKSA-N	P11362	degrader (protac)	DC50		4.35	nM	cell	Target degradation				Chemical Probes Portal	DOI:10.1002/anie.202101328	dgy-09-192	https://www.chemicalprobes.org/
WDBUEMWHXKHQNB-NNAUULPKSA-N	P11362	degrader (protac)	Dmax		85	%	cell	Target degradation				Chemical Probes Portal	DOI:10.1002/anie.202101328	dgy-09-192	https://www.chemicalprobes.org/
WDBUEMWHXKHQNB-NNAUULPKSA-N	P11362	degrader (protac)	IC50		17	nM	cell	Anti-proliferation activity (CellTiter-Glo assay)				Chemical Probes Portal	DOI:10.1002/anie.202101328	dgy-09-192	https://www.chemicalprobes.org/
WDBUEMWHXKHQNB-NNAUULPKSA-N	P21802	degrader (protac)			34	nM	biochemical	Z’-LYTE kinase assay by Invitrogen				Chemical Probes Portal	DOI:10.1002/anie.202101328	dgy-09-192	https://www.chemicalprobes.org/
WDBUEMWHXKHQNB-NNAUULPKSA-N	P21802	degrader (protac)	DC50		70	nM	cell	Target degradation after 6 h treatment				Chemical Probes Portal	DOI:10.1002/anie.202101328	dgy-09-192	https://www.chemicalprobes.org/
WDBUEMWHXKHQNB-NNAUULPKSA-N	P21802	degrader (protac)	Dmax		74	%	cell	Target degradation after 6 h treatment				Chemical Probes Portal	DOI:10.1002/anie.202101328	dgy-09-192	https://www.chemicalprobes.org/
WDBUEMWHXKHQNB-NNAUULPKSA-N	P21802	degrader (protac)	IC50		1	nM	cell	Anti-proliferation activity (CellTiter-Glo assay)				Chemical Probes Portal	DOI:10.1002/anie.202101328	dgy-09-192	https://www.chemicalprobes.org/
LWXOPXNDPRPGMJ-UHFFFAOYSA-N	P45985	inhibitor			4	nM	biochemical	Lanthascreen binding assay; covalent binding to CYS247, located before the highly conserved DFG motif, was confirmed by LC-MS				Chemical Probes Portal	DOI:10.1016/j.chembiol.2020.08.014	bsj-04-122	https://www.chemicalprobes.org/
LWXOPXNDPRPGMJ-UHFFFAOYSA-N	P45985	inhibitor	% inhibition		87	%	cell	Kinativ				Chemical Probes Portal	DOI:10.1016/j.chembiol.2020.08.014	bsj-04-122	https://www.chemicalprobes.org/
LWXOPXNDPRPGMJ-UHFFFAOYSA-N	P45985	inhibitor	% inhibition	~	100	%	cell	JNK1/2 phosphorylation inhibition				Chemical Probes Portal	DOI:10.1016/j.chembiol.2020.08.014	bsj-04-122	https://www.chemicalprobes.org/
LWXOPXNDPRPGMJ-UHFFFAOYSA-N	O14733	inhibitor			181	nM	biochemical	Radioisotope binding assay ([32P]ATP kinase assay); covalent binding to CYS261, located before the highly conserved DFG motif, was confirmed by LC-MS				Chemical Probes Portal	DOI:10.1016/j.chembiol.2020.08.014	bsj-04-122	https://www.chemicalprobes.org/
LWXOPXNDPRPGMJ-UHFFFAOYSA-N	O14733	inhibitor			707	nM	biochemical	Capillary microfluidic electrophoretic mobility shift assay				Chemical Probes Portal	DOI:10.1016/j.chembiol.2020.08.014	bsj-04-122	https://www.chemicalprobes.org/
LWXOPXNDPRPGMJ-UHFFFAOYSA-N	O14733	inhibitor	% inhibition		90.2	%	cell	Kinativ				Chemical Probes Portal	DOI:10.1016/j.chembiol.2020.08.014	bsj-04-122	https://www.chemicalprobes.org/
KOZGEDUWAQFVAV-UHFFFAOYSA-N	O96028	antagonist			91	nM	binding	SPR binding | 91 ± 8 nM				Chemical Probes Portal	DOI:10.1038/s41589-021-00898-0	unc6934	https://www.chemicalprobes.org/
KOZGEDUWAQFVAV-UHFFFAOYSA-N	O96028	antagonist			104	nM	biochemical	Binding of NSD2-PWWP1 to nucleosomal H3K36me2 by Alphascreen of N-terminal domain | 104 ± 13 nM				Chemical Probes Portal	DOI:10.1038/s41589-021-00898-0	unc6934	https://www.chemicalprobes.org/
KOZGEDUWAQFVAV-UHFFFAOYSA-N	O96028	antagonist			78	nM	biochemical	Binding of NSD2-PWWP1 to nucleosomal H3K36me2 by Alphascreen of Full length NSD-2 | 78 ± 29 nM				Chemical Probes Portal	DOI:10.1038/s41589-021-00898-0	unc6934	https://www.chemicalprobes.org/
KOZGEDUWAQFVAV-UHFFFAOYSA-N	O96028	antagonist	EC50		1230	nM	cell	NanoBRET PPI assay, based on interaction between NSD2-PWWP1–NanoLuc and histone H3.3–HaloTag | 1230 ± 250 nM				Chemical Probes Portal	DOI:10.1038/s41589-021-00898-0	unc6934	https://www.chemicalprobes.org/
DMUSMYYDKCXFKR-MRJIRHQNSA-N	Q9NYV4	inhibitor			156	nM	biochemical	Biochemical Activity				Chemical Probes Portal	DOI:10.1016/j.ejmech.2021.113481	bsj-01-175	https://www.chemicalprobes.org/
DMUSMYYDKCXFKR-MRJIRHQNSA-N	Q9NYV4	inhibitor	IC50		42	nM	cell	Anti-proliferation activity of BSJ-01–175 on Kelly cells with WT CDK12 or C1039F mutant: cell bearing C1039F mutation IC50 225.3 nM				Chemical Probes Portal	DOI:10.1016/j.ejmech.2021.113481	bsj-01-175	https://www.chemicalprobes.org/
DMUSMYYDKCXFKR-MRJIRHQNSA-N	Q9NYV4	inhibitor	IC50		160	nM	cell	antiproliferative activity in Ewing sarcoma cells				Chemical Probes Portal	DOI:10.1016/j.ejmech.2021.113481	bsj-01-175	https://www.chemicalprobes.org/
DMUSMYYDKCXFKR-MRJIRHQNSA-N	Q9NYV4	inhibitor	activity	>=	0.5	uM	cell	Competitive pull-down experiment and washout experiments followed by WB for Cyclin K | 0.5 to 5 µM				Chemical Probes Portal	DOI:10.1016/j.ejmech.2021.113481	bsj-01-175	https://www.chemicalprobes.org/
DMUSMYYDKCXFKR-MRJIRHQNSA-N	Q9NYV4	inhibitor	% inhibition	>=	0.5	uM	cell	Western blot for phosphorylated RNA pol II CTD | 0.5 to 5 µM				Chemical Probes Portal	DOI:10.1016/j.ejmech.2021.113481	bsj-01-175	https://www.chemicalprobes.org/
DMUSMYYDKCXFKR-MRJIRHQNSA-N	Q14004	inhibitor			282.6	nM	biochemical	Biochemical assay				Chemical Probes Portal	DOI:10.1016/j.ejmech.2021.113481	bsj-01-175	https://www.chemicalprobes.org/
VNSQFPFWUAZOTQ-UHFFFAOYSA-N	Q92794	inhibitor			0.27	nM	binding	SPR				Chemical Probes Portal	DOI:10.1016/j.chembiol.2023.07.005	pf-9363	https://www.chemicalprobes.org/
VNSQFPFWUAZOTQ-UHFFFAOYSA-N	Q92794	inhibitor	IC50		0.85	nM	cell	H3K23Ac sandwich ELISA assay				Chemical Probes Portal	DOI:10.1016/j.chembiol.2023.07.005	pf-9363	https://www.chemicalprobes.org/
VNSQFPFWUAZOTQ-UHFFFAOYSA-N	Q92794	inhibitor	IC50		370	nM	cell	Cell proliferation assay				Chemical Probes Portal	DOI:10.1016/j.chembiol.2023.07.005	pf-9363	https://www.chemicalprobes.org/
VNSQFPFWUAZOTQ-UHFFFAOYSA-N	Q8WYB5	inhibitor			2.4	nM	binding	SPR				Chemical Probes Portal	DOI:10.1016/j.chembiol.2023.07.005	pf-9363	https://www.chemicalprobes.org/
LXRBPWHQMGKMRT-GOSISDBHSA-N	Q9UK80	inhibitor			6	nM	biochemical	hUSP21 HTRF Interference Assay				Chemical Probes Portal	DOI:10.1021/acs.jmedchem.2c01933	bay-805	https://www.chemicalprobes.org/
LXRBPWHQMGKMRT-GOSISDBHSA-N	Q9UK80	inhibitor			95		biochemical	Enzymatic efficacy in hUSP21 HTRF Interference Assay				Chemical Probes Portal	DOI:10.1021/acs.jmedchem.2c01933	bay-805	https://www.chemicalprobes.org/
LXRBPWHQMGKMRT-GOSISDBHSA-N	Q9UK80	inhibitor			2	nM	biochemical	Ubiquitin (Ub) Rhodamine 110 Assays				Chemical Probes Portal	DOI:10.1021/acs.jmedchem.2c01933	bay-805	https://www.chemicalprobes.org/
LXRBPWHQMGKMRT-GOSISDBHSA-N	Q9UK80	inhibitor			85	%	biochemical	Enzymatic efficacy in Ubiquitin (Ub) Rhodamine 110 Assays				Chemical Probes Portal	DOI:10.1021/acs.jmedchem.2c01933	bay-805	https://www.chemicalprobes.org/
LXRBPWHQMGKMRT-GOSISDBHSA-N	Q9UK80	inhibitor			2.2	nM	binding	SPR				Chemical Probes Portal	DOI:10.1021/acs.jmedchem.2c01933	bay-805	https://www.chemicalprobes.org/
LXRBPWHQMGKMRT-GOSISDBHSA-N	Q9UK80	inhibitor	EC50		17	nM	cell	HiBiT CETSA				Chemical Probes Portal	DOI:10.1021/acs.jmedchem.2c01933	bay-805	https://www.chemicalprobes.org/
XUOJHVFYSAMHNK-GWMXKSKGSA-N	Q12852	inhibitor			1.3	nM	biochemical	Biochemical assay (KINOMEscan KdELECT)				Chemical Probes Portal	DOI:10.1021/acs.jmedchem.3c00788	iacs-52825	https://www.chemicalprobes.org/
XUOJHVFYSAMHNK-GWMXKSKGSA-N	Q12852	inhibitor	IC50		107	nM	cell	Phospho-c-Jun cellular assay | 107 ± 22 nM				Chemical Probes Portal	DOI:10.1021/acs.jmedchem.3c00788	iacs-52825	https://www.chemicalprobes.org/
IVOACCSOISMVBL-UHFFFAOYSA-N	Q99685	inhibitor		<	5	nM	biochemical	Fluorometric Assay (Inhibition of 4MU-B cleavage)				Chemical Probes Portal	DOI:10.1016/j.bmcl.2020.127243	jnj-42226314	https://www.chemicalprobes.org/
IVOACCSOISMVBL-UHFFFAOYSA-N	Q99685	inhibitor	IC50		1.13	nM	cell	[3H] 2-OG cleavage activity assay | 1.13 ± 0.05 nM				Chemical Probes Portal	DOI:10.1016/j.bmcl.2020.127243	jnj-42226314	https://www.chemicalprobes.org/
IVOACCSOISMVBL-UHFFFAOYSA-N	Q99685	inhibitor	IC50	<	10	uM	cell	[3H] 2-OG cleavage activity assay				Chemical Probes Portal	DOI:10.1016/j.bmcl.2020.127243	jnj-42226314	https://www.chemicalprobes.org/
HEUVRFNVTLGKMZ-SANMLTNESA-N	P49356	inhibitor			0.05	nM	binding	Scintillation proximity assay				Chemical Probes Portal	ABT-100	abt-100	https://www.chemicalprobes.org/
HEUVRFNVTLGKMZ-SANMLTNESA-N	P49356	inhibitor	EC50		0.73	nM	cell	Ras and Rap 1A processing assay				Chemical Probes Portal	ABT-100	abt-100	https://www.chemicalprobes.org/
DNVXATUJJDPFDM-KRWDZBQOSA-N	P25440	inhibitor			128	nM	binding	ITC assay				Chemical Probes Portal	JQ1	jq1	https://www.chemicalprobes.org/
DNVXATUJJDPFDM-KRWDZBQOSA-N	P25440	inhibitor			76.9	nM	biochemical	alpha screen | 76.9 BD1				Chemical Probes Portal	JQ1	jq1	https://www.chemicalprobes.org/
DNVXATUJJDPFDM-KRWDZBQOSA-N	P25440	inhibitor			32.6	nM	biochemical	alpha screen | 32.6 BD2 nM				Chemical Probes Portal	JQ1	jq1	https://www.chemicalprobes.org/
DNVXATUJJDPFDM-KRWDZBQOSA-N	P25440	inhibitor					cell	Human osteosarcoma cells (U2OS) transfected with GFP–BRD4 show a time-dependent recovery of fluorescence intensity in Fluorescence recovery after photobleaching (FRAP) assay. In the presence of JQ1 (500 nM), the observed recovery is immediate, indicating displaced and freely diffusing nuclear BRD4. Cellular FRAP studies confirmed that the effects on the mobile fraction of BRD4 are limited to the biochemically active (1)-JQ1 stereoisomer.				Chemical Probes Portal	JQ1	jq1	https://www.chemicalprobes.org/
DNVXATUJJDPFDM-KRWDZBQOSA-N	O60885	inhibitor			49	nM	binding	ITC assay | 49.0 BD1				Chemical Probes Portal	JQ1	jq1	https://www.chemicalprobes.org/
DNVXATUJJDPFDM-KRWDZBQOSA-N	O60885	inhibitor			90.1	nM	binding	ITC assay | 90.1 BD2 nM				Chemical Probes Portal	JQ1	jq1	https://www.chemicalprobes.org/
DNVXATUJJDPFDM-KRWDZBQOSA-N	O60885	inhibitor			17.7	nM	biochemical	alpha screen				Chemical Probes Portal	JQ1	jq1	https://www.chemicalprobes.org/
DNVXATUJJDPFDM-KRWDZBQOSA-N	O60885	inhibitor					cell	Human osteosarcoma cells (U2OS) transfected with GFP–BRD4 show a time-dependent recovery of fluorescence intensity in Fluorescence recovery after photobleaching (FRAP) assay. In the presence of JQ1 (500 nM), the observed recovery is immediate, indicating displaced and freely diffusing nuclear BRD4. Cellular FRAP studies confirmed that the effects on the mobile fraction of BRD4 are limited to the biochemically active (1)-JQ1 stereoisomer.				Chemical Probes Portal	JQ1	jq1	https://www.chemicalprobes.org/
DNVXATUJJDPFDM-KRWDZBQOSA-N	Q15059	inhibitor			59.1	nM	binding	ITC assay | 59.1 BD1				Chemical Probes Portal	JQ1	jq1	https://www.chemicalprobes.org/
DNVXATUJJDPFDM-KRWDZBQOSA-N	Q15059	inhibitor			82	nM	binding	ITC assay | 82.0 BD2 nM				Chemical Probes Portal	JQ1	jq1	https://www.chemicalprobes.org/
DNVXATUJJDPFDM-KRWDZBQOSA-N	Q15059	inhibitor					cell	Human osteosarcoma cells (U2OS) transfected with GFP–BRD4 show a time-dependent recovery of fluorescence intensity in Fluorescence recovery after photobleaching (FRAP) assay. In the presence of JQ1 (500 nM), the observed recovery is immediate, indicating displaced and freely diffusing nuclear BRD4. Cellular FRAP studies confirmed that the effects on the mobile fraction of BRD4 are limited to the biochemically active (1)-JQ1 stereoisomer.				Chemical Probes Portal	JQ1	jq1	https://www.chemicalprobes.org/
DNVXATUJJDPFDM-KRWDZBQOSA-N	Q58F21	inhibitor			190.2	nM	binding	"ITC assay
IC50: BRD2 17.7 nM, BRD4 (N) 76.9 nM,  BRD4 (C) 32.6 nM, alpha screen"				Chemical Probes Portal	JQ1	jq1	https://www.chemicalprobes.org/
DNVXATUJJDPFDM-KRWDZBQOSA-N	Q58F21	inhibitor					cell	Human osteosarcoma cells (U2OS) transfected with GFP–BRD4 show a time-dependent recovery of fluorescence intensity in Fluorescence recovery after photobleaching (FRAP) assay. In the presence of JQ1 (500 nM), the observed recovery is immediate, indicating displaced and freely diffusing nuclear BRD4. Cellular FRAP studies confirmed that the effects on the mobile fraction of BRD4 are limited to the biochemically active (1)-JQ1 stereoisomer.				Chemical Probes Portal	JQ1	jq1	https://www.chemicalprobes.org/
NZYTZRHHBAJPKN-UHFFFAOYSA-N	Q9NQV7	inhibitor			80	nM	biochemical	80 ± 16 nM				Chemical Probes Portal	MRK-740	mrk-740	https://www.chemicalprobes.org/
NZYTZRHHBAJPKN-UHFFFAOYSA-N	Q9NQV7	inhibitor	IC50		0.8	uM	cell	H3K4 methylation assay				Chemical Probes Portal	MRK-740	mrk-740	https://www.chemicalprobes.org/
RCINICONZNJXQF-MZXODVADSA-N	P07437	inhibitor	EC50		9	nM	cell	Mitotic cell cycle arrest in A431 cells				Chemical Probes Portal	Taxol	taxol	https://www.chemicalprobes.org/
BDYDINKSILYBOL-WMZHIEFXSA-N	Q9UM07	mixed-mode inhibitor			50	nM	binding	Fluorescence polarization binding assay with no Ca2+				Chemical Probes Portal	GSK484	gsk484	https://www.chemicalprobes.org/
BDYDINKSILYBOL-WMZHIEFXSA-N	Q9UM07	mixed-mode inhibitor			250	nM	binding	Fluorescence polarization binding assay with 2 mM Ca2+				Chemical Probes Portal	GSK484	gsk484	https://www.chemicalprobes.org/
BDYDINKSILYBOL-WMZHIEFXSA-N	Q9UM07	mixed-mode inhibitor					cell	Dose-dependent activity against target in human and mouse neutrophils detected in a citrullination assay				Chemical Probes Portal	GSK484	gsk484	https://www.chemicalprobes.org/
DUCNNEYLFOQFSW-PMERELPUSA-N	O75874	inhibitor			15	nM	binding	NADPH production and thermal shift assay				Chemical Probes Portal	GSK864	gsk864	https://www.chemicalprobes.org/
DUCNNEYLFOQFSW-PMERELPUSA-N	O75874	inhibitor			8.8	nM	binding	NADPH production and thermal shift assay				Chemical Probes Portal	GSK864	gsk864	https://www.chemicalprobes.org/
DUCNNEYLFOQFSW-PMERELPUSA-N	O75874	inhibitor			16.6	nM	binding	NADPH production and thermal shift assay				Chemical Probes Portal	GSK864	gsk864	https://www.chemicalprobes.org/
DUCNNEYLFOQFSW-PMERELPUSA-N	O75874	inhibitor	EC50		320	nM	cell	LC/MS/MS analysis from HT-1080 fibrosarcoma cells				Chemical Probes Portal	GSK864	gsk864	https://www.chemicalprobes.org/
RPBMXJHQYJLPDN-UHFFFAOYSA-N	Q9H8M2	inhibitor			9.9	degC	binding	DSF				Chemical Probes Portal	DOI:10.1021/acs.jmedchem.9b01980	tp-472	https://www.chemicalprobes.org/
RPBMXJHQYJLPDN-UHFFFAOYSA-N	Q9H8M2	inhibitor			82	nM	binding	ITC				Chemical Probes Portal	DOI:10.1021/acs.jmedchem.9b01980	tp-472	https://www.chemicalprobes.org/
RPBMXJHQYJLPDN-UHFFFAOYSA-N	Q9H8M2	inhibitor	EC50		320	nM	cell	NanoBRET				Chemical Probes Portal	DOI:10.1021/acs.jmedchem.9b01980	tp-472	https://www.chemicalprobes.org/
RPBMXJHQYJLPDN-UHFFFAOYSA-N	Q9NPI1	inhibitor			9.6	degC	binding	DSF				Chemical Probes Portal	DOI:10.1021/acs.jmedchem.9b01980	tp-472	https://www.chemicalprobes.org/
RPBMXJHQYJLPDN-UHFFFAOYSA-N	Q9NPI1	inhibitor			556	nM	binding	ITC				Chemical Probes Portal	DOI:10.1021/acs.jmedchem.9b01980	tp-472	https://www.chemicalprobes.org/
RNEOHKZPZKEZCQ-UHFFFAOYSA-N	O00487	inhibitor			360	nM	binding	Fluorescence polarization assays				Chemical Probes Portal	DOI:10.1021/acs.jmedchem.6b01379	capzimin	https://www.chemicalprobes.org/
RNEOHKZPZKEZCQ-UHFFFAOYSA-N	O00487	inhibitor	IC50		600	nM	cell	Cycloheximide chase assay. HeLa cells stably expressing proteasome reporter UbG76V-GFP treated with 5 uM Capzimin show accumulation of UbG76V-GFP.				Chemical Probes Portal	DOI:10.1021/acs.jmedchem.6b01379	capzimin	https://www.chemicalprobes.org/
RNEOHKZPZKEZCQ-UHFFFAOYSA-N	O00487	inhibitor	GI50	~	2000	nM	cell	Cell proliferation assay				Chemical Probes Portal	DOI:10.1021/acs.jmedchem.6b01379	capzimin	https://www.chemicalprobes.org/
UYKVJQCPBDDIFD-ZSEKCTLFSA-N	P30559	antagonist	IC50		15	nM	cell	Calcium flux assay				Chemical Probes Portal	DOI:10.1021/acsmedchemlett.9b00186	shr1653	https://www.chemicalprobes.org/
RMCSKUADBRROSI-UHFFFAOYSA-N	P28221	antagonist			0.8	nM	binding	Radioligand binding assay				Chemical Probes Portal	DOI:10.1021/jm049039v	sb-714786	https://www.chemicalprobes.org/
RMCSKUADBRROSI-UHFFFAOYSA-N	P28221	antagonist					cell	[35S]GTPγS binding assay in the human receptor cell lines				Chemical Probes Portal	DOI:10.1021/jm049039v	sb-714786	https://www.chemicalprobes.org/
RWRSKMSFZCQDMQ-UHFFFAOYSA-N	Q5TCY1	inhibitor			240	nM	biochemical	Biochemical assay				Chemical Probes Portal	DOI:10.1021/acs.jmedchem.1c01942	ttbk1-in-2	https://www.chemicalprobes.org/
RWRSKMSFZCQDMQ-UHFFFAOYSA-N	Q5TCY1	inhibitor			5	uM	cell	TDP-43 phosphorylation of cells treated with ethacrynic acid				Chemical Probes Portal	DOI:10.1021/acs.jmedchem.1c01942	ttbk1-in-2	https://www.chemicalprobes.org/
RIWTUJFFSTVYPW-UHFFFAOYSA-N	P37023	inhibitor			7	nM	biochemical	Reaction Biology, at 10 mM ATP conc.				Chemical Probes Portal	DOI:10.1021/acs.jmedchem.0c00395	m4k2234	https://www.chemicalprobes.org/
RIWTUJFFSTVYPW-UHFFFAOYSA-N	P37023	inhibitor	IC50		83	nM	cell	NanoBRET				Chemical Probes Portal	DOI:10.1021/acs.jmedchem.0c00395	m4k2234	https://www.chemicalprobes.org/
RIWTUJFFSTVYPW-UHFFFAOYSA-N	P37023	inhibitor	% inhibition		100	nM	cell	Western blot; modulation of phosphorylation of SMAD1/5/8 that corresponds to BMP branch of signalling which is mediated, besides others, also by ALK1/2 kinases				Chemical Probes Portal	DOI:10.1021/acs.jmedchem.0c00395	m4k2234	https://www.chemicalprobes.org/
RIWTUJFFSTVYPW-UHFFFAOYSA-N	Q04771	inhibitor			14	nM	biochemical	Reaction Biology, at 10 mM ATP conc.				Chemical Probes Portal	DOI:10.1021/acs.jmedchem.0c00395	m4k2234	https://www.chemicalprobes.org/
RIWTUJFFSTVYPW-UHFFFAOYSA-N	Q04771	inhibitor	IC50		13	nM	cell	NanoBRET				Chemical Probes Portal	DOI:10.1021/acs.jmedchem.0c00395	m4k2234	https://www.chemicalprobes.org/
RIWTUJFFSTVYPW-UHFFFAOYSA-N	Q04771	inhibitor	% inhibition		100	nM	cell	Western blot; modulation of phosphorylation of SMAD1/5/8 that corresponds to BMP branch of signalling which is mediated, besides others, also by ALK1/2 kinases				Chemical Probes Portal	DOI:10.1021/acs.jmedchem.0c00395	m4k2234	https://www.chemicalprobes.org/
QARLNMDDSQMINK-BVRKHOPBSA-N	Q9NZQ7	inhibitor			3.1	nM	biochemical	Homogeneous time-resolved fluorescence (HTRF)–based PD-L1/PD-1 interaction assay				Chemical Probes Portal	DOI:10.1158/2159-8290.CD-21-1156	incb086550	https://www.chemicalprobes.org/
QARLNMDDSQMINK-BVRKHOPBSA-N	Q9NZQ7	inhibitor	IC50		13	nM	cell	Inhibition of binding of phycoerythrin (PE)-labeled PD-1 (PD-1/PE) to cell-surface PD-L1				Chemical Probes Portal	DOI:10.1158/2159-8290.CD-21-1156	incb086550	https://www.chemicalprobes.org/
QARLNMDDSQMINK-BVRKHOPBSA-N	Q9NZQ7	inhibitor	IC50		6.3	nM	cell	PD-1–SHP Reporter Assay				Chemical Probes Portal	DOI:10.1158/2159-8290.CD-21-1156	incb086550	https://www.chemicalprobes.org/
QARLNMDDSQMINK-BVRKHOPBSA-N	Q9NZQ7	inhibitor	EC50		21.4	nM	cell	NFAT Reporter Assay				Chemical Probes Portal	DOI:10.1158/2159-8290.CD-21-1156	incb086550	https://www.chemicalprobes.org/
HKASDKLLEVWKJA-YADARESESA-N	P11597	inhibitor			151	nM	biochemical	Inhibition of the transfer of a fluorescence labelled lipid from donor vesicles to acceptor vesicles in the presence of human plasma				Chemical Probes Portal	DOI:10.1021/jm500431d	bi-5756	https://www.chemicalprobes.org/
HKASDKLLEVWKJA-YADARESESA-N	P11597	inhibitor			18	nM	biochemical	TF_ROAR assay, measuring the transfer of a neutral fluorescence labeled lipid from donor vesicles to acceptor vesicles by CETP				Chemical Probes Portal	DOI:10.1021/jm500431d	bi-5756	https://www.chemicalprobes.org/
MDUYWDNWFXSMJJ-XWLWVQCSSA-N	P50053	inhibitor			28	nM	biochemical	Biochemical assay, measured at 2 mM ATP and 8 mM fructose for Isoform C (KHK-C)				Chemical Probes Portal	DOI:10.1021/acs.jmedchem.0c00944	pf-06835919	https://www.chemicalprobes.org/
MDUYWDNWFXSMJJ-XWLWVQCSSA-N	P50053	inhibitor			170	nM	biochemical	Biochemical assay, measured at 2 mM ATP and 8 mM fructose for Isoform A (KHK-A)				Chemical Probes Portal	DOI:10.1021/acs.jmedchem.0c00944	pf-06835919	https://www.chemicalprobes.org/
MDUYWDNWFXSMJJ-XWLWVQCSSA-N	P50053	inhibitor			4.53	nM	biochemical	Biochemical Assay				Chemical Probes Portal	DOI:10.1021/acs.jmedchem.0c00944	pf-06835919	https://www.chemicalprobes.org/
MDUYWDNWFXSMJJ-XWLWVQCSSA-N	P50053	inhibitor			10	nM	biochemical	Biochemical assay, measured at [ATP], [fructose] at Km for Isoform C (KHK-C)				Chemical Probes Portal	DOI:10.1021/acs.jmedchem.0c00944	pf-06835919	https://www.chemicalprobes.org/
MDUYWDNWFXSMJJ-XWLWVQCSSA-N	P50053	inhibitor	IC50		232	nM	cell	dose-dependent inhibition of fructose-1-phosphate in primary human hepatocytes				Chemical Probes Portal	DOI:10.1021/acs.jmedchem.0c00944	pf-06835919	https://www.chemicalprobes.org/
XRDVXQQZLHVEQZ-UHFFFAOYSA-N	P43490	inhibitor			5	nM	biochemical	Nampt biochemical inhibition.				Chemical Probes Portal	DOI:10.1021/jm4008664	gne-617	https://www.chemicalprobes.org/
XRDVXQQZLHVEQZ-UHFFFAOYSA-N	P43490	inhibitor	IC50		2	nM	cell	A2780 cell proliferation inhibition. This inhibition can be reversed by addition of 0.33 mM of NMN				Chemical Probes Portal	DOI:10.1021/jm4008664	gne-617	https://www.chemicalprobes.org/
XRDVXQQZLHVEQZ-UHFFFAOYSA-N	P43490	inhibitor	IC50	>=	1.8	nM	cell	Cell Proliferation assay | 1.8-7.4 nM				Chemical Probes Portal	DOI:10.1021/jm4008664	gne-617	https://www.chemicalprobes.org/
XRDVXQQZLHVEQZ-UHFFFAOYSA-N	P43490	inhibitor	EC50		1.1	nM	cell	NAD reduction; intracellular compound levels were confirmed				Chemical Probes Portal	DOI:10.1021/jm4008664	gne-617	https://www.chemicalprobes.org/
XRDVXQQZLHVEQZ-UHFFFAOYSA-N	P43490	inhibitor	EC50		1.3	nM	cell	NAD reduction in mouse cells; intracellular compound levels were confirmed				Chemical Probes Portal	DOI:10.1021/jm4008664	gne-617	https://www.chemicalprobes.org/
MZBOZBMARIQZGX-GRRGFIRHSA-N	Q00987	antagonist			0.44	nM	binding	Fluorescence polarization assay with MDM2 protein and p53 peptide.				Chemical Probes Portal	MI-888	mi-888	https://www.chemicalprobes.org/
MZBOZBMARIQZGX-GRRGFIRHSA-N	Q00987	antagonist	IC50		0.08	uM	cell	In SJSA-1 cells, MI-888 dose dependently decreased cell growth.				Chemical Probes Portal	MI-888	mi-888	https://www.chemicalprobes.org/
LZNFQRSVDZCPTR-SCFUHWHPSA-N	P22314	covalent inhibitor			43	nM	biochemical	Different doses of ABP A3 were incubated with UBA1 (0.5 uM), ATP (50 uM) and Ub (50 uM), for 2 hours at room temperature. The amount of formed ABP A3-Ub covalent adduct is then quantified using click chemistry. IC50 is the concentration of ABP A3 at which half maximal amount of ABP A3-Ub covalent adduct is formed.				Chemical Probes Portal	ABPA3	abpa3	https://www.chemicalprobes.org/
LZNFQRSVDZCPTR-SCFUHWHPSA-N	P22314	covalent inhibitor	IC50		2500	nM	cell	CellTiterGlo viability assay. A549/MM1S cells were treated with ABP A3 for 48h.				Chemical Probes Portal	ABPA3	abpa3	https://www.chemicalprobes.org/
LZNFQRSVDZCPTR-SCFUHWHPSA-N	Q8TBC4	covalent inhibitor			43	nM	biochemical	Different doses of ABP A3 were incubated with UBA1 (0.5 uM), ATP (50 uM) and Ub (50 uM), for 2 hours at room temperature. The amount of formed ABP A3-Ub covalent adduct is then quantified using click chemistry. IC50 is the concentration of ABP A3 at which half maximal amount of ABP A3-Ub covalent adduct is formed.				Chemical Probes Portal	ABPA3	abpa3	https://www.chemicalprobes.org/
LZNFQRSVDZCPTR-SCFUHWHPSA-N	Q8TBC4	covalent inhibitor	IC50		80	nM	cell	CellTiterGlo viability assay. A549/MM1S cells were treated with ABP A3 for 48h.				Chemical Probes Portal	ABPA3	abpa3	https://www.chemicalprobes.org/
UNRTVIQQMJRQLZ-UHFFFAOYSA-N	P28347	inhibitor			4	nM	biochemical	TEAD–YAP TR-FRET assay				Chemical Probes Portal	DOI:10.1038/s43018-023-00577-0	gne-7883	https://www.chemicalprobes.org/
UNRTVIQQMJRQLZ-UHFFFAOYSA-N	P28347	inhibitor			5	nM	biochemical	TEAD–TAZ TR-FRET assay				Chemical Probes Portal	DOI:10.1038/s43018-023-00577-0	gne-7883	https://www.chemicalprobes.org/
UNRTVIQQMJRQLZ-UHFFFAOYSA-N	P28347	inhibitor			2	nM	biochemical	TEAD lipid pocket TR-FRET assay				Chemical Probes Portal	DOI:10.1038/s43018-023-00577-0	gne-7883	https://www.chemicalprobes.org/
UNRTVIQQMJRQLZ-UHFFFAOYSA-N	P28347	inhibitor	EC50		170	nM	cell	Cell viability				Chemical Probes Portal	DOI:10.1038/s43018-023-00577-0	gne-7883	https://www.chemicalprobes.org/
UNRTVIQQMJRQLZ-UHFFFAOYSA-N	P28347	inhibitor	EC50		290	nM	cell	Cell viability				Chemical Probes Portal	DOI:10.1038/s43018-023-00577-0	gne-7883	https://www.chemicalprobes.org/
UNRTVIQQMJRQLZ-UHFFFAOYSA-N	P28347	inhibitor	% inhibition		3	uM	cell	IP assay; displacement of YAP, TAZ from TEAD				Chemical Probes Portal	DOI:10.1038/s43018-023-00577-0	gne-7883	https://www.chemicalprobes.org/
UNRTVIQQMJRQLZ-UHFFFAOYSA-N	Q15562	inhibitor			1	nM	biochemical	TEAD–YAP TR-FRET assay				Chemical Probes Portal	DOI:10.1038/s43018-023-00577-0	gne-7883	https://www.chemicalprobes.org/
UNRTVIQQMJRQLZ-UHFFFAOYSA-N	Q15562	inhibitor			1	nM	biochemical	TEAD–TAZ TR-FRET assay				Chemical Probes Portal	DOI:10.1038/s43018-023-00577-0	gne-7883	https://www.chemicalprobes.org/
UNRTVIQQMJRQLZ-UHFFFAOYSA-N	Q15562	inhibitor			1	nM	biochemical	TEAD lipid pocket TR-FRET assay				Chemical Probes Portal	DOI:10.1038/s43018-023-00577-0	gne-7883	https://www.chemicalprobes.org/
UNRTVIQQMJRQLZ-UHFFFAOYSA-N	Q15562	inhibitor			55	uM	biochemical	increase in the 1 D19F signal of free peptide S2, but not of  of free peptide S3				Chemical Probes Portal	DOI:10.1038/s43018-023-00577-0	gne-7883	https://www.chemicalprobes.org/
UNRTVIQQMJRQLZ-UHFFFAOYSA-N	Q99594	inhibitor			9	nM	biochemical	TEAD–YAP TR-FRET assay				Chemical Probes Portal	DOI:10.1038/s43018-023-00577-0	gne-7883	https://www.chemicalprobes.org/
UNRTVIQQMJRQLZ-UHFFFAOYSA-N	Q99594	inhibitor			10	nM	biochemical	TEAD–TAZ TR-FRET assay				Chemical Probes Portal	DOI:10.1038/s43018-023-00577-0	gne-7883	https://www.chemicalprobes.org/
UNRTVIQQMJRQLZ-UHFFFAOYSA-N	Q99594	inhibitor			5	nM	biochemical	TEAD lipid pocket TR-FRET assay				Chemical Probes Portal	DOI:10.1038/s43018-023-00577-0	gne-7883	https://www.chemicalprobes.org/
UNRTVIQQMJRQLZ-UHFFFAOYSA-N	Q15561	inhibitor			3	nM	biochemical	TEAD–YAP TR-FRET assay				Chemical Probes Portal	DOI:10.1038/s43018-023-00577-0	gne-7883	https://www.chemicalprobes.org/
UNRTVIQQMJRQLZ-UHFFFAOYSA-N	Q15561	inhibitor			3	nM	biochemical	TEAD–TAZ TR-FRET assay				Chemical Probes Portal	DOI:10.1038/s43018-023-00577-0	gne-7883	https://www.chemicalprobes.org/
UNRTVIQQMJRQLZ-UHFFFAOYSA-N	Q15561	inhibitor			1	nM	biochemical	TEAD lipid pocket TR-FRET assay				Chemical Probes Portal	DOI:10.1038/s43018-023-00577-0	gne-7883	https://www.chemicalprobes.org/
LQHDIGAYVSAVRJ-UHFFFAOYSA-N	P25440	bivalent inhibitor			25	nM	binding	BromoSCAN				Chemical Probes Portal	BiBET	bibet	https://www.chemicalprobes.org/
LQHDIGAYVSAVRJ-UHFFFAOYSA-N	P25440	bivalent inhibitor			63	nM	binding	BromoSCAN				Chemical Probes Portal	BiBET	bibet	https://www.chemicalprobes.org/
LQHDIGAYVSAVRJ-UHFFFAOYSA-N	P25440	bivalent inhibitor	IC50		0.1	nM	cell	"BiBET disrupted BRD4-mediator complex foci with pIC50=10 in U2OS cells.  
Other cellular endpoints are characterized extensively including nanoBRET target engagement and growth inhibition assays with consistent potency values. Potencies in cells against all BET proteins are 100 pM.
Mutations in BRD4(2) confirmed bivalent mechanism of action in BRET assay (pIC50 for full-length BRD4=9.6, BRD4(1)=5.6 and pIC50 mutant full-length BRD4=6.6, BRD4(1)=6.8)."				Chemical Probes Portal	BiBET	bibet	https://www.chemicalprobes.org/
LQHDIGAYVSAVRJ-UHFFFAOYSA-N	O60885	bivalent inhibitor			0.01	nM	binding	Full-length BRD4 protein (Bromoscan DiscoveRx)				Chemical Probes Portal	BiBET	bibet	https://www.chemicalprobes.org/
LQHDIGAYVSAVRJ-UHFFFAOYSA-N	O60885	bivalent inhibitor			39.8	nM	binding	BromoSCAN				Chemical Probes Portal	BiBET	bibet	https://www.chemicalprobes.org/
LQHDIGAYVSAVRJ-UHFFFAOYSA-N	O60885	bivalent inhibitor			7.9	nM	binding	BromoSCAN				Chemical Probes Portal	BiBET	bibet	https://www.chemicalprobes.org/
LQHDIGAYVSAVRJ-UHFFFAOYSA-N	O60885	bivalent inhibitor	IC50		0.1	nM	cell	"BiBET disrupted BRD4-mediator complex foci with pIC50=10 in U2OS cells.  
Other cellular endpoints are characterized extensively including nanoBRET target engagement and growth inhibition assays with consistent potency values. Potencies in cells against all BET proteins are 100 pM.
Mutations in BRD4(2) confirmed bivalent mechanism of action in BRET assay (pIC50 for full-length BRD4=9.6, BRD4(1)=5.6 and pIC50 mutant full-length BRD4=6.6, BRD4(1)=6.8)."				Chemical Probes Portal	BiBET	bibet	https://www.chemicalprobes.org/
LQHDIGAYVSAVRJ-UHFFFAOYSA-N	Q15059	bivalent inhibitor			5	nM	binding	BromoSCAN				Chemical Probes Portal	BiBET	bibet	https://www.chemicalprobes.org/
LQHDIGAYVSAVRJ-UHFFFAOYSA-N	Q15059	bivalent inhibitor			199	nM	binding	BromoSCAN				Chemical Probes Portal	BiBET	bibet	https://www.chemicalprobes.org/
LQHDIGAYVSAVRJ-UHFFFAOYSA-N	Q15059	bivalent inhibitor	IC50		0.1	nM	cell	"BiBET disrupted BRD4-mediator complex foci with pIC50=10 in U2OS cells.  
Other cellular endpoints are characterized extensively including nanoBRET target engagement and growth inhibition assays with consistent potency values. Potencies in cells against all BET proteins are 100 pM.
Mutations in BRD4(2) confirmed bivalent mechanism of action in BRET assay (pIC50 for full-length BRD4=9.6, BRD4(1)=5.6 and pIC50 mutant full-length BRD4=6.6, BRD4(1)=6.8)."				Chemical Probes Portal	BiBET	bibet	https://www.chemicalprobes.org/
LQHDIGAYVSAVRJ-UHFFFAOYSA-N	Q58F21	bivalent inhibitor			2.5	nM	binding	BromoSCAN				Chemical Probes Portal	BiBET	bibet	https://www.chemicalprobes.org/
LQHDIGAYVSAVRJ-UHFFFAOYSA-N	Q58F21	bivalent inhibitor			316	nM	binding	BromoSCAN				Chemical Probes Portal	BiBET	bibet	https://www.chemicalprobes.org/
LQHDIGAYVSAVRJ-UHFFFAOYSA-N	Q58F21	bivalent inhibitor	IC50		0.1	nM	cell	"BiBET disrupted BRD4-mediator complex foci with pIC50=10 in U2OS cells.  
Other cellular endpoints are characterized extensively including nanoBRET target engagement and growth inhibition assays with consistent potency values. Potencies in cells against all BET proteins are 100 pM.
Mutations in BRD4(2) confirmed bivalent mechanism of action in BRET assay (pIC50 for full-length BRD4=9.6, BRD4(1)=5.6 and pIC50 mutant full-length BRD4=6.6, BRD4(1)=6.8)."				Chemical Probes Portal	BiBET	bibet	https://www.chemicalprobes.org/
BWBUPDTUXQDHSX-AWEZNQCLSA-N	Q8IU85	inhibitor			8	nM	biochemical	ADP-Glo assay (Reaction Biology)				Chemical Probes Portal	DOI:10.1021/acs.jmedchem.9b01803	cs640	https://www.chemicalprobes.org/
BWBUPDTUXQDHSX-AWEZNQCLSA-N	Q8IU85	inhibitor	IC50		29	nM	cell	NanoBRET				Chemical Probes Portal	DOI:10.1021/acs.jmedchem.9b01803	cs640	https://www.chemicalprobes.org/
ZRHWCAFAIHTQKD-QGZVFWFLSA-N	Q9Y570	covalent inhibitor			4.2	nM	biochemical	Gel-based competitive ABPP with FP-Rh (2 μM) in the soluble proteome (1 mg/mL protein) of MDA-MB-231 cells.				Chemical Probes Portal	DOI:10.1073/pnas.1015248108	abl127	https://www.chemicalprobes.org/
ZRHWCAFAIHTQKD-QGZVFWFLSA-N	Q9Y570	covalent inhibitor			500	nM	biochemical	inhibition of demethylated PP2A using Western of lysate of HEK293T cells spiked with recombinant PME-1				Chemical Probes Portal	DOI:10.1073/pnas.1015248108	abl127	https://www.chemicalprobes.org/
ZRHWCAFAIHTQKD-QGZVFWFLSA-N	Q9Y570	covalent inhibitor	IC50		11.1	nM	cell	gel-based competitive ABPP				Chemical Probes Portal	DOI:10.1073/pnas.1015248108	abl127	https://www.chemicalprobes.org/
ZRHWCAFAIHTQKD-QGZVFWFLSA-N	Q9Y570	covalent inhibitor	IC50		6.4	nM	cell	gel-based competitive ABPP				Chemical Probes Portal	DOI:10.1073/pnas.1015248108	abl127	https://www.chemicalprobes.org/
CQAPXPSWLDAVEG-UHFFFAOYSA-N	Q16739	inhibitor			15	nM	biochemical	GCS enzymatic assay				Chemical Probes Portal	DOI:10.1021/acs.jmedchem.1c02078	t-690	https://www.chemicalprobes.org/
CQAPXPSWLDAVEG-UHFFFAOYSA-N	Q16739	inhibitor	EC50		4.4	nM	cell	Cell-Based Glucosylceramide Lowering Assay				Chemical Probes Portal	DOI:10.1021/acs.jmedchem.1c02078	t-690	https://www.chemicalprobes.org/
YNVKFHIWFDRVNY-UHFFFAOYSA-N	P41145	agonist			0.49	nM	binding	Scintillation proximity assay | 0.49 ± 0.20 nM				Chemical Probes Portal	DOI:10.1021/jm301258w	hs665	https://www.chemicalprobes.org/
YNVKFHIWFDRVNY-UHFFFAOYSA-N	P41145	agonist	EC50		3.62	nM	cell	guanosine 5′-O-(3-[35S]thio)triphosphate ([35S]GTPγS) binding assays | 3.62 ± 1.87 nM				Chemical Probes Portal	DOI:10.1021/jm301258w	hs665	https://www.chemicalprobes.org/
OBJNFLYHUXWUPF-IZZDOVSWSA-N	P50613	covalent inhibitor			3.2	nM	biochemical	Time-dependent binding established supporting covalent mechanism				Chemical Probes Portal	THZ1	thz1	https://www.chemicalprobes.org/
OBJNFLYHUXWUPF-IZZDOVSWSA-N	P50613	covalent inhibitor	IC50	~	20	nM	cell	In Jurkat cells, THZ1 inhibited CDK7 substrate phosphorylation in a dose-dependent and time-dependent manner. Expression of a THZ1-resistant mutant CDK7 C312S restored CDK7 activity.				Chemical Probes Portal	THZ1	thz1	https://www.chemicalprobes.org/
OBJNFLYHUXWUPF-IZZDOVSWSA-N	P50613	covalent inhibitor	IC50		55	nM	cell	Anti-proliferative assay				Chemical Probes Portal	THZ1	thz1	https://www.chemicalprobes.org/
OBJNFLYHUXWUPF-IZZDOVSWSA-N	P50613	covalent inhibitor	IC50		0.5	nM	cell	Anti-proliferative assay				Chemical Probes Portal	THZ1	thz1	https://www.chemicalprobes.org/
QVQHWPLHUNEREE-UHFFFAOYSA-N	Q8TBX8	inhibitor			79.4	nM	biochemical	ADP-Glo assay				Chemical Probes Portal	DOI:10.1021/acs.jmedchem.2c01693	aruk2001607	https://www.chemicalprobes.org/
QVQHWPLHUNEREE-UHFFFAOYSA-N	Q8TBX8	inhibitor			7.1	nM	biochemical	Lipid kinase binding assay				Chemical Probes Portal	DOI:10.1021/acs.jmedchem.2c01693	aruk2001607	https://www.chemicalprobes.org/
QVQHWPLHUNEREE-UHFFFAOYSA-N	Q8TBX8	inhibitor	IC50		250	nM	cell	InCell Pulse thermal stabilization assay (DiscoverX) (target engagement)				Chemical Probes Portal	DOI:10.1021/acs.jmedchem.2c01693	aruk2001607	https://www.chemicalprobes.org/
XVFDNRYZXDHTHT-PXAZEXFGSA-N	Q07889	inhibitor			5	nM	biochemical	Biochemical Protein-Protein Interaction assay				Chemical Probes Portal	DOI:10.1158/2159-8290.CD-20-0142	bi-3406	https://www.chemicalprobes.org/
XVFDNRYZXDHTHT-PXAZEXFGSA-N	Q07889	inhibitor			9.7	nM	binding	SPR using recombinant SOS1				Chemical Probes Portal	DOI:10.1158/2159-8290.CD-20-0142	bi-3406	https://www.chemicalprobes.org/
XVFDNRYZXDHTHT-PXAZEXFGSA-N	Q07889	inhibitor	IC50		28	nM	cell	pERK modulation in MIA-PaCa-2 cells with SOS1 transgene expression				Chemical Probes Portal	DOI:10.1158/2159-8290.CD-20-0142	bi-3406	https://www.chemicalprobes.org/
XVFDNRYZXDHTHT-PXAZEXFGSA-N	Q07889	inhibitor	IC50		31.9	nM	cell	Cell proliferation assay using MIA PaCa-2 transgenic cell pools expressing the indicated FLAG–SOS1 transgenes				Chemical Probes Portal	DOI:10.1158/2159-8290.CD-20-0142	bi-3406	https://www.chemicalprobes.org/
IVYQPSHHYIAUFO-VXKWHMMOSA-N	Q9HBA0	agonist	EC50		3	nM	cell	Patch clamp assay				Chemical Probes Portal	GSK1016790A	gsk1016790a	https://www.chemicalprobes.org/
IVYQPSHHYIAUFO-VXKWHMMOSA-N	Q9HBA0	agonist	EC50		5	nM	cell	FLIPR assay				Chemical Probes Portal	GSK1016790A	gsk1016790a	https://www.chemicalprobes.org/
RVOZYMPVGIVNJX-UHFFFAOYSA-N	O76083	inhibitor			15	nM	biochemical	PDE activity assays				Chemical Probes Portal	DOI:10.1021/acs.jmedchem.2c01267	bay-7081	https://www.chemicalprobes.org/
RVOZYMPVGIVNJX-UHFFFAOYSA-N	O76083	inhibitor	EC50		995	nM	cell	Cellular PDE9A assay				Chemical Probes Portal	DOI:10.1021/acs.jmedchem.2c01267	bay-7081	https://www.chemicalprobes.org/
DFQGDHBGRSTTHX-UHFFFAOYSA-N	P20292	inhibitor			2.9	nM	biochemical	FLAP binding assay (inhibition of 3H-ligand binding to FLAP membranes) | 2.9 ± 1.0 nM				Chemical Probes Portal	DOI:10.1021/jm2008369	fiboflapon	https://www.chemicalprobes.org/
DFQGDHBGRSTTHX-UHFFFAOYSA-N	P20292	inhibitor			0.7	nM	biochemical	Human Leukocyte Inhibition Assay (hLA) | 0.7 ± 03 nM				Chemical Probes Portal	DOI:10.1021/jm2008369	fiboflapon	https://www.chemicalprobes.org/
DFQGDHBGRSTTHX-UHFFFAOYSA-N	P20292	inhibitor	IC50		76	nM	cell	Human Blood LTB4 Inhibition Assay (hWB) | 76 ± 15 nM (5h)				Chemical Probes Portal	DOI:10.1021/jm2008369	fiboflapon	https://www.chemicalprobes.org/
HNIFCPBQMKPRCX-UHFFFAOYSA-N	P30559	antagonist	Ki		9.5	nM	cell	Cell based β lactamase assay				Chemical Probes Portal	DOI:10.1016/j.bmcl.2009.11.097	pf-3274167	https://www.chemicalprobes.org/
REQQVBGILUTQNN-UHFFFAOYSA-N	Q13822	inhibitor			15	nM	biochemical	Human ATX biochemical assay using LPC 16:0 as substrate.				Chemical Probes Portal	DOI:10.1021/acs.jmedchem.7b00032	ziritaxestat	https://www.chemicalprobes.org/
REQQVBGILUTQNN-UHFFFAOYSA-N	Q13822	inhibitor			131	nM	biochemical	biochemical assays with human enzyme				Chemical Probes Portal	DOI:10.1021/acs.jmedchem.7b00032	ziritaxestat	https://www.chemicalprobes.org/
REQQVBGILUTQNN-UHFFFAOYSA-N	Q13822	inhibitor	IC50		242	nM	cell	Human plasma assay (inhibition of ATX-induced LPA 18:2 production in healthy donor plasma in a concentration-dependent manner)				Chemical Probes Portal	DOI:10.1021/acs.jmedchem.7b00032	ziritaxestat	https://www.chemicalprobes.org/
YJPWVCIGSHWNON-UHFFFAOYSA-N	P35462	antagonist			1.4	nM	binding	Radioligand binding assay | 1.4 ± 0.6 nM				Chemical Probes Portal	NGB2904	ngb2904	https://www.chemicalprobes.org/
YJPWVCIGSHWNON-UHFFFAOYSA-N	P35462	antagonist	IC50		5	nM	cell	Antagonism assay 100 nM quinpirole stimulated mitogenesis				Chemical Probes Portal	NGB2904	ngb2904	https://www.chemicalprobes.org/
MCIACXAZCBVDEE-CUUWFGFTSA-N	P31639	inhibitor	IC50		0.927	nM	cell	inhibition of methyl α-d-glucopyranoside (AMG) uptake via the SGLT transporter | 0.927 ± 0.369 nM				Chemical Probes Portal	DOI:10.1021/jm200049r	ertugliflozin	https://www.chemicalprobes.org/
TVMJSGGZULFVCZ-XMMPIXPASA-N	P25929	antagonist			9.1		cell	cAMP assay, NPY induced inhibition of cAMP synthesis was antagonized by 100 nM BIBO 3304 with a pKb of 9.1 ± 0.4				Chemical Probes Portal	DOI:10.1038/sj.bjp.0702084	bibo3304	https://www.chemicalprobes.org/
TVMJSGGZULFVCZ-XMMPIXPASA-N	P25929	antagonist	IC50		0.38	nM	cell	Radioligand displacement assay in SK-N-MC transfected cells				Chemical Probes Portal	DOI:10.1038/sj.bjp.0702084	bibo3304	https://www.chemicalprobes.org/
TVMJSGGZULFVCZ-XMMPIXPASA-N	P25929	antagonist	IC50		0.69	nM	cell	Radioligand displacement assay in BHK transfected cells				Chemical Probes Portal	DOI:10.1038/sj.bjp.0702084	bibo3304	https://www.chemicalprobes.org/
ZAGCLFXBHOXXEN-JPTLTNPLSA-N	Q9NPI1	degrader (protac)	DC50		4.5	nM	cell	Quantitative Live Cell Kinetic Analysis of BRD7 and BRD9 Degradation				Chemical Probes Portal	VZ185	vz185	https://www.chemicalprobes.org/
ZAGCLFXBHOXXEN-JPTLTNPLSA-N	Q9NPI1	degrader (protac)	Dmax		95	%	cell	Quantitative Live Cell Kinetic Analysis of BRD7 and BRD9 Degradation				Chemical Probes Portal	VZ185	vz185	https://www.chemicalprobes.org/
ZAGCLFXBHOXXEN-JPTLTNPLSA-N	Q9H8M2	degrader (protac)			26	nM	binding	ITC | 26 ± 9 nM binary				Chemical Probes Portal	VZ185	vz185	https://www.chemicalprobes.org/
ZAGCLFXBHOXXEN-JPTLTNPLSA-N	Q9H8M2	degrader (protac)			27	nM	binding	ITC | 27 ± 3nM Ternary				Chemical Probes Portal	VZ185	vz185	https://www.chemicalprobes.org/
ZAGCLFXBHOXXEN-JPTLTNPLSA-N	Q9H8M2	degrader (protac)	DC50		1.8	nM	cell	Quantitative Live Cell Kinetic Analysis of BRD7 and BRD9 Degradation				Chemical Probes Portal	VZ185	vz185	https://www.chemicalprobes.org/
ZAGCLFXBHOXXEN-JPTLTNPLSA-N	Q9H8M2	degrader (protac)	Dmax		95	%	cell	Quantitative Live Cell Kinetic Analysis of BRD7 and BRD9 Degradation				Chemical Probes Portal	VZ185	vz185	https://www.chemicalprobes.org/
YIHHYCIYAIVQKX-MBIULKOWSA-N	Q13535	inhibitor			1	nM	biochemical	ATR kinase assay at 3 µM ATP				Chemical Probes Portal	DOI:10.1158/1535-7163.MCT-21-0615	camonsertib	https://www.chemicalprobes.org/
YIHHYCIYAIVQKX-MBIULKOWSA-N	Q13535	inhibitor			0.022	nM	biochemical	ATR/ATRIP Biochemical assay				Chemical Probes Portal	DOI:10.1158/1535-7163.MCT-21-0615	camonsertib	https://www.chemicalprobes.org/
YIHHYCIYAIVQKX-MBIULKOWSA-N	Q13535	inhibitor	IC50		0.33	nM	cell	Inhibition of gemcitabine-stimulated ATR phosphorylation of substrate pCHK1(Ser345) during early treatment (up to 3 h)				Chemical Probes Portal	DOI:10.1158/1535-7163.MCT-21-0615	camonsertib	https://www.chemicalprobes.org/
MSFPLTWUFWOKBX-IFXJQAMLSA-O	Q92831	antagonist			48	nM	binding	BROMOscan				Chemical Probes Portal	L-Moses	l-moses	https://www.chemicalprobes.org/
MSFPLTWUFWOKBX-IFXJQAMLSA-O	Q92831	antagonist			47	nM	biochemical	PCAF HTRF assay				Chemical Probes Portal	L-Moses	l-moses	https://www.chemicalprobes.org/
MSFPLTWUFWOKBX-IFXJQAMLSA-O	Q92831	antagonist			126	nM	binding	ITC with PCAF Bromodomain construct				Chemical Probes Portal	L-Moses	l-moses	https://www.chemicalprobes.org/
MSFPLTWUFWOKBX-IFXJQAMLSA-O	Q92831	antagonist	EC50		256	nM	cell	Displacement of PCAF-Brd from H3.3-nanoLuc in live HEK-293 cells using the nanoBRET assay				Chemical Probes Portal	L-Moses	l-moses	https://www.chemicalprobes.org/
MSFPLTWUFWOKBX-IFXJQAMLSA-O	Q92830	antagonist			220	nM	binding	BROMOscan				Chemical Probes Portal	L-Moses	l-moses	https://www.chemicalprobes.org/
MSFPLTWUFWOKBX-IFXJQAMLSA-O	Q92830	antagonist			550	nM	binding	ITC with GCN5 Bromodomain				Chemical Probes Portal	L-Moses	l-moses	https://www.chemicalprobes.org/
MSFPLTWUFWOKBX-IFXJQAMLSA-O	Q92830	antagonist	EC50		256	nM	cell	Displacement of PCAF-Brd from H3.3-nanoLuc in live HEK-293 cells using the nanoBRET assay				Chemical Probes Portal	L-Moses	l-moses	https://www.chemicalprobes.org/
BBIPVJCGIASXJB-PKTZIBPZSA-N	P54750	inhibitor			0.058	nM	biochemical	Enzymatic assay with fluorescent-labeled cAMP				Chemical Probes Portal	ITI-214	iti-214	https://www.chemicalprobes.org/
BBIPVJCGIASXJB-PKTZIBPZSA-N	Q01064	inhibitor			0.38	nM	biochemical	Enzymatic assay with fluorescent-labeled cAMP				Chemical Probes Portal	ITI-214	iti-214	https://www.chemicalprobes.org/
BBIPVJCGIASXJB-PKTZIBPZSA-N	Q14123	inhibitor			0.035	nM	biochemical	Enzymatic assay with fluorescent-labeled cAMP				Chemical Probes Portal	ITI-214	iti-214	https://www.chemicalprobes.org/
SPMVMDHWKHCIDT-UHFFFAOYSA-N	P17948	inhibitor			30.6	nM	biochemical	activity based assay				Chemical Probes Portal	DOI:10.1158/0008-5472.CAN-05-4290	krn-951	https://www.chemicalprobes.org/
SPMVMDHWKHCIDT-UHFFFAOYSA-N	P17948	inhibitor	IC50		0.21	nM	cell	ligand-induced VEGFR1 receptor phosphorylation, followed by immunoprecipitation and immunoblotting				Chemical Probes Portal	DOI:10.1158/0008-5472.CAN-05-4290	krn-951	https://www.chemicalprobes.org/
SPMVMDHWKHCIDT-UHFFFAOYSA-N	P35968	inhibitor			6.5	nM	biochemical	activity based assay				Chemical Probes Portal	DOI:10.1158/0008-5472.CAN-05-4290	krn-951	https://www.chemicalprobes.org/
SPMVMDHWKHCIDT-UHFFFAOYSA-N	P35968	inhibitor	IC50		0.16	nM	cell	ligand-induced VEGFR2 receptor phosphorylation, followed by immunoprecipitation and immunoblotting				Chemical Probes Portal	DOI:10.1158/0008-5472.CAN-05-4290	krn-951	https://www.chemicalprobes.org/
SPMVMDHWKHCIDT-UHFFFAOYSA-N	P35916	inhibitor			15	nM	biochemical	activity based assay				Chemical Probes Portal	DOI:10.1158/0008-5472.CAN-05-4290	krn-951	https://www.chemicalprobes.org/
SPMVMDHWKHCIDT-UHFFFAOYSA-N	P35916	inhibitor	IC50		0.24	nM	cell	ligand-induced VEGFR3 receptor phosphorylation, followed by immunoprecipitation and immunoblotting				Chemical Probes Portal	DOI:10.1158/0008-5472.CAN-05-4290	krn-951	https://www.chemicalprobes.org/
ZRPZPNYZFSJUPA-UHFFFAOYSA-N	P01116	covalent inhibitor	IC50		120	nM	cell	Inhibition of RAS signalling				Chemical Probes Portal	ARS-1620	ars-1620	https://www.chemicalprobes.org/
NDRFFOKFYGUOKD-ZDUSSCGKSA-N	P41182	inhibitor			10	nM	binding	SPR				Chemical Probes Portal	DOI:10.1021/acsmedchemlett.2c00502	oicr11029	https://www.chemicalprobes.org/
NDRFFOKFYGUOKD-ZDUSSCGKSA-N	P41182	inhibitor	IC50		375	nM	cell	Cell-Based Luciferase assay				Chemical Probes Portal	DOI:10.1021/acsmedchemlett.2c00502	oicr11029	https://www.chemicalprobes.org/
NDRFFOKFYGUOKD-ZDUSSCGKSA-N	P41182	inhibitor	IC50		215	nM	cell	Cell Growth Inhibition Assay in BCL-6 dependent cancer cell line				Chemical Probes Portal	DOI:10.1021/acsmedchemlett.2c00502	oicr11029	https://www.chemicalprobes.org/
PJKRNPPUSQSCHN-UHFFFAOYSA-N	P37088	inhibitor	% inhibition		81	%	cell	Inhibition of M-1 water resorption (Measurement of ENaC-mediated water permeability through cell monolayers of M-1 cells and the blocking capacity of ENaC-inhibitors. The transported volume is determined with tritiated water. A potent ENaC-inhibitor results in reduced water transport leading to more remaining liquid in the apical (upper) compartment of the cell layer.)				Chemical Probes Portal	DOI:10.1016/j.ejmech.2023.116038	bi-8668	https://www.chemicalprobes.org/
PJKRNPPUSQSCHN-UHFFFAOYSA-N	P37088	inhibitor	IC50		6.2	nM	cell	Inhibition of Na + transport in mouse renal collecting duct cell line M1 (ussing chamber assay)				Chemical Probes Portal	DOI:10.1016/j.ejmech.2023.116038	bi-8668	https://www.chemicalprobes.org/
PJKRNPPUSQSCHN-UHFFFAOYSA-N	P37088	inhibitor	IC50		16.8	nM	cell	Ussing Chamber applying P0 cells				Chemical Probes Portal	DOI:10.1016/j.ejmech.2023.116038	bi-8668	https://www.chemicalprobes.org/
BLSNYSFLZAWBIV-SFHVURJKSA-N	Q93009	inhibitor			65	nM	binding	SPR				Chemical Probes Portal	DOI:10.1038/nature24451	ft671	https://www.chemicalprobes.org/
BLSNYSFLZAWBIV-SFHVURJKSA-N	Q93009	inhibitor			52	nM	biochemical	In vitro USP7 activity assay (FRET)				Chemical Probes Portal	DOI:10.1038/nature24451	ft671	https://www.chemicalprobes.org/
BLSNYSFLZAWBIV-SFHVURJKSA-N	Q93009	inhibitor	IC50		33	nM	cell	CellTiter-Glo assay (cell proliferation)				Chemical Probes Portal	DOI:10.1038/nature24451	ft671	https://www.chemicalprobes.org/
BLSNYSFLZAWBIV-SFHVURJKSA-N	Q93009	inhibitor	% inhibition	>=	0.1	uM	cell	FT671 inhibited modification of USP7 with the ubiquitin active site covalent inhibitor haemagglutinin (HA)-tagged ubiquitin bromoethyl (HA–UbC2Br) compound in immunoblot | 0.1 - 2 µM				Chemical Probes Portal	DOI:10.1038/nature24451	ft671	https://www.chemicalprobes.org/
BLSNYSFLZAWBIV-SFHVURJKSA-N	Q93009	inhibitor	% inhibition		1	uM	cell	p53 stabilization and p21 induction in immunoblot in wild-type cells, but not USP7(Q297A) or USP7(F291N) mutant cells				Chemical Probes Portal	DOI:10.1038/nature24451	ft671	https://www.chemicalprobes.org/
QGPXEIMWTKWHMH-DEOSSOPVSA-N	P20292	inhibitor			1.7	nM	biochemical	FLAP binding assay				Chemical Probes Portal	DOI:10.1021/jm501185j	bi665915	https://www.chemicalprobes.org/
QGPXEIMWTKWHMH-DEOSSOPVSA-N	P20292	inhibitor	IC50		45	nM	cell	FLAP functional inhibition of human whole blood				Chemical Probes Portal	DOI:10.1021/jm501185j	bi665915	https://www.chemicalprobes.org/
AAHNBILIYONQLX-UHFFFAOYSA-N	P49768	modulator	IC50		31	nM	cell	A-beta 42 inhibition assay				Chemical Probes Portal	DOI:10.1016/j.bmcl.2015.06.032	gsm1	https://www.chemicalprobes.org/
AAHNBILIYONQLX-UHFFFAOYSA-N	P49768	modulator	IC50		131	nM	cell	A-Beta 40 inhibition assay				Chemical Probes Portal	DOI:10.1016/j.bmcl.2015.06.032	gsm1	https://www.chemicalprobes.org/
FRPJGTNLZNXQEX-UHFFFAOYSA-N	P21917	agonist		>=	46.8	nM	binding	Radioligand-binding affinity for the dopamine receptor agonists using [3H]-A-369508 and membrane preparations expressing the human D4 variants (hDRD4.2: Ki=57.5 nM; hDRD4.4: Ki=63.6 nM; hDRD4.7: Ki= 46.8 nM) | 46.8 - 63.6 nM				Chemical Probes Portal	ABT-724	abt-724	https://www.chemicalprobes.org/
FRPJGTNLZNXQEX-UHFFFAOYSA-N	P21917	agonist	EC50		12.5	nM	cell	Efficacy of 61% compared to Dopamine in cellular FLIPR assay				Chemical Probes Portal	ABT-724	abt-724	https://www.chemicalprobes.org/
WDZVWDXOIGQJIO-UHFFFAOYSA-N	P49768	inhibitor			0.65	nM	biochemical	CHAPSO-solubilized SH-SY5Y neuroblastoma P2 cell membranes				Chemical Probes Portal	MRK-560	mrk-560	https://www.chemicalprobes.org/
WDZVWDXOIGQJIO-UHFFFAOYSA-N	P49768	inhibitor	IC50		0.5	nM	cell	Aβ42 inhibition assay				Chemical Probes Portal	MRK-560	mrk-560	https://www.chemicalprobes.org/
WDZVWDXOIGQJIO-UHFFFAOYSA-N	P49768	inhibitor	IC50		0.5	nM	cell	Aβ40 inhibition assay				Chemical Probes Portal	MRK-560	mrk-560	https://www.chemicalprobes.org/
LWJGMYMNSNVCEM-UHFFFAOYSA-N	P43116	antagonist			5	nM	biochemical	Inhibition of binding to PTGER2				Chemical Probes Portal	DOI:10.1111/j.1476-5381.2011.01495.x	pf-04418948	https://www.chemicalprobes.org/
LWJGMYMNSNVCEM-UHFFFAOYSA-N	P43116	antagonist		=	5.4	nM	cell	Functional native assay: human myometrium 5.4 nM; Dog bronchiole 2.5 nM, mouse trachea 1.3 nM KB				Chemical Probes Portal	DOI:10.1111/j.1476-5381.2011.01495.x	pf-04418948	https://www.chemicalprobes.org/
BEBDKSYNJJVZSO-SECBINFHSA-N	Q12879	modulator	EC50		510	nM	cell	"Ca2+ influx assay using CHO cells.
Max. potentiation at 30 µM: 350 %"				Chemical Probes Portal	DOI:10.1016/j.bmc.2021.116576	tp-050	https://www.chemicalprobes.org/
SWOIFXHMBKFCRM-UHFFFAOYSA-N	P48730	inhibitor			6.1	nM	biochemical	Reaction biology assay at 10 mM ATP				Chemical Probes Portal	DOI:10.1002/anie.202217532	mu1742	https://www.chemicalprobes.org/
SWOIFXHMBKFCRM-UHFFFAOYSA-N	P48730	inhibitor	EC50		47	nM	cell	NanoBRET | 47 ± 6.9 nM				Chemical Probes Portal	DOI:10.1002/anie.202217532	mu1742	https://www.chemicalprobes.org/
SWOIFXHMBKFCRM-UHFFFAOYSA-N	P48730	inhibitor	IC50		500	nM	cell	Autophosphorylation inhibition assay using CK1 delta and epsilon KO cell lines, respectively				Chemical Probes Portal	DOI:10.1002/anie.202217532	mu1742	https://www.chemicalprobes.org/
SWOIFXHMBKFCRM-UHFFFAOYSA-N	P49674	inhibitor			27.7	nM	biochemical	Reaction biology assay at 10 mM ATP				Chemical Probes Portal	DOI:10.1002/anie.202217532	mu1742	https://www.chemicalprobes.org/
SWOIFXHMBKFCRM-UHFFFAOYSA-N	P49674	inhibitor	IC50		220	nM	cell	NanoBRET | 220 ± 14 nM				Chemical Probes Portal	DOI:10.1002/anie.202217532	mu1742	https://www.chemicalprobes.org/
FOECKIWHCOYYFL-UHFFFAOYSA-N	Q15391	antagonist			0.5	nM	biochemical	FLIPR assay				Chemical Probes Portal	DOI:10.1016/j.bmcl.2010.12.113	pptn	https://www.chemicalprobes.org/
FOECKIWHCOYYFL-UHFFFAOYSA-N	Q15391	antagonist			2.3	nM	biochemical	Binding assay (no HSA)				Chemical Probes Portal	DOI:10.1016/j.bmcl.2010.12.113	pptn	https://www.chemicalprobes.org/
FOECKIWHCOYYFL-UHFFFAOYSA-N	Q15391	antagonist			35	nM	biochemical	Binding assay with 2% HSA				Chemical Probes Portal	DOI:10.1016/j.bmcl.2010.12.113	pptn	https://www.chemicalprobes.org/
FOECKIWHCOYYFL-UHFFFAOYSA-N	Q15391	antagonist	IC50	>	20	uM	cell	NanoBRET (SGC Frankfurt) (Indirect assessment via MAPK14)				Chemical Probes Portal	DOI:10.1016/j.bmcl.2010.12.113	pptn	https://www.chemicalprobes.org/
UNSHMXUHOHBLIQ-UHFFFAOYSA-N	P54687	inhibitor			27	nM	biochemical	Biochemical Assay				Chemical Probes Portal	DOI:10.1021/acs.jmedchem.2c00441	bay-069	https://www.chemicalprobes.org/
UNSHMXUHOHBLIQ-UHFFFAOYSA-N	P54687	inhibitor	IC50		358	nM	cell	Cellular mechanistic assay – BCAA measurement: U-87-MG (high BCAT1 expression) cells				Chemical Probes Portal	DOI:10.1021/acs.jmedchem.2c00441	bay-069	https://www.chemicalprobes.org/
UNSHMXUHOHBLIQ-UHFFFAOYSA-N	O15382	inhibitor			130	nM	biochemical	Biochemical Assay				Chemical Probes Portal	DOI:10.1021/acs.jmedchem.2c00441	bay-069	https://www.chemicalprobes.org/
UNSHMXUHOHBLIQ-UHFFFAOYSA-N	O15382	inhibitor	IC50		874	nM	cell	Cellular mechanistic assay – BCAA measurement in MDA-MB-231 (high BCAT2 expression) cells				Chemical Probes Portal	DOI:10.1021/acs.jmedchem.2c00441	bay-069	https://www.chemicalprobes.org/
ZGBAPSHWPBXEKN-OPHFCASCSA-N	P39900	inhibitor			0.085	nM	biochemical	Biochemical assay				Chemical Probes Portal	BAY-7598	bay-7598	https://www.chemicalprobes.org/
ZGBAPSHWPBXEKN-OPHFCASCSA-N	P39900	inhibitor			0.004	nM	binding	Biophysical assay (SPR biosensor-based assay)				Chemical Probes Portal	BAY-7598	bay-7598	https://www.chemicalprobes.org/
ZGBAPSHWPBXEKN-OPHFCASCSA-N	P39900	inhibitor					cell	N/A extracellular function				Chemical Probes Portal	BAY-7598	bay-7598	https://www.chemicalprobes.org/
QVIWDCUKIZPUBD-WLRWWHNQSA-N	P06576	inhibitor			20	nM	biochemical	"Enzyme-coupled ATPase assay.
The assay buffer consisted of 60 mM Tris–acetate pH 7.8, 1 mM MgCl2, 2.5 mM phosphoenolpyruvate and 1 mM KCN. The working solution was prepared at 2× for a final concertation of 0.4 mM NADH; 3 U ml−1 of pyruvate kinase + 4.5 U ml−1 lactate dehydrogenase (Sigma P0294); ± 10 μM FCCP. Unless otherwise specified, ATP was added as a 4× solution at 200 μM. Absorbance was monitored at 340 nm using a SpectraMax Plus 384 plate reader (Molecular Devices) set at 25 °C using Softmax Pro v.4.3 acquisition software. Fifty microliters of enzyme [purified yeast FoF1 ATP synthase] was added to 100 μl of working solution and monitored for 2 min, 50 μl of ATP was then added for a final volume of 200 μl and absorbance was monitored over 10 min."				Chemical Probes Portal	DOI:10.1038/s41589-021-00900-9	ammocidin-a	https://www.chemicalprobes.org/
QVIWDCUKIZPUBD-WLRWWHNQSA-N	P06576	inhibitor	EC50		1.7	nM	cell	"MTT viability assay. 

The 3-(4,5-dimethylthiazol-2-yl)-2,5-diphenyltetrazolium bromide (MTT) assay protocol was adapted from Deguire et al.19 Briefly, 100 μl of suspension cells at 100,000 cells ml−1 were added to wells of a microtiter plate precoated with 0.5 μl of test compound at 200× in dimethylsulfoxide and incubated for 48–72 h (as noted). MTT reagent was dissolved in fresh media at 1 mg ml−1 and 100 μl was added to each well to achieve a final concentration of 0.5 mg ml−1 and incubated for 2 h at 37 °C. Cells were centrifuged at 800g for 5 min and decanted. MTT crystals were redissolved in 100 μl of dimethylsulfoxide, allowed to incubate for 5 min at room temperature, and read at 560 nm using a SpectraMax plus 384 plate reader (Molecular Devices). Absorbance values were normalized by background subtraction (wells without cells) such that vehicle-treated cells had a viability of 1.0. Concentration–response curves were fit using the DRC R package with a four-parameter log-logistic function. Statistical testing of differences between concentration–response curves was carried out using the EDcomp function with default parameters for comparison of half maximal inhibitory concentration values and the paramcomp function for comparison of other parameters."				Chemical Probes Portal	DOI:10.1038/s41589-021-00900-9	ammocidin-a	https://www.chemicalprobes.org/
XFYUTGIEFKGWND-NRFANRHFSA-N	Q08881	inhibitor			0.7	nM	biochemical	Biochemical Assay				Chemical Probes Portal	GNE-9822	gne-9822	https://www.chemicalprobes.org/
XFYUTGIEFKGWND-NRFANRHFSA-N	Q08881	inhibitor	IC50		55	nM	cell	PLCγ Cellular Assay				Chemical Probes Portal	GNE-9822	gne-9822	https://www.chemicalprobes.org/
KIWKRCCIHSGWQS-VIFPVBQESA-N	P09936	covalent inhibitor			320	nM	biochemical	"UCHL1 inhibition assay with Ub-Rho-morpholine as substrate
Kinetic profile: kinact = 0.01382 1/s; KI(app) = 164 µM; kinact/KI = 84 * 1/(M*s)"				Chemical Probes Portal	DOI:10.1021/jacs.0c07726	8rk64	https://www.chemicalprobes.org/
KIWKRCCIHSGWQS-VIFPVBQESA-N	P09936	covalent inhibitor					cell	ABPP assay: Full inhibition at a concentration of 3 μM (1h, 37°C).				Chemical Probes Portal	DOI:10.1021/jacs.0c07726	8rk64	https://www.chemicalprobes.org/
OMZCMEYTWSXEPZ-UHFFFAOYSA-N	P00533	covalent inhibitor			1.5	nM	biochemical	phosphorylation of a polyglutamic acid/tyrosine random copolymer by EGFR enzyme				Chemical Probes Portal	Canertinib	canertinib	https://www.chemicalprobes.org/
OMZCMEYTWSXEPZ-UHFFFAOYSA-N	P00533	covalent inhibitor	IC50		7.4	nM	cell	Autophosphorylation Assay				Chemical Probes Portal	Canertinib	canertinib	https://www.chemicalprobes.org/
OMZCMEYTWSXEPZ-UHFFFAOYSA-N	P04626	covalent inhibitor	IC50		9	nM	cell	Autophosphorylation Assay				Chemical Probes Portal	Canertinib	canertinib	https://www.chemicalprobes.org/
BMLGZNVPWRUVNM-IBGZPJMESA-N	O14842	agonist	EC50		36	nM	cell	GPR40 aequorin assay				Chemical Probes Portal	AM-4668	am-4668	https://www.chemicalprobes.org/
BMLGZNVPWRUVNM-IBGZPJMESA-N	O14842	agonist	EC50		3.6	nM	cell	GPR40 IP3 assay				Chemical Probes Portal	AM-4668	am-4668	https://www.chemicalprobes.org/
DRIMIUYGTDAQOX-KRWDZBQOSA-N	Q13393	inhibitor			46	nM	biochemical	In vitro PLD activity assay				Chemical Probes Portal	DOI:10.1038/nchembio.140	vu69	https://www.chemicalprobes.org/
DRIMIUYGTDAQOX-KRWDZBQOSA-N	Q13393	inhibitor	IC50		11	nM	cell	mass spectrometric analysis of the levels of individual PtdBuOH-d9 species				Chemical Probes Portal	DOI:10.1038/nchembio.140	vu69	https://www.chemicalprobes.org/
LZSPYTNDRPEZBK-OXYJHPMESA-N	P32246	antagonist	IC50		3	nM	cell	CCR1 cellular Ca2+-flux assay				Chemical Probes Portal	BAY-3153	bay-3153	https://www.chemicalprobes.org/
FSELUFUYNUNZKD-UHFFFAOYSA-N	Q9NYV4	inhibitor			98	nM	biochemical	Binding affinity (DiscoverX)				Chemical Probes Portal	DOI:10.1016/j.ccell.2019.09.004	sr-4835	https://www.chemicalprobes.org/
FSELUFUYNUNZKD-UHFFFAOYSA-N	Q9NYV4	inhibitor			99	nM	biochemical	ADP-glo kinase assay | 99.0 ± 10.5 nM				Chemical Probes Portal	DOI:10.1016/j.ccell.2019.09.004	sr-4835	https://www.chemicalprobes.org/
FSELUFUYNUNZKD-UHFFFAOYSA-N	Q9NYV4	inhibitor	EC50		105.5	nM	cell	percentage of the ratio of pSer2 of Pol II CTD signal versus total Pol II CTD signal relative to DMSO control (In Cell Western) | 105.5 ± 5.50 nM				Chemical Probes Portal	DOI:10.1016/j.ccell.2019.09.004	sr-4835	https://www.chemicalprobes.org/
FSELUFUYNUNZKD-UHFFFAOYSA-N	Q9NYV4	inhibitor	EC50	>=	15	nM	cell	Anti-proliferative activity | 15-25 nM				Chemical Probes Portal	DOI:10.1016/j.ccell.2019.09.004	sr-4835	https://www.chemicalprobes.org/
FSELUFUYNUNZKD-UHFFFAOYSA-N	Q14004	inhibitor			4.9	nM	biochemical	Binding affinity (DiscoverX)				Chemical Probes Portal	DOI:10.1016/j.ccell.2019.09.004	sr-4835	https://www.chemicalprobes.org/
CYFBRQHYEQKYHH-MRXNPFEDSA-N	O60502	inhibitor			1.3	nM	biochemical	Fluorescence-based enzymatic assay.				Chemical Probes Portal	JNJ-65355394	jnj-65355394	https://www.chemicalprobes.org/
CYFBRQHYEQKYHH-MRXNPFEDSA-N	O60502	inhibitor			0.035	nM	biochemical	Time dependent inhibition: t = 0 (Ki = 1.1 nM); t = 15 min (Ki = 0.035 nM). Kinetic profile: kinact = 0.0036 1/min; kinact/Ki = 3.27 1/(µM*s).				Chemical Probes Portal	JNJ-65355394	jnj-65355394	https://www.chemicalprobes.org/
CYFBRQHYEQKYHH-MRXNPFEDSA-N	O60502	inhibitor	IC50		3.9	nM	cell	Cell-based OGA assay				Chemical Probes Portal	JNJ-65355394	jnj-65355394	https://www.chemicalprobes.org/
AESXAJXKMUNYJP-ZWFIUULVSA-N	P51681	antagonist			0.26	nM	binding	Radioligand displacement assay using CHO membranes				Chemical Probes Portal	DOI:10.1016/j.bmcl.2011.12.117	azd-5672	https://www.chemicalprobes.org/
AESXAJXKMUNYJP-ZWFIUULVSA-N	P51681	antagonist	IC50		0.69	nM	cell	inhibition of MIP-1beta-induced chemotaxis in allo T cells				Chemical Probes Portal	DOI:10.1016/j.bmcl.2011.12.117	azd-5672	https://www.chemicalprobes.org/
AESXAJXKMUNYJP-ZWFIUULVSA-N	P51681	antagonist	activity		0.76	nM	cell	Receptor internalization in human whole blood				Chemical Probes Portal	DOI:10.1016/j.bmcl.2011.12.117	azd-5672	https://www.chemicalprobes.org/
CSBKUBOVPUXFLO-MAVVKCOWSA-N	P10415	inhibitor			1.4	nM	biochemical	Time-resolved fluorescence energy transfer (TR-FRET)				Chemical Probes Portal	DOI:10.1126/scitranslmed.aaa4642	a-1211212	https://www.chemicalprobes.org/
CSBKUBOVPUXFLO-MAVVKCOWSA-N	P10415	inhibitor	EC50		6	nM	cell	CellTiter-Glo assays (10 % HS, 48 hr) in BCL2 dependent RS4;11 cells (EC50 > 5000 nM in BCL2L1 dependent H146 cells (10 % HS, 48 hr) and EC50 > 1000 nM in MCL1 dependent AMO-1 cells (10 % HS, 24 hr))				Chemical Probes Portal	DOI:10.1126/scitranslmed.aaa4642	a-1211212	https://www.chemicalprobes.org/
CLSNATLUIXZPMV-UHFFFAOYSA-N	Q99685	inhibitor			0.363	nM	biochemical	In competitive ABPP, JJKK-048 prevented TAMRA-fluorophosphonate (FP) labeling of the MAGL active site serine (S122).				Chemical Probes Portal	JJKK-048	jjkk-048	https://www.chemicalprobes.org/
CLSNATLUIXZPMV-UHFFFAOYSA-N	Q99685	inhibitor	% inhibition	~	60	%	cell	Inhibitory activity of JJKK-048 in intact HEK293 cells transiently overexpressing human MAGL (hMAGL) 1h experiment.				Chemical Probes Portal	JJKK-048	jjkk-048	https://www.chemicalprobes.org/
NTIFDLOQPKMIJK-AJTFRIOCSA-N	P32745	antagonist	IC50		0.66	nM	cell	In Vitro SSTR assay in CHO transfected cells				Chemical Probes Portal	DOI:10.1021/ml300063m	mk-4256	https://www.chemicalprobes.org/
NTIFDLOQPKMIJK-AJTFRIOCSA-N	P32745	antagonist	IC50		0.95	nM	cell	functional cAMP antagonism assay				Chemical Probes Portal	DOI:10.1021/ml300063m	mk-4256	https://www.chemicalprobes.org/
NTIFDLOQPKMIJK-AJTFRIOCSA-N	P32745	antagonist	% inhibition		83	%	cell	functional cAMP antagonism				Chemical Probes Portal	DOI:10.1021/ml300063m	mk-4256	https://www.chemicalprobes.org/
VERWOWGGCGHDQE-UHFFFAOYSA-N	Q9UM73	inhibitor			0.2	nM	biochemical	Enzymatic Inhibition assay (LabChip mobility-shift assay)				Chemical Probes Portal	Ceritinib	ceritinib	https://www.chemicalprobes.org/
VERWOWGGCGHDQE-UHFFFAOYSA-N	Q9UM73	inhibitor	IC50		26	nM	cell	Cell Proliferation Assay				Chemical Probes Portal	Ceritinib	ceritinib	https://www.chemicalprobes.org/
VERWOWGGCGHDQE-UHFFFAOYSA-N	Q9UM73	inhibitor	IC50		22.8	nM	cell	Bright-Glo luciferase assay				Chemical Probes Portal	Ceritinib	ceritinib	https://www.chemicalprobes.org/
NRJKIOCCERLIDG-GOSISDBHSA-N	P33981	inhibitor			1.7	nM	biochemical	HTRF-based MPS1 assay with an ATP concentration of 2 mM				Chemical Probes Portal	Empesertib	empesertib	https://www.chemicalprobes.org/
NRJKIOCCERLIDG-GOSISDBHSA-N	P33981	inhibitor	IC50		53	nM	cell	SAC assay: inhibition of the spindle assembly checkpoint was assessed in a high content assay by p-histone H3 staining.				Chemical Probes Portal	Empesertib	empesertib	https://www.chemicalprobes.org/
NRJKIOCCERLIDG-GOSISDBHSA-N	P33981	inhibitor	IC50		260	nM	cell	Inhibition Cell Proliferation Assay				Chemical Probes Portal	Empesertib	empesertib	https://www.chemicalprobes.org/
BRJXJOWXAFLRTE-OAQYLSRUSA-N	P46092	antagonist	IC50		1	nM	cell	BI-6901 inhibits the CCL27 dependent Ca2+ flux in CHO-K cells stably transfected with human CCR10 and aequorin with a pIC50 of 9.0				Chemical Probes Portal	DOI:10.1016/j.bmcl.2016.09.047	bi-6901	https://www.chemicalprobes.org/
XOQVZSSDIQQUGO-UHFFFAOYSA-N	P21802	covalent inhibitor			3	nM	biochemical	Biochemical Assay				Chemical Probes Portal	DOI:10.1158/2159-8290.CD-23-0475	lirafugratinib	https://www.chemicalprobes.org/
XOQVZSSDIQQUGO-UHFFFAOYSA-N	P21802	covalent inhibitor	IC50		6	nM	cell	Phospho-FGFR2 (Tyr653/654) Cellular HTRF detected via Western Blot				Chemical Probes Portal	DOI:10.1158/2159-8290.CD-23-0475	lirafugratinib	https://www.chemicalprobes.org/
XOQVZSSDIQQUGO-UHFFFAOYSA-N	P21802	covalent inhibitor	IC50		3	nM	cell	Phospho-ERK (Thr202/Tyr204) Cellular HTRF detected via Western Blot				Chemical Probes Portal	DOI:10.1158/2159-8290.CD-23-0475	lirafugratinib	https://www.chemicalprobes.org/
XOQVZSSDIQQUGO-UHFFFAOYSA-N	P21802	covalent inhibitor					cell	RLY-4008 concentration-dependent modification rate against FGFR2 (red) and FGFR1 (blue). RLY-4008 against FGFR2: kinact = 6.45*10-2 per second; KI = 1.87 uM; kinact/KI = 3.45*10-2 per second/(uM). RLY-4008 against FGFR1: kinact = 2.33*10-3 per second; KI = 6.14 uM; kinact/KI = 3.79*10-4 per second/(uM).				Chemical Probes Portal	DOI:10.1158/2159-8290.CD-23-0475	lirafugratinib	https://www.chemicalprobes.org/
URWYQGVSPQJGGB-DHUJRADRSA-N	P08172	antagonist			1.4	nM	binding	competition radioligand binding studies at human recombinant receptors				Chemical Probes Portal	DOI:10.1021/jm501915g	batefenterol	https://www.chemicalprobes.org/
URWYQGVSPQJGGB-DHUJRADRSA-N	P20309	antagonist			1.3	nM	binding	competition radioligand binding studies at human recombinant receptors				Chemical Probes Portal	DOI:10.1021/jm501915g	batefenterol	https://www.chemicalprobes.org/
URWYQGVSPQJGGB-DHUJRADRSA-N	P07550	antagonist			3.7	nM	binding	competition radioligand binding studies at human recombinant receptors				Chemical Probes Portal	DOI:10.1021/jm501915g	batefenterol	https://www.chemicalprobes.org/
URWYQGVSPQJGGB-DHUJRADRSA-N	P07550	antagonist	EC50		0.29	nM	cell	Inhibition of oxotremorine-induced calcium mobilization in FLIPR				Chemical Probes Portal	DOI:10.1021/jm501915g	batefenterol	https://www.chemicalprobes.org/
HDZWHJYZJWLTAG-UHFFFAOYSA-N	P55055	inverse agonist			214	nM	biochemical	Co-Transfection Assay				Chemical Probes Portal	SR9238	sr9238	https://www.chemicalprobes.org/
HDZWHJYZJWLTAG-UHFFFAOYSA-N	P55055	inverse agonist					cell	Co-transfected LXR responsive luciferase reporter assay				Chemical Probes Portal	SR9238	sr9238	https://www.chemicalprobes.org/
HDZWHJYZJWLTAG-UHFFFAOYSA-N	Q13133	inverse agonist			43	nM	biochemical	Co-Transfection Assay				Chemical Probes Portal	SR9238	sr9238	https://www.chemicalprobes.org/
HDZWHJYZJWLTAG-UHFFFAOYSA-N	Q13133	inverse agonist					cell	Co-transfected LXR responsive luciferase reporter assay				Chemical Probes Portal	SR9238	sr9238	https://www.chemicalprobes.org/
BJXYHBKEQFQVES-NWDGAFQWSA-N	Q9NYK1	inhibitor	IC50		11.1	nM	cell	Inhibition in NF-κB-luciferase reporter cells				Chemical Probes Portal	DOI:10.1124/jpet.120.000275	m5049	https://www.chemicalprobes.org/
BJXYHBKEQFQVES-NWDGAFQWSA-N	Q9NYK1	inhibitor	IC50		68.3	nM	cell	AlphaLISA determination of IL-6				Chemical Probes Portal	DOI:10.1124/jpet.120.000275	m5049	https://www.chemicalprobes.org/
BJXYHBKEQFQVES-NWDGAFQWSA-N	Q9NR97	inhibitor					biochemical					Chemical Probes Portal	DOI:10.1124/jpet.120.000275	m5049	https://www.chemicalprobes.org/
BJXYHBKEQFQVES-NWDGAFQWSA-N	Q9NR97	inhibitor	IC50		24.1	nM	cell	Inhibition in NF-κB-luciferase reporter cells				Chemical Probes Portal	DOI:10.1124/jpet.120.000275	m5049	https://www.chemicalprobes.org/
BJXYHBKEQFQVES-NWDGAFQWSA-N	Q9NR97	inhibitor	IC50		620	nM	cell	AlphaLISA determination of IL-6				Chemical Probes Portal	DOI:10.1124/jpet.120.000275	m5049	https://www.chemicalprobes.org/
BXKNUXDLZJPPBO-UHFFFAOYSA-N	P33981	inhibitor			3	nM	biochemical	Biochemical Assay				Chemical Probes Portal	DOI:10.1021/jm401395s	cct251455	https://www.chemicalprobes.org/
BXKNUXDLZJPPBO-UHFFFAOYSA-N	P33981	inhibitor	IC50		43	nM	cell	P-MPS1				Chemical Probes Portal	DOI:10.1021/jm401395s	cct251455	https://www.chemicalprobes.org/
BXKNUXDLZJPPBO-UHFFFAOYSA-N	P33981	inhibitor	GI50		160	nM	cell	Cell proliferation assay				Chemical Probes Portal	DOI:10.1021/jm401395s	cct251455	https://www.chemicalprobes.org/
WCPXAGKUVIPMIY-TZQLILQPSA-N	P42336	inhibitor			12	nM	biochemical	Biochemical PI3K assay				Chemical Probes Portal	DOI:10.1021/acs.jmedchem.2c00267	nvp-crl457	https://www.chemicalprobes.org/
WCPXAGKUVIPMIY-TZQLILQPSA-N	P42336	inhibitor	IC50		42	nM	cell	Cellular PI3K Assays in RAT1 Cells				Chemical Probes Portal	DOI:10.1021/acs.jmedchem.2c00267	nvp-crl457	https://www.chemicalprobes.org/
WCPXAGKUVIPMIY-TZQLILQPSA-N	P42338	inhibitor			8.3	nM	biochemical	Biochemical PI3K assay				Chemical Probes Portal	DOI:10.1021/acs.jmedchem.2c00267	nvp-crl457	https://www.chemicalprobes.org/
WCPXAGKUVIPMIY-TZQLILQPSA-N	P42338	inhibitor	IC50		65	nM	cell	Cellular PI3K Assays in RAT1 Cells				Chemical Probes Portal	DOI:10.1021/acs.jmedchem.2c00267	nvp-crl457	https://www.chemicalprobes.org/
WCPXAGKUVIPMIY-TZQLILQPSA-N	P48736	inhibitor			8.3	nM	biochemical	Biochemical PI3K assay				Chemical Probes Portal	DOI:10.1021/acs.jmedchem.2c00267	nvp-crl457	https://www.chemicalprobes.org/
WCPXAGKUVIPMIY-TZQLILQPSA-N	P48736	inhibitor	IC50		26	nM	cell	Cellular PI3K Assays in RAT1 Cells				Chemical Probes Portal	DOI:10.1021/acs.jmedchem.2c00267	nvp-crl457	https://www.chemicalprobes.org/
VHSIAYLBCLUAFT-UHFFFAOYSA-N	P21554	inverse agonist			7.5	nM	binding	Radioligand Binding Assay (CNR1)				Chemical Probes Portal	DOI:10.1016/j.bmcl.2005.10.028	naphthyridinone	https://www.chemicalprobes.org/
VHSIAYLBCLUAFT-UHFFFAOYSA-N	P21554	inverse agonist	EC50		4.9	nM	cell	Functional activation assay in recombinant hCNR1 CHO cells				Chemical Probes Portal	DOI:10.1016/j.bmcl.2005.10.028	naphthyridinone	https://www.chemicalprobes.org/
AZXOTZCWQDJCLY-SJCJKPOMSA-N	P37288	antagonist			0.5	nM	biochemical	Binding assay				Chemical Probes Portal	DOI:10.1097/FJC.0000000000000677	pecavaptan	https://www.chemicalprobes.org/
AZXOTZCWQDJCLY-SJCJKPOMSA-N	P37288	antagonist	IC50		3.6	nM	cell	Cell-based assay with bioluminescence detection				Chemical Probes Portal	DOI:10.1097/FJC.0000000000000677	pecavaptan	https://www.chemicalprobes.org/
AZXOTZCWQDJCLY-SJCJKPOMSA-N	P30518	antagonist			0.5	nM	biochemical	Binding assay				Chemical Probes Portal	DOI:10.1097/FJC.0000000000000677	pecavaptan	https://www.chemicalprobes.org/
AZXOTZCWQDJCLY-SJCJKPOMSA-N	P30518	antagonist	IC50		1.7	nM	cell	Cell-based assay with bioluminescence detection				Chemical Probes Portal	DOI:10.1097/FJC.0000000000000677	pecavaptan	https://www.chemicalprobes.org/
APLVGTKXOIMODQ-IBGZPJMESA-N	P51531	inhibitor			13.8	nM	biochemical	ATPase catalytic activity using ADP-Glo™ detection | 13.8 ± 3.3 nM				Chemical Probes Portal	FHT-2344	fht-2344	https://www.chemicalprobes.org/
APLVGTKXOIMODQ-IBGZPJMESA-N	P51531	inhibitor	IC50		29.8	nM	cell	Luciferase reporter assay				Chemical Probes Portal	FHT-2344	fht-2344	https://www.chemicalprobes.org/
APLVGTKXOIMODQ-IBGZPJMESA-N	P51532	inhibitor			26.1	nM	biochemical	ATPase catalytic activity using ADP-Glo™ detection | 26.1 ± 7.3 nM				Chemical Probes Portal	FHT-2344	fht-2344	https://www.chemicalprobes.org/
APLVGTKXOIMODQ-IBGZPJMESA-N	P51532	inhibitor	IC50		30.2	nM	cell	Luciferase reporter assay				Chemical Probes Portal	FHT-2344	fht-2344	https://www.chemicalprobes.org/
MHMPZSOMHQSWEN-UHFFFAOYSA-N	Q13873	inhibitor			2.8	nM	biochemical	Kinase-Glo Assay using recombinant BMPR2				Chemical Probes Portal	DOI:10.1021/acs.jmedchem.2c01886	cdd-1653	https://www.chemicalprobes.org/
MHMPZSOMHQSWEN-UHFFFAOYSA-N	Q13873	inhibitor	IC50		6920	nM	cell	Inhibition of BMP-stimulated luciferase transactivation in HEK293T BMP reporter (293T BRE-R) cells treated with 5 ng/mL BMP2 for 6 h				Chemical Probes Portal	DOI:10.1021/acs.jmedchem.2c01886	cdd-1653	https://www.chemicalprobes.org/
MHMPZSOMHQSWEN-UHFFFAOYSA-N	Q13873	inhibitor	activity		25	uM	cell	cells were pretreated with 25 μM CDD-1653 for 30 min followed by stimulation with 5 ng/mL BMP2 for 15 min. as used to detect phosphorylated SMAD1/5.				Chemical Probes Portal	DOI:10.1021/acs.jmedchem.2c01886	cdd-1653	https://www.chemicalprobes.org/
MHMPZSOMHQSWEN-UHFFFAOYSA-N	Q13873	inhibitor			25	uM	cell	Cells were pretreated with 25 μM CDD-1653 followed by stimulation with 0.5 ng/mL BMP9 for 15 min. Western blot detection of phosphorylated SMAD1/5 (pSMAD1/5)				Chemical Probes Portal	DOI:10.1021/acs.jmedchem.2c01886	cdd-1653	https://www.chemicalprobes.org/
WGYWHJPQFQGLOQ-UHFFFAOYSA-N	Q9UQ88	inhibitor			10	nM	biochemical	In Vitro Kinase Assay assessing phosphorylation of Ser2 and Ser5 of RNAPII CTD				Chemical Probes Portal	DOI:10.1038/s41586-022-05204-z	ots964	https://www.chemicalprobes.org/
WGYWHJPQFQGLOQ-UHFFFAOYSA-N	Q9UQ88	inhibitor	IC50		102	nM	cell	NanoBRET with CFK11 + cyclin L2				Chemical Probes Portal	DOI:10.1038/s41586-022-05204-z	ots964	https://www.chemicalprobes.org/
WGYWHJPQFQGLOQ-UHFFFAOYSA-N	Q9UQ88	inhibitor	IC50	>=	30	nM	cell	RNAPII-CTD phosphorylation at Tyr1, Ser2, Thr4, Ser5 and Ser7 after 2 h to 4 h. | 30-100 nM				Chemical Probes Portal	DOI:10.1038/s41586-022-05204-z	ots964	https://www.chemicalprobes.org/
WGYWHJPQFQGLOQ-UHFFFAOYSA-N	Q9UQ88	inhibitor	IC50		9.1	nM	cell	Sulforhodamine B growth assays in WT HCT116 cells treated with increasing concentrations of OTS964.				Chemical Probes Portal	DOI:10.1038/s41586-022-05204-z	ots964	https://www.chemicalprobes.org/
TXIYVFVMXNFNRX-UHFFFAOYSA-N	Q8N5S9	inhibitor			12	%	biochemical	KINOMEscan assay at 1 µM				Chemical Probes Portal	DOI:10.3390/cells12020287	sgc-camkk2-1	https://www.chemicalprobes.org/
TXIYVFVMXNFNRX-UHFFFAOYSA-N	Q96RR4	inhibitor			30	nM	biochemical	Biochemical Assay				Chemical Probes Portal	DOI:10.3390/cells12020287	sgc-camkk2-1	https://www.chemicalprobes.org/
TXIYVFVMXNFNRX-UHFFFAOYSA-N	Q96RR4	inhibitor	IC50		1603	nM	cell	C4-2 cells (a prostate cancer cell line). Expression levels of CaMKK2, p-AMPK and AMPK were measured by Western Blot				Chemical Probes Portal	DOI:10.3390/cells12020287	sgc-camkk2-1	https://www.chemicalprobes.org/
MAHFVAHPQSLLJF-IBGZPJMESA-N	Q13546	inhibitor			3.9	nM	biochemical	Human RIPK1 in cell free assay				Chemical Probes Portal	DOI:10.1021/acs.jmedchem.7b01647	tp-030-1	https://www.chemicalprobes.org/
MAHFVAHPQSLLJF-IBGZPJMESA-N	Q13546	inhibitor	IC50		18	nM	cell	HT29 necroptosis				Chemical Probes Portal	DOI:10.1021/acs.jmedchem.7b01647	tp-030-1	https://www.chemicalprobes.org/
BNYXRPMABDQJJR-UHFFFAOYSA-N	O94768	inhibitor			34	nM	biochemical	KinaseSeeker Split Luciferase Assay				Chemical Probes Portal	DOI:10.1021/acs.jmedchem.0c01174	sgc-stk17b-1	https://www.chemicalprobes.org/
BNYXRPMABDQJJR-UHFFFAOYSA-N	O94768	inhibitor	IC50		190	nM	cell	NanoBRET				Chemical Probes Portal	DOI:10.1021/acs.jmedchem.0c01174	sgc-stk17b-1	https://www.chemicalprobes.org/
PIJSEUOSRTYUJM-UHFFFAOYSA-N	Q9Y6E0	inhibitor			10.6	degC	binding	DSF | 10.6 ± 0.1 °C				Chemical Probes Portal	DOI:10.1021/acs.jmedchem.3c02217	mr24	https://www.chemicalprobes.org/
PIJSEUOSRTYUJM-UHFFFAOYSA-N	Q9Y6E0	inhibitor			81	nM	binding	NanoBRET lysed mode				Chemical Probes Portal	DOI:10.1021/acs.jmedchem.3c02217	mr24	https://www.chemicalprobes.org/
PIJSEUOSRTYUJM-UHFFFAOYSA-N	Q9Y6E0	inhibitor	EC50		57	nM	cell	NanoBRET | 57 ± 44 nM				Chemical Probes Portal	DOI:10.1021/acs.jmedchem.3c02217	mr24	https://www.chemicalprobes.org/
PIJSEUOSRTYUJM-UHFFFAOYSA-N	Q9P289	inhibitor			8.1	degC	binding	DSF | 8.1 ± 0.1 °C				Chemical Probes Portal	DOI:10.1021/acs.jmedchem.3c02217	mr24	https://www.chemicalprobes.org/
PIJSEUOSRTYUJM-UHFFFAOYSA-N	Q9P289	inhibitor	EC50		583	nM	cell	NanoBRET | 583 ± 210 nM				Chemical Probes Portal	DOI:10.1021/acs.jmedchem.3c02217	mr24	https://www.chemicalprobes.org/
UCBIQZUJJSVQHL-UHFFFAOYSA-N	Q2M2I8	inhibitor			9.1	nM	biochemical	TR-FRET binding assays				Chemical Probes Portal	DOI:10.1021/acsmedchemlett.9b00399	sgc-aak1-1	https://www.chemicalprobes.org/
UCBIQZUJJSVQHL-UHFFFAOYSA-N	Q2M2I8	inhibitor	IC50		770	nM	cell	Nanobret				Chemical Probes Portal	DOI:10.1021/acsmedchemlett.9b00399	sgc-aak1-1	https://www.chemicalprobes.org/
UCBIQZUJJSVQHL-UHFFFAOYSA-N	Q9NSY1	inhibitor			17	nM	biochemical	TR-FRET binding assays				Chemical Probes Portal	DOI:10.1021/acsmedchemlett.9b00399	sgc-aak1-1	https://www.chemicalprobes.org/
UCBIQZUJJSVQHL-UHFFFAOYSA-N	Q9NSY1	inhibitor	IC50		2800	nM	cell	Nanobret				Chemical Probes Portal	DOI:10.1021/acsmedchemlett.9b00399	sgc-aak1-1	https://www.chemicalprobes.org/
WBFJDKLBAAHKIL-UHFFFAOYSA-N	Q96SB4	inhibitor			2.7	nM	biochemical	Biochemical activity assay performed at Reaction Biology				Chemical Probes Portal	DOI:10.1021/acs.jmedchem.2c01705	msc1186	https://www.chemicalprobes.org/
WBFJDKLBAAHKIL-UHFFFAOYSA-N	Q96SB4	inhibitor	IC50		98	nM	cell	NanoBRET assay on intact cells				Chemical Probes Portal	DOI:10.1021/acs.jmedchem.2c01705	msc1186	https://www.chemicalprobes.org/
WBFJDKLBAAHKIL-UHFFFAOYSA-N	Q96SB4	inhibitor	IC50		44	nM	cell	NanoBRET assay on cell lysate				Chemical Probes Portal	DOI:10.1021/acs.jmedchem.2c01705	msc1186	https://www.chemicalprobes.org/
WBFJDKLBAAHKIL-UHFFFAOYSA-N	P78362	inhibitor			81	nM	biochemical	biochemical activity assay performed at Reaction Biology				Chemical Probes Portal	DOI:10.1021/acs.jmedchem.2c01705	msc1186	https://www.chemicalprobes.org/
WBFJDKLBAAHKIL-UHFFFAOYSA-N	P78362	inhibitor			145	nM	binding	ITC				Chemical Probes Portal	DOI:10.1021/acs.jmedchem.2c01705	msc1186	https://www.chemicalprobes.org/
WBFJDKLBAAHKIL-UHFFFAOYSA-N	P78362	inhibitor	IC50		149	nM	cell	NanoBRET assay on cell lysate				Chemical Probes Portal	DOI:10.1021/acs.jmedchem.2c01705	msc1186	https://www.chemicalprobes.org/
WBFJDKLBAAHKIL-UHFFFAOYSA-N	Q9UPE1	inhibitor			0.59	nM	biochemical	biochemical activity assay performed at Reaction Biology				Chemical Probes Portal	DOI:10.1021/acs.jmedchem.2c01705	msc1186	https://www.chemicalprobes.org/
WBFJDKLBAAHKIL-UHFFFAOYSA-N	Q9UPE1	inhibitor	IC50		40	nM	cell	NanoBRET assay on intact cells				Chemical Probes Portal	DOI:10.1021/acs.jmedchem.2c01705	msc1186	https://www.chemicalprobes.org/
WBFJDKLBAAHKIL-UHFFFAOYSA-N	Q9UPE1	inhibitor	IC50		20	nM	cell	NanoBRET assay on cell lysate				Chemical Probes Portal	DOI:10.1021/acs.jmedchem.2c01705	msc1186	https://www.chemicalprobes.org/
DVIVLYHDLNAXAT-OAQYLSRUSA-N	P48426	inhibitor			1.3	nM	biochemical	ADP-Glo 10 uM ATP (low ATP)				Chemical Probes Portal	DOI:10.1021/acs.jmedchem.1c01245	bay-091	https://www.chemicalprobes.org/
DVIVLYHDLNAXAT-OAQYLSRUSA-N	P48426	inhibitor			2.6	nM	biochemical	ADP-Glo 250 uM ATP (high ATP)				Chemical Probes Portal	DOI:10.1021/acs.jmedchem.1c01245	bay-091	https://www.chemicalprobes.org/
DVIVLYHDLNAXAT-OAQYLSRUSA-N	P48426	inhibitor			8.5	nM	biochemical	Quantification of produced PI(4,5)P2 (Homogeneous Time Resolved Fluorescence (HTRF)) at 10 µM ATP				Chemical Probes Portal	DOI:10.1021/acs.jmedchem.1c01245	bay-091	https://www.chemicalprobes.org/
DVIVLYHDLNAXAT-OAQYLSRUSA-N	P48426	inhibitor			16.4	nM	biochemical	Quantification of produced PI(4,5)P2 (Homogeneous Time Resolved Fluorescence (HTRF)) at 2 mM ATP				Chemical Probes Portal	DOI:10.1021/acs.jmedchem.1c01245	bay-091	https://www.chemicalprobes.org/
DVIVLYHDLNAXAT-OAQYLSRUSA-N	P48426	inhibitor	IC50		8.5	nM	cell	Quantification of produced PI(4,5)P2 (Homogeneous Time-Resolved Fluorescence (HTRF)) at 10 uM ATP (low ATP)				Chemical Probes Portal	DOI:10.1021/acs.jmedchem.1c01245	bay-091	https://www.chemicalprobes.org/
DVIVLYHDLNAXAT-OAQYLSRUSA-N	P48426	inhibitor	IC50		16.4	nM	cell	Quantification of produced PI(4,5)P2 (Homogeneous Time-Resolved Fluorescence (HTRF)) at 2 mM ATP (high ATP)				Chemical Probes Portal	DOI:10.1021/acs.jmedchem.1c01245	bay-091	https://www.chemicalprobes.org/
HZRJHVDNTDBTOZ-QGZVFWFLSA-N	Q9UHD2	inhibitor			2	nM	biochemical	Low ATP-TR-FRET-based kinase activity inhibition assays using recombinant human enzymes.				Chemical Probes Portal	BAY-985	bay-985	https://www.chemicalprobes.org/
HZRJHVDNTDBTOZ-QGZVFWFLSA-N	Q9UHD2	inhibitor			18	nM	biochemical	High ATP-TR-FRET-based kinase activity inhibition assays using recombinant human enzymes.				Chemical Probes Portal	BAY-985	bay-985	https://www.chemicalprobes.org/
HZRJHVDNTDBTOZ-QGZVFWFLSA-N	Q9UHD2	inhibitor	IC50		312	nM	cell	"NanoBRET;
anti-proliferative activity; 
no activity in MDA-MB-231 xenograft."				Chemical Probes Portal	BAY-985	bay-985	https://www.chemicalprobes.org/
HZRJHVDNTDBTOZ-QGZVFWFLSA-N	Q14164	inhibitor			2	nM	biochemical	Low ATP- TR-FRET-based kinase activity inhibition assays using recombinant human enzymes.				Chemical Probes Portal	BAY-985	bay-985	https://www.chemicalprobes.org/
HZRJHVDNTDBTOZ-QGZVFWFLSA-N	Q14164	inhibitor	IC50		1735	nM	cell	"NanoBRET;
anti-proliferative activity; 
no activity in MDA-MB-231 xenograft."				Chemical Probes Portal	BAY-985	bay-985	https://www.chemicalprobes.org/
LHGUZCKPFXXVPV-GOSISDBHSA-N	Q15910	sam competitive inhibitor			0.24	nM	biochemical	PRC2 enzyme inhibition assay (Y641N-EZH2 IC50=0.5 nM)				Chemical Probes Portal	CPI-169	cpi-169	https://www.chemicalprobes.org/
LHGUZCKPFXXVPV-GOSISDBHSA-N	Q15910	sam competitive inhibitor	EC50		41	nM	cell	ELISA-based detection of inhibition of protein substrate (H3K27) methylation				Chemical Probes Portal	CPI-169	cpi-169	https://www.chemicalprobes.org/
LHGUZCKPFXXVPV-GOSISDBHSA-N	Q92800	sam competitive inhibitor			6.4	nM	biochemical	PRC2 enzyme inhibition assay				Chemical Probes Portal	CPI-169	cpi-169	https://www.chemicalprobes.org/
LHGUZCKPFXXVPV-GOSISDBHSA-N	Q92800	sam competitive inhibitor	EC50		41	nM	cell	ELISA-based detection of inhibition of protein substrate (H3K27) methylation				Chemical Probes Portal	CPI-169	cpi-169	https://www.chemicalprobes.org/
QKKIWEILHCXECO-UHFFFAOYSA-N	P80192	inhibitor			19	nM	biochemical	Kinase assay				Chemical Probes Portal	URMC-099	urmc-099	https://www.chemicalprobes.org/
QKKIWEILHCXECO-UHFFFAOYSA-N	P80192	inhibitor	IC50		0.51	uM	cell	TNFalpha release from microglia				Chemical Probes Portal	URMC-099	urmc-099	https://www.chemicalprobes.org/
QKKIWEILHCXECO-UHFFFAOYSA-N	Q02779	inhibitor			42	nM	biochemical	Kinase assay				Chemical Probes Portal	URMC-099	urmc-099	https://www.chemicalprobes.org/
QKKIWEILHCXECO-UHFFFAOYSA-N	Q02779	inhibitor	IC50		0.51	uM	cell	TNFalpha release from microglia				Chemical Probes Portal	URMC-099	urmc-099	https://www.chemicalprobes.org/
QKKIWEILHCXECO-UHFFFAOYSA-N	Q16584	inhibitor			14	nM	biochemical	Kinase assay				Chemical Probes Portal	URMC-099	urmc-099	https://www.chemicalprobes.org/
QKKIWEILHCXECO-UHFFFAOYSA-N	Q16584	inhibitor	IC50		0.51	uM	cell	TNFalpha release from microglia				Chemical Probes Portal	URMC-099	urmc-099	https://www.chemicalprobes.org/
KLGDKBPAEMOECW-UHFFFAOYSA-N	Q969S8	inhibitor			5	nM	biochemical	TR-FRET ligand displacement assay				Chemical Probes Portal	DOI:10.1021/jacs.2c05030	dkfz-748	https://www.chemicalprobes.org/
KLGDKBPAEMOECW-UHFFFAOYSA-N	Q969S8	inhibitor	IC50		22	nM	cell	BRET assay				Chemical Probes Portal	DOI:10.1021/jacs.2c05030	dkfz-748	https://www.chemicalprobes.org/
KLGDKBPAEMOECW-UHFFFAOYSA-N	Q969S8	inhibitor	Kd(app)		160	nM	cell	Chemoproteomic profiling of lysates from treated cells with an HDAC affinity matrix				Chemical Probes Portal	DOI:10.1021/jacs.2c05030	dkfz-748	https://www.chemicalprobes.org/
KLGDKBPAEMOECW-UHFFFAOYSA-N	Q969S8	inhibitor	EC50	>	50	uM	cell	Cell viability measured with CellTiterBlue shows that selective HDAC10 inhibition is not cytotoxic.				Chemical Probes Portal	DOI:10.1021/jacs.2c05030	dkfz-748	https://www.chemicalprobes.org/
KLGDKBPAEMOECW-UHFFFAOYSA-N	Q969S8	inhibitor	EC50	~	0.1	uM	cell	Targeted metabolomics quantification of N8-acetylspermidine and N1,8-diacetylspermidine accumulation upon treatment of BE(2)-C cells with DKFZ-748.				Chemical Probes Portal	DOI:10.1021/jacs.2c05030	dkfz-748	https://www.chemicalprobes.org/
KLGDKBPAEMOECW-UHFFFAOYSA-N	Q969S8	inhibitor	activity	~	5	uM	cell	HeLa cells treated with the ornithine decarboxylase inhibitor DFMO (5 mM) have inhibited growth. This is rescued by N8-acetylspermidine (50-100 uM). Treatment with DKFZ-748 nullifies the rescue and phenocopies HDAC10 knock out cell line responses.				Chemical Probes Portal	DOI:10.1021/jacs.2c05030	dkfz-748	https://www.chemicalprobes.org/
KIEQQZZDWUNUQK-UHFFFAOYSA-N	P26358	degrader/inhibitor			230	nM	biochemical	DNMT1 enzymatic inhibition (fluorescent coupled breaklight assay)				Chemical Probes Portal	GSK3484862	gsk3484862	https://www.chemicalprobes.org/
KIEQQZZDWUNUQK-UHFFFAOYSA-N	P26358	degrader/inhibitor	activity	<	1	uM	cell	DNA methylation assay				Chemical Probes Portal	GSK3484862	gsk3484862	https://www.chemicalprobes.org/
KIEQQZZDWUNUQK-UHFFFAOYSA-N	P26358	degrader/inhibitor					cell	Treatment of A549 cells with either 2 μM or 4 μM GSK2484862 for 24 h resulted in drastically reduced DNMT1 protein levels				Chemical Probes Portal	GSK3484862	gsk3484862	https://www.chemicalprobes.org/
HLHNFJNSQZZUNW-MAEOIBBWSA-N	Q8IVV7	inhibitor			80	nM	binding	SPR				Chemical Probes Portal	DOI:10.1038/s41589-024-01618-0	pfi-7	https://www.chemicalprobes.org/
HLHNFJNSQZZUNW-MAEOIBBWSA-N	Q8IVV7	inhibitor			4.1	uM	biochemical	FP assay				Chemical Probes Portal	DOI:10.1038/s41589-024-01618-0	pfi-7	https://www.chemicalprobes.org/
HLHNFJNSQZZUNW-MAEOIBBWSA-N	Q8IVV7	inhibitor	EC50		600	nM	cell	NanoBRET assay: interaction was between NanoLuc® tagged degrons and full-length GID4.​				Chemical Probes Portal	DOI:10.1038/s41589-024-01618-0	pfi-7	https://www.chemicalprobes.org/
GCWIQUVXWZWCLE-INIZCTEOSA-N	P25440	inhibitor			160	nM	biochemical	Alphalisa assay | 160 nM BD1				Chemical Probes Portal	CPI-0610	cpi-0610	https://www.chemicalprobes.org/
GCWIQUVXWZWCLE-INIZCTEOSA-N	P25440	inhibitor			25	nM	biochemical	Alphalisa assay | 25 nM BD2				Chemical Probes Portal	CPI-0610	cpi-0610	https://www.chemicalprobes.org/
GCWIQUVXWZWCLE-INIZCTEOSA-N	P25440	inhibitor	EC50		180	nM	cell	Quantigene MYC cellular assay (Affymetrix)				Chemical Probes Portal	CPI-0610	cpi-0610	https://www.chemicalprobes.org/
GCWIQUVXWZWCLE-INIZCTEOSA-N	O60885	inhibitor			39	nM	biochemical	Time-resolved FRET assay				Chemical Probes Portal	CPI-0610	cpi-0610	https://www.chemicalprobes.org/
GCWIQUVXWZWCLE-INIZCTEOSA-N	O60885	inhibitor			120	nM	biochemical	Alphalisa assay | 120 nM BD1				Chemical Probes Portal	CPI-0610	cpi-0610	https://www.chemicalprobes.org/
GCWIQUVXWZWCLE-INIZCTEOSA-N	O60885	inhibitor			18	nM	biochemical	Alphalisa assay | 18 nM BD2				Chemical Probes Portal	CPI-0610	cpi-0610	https://www.chemicalprobes.org/
GCWIQUVXWZWCLE-INIZCTEOSA-N	O60885	inhibitor	EC50		180	nM	cell	Quantigene MYC cellular assay (Affymetrix)				Chemical Probes Portal	CPI-0610	cpi-0610	https://www.chemicalprobes.org/
GCWIQUVXWZWCLE-INIZCTEOSA-N	Q15059	inhibitor			170	nM	biochemical	Alphalisa assay | 170 nM BD1				Chemical Probes Portal	CPI-0610	cpi-0610	https://www.chemicalprobes.org/
GCWIQUVXWZWCLE-INIZCTEOSA-N	Q15059	inhibitor			21	nM	biochemical	Alphalisa assay | 21 nM BD2				Chemical Probes Portal	CPI-0610	cpi-0610	https://www.chemicalprobes.org/
GCWIQUVXWZWCLE-INIZCTEOSA-N	Q15059	inhibitor	EC50		180	nM	cell	Quantigene MYC cellular assay (Affymetrix)				Chemical Probes Portal	CPI-0610	cpi-0610	https://www.chemicalprobes.org/
GCWIQUVXWZWCLE-INIZCTEOSA-N	Q58F21	inhibitor			220	nM	biochemical	Alphalisa assay | 220nM BD1				Chemical Probes Portal	CPI-0610	cpi-0610	https://www.chemicalprobes.org/
GCWIQUVXWZWCLE-INIZCTEOSA-N	Q58F21	inhibitor			130	nM	biochemical	Alphalisa assay | 130 nM BD2				Chemical Probes Portal	CPI-0610	cpi-0610	https://www.chemicalprobes.org/
GCWIQUVXWZWCLE-INIZCTEOSA-N	Q58F21	inhibitor	EC50		180	nM	cell	Quantigene MYC cellular assay (Affymetrix)				Chemical Probes Portal	CPI-0610	cpi-0610	https://www.chemicalprobes.org/
AUIFRJWXYUNPPV-QFIPXVFZSA-N	P04150	agonist			55	nM	binding	Fluorescence polarization assay				Chemical Probes Portal	DOI:10.1021/ml500387y	bi-653048	https://www.chemicalprobes.org/
AUIFRJWXYUNPPV-QFIPXVFZSA-N	P04150	agonist	IC50		23	nM	cell	Fibroblast IL-6 assay (88% maximal efficiency@ 2µM)				Chemical Probes Portal	DOI:10.1021/ml500387y	bi-653048	https://www.chemicalprobes.org/
KHVVJKLNKLQLJZ-SFHVURJKSA-N	Q13546	inhibitor			0.43	nM	biochemical	TR-FRET (human RIPK1)				Chemical Probes Portal	DOI:10.1021/acs.jmedchem.7b01647	tp-030-2	https://www.chemicalprobes.org/
KHVVJKLNKLQLJZ-SFHVURJKSA-N	Q13546	inhibitor	IC50		1.3	nM	cell	HT29 necroptosis assay				Chemical Probes Portal	DOI:10.1021/acs.jmedchem.7b01647	tp-030-2	https://www.chemicalprobes.org/
SAAYRHKJHDIDPH-UHFFFAOYSA-N	Q16832	inhibitor			18.6	nM	biochemical	KinomeSCAN				Chemical Probes Portal	DOI:10.1021/acschembio.5b00655	alw-ii-49-7	https://www.chemicalprobes.org/
SAAYRHKJHDIDPH-UHFFFAOYSA-N	Q16832	inhibitor	% inhibition		1	uM	cell	Decreasing level of DDR2 Phosphorylation				Chemical Probes Portal	DOI:10.1021/acschembio.5b00655	alw-ii-49-7	https://www.chemicalprobes.org/
SAAYRHKJHDIDPH-UHFFFAOYSA-N	Q08345	inhibitor			12.4	nM	biochemical	KinomeSCAN				Chemical Probes Portal	DOI:10.1021/acschembio.5b00655	alw-ii-49-7	https://www.chemicalprobes.org/
VGFHPNRWHOQLEB-UHFFFAOYSA-N	Q8TBX8	inhibitor			19	nM	biochemical	DiscoverX scanMAX assay				Chemical Probes Portal	DOI:10.1016/j.crchbi.2022.100036	sgc-pi5p4kgmylk-1	https://www.chemicalprobes.org/
VGFHPNRWHOQLEB-UHFFFAOYSA-N	Q8TBX8	inhibitor	IC50		67	nM	cell	NanoBRET				Chemical Probes Portal	DOI:10.1016/j.crchbi.2022.100036	sgc-pi5p4kgmylk-1	https://www.chemicalprobes.org/
VGFHPNRWHOQLEB-UHFFFAOYSA-N	Q86YV6	inhibitor			12	nM	biochemical	DiscoverX scanMAX assay				Chemical Probes Portal	DOI:10.1016/j.crchbi.2022.100036	sgc-pi5p4kgmylk-1	https://www.chemicalprobes.org/
VGFHPNRWHOQLEB-UHFFFAOYSA-N	Q86YV6	inhibitor	IC50		14	nM	cell	NanoBRET				Chemical Probes Portal	DOI:10.1016/j.crchbi.2022.100036	sgc-pi5p4kgmylk-1	https://www.chemicalprobes.org/
FHCSBLWRGCOVPT-UHFFFAOYSA-N	P49841	inhibitor			4.9	nM	biochemical	Biochemical Assay				Chemical Probes Portal	DOI:10.1021/jm201724m	az2858	https://www.chemicalprobes.org/
FHCSBLWRGCOVPT-UHFFFAOYSA-N	P49841	inhibitor	IC50		76	nM	cell	Inhibition of Tau phosphorylation				Chemical Probes Portal	DOI:10.1021/jm201724m	az2858	https://www.chemicalprobes.org/
WQNRDXHKVSKUPI-UHFFFAOYSA-N	O75716	inhibitor			295	nM	biochemical	Invitrogen SelectScreen Biochemical assay				Chemical Probes Portal	DOI:10.1021/acschembio.6b00250	stk16-in-1	https://www.chemicalprobes.org/
WQNRDXHKVSKUPI-UHFFFAOYSA-N	O75716	inhibitor			910	nM	biochemical	IP kinase assay monitoring phosphorylation of T37/46 of 4EBP1				Chemical Probes Portal	DOI:10.1021/acschembio.6b00250	stk16-in-1	https://www.chemicalprobes.org/
WQNRDXHKVSKUPI-UHFFFAOYSA-N	O75716	inhibitor			1200	nM	biochemical	IP kinase assay of STK16-IN-1 with DRG1 as a substrate (detection of the general threonine phosphorylation).				Chemical Probes Portal	DOI:10.1021/acschembio.6b00250	stk16-in-1	https://www.chemicalprobes.org/
WQNRDXHKVSKUPI-UHFFFAOYSA-N	O75716	inhibitor	IC50		1200	nM	cell	IP kinase assay of STK16-IN-1 with DRG1 as a substrate (detection of the general threonine phosphorylation).				Chemical Probes Portal	DOI:10.1021/acschembio.6b00250	stk16-in-1	https://www.chemicalprobes.org/
WQNRDXHKVSKUPI-UHFFFAOYSA-N	O75716	inhibitor	activity		10	uM	cell	in STK16 kinase knock-down cells, STK16-IN-1’s efficacy to reduce cell numbers and G2/M cell cycle arrest was significantly decreased;				Chemical Probes Portal	DOI:10.1021/acschembio.6b00250	stk16-in-1	https://www.chemicalprobes.org/
WQNRDXHKVSKUPI-UHFFFAOYSA-N	O75716	inhibitor			10	uM	cell	Rescues of sensitivity to STK16-IN-1 of an inhibitor-resistant mutant (STK16 F100C), resulting in G2/M-phase cell cycle arrest				Chemical Probes Portal	DOI:10.1021/acschembio.6b00250	stk16-in-1	https://www.chemicalprobes.org/
VUIITYLFSAXKIQ-UHFFFAOYSA-N	Q86X55	inhibitor			7.1	nM	binding	SPR | 7.1 ± 1.8 nM				Chemical Probes Portal	DOI:10.18632/oncotarget.24883	tp-064	https://www.chemicalprobes.org/
VUIITYLFSAXKIQ-UHFFFAOYSA-N	Q86X55	inhibitor			6	degC	biochemical	Differential static light scattering (DSLS), aggregation temperature				Chemical Probes Portal	DOI:10.18632/oncotarget.24883	tp-064	https://www.chemicalprobes.org/
VUIITYLFSAXKIQ-UHFFFAOYSA-N	Q86X55	inhibitor	IC50		340	nM	cell	dimethyl-BAF155 inhibition				Chemical Probes Portal	DOI:10.18632/oncotarget.24883	tp-064	https://www.chemicalprobes.org/
VUIITYLFSAXKIQ-UHFFFAOYSA-N	Q86X55	inhibitor	IC50		42	nM	cell	dimethyl-MED12 inhibition				Chemical Probes Portal	DOI:10.18632/oncotarget.24883	tp-064	https://www.chemicalprobes.org/
WQKXOAJVNFOHNZ-UHFFFAOYSA-N	Q7L7X3	inhibitor			11	nM	biochemical	Inhibition of MBP phosphorylation by TAOK				Chemical Probes Portal	DOI:10.1158/1535-7163.MCT-17-0077	tao_kinase_inhibitor_1	https://www.chemicalprobes.org/
WQKXOAJVNFOHNZ-UHFFFAOYSA-N	Q7L7X3	inhibitor	IC50		10	uM	cell	Inhibition of phosphorylation and activation of JNK by TAOKs in cells				Chemical Probes Portal	DOI:10.1158/1535-7163.MCT-17-0077	tao_kinase_inhibitor_1	https://www.chemicalprobes.org/
WQKXOAJVNFOHNZ-UHFFFAOYSA-N	Q9UL54	inhibitor			15	nM	biochemical	Inhibition of MBP phosphorylation by TAOK				Chemical Probes Portal	DOI:10.1158/1535-7163.MCT-17-0077	tao_kinase_inhibitor_1	https://www.chemicalprobes.org/
KTACUAZSJJIUKD-QXONSOMPSA-N	P57059	inhibitor			55	nM	biochemical	Radiometric assay 33-PanQinase				Chemical Probes Portal	DOI:10.1021/acs.jmedchem.0c02144	mria9	https://www.chemicalprobes.org/
KTACUAZSJJIUKD-QXONSOMPSA-N	P57059	inhibitor	IC50		516	nM	cell	NanoBRET | 516 ± 5 nM				Chemical Probes Portal	DOI:10.1021/acs.jmedchem.0c02144	mria9	https://www.chemicalprobes.org/
KTACUAZSJJIUKD-QXONSOMPSA-N	Q9H0K1	inhibitor			48	nM	biochemical	Radiometric assay 33-PanQinase				Chemical Probes Portal	DOI:10.1021/acs.jmedchem.0c02144	mria9	https://www.chemicalprobes.org/
KTACUAZSJJIUKD-QXONSOMPSA-N	Q9H0K1	inhibitor	IC50		180	nM	cell	NanoBRET | 180 ± 40 nM				Chemical Probes Portal	DOI:10.1021/acs.jmedchem.0c02144	mria9	https://www.chemicalprobes.org/
KTACUAZSJJIUKD-QXONSOMPSA-N	Q9Y2K2	inhibitor			22	nM	biochemical	Radiometric assay 33-PanQinase				Chemical Probes Portal	DOI:10.1021/acs.jmedchem.0c02144	mria9	https://www.chemicalprobes.org/
KTACUAZSJJIUKD-QXONSOMPSA-N	Q9Y2K2	inhibitor	IC50		127	nM	cell	NanoBRET | 127 ± 23 nM				Chemical Probes Portal	DOI:10.1021/acs.jmedchem.0c02144	mria9	https://www.chemicalprobes.org/
IEFFSHLHNYVSEF-UHFFFAOYSA-N	P49759	inhibitor			0.67	nM	biochemical	In vitro kinase assay				Chemical Probes Portal	DOI:10.1038/s41467-016-0008-7	t3-clk	https://www.chemicalprobes.org/
IEFFSHLHNYVSEF-UHFFFAOYSA-N	P49759	inhibitor	IC50		3.49	nM	cell	NanoBRET				Chemical Probes Portal	DOI:10.1038/s41467-016-0008-7	t3-clk	https://www.chemicalprobes.org/
IEFFSHLHNYVSEF-UHFFFAOYSA-N	P49759	inhibitor			0.5	uM	cell	Western of phospho-SR isoforms				Chemical Probes Portal	DOI:10.1038/s41467-016-0008-7	t3-clk	https://www.chemicalprobes.org/
IEFFSHLHNYVSEF-UHFFFAOYSA-N	P49760	inhibitor			15	nM	biochemical	In vitro kinase assay				Chemical Probes Portal	DOI:10.1038/s41467-016-0008-7	t3-clk	https://www.chemicalprobes.org/
IEFFSHLHNYVSEF-UHFFFAOYSA-N	P49760	inhibitor	IC50		16.6	nM	cell	NanoBRET				Chemical Probes Portal	DOI:10.1038/s41467-016-0008-7	t3-clk	https://www.chemicalprobes.org/
IEFFSHLHNYVSEF-UHFFFAOYSA-N	P49761	inhibitor			110	nM	biochemical	In vitro kinase assay				Chemical Probes Portal	DOI:10.1038/s41467-016-0008-7	t3-clk	https://www.chemicalprobes.org/
IEFFSHLHNYVSEF-UHFFFAOYSA-N	Q9HAZ1	inhibitor	IC50		1.98	nM	cell	NanoBRET				Chemical Probes Portal	DOI:10.1038/s41467-016-0008-7	t3-clk	https://www.chemicalprobes.org/
LVEUPFUJRKZPEN-UHFFFAOYSA-N	P36896	inhibitor			25	nM	biochemical	Lanthascreen				Chemical Probes Portal	DOI:10.1021/acschembio.0c00076	tp-008	https://www.chemicalprobes.org/
LVEUPFUJRKZPEN-UHFFFAOYSA-N	P36896	inhibitor			300	nM	biochemical	Radioactive kinase assay (Reaction Biology)				Chemical Probes Portal	DOI:10.1021/acschembio.0c00076	tp-008	https://www.chemicalprobes.org/
LVEUPFUJRKZPEN-UHFFFAOYSA-N	P36896	inhibitor	IC50		526	nM	cell	Reporter gene assay				Chemical Probes Portal	DOI:10.1021/acschembio.0c00076	tp-008	https://www.chemicalprobes.org/
LVEUPFUJRKZPEN-UHFFFAOYSA-N	P36897	inhibitor			1000	nM	biochemical	Lanthascreen				Chemical Probes Portal	DOI:10.1021/acschembio.0c00076	tp-008	https://www.chemicalprobes.org/
LVEUPFUJRKZPEN-UHFFFAOYSA-N	P36897	inhibitor			120	nM	biochemical	Radioactive kinase assay (Reaction Biology)				Chemical Probes Portal	DOI:10.1021/acschembio.0c00076	tp-008	https://www.chemicalprobes.org/
LVEUPFUJRKZPEN-UHFFFAOYSA-N	P36897	inhibitor	IC50		245	nM	cell	Reporter gene assay				Chemical Probes Portal	DOI:10.1021/acschembio.0c00076	tp-008	https://www.chemicalprobes.org/
DDKHTWASHUKHLD-UHFFFAOYSA-N	O00141	inhibitor			1	nM	biochemical	enzymatic potency using 10 or 500 uM ATP, respectively | 1				Chemical Probes Portal	DOI:10.1021/ml5003376	sgk1-in-1	https://www.chemicalprobes.org/
DDKHTWASHUKHLD-UHFFFAOYSA-N	O00141	inhibitor			41	nM	biochemical	enzymatic potency using 10 or 500 uM ATP, respectively | 41 nM				Chemical Probes Portal	DOI:10.1021/ml5003376	sgk1-in-1	https://www.chemicalprobes.org/
DDKHTWASHUKHLD-UHFFFAOYSA-N	O00141	inhibitor	IC50		690	nM	cell	SGK1-dependent phosphorylation of GSK3β assay				Chemical Probes Portal	DOI:10.1021/ml5003376	sgk1-in-1	https://www.chemicalprobes.org/
YCFFONJEHNSECY-UHFFFAOYSA-N	Q9UEE5	inhibitor			49	nM	biochemical	Radiometric assay (33PanQinase)				Chemical Probes Portal	DOI:10.1021/acs.jmedchem.2c00173	ck156	https://www.chemicalprobes.org/
YCFFONJEHNSECY-UHFFFAOYSA-N	Q9UEE5	inhibitor			21	nM	binding	ITC				Chemical Probes Portal	DOI:10.1021/acs.jmedchem.2c00173	ck156	https://www.chemicalprobes.org/
YCFFONJEHNSECY-UHFFFAOYSA-N	Q9UEE5	inhibitor	IC50		181	nM	cell	NanoBRET				Chemical Probes Portal	DOI:10.1021/acs.jmedchem.2c00173	ck156	https://www.chemicalprobes.org/
DZIHITUUUPJMOQ-UHFFFAOYSA-N	P48426	inhibitor			10	nM	biochemical	ADP-Glo assay				Chemical Probes Portal	DOI:10.1039/D3MD00039G	aruk2002821	https://www.chemicalprobes.org/
DZIHITUUUPJMOQ-UHFFFAOYSA-N	P48426	inhibitor	IC50		250	nM	cell	InCELL Pulse thermal stabilisation assay (DiscoverX)				Chemical Probes Portal	DOI:10.1039/D3MD00039G	aruk2002821	https://www.chemicalprobes.org/
JRJKATLTRNXYCE-UHFFFAOYSA-N	P36888	inhibitor	IC50		4.28	nM	cell	Ba/F3-D835Y (-IL-3) cells				Chemical Probes Portal	DOI:10.1021/acsmedchemlett.5b00498	jh-ix-179	https://www.chemicalprobes.org/
JRJKATLTRNXYCE-UHFFFAOYSA-N	P36888	inhibitor	IC50		10.22	nM	cell	Ba/F3-FLT3-ITD (-IL-3) cells				Chemical Probes Portal	DOI:10.1021/acsmedchemlett.5b00498	jh-ix-179	https://www.chemicalprobes.org/
JRJKATLTRNXYCE-UHFFFAOYSA-N	P36888	inhibitor	IC50		2	nM	cell	Cell proliferation assay				Chemical Probes Portal	DOI:10.1021/acsmedchemlett.5b00498	jh-ix-179	https://www.chemicalprobes.org/
JRJKATLTRNXYCE-UHFFFAOYSA-N	P36888	inhibitor	IC50		11	nM	cell	Cell proliferation assay				Chemical Probes Portal	DOI:10.1021/acsmedchemlett.5b00498	jh-ix-179	https://www.chemicalprobes.org/
IFSDAJWBUCMOAH-HNNXBMFYSA-N	O00329	inhibitor			2.5	nM	biochemical	Enzymatic assay using recombinant protein at Km ATP				Chemical Probes Portal	DOI:10.1182/blood-2010-03-275305	idelalisib	https://www.chemicalprobes.org/
IFSDAJWBUCMOAH-HNNXBMFYSA-N	O00329	inhibitor	EC50		8	nM	cell	PI3K class I isoform-specific cell-based assay. Basophil activation was measured in isolated peripheral blood mononuclear cell or whole blood p110δ was activated with anti-FCϵRI.				Chemical Probes Portal	DOI:10.1182/blood-2010-03-275305	idelalisib	https://www.chemicalprobes.org/
BXDZOYLPNAIDOC-UHFFFAOYSA-N	P50750	degrader (protac)					biochemical					Chemical Probes Portal	THAL-SNS-032	thal-sns-032	https://www.chemicalprobes.org/
BXDZOYLPNAIDOC-UHFFFAOYSA-N	P50750	degrader (protac)	EC50		50	nM	cell	Western Blot				Chemical Probes Portal	THAL-SNS-032	thal-sns-032	https://www.chemicalprobes.org/
BXDZOYLPNAIDOC-UHFFFAOYSA-N	Q15131	degrader (protac)					biochemical					Chemical Probes Portal	THAL-SNS-032	thal-sns-032	https://www.chemicalprobes.org/
BXDZOYLPNAIDOC-UHFFFAOYSA-N	Q15131	degrader (protac)	EC50		250	nM	cell	Western Blot assessing CDK10 protein level; CDK10 demonstrated partial degradation, but required longer exposure to the compound to achieve full degradation				Chemical Probes Portal	THAL-SNS-032	thal-sns-032	https://www.chemicalprobes.org/
WGMNFJAFXXXRLZ-GEVKEYJPSA-N	Q08345	inhibitor			53.3	nM	biochemical	"Enzyme kinetic assay from""Reaction Biology"" (ATP conc.: 100 µM)"				Chemical Probes Portal	DOI:10.1021/acs.jmedchem.1c00868	sr-302	https://www.chemicalprobes.org/
WGMNFJAFXXXRLZ-GEVKEYJPSA-N	Q08345	inhibitor	IC50		23	nM	cell	"NanoBRET assay (HEK293T cells, full-length protein)
Destabilizing effect on E-cadherin"				Chemical Probes Portal	DOI:10.1021/acs.jmedchem.1c00868	sr-302	https://www.chemicalprobes.org/
WGMNFJAFXXXRLZ-GEVKEYJPSA-N	Q16832	inhibitor			0.75	nM	biochemical	"Enzyme kinetic assay from""Reaction Biology"":  (ATP conc.: 5 µM)"				Chemical Probes Portal	DOI:10.1021/acs.jmedchem.1c00868	sr-302	https://www.chemicalprobes.org/
WGMNFJAFXXXRLZ-GEVKEYJPSA-N	Q16832	inhibitor	IC50		18	nM	cell	"NanoBRET assay (HEK293T cells, full-length protein)
Destabilizing effect on E-cadherin"				Chemical Probes Portal	DOI:10.1021/acs.jmedchem.1c00868	sr-302	https://www.chemicalprobes.org/
WGMNFJAFXXXRLZ-GEVKEYJPSA-N	Q15759	inhibitor			45.1	nM	biochemical	"Enzyme kinetic assay from""Reaction Biology"": DDR1: ATP conc.: 50 µM"				Chemical Probes Portal	DOI:10.1021/acs.jmedchem.1c00868	sr-302	https://www.chemicalprobes.org/
WGMNFJAFXXXRLZ-GEVKEYJPSA-N	Q15759	inhibitor	IC50		196	nM	cell	"NanoBRET assay (HEK293T cells, full-length protein)
Destabilizing effect on E-cadherin"				Chemical Probes Portal	DOI:10.1021/acs.jmedchem.1c00868	sr-302	https://www.chemicalprobes.org/
WGMNFJAFXXXRLZ-GEVKEYJPSA-N	Q16539	inhibitor			6.2	nM	biochemical	"Enzyme kinetic assay from""Reaction Biology"": (ATP conc.: 2.5 µM)"				Chemical Probes Portal	DOI:10.1021/acs.jmedchem.1c00868	sr-302	https://www.chemicalprobes.org/
WGMNFJAFXXXRLZ-GEVKEYJPSA-N	Q16539	inhibitor	IC50		125	nM	cell	"NanoBRET assay (HEK293T cells, full-length protein)
Destabilizing effect on E-cadherin"				Chemical Probes Portal	DOI:10.1021/acs.jmedchem.1c00868	sr-302	https://www.chemicalprobes.org/
OCQCKUTZHBQNEI-UHFFFAOYSA-N	P49840	inhibitor			1	nM	biochemical	Enzymatic assay				Chemical Probes Portal	DOI:10.1021/acschemneuro.3c00135	sgc-gsk3-1	https://www.chemicalprobes.org/
OCQCKUTZHBQNEI-UHFFFAOYSA-N	P49840	inhibitor	IC50		4.6	nM	cell	NanoBRET				Chemical Probes Portal	DOI:10.1021/acschemneuro.3c00135	sgc-gsk3-1	https://www.chemicalprobes.org/
OCQCKUTZHBQNEI-UHFFFAOYSA-N	P49841	inhibitor			2	nM	biochemical	Enzymatic assay				Chemical Probes Portal	DOI:10.1021/acschemneuro.3c00135	sgc-gsk3-1	https://www.chemicalprobes.org/
OCQCKUTZHBQNEI-UHFFFAOYSA-N	P49841	inhibitor	IC50		12	nM	cell	NanoBRET				Chemical Probes Portal	DOI:10.1021/acschemneuro.3c00135	sgc-gsk3-1	https://www.chemicalprobes.org/
PFZRXJIYAFANHP-IBGZPJMESA-N	O75385	inhibitor			8.3	nM	biochemical	Kinase profiler (Eurofin)				Chemical Probes Portal	ULK-101	ulk-101	https://www.chemicalprobes.org/
PFZRXJIYAFANHP-IBGZPJMESA-N	O75385	inhibitor	EC50		390	nM	cell	Quantification OF pSer15-BECLIN 1				Chemical Probes Portal	ULK-101	ulk-101	https://www.chemicalprobes.org/
PFZRXJIYAFANHP-IBGZPJMESA-N	Q8IYT8	inhibitor			30	nM	biochemical	Kinase profiler (Eurofin)				Chemical Probes Portal	ULK-101	ulk-101	https://www.chemicalprobes.org/
PFZRXJIYAFANHP-IBGZPJMESA-N	Q8IYT8	inhibitor	EC50		390	nM	cell	Quantification OF pSer15-BECLIN 1				Chemical Probes Portal	ULK-101	ulk-101	https://www.chemicalprobes.org/
KGJVKYSVVOQPDL-UHFFFAOYSA-N	P24941	inhibitor			0.6	nM	biochemical	Nanosyn biochemical assay CDK2/Cyclin E1				Chemical Probes Portal	DOI:10.1158/2159-8290.CD-23-0954	inx-315	https://www.chemicalprobes.org/
KGJVKYSVVOQPDL-UHFFFAOYSA-N	P24941	inhibitor			2.5	nM	biochemical	Nanosyn biochemical assay CDK2/Cyclin A2				Chemical Probes Portal	DOI:10.1158/2159-8290.CD-23-0954	inx-315	https://www.chemicalprobes.org/
KGJVKYSVVOQPDL-UHFFFAOYSA-N	P24941	inhibitor	IC50		2.3	nM	cell	NanoBRET CDK2/A2				Chemical Probes Portal	DOI:10.1158/2159-8290.CD-23-0954	inx-315	https://www.chemicalprobes.org/
KGJVKYSVVOQPDL-UHFFFAOYSA-N	P24941	inhibitor	IC50		71	nM	cell	NanoBRET CDK2/A1				Chemical Probes Portal	DOI:10.1158/2159-8290.CD-23-0954	inx-315	https://www.chemicalprobes.org/
MRHRACKJKBOJEI-UHFFFAOYSA-N	Q969S8	inhibitor			630	nM	biochemical	chemical proteomics				Chemical Probes Portal	DOI:10.1038/s41589-022-01015-5	th65	https://www.chemicalprobes.org/
MRHRACKJKBOJEI-UHFFFAOYSA-N	Q969S8	inhibitor			100	nM	biochemical	FRET				Chemical Probes Portal	DOI:10.1038/s41589-022-01015-5	th65	https://www.chemicalprobes.org/
MRHRACKJKBOJEI-UHFFFAOYSA-N	Q969S8	inhibitor	EC50		250	nM	cell	In-cell target engagement of TH65 by NanoBRET assays for HDAC10 and HDAC6 catalytic domain 2. In this assay, the affinity of TH65 for HDAC10 was about 5-fold higher than that for HDAC6				Chemical Probes Portal	DOI:10.1038/s41589-022-01015-5	th65	https://www.chemicalprobes.org/
ZOIBZSZLMJDVDQ-UHFFFAOYSA-N	Q15910	inhibitor			24	nM	biochemical	Biochemical Enzyme Assay | 24 ± 7 nM				Chemical Probes Portal	DOI:10.1038/nchembio.1084	epz005687	https://www.chemicalprobes.org/
ZOIBZSZLMJDVDQ-UHFFFAOYSA-N	Q15910	inhibitor			54	nM	biochemical	Flashplate assay | 54 ± 5 nM				Chemical Probes Portal	DOI:10.1038/nchembio.1084	epz005687	https://www.chemicalprobes.org/
ZOIBZSZLMJDVDQ-UHFFFAOYSA-N	Q15910	inhibitor	IC50		80	nM	cell	Methylation of substrate H3K27 detected by Western | 80 ± 30 nM				Chemical Probes Portal	DOI:10.1038/nchembio.1084	epz005687	https://www.chemicalprobes.org/
XASOHFCUIQARJT-UHFFFAOYSA-N	Q9H0K1	inhibitor			7.8	nM	biochemical	ADP-Glo Kinase Assay with SIK2				Chemical Probes Portal	DOI:10.1021/acs.jmedchem.3c02246	gplg3970	https://www.chemicalprobes.org/
XASOHFCUIQARJT-UHFFFAOYSA-N	Q9H0K1	inhibitor	EC50		254	nM	cell	NanoBRET				Chemical Probes Portal	DOI:10.1021/acs.jmedchem.3c02246	gplg3970	https://www.chemicalprobes.org/
XASOHFCUIQARJT-UHFFFAOYSA-N	Q9Y2K2	inhibitor			3.8	nM	biochemical	ADP-Glo Kinase Assay with SIK3				Chemical Probes Portal	DOI:10.1021/acs.jmedchem.3c02246	gplg3970	https://www.chemicalprobes.org/
XASOHFCUIQARJT-UHFFFAOYSA-N	Q9Y2K2	inhibitor	EC50		79	nM	cell	NanoBRET				Chemical Probes Portal	DOI:10.1021/acs.jmedchem.3c02246	gplg3970	https://www.chemicalprobes.org/
JCSGFHVFHSKIJH-UHFFFAOYSA-N	P49840	inhibitor			34	nM	biochemical	Biochemical assay in presence of 0.010 mM ATP				Chemical Probes Portal	DOI:10.1016/s1074-5521(00)00025-9	sb-216763	https://www.chemicalprobes.org/
JCSGFHVFHSKIJH-UHFFFAOYSA-N	P49840	inhibitor			9	nM	biochemical					Chemical Probes Portal	DOI:10.1016/s1074-5521(00)00025-9	sb-216763	https://www.chemicalprobes.org/
JCSGFHVFHSKIJH-UHFFFAOYSA-N	P49840	inhibitor	EC50		3.6	uM	cell	Stimulation of glycogen synthesis in the Chang human liver cell line				Chemical Probes Portal	DOI:10.1016/s1074-5521(00)00025-9	sb-216763	https://www.chemicalprobes.org/
JCSGFHVFHSKIJH-UHFFFAOYSA-N	P49841	inhibitor			96	%	biochemical	In the presence of 0.1 mM ATP at 10 μM of SB-216763				Chemical Probes Portal	DOI:10.1016/s1074-5521(00)00025-9	sb-216763	https://www.chemicalprobes.org/
HEVVNKYNJCSHFA-UHFFFAOYSA-N	P68400	inhibitor			3	nM	biochemical	DiscoverX assay				Chemical Probes Portal	DOI:10.1021/acsmedchemlett.2c00530	sgc-ck2-2	https://www.chemicalprobes.org/
HEVVNKYNJCSHFA-UHFFFAOYSA-N	P68400	inhibitor	IC50		920	nM	cell	NanoBRET				Chemical Probes Portal	DOI:10.1021/acsmedchemlett.2c00530	sgc-ck2-2	https://www.chemicalprobes.org/
HEVVNKYNJCSHFA-UHFFFAOYSA-N	P19784	inhibitor		<	1	nM	biochemical	DiscoverX assay				Chemical Probes Portal	DOI:10.1021/acsmedchemlett.2c00530	sgc-ck2-2	https://www.chemicalprobes.org/
HEVVNKYNJCSHFA-UHFFFAOYSA-N	P19784	inhibitor	IC50		200	nM	cell	NanoBRET				Chemical Probes Portal	DOI:10.1021/acsmedchemlett.2c00530	sgc-ck2-2	https://www.chemicalprobes.org/
KFRGPUFONMCXQI-RUZDIDTESA-N	Q00535	inhibitor			3.2	nM	biochemical	In vitro kinase assay				Chemical Probes Portal	DOI:10.1021/acs.jmedchem.1c02069	gfb-12630	https://www.chemicalprobes.org/
KFRGPUFONMCXQI-RUZDIDTESA-N	Q00535	inhibitor	IC50		1.2	nM	cell	NanoBRET CDK5/p35				Chemical Probes Portal	DOI:10.1021/acs.jmedchem.1c02069	gfb-12630	https://www.chemicalprobes.org/
XKFTZKGMDDZMJI-HSZRJFAPSA-N	O14965	inhibitor			2.5	nM	biochemical	Biochemical Assay				Chemical Probes Portal	DOI:10.1021/jm060897w	danusertib	https://www.chemicalprobes.org/
XKFTZKGMDDZMJI-HSZRJFAPSA-N	O14965	inhibitor			13	nM	biochemical	Biochemical Assay				Chemical Probes Portal	DOI:10.1021/jm060897w	danusertib	https://www.chemicalprobes.org/
XKFTZKGMDDZMJI-HSZRJFAPSA-N	O14965	inhibitor	IC50	>=	28	nM	cell	Proliferation assay | 28-140 nM				Chemical Probes Portal	DOI:10.1021/jm060897w	danusertib	https://www.chemicalprobes.org/
XKFTZKGMDDZMJI-HSZRJFAPSA-N	Q96GD4	inhibitor			79	nM	biochemical	Biochemical Assay				Chemical Probes Portal	DOI:10.1021/jm060897w	danusertib	https://www.chemicalprobes.org/
XKFTZKGMDDZMJI-HSZRJFAPSA-N	Q9UQB9	inhibitor			61	nM	biochemical	Biochemical Assay				Chemical Probes Portal	DOI:10.1021/jm060897w	danusertib	https://www.chemicalprobes.org/
QPGYAMIHXLCFTJ-UHFFFAOYSA-N	Q15438	inhibitor			200	nM	binding	Aptamer displacement screening assay by fluorescence polarization				Chemical Probes Portal	DOI:10.1038/nature05415	secinh3	https://www.chemicalprobes.org/
QPGYAMIHXLCFTJ-UHFFFAOYSA-N	Q15438	inhibitor	IC50		2200	nM	cell	Insulin-dependent transcriptional repression of IGFBP1				Chemical Probes Portal	DOI:10.1038/nature05415	secinh3	https://www.chemicalprobes.org/
QPGYAMIHXLCFTJ-UHFFFAOYSA-N	O43739	inhibitor			239	nM	binding	Aptamer displacement screening assay by fluorescence polarization				Chemical Probes Portal	DOI:10.1038/nature05415	secinh3	https://www.chemicalprobes.org/
QPGYAMIHXLCFTJ-UHFFFAOYSA-N	Q99418	inhibitor			250	nM	binding	Aptamer displacement screening assay by fluorescence polarization				Chemical Probes Portal	DOI:10.1038/nature05415	secinh3	https://www.chemicalprobes.org/
HKROEBDHHKMNBZ-CHBKHGQFSA-N	O75762	antagonist			67	nM	biochemical	FLIPR-based Ca2+ assay.				Chemical Probes Portal	DOI:10.1016/j.pain.2011.01.049	a-079	https://www.chemicalprobes.org/
HKROEBDHHKMNBZ-CHBKHGQFSA-N	O75762	antagonist	IC50		51	nM	cell	A-967079 blocks AITC (100 µmol/L)-evoked currents in HEK-293F cells transiently overexpressing hTRPA1 (held at -60 mV)				Chemical Probes Portal	DOI:10.1016/j.pain.2011.01.049	a-079	https://www.chemicalprobes.org/
DFQAJLQXPSPNJE-UHFFFAOYSA-N	O14965	inhibitor			5.6	nM	biochemical	Invitrogen biochemical assay				Chemical Probes Portal	XMD-12	xmd-12	https://www.chemicalprobes.org/
DFQAJLQXPSPNJE-UHFFFAOYSA-N	O14965	inhibitor	EC50		16.7	nM	cell	"Dose-dependently inhibited Aurora A autophosphorylation monitored by
T288 residue in HeLa S3 cell, completely inhibited Aurora A at 250 nM.
Dose-dependently inhibited Aurora B autophosphorylation monitored by
T232 residue in HeLa S3 cell, completely inhibited Aurora A at 250 nM.
Dose-dependently inhibited HCT116/HT29/HeLa cell growth with EC50 of 9.5 nM, 55 nM and 16.7 nM respectively.
Compound phenotypes were compared to literature. The cellular effects were correlated
with in vitro biochemical activities."				Chemical Probes Portal	XMD-12	xmd-12	https://www.chemicalprobes.org/
DFQAJLQXPSPNJE-UHFFFAOYSA-N	Q96GD4	inhibitor			18.4	nM	biochemical	Invitrogen biochemical assay				Chemical Probes Portal	XMD-12	xmd-12	https://www.chemicalprobes.org/
DFQAJLQXPSPNJE-UHFFFAOYSA-N	Q96GD4	inhibitor	EC50		16.7	nM	cell	"Dose-dependently inhibited Aurora A autophosphorylation monitored by
T288 residue in HeLa S3 cell, completely inhibited Aurora A at 250 nM.
Dose-dependently inhibited Aurora B autophosphorylation monitored by
T232 residue in HeLa S3 cell, completely inhibited Aurora A at 250 nM.
Dose-dependently inhibited HCT116/HT29/HeLa cell growth with EC50 of 9.5 nM, 55 nM and 16.7 nM respectively.
Compound phenotypes were compared to literature. The cellular effects were correlated
with in vitro biochemical activities."				Chemical Probes Portal	XMD-12	xmd-12	https://www.chemicalprobes.org/
DFQAJLQXPSPNJE-UHFFFAOYSA-N	Q9UQB9	inhibitor			24.6	nM	biochemical	Invitrogen biochemical assay				Chemical Probes Portal	XMD-12	xmd-12	https://www.chemicalprobes.org/
DFQAJLQXPSPNJE-UHFFFAOYSA-N	Q9UQB9	inhibitor	EC50		16.7	nM	cell	"Dose-dependently inhibited Aurora A autophosphorylation monitored by
T288 residue in HeLa S3 cell, completely inhibited Aurora A at 250 nM.
Dose-dependently inhibited Aurora B autophosphorylation monitored by
T232 residue in HeLa S3 cell, completely inhibited Aurora A at 250 nM.
Dose-dependently inhibited HCT116/HT29/HeLa cell growth with EC50 of 9.5 nM, 55 nM and 16.7 nM respectively.
Compound phenotypes were compared to literature. The cellular effects were correlated
with in vitro biochemical activities."				Chemical Probes Portal	XMD-12	xmd-12	https://www.chemicalprobes.org/
HOTSVKDMIYWWIY-UHFFFAOYSA-N	O14684	inhibitor			8	nM	biochemical	mPGES-1 enzymatic assay				Chemical Probes Portal	DOI:10.1016/j.bmcl.2016.10.079	mpges1-in-3	https://www.chemicalprobes.org/
HOTSVKDMIYWWIY-UHFFFAOYSA-N	O14684	inhibitor	IC50		16.24	nM	cell	Inhibition of IL-1 induced PGE2 release from A549 cells				Chemical Probes Portal	DOI:10.1016/j.bmcl.2016.10.079	mpges1-in-3	https://www.chemicalprobes.org/
HOTSVKDMIYWWIY-UHFFFAOYSA-N	O14684	inhibitor	IC50		249.9	nM	cell	human whole blood assay monitoring PGE2 levels upon LPS stimulation				Chemical Probes Portal	DOI:10.1016/j.bmcl.2016.10.079	mpges1-in-3	https://www.chemicalprobes.org/
AECDBHGVIIRMOI-UHFFFAOYSA-N	P08069	inhibitor			150	nM	biochemical	in vitro kinase assay on isolated kinase domain				Chemical Probes Portal	NVP-AEW541	nvp-aew541	https://www.chemicalprobes.org/
AECDBHGVIIRMOI-UHFFFAOYSA-N	P08069	inhibitor	IC50		86	nM	cell	Inhibition of autophosphorylation; NVP-AEW541 also dose-dependently inhibited phosphorylation of IGF1R substrates in cells				Chemical Probes Portal	NVP-AEW541	nvp-aew541	https://www.chemicalprobes.org/
PTAMRJLIOCHJMQ-PYNGZGNASA-N	O60885	degrader (protac)			39	nM	biochemical	Isothermal calorimetry | 39 nM (BD1)				Chemical Probes Portal	MZ1	mz1	https://www.chemicalprobes.org/
PTAMRJLIOCHJMQ-PYNGZGNASA-N	O60885	degrader (protac)			15	nM	biochemical	Isothermal calorimetry | 15 nM (BD2)				Chemical Probes Portal	MZ1	mz1	https://www.chemicalprobes.org/
PTAMRJLIOCHJMQ-PYNGZGNASA-N	O60885	degrader (protac)	DC50		5	nM	cell	"In HeLa cells, MZ1 led to time and concentration-dependent degradation of BRD4. BRD4 was preferentially degraded over BRD2 and BRD3, especially at low concentrations (0.1-1 uM).
In U2OS cells, MZ1 led to the degradation of a BRD4-GFP reporter."				Chemical Probes Portal	MZ1	mz1	https://www.chemicalprobes.org/
PTAMRJLIOCHJMQ-PYNGZGNASA-N	Q15059	degrader (protac)			21	nM	binding	ITC in BRD3 BD1/2 | 21nM (BD1)				Chemical Probes Portal	MZ1	mz1	https://www.chemicalprobes.org/
PTAMRJLIOCHJMQ-PYNGZGNASA-N	Q15059	degrader (protac)			13	nM	binding	ITC in BRD3 BD1/2 | 13 nM2 (BD2)				Chemical Probes Portal	MZ1	mz1	https://www.chemicalprobes.org/
PTAMRJLIOCHJMQ-PYNGZGNASA-N	Q15059	degrader (protac)	DC50		100	nM	cell	Degradation of BRD3 in HeLa cells after 24 h treatment				Chemical Probes Portal	MZ1	mz1	https://www.chemicalprobes.org/
PTAMRJLIOCHJMQ-PYNGZGNASA-N	Q15059	degrader (protac)	EC50		50	nM	cell	Inhibit proliferation of MV4;11 cells				Chemical Probes Portal	MZ1	mz1	https://www.chemicalprobes.org/
PTAMRJLIOCHJMQ-PYNGZGNASA-N	Q15059	degrader (protac)	Dmax		100	%	cell	Degradation of BRD3 in HeLa cells after 24 h treatment				Chemical Probes Portal	MZ1	mz1	https://www.chemicalprobes.org/
PTAMRJLIOCHJMQ-PYNGZGNASA-N	P25440	degrader (protac)			62	nM	binding	ITC in BRD2 BD1/2 | 62 nM (BD1)				Chemical Probes Portal	MZ1	mz1	https://www.chemicalprobes.org/
PTAMRJLIOCHJMQ-PYNGZGNASA-N	P25440	degrader (protac)			60	nM	binding	ITC in BRD2 BD1/2 | 60 nM (BD2)				Chemical Probes Portal	MZ1	mz1	https://www.chemicalprobes.org/
PTAMRJLIOCHJMQ-PYNGZGNASA-N	P25440	degrader (protac)	DC50		40	nM	cell	Degradation of BRD2 in HeLa cells after 24 h treatment				Chemical Probes Portal	MZ1	mz1	https://www.chemicalprobes.org/
PTAMRJLIOCHJMQ-PYNGZGNASA-N	P25440	degrader (protac)	Dmax		98	%	cell	Degradation of BRD2 in HeLa cells after 24 h treatment				Chemical Probes Portal	MZ1	mz1	https://www.chemicalprobes.org/
PTAMRJLIOCHJMQ-PYNGZGNASA-N	P25440	degrader (protac)	EC50		50	nM	cell	Inhibit proliferation of MV4;11 cells				Chemical Probes Portal	MZ1	mz1	https://www.chemicalprobes.org/
JGPJQFOROWSRRS-UHFFFAOYSA-N	P25105	antagonist			9.9	nM	biochemical	Competition with [3H]PAF binding to human platelets				Chemical Probes Portal	PMID:3598913	apafant	https://www.chemicalprobes.org/
JGPJQFOROWSRRS-UHFFFAOYSA-N	P25105	antagonist	IC50		170	nM	cell	Inhibition of PAF-induced human platelet aggregation				Chemical Probes Portal	PMID:3598913	apafant	https://www.chemicalprobes.org/
JGPJQFOROWSRRS-UHFFFAOYSA-N	P25105	antagonist	IC50		360	nM	cell	Inhibition of PAF-induced human neutrophil aggregation				Chemical Probes Portal	PMID:3598913	apafant	https://www.chemicalprobes.org/
QEASMQZYZCGOSA-UHFFFAOYSA-N	P31153	inhibitor			0.8	nM	biochemical	RapidFire-MS-Based Biochemical Enzymatic Assay				Chemical Probes Portal	DOI:10.1021/acs.jmedchem.3c01860	az9567	https://www.chemicalprobes.org/
QEASMQZYZCGOSA-UHFFFAOYSA-N	P31153	inhibitor	IC50		2.51	nM	cell	HCT116 cell (MTAP KO) SAM RapidFire-MS assay				Chemical Probes Portal	DOI:10.1021/acs.jmedchem.3c01860	az9567	https://www.chemicalprobes.org/
QEASMQZYZCGOSA-UHFFFAOYSA-N	P31153	inhibitor	GI50		79.4	nM	cell	HCT116 cell proliferation comparison between MTAP-KO (79.4 nM) and parental cell lines (1580 nM)				Chemical Probes Portal	DOI:10.1021/acs.jmedchem.3c01860	az9567	https://www.chemicalprobes.org/
VQINULODWGEVBB-UHFFFAOYSA-N	P57059	inhibitor			10.9	nM	biochemical	Competitive binding assay				Chemical Probes Portal	DOI:10.1021/acschembio.6b00217	ykl-05-099	https://www.chemicalprobes.org/
VQINULODWGEVBB-UHFFFAOYSA-N	P57059	inhibitor	EC50		460	nM	cell	"IL-10-enhancing activities; 

YKL-05-099 leads to dose-dependent reduction in HDAC4 S246 phosphorylation and causes SOST down-regulation and RANKL up-regulation in Ocy454 cells. Validation of cellular specificity
YKL-05-099 reduces production of several inflammatory cytokines including TNFα, IL-6, IL-12 in BMDCs. | 460 ± 110 nM"				Chemical Probes Portal	DOI:10.1021/acschembio.6b00217	ykl-05-099	https://www.chemicalprobes.org/
VQINULODWGEVBB-UHFFFAOYSA-N	Q9Y2K2	inhibitor			30.2	nM	biochemical	Competitive binding assay				Chemical Probes Portal	DOI:10.1021/acschembio.6b00217	ykl-05-099	https://www.chemicalprobes.org/
VQINULODWGEVBB-UHFFFAOYSA-N	Q9Y2K2	inhibitor	EC50		460	nM	cell	"IL-10-enhancing activities; 

YKL-05-099 leads to dose-dependent reduction in HDAC4 S246 phosphorylation and causes SOST down-regulation and RANKL up-regulation in Ocy454 cells. Validation of cellular specificity
YKL-05-099 reduces production of several inflammatory cytokines including TNFα, IL-6, IL-12 in BMDCs. | 460 ± 110 nM"				Chemical Probes Portal	DOI:10.1021/acschembio.6b00217	ykl-05-099	https://www.chemicalprobes.org/
VQINULODWGEVBB-UHFFFAOYSA-N	Q9H0K1	inhibitor			40	nM	biochemical	Biochemical assay | 40 ± 25 nM				Chemical Probes Portal	DOI:10.1021/acschembio.6b00217	ykl-05-099	https://www.chemicalprobes.org/
VQINULODWGEVBB-UHFFFAOYSA-N	Q9H0K1	inhibitor	EC50		460	nM	cell	"IL-10-enhancing activities;

YKL-05-099 leads to dose-dependent reduction in HDAC4 S246 phosphorylation and causes SOST down-regulation and RANKL up-regulation in Ocy454 cells. Validation of cellular specificity
YKL-05-099 reduces production of several inflammatory cytokines including TNFα, IL-6, IL-12 in BMDCs. | 460 ± 110 nM"				Chemical Probes Portal	DOI:10.1021/acschembio.6b00217	ykl-05-099	https://www.chemicalprobes.org/
GPXQUPCJIJBXHJ-UHFFFAOYSA-N	Q86WV6	inhibitor			4.03	nM	binding	surface plasmon resonance (SPR) measuring the binding affinity and kinetics between SN-011 and soluble human STING				Chemical Probes Portal	DOI:10.1073/pnas.2105465118	sn-011	https://www.chemicalprobes.org/
GPXQUPCJIJBXHJ-UHFFFAOYSA-N	Q86WV6	inhibitor	IC50		127.5	nM	cell	inhibit 2′3′-cGAMP-induced Ifnb mRNA expression in MEFs				Chemical Probes Portal	DOI:10.1073/pnas.2105465118	sn-011	https://www.chemicalprobes.org/
GPXQUPCJIJBXHJ-UHFFFAOYSA-N	Q86WV6	inhibitor	IC50		107.1	nM	cell	2′3′-cGAMP-induced Ifnb mRNA expression in mouse bone marrow-derived macrophages (BMDMs)				Chemical Probes Portal	DOI:10.1073/pnas.2105465118	sn-011	https://www.chemicalprobes.org/
GPXQUPCJIJBXHJ-UHFFFAOYSA-N	Q86WV6	inhibitor	IC50		502.8	nM	cell	inhibit 2′3′-cGAMP-induced Ifnb mRNA expression in human foreskin fibroblasts (HFFs)				Chemical Probes Portal	DOI:10.1073/pnas.2105465118	sn-011	https://www.chemicalprobes.org/
GPXQUPCJIJBXHJ-UHFFFAOYSA-N	Q86WV6	inhibitor	IC50		76	nM	cell	"Quantitative PCR of Ifnb mRNA after 6 h treatment with SN-011 and subsequent stimulation with HT-RNA.
No effect on basal Ifnb mRNA expression."				Chemical Probes Portal	DOI:10.1073/pnas.2105465118	sn-011	https://www.chemicalprobes.org/
GPXQUPCJIJBXHJ-UHFFFAOYSA-N	Q86WV6	inhibitor	% inhibition		1	uM	cell	suppression of the induction of Ifnb, Cxcl10, and Il6 mRNA activated by various canonical STING stimulators (ISD, HT-DNA, HSV-1, c-di-GMP, and 2′3′-cGAMP.				Chemical Probes Portal	DOI:10.1073/pnas.2105465118	sn-011	https://www.chemicalprobes.org/
YHYKUSGACIYRML-KRWDZBQOSA-N	P56817	inhibitor			2.2	nM	biochemical	Enzymatic assay (FRET)				Chemical Probes Portal	DOI:10.1021/acs.jmedchem.6b00307	verubecestat	https://www.chemicalprobes.org/
YHYKUSGACIYRML-KRWDZBQOSA-N	P56817	inhibitor	IC50		2.1	nM	cell	Reduction of AB40 in HEK293-APP cells bearing Sweden/London mutations.				Chemical Probes Portal	DOI:10.1021/acs.jmedchem.6b00307	verubecestat	https://www.chemicalprobes.org/
YHYKUSGACIYRML-KRWDZBQOSA-N	Q9Y5Z0	inhibitor			0.38	nM	biochemical	Enzymatic assay (FRET)				Chemical Probes Portal	DOI:10.1021/acs.jmedchem.6b00307	verubecestat	https://www.chemicalprobes.org/
UWPFUBNCDABUEE-SIFUEBAJSA-N	Q14191	covalent inhibitor			142	nM	biochemical	Helicase DNA unwinding assay using full length WRN in presence of ATP; Kinact >15 s-1; Ki > 15 µM				Chemical Probes Portal	DOI:10.1038/s41586-024-07318-y	vvd-214	https://www.chemicalprobes.org/
UWPFUBNCDABUEE-SIFUEBAJSA-N	Q14191	covalent inhibitor	GI50		66	nM	cell	Inhibition of cell growth in MSI-H HCT-116 cells but in neither MSS SW480 (GI50 > 20) nor HCT-116 WRN C727A mutant cells (GI50 > 20 μM) following 5 days of compound treatment using a CellTiter-Glo (CTG) assay.				Chemical Probes Portal	DOI:10.1038/s41586-024-07318-y	vvd-214	https://www.chemicalprobes.org/
UWPFUBNCDABUEE-SIFUEBAJSA-N	Q14191	covalent inhibitor			65	nM	cell	In vitro target engagement assay				Chemical Probes Portal	DOI:10.1038/s41586-024-07318-y	vvd-214	https://www.chemicalprobes.org/
VLYNCWZASZUTNV-FCQUAONHSA-N	P49840	inhibitor			2	nM	biochemical	Radio ligand binding assay				Chemical Probes Portal	DOI:10.1002/cmdc.202300031	bi-5521	https://www.chemicalprobes.org/
VLYNCWZASZUTNV-FCQUAONHSA-N	P49840	inhibitor	EC50		3	nM	cell	Stimulation of Glycogen Synthesis rate in C3A cells				Chemical Probes Portal	DOI:10.1002/cmdc.202300031	bi-5521	https://www.chemicalprobes.org/
VLYNCWZASZUTNV-FCQUAONHSA-N	P49841	inhibitor			5	nM	biochemical	Radio ligand binding assay				Chemical Probes Portal	DOI:10.1002/cmdc.202300031	bi-5521	https://www.chemicalprobes.org/
XKDHFIPNTTUSIA-UHFFFAOYSA-N	Q7Z5P4	inhibitor		=	0.7	nM	biochemical	Enzymatic assay | Ki = 0.7 ± 0.2 nM				Chemical Probes Portal	DOI:10.1021/acs.jmedchem.2c01884	bi-3231	https://www.chemicalprobes.org/
XKDHFIPNTTUSIA-UHFFFAOYSA-N	Q7Z5P4	inhibitor			16.7	degC	biochemical	nanoDSF in presence of NAD+				Chemical Probes Portal	DOI:10.1021/acs.jmedchem.2c01884	bi-3231	https://www.chemicalprobes.org/
XKDHFIPNTTUSIA-UHFFFAOYSA-N	Q7Z5P4	inhibitor	IC50		11	nM	cell	Cellular hHSD17B13 assay | 11 ± 5 nM				Chemical Probes Portal	DOI:10.1021/acs.jmedchem.2c01884	bi-3231	https://www.chemicalprobes.org/
ALGPVOJFIGPPPX-VIFPVBQESA-N	P11586	inhibitor			16	nM	biochemical	biochemical activity assays				Chemical Probes Portal	TH9619	th9619	https://www.chemicalprobes.org/
ALGPVOJFIGPPPX-VIFPVBQESA-N	P11586	inhibitor	EC50	>=	15	nM	cell	Cell viability | 15-20 nM				Chemical Probes Portal	TH9619	th9619	https://www.chemicalprobes.org/
ALGPVOJFIGPPPX-VIFPVBQESA-N	P11586	inhibitor					cell	1C metabolism to synthesize purines from [U-13C]serine measured by mass isotopomer distribution (MID) of  higher mass isoptopologues of ATP and ADP				Chemical Probes Portal	TH9619	th9619	https://www.chemicalprobes.org/
ALGPVOJFIGPPPX-VIFPVBQESA-N	P13995	inhibitor			47	nM	biochemical	biochemical activity assays				Chemical Probes Portal	TH9619	th9619	https://www.chemicalprobes.org/
ALGPVOJFIGPPPX-VIFPVBQESA-N	P13995	inhibitor			8.6	nM	binding	SPR | 8.6 ± 0.4 nM				Chemical Probes Portal	TH9619	th9619	https://www.chemicalprobes.org/
ALGPVOJFIGPPPX-VIFPVBQESA-N	P13995	inhibitor	EC50		11	nM	cell	Cell viability				Chemical Probes Portal	TH9619	th9619	https://www.chemicalprobes.org/
ALGPVOJFIGPPPX-VIFPVBQESA-N	P13995	inhibitor	ΔTm		5.9	nM	cell	CETSA on purified subcellular fraction of nuclei				Chemical Probes Portal	TH9619	th9619	https://www.chemicalprobes.org/
ALGPVOJFIGPPPX-VIFPVBQESA-N	Q9H903	inhibitor			47	nM	biochemical	biochemical activity assays				Chemical Probes Portal	TH9619	th9619	https://www.chemicalprobes.org/
UOZVVPXKJGOFIG-UHFFFAOYSA-N	O43318	inhibitor			5.46	nM	biochemical	Radiometric assay (Activity of purified TAK1-TAB1 protein using 5 µM ATP)				Chemical Probes Portal	DOI:10.1016/j.chembiol.2017.07.011	takinib	https://www.chemicalprobes.org/
UOZVVPXKJGOFIG-UHFFFAOYSA-N	O43318	inhibitor			200	nM	biochemical	Fluorescence-linked enzyme assay				Chemical Probes Portal	DOI:10.1016/j.chembiol.2017.07.011	takinib	https://www.chemicalprobes.org/
UOZVVPXKJGOFIG-UHFFFAOYSA-N	O43318	inhibitor			9.5	nM	biochemical	Enzymatic assay (MRC Dundee)				Chemical Probes Portal	DOI:10.1016/j.chembiol.2017.07.011	takinib	https://www.chemicalprobes.org/
UOZVVPXKJGOFIG-UHFFFAOYSA-N	O43318	inhibitor	EC50		2	uM	cell	initiation of apoptosis in TNF-α-stimulated Caspase-3/7-Activity Assay, PMID: 28820959				Chemical Probes Portal	DOI:10.1016/j.chembiol.2017.07.011	takinib	https://www.chemicalprobes.org/
UOZVVPXKJGOFIG-UHFFFAOYSA-N	O43318	inhibitor					cell					Chemical Probes Portal	DOI:10.1016/j.chembiol.2017.07.011	takinib	https://www.chemicalprobes.org/
MSYKRHVOOPPJKU-BDAKNGLRSA-N	Q7L0J3	inhibitor			540	nM	biochemical	Label-free spectral shift assay (Trp monitoring).				Chemical Probes Portal	DOI:10.1021/jm030913e	brivaracetam	https://www.chemicalprobes.org/
MSYKRHVOOPPJKU-BDAKNGLRSA-N	Q7L0J3	inhibitor			80	nM	biochemical	Binding assay performed on crude membranes				Chemical Probes Portal	DOI:10.1021/jm030913e	brivaracetam	https://www.chemicalprobes.org/
MSYKRHVOOPPJKU-BDAKNGLRSA-N	Q7L0J3	inhibitor			62	nM	binding	Radioligand binding assay				Chemical Probes Portal	DOI:10.1021/jm030913e	brivaracetam	https://www.chemicalprobes.org/
MSYKRHVOOPPJKU-BDAKNGLRSA-N	Q7L0J3	inhibitor	% inhibition		3.2	uM	cell	Brivaracetam was tested in vitro in rat hippocampal slices following perfusion with a high potassium-low calcium-containing fluid at concentrations of 0.1–10 μM. Brivaracetam significantly suppressed evoked epileptiform responses (population spikes, PSs) recorded in the CA3 area.				Chemical Probes Portal	DOI:10.1021/jm030913e	brivaracetam	https://www.chemicalprobes.org/
MSYKRHVOOPPJKU-BDAKNGLRSA-N	Q7L0J3	inhibitor	Kd		152	nM	cell	Radio ligand binding assay in CHO cells expressing human SV2A | 152 ± 40 nM				Chemical Probes Portal	DOI:10.1021/jm030913e	brivaracetam	https://www.chemicalprobes.org/
GCVYFXYBQCKHCH-UHFFFAOYSA-N	O96028	inhibitor			6.3	nM	biochemical	NSD2 biophysical binding				Chemical Probes Portal	DOI:10.1021/acs.jmedchem.4c00215	a1h7z	https://www.chemicalprobes.org/
GCVYFXYBQCKHCH-UHFFFAOYSA-N	O96028	inhibitor			2.5	nM	binding	SPR				Chemical Probes Portal	DOI:10.1021/acs.jmedchem.4c00215	a1h7z	https://www.chemicalprobes.org/
GCVYFXYBQCKHCH-UHFFFAOYSA-N	O96028	inhibitor	IC50		4	nM	cell	NanoBRET				Chemical Probes Portal	DOI:10.1021/acs.jmedchem.4c00215	a1h7z	https://www.chemicalprobes.org/
JGLGMFHQGRAHAO-HXUWFJFHSA-N	Q9UNW8	agonist	EC50		820	nM	cell	IP-One Assay for G2A				Chemical Probes Portal	DOI:10.1021/acs.jmedchem.3c02164	t-10418	https://www.chemicalprobes.org/
XKYVECRUZPCRQR-UHFFFAOYSA-N	Q14191	inhibitor			100	nM	biochemical	ATPase assay at high ATP				Chemical Probes Portal	DOI:10.1038/s41586-024-07350-y	hro761	https://www.chemicalprobes.org/
XKYVECRUZPCRQR-UHFFFAOYSA-N	Q14191	inhibitor			9	nM	biochemical	ATP binding				Chemical Probes Portal	DOI:10.1038/s41586-024-07350-y	hro761	https://www.chemicalprobes.org/
XKYVECRUZPCRQR-UHFFFAOYSA-N	Q14191	inhibitor					biochemical	40 nM				Chemical Probes Portal	DOI:10.1038/s41586-024-07350-y	hro761	https://www.chemicalprobes.org/
XKYVECRUZPCRQR-UHFFFAOYSA-N	Q14191	inhibitor	GI50		40	nM	cell	4 day proliferation assay in SW48 cells				Chemical Probes Portal	DOI:10.1038/s41586-024-07350-y	hro761	https://www.chemicalprobes.org/
XKYVECRUZPCRQR-UHFFFAOYSA-N	Q14191	inhibitor	GI50		40	nM	cell	4 day proliferation assay in SW48 cells				Chemical Probes Portal	DOI:10.1038/s41586-024-07350-y	hro761	https://www.chemicalprobes.org/
XKYVECRUZPCRQR-UHFFFAOYSA-N	Q14191	inhibitor	activity	>	80	nM	cell	Western blot for pATM; Ser1981), pCHK2 (Thr68), p53, p21, γH2AX and actin after treatment with HRO761 for 24 h (WRN); | >80 -150 nM				Chemical Probes Portal	DOI:10.1038/s41586-024-07350-y	hro761	https://www.chemicalprobes.org/
GHNYLVIESIGHDJ-OAQYLSRUSA-N	Q00535	inhibitor			2.3	nM	biochemical	In Vitro Kinase Assays (mobility shift assay)				Chemical Probes Portal	DOI:10.1021/acs.jmedchem.1c02069	gfb-12811	https://www.chemicalprobes.org/
GHNYLVIESIGHDJ-OAQYLSRUSA-N	Q00535	inhibitor			1	nM	biochemical	Calculated Ki				Chemical Probes Portal	DOI:10.1021/acs.jmedchem.1c02069	gfb-12811	https://www.chemicalprobes.org/
GHNYLVIESIGHDJ-OAQYLSRUSA-N	Q00535	inhibitor	IC50		1.2	nM	cell	NanoBRET with CDK5/p35				Chemical Probes Portal	DOI:10.1021/acs.jmedchem.1c02069	gfb-12811	https://www.chemicalprobes.org/
YHLQVQKZDZYMIP-MOPGFXCFSA-N	O14842	agonist	EC50		3.7	nM	cell	Calcium flux assay in transfected-GPR40 CHO cells				Chemical Probes Portal	DOI:10.1021/ml500391n	ds-1558	https://www.chemicalprobes.org/
NDAZATDQFDPQBD-UHFFFAOYSA-N	P07900	inhibitor			7.8	nM	biochemical	Fluorescence polarisation (FP) competitive binding assay				Chemical Probes Portal	Luminespib	luminespib	https://www.chemicalprobes.org/
NDAZATDQFDPQBD-UHFFFAOYSA-N	P07900	inhibitor	GI50	>=	2.3	nM	cell	Extensive evidence is available to validate depletion of client proteins (eg kinases CDK4, RAF and ERBB2/HER2 and transcription factors such as the estrogen and androgen receptor) together with increased expression of HSF1-regulated genes such as HSP72 and HSP27 as on-target molecular effects of HSP90 inhibitors) Eccles et al. 2008 (DOI: 10.1158/0008-5472.CAN-07-5256) and Banerji et al. 2005 (DOI: 10.1158/1078-0432.CCR-05-0518) | from 2.3 to 39 nM in various tumour cells				Chemical Probes Portal	Luminespib	luminespib	https://www.chemicalprobes.org/
NDAZATDQFDPQBD-UHFFFAOYSA-N	P07900	inhibitor	GI50		50	%	cell	Extensive evidence is available to validate depletion of client proteins (eg kinases CDK4, RAF and ERBB2/HER2 and transcription factors such as the estrogen and androgen receptor) together with increased expression of HSF1-regulated genes such as HSP72 and HSP27 as on-target molecular effects of HSP90 inhibitors) Eccles et al. 2008 (DOI: 10.1158/0008-5472.CAN-07-5256) and Banerji et al. 2005 (DOI: 10.1158/1078-0432.CCR-05-0518) | (*Growth Inhibition 50%)				Chemical Probes Portal	Luminespib	luminespib	https://www.chemicalprobes.org/
NDAZATDQFDPQBD-UHFFFAOYSA-N	P08238	inhibitor			21	nM	biochemical	Fluorescence polarisation (FP) competitive binding assay				Chemical Probes Portal	Luminespib	luminespib	https://www.chemicalprobes.org/
NDAZATDQFDPQBD-UHFFFAOYSA-N	P08238	inhibitor	GI50	>=	2.3	nM	cell	Extensive evidence is available to validate depletion of client proteins (eg kinases CDK4, RAF and ERBB2/HER2 and transcription factors such as the estrogen and androgen receptor) together with increased expression of HSF1-regulated genes such as HSP72 and HSP27 as on-target molecular effects of HSP90 inhibitors) Eccles et al. 2008 (DOI: 10.1158/0008-5472.CAN-07-5256) and Banerji et al. 2005 (DOI: 10.1158/1078-0432.CCR-05-0518) | from 2.3 to 39 nM in various tumour cells				Chemical Probes Portal	Luminespib	luminespib	https://www.chemicalprobes.org/
NDAZATDQFDPQBD-UHFFFAOYSA-N	P08238	inhibitor	GI50		50	%	cell	Extensive evidence is available to validate depletion of client proteins (eg kinases CDK4, RAF and ERBB2/HER2 and transcription factors such as the estrogen and androgen receptor) together with increased expression of HSF1-regulated genes such as HSP72 and HSP27 as on-target molecular effects of HSP90 inhibitors) Eccles et al. 2008 (DOI: 10.1158/0008-5472.CAN-07-5256) and Banerji et al. 2005 (DOI: 10.1158/1078-0432.CCR-05-0518) | (*Growth Inhibition 50%)				Chemical Probes Portal	Luminespib	luminespib	https://www.chemicalprobes.org/
UCJZOKGUEJUNIO-IINYFYTJSA-N	Q06124	inhibitor			11	nM	biochemical	Biochemical DiFMUP Assay				Chemical Probes Portal	DOI:10.1021/acs.jmedchem.0c01170	tno155	https://www.chemicalprobes.org/
UCJZOKGUEJUNIO-IINYFYTJSA-N	Q06124	inhibitor	IC50		11	nM	cell	Determination of p-ERK in cell (AlphaScreen SureFire)				Chemical Probes Portal	DOI:10.1021/acs.jmedchem.0c01170	tno155	https://www.chemicalprobes.org/
UCJZOKGUEJUNIO-IINYFYTJSA-N	Q06124	inhibitor	IC50		100	nM	cell	Cell proliferation assay				Chemical Probes Portal	DOI:10.1021/acs.jmedchem.0c01170	tno155	https://www.chemicalprobes.org/
ZLVKIBLQXFILMA-IKGGRYGDSA-N	Q9BYW2	inhibitor			5	nM	biochemical	SETD2 biochemical assay				Chemical Probes Portal	DOI:10.1021/acsmedchemlett.1c00272	epz-719	https://www.chemicalprobes.org/
ZLVKIBLQXFILMA-IKGGRYGDSA-N	Q9BYW2	inhibitor	IC50		25	nM	cell	Cell proliferation assay (14 days)				Chemical Probes Portal	DOI:10.1021/acsmedchemlett.1c00272	epz-719	https://www.chemicalprobes.org/
ZLVKIBLQXFILMA-IKGGRYGDSA-N	Q9BYW2	inhibitor	IC50		210	nM	cell	Cell proliferation assay (14 days)				Chemical Probes Portal	DOI:10.1021/acsmedchemlett.1c00272	epz-719	https://www.chemicalprobes.org/
ZLVKIBLQXFILMA-IKGGRYGDSA-N	Q9BYW2	inhibitor	IC50		23	nM	cell	in-cell Western cell biochemical assay in A549 cells by monitoring the H3K36 trimethyl mark				Chemical Probes Portal	DOI:10.1021/acsmedchemlett.1c00272	epz-719	https://www.chemicalprobes.org/
STPSLAZMEWZDAJ-AREMUKBSSA-N	O15294	inhibitor			8	nM	binding	MST (microscale thermophoresis) of active form 4a				Chemical Probes Portal	DOI:10.1021/jacs.8b07328	osmi-4	https://www.chemicalprobes.org/
STPSLAZMEWZDAJ-AREMUKBSSA-N	O15294	inhibitor	EC50	~	3000	nM	cell	O-GlcNAcylation levels after 24h treatment				Chemical Probes Portal	DOI:10.1021/jacs.8b07328	osmi-4	https://www.chemicalprobes.org/
JQLMEZBHIJSVKR-UHFFFAOYSA-N	O94921	inhibitor			27.1	nM	binding	NanoBRET in lysed cells				Chemical Probes Portal	DOI:10.3390/ijms232314834	ja397	https://www.chemicalprobes.org/
JQLMEZBHIJSVKR-UHFFFAOYSA-N	O94921	inhibitor	EC50		72.1	nM	cell	NanoBRET				Chemical Probes Portal	DOI:10.3390/ijms232314834	ja397	https://www.chemicalprobes.org/
JQLMEZBHIJSVKR-UHFFFAOYSA-N	Q96Q40	inhibitor			252	nM	binding	NanoBRET in lysed cells				Chemical Probes Portal	DOI:10.3390/ijms232314834	ja397	https://www.chemicalprobes.org/
JQLMEZBHIJSVKR-UHFFFAOYSA-N	Q96Q40	inhibitor	EC50		307	nM	cell	NanoBRET				Chemical Probes Portal	DOI:10.3390/ijms232314834	ja397	https://www.chemicalprobes.org/
JQLMEZBHIJSVKR-UHFFFAOYSA-N	Q00536	inhibitor			39	nM	binding	NanoBRET in lysed cells				Chemical Probes Portal	DOI:10.3390/ijms232314834	ja397	https://www.chemicalprobes.org/
JQLMEZBHIJSVKR-UHFFFAOYSA-N	Q00536	inhibitor	EC50		33.4	nM	cell	NanoBRET				Chemical Probes Portal	DOI:10.3390/ijms232314834	ja397	https://www.chemicalprobes.org/
JQLMEZBHIJSVKR-UHFFFAOYSA-N	Q00537	inhibitor			77.2		binding	NanoBRET in lysed cells				Chemical Probes Portal	DOI:10.3390/ijms232314834	ja397	https://www.chemicalprobes.org/
JQLMEZBHIJSVKR-UHFFFAOYSA-N	Q00537	inhibitor	EC50		21.2	nM	cell	NanoBRET				Chemical Probes Portal	DOI:10.3390/ijms232314834	ja397	https://www.chemicalprobes.org/
JQLMEZBHIJSVKR-UHFFFAOYSA-N	Q07002	inhibitor			172	nM	binding	NanoBRET in lysed cells				Chemical Probes Portal	DOI:10.3390/ijms232314834	ja397	https://www.chemicalprobes.org/
JQLMEZBHIJSVKR-UHFFFAOYSA-N	Q07002	inhibitor	EC50		121	nM	cell	NanoBRET				Chemical Probes Portal	DOI:10.3390/ijms232314834	ja397	https://www.chemicalprobes.org/
VBYGXNURPHQSPG-MUUNZHRXSA-N	P50613	inhibitor			7.6	nM	biochemical	Biochemical Radioactivity Assay				Chemical Probes Portal	DOI:10.1016/j.celrep.2017.09.056	ykl-01-116	https://www.chemicalprobes.org/
VBYGXNURPHQSPG-MUUNZHRXSA-N	P50613	inhibitor					cell	YKL-1-116 dose-dependently targets CDK7 in HCT116, Jurkat, Kuramochi, OVCAR8, and COV362 cancer cells as assessed by intracellular target engagement				Chemical Probes Portal	DOI:10.1016/j.celrep.2017.09.056	ykl-01-116	https://www.chemicalprobes.org/
DZTGIRNXWSZBIM-QURGRASLSA-N	O60885	inhibitor			85	nM	biochemical	in vitro fluorescent anisotropy binding assay | 85 nM BD1				Chemical Probes Portal	DOI:10.1021/jm401334s	ms436	https://www.chemicalprobes.org/
DZTGIRNXWSZBIM-QURGRASLSA-N	O60885	inhibitor			340	nM	biochemical	in vitro fluorescent anisotropy binding assay | 340 nM BD2				Chemical Probes Portal	DOI:10.1021/jm401334s	ms436	https://www.chemicalprobes.org/
DZTGIRNXWSZBIM-QURGRASLSA-N	O60885	inhibitor	IC50		3800	nM	cell	Inhibition of NF-κB pathway (NO assay)				Chemical Probes Portal	DOI:10.1021/jm401334s	ms436	https://www.chemicalprobes.org/
DZTGIRNXWSZBIM-QURGRASLSA-N	O60885	inhibitor	IC50		4900	nM	cell	ELISA assay				Chemical Probes Portal	DOI:10.1021/jm401334s	ms436	https://www.chemicalprobes.org/
DZTGIRNXWSZBIM-QURGRASLSA-N	Q15059	inhibitor			100	nM	biochemical	in vitro fluorescence anisotropy binding assay | 100 nM BD1				Chemical Probes Portal	DOI:10.1021/jm401334s	ms436	https://www.chemicalprobes.org/
DZTGIRNXWSZBIM-QURGRASLSA-N	Q15059	inhibitor			140	nM	biochemical	in vitro fluorescence anisotropy binding assay | 140 nM BD2				Chemical Probes Portal	DOI:10.1021/jm401334s	ms436	https://www.chemicalprobes.org/
YLHSFRZHEMHKAF-UHFFFAOYSA-N	Q9UBN7	inhibitor			84	nM	binding	SPR with HDAC6 Ubiquitin Binding Domain				Chemical Probes Portal	DOI:10.1021/acs.jmedchem.3c00314	sgc-ubd253	https://www.chemicalprobes.org/
YLHSFRZHEMHKAF-UHFFFAOYSA-N	Q9UBN7	inhibitor			80	nM	binding	ITC				Chemical Probes Portal	DOI:10.1021/acs.jmedchem.3c00314	sgc-ubd253	https://www.chemicalprobes.org/
YLHSFRZHEMHKAF-UHFFFAOYSA-N	Q9UBN7	inhibitor			95	nM	biochemical	Fluorescence Polarisation Assay				Chemical Probes Portal	DOI:10.1021/acs.jmedchem.3c00314	sgc-ubd253	https://www.chemicalprobes.org/
YLHSFRZHEMHKAF-UHFFFAOYSA-N	Q9UBN7	inhibitor	EC50		1900	nM	cell	NanoBRET | 1900 ± 600 nM				Chemical Probes Portal	DOI:10.1021/acs.jmedchem.3c00314	sgc-ubd253	https://www.chemicalprobes.org/
YDPMMWAOCCOULO-JBRSBNLGSA-N	Q6PL18	inhibitor			7.94	nM	binding	ITC				Chemical Probes Portal	DOI:10.1002/anie.201603928	gsk8814	https://www.chemicalprobes.org/
YDPMMWAOCCOULO-JBRSBNLGSA-N	Q6PL18	inhibitor			1.25	nM	binding	BROMOscan				Chemical Probes Portal	DOI:10.1002/anie.201603928	gsk8814	https://www.chemicalprobes.org/
YDPMMWAOCCOULO-JBRSBNLGSA-N	Q6PL18	inhibitor			50.1	nM	biochemical	TR-FRET				Chemical Probes Portal	DOI:10.1002/anie.201603928	gsk8814	https://www.chemicalprobes.org/
YDPMMWAOCCOULO-JBRSBNLGSA-N	Q6PL18	inhibitor	IC50		2	uM	cell	NanoBRET				Chemical Probes Portal	DOI:10.1002/anie.201603928	gsk8814	https://www.chemicalprobes.org/
YDPMMWAOCCOULO-JBRSBNLGSA-N	Q9ULI0	inhibitor			20	nM	biochemical	TR-FRET				Chemical Probes Portal	DOI:10.1002/anie.201603928	gsk8814	https://www.chemicalprobes.org/
YDPMMWAOCCOULO-JBRSBNLGSA-N	Q9ULI0	inhibitor	IC50		2	uM	cell	NanoBRET				Chemical Probes Portal	DOI:10.1002/anie.201603928	gsk8814	https://www.chemicalprobes.org/
SPDQRCUBFSRAFI-DOMZBBRYSA-N	Q8NEB9	inhibitor			1	nM	biochemical	Phosphorylation of a PtdIns substrate by human recombinant Vps34 enzyme				Chemical Probes Portal	DOI:10.1038/nchembio.1681	sar405	https://www.chemicalprobes.org/
SPDQRCUBFSRAFI-DOMZBBRYSA-N	Q8NEB9	inhibitor			1.5	nM	binding	Surface Plasmon Resonance (SPR) technology using immobilized human Vps34 protein; koff, of 3.03 ± 0.55 10−3 s−1, corresponding to a residence half-life, t1/2, of 3.8 min				Chemical Probes Portal	DOI:10.1038/nchembio.1681	sar405	https://www.chemicalprobes.org/
SPDQRCUBFSRAFI-DOMZBBRYSA-N	Q8NEB9	inhibitor	IC50		27	nM	cell	PtdIns3P relocalisation assay GFP-FYVE–transfected HeLa cell line				Chemical Probes Portal	DOI:10.1038/nchembio.1681	sar405	https://www.chemicalprobes.org/
DORZPJWJOBMQKC-UHFFFAOYSA-N	Q9Y2I7	inhibitor			6.9	nM	biochemical	Enzymatic assay (SignalChem)				Chemical Probes Portal	DOI:10.1021/acs.jmedchem.2c00697	sgc-pikfyve-1	https://www.chemicalprobes.org/
DORZPJWJOBMQKC-UHFFFAOYSA-N	Q9Y2I7	inhibitor	IC50		4	nM	cell	NanoBRET				Chemical Probes Portal	DOI:10.1021/acs.jmedchem.2c00697	sgc-pikfyve-1	https://www.chemicalprobes.org/
NDEORODKVUYMFQ-NHCUHLMSSA-N	P25440	inhibitor			100	nM	biochemical	BET mutant TR-FRET assay (BRD2 BD1)				Chemical Probes Portal	DOI:10.1021/acs.jmedchem.0c00614	gsk789	https://www.chemicalprobes.org/
NDEORODKVUYMFQ-NHCUHLMSSA-N	P25440	inhibitor			20	nM	binding	BRD2 BD1 Bromoscan (DiscoverX)				Chemical Probes Portal	DOI:10.1021/acs.jmedchem.0c00614	gsk789	https://www.chemicalprobes.org/
NDEORODKVUYMFQ-NHCUHLMSSA-N	P25440	inhibitor			4	nM	biochemical	BRD2 BD1 Chemoproteomics				Chemical Probes Portal	DOI:10.1021/acs.jmedchem.0c00614	gsk789	https://www.chemicalprobes.org/
NDEORODKVUYMFQ-NHCUHLMSSA-N	P25440	inhibitor	IC50		125	nM	cell	Proliferation assay (MV-4−11 cells)				Chemical Probes Portal	DOI:10.1021/acs.jmedchem.0c00614	gsk789	https://www.chemicalprobes.org/
NDEORODKVUYMFQ-NHCUHLMSSA-N	P25440	inhibitor	IC50		390	nM	cell	Proliferation assay (HL60 cells)				Chemical Probes Portal	DOI:10.1021/acs.jmedchem.0c00614	gsk789	https://www.chemicalprobes.org/
NDEORODKVUYMFQ-NHCUHLMSSA-N	P25440	inhibitor	IC50		258	nM	cell	Proliferation assay (THP-1 cells)				Chemical Probes Portal	DOI:10.1021/acs.jmedchem.0c00614	gsk789	https://www.chemicalprobes.org/
NDEORODKVUYMFQ-NHCUHLMSSA-N	P25440	inhibitor	IC50		670	nM	cell	In vitro inhibition of MCP-1 in Lipopolysaccharide-stimulated human whole blood				Chemical Probes Portal	DOI:10.1021/acs.jmedchem.0c00614	gsk789	https://www.chemicalprobes.org/
NDEORODKVUYMFQ-NHCUHLMSSA-N	P25440	inhibitor	IC50		20	nM	cell	LPS-PBMC assay (MCP-1)				Chemical Probes Portal	DOI:10.1021/acs.jmedchem.0c00614	gsk789	https://www.chemicalprobes.org/
NDEORODKVUYMFQ-NHCUHLMSSA-N	Q15059	inhibitor			158	nM	biochemical	BET mutant TR-FRET assay (BRD3 BD1)				Chemical Probes Portal	DOI:10.1021/acs.jmedchem.0c00614	gsk789	https://www.chemicalprobes.org/
NDEORODKVUYMFQ-NHCUHLMSSA-N	Q15059	inhibitor			16	nM	binding	BRD3 BD1 Bromoscan (DiscoverX)				Chemical Probes Portal	DOI:10.1021/acs.jmedchem.0c00614	gsk789	https://www.chemicalprobes.org/
NDEORODKVUYMFQ-NHCUHLMSSA-N	Q15059	inhibitor			4	nM	biochemical	BRD3 BD1 Chemoproteomics				Chemical Probes Portal	DOI:10.1021/acs.jmedchem.0c00614	gsk789	https://www.chemicalprobes.org/
NDEORODKVUYMFQ-NHCUHLMSSA-N	O60885	inhibitor			31	nM	biochemical	BET mutant TR-FRET assay (BRD4 BD1)				Chemical Probes Portal	DOI:10.1021/acs.jmedchem.0c00614	gsk789	https://www.chemicalprobes.org/
NDEORODKVUYMFQ-NHCUHLMSSA-N	O60885	inhibitor			20	nM	binding	BRD3 BD1 Bromoscan (DiscoverX)				Chemical Probes Portal	DOI:10.1021/acs.jmedchem.0c00614	gsk789	https://www.chemicalprobes.org/
NDEORODKVUYMFQ-NHCUHLMSSA-N	O60885	inhibitor			6.3	nM	biochemical	BRD4 BD1 Chemoproteomics				Chemical Probes Portal	DOI:10.1021/acs.jmedchem.0c00614	gsk789	https://www.chemicalprobes.org/
NDEORODKVUYMFQ-NHCUHLMSSA-N	Q58F21	inhibitor			630	nM	biochemical	BET mutant TR-FRET assay (BRDT BD1)				Chemical Probes Portal	DOI:10.1021/acs.jmedchem.0c00614	gsk789	https://www.chemicalprobes.org/
NDEORODKVUYMFQ-NHCUHLMSSA-N	Q58F21	inhibitor			20	nM	binding	BRD4 BD1 Bromoscan (DiscoverX)				Chemical Probes Portal	DOI:10.1021/acs.jmedchem.0c00614	gsk789	https://www.chemicalprobes.org/
NDEORODKVUYMFQ-NHCUHLMSSA-N	Q58F21	inhibitor			10	nM	biochemical	BRDT BD1 Chemoproteomics				Chemical Probes Portal	DOI:10.1021/acs.jmedchem.0c00614	gsk789	https://www.chemicalprobes.org/
CFUSHHQUUUZFAG-UHFFFAOYSA-N	Q9H0E9	inhibitor			48	nM	biochemical	AlphaScreen				Chemical Probes Portal	DOI:10.1021/acschembio.1c00256	dn02	https://www.chemicalprobes.org/
CFUSHHQUUUZFAG-UHFFFAOYSA-N	Q9H0E9	inhibitor			34	nM	biochemical	BromoKdELECT (DiscoveRx).				Chemical Probes Portal	DOI:10.1021/acschembio.1c00256	dn02	https://www.chemicalprobes.org/
CFUSHHQUUUZFAG-UHFFFAOYSA-N	Q9H0E9	inhibitor	IC50		640	nM	cell	NanoBRET				Chemical Probes Portal	DOI:10.1021/acschembio.1c00256	dn02	https://www.chemicalprobes.org/
IIKPYJZUOZRTIB-UHFFFAOYSA-N	P24941	inhibitor			230	nM	biochemical	In Vitro kinase assay				Chemical Probes Portal	DOI:10.1021/acsmedchemlett.4c00219	cansar3182031	https://www.chemicalprobes.org/
IIKPYJZUOZRTIB-UHFFFAOYSA-N	P24941	inhibitor	IC50		460	nM	cell	NanoBRET				Chemical Probes Portal	DOI:10.1021/acsmedchemlett.4c00219	cansar3182031	https://www.chemicalprobes.org/
WKDNQONLGXOZRG-HRNNMHKYSA-N	P56817	inhibitor			0.4	nM	biochemical	TR-FRET assays				Chemical Probes Portal	DOI:10.3233/JAD-150834	azd3293	https://www.chemicalprobes.org/
WKDNQONLGXOZRG-HRNNMHKYSA-N	P56817	inhibitor			0.6	nM	biochemical	TR-FRET assay				Chemical Probes Portal	DOI:10.3233/JAD-150834	azd3293	https://www.chemicalprobes.org/
WKDNQONLGXOZRG-HRNNMHKYSA-N	P56817	inhibitor	IC50		0.8	nM	cell	AB40 reduction				Chemical Probes Portal	DOI:10.3233/JAD-150834	azd3293	https://www.chemicalprobes.org/
WKDNQONLGXOZRG-HRNNMHKYSA-N	Q9Y5Z0	inhibitor			0.8	nM	biochemical	TR-FRET assay				Chemical Probes Portal	DOI:10.3233/JAD-150834	azd3293	https://www.chemicalprobes.org/
WKDNQONLGXOZRG-HRNNMHKYSA-N	Q9Y5Z0	inhibitor			0.9	nM	biochemical	TR-FRET assay				Chemical Probes Portal	DOI:10.3233/JAD-150834	azd3293	https://www.chemicalprobes.org/
HEAGNKNMQVIVMM-UHFFFAOYSA-N	P49759	inhibitor			8	nM	biochemical	Biochemical assay				Chemical Probes Portal	DOI:10.1016/j.ejmech.2021.113299	mu1210	https://www.chemicalprobes.org/
HEAGNKNMQVIVMM-UHFFFAOYSA-N	P49759	inhibitor	Ki		84	nM	cell	NanoBRET				Chemical Probes Portal	DOI:10.1016/j.ejmech.2021.113299	mu1210	https://www.chemicalprobes.org/
HEAGNKNMQVIVMM-UHFFFAOYSA-N	P49760	inhibitor			20	nM	biochemical	Biochemical assay				Chemical Probes Portal	DOI:10.1016/j.ejmech.2021.113299	mu1210	https://www.chemicalprobes.org/
HEAGNKNMQVIVMM-UHFFFAOYSA-N	P49760	inhibitor	Ki		91	nM	cell	NanoBRET				Chemical Probes Portal	DOI:10.1016/j.ejmech.2021.113299	mu1210	https://www.chemicalprobes.org/
HEAGNKNMQVIVMM-UHFFFAOYSA-N	Q9HAZ1	inhibitor			12	nM	biochemical	Biochemical assay				Chemical Probes Portal	DOI:10.1016/j.ejmech.2021.113299	mu1210	https://www.chemicalprobes.org/
HEAGNKNMQVIVMM-UHFFFAOYSA-N	Q9HAZ1	inhibitor	Ki		23	nM	cell	NanoBRET				Chemical Probes Portal	DOI:10.1016/j.ejmech.2021.113299	mu1210	https://www.chemicalprobes.org/
GPMTWAPXRJMXCC-UHFFFAOYSA-N	Q03111	inhibitor			25	nM	biochemical	ENL-H3K27cr HTRF				Chemical Probes Portal	SR-0813	sr-0813	https://www.chemicalprobes.org/
GPMTWAPXRJMXCC-UHFFFAOYSA-N	Q03111	inhibitor			30	nM	binding	SPR				Chemical Probes Portal	SR-0813	sr-0813	https://www.chemicalprobes.org/
GPMTWAPXRJMXCC-UHFFFAOYSA-N	Q03111	inhibitor	EC50		205	nM	cell	ENL and AL9 (YEATS)-HiBiT CETSA				Chemical Probes Portal	SR-0813	sr-0813	https://www.chemicalprobes.org/
GPMTWAPXRJMXCC-UHFFFAOYSA-N	P42568	inhibitor			311	nM	biochemical	ENL-H3K27cr HTRF				Chemical Probes Portal	SR-0813	sr-0813	https://www.chemicalprobes.org/
GPMTWAPXRJMXCC-UHFFFAOYSA-N	P42568	inhibitor	EC50		76	nM	cell	ENL and AL9 (YEATS)-HiBiT CETSA				Chemical Probes Portal	SR-0813	sr-0813	https://www.chemicalprobes.org/
JNAABFZPXJJMPX-UHFFFAOYSA-N	Q02127	inhibitor			25	nM	biochemical	Activity assay				Chemical Probes Portal	DOI:10.1021/acs.jmedchem.5b00606	ipp_cnrs_a017	https://www.chemicalprobes.org/
JNAABFZPXJJMPX-UHFFFAOYSA-N	Q02127	inhibitor	EC50		2.5	nM	cell	Measles Virus Inhibition Assay using HEK-293T cells infected with rMV2/Luc				Chemical Probes Portal	DOI:10.1021/acs.jmedchem.5b00606	ipp_cnrs_a017	https://www.chemicalprobes.org/
JNAABFZPXJJMPX-UHFFFAOYSA-N	Q02127	inhibitor	IC50		50	nM	cell	Inhibition of T cell proliferation in Jurkat cells				Chemical Probes Portal	DOI:10.1021/acs.jmedchem.5b00606	ipp_cnrs_a017	https://www.chemicalprobes.org/
JWZAQUXBYYOGFA-UHFFFAOYSA-N	Q07889	activator			44	nM	binding	Fluorescence Polarization Anisotropy (FPA) competition binding assay				Chemical Probes Portal	DOI:10.1021/acs.jmedchem.8b01108	vubi1	https://www.chemicalprobes.org/
JWZAQUXBYYOGFA-UHFFFAOYSA-N	Q07889	activator	EC50		94	nM	cell	HRAS Nucleotide Exchange				Chemical Probes Portal	DOI:10.1021/acs.jmedchem.8b01108	vubi1	https://www.chemicalprobes.org/
SZZJHKUNVBZYMT-RGULYWFUSA-N	Q9Y2J8	inhibitor			150	nM	biochemical	Fluorescence Quenching (FQ) assay				Chemical Probes Portal	DOI:10.1021/acschembio.4c00397	pf-3166	https://www.chemicalprobes.org/
SZZJHKUNVBZYMT-RGULYWFUSA-N	Q9Y2J8	inhibitor			580	nM	biochemical	NH3-release assay				Chemical Probes Portal	DOI:10.1021/acschembio.4c00397	pf-3166	https://www.chemicalprobes.org/
SZZJHKUNVBZYMT-RGULYWFUSA-N	Q9Y2J8	inhibitor			610	nM	biochemical	Glutamate Dehydrogenase (GDH) coupled assay at a [Ca2+] of 0.25 mM				Chemical Probes Portal	DOI:10.1021/acschembio.4c00397	pf-3166	https://www.chemicalprobes.org/
SZZJHKUNVBZYMT-RGULYWFUSA-N	Q9Y2J8	inhibitor			221	nM	biochemical	Affinity Selection Mass Spectrometry (ASMS) assay				Chemical Probes Portal	DOI:10.1021/acschembio.4c00397	pf-3166	https://www.chemicalprobes.org/
SZZJHKUNVBZYMT-RGULYWFUSA-N	Q9Y2J8	inhibitor			9	degC	biochemical	TSA				Chemical Probes Portal	DOI:10.1021/acschembio.4c00397	pf-3166	https://www.chemicalprobes.org/
SZZJHKUNVBZYMT-RGULYWFUSA-N	Q9Y2J8	inhibitor	IC50		3000	nM	cell	Neutrophil Citrullination Assay (Imax of 70%)				Chemical Probes Portal	DOI:10.1021/acschembio.4c00397	pf-3166	https://www.chemicalprobes.org/
GHKMIOAEPALCFS-UHFFFAOYSA-N	O00329	inhibitor			2.1	nM	biochemical	ADAPTA assay, homogenous, fluorescence-based immunoassay for the detection of ADP				Chemical Probes Portal	DOI:10.1021/acsmedchemlett.6b00209	fmf-02-063-1	https://www.chemicalprobes.org/
GHKMIOAEPALCFS-UHFFFAOYSA-N	O00329	inhibitor					cell	AKT and S6RP phosphorylation in isogenic HMEC lines expressing CA-p110α, CA-p110β, or CA-p110δ				Chemical Probes Portal	DOI:10.1021/acsmedchemlett.6b00209	fmf-02-063-1	https://www.chemicalprobes.org/
GHKMIOAEPALCFS-UHFFFAOYSA-N	O00329	inhibitor	IC50		1.4	uM	cell	Cell Viability Assays | 1.4 µM				Chemical Probes Portal	DOI:10.1021/acsmedchemlett.6b00209	fmf-02-063-1	https://www.chemicalprobes.org/
GHKMIOAEPALCFS-UHFFFAOYSA-N	O00329	inhibitor	IC50		1.3	uM	cell	Cell Viability Assays | 1.3 µM				Chemical Probes Portal	DOI:10.1021/acsmedchemlett.6b00209	fmf-02-063-1	https://www.chemicalprobes.org/
GHKMIOAEPALCFS-UHFFFAOYSA-N	O00329	inhibitor	IC50		0.62	uM	cell	Cell Viability Assays | 0.62 µM				Chemical Probes Portal	DOI:10.1021/acsmedchemlett.6b00209	fmf-02-063-1	https://www.chemicalprobes.org/
GHKMIOAEPALCFS-UHFFFAOYSA-N	O00329	inhibitor	IC50		1	uM	cell	Cell Viability Assays | 1.0 µM				Chemical Probes Portal	DOI:10.1021/acsmedchemlett.6b00209	fmf-02-063-1	https://www.chemicalprobes.org/
GHKMIOAEPALCFS-UHFFFAOYSA-N	O00329	inhibitor	IC50		0.35	uM	cell	Cell Viability Assays | 0.35 µM				Chemical Probes Portal	DOI:10.1021/acsmedchemlett.6b00209	fmf-02-063-1	https://www.chemicalprobes.org/
GHKMIOAEPALCFS-UHFFFAOYSA-N	P48736	inhibitor			6.5	nM	biochemical	ADAPTA assay, homogenous, fluorescence-based immunoassay for the detection of ADP				Chemical Probes Portal	DOI:10.1021/acsmedchemlett.6b00209	fmf-02-063-1	https://www.chemicalprobes.org/
RTFQFPZKDYMMMJ-RIAKQDHQSA-N	Q96BR1	degrader (protac)			300	nM	biochemical	Biochemical assay (radioactive filter binding assay using 33P ATP)				Chemical Probes Portal	DOI:10.1021/acschembio.9b00505	sgk3-protac1	https://www.chemicalprobes.org/
RTFQFPZKDYMMMJ-RIAKQDHQSA-N	Q96BR1	degrader (protac)	Dmax		65	%	cell	Degradation of SGK3 at 48h				Chemical Probes Portal	DOI:10.1021/acschembio.9b00505	sgk3-protac1	https://www.chemicalprobes.org/
YJOJMGTVKMABKQ-FIQOPJFZSA-N	Q9NYV4	degrader (protac)			6	nM	biochemical	radioactive CDK12/Cyclin K in vitro kinase assay				Chemical Probes Portal	DOI:10.1038/s41589-021-00765-y	bsj-4-116	https://www.chemicalprobes.org/
YJOJMGTVKMABKQ-FIQOPJFZSA-N	Q9NYV4	degrader (protac)	activity		250	nM	cell	Degradation assessed by western blot for CDK12				Chemical Probes Portal	DOI:10.1038/s41589-021-00765-y	bsj-4-116	https://www.chemicalprobes.org/
JECHBTRAPARMGI-KMIZWFMDSA-N	P49336	degrader (protac)			159	nM	biochemical	Biochemical assay				Chemical Probes Portal	DOI:10.1021/acsmedchemlett.8b00011	jh-xi-10-02	https://www.chemicalprobes.org/
JECHBTRAPARMGI-KMIZWFMDSA-N	P49336	degrader (protac)	activity		1	uM	cell	Inhibition of CDK8				Chemical Probes Portal	DOI:10.1021/acsmedchemlett.8b00011	jh-xi-10-02	https://www.chemicalprobes.org/
QUQTXFIMYFMULC-OGOZKGDESA-N	O15164	degrader (protac)			338	nM	biochemical	TRIM24 ligand-displacement assay				Chemical Probes Portal	dTRIM24	dtrim24	https://www.chemicalprobes.org/
QUQTXFIMYFMULC-OGOZKGDESA-N	O15164	degrader (protac)	Dmax	>=	72	%	cell	Immunoblotting, Antiproliferative effect of selective TRIM24 degradation, detection of genome-wide TRIM24-chromatin association | 72-76 %				Chemical Probes Portal	dTRIM24	dtrim24	https://www.chemicalprobes.org/
ZSCOIFSUFMYZEZ-YSWDPXALSA-N	P00533	degrader (protac)	DC50		39.2	nM	cell	Immunoblots				Chemical Probes Portal	SJF1528	sjf1528	https://www.chemicalprobes.org/
ZSCOIFSUFMYZEZ-YSWDPXALSA-N	P00533	degrader (protac)	Dmax		97.6	%	cell	Immunoblots				Chemical Probes Portal	SJF1528	sjf1528	https://www.chemicalprobes.org/
ZSCOIFSUFMYZEZ-YSWDPXALSA-N	P04626	degrader (protac)	DC50		736.2	nM	cell	Immunoblots, Cell proliferation assay, suppression of downstream signalling.				Chemical Probes Portal	SJF1528	sjf1528	https://www.chemicalprobes.org/
ZSCOIFSUFMYZEZ-YSWDPXALSA-N	P04626	degrader (protac)	Dmax		68.8	%	cell	Immunoblots				Chemical Probes Portal	SJF1528	sjf1528	https://www.chemicalprobes.org/
BQXUPNKLZNSUMC-YUQWMIPFSA-N	P03372	degrader (protac)	DC50		0.17	nM	cell	Degradation of ER in MCF-7 cells after 4 h treatment				Chemical Probes Portal	DOI:10.1021/acs.jmedchem.8b01572	erd-308	https://www.chemicalprobes.org/
BQXUPNKLZNSUMC-YUQWMIPFSA-N	P03372	degrader (protac)	Dmax	>	99	%	cell	Degradation of ER in MCF-7 cells after 4 h treatment with Tmax < 3h				Chemical Probes Portal	DOI:10.1021/acs.jmedchem.8b01572	erd-308	https://www.chemicalprobes.org/
BQXUPNKLZNSUMC-YUQWMIPFSA-N	P03372	degrader (protac)	DC50		0.43	nM	cell	Degradation of ER in T47D cells after 4 h treatment				Chemical Probes Portal	DOI:10.1021/acs.jmedchem.8b01572	erd-308	https://www.chemicalprobes.org/
BQXUPNKLZNSUMC-YUQWMIPFSA-N	P03372	degrader (protac)	Dmax	>	95	%	cell	Degradation of ER in T47D cells after 4 h treatment with Tmax  about 3 h				Chemical Probes Portal	DOI:10.1021/acs.jmedchem.8b01572	erd-308	https://www.chemicalprobes.org/
BQXUPNKLZNSUMC-YUQWMIPFSA-N	P03372	degrader (protac)	IC50		0.77	nM	cell	Cell Proliferation assay in MCF-7 cells				Chemical Probes Portal	DOI:10.1021/acs.jmedchem.8b01572	erd-308	https://www.chemicalprobes.org/
PACRWHUPEPCFHX-UHFFFAOYSA-N	Q00534	degrader (protac)	DC50		2.1	nM	cell	western blot, proliferation assay in correlation with protein degradation | 2.1 nM (DC50)				Chemical Probes Portal	CP-10	cp-10	https://www.chemicalprobes.org/
PACRWHUPEPCFHX-UHFFFAOYSA-N	Q00534	degrader (protac)			10	nM	cell	western blot, proliferation assay in correlation with protein degradation | 10 nM MM.aS				Chemical Probes Portal	CP-10	cp-10	https://www.chemicalprobes.org/
PACRWHUPEPCFHX-UHFFFAOYSA-N	Q00534	degrader (protac)			8	nM	cell	western blot, proliferation assay in correlation with protein degradation | 8 nM Mino				Chemical Probes Portal	CP-10	cp-10	https://www.chemicalprobes.org/
PACRWHUPEPCFHX-UHFFFAOYSA-N	Q00534	degrader (protac)			72	%	cell	western blot, proliferation assay in correlation with protein degradation | 72% @ 10 nM		10	nM	Chemical Probes Portal	CP-10	cp-10	https://www.chemicalprobes.org/
PACRWHUPEPCFHX-UHFFFAOYSA-N	Q00534	degrader (protac)			89	%	cell	western blot, proliferation assay in correlation with protein degradation | 89% @ 100 nM		100	nM	Chemical Probes Portal	CP-10	cp-10	https://www.chemicalprobes.org/
ZUODKONSNNHSAJ-AMLBMYBGSA-N	Q9Y616	degrader (protac)			4.9	nM	biochemical	Enzymatic binding assay				Chemical Probes Portal	DOI:10.1021/acs.jmedchem.0c01125	irak3-protac	https://www.chemicalprobes.org/
ZUODKONSNNHSAJ-AMLBMYBGSA-N	Q9Y616	degrader (protac)	DC50		2	nM	cell	Degradation of IRAK3 in THP1 cells after 16 h treatment				Chemical Probes Portal	DOI:10.1021/acs.jmedchem.0c01125	irak3-protac	https://www.chemicalprobes.org/
ZUODKONSNNHSAJ-AMLBMYBGSA-N	Q9Y616	degrader (protac)	DC50		2	nM	cell	Western blot; maximum degradation measured (Dmax) 98%				Chemical Probes Portal	DOI:10.1021/acs.jmedchem.0c01125	irak3-protac	https://www.chemicalprobes.org/
XIRQUXILNXIWDI-UHFFFAOYSA-N	Q9UM73	degrader (protac)			0.6	nM	biochemical	ALK LANCE Activity Assay at ATP Km (18µM)				Chemical Probes Portal	TL13-112	tl13-112	https://www.chemicalprobes.org/
XIRQUXILNXIWDI-UHFFFAOYSA-N	Q9UM73	degrader (protac)	DC50		10	nM	cell	Immunoblots of dose titrated cell lysates TNT LC-MS | 10 nM (H3122)				Chemical Probes Portal	TL13-112	tl13-112	https://www.chemicalprobes.org/
XIRQUXILNXIWDI-UHFFFAOYSA-N	Q9UM73	degrader (protac)	DC50		40	nM	cell	Immunoblots of dose titrated cell lysates TNT LC-MS | 40 nM (K-299)				Chemical Probes Portal	TL13-112	tl13-112	https://www.chemicalprobes.org/
XIRQUXILNXIWDI-UHFFFAOYSA-N	Q9UM73	degrader (protac)	DC50		50	nM	cell	Immunoblots of dose titrated cell lysates TNT LC-MS | 50 nM (Kelly)				Chemical Probes Portal	TL13-112	tl13-112	https://www.chemicalprobes.org/
WMBSSRAFHKGIRA-UHFFFAOYSA-N	P19634	degrader (protac)					biochemical					Chemical Probes Portal	d9A-2	d9a-2	https://www.chemicalprobes.org/
WMBSSRAFHKGIRA-UHFFFAOYSA-N	P19634	degrader (protac)	EC50	<	1	uM	cell	Cell Viability				Chemical Probes Portal	d9A-2	d9a-2	https://www.chemicalprobes.org/
LJGCXHMGIUJXDV-UHFFFAOYSA-N	P18031	degrader (protac)	DC50		200	nM	cell	PTP1B degradation after 48 h				Chemical Probes Portal	DOI:10.1021/acs.jmedchem.4c00356	ptpn1-degrader-75	https://www.chemicalprobes.org/
HZHUKQLWLNDVDZ-IBDVCRJISA-N	Q86X55	inhibitor			275	nM	binding	SPR				Chemical Probes Portal	DOI:10.7554/eLife.47110	ski-73	https://www.chemicalprobes.org/
HZHUKQLWLNDVDZ-IBDVCRJISA-N	Q86X55	inhibitor			1100	nM	biochemical	Radiometric filter paper assay | 1100 ± 100 nM				Chemical Probes Portal	DOI:10.7554/eLife.47110	ski-73	https://www.chemicalprobes.org/
HZHUKQLWLNDVDZ-IBDVCRJISA-N	Q86X55	inhibitor	ΔTm		4.3	degC	cell	CETSA				Chemical Probes Portal	DOI:10.7554/eLife.47110	ski-73	https://www.chemicalprobes.org/
HZHUKQLWLNDVDZ-IBDVCRJISA-N	Q86X55	inhibitor	EC50		750	nM	cell	Arg1064 methylation of BAF155 | 750 ± 40 nM				Chemical Probes Portal	DOI:10.7554/eLife.47110	ski-73	https://www.chemicalprobes.org/
HZHUKQLWLNDVDZ-IBDVCRJISA-N	Q86X55	inhibitor	EC50		450	nM	cell	Arg455/Arg460 methylation of PABP1 | 450 ± 140 nM				Chemical Probes Portal	DOI:10.7554/eLife.47110	ski-73	https://www.chemicalprobes.org/
HZHUKQLWLNDVDZ-IBDVCRJISA-N	Q86X55	inhibitor	EC50		1300	nM	cell	Invasion inhibition assay | 1300 ± 200 nM				Chemical Probes Portal	DOI:10.7554/eLife.47110	ski-73	https://www.chemicalprobes.org/
XPEJZXWPKDAYFX-UHFFFAOYSA-N	Q9Y657	inhibitor			9.9	nM	binding	AlphaScreen, SYPRO Orange thermal shift assay, ITC | 9.9 nM. (Kd)				Chemical Probes Portal	VinSpinIn	vinspinin	https://www.chemicalprobes.org/
XPEJZXWPKDAYFX-UHFFFAOYSA-N	Q9Y657	inhibitor			33	nM	binding	AlphaScreen, SYPRO Orange thermal shift assay, ITC | 33 nM (IC50)				Chemical Probes Portal	VinSpinIn	vinspinin	https://www.chemicalprobes.org/
XPEJZXWPKDAYFX-UHFFFAOYSA-N	Q9Y657	inhibitor			13.17		binding	Thermal Shift Assay				Chemical Probes Portal	VinSpinIn	vinspinin	https://www.chemicalprobes.org/
XPEJZXWPKDAYFX-UHFFFAOYSA-N	Q9Y657	inhibitor	EC50		270	nM	cell	NanoBRET cellular target engagement assay				Chemical Probes Portal	VinSpinIn	vinspinin	https://www.chemicalprobes.org/
XPEJZXWPKDAYFX-UHFFFAOYSA-N	Q9BPZ2	inhibitor			10.47		binding	Thermal Shift Assay				Chemical Probes Portal	VinSpinIn	vinspinin	https://www.chemicalprobes.org/
XPEJZXWPKDAYFX-UHFFFAOYSA-N	Q5JUX0	inhibitor			14.12		binding	Thermal Shift Assay				Chemical Probes Portal	VinSpinIn	vinspinin	https://www.chemicalprobes.org/
XPEJZXWPKDAYFX-UHFFFAOYSA-N	Q56A73	inhibitor			6.53		binding	Thermal Shift Assay				Chemical Probes Portal	VinSpinIn	vinspinin	https://www.chemicalprobes.org/
SYRVEVZSXHRXIX-KRWDZBQOSA-N	P25774	inhibitor			31	nM	binding	SPR				Chemical Probes Portal	DOI:10.1016/j.bmcl.2012.09.054	bi-1915	https://www.chemicalprobes.org/
SYRVEVZSXHRXIX-KRWDZBQOSA-N	P25774	inhibitor			17	nM	biochemical	Luminescent based enzymatic assay				Chemical Probes Portal	DOI:10.1016/j.bmcl.2012.09.054	bi-1915	https://www.chemicalprobes.org/
SYRVEVZSXHRXIX-KRWDZBQOSA-N	P25774	inhibitor	IC50		2.8	nM	cell	"Antigen challenge cell assay (based on the use of B cells to 'present' exogenous antigen (added ovalbumin) via a cathepsin S dependent process to T cells)
Effectively blocks the specific secretion of ovalbumin-induced IL-2 in T-cells."				Chemical Probes Portal	DOI:10.1016/j.bmcl.2012.09.054	bi-1915	https://www.chemicalprobes.org/
WAFNVKVWBPXGHK-QDUSTFBWSA-N	O75643	inhibitor			21	nM	biochemical	ADP-Glo ATPase assay				Chemical Probes Portal	DOI:10.1016/j.bmc.2017.07.017	tp-061	https://www.chemicalprobes.org/
WAFNVKVWBPXGHK-QDUSTFBWSA-N	O75643	inhibitor			22	nM	binding	SPR				Chemical Probes Portal	DOI:10.1016/j.bmc.2017.07.017	tp-061	https://www.chemicalprobes.org/
WAFNVKVWBPXGHK-QDUSTFBWSA-N	O75643	inhibitor			480	nM	biochemical	Helicase assay				Chemical Probes Portal	DOI:10.1016/j.bmc.2017.07.017	tp-061	https://www.chemicalprobes.org/
WAFNVKVWBPXGHK-QDUSTFBWSA-N	O75643	inhibitor	IC50		660	nM	cell	NanoBRET				Chemical Probes Portal	DOI:10.1016/j.bmc.2017.07.017	tp-061	https://www.chemicalprobes.org/
BUIJBFHGUQJYSD-XZOQPEGZSA-N	P46663	antagonist			5.3	nM	binding	Radioligand binding assay (displacement of kallidin) at 10 µM				Chemical Probes Portal	DOI:10.1371/journal.pone.0051151	bi-113823	https://www.chemicalprobes.org/
BUIJBFHGUQJYSD-XZOQPEGZSA-N	P46663	antagonist	IC50		7	nM	cell	Cellular assay (Measurement of intracellular calcium in HEK-cells expressing hBDKRB1)				Chemical Probes Portal	DOI:10.1371/journal.pone.0051151	bi-113823	https://www.chemicalprobes.org/
BLFBSGVUERKSST-UHFFFAOYSA-N	Q14680	inhibitor			5	nM	biochemical	HTRF assay (full-length MELK protein with KinEASE STK S1 peptide (Cisbio HTRF) as substrate, 20 µM ATP)				Chemical Probes Portal	DOI:10.1021/acs.jmedchem.6b00052	nvs-melk8a	https://www.chemicalprobes.org/
BLFBSGVUERKSST-UHFFFAOYSA-N	Q14680	inhibitor			2	nM	binding	SPR measurement				Chemical Probes Portal	DOI:10.1021/acs.jmedchem.6b00052	nvs-melk8a	https://www.chemicalprobes.org/
BLFBSGVUERKSST-UHFFFAOYSA-N	Q14680	inhibitor			140	nM	biochemical	HTRF assay (MELK kinase domain with KinEASE STK S1 peptide (Cisbio HTRF) as substrate, 2 mM ATP)				Chemical Probes Portal	DOI:10.1021/acs.jmedchem.6b00052	nvs-melk8a	https://www.chemicalprobes.org/
BLFBSGVUERKSST-UHFFFAOYSA-N	Q14680	inhibitor	IC50		110		cell	ATPLite cell-viability assay (cell-growth inhibition)				Chemical Probes Portal	DOI:10.1021/acs.jmedchem.6b00052	nvs-melk8a	https://www.chemicalprobes.org/
BLFBSGVUERKSST-UHFFFAOYSA-N	Q14680	inhibitor	IC50		3.64	uM	cell	ATPLite cell-viability assay (cell-growth inhibition)				Chemical Probes Portal	DOI:10.1021/acs.jmedchem.6b00052	nvs-melk8a	https://www.chemicalprobes.org/
GRKYJLSMFYQHMP-APASRLOHSA-N	Q9Y5N5	inhibitor			25	nM	binding	Microscale thermophoresis (MST)				Chemical Probes Portal	DOI:10.1038/s41467-023-44243-6	kmi169	https://www.chemicalprobes.org/
GRKYJLSMFYQHMP-APASRLOHSA-N	Q9Y5N5	inhibitor			12.5	degC	binding	Fluorescence Thermal Shift Assay (FTSA)				Chemical Probes Portal	DOI:10.1038/s41467-023-44243-6	kmi169	https://www.chemicalprobes.org/
GRKYJLSMFYQHMP-APASRLOHSA-N	Q9Y5N5	inhibitor			50	nM	biochemical	KMT9 methyltransferase inhibition assays				Chemical Probes Portal	DOI:10.1038/s41467-023-44243-6	kmi169	https://www.chemicalprobes.org/
GRKYJLSMFYQHMP-APASRLOHSA-N	Q9Y5N5	inhibitor	ΔTm		9.8	degC	cell	Cellular Thermal Shift Assay (CETSA)				Chemical Probes Portal	DOI:10.1038/s41467-023-44243-6	kmi169	https://www.chemicalprobes.org/
GRKYJLSMFYQHMP-APASRLOHSA-N	Q9Y5N5	inhibitor	ΔTm		8.3	degC	cell	Cellular Thermal Shift Assay (CETSA)				Chemical Probes Portal	DOI:10.1038/s41467-023-44243-6	kmi169	https://www.chemicalprobes.org/
GRKYJLSMFYQHMP-APASRLOHSA-N	Q9Y5N5	inhibitor	GI50		150	nM	cell	MTT cell viability assays				Chemical Probes Portal	DOI:10.1038/s41467-023-44243-6	kmi169	https://www.chemicalprobes.org/
GRKYJLSMFYQHMP-APASRLOHSA-N	Q9Y5N5	inhibitor	% inhibition		1	uM	cell	Western blot assessing levels of H4K12me1				Chemical Probes Portal	DOI:10.1038/s41467-023-44243-6	kmi169	https://www.chemicalprobes.org/
GRKYJLSMFYQHMP-APASRLOHSA-N	Q9Y5N5	inhibitor	% inhibition		1	uM	cell	Western blot assessing levels of H4K12me1				Chemical Probes Portal	DOI:10.1038/s41467-023-44243-6	kmi169	https://www.chemicalprobes.org/
GRKYJLSMFYQHMP-APASRLOHSA-N	Q9Y5N5	inhibitor	% inhibition		1	uM	cell	Western blot assessing levels of H4K12me1				Chemical Probes Portal	DOI:10.1038/s41467-023-44243-6	kmi169	https://www.chemicalprobes.org/
ZOJWMCDSTRTTOW-UHFFFAOYSA-N	P24941	degrader (protac)			6.5	nM	biochemical	CDK2/cyclin A binding assay				Chemical Probes Portal	DOI:10.1002/anie.202004087	tmx-2172	https://www.chemicalprobes.org/
ZOJWMCDSTRTTOW-UHFFFAOYSA-N	P24941	degrader (protac)	Dmax	~	80	%	cell	Western blot				Chemical Probes Portal	DOI:10.1002/anie.202004087	tmx-2172	https://www.chemicalprobes.org/
ZOJWMCDSTRTTOW-UHFFFAOYSA-N	P24941	degrader (protac)			33.1	nM	cell	Cell proliferation assay				Chemical Probes Portal	DOI:10.1002/anie.202004087	tmx-2172	https://www.chemicalprobes.org/
ZOJWMCDSTRTTOW-UHFFFAOYSA-N	Q00535	degrader (protac)			6.8	nM	biochemical	CDK5/p25 binding assay				Chemical Probes Portal	DOI:10.1002/anie.202004087	tmx-2172	https://www.chemicalprobes.org/
MOWXJLUYGFNTAL-DEOSSOPVSA-N	P78527	inhibitor			0.6	nM	biochemical	DNA-PK enzymatic assay at 10 uM ATP				Chemical Probes Portal	DOI:10.1158/1535-7163.MCT-19-0734	nedisertib	https://www.chemicalprobes.org/
MOWXJLUYGFNTAL-DEOSSOPVSA-N	P78527	inhibitor			20	nM	biochemical	DNA-PK enzymatic assay at 1 uM ATP				Chemical Probes Portal	DOI:10.1158/1535-7163.MCT-19-0734	nedisertib	https://www.chemicalprobes.org/
MOWXJLUYGFNTAL-DEOSSOPVSA-N	P78527	inhibitor	IC50		100	nM	cell	inhibition of DNA-PK autophosphorylation on Ser2056, a marker for DNA-PK activity in bleomycin-treated cancer cells, determined by Western blot analysis or ELISA				Chemical Probes Portal	DOI:10.1158/1535-7163.MCT-19-0734	nedisertib	https://www.chemicalprobes.org/
MOWXJLUYGFNTAL-DEOSSOPVSA-N	P78527	inhibitor	IC50		60	nM	cell	inhibition of DNA-PK autophosphorylation on Ser2056, a marker for DNA-PK activity in bleomycin-treated cancer cells, determined by Western blot analysis or ELISA				Chemical Probes Portal	DOI:10.1158/1535-7163.MCT-19-0734	nedisertib	https://www.chemicalprobes.org/
BPLPIBNWDLPUKP-UHFFFAOYSA-N	O14936	inhibitor			22	nM	binding	ITC				Chemical Probes Portal	DOI:10.1021/acs.jmedchem.1c00845	nr162	https://www.chemicalprobes.org/
BPLPIBNWDLPUKP-UHFFFAOYSA-N	O14936	inhibitor	IC50		80	nM	cell	NanoBRET assay using HEK923T cells				Chemical Probes Portal	DOI:10.1021/acs.jmedchem.1c00845	nr162	https://www.chemicalprobes.org/
SMVCNKJTRUVRLZ-UHFFFAOYSA-N	O75417	inhibitor			4.1	nM	biochemical	Biochemical DNA synthesis assay				Chemical Probes Portal	DOI:10.1038/s41467-024-46593-1	rtx-161	https://www.chemicalprobes.org/
SMVCNKJTRUVRLZ-UHFFFAOYSA-N	O75417	inhibitor	IC50	~	1000	nM	cell	Colony survival assays with BRCA2-null DLD1 cells				Chemical Probes Portal	DOI:10.1038/s41467-024-46593-1	rtx-161	https://www.chemicalprobes.org/
SMVCNKJTRUVRLZ-UHFFFAOYSA-N	O75417	inhibitor	IC50	~	1000	nM	cell	Colony survival assays with BRCA2-null HCT116 cells				Chemical Probes Portal	DOI:10.1038/s41467-024-46593-1	rtx-161	https://www.chemicalprobes.org/
SMVCNKJTRUVRLZ-UHFFFAOYSA-N	O75417	inhibitor					cell	RTx-161 showed selective killing of BRCA2-null HCT116 and DLD1 cells, with little to no effect in BRCA2-WT cells				Chemical Probes Portal	DOI:10.1038/s41467-024-46593-1	rtx-161	https://www.chemicalprobes.org/
SMVCNKJTRUVRLZ-UHFFFAOYSA-N	O75417	inhibitor					cell	GFP MMEJ reporter assay chromosomally integrated in U2OS cells that measures MMEJ (Alt-EJ) repair of a site-specific DSB within a GFP expression cassette that is induced by transient expression of I-SceI endonuclease				Chemical Probes Portal	DOI:10.1038/s41467-024-46593-1	rtx-161	https://www.chemicalprobes.org/
SMVCNKJTRUVRLZ-UHFFFAOYSA-N	O75417	inhibitor					cell	γ-H2AX assay comparing BCRA null and wt cells				Chemical Probes Portal	DOI:10.1038/s41467-024-46593-1	rtx-161	https://www.chemicalprobes.org/
OMISHRJQMYQPMG-UHFFFAOYSA-N	Q9UKS7	degrader (protac)			130	nM	biochemical	Biochemical CBRN binding assay				Chemical Probes Portal	DOI:10.1016/j.chembiol.2023.02.005	dky709	https://www.chemicalprobes.org/
OMISHRJQMYQPMG-UHFFFAOYSA-N	Q9UKS7	degrader (protac)			190	nM	binding	SPR of the trimeric complex with ZF2 and 3				Chemical Probes Portal	DOI:10.1016/j.chembiol.2023.02.005	dky709	https://www.chemicalprobes.org/
OMISHRJQMYQPMG-UHFFFAOYSA-N	Q9UKS7	degrader (protac)	DC50		4	nM	cell	Cellular degradation assay Dmax 53%				Chemical Probes Portal	DOI:10.1016/j.chembiol.2023.02.005	dky709	https://www.chemicalprobes.org/
OMISHRJQMYQPMG-UHFFFAOYSA-N	Q9UKS7	degrader (protac)	IC50		73	nM	cell	CRBN cellular engagement				Chemical Probes Portal	DOI:10.1016/j.chembiol.2023.02.005	dky709	https://www.chemicalprobes.org/
OMISHRJQMYQPMG-UHFFFAOYSA-N	Q9UKS7	degrader (protac)	DC50		11	nM	cell	Degradation of endogenous IKZF2 (Dmax 69% after 20h)				Chemical Probes Portal	DOI:10.1016/j.chembiol.2023.02.005	dky709	https://www.chemicalprobes.org/
LTOAWFRZXVPHAJ-UHFFFAOYSA-N	Q9NSD7	antagonist	IC50		2360	nM	cell	CHO-hRXFP3 cAMP accumulation | 2360 ± 110 nM				Chemical Probes Portal	DOI:10.1021/acs.jmedchem.2c00508	rlx-33	https://www.chemicalprobes.org/
LTOAWFRZXVPHAJ-UHFFFAOYSA-N	Q9NSD7	antagonist	IC50		4520	nM	cell	[35S]GTPγS binding assays				Chemical Probes Portal	DOI:10.1021/acs.jmedchem.2c00508	rlx-33	https://www.chemicalprobes.org/
LTOAWFRZXVPHAJ-UHFFFAOYSA-N	Q9NSD7	antagonist	IC50		13860	nM	cell	relaxin-3-induced ERK1/2 phosphorylation inhibition				Chemical Probes Portal	DOI:10.1021/acs.jmedchem.2c00508	rlx-33	https://www.chemicalprobes.org/
AOTRIQLYUAFVSC-UHFFFAOYSA-N	Q13315	inhibitor			0.04	nM	biochemical	Enzymatic assay (HTRF)				Chemical Probes Portal	DOI:10.1021/acs.jmedchem.7b01896	azd0156	https://www.chemicalprobes.org/
AOTRIQLYUAFVSC-UHFFFAOYSA-N	Q13315	inhibitor	IC50		0.57	nM	cell	Detection of pATM via western blot				Chemical Probes Portal	DOI:10.1021/acs.jmedchem.7b01896	azd0156	https://www.chemicalprobes.org/
IPDMIUDPUBUHSU-INIZCTEOSA-N	Q9Y4B6	inhibitor			38	nM	binding	SPR				Chemical Probes Portal	DOI:10.1021/acs.jmedchem.2c02132	oicr8268	https://www.chemicalprobes.org/
IPDMIUDPUBUHSU-INIZCTEOSA-N	Q9Y4B6	inhibitor			216	nM	binding	ITC | 216 ± 76 nM				Chemical Probes Portal	DOI:10.1021/acs.jmedchem.2c02132	oicr8268	https://www.chemicalprobes.org/
IPDMIUDPUBUHSU-INIZCTEOSA-N	Q9Y4B6	inhibitor	EC50		10500	nM	cell	HiBit-DCAF1 Cellular Thermal Shift Assay (CETSA)				Chemical Probes Portal	DOI:10.1021/acs.jmedchem.2c02132	oicr8268	https://www.chemicalprobes.org/
ATKHYZXUMVNCIO-UHFFFAOYSA-N	P78527	inhibitor			81	nM	biochemical	Biochemical DNA-PK Activity Assay (TR-FRET)				Chemical Probes Portal	DOI:10.1021/acs.jmedchem.1c00762	bay-8400	https://www.chemicalprobes.org/
ATKHYZXUMVNCIO-UHFFFAOYSA-N	P78527	inhibitor	IC50		69	nM	cell	Phospho-H2AX Assay to Determine Inhibition of DNA-PK				Chemical Probes Portal	DOI:10.1021/acs.jmedchem.1c00762	bay-8400	https://www.chemicalprobes.org/
WXRCLFFPZXJCLS-UHFFFAOYSA-N	P09874	inhibitor			5.5	nM	biochemical	fluorescence anisotropy assay				Chemical Probes Portal	DOI:10.1158/1078-0432.CCR-23-2094	azd9574	https://www.chemicalprobes.org/
WXRCLFFPZXJCLS-UHFFFAOYSA-N	P09874	inhibitor	IC50		1.5	nM	cell	PARylation assay				Chemical Probes Portal	DOI:10.1158/1078-0432.CCR-23-2094	azd9574	https://www.chemicalprobes.org/
WXRCLFFPZXJCLS-UHFFFAOYSA-N	P09874	inhibitor	IC50		2	nM	cell	Colony formation assay				Chemical Probes Portal	DOI:10.1158/1078-0432.CCR-23-2094	azd9574	https://www.chemicalprobes.org/
WXRCLFFPZXJCLS-UHFFFAOYSA-N	P09874	inhibitor	IC50		4.7	nM	cell	Colony formation assay				Chemical Probes Portal	DOI:10.1158/1078-0432.CCR-23-2094	azd9574	https://www.chemicalprobes.org/
KLKKWCPJBTXWOV-UHFFFAOYSA-N	P28799	modulator			201	nM	binding	Ability of AZP2006 to bind PGRN/PSAP complex by Fluorescent MST competition assay.				Chemical Probes Portal	DOI:10.1038/s41598-021-94708-1	ezeprogind	https://www.chemicalprobes.org/
KLKKWCPJBTXWOV-UHFFFAOYSA-N	P28799	modulator	IC50		24	nM	cell	human Toll-like receptor 9 (hTLR9) activity in cells				Chemical Probes Portal	DOI:10.1038/s41598-021-94708-1	ezeprogind	https://www.chemicalprobes.org/
IPUJINDWAGRAHN-KNXBSLHKSA-N	P56817	inhibitor			0.4	nM	biochemical	Enzymatic assay				Chemical Probes Portal	DOI:10.1021/acs.jmedchem.9b01034	am-6494	https://www.chemicalprobes.org/
IPUJINDWAGRAHN-KNXBSLHKSA-N	P56817	inhibitor	IC50		1.2	nM	cell	BACE1 Cell-Based Assay				Chemical Probes Portal	DOI:10.1021/acs.jmedchem.9b01034	am-6494	https://www.chemicalprobes.org/
IPUJINDWAGRAHN-KNXBSLHKSA-N	Q9Y5Z0	inhibitor			186	nM	biochemical	Enzymatic assay				Chemical Probes Portal	DOI:10.1021/acs.jmedchem.9b01034	am-6494	https://www.chemicalprobes.org/
IPUJINDWAGRAHN-KNXBSLHKSA-N	Q9Y5Z0	inhibitor	IC50		19	nM	cell	BACE2 Cell-Based Assay				Chemical Probes Portal	DOI:10.1021/acs.jmedchem.9b01034	am-6494	https://www.chemicalprobes.org/
FMQWOAKTQPLQBR-SANMLTNESA-N	P22888	antagonist	IC50		96	nM	cell	Frozen cell assay (TR-FRET)				Chemical Probes Portal	DOI:10.1021/acs.jmedchem.9b01382	bay-298	https://www.chemicalprobes.org/
JOFQERPJMGKMMX-QGZVFWFLSA-N	P53985	inhibitor			4.8	nM	binding	Scintillation Proximity Assay				Chemical Probes Portal	AR-C141990	ar-c141990	https://www.chemicalprobes.org/
JOFQERPJMGKMMX-QGZVFWFLSA-N	P53985	inhibitor	IC50		3.2	nM	cell	Human Lymphocyte proliferation assay				Chemical Probes Portal	AR-C141990	ar-c141990	https://www.chemicalprobes.org/
CRLZRGXSDBAEFD-UHFFFAOYSA-N	P19793	agonist		<	10	nM	binding	ITC				Chemical Probes Portal	JP3000	jp3000	https://www.chemicalprobes.org/
CRLZRGXSDBAEFD-UHFFFAOYSA-N	P19793	agonist	EC50		5	nM	cell	Hybrid reporter gene assay | 5 ± 1 nM				Chemical Probes Portal	JP3000	jp3000	https://www.chemicalprobes.org/
CRLZRGXSDBAEFD-UHFFFAOYSA-N	P19793	agonist	EC50		2.6	nM	cell	Full-length RXR reporter gene assays (homodimer RXR:RXR) | 2.6 ± 0.3 nM				Chemical Probes Portal	JP3000	jp3000	https://www.chemicalprobes.org/
CRLZRGXSDBAEFD-UHFFFAOYSA-N	P19793	agonist	EC50		29	nM	cell	Full-length RXR reporter gene assays (Heterodimer RXR:RAR) | 29 ± 2 nM				Chemical Probes Portal	JP3000	jp3000	https://www.chemicalprobes.org/
CRLZRGXSDBAEFD-UHFFFAOYSA-N	P19793	agonist	EC50	~	10	nM	cell	GDE1 expression measured via qRT-PCR				Chemical Probes Portal	JP3000	jp3000	https://www.chemicalprobes.org/
CRLZRGXSDBAEFD-UHFFFAOYSA-N	P28702	agonist	EC50		1.4	nM	cell	Hybrid reporter gene assays | 1.4 ± 0.4 nM				Chemical Probes Portal	JP3000	jp3000	https://www.chemicalprobes.org/
CRLZRGXSDBAEFD-UHFFFAOYSA-N	P48443	agonist	EC50		4	nM	cell	Hybrid reporter assay | 4 ± 1 nM				Chemical Probes Portal	JP3000	jp3000	https://www.chemicalprobes.org/
IKPNRMYDOSNVAU-UHFFFAOYSA-N	P49770	activator	IC50		9.8	nM	cell	ATF4 Nanoluc Cellular Assay - NanoLuc-ATF4 reporter expressing H4 cells used with NanoGlo Luciferase kit (Promega, N1150).				Chemical Probes Portal	DOI:10.1021/acs.jmedchem.3c02422	dnl343	https://www.chemicalprobes.org/
IKPNRMYDOSNVAU-UHFFFAOYSA-N	P49770	activator	IC50		12.46	nM	cell	"TDP43+ stress granule formation assay - H4 cells expressing G3BP1-mCherry (stress granules) and doxycycline inducible GFP-TDP43. 

DNL343 prevents TDP43+ stress granule formation."				Chemical Probes Portal	DOI:10.1021/acs.jmedchem.3c02422	dnl343	https://www.chemicalprobes.org/
OYDTWNVVTPPDDO-UHFFFAOYSA-N	P57059	inhibitor			143	nM	biochemical	ADP-Glo™ Max assay at high ATP				Chemical Probes Portal	DOI:10.1073/pnas.2307086120	jrd-sik1-2i-4	https://www.chemicalprobes.org/
OYDTWNVVTPPDDO-UHFFFAOYSA-N	P57059	inhibitor			3.1	nM	biochemical	Eurofins Cerep KinaseProfiler assay at Km ATP				Chemical Probes Portal	DOI:10.1073/pnas.2307086120	jrd-sik1-2i-4	https://www.chemicalprobes.org/
OYDTWNVVTPPDDO-UHFFFAOYSA-N	Q9H0K1	inhibitor			76	nM	biochemical	ADP-Glo™ Max assay at high ATP				Chemical Probes Portal	DOI:10.1073/pnas.2307086120	jrd-sik1-2i-4	https://www.chemicalprobes.org/
OYDTWNVVTPPDDO-UHFFFAOYSA-N	Q9H0K1	inhibitor			1.9	nM	biochemical	Eurofins Cerep KinaseProfiler assay at Km ATP				Chemical Probes Portal	DOI:10.1073/pnas.2307086120	jrd-sik1-2i-4	https://www.chemicalprobes.org/
OYDTWNVVTPPDDO-UHFFFAOYSA-N	Q9H0K1	inhibitor	EC50		700	nM	cell	IL-10 elevation				Chemical Probes Portal	DOI:10.1073/pnas.2307086120	jrd-sik1-2i-4	https://www.chemicalprobes.org/
OYDTWNVVTPPDDO-UHFFFAOYSA-N	Q9H0K1	inhibitor	IC50		110	nM	cell	TNF suppression in R848 stimulated macrofages				Chemical Probes Portal	DOI:10.1073/pnas.2307086120	jrd-sik1-2i-4	https://www.chemicalprobes.org/
OYDTWNVVTPPDDO-UHFFFAOYSA-N	Q9H0K1	inhibitor	IC50		250	nM	cell	IL-12/23 p40 suppression in R848 stimulated macrophages				Chemical Probes Portal	DOI:10.1073/pnas.2307086120	jrd-sik1-2i-4	https://www.chemicalprobes.org/
OYDTWNVVTPPDDO-UHFFFAOYSA-N	Q9H0K1	inhibitor	EC50		2910	nM	cell	CRTC3 nuclear translocation assay				Chemical Probes Portal	DOI:10.1073/pnas.2307086120	jrd-sik1-2i-4	https://www.chemicalprobes.org/
UEMPFKOYBHCUIG-QVIWBNHYSA-N	Q12866	inhibitor			1.1	nM	biochemical	Biochemical assay				Chemical Probes Portal	DOI:10.1021/acs.jmedchem.4c00148	unc-8969	https://www.chemicalprobes.org/
UEMPFKOYBHCUIG-QVIWBNHYSA-N	Q12866	inhibitor	EC50		20.7		cell	NanoBRET				Chemical Probes Portal	DOI:10.1021/acs.jmedchem.4c00148	unc-8969	https://www.chemicalprobes.org/
UEMPFKOYBHCUIG-QVIWBNHYSA-N	Q12866	inhibitor	EC50		146	nM	cell	Autophosphorylation inhibition assay				Chemical Probes Portal	DOI:10.1021/acs.jmedchem.4c00148	unc-8969	https://www.chemicalprobes.org/
UEMPFKOYBHCUIG-QVIWBNHYSA-N	P30530	inhibitor			5.3	nM	biochemical	Biochemical assay				Chemical Probes Portal	DOI:10.1021/acs.jmedchem.4c00148	unc-8969	https://www.chemicalprobes.org/
UEMPFKOYBHCUIG-QVIWBNHYSA-N	P30530	inhibitor	EC50		103	nM	cell	NanoBRET				Chemical Probes Portal	DOI:10.1021/acs.jmedchem.4c00148	unc-8969	https://www.chemicalprobes.org/
UEMPFKOYBHCUIG-QVIWBNHYSA-N	P30530	inhibitor	EC50		83	nM	cell	Autophosphorylation inhibition assay				Chemical Probes Portal	DOI:10.1021/acs.jmedchem.4c00148	unc-8969	https://www.chemicalprobes.org/
ILPWEAHQRAWJIU-OAHLLOKOSA-N	Q07889	inhibitor			1.9	nM	biochemical	HTRF displacement assay				Chemical Probes Portal	DOI:10.1021/acs.jmedchem.2c00741	mrtx0902	https://www.chemicalprobes.org/
ILPWEAHQRAWJIU-OAHLLOKOSA-N	Q07889	inhibitor	IC50		29	nM	cell	In-Cell Western Assay quantifying phosphorylated ERK1/2 (pERK) modulation in MKN1 cells				Chemical Probes Portal	DOI:10.1021/acs.jmedchem.2c00741	mrtx0902	https://www.chemicalprobes.org/
DVFCRTGTEXUFIN-GFCCVEGCSA-N	P17706	inhibitor			1.8	nM	biochemical	Mobility shift assay				Chemical Probes Portal	DOI:10.1038/s41586-023-06575-7	abbv-cls-484	https://www.chemicalprobes.org/
DVFCRTGTEXUFIN-GFCCVEGCSA-N	P17706	inhibitor	EC50		176	nM	cell	B16 pSTAT1 FRET assay				Chemical Probes Portal	DOI:10.1038/s41586-023-06575-7	abbv-cls-484	https://www.chemicalprobes.org/
DVFCRTGTEXUFIN-GFCCVEGCSA-N	P17706	inhibitor	IC50		64	nM	cell	Growth inhibition of B16 tumour cells treated with AC484 with IFNγ (0.5 ng ml−1)				Chemical Probes Portal	DOI:10.1038/s41586-023-06575-7	abbv-cls-484	https://www.chemicalprobes.org/
DVFCRTGTEXUFIN-GFCCVEGCSA-N	P18031	inhibitor			2.5	nM	biochemical	Mobility shift assay				Chemical Probes Portal	DOI:10.1038/s41586-023-06575-7	abbv-cls-484	https://www.chemicalprobes.org/
WAVPKLNVEGDDGC-LFIBNONCSA-N	P42330	degrader (protac)			77.7	nM	biochemical	Enzymatic assay				Chemical Probes Portal	DOI:10.1038/s42004-024-01177-4	akr1c3-protac-5	https://www.chemicalprobes.org/
WAVPKLNVEGDDGC-LFIBNONCSA-N	P42330	degrader (protac)	DC50		52	nM	cell	Degradation over 72h followed by Western blot				Chemical Probes Portal	DOI:10.1038/s42004-024-01177-4	akr1c3-protac-5	https://www.chemicalprobes.org/
WAVPKLNVEGDDGC-LFIBNONCSA-N	P42330	degrader (protac)	Dmax		75	%	cell	Degradation of AKR1C3 was observed from 4 h post-treatment onwards, with maximal degradation of approximately 75% was observed at 72 h; Hook effect was observed at concnetrations higher than 1 µM				Chemical Probes Portal	DOI:10.1038/s42004-024-01177-4	akr1c3-protac-5	https://www.chemicalprobes.org/
WAVPKLNVEGDDGC-LFIBNONCSA-N	P10275	degrader (protac)	DC50		70	nM	cell	Degradation over 72h followed by Western blot				Chemical Probes Portal	DOI:10.1038/s42004-024-01177-4	akr1c3-protac-5	https://www.chemicalprobes.org/
LTWQQWSXYYXVGA-UHFFFAOYSA-N	Q9UNQ0	inhibitor	IC50		590	nM	cell	Pheo A assay				Chemical Probes Portal	DOI:10.1002/cmdc.201000216	ks176	https://www.chemicalprobes.org/
LTWQQWSXYYXVGA-UHFFFAOYSA-N	Q9UNQ0	inhibitor	IC50		1.39	uM	cell	Hoechst 33342 assay | 1.39±0.26 µM				Chemical Probes Portal	DOI:10.1002/cmdc.201000216	ks176	https://www.chemicalprobes.org/
KPABJHHKKJIDGX-JOCHJYFZSA-N	P50613	covalent inhibitor			9.7	nM	biochemical	Invitrogen, biochemical assay				Chemical Probes Portal	DOI:10.1016/j.chembiol.2019.02.012	ykl-5-124	https://www.chemicalprobes.org/
KPABJHHKKJIDGX-JOCHJYFZSA-N	P50613	covalent inhibitor			53.3	nM	biochemical	Geyer, P32 biochemical assay				Chemical Probes Portal	DOI:10.1016/j.chembiol.2019.02.012	ykl-5-124	https://www.chemicalprobes.org/
KPABJHHKKJIDGX-JOCHJYFZSA-N	P50613	covalent inhibitor			2.2	nM	biochemical	"Westover, enzyme kinetics using mobility shift assay
(Kinact 228 us-1, kinact/Ki 103 us-1 nM-1)"				Chemical Probes Portal	DOI:10.1016/j.chembiol.2019.02.012	ykl-5-124	https://www.chemicalprobes.org/
KPABJHHKKJIDGX-JOCHJYFZSA-N	P50613	covalent inhibitor	IC50	<	62.5	nM	cell	Inhibition of RNA Pol II phosphorylation				Chemical Probes Portal	DOI:10.1016/j.chembiol.2019.02.012	ykl-5-124	https://www.chemicalprobes.org/
HPBOMWKBZHYYGE-UHFFFAOYSA-N	Q5BJF2	modulator	Ki		13	nM	cell	Binding affinity to σ2R in human σ2/TMEM97 cloned receptor enriched membranes using DTG as the radioligand. | 13 ± 5 nM				Chemical Probes Portal	DOI:10.1021/acs.jmedchem.3c01060	wlb-89462	https://www.chemicalprobes.org/
JDUBGYFRJFOXQC-KRWDZBQOSA-N	P31749	inhibitor			3	nM	biochemical	Caliper Off-Chip Incubation Mobility Shift assay				Chemical Probes Portal	DOI:10.1021/jm301762v	capivasertib	https://www.chemicalprobes.org/
JDUBGYFRJFOXQC-KRWDZBQOSA-N	P31749	inhibitor	IC50		89	nM	cell	Cellular inhibition of AKT via detection of pGSK3β				Chemical Probes Portal	DOI:10.1021/jm301762v	capivasertib	https://www.chemicalprobes.org/
JDUBGYFRJFOXQC-KRWDZBQOSA-N	P31751	inhibitor			8	nM	biochemical	Caliper Off-Chip Incubation Mobility Shift assay				Chemical Probes Portal	DOI:10.1021/jm301762v	capivasertib	https://www.chemicalprobes.org/
JDUBGYFRJFOXQC-KRWDZBQOSA-N	Q9Y243	inhibitor			8	nM	biochemical	Caliper Off-Chip Incubation Mobility Shift assay				Chemical Probes Portal	DOI:10.1021/jm301762v	capivasertib	https://www.chemicalprobes.org/
MCRHRRIGPAVFNY-SFHVURJKSA-N	P41182	inhibitor			6	nM	biochemical	BCL6 TR-FRET				Chemical Probes Portal	DOI:10.1021/acs.jmedchem.3c00155	cct374705	https://www.chemicalprobes.org/
MCRHRRIGPAVFNY-SFHVURJKSA-N	P41182	inhibitor	IC50		22	nM	cell	NanoBRET				Chemical Probes Portal	DOI:10.1021/acs.jmedchem.3c00155	cct374705	https://www.chemicalprobes.org/
MCRHRRIGPAVFNY-SFHVURJKSA-N	P41182	inhibitor	GI50	>=	14.9	nM	cell	Cell proliferation assay | 14.9 - 1850 nM				Chemical Probes Portal	DOI:10.1021/acs.jmedchem.3c00155	cct374705	https://www.chemicalprobes.org/
FXMIIWBGTCDJJQ-UHFFFAOYSA-N	Q92918	inhibitor			6.2	nM	biochemical	MAP4K1 binding competition assay				Chemical Probes Portal	DOI:10.1021/acs.jmedchem.4c01325	bay-405	https://www.chemicalprobes.org/
FXMIIWBGTCDJJQ-UHFFFAOYSA-N	Q92918	inhibitor			11	nM	biochemical	Kinase inhibition assay				Chemical Probes Portal	DOI:10.1021/acs.jmedchem.4c01325	bay-405	https://www.chemicalprobes.org/
FXMIIWBGTCDJJQ-UHFFFAOYSA-N	Q92918	inhibitor			19.7	nM	binding	SPR				Chemical Probes Portal	DOI:10.1021/acs.jmedchem.4c01325	bay-405	https://www.chemicalprobes.org/
FXMIIWBGTCDJJQ-UHFFFAOYSA-N	Q92918	inhibitor	IC50		630	nM	cell	HTRF-based SLP76 phosphorylation assay				Chemical Probes Portal	DOI:10.1021/acs.jmedchem.4c01325	bay-405	https://www.chemicalprobes.org/
FXMIIWBGTCDJJQ-UHFFFAOYSA-N	Q92918	inhibitor	IC50		830	nM	cell	HTRF-based SLP76 phosphorylation assay (pSLP76)				Chemical Probes Portal	DOI:10.1021/acs.jmedchem.4c01325	bay-405	https://www.chemicalprobes.org/
HKXSBJJCHBFTMB-UHFFFAOYSA-N	P36969	covalent inhibitor			120	nM	biochemical	GPX4 inhibition assay | 120 ± 10 nM				Chemical Probes Portal	DOI:10.1021/acs.jmedchem.3c00967	gpx4-in-5	https://www.chemicalprobes.org/
HKXSBJJCHBFTMB-UHFFFAOYSA-N	P36969	covalent inhibitor	ΔTm		6.5		cell	CETSA				Chemical Probes Portal	DOI:10.1021/acs.jmedchem.3c00967	gpx4-in-5	https://www.chemicalprobes.org/
HKXSBJJCHBFTMB-UHFFFAOYSA-N	P36969	covalent inhibitor	IC50	>=	10	nM	cell	Cell Proliferation assay | 10-75 nM				Chemical Probes Portal	DOI:10.1021/acs.jmedchem.3c00967	gpx4-in-5	https://www.chemicalprobes.org/
IRKXKBMGTVDZAJ-UHFFFAOYSA-N	P22455	covalent inhibitor			0.5	nM	biochemical	HotSpot assay at a 10 μM ATP concentration				Chemical Probes Portal	DOI:10.1021/acs.jmedchem.3c02483	fgfr4-in-8b	https://www.chemicalprobes.org/
IRKXKBMGTVDZAJ-UHFFFAOYSA-N	P22455	covalent inhibitor			5.7	nM	biochemical	"PhosphoSens CSox-based continuous assay
kinact/Ki  2.32 × 10^5 (M–1·s–1) | 5.7 ± 0.17 nM"				Chemical Probes Portal	DOI:10.1021/acs.jmedchem.3c02483	fgfr4-in-8b	https://www.chemicalprobes.org/
IRKXKBMGTVDZAJ-UHFFFAOYSA-N	P22455	covalent inhibitor	EC50		52	nM	cell	NanoBRET | 52 ± 7 nM				Chemical Probes Portal	DOI:10.1021/acs.jmedchem.3c02483	fgfr4-in-8b	https://www.chemicalprobes.org/
IRKXKBMGTVDZAJ-UHFFFAOYSA-N	P22455	covalent inhibitor	EC50		5	nM	cell	Cell viability assays using the FGFR4-dependent Hep3B cell line | 5 ± 4 nM				Chemical Probes Portal	DOI:10.1021/acs.jmedchem.3c02483	fgfr4-in-8b	https://www.chemicalprobes.org/
VBTBURGKMCKOJC-UHFFFAOYSA-N	Q6P6C2	inhibitor			21	nM	binding	Fluorescence Polarization assay				Chemical Probes Portal	DOI:10.1016/j.ejmech.2022.114446	alkbh5-in-1	https://www.chemicalprobes.org/
VBTBURGKMCKOJC-UHFFFAOYSA-N	Q6P6C2	inhibitor			8.75	degC	binding	DSF assay with 100 µM compound				Chemical Probes Portal	DOI:10.1016/j.ejmech.2022.114446	alkbh5-in-1	https://www.chemicalprobes.org/
VBTBURGKMCKOJC-UHFFFAOYSA-N	Q6P6C2	inhibitor	ΔTm	~	10	degC	cell	CETSA using 100 µM compound				Chemical Probes Portal	DOI:10.1016/j.ejmech.2022.114446	alkbh5-in-1	https://www.chemicalprobes.org/
VBTBURGKMCKOJC-UHFFFAOYSA-N	Q6P6C2	inhibitor		>	1	uM	cell	Dot blot monitoring the methylation of adenosine in intact cells in dose dependent manner (1 µM to 10 µM)				Chemical Probes Portal	DOI:10.1016/j.ejmech.2022.114446	alkbh5-in-1	https://www.chemicalprobes.org/
IYFCFYWXRIVCTH-OAHLLOKOSA-N	O95835	inhibitor			1.41	nM	biochemical	LATS1 ATP competition assay (CALIPER)				Chemical Probes Portal	DOI:10.1016/j.stem.2024.03.003	nibr-ltsi	https://www.chemicalprobes.org/
IYFCFYWXRIVCTH-OAHLLOKOSA-N	O95835	inhibitor	IC50		2160	nM	cell	YAP phosphorylation inhibition in JHH5 cells (Homogeneous time-resolved fluorescence (HTRF))				Chemical Probes Portal	DOI:10.1016/j.stem.2024.03.003	nibr-ltsi	https://www.chemicalprobes.org/
IYFCFYWXRIVCTH-OAHLLOKOSA-N	O95835	inhibitor					cell	dose-dependent nuclear translocation of YAP				Chemical Probes Portal	DOI:10.1016/j.stem.2024.03.003	nibr-ltsi	https://www.chemicalprobes.org/
JOAFWIHZEBKYQK-OAHLLOKOSA-N	P22607	inhibitor			1.6	nM	biochemical	Mobility Shift Assay				Chemical Probes Portal	DOI:10.1021/acs.jmedchem.4c01531	tyra-300	https://www.chemicalprobes.org/
JOAFWIHZEBKYQK-OAHLLOKOSA-N	P22607	inhibitor	IC50		21	nM	cell	NanoBRET of  FGFR3-WT and FGFR3-G380R.				Chemical Probes Portal	DOI:10.1021/acs.jmedchem.4c01531	tyra-300	https://www.chemicalprobes.org/
JOAFWIHZEBKYQK-OAHLLOKOSA-N	P22607	inhibitor	IC50	>=	9	nM	cell	Cell proliferation assay | 9 - 21 nM				Chemical Probes Portal	DOI:10.1021/acs.jmedchem.4c01531	tyra-300	https://www.chemicalprobes.org/
JOAFWIHZEBKYQK-OAHLLOKOSA-N	P22607	inhibitor	IC50		11	nM	cell	Ba/F3 cell assay expressing the FGFR3-BAIAP2L1 fusion partner				Chemical Probes Portal	DOI:10.1021/acs.jmedchem.4c01531	tyra-300	https://www.chemicalprobes.org/
QJRFBKYETDVAJQ-ZEQKJWHPSA-N	Q01718	antagonist			2.1	nM	biochemical	Radio ligand binding assay using cell membranes				Chemical Probes Portal	DOI:10.1021/acsmedchemlett.3c00514	crn04894	https://www.chemicalprobes.org/
QJRFBKYETDVAJQ-ZEQKJWHPSA-N	Q01718	antagonist			0.34	nM	cell	Functional Potency (KB) Determination for Human MC2R by Schild Analysis				Chemical Probes Portal	DOI:10.1021/acsmedchemlett.3c00514	crn04894	https://www.chemicalprobes.org/
FVZCFUKXGUUDBQ-ZWSMLAFMSA-N	O95785	degrader (protac)			3500	nM	binding	SPR binding of WIZ ZF7 to the DDB1:CRBN:dWIZ-1 complex				Chemical Probes Portal	DOI:10.1126/science.adk6129	dwiz-1	https://www.chemicalprobes.org/
FVZCFUKXGUUDBQ-ZWSMLAFMSA-N	O95785	degrader (protac)			170	nM	biochemical	Cereblon association				Chemical Probes Portal	DOI:10.1126/science.adk6129	dwiz-1	https://www.chemicalprobes.org/
FVZCFUKXGUUDBQ-ZWSMLAFMSA-N	O95785	degrader (protac)	EC50		13	nM	cell	WIZ degradation in primary human erythroblasts				Chemical Probes Portal	DOI:10.1126/science.adk6129	dwiz-1	https://www.chemicalprobes.org/
FVZCFUKXGUUDBQ-ZWSMLAFMSA-N	O95785	degrader (protac)	Dmax		78	%	cell	WIZ degradation primary human erythroblasts				Chemical Probes Portal	DOI:10.1126/science.adk6129	dwiz-1	https://www.chemicalprobes.org/
FVZCFUKXGUUDBQ-ZWSMLAFMSA-N	O95785	degrader (protac)	DC50		13	nM	cell	WIZ HiBiT degradation (Dmax 93%)				Chemical Probes Portal	DOI:10.1126/science.adk6129	dwiz-1	https://www.chemicalprobes.org/
FVZCFUKXGUUDBQ-ZWSMLAFMSA-N	O95785	degrader (protac)	EC50		547	nM	cell	NanoBiT protein-protein recruitment assay, in which bioluminescence increases as SmBiT-CRBN is brought into proximity to LgBiT-WIZ				Chemical Probes Portal	DOI:10.1126/science.adk6129	dwiz-1	https://www.chemicalprobes.org/
YPPSMYLMSKHYAY-UHFFFAOYSA-N	Q9NZJ5	inhibitor			6	nM	biochemical	TR-FRET assay (using 1 µM ATP (=Km), Cisbio Inc.)				Chemical Probes Portal	DOI:10.1021/jm5017494	amg-perk-44	https://www.chemicalprobes.org/
YPPSMYLMSKHYAY-UHFFFAOYSA-N	Q9NZJ5	inhibitor	IC50		84	nM	cell	ELISA (phosphorylation of PERK (T980) using HT1080–T-REx–PERK–FLAG cells)				Chemical Probes Portal	DOI:10.1021/jm5017494	amg-perk-44	https://www.chemicalprobes.org/
YPPSMYLMSKHYAY-UHFFFAOYSA-N	Q9NZJ5	inhibitor	IC50		770	nM	cell	PERK CHoP assay				Chemical Probes Portal	DOI:10.1021/jm5017494	amg-perk-44	https://www.chemicalprobes.org/
YPPSMYLMSKHYAY-UHFFFAOYSA-N	Q9NZJ5	inhibitor	EC50		400	nM	cell	Protein Synthesis Rescue Assay (Click-iT AHA AlexaFluor 488 protein synthesis HCS assay kit, Life Technologies)				Chemical Probes Portal	DOI:10.1021/jm5017494	amg-perk-44	https://www.chemicalprobes.org/
XDPRKJSOJYMCMZ-UHFFFAOYSA-N	Q8NB16	degrader (protac)			32	nM	biochemical	KINOMEscan KdELECT				Chemical Probes Portal	DOI:10.1021/acs.jmedchem.3c00665	cpd36	https://www.chemicalprobes.org/
XDPRKJSOJYMCMZ-UHFFFAOYSA-N	Q8NB16	degrader (protac)	DC50		2400	nM	cell	Levels of MLKL protein measured by capillary immunoassay after 24h treatment | 2400 ± 500 nM				Chemical Probes Portal	DOI:10.1021/acs.jmedchem.3c00665	cpd36	https://www.chemicalprobes.org/
XDPRKJSOJYMCMZ-UHFFFAOYSA-N	Q8NB16	degrader (protac)	Dmax		93	%	cell					Chemical Probes Portal	DOI:10.1021/acs.jmedchem.3c00665	cpd36	https://www.chemicalprobes.org/
XDPRKJSOJYMCMZ-UHFFFAOYSA-N	Q8NB16	degrader (protac)			100	%	cell	Necroptosis was induced in HT29 cells by treatment with TSZ				Chemical Probes Portal	DOI:10.1021/acs.jmedchem.3c00665	cpd36	https://www.chemicalprobes.org/
XDPRKJSOJYMCMZ-UHFFFAOYSA-N	Q8NB16	degrader (protac)	EC50		1200	nM	cell	Protection from necroptosis				Chemical Probes Portal	DOI:10.1021/acs.jmedchem.3c00665	cpd36	https://www.chemicalprobes.org/
FOLSZCLZVLICGG-GJYPPUQNSA-N	Q92918	inhibitor		<	0.05	nM	biochemical	Biochemical assay (chelation-enhanced  fluorescence  (CHEF)  PhosphoSens®  method)				Chemical Probes Portal	DOI:10.1021/acs.jmedchem.4c01930	pf-07265028	https://www.chemicalprobes.org/
FOLSZCLZVLICGG-GJYPPUQNSA-N	Q92918	inhibitor	IC50		17	nM	cell	Phospho-SLP-76 (Ser376) Homogeneous Time Resolved Fluorescence (HTRF) Assay				Chemical Probes Portal	DOI:10.1021/acs.jmedchem.4c01930	pf-07265028	https://www.chemicalprobes.org/
FOLSZCLZVLICGG-GJYPPUQNSA-N	Q92918	inhibitor	EC50		59	nM	cell	Induction of IL-2 production (IL-2 cytokine assay)				Chemical Probes Portal	DOI:10.1021/acs.jmedchem.4c01930	pf-07265028	https://www.chemicalprobes.org/
AKCDDYGYIGPEKL-JQOQJDEVSA-N	P49768	modulator	IC50		9.8	nM	cell	"The ability of compounds to modulate production of Aβ42 was determined using human wild-type amyloid
precursor protein (WT-APP) over-expressing CHO cells (CHO-APP)."				Chemical Probes Portal	DOI:10.1021/acs.jmedchem.4c00580	pf-06648671	https://www.chemicalprobes.org/
CAOSCCRYLYQBES-UHFFFAOYSA-N	Q9GZT9	inhibitor			22	nM	biochemical	In vitro Demethylation Assay (alphascreen)				Chemical Probes Portal	DOI:10.1007/s00204-015-1549-y	iox2	https://www.chemicalprobes.org/
CAOSCCRYLYQBES-UHFFFAOYSA-N	Q9GZT9	inhibitor	% inhibition		250	nM	cell	IOX2 showed selective inhibition (by Western blot) of PHD catalysed HIF-1α prolyl-hydroxylation in a variety of human cell lines including renal carcinoma (RCC4) cell line lacking VHL, embryonic kidney (293T), bone osteosarcoma (U2OS) and RCC4 reexpressing VHL (RCC4/VHL) cells.​				Chemical Probes Portal	DOI:10.1007/s00204-015-1549-y	iox2	https://www.chemicalprobes.org/
CAOSCCRYLYQBES-UHFFFAOYSA-N	Q9GZT9	inhibitor	activity		50	nM	cell	HIF1 alpha upregulation in VHL competent cells				Chemical Probes Portal	DOI:10.1007/s00204-015-1549-y	iox2	https://www.chemicalprobes.org/
HFOBENSCBRZVSP-NRFSWKIWSA-N	Q9NZQ7	inhibitor	EC50		15.4	nM	cell	Rescue of proliferation | 15.4 ± 1.3 nM				Chemical Probes Portal	DOI:10.1038/s42003-021-02191-1	ca-170	https://www.chemicalprobes.org/
HFOBENSCBRZVSP-NRFSWKIWSA-N	Q9NZQ7	inhibitor			10	uM	cell	Cellular NMR two-point HSQC method using 13C, 15N Asn-labeled CA-170				Chemical Probes Portal	DOI:10.1038/s42003-021-02191-1	ca-170	https://www.chemicalprobes.org/
XYKISMBNQVUKPW-GOSISDBHSA-N	O60285	inhibitor			0.8	nM	biochemical	Biochemical assay–active Nuak1 (ADP-Glo)				Chemical Probes Portal	DOI:10.1021/acs.jmedchem.4c01237	ucb9386	https://www.chemicalprobes.org/
XYKISMBNQVUKPW-GOSISDBHSA-N	O60285	inhibitor	IC50		1.25	nM	cell	NanoBRET				Chemical Probes Portal	DOI:10.1021/acs.jmedchem.4c01237	ucb9386	https://www.chemicalprobes.org/
GMZCYCKIXQZORP-UHFFFAOYSA-N	Q14680	inhibitor			37	nM	biochemical	Radioactive filter binding assay (10 µM ATP)				Chemical Probes Portal	DOI:10.1021/ml5001245	jnj-47117096	https://www.chemicalprobes.org/
GMZCYCKIXQZORP-UHFFFAOYSA-N	Q14680	inhibitor			200	nM	biochemical	Enzymatic assay (full-length MELK protein using SAMS peptide)				Chemical Probes Portal	DOI:10.1021/ml5001245	jnj-47117096	https://www.chemicalprobes.org/
GMZCYCKIXQZORP-UHFFFAOYSA-N	Q14680	inhibitor			520	nM	biochemical	Enzymatic assay (autophosphorylation of full-lenght MELK using autoradiography after SDS/PAGE)				Chemical Probes Portal	DOI:10.1021/ml5001245	jnj-47117096	https://www.chemicalprobes.org/
GMZCYCKIXQZORP-UHFFFAOYSA-N	Q14680	inhibitor	EC50	>	10	uM	cell	Immunoblot (proteasome-mediated degradation of MELK protein)				Chemical Probes Portal	DOI:10.1021/ml5001245	jnj-47117096	https://www.chemicalprobes.org/
VDGNPEFFHQRGOP-UHFFFAOYSA-N	Q08211	inhibitor			1.3	nM	binding	DHX9 SPR binding assay | 1.3 ± 0.3 nM				Chemical Probes Portal	DOI:10.1158/0008-5472.CAN-24-0397	atx968	https://www.chemicalprobes.org/
VDGNPEFFHQRGOP-UHFFFAOYSA-N	Q08211	inhibitor			8	nM	biochemical	Helicase unwinding assay | 8 ± 3 nM				Chemical Probes Portal	DOI:10.1158/0008-5472.CAN-24-0397	atx968	https://www.chemicalprobes.org/
VDGNPEFFHQRGOP-UHFFFAOYSA-N	Q08211	inhibitor	EC50		101	nM	cell	Concentration-dependent induction of the Alu-mediated circRNAs (circBRIP1)				Chemical Probes Portal	DOI:10.1158/0008-5472.CAN-24-0397	atx968	https://www.chemicalprobes.org/
VDGNPEFFHQRGOP-UHFFFAOYSA-N	Q08211	inhibitor	EC50		95	nM	cell	Concentration-dependent induction of the Alu-mediated circRNAs (circAKR1A)				Chemical Probes Portal	DOI:10.1158/0008-5472.CAN-24-0397	atx968	https://www.chemicalprobes.org/
VDGNPEFFHQRGOP-UHFFFAOYSA-N	Q08211	inhibitor	EC50		236	nM	cell	Concentration-dependent induction of the Alu-mediated circRNAs (circDKC1)				Chemical Probes Portal	DOI:10.1158/0008-5472.CAN-24-0397	atx968	https://www.chemicalprobes.org/
JJRRWLVKNLMRSA-UHFFFAOYSA-N	Q9Y657	inhibitor			30	nM	binding	ITC assay for SPIN1 | 30 ± 2 nM				Chemical Probes Portal	DOI:10.1021/acs.jmedchem.4c00121	ms8535	https://www.chemicalprobes.org/
JJRRWLVKNLMRSA-UHFFFAOYSA-N	Q9Y657	inhibitor			202	nM	biochemical	FP assay | 202 ± 11 nM				Chemical Probes Portal	DOI:10.1021/acs.jmedchem.4c00121	ms8535	https://www.chemicalprobes.org/
JJRRWLVKNLMRSA-UHFFFAOYSA-N	Q9Y657	inhibitor	EC50		1100	nM	cell	NanoBRET target engagement assay | 1100 ± 300 nM				Chemical Probes Portal	DOI:10.1021/acs.jmedchem.4c00121	ms8535	https://www.chemicalprobes.org/
ZZFKEZYGYPWBGP-UHFFFAOYSA-N	P30291	inhibitor			2.1	nM	biochemical	Kinase Inhibition Assay | 2.1 ± 0.3 nM				Chemical Probes Portal	DOI:10.1021/acs.jmedchem.3c02434	wee1-in-7	https://www.chemicalprobes.org/
ZZFKEZYGYPWBGP-UHFFFAOYSA-N	P30291	inhibitor	IC50		82	nM	cell	Cell proliferation assay using colorectal cancer cells | 82 ± 2 nM				Chemical Probes Portal	DOI:10.1021/acs.jmedchem.3c02434	wee1-in-7	https://www.chemicalprobes.org/
ZZFKEZYGYPWBGP-UHFFFAOYSA-N	P30291	inhibitor	IC50		430	nM	cell	Inhibition of CDK1 phosphorylation | 430 ±32 nM				Chemical Probes Portal	DOI:10.1021/acs.jmedchem.3c02434	wee1-in-7	https://www.chemicalprobes.org/
STQKUEFQEVDNLU-UHFFFAOYSA-N	O60741	inhibitor	IC50		46	nM	cell	automated patch clamp assay				Chemical Probes Portal	DOI:10.1016/j.chembiol.2023.11.004	ro-275	https://www.chemicalprobes.org/
STQKUEFQEVDNLU-UHFFFAOYSA-N	O60741	inhibitor	IC50		49	nM	cell	Patch clamp assay after 50 hyperpolarizing pulses to simulate use dependency (UD)				Chemical Probes Portal	DOI:10.1016/j.chembiol.2023.11.004	ro-275	https://www.chemicalprobes.org/
STQKUEFQEVDNLU-UHFFFAOYSA-N	O60741	inhibitor	IC50		269	nM	cell	Electrophysiology recordings in HEK cells co-expressing TRIP8b with hHCN1				Chemical Probes Portal	DOI:10.1016/j.chembiol.2023.11.004	ro-275	https://www.chemicalprobes.org/
MVYWULXPOKYILU-UHFFFAOYSA-N	Q96GX5	inhibitor			0.03	nM	biochemical	Biochemical assay				Chemical Probes Portal	DOI:10.1021/acs.jmedchem.4c01659	mastl-in-1	https://www.chemicalprobes.org/
MVYWULXPOKYILU-UHFFFAOYSA-N	Q96GX5	inhibitor	IC50		1.1	nM	cell	pENSA Sandwich ELISA assay				Chemical Probes Portal	DOI:10.1021/acs.jmedchem.4c01659	mastl-in-1	https://www.chemicalprobes.org/
MVYWULXPOKYILU-UHFFFAOYSA-N	Q96GX5	inhibitor	IC50		3	nM	cell	Anti proliferation assay (CyQUANT® Cell Proliferation Assay)				Chemical Probes Portal	DOI:10.1021/acs.jmedchem.4c01659	mastl-in-1	https://www.chemicalprobes.org/
VZAFGXCWAWRULT-UONOGXRCSA-N	Q92831	antagonist			1.25	nM	binding	BROMOscan				Chemical Probes Portal	GSK4027	gsk4027	https://www.chemicalprobes.org/
VZAFGXCWAWRULT-UONOGXRCSA-N	Q92831	antagonist	IC50		60	nM	cell	NanoBRET assay, measuring displacement of NanoLuc-tagged full length PCAF from Halo-tagged histone H3.3 in HEK293 cells (Promega).				Chemical Probes Portal	GSK4027	gsk4027	https://www.chemicalprobes.org/
VZAFGXCWAWRULT-UONOGXRCSA-N	Q92830	antagonist			40	nM	biochemical	TR-FRET binding competition assay using truncated PCAF bromodomain and a fluorescently tagged bromodomain ligand.				Chemical Probes Portal	GSK4027	gsk4027	https://www.chemicalprobes.org/
VZAFGXCWAWRULT-UONOGXRCSA-N	Q92830	antagonist			1.25	nM	binding	BROMOscan				Chemical Probes Portal	GSK4027	gsk4027	https://www.chemicalprobes.org/
VZAFGXCWAWRULT-UONOGXRCSA-N	Q92830	antagonist			63	nM	binding	NanoBRET				Chemical Probes Portal	GSK4027	gsk4027	https://www.chemicalprobes.org/
VZAFGXCWAWRULT-UONOGXRCSA-N	Q92830	antagonist	IC50		60	nM	cell	NanoBRET assay, measuring displacement of NanoLuc-tagged full length PCAF from Halo-tagged histone H3.3 in HEK293 cells (Promega).				Chemical Probes Portal	GSK4027	gsk4027	https://www.chemicalprobes.org/
OLEFHQBTXFCZON-HXUWFJFHSA-N	P50613	covalent inhibitor			31	nM	biochemical	"Biochemical assay using CDK7/cyclinH/MAT1 complex (500 μM ATP; Kapp ~30 μM)
(kinact = 0.0052/s; kinact/ KIapp 2603 M-1s-1)"				Chemical Probes Portal	JNJ-3738	jnj-3738	https://www.chemicalprobes.org/
OLEFHQBTXFCZON-HXUWFJFHSA-N	P50613	covalent inhibitor	IC50		58	nM	cell	Detection of p-RNA pol II Ser 5 phosphorylation in A549 (WT CDK7) cells after 3 hrs incubation with probe				Chemical Probes Portal	JNJ-3738	jnj-3738	https://www.chemicalprobes.org/
OLEFHQBTXFCZON-HXUWFJFHSA-N	P50613	covalent inhibitor	IC50		4	nM	cell	Antiproliferation assay using OCI AML3 cells (4 day): IC50 = 4 nM, C312S mutant: IC50 = 3.98 µM				Chemical Probes Portal	JNJ-3738	jnj-3738	https://www.chemicalprobes.org/
WZMIWVZGYMKUDV-UHFFFAOYSA-N	P48730	inhibitor			2.3	nM	biochemical	ADP-Glo assay using recombinant proteins				Chemical Probes Portal	DOI:10.1021/acsmedchemlett.3c00523	jnj-6204	https://www.chemicalprobes.org/
WZMIWVZGYMKUDV-UHFFFAOYSA-N	P48730	inhibitor	IC50		72	nM	cell	BRET				Chemical Probes Portal	DOI:10.1021/acsmedchemlett.3c00523	jnj-6204	https://www.chemicalprobes.org/
WZMIWVZGYMKUDV-UHFFFAOYSA-N	P48730	inhibitor	IC50		542	nM	cell	PER2 translocation whole cell assay				Chemical Probes Portal	DOI:10.1021/acsmedchemlett.3c00523	jnj-6204	https://www.chemicalprobes.org/
WZMIWVZGYMKUDV-UHFFFAOYSA-N	P49674	inhibitor			137	nM	biochemical	ADP-Glo assay using recombinant proteins				Chemical Probes Portal	DOI:10.1021/acsmedchemlett.3c00523	jnj-6204	https://www.chemicalprobes.org/
LPQXZOJIUVOCAL-NRFANRHFSA-N	Q9UKP4	inhibitor			6	nM	biochemical	Biochemical enzymatic assay				Chemical Probes Portal	DOI:10.1021/acs.jmedchem.3c02036	bay-9835	https://www.chemicalprobes.org/
LPQXZOJIUVOCAL-NRFANRHFSA-N	P58397	inhibitor			30	nM	biochemical	Biochemical enzymatic assay				Chemical Probes Portal	DOI:10.1021/acs.jmedchem.3c02036	bay-9835	https://www.chemicalprobes.org/
KHLKLLMMPVSSQY-UHFFFAOYSA-N	Q9UKK9	antagonist			237	nM	binding	SPR				Chemical Probes Portal	DOI:10.1021/acs.jmedchem.4c00072	nudt5-in-9	https://www.chemicalprobes.org/
KHLKLLMMPVSSQY-UHFFFAOYSA-N	Q9UKK9	antagonist			270	nM	biochemical	Catalytic Assay (AMP-Glo)				Chemical Probes Portal	DOI:10.1021/acs.jmedchem.4c00072	nudt5-in-9	https://www.chemicalprobes.org/
KHLKLLMMPVSSQY-UHFFFAOYSA-N	Q9UKK9	antagonist	EC50		1080	nM	cell	NanoBRET | 1080 ± 70 nM				Chemical Probes Portal	DOI:10.1021/acs.jmedchem.4c00072	nudt5-in-9	https://www.chemicalprobes.org/
KHLKLLMMPVSSQY-UHFFFAOYSA-N	O95848	antagonist			368	nM	binding	SPR				Chemical Probes Portal	DOI:10.1021/acs.jmedchem.4c00072	nudt5-in-9	https://www.chemicalprobes.org/
KHLKLLMMPVSSQY-UHFFFAOYSA-N	O95848	antagonist			162	nM	biochemical	Catalytic Assay (AMP-Glo)				Chemical Probes Portal	DOI:10.1021/acs.jmedchem.4c00072	nudt5-in-9	https://www.chemicalprobes.org/
KHLKLLMMPVSSQY-UHFFFAOYSA-N	O95848	antagonist	ΔTm		5.5	degC	cell	NUDT14 HiBiT CETSA | 5.5 ± 0.3 K				Chemical Probes Portal	DOI:10.1021/acs.jmedchem.4c00072	nudt5-in-9	https://www.chemicalprobes.org/
YBXRSCXGRPSTMW-CYBMUJFWSA-N	Q13535	inhibitor			7	nM	biochemical	Biochemical Assay				Chemical Probes Portal	ELIMUSERTIB	elimusertib	https://www.chemicalprobes.org/
YBXRSCXGRPSTMW-CYBMUJFWSA-N	Q13535	inhibitor	IC50		36	nM	cell	Phospho-H2AX Assay (Mechanistic assay)				Chemical Probes Portal	ELIMUSERTIB	elimusertib	https://www.chemicalprobes.org/
YBXRSCXGRPSTMW-CYBMUJFWSA-N	Q13535	inhibitor	IC50		9	nM	cell	Antiproliferative activity				Chemical Probes Portal	ELIMUSERTIB	elimusertib	https://www.chemicalprobes.org/
YBXRSCXGRPSTMW-CYBMUJFWSA-N	Q13535	inhibitor	IC50		71	nM	cell	Antiproliferation activity assay				Chemical Probes Portal	ELIMUSERTIB	elimusertib	https://www.chemicalprobes.org/
YBXRSCXGRPSTMW-CYBMUJFWSA-N	Q13535	inhibitor	IC50		160	nM	cell	Antiproliferation activity assay				Chemical Probes Portal	ELIMUSERTIB	elimusertib	https://www.chemicalprobes.org/
SCLLZBIBSFTLIN-INOGPEIASA-N	P01116	inhibitor		~	0.0002	nM	binding	SPR				Chemical Probes Portal	DOI:10.1021/acs.jmedchem.1c01688	mrtx1133	https://www.chemicalprobes.org/
SCLLZBIBSFTLIN-INOGPEIASA-N	P01116	inhibitor			5	nM	biochemical	AlphaLISA				Chemical Probes Portal	DOI:10.1021/acs.jmedchem.1c01688	mrtx1133	https://www.chemicalprobes.org/
SCLLZBIBSFTLIN-INOGPEIASA-N	P01116	inhibitor	IC50		2	nM	cell	pERK AGS				Chemical Probes Portal	DOI:10.1021/acs.jmedchem.1c01688	mrtx1133	https://www.chemicalprobes.org/
SCLLZBIBSFTLIN-INOGPEIASA-N	P01116	inhibitor	IC50		6	nM	cell	2D viability AGS (KRASG12D)				Chemical Probes Portal	DOI:10.1021/acs.jmedchem.1c01688	mrtx1133	https://www.chemicalprobes.org/
XVECNLUKQDKOST-UHFFFAOYSA-N	Q9BXF3	inhibitor			80	nM	binding	ITC				Chemical Probes Portal	DOI:10.1038/s41598-020-73500-7	nvs-cecr2-1	https://www.chemicalprobes.org/
XVECNLUKQDKOST-UHFFFAOYSA-N	Q9BXF3	inhibitor			47	nM	biochemical	AlphaScreen				Chemical Probes Portal	DOI:10.1038/s41598-020-73500-7	nvs-cecr2-1	https://www.chemicalprobes.org/
XVECNLUKQDKOST-UHFFFAOYSA-N	Q9BXF3	inhibitor			12.52	degC	binding	Thermal shift				Chemical Probes Portal	DOI:10.1038/s41598-020-73500-7	nvs-cecr2-1	https://www.chemicalprobes.org/
XVECNLUKQDKOST-UHFFFAOYSA-N	Q9BXF3	inhibitor	IC50		255	nM	cell	NanoBRET - Dose-dependent displacement of CECR2 from histone H3.3 following treatment with NVS-CECR2-1.				Chemical Probes Portal	DOI:10.1038/s41598-020-73500-7	nvs-cecr2-1	https://www.chemicalprobes.org/
XVECNLUKQDKOST-UHFFFAOYSA-N	Q9BXF3	inhibitor	activity		100	nM	cell	FRAP assay measuring half-times of fluorescence recovery (t1/2) after photo bleaching measured for CECR2 after treatment with NVS-CECR2-1 at different concentrations with or without SAHA.				Chemical Probes Portal	DOI:10.1038/s41598-020-73500-7	nvs-cecr2-1	https://www.chemicalprobes.org/
CKFRXCBNKKOFGO-IGEOTXOUSA-N	Q9H7B4	inhibitor			8.34	degC	binding	Thermal Shift Assay				Chemical Probes Portal	DOI:10.1177/24725552211019409	bay-6035	https://www.chemicalprobes.org/
CKFRXCBNKKOFGO-IGEOTXOUSA-N	Q9H7B4	inhibitor			88	nM	binding	Scintillation Proximity Assay				Chemical Probes Portal	DOI:10.1177/24725552211019409	bay-6035	https://www.chemicalprobes.org/
CKFRXCBNKKOFGO-IGEOTXOUSA-N	Q9H7B4	inhibitor			133	nM	binding	ITC				Chemical Probes Portal	DOI:10.1177/24725552211019409	bay-6035	https://www.chemicalprobes.org/
CKFRXCBNKKOFGO-IGEOTXOUSA-N	Q9H7B4	inhibitor			97	nM	binding	SPR				Chemical Probes Portal	DOI:10.1177/24725552211019409	bay-6035	https://www.chemicalprobes.org/
CKFRXCBNKKOFGO-IGEOTXOUSA-N	Q9H7B4	inhibitor	IC50		183	nM	cell	Inhibition of SMYD3-dependent MAP3K2 methylation in cells | 183 ± 13 nM				Chemical Probes Portal	DOI:10.1177/24725552211019409	bay-6035	https://www.chemicalprobes.org/
FFPHMUIGESPOTK-UHFFFAOYSA-N	Q9UHD2	inhibitor			10	nM	biochemical	Chemoproteomic determination using Kinobeads				Chemical Probes Portal	DOI:10.1021/acsmedchemlett.9b00027	gsk8612	https://www.chemicalprobes.org/
FFPHMUIGESPOTK-UHFFFAOYSA-N	Q9UHD2	inhibitor	IC50		1000	nM	cell	IRF3 phosphorylation inhibition (western blot)				Chemical Probes Portal	DOI:10.1021/acsmedchemlett.9b00027	gsk8612	https://www.chemicalprobes.org/
FFPHMUIGESPOTK-UHFFFAOYSA-N	Q9UHD2	inhibitor	IC50		800	nM	cell	inhibition of IFNα secretion in human PBMC followed by FACS-based Cytometric Bead Array (CBA) assay.				Chemical Probes Portal	DOI:10.1021/acsmedchemlett.9b00027	gsk8612	https://www.chemicalprobes.org/
FFPHMUIGESPOTK-UHFFFAOYSA-N	Q9UHD2	inhibitor	IC50		500	nM	cell	Inhibition of the secretion of IFNβ from THP-1 cGAMP stimulated cells				Chemical Probes Portal	DOI:10.1021/acsmedchemlett.9b00027	gsk8612	https://www.chemicalprobes.org/
DNHPDWGIXIMXSA-CXNSMIOJSA-N	P48764	inhibitor	IC50		0.5	nM	cell	Cell-based rat/human NHE3 inhibition assay in Opossum kidney (OK) cells				Chemical Probes Portal	TENAPANOR	tenapanor	https://www.chemicalprobes.org/
MMJPVSDTLGFIQW-UHFFFAOYSA-N	P45452	inhibitor			1	nM	biochemical	FRET assay				Chemical Probes Portal	DOI:10.1021/jm201129m	bi4394	https://www.chemicalprobes.org/
MMJPVSDTLGFIQW-UHFFFAOYSA-N	P45452	inhibitor	IC50		31	nM	cell	Collagen degradation assay: Inhibition of bovine nasal cartilage				Chemical Probes Portal	DOI:10.1021/jm201129m	bi4394	https://www.chemicalprobes.org/
MMJPVSDTLGFIQW-UHFFFAOYSA-N	P45452	inhibitor	IC50		11	nM	cell	Collagen degradation assay				Chemical Probes Portal	DOI:10.1021/jm201129m	bi4394	https://www.chemicalprobes.org/
KVMGAIOTUIGROS-AZUAARDMSA-N	O43614	agonist	EC50		31.7	nM	cell	Dose-dependent depolarization of the membrane potential				Chemical Probes Portal	DOI:10.1038/s41598-024-70594-1	tak-861	https://www.chemicalprobes.org/
KVMGAIOTUIGROS-AZUAARDMSA-N	O43614	agonist	EC50		1.2	nM	cell	Dose-dependent increase of IP1 content				Chemical Probes Portal	DOI:10.1038/s41598-024-70594-1	tak-861	https://www.chemicalprobes.org/
KVMGAIOTUIGROS-AZUAARDMSA-N	O43614	agonist	EC50		30	nM	cell	β-arrestin recruitment				Chemical Probes Portal	DOI:10.1038/s41598-024-70594-1	tak-861	https://www.chemicalprobes.org/
KVMGAIOTUIGROS-AZUAARDMSA-N	O43614	agonist	EC50		34	nM	cell	Phosphorylation of ERK1/2				Chemical Probes Portal	DOI:10.1038/s41598-024-70594-1	tak-861	https://www.chemicalprobes.org/
KVMGAIOTUIGROS-AZUAARDMSA-N	O43614	agonist	EC50		3.6	nM	cell	Phosphorylation of CREB				Chemical Probes Portal	DOI:10.1038/s41598-024-70594-1	tak-861	https://www.chemicalprobes.org/
KVMGAIOTUIGROS-AZUAARDMSA-N	O43614	agonist	EC50		2.5	nM	cell	Calcium mobilization assay				Chemical Probes Portal	DOI:10.1038/s41598-024-70594-1	tak-861	https://www.chemicalprobes.org/
ZGTWRRCZLAOQMY-UHFFFAOYSA-N	Q13882	inhibitor			5.4	nM	biochemical	Enzymatic kinase assay using HotSpot technology				Chemical Probes Portal	DOI:10.1158/0008-5472.CAN-16-1038	xmu-mp-2	https://www.chemicalprobes.org/
ZGTWRRCZLAOQMY-UHFFFAOYSA-N	Q13882	inhibitor	IC50		29.7	nM	cell	Cell proliferation assay after 24 h on Ba/F3 cells overexpressing BRK.				Chemical Probes Portal	DOI:10.1158/0008-5472.CAN-16-1038	xmu-mp-2	https://www.chemicalprobes.org/
ZGTWRRCZLAOQMY-UHFFFAOYSA-N	Q13882	inhibitor	% inhibition		500	nM	cell	BRK-transformed Ba/F3 cells, XMU-MP-2 inhibited the autophosphorylation of BRK at the site of Y342 in a dose-dependent manner and the maximum inhibition was observed starting at the concentration of 500 nmol/L				Chemical Probes Portal	DOI:10.1158/0008-5472.CAN-16-1038	xmu-mp-2	https://www.chemicalprobes.org/
UFKFTBGGMLIIME-DEOSSOPVSA-N	P61964	inhibitor			13	nM	binding	SPR				Chemical Probes Portal	LH168	lh168	https://www.chemicalprobes.org/
UFKFTBGGMLIIME-DEOSSOPVSA-N	P61964	inhibitor			38	nM	binding	ITC				Chemical Probes Portal	LH168	lh168	https://www.chemicalprobes.org/
UFKFTBGGMLIIME-DEOSSOPVSA-N	P61964	inhibitor			19.8	degC	binding	DSF				Chemical Probes Portal	LH168	lh168	https://www.chemicalprobes.org/
UFKFTBGGMLIIME-DEOSSOPVSA-N	P61964	inhibitor	EC50		10	nM	cell	NanoBRET				Chemical Probes Portal	LH168	lh168	https://www.chemicalprobes.org/
ZHXNIYGJAOPMSO-UHFFFAOYSA-N	Q08881	inhibitor			19	nM	biochemical	Biochemical assay				Chemical Probes Portal	BMS-509744	bms-509744	https://www.chemicalprobes.org/
ZHXNIYGJAOPMSO-UHFFFAOYSA-N	Q08881	inhibitor	IC50		250	nM	cell	inhibition of IL-2 secretion from Jurkat T-cells				Chemical Probes Portal	BMS-509744	bms-509744	https://www.chemicalprobes.org/
ZHXNIYGJAOPMSO-UHFFFAOYSA-N	Q08881	inhibitor	IC50		390	nM	cell	inhibition of IL-2 secretion in cell				Chemical Probes Portal	BMS-509744	bms-509744	https://www.chemicalprobes.org/
HCDAVCLCBXIYPW-QGZVFWFLSA-N	O43175	inhibitor			3	nM	biochemical	Biochemical Assay performed with the active form BI-4924				Chemical Probes Portal	DOI:10.1021/acs.jmedchem.9b00718	bi-4916	https://www.chemicalprobes.org/
HCDAVCLCBXIYPW-QGZVFWFLSA-N	O43175	inhibitor	IC50		2200	nM	cell	13C serine assay @ 72h				Chemical Probes Portal	DOI:10.1021/acs.jmedchem.9b00718	bi-4916	https://www.chemicalprobes.org/
HCDAVCLCBXIYPW-QGZVFWFLSA-N	O43175	inhibitor	IC50		29	nM	cell	Target engagement using BI-4916 (prodrug) 13C Serine assay @ 1h				Chemical Probes Portal	DOI:10.1021/acs.jmedchem.9b00718	bi-4916	https://www.chemicalprobes.org/
HCDAVCLCBXIYPW-QGZVFWFLSA-N	O43175	inhibitor	IC50		2200	nM	cell	13C serine assay @ 72h (BI-4924 active form)				Chemical Probes Portal	DOI:10.1021/acs.jmedchem.9b00718	bi-4916	https://www.chemicalprobes.org/
MVULIYLBRNHLEE-LFHXYJAASA-N	Q05397	degrader (protac)			6.5	nM	biochemical	FAK inhibition assay | 6.5 ± 0.5 nM				Chemical Probes Portal	DOI:10.1021/jacs.8b08008	protac-fak-degrader-1	https://www.chemicalprobes.org/
MVULIYLBRNHLEE-LFHXYJAASA-N	Q05397	degrader (protac)	DC50		3	nM	cell	FAK degradation was calculated from quantified Western blots after 24 h of serum-free treatment of PC3 cells | 3.0 ± 1.5 nM				Chemical Probes Portal	DOI:10.1021/jacs.8b08008	protac-fak-degrader-1	https://www.chemicalprobes.org/
MVULIYLBRNHLEE-LFHXYJAASA-N	Q05397	degrader (protac)	% inhibition		93	%	cell	p-Akt suppression				Chemical Probes Portal	DOI:10.1021/jacs.8b08008	protac-fak-degrader-1	https://www.chemicalprobes.org/
RXSCURXNWIHEAV-UHFFFAOYSA-N	P53667	inhibitor			33	nM	biochemical	Eurofins DiscoverX KdELECT				Chemical Probes Portal	DOI:10.1021/acs.jmedchem.4c02694	mdi-114215	https://www.chemicalprobes.org/
RXSCURXNWIHEAV-UHFFFAOYSA-N	P53667	inhibitor			13	nM	biochemical	Enzymatic inhibition of PAK1-phosphorylated LIMK1/2 (PAK1-pLIMK1/2)				Chemical Probes Portal	DOI:10.1021/acs.jmedchem.4c02694	mdi-114215	https://www.chemicalprobes.org/
RXSCURXNWIHEAV-UHFFFAOYSA-N	P53667	inhibitor	IC50		46	nM	cell	NanoBRET				Chemical Probes Portal	DOI:10.1021/acs.jmedchem.4c02694	mdi-114215	https://www.chemicalprobes.org/
RXSCURXNWIHEAV-UHFFFAOYSA-N	P53667	inhibitor	IC50		50	nM	cell	AlphaLISA assay measuring the reduced cellular p-cofilin levels				Chemical Probes Portal	DOI:10.1021/acs.jmedchem.4c02694	mdi-114215	https://www.chemicalprobes.org/
RXSCURXNWIHEAV-UHFFFAOYSA-N	P53671	inhibitor			40	nM	biochemical	Eurofins DiscoverX KdELECT				Chemical Probes Portal	DOI:10.1021/acs.jmedchem.4c02694	mdi-114215	https://www.chemicalprobes.org/
RXSCURXNWIHEAV-UHFFFAOYSA-N	P53671	inhibitor			11	nM	biochemical	Enzymatic inhibition of PAK1-phosphorylated LIMK1/2 (PAK1-pLIMK1/2)				Chemical Probes Portal	DOI:10.1021/acs.jmedchem.4c02694	mdi-114215	https://www.chemicalprobes.org/
RXSCURXNWIHEAV-UHFFFAOYSA-N	P53671	inhibitor	IC50		50	nM	cell	NanoBRET				Chemical Probes Portal	DOI:10.1021/acs.jmedchem.4c02694	mdi-114215	https://www.chemicalprobes.org/
BOXZMOCGSKLDAH-OUZJXKGJSA-N	Q13547	degrader (protac)			570	nM	biochemical	Histone Deacetylase Assay HDAC1-LSD1-CoREST complex				Chemical Probes Portal	DOI:10.1021/acs.jmedchem.1c02179	jps016	https://www.chemicalprobes.org/
BOXZMOCGSKLDAH-OUZJXKGJSA-N	Q13547	degrader (protac)	DC50		550	nM	cell	Target degradation evaluated via Western Blot				Chemical Probes Portal	DOI:10.1021/acs.jmedchem.1c02179	jps016	https://www.chemicalprobes.org/
BOXZMOCGSKLDAH-OUZJXKGJSA-N	Q13547	degrader (protac)	Dmax		84	%	cell	Degradation observed via western blot after 48h				Chemical Probes Portal	DOI:10.1021/acs.jmedchem.1c02179	jps016	https://www.chemicalprobes.org/
BOXZMOCGSKLDAH-OUZJXKGJSA-N	Q92769	degrader (protac)			820	nM	biochemical	Histone Deacetylase Assay HDAC2-LSD1-CoREST complex				Chemical Probes Portal	DOI:10.1021/acs.jmedchem.1c02179	jps016	https://www.chemicalprobes.org/
BOXZMOCGSKLDAH-OUZJXKGJSA-N	Q92769	degrader (protac)	Dmax		45	%	cell	Target degradation evaluated via Western Blot				Chemical Probes Portal	DOI:10.1021/acs.jmedchem.1c02179	jps016	https://www.chemicalprobes.org/
BOXZMOCGSKLDAH-OUZJXKGJSA-N	Q92769	degrader (protac)	Dmax		51	%	cell	Degradation observed via western blot after 48h				Chemical Probes Portal	DOI:10.1021/acs.jmedchem.1c02179	jps016	https://www.chemicalprobes.org/
BOXZMOCGSKLDAH-OUZJXKGJSA-N	O15379	degrader (protac)			380	nM	biochemical	Histone Deacetylase Assay HDAC3-SMRT complex				Chemical Probes Portal	DOI:10.1021/acs.jmedchem.1c02179	jps016	https://www.chemicalprobes.org/
BOXZMOCGSKLDAH-OUZJXKGJSA-N	O15379	degrader (protac)	DC50		530	nM	cell	Target degradation evaluated via Western Blot				Chemical Probes Portal	DOI:10.1021/acs.jmedchem.1c02179	jps016	https://www.chemicalprobes.org/
FYSWLIFIYIVHPI-DDWISSAJSA-N	P25440	degrader (protac)	Dmax		42	%	cell	Protein degradation quantified by WB				Chemical Probes Portal	MZP-54	mzp-54	https://www.chemicalprobes.org/
FYSWLIFIYIVHPI-DDWISSAJSA-N	Q15059	degrader (protac)	DC50		50	nM	cell	Protein degradation quantified by WB				Chemical Probes Portal	MZP-54	mzp-54	https://www.chemicalprobes.org/
FYSWLIFIYIVHPI-DDWISSAJSA-N	Q15059	degrader (protac)	EC50		49	nM	cell	Cell Proliferation Assay				Chemical Probes Portal	MZP-54	mzp-54	https://www.chemicalprobes.org/
FYSWLIFIYIVHPI-DDWISSAJSA-N	Q15059	degrader (protac)	Dmax		91	%	cell	Protein degradation quantified by WB				Chemical Probes Portal	MZP-54	mzp-54	https://www.chemicalprobes.org/
FYSWLIFIYIVHPI-DDWISSAJSA-N	O60885	degrader (protac)			4	nM	binding	ITC with BRD4-BD2 | 4±2 nM				Chemical Probes Portal	MZP-54	mzp-54	https://www.chemicalprobes.org/
FYSWLIFIYIVHPI-DDWISSAJSA-N	O60885	degrader (protac)	DC50	>=	8	nM	cell	Protein degradation quantified by WB | 8-25 nM				Chemical Probes Portal	MZP-54	mzp-54	https://www.chemicalprobes.org/
FYSWLIFIYIVHPI-DDWISSAJSA-N	O60885	degrader (protac)	EC50		269	nM	cell	Cell Proliferation Assay				Chemical Probes Portal	MZP-54	mzp-54	https://www.chemicalprobes.org/
KBTKRNXLECYGBY-NERSTHRASA-N	O15379	degrader (protac)			283.8	nM	biochemical	HDAC activity assays | 283.8 ± 50.6 nM				Chemical Probes Portal	DOI:10.1016/j.chembiol.2023.07.010	yx968	https://www.chemicalprobes.org/
KBTKRNXLECYGBY-NERSTHRASA-N	O15379	degrader (protac)	DC50		1.7	nM	cell	Degradation detected by WB over 8 h				Chemical Probes Portal	DOI:10.1016/j.chembiol.2023.07.010	yx968	https://www.chemicalprobes.org/
KBTKRNXLECYGBY-NERSTHRASA-N	O15379	degrader (protac)	Dmax		95	%	cell	Western blot after treatment for 8h at 50 nM				Chemical Probes Portal	DOI:10.1016/j.chembiol.2023.07.010	yx968	https://www.chemicalprobes.org/
KBTKRNXLECYGBY-NERSTHRASA-N	Q9BY41	degrader (protac)			740.1	nM	biochemical	HDAC activity assays | 740.1 ± 302.7 nM				Chemical Probes Portal	DOI:10.1016/j.chembiol.2023.07.010	yx968	https://www.chemicalprobes.org/
KBTKRNXLECYGBY-NERSTHRASA-N	Q9BY41	degrader (protac)	DC50		6.1	nM	cell	Degradation detected via WB after 8h				Chemical Probes Portal	DOI:10.1016/j.chembiol.2023.07.010	yx968	https://www.chemicalprobes.org/
KBTKRNXLECYGBY-NERSTHRASA-N	Q9BY41	degrader (protac)	Dmax		95	%	cell	Western blot after treatment for 8h at 50 nM				Chemical Probes Portal	DOI:10.1016/j.chembiol.2023.07.010	yx968	https://www.chemicalprobes.org/
OFNZESNEBSQKSE-BQGOKDIQSA-N	P61964	degrader (protac)			18	nM	binding	ITC				Chemical Probes Portal	DOI:10.1021/acs.jmedchem.1c00146	homer	https://www.chemicalprobes.org/
OFNZESNEBSQKSE-BQGOKDIQSA-N	P61964	degrader (protac)	DC50		53	nM	cell	WDR5 degradation in a catalytic manner with a DCmax of 58%				Chemical Probes Portal	DOI:10.1021/acs.jmedchem.1c00146	homer	https://www.chemicalprobes.org/
OFNZESNEBSQKSE-BQGOKDIQSA-N	P61964	degrader (protac)	Dmax		58	%	cell	HiBiT assay from Homer and both negative controls show that only Homer degrades WDR5 in MV4-11 cells after 24 h. Western Blots validate HiBiT data and show degradation of WDR5 by Homer treatment in MV4-11 cells after 24 h.		1	uM	Chemical Probes Portal	DOI:10.1021/acs.jmedchem.1c00146	homer	https://www.chemicalprobes.org/
GJCIYFAPQUEGNE-UHFFFAOYSA-N	P15056	degrader (protac)			2570	nM	binding	Ternary complex formation assessed via fluorescence polarization assay				Chemical Probes Portal	DOI:10.1038/s41589-020-0609-7	p4b	https://www.chemicalprobes.org/
GJCIYFAPQUEGNE-UHFFFAOYSA-N	P15056	degrader (protac)			33	nM	biochemical	TR-FRET binding analysis of P4B to the kinase domain of BRAF				Chemical Probes Portal	DOI:10.1038/s41589-020-0609-7	p4b	https://www.chemicalprobes.org/
GJCIYFAPQUEGNE-UHFFFAOYSA-N	P15056	degrader (protac)			4.7	nM	binding	SPR binding analysis of BRAF(WT)				Chemical Probes Portal	DOI:10.1038/s41589-020-0609-7	p4b	https://www.chemicalprobes.org/
GJCIYFAPQUEGNE-UHFFFAOYSA-N	P15056	degrader (protac)			5.6	nM	binding	SPR binding analysis of BRAF(V600E)				Chemical Probes Portal	DOI:10.1038/s41589-020-0609-7	p4b	https://www.chemicalprobes.org/
GJCIYFAPQUEGNE-UHFFFAOYSA-N	P15056	degrader (protac)	DC50		15	nM	cell	Target degradation after 24h observed via Western blot				Chemical Probes Portal	DOI:10.1038/s41589-020-0609-7	p4b	https://www.chemicalprobes.org/
GJCIYFAPQUEGNE-UHFFFAOYSA-N	P15056	degrader (protac)	Dmax		82	%	cell	Target degradation after 24h observed via Western blot				Chemical Probes Portal	DOI:10.1038/s41589-020-0609-7	p4b	https://www.chemicalprobes.org/
GJCIYFAPQUEGNE-UHFFFAOYSA-N	P15056	degrader (protac)	IC50	>=	8	nM	cell	pERK detection (AlphaLISA assay) at 1h and 24 treatment | 8 - 71 nM				Chemical Probes Portal	DOI:10.1038/s41589-020-0609-7	p4b	https://www.chemicalprobes.org/
GJCIYFAPQUEGNE-UHFFFAOYSA-N	P15056	degrader (protac)	IC50		71	nM	cell	Cell proliferation assay after 24h				Chemical Probes Portal	DOI:10.1038/s41589-020-0609-7	p4b	https://www.chemicalprobes.org/
AZBRPAQQOMDJLZ-UHFFFAOYSA-N	P00918	degrader (protac)	DC50		0.5	nM	cell	Degradation of hCAII detected via Western Blot after 48 h | 0.5 ± 0.3 nM				Chemical Probes Portal	DOI:10.1021/acs.jmedchem.2c01843	hcaii-degrader-11	https://www.chemicalprobes.org/
AZBRPAQQOMDJLZ-UHFFFAOYSA-N	P00918	degrader (protac)	Dmax		100	%	cell	Degradation of hCAII detected via Western Blot after 48 h				Chemical Probes Portal	DOI:10.1021/acs.jmedchem.2c01843	hcaii-degrader-11	https://www.chemicalprobes.org/
AWNXKZVIZARMME-UHFFFAOYSA-N	Q8NEB9	inhibitor			28	nM	biochemical	Phosphorylation of PtdIns in a 32P‐radioactive kinase assay by Selectscreen biochemical kinase profiling				Chemical Probes Portal	DOI:10.1042/BJ20140889	vps34-in-1	https://www.chemicalprobes.org/
AWNXKZVIZARMME-UHFFFAOYSA-N	Q8NEB9	inhibitor			25	nM	biochemical	Recombinant human Vps34–Vps15 complex was assayed by measuring phosphorylation of PtdIns in a 32P-radioactive kinase assay				Chemical Probes Portal	DOI:10.1042/BJ20140889	vps34-in-1	https://www.chemicalprobes.org/
AWNXKZVIZARMME-UHFFFAOYSA-N	Q8NEB9	inhibitor	activity	~	20	%	cell	Treatment with Vps34-IN1 for 1 h induced a marked dose-dependent suppression of endosomal localization of GFP–2×FYVEHrs				Chemical Probes Portal	DOI:10.1042/BJ20140889	vps34-in-1	https://www.chemicalprobes.org/
FSZPIAXLCCQFCM-FCQUAONHSA-N	Q13163	inhibitor			4.3	nM	biochemical					Chemical Probes Portal	BIX-02188	bix-02188	https://www.chemicalprobes.org/
FSZPIAXLCCQFCM-FCQUAONHSA-N	Q13163	inhibitor					cell	In HeLa cells, BIX-02188 dose-dependently inhibited protein substrate phosphorylation				Chemical Probes Portal	BIX-02188	bix-02188	https://www.chemicalprobes.org/
UZANYRRVDZSQGV-UHFFFAOYSA-N	Q6P5Z2	inhibitor			1	nM	biochemical	Kinobeads assay				Chemical Probes Portal	DOI:10.1038/s41589-023-01459-3	gsk902056a	https://www.chemicalprobes.org/
UZANYRRVDZSQGV-UHFFFAOYSA-N	Q6P5Z2	inhibitor	IC50		79	nM	cell	NanoBRET				Chemical Probes Portal	DOI:10.1038/s41589-023-01459-3	gsk902056a	https://www.chemicalprobes.org/
YBMGNDPBARCLFT-UHFFFAOYSA-N	P43003	inhibitor	IC50		120	nM	cell	Inhibition of the fluorescent response induced by 50 μM Glu (FLIPR Membrane Potential Blue assay)				Chemical Probes Portal	DOI:10.1021/jm8013458	ucph-101	https://www.chemicalprobes.org/
YBMGNDPBARCLFT-UHFFFAOYSA-N	P43003	inhibitor	IC50		660	nM	cell	[3H]-d-Asp uptake assay				Chemical Probes Portal	DOI:10.1021/jm8013458	ucph-101	https://www.chemicalprobes.org/
YBMGNDPBARCLFT-UHFFFAOYSA-N	P43003	inhibitor	Kd		340	nM	cell	Patch-clamp assay				Chemical Probes Portal	DOI:10.1021/jm8013458	ucph-101	https://www.chemicalprobes.org/
GEPYBHCJBORHCE-SFHVURJKSA-N	Q09472	antagonist			47	nM	biochemical	Biolayer interference.				Chemical Probes Portal	SGC-CBP30	sgc-cbp30	https://www.chemicalprobes.org/
GEPYBHCJBORHCE-SFHVURJKSA-N	Q92793	antagonist			38	nM	biochemical	Biolayer interference.				Chemical Probes Portal	SGC-CBP30	sgc-cbp30	https://www.chemicalprobes.org/
GEPYBHCJBORHCE-SFHVURJKSA-N	Q92793	antagonist					cell	In HeLa cells, SGC-CBP30 displaced CREBBP from chromatin in a FRAP assay.				Chemical Probes Portal	SGC-CBP30	sgc-cbp30	https://www.chemicalprobes.org/
YTGYWPTWNBGCLG-UHFFFAOYSA-N	Q9H773	inhibitor			20	nM	biochemical	Enzymatic assay				Chemical Probes Portal	DOI:10.1021/acs.jmedchem.6b01786	zinc4511851	https://www.chemicalprobes.org/
YTGYWPTWNBGCLG-UHFFFAOYSA-N	Q9H773	inhibitor			10		binding	DSF				Chemical Probes Portal	DOI:10.1021/acs.jmedchem.6b01786	zinc4511851	https://www.chemicalprobes.org/
YTGYWPTWNBGCLG-UHFFFAOYSA-N	Q9H773	inhibitor	ΔTm		10.7	degC	cell	CETSA				Chemical Probes Portal	DOI:10.1021/acs.jmedchem.6b01786	zinc4511851	https://www.chemicalprobes.org/
CCAWRGNYALGPQH-UHFFFAOYSA-N	P48735	inhibitor			23	nM	biochemical	Enzymatic assay				Chemical Probes Portal	AGI-6780	agi-6780	https://www.chemicalprobes.org/
CCAWRGNYALGPQH-UHFFFAOYSA-N	P48735	inhibitor	IC50		11	nM	cell	In U87 cells expressing the mutant protein, AGI-6780 dose-dependently decreased 2HG levels.				Chemical Probes Portal	AGI-6780	agi-6780	https://www.chemicalprobes.org/
JCKGSPAAPQRPBW-OAQYLSRUSA-N	Q8WTS6	inhibitor			0.33	nM	biochemical	IC50 = 2 nM in radioactive methyltransferase assay, transfer of 3H from 3H-SAM to peptide substrate				Chemical Probes Portal	(R)-PFI-2	r-pfi-2	https://www.chemicalprobes.org/
JCKGSPAAPQRPBW-OAQYLSRUSA-N	Q8WTS6	inhibitor					cell	CETSA				Chemical Probes Portal	(R)-PFI-2	r-pfi-2	https://www.chemicalprobes.org/
BJFSUDWKXGMUKA-UHFFFAOYSA-N	Q9H8M2	inhibitor			14	nM	biochemical	Isothermal titration calorimetry				Chemical Probes Portal	BI-9564	bi-9564	https://www.chemicalprobes.org/
BJFSUDWKXGMUKA-UHFFFAOYSA-N	Q9H8M2	inhibitor			6	nM	biochemical	DiscoveRx				Chemical Probes Portal	BI-9564	bi-9564	https://www.chemicalprobes.org/
BJFSUDWKXGMUKA-UHFFFAOYSA-N	Q9H8M2	inhibitor	IC50		275	nM	cell	"BRD9 FRAP assay ~90%  inhibition at 100 nM
Recovery After Photobleaching (FRAP) assay U2OS cells transfected with GFP-BRD9: measurement of recovery half times of wild-type cells treated with DMSO in the absence or presence of 2.5 µM SAHA or treated with BI-9564 at different concentrations"				Chemical Probes Portal	BI-9564	bi-9564	https://www.chemicalprobes.org/
BJFSUDWKXGMUKA-UHFFFAOYSA-N	Q9NPI1	inhibitor			239	nM	biochemical	DiscoveRx				Chemical Probes Portal	BI-9564	bi-9564	https://www.chemicalprobes.org/
BJFSUDWKXGMUKA-UHFFFAOYSA-N	Q9NPI1	inhibitor					cell	"BRD7 FRAP assay full  inhibition at 1µM in
Recovery After Photobleaching (FRAP) assay U2OS cells transfected with GFP-BRD7: measurement of recovery half times of wild-type cells treated with DMSO in the absence or presence of 2.5 µM SAHA or treated with BI-9564"				Chemical Probes Portal	BI-9564	bi-9564	https://www.chemicalprobes.org/
RNAMYOYQYRYFQY-UHFFFAOYSA-N	Q96KQ7	inhibitor			3.7	nM	biochemical	Enzymatic activity assays.				Chemical Probes Portal	UNC0642	unc0642	https://www.chemicalprobes.org/
RNAMYOYQYRYFQY-UHFFFAOYSA-N	Q96KQ7	inhibitor	IC50		110	nM	cell	Inhibition of protein substrate (H3K9) methylation assessed by in cell western in MDA-MB-231 cells. Comparable results were also obtained in U2OS, PC3 and PANC-1 cells.				Chemical Probes Portal	UNC0642	unc0642	https://www.chemicalprobes.org/
RNAMYOYQYRYFQY-UHFFFAOYSA-N	Q9H9B1	inhibitor		<	2.5	nM	biochemical	Enzymatic activity assays.				Chemical Probes Portal	UNC0642	unc0642	https://www.chemicalprobes.org/
RNAMYOYQYRYFQY-UHFFFAOYSA-N	Q9H9B1	inhibitor	IC50		110	nM	cell	Inhibition of protein substrate (H3K9) methylation assessed by in cell western in MDA-MB-231 cells. Comparable results were also obtained in U2OS, PC3 and PANC-1 cells.				Chemical Probes Portal	UNC0642	unc0642	https://www.chemicalprobes.org/
QOECJCJVIMVJGX-UHFFFAOYSA-N	Q96KQ7	inhibitor			27	nM	binding	SPR				Chemical Probes Portal	UNC0638	unc0638	https://www.chemicalprobes.org/
QOECJCJVIMVJGX-UHFFFAOYSA-N	Q96KQ7	inhibitor		<	15	nM	biochemical	Fluorescence-based SAHH coupled assay.				Chemical Probes Portal	UNC0638	unc0638	https://www.chemicalprobes.org/
QOECJCJVIMVJGX-UHFFFAOYSA-N	Q96KQ7	inhibitor	IC50		81	nM	cell	In-cell western of protein substrate methylation assay				Chemical Probes Portal	UNC0638	unc0638	https://www.chemicalprobes.org/
QOECJCJVIMVJGX-UHFFFAOYSA-N	Q9H9B1	inhibitor			19	nM	binding	SPR				Chemical Probes Portal	UNC0638	unc0638	https://www.chemicalprobes.org/
DPJNKUOXBZSZAI-UHFFFAOYSA-N	Q15910	inhibitor			10	nM	biochemical	"Transfer of 3H from SAM to peptide substrate in in vitro enzymatic assay.
UNC1999's Ki for EZH2/SAM = 4.6 nM."				Chemical Probes Portal	UNC1999	unc1999	https://www.chemicalprobes.org/
DPJNKUOXBZSZAI-UHFFFAOYSA-N	Q15910	inhibitor			4.6	nM	biochemical	Transfer of 3H from SAM to peptide substrate in in vitro enzymatic assay.				Chemical Probes Portal	UNC1999	unc1999	https://www.chemicalprobes.org/
DPJNKUOXBZSZAI-UHFFFAOYSA-N	Q15910	inhibitor	IC50		124	nM	cell	in-cell western to detect protein substrate methylation in MCF10A cells				Chemical Probes Portal	UNC1999	unc1999	https://www.chemicalprobes.org/
DPJNKUOXBZSZAI-UHFFFAOYSA-N	Q92800	inhibitor			45	nM	biochemical	Transfer of 3H from SAM to peptide substrate in in vitro enzymatic assay.				Chemical Probes Portal	UNC1999	unc1999	https://www.chemicalprobes.org/
DPJNKUOXBZSZAI-UHFFFAOYSA-N	Q92800	inhibitor	IC50		124	nM	cell	in-cell western to detect protein substrate methylation in MCF10A cells				Chemical Probes Portal	UNC1999	unc1999	https://www.chemicalprobes.org/
WBKCKEHGXNWYMO-UHFFFAOYSA-N	O15054	inhibitor			60	nM	biochemical	Alpha screen				Chemical Probes Portal	GSK-J4	gsk-j4	https://www.chemicalprobes.org/
WBKCKEHGXNWYMO-UHFFFAOYSA-N	O15054	inhibitor	IC50		9000	nM	cell	Inhibition of TNF alpha release in primary human macrophages				Chemical Probes Portal	GSK-J4	gsk-j4	https://www.chemicalprobes.org/
BKCDJTRMYWSXMC-UHFFFAOYSA-N	Q96KQ7	inhibitor			3.6	nM	biochemical	Peptide-based AlphaLISA, measuring the levels of H3K9 dimethylation				Chemical Probes Portal	A-366	a-366	https://www.chemicalprobes.org/
BKCDJTRMYWSXMC-UHFFFAOYSA-N	Q96KQ7	inhibitor	% inhibition	~	50	%	cell	A-366 produced a dose-dependent reduction in cellular levels of H3K27Me in PC3 cells, with levels reduced ~50% at 3 uM.		3	uM	Chemical Probes Portal	A-366	a-366	https://www.chemicalprobes.org/
BKCDJTRMYWSXMC-UHFFFAOYSA-N	Q9H9B1	inhibitor			38	nM	biochemical	Peptide-based AlphaLISA, measuring the levels of H3K9 dimethylation				Chemical Probes Portal	A-366	a-366	https://www.chemicalprobes.org/
TWKYXZSXXXKKJU-FQEVSTJZSA-N	O14744	inhibitor			4	nM	biochemical	Homogeneous time-resolved fluorescence (HTRF) assay under balanced conditions to monitor the monomethylation of H4R3 on a histone H4 peptide by PRMT5:MEP50.				Chemical Probes Portal	GSK591	gsk591	https://www.chemicalprobes.org/
TWKYXZSXXXKKJU-FQEVSTJZSA-N	O14744	inhibitor	IC50		3	nM	cell	In-cell western assay following inhibition of symmetric dimethylation of arginine-containing substrates in Z-138 cells over 4 days.				Chemical Probes Portal	GSK591	gsk591	https://www.chemicalprobes.org/
OTTJIRVZJJGFTK-SFHVURJKSA-N	Q9NRG4	inhibitor			27	nM	binding	Scintillation proximity assay				Chemical Probes Portal	BAY-598	bay-598	https://www.chemicalprobes.org/
OTTJIRVZJJGFTK-SFHVURJKSA-N	Q9NRG4	inhibitor	IC50		58	nM	cell	in-cell quantification of substrate methylation by FLAG-tagged SMYD2				Chemical Probes Portal	BAY-598	bay-598	https://www.chemicalprobes.org/
ZKXZLIFRWWKZRY-KRWDZBQOSA-N	O14744	inhibitor			5	nM	biochemical	Homogeneous time-resolved fluorescence (HTRF) assay under balanced conditions to monitor the monomethylation of H4R3 on a histone H4 peptide by PRMT5:MEP50				Chemical Probes Portal	DOI:10.1021/acsmedchemlett.5b00380	epz015666	https://www.chemicalprobes.org/
ZKXZLIFRWWKZRY-KRWDZBQOSA-N	O14744	inhibitor	IC50		9	nM	cell	In-cell western (ICW) assay following inhibition of symmetric dimethylation of arginine-containing substrates in Z-138 cells over 4 days.				Chemical Probes Portal	DOI:10.1021/acsmedchemlett.5b00380	epz015666	https://www.chemicalprobes.org/
ABGOSOMRWSYAOB-UHFFFAOYSA-N	Q4FZB7	inhibitor			25	nM	binding	Scintillation proximity assay - Methyltransferase activity assays for SUV420H1 and SUV420H2 were performed by monitoring the incorporation of tritium-labeled methyl group to monomethylated lysine 20 of peptide H4(1-24) (H4K20Me1). The experiments were performed in triplicate.				Chemical Probes Portal	A-196	a-196	https://www.chemicalprobes.org/
ABGOSOMRWSYAOB-UHFFFAOYSA-N	Q4FZB7	inhibitor	EC50		740	nM	cell	"In U2OS cells, EC50s were determined by western blot after treating the cells for 48 hours. Comparable results were obtained in LnCaP cells.
The cellular effects were also evaluated using high-content microscopy, which allowed the simultaneous assessment of two methyl marks.  In the assay (in U2OS cells), IC50 for H4K20me1=1.91 uM (activation), H4K20me3=0.502 uM (inhibition). Comparable data were obtained in PC3 cells. | 740 nM (activating H4K20me1)"				Chemical Probes Portal	A-196	a-196	https://www.chemicalprobes.org/
ABGOSOMRWSYAOB-UHFFFAOYSA-N	Q4FZB7	inhibitor	EC50		262	nM	cell	"In U2OS cells, EC50s were determined by western blot after treating the cells for 48 hours. Comparable results were obtained in LnCaP cells.
The cellular effects were also evaluated using high-content microscopy, which allowed the simultaneous assessment of two methyl marks.  In the assay (in U2OS cells), IC50 for H4K20me1=1.91 uM (activation), H4K20me3=0.502 uM (inhibition). Comparable data were obtained in PC3 cells. | 262 nM (inhibiting H4K20me2)"				Chemical Probes Portal	A-196	a-196	https://www.chemicalprobes.org/
ABGOSOMRWSYAOB-UHFFFAOYSA-N	Q4FZB7	inhibitor	EC50		370	nM	cell	"In U2OS cells, EC50s were determined by western blot after treating the cells for 48 hours. Comparable results were obtained in LnCaP cells.
The cellular effects were also evaluated using high-content microscopy, which allowed the simultaneous assessment of two methyl marks.  In the assay (in U2OS cells), IC50 for H4K20me1=1.91 uM (activation), H4K20me3=0.502 uM (inhibition). Comparable data were obtained in PC3 cells. | 370 nM (inhibiting H4K20me3)"				Chemical Probes Portal	A-196	a-196	https://www.chemicalprobes.org/
ABGOSOMRWSYAOB-UHFFFAOYSA-N	Q86Y97	inhibitor			144	nM	binding	Scintillation proximity assay - Methyltransferase activity assays for SUV420H1 and SUV420H2 were performed by monitoring the incorporation of tritium-labeled methyl group to monomethylated lysine 20 of peptide H4(1-24) (H4K20Me1). The experiments were performed in triplicate.				Chemical Probes Portal	A-196	a-196	https://www.chemicalprobes.org/
ABGOSOMRWSYAOB-UHFFFAOYSA-N	Q86Y97	inhibitor	EC50		740	nM	cell	"In U2OS cells, EC50s were determined by western blot after treating the cells for 48 hours. Comparable results were obtained in LnCaP cells.
The cellular effects were also evaluated using high-content microscopy, which allowed the simultaneous assessment of two methyl marks.  In the assay (in U2OS cells), IC50 for H4K20me1=1.91 uM (activation), H4K20me3=0.502 uM (inhibition). Comparable data were obtained in PC3 cells. | 740 nM (activating H4K20me1)"				Chemical Probes Portal	A-196	a-196	https://www.chemicalprobes.org/
ABGOSOMRWSYAOB-UHFFFAOYSA-N	Q86Y97	inhibitor	EC50		262	nM	cell	"In U2OS cells, EC50s were determined by western blot after treating the cells for 48 hours. Comparable results were obtained in LnCaP cells.
The cellular effects were also evaluated using high-content microscopy, which allowed the simultaneous assessment of two methyl marks.  In the assay (in U2OS cells), IC50 for H4K20me1=1.91 uM (activation), H4K20me3=0.502 uM (inhibition). Comparable data were obtained in PC3 cells. | 262 nM (inhibiting H4K20me2)"				Chemical Probes Portal	A-196	a-196	https://www.chemicalprobes.org/
ABGOSOMRWSYAOB-UHFFFAOYSA-N	Q86Y97	inhibitor	EC50		370	nM	cell	"In U2OS cells, EC50s were determined by western blot after treating the cells for 48 hours. Comparable results were obtained in LnCaP cells.
The cellular effects were also evaluated using high-content microscopy, which allowed the simultaneous assessment of two methyl marks.  In the assay (in U2OS cells), IC50 for H4K20me1=1.91 uM (activation), H4K20me3=0.502 uM (inhibition). Comparable data were obtained in PC3 cells. | 370 nM (inhibiting H4K20me3)"				Chemical Probes Portal	A-196	a-196	https://www.chemicalprobes.org/
PSOXOVKYGWBTPB-UHFFFAOYSA-N	P55055	antagonist, inverse agonist, mix agonist/antagonist in vivo			31.6	nM	biochemical	LXR LEADseeker binding assay				Chemical Probes Portal	GSK2033	gsk2033	https://www.chemicalprobes.org/
PSOXOVKYGWBTPB-UHFFFAOYSA-N	P55055	antagonist, inverse agonist, mix agonist/antagonist in vivo	IC50		17	nM	cell	Co-transfection using Luciferase reporter assay, basal gene expression suppression for ABCA1 and SREBP-1c genes | 17				Chemical Probes Portal	GSK2033	gsk2033	https://www.chemicalprobes.org/
PSOXOVKYGWBTPB-UHFFFAOYSA-N	P55055	antagonist, inverse agonist, mix agonist/antagonist in vivo	IC50		52	nM	cell	Co-transfection using Luciferase reporter assay, basal gene expression suppression for ABCA1 and SREBP-1c genes | 52 nM				Chemical Probes Portal	GSK2033	gsk2033	https://www.chemicalprobes.org/
PSOXOVKYGWBTPB-UHFFFAOYSA-N	Q13133	antagonist, inverse agonist, mix agonist/antagonist in vivo			31.6	nM	biochemical	LXR LEADseeker binding assay				Chemical Probes Portal	GSK2033	gsk2033	https://www.chemicalprobes.org/
PSOXOVKYGWBTPB-UHFFFAOYSA-N	Q13133	antagonist, inverse agonist, mix agonist/antagonist in vivo	IC50		9	nM	cell	Co-transfection using Luciferase reporter assay, basal gene expression suppression for ABCA1 and SREBP-1c genes | 9				Chemical Probes Portal	GSK2033	gsk2033	https://www.chemicalprobes.org/
PSOXOVKYGWBTPB-UHFFFAOYSA-N	Q13133	antagonist, inverse agonist, mix agonist/antagonist in vivo	IC50		10	nM	cell	Co-transfection using Luciferase reporter assay, basal gene expression suppression for ABCA1 and SREBP-1c genes | 10 nM				Chemical Probes Portal	GSK2033	gsk2033	https://www.chemicalprobes.org/
MPUQHZXIXSTTDU-QXGSTGNESA-N	Q8TBC4	inhibitor			4.7	nM	biochemical	Purified enzyme assay, monitoring the formation of E2-UBL thioester reaction products.				Chemical Probes Portal	Pevonedistat	pevonedistat	https://www.chemicalprobes.org/
MPUQHZXIXSTTDU-QXGSTGNESA-N	Q8TBC4	inhibitor	IC50	<	100	nM	cell	In HCT-116 cells, pevonedistat dose-dependently decreased Ubcl2-NEDD8 thioester formation and NEDD8-cullin conjugates; it increased CRL substrates (e.g., CDT1, p27, NRF2).				Chemical Probes Portal	Pevonedistat	pevonedistat	https://www.chemicalprobes.org/
DYIRSNMPIZZNBK-UHFFFAOYSA-N	O75530	inhibitor			82	nM	binding	Isothermal titration calorimetry (ITC)				Chemical Probes Portal	EED226	eed226	https://www.chemicalprobes.org/
DYIRSNMPIZZNBK-UHFFFAOYSA-N	O75530	inhibitor			23.4	nM	biochemical	In in vitro enzyme assays				Chemical Probes Portal	EED226	eed226	https://www.chemicalprobes.org/
DYIRSNMPIZZNBK-UHFFFAOYSA-N	O75530	inhibitor					cell	In G401 cells, EED226 dose-dependently decreased global H3K27me3 and H3K27me2 levels.				Chemical Probes Portal	EED226	eed226	https://www.chemicalprobes.org/
DRLCSJFKKILATL-YWCVFVGNSA-N	Q00987	inhibitor			0.045	nM	biochemical	Surface plasmon resonance assay				Chemical Probes Portal	AMG232	amg232	https://www.chemicalprobes.org/
DRLCSJFKKILATL-YWCVFVGNSA-N	Q00987	inhibitor			0.6	nM	biochemical	HTRF assay				Chemical Probes Portal	AMG232	amg232	https://www.chemicalprobes.org/
DRLCSJFKKILATL-YWCVFVGNSA-N	Q00987	inhibitor	IC50		9.1	nM	cell	In SJSA-1 EdU proliferation assay.				Chemical Probes Portal	AMG232	amg232	https://www.chemicalprobes.org/
DRLCSJFKKILATL-YWCVFVGNSA-N	Q00987	inhibitor	IC50		10	nM	cell	In HCT-116 cells, AMG232 selectively inhibited the proliferation of p53 wild-type cells (IC50=10 nM compared with >25 uM for mutant p53 cells).				Chemical Probes Portal	AMG232	amg232	https://www.chemicalprobes.org/
HXZRMADPDYFMEB-FTTMEYFSSA-N	P63267	actin disruptor			7	nM	binding	"Isothermal calorimetry (ITC) assays with G-actin and ATP.
In G-actin polymerization experiments, Bistramide A decreased polymerization at concentrations 50-400 nM. In F-actin depolymerization assays, Bistramide A increased depolymerization at concentrations 120-450 nM. These results were confirmed in later experiments using TIRF microscopy (see PNAS paper)."				Chemical Probes Portal	Bistramide A	bistramide	https://www.chemicalprobes.org/
HXZRMADPDYFMEB-FTTMEYFSSA-N	P63267	actin disruptor	GI50		20.4	nM	cell	In A549 cell lysates, biotinylated Bistramide A interacted with a single protein that was shown to be beta-actin by MS. Covalently modified actin was detected in A549 cells treated with BODIPY-conjugated Bistramide A.				Chemical Probes Portal	Bistramide A	bistramide	https://www.chemicalprobes.org/
QFJCIRLUMZQUOT-HPLJOQBZSA-N	P42345	inhibitor			0.2	nM	biochemical	Biochemical assay (FKBP1A)				Chemical Probes Portal	Rapamycin	rapamycin	https://www.chemicalprobes.org/
QFJCIRLUMZQUOT-HPLJOQBZSA-N	P42345	inhibitor	IC50		0.1	nM	cell	Inhibition of G1 progression in MG-63 cells				Chemical Probes Portal	Rapamycin	rapamycin	https://www.chemicalprobes.org/
ZDNGJXBUEQNFBQ-GCJKJVERSA-N	Q14145	inhibitor			1.3	nM	binding	Isothermal Titration Calorimetry (ITC)				Chemical Probes Portal	KI-696	ki-696	https://www.chemicalprobes.org/
ZDNGJXBUEQNFBQ-GCJKJVERSA-N	Q14145	inhibitor	EC50		12	nM	cell	Beas2B cells treated with compound and NQO1 activity measured after 48 hrs using MTT. NQO1 is an NRF2-dependent gene.				Chemical Probes Portal	KI-696	ki-696	https://www.chemicalprobes.org/
QJJXYPPXXYFBGM-LFZNUXCKSA-N	P62942	inhibitor			0.4	nM	biochemical	Spectrophotometric Assay (Fisher Assay)				Chemical Probes Portal	Tacrolimus	tacrolimus	https://www.chemicalprobes.org/
QJJXYPPXXYFBGM-LFZNUXCKSA-N	P62942	inhibitor	IC50		0.19	nM	cell	IL-2 reporter gene assay				Chemical Probes Portal	Tacrolimus	tacrolimus	https://www.chemicalprobes.org/
QJJXYPPXXYFBGM-LFZNUXCKSA-N	P62942	inhibitor	IC50		0.29	nM	cell	Murine MLR assay				Chemical Probes Portal	Tacrolimus	tacrolimus	https://www.chemicalprobes.org/
QJJXYPPXXYFBGM-LFZNUXCKSA-N	P62942	inhibitor	IC50		0.18	nM	cell	PPD-induced proliferation of HPBMNC isolated from blood,				Chemical Probes Portal	Tacrolimus	tacrolimus	https://www.chemicalprobes.org/
QJJXYPPXXYFBGM-LFZNUXCKSA-N	P62942	inhibitor	IC50		0.06	nM	cell	IL-5 production assay (WB)				Chemical Probes Portal	Tacrolimus	tacrolimus	https://www.chemicalprobes.org/
QJJXYPPXXYFBGM-LFZNUXCKSA-N	P62942	inhibitor	IC50		0.06	nM	cell	IFN-γ production assay (WB)				Chemical Probes Portal	Tacrolimus	tacrolimus	https://www.chemicalprobes.org/
QJJXYPPXXYFBGM-LFZNUXCKSA-N	P62942	inhibitor	IC50		0.95	nM	cell	Macrophilin-12 (FKBP-12) binding assay				Chemical Probes Portal	Tacrolimus	tacrolimus	https://www.chemicalprobes.org/
YKNAKDFZAWQEEO-IBGZPJMESA-N	Q09472	inhibitor			167	nM	binding	ITC				Chemical Probes Portal	I-CBP112	i-cbp112	https://www.chemicalprobes.org/
YKNAKDFZAWQEEO-IBGZPJMESA-N	Q92793	inhibitor			151	nM	binding	ITC				Chemical Probes Portal	I-CBP112	i-cbp112	https://www.chemicalprobes.org/
YKNAKDFZAWQEEO-IBGZPJMESA-N	Q92793	inhibitor			170	nM	biochemical	"Biolayer interferometry
I-CBP112 displaced acetylated lysine peptides from CBP"				Chemical Probes Portal	I-CBP112	i-cbp112	https://www.chemicalprobes.org/
YKNAKDFZAWQEEO-IBGZPJMESA-N	Q92793	inhibitor	IC50		600	nM	cell	In cells, I-CBP112 interfered with CBP interaction with acetylated lysine-containing proteins in FRAP and BRET assays.				Chemical Probes Portal	I-CBP112	i-cbp112	https://www.chemicalprobes.org/
QJZRFPJCWMNVAV-HHHXNRCGSA-N	P52732	inhibitor			1.7	nM	biochemical	MT-stimulated KSP ATPase activity | 1.7 ± 0.1 nM				Chemical Probes Portal	ISPINESIB	ispinesib	https://www.chemicalprobes.org/
QJZRFPJCWMNVAV-HHHXNRCGSA-N	P52732	inhibitor	GI50		45	nM	cell	Cell proliferation assay				Chemical Probes Portal	ISPINESIB	ispinesib	https://www.chemicalprobes.org/
QJZRFPJCWMNVAV-HHHXNRCGSA-N	P52732	inhibitor	GI50		19	nM	cell	Cell proliferation assay				Chemical Probes Portal	ISPINESIB	ispinesib	https://www.chemicalprobes.org/
JNAHVYVRKWKWKQ-CYBMUJFWSA-N	P09874	inhibitor			5.2	nM	biochemical	Biochemical Assay				Chemical Probes Portal	Veliparib	veliparib	https://www.chemicalprobes.org/
JNAHVYVRKWKWKQ-CYBMUJFWSA-N	P09874	inhibitor			3.3	nM	biochemical	ADP ribosylation assays, PARP1 (full length)				Chemical Probes Portal	Veliparib	veliparib	https://www.chemicalprobes.org/
JNAHVYVRKWKWKQ-CYBMUJFWSA-N	P09874	inhibitor	IC50		5.9	nM	cell	In LoVo cells, PAR synthesis assay.				Chemical Probes Portal	Veliparib	veliparib	https://www.chemicalprobes.org/
JNAHVYVRKWKWKQ-CYBMUJFWSA-N	Q9UGN5	inhibitor			2.9	nM	biochemical	In vitro Biochemical assay				Chemical Probes Portal	Veliparib	veliparib	https://www.chemicalprobes.org/
JNAHVYVRKWKWKQ-CYBMUJFWSA-N	Q9UGN5	inhibitor			17.5	nM	biochemical	ADP ribosylation assays, PARP2 (full length)				Chemical Probes Portal	Veliparib	veliparib	https://www.chemicalprobes.org/
JNAHVYVRKWKWKQ-CYBMUJFWSA-N	Q9UGN5	inhibitor	IC50		5.9	nM	cell	In LoVo cells, PAR synthesis assay.				Chemical Probes Portal	Veliparib	veliparib	https://www.chemicalprobes.org/
FDLYAMZZIXQODN-UHFFFAOYSA-N	P09874	inhibitor			5	nM	biochemical	In vitro biochemical assays using 3H-NAD or biotinylated-NAD.				Chemical Probes Portal	Olaparib	olaparib	https://www.chemicalprobes.org/
FDLYAMZZIXQODN-UHFFFAOYSA-N	P09874	inhibitor			1.4	nM	biochemical	ADP ribosylation assays, PARP1 (full-length)				Chemical Probes Portal	Olaparib	olaparib	https://www.chemicalprobes.org/
FDLYAMZZIXQODN-UHFFFAOYSA-N	P09874	inhibitor	IC50		6	nM	cell	"Ex vivo PARylation assay in SW620 cell extracts.
Olaparib also sensitized cells to methylmethane sulfonate in cellular sensitization assay (PF50 = IC50 with MMS/IC50 with PARP inhibitor: 25.8)."				Chemical Probes Portal	Olaparib	olaparib	https://www.chemicalprobes.org/
FDLYAMZZIXQODN-UHFFFAOYSA-N	Q9UGN5	inhibitor			1	nM	biochemical	In vitro biochemical assays using 3H-NAD or biotinylated-NAD				Chemical Probes Portal	Olaparib	olaparib	https://www.chemicalprobes.org/
FDLYAMZZIXQODN-UHFFFAOYSA-N	Q9UGN5	inhibitor			12.3	nM	biochemical	ADP ribosylation assays, oliparib , PARP2 (full length)				Chemical Probes Portal	Olaparib	olaparib	https://www.chemicalprobes.org/
FDLYAMZZIXQODN-UHFFFAOYSA-N	Q9UGN5	inhibitor	IC50		6	nM	cell	"Ex vivo PARylation assay in SW620 cell extracts.
Olaparib also sensitized cells to methylmethane sulfonate in cellular sensitization assay (PF50 = IC50 with MMS/IC50 with PARP inhibitor: 25.8)."				Chemical Probes Portal	Olaparib	olaparib	https://www.chemicalprobes.org/
PCHKPVIQAHNQLW-CQSZACIVSA-N	P09874	inhibitor			3.2	nM	biochemical	SPA assay.				Chemical Probes Portal	Niraparib	niraparib	https://www.chemicalprobes.org/
PCHKPVIQAHNQLW-CQSZACIVSA-N	P09874	inhibitor			3.8	nM	biochemical	TCA precipitation assays				Chemical Probes Portal	Niraparib	niraparib	https://www.chemicalprobes.org/
PCHKPVIQAHNQLW-CQSZACIVSA-N	P09874	inhibitor			16.7	nM	biochemical	ADP ribosylation assays PARP1 (full length)				Chemical Probes Portal	Niraparib	niraparib	https://www.chemicalprobes.org/
PCHKPVIQAHNQLW-CQSZACIVSA-N	P09874	inhibitor	EC50		4	nM	cell	"In HeLa cells, activity was assessed in a general PARylation assay.
In HeLa cell proliferation assays, loss of BRCA1 sensitized cells to MK-4827 (IC50 BRCA1- 33 nM, BRCA1+ 860 nM).
In MDA-MB-436 cells (BRCA1-), CC50 = 18 nM.
In CAPAN-1 cells (BRCA2-), CC50 = 90 nM.
Normal human prostate and mammary epithelial cells were resistant to MK-4827."				Chemical Probes Portal	Niraparib	niraparib	https://www.chemicalprobes.org/
PCHKPVIQAHNQLW-CQSZACIVSA-N	Q9UGN5	inhibitor			2.1	nM	biochemical	TCA precipitation assays				Chemical Probes Portal	Niraparib	niraparib	https://www.chemicalprobes.org/
PCHKPVIQAHNQLW-CQSZACIVSA-N	Q9UGN5	inhibitor			15.3	nM	biochemical	ADP ribosylation assays PARP2 (full length)				Chemical Probes Portal	Niraparib	niraparib	https://www.chemicalprobes.org/
PCHKPVIQAHNQLW-CQSZACIVSA-N	Q9UGN5	inhibitor	EC50		4	nM	cell	"In HeLa cells, activity was assessed in a general PARylation assay.
In HeLa cell proliferation assays, loss of BRCA1 sensitized cells to MK-4827 (IC50 BRCA1- 33 nM, BRCA1+ 860 nM).
In MDA-MB-436 cells (BRCA1-), CC50 = 18 nM.
In CAPAN-1 cells (BRCA2-), CC50 = 90 nM.
Normal human prostate and mammary epithelial cells were resistant to MK-4827."				Chemical Probes Portal	Niraparib	niraparib	https://www.chemicalprobes.org/
ULXXDDBFHOBEHA-CWDCEQMOSA-N	P00533	covalent inhibitor			0.5	nM	biochemical	In vitro kinase assays				Chemical Probes Portal	Afatinib	afatinib	https://www.chemicalprobes.org/
ULXXDDBFHOBEHA-CWDCEQMOSA-N	P00533	covalent inhibitor	EC50	>=	13	nM	cell	In cell autophosphorylation detected by ELISA. Cells assayed include: A431, NIH-3T3, BT-474, NCI-N87; IC50 varied by cell type. | 13-71 nM				Chemical Probes Portal	Afatinib	afatinib	https://www.chemicalprobes.org/
ULXXDDBFHOBEHA-CWDCEQMOSA-N	P04626	covalent inhibitor			14	nM	biochemical	In vitro kinase assays				Chemical Probes Portal	Afatinib	afatinib	https://www.chemicalprobes.org/
ULXXDDBFHOBEHA-CWDCEQMOSA-N	P04626	covalent inhibitor	EC50	>=	13	nM	cell	In cell autophosphorylation detected by ELISA. Cells assayed include: A431, NIH-3T3, BT-474, NCI-N87; IC50 varied by cell type. | 13-71 nM				Chemical Probes Portal	Afatinib	afatinib	https://www.chemicalprobes.org/
KXBDTLQSDKGAEB-UHFFFAOYSA-N	Q06187	covalent inhibitor	EC50		8	nM	cell	Autophosphorylation in Ramos cells. EC50 for occupancy with a biotinylated derivative of AVL-292 was 6 nM.				Chemical Probes Portal	AVL-292	avl-292	https://www.chemicalprobes.org/
ZVWPOIUAPXDLMB-UHFFFAOYSA-N	P43004	modulator	EC50		0.041	nM	cell	EEAT2-mediated glutamate update assay				Chemical Probes Portal	DOI:10.1021/acschemneuro.7b00308	gt949	https://www.chemicalprobes.org/
LGWDVWIZDPGCFG-UHFFFAOYSA-N	Q8TE04	allosteric activator, orthosteric inhibitor			40.2	nM	binding	SPR, radiochemical kinase assay | 40.2 ± 4.4 nM				Chemical Probes Portal	PZ2891	pz2891	https://www.chemicalprobes.org/
LGWDVWIZDPGCFG-UHFFFAOYSA-N	Q8TE04	allosteric activator, orthosteric inhibitor	K0.5		8.7	uM	cell	TLC with Radio-labelled Panthotenate, CETSA | 8.7 ± 2.6 uM				Chemical Probes Portal	PZ2891	pz2891	https://www.chemicalprobes.org/
LGWDVWIZDPGCFG-UHFFFAOYSA-N	Q9BZ23	allosteric activator, orthosteric inhibitor			0.7	nM	binding	SPR, radiochemical kinase assay | 0.7 ± 0.08 nM				Chemical Probes Portal	PZ2891	pz2891	https://www.chemicalprobes.org/
LGWDVWIZDPGCFG-UHFFFAOYSA-N	Q9BZ23	allosteric activator, orthosteric inhibitor	K0.5		8.7	uM	cell	TLC with Radio-labelled Panthotenate, CETSA | 8.7 ± 2.6 uM				Chemical Probes Portal	PZ2891	pz2891	https://www.chemicalprobes.org/
LGWDVWIZDPGCFG-UHFFFAOYSA-N	Q9H999	allosteric activator, orthosteric inhibitor			1.3	nM	binding	SPR, radiochemical kinase assay | 1.3 ± 0.2 nM				Chemical Probes Portal	PZ2891	pz2891	https://www.chemicalprobes.org/
LGWDVWIZDPGCFG-UHFFFAOYSA-N	Q9H999	allosteric activator, orthosteric inhibitor			0.203	nM	binding	SPR				Chemical Probes Portal	PZ2891	pz2891	https://www.chemicalprobes.org/
LGWDVWIZDPGCFG-UHFFFAOYSA-N	Q9H999	allosteric activator, orthosteric inhibitor	K0.5		8.7	uM	cell	TLC with Radio-labelled Panthotenate, CETSA | 8.7 ± 2.6 uM				Chemical Probes Portal	PZ2891	pz2891	https://www.chemicalprobes.org/
SQSZANZGUXWJEA-UHFFFAOYSA-N	O60674	inhibitor			0.191	nM	biochemical	JAK LanthaScreen Kinase assay				Chemical Probes Portal	Gandotinib	gandotinib	https://www.chemicalprobes.org/
SQSZANZGUXWJEA-UHFFFAOYSA-N	O60674	inhibitor			0.246	nM	biochemical	LanthaScreen assay using JAK2 WT				Chemical Probes Portal	Gandotinib	gandotinib	https://www.chemicalprobes.org/
SQSZANZGUXWJEA-UHFFFAOYSA-N	O60674	inhibitor	IC50		45	nM	cell	Cellomics detection assay (TF-1 JAK2 cell-based assay (T), NK-92 JAK3/JAK1 heterodimer cell-based assay (N)), TEL-JAK cell-based AlphaScreen assays (A), pSTAT5 AlphaScreen assay (S), Cell proliferation assay (P) | 45 nM (T)				Chemical Probes Portal	Gandotinib	gandotinib	https://www.chemicalprobes.org/
SQSZANZGUXWJEA-UHFFFAOYSA-N	O60674	inhibitor	IC50		942	nM	cell	Cellomics detection assay (TF-1 JAK2 cell-based assay (T), NK-92 JAK3/JAK1 heterodimer cell-based assay (N)), TEL-JAK cell-based AlphaScreen assays (A), pSTAT5 AlphaScreen assay (S), Cell proliferation assay (P) | 942 nM (N)				Chemical Probes Portal	Gandotinib	gandotinib	https://www.chemicalprobes.org/
SQSZANZGUXWJEA-UHFFFAOYSA-N	O60674	inhibitor	IC50		191	nM	cell	Cellomics detection assay (TF-1 JAK2 cell-based assay (T), NK-92 JAK3/JAK1 heterodimer cell-based assay (N)), TEL-JAK cell-based AlphaScreen assays (A), pSTAT5 AlphaScreen assay (S), Cell proliferation assay (P) | 191 nM (A)				Chemical Probes Portal	Gandotinib	gandotinib	https://www.chemicalprobes.org/
SQSZANZGUXWJEA-UHFFFAOYSA-N	O60674	inhibitor	IC50		20	nM	cell	Cellomics detection assay (TF-1 JAK2 cell-based assay (T), NK-92 JAK3/JAK1 heterodimer cell-based assay (N)), TEL-JAK cell-based AlphaScreen assays (A), pSTAT5 AlphaScreen assay (S), Cell proliferation assay (P) | 20 nM (S) Mutant				Chemical Probes Portal	Gandotinib	gandotinib	https://www.chemicalprobes.org/
SQSZANZGUXWJEA-UHFFFAOYSA-N	O60674	inhibitor	IC50		55	nM	cell	Cellomics detection assay (TF-1 JAK2 cell-based assay (T), NK-92 JAK3/JAK1 heterodimer cell-based assay (N)), TEL-JAK cell-based AlphaScreen assays (A), pSTAT5 AlphaScreen assay (S), Cell proliferation assay (P) | 55 nM (P) Mutant				Chemical Probes Portal	Gandotinib	gandotinib	https://www.chemicalprobes.org/
IFWUBRBMMNTBRZ-UHFFFAOYSA-N	Q86W56	inhibitor			26	nM	biochemical	Biochemical PAR chain persistence assay				Chemical Probes Portal	PDD00017273	pdd00017273	https://www.chemicalprobes.org/
IFWUBRBMMNTBRZ-UHFFFAOYSA-N	Q86W56	inhibitor	IC50		37	nM	cell	Whole-cell PAR chain-persistence assay in HeLa cells after MMS challenge.				Chemical Probes Portal	PDD00017273	pdd00017273	https://www.chemicalprobes.org/
GMPQGWXPDRNCBL-UHFFFAOYSA-N	P12931	inhibitor			0.5	nM	biochemical	Radioisotope-based assay ([γ-33P] ATP)				Chemical Probes Portal	eCF506	ecf506	https://www.chemicalprobes.org/
GMPQGWXPDRNCBL-UHFFFAOYSA-N	P12931	inhibitor	EC50		9	nM	cell	Antiproliferative assays. | 9 nM (MDA-MB-231)				Chemical Probes Portal	eCF506	ecf506	https://www.chemicalprobes.org/
GMPQGWXPDRNCBL-UHFFFAOYSA-N	P12931	inhibitor	EC50		70	nM	cell	Antiproliferative assays. | 70 nM (MCF7)				Chemical Probes Portal	eCF506	ecf506	https://www.chemicalprobes.org/
CYOHGALHFOKKQC-UHFFFAOYSA-N	Q02750	covalent inhibitor			14	nM	biochemical	Radiometric kinase assay				Chemical Probes Portal	Selumetinib	selumetinib	https://www.chemicalprobes.org/
CYOHGALHFOKKQC-UHFFFAOYSA-N	Q02750	covalent inhibitor	IC50		10	nM	cell	Inhibition of substrate phosphorylation in Malme-3M cells				Chemical Probes Portal	Selumetinib	selumetinib	https://www.chemicalprobes.org/
REVJNSVNICWODC-KIDMSAQOSA-N	O75530	inhibitor			0.4	nM	biochemical	TR-FRET				Chemical Probes Portal	A-395	395	https://www.chemicalprobes.org/
REVJNSVNICWODC-KIDMSAQOSA-N	O75530	inhibitor	IC50		90	nM	cell	Cell proliferation assays (CellTiter-Glo Luminescent Cell Viability Assay, Promega Corporation).				Chemical Probes Portal	A-395	395	https://www.chemicalprobes.org/
REVJNSVNICWODC-KIDMSAQOSA-N	O75530	inhibitor	IC50		390	nM	cell	Cell proliferation assays (CellTiter-Glo Luminescent Cell Viability Assay, Promega Corporation).				Chemical Probes Portal	A-395	395	https://www.chemicalprobes.org/
NDVQUNZCNAMROD-RZUBCFFCSA-N	P40337	inhibitor			90	nM	binding	"Isothermal calorimetry assays, VH298 bounding VBC.
SPR, VH298 had a Kon = 6.47 X 10^5/M*sec and a Koff = 0.065/sec."				Chemical Probes Portal	VH298	vh298	https://www.chemicalprobes.org/
NDVQUNZCNAMROD-RZUBCFFCSA-N	P40337	inhibitor			80	nM	binding	Fluorescence polarization assays using a HIF-1alpha peptide, VH298 bounding VBC				Chemical Probes Portal	VH298	vh298	https://www.chemicalprobes.org/
NDVQUNZCNAMROD-RZUBCFFCSA-N	P40337	inhibitor					cell	In HeLa cells, VH298 led to the concentration-dependent accumulation of HIF-1alpha (hydroxylated form) and HIF-2alpha.				Chemical Probes Portal	VH298	vh298	https://www.chemicalprobes.org/
DFBDRVGWBHBJNR-BBNFHIFMSA-N	P03372	antagonist			9.17	nM	biochemical	ERα LanthaScreen Assay to Measure ERα Binding				Chemical Probes Portal	AZD9496	azd9496	https://www.chemicalprobes.org/
RRZVGDGTWNQAPW-UHFFFAOYSA-N	Q9UIF9	antagonist			109	nM	biochemical	Isothermal Titration Calorimetry.				Chemical Probes Portal	BAZ2-ICR	baz2-icr	https://www.chemicalprobes.org/
RRZVGDGTWNQAPW-UHFFFAOYSA-N	Q9UIF9	antagonist			130	nM	biochemical	Alphascreen				Chemical Probes Portal	BAZ2-ICR	baz2-icr	https://www.chemicalprobes.org/
RRZVGDGTWNQAPW-UHFFFAOYSA-N	Q9UIF9	antagonist					cell	In FRAP assay in U2OS cells, BAZ2-ICR displaced the targets from chromatin.				Chemical Probes Portal	BAZ2-ICR	baz2-icr	https://www.chemicalprobes.org/
RRZVGDGTWNQAPW-UHFFFAOYSA-N	Q9UIF8	antagonist			170	nM	biochemical	Isothermal Titration Calorimetry				Chemical Probes Portal	BAZ2-ICR	baz2-icr	https://www.chemicalprobes.org/
RRZVGDGTWNQAPW-UHFFFAOYSA-N	Q9UIF8	antagonist			180	nM	biochemical	Alphascreen				Chemical Probes Portal	BAZ2-ICR	baz2-icr	https://www.chemicalprobes.org/
RRZVGDGTWNQAPW-UHFFFAOYSA-N	Q9UIF8	antagonist					cell	In FRAP assay in U2OS cells, BAZ2-ICR displaced the targets from chromatin.				Chemical Probes Portal	BAZ2-ICR	baz2-icr	https://www.chemicalprobes.org/
ITTRLTNMFYIYPA-UHFFFAOYSA-N	P00533	covalent inhibitor			14	nM	biochemical	EGFR kinase assays | 14 WT				Chemical Probes Portal	WZ4002	wz4002	https://www.chemicalprobes.org/
ITTRLTNMFYIYPA-UHFFFAOYSA-N	P00533	covalent inhibitor			2.2	nM	biochemical	EGFR kinase assays | 2.2 T790M				Chemical Probes Portal	WZ4002	wz4002	https://www.chemicalprobes.org/
ITTRLTNMFYIYPA-UHFFFAOYSA-N	P00533	covalent inhibitor			1.5	nM	biochemical	EGFR kinase assays | 1.5 L858R				Chemical Probes Portal	WZ4002	wz4002	https://www.chemicalprobes.org/
ITTRLTNMFYIYPA-UHFFFAOYSA-N	P00533	covalent inhibitor			0.13	nM	biochemical	EGFR kinase assays | 0.13 L858R/T790M nM				Chemical Probes Portal	WZ4002	wz4002	https://www.chemicalprobes.org/
ITTRLTNMFYIYPA-UHFFFAOYSA-N	P00533	covalent inhibitor	IC50		2	nM	cell	pERK1/2, pAKT Western blot in PC9 GR lung cancer cells | 2 nM EGFR-L858R				Chemical Probes Portal	WZ4002	wz4002	https://www.chemicalprobes.org/
ITTRLTNMFYIYPA-UHFFFAOYSA-N	P00533	covalent inhibitor	IC50		8	nM	cell	pERK1/2, pAKT Western blot in PC9 GR lung cancer cells | 8 nM  EGFR-L858R/T790M				Chemical Probes Portal	WZ4002	wz4002	https://www.chemicalprobes.org/
ITTRLTNMFYIYPA-UHFFFAOYSA-N	P00533	covalent inhibitor	IC50		3	nM	cell	pERK1/2, pAKT Western blot in PC9 GR lung cancer cells | 3 nM EGFR (del)				Chemical Probes Portal	WZ4002	wz4002	https://www.chemicalprobes.org/
ITTRLTNMFYIYPA-UHFFFAOYSA-N	P00533	covalent inhibitor	IC50		2	nM	cell	pERK1/2, pAKT Western blot in PC9 GR lung cancer cells | 2 nM EGFR (del/T790M)				Chemical Probes Portal	WZ4002	wz4002	https://www.chemicalprobes.org/
OIGNJSKKLXVSLS-VWUMJDOOSA-N	P04150	agonist			2.5	nM	biochemical	GR binding assays				Chemical Probes Portal	DOI:10.1021/jm010228c	prednisolone	https://www.chemicalprobes.org/
OIGNJSKKLXVSLS-VWUMJDOOSA-N	P04150	agonist	EC50		110	nM	cell	transactivation assay				Chemical Probes Portal	DOI:10.1021/jm010228c	prednisolone	https://www.chemicalprobes.org/
OIGNJSKKLXVSLS-VWUMJDOOSA-N	P04150	agonist	IC50		40	nM	cell	Repression activity of compounds, assessed as inhibition of AP-1 signaling in ChaGoK1 cells				Chemical Probes Portal	DOI:10.1021/jm010228c	prednisolone	https://www.chemicalprobes.org/
PMQUGSPFUBGJCZ-CHOKWEPUSA-N	P33981	inhibitor			0.09	nM	biochemical	TTK Inhibition Assay | 0.09 ± 0.02 nM				Chemical Probes Portal	CFI-402257	cfi-402257	https://www.chemicalprobes.org/
PMQUGSPFUBGJCZ-CHOKWEPUSA-N	P33981	inhibitor			1.7	nM	biochemical					Chemical Probes Portal	CFI-402257	cfi-402257	https://www.chemicalprobes.org/
PMQUGSPFUBGJCZ-CHOKWEPUSA-N	P33981	inhibitor	EC50		2	nM	cell	Cell Viability Assay				Chemical Probes Portal	CFI-402257	cfi-402257	https://www.chemicalprobes.org/
PMQUGSPFUBGJCZ-CHOKWEPUSA-N	P33981	inhibitor	EC50		2	nM	cell	Cell Viability Assay				Chemical Probes Portal	CFI-402257	cfi-402257	https://www.chemicalprobes.org/
PMQUGSPFUBGJCZ-CHOKWEPUSA-N	P33981	inhibitor	EC50		4	nM	cell	Cell Viability Assay				Chemical Probes Portal	CFI-402257	cfi-402257	https://www.chemicalprobes.org/
PMQUGSPFUBGJCZ-CHOKWEPUSA-N	P33981	inhibitor	GI50		6.5	nM	cell	Autophosphorylation inhibition assay				Chemical Probes Portal	CFI-402257	cfi-402257	https://www.chemicalprobes.org/
QKPUKWQKXUUTOK-UHFFFAOYSA-N	O14842	antagonist			160	nM	biochemical	HEK cells were stably transfected with GPR40, stimulated with elaidic acid and measuring the secondary messenger IP1 by time resolved fluorescence resonance energy transfer as an endpoint, full details are in the ESI of the paper.				Chemical Probes Portal	GPR40ant39	gpr40ant39	https://www.chemicalprobes.org/
QKPUKWQKXUUTOK-UHFFFAOYSA-N	O14842	antagonist	IC50		160	nM	cell	HEK cells were stably transfected with GPR40, stimulated with elaidic acid and measuring the secondary messenger IP1 by time resolved fluorescence resonance energy transfer as an endpoint, full details are in the ESI of the paper.				Chemical Probes Portal	GPR40ant39	gpr40ant39	https://www.chemicalprobes.org/
MFYLCAMJNGIULC-KCVUFLITSA-N	P21589	inhibitor			5	pM	biochemical	AMP-Glo assay, Enzymatic reaction | 5 pM				Chemical Probes Portal	AB680	ab680	https://www.chemicalprobes.org/
MFYLCAMJNGIULC-KCVUFLITSA-N	P21589	inhibitor			43	pM	biochemical	AMP-Glo assay, Enzymatic reaction | 43 pM				Chemical Probes Portal	AB680	ab680	https://www.chemicalprobes.org/
MFYLCAMJNGIULC-KCVUFLITSA-N	P21589	inhibitor	IC50		8	pM	cell	Enzymatic Assay | 8 pM hCD8+ T				Chemical Probes Portal	AB680	ab680	https://www.chemicalprobes.org/
MFYLCAMJNGIULC-KCVUFLITSA-N	P21589	inhibitor	IC50		11	pM	cell	Enzymatic Assay | 11 pM hPBMC				Chemical Probes Portal	AB680	ab680	https://www.chemicalprobes.org/
PIEQDBPBBQPLPL-UHFFFAOYSA-N	Q8N2K0	inhibitor			11	nM	biochemical	Inhibition of lyso-PS hydrolysis				Chemical Probes Portal	DO264	do264	https://www.chemicalprobes.org/
PIEQDBPBBQPLPL-UHFFFAOYSA-N	Q8N2K0	inhibitor	IC50		26	nM	cell	Gel-Based ABPP				Chemical Probes Portal	DO264	do264	https://www.chemicalprobes.org/
UMUQEMHROZVOTF-LJQANCHMSA-N	Q96P20	inhibitor	IC50		0.32	nM	cell	PBMC IL-1β Release IC50 Determination Assay - cells require CES-1 expression to cleave pro-drug				Chemical Probes Portal	DOI:10.1021/acs.jmedchem.3c01398	nt-0796	https://www.chemicalprobes.org/
UMUQEMHROZVOTF-LJQANCHMSA-N	Q96P20	inhibitor	IC50		2.1	nM	cell	ASC Speck Formation Inhibition Assay - cells require CES-1 expression to cleave pro-drug				Chemical Probes Portal	DOI:10.1021/acs.jmedchem.3c01398	nt-0796	https://www.chemicalprobes.org/
BHUZLJOUHMBZQY-YXQOSMAKSA-N	Q9UBN7	inhibitor			0.016	uM	biochemical	Biochemical enzyme assay with synthetic substrates (see Nature Chemical Biology paper)				Chemical Probes Portal	Tubacin	tubacin	https://www.chemicalprobes.org/
BHUZLJOUHMBZQY-YXQOSMAKSA-N	Q9UBN7	inhibitor	EC50		2.5	uM	cell	Tubulin acetylation assays				Chemical Probes Portal	Tubacin	tubacin	https://www.chemicalprobes.org/
VPQCHIWQHIOPQS-UHFFFAOYSA-N	Q9NR48	inhibitor			790	nM	binding	Histone methyltransferase radioactivity assay, ITC | 790 nM				Chemical Probes Portal	AS-99	99	https://www.chemicalprobes.org/
VPQCHIWQHIOPQS-UHFFFAOYSA-N	Q9NR48	inhibitor			890	nM	binding	Histone methyltransferase radioactivity assay, ITC | 890 nM				Chemical Probes Portal	AS-99	99	https://www.chemicalprobes.org/
VPQCHIWQHIOPQS-UHFFFAOYSA-N	Q9NR48	inhibitor	GI50	>=	1800	nM	cell	"down-regulation expression of MLL fusion target genes, reduction of H3K36 dimethylation,
cell proliferation inhibition in leukemia cells with MLL1 translocations: assay performed in mouse bone marrow (BM) progenitor cells derived from the WT or ∆SET Ash1l mice and transduced with MLL-AF9, MLL-AF6, HOXA9/MEIS1 (HM-2), E2A-HLF or vector alone (MSCV) | 1800 - 3600 nM"				Chemical Probes Portal	AS-99	99	https://www.chemicalprobes.org/
HXBRBOYWXDLHDC-UHFFFAOYSA-N	P31751	covalent inhibitor			59	nM	biochemical	Homogeneous Time Resolved Fluorescence (HTRF) assay (AKT2)				Chemical Probes Portal	DOI:10.1158/0008-5472.CAN-18-2861	borussertib	https://www.chemicalprobes.org/
HXBRBOYWXDLHDC-UHFFFAOYSA-N	P31751	covalent inhibitor	IC50		68	nM	cell	NanoBRET assay (AKT2)				Chemical Probes Portal	DOI:10.1158/0008-5472.CAN-18-2861	borussertib	https://www.chemicalprobes.org/
HXBRBOYWXDLHDC-UHFFFAOYSA-N	P31749	covalent inhibitor			0.8	nM	biochemical	Homogeneous Time Resolved Fluorescence (HTRF) assay (AKT1)				Chemical Probes Portal	DOI:10.1158/0008-5472.CAN-18-2861	borussertib	https://www.chemicalprobes.org/
HXBRBOYWXDLHDC-UHFFFAOYSA-N	P31749	covalent inhibitor	IC50		21	nM	cell	NanoBRET assay (AKT1)				Chemical Probes Portal	DOI:10.1158/0008-5472.CAN-18-2861	borussertib	https://www.chemicalprobes.org/
HXBRBOYWXDLHDC-UHFFFAOYSA-N	P31749	covalent inhibitor	EC50		5	nM	cell	CellTiter-Glo luminescent cell viability assay (CTG) with ZR-75-1 cells				Chemical Probes Portal	DOI:10.1158/0008-5472.CAN-18-2861	borussertib	https://www.chemicalprobes.org/
HXBRBOYWXDLHDC-UHFFFAOYSA-N	P31749	covalent inhibitor	EC50		50	nM	cell	CellTiter-Glo luminescent cell viability assay (CTG) with T-47D cells				Chemical Probes Portal	DOI:10.1158/0008-5472.CAN-18-2861	borussertib	https://www.chemicalprobes.org/
HXBRBOYWXDLHDC-UHFFFAOYSA-N	P31749	covalent inhibitor	EC50		190	nM	cell	CellTiter-Glo luminescent cell viability assay (CTG) with AN3-CA cells				Chemical Probes Portal	DOI:10.1158/0008-5472.CAN-18-2861	borussertib	https://www.chemicalprobes.org/
FQAXDSVNYVVQSE-UHFFFAOYSA-N	P41594	modulator			9.3		biochemical	[3H]-M-MPEP Binding Assay				Chemical Probes Portal	HTL14242	htl14242	https://www.chemicalprobes.org/
FQAXDSVNYVVQSE-UHFFFAOYSA-N	P41594	modulator	IC50		0.6	nM	cell	IPone assay				Chemical Probes Portal	HTL14242	htl14242	https://www.chemicalprobes.org/
VTFWALACVWFKNO-OCJYXSBASA-N	P08172	modulator			17	nM	binding	Radioligand binding assay at saturating concentration of acetylcholine (100 μM)				Chemical Probes Portal	DOI:10.1021/acs.jmedchem.4c01590	bay2413555	https://www.chemicalprobes.org/
VTFWALACVWFKNO-OCJYXSBASA-N	P08172	modulator			7.6	nM	binding	Competitive radioligand binding assay | 7.6 ± 4 nM				Chemical Probes Portal	DOI:10.1021/acs.jmedchem.4c01590	bay2413555	https://www.chemicalprobes.org/
VTFWALACVWFKNO-OCJYXSBASA-N	P08172	modulator	EC50		2	nM	cell	M2-GIRK assay				Chemical Probes Portal	DOI:10.1021/acs.jmedchem.4c01590	bay2413555	https://www.chemicalprobes.org/
RJTJRVASUFIDQM-UHFFFAOYSA-N	P11229	modulator		=	136	nM	cell	Inflection Point (IP), Fold potentiation assay with CHONFAT cells expressing human mAChR1 receptor				Chemical Probes Portal	MSD-M1PAM	msd-m1pam	https://www.chemicalprobes.org/
MDGIEDNDSFMSLP-UHFFFAOYSA-N	Q15743	modulator	pKb		4.92	-log(M)	cell	Glo cAMP assay analyzed using a 4-parameter logistic model for agonist activity (agonist: pH)				Chemical Probes Portal	Ogerin	ogerin	https://www.chemicalprobes.org/
BHKDKKZMPODMIQ-UHFFFAOYSA-N	P22455	covalent inhibitor			0.9	nM	biochemical	Biochemical Assay | 0.9 ± 0.4 nM				Chemical Probes Portal	Roblitinib	roblitinib	https://www.chemicalprobes.org/
BHKDKKZMPODMIQ-UHFFFAOYSA-N	P22455	covalent inhibitor			2.9	nM	biochemical	Biochemical Assay				Chemical Probes Portal	Roblitinib	roblitinib	https://www.chemicalprobes.org/
BHKDKKZMPODMIQ-UHFFFAOYSA-N	P22455	covalent inhibitor	IC50		4.3	nM	cell	Autophosphorylation Inhibition assay | 4.3 ± 2.5 nM				Chemical Probes Portal	Roblitinib	roblitinib	https://www.chemicalprobes.org/
BHKDKKZMPODMIQ-UHFFFAOYSA-N	P22455	covalent inhibitor	IC50		12	nM	cell	Cell Proliferation assay | 12 ± 6 nM				Chemical Probes Portal	Roblitinib	roblitinib	https://www.chemicalprobes.org/
NMQUSJQZQWKQBL-UHFFFAOYSA-N	P51692	inhibitor					binding	Thermal Shift Assay, 19F NMR				Chemical Probes Portal	AC-4-130	ac-4-130	https://www.chemicalprobes.org/
NMQUSJQZQWKQBL-UHFFFAOYSA-N	P51692	inhibitor					cell					Chemical Probes Portal	AC-4-130	ac-4-130	https://www.chemicalprobes.org/
OSXFATOLZGZLSK-UHFFFAOYSA-N	Q96KQ7	inhibitor			2.7	uM	biochemical	"Dissociation-enhanced lanthanide fluoroimmunoassay (DELFIA).
In MS-based histone methyltransferase activity assay, IC50 = 1.7 uM."				Chemical Probes Portal	BIX-01294	bix-01294	https://www.chemicalprobes.org/
OSXFATOLZGZLSK-UHFFFAOYSA-N	Q96KQ7	inhibitor					cell	No dose-dependent experiments were reported. In mouse ES cells and MEFs, BIX-01294 inhibited H3K9 methylation. In mouse ES cells, BIX-01294 decreased the H2K9me2 mark at Ehmt2 target genes: mage-a2, Bmi1, Serac1.				Chemical Probes Portal	BIX-01294	bix-01294	https://www.chemicalprobes.org/
KMFLQPJJHQNKKF-UHFFFAOYSA-N	P29274	inverse agonist			0.13	nM	biochemical	[3H]-KW-6356 binding to human A2A receptor				Chemical Probes Portal	DOI:10.1124/molpharm.122.000633	kw-6356	https://www.chemicalprobes.org/
KMFLQPJJHQNKKF-UHFFFAOYSA-N	P29274	inverse agonist	Ki		0.12	nM	cell	Radioligand binding assays				Chemical Probes Portal	DOI:10.1124/molpharm.122.000633	kw-6356	https://www.chemicalprobes.org/
KMFLQPJJHQNKKF-UHFFFAOYSA-N	P29274	inverse agonist			10		cell	cAMP accumulation assay of cells treated with  CGS21680 and KW-6356 | pKB: 10.00 ± 0.31				Chemical Probes Portal	DOI:10.1124/molpharm.122.000633	kw-6356	https://www.chemicalprobes.org/
KMFLQPJJHQNKKF-UHFFFAOYSA-N	P29274	inverse agonist		=	8.46		cell	inhibition of  constitutive A2A receptor activity				Chemical Probes Portal	DOI:10.1124/molpharm.122.000633	kw-6356	https://www.chemicalprobes.org/
DUIHHZKTCSNTGM-UHFFFAOYSA-N	Q13535	inhibitor			13	nM	biochemical					Chemical Probes Portal	VE-821	ve-821	https://www.chemicalprobes.org/
DUIHHZKTCSNTGM-UHFFFAOYSA-N	Q13535	inhibitor					cell	VE-821 dose-dependently inhibited ATR substrate phosphorylation in cells				Chemical Probes Portal	VE-821	ve-821	https://www.chemicalprobes.org/
LBVKEEFIPBQIMD-JTQLQIEISA-N	P04629	inhibitor			2	nM	biochemical	AlphaScreen and HTRF phosphorylation assay				Chemical Probes Portal	AZD1332	azd1332	https://www.chemicalprobes.org/
LBVKEEFIPBQIMD-JTQLQIEISA-N	P04629	inhibitor	EC50		1.2	nM	cell	Modified TRF-based TrkA intact cell assay, multiple phosphospecific cellular end point assays (ELISA-based)				Chemical Probes Portal	AZD1332	azd1332	https://www.chemicalprobes.org/
LBVKEEFIPBQIMD-JTQLQIEISA-N	Q16620	inhibitor			8	nM	biochemical	AlphaScreen and HTRF phosphorylation assay				Chemical Probes Portal	AZD1332	azd1332	https://www.chemicalprobes.org/
LBVKEEFIPBQIMD-JTQLQIEISA-N	Q16620	inhibitor	EC50		1.2	nM	cell	Modified TRF-based TrkA intact cell assay, multiple phosphospecific cellular end point assays (ELISA-based)				Chemical Probes Portal	AZD1332	azd1332	https://www.chemicalprobes.org/
FIVSJYGQAIEMOC-ZGNKEGEESA-N	P25103	antagonist			0.66	nM	biochemical	Radio ligand binding assay				Chemical Probes Portal	DOI:10.1016/j.pbb.2012.03.021	rolapitant	https://www.chemicalprobes.org/
FIVSJYGQAIEMOC-ZGNKEGEESA-N	P25103	antagonist			0.45	nM	cell	Calcium mobilization assay				Chemical Probes Portal	DOI:10.1016/j.pbb.2012.03.021	rolapitant	https://www.chemicalprobes.org/
WMOAPWVQPPIAFY-HSZRJFAPSA-N	P21554	agonist			22	nM	binding	radioligand competition assay				Chemical Probes Portal	DOI:10.1038/s41586-025-08618-7	vip36	https://www.chemicalprobes.org/
WMOAPWVQPPIAFY-HSZRJFAPSA-N	P21554	agonist	EC50		2.17	nM	cell	cAMP assay in CB1 transfected HEK293T cell lines with Emax 106%				Chemical Probes Portal	DOI:10.1038/s41586-025-08618-7	vip36	https://www.chemicalprobes.org/
WMOAPWVQPPIAFY-HSZRJFAPSA-N	P21554	agonist	EC50		25.44	nM	cell	BRET b-arrestin-2 recruitment assay with Emax of 47%				Chemical Probes Portal	DOI:10.1038/s41586-025-08618-7	vip36	https://www.chemicalprobes.org/
YCBIMOYJAYMCOJ-CCEZHUSRSA-N	Q15047	covalent inhibitor			57	nM	biochemical	TR-FRET | 57 ± 13 nM				Chemical Probes Portal	DOI:10.1038/s41467-025-57005-3	unc100013	https://www.chemicalprobes.org/
YCBIMOYJAYMCOJ-CCEZHUSRSA-N	Q15047	covalent inhibitor			60	nM	biochemical	TR-FRET displacement assay (kinact/KI of 1.04 × 10^6 M−1 s−1) | 60 ± 24 nM				Chemical Probes Portal	DOI:10.1038/s41467-025-57005-3	unc100013	https://www.chemicalprobes.org/
YCBIMOYJAYMCOJ-CCEZHUSRSA-N	Q15047	covalent inhibitor			7	degC	binding	DSF | 7.0 ± 0.1 K				Chemical Probes Portal	DOI:10.1038/s41467-025-57005-3	unc100013	https://www.chemicalprobes.org/
YCBIMOYJAYMCOJ-CCEZHUSRSA-N	Q15047	covalent inhibitor			27	nM	biochemical	Nucleosome TR-FRET | 27 ± 5 nM				Chemical Probes Portal	DOI:10.1038/s41467-025-57005-3	unc100013	https://www.chemicalprobes.org/
YCBIMOYJAYMCOJ-CCEZHUSRSA-N	Q15047	covalent inhibitor			70	nM	binding	Fluorescence Polarization assay | 70 ± 10 nM				Chemical Probes Portal	DOI:10.1038/s41467-025-57005-3	unc100013	https://www.chemicalprobes.org/
YCBIMOYJAYMCOJ-CCEZHUSRSA-N	Q15047	covalent inhibitor	ΔTm		6.29	degC	cell	cellular thermal shift assay (CeTSA) in cells permeabilized by digitonin				Chemical Probes Portal	DOI:10.1038/s41467-025-57005-3	unc100013	https://www.chemicalprobes.org/
JLNAZAXGWJVJEC-UHFFFAOYSA-N	P36897	inhibitor			4.7	nM	biochemical	Biochemical assay				Chemical Probes Portal	DOI:10.1021/acs.jmedchem.4c02293	hm-279	https://www.chemicalprobes.org/
JLNAZAXGWJVJEC-UHFFFAOYSA-N	P36897	inhibitor	IC50		21.6	nM	cell	Smad3 phosphorylation assay				Chemical Probes Portal	DOI:10.1021/acs.jmedchem.4c02293	hm-279	https://www.chemicalprobes.org/
YLGMPWWMPCGYBF-UHFFFAOYSA-N	Q92918	inhibitor		<	3	nM	biochemical	ADP-Glo assay				Chemical Probes Portal	DOI:10.1021/acs.jmedchem.4c02631	az3246	https://www.chemicalprobes.org/
YLGMPWWMPCGYBF-UHFFFAOYSA-N	Q92918	inhibitor	IC50		82	nM	cell	T Cell assay pSLP76 detection | 82 ± 25 nM				Chemical Probes Portal	DOI:10.1021/acs.jmedchem.4c02631	az3246	https://www.chemicalprobes.org/
YLGMPWWMPCGYBF-UHFFFAOYSA-N	Q92918	inhibitor	EC50		110	nM	cell	T Cell assay IL-2 detection | 110 ± 51 nM				Chemical Probes Portal	DOI:10.1021/acs.jmedchem.4c02631	az3246	https://www.chemicalprobes.org/
RGHLRMNPUGUZEY-UHFFFAOYSA-N	Q9BVS4	inhibitor			6.1	nM	biochemical	Biochemical assay | 6.1 ± 0.4 nM				Chemical Probes Portal	DOI:10.1021/acs.jmedchem.2c00271	cg211	https://www.chemicalprobes.org/
RGHLRMNPUGUZEY-UHFFFAOYSA-N	Q9BVS4	inhibitor			139	nM	biochemical	ADP-GloTM kinase assay | 139 ± 46 nM				Chemical Probes Portal	DOI:10.1021/acs.jmedchem.2c00271	cg211	https://www.chemicalprobes.org/
RGHLRMNPUGUZEY-UHFFFAOYSA-N	Q9BVS4	inhibitor	ΔTm	~	2	degC	cell	CETSA (cellular thermal shift assay)				Chemical Probes Portal	DOI:10.1021/acs.jmedchem.2c00271	cg211	https://www.chemicalprobes.org/
RGHLRMNPUGUZEY-UHFFFAOYSA-N	Q9BVS4	inhibitor	IC50	>=	380	nM	cell	Cell Proliferation assay | 380 - 610 nM				Chemical Probes Portal	DOI:10.1021/acs.jmedchem.2c00271	cg211	https://www.chemicalprobes.org/
RGHLRMNPUGUZEY-UHFFFAOYSA-N	Q9BVS4	inhibitor	% inhibition		1	uM	cell	Inhibition of mTOR phosphorylation in Western blot				Chemical Probes Portal	DOI:10.1021/acs.jmedchem.2c00271	cg211	https://www.chemicalprobes.org/
GYKNPXCQINZRLL-UHFFFAOYSA-N	O14965	degrader (protac)			99	nM	biochemical	Kinobead assay				Chemical Probes Portal	DOI:10.1038/s41589-020-00652-y	jb170	https://www.chemicalprobes.org/
GYKNPXCQINZRLL-UHFFFAOYSA-N	O14965	degrader (protac)			183	nM	binding	ITC of ternary complex | 183 ± 22 nM				Chemical Probes Portal	DOI:10.1038/s41589-020-00652-y	jb170	https://www.chemicalprobes.org/
GYKNPXCQINZRLL-UHFFFAOYSA-N	O14965	degrader (protac)	activity		28	nM	cell	HiBit assay | 28 ± 4 nM				Chemical Probes Portal	DOI:10.1038/s41589-020-00652-y	jb170	https://www.chemicalprobes.org/
GYKNPXCQINZRLL-UHFFFAOYSA-N	O14965	degrader (protac)	Dmax		300	nM	cell	HiBit Assay				Chemical Probes Portal	DOI:10.1038/s41589-020-00652-y	jb170	https://www.chemicalprobes.org/
RDLSKDOSNKLEAQ-UHFFFAOYSA-N	P41594	modulator			0.9	nM	binding	Human mGluR5 Radioligand Binding Assay				Chemical Probes Portal	PF470	pf470	https://www.chemicalprobes.org/
RDLSKDOSNKLEAQ-UHFFFAOYSA-N	P41594	modulator	IC50		2.5	nM	cell	fluorimetric imaging plate reading (FLIPR) assay				Chemical Probes Portal	PF470	pf470	https://www.chemicalprobes.org/
KGSBEYKVWODBRD-ICSRJNTNSA-N	P25098	inhibitor			18	nM	biochemical	Biochemical assay				Chemical Probes Portal	DOI:10.1124/mol.119.118661	ccg258747	https://www.chemicalprobes.org/
KGSBEYKVWODBRD-ICSRJNTNSA-N	P25098	inhibitor					cell	phosphorylation of MOR assay (pSer375-MOR)				Chemical Probes Portal	DOI:10.1124/mol.119.118661	ccg258747	https://www.chemicalprobes.org/
XSQUJFKRXZMOKA-PAFIKIDNSA-N	Q9Y5Y9	inhibitor	IC50		0.68	nM	cell	Manual patch-clamp | 0.68 ± 0.16 nM				Chemical Probes Portal	VX548	vx548	https://www.chemicalprobes.org/
ISNXAOFEMNFJCO-YUXAGFNASA-N	Q5VST6	covalent inhibitor			210	nM	biochemical	Gel-based activity-based protein profiling assay				Chemical Probes Portal	ABD957	abd957	https://www.chemicalprobes.org/
ISNXAOFEMNFJCO-YUXAGFNASA-N	Q5VST6	covalent inhibitor	EC50		29	nM	cell	Dynamic palmitoylation assay				Chemical Probes Portal	ABD957	abd957	https://www.chemicalprobes.org/
XUZMWHLSFXCVMG-UHFFFAOYSA-N	P23458	inhibitor			5.9	nM	biochemical	Biochemical Assay (TR-FRET)				Chemical Probes Portal	Baricitinib	baricitinib	https://www.chemicalprobes.org/
XUZMWHLSFXCVMG-UHFFFAOYSA-N	O60674	inhibitor			5.7	nM	biochemical	Biochemical Assay (TR-FRET)				Chemical Probes Portal	Baricitinib	baricitinib	https://www.chemicalprobes.org/
XUZMWHLSFXCVMG-UHFFFAOYSA-N	O60674	inhibitor	IC50		44	nM	cell	Inhibition of IL-6–induced phosphorylation of STAT3 in cell				Chemical Probes Portal	Baricitinib	baricitinib	https://www.chemicalprobes.org/
XUZMWHLSFXCVMG-UHFFFAOYSA-N	O60674	inhibitor	IC50		128	nM	cell	Inhibition of IL-6–induced phosphorylation of STAT3 in Whole Blood				Chemical Probes Portal	Baricitinib	baricitinib	https://www.chemicalprobes.org/
XUZMWHLSFXCVMG-UHFFFAOYSA-N	O60674	inhibitor	IC50		20	nM	cell	Inhibition pSTAT3 stimulated by IL-23				Chemical Probes Portal	Baricitinib	baricitinib	https://www.chemicalprobes.org/
XUZMWHLSFXCVMG-UHFFFAOYSA-N	O60674	inhibitor	IC50		40	nM	cell	Chemokine MCP-1 production				Chemical Probes Portal	Baricitinib	baricitinib	https://www.chemicalprobes.org/
SGSFONPFVRRJLS-UHFFFAOYSA-N	Q13822	inhibitor			5.1	nM	biochemical	LysoPLD activity of recombinant human ATX/ENPP2  using synthetic fluorescent substrate FS-3 after 2h				Chemical Probes Portal	ONO-8430506	ono-8430506	https://www.chemicalprobes.org/
SGSFONPFVRRJLS-UHFFFAOYSA-N	Q13822	inhibitor			4.5	nM	biochemical	LysoPLD activity of recombinant human ATX/ENPP2 using natural substrate 16:0-LPC after 30 min				Chemical Probes Portal	ONO-8430506	ono-8430506	https://www.chemicalprobes.org/
SGSFONPFVRRJLS-UHFFFAOYSA-N	Q13822	inhibitor		>=	20	nM	biochemical	inhibition of lysophosphatidic acid (LPA) formation in human plasma | 20-30 nM				Chemical Probes Portal	ONO-8430506	ono-8430506	https://www.chemicalprobes.org/
LGLHCXISMKHLIK-UHFFFAOYSA-N	Q07912	inhibitor			15	nM	biochemical	Ambit binding assay (KD), Invitrogen Kinase assay | 15				Chemical Probes Portal	XMD8-87	xmd8-87	https://www.chemicalprobes.org/
LGLHCXISMKHLIK-UHFFFAOYSA-N	Q07912	inhibitor			35.4	nM	biochemical	Ambit binding assay (KD), Invitrogen Kinase assay | 35.4 nM				Chemical Probes Portal	XMD8-87	xmd8-87	https://www.chemicalprobes.org/
LGLHCXISMKHLIK-UHFFFAOYSA-N	Q07912	inhibitor	IC50		38	nM	cell	Phosphorylation inhibition assay | 38 nM (D163E)				Chemical Probes Portal	XMD8-87	xmd8-87	https://www.chemicalprobes.org/
LGLHCXISMKHLIK-UHFFFAOYSA-N	Q07912	inhibitor	IC50		113	nM	cell	Phosphorylation inhibition assay | 113 nM (R806Q)				Chemical Probes Portal	XMD8-87	xmd8-87	https://www.chemicalprobes.org/
XLOGLWKOHPIJLV-UHFFFAOYSA-N	O43353	inhibitor			5	nM	biochemical	A fluorescent polarization based binding assay was developed to quantitate interaction of novel test compounds at the ATP binding pocket of RIPK2 by competition with a fluorescently labeled ATP competitive ligand.				Chemical Probes Portal	GSK583	gsk583	https://www.chemicalprobes.org/
XLOGLWKOHPIJLV-UHFFFAOYSA-N	O43353	inhibitor	IC50		237	nM	cell	Human and rat whole blood assays:  MDP (muramyl dipeptide, NOD2 specific activating ligand) stimulated TNFalpha release measured in whole blood. HEK cells: MDP stimulated IL-8 release measured in HEK cells overexpressing NOD2. (human whole blood assay); 133 nM (rat whole blood assay); 18 nM (HEK cells)				Chemical Probes Portal	GSK583	gsk583	https://www.chemicalprobes.org/
XLOGLWKOHPIJLV-UHFFFAOYSA-N	O43353	inhibitor	IC50		133	nM	cell	Human and rat whole blood assays:  MDP (muramyl dipeptide, NOD2 specific activating ligand) stimulated TNFalpha release measured in whole blood. HEK cells: MDP stimulated IL-8 release measured in HEK cells overexpressing NOD2.				Chemical Probes Portal	GSK583	gsk583	https://www.chemicalprobes.org/
XLOGLWKOHPIJLV-UHFFFAOYSA-N	O43353	inhibitor	IC50		18	nM	cell	HEK cells: MDP stimulated IL-8 release measured in HEK cells overexpressing NOD2				Chemical Probes Portal	GSK583	gsk583	https://www.chemicalprobes.org/
LOGJQOUIVKBFGH-YBEGLDIGSA-N	P12931	inhibitor			280	nM	biochemical	Biochemical Kinase Assay				Chemical Probes Portal	SU6656	su6656	https://www.chemicalprobes.org/
LOGJQOUIVKBFGH-YBEGLDIGSA-N	P12931	inhibitor	% inhibition	>=	49	%	cell	"Inhibition PDGF-stimulated c-Myc induction,
Inhibition of PDGF-stimulated NIH 3T3 cell DNA synthesis, Immunoblots | 49-100%"				Chemical Probes Portal	SU6656	su6656	https://www.chemicalprobes.org/
LOGJQOUIVKBFGH-YBEGLDIGSA-N	P07947	inhibitor			20	nM	biochemical	Biochemical Kinase Assay				Chemical Probes Portal	SU6656	su6656	https://www.chemicalprobes.org/
LOGJQOUIVKBFGH-YBEGLDIGSA-N	P07947	inhibitor	% inhibition	>=	49	%	cell	"Inhibition PDGF-stimulated c-Myc induction,
Inhibition of PDGF-stimulated NIH 3T3 cell DNA synthesis, Immunoblots | 49-100 %"				Chemical Probes Portal	SU6656	su6656	https://www.chemicalprobes.org/
LOGJQOUIVKBFGH-YBEGLDIGSA-N	P07948	inhibitor			130	nM	biochemical	Biochemical Kinase Assay				Chemical Probes Portal	SU6656	su6656	https://www.chemicalprobes.org/
LOGJQOUIVKBFGH-YBEGLDIGSA-N	P07948	inhibitor	% inhibition	>=	49	%	cell	"Inhibition PDGF-stimulated c-Myc induction,
Inhibition of PDGF-stimulated NIH 3T3 cell DNA synthesis, Immunoblots | 49-100%"				Chemical Probes Portal	SU6656	su6656	https://www.chemicalprobes.org/
LOGJQOUIVKBFGH-YBEGLDIGSA-N	P06241	inhibitor			170	nM	biochemical	Biochemical Kinase Assay				Chemical Probes Portal	SU6656	su6656	https://www.chemicalprobes.org/
LOGJQOUIVKBFGH-YBEGLDIGSA-N	P06241	inhibitor	% inhibition	>=	49	%	cell	"Inhibition PDGF-stimulated c-Myc induction,
Inhibition of PDGF-stimulated NIH 3T3 cell DNA synthesis, Immunoblots | 49-100%"				Chemical Probes Portal	SU6656	su6656	https://www.chemicalprobes.org/
JIFCFQDXHMUPGP-UHFFFAOYSA-N	Q06187	inhibitor			1.5	nM	biochemical	Lanthascreen assay				Chemical Probes Portal	CGI1746	cgi1746	https://www.chemicalprobes.org/
JIFCFQDXHMUPGP-UHFFFAOYSA-N	Q06187	inhibitor			1.9	nM	biochemical	In vitro kinase assay				Chemical Probes Portal	CGI1746	cgi1746	https://www.chemicalprobes.org/
JIFCFQDXHMUPGP-UHFFFAOYSA-N	Q06187	inhibitor	IC50	~	2.9	nM	cell	Average IC50 for several assay is given. Assays included inhibition of autophosphorylation and protein substrate phosphorylation.				Chemical Probes Portal	CGI1746	cgi1746	https://www.chemicalprobes.org/
NDEXUOWTGYUVGA-LJQANCHMSA-N	O14757	inhibitor			0.49	nM	biochemical	In vitro kinase assay with the catalytic domain of CHEK1				Chemical Probes Portal	PF-477736	pf-477736	https://www.chemicalprobes.org/
NDEXUOWTGYUVGA-LJQANCHMSA-N	O14757	inhibitor	EC50		45	nM	cell	Abrogation of G2 checkpoint induced by DNA damage (detected by pSer10 H3 in a dot blot assay) in CA46 cells. In HeLa cells, EC50 = 38 nM; in HT29 cells, 42 nM.				Chemical Probes Portal	PF-477736	pf-477736	https://www.chemicalprobes.org/
MUOKSQABCJCOPU-UHFFFAOYSA-N	P68400	inhibitor			0.38	nM	biochemical	Binding assessed in Millipore Kinase Profiler assay				Chemical Probes Portal	CX-4945	cx-4945	https://www.chemicalprobes.org/
MUOKSQABCJCOPU-UHFFFAOYSA-N	P68400	inhibitor			1	nM	biochemical	In vitro kinase assay				Chemical Probes Portal	CX-4945	cx-4945	https://www.chemicalprobes.org/
MUOKSQABCJCOPU-UHFFFAOYSA-N	P68400	inhibitor					cell	CX-4945 dose-dependently inhibited substrate phosphorylation in BT-474, BxPC-C and HUVEC cells. CX-4945 inhibited phosphorylation of AKT at S129.				Chemical Probes Portal	CX-4945	cx-4945	https://www.chemicalprobes.org/
CMWRPDHVGMHLSZ-GFCCVEGCSA-N	P49137	inhibitor			3	nM	biochemical					Chemical Probes Portal	PF3644022	pf3644022	https://www.chemicalprobes.org/
CMWRPDHVGMHLSZ-GFCCVEGCSA-N	P49137	inhibitor			5.9	nM	biochemical					Chemical Probes Portal	PF3644022	pf3644022	https://www.chemicalprobes.org/
CMWRPDHVGMHLSZ-GFCCVEGCSA-N	P49137	inhibitor			5.2	nM	biochemical					Chemical Probes Portal	PF3644022	pf3644022	https://www.chemicalprobes.org/
CMWRPDHVGMHLSZ-GFCCVEGCSA-N	P49137	inhibitor	IC50		200	nM	cell	Inhibition of protein substrate phosphorylation.				Chemical Probes Portal	PF3644022	pf3644022	https://www.chemicalprobes.org/
CMWRPDHVGMHLSZ-GFCCVEGCSA-N	P49137	inhibitor	IC50		159	nM	cell	PF3644022 also inhibited TNFalpha production in human U937 or PBMCs				Chemical Probes Portal	PF3644022	pf3644022	https://www.chemicalprobes.org/
DADASRPKWOGKCU-FVTQAUBDSA-N	O00444	inhibitor			0.26	nM	biochemical	In vitro kinase assay IC50 = 2.8 nM				Chemical Probes Portal	CFI-400945	cfi-400945	https://www.chemicalprobes.org/
DADASRPKWOGKCU-FVTQAUBDSA-N	O00444	inhibitor	EC50		12.3	nM	cell	Inhibition of PLK4 autophosphorylation in PLK4-overexpressing cells.				Chemical Probes Portal	CFI-400945	cfi-400945	https://www.chemicalprobes.org/
HZASIAXCPXTISQ-NVXWUHKLSA-N	O96017	inhibitor			1.16	nM	biochemical	Radiometric assay; IC50 in kinase assay = 3 nM				Chemical Probes Portal	CCT241533	cct241533	https://www.chemicalprobes.org/
HZASIAXCPXTISQ-NVXWUHKLSA-N	O96017	inhibitor					cell	In HT-29 and HeLa cells, CCT24133 inhibited phosphorylation of CHEK2 substrates more than CHEK1 substrates.				Chemical Probes Portal	CCT241533	cct241533	https://www.chemicalprobes.org/
AUMDBEHGJRZSOO-UHFFFAOYSA-N	P49674	inhibitor			32	nM	biochemical	In vitro kinase assay				Chemical Probes Portal	PF-4800567	pf-4800567	https://www.chemicalprobes.org/
AUMDBEHGJRZSOO-UHFFFAOYSA-N	P49674	inhibitor	IC50		0.13	uM	cell	Inhibition of protein substrate phosphorylation; CSNK1D IC50 = 2.65 uM				Chemical Probes Portal	PF-4800567	pf-4800567	https://www.chemicalprobes.org/
HDAJDNHIBCDLQF-RUZDIDTESA-N	P28482	inhibitor			4	nM	biochemical	Kinase assay				Chemical Probes Portal	SCH772984	sch772984	https://www.chemicalprobes.org/
HDAJDNHIBCDLQF-RUZDIDTESA-N	P28482	inhibitor	EC50	<	500	nM	cell	SCH772984 dose-dependently inhibited substrate phosphorylation in cells.				Chemical Probes Portal	SCH772984	sch772984	https://www.chemicalprobes.org/
HDAJDNHIBCDLQF-RUZDIDTESA-N	P27361	inhibitor			0.24	nM	biochemical	Temperature-dependent fluorescence binding assay				Chemical Probes Portal	SCH772984	sch772984	https://www.chemicalprobes.org/
HDAJDNHIBCDLQF-RUZDIDTESA-N	P27361	inhibitor			1	nM	biochemical	Kinase assay				Chemical Probes Portal	SCH772984	sch772984	https://www.chemicalprobes.org/
HDAJDNHIBCDLQF-RUZDIDTESA-N	P27361	inhibitor	EC50	<	500	nM	cell	SCH772984 dose-dependently inhibited substrate phosphorylation in cells.				Chemical Probes Portal	SCH772984	sch772984	https://www.chemicalprobes.org/
LCVIRAZGMYMNNT-UHFFFAOYSA-N	O14965	inhibitor			0.064	nM	biochemical	Kinase Profiler Assay				Chemical Probes Portal	MK-5108	mk-5108	https://www.chemicalprobes.org/
LCVIRAZGMYMNNT-UHFFFAOYSA-N	O14965	inhibitor					cell	In cells, MK-5108 inhibited AURKA autophosphorylation and the accumulation of phosphoH3 in response to DNA damage.				Chemical Probes Portal	MK-5108	mk-5108	https://www.chemicalprobes.org/
STUWGJZDJHPWGZ-LBPRGKRZSA-N	P42336	inhibitor			5	nM	biochemical	In vitro kinase assay				Chemical Probes Portal	BYL-719	byl-719	https://www.chemicalprobes.org/
STUWGJZDJHPWGZ-LBPRGKRZSA-N	P42336	inhibitor	IC50		74	nM	cell	Substrate phosphorylation in Rat1-myr-p110alpha cells				Chemical Probes Portal	BYL-719	byl-719	https://www.chemicalprobes.org/
HTFNVAVTYILUCF-UHFFFAOYSA-N	Q13164	inhibitor			8	nM	biochemical	KiNativ (www.kinativ.com)				Chemical Probes Portal	AX15836	ax15836	https://www.chemicalprobes.org/
HTFNVAVTYILUCF-UHFFFAOYSA-N	Q13164	inhibitor	Kd		9	nM	cell	"KiNativ - in cell assay
The compound was tested in PBMCs, endothelial cells, and oncogenic cell lines.
In HeLa cells, AX15836 inhibited EGF-dependent ERK5 autophosphorylation."				Chemical Probes Portal	AX15836	ax15836	https://www.chemicalprobes.org/
VEPKQEUBKLEPRA-UHFFFAOYSA-N	Q16539	inhibitor			2.8	nM	biochemical	"KD was determined in a kinase binding assay.
The IC50 (0.009 uM) was determined using a spectrophotometric coupled-enzyme assay."				Chemical Probes Portal	VX-745	vx-745	https://www.chemicalprobes.org/
VEPKQEUBKLEPRA-UHFFFAOYSA-N	Q16539	inhibitor					cell					Chemical Probes Portal	VX-745	vx-745	https://www.chemicalprobes.org/
KDGFLJKFZUIJMX-UHFFFAOYSA-N	Q9UM73	inhibitor			0.83	nM	binding	fluorescence polarization				Chemical Probes Portal	CH5424802	ch5424802	https://www.chemicalprobes.org/
KDGFLJKFZUIJMX-UHFFFAOYSA-N	Q9UM73	inhibitor			1.9	nM	biochemical	In vitro kinase assay				Chemical Probes Portal	CH5424802	ch5424802	https://www.chemicalprobes.org/
KDGFLJKFZUIJMX-UHFFFAOYSA-N	Q9UM73	inhibitor			2.4	nM	biochemical	Ambit				Chemical Probes Portal	CH5424802	ch5424802	https://www.chemicalprobes.org/
KDGFLJKFZUIJMX-UHFFFAOYSA-N	Q9UM73	inhibitor					cell	In cells, CH5424802 dose-dependently inhibited ALK and ALK L1196M autophosphorylation and protein substrate phosphorylation.				Chemical Probes Portal	CH5424802	ch5424802	https://www.chemicalprobes.org/
AHJRHEGDXFFMBM-UHFFFAOYSA-N	P11802	inhibitor			11	nM	biochemical	Inhibition of substrate-GST fusion phosphorylation				Chemical Probes Portal	PALBOCICLIB	palbociclib	https://www.chemicalprobes.org/
AHJRHEGDXFFMBM-UHFFFAOYSA-N	P11802	inhibitor	IC50		66	nM	cell	Inhibition of Rb phosphorylation at Ser780 in MDA-MB-435 breast carcinoma cells				Chemical Probes Portal	PALBOCICLIB	palbociclib	https://www.chemicalprobes.org/
AHJRHEGDXFFMBM-UHFFFAOYSA-N	Q00534	inhibitor			16	nM	biochemical	Inhibition of substrate-GST fusion phosphorylation				Chemical Probes Portal	PALBOCICLIB	palbociclib	https://www.chemicalprobes.org/
AHJRHEGDXFFMBM-UHFFFAOYSA-N	Q00534	inhibitor	IC50		66	nM	cell	Inhibition of Rb phosphorylation at Ser780 in MDA-MB-435 breast carcinoma cells				Chemical Probes Portal	PALBOCICLIB	palbociclib	https://www.chemicalprobes.org/
ZBCMHWUFWQFPLV-VVOJOOEHSA-N	Q13153	inhibitor			3.7	nM	biochemical	Measuring the phosphorylation of a FRET peptide substrate (Ser/Thr19) labeled with Coumarin and Fluorescein				Chemical Probes Portal	G-5555	g-5555	https://www.chemicalprobes.org/
ZBCMHWUFWQFPLV-VVOJOOEHSA-N	Q13153	inhibitor	IC50		69	nM	cell	pMEK (S298) phosphorylation assay using EBC-1 cells				Chemical Probes Portal	G-5555	g-5555	https://www.chemicalprobes.org/
ZBCMHWUFWQFPLV-VVOJOOEHSA-N	Q13177	inhibitor			3.7	nM	biochemical	Measuring the phosphorylation of a FRET peptide substrate (Ser/Thr19) labeled with Coumarin and Fluorescein				Chemical Probes Portal	G-5555	g-5555	https://www.chemicalprobes.org/
ZBCMHWUFWQFPLV-VVOJOOEHSA-N	Q13177	inhibitor	IC50		69	nM	cell	pMEK (S298) phosphorylation assay using EBC-1 cells				Chemical Probes Portal	G-5555	g-5555	https://www.chemicalprobes.org/
ZBCMHWUFWQFPLV-VVOJOOEHSA-N	O75914	inhibitor			3.7	nM	biochemical	Measuring the phosphorylation of a FRET peptide substrate (Ser/Thr19) labeled with Coumarin and Fluorescein				Chemical Probes Portal	G-5555	g-5555	https://www.chemicalprobes.org/
ZBCMHWUFWQFPLV-VVOJOOEHSA-N	O75914	inhibitor	IC50		69	nM	cell	pMEK (S298) phosphorylation assay using EBC-1 cells				Chemical Probes Portal	G-5555	g-5555	https://www.chemicalprobes.org/
IVUGFMLRJOCGAS-UHFFFAOYSA-N	O14965	inhibitor			5	nM	biochemical	enzyme inhibition assay				Chemical Probes Portal	AMG900	amg900	https://www.chemicalprobes.org/
IVUGFMLRJOCGAS-UHFFFAOYSA-N	O14965	inhibitor	IC50	>=	6.5	nM	cell	In HeLa cells, IC50s were measured in substrate phosphorylation assays using quantitative cell imaging. The IC50 varied slightly by substrate. | 6.5-8.2 nM				Chemical Probes Portal	AMG900	amg900	https://www.chemicalprobes.org/
IVUGFMLRJOCGAS-UHFFFAOYSA-N	Q96GD4	inhibitor			4	nM	biochemical	enzyme inhibition assay				Chemical Probes Portal	AMG900	amg900	https://www.chemicalprobes.org/
IVUGFMLRJOCGAS-UHFFFAOYSA-N	Q96GD4	inhibitor	IC50	>=	6.5	nM	cell	In HeLa cells, IC50s were measured in substrate phosphorylation assays using quantitative cell imaging. The IC50 varied slightly by substrate. | 6.5-8.2 nM				Chemical Probes Portal	AMG900	amg900	https://www.chemicalprobes.org/
IVUGFMLRJOCGAS-UHFFFAOYSA-N	Q9UQB9	inhibitor			1	nM	biochemical	enzyme inhibition assay				Chemical Probes Portal	AMG900	amg900	https://www.chemicalprobes.org/
IVUGFMLRJOCGAS-UHFFFAOYSA-N	Q9UQB9	inhibitor	IC50	>=	6.5	nM	cell	In HeLa cells, IC50s were measured in substrate phosphorylation assays using quantitative cell imaging. The IC50 varied slightly by substrate. | 6.5-8.2 nM				Chemical Probes Portal	AMG900	amg900	https://www.chemicalprobes.org/
JCINBYQJBYJGDM-UHFFFAOYSA-N	O60674	inhibitor			0.48	nM	biochemical	"IC50=1.1 nM
Potency was determined with ATP=Km for each JAK kinase using Caliper LabChip"				Chemical Probes Portal	BMS-911543	bms-911543	https://www.chemicalprobes.org/
JCINBYQJBYJGDM-UHFFFAOYSA-N	O60674	inhibitor	IC50		60	nM	cell	JAK2-dependent cell lines SET-2 IC50=60 nM				Chemical Probes Portal	BMS-911543	bms-911543	https://www.chemicalprobes.org/
JCINBYQJBYJGDM-UHFFFAOYSA-N	O60674	inhibitor	IC50		61	nM	cell	JAK 1/3 IL-2-mediated				Chemical Probes Portal	BMS-911543	bms-911543	https://www.chemicalprobes.org/
JCINBYQJBYJGDM-UHFFFAOYSA-N	O60674	inhibitor	IC50		990	nM	cell	"T-cell proliferation assay
SET-2 and BaF3-V617F proliferation are dependent on JAK2."				Chemical Probes Portal	BMS-911543	bms-911543	https://www.chemicalprobes.org/
JUSFANSTBFGBAF-IRXDYDNUSA-N	P42345	inhibitor			2.8	nM	biochemical	Inhibition of mTOR kinase was evaluated in a high-throughput assay using α screen capture complex technology (Perkin-Elmer) with a recombinant truncated FLAG-tagged mTOR (amino acids 1362–2549, expressed in HEK293 cells).				Chemical Probes Portal	AZD2014	azd2014	https://www.chemicalprobes.org/
JUSFANSTBFGBAF-IRXDYDNUSA-N	P42345	inhibitor	IC50		80	nM	cell	Inhibition of substrate phosphorylation also yielded IC50 = 0.2 uM (pS6). Levels of phosphorylation were assessed using an Acumen laser scanning cytometer. In MDAMB468 cells, AZD2014 yielded an average IC50=210 nM for mTORC1 substrate ribosomal protein S6 and 78 nM for the MTORC2 substrate AKT. Comparable results were obtained in MCF7 cells.				Chemical Probes Portal	AZD2014	azd2014	https://www.chemicalprobes.org/
HXMGCTFLLWPVFM-GOSISDBHSA-N	Q16539	inhibitor			1.5	nM	biochemical	Ambit Biosciences binding assay				Chemical Probes Portal	Skepinone-L	skepinone-l	https://www.chemicalprobes.org/
HXMGCTFLLWPVFM-GOSISDBHSA-N	Q16539	inhibitor			5	nM	biochemical	In enzyme activity assays				Chemical Probes Portal	Skepinone-L	skepinone-l	https://www.chemicalprobes.org/
HXMGCTFLLWPVFM-GOSISDBHSA-N	Q16539	inhibitor	IC50		40	nM	cell	In whole blood assay				Chemical Probes Portal	Skepinone-L	skepinone-l	https://www.chemicalprobes.org/
HXMGCTFLLWPVFM-GOSISDBHSA-N	Q16539	inhibitor	IC50		25	nM	cell	Inhibition of HSP27 phosphorylation				Chemical Probes Portal	Skepinone-L	skepinone-l	https://www.chemicalprobes.org/
DEZZLWQELQORIU-RELWKKBWSA-N	P15056	inhibitor			63	nM	biochemical	In vitro substrate phosphorylation assay				Chemical Probes Portal	GDC-0879	gdc-0879	https://www.chemicalprobes.org/
DEZZLWQELQORIU-RELWKKBWSA-N	P15056	inhibitor					cell					Chemical Probes Portal	GDC-0879	gdc-0879	https://www.chemicalprobes.org/
BCZUAADEACICHN-UHFFFAOYSA-N	P08581	inhibitor			2.7	nM	biochemical	In vitro kinase assay IC50 = 4 nM				Chemical Probes Portal	SGX-523	sgx-523	https://www.chemicalprobes.org/
BCZUAADEACICHN-UHFFFAOYSA-N	P08581	inhibitor	IC50		12	nM	cell	"SGX-523 inhibited MET autophosphorylation; IC50 = 0.04 uM in GTL16 cells.
SGX-523 dose-dependently inhibited phosphorylation of MET substrates."				Chemical Probes Portal	SGX-523	sgx-523	https://www.chemicalprobes.org/
AQGNHMOJWBZFQQ-UHFFFAOYSA-N	P49840	inhibitor			6.7	nM	biochemical	Cell-free kinase assay				Chemical Probes Portal	CHIR-99021	chir-99021	https://www.chemicalprobes.org/
AQGNHMOJWBZFQQ-UHFFFAOYSA-N	P49840	inhibitor	EC50		763	nM	cell	In CHO-IR and primary rat hepatocytes, CHIR-99021 activated glycogen synthase				Chemical Probes Portal	CHIR-99021	chir-99021	https://www.chemicalprobes.org/
AQGNHMOJWBZFQQ-UHFFFAOYSA-N	P49841	inhibitor			10	nM	biochemical	Cell-free kinase assay				Chemical Probes Portal	CHIR-99021	chir-99021	https://www.chemicalprobes.org/
AQGNHMOJWBZFQQ-UHFFFAOYSA-N	P49841	inhibitor	EC50		763	nM	cell	In CHO-IR and primary rat hepatocytes, CHIR-99021 activated glycogen synthase				Chemical Probes Portal	CHIR-99021	chir-99021	https://www.chemicalprobes.org/
IENLGMOXAQMNEH-CYBMUJFWSA-N	O14757	inhibitor			7.7	nM	biochemical	Inhibition of recombinant full-length CHK1 kinase activity was measured in a microfluidic assay that monitored the separation of a fluorescently labelled, phosphorylated product peptide from the unphosphorylated substrate (5-FAM-KKKVSRSGLYRSPSMPENLNRPR-COOH).				Chemical Probes Portal	CCT244747	cct244747	https://www.chemicalprobes.org/
IENLGMOXAQMNEH-CYBMUJFWSA-N	O14757	inhibitor	IC50		29	nM	cell	CCT244747 was assessed in HT29 human colon cancer cells for the ability to abrogate a G2 checkpoint, cell-cycle arrest induced by the DNA-damaging agent etoposide. The number of cells reaching mitosis was quantified following treatment with etoposide or etoposide + CCT244747.				Chemical Probes Portal	CCT244747	cct244747	https://www.chemicalprobes.org/
LHNIIDJUOCFXAP-UHFFFAOYSA-N	P42336	inhibitor			3	nM	binding	Scintillation proximity assays				Chemical Probes Portal	Pictilisib	pictilisib	https://www.chemicalprobes.org/
LHNIIDJUOCFXAP-UHFFFAOYSA-N	P42336	inhibitor			10.2	nM	biochemical					Chemical Probes Portal	Pictilisib	pictilisib	https://www.chemicalprobes.org/
LHNIIDJUOCFXAP-UHFFFAOYSA-N	P42336	inhibitor	IC50	>=	28	nM	cell	Inhibition of protein substrate phosphorylation in MDA-MB-361, PC3, and U87MG cells. | 28-46 nM				Chemical Probes Portal	Pictilisib	pictilisib	https://www.chemicalprobes.org/
LHNIIDJUOCFXAP-UHFFFAOYSA-N	O00329	inhibitor			3	nM	binding	Scintillation proximity assay				Chemical Probes Portal	Pictilisib	pictilisib	https://www.chemicalprobes.org/
LHNIIDJUOCFXAP-UHFFFAOYSA-N	O00329	inhibitor	IC50	>=	28	nM	cell	Inhibition of protein substrate phosphorylation in MDA-MB-361, PC3, and U87MG cells. | 28-46 nM				Chemical Probes Portal	Pictilisib	pictilisib	https://www.chemicalprobes.org/
PSICWGWNIOOULV-UHFFFAOYSA-N	P42345	inhibitor			15	nM	biochemical	"MTOR kinase activity relative to DMSO was determined by measuring 33P incorporation on its substrate (poly[Glu,Tyr]4:1) by Reaction Biology Corp., USA.
eCF309 was tested at 10 different doses with 3-fold serial dilution starting from 10 μM."				Chemical Probes Portal	eCF309	ecf309	https://www.chemicalprobes.org/
PSICWGWNIOOULV-UHFFFAOYSA-N	P42345	inhibitor		<	30	nM	cell	"To verify that eCF309 inhibits both mTORC1 and mTORC2 signalling in cells by inhibition of the mTOR catalytic domain, phosphorylation of downstream targets of both complexes were assessed in MCF7 breast cancer cells by Western blot. Phosphorylation levels of the p70 ribosomal S6 kinase 1 (P70S6K) and its substrate S6 were analysed as substrates of mTORC1, and phospho-AKT (Y473) as an mTORC2 substrate. eCF309 mediated a dose-dependent reduction of the pP70S6K, pS6 and pAKT levels in MCF7 cells, achieving almost complete inhibition of the phosphorylation of these targets at 30 nM.

Antiproliferative activity of eCF309 against cancer cell lines was also evaluated using the PrestoBlue reagent. EC50 = 8 nM in MCF7 cells, 37 nM in PC3 cells; 72 nM in MDA-MB-231 cells. As expected by an mTOR inhibitor, eCF309 reduced cell proliferation in these cell lines by cell cycle arrest. | <30nM"				Chemical Probes Portal	eCF309	ecf309	https://www.chemicalprobes.org/
PSICWGWNIOOULV-UHFFFAOYSA-N	P42345	inhibitor		>=	8	nM	cell	"To verify that eCF309 inhibits both mTORC1 and mTORC2 signalling in cells by inhibition of the mTOR catalytic domain, phosphorylation of downstream targets of both complexes were assessed in MCF7 breast cancer cells by Western blot. Phosphorylation levels of the p70 ribosomal S6 kinase 1 (P70S6K) and its substrate S6 were analysed as substrates of mTORC1, and phospho-AKT (Y473) as an mTORC2 substrate. eCF309 mediated a dose-dependent reduction of the pP70S6K, pS6 and pAKT levels in MCF7 cells, achieving almost complete inhibition of the phosphorylation of these targets at 30 nM.

Antiproliferative activity of eCF309 against cancer cell lines was also evaluated using the PrestoBlue reagent. EC50 = 8 nM in MCF7 cells, 37 nM in PC3 cells; 72 nM in MDA-MB-231 cells. As expected by an mTOR inhibitor, eCF309 reduced cell proliferation in these cell lines by cell cycle arrest. | 8-72 nM"				Chemical Probes Portal	eCF309	ecf309	https://www.chemicalprobes.org/
UYUHRKLITDJEHB-UHFFFAOYSA-N	P57059	inhibitor			0.92	nM	biochemical	In vitro kinase assay				Chemical Probes Portal	HG-9-91-01	hg-9-91-01	https://www.chemicalprobes.org/
UYUHRKLITDJEHB-UHFFFAOYSA-N	P57059	inhibitor					cell	Inhibition of protein substrate phosphorylation in macrophages				Chemical Probes Portal	HG-9-91-01	hg-9-91-01	https://www.chemicalprobes.org/
UYUHRKLITDJEHB-UHFFFAOYSA-N	Q9H0K1	inhibitor			6.6	nM	biochemical	In vitro kinase assay				Chemical Probes Portal	HG-9-91-01	hg-9-91-01	https://www.chemicalprobes.org/
UYUHRKLITDJEHB-UHFFFAOYSA-N	Q9H0K1	inhibitor					cell	Inhibition of protein substrate phosphorylation in macrophages				Chemical Probes Portal	HG-9-91-01	hg-9-91-01	https://www.chemicalprobes.org/
UYUHRKLITDJEHB-UHFFFAOYSA-N	Q9Y2K2	inhibitor			9.6	nM	biochemical	In vitro kinase assay				Chemical Probes Portal	HG-9-91-01	hg-9-91-01	https://www.chemicalprobes.org/
UYUHRKLITDJEHB-UHFFFAOYSA-N	Q9Y2K2	inhibitor					cell	Inhibition of protein substrate phosphorylation in macrophages				Chemical Probes Portal	HG-9-91-01	hg-9-91-01	https://www.chemicalprobes.org/
MJSHVHLADKXCML-RQNOJGIXSA-N	P36888	inhibitor			0.8	nM	biochemical	Microcapillary assay (Carna Biosciences)				Chemical Probes Portal	UNC2025	unc2025	https://www.chemicalprobes.org/
MJSHVHLADKXCML-RQNOJGIXSA-N	P36888	inhibitor	IC50		14	nM	cell	In Molm-14 cells, UNC2025 dose-dependently inhibited phosphorylation of FLT3 (IC50=14 nM).				Chemical Probes Portal	UNC2025	unc2025	https://www.chemicalprobes.org/
MJSHVHLADKXCML-RQNOJGIXSA-N	Q12866	inhibitor			0.74	nM	biochemical	Microcapillary assay (Carna Biosciences)				Chemical Probes Portal	UNC2025	unc2025	https://www.chemicalprobes.org/
MJSHVHLADKXCML-RQNOJGIXSA-N	Q12866	inhibitor	IC50		2.7	nM	cell	In EGF-induced 32D cells expressing EGFR-MER fusion protein, UNC2025 dose-dependently inhibited MER activity and was selective for MER over other TAM family kinases (see off target activity).				Chemical Probes Portal	UNC2025	unc2025	https://www.chemicalprobes.org/
MYKOWOGZBMOVBJ-UHFFFAOYSA-N	Q8N5S9	inhibitor			250	nM	biochemical	Autophosphorylation of CaM-KKα and -β				Chemical Probes Portal	STO609	sto609	https://www.chemicalprobes.org/
MYKOWOGZBMOVBJ-UHFFFAOYSA-N	Q8N5S9	inhibitor			380	nM	biochemical	in vitro kinase assays				Chemical Probes Portal	STO609	sto609	https://www.chemicalprobes.org/
MYKOWOGZBMOVBJ-UHFFFAOYSA-N	Q8N5S9	inhibitor					cell	In HeLa cells transfected with CAMK, STO609 dose-dependently inhibited CAMK substrate phosphorylation.				Chemical Probes Portal	STO609	sto609	https://www.chemicalprobes.org/
MYKOWOGZBMOVBJ-UHFFFAOYSA-N	Q96RR4	inhibitor			47	nM	biochemical	Autophosphorylation of CaM-KKα and -β				Chemical Probes Portal	STO609	sto609	https://www.chemicalprobes.org/
MYKOWOGZBMOVBJ-UHFFFAOYSA-N	Q96RR4	inhibitor			120	nM	biochemical	in vitro kinase assays				Chemical Probes Portal	STO609	sto609	https://www.chemicalprobes.org/
MYKOWOGZBMOVBJ-UHFFFAOYSA-N	Q96RR4	inhibitor					cell	In HeLa cells transfected with CAMK, STO609 dose-dependently inhibited CAMK substrate phosphorylation.				Chemical Probes Portal	STO609	sto609	https://www.chemicalprobes.org/
AHYMHWXQRWRBKT-UHFFFAOYSA-N	P08581	inhibitor			3	nM	biochemical	Biochemical Assay				Chemical Probes Portal	DOI:10.1158/1078-0432.CCR-12-3247	emd-1214063	https://www.chemicalprobes.org/
AHYMHWXQRWRBKT-UHFFFAOYSA-N	P08581	inhibitor	IC50		6	nM	cell	Inhibition of HGF-induced c-Met phosphorylation				Chemical Probes Portal	DOI:10.1158/1078-0432.CCR-12-3247	emd-1214063	https://www.chemicalprobes.org/
AHYMHWXQRWRBKT-UHFFFAOYSA-N	P08581	inhibitor	IC50		9	nM	cell	reduction of c-Met–constitutive phosphorylation				Chemical Probes Portal	DOI:10.1158/1078-0432.CCR-12-3247	emd-1214063	https://www.chemicalprobes.org/
AHYMHWXQRWRBKT-UHFFFAOYSA-N	P08581	inhibitor	IC50		1	nM	cell	Cell viability assay 72h				Chemical Probes Portal	DOI:10.1158/1078-0432.CCR-12-3247	emd-1214063	https://www.chemicalprobes.org/
VASPFLVEEOBQOS-UHFFFAOYSA-N	Q9Y2T5	agonist					biochemical	Recombinant functional cAMP assay				Chemical Probes Portal	DOI:10.1021/acsmedchemlett.3c00052	htl-0041178	https://www.chemicalprobes.org/
VASPFLVEEOBQOS-UHFFFAOYSA-N	Q9Y2T5	agonist	EC50		30	nM	cell	GPR52 Agonist Functional cAMP Assay				Chemical Probes Portal	DOI:10.1021/acsmedchemlett.3c00052	htl-0041178	https://www.chemicalprobes.org/
AYCPARAPKDAOEN-LJQANCHMSA-N	Q13153	inhibitor			13.7	nM	biochemical	Biochemical Assay				Chemical Probes Portal	PF-3758309	pf-3758309	https://www.chemicalprobes.org/
AYCPARAPKDAOEN-LJQANCHMSA-N	Q13153	inhibitor	IC50		1.3	nM	cell	Inhibition of PAK protein substrate phosphorylation				Chemical Probes Portal	PF-3758309	pf-3758309	https://www.chemicalprobes.org/
AYCPARAPKDAOEN-LJQANCHMSA-N	O96013	inhibitor			18.7	nM	biochemical	Biochemical Assay				Chemical Probes Portal	PF-3758309	pf-3758309	https://www.chemicalprobes.org/
AYCPARAPKDAOEN-LJQANCHMSA-N	O96013	inhibitor			2.7	nM	binding	ITC				Chemical Probes Portal	PF-3758309	pf-3758309	https://www.chemicalprobes.org/
AYCPARAPKDAOEN-LJQANCHMSA-N	O96013	inhibitor			4.5	nM	binding	SPR				Chemical Probes Portal	PF-3758309	pf-3758309	https://www.chemicalprobes.org/
AYCPARAPKDAOEN-LJQANCHMSA-N	O96013	inhibitor	IC50		1.3	nM	cell	Inhibition of PAK protein substrate phosphorylation				Chemical Probes Portal	PF-3758309	pf-3758309	https://www.chemicalprobes.org/
AYCPARAPKDAOEN-LJQANCHMSA-N	Q9P286	inhibitor			18.1	nM	biochemical	Biochemical Assay				Chemical Probes Portal	PF-3758309	pf-3758309	https://www.chemicalprobes.org/
AYCPARAPKDAOEN-LJQANCHMSA-N	Q9P286	inhibitor	IC50		1.3	nM	cell	Inhibition of PAK protein substrate phosphorylation				Chemical Probes Portal	PF-3758309	pf-3758309	https://www.chemicalprobes.org/
AYCPARAPKDAOEN-LJQANCHMSA-N	Q9NQU5	inhibitor			17.1	nM	biochemical	Biochemical Assay				Chemical Probes Portal	PF-3758309	pf-3758309	https://www.chemicalprobes.org/
AYCPARAPKDAOEN-LJQANCHMSA-N	Q9NQU5	inhibitor	IC50		1.3	nM	cell	Inhibition of PAK protein substrate phosphorylation				Chemical Probes Portal	PF-3758309	pf-3758309	https://www.chemicalprobes.org/
DEEOXSOLTLIWMG-UHFFFAOYSA-N	P09619	inhibitor			1	nM	biochemical	PDGFRalpha IC50 = 10 nM, enzyme assays with GST-tagged intracellular domains				Chemical Probes Portal	CP-673451	cp-673451	https://www.chemicalprobes.org/
DEEOXSOLTLIWMG-UHFFFAOYSA-N	P09619	inhibitor	IC50		1	nM	cell	PDGFRalpha IC50 = 14 nM in autophosphorylation and protein substrate phosphorylation assays				Chemical Probes Portal	CP-673451	cp-673451	https://www.chemicalprobes.org/
SCFMWQIQBVZOQR-UHFFFAOYSA-N	P06493	inhibitor			6	nM	biochemical	In Vitro Kinase Inhibition				Chemical Probes Portal	BMS-265246	bms-265246	https://www.chemicalprobes.org/
SCFMWQIQBVZOQR-UHFFFAOYSA-N	P06493	inhibitor	EC50	>=	293	nM	cell	In high-content imaging experiments, BMS-265246 led to G2-arrest phenotypes | 293-492 nM				Chemical Probes Portal	BMS-265246	bms-265246	https://www.chemicalprobes.org/
SCFMWQIQBVZOQR-UHFFFAOYSA-N	P24941	inhibitor			9	nM	biochemical	In Vitro Kinase Inhibition				Chemical Probes Portal	BMS-265246	bms-265246	https://www.chemicalprobes.org/
SCFMWQIQBVZOQR-UHFFFAOYSA-N	P24941	inhibitor	EC50	>=	293	nM	cell	In high-content imaging experiments, BMS-265246 led to G2-arrest phenotypes | 293-492 nM				Chemical Probes Portal	BMS-265246	bms-265246	https://www.chemicalprobes.org/
DTEKTGDVSARYDS-UHFFFAOYSA-N	Q15418	inhibitor			31	nM	biochemical	In Vitro Kinase assay @ 100 uM ATP				Chemical Probes Portal	BI-D1870	bi-d1870	https://www.chemicalprobes.org/
DTEKTGDVSARYDS-UHFFFAOYSA-N	Q15418	inhibitor	IC50		1	uM	cell	In HEK-293 cells, BI-D1870 inhibited phosphorylation of RPS6KA protein substrates but not those for several off-target kinases				Chemical Probes Portal	BI-D1870	bi-d1870	https://www.chemicalprobes.org/
DTEKTGDVSARYDS-UHFFFAOYSA-N	Q15349	inhibitor			18	nM	biochemical	In Vitro Kinase assay @ 100 uM ATP				Chemical Probes Portal	BI-D1870	bi-d1870	https://www.chemicalprobes.org/
DTEKTGDVSARYDS-UHFFFAOYSA-N	Q15349	inhibitor	IC50		1	uM	cell	In HEK-293 cells, BI-D1870 inhibited phosphorylation of RPS6KA protein substrates but not those for several off-target kinases				Chemical Probes Portal	BI-D1870	bi-d1870	https://www.chemicalprobes.org/
DTEKTGDVSARYDS-UHFFFAOYSA-N	P51812	inhibitor			24	nM	biochemical	In Vitro Kinase assay @ 100 uM ATP				Chemical Probes Portal	BI-D1870	bi-d1870	https://www.chemicalprobes.org/
DTEKTGDVSARYDS-UHFFFAOYSA-N	P51812	inhibitor	IC50		1	uM	cell	In HEK-293 cells, BI-D1870 inhibited phosphorylation of RPS6KA protein substrates but not those for several off-target kinases				Chemical Probes Portal	BI-D1870	bi-d1870	https://www.chemicalprobes.org/
DTEKTGDVSARYDS-UHFFFAOYSA-N	Q9UK32	inhibitor			15	nM	biochemical	In Vitro Kinase assay @ 100 uM ATP				Chemical Probes Portal	BI-D1870	bi-d1870	https://www.chemicalprobes.org/
DTEKTGDVSARYDS-UHFFFAOYSA-N	Q9UK32	inhibitor	IC50		1	uM	cell	In HEK-293 cells, BI-D1870 inhibited phosphorylation of RPS6KA protein substrates but not those for several off-target kinases				Chemical Probes Portal	BI-D1870	bi-d1870	https://www.chemicalprobes.org/
XQVVPGYIWAGRNI-JOCHJYFZSA-N	P53350	inhibitor			0.83	nM	biochemical	in Vitro Kinase assay				Chemical Probes Portal	BI2536	bi2536	https://www.chemicalprobes.org/
XQVVPGYIWAGRNI-JOCHJYFZSA-N	P53350	inhibitor					cell	In HeLa cells, BI2536 dose-dependently inhibited substrate phosphorylation, caused G2/M arrest and led to PARP p85 fragment formation, with activity saturating between 10-100 nM				Chemical Probes Portal	BI2536	bi2536	https://www.chemicalprobes.org/
XQVVPGYIWAGRNI-JOCHJYFZSA-N	Q9NYY3	inhibitor			3.5	nM	biochemical	In Vitro Kinase Assay				Chemical Probes Portal	BI2536	bi2536	https://www.chemicalprobes.org/
XQVVPGYIWAGRNI-JOCHJYFZSA-N	Q9NYY3	inhibitor					cell	In HeLa cells, BI2536 dose-dependently inhibited substrate phosphorylation, caused G2/M arrest and led to PARP p85 fragment formation, with activity saturating between 10-100 nM				Chemical Probes Portal	BI2536	bi2536	https://www.chemicalprobes.org/
XQVVPGYIWAGRNI-JOCHJYFZSA-N	Q9H4B4	inhibitor			9	nM	biochemical	In Vitro Kinase Assay				Chemical Probes Portal	BI2536	bi2536	https://www.chemicalprobes.org/
XQVVPGYIWAGRNI-JOCHJYFZSA-N	Q9H4B4	inhibitor					cell	In HeLa cells, BI2536 dose-dependently inhibited substrate phosphorylation, caused G2/M arrest and led to PARP p85 fragment formation, with activity saturating between 10-100 nM				Chemical Probes Portal	BI2536	bi2536	https://www.chemicalprobes.org/
QAPAJIZPZGWAND-UHFFFAOYSA-N	Q13164	inhibitor			80	nM	biochemical	ATP-binding displacement assay				Chemical Probes Portal	XMD8-92	xmd8-92	https://www.chemicalprobes.org/
QAPAJIZPZGWAND-UHFFFAOYSA-N	Q13164	inhibitor	IC50		1.5	uM	cell	Kinativ assay				Chemical Probes Portal	XMD8-92	xmd8-92	https://www.chemicalprobes.org/
KTUFNOKKBVMGRW-UHFFFAOYSA-N	P00519	inhibitor			38	nM	biochemical	In vitro assays of protein kinase inhibition				Chemical Probes Portal	Imatinib	imatinib	https://www.chemicalprobes.org/
KTUFNOKKBVMGRW-UHFFFAOYSA-N	P00519	inhibitor	IC50	>=	100	nM	cell	Imatinib inhibits autophosphorylation of ABL and PDGFR as well as substrate phosphorylation by KIT | 100-300 nM				Chemical Probes Portal	Imatinib	imatinib	https://www.chemicalprobes.org/
KTUFNOKKBVMGRW-UHFFFAOYSA-N	P10721	inhibitor			100	nM	biochemical	In vitro assays of protein kinase inhibition				Chemical Probes Portal	Imatinib	imatinib	https://www.chemicalprobes.org/
KTUFNOKKBVMGRW-UHFFFAOYSA-N	P10721	inhibitor	IC50	>=	100	nM	cell	Imatinib inhibits autophosphorylation of ABL and PDGFR as well as substrate phosphorylation by KIT | 100-300 nM				Chemical Probes Portal	Imatinib	imatinib	https://www.chemicalprobes.org/
LQBVNQSMGBZMKD-UHFFFAOYSA-N	P10415	inhibitor		<	0.01	nM	biochemical	Time-resolved FRET competition binding assay				Chemical Probes Portal	Venetoclax	venetoclax	https://www.chemicalprobes.org/
LQBVNQSMGBZMKD-UHFFFAOYSA-N	P10415	inhibitor	EC50		4	nM	cell	In mouse FL5.12 cells that depend on BCL2 for survival in the absence of IL-3, venetoclax led to cell death. In comparable cells dependent upon BCL-XL, venetoclax had an EC50=261 nM. In ALL cells, venetoclax had an EC50 (cell death) in BCL2-dependent cells (RS4;11)=8 nM and in BCL-XL-dependent cells (H146)=4,260 nM. In a mammalian cell 2-hybrid assay, venetoclax disrupted BCL2-BIM complex (EC50=3 nM) but BCL-XL-BIM complex (EC50=2.2 uM). Venetoclax had no impact on Bak/Bax double knockout mouse embryonic fibroblasts.				Chemical Probes Portal	Venetoclax	venetoclax	https://www.chemicalprobes.org/
SOYCFODXNRVBTI-UHFFFAOYSA-N	Q07817	inhibitor		<	0.01	nM	biochemical	Time-resolved, flourecence resonance energy transfer (TR-FRET) assays				Chemical Probes Portal	A-1155463	1155463	https://www.chemicalprobes.org/
SOYCFODXNRVBTI-UHFFFAOYSA-N	Q07817	inhibitor	EC50		8	nM	cell	In Mcl1-/- mouse embryonic fibroblasts, A-1155463 inhibited cell proliferation. In H146 cells, A-1155463 inhibited BCLXL-dependent proliferation (EC50=65 nM).				Chemical Probes Portal	A-1155463	1155463	https://www.chemicalprobes.org/
JKMWZKPAXZBYEH-JWHWKPFMSA-N	Q07817	inhibitor			1.4	nM	binding	Direct binding assay by SPR				Chemical Probes Portal	WEHI-539	wehi-539	https://www.chemicalprobes.org/
JKMWZKPAXZBYEH-JWHWKPFMSA-N	Q07817	inhibitor					cell	In mouse embryonic fibroblasts (MEFs), WEHI-539 induces apoptosis only in cells where MCL-1 is absent and not in cells where other BCL protein family members are absent. Restoration of MCL-1 expression renders MEFs resistant to WEHI-539. WEHI-539-induced apoptosis is dependent upon BAK but not BAX. In mouse and human platelets, WEHI-539 induces apoptosis.				Chemical Probes Portal	WEHI-539	wehi-539	https://www.chemicalprobes.org/
XMVAWGSQPHFXKU-UHFFFAOYSA-N	Q07820	inhibitor			0.454	nM	biochemical	Time-resolved Flourescence resonance energy transfer (TR-FRET) binding assay				Chemical Probes Portal	A-1210477	1210477	https://www.chemicalprobes.org/
XMVAWGSQPHFXKU-UHFFFAOYSA-N	Q07820	inhibitor					cell	In H29 cells, A-1210477 competed with BIM for MCL1 binding in co-IP assays (tested at 10 uM) and increased MCL1 protein but not RNA expression. In a coupled co-IP-ELISA assay, A-1210477 dose-dependently decreased BIM co-IP with and IC50 in the low uM range and disrupted NOXA-MCL1 interaction in a mammalian yeast two hybrid assay (IC50 ~1 uM). In cellular fluorescence localization assays, A-1210477 redistributed BIM labeled with mCherry from the mitochondria to the cytosol.  In MCL1-dependent cells (H929 cells), A-1210477 induced apoptosis (IC50 <10 uM).				Chemical Probes Portal	A-1210477	1210477	https://www.chemicalprobes.org/
ZFBHXVOCZBPADE-SSEXGKCCSA-N	Q07820	inhibitor			0.19	nM	biochemical	Surface plasmon resonance assay; in FP assay, S63845 had Ki <1.2 nM for MCL1.				Chemical Probes Portal	S63845	s63845	https://www.chemicalprobes.org/
ZFBHXVOCZBPADE-SSEXGKCCSA-N	Q07820	inhibitor	IC50	<	10	nM	cell	In MCL1-dependent, H929 cells, S63845 had an IC50 <10 nM in apoptosis assays. In HeLa cells, S63845 disrupted MCL1 complex formation with BAX and BAK (co-immunoprecipitation experiments). BAX- and BAK-deficient cells are resistant to S63845.				Chemical Probes Portal	S63845	s63845	https://www.chemicalprobes.org/
SXQZEMXQTRNLRZ-HXUWFJFHSA-N	Q15233	covalent inhibitor	IC50		3100	nM	cell	Depletion of AR-FL mRNA (QuantiGene assay)				Chemical Probes Portal	DOI:10.1038/s41589-023-01270-0	r-skbg-1	https://www.chemicalprobes.org/
SXQZEMXQTRNLRZ-HXUWFJFHSA-N	Q15233	covalent inhibitor	IC50		5500	nM	cell	Depletion of AR-V7 mRNA measured by QuantiGene assays				Chemical Probes Portal	DOI:10.1038/s41589-023-01270-0	r-skbg-1	https://www.chemicalprobes.org/
SXQZEMXQTRNLRZ-HXUWFJFHSA-N	Q15233	covalent inhibitor	EC50		630	nM	cell	Effects of (R)-SKBG-1 on the growth of 22Rv1 cells expressing exogenous NONO-WT (NONO-C145S EC50 3900 nM)				Chemical Probes Portal	DOI:10.1038/s41589-023-01270-0	r-skbg-1	https://www.chemicalprobes.org/
SXQZEMXQTRNLRZ-HXUWFJFHSA-N	Q15233	covalent inhibitor	activity		20	uM	cell	induction				Chemical Probes Portal	DOI:10.1038/s41589-023-01270-0	r-skbg-1	https://www.chemicalprobes.org/
GXTJETQFYHZHNB-GASCZTMLSA-N	P41182	molecular glue		<=	3	nM	biochemical	BCL6::BCOR Ulight TR-FRET				Chemical Probes Portal	BI-3802	bi-3802	https://www.chemicalprobes.org/
GXTJETQFYHZHNB-GASCZTMLSA-N	P41182	molecular glue	DC50		20	nM	cell	BCL6::NCOR LUMIER, Antiproliferative assay, western blot of BCL6 in (Farage cells) capillary electrophoresis measuring BCL6 levels in DLBCL cell lines | 20 nM DC50				Chemical Probes Portal	BI-3802	bi-3802	https://www.chemicalprobes.org/
GXTJETQFYHZHNB-GASCZTMLSA-N	P41182	molecular glue	IC50		43	nM	cell	BCL6::NCOR LUMIER, Antiproliferative assay, western blot of BCL6 in (Farage cells) capillary electrophoresis measuring BCL6 levels in DLBCL cell lines | 43 nM IC50				Chemical Probes Portal	BI-3802	bi-3802	https://www.chemicalprobes.org/
GXTJETQFYHZHNB-GASCZTMLSA-N	P41182	molecular glue	Dmax		80	%	cell	BCL6::NCOR LUMIER, Antiproliferative assay, western blot of BCL6 in (Farage cells) capillary electrophoresis measuring BCL6 levels in DLBCL cell lines | 80% Dmax				Chemical Probes Portal	BI-3802	bi-3802	https://www.chemicalprobes.org/
QLXULUNLCRKWRD-UHFFFAOYSA-N	Q92794	inhibitor			6.3	nM	biochemical	6.3 nM IC50				Chemical Probes Portal	WM-1119	wm-1119	https://www.chemicalprobes.org/
QLXULUNLCRKWRD-UHFFFAOYSA-N	Q92794	inhibitor			2	nM	biochemical	2 nM KD				Chemical Probes Portal	WM-1119	wm-1119	https://www.chemicalprobes.org/
QLXULUNLCRKWRD-UHFFFAOYSA-N	Q92794	inhibitor	IC50		0.25	uM	cell	Cell cycle analysis, Western				Chemical Probes Portal	WM-1119	wm-1119	https://www.chemicalprobes.org/
JWZSSEWMVYKYKW-UHFFFAOYSA-N	Q16539	inhibitor			0.2	nM	biochemical	Elisa				Chemical Probes Portal	FS-694	fs-694	https://www.chemicalprobes.org/
JWZSSEWMVYKYKW-UHFFFAOYSA-N	Q16539	inhibitor			1.5	nM	biochemical	Cell free DiscoverX				Chemical Probes Portal	FS-694	fs-694	https://www.chemicalprobes.org/
JWZSSEWMVYKYKW-UHFFFAOYSA-N	Q16539	inhibitor	IC50		14.9	nM	cell	NanoBRET | 14.9 nM Alpha				Chemical Probes Portal	FS-694	fs-694	https://www.chemicalprobes.org/
JWZSSEWMVYKYKW-UHFFFAOYSA-N	Q16539	inhibitor	IC50		16.9	nM	cell	NanoBRET | 16.9 nM Beta				Chemical Probes Portal	FS-694	fs-694	https://www.chemicalprobes.org/
VYWRYBZVVSPTQN-SANMLTNESA-N	P42336	inhibitor			4	nM	biochemical	Biochemical assay using H1047R mutant				Chemical Probes Portal	DOI:10.1158/2159-8290.CD-23-0944	rly-2608	https://www.chemicalprobes.org/
VYWRYBZVVSPTQN-SANMLTNESA-N	P42336	inhibitor			48	nM	biochemical	Biochemical assay using WT protein				Chemical Probes Portal	DOI:10.1158/2159-8290.CD-23-0944	rly-2608	https://www.chemicalprobes.org/
VYWRYBZVVSPTQN-SANMLTNESA-N	P42336	inhibitor	IC50		20	nM	cell	pAKT S473				Chemical Probes Portal	DOI:10.1158/2159-8290.CD-23-0944	rly-2608	https://www.chemicalprobes.org/
VYWRYBZVVSPTQN-SANMLTNESA-N	P42336	inhibitor	IC50		70	nM	cell	Cell Proliferation assay				Chemical Probes Portal	DOI:10.1158/2159-8290.CD-23-0944	rly-2608	https://www.chemicalprobes.org/
OZFFKOSQNBBYCA-UHFFFAOYSA-N	Q13131	inhibitor			1.4	nM	biochemical	High potency in biochemical PRKAA1 assay with IC50 = 1.4 nM @ 10 µM ATP; 15 nM @ 2 mM ATP (Bayer in house) | 1.4				Chemical Probes Portal	BAY-3827	bay-3827	https://www.chemicalprobes.org/
OZFFKOSQNBBYCA-UHFFFAOYSA-N	Q13131	inhibitor			15	nM	biochemical	High potency in biochemical PRKAA1 assay with IC50 = 1.4 nM @ 10 µM ATP; 15 nM @ 2 mM ATP (Bayer in house) | 15 nM (High/Low ATP)				Chemical Probes Portal	BAY-3827	bay-3827	https://www.chemicalprobes.org/
OZFFKOSQNBBYCA-UHFFFAOYSA-N	Q13131	inhibitor			7	nM	biochemical	Eurofins @ 1 µM				Chemical Probes Portal	BAY-3827	bay-3827	https://www.chemicalprobes.org/
OZFFKOSQNBBYCA-UHFFFAOYSA-N	Q13131	inhibitor	IC50		150	nM	cell	"Active in cellular mechanistic assay (150 nM) demonstrating cellular target engagement
Additional proof for on target activity: ATP-competitive binding mode demonstrated."				Chemical Probes Portal	BAY-3827	bay-3827	https://www.chemicalprobes.org/
OZFFKOSQNBBYCA-UHFFFAOYSA-N	Q13131	inhibitor	IC50		390	nM	cell	Cellular mechanistic pACC assay using Colo-320 cells				Chemical Probes Portal	BAY-3827	bay-3827	https://www.chemicalprobes.org/
OZFFKOSQNBBYCA-UHFFFAOYSA-N	Q15418	inhibitor			9.1	nM	biochemical	Eurofins @ 1 µM				Chemical Probes Portal	BAY-3827	bay-3827	https://www.chemicalprobes.org/
ONIQOQHATWINJY-UHFFFAOYSA-N	P35968	inhibitor			0.035	nM	biochemical	AlphaScreen Assay				Chemical Probes Portal	Cabozantinib	cabozantinib	https://www.chemicalprobes.org/
ONIQOQHATWINJY-UHFFFAOYSA-N	P35968	inhibitor	IC50		6.7	nM	cell	Phosphorylation Inhibition Assay				Chemical Probes Portal	Cabozantinib	cabozantinib	https://www.chemicalprobes.org/
ONIQOQHATWINJY-UHFFFAOYSA-N	P35968	inhibitor	IC50	>=	4.1	nM	cell	Inhibition of tubule formation in response to conditioned media derived from various cell cultures (MDA-MB-231 (IC50 = 5.1 nmol/L), A431 (IC50 = 4.1 nmol/L), HT1080 (IC50 = 7.7 nmol/L), and B16F10) | 4.1-7.7 nM				Chemical Probes Portal	Cabozantinib	cabozantinib	https://www.chemicalprobes.org/
ONIQOQHATWINJY-UHFFFAOYSA-N	P35968	inhibitor	IC50		31	nM	cell	Inhibition of HGF-induced migration				Chemical Probes Portal	Cabozantinib	cabozantinib	https://www.chemicalprobes.org/
ONIQOQHATWINJY-UHFFFAOYSA-N	P35968	inhibitor	IC50		9	nM	cell	Inhibition HGF-induced invasion				Chemical Probes Portal	Cabozantinib	cabozantinib	https://www.chemicalprobes.org/
WBLVOWHFRUAMCP-UHFFFAOYSA-N	Q9GZV3	inhibitor	IC50	>=	90	nM	cell	"Radiolabeled choline chloride uptake experiments in HEK 293 cells stably transfected with an endocytic mutant of human CHT.
Tested at high (10 uM)  and  low (100 nM) Choline concentrations. | 90 - 266 nM"				Chemical Probes Portal	ML352	ml352	https://www.chemicalprobes.org/
WBLVOWHFRUAMCP-UHFFFAOYSA-N	Q9GZV3	inhibitor	activity		3	%	cell	"Radiolabeled choline chloride uptake experiments in HEK 293 cells stably transfected with an endocytic mutant of human CHT
Tested at low (100 nM) and high (10 uM) Choline concentrations."				Chemical Probes Portal	ML352	ml352	https://www.chemicalprobes.org/
WBLVOWHFRUAMCP-UHFFFAOYSA-N	Q9GZV3	inhibitor	IC50		72	nM	cell	Single-point [3H]choline SPA assay at 100 nM Choline conc				Chemical Probes Portal	ML352	ml352	https://www.chemicalprobes.org/
DTBGJTHCIGPRDA-UHFFFAOYSA-N	Q86U44	inhibitor			16.9	nM	biochemical	METTL3/14 RF/MS methyltransferase assay				Chemical Probes Portal	STM2457	stm2457	https://www.chemicalprobes.org/
DTBGJTHCIGPRDA-UHFFFAOYSA-N	Q86U44	inhibitor			1.4	nM	binding	SPR				Chemical Probes Portal	STM2457	stm2457	https://www.chemicalprobes.org/
DTBGJTHCIGPRDA-UHFFFAOYSA-N	Q86U44	inhibitor	IC50		1520	nM	cell	InCell Pulse Assay in HeLa cells transfected with human protein				Chemical Probes Portal	STM2457	stm2457	https://www.chemicalprobes.org/
DTBGJTHCIGPRDA-UHFFFAOYSA-N	Q86U44	inhibitor	IC50		2810	nM	cell	InCell Pulse Assay in HeLa cells transfected with mouse protein				Chemical Probes Portal	STM2457	stm2457	https://www.chemicalprobes.org/
DKZYXHCYPUVGAF-JCNLHEQBSA-N	Q14680	inhibitor			0.41	nM	biochemical	In vitro kinase assay using recombinant proteins				Chemical Probes Portal	OTSSP167	otssp167	https://www.chemicalprobes.org/
DKZYXHCYPUVGAF-JCNLHEQBSA-N	Q14680	inhibitor	IC50	>=	2.3	nM	cell	Cell Proliferation inhibition (A549 6.7 nM, T47D 4.3nM, DU4475 2.3nM, 22Rv1 6.0 nM, HT1197 97 nM) | 2.3 - 97 nM				Chemical Probes Portal	OTSSP167	otssp167	https://www.chemicalprobes.org/
SXWMIXPJPNCXQQ-UHFFFAOYSA-N	P36888	inhibitor			0.4	nM	biochemical	TR-FRET Kinase Assay | 0.4 nM FLT3-WT				Chemical Probes Portal	G749	g749	https://www.chemicalprobes.org/
SXWMIXPJPNCXQQ-UHFFFAOYSA-N	P36888	inhibitor			0.6	nM	biochemical	TR-FRET Kinase Assay | 0.6 nM FLT3-D835Y				Chemical Probes Portal	G749	g749	https://www.chemicalprobes.org/
SXWMIXPJPNCXQQ-UHFFFAOYSA-N	P36888	inhibitor	IC50		6.1	nM	cell	Cell viability by an ATPLite assay, Western Blot (autophosphorylation, p-ERK, p-AKT) and ELISA assay | WT 6.1 ± 0.4 nM				Chemical Probes Portal	G749	g749	https://www.chemicalprobes.org/
SXWMIXPJPNCXQQ-UHFFFAOYSA-N	P36888	inhibitor	IC50		11.8	nM	cell	Cell viability by an ATPLite assay, Western Blot (autophosphorylation, p-ERK, p-AKT) and ELISA assay | ITD 11.8 ± 3.7 nM				Chemical Probes Portal	G749	g749	https://www.chemicalprobes.org/
SXWMIXPJPNCXQQ-UHFFFAOYSA-N	P36888	inhibitor	IC50		21.4	nM	cell	Cell viability by an ATPLite assay, Western Blot (autophosphorylation, p-ERK, p-AKT) and ELISA assay | ITD/N676D 21.4 ± 1.1 nM				Chemical Probes Portal	G749	g749	https://www.chemicalprobes.org/
SXWMIXPJPNCXQQ-UHFFFAOYSA-N	P36888	inhibitor	IC50		38.1	nM	cell	"Cell viability by an ATPLite assay, Western Blot (autophosphorylation, p-ERK, p-AKT) and ELISA assay | ITD/F691L	 38.1 ± 6.6 nM"				Chemical Probes Portal	G749	g749	https://www.chemicalprobes.org/
SXWMIXPJPNCXQQ-UHFFFAOYSA-N	P36888	inhibitor	IC50		2.1	nM	cell	Cell viability by an ATPLite assay, Western Blot (autophosphorylation, p-ERK, p-AKT) and ELISA assay | D835Y/N676D 2.1 ± 0.7 nM				Chemical Probes Portal	G749	g749	https://www.chemicalprobes.org/
SXWMIXPJPNCXQQ-UHFFFAOYSA-N	P36888	inhibitor	IC50		3.1	nM	cell	Cell viability by an ATPLite assay, Western Blot (autophosphorylation, p-ERK, p-AKT) and ELISA assay | D835Y 3.1 ± 0.5 nM				Chemical Probes Portal	G749	g749	https://www.chemicalprobes.org/
BKWJAKQVGHWELA-UHFFFAOYSA-N	P30291	inhibitor			5.2	nM	biochemical	Radioactive in vitro Kinase assay				Chemical Probes Portal	Adavosertib	adavosertib	https://www.chemicalprobes.org/
BKWJAKQVGHWELA-UHFFFAOYSA-N	P30291	inhibitor	EC50		49	nM	cell	p-CDC2 and pHH3 Assays (calorimetric ELISA) | 49 nM (alone)				Chemical Probes Portal	Adavosertib	adavosertib	https://www.chemicalprobes.org/
BKWJAKQVGHWELA-UHFFFAOYSA-N	P30291	inhibitor	EC50		85	nM	cell	p-CDC2 and pHH3 Assays (calorimetric ELISA) | 85 nM (in combination				Chemical Probes Portal	Adavosertib	adavosertib	https://www.chemicalprobes.org/
YKDZIFFKQUNVHH-UHFFFAOYSA-N	P68400	inhibitor			4.2	nM	biochemical	Enzymatic Assay (Eurofin)		10	uM	Chemical Probes Portal	SGC-CK2-1	sgc-ck2-1	https://www.chemicalprobes.org/
YKDZIFFKQUNVHH-UHFFFAOYSA-N	P68400	inhibitor	IC50		36	nM	cell	NanoBRET				Chemical Probes Portal	SGC-CK2-1	sgc-ck2-1	https://www.chemicalprobes.org/
YKDZIFFKQUNVHH-UHFFFAOYSA-N	P19784	inhibitor			2.3	nM	biochemical	Enzymatic Assay (Eurofin)		10	uM	Chemical Probes Portal	SGC-CK2-1	sgc-ck2-1	https://www.chemicalprobes.org/
YKDZIFFKQUNVHH-UHFFFAOYSA-N	P19784	inhibitor	IC50		16	nM	cell	NanoBRET				Chemical Probes Portal	SGC-CK2-1	sgc-ck2-1	https://www.chemicalprobes.org/
GJYVLTPTDBQQCY-UHFFFAOYSA-N	P49759	inhibitor			13	nM	biochemical	Luceome Biotechnology Binding assay				Chemical Probes Portal	SGC-CLK-1	sgc-clk-1	https://www.chemicalprobes.org/
GJYVLTPTDBQQCY-UHFFFAOYSA-N	P49759	inhibitor	IC50		165	nM	cell	NanoBRET				Chemical Probes Portal	SGC-CLK-1	sgc-clk-1	https://www.chemicalprobes.org/
GJYVLTPTDBQQCY-UHFFFAOYSA-N	P49760	inhibitor			4	nM	biochemical	Luceome Biotechnology Binding assay				Chemical Probes Portal	SGC-CLK-1	sgc-clk-1	https://www.chemicalprobes.org/
GJYVLTPTDBQQCY-UHFFFAOYSA-N	P49760	inhibitor	IC50		100	nM	cell	NanoBRET				Chemical Probes Portal	SGC-CLK-1	sgc-clk-1	https://www.chemicalprobes.org/
GJYVLTPTDBQQCY-UHFFFAOYSA-N	Q9HAZ1	inhibitor			46	nM	biochemical	Luceome Biotechnology Binding assay				Chemical Probes Portal	SGC-CLK-1	sgc-clk-1	https://www.chemicalprobes.org/
GJYVLTPTDBQQCY-UHFFFAOYSA-N	Q9HAZ1	inhibitor	IC50		70	nM	cell	NanoBRET				Chemical Probes Portal	SGC-CLK-1	sgc-clk-1	https://www.chemicalprobes.org/
IRTDIKMSKMREGO-OAHLLOKOSA-N	P42338	inhibitor			0.69	nM	biochemical	In Vitro kinase assay measurements against recombinant PI3Ks and PIKK using SelectScreen (Invitrogen)				Chemical Probes Portal	AZD-6482	azd-6482	https://www.chemicalprobes.org/
IRTDIKMSKMREGO-OAHLLOKOSA-N	P42338	inhibitor	IC50	>=	100	nM	cell	TR-FRET–based assay termed LanthaScreen | 100-500 nM				Chemical Probes Portal	AZD-6482	azd-6482	https://www.chemicalprobes.org/
SUNXHXDJOIXABJ-NSHDSACASA-N	O60674	inhibitor			0.45	nM	biochemical	Enzymatic Biochemical Competitive Assay | 0.45 nM (Ki)				Chemical Probes Portal	AZ-960	az-960	https://www.chemicalprobes.org/
SUNXHXDJOIXABJ-NSHDSACASA-N	O60674	inhibitor			3	nM	biochemical	Enzymatic Biochemical Competitive Assay | 3 nM (IC50) @ Km ATP				Chemical Probes Portal	AZ-960	az-960	https://www.chemicalprobes.org/
SUNXHXDJOIXABJ-NSHDSACASA-N	O60674	inhibitor	IC50		15	nM	cell	Western immunoblotting determination of phospho-STAT5 and phospho-STAT3 levels. | 15 ± 6 nM				Chemical Probes Portal	AZ-960	az-960	https://www.chemicalprobes.org/
SUNXHXDJOIXABJ-NSHDSACASA-N	O60674	inhibitor	GI50		25	nM	cell	Anti-Proliferation assay using BIOSOURCE AlamarBlue Assay | 25 ± 1 nM				Chemical Probes Portal	AZ-960	az-960	https://www.chemicalprobes.org/
CDOOFZZILLRUQH-GDLZYMKVSA-N	Q06187	inhibitor			6	nM	biochemical	assayed at Invitrogen using the Z'-LYTE platform, Lanthascreen				Chemical Probes Portal	GDC-0834	gdc-0834	https://www.chemicalprobes.org/
CDOOFZZILLRUQH-GDLZYMKVSA-N	Q06187	inhibitor	EC50		60	nM	cell	cell based CD86 assay, whole blood inhibition of both anti-IgE stimulated CD63 expression and anti-IgD stimulated CD69 expression | 60 nM CD86				Chemical Probes Portal	GDC-0834	gdc-0834	https://www.chemicalprobes.org/
CDOOFZZILLRUQH-GDLZYMKVSA-N	Q06187	inhibitor	EC50		350	nM	cell	cell based CD86 assay, whole blood inhibition of both anti-IgE stimulated CD63 expression and anti-IgD stimulated CD69 expression | 350 nM CD63				Chemical Probes Portal	GDC-0834	gdc-0834	https://www.chemicalprobes.org/
CDOOFZZILLRUQH-GDLZYMKVSA-N	Q06187	inhibitor	EC50		380	nM	cell	cell based CD86 assay, whole blood inhibition of both anti-IgE stimulated CD63 expression and anti-IgD stimulated CD69 expression | 380 nM CD69				Chemical Probes Portal	GDC-0834	gdc-0834	https://www.chemicalprobes.org/
VMJFTOSOFDEKTM-UHFFFAOYSA-N	P08581	inhibitor			1	nM	biochemical	In Vitro Kinase Assays				Chemical Probes Portal	MK-8033	mk-8033	https://www.chemicalprobes.org/
VMJFTOSOFDEKTM-UHFFFAOYSA-N	P08581	inhibitor			3.2	nM	biochemical	BIAcore-based direct binding assay.				Chemical Probes Portal	MK-8033	mk-8033	https://www.chemicalprobes.org/
VMJFTOSOFDEKTM-UHFFFAOYSA-N	P08581	inhibitor	IC50		29	nM	cell	Inhibition MET/HGF-dependent cellular phenotypes				Chemical Probes Portal	MK-8033	mk-8033	https://www.chemicalprobes.org/
VMJFTOSOFDEKTM-UHFFFAOYSA-N	Q04912	inhibitor			7	nM	biochemical	In Vitro Kinase Assays				Chemical Probes Portal	MK-8033	mk-8033	https://www.chemicalprobes.org/
VMJFTOSOFDEKTM-UHFFFAOYSA-N	Q04912	inhibitor	IC50		580	nM	cell	Cell Proliferation Assay				Chemical Probes Portal	MK-8033	mk-8033	https://www.chemicalprobes.org/
WKIALOXOAZXGMG-UHFFFAOYSA-N	P08581	inhibitor			1	nM	biochemical	TR-FRET (WT MET)				Chemical Probes Portal	AMG-337	amg-337	https://www.chemicalprobes.org/
WKIALOXOAZXGMG-UHFFFAOYSA-N	P08581	inhibitor	IC50		5	nM	cell	Quantitative electrochemiluminescence immunoassay, CellTiter-Glo Luminescent Cell Viability Assay.				Chemical Probes Portal	AMG-337	amg-337	https://www.chemicalprobes.org/
XWQVQSXLXAXOPJ-QNGMFEMESA-N	P50750	inhibitor			0.514	nM	biochemical	Cdk9/CyclinT1 IMAP				Chemical Probes Portal	NVP-2	nvp-2	https://www.chemicalprobes.org/
XWQVQSXLXAXOPJ-QNGMFEMESA-N	P50750	inhibitor	IC50		9	nM	cell	Cell Apoptosis				Chemical Probes Portal	NVP-2	nvp-2	https://www.chemicalprobes.org/
XWQVQSXLXAXOPJ-QNGMFEMESA-N	P50750	inhibitor	IC50	>=	92	nM	cell	anti-proliferation of leukemia cells | 92-574 nM				Chemical Probes Portal	NVP-2	nvp-2	https://www.chemicalprobes.org/
KNLROUBMVYVLGX-UHFFFAOYSA-N	P52333	inhibitor			0.43	nM	biochemical	JAK3 in vitro kinase assay with JAK3 kinase domain (Invitrogen), 100 uM ATP, 30 minute pre-incubation and 30 minute incubation with substrate (JAK3Tide) + 32P ATP.				Chemical Probes Portal	JAK3i	jak3i	https://www.chemicalprobes.org/
KNLROUBMVYVLGX-UHFFFAOYSA-N	P52333	inhibitor	IC50		3.7	nM	cell	"IL-2-induced proliferation of CD4+ T-cell blasts from mouse. Briefly, CD4 T-cell blasts were stimulated with 50 units/mL of rhIL-2, incubated for 24 hours, and then proliferation was assessed by 24-hour tritiated thymidine uptake. 
Multiple assays downstream of IL-2 were performed with some variation in IC50: 47 nM for formation of pSTAT5 (FACS), 3.1 nM for upregulation of IL-2Ralpha (CD25) at 24-hours post-IL-2 stimulation, 6.8 nM for IFN-gamma production 24-hours post-IL-2 stimulation."				Chemical Probes Portal	JAK3i	jak3i	https://www.chemicalprobes.org/
AUWUGRCKTQSGJY-HHHXNRCGSA-N	Q03164	inhibitor			85	nM	binding	ITC. IC50 data were also reported (56 nM).				Chemical Probes Portal	MIV-6R	miv-6r	https://www.chemicalprobes.org/
AUWUGRCKTQSGJY-HHHXNRCGSA-N	Q03164	inhibitor	GI50		1.1	uM	cell	"In MLL-AF9 transformed BMCs, MIV-6 inhibited cell proliferation. Comparable data were obtained in human leukemia cell lines (MV4;11, MOLM-13).
In HEK293 cells, MIV-6 disrupted menin-MLL-AF9 interaction as assayed by co-immunoprecipitation (no quantification).
MIV-6 also decreased expression of gene downstream of MLL (HOXA9 and MEIS1)."				Chemical Probes Portal	MIV-6R	miv-6r	https://www.chemicalprobes.org/
IXZOHGPZAQLIBH-NRFANRHFSA-N	Q96SW2	modulator			60	nM	biochemical	TR-FRET cereblon binding assay				Chemical Probes Portal	DOI:10.1021/acs.jmedchem.6b01921	iberdomide	https://www.chemicalprobes.org/
IXZOHGPZAQLIBH-NRFANRHFSA-N	Q96SW2	modulator	IC50		10	nM	cell	Inhibition of anti-dsDNA and anti-phospholipid IgM autoantibody production				Chemical Probes Portal	DOI:10.1021/acs.jmedchem.6b01921	iberdomide	https://www.chemicalprobes.org/
IXZOHGPZAQLIBH-NRFANRHFSA-N	Q13422	molecular glue	EC50		1	nM	cell	Cell-Based Chemiluminescent Substrate Degradation Assays				Chemical Probes Portal	DOI:10.1021/acs.jmedchem.6b01921	iberdomide	https://www.chemicalprobes.org/
IXZOHGPZAQLIBH-NRFANRHFSA-N	Q13422	molecular glue	EC50		1.8	nM	cell	Protein level measured by microcapillary electrophoresis western blotting				Chemical Probes Portal	DOI:10.1021/acs.jmedchem.6b01921	iberdomide	https://www.chemicalprobes.org/
IXZOHGPZAQLIBH-NRFANRHFSA-N	Q13422	molecular glue	IC50		1	nM	cell	Protein level measured by microcapillary electrophoresis western blotting				Chemical Probes Portal	DOI:10.1021/acs.jmedchem.6b01921	iberdomide	https://www.chemicalprobes.org/
IXZOHGPZAQLIBH-NRFANRHFSA-N	Q13422	molecular glue	DC50		2.4		cell	IKZF1 HiBiT assay				Chemical Probes Portal	DOI:10.1021/acs.jmedchem.6b01921	iberdomide	https://www.chemicalprobes.org/
IXZOHGPZAQLIBH-NRFANRHFSA-N	Q9UKT9	molecular glue	EC50		0.5	nM	cell	Cell-Based Chemiluminescent Substrate Degradation Assays				Chemical Probes Portal	DOI:10.1021/acs.jmedchem.6b01921	iberdomide	https://www.chemicalprobes.org/
IXZOHGPZAQLIBH-NRFANRHFSA-N	Q9UKT9	molecular glue	IC50	<	1	nM	cell	Protein level measured by microcapillary electrophoresis western blotting				Chemical Probes Portal	DOI:10.1021/acs.jmedchem.6b01921	iberdomide	https://www.chemicalprobes.org/
IXZOHGPZAQLIBH-NRFANRHFSA-N	Q9UKT9	molecular glue	IC50	<	1	nM	cell	Protein level measured by microcapillary electrophoresis western blotting1				Chemical Probes Portal	DOI:10.1021/acs.jmedchem.6b01921	iberdomide	https://www.chemicalprobes.org/
GSGDUDAFETZSPM-IATAILRESA-N	P41182	molecular glue			2.2	nM	biochemical	TR-FRET				Chemical Probes Portal	DOI:10.1021/acs.jmedchem.1c02175	cct373566	https://www.chemicalprobes.org/
GSGDUDAFETZSPM-IATAILRESA-N	P41182	molecular glue	DC50		0.7	nM	cell	MSD degrader assay (Dmax 92%)				Chemical Probes Portal	DOI:10.1021/acs.jmedchem.1c02175	cct373566	https://www.chemicalprobes.org/
GSGDUDAFETZSPM-IATAILRESA-N	P41182	molecular glue	DC50		1	nM	cell	MSD degrader assay (Dmax 85%)				Chemical Probes Portal	DOI:10.1021/acs.jmedchem.1c02175	cct373566	https://www.chemicalprobes.org/
GSGDUDAFETZSPM-IATAILRESA-N	P41182	molecular glue	GI50	>=	1.4	nM	cell	Cell proliferation assay | 1.4 - 12.5 nM				Chemical Probes Portal	DOI:10.1021/acs.jmedchem.1c02175	cct373566	https://www.chemicalprobes.org/
BANRYGZZIMCKNA-OYGJEQPESA-N	P15170	molecular glue			67.5	nM	biochemical	FP competitive binding assay				Chemical Probes Portal	MG-277	mg-277	https://www.chemicalprobes.org/
BANRYGZZIMCKNA-OYGJEQPESA-N	P15170	molecular glue	DC50		1.3	nM	cell	Proteomic Analysis/Protein Profiling, Cell Growth inhibition (cell lines used: RSA;11 (R), MOLM-13 (MO) MV411 (MV)) | 1.3 (R)				Chemical Probes Portal	MG-277	mg-277	https://www.chemicalprobes.org/
BANRYGZZIMCKNA-OYGJEQPESA-N	P15170	molecular glue	DC50		24.6	nM	cell	Proteomic Analysis/Protein Profiling, Cell Growth inhibition (cell lines used: RSA;11 (R), MOLM-13 (MO) MV411 (MV)) | 24.6 (MO)				Chemical Probes Portal	MG-277	mg-277	https://www.chemicalprobes.org/
BANRYGZZIMCKNA-OYGJEQPESA-N	P15170	molecular glue	DC50		7.9	nM	cell	Proteomic Analysis/Protein Profiling, Cell Growth inhibition (cell lines used: RSA;11 (R), MOLM-13 (MO) MV411 (MV)) | 7.9 (MV) nM				Chemical Probes Portal	MG-277	mg-277	https://www.chemicalprobes.org/
PWBHUSLMHZLGRN-UHFFFAOYSA-N	P15170	molecular glue					biochemical					Chemical Probes Portal	CC-90009	cc-90009	https://www.chemicalprobes.org/
PWBHUSLMHZLGRN-UHFFFAOYSA-N	P15170	molecular glue	DC50		9	nM	cell	ePL Degradation Assay (ePL tagged GSPT1)				Chemical Probes Portal	CC-90009	cc-90009	https://www.chemicalprobes.org/
PWBHUSLMHZLGRN-UHFFFAOYSA-N	P15170	molecular glue	Dmax		88	%	cell	ePL Degradation Assay (ePL tagged GSPT1)				Chemical Probes Portal	CC-90009	cc-90009	https://www.chemicalprobes.org/
PWBHUSLMHZLGRN-UHFFFAOYSA-N	P15170	molecular glue			200	nM	cell	Western Blot				Chemical Probes Portal	CC-90009	cc-90009	https://www.chemicalprobes.org/
WCPTUQOMNJBIET-CALCHBBNSA-N	O95271	inhibitor			3	nM	binding	Scintillation Proximity Assay (SPA): The assay was designed to measure compound inhibition of Tankyrase-1 autoPARsylation (Tankyrase-1 was both enzyme and substrate in this assay).				Chemical Probes Portal	AZ6102	az6102	https://www.chemicalprobes.org/
WCPTUQOMNJBIET-CALCHBBNSA-N	O95271	inhibitor			100	nM	biochemical	In vitro ADP ribosylation assays				Chemical Probes Portal	AZ6102	az6102	https://www.chemicalprobes.org/
WCPTUQOMNJBIET-CALCHBBNSA-N	O95271	inhibitor	IC50		0.005	uM	cell	Inhibition of the Wnt pathway as demonstrated in a TCF TOPflash reporter assay in DLD-1 cells.				Chemical Probes Portal	AZ6102	az6102	https://www.chemicalprobes.org/
WCPTUQOMNJBIET-CALCHBBNSA-N	Q9H2K2	inhibitor			1	nM	binding	Scintillation Proximity Assay (SPA): The assay was designed to measure compound inhibition of Tankyrase-1 autoPARsylation (Tankyrase-1 was both enzyme and substrate in this assay).				Chemical Probes Portal	AZ6102	az6102	https://www.chemicalprobes.org/
WCPTUQOMNJBIET-CALCHBBNSA-N	Q9H2K2	inhibitor			0.6	nM	biochemical	In vitro ADP ribosylation assays				Chemical Probes Portal	AZ6102	az6102	https://www.chemicalprobes.org/
WCPTUQOMNJBIET-CALCHBBNSA-N	Q9H2K2	inhibitor	IC50		0.005	uM	cell	Inhibition of the Wnt pathway as demonstrated in a TCF TOPflash reporter assay in DLD-1 cells.				Chemical Probes Portal	AZ6102	az6102	https://www.chemicalprobes.org/
NWGMIELHSCQGOG-ZDUSSCGKSA-N	P09874	inhibitor		<	30	nM	biochemical	All PARP enzyme assays were done by following the BPS PARP assay kit protocols.				Chemical Probes Portal	AZ0108	az0108	https://www.chemicalprobes.org/
NWGMIELHSCQGOG-ZDUSSCGKSA-N	P09874	inhibitor	EC50		53	nM	cell	"EC50s were measured in a high-content phenotypic assay that was also used to screen for small molecules that block centrosome clustering and cause a multi-polar spindle phenotype.
This cell-based centrosome declustering assay begins with treatment of HeLa cells with increasing concentrations of compound. After 24 h, the cells are fixed and then the mitotic cells are identified
by treatment with a cyclin B antibody. Next, the cells are treated with an antibody towards pericentrin to label the centrosomes. After that, an automated process generates an overlay of the two
images and analyzes it to calculate the number of centrosomes observed in each mitotic cell. Mitotic cells with greater than four centrosomes are then assumed to have a multi-polar spindle phenotype Finally, a declustering EC50 is calculated from a doseresponse
curve generated from a plot of the percentage of mitotic cells with a multi-polar spindle phenotype at eight concentrations ranging from 3 nM to 10 uM."				Chemical Probes Portal	AZ0108	az0108	https://www.chemicalprobes.org/
NWGMIELHSCQGOG-ZDUSSCGKSA-N	Q9UGN5	inhibitor		<	30	nM	biochemical	All PARP enzyme assays were done by following the BPS PARP assay kit protocols.				Chemical Probes Portal	AZ0108	az0108	https://www.chemicalprobes.org/
NWGMIELHSCQGOG-ZDUSSCGKSA-N	Q9UGN5	inhibitor	EC50		53	nM	cell	"EC50s were measured in a high-content phenotypic assay that was also used to screen for small molecules that block centrosome clustering and cause a multi-polar spindle phenotype.
This cell-based centrosome declustering assay begins with treatment of HeLa cells with increasing concentrations of compound. After 24 h, the cells are fixed and then the mitotic cells are identified
by treatment with a cyclin B antibody. Next, the cells are treated with an antibody towards pericentrin to label the centrosomes. After that, an automated process generates an overlay of the two
images and analyzes it to calculate the number of centrosomes observed in each mitotic cell. Mitotic cells with greater than four centrosomes are then assumed to have a multi-polar spindle phenotype Finally, a declustering EC50 is calculated from a doseresponse
curve generated from a plot of the percentage of mitotic cells with a multi-polar spindle phenotype at eight concentrations ranging from 3 nM to 10 uM."				Chemical Probes Portal	AZ0108	az0108	https://www.chemicalprobes.org/
NWGMIELHSCQGOG-ZDUSSCGKSA-N	Q2NL67	inhibitor			83	nM	biochemical	All PARP enzyme assays were done by following the BPS PARP assay kit protocols.				Chemical Probes Portal	AZ0108	az0108	https://www.chemicalprobes.org/
NWGMIELHSCQGOG-ZDUSSCGKSA-N	Q2NL67	inhibitor	EC50		53	nM	cell	"EC50s were measured in a high-content phenotypic assay that was also used to screen for small molecules that block centrosome clustering and cause a multi-polar spindle phenotype.
This cell-based centrosome declustering assay begins with treatment of HeLa cells with increasing concentrations of compound. After 24 h, the cells are fixed and then the mitotic cells are identified
by treatment with a cyclin B antibody. Next, the cells are treated with an antibody towards pericentrin to label the centrosomes. After that, an automated process generates an overlay of the two
images and analyzes it to calculate the number of centrosomes observed in each mitotic cell. Mitotic cells with greater than four centrosomes are then assumed to have a multi-polar spindle phenotype Finally, a declustering EC50 is calculated from a doseresponse
curve generated from a plot of the percentage of mitotic cells with a multi-polar spindle phenotype at eight concentrations ranging from 3 nM to 10 uM."				Chemical Probes Portal	AZ0108	az0108	https://www.chemicalprobes.org/
FMTVWAGUJRUAKE-UHFFFAOYSA-N	Q99873	inhibitor			11	nM	binding	Potency was quantified in several in vitro assays including scintillation proximity assay and ITC.				Chemical Probes Portal	MS023	ms023	https://www.chemicalprobes.org/
FMTVWAGUJRUAKE-UHFFFAOYSA-N	Q99873	inhibitor	IC50		9	nM	cell	Methylation of PRMT1 protein substrate in MCF7 cells, and methylation of PRMT6 protein substrate in PRMT6-overexpressing HEK293 cells.				Chemical Probes Portal	MS023	ms023	https://www.chemicalprobes.org/
FMTVWAGUJRUAKE-UHFFFAOYSA-N	Q96LA8	inhibitor			0.8	nM	binding	Potency was quantified in several in vitro assays including scintillation proximity assay and ITC.				Chemical Probes Portal	MS023	ms023	https://www.chemicalprobes.org/
FMTVWAGUJRUAKE-UHFFFAOYSA-N	Q96LA8	inhibitor	IC50		56	nM	cell	Methylation of PRMT1 protein substrate in MCF7 cells, and methylation of PRMT6 protein substrate in PRMT6-overexpressing HEK293 cells.				Chemical Probes Portal	MS023	ms023	https://www.chemicalprobes.org/
FMTVWAGUJRUAKE-UHFFFAOYSA-N	Q86X55	inhibitor			23	nM	binding	Potency was quantified in several in vitro assays including scintillation proximity assay and ITC.				Chemical Probes Portal	MS023	ms023	https://www.chemicalprobes.org/
FMTVWAGUJRUAKE-UHFFFAOYSA-N	Q9NR22	inhibitor			1.3	nM	binding	Potency was quantified in several in vitro assays including scintillation proximity assay and ITC.				Chemical Probes Portal	MS023	ms023	https://www.chemicalprobes.org/
FMTVWAGUJRUAKE-UHFFFAOYSA-N	O60678	inhibitor			55	nM	binding	Potency was quantified in several in vitro assays including scintillation proximity assay and ITC.				Chemical Probes Portal	MS023	ms023	https://www.chemicalprobes.org/
OHRURASPPZQGQM-GCCNXGTGSA-N	Q13547	inhibitor			36	nM	biochemical	HDAC-inhibitory activity was evaluated by using HDACs prepared from 293T cells				Chemical Probes Portal	Romidepsin	romidepsin	https://www.chemicalprobes.org/
OHRURASPPZQGQM-GCCNXGTGSA-N	Q13547	inhibitor			0.015		biochemical	In biochemical enzyme assays with synthetic substrates, FK-228 potently and selectively inhibited class I HDACs				Chemical Probes Portal	Romidepsin	romidepsin	https://www.chemicalprobes.org/
OHRURASPPZQGQM-GCCNXGTGSA-N	Q13547	inhibitor	IC50	>=	0.038	nM	cell	"In M-8 and HeLa cells, histone acetylation increased upon treatment with FK-228.
Inhibition of cell viability in Hut-78 and Karpas-266 cell lines. | 0.038 - 6.36 nM"				Chemical Probes Portal	Romidepsin	romidepsin	https://www.chemicalprobes.org/
OHRURASPPZQGQM-GCCNXGTGSA-N	Q92769	inhibitor			47	nM	biochemical	HDAC-inhibitory activity was evaluated by using HDACs prepared from 293T cells				Chemical Probes Portal	Romidepsin	romidepsin	https://www.chemicalprobes.org/
OHRURASPPZQGQM-GCCNXGTGSA-N	Q92769	inhibitor			0.038	nM	biochemical	In biochemical enzyme assays with synthetic substrates, FK-228 potently and selectively inhibited class I HDACs				Chemical Probes Portal	Romidepsin	romidepsin	https://www.chemicalprobes.org/
OHRURASPPZQGQM-GCCNXGTGSA-N	Q92769	inhibitor	IC50	>=	0.038	nM	cell	"In M-8 and HeLa cells, histone acetylation increased upon treatment with FK-228.
Inhibition of cell viability in Hut-78 and Karpas-266 cell lines. | 0.038 - 6.36 nM"				Chemical Probes Portal	Romidepsin	romidepsin	https://www.chemicalprobes.org/
OHRURASPPZQGQM-GCCNXGTGSA-N	O15379	inhibitor			0.15	nM	biochemical	In biochemical enzyme assays with synthetic substrates, FK-228 potently and selectively inhibited class I HDACs				Chemical Probes Portal	Romidepsin	romidepsin	https://www.chemicalprobes.org/
OHRURASPPZQGQM-GCCNXGTGSA-N	O15379	inhibitor	IC50	>=	0.038	nM	cell	"In M-8 and HeLa cells, histone acetylation increased upon treatment with FK-228.
Inhibition of cell viability in Hut-78 and Karpas-266 cell lines. | 0.038 - 6.36 nM"				Chemical Probes Portal	Romidepsin	romidepsin	https://www.chemicalprobes.org/
OHRURASPPZQGQM-GCCNXGTGSA-N	Q9BY41	inhibitor			0.15	nM	biochemical	In biochemical enzyme assays with synthetic substrates, FK-228 potently and selectively inhibited class I HDACs				Chemical Probes Portal	Romidepsin	romidepsin	https://www.chemicalprobes.org/
OHRURASPPZQGQM-GCCNXGTGSA-N	Q9BY41	inhibitor	IC50	>=	0.038	nM	cell	"In M-8 and HeLa cells, histone acetylation increased upon treatment with FK-228.
Inhibition of cell viability in Hut-78 and Karpas-266 cell lines. | 0.038 - 6.36 nM"				Chemical Probes Portal	Romidepsin	romidepsin	https://www.chemicalprobes.org/
OHRDCQFCAWLDBP-SBUREZEXSA-N	P41146	antagonist			0.33	nM	binding	Competitive radioligand binding assays using membranes prepared from clonal cell lines | 0.33 ± 0.03 nM				Chemical Probes Portal	SB-612111	sb-612111	https://www.chemicalprobes.org/
OHRDCQFCAWLDBP-SBUREZEXSA-N	P41146	antagonist	EC50		0.05	nM	cell	Antagonism of inhibition by nociceptin of forskolin-stimulated cAMP formation in whole CHOhNOP cells. CRE-luciferase-gene reporter assay.				Chemical Probes Portal	SB-612111	sb-612111	https://www.chemicalprobes.org/
KKFFOOWORPUAJB-NVXWUHKLSA-N	Q07889	inhibitor			8.4	nM	biochemical	TR-FRET using recombinant proteins				Chemical Probes Portal	DOI:10.1021/acs.jmedchem.2c01517	sos1-in-15	https://www.chemicalprobes.org/
KKFFOOWORPUAJB-NVXWUHKLSA-N	Q07889	inhibitor	IC50		178	nM	cell	Anti-proliferation activity | 178 ± 42 nM				Chemical Probes Portal	DOI:10.1021/acs.jmedchem.2c01517	sos1-in-15	https://www.chemicalprobes.org/
KKFFOOWORPUAJB-NVXWUHKLSA-N	Q07889	inhibitor	IC50		5	nM	cell	Phosphorylation of extracellular regulated protein kinases (ERK)				Chemical Probes Portal	DOI:10.1021/acs.jmedchem.2c01517	sos1-in-15	https://www.chemicalprobes.org/
XCGYXEVLQIIEJH-UHFFFAOYSA-N	P41182	inhibitor		<=	3	nM	biochemical	BCL6::BCOR ULight TR-FRET assay.				Chemical Probes Portal	BI-3812	bi-3812	https://www.chemicalprobes.org/
XCGYXEVLQIIEJH-UHFFFAOYSA-N	P41182	inhibitor	IC50		40	nM	cell	BCL6::NCOR LUMIER in cells				Chemical Probes Portal	BI-3812	bi-3812	https://www.chemicalprobes.org/
BNTAEJNPQLMGDJ-LLVKDONJSA-N	P50579	inhibitor			5	nM	biochemical	Biochemical Activity in presence of Mn				Chemical Probes Portal	TP-004	tp-004	https://www.chemicalprobes.org/
BNTAEJNPQLMGDJ-LLVKDONJSA-N	P50579	inhibitor			31	nM	biochemical	Biochemical activity in presence of Co				Chemical Probes Portal	TP-004	tp-004	https://www.chemicalprobes.org/
BNTAEJNPQLMGDJ-LLVKDONJSA-N	P50579	inhibitor	EC50		15	nM	cell	Accumulation of NMet14-3-3 in HUVEC cells				Chemical Probes Portal	TP-004	tp-004	https://www.chemicalprobes.org/
PFPSFENQCNMITC-MRXNPFEDSA-N	Q15910	inhibitor			0.07	nM	biochemical	PRC2 enzyme inhibition assay using EZH2 wild-type				Chemical Probes Portal	CPI-360	cpi-360	https://www.chemicalprobes.org/
PFPSFENQCNMITC-MRXNPFEDSA-N	Q15910	inhibitor			2.5	nM	biochemical	PRC2 enzyme inhibition assay using EZH2 Y641N				Chemical Probes Portal	CPI-360	cpi-360	https://www.chemicalprobes.org/
PFPSFENQCNMITC-MRXNPFEDSA-N	Q15910	inhibitor	EC50		56	nM	cell	ELISA-based detection of protein substrate (H3K27) methylation, CETSA, and NanoBRET assay.				Chemical Probes Portal	CPI-360	cpi-360	https://www.chemicalprobes.org/
WXRGFPHDRFQODR-ICLZECGLSA-N	Q8TEK3	inhibitor			0.4	nM	biochemical	DOT1L enzyme activity assay with PRC2				Chemical Probes Portal	EPZ004777	epz004777	https://www.chemicalprobes.org/
WXRGFPHDRFQODR-ICLZECGLSA-N	Q8TEK3	inhibitor	IC50		700	nM	cell	"A dose-dependent decrease in the expression of HOXA9 and MEIS1 transcripts.
In MOLM-13, MLL-AF9, MV4-11, MLL-AF4, and Jurkat cells, EPZ004777 dose-dependently decreased DOT1L substrate methylation (H3K79) over 4-5 days as assessed by immunoblot."				Chemical Probes Portal	EPZ004777	epz004777	https://www.chemicalprobes.org/
ULNXAWLQFZMIHX-UHFFFAOYSA-N	Q15910	inhibitor			1.2	nM	biochemical	Ki app for SAM binding				Chemical Probes Portal	GSK343	gsk343	https://www.chemicalprobes.org/
ULNXAWLQFZMIHX-UHFFFAOYSA-N	Q15910	inhibitor	IC50		174	nM	cell	in-cell protein substrate methylation assay				Chemical Probes Portal	GSK343	gsk343	https://www.chemicalprobes.org/
PFHDWRIVDDIFRP-UHFFFAOYSA-N	Q15910	inhibitor			13	nM	biochemical					Chemical Probes Portal	EI1	ei1	https://www.chemicalprobes.org/
PFHDWRIVDDIFRP-UHFFFAOYSA-N	Q15910	inhibitor			15	nM	biochemical	PRC2 enzyme inhibition assays against wild-type EZH2				Chemical Probes Portal	EI1	ei1	https://www.chemicalprobes.org/
PFHDWRIVDDIFRP-UHFFFAOYSA-N	Q15910	inhibitor			13	nM	biochemical	PRC2 enzyme inhibition assays against Y641F EZH2.				Chemical Probes Portal	EI1	ei1	https://www.chemicalprobes.org/
PFHDWRIVDDIFRP-UHFFFAOYSA-N	Q15910	inhibitor					cell	In G401, WSU-DLCL2, and GA10 cells, EI1 dose-dependently decreased H3K27 methylation (substrate). In mouse embryonic fibroblasts, EI1 phenocopied genetic depletion of Ezh2.				Chemical Probes Portal	EI1	ei1	https://www.chemicalprobes.org/
NSQSAUGJQHDYNO-UHFFFAOYSA-N	Q15910	inhibitor			2.5	nM	biochemical	PRC2-containing enzyme assay. The Ki was comparable for wild-type enzyme and for the following mutants: A677G, A687V, Y641F, Y641H, Y641N, and Y641S.				Chemical Probes Portal	EPZ-6438	epz-6438	https://www.chemicalprobes.org/
NSQSAUGJQHDYNO-UHFFFAOYSA-N	Q15910	inhibitor	IC50	>=	1.4	nM	cell	Dose-dependent decrease in substrate (H3K27) methylation in multiple cell types and against multiple EZH2 mutants. | 1.4-5.6 nM				Chemical Probes Portal	EPZ-6438	epz-6438	https://www.chemicalprobes.org/
CACMCLIHCDTJHL-IDTAVKCVSA-N	O14744	inhibitor			5900	nM	biochemical	Enzyme inhibition assay-SPA				Chemical Probes Portal	DS-437	ds-437	https://www.chemicalprobes.org/
CACMCLIHCDTJHL-IDTAVKCVSA-N	O14744	inhibitor			25000	nM	binding	In SPR binding assays with H4 peptide (PRMT5-Mep50)				Chemical Probes Portal	DS-437	ds-437	https://www.chemicalprobes.org/
CACMCLIHCDTJHL-IDTAVKCVSA-N	O14744	inhibitor	IC50		1000	nM	cell	In MB-MDA231 cells, DS-437 inhibited protein substrate methylation (SmD and SmB proteins).				Chemical Probes Portal	DS-437	ds-437	https://www.chemicalprobes.org/
CACMCLIHCDTJHL-IDTAVKCVSA-N	Q9NVM4	inhibitor			6000	nM	biochemical	Enzyme inhibition assay-SPA				Chemical Probes Portal	DS-437	ds-437	https://www.chemicalprobes.org/
CACMCLIHCDTJHL-IDTAVKCVSA-N	Q9NVM4	inhibitor			37000	nM	binding	In SPR binding assays with H2B peptide (PRMT7)				Chemical Probes Portal	DS-437	ds-437	https://www.chemicalprobes.org/
CACMCLIHCDTJHL-IDTAVKCVSA-N	Q9NVM4	inhibitor	IC50		8000	nM	cell	In MB-MDA231 cells, DS-437 inhibited protein substrate methylation (SmD and SmB proteins).				Chemical Probes Portal	DS-437	ds-437	https://www.chemicalprobes.org/
XGVXKJKTISMIOW-ZDUSSCGKSA-N	O00311	inhibitor		<	0.3	nM	biochemical	Biochemical assay				Chemical Probes Portal	DOI:10.1126/sciadv.aav3660	simurosertib	https://www.chemicalprobes.org/
XGVXKJKTISMIOW-ZDUSSCGKSA-N	O00311	inhibitor			0.42	nM	binding	SPR				Chemical Probes Portal	DOI:10.1126/sciadv.aav3660	simurosertib	https://www.chemicalprobes.org/
XGVXKJKTISMIOW-ZDUSSCGKSA-N	O00311	inhibitor	IC50	~	50	nM	cell	Phosphorylation of MCM2 at Ser40 after treatment with the compound for 4 h.				Chemical Probes Portal	DOI:10.1126/sciadv.aav3660	simurosertib	https://www.chemicalprobes.org/
XGVXKJKTISMIOW-ZDUSSCGKSA-N	O00311	inhibitor	GI50		85	nM	cell	Cell viability assay				Chemical Probes Portal	DOI:10.1126/sciadv.aav3660	simurosertib	https://www.chemicalprobes.org/
XGVXKJKTISMIOW-ZDUSSCGKSA-N	O00311	inhibitor	activity		300	nM	cell	S phase progression using time-course, fluorescence-activated cell sorting (FACS) analysis after treatment for 9 h				Chemical Probes Portal	DOI:10.1126/sciadv.aav3660	simurosertib	https://www.chemicalprobes.org/
LQTWDAYNGMMHLV-UHFFFAOYSA-N	Q15910	inhibitor			11	nM	binding	Radiometric Scintillation Proximity Assay (SPA)				Chemical Probes Portal	JQEZ5	jqez5	https://www.chemicalprobes.org/
LQTWDAYNGMMHLV-UHFFFAOYSA-N	Q15910	inhibitor			87	nM	binding	Biacore (SPR)				Chemical Probes Portal	JQEZ5	jqez5	https://www.chemicalprobes.org/
LQTWDAYNGMMHLV-UHFFFAOYSA-N	Q15910	inhibitor	IC50		2500	nM	cell	Antiproliferation against lung cancer cells, and western blot assessing H3K27Me3 level with compound treatment				Chemical Probes Portal	JQEZ5	jqez5	https://www.chemicalprobes.org/
HPODOLXTMDHLLC-QGZVFWFLSA-N	Q15910	inhibitor			2	nM	binding	Scintillation proximity assay				Chemical Probes Portal	CPI-1205	cpi-1205	https://www.chemicalprobes.org/
HPODOLXTMDHLLC-QGZVFWFLSA-N	Q15910	inhibitor	EC50		32	nM	cell	In HeLa cells, CPI-1205 inhibited H3K27me3 levels.				Chemical Probes Portal	CPI-1205	cpi-1205	https://www.chemicalprobes.org/
PTPNCCWOTBBVJR-UHFFFAOYSA-N	O14842	antagonist	IC50		1	uM	cell	intracellular Ca2+ release, GPR40 reporter assay, MIN6 insulin secretion assay				Chemical Probes Portal	GW1100	gw1100	https://www.chemicalprobes.org/
ATFQBBCQZKVZJN-QMMMGPOBSA-N	Q06495	inhibitor			350	nM	biochemical	Displacement of tritiated compound 6b from NaPi2a Membranes				Chemical Probes Portal	PF-06869206	pf-06869206	https://www.chemicalprobes.org/
ATFQBBCQZKVZJN-QMMMGPOBSA-N	Q06495	inhibitor	IC50		1400	nM	cell	Dose dependent inhibition of NaPi2a in OK cells				Chemical Probes Portal	PF-06869206	pf-06869206	https://www.chemicalprobes.org/
QLPHOXTXAKOFMU-WBVHZDCISA-N	O15530	inhibitor			2.5	nM	biochemical	Biochemical assay				Chemical Probes Portal	GSK2334470	gsk2334470	https://www.chemicalprobes.org/
QLPHOXTXAKOFMU-WBVHZDCISA-N	O15530	inhibitor	IC50		113	nM	cell	Inhibition of phosphorylation of a protein substrate in PC3 cells				Chemical Probes Portal	GSK2334470	gsk2334470	https://www.chemicalprobes.org/
XKQLNDPUQSZBJW-QGHHPUGFSA-N	Q9UDY8	inhibitor			5	nM	biochemical	MALT1 peptide cleavage inhibition				Chemical Probes Portal	MLT-748	mlt-748	https://www.chemicalprobes.org/
XKQLNDPUQSZBJW-QGHHPUGFSA-N	Q9UDY8	inhibitor			42	nM	binding	SPR for WT				Chemical Probes Portal	MLT-748	mlt-748	https://www.chemicalprobes.org/
XKQLNDPUQSZBJW-QGHHPUGFSA-N	Q9UDY8	inhibitor			13	nM	binding	SPR for mutant W580S				Chemical Probes Portal	MLT-748	mlt-748	https://www.chemicalprobes.org/
XKQLNDPUQSZBJW-QGHHPUGFSA-N	Q9UDY8	inhibitor	EC50		69	nM	cell	MALT1 Cleavage inhibition of BCL10, Immunoblotting densitometry				Chemical Probes Portal	MLT-748	mlt-748	https://www.chemicalprobes.org/
VOVZXURTCKPRDQ-CQSZACIVSA-N	P00519	inhibitor		>=	0.5	nM	binding	ITC, conformational NMR assay | 0.5-0.8 nM				Chemical Probes Portal	Asciminib	asciminib	https://www.chemicalprobes.org/
VOVZXURTCKPRDQ-CQSZACIVSA-N	P00519	inhibitor	IC50		0.25	nM	cell	Antiproliferative assay in Ba/F3 cells grown without IL-3				Chemical Probes Portal	Asciminib	asciminib	https://www.chemicalprobes.org/
YHMDHAMZFMNMTF-MSOLQXFVSA-N	O75417	inhibitor			7.9	nM	biochemical	Primer extension assay				Chemical Probes Portal	DOI:10.1038/s41467-021-23463-8	art558	https://www.chemicalprobes.org/
YHMDHAMZFMNMTF-MSOLQXFVSA-N	O75417	inhibitor		>=	3.37	nM	biochemical	Primer extension assay: dNTPs non-competitive and DNA uncompetitive inhibition | 3.37 - 4.65 nM				Chemical Probes Portal	DOI:10.1038/s41467-021-23463-8	art558	https://www.chemicalprobes.org/
YHMDHAMZFMNMTF-MSOLQXFVSA-N	O75417	inhibitor			10	uM	binding	DSF assay: DNA-dependent thermal stabilisation of Polθ				Chemical Probes Portal	DOI:10.1038/s41467-021-23463-8	art558	https://www.chemicalprobes.org/
YHMDHAMZFMNMTF-MSOLQXFVSA-N	O75417	inhibitor	activity		3000	nM	cell					Chemical Probes Portal	DOI:10.1038/s41467-021-23463-8	art558	https://www.chemicalprobes.org/
YHMDHAMZFMNMTF-MSOLQXFVSA-N	O75417	inhibitor	activity		135	nM	cell	Theta-mediated end joining (TMEJ) reporter assay				Chemical Probes Portal	DOI:10.1038/s41467-021-23463-8	art558	https://www.chemicalprobes.org/
IIQUYGWWHIHOCF-UHFFFAOYSA-N	P00519	inhibitor			0.22	nM	biochemical	pyruvate kinase-lactate dehydrogenase based ABL kinase assay				Chemical Probes Portal	GNF-5	gnf-5	https://www.chemicalprobes.org/
IIQUYGWWHIHOCF-UHFFFAOYSA-N	P00519	inhibitor	IC50		0.22	uM	cell	Inhibition of auto-phosphorylation in Ba/F3 cells				Chemical Probes Portal	GNF-5	gnf-5	https://www.chemicalprobes.org/
OINGHOPGNMYCAB-INIZCTEOSA-N	Q13153	inhibitor			5	nM	biochemical	Caliper IC50 assay. IC50 values were derived from % inhibition values at different compound concentrations by non-linear regression analysis.				Chemical Probes Portal	NVS-PAK1-1	nvs-pak1-1	https://www.chemicalprobes.org/
OINGHOPGNMYCAB-INIZCTEOSA-N	Q13153	inhibitor			7	nM	biochemical	DiscoverX				Chemical Probes Portal	NVS-PAK1-1	nvs-pak1-1	https://www.chemicalprobes.org/
OINGHOPGNMYCAB-INIZCTEOSA-N	Q13153	inhibitor	IC50		200	nM	cell	In the pancreatic cell line Su86.86, NVS-PAK1-1 dose-dependently inhibited PAK1/PAK2 signalling. There is no cellular assay presently available that can distinguish inhibitors of PAK1 and PAK2. Inhibition of the shared downstream substrate (MEK1 Ser289) was evident between 6 and 20 uM, but this number reflects inhibition of both enzymes and NVS-PAK1-1 is highly selective for PAK1. A combination of NVS-PAK1-1 and shRNA targeting PAK2 revealed inhibition of substrate phosphorylation at 0.2 uM NVS-PAK1-1.				Chemical Probes Portal	NVS-PAK1-1	nvs-pak1-1	https://www.chemicalprobes.org/
JBGYKRAZYDNCNV-UHFFFAOYSA-N	P31751	inhibitor	IC50		0.9	nM	cell	Reduced the basal levels of AKT phosphorylation in KPL‐4 cells specific at T308 and S473, Block signalling pathway | 0.9 nM (T308)				Chemical Probes Portal	BAY1125976	bay1125976	https://www.chemicalprobes.org/
JBGYKRAZYDNCNV-UHFFFAOYSA-N	P31751	inhibitor	IC50		1.1	nM	cell	Reduced the basal levels of AKT phosphorylation in KPL‐4 cells specific at T308 and S473, Block signalling pathway | 1.1 nM (S473)				Chemical Probes Portal	BAY1125976	bay1125976	https://www.chemicalprobes.org/
JBGYKRAZYDNCNV-UHFFFAOYSA-N	P31749	inhibitor			2.7	nM	binding	SPR | 2.7 (active)				Chemical Probes Portal	BAY1125976	bay1125976	https://www.chemicalprobes.org/
JBGYKRAZYDNCNV-UHFFFAOYSA-N	P31749	inhibitor			1.3	nM	binding	SPR | 1.3 (inactive) nM				Chemical Probes Portal	BAY1125976	bay1125976	https://www.chemicalprobes.org/
JBGYKRAZYDNCNV-UHFFFAOYSA-N	P31749	inhibitor	IC50		0.9	nM	cell	Reduced the basal levels of AKT phosphorylation in KPL‐4 cells specific at T308 and S473, Block signalling pathway | 0.9 nM (T308)				Chemical Probes Portal	BAY1125976	bay1125976	https://www.chemicalprobes.org/
JBGYKRAZYDNCNV-UHFFFAOYSA-N	P31749	inhibitor	IC50		1.1	nM	cell	Reduced the basal levels of AKT phosphorylation in KPL‐4 cells specific at T308 and S473, Block signalling pathway | 1.1 nM (S473)				Chemical Probes Portal	BAY1125976	bay1125976	https://www.chemicalprobes.org/
DMIDPTCQPIJYFE-UHFFFAOYSA-N	O60678	inhibitor			53	nM	binding	ITC				Chemical Probes Portal	SGC707	sgc707	https://www.chemicalprobes.org/
DMIDPTCQPIJYFE-UHFFFAOYSA-N	O60678	inhibitor			85	nM	binding	SPR				Chemical Probes Portal	SGC707	sgc707	https://www.chemicalprobes.org/
DMIDPTCQPIJYFE-UHFFFAOYSA-N	O60678	inhibitor			31	nM	binding	Scintillation proximity assay				Chemical Probes Portal	SGC707	sgc707	https://www.chemicalprobes.org/
DMIDPTCQPIJYFE-UHFFFAOYSA-N	O60678	inhibitor			66	nM	biochemical	LC-MS detection assay under balanced conditions.				Chemical Probes Portal	SGC707	sgc707	https://www.chemicalprobes.org/
DMIDPTCQPIJYFE-UHFFFAOYSA-N	O60678	inhibitor	EC50		1300	nM	cell	In CELL Hunter Assay in HEK293 cells, and IC50 = 225 nM in a cellular protein substrate methylation assay.				Chemical Probes Portal	SGC707	sgc707	https://www.chemicalprobes.org/
HSVRUECLQUGTDS-UHFFFAOYSA-N	P31153	inhibitor			14	nM	biochemical	Enzymatic MAT2A inhibition assay				Chemical Probes Portal	AG-270	ag-270	https://www.chemicalprobes.org/
HSVRUECLQUGTDS-UHFFFAOYSA-N	P31153	inhibitor			91	%	biochemical	Enzymatic MAT2A inhibition assay				Chemical Probes Portal	AG-270	ag-270	https://www.chemicalprobes.org/
HSVRUECLQUGTDS-UHFFFAOYSA-N	P31153	inhibitor	IC50		20	nM	cell	72 h Cell MTAP-null SAM assay				Chemical Probes Portal	AG-270	ag-270	https://www.chemicalprobes.org/
HSVRUECLQUGTDS-UHFFFAOYSA-N	P31153	inhibitor	IC50		257	nM	cell	MTAP-null cell proliferation				Chemical Probes Portal	AG-270	ag-270	https://www.chemicalprobes.org/
VUIRVWPJNKZOSS-UHFFFAOYSA-N	O94782	inhibitor			76	nM	biochemical	"USP1/UAF1 activity was monitored in a fluorometric ubiquitin−rhodamine110 assay.
ML323 also showed IC50s of 174 nM and 820 nM in orthogonal gel-based assays using K63-linked diubiquitin (di-Ub) and monoubiquitinated PCNA (Ub-PCNA) as substrates, respectively."				Chemical Probes Portal	ML323	ml323	https://www.chemicalprobes.org/
VUIRVWPJNKZOSS-UHFFFAOYSA-N	O94782	inhibitor					cell	Activity-based profiling with hemagglutinin (HA)-tagged ubiquitin vinyl methyl ester (HA-Ub-VME) in HEK293T cells revealed that ML323 could selectively and dose-dependently inhibit the labeling of USP1. ML323 also increased mUb of PCNA and FANCD2 in H596 cells, recapitulating results obtained with shRNA targeting USP1.				Chemical Probes Portal	ML323	ml323	https://www.chemicalprobes.org/
VUIRVWPJNKZOSS-UHFFFAOYSA-N	Q8TAF3	inhibitor			76	nM	biochemical	"USP1/UAF1 activity was monitored in a fluorometric ubiquitin−rhodamine110 assay.
ML323 also showed IC50s of 174 nM and 820 nM in orthogonal gel-based assays using K63-linked diubiquitin (di-Ub) and monoubiquitinated PCNA (Ub-PCNA) as substrates, respectively."				Chemical Probes Portal	ML323	ml323	https://www.chemicalprobes.org/
VUIRVWPJNKZOSS-UHFFFAOYSA-N	Q8TAF3	inhibitor					cell	Activity-based profiling with hemagglutinin (HA)-tagged ubiquitin vinyl methyl ester (HA-Ub-VME) in HEK293T cells revealed that ML323 could selectively and dose-dependently inhibit the labeling of USP1. ML323 also increased mUb of PCNA and FANCD2 in H596 cells, recapitulating results obtained with shRNA targeting USP1.				Chemical Probes Portal	ML323	ml323	https://www.chemicalprobes.org/
XMWUCMFVDXDRDE-NRFANRHFSA-N	O75460	inhibitor			13	nM	biochemical	"IRE 1 biochemical fluorescence quenching kinase assay:
A truncated human IRE1α WT protein, containing the catalytic part (AA 469-977), was expressed in insect cells. The purified protein (1.2 μg/mL) was incubated with a fluorescently quenched IRE1α substrate (1.45 μg/mL; 5’ [6FAM] – GAG UCC GCA GCA CUC - [BHQ1] 3’) and a titration of inhibitor, starting at 50 μM (final DMSO concentration = 1%), for 40 min at room temperature in assay buffer. Reactions were carried out in a final volume of 20 μL in a 384 well PP plate (Greiner #784209). The reaction was stopped by addition of 15 μL 100 mM Tris-HCl pH9 and the fluorescence intensity of the IRE1α-substrate was measured using a fluorescent plate reader (Ex 485 nm / Em 535 nm, Perkin Elmer Envision)."				Chemical Probes Portal	AMG-18	amg-18	https://www.chemicalprobes.org/
XMWUCMFVDXDRDE-NRFANRHFSA-N	O75460	inhibitor	IC50		99	nM	cell	XBP1 luciferase reporter assay (measures amount of XBP1 splicing in cells)				Chemical Probes Portal	AMG-18	amg-18	https://www.chemicalprobes.org/
VIQXILLOJLATEF-UHFFFAOYSA-N	Q8N884	inhibitor			36.2	nM	binding	ITC (KD), consumption of ATP and GTP, and the generation of cGAMP using an RF-MS | 36.2 nM (KD)				Chemical Probes Portal	RU.521	ru521	https://www.chemicalprobes.org/
VIQXILLOJLATEF-UHFFFAOYSA-N	Q8N884	inhibitor			110	nM	binding	ITC (KD), consumption of ATP and GTP, and the generation of cGAMP using an RF-MS | 110 nM (IC50)				Chemical Probes Portal	RU.521	ru521	https://www.chemicalprobes.org/
VIQXILLOJLATEF-UHFFFAOYSA-N	Q8N884	inhibitor	IC50		700	nM	cell	Small-molecule inhibition of cGAS-dependent interferon induction by double-strand DNA in cellular luciferase reporter assay				Chemical Probes Portal	RU.521	ru521	https://www.chemicalprobes.org/
UJGTUKMAJVCBIS-UHFFFAOYSA-N	P55072	inhibitor			30	nM	biochemical	ATPase Assay | 30 nM low ATP				Chemical Probes Portal	NMS-873	nms-873	https://www.chemicalprobes.org/
UJGTUKMAJVCBIS-UHFFFAOYSA-N	P55072	inhibitor			20	nM	biochemical	ATPase Assay | 20 nM high ATP				Chemical Probes Portal	NMS-873	nms-873	https://www.chemicalprobes.org/
UJGTUKMAJVCBIS-UHFFFAOYSA-N	P55072	inhibitor			20	nM	biochemical	ATPase Assay | 20 nM C522T				Chemical Probes Portal	NMS-873	nms-873	https://www.chemicalprobes.org/
UJGTUKMAJVCBIS-UHFFFAOYSA-N	P55072	inhibitor	IC50		400	nM	cell	antiproliferative activity assay				Chemical Probes Portal	NMS-873	nms-873	https://www.chemicalprobes.org/
UJGTUKMAJVCBIS-UHFFFAOYSA-N	P55072	inhibitor	IC50		700	nM	cell	Antiproliferative assay				Chemical Probes Portal	NMS-873	nms-873	https://www.chemicalprobes.org/
ZPNTXOKOIHPCLI-UHFFFAOYSA-N	P00533	inhibitor			11	nM	biochemical	"IC50 values were measured at varying ATP concentrations spanning 1 to 1000 μM against mutant L858R/T790M using homogeneous
time-resolved fluorescence (HTRF) KinEASE-TK (Cisbio) assay"				Chemical Probes Portal	DOI:10.1021/acsmedchemlett.9b00381	ddc-03-024-01	https://www.chemicalprobes.org/
ZPNTXOKOIHPCLI-UHFFFAOYSA-N	P00533	inhibitor			13	nM	biochemical	IC50 values were measured at varying ATP concentrations spanning 1 to 1000 μM against mutant L858R/T790M/C797S using homogeneous time-resolved fluorescence (HTRF) KinEASE-TK (Cisbio) assay.				Chemical Probes Portal	DOI:10.1021/acsmedchemlett.9b00381	ddc-03-024-01	https://www.chemicalprobes.org/
ZPNTXOKOIHPCLI-UHFFFAOYSA-N	P00533	inhibitor	IC50		200	nM	cell	CellTiter-Glo Luminescent Cell Viability Assay using cell bearing L858R/T790M mutation				Chemical Probes Portal	DOI:10.1021/acsmedchemlett.9b00381	ddc-03-024-01	https://www.chemicalprobes.org/
ZPNTXOKOIHPCLI-UHFFFAOYSA-N	P00533	inhibitor	IC50		360	nM	cell	CellTiter-Glo Luminescent Cell Viability Assay using cells bearing L858R/T790M/C797S mutation				Chemical Probes Portal	DOI:10.1021/acsmedchemlett.9b00381	ddc-03-024-01	https://www.chemicalprobes.org/
NVGROBHDOYRPAN-FPTDNZKUSA-N	Q9UDY8	inhibitor			2.4	nM	biochemical	Human biochemical (TR-FRET) assay (high salt)				Chemical Probes Portal	DOI:10.1021/op200301h	nvs-malt1	https://www.chemicalprobes.org/
NVGROBHDOYRPAN-FPTDNZKUSA-N	Q9UDY8	inhibitor			18	nM	biochemical	Human biochemical (TR-FRET) assay (low salt)				Chemical Probes Portal	DOI:10.1021/op200301h	nvs-malt1	https://www.chemicalprobes.org/
NVGROBHDOYRPAN-FPTDNZKUSA-N	Q9UDY8	inhibitor	IC50		2.4	nM	cell	Jurkat IL-2 (IL2-RGA PMA + anti-CD28)				Chemical Probes Portal	DOI:10.1021/op200301h	nvs-malt1	https://www.chemicalprobes.org/
NVGROBHDOYRPAN-FPTDNZKUSA-N	Q9UDY8	inhibitor	IC50		200	nM	cell	IL-2 – PMA + anti-CD28 + 50% Human whole blood				Chemical Probes Portal	DOI:10.1021/op200301h	nvs-malt1	https://www.chemicalprobes.org/
NVGROBHDOYRPAN-FPTDNZKUSA-N	Q9UDY8	inhibitor	IC50		130	nM	cell	IL-2 – PMA + anti-CD28 + 50% Rat whole blood				Chemical Probes Portal	DOI:10.1021/op200301h	nvs-malt1	https://www.chemicalprobes.org/
VKQBTIMLSDGNLG-QHCPKHFHSA-N	P22888	antagonist	IC50		185	nM	cell	Human LH-R Antagonism (Frozen Cells Assay)				Chemical Probes Portal	DOI:10.1021/acs.jmedchem.9b01382	bay-899	https://www.chemicalprobes.org/
ZNNLBTZKUZBEKO-UHFFFAOYSA-N	Q09428	inhibitor			4.3	nM	biochemical	Inhibition of human SUR1/Kir6.2 expressed in CHO cells. More data available in ChEMBL.				Chemical Probes Portal	Glyburide	glyburide	https://www.chemicalprobes.org/
ZNNLBTZKUZBEKO-UHFFFAOYSA-N	Q09428	inhibitor	EC50		3	nM	cell	Stimulation of insulin secretion in rat INS-1E cells after 1 hr by alphaLISA assay in presence of 5 mM glucose (Bioorg. Med. Chem. Lett., (2014) 24:4:1031). In HIT (hamster beta cell line) cells, glyburide stimulates insulin secretion with ED50=0.4 nM.				Chemical Probes Portal	Glyburide	glyburide	https://www.chemicalprobes.org/
ZNNLBTZKUZBEKO-UHFFFAOYSA-N	Q14654	inhibitor			4.3	nM	biochemical	Inhibition of human SUR1/Kir6.2 expressed in CHO cells. More data available in ChEMBL.				Chemical Probes Portal	Glyburide	glyburide	https://www.chemicalprobes.org/
ZNNLBTZKUZBEKO-UHFFFAOYSA-N	Q14654	inhibitor	EC50		3	nM	cell	Stimulation of insulin secretion in rat INS-1E cells after 1 hr by alphaLISA assay in presence of 5 mM glucose (Bioorg. Med. Chem. Lett., (2014) 24:4:1031). In HIT (hamster beta cell line) cells, glyburide stimulates insulin secretion with ED50=0.4 nM.				Chemical Probes Portal	Glyburide	glyburide	https://www.chemicalprobes.org/
FAEKWTJYAYMJKF-QHCPKHFHSA-N	Q09428	inhibitor			106	nM	biochemical	In vitro assays with membranes from COS-1 cells expressing SUR-1. A KD of 50 nM was derived from the IC50 value. These data have been replicated in comparable experiments with HEK293 extracts (KD=0.4 nM) and BetaTC3 cells (KD=6.4 nM) using [3H]-labeled repaglinide.				Chemical Probes Portal	Repaglinide	repaglinide	https://www.chemicalprobes.org/
FAEKWTJYAYMJKF-QHCPKHFHSA-N	Q09428	inhibitor	IC50		800	nM	cell	In HEK293 cells, repaglinide inhibited Kir6.2/SUR-1 currents in patch-clamp assay. In islets isolated from Wistar rats, Repaglinide induced insulin release (2.1 ng/islet/hour) at 5 mM glucose.				Chemical Probes Portal	Repaglinide	repaglinide	https://www.chemicalprobes.org/
FAEKWTJYAYMJKF-QHCPKHFHSA-N	Q14654	inhibitor			106	nM	biochemical	In vitro assays with membranes from COS-1 cells expressing SUR-1. A KD of 50 nM was derived from the IC50 value. These data have been replicated in comparable experiments with HEK293 extracts (KD=0.4 nM) and BetaTC3 cells (KD=6.4 nM) using [3H]-labeled repaglinide.				Chemical Probes Portal	Repaglinide	repaglinide	https://www.chemicalprobes.org/
FAEKWTJYAYMJKF-QHCPKHFHSA-N	Q14654	inhibitor	IC50		800	nM	cell	In HEK293 cells, repaglinide inhibited Kir6.2/SUR-1 currents in patch-clamp assay. In islets isolated from Wistar rats, Repaglinide induced insulin release (2.1 ng/islet/hour) at 5 mM glucose.				Chemical Probes Portal	Repaglinide	repaglinide	https://www.chemicalprobes.org/
LYPAFUINURXJSG-AWEZNQCLSA-N	Q13546	inhibitor			16	nM	biochemical	FP binding assay				Chemical Probes Portal	GSK2982772	gsk2982772	https://www.chemicalprobes.org/
LYPAFUINURXJSG-AWEZNQCLSA-N	Q13546	inhibitor			1	nM	biochemical	ADP-Glo Assay				Chemical Probes Portal	GSK2982772	gsk2982772	https://www.chemicalprobes.org/
LYPAFUINURXJSG-AWEZNQCLSA-N	Q13546	inhibitor	IC50		2	nM	cell	Human whole blood stimulation assay measuring the inhibition of cytokine MIP-1β				Chemical Probes Portal	GSK2982772	gsk2982772	https://www.chemicalprobes.org/
LYPAFUINURXJSG-AWEZNQCLSA-N	Q13546	inhibitor	IC50		0.5	nM	cell	RIP1-dependent inflammatory cytokine MIP-1β production.				Chemical Probes Portal	GSK2982772	gsk2982772	https://www.chemicalprobes.org/
JGWRKYUXBBNENE-UHFFFAOYSA-N	P07333	inhibitor			13	nM	biochemical	Enzymatic assay with 100μM ATP				Chemical Probes Portal	DOI:10.1056/NEJMoa1411366	pexidartinib	https://www.chemicalprobes.org/
JGWRKYUXBBNENE-UHFFFAOYSA-N	P07333	inhibitor	IC50		8.5	nM	cell	"BCR-CSF1R fusion-dependent proliferation of Ba/F3 cells. 
IC50 >10 uM for IL3 dependent proliferation of BCRCSF1R fusion Ba/F3 cells (control)."				Chemical Probes Portal	DOI:10.1056/NEJMoa1411366	pexidartinib	https://www.chemicalprobes.org/
RZLXOEIALAVGKH-UHFFFAOYSA-N	Q92918	inhibitor			0.25	nM	biochemical	HPK1 Biochemical Assay (TR-FRET)				Chemical Probes Portal	DOI:10.1021/acsmedchemlett.1c00096	hpk1-in-3	https://www.chemicalprobes.org/
RZLXOEIALAVGKH-UHFFFAOYSA-N	Q92918	inhibitor	IC50		453	nM	cell	Human pSLP-76 Enzyme-Linked Immunosorbent Assay (ELISA)				Chemical Probes Portal	DOI:10.1021/acsmedchemlett.1c00096	hpk1-in-3	https://www.chemicalprobes.org/
RZLXOEIALAVGKH-UHFFFAOYSA-N	Q92918	inhibitor	EC50		108	nM	cell	Human IL-2 assay				Chemical Probes Portal	DOI:10.1021/acsmedchemlett.1c00096	hpk1-in-3	https://www.chemicalprobes.org/
ZKIQFLSGMMYCGS-SANMLTNESA-N	Q6V1X1	inhibitor			14	nM	biochemical	Enzymatic assay				Chemical Probes Portal	1G244	1g244	https://www.chemicalprobes.org/
ZKIQFLSGMMYCGS-SANMLTNESA-N	Q6V1X1	inhibitor			0.9	nM	biochemical	Enzymatic assay				Chemical Probes Portal	1G244	1g244	https://www.chemicalprobes.org/
ZKIQFLSGMMYCGS-SANMLTNESA-N	Q6V1X1	inhibitor	IC50		2.7	uM	cell	Cell viability (CellTiter-Glo) assay				Chemical Probes Portal	1G244	1g244	https://www.chemicalprobes.org/
ZKIQFLSGMMYCGS-SANMLTNESA-N	Q6V1X1	inhibitor	IC50		320	nM	cell	DPP activity assay in lysate after exposure of intact cells to 1G244				Chemical Probes Portal	1G244	1g244	https://www.chemicalprobes.org/
ZKIQFLSGMMYCGS-SANMLTNESA-N	Q86TI2	inhibitor			53	nM	biochemical	Enzymatic assay				Chemical Probes Portal	1G244	1g244	https://www.chemicalprobes.org/
ZKIQFLSGMMYCGS-SANMLTNESA-N	Q86TI2	inhibitor			4.2	nM	biochemical	Enzymatic Assay				Chemical Probes Portal	1G244	1g244	https://www.chemicalprobes.org/
ZKIQFLSGMMYCGS-SANMLTNESA-N	Q86TI2	inhibitor	IC50		2.7	uM	cell	Cell viability (CellTiter-Glo) assay				Chemical Probes Portal	1G244	1g244	https://www.chemicalprobes.org/
PMJIHLSCWIDGMD-UHFFFAOYSA-N	P49840	inhibitor			29.5	%	biochemical	measured at 10 µM in Z′-LYTETM technology at ATP and peptide concentrations around their Km values				Chemical Probes Portal	DOI:10.1074/jbc.M111.306472	tideglusib	https://www.chemicalprobes.org/
PMJIHLSCWIDGMD-UHFFFAOYSA-N	P49841	inhibitor			5	nM	biochemical	The activity of GSK-3β for wild-type version was measured with the FRET-based Z′-LYTETM assay after 1h preincubation				Chemical Probes Portal	DOI:10.1074/jbc.M111.306472	tideglusib	https://www.chemicalprobes.org/
PMJIHLSCWIDGMD-UHFFFAOYSA-N	P49841	inhibitor			60	nM	biochemical	The activity of GSK-3β for C199A version was measured with the FRET-based Z′-LYTETM assay after 1h preincubation				Chemical Probes Portal	DOI:10.1074/jbc.M111.306472	tideglusib	https://www.chemicalprobes.org/
NIHAFOURWLZLFN-UHFFFAOYSA-N	O76039	inhibitor			6.5	nM	biochemical	CDKL5 Split luciferase assay				Chemical Probes Portal	DOI:10.1021/acschemneuro.3c00135	sgc-cdkl5_gsk3	https://www.chemicalprobes.org/
NIHAFOURWLZLFN-UHFFFAOYSA-N	O76039	inhibitor	IC50		3.5	nM	cell	NanoBRET				Chemical Probes Portal	DOI:10.1021/acschemneuro.3c00135	sgc-cdkl5_gsk3	https://www.chemicalprobes.org/
NIHAFOURWLZLFN-UHFFFAOYSA-N	P49840	inhibitor			4	nM	biochemical	enzymatic assay				Chemical Probes Portal	DOI:10.1021/acschemneuro.3c00135	sgc-cdkl5_gsk3	https://www.chemicalprobes.org/
NIHAFOURWLZLFN-UHFFFAOYSA-N	P49840	inhibitor	IC50		10	nM	cell	NanoBRET				Chemical Probes Portal	DOI:10.1021/acschemneuro.3c00135	sgc-cdkl5_gsk3	https://www.chemicalprobes.org/
NIHAFOURWLZLFN-UHFFFAOYSA-N	P49841	inhibitor			9		biochemical	enzymatic assay				Chemical Probes Portal	DOI:10.1021/acschemneuro.3c00135	sgc-cdkl5_gsk3	https://www.chemicalprobes.org/
NIHAFOURWLZLFN-UHFFFAOYSA-N	P49841	inhibitor	IC50		35	nM	cell	NanoBRET				Chemical Probes Portal	DOI:10.1021/acschemneuro.3c00135	sgc-cdkl5_gsk3	https://www.chemicalprobes.org/
KKMZWHRTQLNOCF-UHFFFAOYSA-N	Q8TBX8	inhibitor			3.4	nM	biochemical	KdELECT binding assay				Chemical Probes Portal	DOI:10.1021/acs.jmedchem.0c00227	tm-04-176-01	https://www.chemicalprobes.org/
KKMZWHRTQLNOCF-UHFFFAOYSA-N	P48426	inhibitor			2000	nM	biochemical	KdELECT binding assay | 2000 ± 450 nM				Chemical Probes Portal	DOI:10.1021/acs.jmedchem.0c00227	tm-04-176-01	https://www.chemicalprobes.org/
KKMZWHRTQLNOCF-UHFFFAOYSA-N	P48426	inhibitor			5	uM	cell	CETSA				Chemical Probes Portal	DOI:10.1021/acs.jmedchem.0c00227	tm-04-176-01	https://www.chemicalprobes.org/
KKMZWHRTQLNOCF-UHFFFAOYSA-N	P78356	inhibitor			9400	nM	biochemical	Transcreener assay | 9400 ± 7100 nM				Chemical Probes Portal	DOI:10.1021/acs.jmedchem.0c00227	tm-04-176-01	https://www.chemicalprobes.org/
KKMZWHRTQLNOCF-UHFFFAOYSA-N	P78356	inhibitor			5	uM	cell	CETSA				Chemical Probes Portal	DOI:10.1021/acs.jmedchem.0c00227	tm-04-176-01	https://www.chemicalprobes.org/
NFHSJYKXENYICE-UHFFFAOYSA-N	O00329	inhibitor			142	nM	binding	Scintillation Proximity Assay (SPA)				Chemical Probes Portal	DOI:10.1158/2767-9764.CRC-22-0477	ioa-244	https://www.chemicalprobes.org/
NFHSJYKXENYICE-UHFFFAOYSA-N	O00329	inhibitor			82	nM	biochemical	ATP competition assay				Chemical Probes Portal	DOI:10.1158/2767-9764.CRC-22-0477	ioa-244	https://www.chemicalprobes.org/
NFHSJYKXENYICE-UHFFFAOYSA-N	O00329	inhibitor			19	nM	biochemical	Kinativ on Jurkat cell lisate				Chemical Probes Portal	DOI:10.1158/2767-9764.CRC-22-0477	ioa-244	https://www.chemicalprobes.org/
NFHSJYKXENYICE-UHFFFAOYSA-N	O00329	inhibitor	GI50		240	nM	cell	Cell proliferation assay				Chemical Probes Portal	DOI:10.1158/2767-9764.CRC-22-0477	ioa-244	https://www.chemicalprobes.org/
GOVYBPLHWIEHEJ-UHFFFAOYSA-N	Q9UBN7	inhibitor			15	nM	biochemical	Enzyme inhibition assays were performed by the Reaction Biology Corporation, Malvern, PA, using the Reaction Biology HDAC Spectrum platform and by TR-FRET following the displacement of radio-labelled compound.				Chemical Probes Portal	Tubastatin-A	tubastatin	https://www.chemicalprobes.org/
GOVYBPLHWIEHEJ-UHFFFAOYSA-N	Q9UBN7	inhibitor	IC50		100	nM	cell	A bioluminescence resonance energy transfer (BRET) assay that measures displacement of a fluorescently-labeled ligand was used with cells that overexpress nano-luciferase-tagged HDAC10.				Chemical Probes Portal	Tubastatin-A	tubastatin	https://www.chemicalprobes.org/
GOVYBPLHWIEHEJ-UHFFFAOYSA-N	Q969S8	inhibitor			12.6	nM	biochemical	"Enzyme inhibition assays were performed by the Reaction Biology Corporation, Malvern, PA,
using the Reaction Biology HDAC Spectrum platform and by TR-FRET following displacement of radio-labeled compound."				Chemical Probes Portal	Tubastatin-A	tubastatin	https://www.chemicalprobes.org/
GOVYBPLHWIEHEJ-UHFFFAOYSA-N	Q969S8	inhibitor	IC50		12.5	nM	cell	A bioluminescence resonance energy transfer (BRET) assay that measures displacement of a fluorescently-labeled ligand was used with cells that overexpress nano-luciferase-tagged HDAC10.				Chemical Probes Portal	Tubastatin-A	tubastatin	https://www.chemicalprobes.org/
OJQMKCBWYCWFPU-UHFFFAOYSA-N	P43119	agonist			200	nM	biochemical	Inhibition of platelet aggregation induced by ADP (10 μM) in human platelet rich plasma				Chemical Probes Portal	DOI:10.1021/acs.jmedchem.5b00698	selexipag	https://www.chemicalprobes.org/
OJQMKCBWYCWFPU-UHFFFAOYSA-N	P43119	agonist			20	nM	biochemical	Biochemical assay				Chemical Probes Portal	DOI:10.1021/acs.jmedchem.5b00698	selexipag	https://www.chemicalprobes.org/
OJQMKCBWYCWFPU-UHFFFAOYSA-N	P43119	agonist	EC50		11	nM	cell	cAMP accumulation assay				Chemical Probes Portal	DOI:10.1021/acs.jmedchem.5b00698	selexipag	https://www.chemicalprobes.org/
OJQMKCBWYCWFPU-UHFFFAOYSA-N	P43119	agonist	EC50		32	nM	cell	Accumulation of intracellular cAMP, leading to long-lasting (>10 h) membrane hyperpolarization				Chemical Probes Portal	DOI:10.1021/acs.jmedchem.5b00698	selexipag	https://www.chemicalprobes.org/
OJQMKCBWYCWFPU-UHFFFAOYSA-N	P43119	agonist	EC50		4.3	nM	cell	long-lasting and pronounced relaxation of PASMCs as measured by changes in cell shape				Chemical Probes Portal	DOI:10.1021/acs.jmedchem.5b00698	selexipag	https://www.chemicalprobes.org/
OJQMKCBWYCWFPU-UHFFFAOYSA-N	P43119	agonist	IC50		2.9	nM	cell	Cell proliferation assay				Chemical Probes Portal	DOI:10.1021/acs.jmedchem.5b00698	selexipag	https://www.chemicalprobes.org/
WXTJCPHELGTTJU-FMKPAKJESA-N	Q99538	inhibitor			7.8	nM	biochemical	AEP biochemical assay with recombinant AEP (0.1 nM), the substrate was 10 μM peptide Z-AAN-Rh110. | 7.8 ± 0.9 nM				Chemical Probes Portal	DOI:10.1021/acs.jmedchem.3c01804	aep-in-3	https://www.chemicalprobes.org/
WXTJCPHELGTTJU-FMKPAKJESA-N	Q99538	inhibitor	EC50		126	nM	cell	AEP Cellular Assay | 126 ± 48 nM				Chemical Probes Portal	DOI:10.1021/acs.jmedchem.3c01804	aep-in-3	https://www.chemicalprobes.org/
WXTJCPHELGTTJU-FMKPAKJESA-N	Q99538	inhibitor	EC50		75	nM	cell	TauN368 assay, compound incubated at 37 °C for 10 hr, then peptides digested and measured using LC-MS/MS.				Chemical Probes Portal	DOI:10.1021/acs.jmedchem.3c01804	aep-in-3	https://www.chemicalprobes.org/
JYYLVUFNAHSSFE-UHFFFAOYSA-N	Q16539	inhibitor			1.3	nM	biochemical	Biochemical binding assay				Chemical Probes Portal	DOI:10.1021/jm101423y	pamapimod	https://www.chemicalprobes.org/
JYYLVUFNAHSSFE-UHFFFAOYSA-N	Q16539	inhibitor			14	nM	biochemical	p38α inhibition | 14 ± 2 nM				Chemical Probes Portal	DOI:10.1021/jm101423y	pamapimod	https://www.chemicalprobes.org/
JYYLVUFNAHSSFE-UHFFFAOYSA-N	Q16539	inhibitor	IC50		25	nM	cell	TNFα inhibition assay | 25 ± 1 nM				Chemical Probes Portal	DOI:10.1021/jm101423y	pamapimod	https://www.chemicalprobes.org/
JYYLVUFNAHSSFE-UHFFFAOYSA-N	Q16539	inhibitor	IC50		100	nM	cell	IL-1β inhibition assay | 100 ± 3 nM				Chemical Probes Portal	DOI:10.1021/jm101423y	pamapimod	https://www.chemicalprobes.org/
DNVFTXQYIYFQBW-UHFFFAOYSA-N	P11362	covalent inhibitor			2.8	nM	biochemical	Biochemical Assay				Chemical Probes Portal	DOI:10.1016/j.chembiol.2010.02.007	fiin-1	https://www.chemicalprobes.org/
DNVFTXQYIYFQBW-UHFFFAOYSA-N	P11362	covalent inhibitor			9.2	nM	biochemical	Z′-lyte assay				Chemical Probes Portal	DOI:10.1016/j.chembiol.2010.02.007	fiin-1	https://www.chemicalprobes.org/
DNVFTXQYIYFQBW-UHFFFAOYSA-N	P11362	covalent inhibitor	EC50		14	nM	cell	proliferation inhibition of FGFR1-transformed Ba/F3 cells				Chemical Probes Portal	DOI:10.1016/j.chembiol.2010.02.007	fiin-1	https://www.chemicalprobes.org/
DNVFTXQYIYFQBW-UHFFFAOYSA-N	P11362	covalent inhibitor	% inhibition		4	uM	cell	"Western blot assessing autophosphorylation of FGFR1 in cells with an inducible FGFR1 (iFGFR1) system where oligomerization and activation of FGFR1 are induced upon the treatment of a small molecule AP20187.
Irreversibility shown by wash-out experiments in same system and looking at ERK1/2 phosphorylation"				Chemical Probes Portal	DOI:10.1016/j.chembiol.2010.02.007	fiin-1	https://www.chemicalprobes.org/
DNVFTXQYIYFQBW-UHFFFAOYSA-N	P21802	covalent inhibitor			6.9	nM	biochemical	Biochemical Assay				Chemical Probes Portal	DOI:10.1016/j.chembiol.2010.02.007	fiin-1	https://www.chemicalprobes.org/
DNVFTXQYIYFQBW-UHFFFAOYSA-N	P21802	covalent inhibitor			6.2		biochemical	Z′-lyte assay				Chemical Probes Portal	DOI:10.1016/j.chembiol.2010.02.007	fiin-1	https://www.chemicalprobes.org/
DNVFTXQYIYFQBW-UHFFFAOYSA-N	P22607	covalent inhibitor			5.4	nM	biochemical	Biochemical Assay				Chemical Probes Portal	DOI:10.1016/j.chembiol.2010.02.007	fiin-1	https://www.chemicalprobes.org/
DNVFTXQYIYFQBW-UHFFFAOYSA-N	P22607	covalent inhibitor			11.9	nM	biochemical	Z′-lyte assay				Chemical Probes Portal	DOI:10.1016/j.chembiol.2010.02.007	fiin-1	https://www.chemicalprobes.org/
DNVFTXQYIYFQBW-UHFFFAOYSA-N	P22607	covalent inhibitor	EC50		10	nM	cell	proliferation inhibition of FGFR 3-transformed Ba/F3 cells				Chemical Probes Portal	DOI:10.1016/j.chembiol.2010.02.007	fiin-1	https://www.chemicalprobes.org/
DNVFTXQYIYFQBW-UHFFFAOYSA-N	P22455	covalent inhibitor			120	nM	biochemical	Biochemical Assay				Chemical Probes Portal	DOI:10.1016/j.chembiol.2010.02.007	fiin-1	https://www.chemicalprobes.org/
DNVFTXQYIYFQBW-UHFFFAOYSA-N	P22455	covalent inhibitor			189	nM	biochemical	Z′-lyte assay				Chemical Probes Portal	DOI:10.1016/j.chembiol.2010.02.007	fiin-1	https://www.chemicalprobes.org/
NDVITLLKZQXKGU-IBGZPJMESA-N	O75164	inhibitor			80	nM	biochemical	Enzymatic assay (LANCE TR-FRET) with pre-incubation with TACH101 in presence of alpha-KG				Chemical Probes Portal	DOI:10.1097/CAD.0000000000001514	tach101	https://www.chemicalprobes.org/
NDVITLLKZQXKGU-IBGZPJMESA-N	O94953	inhibitor			58	nM	biochemical	Enzymatic assay (LANCE TR-FRET) with pre-incubation with TACH101 in presence of alpha-KG				Chemical Probes Portal	DOI:10.1097/CAD.0000000000001514	tach101	https://www.chemicalprobes.org/
NDVITLLKZQXKGU-IBGZPJMESA-N	Q9H3R0	inhibitor			38	nM	biochemical	Enzymatic assay				Chemical Probes Portal	DOI:10.1097/CAD.0000000000001514	tach101	https://www.chemicalprobes.org/
NDVITLLKZQXKGU-IBGZPJMESA-N	Q9H3R0	inhibitor			41	nM	biochemical	Enzymatic assay LANCE TR-FRET (LANCE TR-FRET) with pre-incubation with TACH101 in presence of alpha-KG				Chemical Probes Portal	DOI:10.1097/CAD.0000000000001514	tach101	https://www.chemicalprobes.org/
NDVITLLKZQXKGU-IBGZPJMESA-N	Q9H3R0	inhibitor	IC50		0.4	nM	cell	Demethylation of endogenous cellular H3K36me3 in the presence or absence of TACH101 (HTRF assay)				Chemical Probes Portal	DOI:10.1097/CAD.0000000000001514	tach101	https://www.chemicalprobes.org/
NDVITLLKZQXKGU-IBGZPJMESA-N	Q9H3R0	inhibitor	IC50		85	nM	cell	Demethylation of endogenous cellular H3K36me3 in the presence or absence of TACH101 (Immunoblot assay)				Chemical Probes Portal	DOI:10.1097/CAD.0000000000001514	tach101	https://www.chemicalprobes.org/
NDVITLLKZQXKGU-IBGZPJMESA-N	Q9H3R0	inhibitor	IC50	>=	10	nM	cell	Cell proliferation assay after 168h of compounds treatment; treatment of normal human fibroblast line (IMR-90) resulted in IC50 > 1.0 µM | 10 - 370 nM				Chemical Probes Portal	DOI:10.1097/CAD.0000000000001514	tach101	https://www.chemicalprobes.org/
NDVITLLKZQXKGU-IBGZPJMESA-N	Q6B0I6	inhibitor			50	nM	biochemical	Enzymatic assay (LANCE TR-FRET) with pre-incubation with TACH101 in presence of alpha-KG				Chemical Probes Portal	DOI:10.1097/CAD.0000000000001514	tach101	https://www.chemicalprobes.org/
QYJLBHRAPDJOSO-NVXWUHKLSA-N	P11802	inhibitor			0.7	nM	biochemical	Biochemical assay using recombinant CDK4/cyclin D1				Chemical Probes Portal	DOI:10.1016/j.ccell.2025.02.006	atirmociclib	https://www.chemicalprobes.org/
QYJLBHRAPDJOSO-NVXWUHKLSA-N	P11802	inhibitor	IC50		36	nM	cell	"Phosphorylation of RB1 at serine 807/811 from CDK4 dependent/CDK6
independent HR+ HER2- ZR751 breast cancer cell line treated for 24 h."				Chemical Probes Portal	DOI:10.1016/j.ccell.2025.02.006	atirmociclib	https://www.chemicalprobes.org/
QYJLBHRAPDJOSO-NVXWUHKLSA-N	P11802	inhibitor	IC50		47	nM	cell	Cell proliferation assay, cells treated for 5 days				Chemical Probes Portal	DOI:10.1016/j.ccell.2025.02.006	atirmociclib	https://www.chemicalprobes.org/
HEAUOKZIVMZVQL-VWLOTQADSA-N	P30968	antagonist			0.9	nM	biochemical	Competition binding assay				Chemical Probes Portal	DOI:10.1021/jm8006454	elagolix	https://www.chemicalprobes.org/
HEAUOKZIVMZVQL-VWLOTQADSA-N	P30968	antagonist			0.54	nM	biochemical	Radiolingand binding assay				Chemical Probes Portal	DOI:10.1021/jm8006454	elagolix	https://www.chemicalprobes.org/
HEAUOKZIVMZVQL-VWLOTQADSA-N	P30968	antagonist	IC50		1.5	nM	cell	Inhibition of GnRH Stimulated Inositol Phosphate Production				Chemical Probes Portal	DOI:10.1021/jm8006454	elagolix	https://www.chemicalprobes.org/
ASRLBLHATMXGPC-UHFFFAOYSA-N	Q12830	inhibitor			3.5	nM	biochemical	DiscoveRx | 3.5 ± 2.8 nM				Chemical Probes Portal	DOI:10.1002/cmdc.202200686	bi-7190	https://www.chemicalprobes.org/
ASRLBLHATMXGPC-UHFFFAOYSA-N	Q12830	inhibitor			131	nM	binding	ITC | 131 ± 24 nM				Chemical Probes Portal	DOI:10.1002/cmdc.202200686	bi-7190	https://www.chemicalprobes.org/
ASRLBLHATMXGPC-UHFFFAOYSA-N	Q12830	inhibitor	EC50		58	nM	cell	NanoBRET | 58 ± 40 nM				Chemical Probes Portal	DOI:10.1002/cmdc.202200686	bi-7190	https://www.chemicalprobes.org/
POKVQQVLRJLUAK-UHFFFAOYSA-N	O00444	inhibitor	EC50		51	nM	cell	Cell proliferation assay				Chemical Probes Portal	DOI:10.1021/acs.jmedchem.5c00529	rp-1664	https://www.chemicalprobes.org/
POKVQQVLRJLUAK-UHFFFAOYSA-N	O00444	inhibitor	IC50		3	nM	cell	NanoBRET				Chemical Probes Portal	DOI:10.1021/acs.jmedchem.5c00529	rp-1664	https://www.chemicalprobes.org/
POKVQQVLRJLUAK-UHFFFAOYSA-N	O00444	inhibitor	IC50		130	nM	cell	Centriole Depletion Assay in RPE1 cells treated with inhibitors for 6 days				Chemical Probes Portal	DOI:10.1021/acs.jmedchem.5c00529	rp-1664	https://www.chemicalprobes.org/
RKAFYSIKAVFVPS-UHFFFAOYSA-N	P15170	molecular glue	DC50		2.1	nM	cell	Degradation measured via western blot (Dmax 99%) after 24 h				Chemical Probes Portal	SJ6986	sj6986	https://www.chemicalprobes.org/
RKAFYSIKAVFVPS-UHFFFAOYSA-N	P15170	molecular glue	EC50		0.1	nM	cell	hGSPT1-HiBit assay				Chemical Probes Portal	SJ6986	sj6986	https://www.chemicalprobes.org/
RKAFYSIKAVFVPS-UHFFFAOYSA-N	P15170	molecular glue	EC50		0.4	nM	cell	Cell proliferation assay				Chemical Probes Portal	SJ6986	sj6986	https://www.chemicalprobes.org/
RKAFYSIKAVFVPS-UHFFFAOYSA-N	Q8IYD1	molecular glue	Dmax		99	%	cell	Degradation measured via western blot after 24 h				Chemical Probes Portal	SJ6986	sj6986	https://www.chemicalprobes.org/
XVGSKZXXLKUEIO-MRXNPFEDSA-N	Q96PN6	inhibitor			1.4	nM	binding	SPR; also increased residence time of 3181 s				Chemical Probes Portal	DOI:10.1021/acs.jmedchem.2c01133	tdi-11861	https://www.chemicalprobes.org/
XVGSKZXXLKUEIO-MRXNPFEDSA-N	Q96PN6	inhibitor			3.3	nM	biochemical	Biochemical assay				Chemical Probes Portal	DOI:10.1021/acs.jmedchem.2c01133	tdi-11861	https://www.chemicalprobes.org/
XVGSKZXXLKUEIO-MRXNPFEDSA-N	Q96PN6	inhibitor	IC50		5.5	nM	cell	Cell-Based Cyclase Activity Assay				Chemical Probes Portal	DOI:10.1021/acs.jmedchem.2c01133	tdi-11861	https://www.chemicalprobes.org/
NRHPFMQPXSSELC-QHCPKHFHSA-N	Q70CQ3	inhibitor			2.5	nM	biochemical	Enzymatic deubiquitination assay				Chemical Probes Portal	DOI:10.1016/j.mcpro.2023.100609	usp30inh	https://www.chemicalprobes.org/
NRHPFMQPXSSELC-QHCPKHFHSA-N	Q70CQ3	inhibitor	IC50		160	nM	cell	ABPP-MS assay				Chemical Probes Portal	DOI:10.1016/j.mcpro.2023.100609	usp30inh	https://www.chemicalprobes.org/
GJMZWYLOARVASY-NTCAYCPXSA-N	P52333	covalent inhibitor			0.154	nM	biochemical	Radiometric assay				Chemical Probes Portal	FM-381	fm-381	https://www.chemicalprobes.org/
GJMZWYLOARVASY-NTCAYCPXSA-N	P52333	covalent inhibitor	EC50		100	nM	cell	BRET assay in HeLa cells. FM-381 also inhibited IL-12-stimulated phosphorylation of STAT5 in human CD4+ T cells at 100 nM.				Chemical Probes Portal	FM-381	fm-381	https://www.chemicalprobes.org/
KTBSXLIQKWEBRB-UHFFFAOYSA-N	P23458	inhibitor			3.2	nM	biochemical	Biochemical assay				Chemical Probes Portal	DOI:10.1016/j.ejphar.2020.173505	itacitinib	https://www.chemicalprobes.org/
KTBSXLIQKWEBRB-UHFFFAOYSA-N	P23458	inhibitor	IC50		21	nM	cell	Inhibition IL-2 induced T-cell proliferation | 21 ± 11nM				Chemical Probes Portal	DOI:10.1016/j.ejphar.2020.173505	itacitinib	https://www.chemicalprobes.org/
KTBSXLIQKWEBRB-UHFFFAOYSA-N	P23458	inhibitor	IC50		35	nM	cell	Inhibition of IL-6-induced MCP-1 production | 35 ± 15 nM				Chemical Probes Portal	DOI:10.1016/j.ejphar.2020.173505	itacitinib	https://www.chemicalprobes.org/
KTBSXLIQKWEBRB-UHFFFAOYSA-N	P23458	inhibitor	IC50		76	nM	cell	Inhibition IL-17 production | 76 ± 40 nM				Chemical Probes Portal	DOI:10.1016/j.ejphar.2020.173505	itacitinib	https://www.chemicalprobes.org/
KTBSXLIQKWEBRB-UHFFFAOYSA-N	P23458	inhibitor	activity		10	nM	cell	phosphorylation of STAT3 and STAT5 in T cells isolated from fresh PBMCs and stimulated with IL-2				Chemical Probes Portal	DOI:10.1016/j.ejphar.2020.173505	itacitinib	https://www.chemicalprobes.org/
HXYXHSDYBDFOFO-INIZCTEOSA-N	Q13822	inhibitor			1	nM	biochemical	Enzyme coupled assay using LPC C16:0 as substrate measuring the release of choline				Chemical Probes Portal	DOI:10.1016/j.bmcl.2016.10.036	crt0273750	https://www.chemicalprobes.org/
HXYXHSDYBDFOFO-INIZCTEOSA-N	Q13822	inhibitor			34	nM	biochemical	LPC assay in human plasma				Chemical Probes Portal	DOI:10.1016/j.bmcl.2016.10.036	crt0273750	https://www.chemicalprobes.org/
HXYXHSDYBDFOFO-INIZCTEOSA-N	Q13822	inhibitor	EC50		25	nM	cell	LPC/ATX mediated transwell migration assay with recovery of inhibition in the presence of LPA				Chemical Probes Portal	DOI:10.1016/j.bmcl.2016.10.036	crt0273750	https://www.chemicalprobes.org/
HHFWQMFTPDFWLM-UHFFFAOYSA-N	P08709	inhibitor			4	nM	biochemical	Coagulation assay				Chemical Probes Portal	DOI:10.1016/j.ejmech.2025.117708	bcx-3607	https://www.chemicalprobes.org/
HHFWQMFTPDFWLM-UHFFFAOYSA-N	P08709	inhibitor			26	nM	biochemical	FVIIa-FX activity				Chemical Probes Portal	DOI:10.1016/j.ejmech.2025.117708	bcx-3607	https://www.chemicalprobes.org/
FSQGWBXWGNWEAV-CMDGGOBGSA-N	P01137	inhibitor			40	nM	biochemical	Biochemical assay				Chemical Probes Portal	DOI:10.1021/acs.jmedchem.5c00121	gfh018	https://www.chemicalprobes.org/
FSQGWBXWGNWEAV-CMDGGOBGSA-N	P01137	inhibitor	IC50		105	nM	cell	Cell-based TGF-β/Smad reporter assay				Chemical Probes Portal	DOI:10.1021/acs.jmedchem.5c00121	gfh018	https://www.chemicalprobes.org/
FSQGWBXWGNWEAV-CMDGGOBGSA-N	P01137	inhibitor	IC50		730	nM	cell	Cell proliferation assay				Chemical Probes Portal	DOI:10.1021/acs.jmedchem.5c00121	gfh018	https://www.chemicalprobes.org/
OXTSYWDBUVRXFF-GDLZYMKVSA-N	P30291	inhibitor			3.9	nM	biochemical	Enzymatic assay				Chemical Probes Portal	DOI:10.1021/acs.jmedchem.1c01121	azenosertib	https://www.chemicalprobes.org/
OXTSYWDBUVRXFF-GDLZYMKVSA-N	P30291	inhibitor	IC50		103	nM	cell	H23 cellular assay				Chemical Probes Portal	DOI:10.1021/acs.jmedchem.1c01121	azenosertib	https://www.chemicalprobes.org/
KRNAOFGYEFKHPB-ANJVHQHFSA-N	O75575	antagonist			0.027	nM	biochemical	Inhibition of 125I-CGRP binding to SK-N-MC cell membranes | 0.027 ± 0.009 nM				Chemical Probes Portal	DOI:10.1021/jm3013147	rimegepant	https://www.chemicalprobes.org/
KRNAOFGYEFKHPB-ANJVHQHFSA-N	O75575	antagonist	IC50		0.14	nM	cell	Inhibition of CGRP-stimulated cAMP production in SK-N-MC cells | 0.14 ± 0.01 nM				Chemical Probes Portal	DOI:10.1021/jm3013147	rimegepant	https://www.chemicalprobes.org/
LBFYQISQYCGDDW-UHFFFAOYSA-N	Q9BWU1	inhibitor			6	nM	biochemical	Reporter Displacement Assay for CDK8 and CDK19 provided by Proteros Biostructures GmbH. The assay is based upon the competitive displacement of a reporter probe designed to selectively target the ATP binding site of CDK8 or CDK19 with a fast binding kinetic signature. Binding of the probe to its target results in the emission of an optical signal. Competitive displacement of the probe by the corresponding compounds results in a loss of the optical signal that can be quantified with increasing compound concentrations. Methods Enzymol. 493, 299–320 (2011)				Chemical Probes Portal	CCT251545	cct251545	https://www.chemicalprobes.org/
LBFYQISQYCGDDW-UHFFFAOYSA-N	Q9BWU1	inhibitor	IC50		5	nM	cell	"Cell-based potency was assessed in 7dF3 cells harbouring a WNT-dependent luciferase reporter (7dF3 is a variant of HEK293 cells containing both estrogen receptor-DSH and
TCF-luciferase-IRES-GFP constructs). Cell-based potency was also assessed in LS174T cells bearing a WNT-dependent luciferase reporter."				Chemical Probes Portal	CCT251545	cct251545	https://www.chemicalprobes.org/
LBFYQISQYCGDDW-UHFFFAOYSA-N	P49336	inhibitor			5	nM	biochemical	Reporter Displacement Assay for CDK8 and CDK19 provided by Proteros Biostructures GmbH. The assay is based upon the competitive displacement of a reporter probe designed to selectively target the ATP binding site of CDK8 or CDK19 with a fast binding kinetic signature. Binding of the probe to its target results in the emission of an optical signal. Competitive displacement of the probe by the corresponding compounds results in a loss of the optical signal that can be quantified with increasing compound concentrations. Methods Enzymol. 493, 299–320 (2011)				Chemical Probes Portal	CCT251545	cct251545	https://www.chemicalprobes.org/
LBFYQISQYCGDDW-UHFFFAOYSA-N	P49336	inhibitor	IC50		23	nM	cell	"Cell-based potency was assessed in 7dF3 cells harbouring a WNT-dependent luciferase reporter (7dF3 is a variant of HEK293 cells containing both estrogen receptor-DSH and
TCF-luciferase-IRES-GFP constructs). Cell-based potency was also assessed in LS174T cells bearing a WNT-dependent luciferase reporter."				Chemical Probes Portal	CCT251545	cct251545	https://www.chemicalprobes.org/
WBFSPPPOPIJCLF-UHFFFAOYSA-N	Q06187	covalent inhibitor			0.63	nM	biochemical	KinomeSCAN				Chemical Probes Portal	DOI:10.1021/acs.jmedchem.4c00220	biib129	https://www.chemicalprobes.org/
WBFSPPPOPIJCLF-UHFFFAOYSA-N	Q06187	covalent inhibitor			4.6		biochemical	continuous-read kinetic enzyme assay using the nonphosphorylated BTK protein				Chemical Probes Portal	DOI:10.1021/acs.jmedchem.4c00220	biib129	https://www.chemicalprobes.org/
WBFSPPPOPIJCLF-UHFFFAOYSA-N	Q06187	covalent inhibitor	IC50		1.2	nM	cell	Inhibition of PLCγ2 phosphorylation in activated cells				Chemical Probes Portal	DOI:10.1021/acs.jmedchem.4c00220	biib129	https://www.chemicalprobes.org/
WBFSPPPOPIJCLF-UHFFFAOYSA-N	Q06187	covalent inhibitor	IC50		1.9	nM	cell	Inhibition of the activation and translocation of NF-κB to the nucleus				Chemical Probes Portal	DOI:10.1021/acs.jmedchem.4c00220	biib129	https://www.chemicalprobes.org/
WBFSPPPOPIJCLF-UHFFFAOYSA-N	Q06187	covalent inhibitor	IC50		13	nM	cell	Inhibition of anti-IgD-induced B cell activation				Chemical Probes Portal	DOI:10.1021/acs.jmedchem.4c00220	biib129	https://www.chemicalprobes.org/
WBFSPPPOPIJCLF-UHFFFAOYSA-N	Q06187	covalent inhibitor	IC50		7.1	nM	cell	CellTiter-Glo Luminescent Cell viability assay				Chemical Probes Portal	DOI:10.1021/acs.jmedchem.4c00220	biib129	https://www.chemicalprobes.org/
WBFSPPPOPIJCLF-UHFFFAOYSA-N	Q06187	covalent inhibitor	IC50		3.2	nM	cell	inhibition of FcγR-mediated ROS production				Chemical Probes Portal	DOI:10.1021/acs.jmedchem.4c00220	biib129	https://www.chemicalprobes.org/
WBFSPPPOPIJCLF-UHFFFAOYSA-N	Q06187	covalent inhibitor	% inhibition		79	nM	cell	CD69 expression on CD19+ B cells in human whole blood upon stimulation with anti-IgD				Chemical Probes Portal	DOI:10.1021/acs.jmedchem.4c00220	biib129	https://www.chemicalprobes.org/
XFBJUMZGUOUWSC-UHFFFAOYSA-N	O00748	covalent inhibitor			0.12	nM	biochemical	Enzymatic assay				Chemical Probes Portal	DOI:10.1021/acs.jmedchem.5c00563	hces2a-in-9d	https://www.chemicalprobes.org/
XFBJUMZGUOUWSC-UHFFFAOYSA-N	O00748	covalent inhibitor			0.42	nM	biochemical	Binding kinetics assay				Chemical Probes Portal	DOI:10.1021/acs.jmedchem.5c00563	hces2a-in-9d	https://www.chemicalprobes.org/
XFBJUMZGUOUWSC-UHFFFAOYSA-N	O00748	covalent inhibitor	IC50		19.65	nM	cell	Intracellular inhibition assay				Chemical Probes Portal	DOI:10.1021/acs.jmedchem.5c00563	hces2a-in-9d	https://www.chemicalprobes.org/
JLIJJLLYTGASQX-UHFFFAOYSA-N	O00748	inhibitor			1.6	nM	biochemical	Enzymatic inhibition assay				Chemical Probes Portal	DOI:10.1016/j.ejmech.2023.115708	lc-20w	https://www.chemicalprobes.org/
JLIJJLLYTGASQX-UHFFFAOYSA-N	O00748	inhibitor			1.4	nM	biochemical	Binding kinetics assay				Chemical Probes Portal	DOI:10.1016/j.ejmech.2023.115708	lc-20w	https://www.chemicalprobes.org/
JLIJJLLYTGASQX-UHFFFAOYSA-N	O00748	inhibitor	IC50		52	nM	cell	Intracellular inhibition assay				Chemical Probes Portal	DOI:10.1016/j.ejmech.2023.115708	lc-20w	https://www.chemicalprobes.org/
FUEYCNUHTBZPRF-SVBPBHIXSA-N	P07711	covalent inhibitor			0.27	nM	biochemical	FRET protease assay				Chemical Probes Portal	DOI:10.1021/acs.jmedchem.4c00656	d6-3	https://www.chemicalprobes.org/
FUEYCNUHTBZPRF-SVBPBHIXSA-N	P07711	covalent inhibitor	IC50		260	nM	cell	SARS-CoV-2 infection inhibition in Vero E6 cells via qRT-PCR of viral RNA.				Chemical Probes Portal	DOI:10.1021/acs.jmedchem.4c00656	d6-3	https://www.chemicalprobes.org/
KDTQFQYXTWVBCC-UHFFFAOYSA-N	P57789	activator	EC50		300	nM	cell	Thallium flux assay Emax 184%				Chemical Probes Portal	DOI:10.1021/acschemneuro.5c00032	ono-2920632	https://www.chemicalprobes.org/
GSLHDZCTAHKMDW-UHFFFAOYSA-N	P50750	inhibitor			6.51	nM	biochemical	Biochemical assay				Chemical Probes Portal	DOI:10.1021/acs.jmedchem.5c00472	1-7a-b1	https://www.chemicalprobes.org/
GSLHDZCTAHKMDW-UHFFFAOYSA-N	P50750	inhibitor			8868	nM	binding	SPR, binding affinity of 1-7a-B1 to CDK9/Cyclin T1				Chemical Probes Portal	DOI:10.1021/acs.jmedchem.5c00472	1-7a-b1	https://www.chemicalprobes.org/
GSLHDZCTAHKMDW-UHFFFAOYSA-N	P50750	inhibitor	GI50		150	nM	cell	Cell proliferation assay | 150 ± 5 nM				Chemical Probes Portal	DOI:10.1021/acs.jmedchem.5c00472	1-7a-b1	https://www.chemicalprobes.org/
GSLHDZCTAHKMDW-UHFFFAOYSA-N	P50750	inhibitor	GI50		190	nM	cell	Cell proliferation assay | 190 ± 8 nM				Chemical Probes Portal	DOI:10.1021/acs.jmedchem.5c00472	1-7a-b1	https://www.chemicalprobes.org/
DXAQGYQVEJTSTD-UHFFFAOYSA-N	O95069	activator	EC50		330	nM	cell	Thallium flux assay (Emax 172%)				Chemical Probes Portal	DOI:10.1021/acschemneuro.5c00032	ono-6830634	https://www.chemicalprobes.org/
DXAQGYQVEJTSTD-UHFFFAOYSA-N	P57789	activator	EC50		190	nM	cell	Thallium flux assay (Emax 142%)				Chemical Probes Portal	DOI:10.1021/acschemneuro.5c00032	ono-6830634	https://www.chemicalprobes.org/
ODRITQGYYWHQGM-INIZCTEOSA-N	P49336	inhibitor			2.6	nM	biochemical	FRET-based Lanthascreen binding competition assay | 2.6 ± 0.1 nM				Chemical Probes Portal	DOI:10.1021/acs.jmedchem.6b00597	msc2530818	https://www.chemicalprobes.org/
ODRITQGYYWHQGM-INIZCTEOSA-N	P49336	inhibitor	IC50		8	nM	cell	Phospho-STAT1 (SER727) inhibition assay | 8 ± 2 nM				Chemical Probes Portal	DOI:10.1021/acs.jmedchem.6b00597	msc2530818	https://www.chemicalprobes.org/
ODRITQGYYWHQGM-INIZCTEOSA-N	P49336	inhibitor	IC50		32	nM	cell	Reporter-based luciferase readout assay (β-catenin mutant) | 32 ± 7 nM				Chemical Probes Portal	DOI:10.1021/acs.jmedchem.6b00597	msc2530818	https://www.chemicalprobes.org/
ODRITQGYYWHQGM-INIZCTEOSA-N	P49336	inhibitor	IC50		9	nM	cell	Reporter-based luciferase readout assay (APC mutant) | 9 ± 1 nM				Chemical Probes Portal	DOI:10.1021/acs.jmedchem.6b00597	msc2530818	https://www.chemicalprobes.org/
ODRITQGYYWHQGM-INIZCTEOSA-N	P49336	inhibitor	IC50		52	nM	cell	WNT3a ligand-dependent reporter assay | 52 ± 30 nM				Chemical Probes Portal	DOI:10.1021/acs.jmedchem.6b00597	msc2530818	https://www.chemicalprobes.org/
ODRITQGYYWHQGM-INIZCTEOSA-N	P49336	inhibitor	IC50		5.3		cell	Inducible (7dF3; Ewan et al., 2010) WNT-pathway luciferase-reporter expression | 5.3 ± 2				Chemical Probes Portal	DOI:10.1021/acs.jmedchem.6b00597	msc2530818	https://www.chemicalprobes.org/
ODRITQGYYWHQGM-INIZCTEOSA-N	Q9BWU1	inhibitor			4	nM	biochemical	FRET-based Lanthascreen binding competition assay,				Chemical Probes Portal	DOI:10.1021/acs.jmedchem.6b00597	msc2530818	https://www.chemicalprobes.org/
BODASLVEZBWITD-ACCUITESSA-N	Q9BVS4	molecular glue			98	nM	biochemical	ADP-GloTM kinase assay				Chemical Probes Portal	DOI:10.1016/j.ejmech.2024.117166	cq627	https://www.chemicalprobes.org/
BODASLVEZBWITD-ACCUITESSA-N	Q9BVS4	molecular glue	DC50		410	nM	cell	Degradation detected via Western Blot after 12 h with Dmax of 83.4% (Dmax of 94.8% after 24 h with 1 uM compound)				Chemical Probes Portal	DOI:10.1016/j.ejmech.2024.117166	cq627	https://www.chemicalprobes.org/
BODASLVEZBWITD-ACCUITESSA-N	Q9BVS4	molecular glue	IC50	<	350	nM	cell	Cell proliferation assay				Chemical Probes Portal	DOI:10.1016/j.ejmech.2024.117166	cq627	https://www.chemicalprobes.org/
BODASLVEZBWITD-ACCUITESSA-N	Q9BVS4	molecular glue	activity		1	uM	cell	reduction of mTOR and AKT phosphorylation				Chemical Probes Portal	DOI:10.1016/j.ejmech.2024.117166	cq627	https://www.chemicalprobes.org/
XBWKVZHZUZNMJE-UHFFFAOYSA-N	Q9Y6E0	inhibitor			7.5	degC	binding	DSF | 7.5 ± 0.6 Kelvin				Chemical Probes Portal	DOI:10.1021/acs.jmedchem.3c01980	ja310	https://www.chemicalprobes.org/
XBWKVZHZUZNMJE-UHFFFAOYSA-N	Q9Y6E0	inhibitor			76	nM	binding	NanoBRET in lysed HEK293 cells				Chemical Probes Portal	DOI:10.1021/acs.jmedchem.3c01980	ja310	https://www.chemicalprobes.org/
XBWKVZHZUZNMJE-UHFFFAOYSA-N	Q9Y6E0	inhibitor	EC50		106	nM	cell	NanoBRET in intact cells				Chemical Probes Portal	DOI:10.1021/acs.jmedchem.3c01980	ja310	https://www.chemicalprobes.org/
OYMNPJXKQVTQTR-UHFFFAOYSA-N	P21453	agonist			13	nM	biochemical	GTPγS binding assays measured in CHO cell membranes expressing stably transfected hS1P1 receptor | 13 ± 8.58 nm				Chemical Probes Portal	DOI:10.1074/jbc.M311743200	sew-2871	https://www.chemicalprobes.org/
OYMNPJXKQVTQTR-UHFFFAOYSA-N	P21453	agonist	EC50	>=	600	uM	cell	Calcium flux assay on murine variant | dose dependent increase (600 nM to 600µM)				Chemical Probes Portal	DOI:10.1074/jbc.M311743200	sew-2871	https://www.chemicalprobes.org/
OYMNPJXKQVTQTR-UHFFFAOYSA-N	P21453	agonist	activity		13.8	fold	cell	pAkt and pERK1 levels after treatment with SEW2871 | 13.8x				Chemical Probes Portal	DOI:10.1074/jbc.M311743200	sew-2871	https://www.chemicalprobes.org/
OYMNPJXKQVTQTR-UHFFFAOYSA-N	P21453	agonist	activity		5.8	fold	cell	pAkt and pERK1 levels after treatment with SEW2871 | 5.8x				Chemical Probes Portal	DOI:10.1074/jbc.M311743200	sew-2871	https://www.chemicalprobes.org/
BXNMZRPTQFVRFA-QGZVFWFLSA-N	Q7Z2W7	antagonist			181	nM	biochemical	FLIPR assay				Chemical Probes Portal	DOI:10.1021/ml500479v	pf-05105679	https://www.chemicalprobes.org/
BXNMZRPTQFVRFA-QGZVFWFLSA-N	Q7Z2W7	antagonist	IC50		103	nM	cell	Inhibition of voltage-induced current in HEK-293 cells expressing human and guinea pig TRPM8 channels.  IC50 = 109 ± 38.8 nM for guinea pigs. | 103 ± 29 nM				Chemical Probes Portal	DOI:10.1021/ml500479v	pf-05105679	https://www.chemicalprobes.org/
BXNMZRPTQFVRFA-QGZVFWFLSA-N	Q7Z2W7	antagonist	IC50		13.8	nM	cell	Voltage activation in HEK-293 cells at 12°C. | 13.8 ± 2.2 nM				Chemical Probes Portal	DOI:10.1021/ml500479v	pf-05105679	https://www.chemicalprobes.org/
WCWUXEGQKLTGDX-LLVKDONJSA-N	P35968	inhibitor			26	nM	biochemical	Kinase Assay using [γ-33P]-ATP IC50; 25 nM Ki				Chemical Probes Portal	Brivanib	brivanib	https://www.chemicalprobes.org/
WCWUXEGQKLTGDX-LLVKDONJSA-N	P35968	inhibitor			25	nM	biochemical	Kinase Assay using [γ-33P]-ATP				Chemical Probes Portal	Brivanib	brivanib	https://www.chemicalprobes.org/
WCWUXEGQKLTGDX-LLVKDONJSA-N	P35968	inhibitor	IC50		40	nM	cell	Inhibition of cell Proliferation VEGF stimulated				Chemical Probes Portal	Brivanib	brivanib	https://www.chemicalprobes.org/
WCWUXEGQKLTGDX-LLVKDONJSA-N	P35968	inhibitor	IC50		276	nM	cell	Inhibition of cell Proliferation FGF stimulated				Chemical Probes Portal	Brivanib	brivanib	https://www.chemicalprobes.org/
HTCJUBZBSJQWBW-CQSZACIVSA-N	Q9NR97	agonist					biochemical					Chemical Probes Portal	SELGANTOLIMOD	selgantolimod	https://www.chemicalprobes.org/
HTCJUBZBSJQWBW-CQSZACIVSA-N	Q9NR97	agonist	EC50		220	nM	cell	High Throughput Cryopreserved PBMC Assay: quantification of the levels of IL-12p40 (TLR8 cytokine) and IFN-α (TLR7 cytokine) in the supernatant of human PBMCs.				Chemical Probes Portal	SELGANTOLIMOD	selgantolimod	https://www.chemicalprobes.org/
HTCJUBZBSJQWBW-CQSZACIVSA-N	Q9NR97	agonist			49	nM	cell	Reporter assay. The minimum effective concentration (MEC) of (R)-7 that resulted in a 3-fold increase above background was 49 nM for human TLR8. The MEC for human TLR7 was 5197 nM, further supporting a mechanism of selective engagement of (R)-7 on human TLR8 over human TLR7.				Chemical Probes Portal	SELGANTOLIMOD	selgantolimod	https://www.chemicalprobes.org/
VSOUDUXMPUHJEU-UHFFFAOYSA-N	O43614	antagonist			1.1	nM	binding	Radioligand Binding Assay				Chemical Probes Portal	DOI:10.1016/j.bmcl.2014.08.041	mk-3697	https://www.chemicalprobes.org/
VSOUDUXMPUHJEU-UHFFFAOYSA-N	O43614	antagonist	IC50		16	nM	cell	FLIPR Assay				Chemical Probes Portal	DOI:10.1016/j.bmcl.2014.08.041	mk-3697	https://www.chemicalprobes.org/
RSJAXPUYVJKAAA-JPGJPTAESA-N	P49146	antagonist					biochemical					Chemical Probes Portal	BIIE0246	biie0246	https://www.chemicalprobes.org/
RSJAXPUYVJKAAA-JPGJPTAESA-N	P49146	antagonist	IC50		3.3	nM	cell	Radioligand binding Assay				Chemical Probes Portal	BIIE0246	biie0246	https://www.chemicalprobes.org/
ATALOFNDEOCMKK-OITMNORJSA-N	P25103	antagonist			0.2	nM	biochemical	Saturation binding analysis with increasing concentrations of [3H]-Aprepitant using Sf9 membranes				Chemical Probes Portal	APREPITANT	aprepitant	https://www.chemicalprobes.org/
ATALOFNDEOCMKK-OITMNORJSA-N	P25103	antagonist	IC50		0.09	nM	cell	Displacement of 125I-labeled SP from the human NK-1 receptor expressed in CHO cells				Chemical Probes Portal	APREPITANT	aprepitant	https://www.chemicalprobes.org/
ATHZIFFSGSWIAU-UHFFFAOYSA-N	P08173	antagonist			6.53	nM	binding	Competitive radioligand binding assays | 6.53 ± 0.797 nM				Chemical Probes Portal	DOI:10.1016/j.ejphar.2016.04.022	pcs1055	https://www.chemicalprobes.org/
ATHZIFFSGSWIAU-UHFFFAOYSA-N	P08173	antagonist	IC50		18.1	nM	cell	GTP-γ-[35S] binding assays | 18.1 ± 0.658 nM				Chemical Probes Portal	DOI:10.1016/j.ejphar.2016.04.022	pcs1055	https://www.chemicalprobes.org/
UXZAJSZFFARTEI-YRPNKDGESA-N	O43614	agonist			48	nM	biochemical	Binding assay using [3H]T-516 (TAK-925 Analog) bound to the membrane fractions of hOX2R-transfected Expi293F cells with a single saturable high-affinity binding site.				Chemical Probes Portal	DOI:10.1016/j.pbb.2019.172794	danavorexton	https://www.chemicalprobes.org/
UXZAJSZFFARTEI-YRPNKDGESA-N	O43614	agonist	EC50		5.5	nM	cell	Measuring TAK-925-induced calcium mobilization in hOX2R/CHO-K1 cells (calcium mobilization assays)				Chemical Probes Portal	DOI:10.1016/j.pbb.2019.172794	danavorexton	https://www.chemicalprobes.org/
UXZAJSZFFARTEI-YRPNKDGESA-N	O43614	agonist	EC50		15	nM	cell	Effects of TAK-925 on IP1 production in hOX2R/CHO-EA cells.				Chemical Probes Portal	DOI:10.1016/j.pbb.2019.172794	danavorexton	https://www.chemicalprobes.org/
YHGBLECINAKBKX-UHFFFAOYSA-N	P41586	antagonist	IC50		920	nM	cell	hPAC1-R Antagonism compound interference assay (cAMP-HTRF). | 920 ± 140 nM				Chemical Probes Portal	DOI:10.1124/molpharm.122.000662	bay2686013	https://www.chemicalprobes.org/
YHGBLECINAKBKX-UHFFFAOYSA-N	P41586	antagonist	IC50		400	uM	cell	FLIPR assay | 400 ± 10 uM				Chemical Probes Portal	DOI:10.1124/molpharm.122.000662	bay2686013	https://www.chemicalprobes.org/
NCWQLHHDGDXIJN-UHFFFAOYSA-N	P29274	antagonist	IC50		0.79	nM	cell	Inhibition of adenosine-mediated cAMP accumulation in human A2AR-expressing cells		0.1	uM	Chemical Probes Portal	DOI:10.1136/jitc-2019-000417	imaradenant	https://www.chemicalprobes.org/
NCWQLHHDGDXIJN-UHFFFAOYSA-N	P29274	antagonist	EC50		53	nM	cell	T Cell IFNγ Secretion assay with 0.1 uM NECA inhibition				Chemical Probes Portal	DOI:10.1136/jitc-2019-000417	imaradenant	https://www.chemicalprobes.org/
NCWQLHHDGDXIJN-UHFFFAOYSA-N	P29274	antagonist	Ki		1.7	nM	cell	Radioligand assay				Chemical Probes Portal	DOI:10.1136/jitc-2019-000417	imaradenant	https://www.chemicalprobes.org/
OAEWNSKRLBVVBV-QSEAXJEQSA-N	P25101	antagonist			0.46	nM	biochemical	Enzymatic assay				Chemical Probes Portal	DOI:10.1016/s0014-2999(98)00891-7	abt-546	https://www.chemicalprobes.org/
OAEWNSKRLBVVBV-QSEAXJEQSA-N	P25101	antagonist	IC50		0.59	nM	cell	Endothelin-1-evoked phosphatidylinositol hydrolysis in MMQ cells				Chemical Probes Portal	DOI:10.1016/s0014-2999(98)00891-7	abt-546	https://www.chemicalprobes.org/
OAEWNSKRLBVVBV-QSEAXJEQSA-N	P25101	antagonist	EC50		1.1	nM	cell	Rat aortic ring contraction				Chemical Probes Portal	DOI:10.1016/s0014-2999(98)00891-7	abt-546	https://www.chemicalprobes.org/
QLOHOGRMRUDDPM-LBPRGKRZSA-N	Q15825	antagonist	IC50		86	nM	cell	"Calcium flux assay in human α6*-nAChR containing channels
whereas α6-containing nAChRs (α6*-nAChRs; asterisk (*) denotes possible presence of additional subunits) α6* = α6-α3/β2/β3V273S"				Chemical Probes Portal	DOI:10.1021/acs.jmedchem.3c00630	cvn417	https://www.chemicalprobes.org/
FOBFICSYUINKAA-XMMPIXPASA-N	P32745	antagonist			0.64	nM	binding	Radioligand binding assay | 0.64 ± 0.12 nM				Chemical Probes Portal	DOI:10.1021/jm0108449	bn81644	https://www.chemicalprobes.org/
FOBFICSYUINKAA-XMMPIXPASA-N	P32745	antagonist	IC50		2.7	nM	cell	Inhibition of SRIF-14 decreased cAMP accumulation induced by forskolin | 2.7 ± 0.7 nM				Chemical Probes Portal	DOI:10.1021/jm0108449	bn81644	https://www.chemicalprobes.org/
PUKBOVABABRILL-YZNIXAGQSA-N	P21730	antagonist	IC50		0.1	nM	cell	Displacement of [125I]-C5a binding to C5aR on a human myeloid cell line				Chemical Probes Portal	DOI:10.1371/journal.pone.0164646	avacopan	https://www.chemicalprobes.org/
PUKBOVABABRILL-YZNIXAGQSA-N	P21730	antagonist	IC50		0.2	nM	cell	Inhibition of C5a-mediated chemotaxis				Chemical Probes Portal	DOI:10.1371/journal.pone.0164646	avacopan	https://www.chemicalprobes.org/
PUKBOVABABRILL-YZNIXAGQSA-N	P21730	antagonist	IC50		0.1	nM	cell	Calcium mobilization assay				Chemical Probes Portal	DOI:10.1371/journal.pone.0164646	avacopan	https://www.chemicalprobes.org/
FJZNNKJZHQFMCK-LRDDRELGSA-N	P25090	agonist	EC50		0.41	nM	cell	Ca2+ mobilization in HEK293 cells overexpressing hFPR2				Chemical Probes Portal	DOI:10.1021/acs.jmedchem.9b02101	bms-986235	https://www.chemicalprobes.org/
FJZNNKJZHQFMCK-LRDDRELGSA-N	P25090	agonist	EC50		5	nM	cell	Inhibition of cAMP levels observed in cells overexpressing hFPR2				Chemical Probes Portal	DOI:10.1021/acs.jmedchem.9b02101	bms-986235	https://www.chemicalprobes.org/
FJZNNKJZHQFMCK-LRDDRELGSA-N	P25090	agonist	EC50	>=	5	nM	cell	BRET signals for Gαi1, Gαi2, Gαi3, GαoA, and GαoB biosensors BRET signals for Gα12/P115, Gα13/PDZ-RhoGEF biosensors | 5 nM to 13 nM				Chemical Probes Portal	DOI:10.1021/acs.jmedchem.9b02101	bms-986235	https://www.chemicalprobes.org/
FJZNNKJZHQFMCK-LRDDRELGSA-N	P25090	agonist	EC50		260	nM	cell	BRET signals for Gαi1, Gαi2, Gαi3, GαoA, and GαoB biosensors BRET signals for Gα12/P115, Gα13/PDZ-RhoGEF biosensors | 260 nM				Chemical Probes Portal	DOI:10.1021/acs.jmedchem.9b02101	bms-986235	https://www.chemicalprobes.org/
FJZNNKJZHQFMCK-LRDDRELGSA-N	P25090	agonist	EC50		855	nM	cell	BRET signals for Gαi1, Gαi2, Gαi3, GαoA, and GαoB biosensors BRET signals for Gα12/P115, Gα13/PDZ-RhoGEF biosensors | 855 nM				Chemical Probes Portal	DOI:10.1021/acs.jmedchem.9b02101	bms-986235	https://www.chemicalprobes.org/
BZCALJIHZVNMGJ-HSZRJFAPSA-N	O14842	agonist			38	nM	biochemical	GPR40 radioactive Receptor Binding Assay with human homolog				Chemical Probes Portal	Fasiglifam	fasiglifam	https://www.chemicalprobes.org/
BZCALJIHZVNMGJ-HSZRJFAPSA-N	O14842	agonist			140	nM	biochemical	GPR40 radioactive Receptor Binding Assay with rat homolog				Chemical Probes Portal	Fasiglifam	fasiglifam	https://www.chemicalprobes.org/
BZCALJIHZVNMGJ-HSZRJFAPSA-N	O14842	agonist	EC50		14	nM	cell	FLIPR assay (Ca Efflux)				Chemical Probes Portal	Fasiglifam	fasiglifam	https://www.chemicalprobes.org/
KDFQABSFVYLGPM-QFIPXVFZSA-N	P32239	antagonist			2	nM	biochemical	[125I] CCK binding in guinea pig gastric glands and brain cortex				Chemical Probes Portal	L-365260	l-365260	https://www.chemicalprobes.org/
KDFQABSFVYLGPM-QFIPXVFZSA-N	P32239	antagonist	IC50		2	nM	cell	Radioligand binding assay				Chemical Probes Portal	L-365260	l-365260	https://www.chemicalprobes.org/
PZGSYNNVPNLHQG-SANMLTNESA-N	P30968	antagonist			27	nM	biochemical	Tag Lite binding assay using human GnRHR				Chemical Probes Portal	DOI:10.1021/acs.jmedchem.0c01076	bay-784	https://www.chemicalprobes.org/
PZGSYNNVPNLHQG-SANMLTNESA-N	P30968	antagonist	IC50		21	nM	cell	Mechanistic assay measuring cellular IP1 (superagonist Buserelin stimulation at EC80)				Chemical Probes Portal	DOI:10.1021/acs.jmedchem.0c01076	bay-784	https://www.chemicalprobes.org/
OGJGQVFWEPNYSB-UHFFFAOYSA-N	P21917	antagonist	Ki		0.43	nM	cell	[3H]Spiperone binding assay.				Chemical Probes Portal	L-745870	l-745870	https://www.chemicalprobes.org/
AGVNHDNTFYHZNL-QGZVFWFLSA-N	P34969	antagonist			31.6	nM	biochemical	Radio ligand binding assay				Chemical Probes Portal	DOI:10.1021/jm970519e	sb-258719	https://www.chemicalprobes.org/
AGVNHDNTFYHZNL-QGZVFWFLSA-N	P34969	antagonist	EC50		20	nM	cell	Adenylyl cyclase functional assay (Inhibition of basal adenylyl cyclase activity)				Chemical Probes Portal	DOI:10.1021/jm970519e	sb-258719	https://www.chemicalprobes.org/
VXNAMCLMCBLNOL-NFQMXDRXSA-N	O14842	agonist			23	nM	biochemical	Biochemical assay				Chemical Probes Portal	BI-2081	bi-2081	https://www.chemicalprobes.org/
VXNAMCLMCBLNOL-NFQMXDRXSA-N	O14842	agonist	EC50	>=	3	nM	cell	human IPOne assay: Stimulation of 1321N1 cells, which express FFAR1 followed by measurement of the IP1 accumulation by fluorescence | 3-5 nM				Chemical Probes Portal	BI-2081	bi-2081	https://www.chemicalprobes.org/
HVVLGXULBVAFRZ-UHFFFAOYSA-N	P18089	antagonist			21	nM	biochemical	Radioactive binding assay for human ADRA2B				Chemical Probes Portal	DOI:10.1021/acs.jmedchem.2c01690	bay-6096	https://www.chemicalprobes.org/
HVVLGXULBVAFRZ-UHFFFAOYSA-N	P18089	antagonist	IC50		14	nM	cell	Cell based assay				Chemical Probes Portal	DOI:10.1021/acs.jmedchem.2c01690	bay-6096	https://www.chemicalprobes.org/
HLCHESOMJVGDSJ-LOYHVIPDSA-N	P32245	agonist	IC50		1.2	nM	cell	Displacement of [125I]-NDP-R-MSH from human receptors expressed in CHO cells.				Chemical Probes Portal	DOI:10.1021/jm025539h	thiq	https://www.chemicalprobes.org/
HLCHESOMJVGDSJ-LOYHVIPDSA-N	P32245	agonist	EC50		2.1	nM	cell	Concentration of compound at 50% maximum cAMP accumulation.  97 % Percentage of cAMP accumulation at 10 µM compound relative to R-MSH.				Chemical Probes Portal	DOI:10.1021/jm025539h	thiq	https://www.chemicalprobes.org/
VOSAWOSMGPKQEQ-OALUTQOASA-N	O43614	agonist			85	nM	binding	Radioligand Binding Assay (Saturation Binding assay), Bmax of 4.03 pmol/mg protein				Chemical Probes Portal	DOI:10.1124/jpet.122.001449	firazorexton	https://www.chemicalprobes.org/
VOSAWOSMGPKQEQ-OALUTQOASA-N	O43614	agonist	EC50		19	nM	cell	calcium mobilization assay in hOX2R/CHO-K1 cells				Chemical Probes Portal	DOI:10.1124/jpet.122.001449	firazorexton	https://www.chemicalprobes.org/
VOSAWOSMGPKQEQ-OALUTQOASA-N	O43614	agonist	EC50		37	nM	cell	IP1 production activation assay				Chemical Probes Portal	DOI:10.1124/jpet.122.001449	firazorexton	https://www.chemicalprobes.org/
VOSAWOSMGPKQEQ-OALUTQOASA-N	O43614	agonist	EC50		170	nM	cell	Induction of phosphorylation of ERK1/2				Chemical Probes Portal	DOI:10.1124/jpet.122.001449	firazorexton	https://www.chemicalprobes.org/
VOSAWOSMGPKQEQ-OALUTQOASA-N	O43614	agonist	EC50		100	nM	cell	Increased β-arrestin recruitment				Chemical Probes Portal	DOI:10.1124/jpet.122.001449	firazorexton	https://www.chemicalprobes.org/
VOSAWOSMGPKQEQ-OALUTQOASA-N	O43614	agonist	EC50		19.7	nM	cell	Patch clamp assay				Chemical Probes Portal	DOI:10.1124/jpet.122.001449	firazorexton	https://www.chemicalprobes.org/
DTCZNKWBDTXEBS-UHFFFAOYSA-N	P08173	activator	EC50		12.2	nM	cell	human M4 HEK293 cell assay using EC20 of acetylcholine (Emax of 104%)				Chemical Probes Portal	DOI:10.1021/acs.jmedchem.4c00293	emraclidine	https://www.chemicalprobes.org/
PTOIAAWZLUQTIO-GXFFZTMASA-N	P48039	agonist	Ki		0.35	nM	cell	Radioligand binding assay				Chemical Probes Portal	DOI:10.1016/j.neuropharm.2014.12.004	tasimelteon	https://www.chemicalprobes.org/
PTOIAAWZLUQTIO-GXFFZTMASA-N	P48039	agonist	Ki		0.304	nM	cell	Radioligand binding assay				Chemical Probes Portal	DOI:10.1016/j.neuropharm.2014.12.004	tasimelteon	https://www.chemicalprobes.org/
PTOIAAWZLUQTIO-GXFFZTMASA-N	P48039	agonist	EC50		0.74	nM	cell	Cyclic adenosine monophosphate assays				Chemical Probes Portal	DOI:10.1016/j.neuropharm.2014.12.004	tasimelteon	https://www.chemicalprobes.org/
PTOIAAWZLUQTIO-GXFFZTMASA-N	P49286	agonist	Ki		0.17	nM	cell	Radioligand binding assay				Chemical Probes Portal	DOI:10.1016/j.neuropharm.2014.12.004	tasimelteon	https://www.chemicalprobes.org/
PTOIAAWZLUQTIO-GXFFZTMASA-N	P49286	agonist	Ki		0.0692	nM	cell	Radioligand binding assay | 0.0692 ± 0.007 nM				Chemical Probes Portal	DOI:10.1016/j.neuropharm.2014.12.004	tasimelteon	https://www.chemicalprobes.org/
PTOIAAWZLUQTIO-GXFFZTMASA-N	P49286	agonist	EC50		0.1	nM	cell	Cyclic adenosine monophosphate assays				Chemical Probes Portal	DOI:10.1016/j.neuropharm.2014.12.004	tasimelteon	https://www.chemicalprobes.org/
TYXSIXOYTBHZFA-UHFFFAOYSA-N	Q9Y2T5	agonist	IC50		93	nM	cell	CHO-Bases cAMP assay | 93 nM in human				Chemical Probes Portal	TP-024	tp-024	https://www.chemicalprobes.org/
TYXSIXOYTBHZFA-UHFFFAOYSA-N	Q9Y2T5	agonist	IC50		141	nM	cell	CHO-Bases cAMP assay | 141 nM in Mouse				Chemical Probes Portal	TP-024	tp-024	https://www.chemicalprobes.org/
TYXSIXOYTBHZFA-UHFFFAOYSA-N	Q9Y2T5	agonist	IC50		134	nM	cell	CHO-Bases cAMP assay | 134 nM in Rat				Chemical Probes Portal	TP-024	tp-024	https://www.chemicalprobes.org/
PMEQBGAGFZDWQX-UHFFFAOYSA-N	P49146	antagonist	IC50		199	nM	cell	Y2R cAMP biosensor assay				Chemical Probes Portal	ML075	ml075	https://www.chemicalprobes.org/
PMEQBGAGFZDWQX-UHFFFAOYSA-N	P49146	antagonist	Ki		1.55	nM	cell	125I-PYY displacement with Y2R-expressing cells				Chemical Probes Portal	ML075	ml075	https://www.chemicalprobes.org/
ZPCGODCPRDIFRQ-UHFFFAOYSA-N	Q9H0K1	inhibitor			0.3	nM	biochemical	Biochemical assay (ADP-Glo assay)				Chemical Probes Portal	DOI:10.1021/acs.jmedchem.5c01401	glpg4970	https://www.chemicalprobes.org/
ZPCGODCPRDIFRQ-UHFFFAOYSA-N	Q9H0K1	inhibitor	Ki		0.7	nM	cell	NanoBRET				Chemical Probes Portal	DOI:10.1021/acs.jmedchem.5c01401	glpg4970	https://www.chemicalprobes.org/
ZPCGODCPRDIFRQ-UHFFFAOYSA-N	Q9H0K1	inhibitor	IC50		3.6	nM	cell	Dose-dependent inhibition of TNFα release				Chemical Probes Portal	DOI:10.1021/acs.jmedchem.5c01401	glpg4970	https://www.chemicalprobes.org/
ZPCGODCPRDIFRQ-UHFFFAOYSA-N	Q9H0K1	inhibitor	IC50		8.1	nM	cell	Dose-dependent inhibition of TNFα release				Chemical Probes Portal	DOI:10.1021/acs.jmedchem.5c01401	glpg4970	https://www.chemicalprobes.org/
ZPCGODCPRDIFRQ-UHFFFAOYSA-N	Q9H0K1	inhibitor	IC50		83	nM	cell	Dose-dependent inhibition of TNFα release				Chemical Probes Portal	DOI:10.1021/acs.jmedchem.5c01401	glpg4970	https://www.chemicalprobes.org/
ZPCGODCPRDIFRQ-UHFFFAOYSA-N	Q9Y2K2	inhibitor			0.7	nM	biochemical	Biochemical Assay (ADP-Glo assay)				Chemical Probes Portal	DOI:10.1021/acs.jmedchem.5c01401	glpg4970	https://www.chemicalprobes.org/
ZPCGODCPRDIFRQ-UHFFFAOYSA-N	Q9Y2K2	inhibitor	Ki		1.2	nM	cell	NanoBRET				Chemical Probes Portal	DOI:10.1021/acs.jmedchem.5c01401	glpg4970	https://www.chemicalprobes.org/
QXURFIGBRGWPQD-UHFFFAOYSA-N	Q13164	inhibitor			35	nM	biochemical	High-throughput TR-FRET-based kinase inhibition assay was used to identify potential ERK5 inhibitors		250	uM	Chemical Probes Portal	BAY-885	bay-885	https://www.chemicalprobes.org/
QXURFIGBRGWPQD-UHFFFAOYSA-N	Q13164	inhibitor	IC50		115	nM	cell	Active in cellular mechanistic luciferase assay demonstrating on-target cell activity				Chemical Probes Portal	BAY-885	bay-885	https://www.chemicalprobes.org/
AFJRYPJIKHMNGL-UHFFFAOYSA-N	P31644	modulator			4.65	nM	binding	Radioligand competition displacement assay (recombinant human GABAA subtypes expressed in HEK293 cells) | 4.65 ± 0.79 nM				Chemical Probes Portal	RO4938581	ro4938581	https://www.chemicalprobes.org/
AFJRYPJIKHMNGL-UHFFFAOYSA-N	P31644	modulator	IC50		7.4	nM	cell	Whole cell patch-clamp assay				Chemical Probes Portal	RO4938581	ro4938581	https://www.chemicalprobes.org/
LPORLBPACXEOET-UHFFFAOYSA-N	O14920	inhibitor			7.5	nM	biochemical	Biochemical assay				Chemical Probes Portal	DOI:10.1021/acs.jmedchem.5c01938	lp46	https://www.chemicalprobes.org/
LPORLBPACXEOET-UHFFFAOYSA-N	O14920	inhibitor	IC50		2590	nM	cell	Cell viability assay				Chemical Probes Portal	DOI:10.1021/acs.jmedchem.5c01938	lp46	https://www.chemicalprobes.org/
LPORLBPACXEOET-UHFFFAOYSA-N	O14920	inhibitor	% inhibition		3	uM	cell	inhibition of phosphorylation levels of IKKβ in western blot				Chemical Probes Portal	DOI:10.1021/acs.jmedchem.5c01938	lp46	https://www.chemicalprobes.org/
LPORLBPACXEOET-UHFFFAOYSA-N	O14920	inhibitor	% inhibition		3	uM	cell	inhibition of pro-inflammatory cytokine mRNA (TNF-α, IL-6, and IL-1β)				Chemical Probes Portal	DOI:10.1021/acs.jmedchem.5c01938	lp46	https://www.chemicalprobes.org/
GQCXHIKRWBIQMD-AKJBCIBTSA-N	P03372	antagonist, degrader	IC50		0.05	nM	cell	Cellular antagonist assay measuring the level of luciferase expression in T-47D wild-type cells				Chemical Probes Portal	DOI:10.1021/acs.jmedchem.1c00847	giredestrant	https://www.chemicalprobes.org/
GQCXHIKRWBIQMD-AKJBCIBTSA-N	P03372	antagonist, degrader	DC50		0.03	nM	cell	Cellular degradation assay measuring the fluorescence intensity of tagged ERα in MCF-7 wild-type cells				Chemical Probes Portal	DOI:10.1021/acs.jmedchem.1c00847	giredestrant	https://www.chemicalprobes.org/
GQCXHIKRWBIQMD-AKJBCIBTSA-N	P03372	antagonist, degrader	EC50		0.4	nM	cell	Cellular proliferation assay measuring CellTiter-Glo in MCF-7 breast cancer cells				Chemical Probes Portal	DOI:10.1021/acs.jmedchem.1c00847	giredestrant	https://www.chemicalprobes.org/
QAKJEKTXKXAPBP-MGCURZBSSA-N	Q8TDX7	molecular glue			1160	nM	binding	SPR of ternary complex formation				Chemical Probes Portal	DOI:10.1016/j.chembiol.2025.06.005	nk7-902	https://www.chemicalprobes.org/
QAKJEKTXKXAPBP-MGCURZBSSA-N	Q8TDX7	molecular glue			49	nM	binding	SPR of binary complex				Chemical Probes Portal	DOI:10.1016/j.chembiol.2025.06.005	nk7-902	https://www.chemicalprobes.org/
QAKJEKTXKXAPBP-MGCURZBSSA-N	Q8TDX7	molecular glue	Dmax		100	%	cell	Target degradation detected via western blot				Chemical Probes Portal	DOI:10.1016/j.chembiol.2025.06.005	nk7-902	https://www.chemicalprobes.org/
QAKJEKTXKXAPBP-MGCURZBSSA-N	Q8TDX7	molecular glue	DC50		0.2	nM	cell	Target degradation detected via western blot over 18 h				Chemical Probes Portal	DOI:10.1016/j.chembiol.2025.06.005	nk7-902	https://www.chemicalprobes.org/
QAKJEKTXKXAPBP-MGCURZBSSA-N	Q8TDX7	molecular glue	Dmax	>	95	%	cell	Target degradation detected via western blot over 18 h				Chemical Probes Portal	DOI:10.1016/j.chembiol.2025.06.005	nk7-902	https://www.chemicalprobes.org/
QAKJEKTXKXAPBP-MGCURZBSSA-N	Q8TDX7	molecular glue	DC50		4.1	nM	cell	Degradation detected via western blot with Dmax 94% (Monkey whole blood)				Chemical Probes Portal	DOI:10.1016/j.chembiol.2025.06.005	nk7-902	https://www.chemicalprobes.org/
QAKJEKTXKXAPBP-MGCURZBSSA-N	Q8TDX7	molecular glue	activity		1	uM	cell	Cell-based NanoBiT recruitment assay: 93T cells were transiently transfected with plasmids encoding for NEK7 and CRBN tagged with SmBiT and LgBiT, respectively.				Chemical Probes Portal	DOI:10.1016/j.chembiol.2025.06.005	nk7-902	https://www.chemicalprobes.org/
ODOJVROSIRINJT-LJQANCHMSA-N	O14578	inhibitor			12	nM	biochemical	Enzymatic assay				Chemical Probes Portal	DOI:10.1021/acs.jmedchem.3c01807	c3td879	https://www.chemicalprobes.org/
ODOJVROSIRINJT-LJQANCHMSA-N	O14578	inhibitor			2.1	degC	binding	Differential scanning fluorimetry (DSF) against untagged, recombinant CITK Kinase Domain purified from either E. coli or Sf9 insect cells				Chemical Probes Portal	DOI:10.1021/acs.jmedchem.3c01807	c3td879	https://www.chemicalprobes.org/
ODOJVROSIRINJT-LJQANCHMSA-N	O14578	inhibitor	Kd		0.3	nM	cell	NanoBRET on intact cells expressing Kinase Domain or full length CITK. | 0.3 nM				Chemical Probes Portal	DOI:10.1021/acs.jmedchem.3c01807	c3td879	https://www.chemicalprobes.org/
ODOJVROSIRINJT-LJQANCHMSA-N	O14578	inhibitor	Kd		9.5	nM	cell	NanoBRET on intact cells expressing Kinase Domain or full length CITK. | 9.5 nM				Chemical Probes Portal	DOI:10.1021/acs.jmedchem.3c01807	c3td879	https://www.chemicalprobes.org/
ZUFHZMHKCFCIHV-JRFCFUNGSA-N	P30530	inhibitor			5.3	nM	biochemical	AXL HTFR assay in the presence of 700 μM ATP				Chemical Probes Portal	DOI:10.1021/acs.jmedchem.5c00238	axl-in-68	https://www.chemicalprobes.org/
ZUFHZMHKCFCIHV-JRFCFUNGSA-N	P30530	inhibitor	Kd		6.8	nM	cell	NanoBRET				Chemical Probes Portal	DOI:10.1021/acs.jmedchem.5c00238	axl-in-68	https://www.chemicalprobes.org/
ZUFHZMHKCFCIHV-JRFCFUNGSA-N	P30530	inhibitor	IC50		16	nM	cell	pAXL ELISA (serum-free media)				Chemical Probes Portal	DOI:10.1021/acs.jmedchem.5c00238	axl-in-68	https://www.chemicalprobes.org/
ZUFHZMHKCFCIHV-JRFCFUNGSA-N	P30530	inhibitor	IC50		75	nM	cell	pAXL ELISA (100% human serum)				Chemical Probes Portal	DOI:10.1021/acs.jmedchem.5c00238	axl-in-68	https://www.chemicalprobes.org/
LTNDTFYBIKTRBQ-UHFFFAOYSA-N	P45984	covalent inhibitor			25	nM	biochemical	PhosphoSens assay @ 60 min				Chemical Probes Portal	DOI:10.1021/acs.jmedchem.5c00884	jnk2_3-cov56d	https://www.chemicalprobes.org/
LTNDTFYBIKTRBQ-UHFFFAOYSA-N	P45984	covalent inhibitor			15	nM	biochemical	KINOMEscan				Chemical Probes Portal	DOI:10.1021/acs.jmedchem.5c00884	jnk2_3-cov56d	https://www.chemicalprobes.org/
LTNDTFYBIKTRBQ-UHFFFAOYSA-N	P45984	covalent inhibitor			830	nM	biochemical	33PanQuinase assay				Chemical Probes Portal	DOI:10.1021/acs.jmedchem.5c00884	jnk2_3-cov56d	https://www.chemicalprobes.org/
LTNDTFYBIKTRBQ-UHFFFAOYSA-N	P45984	covalent inhibitor	EC50		883	nM	cell	NanoBRET; in washout experiments, the compounds remained bound to JNK2				Chemical Probes Portal	DOI:10.1021/acs.jmedchem.5c00884	jnk2_3-cov56d	https://www.chemicalprobes.org/
LTNDTFYBIKTRBQ-UHFFFAOYSA-N	P53779	covalent inhibitor			40	nM	biochemical	PhosphoSens assay @ 60 min				Chemical Probes Portal	DOI:10.1021/acs.jmedchem.5c00884	jnk2_3-cov56d	https://www.chemicalprobes.org/
LTNDTFYBIKTRBQ-UHFFFAOYSA-N	P53779	covalent inhibitor			5	nM	biochemical	KINOMEscan				Chemical Probes Portal	DOI:10.1021/acs.jmedchem.5c00884	jnk2_3-cov56d	https://www.chemicalprobes.org/
LTNDTFYBIKTRBQ-UHFFFAOYSA-N	P53779	covalent inhibitor			1909	nM	biochemical	33PanQuinase assay				Chemical Probes Portal	DOI:10.1021/acs.jmedchem.5c00884	jnk2_3-cov56d	https://www.chemicalprobes.org/
OVUNRYUVDVWTTE-UHFFFAOYSA-N	P49146	antagonist					biochemical					Chemical Probes Portal	DOI:10.1007/s00213-009-1726-x	jnj-31020028	https://www.chemicalprobes.org/
OVUNRYUVDVWTTE-UHFFFAOYSA-N	P49146	antagonist	IC50		10	nM	cell	"Inhibition of the PYY binding to human Y2 receptors in
KAN-Ts cells"				Chemical Probes Portal	DOI:10.1007/s00213-009-1726-x	jnj-31020028	https://www.chemicalprobes.org/
OVUNRYUVDVWTTE-UHFFFAOYSA-N	P49146	antagonist			10	nM	cell	FLIPR assay (pKB =−log IC50/1 + [conc agonist/EC50]				Chemical Probes Portal	DOI:10.1007/s00213-009-1726-x	jnj-31020028	https://www.chemicalprobes.org/
HUOLMBXGHHSYHC-QWQFASRJSA-N	Q13191	inhibitor			12	nM	binding	SPR assay | 12 ± 6 nM				Chemical Probes Portal	NX-1607	nx-1607	https://www.chemicalprobes.org/
HUOLMBXGHHSYHC-QWQFASRJSA-N	Q13191	inhibitor			12	degC	binding	DSF assay | 12 ± 0.2 °C				Chemical Probes Portal	NX-1607	nx-1607	https://www.chemicalprobes.org/
HUOLMBXGHHSYHC-QWQFASRJSA-N	Q13191	inhibitor			1.84	nM	biochemical	TR-FRET				Chemical Probes Portal	NX-1607	nx-1607	https://www.chemicalprobes.org/
HUOLMBXGHHSYHC-QWQFASRJSA-N	Q13191	inhibitor	ΔTm	>	15	degC	cell	HiBIT target engagement cellular thermal shift assay (CETSA)				Chemical Probes Portal	NX-1607	nx-1607	https://www.chemicalprobes.org/
HUOLMBXGHHSYHC-QWQFASRJSA-N	Q13191	inhibitor	EC50		54.3	nM	cell	IL-2 secreation measurement (ELISA assay)				Chemical Probes Portal	NX-1607	nx-1607	https://www.chemicalprobes.org/
HUOLMBXGHHSYHC-QWQFASRJSA-N	Q13191	inhibitor	EC50		26.8	nM	cell	Cell proliferation assay				Chemical Probes Portal	NX-1607	nx-1607	https://www.chemicalprobes.org/
CEGVLCNHZDUFIJ-NSHDSACASA-N	Q96P20	inhibitor	Ki		14	nM	cell	Cell-Based NanoBRET Tracer Competition Binding Experiments in Human HEK293 Cells				Chemical Probes Portal	DOI:10.1021/acs.jmedchem.5c00781	azd4144	https://www.chemicalprobes.org/
CEGVLCNHZDUFIJ-NSHDSACASA-N	Q96P20	inhibitor	IC50		76	nM	cell	Inflammasome Speck Formation Assay				Chemical Probes Portal	DOI:10.1021/acs.jmedchem.5c00781	azd4144	https://www.chemicalprobes.org/
CEGVLCNHZDUFIJ-NSHDSACASA-N	Q96P20	inhibitor	IC50		27	nM	cell	NLRP3 IL-1β Release Assays				Chemical Probes Portal	DOI:10.1021/acs.jmedchem.5c00781	azd4144	https://www.chemicalprobes.org/
CEGVLCNHZDUFIJ-NSHDSACASA-N	Q96P20	inhibitor	IC50		25	nM	cell	AIM2 IL-1β Release Assay				Chemical Probes Portal	DOI:10.1021/acs.jmedchem.5c00781	azd4144	https://www.chemicalprobes.org/
ZVDNXHUSIKGTSF-UHFFFAOYSA-N	Q9UKE5	inhibitor			31	nM	biochemical	Enzymatic assay				Chemical Probes Portal	DOI:10.1021/acs.jmedchem.4c01580	rentosertib	https://www.chemicalprobes.org/
ZVDNXHUSIKGTSF-UHFFFAOYSA-N	Q9UKE5	inhibitor			4.3	nM	binding	SPR assay				Chemical Probes Portal	DOI:10.1021/acs.jmedchem.4c01580	rentosertib	https://www.chemicalprobes.org/
ZVDNXHUSIKGTSF-UHFFFAOYSA-N	Q9UKE5	inhibitor			14.7	nM	biochemical	FRET assay @ 64 uM ATP				Chemical Probes Portal	DOI:10.1021/acs.jmedchem.4c01580	rentosertib	https://www.chemicalprobes.org/
ZVDNXHUSIKGTSF-UHFFFAOYSA-N	Q9UKE5	inhibitor			7.8	nM	biochemical	Radiometric assay				Chemical Probes Portal	DOI:10.1021/acs.jmedchem.4c01580	rentosertib	https://www.chemicalprobes.org/
ZVDNXHUSIKGTSF-UHFFFAOYSA-N	Q9UKE5	inhibitor	IC50		63	nM	cell	HSC activation				Chemical Probes Portal	DOI:10.1021/acs.jmedchem.4c01580	rentosertib	https://www.chemicalprobes.org/
ZVDNXHUSIKGTSF-UHFFFAOYSA-N	Q9UKE5	inhibitor	IC50		27	nM	cell	Reduction of TGF-β-mediated α-SMA expression in lung fibroblast cells				Chemical Probes Portal	DOI:10.1021/acs.jmedchem.4c01580	rentosertib	https://www.chemicalprobes.org/
QJWQAZTYFYCFQU-RMKNXTFCSA-N	P42330	inhibitor			51	nM	biochemical	Inhibition of the NADP+-dependent oxidation of S-tetralol catalyzed by AKR1C3. | 51 ± 6 nM				Chemical Probes Portal	DOI:10.1021/acs.jmedchem.3c00732	unmck90	https://www.chemicalprobes.org/
NORRDWRSNUOCBV-XCIZWWPASA-N	Q92793	degrader (protac)			11	nM	binding	Fluorescence Polarization (FP) assay				Chemical Probes Portal	DOI:10.1021/acs.jmedchem.3c02124	cbpd-268	https://www.chemicalprobes.org/
NORRDWRSNUOCBV-XCIZWWPASA-N	Q92793	degrader (protac)	DC50		0.5	nM	cell	CBP degradation activity was tested using HiBiT assay with 24 h treatment time and Dmax 100%				Chemical Probes Portal	DOI:10.1021/acs.jmedchem.3c02124	cbpd-268	https://www.chemicalprobes.org/
NORRDWRSNUOCBV-XCIZWWPASA-N	Q92793	degrader (protac)	DC50		0.01	nM	cell	Degradation detected via western blot Dmax 98% after 4 h				Chemical Probes Portal	DOI:10.1021/acs.jmedchem.3c02124	cbpd-268	https://www.chemicalprobes.org/
NORRDWRSNUOCBV-XCIZWWPASA-N	Q92793	degrader (protac)	DC50		0.01	nM	cell	Degradation detected via western blot Dmax 98% after 4 h				Chemical Probes Portal	DOI:10.1021/acs.jmedchem.3c02124	cbpd-268	https://www.chemicalprobes.org/
NORRDWRSNUOCBV-XCIZWWPASA-N	Q92793	degrader (protac)	DC50		0.02	nM	cell	Degradation detected via western blot Dmax 99% after 4 h				Chemical Probes Portal	DOI:10.1021/acs.jmedchem.3c02124	cbpd-268	https://www.chemicalprobes.org/
NORRDWRSNUOCBV-XCIZWWPASA-N	Q92793	degrader (protac)	IC50		3.7	nM	cell	Cell growth inhibition assay over 4 days (CellTiter-Glo)				Chemical Probes Portal	DOI:10.1021/acs.jmedchem.3c02124	cbpd-268	https://www.chemicalprobes.org/
NORRDWRSNUOCBV-XCIZWWPASA-N	Q92793	degrader (protac)	IC50		10.3	nM	cell	Cell growth inhibition assay over 4 days (CellTiter-Glo)				Chemical Probes Portal	DOI:10.1021/acs.jmedchem.3c02124	cbpd-268	https://www.chemicalprobes.org/
NORRDWRSNUOCBV-XCIZWWPASA-N	Q92793	degrader (protac)	IC50		4.6	nM	cell	Cell growth inhibition assay over 4 days (CellTiter-Glo)				Chemical Probes Portal	DOI:10.1021/acs.jmedchem.3c02124	cbpd-268	https://www.chemicalprobes.org/
NORRDWRSNUOCBV-XCIZWWPASA-N	Q09472	degrader (protac)			9.5	nM	binding	Fluorescence Polarization (FP) assay				Chemical Probes Portal	DOI:10.1021/acs.jmedchem.3c02124	cbpd-268	https://www.chemicalprobes.org/
NORRDWRSNUOCBV-XCIZWWPASA-N	Q09472	degrader (protac)	DC50		0.8	nM	cell	p300 degradation activity was tested using HiBiT assay with 24 h treatment time and Dmax 100%				Chemical Probes Portal	DOI:10.1021/acs.jmedchem.3c02124	cbpd-268	https://www.chemicalprobes.org/
NORRDWRSNUOCBV-XCIZWWPASA-N	Q09472	degrader (protac)	DC50		0.03	nM	cell	Degradation detected via western blot Dmax 98% after 4 h				Chemical Probes Portal	DOI:10.1021/acs.jmedchem.3c02124	cbpd-268	https://www.chemicalprobes.org/
NORRDWRSNUOCBV-XCIZWWPASA-N	Q09472	degrader (protac)	DC50		0.03	nM	cell	Degradation detected via western blot Dmax 98% after 4 h				Chemical Probes Portal	DOI:10.1021/acs.jmedchem.3c02124	cbpd-268	https://www.chemicalprobes.org/
NORRDWRSNUOCBV-XCIZWWPASA-N	Q09472	degrader (protac)	DC50	<	0.01	nM	cell	Degradation detected via western blot Dmax 99% after 4 h				Chemical Probes Portal	DOI:10.1021/acs.jmedchem.3c02124	cbpd-268	https://www.chemicalprobes.org/
BFMWIVWPPKENIN-AWEZNQCLSA-N	Q9UQ84	inhibitor			3.4	nM	biochemical	Biochemical assay				Chemical Probes Portal	DOI:10.1021/acs.jmedchem.5c02593	art5537	https://www.chemicalprobes.org/
BFMWIVWPPKENIN-AWEZNQCLSA-N	Q9UQ84	inhibitor			6.8	nM	binding	SPR				Chemical Probes Portal	DOI:10.1021/acs.jmedchem.5c02593	art5537	https://www.chemicalprobes.org/
BFMWIVWPPKENIN-AWEZNQCLSA-N	Q9UQ84	inhibitor	EC50		55	nM	cell	NanoBRET				Chemical Probes Portal	DOI:10.1021/acs.jmedchem.5c02593	art5537	https://www.chemicalprobes.org/
BFMWIVWPPKENIN-AWEZNQCLSA-N	Q9UQ84	inhibitor	EC50		7.2	nM	cell	HR reporter assay				Chemical Probes Portal	DOI:10.1021/acs.jmedchem.5c02593	art5537	https://www.chemicalprobes.org/
BFMWIVWPPKENIN-AWEZNQCLSA-N	Q9UQ84	inhibitor	activity		1	uM	cell	dose-dependent retention of GPF2-EXO1 on chromatin				Chemical Probes Portal	DOI:10.1021/acs.jmedchem.5c02593	art5537	https://www.chemicalprobes.org/
CLCTZVRHDOAUGJ-SYVGMNBRSA-N	P10275	degrader (protac)	DC50		1	nM	cell	Degradation observed via western blot with Dmax >95% within 4 h				Chemical Probes Portal	BAVDEGALUTAMIDE	bavdegalutamide	https://www.chemicalprobes.org/
CLCTZVRHDOAUGJ-SYVGMNBRSA-N	P10275	degrader (protac)	IC50		10	nM	cell	Inhibition of PSA synthesis				Chemical Probes Portal	BAVDEGALUTAMIDE	bavdegalutamide	https://www.chemicalprobes.org/
CLCTZVRHDOAUGJ-SYVGMNBRSA-N	P10275	degrader (protac)	IC50		20	nM	cell	Cell proliferation assay in the presence of 0.1 nmol/L R1881				Chemical Probes Portal	BAVDEGALUTAMIDE	bavdegalutamide	https://www.chemicalprobes.org/
JNTJTCXFIXNXDV-VIFPVBQESA-N	Q14432	molecular glue			82	nM	biochemical	Biochemical assay				Chemical Probes Portal	DOI:10.1021/acsmedchemlett.4c00336	bay2666605	https://www.chemicalprobes.org/
JNTJTCXFIXNXDV-VIFPVBQESA-N	Q14432	molecular glue	EC50		1.04	nM	cell	Cell viability assay				Chemical Probes Portal	DOI:10.1021/acsmedchemlett.4c00336	bay2666605	https://www.chemicalprobes.org/
JNTJTCXFIXNXDV-VIFPVBQESA-N	Q14432	molecular glue	IC50	>=	5	nM	cell	CellTiterGlo viability assay in glioblastoma cells lines showed strong correlation between PDE3A expression and response to BAY 2666605; GB1 PDE3A KO cells were insensitive to the compound | 5-550nM				Chemical Probes Portal	DOI:10.1021/acsmedchemlett.4c00336	bay2666605	https://www.chemicalprobes.org/
DTWUUAFTYSMNQX-GFCCVEGCSA-N	P08922	inhibitor			0.7	nM	biochemical	Biochemical assay using WT ROS1				Chemical Probes Portal	DOI:10.1158/2159-8290.CD-22-0968	zidesamtinib	https://www.chemicalprobes.org/
DTWUUAFTYSMNQX-GFCCVEGCSA-N	P08922	inhibitor			7.9	nM	biochemical	Biochemical assay using ROS1 G2032R				Chemical Probes Portal	DOI:10.1158/2159-8290.CD-22-0968	zidesamtinib	https://www.chemicalprobes.org/
DTWUUAFTYSMNQX-GFCCVEGCSA-N	P08922	inhibitor	IC50		1.3	nM	cell	Cell proliferation assay				Chemical Probes Portal	DOI:10.1158/2159-8290.CD-22-0968	zidesamtinib	https://www.chemicalprobes.org/
DTWUUAFTYSMNQX-GFCCVEGCSA-N	P08922	inhibitor	IC50		3.6	nM	cell	Cell Proliferation Assay using cell lines baring ROS1 G2032R mutation				Chemical Probes Portal	DOI:10.1158/2159-8290.CD-22-0968	zidesamtinib	https://www.chemicalprobes.org/
FZJKQMONKPFLEO-NZIMVQFPSA-N	Q00987	degrader (protac)	DC50		0.2	nM	cell	Degradation of MDM2 followed by Western Blot over 2h				Chemical Probes Portal	DOI:10.1021/acs.jmedchem.5c00809	md-4251	https://www.chemicalprobes.org/
FZJKQMONKPFLEO-NZIMVQFPSA-N	Q00987	degrader (protac)	Dmax		96	%	cell	Degradation of MDM2 followed by Western Blot over 2h				Chemical Probes Portal	DOI:10.1021/acs.jmedchem.5c00809	md-4251	https://www.chemicalprobes.org/
FZJKQMONKPFLEO-NZIMVQFPSA-N	Q00987	degrader (protac)	IC50		1	nM	cell	Growth inhibition assay				Chemical Probes Portal	DOI:10.1021/acs.jmedchem.5c00809	md-4251	https://www.chemicalprobes.org/
JFHROPTYMMSOLG-UHFFFAOYSA-N	Q07343	inhibitor			0.079	nM	binding	Scintillation Proximity Assay (SPA)				Chemical Probes Portal	DOI:10.1016/j.bmcl.2009.04.012	gsk256066	https://www.chemicalprobes.org/
JFHROPTYMMSOLG-UHFFFAOYSA-N	Q07343	inhibitor	IC50		0.01	nM	cell	Inhibition of LPS induced TNF-α production from isolated human peripheral blood mononuclear cells (PBMC) using IGEN technology				Chemical Probes Portal	DOI:10.1016/j.bmcl.2009.04.012	gsk256066	https://www.chemicalprobes.org/
JFHROPTYMMSOLG-UHFFFAOYSA-N	Q07343	inhibitor	IC50		0.12	nM	cell	Inhibition of LPS induced TNF-α production from isolated human whole blood using IGEN technology				Chemical Probes Portal	DOI:10.1016/j.bmcl.2009.04.012	gsk256066	https://www.chemicalprobes.org/
BZJPCUQQPJJBTP-FGZHOGPDSA-N	Q9GZN0	agonist	EC50		47	nM	cell	hGPR88 Gi1 BRET assay with Emax 110%				Chemical Probes Portal	DOI:10.1021/acs.jmedchem.4c00665	bi-9508	https://www.chemicalprobes.org/
OLAGZWUBPYQCBR-JSKJCRAUSA-N	Q86U44	degrader (protac)			341	nM	biochemical	Methyltransferase assay showing inhibition of the METTL3/14 complex				Chemical Probes Portal	DOI:10.1016/j.ejmech.2024.116843	kh12	https://www.chemicalprobes.org/
OLAGZWUBPYQCBR-JSKJCRAUSA-N	Q86U44	degrader (protac)	DC50		220	nM	cell	METTL3 is degraded by over 50 % and 90 % at 4 and 24 h, respectively (detected by Western blot).				Chemical Probes Portal	DOI:10.1016/j.ejmech.2024.116843	kh12	https://www.chemicalprobes.org/
OLAGZWUBPYQCBR-JSKJCRAUSA-N	Q86U44	degrader (protac)					cell					Chemical Probes Portal	DOI:10.1016/j.ejmech.2024.116843	kh12	https://www.chemicalprobes.org/
OLAGZWUBPYQCBR-JSKJCRAUSA-N	Q86U44	degrader (protac)	IC50		1040	nM	cell	Anti-proliferative asay				Chemical Probes Portal	DOI:10.1016/j.ejmech.2024.116843	kh12	https://www.chemicalprobes.org/
KVDLSQZBDWJNSG-VINRIKPSSA-N	Q13546	degrader (protac)	Dmax	~	100	%	cell	Western blot analysis evaluating RIPK1 degradation after 6 h incubation				Chemical Probes Portal	DOI:10.1016/j.immuni.2024.04.025	r1-icr-5	https://www.chemicalprobes.org/
KVDLSQZBDWJNSG-VINRIKPSSA-N	Q13546	degrader (protac)	DC50	~	50	nM	cell	Western blot analysis evaluating RIPK1 degradation after 6 h incubation				Chemical Probes Portal	DOI:10.1016/j.immuni.2024.04.025	r1-icr-5	https://www.chemicalprobes.org/
KVDLSQZBDWJNSG-VINRIKPSSA-N	Q13546	degrader (protac)	DC50		50	nM	cell	HT1080 cells (ATCC) stably expressing Dox-inducible RIPK1ΔRHIMΔDD-HiBiT in a bioluminescence-based assay.				Chemical Probes Portal	DOI:10.1016/j.immuni.2024.04.025	r1-icr-5	https://www.chemicalprobes.org/
KVDLSQZBDWJNSG-VINRIKPSSA-N	Q13546	degrader (protac)	Dmax		101	%	cell	HT1080 cells (ATCC) stably expressing Dox-inducible RIPK1ΔRHIMΔDD-HiBiT in a bioluminescence-based assay				Chemical Probes Portal	DOI:10.1016/j.immuni.2024.04.025	r1-icr-5	https://www.chemicalprobes.org/
ISQCXAWAHDJCRH-FKDRFZFOSA-N	Q00987	degrader (protac)	IC50		2	nM	cell	Cell proliferation assay				Chemical Probes Portal	DOI:10.1021/acs.jmedchem.4c01818	md-265	https://www.chemicalprobes.org/
ISQCXAWAHDJCRH-FKDRFZFOSA-N	Q00987	degrader (protac)	Dmax		100	%	cell	Assessed via western blot				Chemical Probes Portal	DOI:10.1021/acs.jmedchem.4c01818	md-265	https://www.chemicalprobes.org/
JBTHUOYYUUPUOZ-LIHPQFRDSA-N	P51531	degrader (protac)			208	nM	binding	SPR				Chemical Probes Portal	DOI:10.1038/s41467-022-33430-6	acbi2	https://www.chemicalprobes.org/
JBTHUOYYUUPUOZ-LIHPQFRDSA-N	P51531	degrader (protac)			172	nM	biochemical	TR-FRET using SMARCA2-BD | 172 ± 109 nM				Chemical Probes Portal	DOI:10.1038/s41467-022-33430-6	acbi2	https://www.chemicalprobes.org/
JBTHUOYYUUPUOZ-LIHPQFRDSA-N	P51531	degrader (protac)			42	nM	biochemical	TR-FRET of the ternary complex | 42 ± 2 nM				Chemical Probes Portal	DOI:10.1038/s41467-022-33430-6	acbi2	https://www.chemicalprobes.org/
JBTHUOYYUUPUOZ-LIHPQFRDSA-N	P51531	degrader (protac)	DC50		1	nM	cell	Protein degradation at 18h treatment | 1 ± 1 nM				Chemical Probes Portal	DOI:10.1038/s41467-022-33430-6	acbi2	https://www.chemicalprobes.org/
JBTHUOYYUUPUOZ-LIHPQFRDSA-N	P51531	degrader (protac)	Dmax		81	%	cell	Maximal degradation in cells after 18h treatment | 81 ± 7%				Chemical Probes Portal	DOI:10.1038/s41467-022-33430-6	acbi2	https://www.chemicalprobes.org/
JBTHUOYYUUPUOZ-LIHPQFRDSA-N	P51531	degrader (protac)	DC50		13	nM	cell	Protein degradation after 4 h | 13 ± 14 nM				Chemical Probes Portal	DOI:10.1038/s41467-022-33430-6	acbi2	https://www.chemicalprobes.org/
JBTHUOYYUUPUOZ-LIHPQFRDSA-N	P51531	degrader (protac)	Dmax		86	%	cell	Maximum degradation after 4h treatment | 86 ± 6%				Chemical Probes Portal	DOI:10.1038/s41467-022-33430-6	acbi2	https://www.chemicalprobes.org/
JBTHUOYYUUPUOZ-LIHPQFRDSA-N	P51531	degrader (protac)	EC50		7	nM	cell	Cell proliferation assay (168h) | 7 ± 4 nM				Chemical Probes Portal	DOI:10.1038/s41467-022-33430-6	acbi2	https://www.chemicalprobes.org/
JBTHUOYYUUPUOZ-LIHPQFRDSA-N	P51532	degrader (protac)	DC50		32	nM	cell	Protein degradation after 18h				Chemical Probes Portal	DOI:10.1038/s41467-022-33430-6	acbi2	https://www.chemicalprobes.org/
PTARASCXNREVCH-UHFFFAOYSA-N	Q13627	degrader (protac)	Dmax	~	90	%	cell	DYRK1A degradation assay (24h); hook effect seen at 10 µM; near maximal degradation observed after 8h				Chemical Probes Portal	DOI:10.1021/acs.jmedchem.4c01130	dyr684	https://www.chemicalprobes.org/
PTARASCXNREVCH-UHFFFAOYSA-N	Q13627	degrader (protac)	DC50		12.3	nM	cell	DYRK1A degradation assay (24h)  shows initial degradation rate of about 0.74 h–1 (t1/2 = 57 min) and a maximal reduction of GFP fluorescence by 98%				Chemical Probes Portal	DOI:10.1021/acs.jmedchem.4c01130	dyr684	https://www.chemicalprobes.org/
PTARASCXNREVCH-UHFFFAOYSA-N	Q9Y463	degrader (protac)	Dmax	~	50	%	cell	DYRK1A degradation assay (24h); near maximal degradation observed after 8h				Chemical Probes Portal	DOI:10.1021/acs.jmedchem.4c01130	dyr684	https://www.chemicalprobes.org/
PTARASCXNREVCH-UHFFFAOYSA-N	Q9Y463	degrader (protac)	activity		1	uM	cell	GFP level: degraded at rate of 1.16 h–1 (t1/2 = 36 min) but reached a plateau at 86% degradation				Chemical Probes Portal	DOI:10.1021/acs.jmedchem.4c01130	dyr684	https://www.chemicalprobes.org/
AJQAXIIJKPCAOP-XVNGORCSSA-N	P28347	degrader (protac)			1	uM	biochemical	cell-free AlphaLISA assay between CRBN and TEAD1				Chemical Probes Portal	DOI:10.1016/j.heliyon.2024.e37829	hc278	https://www.chemicalprobes.org/
AJQAXIIJKPCAOP-XVNGORCSSA-N	P28347	degrader (protac)	Dmax		50	%	cell	Protein degradation detected by Western blot				Chemical Probes Portal	DOI:10.1016/j.heliyon.2024.e37829	hc278	https://www.chemicalprobes.org/
AJQAXIIJKPCAOP-XVNGORCSSA-N	Q99594	degrader (protac)		~	1	uM	biochemical	cell-free AlphaLISA assay between CRBN and TEAD3				Chemical Probes Portal	DOI:10.1016/j.heliyon.2024.e37829	hc278	https://www.chemicalprobes.org/
PLCITURFVJNAFH-GUQHISFFSA-N	Q6P2P2	inhibitor			10	nM	biochemical	Biochemical assay				Chemical Probes Portal	MRK-990	mrk-990	https://www.chemicalprobes.org/
PLCITURFVJNAFH-GUQHISFFSA-N	Q6P2P2	inhibitor	IC50		145	nM	cell	Inhibition of the methylation of SAP145 (PRMT9) after 2 days of treatment				Chemical Probes Portal	MRK-990	mrk-990	https://www.chemicalprobes.org/
PLCITURFVJNAFH-GUQHISFFSA-N	O14744	inhibitor			30	nM	biochemical	Biochemical assay				Chemical Probes Portal	MRK-990	mrk-990	https://www.chemicalprobes.org/
PLCITURFVJNAFH-GUQHISFFSA-N	O14744	inhibitor	IC50		519	nM	cell	Inhibition of methylation of Rme2/smBB (PRMT5) after 2 days of treatment				Chemical Probes Portal	MRK-990	mrk-990	https://www.chemicalprobes.org/
NIQFZCJNEODJTE-CSIWTOAPSA-N	Q8TBX8	degrader (protac)			0.45	nM	biochemical	Biochemical assay performed using warhead TMX-4102				Chemical Probes Portal	DOI:10.1002/anie.202302364	tmx-4153	https://www.chemicalprobes.org/
NIQFZCJNEODJTE-CSIWTOAPSA-N	Q8TBX8	degrader (protac)			42	nM	biochemical	Biochemical KdELECT assay | 42 ± 2 nM				Chemical Probes Portal	DOI:10.1002/anie.202302364	tmx-4153	https://www.chemicalprobes.org/
NIQFZCJNEODJTE-CSIWTOAPSA-N	Q8TBX8	degrader (protac)	DC50		24	nM	cell	Target degradation assessed via Western Blot after 6h				Chemical Probes Portal	DOI:10.1002/anie.202302364	tmx-4153	https://www.chemicalprobes.org/
NIQFZCJNEODJTE-CSIWTOAPSA-N	Q8TBX8	degrader (protac)	Dmax		91	%	cell	Target degradation assessed via Western Blot after 6 h				Chemical Probes Portal	DOI:10.1002/anie.202302364	tmx-4153	https://www.chemicalprobes.org/
DYDFSGCLYIZSAQ-UHFFFAOYSA-N	Q96P20	inhibitor	IC50		27.6	nM	cell	NLRP-3 cell assay				Chemical Probes Portal	DOI:10.1038/s44321-024-00181-4	jnj-79883960	https://www.chemicalprobes.org/
ANAOJSKQILNLRY-MWTRTKDXSA-N	Q99572	negative allosteric modulator					biochemical					Chemical Probes Portal	DOI:10.1038/s41467-025-65847-0	psfl1911	https://www.chemicalprobes.org/
ANAOJSKQILNLRY-MWTRTKDXSA-N	Q99572	negative allosteric modulator					cell	Reduction in phagocytic activity of THP-1 M1 cells after gene silencing				Chemical Probes Portal	DOI:10.1038/s41467-025-65847-0	psfl1911	https://www.chemicalprobes.org/
ANAOJSKQILNLRY-MWTRTKDXSA-N	Q99572	negative allosteric modulator	IC50		278	nM	cell	Patch Clamp assay				Chemical Probes Portal	DOI:10.1038/s41467-025-65847-0	psfl1911	https://www.chemicalprobes.org/
FIFRHLLUVCAOIK-SJCJKPOMSA-N	P39748	inhibitor			3	nM	biochemical	Fluorescently labeled 5′-flap cleavage assay				Chemical Probes Portal	DOI:10.1021/acs.jmedchem.5c01526	msc778	https://www.chemicalprobes.org/
FIFRHLLUVCAOIK-SJCJKPOMSA-N	P39748	inhibitor			2.9	nM	binding	SPR				Chemical Probes Portal	DOI:10.1021/acs.jmedchem.5c01526	msc778	https://www.chemicalprobes.org/
FIFRHLLUVCAOIK-SJCJKPOMSA-N	P39748	inhibitor	EC50		31	nM	cell	NanoBRET				Chemical Probes Portal	DOI:10.1021/acs.jmedchem.5c01526	msc778	https://www.chemicalprobes.org/
FIFRHLLUVCAOIK-SJCJKPOMSA-N	P39748	inhibitor	EC50		210	nM	cell	Cell viability of BRCA2 KO DLD-1 colorectal cancer cells. (EC50 2300 nM against WT)				Chemical Probes Portal	DOI:10.1021/acs.jmedchem.5c01526	msc778	https://www.chemicalprobes.org/
MMHYOHYLSFWJJB-ZDUSSCGKSA-N	O43613	antagonist		<	3	nM	biochemical	Eurofins radio-displacement assay				Chemical Probes Portal	BI-5121	bi-5121	https://www.chemicalprobes.org/
MMHYOHYLSFWJJB-ZDUSSCGKSA-N	O43613	antagonist	IC50		1.6	nM	cell	"OX1 ANTA IP1 assay
(Functional assay)"				Chemical Probes Portal	BI-5121	bi-5121	https://www.chemicalprobes.org/
YPXUKPNZQTWCRR-UHFFFAOYSA-N	Q12879	modulator			40	nM	biochemical	Fluorometric calcium mobilization assays (FLIPR)				Chemical Probes Portal	DOI:10.1021/acs.jmedchem.4c02751	jnj-7891118	https://www.chemicalprobes.org/
YPXUKPNZQTWCRR-UHFFFAOYSA-N	Q12879	modulator			78	nM	binding	Radioligand displacement assay in rat hippocampal neuron membranes				Chemical Probes Portal	DOI:10.1021/acs.jmedchem.4c02751	jnj-7891118	https://www.chemicalprobes.org/
YPXUKPNZQTWCRR-UHFFFAOYSA-N	Q12879	modulator	IC50		44	nM	cell	Voltage clamp assay				Chemical Probes Portal	DOI:10.1021/acs.jmedchem.4c02751	jnj-7891118	https://www.chemicalprobes.org/
DJOZFERTDDZPJO-UHFFFAOYSA-N	O96013	degrader (protac)			382.7	nM	biochemical	HTRF Kinase Binding Assay | 382.7 ± 7.2 nM				Chemical Probes Portal	DOI:10.1021/acs.jmedchem.5c00197	cps-021	https://www.chemicalprobes.org/
DJOZFERTDDZPJO-UHFFFAOYSA-N	O96013	degrader (protac)	DC50		500	nM	cell	CPS-021 degraded 72% of the PAK4 protein after 12 h incubation				Chemical Probes Portal	DOI:10.1021/acs.jmedchem.5c00197	cps-021	https://www.chemicalprobes.org/
DJOZFERTDDZPJO-UHFFFAOYSA-N	O96013	degrader (protac)	DC50		50	nM	cell	CPS-021 degraded 88% of the PAK4 protein after 12 h incubation				Chemical Probes Portal	DOI:10.1021/acs.jmedchem.5c00197	cps-021	https://www.chemicalprobes.org/
DJOZFERTDDZPJO-UHFFFAOYSA-N	O96013	degrader (protac)	Dmax		72	%	cell	Western blot after 12 h incubation (DC50 of 50 nM)				Chemical Probes Portal	DOI:10.1021/acs.jmedchem.5c00197	cps-021	https://www.chemicalprobes.org/
YOOKRVNCYQFKCT-UHFFFAOYSA-N	P53667	covalent inhibitor			40.71	nM	biochemical	TR-FRET assay (Kinact = 0.00283 s-1, Kinact/ KI = 69516 M-1s-1)				Chemical Probes Portal	DOI:10.1021/acs.jmedchem.5c01204	sm311	https://www.chemicalprobes.org/
YOOKRVNCYQFKCT-UHFFFAOYSA-N	P53667	covalent inhibitor			608	nM	binding	SPR noncovalent interaction with LIMK1/C349A				Chemical Probes Portal	DOI:10.1021/acs.jmedchem.5c01204	sm311	https://www.chemicalprobes.org/
YOOKRVNCYQFKCT-UHFFFAOYSA-N	P53667	covalent inhibitor	EC50		45	nM	cell	NanoBRET				Chemical Probes Portal	DOI:10.1021/acs.jmedchem.5c01204	sm311	https://www.chemicalprobes.org/
RGHSVQHKNJAFGR-QFIPXVFZSA-N	P56817	inhibitor			5	nM	biochemical	P5-P5′ assay				Chemical Probes Portal	DOI:10.1016/j.neurot.2025.e00610	fah65e	https://www.chemicalprobes.org/
RGHSVQHKNJAFGR-QFIPXVFZSA-N	P56817	inhibitor	EC50		25	nM	cell	dose-dependent reduction in sAPPβ				Chemical Probes Portal	DOI:10.1016/j.neurot.2025.e00610	fah65e	https://www.chemicalprobes.org/
RGHSVQHKNJAFGR-QFIPXVFZSA-N	P56817	inhibitor	% inhibition	>	90	%	cell	Cleavage of FL APP assay				Chemical Probes Portal	DOI:10.1016/j.neurot.2025.e00610	fah65e	https://www.chemicalprobes.org/
XHMSDQXEIBTTBE-QFIPXVFZSA-N	Q9ULC6	inhibitor			109	nM	biochemical	Glutamate dehydrogenase (GDH) enzyme-coupled assay				Chemical Probes Portal	DOI:10.1038/s41467-025-59919-4	pad-pf2	https://www.chemicalprobes.org/
XHMSDQXEIBTTBE-QFIPXVFZSA-N	Q9Y2J8	inhibitor			28.5	nM	biochemical	Glutamate dehydrogenase (GDH) enzyme-coupled assay at 0.25 mM Ca2+				Chemical Probes Portal	DOI:10.1038/s41467-025-59919-4	pad-pf2	https://www.chemicalprobes.org/
XHMSDQXEIBTTBE-QFIPXVFZSA-N	Q9Y2J8	inhibitor			2.04	uM	biochemical	Thermal stabilisation assay				Chemical Probes Portal	DOI:10.1038/s41467-025-59919-4	pad-pf2	https://www.chemicalprobes.org/
XHMSDQXEIBTTBE-QFIPXVFZSA-N	Q9ULW8	inhibitor			106	nM	biochemical	Glutamate dehydrogenase (GDH) enzyme-coupled assay				Chemical Probes Portal	DOI:10.1038/s41467-025-59919-4	pad-pf2	https://www.chemicalprobes.org/
XHMSDQXEIBTTBE-QFIPXVFZSA-N	Q9UM07	inhibitor			42.7	nM	biochemical	PAD4 fluorescence quenching (FQ) assay				Chemical Probes Portal	DOI:10.1038/s41467-025-59919-4	pad-pf2	https://www.chemicalprobes.org/
XHMSDQXEIBTTBE-QFIPXVFZSA-N	Q9UM07	inhibitor			24	nM	biochemical	Glutamate dehydrogenase (GDH) enzyme-coupled assay at 0.25 mM Ca2+				Chemical Probes Portal	DOI:10.1038/s41467-025-59919-4	pad-pf2	https://www.chemicalprobes.org/
XHMSDQXEIBTTBE-QFIPXVFZSA-N	Q9UM07	inhibitor			1.95	uM	biochemical	thermal stabilisation assay				Chemical Probes Portal	DOI:10.1038/s41467-025-59919-4	pad-pf2	https://www.chemicalprobes.org/
XHMSDQXEIBTTBE-QFIPXVFZSA-N	Q9UM07	inhibitor	IC50		1000	nM	cell	PAD-mediated citrullination in neutrophils				Chemical Probes Portal	DOI:10.1038/s41467-025-59919-4	pad-pf2	https://www.chemicalprobes.org/
FFUVDKANSJZSAK-JDXGNMNLSA-N	O60260	molecular glue			10	nM	binding	Isothermal Titration Calorimetry (ITC)				Chemical Probes Portal	DOI:10.1038/s41467-024-51889-3	bio-2007817	https://www.chemicalprobes.org/
FFUVDKANSJZSAK-JDXGNMNLSA-N	O60260	molecular glue			150	nM	biochemical	Parkin autoubiquitination assays				Chemical Probes Portal	DOI:10.1038/s41467-024-51889-3	bio-2007817	https://www.chemicalprobes.org/
FFUVDKANSJZSAK-JDXGNMNLSA-N	O60260	molecular glue					biochemical	2D NMR with 15N-labeled R0RB:2×pUb showing that BIO-2007817 binds at the same location as BIO-1975900 for which a crystal stricture has been obtained.				Chemical Probes Portal	DOI:10.1038/s41467-024-51889-3	bio-2007817	https://www.chemicalprobes.org/
FFUVDKANSJZSAK-JDXGNMNLSA-N	O60260	molecular glue	% activation		50	%	cell	Organelle assay measuring parkin ubiquitination of the mitochondrial protein mitofusin-2 (Mfn2)				Chemical Probes Portal	DOI:10.1038/s41467-024-51889-3	bio-2007817	https://www.chemicalprobes.org/
XRAUKWUDYSUHJM-LLVKDONJSA-N	Q14145	covalent inhibitor					biochemical	Covalent adduct formation to the BTB domain of KEAP1				Chemical Probes Portal	DOI:10.1021/acs.jmedchem.4c02019	keap1-in-23	https://www.chemicalprobes.org/
XRAUKWUDYSUHJM-LLVKDONJSA-N	Q14145	covalent inhibitor	EC50		136	nM	cell	U2OS─Translocation Assay				Chemical Probes Portal	DOI:10.1021/acs.jmedchem.4c02019	keap1-in-23	https://www.chemicalprobes.org/
XRAUKWUDYSUHJM-LLVKDONJSA-N	Q14145	covalent inhibitor	EC50		68	nM	cell	HepG2─Gene Reporter Assay				Chemical Probes Portal	DOI:10.1021/acs.jmedchem.4c02019	keap1-in-23	https://www.chemicalprobes.org/
IYFKRANQUJUTKF-UHFFFAOYSA-N	P37840	degrader (protac)			1161	nM	binding	Label-free fluorescence polarization (FP) assay | 1161 ± 255 nM				Chemical Probes Portal	DOI:10.1021/acs.jmedchem.3c00274	alphasyn-protac-2b	https://www.chemicalprobes.org/
IYFKRANQUJUTKF-UHFFFAOYSA-N	P37840	degrader (protac)	Dmax		89	%	cell	Decreased level of αSyn aggregates (seeded) in model cells after treatment of 48 h				Chemical Probes Portal	DOI:10.1021/acs.jmedchem.3c00274	alphasyn-protac-2b	https://www.chemicalprobes.org/
IYFKRANQUJUTKF-UHFFFAOYSA-N	P37840	degrader (protac)	DC50		7510	nM	cell	Decreased level of αSyn aggregates (seeded) in model cells after treatment of 48 h | 7510 ± 530 nM				Chemical Probes Portal	DOI:10.1021/acs.jmedchem.3c00274	alphasyn-protac-2b	https://www.chemicalprobes.org/
LDFDXTNMCGLUMQ-YGKODULZSA-N	P14902	inhibitor			140	nM	biochemical	Biolayer interferometry (BLI) assay				Chemical Probes Portal	DOI:10.1021/acs.jmedchem.5c00026	nu227326	https://www.chemicalprobes.org/
LDFDXTNMCGLUMQ-YGKODULZSA-N	P14902	inhibitor			321	nM	biochemical	Biolayer interferometry (BLI) assay of the ternary complex IDO1-PROTAC-CRBN				Chemical Probes Portal	DOI:10.1021/acs.jmedchem.5c00026	nu227326	https://www.chemicalprobes.org/
LDFDXTNMCGLUMQ-YGKODULZSA-N	P14902	inhibitor	DC50		4.6	nM	cell	Target degradation followed by Western Blot at 24h				Chemical Probes Portal	DOI:10.1021/acs.jmedchem.5c00026	nu227326	https://www.chemicalprobes.org/
LDFDXTNMCGLUMQ-YGKODULZSA-N	P14902	inhibitor	Dmax		63	%	cell	Target degradation followed by Western Blot at 24h				Chemical Probes Portal	DOI:10.1021/acs.jmedchem.5c00026	nu227326	https://www.chemicalprobes.org/
RIEBAXQZOMUWKX-UHFFFAOYSA-N	Q9NPC1	agonist	EC50		19	nM	cell	IP-One assay				Chemical Probes Portal	DOI:10.1021/acs.jmedchem.4c01617	t-10430	https://www.chemicalprobes.org/
RIEBAXQZOMUWKX-UHFFFAOYSA-N	Q9NPC1	agonist	EC50		0.51	nM	cell	cAMP assay				Chemical Probes Portal	DOI:10.1021/acs.jmedchem.4c01617	t-10430	https://www.chemicalprobes.org/
RIEBAXQZOMUWKX-UHFFFAOYSA-N	Q9NPC1	agonist	EC50		31	nM	cell	Tag-lite displacement on BLT2				Chemical Probes Portal	DOI:10.1021/acs.jmedchem.4c01617	t-10430	https://www.chemicalprobes.org/
LPDOIXPRZOWBJV-HOCLYGCPSA-N	P50053	inhibitor			12.8	nM	biochemical	Kinase activity of recombinant His-tagged KHK isoforms.				Chemical Probes Portal	DOI:10.1016/j.bmcl.2024.129930	bi-9787	https://www.chemicalprobes.org/
LPDOIXPRZOWBJV-HOCLYGCPSA-N	P50053	inhibitor	IC50		123	nM	cell	Quantitative determination of fructose-1-phosphate in HepG2 cells				Chemical Probes Portal	DOI:10.1016/j.bmcl.2024.129930	bi-9787	https://www.chemicalprobes.org/
HGQYUHFFAIXWDI-GOSISDBHSA-N	O00444	inhibitor			7.9	nM	biochemical	ADP-Glo assay | 7.9 ± 4.0 nM				Chemical Probes Portal	DOI:10.1021/acs.jmedchem.5c02200	plk4-in-25	https://www.chemicalprobes.org/
HGQYUHFFAIXWDI-GOSISDBHSA-N	O00444	inhibitor	EC50		59	nM	cell	NanoBRET | 59 ± 2.5 nM				Chemical Probes Portal	DOI:10.1021/acs.jmedchem.5c02200	plk4-in-25	https://www.chemicalprobes.org/
HGQYUHFFAIXWDI-GOSISDBHSA-N	O00444	inhibitor	EC50		88	nM	cell	Cell viability assay over 5 days | 88 ± 37 nM				Chemical Probes Portal	DOI:10.1021/acs.jmedchem.5c02200	plk4-in-25	https://www.chemicalprobes.org/
APEYSKGQWJKJAZ-LCLGPXMOSA-N	P00338	degrader (protac)	DC50		38	nM	cell	LDH Degradation after 48h | 38 ± 0.5 nM				Chemical Probes Portal	DOI:10.1021/acs.jmedchem.2c01505	ms6105	https://www.chemicalprobes.org/
APEYSKGQWJKJAZ-LCLGPXMOSA-N	P00338	degrader (protac)	Dmax		93	%	cell	LDH degradation after 48 h | 93 ± 2.6%				Chemical Probes Portal	DOI:10.1021/acs.jmedchem.2c01505	ms6105	https://www.chemicalprobes.org/
APEYSKGQWJKJAZ-LCLGPXMOSA-N	P00338	degrader (protac)	GI50		16100	nM	cell	Anti-proliferative activity measured via WST-8 assay in 48 h | 16100 ± 5700 nM				Chemical Probes Portal	DOI:10.1021/acs.jmedchem.2c01505	ms6105	https://www.chemicalprobes.org/
APEYSKGQWJKJAZ-LCLGPXMOSA-N	P07195	degrader (protac)	DC50		74	nM	cell	LDH degradation after 48h | 74 ± 6.9 nM				Chemical Probes Portal	DOI:10.1021/acs.jmedchem.2c01505	ms6105	https://www.chemicalprobes.org/
APEYSKGQWJKJAZ-LCLGPXMOSA-N	P07195	degrader (protac)	Dmax		86	%	cell	LDH degradation after 48 h | 86 ± 7.7%				Chemical Probes Portal	DOI:10.1021/acs.jmedchem.2c01505	ms6105	https://www.chemicalprobes.org/
FHFUBRLTXZVOQX-UHFFFAOYSA-N	Q9BY41	degrader (protac)	DC50		0.32	nM	cell	Degradation after 6 h treatment of 97% (Dmax)				Chemical Probes Portal	DOI:10.1021/acs.jmedchem.4c00836	czh-z16	https://www.chemicalprobes.org/
FHFUBRLTXZVOQX-UHFFFAOYSA-N	Q9BY41	degrader (protac)	DC50		2.4	nM	cell	Degradation of HDAC8 observed via western blot with Dmax = 77%				Chemical Probes Portal	DOI:10.1021/acs.jmedchem.4c00836	czh-z16	https://www.chemicalprobes.org/
FHFUBRLTXZVOQX-UHFFFAOYSA-N	Q9BY41	degrader (protac)	DC50		3.1	nM	cell	Degradation of HDAC8 observed via WB Dmax 92%				Chemical Probes Portal	DOI:10.1021/acs.jmedchem.4c00836	czh-z16	https://www.chemicalprobes.org/
FHFUBRLTXZVOQX-UHFFFAOYSA-N	Q9BY41	degrader (protac)	DC50		0.27	nM	cell	Degradation of HDAC8 observed via WB Dmax 96%				Chemical Probes Portal	DOI:10.1021/acs.jmedchem.4c00836	czh-z16	https://www.chemicalprobes.org/
CLUWNSLFLMBFKA-RMCUFUCFSA-N	Q96KQ7	degrader (protac)	Dmax	>	99	%	cell	Degradation evaluation in Western blot				Chemical Probes Portal	DOI:10.1021/acs.jmedchem.3c02394	ms8709	https://www.chemicalprobes.org/
CLUWNSLFLMBFKA-RMCUFUCFSA-N	Q96KQ7	degrader (protac)	DC50		274	nM	cell	"Degradation measured via Western blot
Degradation occured from 4 h and reached complete degradation around 24 h | 274 ± 2 nM"				Chemical Probes Portal	DOI:10.1021/acs.jmedchem.3c02394	ms8709	https://www.chemicalprobes.org/
CLUWNSLFLMBFKA-RMCUFUCFSA-N	Q9H9B1	degrader (protac)	Dmax	>	99	%	cell	Degradation evaluation in Western blot				Chemical Probes Portal	DOI:10.1021/acs.jmedchem.3c02394	ms8709	https://www.chemicalprobes.org/
CLUWNSLFLMBFKA-RMCUFUCFSA-N	Q9H9B1	degrader (protac)	DC50		260	nM	cell	Degradation followed by western blot; Degradation occured from 4 h and reached complete degradation around 24 h | 260 ± 53 nM				Chemical Probes Portal	DOI:10.1021/acs.jmedchem.3c02394	ms8709	https://www.chemicalprobes.org/
PWYJKWQDDHJXMJ-YKCITUTQSA-N	P48730	degrader (protac)	EC50		3.2	nM	cell	NanoBRET | 3.2 ± 0.2 nM				Chemical Probes Portal	DOI:10.1021/acs.jmedchem.4c02201	ah078	https://www.chemicalprobes.org/
PWYJKWQDDHJXMJ-YKCITUTQSA-N	P48730	degrader (protac)	Dmax		70.1	%	cell	HiBit assay, degradation after 6 h				Chemical Probes Portal	DOI:10.1021/acs.jmedchem.4c02201	ah078	https://www.chemicalprobes.org/
PWYJKWQDDHJXMJ-YKCITUTQSA-N	P48730	degrader (protac)	DC50		550	nM	cell	HiBit assay, degradation after 6 h				Chemical Probes Portal	DOI:10.1021/acs.jmedchem.4c02201	ah078	https://www.chemicalprobes.org/
PWYJKWQDDHJXMJ-YKCITUTQSA-N	P48730	degrader (protac)	activity		1	uM	cell	Western blot; degradation of CK1delta after 6 h treatment				Chemical Probes Portal	DOI:10.1021/acs.jmedchem.4c02201	ah078	https://www.chemicalprobes.org/
PWYJKWQDDHJXMJ-YKCITUTQSA-N	P49674	degrader (protac)	activity		1	uM	cell	Western blot; degradation of CK1epsilon after 6 h treatment				Chemical Probes Portal	DOI:10.1021/acs.jmedchem.4c02201	ah078	https://www.chemicalprobes.org/
GPZKXLCJTKULAU-UHFFFAOYSA-N	Q9C0B1	degrader (protac)			1790	nM	biochemical	Inhibition of FTO demethylation via cell-free dot blot assay				Chemical Probes Portal	DOI:10.1016/j.apsb.2024.07.016	qp73	https://www.chemicalprobes.org/
GPZKXLCJTKULAU-UHFFFAOYSA-N	Q9C0B1	degrader (protac)	DC50		34.9	nM	cell	Degradation detected via western blot over 48 h treatment				Chemical Probes Portal	DOI:10.1016/j.apsb.2024.07.016	qp73	https://www.chemicalprobes.org/
GPZKXLCJTKULAU-UHFFFAOYSA-N	Q9C0B1	degrader (protac)	IC50		22.4	nM	cell	Cell proliferation assay				Chemical Probes Portal	DOI:10.1016/j.apsb.2024.07.016	qp73	https://www.chemicalprobes.org/
GPZKXLCJTKULAU-UHFFFAOYSA-N	Q9C0B1	degrader (protac)	Dmax		91	%	cell	Degradation detected via western blot				Chemical Probes Portal	DOI:10.1016/j.apsb.2024.07.016	qp73	https://www.chemicalprobes.org/
GPZKXLCJTKULAU-UHFFFAOYSA-N	Q9C0B1	degrader (protac)	DC50		65.9	nM	cell	Degradation in AML cell line				Chemical Probes Portal	DOI:10.1016/j.apsb.2024.07.016	qp73	https://www.chemicalprobes.org/
BXCPYBFBMAWDDY-UHFFFAOYSA-N	P24941	degrader (protac)			24	nM	biochemical	Caliper Mobility shift assay				Chemical Probes Portal	DOI:10.1038/s41589-021-00742-5	cps2	https://www.chemicalprobes.org/
BXCPYBFBMAWDDY-UHFFFAOYSA-N	P24941	degrader (protac)	Dmax		100	%	cell	Degradation over 48 h detected via Western Blot				Chemical Probes Portal	DOI:10.1038/s41589-021-00742-5	cps2	https://www.chemicalprobes.org/
BXCPYBFBMAWDDY-UHFFFAOYSA-N	P24941	degrader (protac)	DC50	>=	12	nM	cell	Degradation of target protein in several AML cell lines over 24 h | 12-61 nM				Chemical Probes Portal	DOI:10.1038/s41589-021-00742-5	cps2	https://www.chemicalprobes.org/
SVKZUEZCCKLNIM-UHFFFAOYSA-N	Q9H8M2	degrader (protac)	IC50		0.27	nM	cell	MTS assay, cell proliferation | 0.27 ± 0.02 nM				Chemical Probes Portal	DOI:10.1021/acs.jmedchem.4c00883	brd9-protac-e5	https://www.chemicalprobes.org/
SVKZUEZCCKLNIM-UHFFFAOYSA-N	Q9H8M2	degrader (protac)	DC50		0.016	nM	cell	BRD9 degradation in MV4-11 cells treated with E5				Chemical Probes Portal	DOI:10.1021/acs.jmedchem.4c00883	brd9-protac-e5	https://www.chemicalprobes.org/
SVKZUEZCCKLNIM-UHFFFAOYSA-N	Q9H8M2	degrader (protac)	Dmax		97	%	cell	BRD9 degradation in MV4-11 cells treated with E5 with 92% BRD9 degradation after 4 h of treatment.				Chemical Probes Portal	DOI:10.1021/acs.jmedchem.4c00883	brd9-protac-e5	https://www.chemicalprobes.org/
LFCNOSRNWFMQLB-UHFFFAOYSA-N	P50750	degrader (protac)	DC50		3.5	nM	cell	Western blot assessing CDK9 degradation with Dmax 94% at 25 nM compound conc. | 3.5 ± 0.7 nM				Chemical Probes Portal	DOI:10.1021/acs.jmedchem.5c01111	dcdk9-202	https://www.chemicalprobes.org/
LFCNOSRNWFMQLB-UHFFFAOYSA-N	P50750	degrader (protac)	IC50		8.5	nM	cell	Cell growth inhibition assay | 8.5 ± 0.2 nM				Chemical Probes Portal	DOI:10.1021/acs.jmedchem.5c01111	dcdk9-202	https://www.chemicalprobes.org/
HKSBXNVKPFTBIG-WUEKOBJSSA-N	Q5S007	degrader (protac)			12.4	nM	biochemical	kinase activity assay				Chemical Probes Portal	DOI:10.1021/jacs.2c05499	xl01126	https://www.chemicalprobes.org/
HKSBXNVKPFTBIG-WUEKOBJSSA-N	Q5S007	degrader (protac)	DC50		32	nM	cell	Degradation of WT-LRRK2 Dmax 82% after 4 h				Chemical Probes Portal	DOI:10.1021/jacs.2c05499	xl01126	https://www.chemicalprobes.org/
HKSBXNVKPFTBIG-WUEKOBJSSA-N	Q5S007	degrader (protac)	DC50		14	nM	cell	Degradation of G2019S-LRRK2 Dmax 90% after 4h				Chemical Probes Portal	DOI:10.1021/jacs.2c05499	xl01126	https://www.chemicalprobes.org/
HKSBXNVKPFTBIG-WUEKOBJSSA-N	Q5S007	degrader (protac)	EC50		54	nM	cell	Time-dependent pRab10 dephosphorylation (WT-pRab10 after 4 h)				Chemical Probes Portal	DOI:10.1021/jacs.2c05499	xl01126	https://www.chemicalprobes.org/
HKSBXNVKPFTBIG-WUEKOBJSSA-N	Q5S007	degrader (protac)	EC50		15	nM	cell	Time-dependent pRab10 dephosphorylation (G2019S-pRab10 after 4h)				Chemical Probes Portal	DOI:10.1021/jacs.2c05499	xl01126	https://www.chemicalprobes.org/
HKSBXNVKPFTBIG-WUEKOBJSSA-N	Q5S007	degrader (protac)	IC50		1.4	uM	cell	NanoBRET target engagement assay				Chemical Probes Portal	DOI:10.1021/jacs.2c05499	xl01126	https://www.chemicalprobes.org/
LPKVYTQGJNTZKY-UHFFFAOYSA-N	Q13526	degrader (protac)	DC50		177	nM	cell	Immunoblots for Pin1 in MV-4-11 cells after treatment with the indicated concentrations of P1D-34 for 24 h				Chemical Probes Portal	DOI:10.1039/d3sc06558h	pid-34	https://www.chemicalprobes.org/
LPKVYTQGJNTZKY-UHFFFAOYSA-N	Q13526	degrader (protac)	Dmax		95	%	cell	Immunoblots for Pin1 in MV-4-11 cells after treatment with the indicated concentrations of P1D-34 for 24 h				Chemical Probes Portal	DOI:10.1039/d3sc06558h	pid-34	https://www.chemicalprobes.org/
DQRZNYPHOWVXPQ-YDUPODKQSA-N	P01116	degrader (protac)			6	nM	binding	SPR for ternary complex with VHL				Chemical Probes Portal	DOI:10.1126/science.adm8684	acbi3	https://www.chemicalprobes.org/
DQRZNYPHOWVXPQ-YDUPODKQSA-N	P01116	degrader (protac)	DC50		2	nM	cell	Cellular KRASG12D degradation, 24 h				Chemical Probes Portal	DOI:10.1126/science.adm8684	acbi3	https://www.chemicalprobes.org/
DQRZNYPHOWVXPQ-YDUPODKQSA-N	P01116	degrader (protac)	DC50		7	nM	cell	Cellular KRASG12V degradation, 24 h				Chemical Probes Portal	DOI:10.1126/science.adm8684	acbi3	https://www.chemicalprobes.org/
DQRZNYPHOWVXPQ-YDUPODKQSA-N	P01116	degrader (protac)	IC50		5	nM	cell	Cell proliferation assay				Chemical Probes Portal	DOI:10.1126/science.adm8684	acbi3	https://www.chemicalprobes.org/
DQRZNYPHOWVXPQ-YDUPODKQSA-N	P01116	degrader (protac)	IC50		15	nM	cell	Cell proliferation assay				Chemical Probes Portal	DOI:10.1126/science.adm8684	acbi3	https://www.chemicalprobes.org/
REPLCRNGGWSKTN-JYQLQLLISA-N	Q93009	degrader (protac)			1600	nM	biochemical	Fluorogenic substrate (Ub-AMC) assay				Chemical Probes Portal	DOI:10.1039/D2CC02094G	cst967	https://www.chemicalprobes.org/
REPLCRNGGWSKTN-JYQLQLLISA-N	Q93009	degrader (protac)	DC50		17	nM	cell	western blot analysis performed in the multiple myeloma cell line MM.1S with Dmax of 85% reached in 24h				Chemical Probes Portal	DOI:10.1039/D2CC02094G	cst967	https://www.chemicalprobes.org/
ZOSWUNAJRAEGEW-YTIGDUPRSA-N	Q9BY41	degrader (protac)			194.7	nM	biochemical	Enzymatic assay | 194.7 ± 17.1 nM				Chemical Probes Portal	DOI:10.1021/acs.jmedchem.4c00761	yx862	https://www.chemicalprobes.org/
ZOSWUNAJRAEGEW-YTIGDUPRSA-N	Q9BY41	degrader (protac)		~	500	nM	biochemical	AlphaLISA assay to measure the ternary complex formation among  HDAC8, PROTAC, and the VHL complex (consisting of VHL and elongin B and C)				Chemical Probes Portal	DOI:10.1021/acs.jmedchem.4c00761	yx862	https://www.chemicalprobes.org/
ZOSWUNAJRAEGEW-YTIGDUPRSA-N	Q9BY41	degrader (protac)	Dmax	>	95	%	cell	Degradation quantified via Western blot in cells treated for 8 h; degradation started at 32 nM achieving maximum degradation (Dmax) > 95% at 250 nM [concentration to achieve 50% degradation (DC50) = 2.6 nM]: no hook effect at concentrations up to 8 μM				Chemical Probes Portal	DOI:10.1021/acs.jmedchem.4c00761	yx862	https://www.chemicalprobes.org/
ZOSWUNAJRAEGEW-YTIGDUPRSA-N	Q9BY41	degrader (protac)	IC50		720	nM	cell	Cell proliferation assay				Chemical Probes Portal	DOI:10.1021/acs.jmedchem.4c00761	yx862	https://www.chemicalprobes.org/
ZOSWUNAJRAEGEW-YTIGDUPRSA-N	Q9BY41	degrader (protac)	DC50		1.8	nM	cell	Western Blot Assessing degradation of HDAC8				Chemical Probes Portal	DOI:10.1021/acs.jmedchem.4c00761	yx862	https://www.chemicalprobes.org/
CSTHTJLTORVUST-UHFFFAOYSA-N	O96028	degrader (protac)			71	nM	binding	SPR | 71 ± 4 nM				Chemical Probes Portal	DOI:10.1038/s41589-024-01660-y	unc8732	https://www.chemicalprobes.org/
CSTHTJLTORVUST-UHFFFAOYSA-N	O96028	degrader (protac)	DC50		60	nM	cell	In cell degradation measured via immunoblot | 60 ± 30 nM				Chemical Probes Portal	DOI:10.1038/s41589-024-01660-y	unc8732	https://www.chemicalprobes.org/
CSTHTJLTORVUST-UHFFFAOYSA-N	O96028	degrader (protac)	Dmax		97	%	cell	In cell degradation measured via immunoblot | 97 ± 2%				Chemical Probes Portal	DOI:10.1038/s41589-024-01660-y	unc8732	https://www.chemicalprobes.org/
ZGSWGXNEXAXEGV-XFCHVEHOSA-N	Q05397	degrader (protac)			20	nM	binding	SPR of ternary complex				Chemical Probes Portal	DOI:10.1002/anie.202109237	gsk215	https://www.chemicalprobes.org/
ZGSWGXNEXAXEGV-XFCHVEHOSA-N	Q05397	degrader (protac)			15.8	nM	biochemical	FAK activity assay (HotSpot, Reaction Biolog)				Chemical Probes Portal	DOI:10.1002/anie.202109237	gsk215	https://www.chemicalprobes.org/
ZGSWGXNEXAXEGV-XFCHVEHOSA-N	Q05397	degrader (protac)			4	nM	biochemical	ELISA degradation assay				Chemical Probes Portal	DOI:10.1002/anie.202109237	gsk215	https://www.chemicalprobes.org/
ZGSWGXNEXAXEGV-XFCHVEHOSA-N	Q05397	degrader (protac)	DC50		1.3	nM	cell	Degradation observed via immunoblot with Dmax 99%				Chemical Probes Portal	DOI:10.1002/anie.202109237	gsk215	https://www.chemicalprobes.org/
PPNNFXIBKLCMTI-WXEAQWFJSA-N	O75530	degrader (protac)			247	nM	biochemical	IC50 of EED was tested by the TR-FRET assay				Chemical Probes Portal	DOI:10.1016/j.chembiol.2019.11.006	unc6852	https://www.chemicalprobes.org/
PPNNFXIBKLCMTI-WXEAQWFJSA-N	O75530	degrader (protac)	EC50		790	nM	cell	Degradation of EED in HeLa cells after 24 h treatment				Chemical Probes Portal	DOI:10.1016/j.chembiol.2019.11.006	unc6852	https://www.chemicalprobes.org/
PPNNFXIBKLCMTI-WXEAQWFJSA-N	O75530	degrader (protac)	DC50		610	nM	cell	Degradation of EED in DB cells after 24 h treatment				Chemical Probes Portal	DOI:10.1016/j.chembiol.2019.11.006	unc6852	https://www.chemicalprobes.org/
PPNNFXIBKLCMTI-WXEAQWFJSA-N	O75530	degrader (protac)	EC50		3400	nM	cell	Inhibit the proliferation of DB cells				Chemical Probes Portal	DOI:10.1016/j.chembiol.2019.11.006	unc6852	https://www.chemicalprobes.org/
PPNNFXIBKLCMTI-WXEAQWFJSA-N	O75530	degrader (protac)	Dmax		92	%	cell	Degradation of EED in HeLa cells after 24 h treatment				Chemical Probes Portal	DOI:10.1016/j.chembiol.2019.11.006	unc6852	https://www.chemicalprobes.org/
PPNNFXIBKLCMTI-WXEAQWFJSA-N	O75530	degrader (protac)	Dmax		94	%	cell	Degradation of EED in DB cells after 24 h treatment				Chemical Probes Portal	DOI:10.1016/j.chembiol.2019.11.006	unc6852	https://www.chemicalprobes.org/
PPNNFXIBKLCMTI-WXEAQWFJSA-N	O75530	degrader (protac)	activity		10	uM	cell	Western blot assessing H3K27me3 levels				Chemical Probes Portal	DOI:10.1016/j.chembiol.2019.11.006	unc6852	https://www.chemicalprobes.org/
PPNNFXIBKLCMTI-WXEAQWFJSA-N	Q15910	degrader (protac)	DC50		300	nM	cell	Degradation of EZH2 in HeLa/DB cells after 24 h treatment				Chemical Probes Portal	DOI:10.1016/j.chembiol.2019.11.006	unc6852	https://www.chemicalprobes.org/
PPNNFXIBKLCMTI-WXEAQWFJSA-N	Q15910	degrader (protac)	DC50		670	nM	cell	Degradation of EZH2 in DB cells after 24 h treatment				Chemical Probes Portal	DOI:10.1016/j.chembiol.2019.11.006	unc6852	https://www.chemicalprobes.org/
PPNNFXIBKLCMTI-WXEAQWFJSA-N	Q15910	degrader (protac)	Dmax		64	%	cell	Degradation of EZH2 in HeLa cells after 24 h treatment				Chemical Probes Portal	DOI:10.1016/j.chembiol.2019.11.006	unc6852	https://www.chemicalprobes.org/
PPNNFXIBKLCMTI-WXEAQWFJSA-N	Q15910	degrader (protac)	Dmax		96	%	cell	Degradation of EZH2 in DB cells after 24 h treatment				Chemical Probes Portal	DOI:10.1016/j.chembiol.2019.11.006	unc6852	https://www.chemicalprobes.org/
PPNNFXIBKLCMTI-WXEAQWFJSA-N	Q15022	degrader (protac)	DC50		590	nM	cell	Degradation of SUZ12 in DB cells after 24 h treatment				Chemical Probes Portal	DOI:10.1016/j.chembiol.2019.11.006	unc6852	https://www.chemicalprobes.org/
PPNNFXIBKLCMTI-WXEAQWFJSA-N	Q15022	degrader (protac)	Dmax		22	%	cell	Degradation of SUZ12 in HeLa cells after 24 h treatment				Chemical Probes Portal	DOI:10.1016/j.chembiol.2019.11.006	unc6852	https://www.chemicalprobes.org/
PPNNFXIBKLCMTI-WXEAQWFJSA-N	Q15022	degrader (protac)	Dmax		82	%	cell	Degradation of SUZ12 in DB cells after 24 h treatment				Chemical Probes Portal	DOI:10.1016/j.chembiol.2019.11.006	unc6852	https://www.chemicalprobes.org/
DLQNQQYGRWMPES-LFHXKVDGSA-N	Q9NWZ3	degrader (protac)	DC50		4.01	nM	cell	HiBiT-Based Degradation Assay in THP1-HIBiT-IRAK4 Cells after 24h				Chemical Probes Portal	DOI:10.1021/acs.jmedchem.5c00711	aph02174	https://www.chemicalprobes.org/
DLQNQQYGRWMPES-LFHXKVDGSA-N	Q9NWZ3	degrader (protac)	Dmax		94	%	cell	HiBiT-Based Degradation Assay in THP1-HIBiT-IRAK4 after 24h				Chemical Probes Portal	DOI:10.1021/acs.jmedchem.5c00711	aph02174	https://www.chemicalprobes.org/
DLQNQQYGRWMPES-LFHXKVDGSA-N	Q9NWZ3	degrader (protac)	IC50		16.43	nM	cell	Inhibition of LPS-stimulated IL-6 release in hPBMC Imax 104% after 6 h				Chemical Probes Portal	DOI:10.1021/acs.jmedchem.5c00711	aph02174	https://www.chemicalprobes.org/
IPNTVOAQOGRLQB-JJMBTQCASA-N	O60885	degrader (protac)	DC50		32	nM	cell	Degradation of BRD4 in HCT116 cells after 24 h treatment				Chemical Probes Portal	DOI:10.1158/0008-5472.CAN-18-2918	a1874	https://www.chemicalprobes.org/
IPNTVOAQOGRLQB-JJMBTQCASA-N	O60885	degrader (protac)	IC50		86.3	nM	cell	Inhibit viability of HCT116 cells				Chemical Probes Portal	DOI:10.1158/0008-5472.CAN-18-2918	a1874	https://www.chemicalprobes.org/
IPNTVOAQOGRLQB-JJMBTQCASA-N	O60885	degrader (protac)	Dmax		98	%	cell	Degradation of BRD4 in HCT116 cells after 24 h treatment				Chemical Probes Portal	DOI:10.1158/0008-5472.CAN-18-2918	a1874	https://www.chemicalprobes.org/
IVARZBJJMMUJHI-SQKKEFIPSA-N	P51531	degrader (protac)			770	nM	binding	Fluorescence Polarization competition assays, TR-FRET assay, SPR | 770 nM Binary				Chemical Probes Portal	ACBI1	acbi1	https://www.chemicalprobes.org/
IVARZBJJMMUJHI-SQKKEFIPSA-N	P51531	degrader (protac)			26	nM	binding	Fluorescence Polarization competition assays, TR-FRET assay, SPR | 26 nM Ternary				Chemical Probes Portal	ACBI1	acbi1	https://www.chemicalprobes.org/
IVARZBJJMMUJHI-SQKKEFIPSA-N	P51531	degrader (protac)			450	nM	binding	Fluorescence Polarization competition assays, TR-FRET assay, SPR | 450 nM Binary (Ki)				Chemical Probes Portal	ACBI1	acbi1	https://www.chemicalprobes.org/
IVARZBJJMMUJHI-SQKKEFIPSA-N	P51531	degrader (protac)			16	nM	binding	Fluorescence Polarization competition assays, TR-FRET assay, SPR | 16 nM Ternary (Ki)				Chemical Probes Portal	ACBI1	acbi1	https://www.chemicalprobes.org/
IVARZBJJMMUJHI-SQKKEFIPSA-N	P51531	degrader (protac)	DC50		6	nM	cell	Protein Degradation				Chemical Probes Portal	ACBI1	acbi1	https://www.chemicalprobes.org/
IVARZBJJMMUJHI-SQKKEFIPSA-N	P51532	degrader (protac)			770	nM	binding	Fluorescence Polarization competition assays, TR-FRET assay, SPR | 770 nM Binary				Chemical Probes Portal	ACBI1	acbi1	https://www.chemicalprobes.org/
IVARZBJJMMUJHI-SQKKEFIPSA-N	P51532	degrader (protac)			26	nM	binding	Fluorescence Polarization competition assays, TR-FRET assay, SPR | 26 nM Ternary				Chemical Probes Portal	ACBI1	acbi1	https://www.chemicalprobes.org/
IVARZBJJMMUJHI-SQKKEFIPSA-N	P51532	degrader (protac)			450	nM	binding	Fluorescence Polarization competition assays, TR-FRET assay, SPR | 450 nM Binary (Ki)				Chemical Probes Portal	ACBI1	acbi1	https://www.chemicalprobes.org/
IVARZBJJMMUJHI-SQKKEFIPSA-N	P51532	degrader (protac)			16	nM	binding	Fluorescence Polarization competition assays, TR-FRET assay, SPR | 16 nM Ternary (Ki)				Chemical Probes Portal	ACBI1	acbi1	https://www.chemicalprobes.org/
IVARZBJJMMUJHI-SQKKEFIPSA-N	P51532	degrader (protac)	DC50		11	nM	cell	Protein Degradation				Chemical Probes Portal	ACBI1	acbi1	https://www.chemicalprobes.org/
IVARZBJJMMUJHI-SQKKEFIPSA-N	Q86U86	degrader (protac)			770	nM	binding	Fluorescence Polarization competition assays, TR-FRET assay, SPR | 770 nM Binary				Chemical Probes Portal	ACBI1	acbi1	https://www.chemicalprobes.org/
IVARZBJJMMUJHI-SQKKEFIPSA-N	Q86U86	degrader (protac)			26	nM	binding	Fluorescence Polarization competition assays, TR-FRET assay, SPR | 26 nM Ternary				Chemical Probes Portal	ACBI1	acbi1	https://www.chemicalprobes.org/
IVARZBJJMMUJHI-SQKKEFIPSA-N	Q86U86	degrader (protac)			450	nM	binding	Fluorescence Polarization competition assays, TR-FRET assay, SPR | 450 nM Binary (Ki)				Chemical Probes Portal	ACBI1	acbi1	https://www.chemicalprobes.org/
IVARZBJJMMUJHI-SQKKEFIPSA-N	Q86U86	degrader (protac)			16	nM	binding	Fluorescence Polarization competition assays, TR-FRET assay, SPR | 16 nM Ternary (Ki)				Chemical Probes Portal	ACBI1	acbi1	https://www.chemicalprobes.org/
IVARZBJJMMUJHI-SQKKEFIPSA-N	Q86U86	degrader (protac)	DC50		32	nM	cell	Protein Degradation				Chemical Probes Portal	ACBI1	acbi1	https://www.chemicalprobes.org/
OGAOHACYLUBWJQ-UHFFFAOYSA-N	Q9UM73	degrader (protac)			0.9	nM	biochemical	Inhibition of recombinant ALK				Chemical Probes Portal	DOI:10.1016/j.ejmech.2021.113335	siais001	https://www.chemicalprobes.org/
OGAOHACYLUBWJQ-UHFFFAOYSA-N	Q9UM73	degrader (protac)	DC50		3.9	nM	cell	Degradation of ALK in SR cells				Chemical Probes Portal	DOI:10.1016/j.ejmech.2021.113335	siais001	https://www.chemicalprobes.org/
OGAOHACYLUBWJQ-UHFFFAOYSA-N	Q9UM73	degrader (protac)	Dmax		70.3	%	cell	Degradation of ALK in SR cells				Chemical Probes Portal	DOI:10.1016/j.ejmech.2021.113335	siais001	https://www.chemicalprobes.org/
OGAOHACYLUBWJQ-UHFFFAOYSA-N	Q9UM73	degrader (protac)	IC50		0.9	nM	cell	Inhibit the proliferation of SR cells				Chemical Probes Portal	DOI:10.1016/j.ejmech.2021.113335	siais001	https://www.chemicalprobes.org/
QGJQNPNZAYRDMS-OESUUHGFSA-N	Q13164	degrader (protac)			62.4	nM	biochemical	ADP-Glo Assay | 62.4 ± 18.6 nM				Chemical Probes Portal	DOI:10.1021/acs.jmedchem.3c00864	ppm-3	https://www.chemicalprobes.org/
QGJQNPNZAYRDMS-OESUUHGFSA-N	Q13164	degrader (protac)	DC50		17	nM	cell	Degradation levels detected via Western blot				Chemical Probes Portal	DOI:10.1021/acs.jmedchem.3c00864	ppm-3	https://www.chemicalprobes.org/
QGJQNPNZAYRDMS-OESUUHGFSA-N	Q13164	degrader (protac)	DC50	<	45	nM	cell	Degradation of ERK5 in various cancer cells; Dmax was between 86.7 and 94.7 in teh cell lines tested				Chemical Probes Portal	DOI:10.1021/acs.jmedchem.3c00864	ppm-3	https://www.chemicalprobes.org/
USEHXUPBCSTAIO-RAUDMRIHSA-N	P50613	degrader (protac)			20.1	nM	biochemical	in vitro Adapta Eu kinase assay				Chemical Probes Portal	DOI:10.1016/j.ejmech.2024.116613	jwz-5-13	https://www.chemicalprobes.org/
USEHXUPBCSTAIO-RAUDMRIHSA-N	P50613	degrader (protac)	Dmax	~	100	%	cell	Immunoblots shows 100% degradation after 6 hours				Chemical Probes Portal	DOI:10.1016/j.ejmech.2024.116613	jwz-5-13	https://www.chemicalprobes.org/
USEHXUPBCSTAIO-RAUDMRIHSA-N	P50613	degrader (protac)	IC50		160	nM	cell	Cell proliferation assay by CellTiter-Glo				Chemical Probes Portal	DOI:10.1016/j.ejmech.2024.116613	jwz-5-13	https://www.chemicalprobes.org/
BOMRVPKXCINUMI-ZEGZQYLTSA-N	P42226	degrader (protac)	DC50		1	nM	cell	STAT6 Degradation observed via Western Blot Dmax >95% over 12 h				Chemical Probes Portal	DOI:10.1021/acs.jmedchem.4c01009	ak-1690	https://www.chemicalprobes.org/
BOMRVPKXCINUMI-ZEGZQYLTSA-N	P42226	degrader (protac)	DC50		80	nM	cell	STAT6 degradation observed via Western Blot over 18 h, Dmax value of >90%				Chemical Probes Portal	DOI:10.1021/acs.jmedchem.4c01009	ak-1690	https://www.chemicalprobes.org/
DOVSNSDMRJVTMR-JOCHJYFZSA-N	P08246	inhibitor			0.5	nM	biochemical	hNE inhibitor assay				Chemical Probes Portal	BI-5524	bi-5524	https://www.chemicalprobes.org/
DOVSNSDMRJVTMR-JOCHJYFZSA-N	P08246	inhibitor	EC50		0.4	nM	cell	Inhibition of zymosan-stimulated NE activity in human plasma				Chemical Probes Portal	BI-5524	bi-5524	https://www.chemicalprobes.org/
WFVKDTWKNVLGGS-UHFFFAOYSA-N	Q08881	degrader (protac)			97	%	biochemical	KinomeSCAN				Chemical Probes Portal	DOI:10.1016/j.chembiol.2023.03.007	bsj-05-37	https://www.chemicalprobes.org/
WFVKDTWKNVLGGS-UHFFFAOYSA-N	Q08881	degrader (protac)	DC50	>=	17.6	nM	cell	Degradation of ITK protein in a dose-dependent manner after a 16-h treatment; Hook effect observed at 10 µM | 17.6 – 41.8 nM				Chemical Probes Portal	DOI:10.1016/j.chembiol.2023.03.007	bsj-05-37	https://www.chemicalprobes.org/
JTTGVFCANBFLCE-CJLVFECKSA-N	P43490	degrader (protac)	DC50		3.9	nM	cell	Degradation of target detected via immunoblot after 4h; Hook effect observed at 100 nM				Chemical Probes Portal	DOI:10.1016/j.chembiol.2022.10.007	siais630121	https://www.chemicalprobes.org/
JTTGVFCANBFLCE-CJLVFECKSA-N	P43490	degrader (protac)	IC50		8.5	nM	cell	Viability assay | 8.5				Chemical Probes Portal	DOI:10.1016/j.chembiol.2022.10.007	siais630121	https://www.chemicalprobes.org/
JTTGVFCANBFLCE-CJLVFECKSA-N	P43490	degrader (protac)	IC50		4.7	nM	cell	Viability assay | 4.7 nM				Chemical Probes Portal	DOI:10.1016/j.chembiol.2022.10.007	siais630121	https://www.chemicalprobes.org/
AYMGZLUKTNXEMY-UHFFFAOYSA-N	Q9UM73	degrader (protac)			19	nM	biochemical	Competitive binding assay using DNA tag labeled ALK				Chemical Probes Portal	DOI:10.1016/j.ejmech.2018.03.071	ms4078	https://www.chemicalprobes.org/
AYMGZLUKTNXEMY-UHFFFAOYSA-N	Q9UM73	degrader (protac)	DC50		11	nM	cell	Degradation of NPM-ALK/EML4-ALK in SU-DHL-1 cells after 16 h treatment				Chemical Probes Portal	DOI:10.1016/j.ejmech.2018.03.071	ms4078	https://www.chemicalprobes.org/
AYMGZLUKTNXEMY-UHFFFAOYSA-N	Q9UM73	degrader (protac)	Dmax		90	%	cell	Degradation of NPM-ALK/EML4-ALK in SU-DHL-1 cells after 16 h treatment				Chemical Probes Portal	DOI:10.1016/j.ejmech.2018.03.071	ms4078	https://www.chemicalprobes.org/
AYMGZLUKTNXEMY-UHFFFAOYSA-N	Q9UM73	degrader (protac)	DC50		59	nM	cell	Degradation of NPM-ALK/EML4-ALK in NCI-H2228 cells after 16 h treatment				Chemical Probes Portal	DOI:10.1016/j.ejmech.2018.03.071	ms4078	https://www.chemicalprobes.org/
AYMGZLUKTNXEMY-UHFFFAOYSA-N	Q9UM73	degrader (protac)	Dmax		90	%	cell	Assay Description: Degradation of NPM-ALK/EML4-ALK in NCI-H2228 cells after 16 h treatment.				Chemical Probes Portal	DOI:10.1016/j.ejmech.2018.03.071	ms4078	https://www.chemicalprobes.org/
AYMGZLUKTNXEMY-UHFFFAOYSA-N	Q9UM73	degrader (protac)	activity		60	nM	cell	p-STAT (Western Blot) after 8h				Chemical Probes Portal	DOI:10.1016/j.ejmech.2018.03.071	ms4078	https://www.chemicalprobes.org/
ROINLDWZNWCWJK-ZYIHSGTPSA-N	O14965	degrader (protac)	DC50		3.9	nM	cell	Degradation confirmed via western blot				Chemical Probes Portal	DOI:10.1016/j.ejmech.2022.115033	sk2188	https://www.chemicalprobes.org/
ROINLDWZNWCWJK-ZYIHSGTPSA-N	O14965	degrader (protac)	IC50		31.9	nM	cell	Cell proliferation assay				Chemical Probes Portal	DOI:10.1016/j.ejmech.2022.115033	sk2188	https://www.chemicalprobes.org/
ZJJZBBBSQKVNHL-BYBNZYMESA-N	Q06187	degrader (protac)			14	nM	biochemical	Inhibition of BTK				Chemical Probes Portal	DOI:10.1021/jacs.9b13907	ir-2	https://www.chemicalprobes.org/
ZJJZBBBSQKVNHL-BYBNZYMESA-N	Q06187	degrader (protac)	DC50		1.9	nM	cell	Degradation of BTK in Mino cells after 24 h treatment				Chemical Probes Portal	DOI:10.1021/jacs.9b13907	ir-2	https://www.chemicalprobes.org/
ZJJZBBBSQKVNHL-BYBNZYMESA-N	Q06187	degrader (protac)	Dmax		88	%	cell	Degradation of BTK in Mino cells after 24 h treatment				Chemical Probes Portal	DOI:10.1021/jacs.9b13907	ir-2	https://www.chemicalprobes.org/
BOXPLNRWIHHHBO-CHCOZFFLSA-N	Q13164	degrader (protac)			12	nM	biochemical	Biochemical binding to recombinant ERK5 measured via KdELECT assay (Eurofins)				Chemical Probes Portal	DOI:10.1016/j.chembiol.2022.09.004	iny-06-061	https://www.chemicalprobes.org/
BOXPLNRWIHHHBO-CHCOZFFLSA-N	Q13164	degrader (protac)	DC50		21	nM	cell	Normalized luminescence intensity of MOLT4 ERK5-HiBiT cells treated with indicated compounds and concentrations for 5 hours				Chemical Probes Portal	DOI:10.1016/j.chembiol.2022.09.004	iny-06-061	https://www.chemicalprobes.org/
INXGMIWEZJNJOA-NVZKIFIHSA-N	O15379	degrader (protac)			350		biochemical	Enzymatic inhibition assay | 350 ± 70				Chemical Probes Portal	DOI:10.1039/D0CC03243C	xz9002	https://www.chemicalprobes.org/
INXGMIWEZJNJOA-NVZKIFIHSA-N	O15379	degrader (protac)	DC50		42	nM	cell	HDAC3 degradation over 14 h				Chemical Probes Portal	DOI:10.1039/D0CC03243C	xz9002	https://www.chemicalprobes.org/
RTNONCBKGZNCJS-LJLQSONVSA-N	P10275	degrader (protac)			0.53	nM	cell	Western Blotting, Cell viability determined by WST-8 assay. | 0.53 nM LNCaP				Chemical Probes Portal	ARD-266	ard-266	https://www.chemicalprobes.org/
RTNONCBKGZNCJS-LJLQSONVSA-N	P10275	degrader (protac)			0.97	nM	cell	Western Blotting, Cell viability determined by WST-8 assay. | 0.97 nM VCaP				Chemical Probes Portal	ARD-266	ard-266	https://www.chemicalprobes.org/
RTNONCBKGZNCJS-LJLQSONVSA-N	P10275	degrader (protac)	DC50		0.15	nM	cell	Western Blotting, Cell viability determined by WST-8 assay. | 0.15 nM 22Rv1 (DC50)				Chemical Probes Portal	ARD-266	ard-266	https://www.chemicalprobes.org/
RTNONCBKGZNCJS-LJLQSONVSA-N	P10275	degrader (protac)			90	%	cell	Western Blotting, Cell viability determined by WST-8 assay. | 90% 10 nM				Chemical Probes Portal	ARD-266	ard-266	https://www.chemicalprobes.org/
RTNONCBKGZNCJS-LJLQSONVSA-N	P10275	degrader (protac)		>	95	%	cell	Western Blotting, Cell viability determined by WST-8 assay. | >95% 100 nM				Chemical Probes Portal	ARD-266	ard-266	https://www.chemicalprobes.org/
RTNONCBKGZNCJS-LJLQSONVSA-N	P10275	degrader (protac)		>	99	%	cell	Western Blotting, Cell viability determined by WST-8 assay. | >99% 1000 nM				Chemical Probes Portal	ARD-266	ard-266	https://www.chemicalprobes.org/
RTNONCBKGZNCJS-LJLQSONVSA-N	P10275	degrader (protac)			2	nM	cell	Western Blotting, Cell viability determined by WST-8 assay. | 2 nM LNCaP				Chemical Probes Portal	ARD-266	ard-266	https://www.chemicalprobes.org/
RTNONCBKGZNCJS-LJLQSONVSA-N	P10275	degrader (protac)	IC50		6	nM	cell	Western Blotting, Cell viability determined by WST-8 assay. | 6 nM VCaP (IC50)				Chemical Probes Portal	ARD-266	ard-266	https://www.chemicalprobes.org/
DUPAJELXESPTNF-PPZGWQTASA-N	P10275	degrader (protac)			5	nM	cell	Western Blot, RL binding Assay (lysate), Cell Proliferation Assay | 5 nM				Chemical Probes Portal	ARCC-4	arcc-4	https://www.chemicalprobes.org/
DUPAJELXESPTNF-PPZGWQTASA-N	P10275	degrader (protac)			98	%	cell	Western Blot, RL binding Assay (lysate), Cell Proliferation Assay | 98%				Chemical Probes Portal	ARCC-4	arcc-4	https://www.chemicalprobes.org/
DUPAJELXESPTNF-PPZGWQTASA-N	P10275	degrader (protac)	IC50		36	nM	cell	Western Blot, RL binding Assay (lysate), Cell Proliferation Assay | 36 nM (IC50)				Chemical Probes Portal	ARCC-4	arcc-4	https://www.chemicalprobes.org/
SWVYYNLRVIYURK-AREMUKBSSA-N	Q04771	inhibitor			0.2	nM	biochemical	LanthaScreen binding assays using ALK2-R206H				Chemical Probes Portal	DOI:10.1126/scitranslmed.abp8334	fidrisertib	https://www.chemicalprobes.org/
SWVYYNLRVIYURK-AREMUKBSSA-N	Q04771	inhibitor			0.6	nM	biochemical	LanthaScreen binding assays using WT-ALK2				Chemical Probes Portal	DOI:10.1126/scitranslmed.abp8334	fidrisertib	https://www.chemicalprobes.org/
SWVYYNLRVIYURK-AREMUKBSSA-N	Q04771	inhibitor			1.2	nM	biochemical	Biochemical assay using recombinant ALK2-R206H				Chemical Probes Portal	DOI:10.1126/scitranslmed.abp8334	fidrisertib	https://www.chemicalprobes.org/
SWVYYNLRVIYURK-AREMUKBSSA-N	Q04771	inhibitor			2.1	nM	biochemical	Biochemical assay using recombinant ALK2-WT				Chemical Probes Portal	DOI:10.1126/scitranslmed.abp8334	fidrisertib	https://www.chemicalprobes.org/
SWVYYNLRVIYURK-AREMUKBSSA-N	Q04771	inhibitor	IC50		7	nM	cell	"Inhibition of SMAD1 phosphorylation assays
(ALK2-R206H in cells)"				Chemical Probes Portal	DOI:10.1126/scitranslmed.abp8334	fidrisertib	https://www.chemicalprobes.org/
SWVYYNLRVIYURK-AREMUKBSSA-N	Q04771	inhibitor	IC50		150	nM	cell	BMP6-stimulated ALK2R206H fibroblasts				Chemical Probes Portal	DOI:10.1126/scitranslmed.abp8334	fidrisertib	https://www.chemicalprobes.org/
SWVYYNLRVIYURK-AREMUKBSSA-N	Q04771	inhibitor	IC50		30	nM	cell	Activin A–stimulated ALK2R206H fibroblasts				Chemical Probes Portal	DOI:10.1126/scitranslmed.abp8334	fidrisertib	https://www.chemicalprobes.org/
AAZUPSFRSHFTGV-INIZCTEOSA-N	P28347	inhibitor			8.6	degC	binding	Thermal Shift Assays (TSA), Cell-free TEAD palmitoylation assay				Chemical Probes Portal	VT104	vt104	https://www.chemicalprobes.org/
AAZUPSFRSHFTGV-INIZCTEOSA-N	P28347	inhibitor	IC50		10.4	nM	cell	YAP reporter assay | 10.4 ± 0.8 nM				Chemical Probes Portal	VT104	vt104	https://www.chemicalprobes.org/
AAZUPSFRSHFTGV-INIZCTEOSA-N	P28347	inhibitor	GI50	>=	16	nM	cell	Cell proliferation assay | 16-98 nM				Chemical Probes Portal	VT104	vt104	https://www.chemicalprobes.org/
AAZUPSFRSHFTGV-INIZCTEOSA-N	Q15562	inhibitor			5.4	degC	binding	Thermal Shift Assays (TSA), Cell-free TEAD palmitoylation assay				Chemical Probes Portal	VT104	vt104	https://www.chemicalprobes.org/
AAZUPSFRSHFTGV-INIZCTEOSA-N	Q99594	inhibitor			8.2	degC	binding	Thermal Shift Assays (TSA), Cell-free TEAD palmitoylation assay				Chemical Probes Portal	VT104	vt104	https://www.chemicalprobes.org/
AAZUPSFRSHFTGV-INIZCTEOSA-N	Q15561	inhibitor			4.3	degC	binding	Thermal Shift Assays (TSA), Cell-free TEAD palmitoylation assay				Chemical Probes Portal	VT104	vt104	https://www.chemicalprobes.org/
LLCVDQHLYHBAHR-UHFFFAOYSA-N	P28347	inhibitor			8.3		binding	Thermal Shift Assays (TSA)				Chemical Probes Portal	VT103	vt103	https://www.chemicalprobes.org/
LLCVDQHLYHBAHR-UHFFFAOYSA-N	P28347	inhibitor	IC50		1.02	nM	cell	YAP reporter assay | 1.02 ± 0.09 nM				Chemical Probes Portal	VT103	vt103	https://www.chemicalprobes.org/
LLCVDQHLYHBAHR-UHFFFAOYSA-N	P28347	inhibitor	GI50	>=	1	nM	cell	Cell Proliferation assay | 1-21 nM				Chemical Probes Portal	VT103	vt103	https://www.chemicalprobes.org/
JALIPZPFONOAJA-ZKGBLMBJSA-N	P41182	degrader (protac)			1.9	nM	biochemical	Peptide displacement assay | 1.9 ± 0.8 nM				Chemical Probes Portal	DOI:10.1021/acs.jmedchem.5c03123	bms-986458	https://www.chemicalprobes.org/
JALIPZPFONOAJA-ZKGBLMBJSA-N	P41182	degrader (protac)			41	nM	biochemical	CRBN binding assay | 41 ± 12 nM				Chemical Probes Portal	DOI:10.1021/acs.jmedchem.5c03123	bms-986458	https://www.chemicalprobes.org/
JALIPZPFONOAJA-ZKGBLMBJSA-N	P41182	degrader (protac)	EC50		2.2	nM	cell	BCL6 HiBiT degradation assay				Chemical Probes Portal	DOI:10.1021/acs.jmedchem.5c03123	bms-986458	https://www.chemicalprobes.org/
JALIPZPFONOAJA-ZKGBLMBJSA-N	P41182	degrader (protac)	GI50		0.6	nM	cell	Cell proliferation assay				Chemical Probes Portal	DOI:10.1021/acs.jmedchem.5c03123	bms-986458	https://www.chemicalprobes.org/
JALIPZPFONOAJA-ZKGBLMBJSA-N	P41182	degrader (protac)	EC50		0.2	nM	cell	BCL6 MSD Degradation assay | 0.2 ± 0.1 nM				Chemical Probes Portal	DOI:10.1021/acs.jmedchem.5c03123	bms-986458	https://www.chemicalprobes.org/
XJTIGGCBXFIZJV-UHFFFAOYSA-N	Q8NEB9	inhibitor			15	nM	biochemical	KinaseGLO assay				Chemical Probes Portal	DOI:10.1021/acsmedchemlett.5b00335	vps34-in-4	https://www.chemicalprobes.org/
XJTIGGCBXFIZJV-UHFFFAOYSA-N	Q8NEB9	inhibitor	IC50		25	nM	cell	GFP-FYVE reporter assay				Chemical Probes Portal	DOI:10.1021/acsmedchemlett.5b00335	vps34-in-4	https://www.chemicalprobes.org/
UCGWYCMPZXDHNR-UHFFFAOYSA-N	Q96KQ7	inhibitor			6300	nM	biochemical	In vitro enzyme activity assays on the related compound BRD9539. BRD4770 activity was reported to be lower in vitro, but the authors suggest BRD9539 is the active agent in cells.				Chemical Probes Portal	BRD4770	brd4770	https://www.chemicalprobes.org/
UCGWYCMPZXDHNR-UHFFFAOYSA-N	Q96KQ7	inhibitor	EC50		5000	nM	cell	In PANC-1 cells, BRD4770 decreased substrate methylation (H3K9), and BRD4770 phenocopies EHMT2 knockdown (morphological changes and senescence-associated beta-galactosidase staining).				Chemical Probes Portal	BRD4770	brd4770	https://www.chemicalprobes.org/
ZORLJXWXFABTPZ-CTNGQTDRSA-N	P25440	inhibitor			75	nM	biochemical	TR-FRET assay (BRD2 BD1)				Chemical Probes Portal	DOI:10.1021/acs.jmedchem.0c00566	gsk778	https://www.chemicalprobes.org/
ZORLJXWXFABTPZ-CTNGQTDRSA-N	P25440	inhibitor			13	nM	binding	BROMOScan (DiscoverX)				Chemical Probes Portal	DOI:10.1021/acs.jmedchem.0c00566	gsk778	https://www.chemicalprobes.org/
ZORLJXWXFABTPZ-CTNGQTDRSA-N	P25440	inhibitor	IC50		50	nM	cell	NanoBRET				Chemical Probes Portal	DOI:10.1021/acs.jmedchem.0c00566	gsk778	https://www.chemicalprobes.org/
ZORLJXWXFABTPZ-CTNGQTDRSA-N	P25440	inhibitor	IC50		100	nM	cell	Cell proliferation assay in AML cell line MV-4−11 with MLL-AF4 rearrangement				Chemical Probes Portal	DOI:10.1021/acs.jmedchem.0c00566	gsk778	https://www.chemicalprobes.org/
ZORLJXWXFABTPZ-CTNGQTDRSA-N	Q15059	inhibitor			41	nM	biochemical	TR-FRET assay (BRD3 BD1)				Chemical Probes Portal	DOI:10.1021/acs.jmedchem.0c00566	gsk778	https://www.chemicalprobes.org/
ZORLJXWXFABTPZ-CTNGQTDRSA-N	Q15059	inhibitor			5	nM	binding	BROMOScan (DiscoverX)				Chemical Probes Portal	DOI:10.1021/acs.jmedchem.0c00566	gsk778	https://www.chemicalprobes.org/
ZORLJXWXFABTPZ-CTNGQTDRSA-N	O60885	inhibitor			41	nM	biochemical	TR-FRET assay (BRD4 BD1)				Chemical Probes Portal	DOI:10.1021/acs.jmedchem.0c00566	gsk778	https://www.chemicalprobes.org/
ZORLJXWXFABTPZ-CTNGQTDRSA-N	O60885	inhibitor			5.9	nM	binding	BROMOScan (DiscoverX)				Chemical Probes Portal	DOI:10.1021/acs.jmedchem.0c00566	gsk778	https://www.chemicalprobes.org/
ZORLJXWXFABTPZ-CTNGQTDRSA-N	Q58F21	inhibitor			143	nM	biochemical	TR-FRET assay (BRDT BD1)				Chemical Probes Portal	DOI:10.1021/acs.jmedchem.0c00566	gsk778	https://www.chemicalprobes.org/
ZORLJXWXFABTPZ-CTNGQTDRSA-N	Q58F21	inhibitor			18	nM	binding	BROMOScan (DiscoverX)				Chemical Probes Portal	DOI:10.1021/acs.jmedchem.0c00566	gsk778	https://www.chemicalprobes.org/
ZZWWXIBKLBMSCS-FQEVSTJZSA-N	Q13085	inhibitor			2.1	nM	biochemical	Luminescent ADP detection assay (ADP-Glo Kinase Assay Kit; Promega)				Chemical Probes Portal	DOI:10.1073/pnas.1520686113	firsocostat	https://www.chemicalprobes.org/
ZZWWXIBKLBMSCS-FQEVSTJZSA-N	Q13085	inhibitor	IC50		66	nM	cell	Inhibition of [14-C]acetate incorporation into fatty acids. | 66.0 nM (10% serum)				Chemical Probes Portal	DOI:10.1073/pnas.1520686113	firsocostat	https://www.chemicalprobes.org/
ZZWWXIBKLBMSCS-FQEVSTJZSA-N	Q13085	inhibitor	IC50		8.7	nM	cell	Inhibition of [14-C]acetate incorporation into fatty acids. | 8.7 nM (serum-free)				Chemical Probes Portal	DOI:10.1073/pnas.1520686113	firsocostat	https://www.chemicalprobes.org/
ZZWWXIBKLBMSCS-FQEVSTJZSA-N	O00763	inhibitor			6.1	nM	biochemical	Luminescent ADP detection assay (ADP-Glo Kinase Assay Kit; Promega)				Chemical Probes Portal	DOI:10.1073/pnas.1520686113	firsocostat	https://www.chemicalprobes.org/
ZZWWXIBKLBMSCS-FQEVSTJZSA-N	O00763	inhibitor	% inhibition	>	50	%	cell	Upregulation of [14C]palmitate oxidation, measured by production of [14C]acid-soluble materials, or [14C]carbon dioxide		1	uM	Chemical Probes Portal	DOI:10.1073/pnas.1520686113	firsocostat	https://www.chemicalprobes.org/
UVVQLQQNGHYTOL-JIVXZRRKSA-N	Q05397	degrader (protac)			19	nM	biochemical	Thermo Fisher SelectScreen Kinase Profiling				Chemical Probes Portal	DOI:10.1021/acs.jmedchem.8b01826	bi-0319	https://www.chemicalprobes.org/
UVVQLQQNGHYTOL-JIVXZRRKSA-N	Q05397	degrader (protac)	DC50		243	nM	cell	Degradation activity assessed via western blot after 18 h				Chemical Probes Portal	DOI:10.1021/acs.jmedchem.8b01826	bi-0319	https://www.chemicalprobes.org/
UVVQLQQNGHYTOL-JIVXZRRKSA-N	Q05397	degrader (protac)	Dmax		80	%	cell	Degradation activity assessed via western blot after 18 h				Chemical Probes Portal	DOI:10.1021/acs.jmedchem.8b01826	bi-0319	https://www.chemicalprobes.org/
FQWDVNSBYDXPIO-CQSZACIVSA-N	P55201	inhibitor			7.9	nM	biochemical	TR-FRET				Chemical Probes Portal	DOI:10.1021/acsmedchemlett.6b00092	gsk6853	https://www.chemicalprobes.org/
FQWDVNSBYDXPIO-CQSZACIVSA-N	P55201	inhibitor			0.31	nM	binding	BromoSCAN				Chemical Probes Portal	DOI:10.1021/acsmedchemlett.6b00092	gsk6853	https://www.chemicalprobes.org/
FQWDVNSBYDXPIO-CQSZACIVSA-N	P55201	inhibitor	IC50		20	nM	cell	NanoBRET using isolated BRPF1B BRD with NLS and Halo-tagged histone H3.3				Chemical Probes Portal	DOI:10.1021/acsmedchemlett.6b00092	gsk6853	https://www.chemicalprobes.org/
FQWDVNSBYDXPIO-CQSZACIVSA-N	P55201	inhibitor	IC50		2.5	nM	cell	chemoproteomic competition binding assay				Chemical Probes Portal	DOI:10.1021/acsmedchemlett.6b00092	gsk6853	https://www.chemicalprobes.org/
BASFYRLYJAZPPL-UONOGXRCSA-N	O60341	inhibitor			160	nM	biochemical	Kinetic characterization of the inhibition of LSD1 by GSK-LSD1 is consistent with a reversible binding step followed by time-dependent irreversible inactivation. (kinact = 0.13 ± 0.01 min−1, kinact/ KIapp = 0.81 ± 5.95 × 10−2 min−1 μM−1)				Chemical Probes Portal	GSK-LSD1	gsk-lsd1	https://www.chemicalprobes.org/
BASFYRLYJAZPPL-UONOGXRCSA-N	O60341	inhibitor	EC50	>=	0.1	nM	cell	Cell Proliferation assay | 0.1-10 nM				Chemical Probes Portal	GSK-LSD1	gsk-lsd1	https://www.chemicalprobes.org/
UJDFQDPAVQIQLB-UHFFFAOYSA-N	P53671	degrader (protac)			249	nM	binding	SPR				Chemical Probes Portal	THNAN69	thnan69	https://www.chemicalprobes.org/
UJDFQDPAVQIQLB-UHFFFAOYSA-N	P53671	degrader (protac)	EC50		80	nM	cell	NanoBRET				Chemical Probes Portal	THNAN69	thnan69	https://www.chemicalprobes.org/
UJDFQDPAVQIQLB-UHFFFAOYSA-N	P53671	degrader (protac)	DC50		1	nM	cell	Target degradation at 10 nM with Dmax of 88.2% (EGFP-LIMK2 depletion assay)				Chemical Probes Portal	THNAN69	thnan69	https://www.chemicalprobes.org/
FHRKRGDHMCCDEO-LLVKDONJSA-N	P51532	inhibitor			35	nM	biochemical	TR-FRET | 35 ± 1 nM				Chemical Probes Portal	DOI:10.1021/acs.jmedchem.2c00662	gne-064	https://www.chemicalprobes.org/
FHRKRGDHMCCDEO-LLVKDONJSA-N	P51532	inhibitor			47	nM	binding	ITC				Chemical Probes Portal	DOI:10.1021/acs.jmedchem.2c00662	gne-064	https://www.chemicalprobes.org/
FHRKRGDHMCCDEO-LLVKDONJSA-N	P51532	inhibitor			10	nM	binding	BromoSCAN				Chemical Probes Portal	DOI:10.1021/acs.jmedchem.2c00662	gne-064	https://www.chemicalprobes.org/
FHRKRGDHMCCDEO-LLVKDONJSA-N	P51531	inhibitor			16	nM	binding	BromoSCAN				Chemical Probes Portal	DOI:10.1021/acs.jmedchem.2c00662	gne-064	https://www.chemicalprobes.org/
FHRKRGDHMCCDEO-LLVKDONJSA-N	P51531	inhibitor	EC50		100	nM	cell	"Cellular target engagement (""dot"") assay"				Chemical Probes Portal	DOI:10.1021/acs.jmedchem.2c00662	gne-064	https://www.chemicalprobes.org/
FHRKRGDHMCCDEO-LLVKDONJSA-N	Q86U86	inhibitor			18	nM	binding	BromoSCAN of BD5				Chemical Probes Portal	DOI:10.1021/acs.jmedchem.2c00662	gne-064	https://www.chemicalprobes.org/
FHRKRGDHMCCDEO-LLVKDONJSA-N	Q86U86	inhibitor			490	nM	binding	BromoSCAN of DB2				Chemical Probes Portal	DOI:10.1021/acs.jmedchem.2c00662	gne-064	https://www.chemicalprobes.org/
QNZYMVMEVWRUCW-UHFFFAOYSA-N	Q8IXJ6	inhibitor			26	nM	biochemical	Standard fluorescence-based assay.				Chemical Probes Portal	DOI:10.1039/D5MD00144G	rw-78	https://www.chemicalprobes.org/
QNZYMVMEVWRUCW-UHFFFAOYSA-N	Q8IXJ6	inhibitor	EC50		15	nM	cell	NanoBRET				Chemical Probes Portal	DOI:10.1039/D5MD00144G	rw-78	https://www.chemicalprobes.org/
QRYISIPABXJVOQ-AWEZNQCLSA-N	Q03111	inhibitor			120	nM	binding	ITC				Chemical Probes Portal	DOI:10.1021/acsmedchemlett.4c00016	tdi-11055	https://www.chemicalprobes.org/
QRYISIPABXJVOQ-AWEZNQCLSA-N	Q03111	inhibitor			50	nM	biochemical	TR-FRET				Chemical Probes Portal	DOI:10.1021/acsmedchemlett.4c00016	tdi-11055	https://www.chemicalprobes.org/
QRYISIPABXJVOQ-AWEZNQCLSA-N	Q03111	inhibitor	IC50		100	nM	cell	Cell proliferation assay				Chemical Probes Portal	DOI:10.1021/acsmedchemlett.4c00016	tdi-11055	https://www.chemicalprobes.org/
UEUNDURNLYLSNB-HOTGVXAUSA-N	Q92633	antagonist			6.9	nM	cell	human LPA1 Kb assay was run in CHO cells overexpressing human LPA1.				Chemical Probes Portal	DOI:10.1021/acs.jmedchem.1c01256	bms-986278	https://www.chemicalprobes.org/
AXNQNPVSVCEGTP-LALXJTNGSA-N	Q9Y6Q9	degrader (protac)	Dmax		71	%	cell	Degradation of SRC-3 detected via western blot				Chemical Probes Portal	DOI:10.1021/acs.jmedchem.5c00425	by13	https://www.chemicalprobes.org/
AXNQNPVSVCEGTP-LALXJTNGSA-N	Q9Y6Q9	degrader (protac)	IC50	>=	3	nM	cell	Inhibition (CCK8 kit) assay | 3-350 nM				Chemical Probes Portal	DOI:10.1021/acs.jmedchem.5c00425	by13	https://www.chemicalprobes.org/
AXNQNPVSVCEGTP-LALXJTNGSA-N	Q9Y6Q9	degrader (protac)	DC50		31	nM	cell	SRC-3 degradation over 36h detected via western blot				Chemical Probes Portal	DOI:10.1021/acs.jmedchem.5c00425	by13	https://www.chemicalprobes.org/
KDOQEEMQPHIANX-NFBKMPQASA-N	P13569	corrector	EC50		28	nM	cell	HBE-TECC (Human Bronchial Epithelial- Trans-Epithelial Current Clamp) assay				Chemical Probes Portal	DOI:10.1021/acs.jmedchem.7b01339	a-1596586	https://www.chemicalprobes.org/
KDOQEEMQPHIANX-NFBKMPQASA-N	P13569	corrector	EC50		130	nM	cell	CSE-HRP surface expression (Cell surface expression-horseradish peroxidase) assay				Chemical Probes Portal	DOI:10.1021/acs.jmedchem.7b01339	a-1596586	https://www.chemicalprobes.org/
KDOQEEMQPHIANX-NFBKMPQASA-N	P13569	corrector	EC50		35	nM	cell	Plasma membrane-expressed enzyme acceptor protein (EA-MEM) assay				Chemical Probes Portal	DOI:10.1021/acs.jmedchem.7b01339	a-1596586	https://www.chemicalprobes.org/
PFEKWBKJUBCXDT-KGLIPLIRSA-N	O00411	inhibitor			5	degC	biochemical	Differential scanning fluorimetry performed in the absence or presence of 10 μM IMT1B				Chemical Probes Portal	DOI:10.1038/s41586-020-03048-z	imt1b	https://www.chemicalprobes.org/
PFEKWBKJUBCXDT-KGLIPLIRSA-N	O00411	inhibitor			14.2	nM	biochemical	Single nucleotide incorporation assay | Km 14.2 ± 6.4 nM				Chemical Probes Portal	DOI:10.1038/s41586-020-03048-z	imt1b	https://www.chemicalprobes.org/
PFEKWBKJUBCXDT-KGLIPLIRSA-N	O00411	inhibitor		~	50	nM	biochemical	in vitro promoter-dependent transcription on linear LSP and supercoiled circular LSP templates				Chemical Probes Portal	DOI:10.1038/s41586-020-03048-z	imt1b	https://www.chemicalprobes.org/
PFEKWBKJUBCXDT-KGLIPLIRSA-N	O00411	inhibitor			748	nM	biochemical	Microscale thermophoresis binding curves in the absence or presence of 10 μM IMT1B, causing a dose-dependent decrease in the levels of mitochondrial transcripts.				Chemical Probes Portal	DOI:10.1038/s41586-020-03048-z	imt1b	https://www.chemicalprobes.org/
PFEKWBKJUBCXDT-KGLIPLIRSA-N	O00411	inhibitor	Kd		100	nM	cell	mitochondrial transcript level of ND1 and CYTB after IMT1B treatment for 6 h in HeLa cells				Chemical Probes Portal	DOI:10.1038/s41586-020-03048-z	imt1b	https://www.chemicalprobes.org/
PFEKWBKJUBCXDT-KGLIPLIRSA-N	O00411	inhibitor	ratio	~	40	%	cell	Gradual depletion of mtDNA over 96h observation				Chemical Probes Portal	DOI:10.1038/s41586-020-03048-z	imt1b	https://www.chemicalprobes.org/
MUYQEHKMQMHJNI-ZDUSSCGKSA-N	P10721	inhibitor			0.4	nM	biochemical	DiscoverX assay for KIT(V559D,V654A)				Chemical Probes Portal	DOI:10.1021/acs.jmedchem.5c03554	blu-654	https://www.chemicalprobes.org/
MUYQEHKMQMHJNI-ZDUSSCGKSA-N	P10721	inhibitor	IC50		5.7	nM	cell	Inhibition of KIT Autophosphorylation in HMC1.1 11/13 Cells by MSD assay | 5.7 ± 1.4 nM				Chemical Probes Portal	DOI:10.1021/acs.jmedchem.5c03554	blu-654	https://www.chemicalprobes.org/
ALNBIGSEWMWEGS-UHFFFAOYSA-N	O14965	degrader (protac)			620	nM	biochemical	Aurora A/PROTAC/CRBN ternary complexes was assessed in the TR- FRET assay				Chemical Probes Portal	DOI:10.1021/acs.jmedchem.5c03024	cct400028	https://www.chemicalprobes.org/
ALNBIGSEWMWEGS-UHFFFAOYSA-N	O14965	degrader (protac)	DC50		29	nM	cell	Aurora A HiBiT in MV4-11 human pediatric leukemia cells with 6 h PROTAC treatment.				Chemical Probes Portal	DOI:10.1021/acs.jmedchem.5c03024	cct400028	https://www.chemicalprobes.org/
ALNBIGSEWMWEGS-UHFFFAOYSA-N	O14965	degrader (protac)	Dmax		85	%	cell	Aurora A HiBiT in MV4-11 human pediatric leukemia cells with 6 h PROTAC treatment.				Chemical Probes Portal	DOI:10.1021/acs.jmedchem.5c03024	cct400028	https://www.chemicalprobes.org/
ALNBIGSEWMWEGS-UHFFFAOYSA-N	O14965	degrader (protac)	GI50		310	nM	cell	Cell viability was assessed using an alamarBlue assay in MV4-11 leukemia cells after treatment with CCT400028 for 72 h				Chemical Probes Portal	DOI:10.1021/acs.jmedchem.5c03024	cct400028	https://www.chemicalprobes.org/
ALNBIGSEWMWEGS-UHFFFAOYSA-N	O14965	degrader (protac)	Dmax	>	95	%	cell	Aurora A depletion in Kelly human pediatric neuroblastoma cells (Western Blot)				Chemical Probes Portal	DOI:10.1021/acs.jmedchem.5c03024	cct400028	https://www.chemicalprobes.org/
CQFHGOWYJXQICA-FKDNKQOESA-N	Q00987	degrader (protac)	DC50		0.4	nM	cell	HEK293-HiBiT cells treated for 4 hours. Nano-Glo HiBiT lytic detection assay was used to assess MDM2 degradation potency.				Chemical Probes Portal	DOI:10.1158/1535-7163.MCT-24-0306	kt-253	https://www.chemicalprobes.org/
CQFHGOWYJXQICA-FKDNKQOESA-N	Q00987	degrader (protac)	IC50		0.3	nM	cell	CellTiter-Glo (CTG) assay (Cell Viability)				Chemical Probes Portal	DOI:10.1158/1535-7163.MCT-24-0306	kt-253	https://www.chemicalprobes.org/
AYGDOYFDJDUPSS-UHFFFAOYSA-N	P51788	inhibitor	IC50		17	nM	cell	Patch clamp assay				Chemical Probes Portal	DOI:10.1073/pnas.2009977117	ak-42	https://www.chemicalprobes.org/
AYGDOYFDJDUPSS-UHFFFAOYSA-N	P51788	inhibitor	% inhibition		2.5	uM	cell	Whole-cell patch-clamp electrophysiology measuring CLC-2 currents. AK-42 attenuated steady-state currents and eliminated relaxation currents in recorded neurons				Chemical Probes Portal	DOI:10.1073/pnas.2009977117	ak-42	https://www.chemicalprobes.org/
QKVFMAAIXZONRN-UHFFFAOYSA-N	P08581	inhibitor		<	1	nM	biochemical	Biochemical MET assay				Chemical Probes Portal	DOI:10.7554/eLife.34311	bay-474	https://www.chemicalprobes.org/
QKVFMAAIXZONRN-UHFFFAOYSA-N	P08581	inhibitor	IC50		2.9	nM	cell	Mechanistic cellular assay (p-c-Met, MKN-45 cells)				Chemical Probes Portal	DOI:10.7554/eLife.34311	bay-474	https://www.chemicalprobes.org/
QKVFMAAIXZONRN-UHFFFAOYSA-N	P08581	inhibitor			24	nM	cell	Cell proliferation Hs746T (gastric) IC90				Chemical Probes Portal	DOI:10.7554/eLife.34311	bay-474	https://www.chemicalprobes.org/
QKVFMAAIXZONRN-UHFFFAOYSA-N	P08581	inhibitor			56	nM	cell	Cell proliferation MKN-45 (gastric) IC90				Chemical Probes Portal	DOI:10.7554/eLife.34311	bay-474	https://www.chemicalprobes.org/
CEIIEALEIHQDBX-UHFFFAOYSA-N	P36544	modulator	EC50		216	nM	cell	Ca2+ flux, modulation of 100 μM ACh				Chemical Probes Portal	DOI:10.1523/JNEUROSCI.5269-04.2005	pnu-120596	https://www.chemicalprobes.org/
CEIIEALEIHQDBX-UHFFFAOYSA-N	P36544	modulator	ratio		7	fold	cell	Fold-change of peak current at 100 μM ACh stimulation, whole-cell voltage clamp of cDNA injected Oocytes.		1	uM	Chemical Probes Portal	DOI:10.1523/JNEUROSCI.5269-04.2005	pnu-120596	https://www.chemicalprobes.org/
MVPFPBIHUUHXGU-FSSWDIPSSA-N	P23743	inhibitor and degrader			0.3	nM	biochemical	Biochemical lipid kinase assays				Chemical Probes Portal	DOI:10.1158/2326-6066.CIR-25-0156	bms-986408	https://www.chemicalprobes.org/
MVPFPBIHUUHXGU-FSSWDIPSSA-N	P23743	inhibitor and degrader	Kd		158	nM	cell	NanoBRET				Chemical Probes Portal	DOI:10.1158/2326-6066.CIR-25-0156	bms-986408	https://www.chemicalprobes.org/
MVPFPBIHUUHXGU-FSSWDIPSSA-N	P23743	inhibitor and degrader	EC50		26	nM	cell	Induced DGKα plasma-membrane translocation assay (YFP-DGKα)				Chemical Probes Portal	DOI:10.1158/2326-6066.CIR-25-0156	bms-986408	https://www.chemicalprobes.org/
MVPFPBIHUUHXGU-FSSWDIPSSA-N	P23743	inhibitor and degrader	Dmax	>	90	%	cell	Degradation of DGKα followed by western blot				Chemical Probes Portal	DOI:10.1158/2326-6066.CIR-25-0156	bms-986408	https://www.chemicalprobes.org/
MVPFPBIHUUHXGU-FSSWDIPSSA-N	P23743	inhibitor and degrader					cell	"BMS986408 reduced the thermal stability of  DGKα.
Endogenous knock-in mutation reporter cell lines were abrogated BMS-986408 cellular binding as measured by CETSA"				Chemical Probes Portal	DOI:10.1158/2326-6066.CIR-25-0156	bms-986408	https://www.chemicalprobes.org/
MVPFPBIHUUHXGU-FSSWDIPSSA-N	Q13574	inhibitor and degrader			2	nM	biochemical	Biochemical lipid kinase assays				Chemical Probes Portal	DOI:10.1158/2326-6066.CIR-25-0156	bms-986408	https://www.chemicalprobes.org/
MVPFPBIHUUHXGU-FSSWDIPSSA-N	Q13574	inhibitor and degrader	Kd		55	nM	cell	NanoBRET				Chemical Probes Portal	DOI:10.1158/2326-6066.CIR-25-0156	bms-986408	https://www.chemicalprobes.org/
MVPFPBIHUUHXGU-FSSWDIPSSA-N	Q13574	inhibitor and degrader	EC50		8	nM	cell	Induced DGKζ plasma-membrane translocation assay (YFP-DGKζ)				Chemical Probes Portal	DOI:10.1158/2326-6066.CIR-25-0156	bms-986408	https://www.chemicalprobes.org/
MVPFPBIHUUHXGU-FSSWDIPSSA-N	Q13574	inhibitor and degrader	Dmax	>	80	%	cell	Degradation of DGKζ detected via western blot				Chemical Probes Portal	DOI:10.1158/2326-6066.CIR-25-0156	bms-986408	https://www.chemicalprobes.org/
MVPFPBIHUUHXGU-FSSWDIPSSA-N	Q13574	inhibitor and degrader					cell	"BMS986408 reduced the thermal stability of  DGKζ .
Endogenous knock-in mutation reporter cell lines were abrogated BMS-986408 cellular binding as measured by CETSA"				Chemical Probes Portal	DOI:10.1158/2326-6066.CIR-25-0156	bms-986408	https://www.chemicalprobes.org/
DVGLTSTVSHOWJF-UHFFFAOYSA-N	Q7LBE3	inhibitor	IC50		90.9	nM	cell	Inhibition of SLC26A9-mediated Cl−/I− exchange activities | 90.9 ± 13.4 nM				Chemical Probes Portal	DOI:10.1096/fj.202200313RR	s9-a13	https://www.chemicalprobes.org/
DVGLTSTVSHOWJF-UHFFFAOYSA-N	Q7LBE3	inhibitor	IC50		171.5	nM	cell	Inhibition of SLC26A9-mediated Cl−/SCN− exchange activities | 171.5 ± 34.7 nM				Chemical Probes Portal	DOI:10.1096/fj.202200313RR	s9-a13	https://www.chemicalprobes.org/
VUOYAALVGSMUHC-UHFFFAOYSA-N	Q86YT5	inhibitor		>	10	degC	biochemical	Thermo Stabilisation Assay		10	uM	Chemical Probes Portal	DOI:10.1042/BCJ20200592	bi01383298	https://www.chemicalprobes.org/
VUOYAALVGSMUHC-UHFFFAOYSA-N	Q86YT5	inhibitor	IC50		56	nM	cell	Citrate uptake inhibition				Chemical Probes Portal	DOI:10.1042/BCJ20200592	bi01383298	https://www.chemicalprobes.org/
VUOYAALVGSMUHC-UHFFFAOYSA-N	Q86YT5	inhibitor	IC50		24	nM	cell	Citrate uptake inhibition; maximum inhibition achieved after 30 min with 10µM pre-incubation of inhibitor				Chemical Probes Portal	DOI:10.1042/BCJ20200592	bi01383298	https://www.chemicalprobes.org/
FVICRBSEYSHKFY-JYQNNKODSA-N	P01116	inhibitor			92	nM	biochemical	"Disruption of  wt BRAF RBD binding to RAS, in the presence of CypA;
potency on mutants: 48 nM for G12V; 35 nM for G12C; 229 nM for G12D"				Chemical Probes Portal	DOI:10.1021/acs.jmedchem.4c02314	daraxonrasib	https://www.chemicalprobes.org/
FVICRBSEYSHKFY-JYQNNKODSA-N	P01116	inhibitor	DC50		0.3	nM	cell	Inhibition of cellular ERK phosphorylation (pERK) evaluated by AlphaLISA assay				Chemical Probes Portal	DOI:10.1021/acs.jmedchem.4c02314	daraxonrasib	https://www.chemicalprobes.org/
FVICRBSEYSHKFY-JYQNNKODSA-N	P01116	inhibitor	EC50		1.6	nM	cell	Inhibition of cellular ERK phosphorylation (pERK) evaluated by AlphaLISA assay				Chemical Probes Portal	DOI:10.1021/acs.jmedchem.4c02314	daraxonrasib	https://www.chemicalprobes.org/
FVICRBSEYSHKFY-JYQNNKODSA-N	P01116	inhibitor	EC50		3.6	nM	cell	Inhibition of cellular ERK phosphorylation (pERK) evaluated by AlphaLISA assay				Chemical Probes Portal	DOI:10.1021/acs.jmedchem.4c02314	daraxonrasib	https://www.chemicalprobes.org/
FVICRBSEYSHKFY-JYQNNKODSA-N	P01116	inhibitor	EC50		1.3	nM	cell	Cell viability was assessed at 120 h by CellTiter-Glo luminescence assay				Chemical Probes Portal	DOI:10.1021/acs.jmedchem.4c02314	daraxonrasib	https://www.chemicalprobes.org/
FVICRBSEYSHKFY-JYQNNKODSA-N	P01116	inhibitor	EC50		1	nM	cell	Cell viability was assessed at 120 h by CellTiter-Glo luminescence assay				Chemical Probes Portal	DOI:10.1021/acs.jmedchem.4c02314	daraxonrasib	https://www.chemicalprobes.org/
FVICRBSEYSHKFY-JYQNNKODSA-N	P01116	inhibitor	EC50		3.2	nM	cell	Cell viability was assessed at 120 h by CellTiter-Glo luminescence assay				Chemical Probes Portal	DOI:10.1021/acs.jmedchem.4c02314	daraxonrasib	https://www.chemicalprobes.org/
FVICRBSEYSHKFY-JYQNNKODSA-N	P01111	inhibitor		~	90	nM	biochemical	Disruption of wt NRAF RBD binding to RAS, in the presence of CypA;				Chemical Probes Portal	DOI:10.1021/acs.jmedchem.4c02314	daraxonrasib	https://www.chemicalprobes.org/
FVICRBSEYSHKFY-JYQNNKODSA-N	P01112	inhibitor		~	90	nM	biochemical	Disruption of wt HRAF RBD binding to RAS, in the presence of CypA;				Chemical Probes Portal	DOI:10.1021/acs.jmedchem.4c02314	daraxonrasib	https://www.chemicalprobes.org/
SDGJBAUIGHSMRI-UHFFFAOYSA-N	O60285	inhibitor			20	nM	biochemical	Kinase assay				Chemical Probes Portal	WZ4003	wz4003	https://www.chemicalprobes.org/
SDGJBAUIGHSMRI-UHFFFAOYSA-N	O60285	inhibitor					cell	In HEK-293 cells, WZ4003 dose-dependently inhibited NUAK protein substrate phosphorylation.				Chemical Probes Portal	WZ4003	wz4003	https://www.chemicalprobes.org/
SDGJBAUIGHSMRI-UHFFFAOYSA-N	Q9H093	inhibitor			100	nM	biochemical	Kinase Assay				Chemical Probes Portal	WZ4003	wz4003	https://www.chemicalprobes.org/
SDGJBAUIGHSMRI-UHFFFAOYSA-N	Q9H093	inhibitor					cell	In HEK-293 cells, WZ4003 dose-dependently inhibited NUAK protein substrate phosphorylation.				Chemical Probes Portal	WZ4003	wz4003	https://www.chemicalprobes.org/
BCFGMOOMADDAQU-UHFFFAOYSA-N	P00533	inhibitor			10.2	nM	biochemical	In vitro kinase assay using intracellular kinase domain				Chemical Probes Portal	PMID:12467226	lapatinib	https://www.chemicalprobes.org/
BCFGMOOMADDAQU-UHFFFAOYSA-N	P00533	inhibitor	IC50		170	nM	cell	Autophosphorylation Inhibition (immunoprecipitation and WB), Cell growth inhibition				Chemical Probes Portal	PMID:12467226	lapatinib	https://www.chemicalprobes.org/
BCFGMOOMADDAQU-UHFFFAOYSA-N	P04626	inhibitor			9.8	nM	biochemical	In vitro kinase assay using intracellular kinase domain				Chemical Probes Portal	PMID:12467226	lapatinib	https://www.chemicalprobes.org/
BCFGMOOMADDAQU-UHFFFAOYSA-N	P04626	inhibitor	IC50		80	nM	cell	Autophosphorylation Inhibition (immunoprecipitation and WB), Cell growth inhibition				Chemical Probes Portal	PMID:12467226	lapatinib	https://www.chemicalprobes.org/
LPGBXHWIQNZEJB-UHFFFAOYSA-N	Q5NUL3	agonist	EC50		43.6	nM	cell	BRET β-Qrrestin 2 Interaction Assay, Calcium Assay, [35S]GTPγS assay (17 nM for Mouse analog)				Chemical Probes Portal	TUG-891	tug-891	https://www.chemicalprobes.org/
FMSIRMKLDQFQKI-UHFFFAOYSA-N	P45985	inhibitor			20	nM	biochemical	Radiometric kinase activity assay				Chemical Probes Portal	DOI:10.1016/j.cell.2024.02.023	hrx215	https://www.chemicalprobes.org/
FMSIRMKLDQFQKI-UHFFFAOYSA-N	P45985	inhibitor	% inhibition	>	70	%	cell	Target engagement assay with was conducted with isolated PBMCs. Lysates were analyzed by immunoblotting using an antibody against p-MKK4 (S257), and intensities were quantified (p-MKK4/Vinculin).				Chemical Probes Portal	DOI:10.1016/j.cell.2024.02.023	hrx215	https://www.chemicalprobes.org/
VDLHPYFVCAHCCZ-UHFFFAOYSA-N	Q9Y345	inhibitor	IC50		554	nM	cell	Patch clamp assay | 554 ± 80 nM				Chemical Probes Portal	RPI-GLYT2-82	rpi-glyt2-82	https://www.chemicalprobes.org/
YXYBHRORJSDZTQ-UHFFFAOYSA-N	O60285	inhibitor			3.2	nM	biochemical	ADP-Glo assay				Chemical Probes Portal	DOI:10.1021/acsmedchemlett.4c00579	nuak1-in-2	https://www.chemicalprobes.org/
YXYBHRORJSDZTQ-UHFFFAOYSA-N	O60285	inhibitor	IC50		100	nM	cell	NanoBRET				Chemical Probes Portal	DOI:10.1021/acsmedchemlett.4c00579	nuak1-in-2	https://www.chemicalprobes.org/
LIRYPHYGHXZJBZ-UHFFFAOYSA-N	Q02750	inhibitor			0.92	nM	biochemical	Raf-MEK-ERK cascade kinase assay				Chemical Probes Portal	Trametinib	trametinib	https://www.chemicalprobes.org/
LIRYPHYGHXZJBZ-UHFFFAOYSA-N	Q02750	inhibitor	IC50		9.8	nM	cell	In HT-29 cells, trametinib dose-dependently inhibited substrate phosphorylation and autophosphorylation. | 9.8 nM ACHN				Chemical Probes Portal	Trametinib	trametinib	https://www.chemicalprobes.org/
LIRYPHYGHXZJBZ-UHFFFAOYSA-N	Q02750	inhibitor	IC50		0.57	nM	cell	In HT-29 cells, trametinib dose-dependently inhibited substrate phosphorylation and autophosphorylation. | 0.57 nM HT-29				Chemical Probes Portal	Trametinib	trametinib	https://www.chemicalprobes.org/
LIRYPHYGHXZJBZ-UHFFFAOYSA-N	P36507	inhibitor			1.8	nM	biochemical	Raf-MEK-ERK cascade kinase assay				Chemical Probes Portal	Trametinib	trametinib	https://www.chemicalprobes.org/
LIRYPHYGHXZJBZ-UHFFFAOYSA-N	P36507	inhibitor	IC50		0.57	nM	cell	In HT-29 cells, trametinib dose-dependently inhibited substrate phosphorylation and autophosphorylation.				Chemical Probes Portal	Trametinib	trametinib	https://www.chemicalprobes.org/
LIRYPHYGHXZJBZ-UHFFFAOYSA-N	P36507	inhibitor	IC50		9.8	nM	cell	In HT-29 cells, trametinib dose-dependently inhibited substrate phosphorylation and autophosphorylation.				Chemical Probes Portal	Trametinib	trametinib	https://www.chemicalprobes.org/
BUJWDBSVEVFQDP-UHFFFAOYSA-N	P43354	agonist			300	nM	binding	ITC				Chemical Probes Portal	DOI:10.1021/acs.jmedchem.3c00415	nurr1-ant-29	https://www.chemicalprobes.org/
BUJWDBSVEVFQDP-UHFFFAOYSA-N	P43354	agonist	EC50		110	nM	cell	Gal4 hybrid reporter gene assays				Chemical Probes Portal	DOI:10.1021/acs.jmedchem.3c00415	nurr1-ant-29	https://www.chemicalprobes.org/
BUJWDBSVEVFQDP-UHFFFAOYSA-N	P43354	agonist	EC50		220	nM	cell	Activation of full-length human Nurr1 was studied in transiently transfected HEK293T				Chemical Probes Portal	DOI:10.1021/acs.jmedchem.3c00415	nurr1-ant-29	https://www.chemicalprobes.org/
ZABZNDRRLTXBHH-UHFFFAOYSA-N	P22413	inhibitor			0.45	nM	biochemical	Enzymatic assay with cGAMP as substrate				Chemical Probes Portal	DOI:10.1038/s41467-025-59874-0	ism5939	https://www.chemicalprobes.org/
ZABZNDRRLTXBHH-UHFFFAOYSA-N	P22413	inhibitor			9.28	nM	biochemical	Enzymatic assay with ATP as substrate				Chemical Probes Portal	DOI:10.1038/s41467-025-59874-0	ism5939	https://www.chemicalprobes.org/
ZABZNDRRLTXBHH-UHFFFAOYSA-N	P22413	inhibitor			0.38	nM	binding	SPR				Chemical Probes Portal	DOI:10.1038/s41467-025-59874-0	ism5939	https://www.chemicalprobes.org/
ZABZNDRRLTXBHH-UHFFFAOYSA-N	P22413	inhibitor			0.63	nM	biochemical	Plasma mediated cGAMP degradation				Chemical Probes Portal	DOI:10.1038/s41467-025-59874-0	ism5939	https://www.chemicalprobes.org/
ZABZNDRRLTXBHH-UHFFFAOYSA-N	P22413	inhibitor	EC50		100	nM	cell	accumulation of extracellular cGAMP upon stimulation with dsDNA				Chemical Probes Portal	DOI:10.1038/s41467-025-59874-0	ism5939	https://www.chemicalprobes.org/
LIOLIMKSCNQPLV-UHFFFAOYSA-N	P08581	inhibitor			0.13	nM	biochemical	Cell-Free Assay				Chemical Probes Portal	Capmatinib	capmatinib	https://www.chemicalprobes.org/
LIOLIMKSCNQPLV-UHFFFAOYSA-N	P08581	inhibitor			0.31	nM	biochemical	Dose-response experiment				Chemical Probes Portal	Capmatinib	capmatinib	https://www.chemicalprobes.org/
LIOLIMKSCNQPLV-UHFFFAOYSA-N	P08581	inhibitor	IC50	>=	0.3	nM	cell	Western blot of phospho c-MET and downstream targets ERK1/2, AKT, FAK, GAB1, STAT3/5; ELISA-based detections of phospho-c-MET in cell protein extracts. Detailed IC50 in nM per cell line: SNU-5 (gastric) 1.1, S114 (transfected) 0.9, A549 (lung) 0.7, U-87MG (glioblastoma) 1, 786-0 (kidney) 0.6, H441 (lung) 0.7, H596 (lung) 0.4, H1437 (lung) 0.3 (596 and H1437 express mutant c-MET due to an exon 14 deletion and the R988C mutation, respectively) | 0.3-1.1 nM				Chemical Probes Portal	Capmatinib	capmatinib	https://www.chemicalprobes.org/
VRQXRVAKPDCRCI-ZNMIVQPWSA-N	P11309	inhibitor			0.006	nM	biochemical	Kinase-Glo assay, with [ATP] at or below ATP Km for each isoform				Chemical Probes Portal	PIM-447	pim-447	https://www.chemicalprobes.org/
VRQXRVAKPDCRCI-ZNMIVQPWSA-N	P11309	inhibitor	EC50		170	nM	cell	Antiproliferation activity assay				Chemical Probes Portal	PIM-447	pim-447	https://www.chemicalprobes.org/
VRQXRVAKPDCRCI-ZNMIVQPWSA-N	Q9P1W9	inhibitor			0.018	nM	biochemical	Kinase-Glo assay, with [ATP] at or below ATP Km for each isoform				Chemical Probes Portal	PIM-447	pim-447	https://www.chemicalprobes.org/
VRQXRVAKPDCRCI-ZNMIVQPWSA-N	Q9P1W9	inhibitor	EC50		170	nM	cell	Antiproliferation activity assay				Chemical Probes Portal	PIM-447	pim-447	https://www.chemicalprobes.org/
VRQXRVAKPDCRCI-ZNMIVQPWSA-N	Q86V86	inhibitor			0.009	nM	biochemical	Kinase-Glo assay, with [ATP] at or below ATP Km for each isoform				Chemical Probes Portal	PIM-447	pim-447	https://www.chemicalprobes.org/
VRQXRVAKPDCRCI-ZNMIVQPWSA-N	Q86V86	inhibitor	EC50		170	nM	cell	Antiproliferation activity assay				Chemical Probes Portal	PIM-447	pim-447	https://www.chemicalprobes.org/
HPJVZSVEIGCFJP-SFHVURJKSA-N	Q5TCY1	inhibitor			2.7	nM	biochemical	Biochemical assay (TR-FRET assay)				Chemical Probes Portal	DOI:10.1021/acs.jmedchem.1c00382	ttbk1-in-1	https://www.chemicalprobes.org/
HPJVZSVEIGCFJP-SFHVURJKSA-N	Q5TCY1	inhibitor	IC50		315	nM	cell	Tau-pSer 422-HTRF Assay				Chemical Probes Portal	DOI:10.1021/acs.jmedchem.1c00382	ttbk1-in-1	https://www.chemicalprobes.org/
HPJVZSVEIGCFJP-SFHVURJKSA-N	Q6IQ55	inhibitor			1.6	nM	biochemical	Biochemical assay (TR-FRET assay)				Chemical Probes Portal	DOI:10.1021/acs.jmedchem.1c00382	ttbk1-in-1	https://www.chemicalprobes.org/
NYNZQNWKBKUAII-KBXCAEBGSA-N	P04629	inhibitor			1.2	nM	biochemical	Activity assay using 10 µM ATP				Chemical Probes Portal	DOI:10.1186/1744-8069-6-87	larotrectinib	https://www.chemicalprobes.org/
NYNZQNWKBKUAII-KBXCAEBGSA-N	P04629	inhibitor	IC50		8	nM	cell	MTS assay measuring anti-proliferation of Ba/F3 cells expressing the MPRIP-NTRK1				Chemical Probes Portal	DOI:10.1186/1744-8069-6-87	larotrectinib	https://www.chemicalprobes.org/
NYNZQNWKBKUAII-KBXCAEBGSA-N	P04629	inhibitor	IC50		1.9	nM	cell	Inhibition of activation of TRKA, downstream signalling, in cells expressing CD74-NTRK1 (CD74-TRKA)				Chemical Probes Portal	DOI:10.1186/1744-8069-6-87	larotrectinib	https://www.chemicalprobes.org/
NYNZQNWKBKUAII-KBXCAEBGSA-N	P04629	inhibitor	IC50		6	nM	cell	Inhibition of activation of TRKA in KM12 cells expressing endogenous TPM3-NTRK1, downstream signalling, and proliferation				Chemical Probes Portal	DOI:10.1186/1744-8069-6-87	larotrectinib	https://www.chemicalprobes.org/
NYNZQNWKBKUAII-KBXCAEBGSA-N	Q16620	inhibitor			2.1	nM	biochemical	Activity assay using 10 µM ATP				Chemical Probes Portal	DOI:10.1186/1744-8069-6-87	larotrectinib	https://www.chemicalprobes.org/
NYNZQNWKBKUAII-KBXCAEBGSA-N	Q16620	inhibitor	IC50		8.1	nM	cell					Chemical Probes Portal	DOI:10.1186/1744-8069-6-87	larotrectinib	https://www.chemicalprobes.org/
NYNZQNWKBKUAII-KBXCAEBGSA-N	Q16288	inhibitor			2.1	nM	biochemical	Activity assay using 10 µM ATP				Chemical Probes Portal	DOI:10.1186/1744-8069-6-87	larotrectinib	https://www.chemicalprobes.org/
NYNZQNWKBKUAII-KBXCAEBGSA-N	Q16288	inhibitor	IC50		10.6	nM	cell					Chemical Probes Portal	DOI:10.1186/1744-8069-6-87	larotrectinib	https://www.chemicalprobes.org/
IBGLGMOPHJQDJB-IHRRRGAJSA-N	P45983	inhibitor			61	nM	biochemical	Biochemical assay | 61 ± 24 nM				Chemical Probes Portal	DOI:10.1016/j.bmcl.2011.12.027	tanzisertib	https://www.chemicalprobes.org/
IBGLGMOPHJQDJB-IHRRRGAJSA-N	P45983	inhibitor			44	nM	biochemical	Competitive binding assay | 44 ± 3 nM				Chemical Probes Portal	DOI:10.1016/j.bmcl.2011.12.027	tanzisertib	https://www.chemicalprobes.org/
IBGLGMOPHJQDJB-IHRRRGAJSA-N	P45983	inhibitor	IC50		1000	nM	cell	Inhibition the formation of phospho-cJun in human PBMC				Chemical Probes Portal	DOI:10.1016/j.bmcl.2011.12.027	tanzisertib	https://www.chemicalprobes.org/
IBGLGMOPHJQDJB-IHRRRGAJSA-N	P45984	inhibitor			7	nM	biochemical	Biochemical assay | 7 ± 2 nM				Chemical Probes Portal	DOI:10.1016/j.bmcl.2011.12.027	tanzisertib	https://www.chemicalprobes.org/
IBGLGMOPHJQDJB-IHRRRGAJSA-N	P45984	inhibitor			6.2	nM	biochemical	Competitive binding assay | 6.2 ± 0.6 nM				Chemical Probes Portal	DOI:10.1016/j.bmcl.2011.12.027	tanzisertib	https://www.chemicalprobes.org/
IBGLGMOPHJQDJB-IHRRRGAJSA-N	P53779	inhibitor			6	nM	biochemical	Biochemical assay | 6 ± 2 nM				Chemical Probes Portal	DOI:10.1016/j.bmcl.2011.12.027	tanzisertib	https://www.chemicalprobes.org/
RHGZXPKHVAHQJO-BIIHCSGHSA-N	Q13535	inhibitor			1	nM	biochemical	Biochemical assay using 32P radioactive assays				Chemical Probes Portal	DOI:10.1021/acs.jmedchem.8b01187	ceralasertib	https://www.chemicalprobes.org/
RHGZXPKHVAHQJO-BIIHCSGHSA-N	Q13535	inhibitor	IC50		76	nM	cell	ATR kinase-dependent CHK1 phosphorylation in cells				Chemical Probes Portal	DOI:10.1021/acs.jmedchem.8b01187	ceralasertib	https://www.chemicalprobes.org/
MWKYMZXCGYXLPL-ZDUSSCGKSA-N	O00329	inhibitor			11	nM	biochemical	Biochemical assay				Chemical Probes Portal	DOI:10.1021/acsmedchemlett.7b00293	leniolisib	https://www.chemicalprobes.org/
MWKYMZXCGYXLPL-ZDUSSCGKSA-N	O00329	inhibitor	IC50		56	nM	cell	Inhibition of pAkt formation in Rat-1 cells				Chemical Probes Portal	DOI:10.1021/acsmedchemlett.7b00293	leniolisib	https://www.chemicalprobes.org/
HKTBYUWLRDZAJK-UHFFFAOYSA-N	Q9BUB5	inhibitor			2.4	nM	biochemical	ADP-Glo kinase assay				Chemical Probes Portal	Tomivosertib	tomivosertib	https://www.chemicalprobes.org/
HKTBYUWLRDZAJK-UHFFFAOYSA-N	Q9BUB5	inhibitor	IC50		6	nM	cell	peIF4E Signaling Cellular Assay				Chemical Probes Portal	Tomivosertib	tomivosertib	https://www.chemicalprobes.org/
HKTBYUWLRDZAJK-UHFFFAOYSA-N	Q9HBH9	inhibitor			1	nM	biochemical	ADP-Glo kinase assay				Chemical Probes Portal	Tomivosertib	tomivosertib	https://www.chemicalprobes.org/
HKTBYUWLRDZAJK-UHFFFAOYSA-N	Q9HBH9	inhibitor	IC50		6	nM	cell	peIF4E Signaling Cellular Assay				Chemical Probes Portal	Tomivosertib	tomivosertib	https://www.chemicalprobes.org/
LXDPQXXUVGVIND-UHFFFAOYSA-N	P68400	inhibitor			85.1	nM	biochemical	Biochemical assay				Chemical Probes Portal	DOI:10.1038/s41589-023-01459-3	gw869516x	https://www.chemicalprobes.org/
LXDPQXXUVGVIND-UHFFFAOYSA-N	P68400	inhibitor			78	nM	biochemical	Kinobead assay				Chemical Probes Portal	DOI:10.1038/s41589-023-01459-3	gw869516x	https://www.chemicalprobes.org/
LXDPQXXUVGVIND-UHFFFAOYSA-N	P68400	inhibitor	IC50		446	nM	cell	NanoBRET				Chemical Probes Portal	DOI:10.1038/s41589-023-01459-3	gw869516x	https://www.chemicalprobes.org/
LXDPQXXUVGVIND-UHFFFAOYSA-N	P19784	inhibitor			33.7	nM	biochemical	Biochemical assay				Chemical Probes Portal	DOI:10.1038/s41589-023-01459-3	gw869516x	https://www.chemicalprobes.org/
LXDPQXXUVGVIND-UHFFFAOYSA-N	P19784	inhibitor			56	nM	biochemical	Kinobead assay				Chemical Probes Portal	DOI:10.1038/s41589-023-01459-3	gw869516x	https://www.chemicalprobes.org/
LXDPQXXUVGVIND-UHFFFAOYSA-N	P19784	inhibitor	IC50		319	nM	cell	NanoBRET				Chemical Probes Portal	DOI:10.1038/s41589-023-01459-3	gw869516x	https://www.chemicalprobes.org/
PRWSIEBRGXYXAJ-UHFFFAOYSA-N	Q9NZJ5	inhibitor			0.8	nM	biochemical	Phosphorylation of human eIF2α				Chemical Probes Portal	DOI:10.1021/ml400228e	gsk2656157	https://www.chemicalprobes.org/
PRWSIEBRGXYXAJ-UHFFFAOYSA-N	Q9NZJ5	inhibitor	IC50	>=	10	nM	cell	Inhibition of PERK activation as well as decrease in the downstream substrates, phospho-eIF2α, ATF4, and CHOP measured via Western Blot | 10-30 nM				Chemical Probes Portal	DOI:10.1021/ml400228e	gsk2656157	https://www.chemicalprobes.org/
PRWSIEBRGXYXAJ-UHFFFAOYSA-N	Q9NZJ5	inhibitor	IC50		30	nM	cell	PERK autophosphorylation				Chemical Probes Portal	DOI:10.1021/ml400228e	gsk2656157	https://www.chemicalprobes.org/
VPJXPDLMACOGIZ-UHFFFAOYSA-N	P49336	inhibitor			2.3	nM	biochemical	Lanthascreen Binding Assay | 2.3 ± 0.8 nM				Chemical Probes Portal	DOI:10.1021/acs.jmedchem.5b01685	cct251921	https://www.chemicalprobes.org/
VPJXPDLMACOGIZ-UHFFFAOYSA-N	P49336	inhibitor	IC50		33	nM	cell	Reporter assay of WNT Pathway Activity in Human Cancer Cell Lines (β-catenin mutant) | 33 ± 11 nM				Chemical Probes Portal	DOI:10.1021/acs.jmedchem.5b01685	cct251921	https://www.chemicalprobes.org/
VPJXPDLMACOGIZ-UHFFFAOYSA-N	P49336	inhibitor	IC50		22		cell	Reporter assay of WNT Pathway Activity in Human Cancer Cell Lines (APC-mutant) | 22 ± 2				Chemical Probes Portal	DOI:10.1021/acs.jmedchem.5b01685	cct251921	https://www.chemicalprobes.org/
VPJXPDLMACOGIZ-UHFFFAOYSA-N	P49336	inhibitor	IC50		15		cell	Reporter assay of WNT Pathway Activity in Human Cancer Cell Lines (APC-mutant) | 15 ± 1				Chemical Probes Portal	DOI:10.1021/acs.jmedchem.5b01685	cct251921	https://www.chemicalprobes.org/
VPJXPDLMACOGIZ-UHFFFAOYSA-N	P49336	inhibitor	IC50		64	nM	cell	Reporter assay of WNT Pathway Activity in Human Cancer Cell Lines (WNT ligand-dependent) | 64 ± 34 nM				Chemical Probes Portal	DOI:10.1021/acs.jmedchem.5b01685	cct251921	https://www.chemicalprobes.org/
VPJXPDLMACOGIZ-UHFFFAOYSA-N	P49336	inhibitor	IC50		4.9	nM	cell	Reporter displacement assay				Chemical Probes Portal	DOI:10.1021/acs.jmedchem.5b01685	cct251921	https://www.chemicalprobes.org/
VPJXPDLMACOGIZ-UHFFFAOYSA-N	P49336	inhibitor	IC50		11.8	nM	cell	inducible luciferase reporter assay | 11.8 ± 17.9 nM				Chemical Probes Portal	DOI:10.1021/acs.jmedchem.5b01685	cct251921	https://www.chemicalprobes.org/
VPJXPDLMACOGIZ-UHFFFAOYSA-N	Q9BWU1	inhibitor			2.6	nM	biochemical	Lanthascreen Binding Assay | 2.6 ± 0.4 nM				Chemical Probes Portal	DOI:10.1021/acs.jmedchem.5b01685	cct251921	https://www.chemicalprobes.org/
BWINBHTTZLVXGT-NVXWUHKLSA-N	P29597	inhibitor			0.0038	nM	biochemical	human TYK2 JH2 inhibition assay				Chemical Probes Portal	DOI:10.1021/acs.jmedchem.3c00600	tak-279	https://www.chemicalprobes.org/
BWINBHTTZLVXGT-NVXWUHKLSA-N	P29597	inhibitor	IC50		1.7	nM	cell	inhibition of human IFNα pSTAT3 (CD3+)				Chemical Probes Portal	DOI:10.1021/acs.jmedchem.3c00600	tak-279	https://www.chemicalprobes.org/
BWINBHTTZLVXGT-NVXWUHKLSA-N	P29597	inhibitor	IC50		3.7	nM	cell	Inhibition of IL23 pSTAT3 (CD3 + CD161 + Th17)				Chemical Probes Portal	DOI:10.1021/acs.jmedchem.3c00600	tak-279	https://www.chemicalprobes.org/
XISVSTPEXYIKJL-UHFFFAOYSA-N	P78527	inhibitor			0.63	nM	biochemical	Measured by time-resolved fluorescence (TR-FRET) in a biochemical assay.				Chemical Probes Portal	DOI:10.1021/acs.jmedchem.9b01684	azd-7648	https://www.chemicalprobes.org/
XISVSTPEXYIKJL-UHFFFAOYSA-N	P78527	inhibitor	IC50		91	nM	cell	Measuring inhibition of irradiation-induced DNA-PK autophosphorylation in A549 cells by ELISA.				Chemical Probes Portal	DOI:10.1021/acs.jmedchem.9b01684	azd-7648	https://www.chemicalprobes.org/
PVKIFNZMYGMWPD-UHFFFAOYSA-N	Q9Y572	inhibitor			2	nM	biochemical	ADP-Glo assay				Chemical Probes Portal	DOI:10.1038/s41467-025-59432-8	lk01003	https://www.chemicalprobes.org/
PVKIFNZMYGMWPD-UHFFFAOYSA-N	Q9Y572	inhibitor	EC50		850	nM	cell	Necrosis inhibition assay				Chemical Probes Portal	DOI:10.1038/s41467-025-59432-8	lk01003	https://www.chemicalprobes.org/
PVKIFNZMYGMWPD-UHFFFAOYSA-N	Q9Y572	inhibitor	EC50		3.7	uM	cell	Necroptosis assays induced using mouse TNF-α and zVAD				Chemical Probes Portal	DOI:10.1038/s41467-025-59432-8	lk01003	https://www.chemicalprobes.org/
PVKIFNZMYGMWPD-UHFFFAOYSA-N	Q9Y572	inhibitor	% inhibition		3	uM	cell	inhibition of phosphorylation of RIPK3 and MLKL in Western blot				Chemical Probes Portal	DOI:10.1038/s41467-025-59432-8	lk01003	https://www.chemicalprobes.org/
HXNUFFCHRIWTRZ-UHFFFAOYSA-N	Q16539	inhibitor			5	nM	biochemical	Radiometric activity assay ProQinase				Chemical Probes Portal	SR-318	sr-318	https://www.chemicalprobes.org/
HXNUFFCHRIWTRZ-UHFFFAOYSA-N	Q16539	inhibitor	IC50		3.7	nM	cell	NanoBRET				Chemical Probes Portal	SR-318	sr-318	https://www.chemicalprobes.org/
HXNUFFCHRIWTRZ-UHFFFAOYSA-N	Q15759	inhibitor			32	nM	biochemical	Radiometric activity assay ProQinase				Chemical Probes Portal	SR-318	sr-318	https://www.chemicalprobes.org/
HXNUFFCHRIWTRZ-UHFFFAOYSA-N	Q15759	inhibitor	IC50		10	nM	cell	NanoBRET				Chemical Probes Portal	SR-318	sr-318	https://www.chemicalprobes.org/
QVOGVAVHOLLLAZ-UHFFFAOYSA-N	O43683	inhibitor			6.1	nM	biochemical	Biochemical TR-FRET assay		10	uM	Chemical Probes Portal	BAY-1816032	bay-1816032	https://www.chemicalprobes.org/
QVOGVAVHOLLLAZ-UHFFFAOYSA-N	O43683	inhibitor			2.1	nM	binding	SPR				Chemical Probes Portal	BAY-1816032	bay-1816032	https://www.chemicalprobes.org/
QVOGVAVHOLLLAZ-UHFFFAOYSA-N	O43683	inhibitor			1	nM	biochemical	ePCA binding competition				Chemical Probes Portal	BAY-1816032	bay-1816032	https://www.chemicalprobes.org/
QVOGVAVHOLLLAZ-UHFFFAOYSA-N	O43683	inhibitor	IC50		20	nM	cell	Inhibition of histone H2A-Thr120 phosphorylation and of histone H3-Ser10 phosphorylation assay				Chemical Probes Portal	BAY-1816032	bay-1816032	https://www.chemicalprobes.org/
OYKPWSZSBLRRPL-HOYKHHGWSA-N	P43405	inhibitor			0.9	nM	biochemical	Human SYK enzyme assay				Chemical Probes Portal	DOI:10.6019/CHEMBL4507285	mrl-syki	https://www.chemicalprobes.org/
OYKPWSZSBLRRPL-HOYKHHGWSA-N	P43405	inhibitor	IC50		38	nM	cell	Human Mast Cell degranulation				Chemical Probes Portal	DOI:10.6019/CHEMBL4507285	mrl-syki	https://www.chemicalprobes.org/
OYKPWSZSBLRRPL-HOYKHHGWSA-N	P43405	inhibitor	IC50		287	nM	cell	Human Whole Blood Cys LT a-IgE				Chemical Probes Portal	DOI:10.6019/CHEMBL4507285	mrl-syki	https://www.chemicalprobes.org/
