inchikey	source_db	property	ordinal	value
IQCKJUKAQJINMK-HUBRGWSESA-N	Chemical Probes Portal	rating_in_cell	0	3.75
IQCKJUKAQJINMK-HUBRGWSESA-N	Chemical Probes Portal	rating_in_organism	0	0
IQCKJUKAQJINMK-HUBRGWSESA-N	Chemical Probes Portal	rating_count	0	4
IQCKJUKAQJINMK-HUBRGWSESA-N	Chemical Probes Portal	unsuitable	0	No
IQCKJUKAQJINMK-HUBRGWSESA-N	Chemical Probes Portal	pains	0	No
IQCKJUKAQJINMK-HUBRGWSESA-N	Chemical Probes Portal	toxicophore	0	No
IQCKJUKAQJINMK-HUBRGWSESA-N	Chemical Probes Portal	published_date	0	2015-10-02
IQCKJUKAQJINMK-HUBRGWSESA-N	Chemical Probes Portal	canSAR_ID	0	828356
IQCKJUKAQJINMK-HUBRGWSESA-N	Chemical Probes Portal	url	0	https://www.chemicalprobes.org/sgc0946
QMDKVNSQXPVCRD-RQNOJGIXSA-N	Chemical Probes Portal	rating_in_cell	0	2.6666666666666665
QMDKVNSQXPVCRD-RQNOJGIXSA-N	Chemical Probes Portal	rating_in_organism	0	2.6666666666666665
QMDKVNSQXPVCRD-RQNOJGIXSA-N	Chemical Probes Portal	rating_count	0	3
QMDKVNSQXPVCRD-RQNOJGIXSA-N	Chemical Probes Portal	unsuitable	0	No
QMDKVNSQXPVCRD-RQNOJGIXSA-N	Chemical Probes Portal	pains	0	No
QMDKVNSQXPVCRD-RQNOJGIXSA-N	Chemical Probes Portal	toxicophore	0	No
QMDKVNSQXPVCRD-RQNOJGIXSA-N	Chemical Probes Portal	published_date	0	2015-11-05
QMDKVNSQXPVCRD-RQNOJGIXSA-N	Chemical Probes Portal	canSAR_ID	0	469025
QMDKVNSQXPVCRD-RQNOJGIXSA-N	Chemical Probes Portal	url	0	https://www.chemicalprobes.org/epz020411
WRUWGLUCNBMGPS-UHFFFAOYSA-N	Chemical Probes Portal	rating_in_cell	0	3
WRUWGLUCNBMGPS-UHFFFAOYSA-N	Chemical Probes Portal	rating_in_organism	0	0
WRUWGLUCNBMGPS-UHFFFAOYSA-N	Chemical Probes Portal	rating_count	0	3
WRUWGLUCNBMGPS-UHFFFAOYSA-N	Chemical Probes Portal	unsuitable	0	No
WRUWGLUCNBMGPS-UHFFFAOYSA-N	Chemical Probes Portal	pains	0	No
WRUWGLUCNBMGPS-UHFFFAOYSA-N	Chemical Probes Portal	toxicophore	0	No
WRUWGLUCNBMGPS-UHFFFAOYSA-N	Chemical Probes Portal	published_date	0	2016-07-29
WRUWGLUCNBMGPS-UHFFFAOYSA-N	Chemical Probes Portal	canSAR_ID	0	541825
WRUWGLUCNBMGPS-UHFFFAOYSA-N	Chemical Probes Portal	url	0	https://www.chemicalprobes.org/i-brd9
ZHMXXVNQAFCXKK-QGZVFWFLSA-N	Chemical Probes Portal	rating_in_cell	0	3
ZHMXXVNQAFCXKK-QGZVFWFLSA-N	Chemical Probes Portal	rating_in_organism	0	2
ZHMXXVNQAFCXKK-QGZVFWFLSA-N	Chemical Probes Portal	rating_count	0	2
ZHMXXVNQAFCXKK-QGZVFWFLSA-N	Chemical Probes Portal	unsuitable	0	No
ZHMXXVNQAFCXKK-QGZVFWFLSA-N	Chemical Probes Portal	pains	0	No
ZHMXXVNQAFCXKK-QGZVFWFLSA-N	Chemical Probes Portal	toxicophore	0	No
ZHMXXVNQAFCXKK-QGZVFWFLSA-N	Chemical Probes Portal	published_date	0	2021-02-02
ZHMXXVNQAFCXKK-QGZVFWFLSA-N	Chemical Probes Portal	canSAR_ID	0	592803
ZHMXXVNQAFCXKK-QGZVFWFLSA-N	Chemical Probes Portal	url	0	https://www.chemicalprobes.org/bix-02565
TXGKRVFSSHPBAJ-JKSUJKDBSA-N	Chemical Probes Portal	rating_in_cell	0	3.6666666666666665
TXGKRVFSSHPBAJ-JKSUJKDBSA-N	Chemical Probes Portal	rating_in_organism	0	3.6666666666666665
TXGKRVFSSHPBAJ-JKSUJKDBSA-N	Chemical Probes Portal	rating_count	0	3
TXGKRVFSSHPBAJ-JKSUJKDBSA-N	Chemical Probes Portal	unsuitable	0	No
TXGKRVFSSHPBAJ-JKSUJKDBSA-N	Chemical Probes Portal	pains	0	No
TXGKRVFSSHPBAJ-JKSUJKDBSA-N	Chemical Probes Portal	toxicophore	0	No
TXGKRVFSSHPBAJ-JKSUJKDBSA-N	Chemical Probes Portal	published_date	0	2015-12-10
TXGKRVFSSHPBAJ-JKSUJKDBSA-N	Chemical Probes Portal	canSAR_ID	0	267014
TXGKRVFSSHPBAJ-JKSUJKDBSA-N	Chemical Probes Portal	url	0	https://www.chemicalprobes.org/prt062607
SCELLOWTHJGVIC-BGYRXZFFSA-N	Chemical Probes Portal	rating_in_cell	0	2
SCELLOWTHJGVIC-BGYRXZFFSA-N	Chemical Probes Portal	rating_in_organism	0	1.6666666666666667
SCELLOWTHJGVIC-BGYRXZFFSA-N	Chemical Probes Portal	rating_count	0	3
SCELLOWTHJGVIC-BGYRXZFFSA-N	Chemical Probes Portal	unsuitable	0	No
SCELLOWTHJGVIC-BGYRXZFFSA-N	Chemical Probes Portal	pains	0	No
SCELLOWTHJGVIC-BGYRXZFFSA-N	Chemical Probes Portal	toxicophore	0	Yes
SCELLOWTHJGVIC-BGYRXZFFSA-N	Chemical Probes Portal	published_date	0	2015-12-10
SCELLOWTHJGVIC-BGYRXZFFSA-N	Chemical Probes Portal	canSAR_ID	0	856836
SCELLOWTHJGVIC-BGYRXZFFSA-N	Chemical Probes Portal	url	0	https://www.chemicalprobes.org/ku-60019
XCFLWTZSJYBCPF-UHFFFAOYSA-N	Chemical Probes Portal	rating_in_cell	0	3
XCFLWTZSJYBCPF-UHFFFAOYSA-N	Chemical Probes Portal	rating_in_organism	0	3
XCFLWTZSJYBCPF-UHFFFAOYSA-N	Chemical Probes Portal	rating_count	0	3
XCFLWTZSJYBCPF-UHFFFAOYSA-N	Chemical Probes Portal	unsuitable	0	No
XCFLWTZSJYBCPF-UHFFFAOYSA-N	Chemical Probes Portal	pains	0	No
XCFLWTZSJYBCPF-UHFFFAOYSA-N	Chemical Probes Portal	toxicophore	0	No
XCFLWTZSJYBCPF-UHFFFAOYSA-N	Chemical Probes Portal	published_date	0	2015-12-10
XCFLWTZSJYBCPF-UHFFFAOYSA-N	Chemical Probes Portal	canSAR_ID	0	379695
XCFLWTZSJYBCPF-UHFFFAOYSA-N	Chemical Probes Portal	url	0	https://www.chemicalprobes.org/gne7915
ZYVXTMKTGDARKR-UHFFFAOYSA-N	Chemical Probes Portal	rating_in_cell	0	3
ZYVXTMKTGDARKR-UHFFFAOYSA-N	Chemical Probes Portal	rating_in_organism	0	0
ZYVXTMKTGDARKR-UHFFFAOYSA-N	Chemical Probes Portal	rating_count	0	3
ZYVXTMKTGDARKR-UHFFFAOYSA-N	Chemical Probes Portal	unsuitable	0	No
ZYVXTMKTGDARKR-UHFFFAOYSA-N	Chemical Probes Portal	pains	0	No
ZYVXTMKTGDARKR-UHFFFAOYSA-N	Chemical Probes Portal	toxicophore	0	No
ZYVXTMKTGDARKR-UHFFFAOYSA-N	Chemical Probes Portal	published_date	0	2015-12-10
ZYVXTMKTGDARKR-UHFFFAOYSA-N	Chemical Probes Portal	canSAR_ID	0	466178
ZYVXTMKTGDARKR-UHFFFAOYSA-N	Chemical Probes Portal	url	0	https://www.chemicalprobes.org/az191
YHHFKWKMXWRVTJ-OQKWZONESA-N	Chemical Probes Portal	rating_in_cell	0	0
YHHFKWKMXWRVTJ-OQKWZONESA-N	Chemical Probes Portal	rating_in_organism	0	0
YHHFKWKMXWRVTJ-OQKWZONESA-N	Chemical Probes Portal	rating_count	0	0
YHHFKWKMXWRVTJ-OQKWZONESA-N	Chemical Probes Portal	unsuitable	0	Yes
YHHFKWKMXWRVTJ-OQKWZONESA-N	Chemical Probes Portal	pains	0	No
YHHFKWKMXWRVTJ-OQKWZONESA-N	Chemical Probes Portal	toxicophore	0	Yes
YHHFKWKMXWRVTJ-OQKWZONESA-N	Chemical Probes Portal	published_date	0	2016-12-15
YHHFKWKMXWRVTJ-OQKWZONESA-N	Chemical Probes Portal	canSAR_ID	0	1354531
YHHFKWKMXWRVTJ-OQKWZONESA-N	Chemical Probes Portal	url	0	https://www.chemicalprobes.org/unsuitables/jib-04
MOUNHKKCIGVIDI-UHFFFAOYSA-L	Chemical Probes Portal	rating_in_cell	0	0
MOUNHKKCIGVIDI-UHFFFAOYSA-L	Chemical Probes Portal	rating_in_organism	0	0
MOUNHKKCIGVIDI-UHFFFAOYSA-L	Chemical Probes Portal	rating_count	0	0
MOUNHKKCIGVIDI-UHFFFAOYSA-L	Chemical Probes Portal	unsuitable	0	Yes
MOUNHKKCIGVIDI-UHFFFAOYSA-L	Chemical Probes Portal	pains	0	No
MOUNHKKCIGVIDI-UHFFFAOYSA-L	Chemical Probes Portal	toxicophore	0	No
MOUNHKKCIGVIDI-UHFFFAOYSA-L	Chemical Probes Portal	published_date	0	2017-03-07
MOUNHKKCIGVIDI-UHFFFAOYSA-L	Chemical Probes Portal	canSAR_ID	0	723373
MOUNHKKCIGVIDI-UHFFFAOYSA-L	Chemical Probes Portal	url	0	https://www.chemicalprobes.org/unsuitables/ami-1
XVBGRTMNFNMINE-UHFFFAOYSA-N	Chemical Probes Portal	rating_in_cell	0	0
XVBGRTMNFNMINE-UHFFFAOYSA-N	Chemical Probes Portal	rating_in_organism	0	0
XVBGRTMNFNMINE-UHFFFAOYSA-N	Chemical Probes Portal	rating_count	0	0
XVBGRTMNFNMINE-UHFFFAOYSA-N	Chemical Probes Portal	unsuitable	0	Yes
XVBGRTMNFNMINE-UHFFFAOYSA-N	Chemical Probes Portal	pains	0	No
XVBGRTMNFNMINE-UHFFFAOYSA-N	Chemical Probes Portal	toxicophore	0	No
XVBGRTMNFNMINE-UHFFFAOYSA-N	Chemical Probes Portal	published_date	0	2016-12-15
XVBGRTMNFNMINE-UHFFFAOYSA-N	Chemical Probes Portal	canSAR_ID	0	927800
XVBGRTMNFNMINE-UHFFFAOYSA-N	Chemical Probes Portal	url	0	https://www.chemicalprobes.org/unsuitables/xmd17-109
OMKHWTRUYNAGFG-IEBDPFPHSA-N	Chemical Probes Portal	rating_in_cell	0	0
OMKHWTRUYNAGFG-IEBDPFPHSA-N	Chemical Probes Portal	rating_in_organism	0	0
OMKHWTRUYNAGFG-IEBDPFPHSA-N	Chemical Probes Portal	rating_count	0	0
OMKHWTRUYNAGFG-IEBDPFPHSA-N	Chemical Probes Portal	unsuitable	0	Yes
OMKHWTRUYNAGFG-IEBDPFPHSA-N	Chemical Probes Portal	pains	0	No
OMKHWTRUYNAGFG-IEBDPFPHSA-N	Chemical Probes Portal	toxicophore	0	No
OMKHWTRUYNAGFG-IEBDPFPHSA-N	Chemical Probes Portal	published_date	0	2017-02-03
OMKHWTRUYNAGFG-IEBDPFPHSA-N	Chemical Probes Portal	canSAR_ID	0	1117457
OMKHWTRUYNAGFG-IEBDPFPHSA-N	Chemical Probes Portal	url	0	https://www.chemicalprobes.org/unsuitables/dznep
PZPPOCZWRGNKIR-PNVYSBBASA-N	Chemical Probes Portal	rating_in_cell	0	0
PZPPOCZWRGNKIR-PNVYSBBASA-N	Chemical Probes Portal	rating_in_organism	0	0
PZPPOCZWRGNKIR-PNVYSBBASA-N	Chemical Probes Portal	rating_count	0	0
PZPPOCZWRGNKIR-PNVYSBBASA-N	Chemical Probes Portal	unsuitable	0	Yes
PZPPOCZWRGNKIR-PNVYSBBASA-N	Chemical Probes Portal	pains	0	No
PZPPOCZWRGNKIR-PNVYSBBASA-N	Chemical Probes Portal	toxicophore	0	Yes
PZPPOCZWRGNKIR-PNVYSBBASA-N	Chemical Probes Portal	published_date	0	2017-02-03
PZPPOCZWRGNKIR-PNVYSBBASA-N	Chemical Probes Portal	canSAR_ID	0	915616
PZPPOCZWRGNKIR-PNVYSBBASA-N	Chemical Probes Portal	url	0	https://www.chemicalprobes.org/unsuitables/chaetocin
ZWNKKZSRANLVEW-UHFFFAOYSA-N	Chemical Probes Portal	rating_in_cell	0	0
ZWNKKZSRANLVEW-UHFFFAOYSA-N	Chemical Probes Portal	rating_in_organism	0	0
ZWNKKZSRANLVEW-UHFFFAOYSA-N	Chemical Probes Portal	rating_count	0	0
ZWNKKZSRANLVEW-UHFFFAOYSA-N	Chemical Probes Portal	unsuitable	0	Yes
ZWNKKZSRANLVEW-UHFFFAOYSA-N	Chemical Probes Portal	pains	0	No
ZWNKKZSRANLVEW-UHFFFAOYSA-N	Chemical Probes Portal	toxicophore	0	No
ZWNKKZSRANLVEW-UHFFFAOYSA-N	Chemical Probes Portal	published_date	0	2020-12-05
ZWNKKZSRANLVEW-UHFFFAOYSA-N	Chemical Probes Portal	canSAR_ID	0	2922952
ZWNKKZSRANLVEW-UHFFFAOYSA-N	Chemical Probes Portal	url	0	https://www.chemicalprobes.org/unsuitables/epiblastin
UXXQOJXBIDBUAC-UHFFFAOYSA-N	Chemical Probes Portal	rating_in_cell	0	0
UXXQOJXBIDBUAC-UHFFFAOYSA-N	Chemical Probes Portal	rating_in_organism	0	0
UXXQOJXBIDBUAC-UHFFFAOYSA-N	Chemical Probes Portal	rating_count	0	0
UXXQOJXBIDBUAC-UHFFFAOYSA-N	Chemical Probes Portal	unsuitable	0	Yes
UXXQOJXBIDBUAC-UHFFFAOYSA-N	Chemical Probes Portal	pains	0	No
UXXQOJXBIDBUAC-UHFFFAOYSA-N	Chemical Probes Portal	toxicophore	0	No
UXXQOJXBIDBUAC-UHFFFAOYSA-N	Chemical Probes Portal	published_date	0	2016-12-09
UXXQOJXBIDBUAC-UHFFFAOYSA-N	Chemical Probes Portal	canSAR_ID	0	848749
UXXQOJXBIDBUAC-UHFFFAOYSA-N	Chemical Probes Portal	url	0	https://www.chemicalprobes.org/unsuitables/tandutinib
REFJWTPEDVJJIY-UHFFFAOYSA-N	Chemical Probes Portal	rating_in_cell	0	0
REFJWTPEDVJJIY-UHFFFAOYSA-N	Chemical Probes Portal	rating_in_organism	0	0
REFJWTPEDVJJIY-UHFFFAOYSA-N	Chemical Probes Portal	rating_count	0	0
REFJWTPEDVJJIY-UHFFFAOYSA-N	Chemical Probes Portal	unsuitable	0	Yes
REFJWTPEDVJJIY-UHFFFAOYSA-N	Chemical Probes Portal	pains	0	Yes
REFJWTPEDVJJIY-UHFFFAOYSA-N	Chemical Probes Portal	toxicophore	0	Yes
REFJWTPEDVJJIY-UHFFFAOYSA-N	Chemical Probes Portal	published_date	0	2016-12-09
REFJWTPEDVJJIY-UHFFFAOYSA-N	Chemical Probes Portal	canSAR_ID	0	1305802
REFJWTPEDVJJIY-UHFFFAOYSA-N	Chemical Probes Portal	url	0	https://www.chemicalprobes.org/unsuitables/quercetin
PIMQWRZWLQKKBJ-SFHVURJKSA-N	Chemical Probes Portal	rating_in_cell	0	0
PIMQWRZWLQKKBJ-SFHVURJKSA-N	Chemical Probes Portal	rating_in_organism	0	0
PIMQWRZWLQKKBJ-SFHVURJKSA-N	Chemical Probes Portal	rating_count	0	0
PIMQWRZWLQKKBJ-SFHVURJKSA-N	Chemical Probes Portal	unsuitable	0	Yes
PIMQWRZWLQKKBJ-SFHVURJKSA-N	Chemical Probes Portal	pains	0	No
PIMQWRZWLQKKBJ-SFHVURJKSA-N	Chemical Probes Portal	toxicophore	0	No
PIMQWRZWLQKKBJ-SFHVURJKSA-N	Chemical Probes Portal	published_date	0	2016-12-09
PIMQWRZWLQKKBJ-SFHVURJKSA-N	Chemical Probes Portal	canSAR_ID	0	256723
PIMQWRZWLQKKBJ-SFHVURJKSA-N	Chemical Probes Portal	url	0	https://www.chemicalprobes.org/unsuitables/dinaciclib
WMBWREPUVVBILR-WIYYLYMNSA-N	Chemical Probes Portal	rating_in_cell	0	0
WMBWREPUVVBILR-WIYYLYMNSA-N	Chemical Probes Portal	rating_in_organism	0	0
WMBWREPUVVBILR-WIYYLYMNSA-N	Chemical Probes Portal	rating_count	0	0
WMBWREPUVVBILR-WIYYLYMNSA-N	Chemical Probes Portal	unsuitable	0	Yes
WMBWREPUVVBILR-WIYYLYMNSA-N	Chemical Probes Portal	pains	0	Yes
WMBWREPUVVBILR-WIYYLYMNSA-N	Chemical Probes Portal	toxicophore	0	Yes
WMBWREPUVVBILR-WIYYLYMNSA-N	Chemical Probes Portal	published_date	0	2016-12-09
WMBWREPUVVBILR-WIYYLYMNSA-N	Chemical Probes Portal	canSAR_ID	0	498738
WMBWREPUVVBILR-WIYYLYMNSA-N	Chemical Probes Portal	url	0	https://www.chemicalprobes.org/unsuitables/epigallocatechin-3-gallate-ecgc
LUKBXSAWLPMMSZ-OWOJBTEDSA-N	Chemical Probes Portal	rating_in_cell	0	0
LUKBXSAWLPMMSZ-OWOJBTEDSA-N	Chemical Probes Portal	rating_in_organism	0	0
LUKBXSAWLPMMSZ-OWOJBTEDSA-N	Chemical Probes Portal	rating_count	0	0
LUKBXSAWLPMMSZ-OWOJBTEDSA-N	Chemical Probes Portal	unsuitable	0	Yes
LUKBXSAWLPMMSZ-OWOJBTEDSA-N	Chemical Probes Portal	pains	0	No
LUKBXSAWLPMMSZ-OWOJBTEDSA-N	Chemical Probes Portal	toxicophore	0	No
LUKBXSAWLPMMSZ-OWOJBTEDSA-N	Chemical Probes Portal	published_date	0	2016-12-09
LUKBXSAWLPMMSZ-OWOJBTEDSA-N	Chemical Probes Portal	canSAR_ID	0	96102
LUKBXSAWLPMMSZ-OWOJBTEDSA-N	Chemical Probes Portal	url	0	https://www.chemicalprobes.org/unsuitables/resveratrol
FIAFUQMPZJWCLV-UHFFFAOYSA-N	Chemical Probes Portal	rating_in_cell	0	0
FIAFUQMPZJWCLV-UHFFFAOYSA-N	Chemical Probes Portal	rating_in_organism	0	0
FIAFUQMPZJWCLV-UHFFFAOYSA-N	Chemical Probes Portal	rating_count	0	0
FIAFUQMPZJWCLV-UHFFFAOYSA-N	Chemical Probes Portal	unsuitable	0	Yes
FIAFUQMPZJWCLV-UHFFFAOYSA-N	Chemical Probes Portal	pains	0	No
FIAFUQMPZJWCLV-UHFFFAOYSA-N	Chemical Probes Portal	toxicophore	0	No
FIAFUQMPZJWCLV-UHFFFAOYSA-N	Chemical Probes Portal	published_date	0	2016-12-09
FIAFUQMPZJWCLV-UHFFFAOYSA-N	Chemical Probes Portal	canSAR_ID	0	1009853
FIAFUQMPZJWCLV-UHFFFAOYSA-N	Chemical Probes Portal	url	0	https://www.chemicalprobes.org/unsuitables/suramin
ZEWQUBUPAILYHI-UHFFFAOYSA-N	Chemical Probes Portal	rating_in_cell	0	0
ZEWQUBUPAILYHI-UHFFFAOYSA-N	Chemical Probes Portal	rating_in_organism	0	0
ZEWQUBUPAILYHI-UHFFFAOYSA-N	Chemical Probes Portal	rating_count	0	0
ZEWQUBUPAILYHI-UHFFFAOYSA-N	Chemical Probes Portal	unsuitable	0	Yes
ZEWQUBUPAILYHI-UHFFFAOYSA-N	Chemical Probes Portal	pains	0	No
ZEWQUBUPAILYHI-UHFFFAOYSA-N	Chemical Probes Portal	toxicophore	0	No
ZEWQUBUPAILYHI-UHFFFAOYSA-N	Chemical Probes Portal	published_date	0	2016-12-09
ZEWQUBUPAILYHI-UHFFFAOYSA-N	Chemical Probes Portal	canSAR_ID	0	1899498
ZEWQUBUPAILYHI-UHFFFAOYSA-N	Chemical Probes Portal	url	0	https://www.chemicalprobes.org/unsuitables/trifluoperazine
RRKRXIFOHFBLHY-YEZSYGFXSA-M	Chemical Probes Portal	rating_in_cell	0	0
RRKRXIFOHFBLHY-YEZSYGFXSA-M	Chemical Probes Portal	rating_in_organism	0	0
RRKRXIFOHFBLHY-YEZSYGFXSA-M	Chemical Probes Portal	rating_count	0	0
RRKRXIFOHFBLHY-YEZSYGFXSA-M	Chemical Probes Portal	unsuitable	0	Yes
RRKRXIFOHFBLHY-YEZSYGFXSA-M	Chemical Probes Portal	pains	0	No
RRKRXIFOHFBLHY-YEZSYGFXSA-M	Chemical Probes Portal	toxicophore	0	No
RRKRXIFOHFBLHY-YEZSYGFXSA-M	Chemical Probes Portal	published_date	0	2016-12-09
RRKRXIFOHFBLHY-YEZSYGFXSA-M	Chemical Probes Portal	canSAR_ID	0	3312909
RRKRXIFOHFBLHY-YEZSYGFXSA-M	Chemical Probes Portal	url	0	https://www.chemicalprobes.org/unsuitables/fluoxetine-glucuronide
AOJJSUZBOXZQNB-TZSSRYMLSA-N	Chemical Probes Portal	rating_in_cell	0	0
AOJJSUZBOXZQNB-TZSSRYMLSA-N	Chemical Probes Portal	rating_in_organism	0	0
AOJJSUZBOXZQNB-TZSSRYMLSA-N	Chemical Probes Portal	rating_count	0	0
AOJJSUZBOXZQNB-TZSSRYMLSA-N	Chemical Probes Portal	unsuitable	0	Yes
AOJJSUZBOXZQNB-TZSSRYMLSA-N	Chemical Probes Portal	pains	0	Yes
AOJJSUZBOXZQNB-TZSSRYMLSA-N	Chemical Probes Portal	toxicophore	0	Yes
AOJJSUZBOXZQNB-TZSSRYMLSA-N	Chemical Probes Portal	published_date	0	2016-12-09
AOJJSUZBOXZQNB-TZSSRYMLSA-N	Chemical Probes Portal	canSAR_ID	0	791569
AOJJSUZBOXZQNB-TZSSRYMLSA-N	Chemical Probes Portal	url	0	https://www.chemicalprobes.org/unsuitables/doxorubicin
UHTHHESEBZOYNR-UHFFFAOYSA-N	Chemical Probes Portal	rating_in_cell	0	0
UHTHHESEBZOYNR-UHFFFAOYSA-N	Chemical Probes Portal	rating_in_organism	0	0
UHTHHESEBZOYNR-UHFFFAOYSA-N	Chemical Probes Portal	rating_count	0	0
UHTHHESEBZOYNR-UHFFFAOYSA-N	Chemical Probes Portal	unsuitable	0	Yes
UHTHHESEBZOYNR-UHFFFAOYSA-N	Chemical Probes Portal	pains	0	No
UHTHHESEBZOYNR-UHFFFAOYSA-N	Chemical Probes Portal	toxicophore	0	No
UHTHHESEBZOYNR-UHFFFAOYSA-N	Chemical Probes Portal	published_date	0	2016-12-09
UHTHHESEBZOYNR-UHFFFAOYSA-N	Chemical Probes Portal	canSAR_ID	0	233726
UHTHHESEBZOYNR-UHFFFAOYSA-N	Chemical Probes Portal	url	0	https://www.chemicalprobes.org/unsuitables/vandetanib
RITAVMQDGBJQJZ-FMIVXFBMSA-N	Chemical Probes Portal	rating_in_cell	0	0
RITAVMQDGBJQJZ-FMIVXFBMSA-N	Chemical Probes Portal	rating_in_organism	0	0
RITAVMQDGBJQJZ-FMIVXFBMSA-N	Chemical Probes Portal	rating_count	0	0
RITAVMQDGBJQJZ-FMIVXFBMSA-N	Chemical Probes Portal	unsuitable	0	Yes
RITAVMQDGBJQJZ-FMIVXFBMSA-N	Chemical Probes Portal	pains	0	No
RITAVMQDGBJQJZ-FMIVXFBMSA-N	Chemical Probes Portal	toxicophore	0	No
RITAVMQDGBJQJZ-FMIVXFBMSA-N	Chemical Probes Portal	published_date	0	2016-12-09
RITAVMQDGBJQJZ-FMIVXFBMSA-N	Chemical Probes Portal	canSAR_ID	0	1927385
RITAVMQDGBJQJZ-FMIVXFBMSA-N	Chemical Probes Portal	url	0	https://www.chemicalprobes.org/unsuitables/axitinib
UYJNQQDJUOUFQJ-UHFFFAOYSA-N	Chemical Probes Portal	rating_in_cell	0	0
UYJNQQDJUOUFQJ-UHFFFAOYSA-N	Chemical Probes Portal	rating_in_organism	0	0
UYJNQQDJUOUFQJ-UHFFFAOYSA-N	Chemical Probes Portal	rating_count	0	0
UYJNQQDJUOUFQJ-UHFFFAOYSA-N	Chemical Probes Portal	unsuitable	0	Yes
UYJNQQDJUOUFQJ-UHFFFAOYSA-N	Chemical Probes Portal	pains	0	No
UYJNQQDJUOUFQJ-UHFFFAOYSA-N	Chemical Probes Portal	toxicophore	0	No
UYJNQQDJUOUFQJ-UHFFFAOYSA-N	Chemical Probes Portal	published_date	0	2016-12-09
UYJNQQDJUOUFQJ-UHFFFAOYSA-N	Chemical Probes Portal	canSAR_ID	0	512994
UYJNQQDJUOUFQJ-UHFFFAOYSA-N	Chemical Probes Portal	url	0	https://www.chemicalprobes.org/unsuitables/nvp-tae-226
VAARYSWULJUGST-UHFFFAOYSA-N	Chemical Probes Portal	rating_in_cell	0	0
VAARYSWULJUGST-UHFFFAOYSA-N	Chemical Probes Portal	rating_in_organism	0	0
VAARYSWULJUGST-UHFFFAOYSA-N	Chemical Probes Portal	rating_count	0	0
VAARYSWULJUGST-UHFFFAOYSA-N	Chemical Probes Portal	unsuitable	0	Yes
VAARYSWULJUGST-UHFFFAOYSA-N	Chemical Probes Portal	pains	0	No
VAARYSWULJUGST-UHFFFAOYSA-N	Chemical Probes Portal	toxicophore	0	No
VAARYSWULJUGST-UHFFFAOYSA-N	Chemical Probes Portal	published_date	0	2016-12-09
VAARYSWULJUGST-UHFFFAOYSA-N	Chemical Probes Portal	canSAR_ID	0	158055
VAARYSWULJUGST-UHFFFAOYSA-N	Chemical Probes Portal	url	0	https://www.chemicalprobes.org/unsuitables/pd173955
ODPGGGTTYSGTGO-UHFFFAOYSA-N	Chemical Probes Portal	rating_in_cell	0	0
ODPGGGTTYSGTGO-UHFFFAOYSA-N	Chemical Probes Portal	rating_in_organism	0	0
ODPGGGTTYSGTGO-UHFFFAOYSA-N	Chemical Probes Portal	rating_count	0	0
ODPGGGTTYSGTGO-UHFFFAOYSA-N	Chemical Probes Portal	unsuitable	0	Yes
ODPGGGTTYSGTGO-UHFFFAOYSA-N	Chemical Probes Portal	pains	0	No
ODPGGGTTYSGTGO-UHFFFAOYSA-N	Chemical Probes Portal	toxicophore	0	No
ODPGGGTTYSGTGO-UHFFFAOYSA-N	Chemical Probes Portal	published_date	0	2016-12-09
ODPGGGTTYSGTGO-UHFFFAOYSA-N	Chemical Probes Portal	canSAR_ID	0	764849
ODPGGGTTYSGTGO-UHFFFAOYSA-N	Chemical Probes Portal	url	0	https://www.chemicalprobes.org/unsuitables/ast-487
WAEXFXRVDQXREF-UHFFFAOYSA-N	Chemical Probes Portal	rating_in_cell	0	0
WAEXFXRVDQXREF-UHFFFAOYSA-N	Chemical Probes Portal	rating_in_organism	0	0
WAEXFXRVDQXREF-UHFFFAOYSA-N	Chemical Probes Portal	rating_count	0	0
WAEXFXRVDQXREF-UHFFFAOYSA-N	Chemical Probes Portal	unsuitable	0	Yes
WAEXFXRVDQXREF-UHFFFAOYSA-N	Chemical Probes Portal	pains	0	No
WAEXFXRVDQXREF-UHFFFAOYSA-N	Chemical Probes Portal	toxicophore	0	Yes
WAEXFXRVDQXREF-UHFFFAOYSA-N	Chemical Probes Portal	published_date	0	2017-04-10
WAEXFXRVDQXREF-UHFFFAOYSA-N	Chemical Probes Portal	canSAR_ID	0	1113023
WAEXFXRVDQXREF-UHFFFAOYSA-N	Chemical Probes Portal	url	0	https://www.chemicalprobes.org/unsuitables/vorinostat
WINHZLLDWRZWRT-ATVHPVEESA-N	Chemical Probes Portal	rating_in_cell	0	0
WINHZLLDWRZWRT-ATVHPVEESA-N	Chemical Probes Portal	rating_in_organism	0	0
WINHZLLDWRZWRT-ATVHPVEESA-N	Chemical Probes Portal	rating_count	0	0
WINHZLLDWRZWRT-ATVHPVEESA-N	Chemical Probes Portal	unsuitable	0	Yes
WINHZLLDWRZWRT-ATVHPVEESA-N	Chemical Probes Portal	pains	0	No
WINHZLLDWRZWRT-ATVHPVEESA-N	Chemical Probes Portal	toxicophore	0	No
WINHZLLDWRZWRT-ATVHPVEESA-N	Chemical Probes Portal	published_date	0	2016-12-09
WINHZLLDWRZWRT-ATVHPVEESA-N	Chemical Probes Portal	canSAR_ID	0	154683
WINHZLLDWRZWRT-ATVHPVEESA-N	Chemical Probes Portal	url	0	https://www.chemicalprobes.org/unsuitables/sunitinib
HVXKQKFEHMGHSL-QKDCVEJESA-N	Chemical Probes Portal	rating_in_cell	0	0
HVXKQKFEHMGHSL-QKDCVEJESA-N	Chemical Probes Portal	rating_in_organism	0	0
HVXKQKFEHMGHSL-QKDCVEJESA-N	Chemical Probes Portal	rating_count	0	0
HVXKQKFEHMGHSL-QKDCVEJESA-N	Chemical Probes Portal	unsuitable	0	Yes
HVXKQKFEHMGHSL-QKDCVEJESA-N	Chemical Probes Portal	pains	0	No
HVXKQKFEHMGHSL-QKDCVEJESA-N	Chemical Probes Portal	toxicophore	0	No
HVXKQKFEHMGHSL-QKDCVEJESA-N	Chemical Probes Portal	published_date	0	2016-12-09
HVXKQKFEHMGHSL-QKDCVEJESA-N	Chemical Probes Portal	canSAR_ID	0	535317
HVXKQKFEHMGHSL-QKDCVEJESA-N	Chemical Probes Portal	url	0	https://www.chemicalprobes.org/unsuitables/xl-647
VMWNQDUVQKEIOC-CYBMUJFWSA-N	Chemical Probes Portal	rating_in_cell	0	0
VMWNQDUVQKEIOC-CYBMUJFWSA-N	Chemical Probes Portal	rating_in_organism	0	0
VMWNQDUVQKEIOC-CYBMUJFWSA-N	Chemical Probes Portal	rating_count	0	0
VMWNQDUVQKEIOC-CYBMUJFWSA-N	Chemical Probes Portal	unsuitable	0	Yes
VMWNQDUVQKEIOC-CYBMUJFWSA-N	Chemical Probes Portal	pains	0	Yes
VMWNQDUVQKEIOC-CYBMUJFWSA-N	Chemical Probes Portal	toxicophore	0	Yes
VMWNQDUVQKEIOC-CYBMUJFWSA-N	Chemical Probes Portal	published_date	0	2016-12-09
VMWNQDUVQKEIOC-CYBMUJFWSA-N	Chemical Probes Portal	canSAR_ID	0	1185273
VMWNQDUVQKEIOC-CYBMUJFWSA-N	Chemical Probes Portal	url	0	https://www.chemicalprobes.org/unsuitables/apomorphine
DYEFUKCXAQOFHX-UHFFFAOYSA-N	Chemical Probes Portal	rating_in_cell	0	0
DYEFUKCXAQOFHX-UHFFFAOYSA-N	Chemical Probes Portal	rating_in_organism	0	0
DYEFUKCXAQOFHX-UHFFFAOYSA-N	Chemical Probes Portal	rating_count	0	0
DYEFUKCXAQOFHX-UHFFFAOYSA-N	Chemical Probes Portal	unsuitable	0	Yes
DYEFUKCXAQOFHX-UHFFFAOYSA-N	Chemical Probes Portal	pains	0	No
DYEFUKCXAQOFHX-UHFFFAOYSA-N	Chemical Probes Portal	toxicophore	0	Yes
DYEFUKCXAQOFHX-UHFFFAOYSA-N	Chemical Probes Portal	published_date	0	2016-12-09
DYEFUKCXAQOFHX-UHFFFAOYSA-N	Chemical Probes Portal	canSAR_ID	0	65636
DYEFUKCXAQOFHX-UHFFFAOYSA-N	Chemical Probes Portal	url	0	https://www.chemicalprobes.org/unsuitables/ebselen
IQPNAANSBPBGFQ-UHFFFAOYSA-N	Chemical Probes Portal	rating_in_cell	0	0
IQPNAANSBPBGFQ-UHFFFAOYSA-N	Chemical Probes Portal	rating_in_organism	0	0
IQPNAANSBPBGFQ-UHFFFAOYSA-N	Chemical Probes Portal	rating_count	0	0
IQPNAANSBPBGFQ-UHFFFAOYSA-N	Chemical Probes Portal	unsuitable	0	Yes
IQPNAANSBPBGFQ-UHFFFAOYSA-N	Chemical Probes Portal	pains	0	Yes
IQPNAANSBPBGFQ-UHFFFAOYSA-N	Chemical Probes Portal	toxicophore	0	Yes
IQPNAANSBPBGFQ-UHFFFAOYSA-N	Chemical Probes Portal	published_date	0	2016-12-09
IQPNAANSBPBGFQ-UHFFFAOYSA-N	Chemical Probes Portal	canSAR_ID	0	1241698
IQPNAANSBPBGFQ-UHFFFAOYSA-N	Chemical Probes Portal	url	0	https://www.chemicalprobes.org/unsuitables/digitoflavone
KZNIFHPLKGYRTM-UHFFFAOYSA-N	Chemical Probes Portal	rating_in_cell	0	0
KZNIFHPLKGYRTM-UHFFFAOYSA-N	Chemical Probes Portal	rating_in_organism	0	0
KZNIFHPLKGYRTM-UHFFFAOYSA-N	Chemical Probes Portal	rating_count	0	0
KZNIFHPLKGYRTM-UHFFFAOYSA-N	Chemical Probes Portal	unsuitable	0	Yes
KZNIFHPLKGYRTM-UHFFFAOYSA-N	Chemical Probes Portal	pains	0	No
KZNIFHPLKGYRTM-UHFFFAOYSA-N	Chemical Probes Portal	toxicophore	0	No
KZNIFHPLKGYRTM-UHFFFAOYSA-N	Chemical Probes Portal	published_date	0	2016-12-09
KZNIFHPLKGYRTM-UHFFFAOYSA-N	Chemical Probes Portal	canSAR_ID	0	1161291
KZNIFHPLKGYRTM-UHFFFAOYSA-N	Chemical Probes Portal	url	0	https://www.chemicalprobes.org/unsuitables/apigenin
ZIUSSTSXXLLKKK-KOBPDPAPSA-N	Chemical Probes Portal	rating_in_cell	0	0
ZIUSSTSXXLLKKK-KOBPDPAPSA-N	Chemical Probes Portal	rating_in_organism	0	0
ZIUSSTSXXLLKKK-KOBPDPAPSA-N	Chemical Probes Portal	rating_count	0	0
ZIUSSTSXXLLKKK-KOBPDPAPSA-N	Chemical Probes Portal	unsuitable	0	Yes
ZIUSSTSXXLLKKK-KOBPDPAPSA-N	Chemical Probes Portal	pains	0	No
ZIUSSTSXXLLKKK-KOBPDPAPSA-N	Chemical Probes Portal	toxicophore	0	Yes
ZIUSSTSXXLLKKK-KOBPDPAPSA-N	Chemical Probes Portal	published_date	0	2016-12-09
ZIUSSTSXXLLKKK-KOBPDPAPSA-N	Chemical Probes Portal	canSAR_ID	0	1795385
ZIUSSTSXXLLKKK-KOBPDPAPSA-N	Chemical Probes Portal	url	0	https://www.chemicalprobes.org/unsuitables/curcumin
IZEKFCXSFNUWAM-UHFFFAOYSA-N	Chemical Probes Portal	rating_in_cell	0	0
IZEKFCXSFNUWAM-UHFFFAOYSA-N	Chemical Probes Portal	rating_in_organism	0	0
IZEKFCXSFNUWAM-UHFFFAOYSA-N	Chemical Probes Portal	rating_count	0	0
IZEKFCXSFNUWAM-UHFFFAOYSA-N	Chemical Probes Portal	unsuitable	0	Yes
IZEKFCXSFNUWAM-UHFFFAOYSA-N	Chemical Probes Portal	pains	0	No
IZEKFCXSFNUWAM-UHFFFAOYSA-N	Chemical Probes Portal	toxicophore	0	No
IZEKFCXSFNUWAM-UHFFFAOYSA-N	Chemical Probes Portal	published_date	0	2016-12-09
IZEKFCXSFNUWAM-UHFFFAOYSA-N	Chemical Probes Portal	canSAR_ID	0	681918
IZEKFCXSFNUWAM-UHFFFAOYSA-N	Chemical Probes Portal	url	0	https://www.chemicalprobes.org/unsuitables/dipyridamole
KTEIFNKAUNYNJU-GFCCVEGCSA-N	Chemical Probes Portal	rating_in_cell	0	0
KTEIFNKAUNYNJU-GFCCVEGCSA-N	Chemical Probes Portal	rating_in_organism	0	0
KTEIFNKAUNYNJU-GFCCVEGCSA-N	Chemical Probes Portal	rating_count	0	0
KTEIFNKAUNYNJU-GFCCVEGCSA-N	Chemical Probes Portal	unsuitable	0	Yes
KTEIFNKAUNYNJU-GFCCVEGCSA-N	Chemical Probes Portal	pains	0	No
KTEIFNKAUNYNJU-GFCCVEGCSA-N	Chemical Probes Portal	toxicophore	0	No
KTEIFNKAUNYNJU-GFCCVEGCSA-N	Chemical Probes Portal	published_date	0	2016-12-09
KTEIFNKAUNYNJU-GFCCVEGCSA-N	Chemical Probes Portal	canSAR_ID	0	259783
KTEIFNKAUNYNJU-GFCCVEGCSA-N	Chemical Probes Portal	url	0	https://www.chemicalprobes.org/unsuitables/crizotinib
IYIKLHRQXLHMJQ-UHFFFAOYSA-N	Chemical Probes Portal	rating_in_cell	0	0
IYIKLHRQXLHMJQ-UHFFFAOYSA-N	Chemical Probes Portal	rating_in_organism	0	0
IYIKLHRQXLHMJQ-UHFFFAOYSA-N	Chemical Probes Portal	rating_count	0	0
IYIKLHRQXLHMJQ-UHFFFAOYSA-N	Chemical Probes Portal	unsuitable	0	Yes
IYIKLHRQXLHMJQ-UHFFFAOYSA-N	Chemical Probes Portal	pains	0	No
IYIKLHRQXLHMJQ-UHFFFAOYSA-N	Chemical Probes Portal	toxicophore	0	No
IYIKLHRQXLHMJQ-UHFFFAOYSA-N	Chemical Probes Portal	published_date	0	2016-12-09
IYIKLHRQXLHMJQ-UHFFFAOYSA-N	Chemical Probes Portal	canSAR_ID	0	322374
IYIKLHRQXLHMJQ-UHFFFAOYSA-N	Chemical Probes Portal	url	0	https://www.chemicalprobes.org/unsuitables/amiodarone
MPVGZUGXCQEXTM-UHFFFAOYSA-N	Chemical Probes Portal	rating_in_cell	0	0
MPVGZUGXCQEXTM-UHFFFAOYSA-N	Chemical Probes Portal	rating_in_organism	0	0
MPVGZUGXCQEXTM-UHFFFAOYSA-N	Chemical Probes Portal	rating_count	0	0
MPVGZUGXCQEXTM-UHFFFAOYSA-N	Chemical Probes Portal	unsuitable	0	Yes
MPVGZUGXCQEXTM-UHFFFAOYSA-N	Chemical Probes Portal	pains	0	No
MPVGZUGXCQEXTM-UHFFFAOYSA-N	Chemical Probes Portal	toxicophore	0	No
MPVGZUGXCQEXTM-UHFFFAOYSA-N	Chemical Probes Portal	published_date	0	2016-12-09
MPVGZUGXCQEXTM-UHFFFAOYSA-N	Chemical Probes Portal	canSAR_ID	0	1920436
MPVGZUGXCQEXTM-UHFFFAOYSA-N	Chemical Probes Portal	url	0	https://www.chemicalprobes.org/unsuitables/linifanib
QDPVYZNVVQQULH-UHFFFAOYSA-N	Chemical Probes Portal	rating_in_cell	0	0
QDPVYZNVVQQULH-UHFFFAOYSA-N	Chemical Probes Portal	rating_in_organism	0	0
QDPVYZNVVQQULH-UHFFFAOYSA-N	Chemical Probes Portal	rating_count	0	0
QDPVYZNVVQQULH-UHFFFAOYSA-N	Chemical Probes Portal	unsuitable	0	Yes
QDPVYZNVVQQULH-UHFFFAOYSA-N	Chemical Probes Portal	pains	0	No
QDPVYZNVVQQULH-UHFFFAOYSA-N	Chemical Probes Portal	toxicophore	0	No
QDPVYZNVVQQULH-UHFFFAOYSA-N	Chemical Probes Portal	published_date	0	2016-12-09
QDPVYZNVVQQULH-UHFFFAOYSA-N	Chemical Probes Portal	canSAR_ID	0	711445
QDPVYZNVVQQULH-UHFFFAOYSA-N	Chemical Probes Portal	url	0	https://www.chemicalprobes.org/unsuitables/dovitinib-lactate
RTIXKCRFFJGDFG-UHFFFAOYSA-N	Chemical Probes Portal	rating_in_cell	0	0
RTIXKCRFFJGDFG-UHFFFAOYSA-N	Chemical Probes Portal	rating_in_organism	0	0
RTIXKCRFFJGDFG-UHFFFAOYSA-N	Chemical Probes Portal	rating_count	0	0
RTIXKCRFFJGDFG-UHFFFAOYSA-N	Chemical Probes Portal	unsuitable	0	Yes
RTIXKCRFFJGDFG-UHFFFAOYSA-N	Chemical Probes Portal	pains	0	No
RTIXKCRFFJGDFG-UHFFFAOYSA-N	Chemical Probes Portal	toxicophore	0	No
RTIXKCRFFJGDFG-UHFFFAOYSA-N	Chemical Probes Portal	published_date	0	2016-12-09
RTIXKCRFFJGDFG-UHFFFAOYSA-N	Chemical Probes Portal	canSAR_ID	0	1115786
RTIXKCRFFJGDFG-UHFFFAOYSA-N	Chemical Probes Portal	url	0	https://www.chemicalprobes.org/unsuitables/57-dihydroxyflavone
QQWUGDVOUVUTOY-UHFFFAOYSA-N	Chemical Probes Portal	rating_in_cell	0	0
QQWUGDVOUVUTOY-UHFFFAOYSA-N	Chemical Probes Portal	rating_in_organism	0	0
QQWUGDVOUVUTOY-UHFFFAOYSA-N	Chemical Probes Portal	rating_count	0	0
QQWUGDVOUVUTOY-UHFFFAOYSA-N	Chemical Probes Portal	unsuitable	0	Yes
QQWUGDVOUVUTOY-UHFFFAOYSA-N	Chemical Probes Portal	pains	0	No
QQWUGDVOUVUTOY-UHFFFAOYSA-N	Chemical Probes Portal	toxicophore	0	No
QQWUGDVOUVUTOY-UHFFFAOYSA-N	Chemical Probes Portal	published_date	0	2016-12-09
QQWUGDVOUVUTOY-UHFFFAOYSA-N	Chemical Probes Portal	canSAR_ID	0	868137
QQWUGDVOUVUTOY-UHFFFAOYSA-N	Chemical Probes Portal	url	0	https://www.chemicalprobes.org/unsuitables/nvp-tae684
GUBJNPWVIUFSTR-UHFFFAOYSA-N	Chemical Probes Portal	rating_in_cell	0	0
GUBJNPWVIUFSTR-UHFFFAOYSA-N	Chemical Probes Portal	rating_in_organism	0	0
GUBJNPWVIUFSTR-UHFFFAOYSA-N	Chemical Probes Portal	rating_count	0	0
GUBJNPWVIUFSTR-UHFFFAOYSA-N	Chemical Probes Portal	unsuitable	0	Yes
GUBJNPWVIUFSTR-UHFFFAOYSA-N	Chemical Probes Portal	pains	0	No
GUBJNPWVIUFSTR-UHFFFAOYSA-N	Chemical Probes Portal	toxicophore	0	No
GUBJNPWVIUFSTR-UHFFFAOYSA-N	Chemical Probes Portal	published_date	0	2016-12-09
GUBJNPWVIUFSTR-UHFFFAOYSA-N	Chemical Probes Portal	canSAR_ID	0	591760
GUBJNPWVIUFSTR-UHFFFAOYSA-N	Chemical Probes Portal	url	0	https://www.chemicalprobes.org/unsuitables/jnj-28312141
WPHKIQPVPYJNAX-UHFFFAOYSA-N	Chemical Probes Portal	rating_in_cell	0	0
WPHKIQPVPYJNAX-UHFFFAOYSA-N	Chemical Probes Portal	rating_in_organism	0	0
WPHKIQPVPYJNAX-UHFFFAOYSA-N	Chemical Probes Portal	rating_count	0	0
WPHKIQPVPYJNAX-UHFFFAOYSA-N	Chemical Probes Portal	unsuitable	0	Yes
WPHKIQPVPYJNAX-UHFFFAOYSA-N	Chemical Probes Portal	pains	0	No
WPHKIQPVPYJNAX-UHFFFAOYSA-N	Chemical Probes Portal	toxicophore	0	No
WPHKIQPVPYJNAX-UHFFFAOYSA-N	Chemical Probes Portal	published_date	0	2016-12-09
WPHKIQPVPYJNAX-UHFFFAOYSA-N	Chemical Probes Portal	canSAR_ID	0	644156
WPHKIQPVPYJNAX-UHFFFAOYSA-N	Chemical Probes Portal	url	0	https://www.chemicalprobes.org/unsuitables/ilorasertib
XZXHXSATPCNXJR-ZIADKAODSA-N	Chemical Probes Portal	rating_in_cell	0	0
XZXHXSATPCNXJR-ZIADKAODSA-N	Chemical Probes Portal	rating_in_organism	0	0
XZXHXSATPCNXJR-ZIADKAODSA-N	Chemical Probes Portal	rating_count	0	0
XZXHXSATPCNXJR-ZIADKAODSA-N	Chemical Probes Portal	unsuitable	0	Yes
XZXHXSATPCNXJR-ZIADKAODSA-N	Chemical Probes Portal	pains	0	No
XZXHXSATPCNXJR-ZIADKAODSA-N	Chemical Probes Portal	toxicophore	0	Yes
XZXHXSATPCNXJR-ZIADKAODSA-N	Chemical Probes Portal	published_date	0	2016-12-09
XZXHXSATPCNXJR-ZIADKAODSA-N	Chemical Probes Portal	canSAR_ID	0	817948
XZXHXSATPCNXJR-ZIADKAODSA-N	Chemical Probes Portal	url	0	https://www.chemicalprobes.org/unsuitables/intedanib
MZDKLVOWGIOKTN-UHFFFAOYSA-N	Chemical Probes Portal	rating_in_cell	0	0
MZDKLVOWGIOKTN-UHFFFAOYSA-N	Chemical Probes Portal	rating_in_organism	0	0
MZDKLVOWGIOKTN-UHFFFAOYSA-N	Chemical Probes Portal	rating_count	0	0
MZDKLVOWGIOKTN-UHFFFAOYSA-N	Chemical Probes Portal	unsuitable	0	Yes
MZDKLVOWGIOKTN-UHFFFAOYSA-N	Chemical Probes Portal	pains	0	No
MZDKLVOWGIOKTN-UHFFFAOYSA-N	Chemical Probes Portal	toxicophore	0	No
MZDKLVOWGIOKTN-UHFFFAOYSA-N	Chemical Probes Portal	published_date	0	2016-12-09
MZDKLVOWGIOKTN-UHFFFAOYSA-N	Chemical Probes Portal	canSAR_ID	0	631801
MZDKLVOWGIOKTN-UHFFFAOYSA-N	Chemical Probes Portal	url	0	https://www.chemicalprobes.org/unsuitables/pf-562271
QQUXFYAWXPMDOE-UHFFFAOYSA-N	Chemical Probes Portal	rating_in_cell	0	0
QQUXFYAWXPMDOE-UHFFFAOYSA-N	Chemical Probes Portal	rating_in_organism	0	0
QQUXFYAWXPMDOE-UHFFFAOYSA-N	Chemical Probes Portal	rating_count	0	0
QQUXFYAWXPMDOE-UHFFFAOYSA-N	Chemical Probes Portal	unsuitable	0	Yes
QQUXFYAWXPMDOE-UHFFFAOYSA-N	Chemical Probes Portal	pains	0	No
QQUXFYAWXPMDOE-UHFFFAOYSA-N	Chemical Probes Portal	toxicophore	0	No
QQUXFYAWXPMDOE-UHFFFAOYSA-N	Chemical Probes Portal	published_date	0	2016-12-09
QQUXFYAWXPMDOE-UHFFFAOYSA-N	Chemical Probes Portal	canSAR_ID	0	1185198
QQUXFYAWXPMDOE-UHFFFAOYSA-N	Chemical Probes Portal	url	0	https://www.chemicalprobes.org/unsuitables/kenpaullone
SEJGTFPOEJWEGG-UHFFFAOYSA-N	Chemical Probes Portal	rating_in_cell	0	0
SEJGTFPOEJWEGG-UHFFFAOYSA-N	Chemical Probes Portal	rating_in_organism	0	0
SEJGTFPOEJWEGG-UHFFFAOYSA-N	Chemical Probes Portal	rating_count	0	0
SEJGTFPOEJWEGG-UHFFFAOYSA-N	Chemical Probes Portal	unsuitable	0	Yes
SEJGTFPOEJWEGG-UHFFFAOYSA-N	Chemical Probes Portal	pains	0	No
SEJGTFPOEJWEGG-UHFFFAOYSA-N	Chemical Probes Portal	toxicophore	0	No
SEJGTFPOEJWEGG-UHFFFAOYSA-N	Chemical Probes Portal	published_date	0	2016-12-09
SEJGTFPOEJWEGG-UHFFFAOYSA-N	Chemical Probes Portal	canSAR_ID	0	3100290
SEJGTFPOEJWEGG-UHFFFAOYSA-N	Chemical Probes Portal	url	0	https://www.chemicalprobes.org/unsuitables/chembl1908393
JOOXLOJCABQBSG-UHFFFAOYSA-N	Chemical Probes Portal	rating_in_cell	0	0
JOOXLOJCABQBSG-UHFFFAOYSA-N	Chemical Probes Portal	rating_in_organism	0	0
JOOXLOJCABQBSG-UHFFFAOYSA-N	Chemical Probes Portal	rating_count	0	0
JOOXLOJCABQBSG-UHFFFAOYSA-N	Chemical Probes Portal	unsuitable	0	Yes
JOOXLOJCABQBSG-UHFFFAOYSA-N	Chemical Probes Portal	pains	0	No
JOOXLOJCABQBSG-UHFFFAOYSA-N	Chemical Probes Portal	toxicophore	0	No
JOOXLOJCABQBSG-UHFFFAOYSA-N	Chemical Probes Portal	published_date	0	2016-12-09
JOOXLOJCABQBSG-UHFFFAOYSA-N	Chemical Probes Portal	canSAR_ID	0	729057
JOOXLOJCABQBSG-UHFFFAOYSA-N	Chemical Probes Portal	url	0	https://www.chemicalprobes.org/unsuitables/fedratinib
MVJMMLFMPWITEJ-UHFFFAOYSA-N	Chemical Probes Portal	rating_in_cell	0	0
MVJMMLFMPWITEJ-UHFFFAOYSA-N	Chemical Probes Portal	rating_in_organism	0	0
MVJMMLFMPWITEJ-UHFFFAOYSA-N	Chemical Probes Portal	rating_count	0	0
MVJMMLFMPWITEJ-UHFFFAOYSA-N	Chemical Probes Portal	unsuitable	0	Yes
MVJMMLFMPWITEJ-UHFFFAOYSA-N	Chemical Probes Portal	pains	0	No
MVJMMLFMPWITEJ-UHFFFAOYSA-N	Chemical Probes Portal	toxicophore	0	Yes
MVJMMLFMPWITEJ-UHFFFAOYSA-N	Chemical Probes Portal	published_date	0	2016-12-09
MVJMMLFMPWITEJ-UHFFFAOYSA-N	Chemical Probes Portal	canSAR_ID	0	212832
MVJMMLFMPWITEJ-UHFFFAOYSA-N	Chemical Probes Portal	url	0	https://www.chemicalprobes.org/unsuitables/kinome1198
CTNPALGJUAXMMC-PMFHANACSA-N	Chemical Probes Portal	rating_in_cell	0	0
CTNPALGJUAXMMC-PMFHANACSA-N	Chemical Probes Portal	rating_in_organism	0	0
CTNPALGJUAXMMC-PMFHANACSA-N	Chemical Probes Portal	rating_count	0	0
CTNPALGJUAXMMC-PMFHANACSA-N	Chemical Probes Portal	unsuitable	0	Yes
CTNPALGJUAXMMC-PMFHANACSA-N	Chemical Probes Portal	pains	0	Yes
CTNPALGJUAXMMC-PMFHANACSA-N	Chemical Probes Portal	toxicophore	0	No
CTNPALGJUAXMMC-PMFHANACSA-N	Chemical Probes Portal	published_date	0	2016-12-09
CTNPALGJUAXMMC-PMFHANACSA-N	Chemical Probes Portal	canSAR_ID	0	449255
CTNPALGJUAXMMC-PMFHANACSA-N	Chemical Probes Portal	url	0	https://www.chemicalprobes.org/unsuitables/su14813
KDKUVYLMPJIGKA-UHFFFAOYSA-N	Chemical Probes Portal	rating_in_cell	0	0
KDKUVYLMPJIGKA-UHFFFAOYSA-N	Chemical Probes Portal	rating_in_organism	0	0
KDKUVYLMPJIGKA-UHFFFAOYSA-N	Chemical Probes Portal	rating_count	0	0
KDKUVYLMPJIGKA-UHFFFAOYSA-N	Chemical Probes Portal	unsuitable	0	Yes
KDKUVYLMPJIGKA-UHFFFAOYSA-N	Chemical Probes Portal	pains	0	No
KDKUVYLMPJIGKA-UHFFFAOYSA-N	Chemical Probes Portal	toxicophore	0	No
KDKUVYLMPJIGKA-UHFFFAOYSA-N	Chemical Probes Portal	published_date	0	2016-12-09
KDKUVYLMPJIGKA-UHFFFAOYSA-N	Chemical Probes Portal	canSAR_ID	0	1799601
KDKUVYLMPJIGKA-UHFFFAOYSA-N	Chemical Probes Portal	url	0	https://www.chemicalprobes.org/unsuitables/jnj-7706621
YYLKKYCXAOBSRM-JXMROGBWSA-N	Chemical Probes Portal	rating_in_cell	0	0
YYLKKYCXAOBSRM-JXMROGBWSA-N	Chemical Probes Portal	rating_in_organism	0	0
YYLKKYCXAOBSRM-JXMROGBWSA-N	Chemical Probes Portal	rating_count	0	0
YYLKKYCXAOBSRM-JXMROGBWSA-N	Chemical Probes Portal	unsuitable	0	Yes
YYLKKYCXAOBSRM-JXMROGBWSA-N	Chemical Probes Portal	pains	0	No
YYLKKYCXAOBSRM-JXMROGBWSA-N	Chemical Probes Portal	toxicophore	0	No
YYLKKYCXAOBSRM-JXMROGBWSA-N	Chemical Probes Portal	published_date	0	2016-12-09
YYLKKYCXAOBSRM-JXMROGBWSA-N	Chemical Probes Portal	canSAR_ID	0	1708627
YYLKKYCXAOBSRM-JXMROGBWSA-N	Chemical Probes Portal	url	0	https://www.chemicalprobes.org/unsuitables/kw-2449
OWRXHGAFWZFFCW-UHFFFAOYSA-N	Chemical Probes Portal	rating_in_cell	0	0
OWRXHGAFWZFFCW-UHFFFAOYSA-N	Chemical Probes Portal	rating_in_organism	0	0
OWRXHGAFWZFFCW-UHFFFAOYSA-N	Chemical Probes Portal	rating_count	0	0
OWRXHGAFWZFFCW-UHFFFAOYSA-N	Chemical Probes Portal	unsuitable	0	Yes
OWRXHGAFWZFFCW-UHFFFAOYSA-N	Chemical Probes Portal	pains	0	No
OWRXHGAFWZFFCW-UHFFFAOYSA-N	Chemical Probes Portal	toxicophore	0	No
OWRXHGAFWZFFCW-UHFFFAOYSA-N	Chemical Probes Portal	published_date	0	2016-12-09
OWRXHGAFWZFFCW-UHFFFAOYSA-N	Chemical Probes Portal	canSAR_ID	0	455055
OWRXHGAFWZFFCW-UHFFFAOYSA-N	Chemical Probes Portal	url	0	https://www.chemicalprobes.org/unsuitables/kinome1194
JZTOUVBEZONDKA-UHFFFAOYSA-N	Chemical Probes Portal	rating_in_cell	0	0
JZTOUVBEZONDKA-UHFFFAOYSA-N	Chemical Probes Portal	rating_in_organism	0	0
JZTOUVBEZONDKA-UHFFFAOYSA-N	Chemical Probes Portal	rating_count	0	0
JZTOUVBEZONDKA-UHFFFAOYSA-N	Chemical Probes Portal	unsuitable	0	Yes
JZTOUVBEZONDKA-UHFFFAOYSA-N	Chemical Probes Portal	pains	0	No
JZTOUVBEZONDKA-UHFFFAOYSA-N	Chemical Probes Portal	toxicophore	0	No
JZTOUVBEZONDKA-UHFFFAOYSA-N	Chemical Probes Portal	published_date	0	2016-12-09
JZTOUVBEZONDKA-UHFFFAOYSA-N	Chemical Probes Portal	canSAR_ID	0	1720177
JZTOUVBEZONDKA-UHFFFAOYSA-N	Chemical Probes Portal	url	0	https://www.chemicalprobes.org/unsuitables/kinome2079
RYYNGWLOYLRZLK-UHFFFAOYSA-N	Chemical Probes Portal	rating_in_cell	0	0
RYYNGWLOYLRZLK-UHFFFAOYSA-N	Chemical Probes Portal	rating_in_organism	0	0
RYYNGWLOYLRZLK-UHFFFAOYSA-N	Chemical Probes Portal	rating_count	0	0
RYYNGWLOYLRZLK-UHFFFAOYSA-N	Chemical Probes Portal	unsuitable	0	Yes
RYYNGWLOYLRZLK-UHFFFAOYSA-N	Chemical Probes Portal	pains	0	No
RYYNGWLOYLRZLK-UHFFFAOYSA-N	Chemical Probes Portal	toxicophore	0	No
RYYNGWLOYLRZLK-UHFFFAOYSA-N	Chemical Probes Portal	published_date	0	2016-12-09
RYYNGWLOYLRZLK-UHFFFAOYSA-N	Chemical Probes Portal	canSAR_ID	0	593029
RYYNGWLOYLRZLK-UHFFFAOYSA-N	Chemical Probes Portal	url	0	https://www.chemicalprobes.org/unsuitables/pf-03814735
FUMCKNCUEAQHCV-XYPYZODXSA-N	Chemical Probes Portal	rating_in_cell	0	0
FUMCKNCUEAQHCV-XYPYZODXSA-N	Chemical Probes Portal	rating_in_organism	0	0
FUMCKNCUEAQHCV-XYPYZODXSA-N	Chemical Probes Portal	rating_count	0	0
FUMCKNCUEAQHCV-XYPYZODXSA-N	Chemical Probes Portal	unsuitable	0	Yes
FUMCKNCUEAQHCV-XYPYZODXSA-N	Chemical Probes Portal	pains	0	No
FUMCKNCUEAQHCV-XYPYZODXSA-N	Chemical Probes Portal	toxicophore	0	No
FUMCKNCUEAQHCV-XYPYZODXSA-N	Chemical Probes Portal	published_date	0	2016-12-09
FUMCKNCUEAQHCV-XYPYZODXSA-N	Chemical Probes Portal	canSAR_ID	0	1543298
FUMCKNCUEAQHCV-XYPYZODXSA-N	Chemical Probes Portal	url	0	https://www.chemicalprobes.org/unsuitables/chembl2062936
ZGZVRPRSFXRGCF-UHFFFAOYSA-N	Chemical Probes Portal	rating_in_cell	0	0
ZGZVRPRSFXRGCF-UHFFFAOYSA-N	Chemical Probes Portal	rating_in_organism	0	0
ZGZVRPRSFXRGCF-UHFFFAOYSA-N	Chemical Probes Portal	rating_count	0	0
ZGZVRPRSFXRGCF-UHFFFAOYSA-N	Chemical Probes Portal	unsuitable	0	Yes
ZGZVRPRSFXRGCF-UHFFFAOYSA-N	Chemical Probes Portal	pains	0	No
ZGZVRPRSFXRGCF-UHFFFAOYSA-N	Chemical Probes Portal	toxicophore	0	No
ZGZVRPRSFXRGCF-UHFFFAOYSA-N	Chemical Probes Portal	published_date	0	2016-12-09
ZGZVRPRSFXRGCF-UHFFFAOYSA-N	Chemical Probes Portal	canSAR_ID	0	593085
ZGZVRPRSFXRGCF-UHFFFAOYSA-N	Chemical Probes Portal	url	0	https://www.chemicalprobes.org/unsuitables/kinome1054
ZPEIMTDSQAKGNT-UHFFFAOYSA-N	Chemical Probes Portal	rating_in_cell	0	0
ZPEIMTDSQAKGNT-UHFFFAOYSA-N	Chemical Probes Portal	rating_in_organism	0	0
ZPEIMTDSQAKGNT-UHFFFAOYSA-N	Chemical Probes Portal	rating_count	0	0
ZPEIMTDSQAKGNT-UHFFFAOYSA-N	Chemical Probes Portal	unsuitable	0	Yes
ZPEIMTDSQAKGNT-UHFFFAOYSA-N	Chemical Probes Portal	pains	0	No
ZPEIMTDSQAKGNT-UHFFFAOYSA-N	Chemical Probes Portal	toxicophore	0	No
ZPEIMTDSQAKGNT-UHFFFAOYSA-N	Chemical Probes Portal	published_date	0	2016-12-09
ZPEIMTDSQAKGNT-UHFFFAOYSA-N	Chemical Probes Portal	canSAR_ID	0	1233755
ZPEIMTDSQAKGNT-UHFFFAOYSA-N	Chemical Probes Portal	url	0	https://www.chemicalprobes.org/unsuitables/chlorpromazine
CGIGDMFJXJATDK-UHFFFAOYSA-N	Chemical Probes Portal	rating_in_cell	0	0
CGIGDMFJXJATDK-UHFFFAOYSA-N	Chemical Probes Portal	rating_in_organism	0	0
CGIGDMFJXJATDK-UHFFFAOYSA-N	Chemical Probes Portal	rating_count	0	0
CGIGDMFJXJATDK-UHFFFAOYSA-N	Chemical Probes Portal	unsuitable	0	Yes
CGIGDMFJXJATDK-UHFFFAOYSA-N	Chemical Probes Portal	pains	0	No
CGIGDMFJXJATDK-UHFFFAOYSA-N	Chemical Probes Portal	toxicophore	0	No
CGIGDMFJXJATDK-UHFFFAOYSA-N	Chemical Probes Portal	published_date	0	2016-12-09
CGIGDMFJXJATDK-UHFFFAOYSA-N	Chemical Probes Portal	canSAR_ID	0	1616755
CGIGDMFJXJATDK-UHFFFAOYSA-N	Chemical Probes Portal	url	0	https://www.chemicalprobes.org/unsuitables/indometacin
GCBJDOWIQHMCMR-UHFFFAOYSA-N	Chemical Probes Portal	rating_in_cell	0	0
GCBJDOWIQHMCMR-UHFFFAOYSA-N	Chemical Probes Portal	rating_in_organism	0	0
GCBJDOWIQHMCMR-UHFFFAOYSA-N	Chemical Probes Portal	rating_count	0	0
GCBJDOWIQHMCMR-UHFFFAOYSA-N	Chemical Probes Portal	unsuitable	0	Yes
GCBJDOWIQHMCMR-UHFFFAOYSA-N	Chemical Probes Portal	pains	0	No
GCBJDOWIQHMCMR-UHFFFAOYSA-N	Chemical Probes Portal	toxicophore	0	No
GCBJDOWIQHMCMR-UHFFFAOYSA-N	Chemical Probes Portal	published_date	0	2016-12-09
GCBJDOWIQHMCMR-UHFFFAOYSA-N	Chemical Probes Portal	canSAR_ID	0	1705658
GCBJDOWIQHMCMR-UHFFFAOYSA-N	Chemical Probes Portal	url	0	https://www.chemicalprobes.org/unsuitables/kinome1199
KRIUNPBAQZGFQA-UHFFFAOYSA-N	Chemical Probes Portal	rating_in_cell	0	0
KRIUNPBAQZGFQA-UHFFFAOYSA-N	Chemical Probes Portal	rating_in_organism	0	0
KRIUNPBAQZGFQA-UHFFFAOYSA-N	Chemical Probes Portal	rating_count	0	0
KRIUNPBAQZGFQA-UHFFFAOYSA-N	Chemical Probes Portal	unsuitable	0	Yes
KRIUNPBAQZGFQA-UHFFFAOYSA-N	Chemical Probes Portal	pains	0	No
KRIUNPBAQZGFQA-UHFFFAOYSA-N	Chemical Probes Portal	toxicophore	0	Yes
KRIUNPBAQZGFQA-UHFFFAOYSA-N	Chemical Probes Portal	published_date	0	2016-12-09
KRIUNPBAQZGFQA-UHFFFAOYSA-N	Chemical Probes Portal	canSAR_ID	0	1049783
KRIUNPBAQZGFQA-UHFFFAOYSA-N	Chemical Probes Portal	url	0	https://www.chemicalprobes.org/unsuitables/zinc04335977
HJGFPNFAFSFDNN-UHFFFAOYSA-N	Chemical Probes Portal	rating_in_cell	0	0
HJGFPNFAFSFDNN-UHFFFAOYSA-N	Chemical Probes Portal	rating_in_organism	0	0
HJGFPNFAFSFDNN-UHFFFAOYSA-N	Chemical Probes Portal	rating_count	0	0
HJGFPNFAFSFDNN-UHFFFAOYSA-N	Chemical Probes Portal	unsuitable	0	Yes
HJGFPNFAFSFDNN-UHFFFAOYSA-N	Chemical Probes Portal	pains	0	No
HJGFPNFAFSFDNN-UHFFFAOYSA-N	Chemical Probes Portal	toxicophore	0	No
HJGFPNFAFSFDNN-UHFFFAOYSA-N	Chemical Probes Portal	published_date	0	2016-12-09
HJGFPNFAFSFDNN-UHFFFAOYSA-N	Chemical Probes Portal	canSAR_ID	0	1798236
HJGFPNFAFSFDNN-UHFFFAOYSA-N	Chemical Probes Portal	url	0	https://www.chemicalprobes.org/unsuitables/cx5011
BPNUQXPIQBZCMR-IBGZPJMESA-N	Chemical Probes Portal	rating_in_cell	0	0
BPNUQXPIQBZCMR-IBGZPJMESA-N	Chemical Probes Portal	rating_in_organism	0	0
BPNUQXPIQBZCMR-IBGZPJMESA-N	Chemical Probes Portal	rating_count	0	0
BPNUQXPIQBZCMR-IBGZPJMESA-N	Chemical Probes Portal	unsuitable	0	Yes
BPNUQXPIQBZCMR-IBGZPJMESA-N	Chemical Probes Portal	pains	0	No
BPNUQXPIQBZCMR-IBGZPJMESA-N	Chemical Probes Portal	toxicophore	0	No
BPNUQXPIQBZCMR-IBGZPJMESA-N	Chemical Probes Portal	published_date	0	2016-12-08
BPNUQXPIQBZCMR-IBGZPJMESA-N	Chemical Probes Portal	canSAR_ID	0	1807394
BPNUQXPIQBZCMR-IBGZPJMESA-N	Chemical Probes Portal	url	0	https://www.chemicalprobes.org/unsuitables/674563
RFAXLXKIAKIUDT-UHFFFAOYSA-N	Chemical Probes Portal	rating_in_cell	0	0
RFAXLXKIAKIUDT-UHFFFAOYSA-N	Chemical Probes Portal	rating_in_organism	0	0
RFAXLXKIAKIUDT-UHFFFAOYSA-N	Chemical Probes Portal	rating_count	0	0
RFAXLXKIAKIUDT-UHFFFAOYSA-N	Chemical Probes Portal	unsuitable	0	Yes
RFAXLXKIAKIUDT-UHFFFAOYSA-N	Chemical Probes Portal	pains	0	No
RFAXLXKIAKIUDT-UHFFFAOYSA-N	Chemical Probes Portal	toxicophore	0	Yes
RFAXLXKIAKIUDT-UHFFFAOYSA-N	Chemical Probes Portal	published_date	0	2017-01-04
RFAXLXKIAKIUDT-UHFFFAOYSA-N	Chemical Probes Portal	canSAR_ID	0	1503412
RFAXLXKIAKIUDT-UHFFFAOYSA-N	Chemical Probes Portal	url	0	https://www.chemicalprobes.org/unsuitables/ipa-3
KRMDCWKBEZIMAB-UHFFFAOYSA-N	Chemical Probes Portal	rating_in_cell	0	0
KRMDCWKBEZIMAB-UHFFFAOYSA-N	Chemical Probes Portal	rating_in_organism	0	0
KRMDCWKBEZIMAB-UHFFFAOYSA-N	Chemical Probes Portal	rating_count	0	0
KRMDCWKBEZIMAB-UHFFFAOYSA-N	Chemical Probes Portal	unsuitable	0	Yes
KRMDCWKBEZIMAB-UHFFFAOYSA-N	Chemical Probes Portal	pains	0	Yes
KRMDCWKBEZIMAB-UHFFFAOYSA-N	Chemical Probes Portal	toxicophore	0	No
KRMDCWKBEZIMAB-UHFFFAOYSA-N	Chemical Probes Portal	published_date	0	2016-12-09
KRMDCWKBEZIMAB-UHFFFAOYSA-N	Chemical Probes Portal	canSAR_ID	0	1253640
KRMDCWKBEZIMAB-UHFFFAOYSA-N	Chemical Probes Portal	url	0	https://www.chemicalprobes.org/unsuitables/amitriptyline
DDLZLOKCJHBUHD-WAVHTBQISA-N	Chemical Probes Portal	rating_in_cell	0	0
DDLZLOKCJHBUHD-WAVHTBQISA-N	Chemical Probes Portal	rating_in_organism	0	0
DDLZLOKCJHBUHD-WAVHTBQISA-N	Chemical Probes Portal	rating_count	0	0
DDLZLOKCJHBUHD-WAVHTBQISA-N	Chemical Probes Portal	unsuitable	0	Yes
DDLZLOKCJHBUHD-WAVHTBQISA-N	Chemical Probes Portal	pains	0	No
DDLZLOKCJHBUHD-WAVHTBQISA-N	Chemical Probes Portal	toxicophore	0	Yes
DDLZLOKCJHBUHD-WAVHTBQISA-N	Chemical Probes Portal	published_date	0	2016-12-09
DDLZLOKCJHBUHD-WAVHTBQISA-N	Chemical Probes Portal	canSAR_ID	0	1322637
DDLZLOKCJHBUHD-WAVHTBQISA-N	Chemical Probes Portal	url	0	https://www.chemicalprobes.org/unsuitables/6-bromoindirubin-3-oxime
UUADYKVKJIMIPA-UHFFFAOYSA-N	Chemical Probes Portal	rating_in_cell	0	0
UUADYKVKJIMIPA-UHFFFAOYSA-N	Chemical Probes Portal	rating_in_organism	0	0
UUADYKVKJIMIPA-UHFFFAOYSA-N	Chemical Probes Portal	rating_count	0	0
UUADYKVKJIMIPA-UHFFFAOYSA-N	Chemical Probes Portal	unsuitable	0	Yes
UUADYKVKJIMIPA-UHFFFAOYSA-N	Chemical Probes Portal	pains	0	No
UUADYKVKJIMIPA-UHFFFAOYSA-N	Chemical Probes Portal	toxicophore	0	Yes
UUADYKVKJIMIPA-UHFFFAOYSA-N	Chemical Probes Portal	published_date	0	2016-12-09
UUADYKVKJIMIPA-UHFFFAOYSA-N	Chemical Probes Portal	canSAR_ID	0	826365
UUADYKVKJIMIPA-UHFFFAOYSA-N	Chemical Probes Portal	url	0	https://www.chemicalprobes.org/unsuitables/enzastaurin-hydrochloride
KSOVGRCOLZZTPF-UHFFFAOYSA-N	Chemical Probes Portal	rating_in_cell	0	0
KSOVGRCOLZZTPF-UHFFFAOYSA-N	Chemical Probes Portal	rating_in_organism	0	0
KSOVGRCOLZZTPF-UHFFFAOYSA-N	Chemical Probes Portal	rating_count	0	0
KSOVGRCOLZZTPF-UHFFFAOYSA-N	Chemical Probes Portal	unsuitable	0	Yes
KSOVGRCOLZZTPF-UHFFFAOYSA-N	Chemical Probes Portal	pains	0	Yes
KSOVGRCOLZZTPF-UHFFFAOYSA-N	Chemical Probes Portal	toxicophore	0	No
KSOVGRCOLZZTPF-UHFFFAOYSA-N	Chemical Probes Portal	published_date	0	2016-12-09
KSOVGRCOLZZTPF-UHFFFAOYSA-N	Chemical Probes Portal	canSAR_ID	0	521608
KSOVGRCOLZZTPF-UHFFFAOYSA-N	Chemical Probes Portal	url	0	https://www.chemicalprobes.org/unsuitables/kinome635
ZVWRFVCNQOECJS-UHFFFAOYSA-N	Chemical Probes Portal	rating_in_cell	0	0
ZVWRFVCNQOECJS-UHFFFAOYSA-N	Chemical Probes Portal	rating_in_organism	0	0
ZVWRFVCNQOECJS-UHFFFAOYSA-N	Chemical Probes Portal	rating_count	0	0
ZVWRFVCNQOECJS-UHFFFAOYSA-N	Chemical Probes Portal	unsuitable	0	Yes
ZVWRFVCNQOECJS-UHFFFAOYSA-N	Chemical Probes Portal	pains	0	No
ZVWRFVCNQOECJS-UHFFFAOYSA-N	Chemical Probes Portal	toxicophore	0	No
ZVWRFVCNQOECJS-UHFFFAOYSA-N	Chemical Probes Portal	published_date	0	2016-12-09
ZVWRFVCNQOECJS-UHFFFAOYSA-N	Chemical Probes Portal	canSAR_ID	0	292199
ZVWRFVCNQOECJS-UHFFFAOYSA-N	Chemical Probes Portal	url	0	https://www.chemicalprobes.org/unsuitables/kinome1202
VADOZMZXXRBXNY-UHFFFAOYSA-N	Chemical Probes Portal	rating_in_cell	0	0
VADOZMZXXRBXNY-UHFFFAOYSA-N	Chemical Probes Portal	rating_in_organism	0	0
VADOZMZXXRBXNY-UHFFFAOYSA-N	Chemical Probes Portal	rating_count	0	0
VADOZMZXXRBXNY-UHFFFAOYSA-N	Chemical Probes Portal	unsuitable	0	Yes
VADOZMZXXRBXNY-UHFFFAOYSA-N	Chemical Probes Portal	pains	0	Yes
VADOZMZXXRBXNY-UHFFFAOYSA-N	Chemical Probes Portal	toxicophore	0	No
VADOZMZXXRBXNY-UHFFFAOYSA-N	Chemical Probes Portal	published_date	0	2016-12-09
VADOZMZXXRBXNY-UHFFFAOYSA-N	Chemical Probes Portal	canSAR_ID	0	462817
VADOZMZXXRBXNY-UHFFFAOYSA-N	Chemical Probes Portal	url	0	https://www.chemicalprobes.org/unsuitables/chembl3115681
UIARLYUEJFELEN-LROUJFHJSA-N	Chemical Probes Portal	rating_in_cell	0	0
UIARLYUEJFELEN-LROUJFHJSA-N	Chemical Probes Portal	rating_in_organism	0	0
UIARLYUEJFELEN-LROUJFHJSA-N	Chemical Probes Portal	rating_count	0	0
UIARLYUEJFELEN-LROUJFHJSA-N	Chemical Probes Portal	unsuitable	0	Yes
UIARLYUEJFELEN-LROUJFHJSA-N	Chemical Probes Portal	pains	0	No
UIARLYUEJFELEN-LROUJFHJSA-N	Chemical Probes Portal	toxicophore	0	No
UIARLYUEJFELEN-LROUJFHJSA-N	Chemical Probes Portal	published_date	0	2016-12-09
UIARLYUEJFELEN-LROUJFHJSA-N	Chemical Probes Portal	canSAR_ID	0	578962
UIARLYUEJFELEN-LROUJFHJSA-N	Chemical Probes Portal	url	0	https://www.chemicalprobes.org/unsuitables/lestaurtinib
BSFNGHCTZDCQBF-UHFFFAOYSA-N	Chemical Probes Portal	rating_in_cell	0	0
BSFNGHCTZDCQBF-UHFFFAOYSA-N	Chemical Probes Portal	rating_in_organism	0	0
BSFNGHCTZDCQBF-UHFFFAOYSA-N	Chemical Probes Portal	rating_count	0	0
BSFNGHCTZDCQBF-UHFFFAOYSA-N	Chemical Probes Portal	unsuitable	0	Yes
BSFNGHCTZDCQBF-UHFFFAOYSA-N	Chemical Probes Portal	pains	0	No
BSFNGHCTZDCQBF-UHFFFAOYSA-N	Chemical Probes Portal	toxicophore	0	No
BSFNGHCTZDCQBF-UHFFFAOYSA-N	Chemical Probes Portal	published_date	0	2016-12-09
BSFNGHCTZDCQBF-UHFFFAOYSA-N	Chemical Probes Portal	canSAR_ID	0	698309
BSFNGHCTZDCQBF-UHFFFAOYSA-N	Chemical Probes Portal	url	0	https://www.chemicalprobes.org/unsuitables/kinome1901
LYNBNVBMAGDJRW-UHFFFAOYSA-N	Chemical Probes Portal	rating_in_cell	0	0
LYNBNVBMAGDJRW-UHFFFAOYSA-N	Chemical Probes Portal	rating_in_organism	0	0
LYNBNVBMAGDJRW-UHFFFAOYSA-N	Chemical Probes Portal	rating_count	0	0
LYNBNVBMAGDJRW-UHFFFAOYSA-N	Chemical Probes Portal	unsuitable	0	Yes
LYNBNVBMAGDJRW-UHFFFAOYSA-N	Chemical Probes Portal	pains	0	No
LYNBNVBMAGDJRW-UHFFFAOYSA-N	Chemical Probes Portal	toxicophore	0	No
LYNBNVBMAGDJRW-UHFFFAOYSA-N	Chemical Probes Portal	published_date	0	2016-12-09
LYNBNVBMAGDJRW-UHFFFAOYSA-N	Chemical Probes Portal	canSAR_ID	0	1493914
LYNBNVBMAGDJRW-UHFFFAOYSA-N	Chemical Probes Portal	url	0	https://www.chemicalprobes.org/unsuitables/4-anilinopyrimidine-8c
GCYXEGSPUDSZJY-PTNGSMBKSA-N	Chemical Probes Portal	rating_in_cell	0	0
GCYXEGSPUDSZJY-PTNGSMBKSA-N	Chemical Probes Portal	rating_in_organism	0	0
GCYXEGSPUDSZJY-PTNGSMBKSA-N	Chemical Probes Portal	rating_count	0	0
GCYXEGSPUDSZJY-PTNGSMBKSA-N	Chemical Probes Portal	unsuitable	0	Yes
GCYXEGSPUDSZJY-PTNGSMBKSA-N	Chemical Probes Portal	pains	0	Yes
GCYXEGSPUDSZJY-PTNGSMBKSA-N	Chemical Probes Portal	toxicophore	0	Yes
GCYXEGSPUDSZJY-PTNGSMBKSA-N	Chemical Probes Portal	published_date	0	2016-12-09
GCYXEGSPUDSZJY-PTNGSMBKSA-N	Chemical Probes Portal	canSAR_ID	0	352155
GCYXEGSPUDSZJY-PTNGSMBKSA-N	Chemical Probes Portal	url	0	https://www.chemicalprobes.org/unsuitables/gw8510
YMIJUBCSOKSFRU-UHFFFAOYSA-N	Chemical Probes Portal	rating_in_cell	0	0
YMIJUBCSOKSFRU-UHFFFAOYSA-N	Chemical Probes Portal	rating_in_organism	0	0
YMIJUBCSOKSFRU-UHFFFAOYSA-N	Chemical Probes Portal	rating_count	0	0
YMIJUBCSOKSFRU-UHFFFAOYSA-N	Chemical Probes Portal	unsuitable	0	Yes
YMIJUBCSOKSFRU-UHFFFAOYSA-N	Chemical Probes Portal	pains	0	No
YMIJUBCSOKSFRU-UHFFFAOYSA-N	Chemical Probes Portal	toxicophore	0	No
YMIJUBCSOKSFRU-UHFFFAOYSA-N	Chemical Probes Portal	published_date	0	2016-12-09
YMIJUBCSOKSFRU-UHFFFAOYSA-N	Chemical Probes Portal	canSAR_ID	0	1699687
YMIJUBCSOKSFRU-UHFFFAOYSA-N	Chemical Probes Portal	url	0	https://www.chemicalprobes.org/unsuitables/4-anilinopyrimidine-15a
KLBQZWRITKRQQV-UHFFFAOYSA-N	Chemical Probes Portal	rating_in_cell	0	0
KLBQZWRITKRQQV-UHFFFAOYSA-N	Chemical Probes Portal	rating_in_organism	0	0
KLBQZWRITKRQQV-UHFFFAOYSA-N	Chemical Probes Portal	rating_count	0	0
KLBQZWRITKRQQV-UHFFFAOYSA-N	Chemical Probes Portal	unsuitable	0	Yes
KLBQZWRITKRQQV-UHFFFAOYSA-N	Chemical Probes Portal	pains	0	No
KLBQZWRITKRQQV-UHFFFAOYSA-N	Chemical Probes Portal	toxicophore	0	No
KLBQZWRITKRQQV-UHFFFAOYSA-N	Chemical Probes Portal	published_date	0	2016-12-09
KLBQZWRITKRQQV-UHFFFAOYSA-N	Chemical Probes Portal	canSAR_ID	0	1583578
KLBQZWRITKRQQV-UHFFFAOYSA-N	Chemical Probes Portal	url	0	https://www.chemicalprobes.org/unsuitables/thioridazine
GPSZYOIFQZPWEJ-UHFFFAOYSA-N	Chemical Probes Portal	rating_in_cell	0	0
GPSZYOIFQZPWEJ-UHFFFAOYSA-N	Chemical Probes Portal	rating_in_organism	0	0
GPSZYOIFQZPWEJ-UHFFFAOYSA-N	Chemical Probes Portal	rating_count	0	0
GPSZYOIFQZPWEJ-UHFFFAOYSA-N	Chemical Probes Portal	unsuitable	0	Yes
GPSZYOIFQZPWEJ-UHFFFAOYSA-N	Chemical Probes Portal	pains	0	Yes
GPSZYOIFQZPWEJ-UHFFFAOYSA-N	Chemical Probes Portal	toxicophore	0	No
GPSZYOIFQZPWEJ-UHFFFAOYSA-N	Chemical Probes Portal	published_date	0	2016-12-09
GPSZYOIFQZPWEJ-UHFFFAOYSA-N	Chemical Probes Portal	canSAR_ID	0	1709990
GPSZYOIFQZPWEJ-UHFFFAOYSA-N	Chemical Probes Portal	url	0	https://www.chemicalprobes.org/unsuitables/cyc-116
BIIVYFLTOXDAOV-YVEFUNNKSA-N	Chemical Probes Portal	rating_in_cell	0	0
BIIVYFLTOXDAOV-YVEFUNNKSA-N	Chemical Probes Portal	rating_in_organism	0	0
BIIVYFLTOXDAOV-YVEFUNNKSA-N	Chemical Probes Portal	rating_count	0	0
BIIVYFLTOXDAOV-YVEFUNNKSA-N	Chemical Probes Portal	unsuitable	0	Yes
BIIVYFLTOXDAOV-YVEFUNNKSA-N	Chemical Probes Portal	pains	0	No
BIIVYFLTOXDAOV-YVEFUNNKSA-N	Chemical Probes Portal	toxicophore	0	No
BIIVYFLTOXDAOV-YVEFUNNKSA-N	Chemical Probes Portal	published_date	0	2016-12-09
BIIVYFLTOXDAOV-YVEFUNNKSA-N	Chemical Probes Portal	canSAR_ID	0	1905588
BIIVYFLTOXDAOV-YVEFUNNKSA-N	Chemical Probes Portal	url	0	https://www.chemicalprobes.org/unsuitables/flavopiridol
OUSFTKFNBAZUKL-UHFFFAOYSA-N	Chemical Probes Portal	rating_in_cell	0	0
OUSFTKFNBAZUKL-UHFFFAOYSA-N	Chemical Probes Portal	rating_in_organism	0	0
OUSFTKFNBAZUKL-UHFFFAOYSA-N	Chemical Probes Portal	rating_count	0	0
OUSFTKFNBAZUKL-UHFFFAOYSA-N	Chemical Probes Portal	unsuitable	0	Yes
OUSFTKFNBAZUKL-UHFFFAOYSA-N	Chemical Probes Portal	pains	0	No
OUSFTKFNBAZUKL-UHFFFAOYSA-N	Chemical Probes Portal	toxicophore	0	No
OUSFTKFNBAZUKL-UHFFFAOYSA-N	Chemical Probes Portal	published_date	0	2016-12-09
OUSFTKFNBAZUKL-UHFFFAOYSA-N	Chemical Probes Portal	canSAR_ID	0	1596650
OUSFTKFNBAZUKL-UHFFFAOYSA-N	Chemical Probes Portal	url	0	https://www.chemicalprobes.org/unsuitables/bms-387032
JPYQFPGTGGLOMD-UHFFFAOYSA-N	Chemical Probes Portal	rating_in_cell	0	0
JPYQFPGTGGLOMD-UHFFFAOYSA-N	Chemical Probes Portal	rating_in_organism	0	0
JPYQFPGTGGLOMD-UHFFFAOYSA-N	Chemical Probes Portal	rating_count	0	0
JPYQFPGTGGLOMD-UHFFFAOYSA-N	Chemical Probes Portal	unsuitable	0	Yes
JPYQFPGTGGLOMD-UHFFFAOYSA-N	Chemical Probes Portal	pains	0	No
JPYQFPGTGGLOMD-UHFFFAOYSA-N	Chemical Probes Portal	toxicophore	0	No
JPYQFPGTGGLOMD-UHFFFAOYSA-N	Chemical Probes Portal	published_date	0	2016-12-09
JPYQFPGTGGLOMD-UHFFFAOYSA-N	Chemical Probes Portal	canSAR_ID	0	1643156
JPYQFPGTGGLOMD-UHFFFAOYSA-N	Chemical Probes Portal	url	0	https://www.chemicalprobes.org/unsuitables/chembl1649761
BQDHCGJUSXMIIS-UHFFFAOYSA-N	Chemical Probes Portal	rating_in_cell	0	0
BQDHCGJUSXMIIS-UHFFFAOYSA-N	Chemical Probes Portal	rating_in_organism	0	0
BQDHCGJUSXMIIS-UHFFFAOYSA-N	Chemical Probes Portal	rating_count	0	0
BQDHCGJUSXMIIS-UHFFFAOYSA-N	Chemical Probes Portal	unsuitable	0	Yes
BQDHCGJUSXMIIS-UHFFFAOYSA-N	Chemical Probes Portal	pains	0	No
BQDHCGJUSXMIIS-UHFFFAOYSA-N	Chemical Probes Portal	toxicophore	0	No
BQDHCGJUSXMIIS-UHFFFAOYSA-N	Chemical Probes Portal	published_date	0	2016-12-09
BQDHCGJUSXMIIS-UHFFFAOYSA-N	Chemical Probes Portal	canSAR_ID	0	3312912
BQDHCGJUSXMIIS-UHFFFAOYSA-N	Chemical Probes Portal	url	0	https://www.chemicalprobes.org/unsuitables/schembl3814469
AFSDNFLWKVMVRB-UHFFFAOYSA-N	Chemical Probes Portal	rating_in_cell	0	0
AFSDNFLWKVMVRB-UHFFFAOYSA-N	Chemical Probes Portal	rating_in_organism	0	0
AFSDNFLWKVMVRB-UHFFFAOYSA-N	Chemical Probes Portal	rating_count	0	0
AFSDNFLWKVMVRB-UHFFFAOYSA-N	Chemical Probes Portal	unsuitable	0	Yes
AFSDNFLWKVMVRB-UHFFFAOYSA-N	Chemical Probes Portal	pains	0	Yes
AFSDNFLWKVMVRB-UHFFFAOYSA-N	Chemical Probes Portal	toxicophore	0	Yes
AFSDNFLWKVMVRB-UHFFFAOYSA-N	Chemical Probes Portal	published_date	0	2016-12-09
AFSDNFLWKVMVRB-UHFFFAOYSA-N	Chemical Probes Portal	canSAR_ID	0	1305685
AFSDNFLWKVMVRB-UHFFFAOYSA-N	Chemical Probes Portal	url	0	https://www.chemicalprobes.org/unsuitables/ellagic-acid
AYQYIBVVCJFCAE-KSEXSDGBSA-N	Chemical Probes Portal	rating_in_cell	0	0
AYQYIBVVCJFCAE-KSEXSDGBSA-N	Chemical Probes Portal	rating_in_organism	0	0
AYQYIBVVCJFCAE-KSEXSDGBSA-N	Chemical Probes Portal	rating_count	0	0
AYQYIBVVCJFCAE-KSEXSDGBSA-N	Chemical Probes Portal	unsuitable	0	Yes
AYQYIBVVCJFCAE-KSEXSDGBSA-N	Chemical Probes Portal	pains	0	Yes
AYQYIBVVCJFCAE-KSEXSDGBSA-N	Chemical Probes Portal	toxicophore	0	No
AYQYIBVVCJFCAE-KSEXSDGBSA-N	Chemical Probes Portal	published_date	0	2016-12-13
AYQYIBVVCJFCAE-KSEXSDGBSA-N	Chemical Probes Portal	canSAR_ID	0	654302
AYQYIBVVCJFCAE-KSEXSDGBSA-N	Chemical Probes Portal	url	0	https://www.chemicalprobes.org/unsuitables/c646
XHBVYDAKJHETMP-UHFFFAOYSA-N	Chemical Probes Portal	rating_in_cell	0	0
XHBVYDAKJHETMP-UHFFFAOYSA-N	Chemical Probes Portal	rating_in_organism	0	0
XHBVYDAKJHETMP-UHFFFAOYSA-N	Chemical Probes Portal	rating_count	0	0
XHBVYDAKJHETMP-UHFFFAOYSA-N	Chemical Probes Portal	unsuitable	0	Yes
XHBVYDAKJHETMP-UHFFFAOYSA-N	Chemical Probes Portal	pains	0	No
XHBVYDAKJHETMP-UHFFFAOYSA-N	Chemical Probes Portal	toxicophore	0	No
XHBVYDAKJHETMP-UHFFFAOYSA-N	Chemical Probes Portal	published_date	0	2016-12-15
XHBVYDAKJHETMP-UHFFFAOYSA-N	Chemical Probes Portal	canSAR_ID	0	252407
XHBVYDAKJHETMP-UHFFFAOYSA-N	Chemical Probes Portal	url	0	https://www.chemicalprobes.org/unsuitables/dorsomorphin
XSMSNFMDVXXHGJ-UHFFFAOYSA-N	Chemical Probes Portal	rating_in_cell	0	3.6666666666666665
XSMSNFMDVXXHGJ-UHFFFAOYSA-N	Chemical Probes Portal	rating_in_organism	0	3.3333333333333335
XSMSNFMDVXXHGJ-UHFFFAOYSA-N	Chemical Probes Portal	rating_count	0	3
XSMSNFMDVXXHGJ-UHFFFAOYSA-N	Chemical Probes Portal	unsuitable	0	No
XSMSNFMDVXXHGJ-UHFFFAOYSA-N	Chemical Probes Portal	pains	0	Yes
XSMSNFMDVXXHGJ-UHFFFAOYSA-N	Chemical Probes Portal	toxicophore	0	No
XSMSNFMDVXXHGJ-UHFFFAOYSA-N	Chemical Probes Portal	published_date	0	2021-02-17
XSMSNFMDVXXHGJ-UHFFFAOYSA-N	Chemical Probes Portal	canSAR_ID	0	390013
XSMSNFMDVXXHGJ-UHFFFAOYSA-N	Chemical Probes Portal	url	0	https://www.chemicalprobes.org/entospletinib
SHPFDGWALWEPGS-UHFFFAOYSA-N	Chemical Probes Portal	rating_in_cell	0	0
SHPFDGWALWEPGS-UHFFFAOYSA-N	Chemical Probes Portal	rating_in_organism	0	0
SHPFDGWALWEPGS-UHFFFAOYSA-N	Chemical Probes Portal	rating_count	0	0
SHPFDGWALWEPGS-UHFFFAOYSA-N	Chemical Probes Portal	unsuitable	0	Yes
SHPFDGWALWEPGS-UHFFFAOYSA-N	Chemical Probes Portal	pains	0	No
SHPFDGWALWEPGS-UHFFFAOYSA-N	Chemical Probes Portal	toxicophore	0	No
SHPFDGWALWEPGS-UHFFFAOYSA-N	Chemical Probes Portal	published_date	0	2017-03-02
SHPFDGWALWEPGS-UHFFFAOYSA-N	Chemical Probes Portal	canSAR_ID	0	592278
SHPFDGWALWEPGS-UHFFFAOYSA-N	Chemical Probes Portal	url	0	https://www.chemicalprobes.org/unsuitables/ki-20227
MLKHXLFEYOOYEY-NVNXTCNLSA-N	Chemical Probes Portal	rating_in_cell	0	0
MLKHXLFEYOOYEY-NVNXTCNLSA-N	Chemical Probes Portal	rating_in_organism	0	0
MLKHXLFEYOOYEY-NVNXTCNLSA-N	Chemical Probes Portal	rating_count	0	0
MLKHXLFEYOOYEY-NVNXTCNLSA-N	Chemical Probes Portal	unsuitable	0	Yes
MLKHXLFEYOOYEY-NVNXTCNLSA-N	Chemical Probes Portal	pains	0	Yes
MLKHXLFEYOOYEY-NVNXTCNLSA-N	Chemical Probes Portal	toxicophore	0	No
MLKHXLFEYOOYEY-NVNXTCNLSA-N	Chemical Probes Portal	published_date	0	2021-02-18
MLKHXLFEYOOYEY-NVNXTCNLSA-N	Chemical Probes Portal	canSAR_ID	0	1588377
MLKHXLFEYOOYEY-NVNXTCNLSA-N	Chemical Probes Portal	url	0	https://www.chemicalprobes.org/unsuitables/k00564a
FMETVQKSDIOGPX-UHFFFAOYSA-N	Chemical Probes Portal	rating_in_cell	0	0
FMETVQKSDIOGPX-UHFFFAOYSA-N	Chemical Probes Portal	rating_in_organism	0	0
FMETVQKSDIOGPX-UHFFFAOYSA-N	Chemical Probes Portal	rating_count	0	0
FMETVQKSDIOGPX-UHFFFAOYSA-N	Chemical Probes Portal	unsuitable	0	Yes
FMETVQKSDIOGPX-UHFFFAOYSA-N	Chemical Probes Portal	pains	0	No
FMETVQKSDIOGPX-UHFFFAOYSA-N	Chemical Probes Portal	toxicophore	0	No
FMETVQKSDIOGPX-UHFFFAOYSA-N	Chemical Probes Portal	published_date	0	2017-03-02
FMETVQKSDIOGPX-UHFFFAOYSA-N	Chemical Probes Portal	canSAR_ID	0	1889063
FMETVQKSDIOGPX-UHFFFAOYSA-N	Chemical Probes Portal	url	0	https://www.chemicalprobes.org/unsuitables/lck-inhibitor
SXOZSDJHGMAEGZ-IGKKHSBFSA-N	Chemical Probes Portal	rating_in_cell	0	0
SXOZSDJHGMAEGZ-IGKKHSBFSA-N	Chemical Probes Portal	rating_in_organism	0	0
SXOZSDJHGMAEGZ-IGKKHSBFSA-N	Chemical Probes Portal	rating_count	0	0
SXOZSDJHGMAEGZ-IGKKHSBFSA-N	Chemical Probes Portal	unsuitable	0	Yes
SXOZSDJHGMAEGZ-IGKKHSBFSA-N	Chemical Probes Portal	pains	0	No
SXOZSDJHGMAEGZ-IGKKHSBFSA-N	Chemical Probes Portal	toxicophore	0	No
SXOZSDJHGMAEGZ-IGKKHSBFSA-N	Chemical Probes Portal	published_date	0	2017-03-02
SXOZSDJHGMAEGZ-IGKKHSBFSA-N	Chemical Probes Portal	canSAR_ID	0	716875
SXOZSDJHGMAEGZ-IGKKHSBFSA-N	Chemical Probes Portal	url	0	https://www.chemicalprobes.org/unsuitables/sl0101
ISOCDPQFIXDIMS-HSZRJFAPSA-N	Chemical Probes Portal	rating_in_cell	0	2.3333333333333335
ISOCDPQFIXDIMS-HSZRJFAPSA-N	Chemical Probes Portal	rating_in_organism	0	2.6666666666666665
ISOCDPQFIXDIMS-HSZRJFAPSA-N	Chemical Probes Portal	rating_count	0	3
ISOCDPQFIXDIMS-HSZRJFAPSA-N	Chemical Probes Portal	unsuitable	0	No
ISOCDPQFIXDIMS-HSZRJFAPSA-N	Chemical Probes Portal	pains	0	Yes
ISOCDPQFIXDIMS-HSZRJFAPSA-N	Chemical Probes Portal	toxicophore	0	No
ISOCDPQFIXDIMS-HSZRJFAPSA-N	Chemical Probes Portal	published_date	0	2021-01-07
ISOCDPQFIXDIMS-HSZRJFAPSA-N	Chemical Probes Portal	canSAR_ID	0	524806
ISOCDPQFIXDIMS-HSZRJFAPSA-N	Chemical Probes Portal	url	0	https://www.chemicalprobes.org/xl019
BLQYVHBZHAISJM-CMDGGOBGSA-N	Chemical Probes Portal	rating_in_cell	0	0
BLQYVHBZHAISJM-CMDGGOBGSA-N	Chemical Probes Portal	rating_in_organism	0	0
BLQYVHBZHAISJM-CMDGGOBGSA-N	Chemical Probes Portal	rating_count	0	0
BLQYVHBZHAISJM-CMDGGOBGSA-N	Chemical Probes Portal	unsuitable	0	Yes
BLQYVHBZHAISJM-CMDGGOBGSA-N	Chemical Probes Portal	pains	0	No
BLQYVHBZHAISJM-CMDGGOBGSA-N	Chemical Probes Portal	toxicophore	0	No
BLQYVHBZHAISJM-CMDGGOBGSA-N	Chemical Probes Portal	published_date	0	2017-02-01
BLQYVHBZHAISJM-CMDGGOBGSA-N	Chemical Probes Portal	canSAR_ID	0	1907784
BLQYVHBZHAISJM-CMDGGOBGSA-N	Chemical Probes Portal	url	0	https://www.chemicalprobes.org/unsuitables/enmd-2076
CXQHYVUVSFXTMY-UHFFFAOYSA-N	Chemical Probes Portal	rating_in_cell	0	0
CXQHYVUVSFXTMY-UHFFFAOYSA-N	Chemical Probes Portal	rating_in_organism	0	0
CXQHYVUVSFXTMY-UHFFFAOYSA-N	Chemical Probes Portal	rating_count	0	0
CXQHYVUVSFXTMY-UHFFFAOYSA-N	Chemical Probes Portal	unsuitable	0	Yes
CXQHYVUVSFXTMY-UHFFFAOYSA-N	Chemical Probes Portal	pains	0	No
CXQHYVUVSFXTMY-UHFFFAOYSA-N	Chemical Probes Portal	toxicophore	0	No
CXQHYVUVSFXTMY-UHFFFAOYSA-N	Chemical Probes Portal	published_date	0	2017-02-01
CXQHYVUVSFXTMY-UHFFFAOYSA-N	Chemical Probes Portal	canSAR_ID	0	916365
CXQHYVUVSFXTMY-UHFFFAOYSA-N	Chemical Probes Portal	url	0	https://www.chemicalprobes.org/unsuitables/foretinib
XZXHXSATPCNXJR-UHFFFAOYSA-N	Chemical Probes Portal	rating_in_cell	0	0
XZXHXSATPCNXJR-UHFFFAOYSA-N	Chemical Probes Portal	rating_in_organism	0	0
XZXHXSATPCNXJR-UHFFFAOYSA-N	Chemical Probes Portal	rating_count	0	0
XZXHXSATPCNXJR-UHFFFAOYSA-N	Chemical Probes Portal	unsuitable	0	Yes
XZXHXSATPCNXJR-UHFFFAOYSA-N	Chemical Probes Portal	pains	0	No
XZXHXSATPCNXJR-UHFFFAOYSA-N	Chemical Probes Portal	toxicophore	0	Yes
XZXHXSATPCNXJR-UHFFFAOYSA-N	Chemical Probes Portal	published_date	0	2017-02-01
XZXHXSATPCNXJR-UHFFFAOYSA-N	Chemical Probes Portal	canSAR_ID	0	826661
XZXHXSATPCNXJR-UHFFFAOYSA-N	Chemical Probes Portal	url	0	https://www.chemicalprobes.org/unsuitables/ninetedanib
IFPPYSWJNWHOLQ-UHFFFAOYSA-N	Chemical Probes Portal	rating_in_cell	0	0
IFPPYSWJNWHOLQ-UHFFFAOYSA-N	Chemical Probes Portal	rating_in_organism	0	0
IFPPYSWJNWHOLQ-UHFFFAOYSA-N	Chemical Probes Portal	rating_count	0	0
IFPPYSWJNWHOLQ-UHFFFAOYSA-N	Chemical Probes Portal	unsuitable	0	Yes
IFPPYSWJNWHOLQ-UHFFFAOYSA-N	Chemical Probes Portal	pains	0	No
IFPPYSWJNWHOLQ-UHFFFAOYSA-N	Chemical Probes Portal	toxicophore	0	No
IFPPYSWJNWHOLQ-UHFFFAOYSA-N	Chemical Probes Portal	published_date	0	2017-02-01
IFPPYSWJNWHOLQ-UHFFFAOYSA-N	Chemical Probes Portal	canSAR_ID	0	614800
IFPPYSWJNWHOLQ-UHFFFAOYSA-N	Chemical Probes Portal	url	0	https://www.chemicalprobes.org/unsuitables/pd166285
ZBNZXTGUTAYRHI-UHFFFAOYSA-N	Chemical Probes Portal	rating_in_cell	0	0
ZBNZXTGUTAYRHI-UHFFFAOYSA-N	Chemical Probes Portal	rating_in_organism	0	0
ZBNZXTGUTAYRHI-UHFFFAOYSA-N	Chemical Probes Portal	rating_count	0	0
ZBNZXTGUTAYRHI-UHFFFAOYSA-N	Chemical Probes Portal	unsuitable	0	Yes
ZBNZXTGUTAYRHI-UHFFFAOYSA-N	Chemical Probes Portal	pains	0	No
ZBNZXTGUTAYRHI-UHFFFAOYSA-N	Chemical Probes Portal	toxicophore	0	No
ZBNZXTGUTAYRHI-UHFFFAOYSA-N	Chemical Probes Portal	published_date	0	2017-02-01
ZBNZXTGUTAYRHI-UHFFFAOYSA-N	Chemical Probes Portal	canSAR_ID	0	501089
ZBNZXTGUTAYRHI-UHFFFAOYSA-N	Chemical Probes Portal	url	0	https://www.chemicalprobes.org/unsuitables/dasatinib
GCIKSSRWRFVXBI-UHFFFAOYSA-N	Chemical Probes Portal	rating_in_cell	0	0
GCIKSSRWRFVXBI-UHFFFAOYSA-N	Chemical Probes Portal	rating_in_organism	0	0
GCIKSSRWRFVXBI-UHFFFAOYSA-N	Chemical Probes Portal	rating_count	0	0
GCIKSSRWRFVXBI-UHFFFAOYSA-N	Chemical Probes Portal	unsuitable	0	Yes
GCIKSSRWRFVXBI-UHFFFAOYSA-N	Chemical Probes Portal	pains	0	No
GCIKSSRWRFVXBI-UHFFFAOYSA-N	Chemical Probes Portal	toxicophore	0	No
GCIKSSRWRFVXBI-UHFFFAOYSA-N	Chemical Probes Portal	published_date	0	2017-02-01
GCIKSSRWRFVXBI-UHFFFAOYSA-N	Chemical Probes Portal	canSAR_ID	0	567748
GCIKSSRWRFVXBI-UHFFFAOYSA-N	Chemical Probes Portal	url	0	https://www.chemicalprobes.org/unsuitables/tozasertib
JJWMRRNGWSITSQ-UHFFFAOYSA-N	Chemical Probes Portal	rating_in_cell	0	0
JJWMRRNGWSITSQ-UHFFFAOYSA-N	Chemical Probes Portal	rating_in_organism	0	0
JJWMRRNGWSITSQ-UHFFFAOYSA-N	Chemical Probes Portal	rating_count	0	0
JJWMRRNGWSITSQ-UHFFFAOYSA-N	Chemical Probes Portal	unsuitable	0	Yes
JJWMRRNGWSITSQ-UHFFFAOYSA-N	Chemical Probes Portal	pains	0	No
JJWMRRNGWSITSQ-UHFFFAOYSA-N	Chemical Probes Portal	toxicophore	0	No
JJWMRRNGWSITSQ-UHFFFAOYSA-N	Chemical Probes Portal	published_date	0	2017-01-31
JJWMRRNGWSITSQ-UHFFFAOYSA-N	Chemical Probes Portal	canSAR_ID	0	1302916
JJWMRRNGWSITSQ-UHFFFAOYSA-N	Chemical Probes Portal	url	0	https://www.chemicalprobes.org/unsuitables/upf1069
HAYYBYPASCDWEQ-UHFFFAOYSA-N	Chemical Probes Portal	rating_in_cell	0	0
HAYYBYPASCDWEQ-UHFFFAOYSA-N	Chemical Probes Portal	rating_in_organism	0	0
HAYYBYPASCDWEQ-UHFFFAOYSA-N	Chemical Probes Portal	rating_count	0	0
HAYYBYPASCDWEQ-UHFFFAOYSA-N	Chemical Probes Portal	unsuitable	0	Yes
HAYYBYPASCDWEQ-UHFFFAOYSA-N	Chemical Probes Portal	pains	0	No
HAYYBYPASCDWEQ-UHFFFAOYSA-N	Chemical Probes Portal	toxicophore	0	No
HAYYBYPASCDWEQ-UHFFFAOYSA-N	Chemical Probes Portal	published_date	0	2017-02-01
HAYYBYPASCDWEQ-UHFFFAOYSA-N	Chemical Probes Portal	canSAR_ID	0	849266
HAYYBYPASCDWEQ-UHFFFAOYSA-N	Chemical Probes Portal	url	0	https://www.chemicalprobes.org/unsuitables/entrectinib
GKEYKDOLBLYGRB-LGMDPLHJSA-N	Chemical Probes Portal	rating_in_cell	0	0
GKEYKDOLBLYGRB-LGMDPLHJSA-N	Chemical Probes Portal	rating_in_organism	0	0
GKEYKDOLBLYGRB-LGMDPLHJSA-N	Chemical Probes Portal	rating_count	0	0
GKEYKDOLBLYGRB-LGMDPLHJSA-N	Chemical Probes Portal	unsuitable	0	Yes
GKEYKDOLBLYGRB-LGMDPLHJSA-N	Chemical Probes Portal	pains	0	No
GKEYKDOLBLYGRB-LGMDPLHJSA-N	Chemical Probes Portal	toxicophore	0	No
GKEYKDOLBLYGRB-LGMDPLHJSA-N	Chemical Probes Portal	published_date	0	2017-02-01
GKEYKDOLBLYGRB-LGMDPLHJSA-N	Chemical Probes Portal	canSAR_ID	0	265157
GKEYKDOLBLYGRB-LGMDPLHJSA-N	Chemical Probes Portal	url	0	https://www.chemicalprobes.org/unsuitables/famitinib
JLYAXFNOILIKPP-KXQOOQHDSA-N	Chemical Probes Portal	rating_in_cell	0	0
JLYAXFNOILIKPP-KXQOOQHDSA-N	Chemical Probes Portal	rating_in_organism	0	0
JLYAXFNOILIKPP-KXQOOQHDSA-N	Chemical Probes Portal	rating_count	0	0
JLYAXFNOILIKPP-KXQOOQHDSA-N	Chemical Probes Portal	unsuitable	0	Yes
JLYAXFNOILIKPP-KXQOOQHDSA-N	Chemical Probes Portal	pains	0	No
JLYAXFNOILIKPP-KXQOOQHDSA-N	Chemical Probes Portal	toxicophore	0	Yes
JLYAXFNOILIKPP-KXQOOQHDSA-N	Chemical Probes Portal	published_date	0	2017-01-31
JLYAXFNOILIKPP-KXQOOQHDSA-N	Chemical Probes Portal	canSAR_ID	0	997861
JLYAXFNOILIKPP-KXQOOQHDSA-N	Chemical Probes Portal	url	0	https://www.chemicalprobes.org/unsuitables/navitoclax
UQTPDWDAYHAZNT-AWEZNQCLSA-N	Chemical Probes Portal	rating_in_cell	0	0
UQTPDWDAYHAZNT-AWEZNQCLSA-N	Chemical Probes Portal	rating_in_organism	0	0
UQTPDWDAYHAZNT-AWEZNQCLSA-N	Chemical Probes Portal	rating_count	0	0
UQTPDWDAYHAZNT-AWEZNQCLSA-N	Chemical Probes Portal	unsuitable	0	Yes
UQTPDWDAYHAZNT-AWEZNQCLSA-N	Chemical Probes Portal	pains	0	No
UQTPDWDAYHAZNT-AWEZNQCLSA-N	Chemical Probes Portal	toxicophore	0	No
UQTPDWDAYHAZNT-AWEZNQCLSA-N	Chemical Probes Portal	published_date	0	2017-02-01
UQTPDWDAYHAZNT-AWEZNQCLSA-N	Chemical Probes Portal	canSAR_ID	0	147527
UQTPDWDAYHAZNT-AWEZNQCLSA-N	Chemical Probes Portal	url	0	https://www.chemicalprobes.org/unsuitables/ns-018
WVXNSAVVKYZVOE-UHFFFAOYSA-N	Chemical Probes Portal	rating_in_cell	0	0
WVXNSAVVKYZVOE-UHFFFAOYSA-N	Chemical Probes Portal	rating_in_organism	0	0
WVXNSAVVKYZVOE-UHFFFAOYSA-N	Chemical Probes Portal	rating_count	0	0
WVXNSAVVKYZVOE-UHFFFAOYSA-N	Chemical Probes Portal	unsuitable	0	Yes
WVXNSAVVKYZVOE-UHFFFAOYSA-N	Chemical Probes Portal	pains	0	No
WVXNSAVVKYZVOE-UHFFFAOYSA-N	Chemical Probes Portal	toxicophore	0	No
WVXNSAVVKYZVOE-UHFFFAOYSA-N	Chemical Probes Portal	published_date	0	2017-02-01
WVXNSAVVKYZVOE-UHFFFAOYSA-N	Chemical Probes Portal	canSAR_ID	0	848780
WVXNSAVVKYZVOE-UHFFFAOYSA-N	Chemical Probes Portal	url	0	https://www.chemicalprobes.org/unsuitables/rebastinib
MLDQJTXFUGDVEO-UHFFFAOYSA-N	Chemical Probes Portal	rating_in_cell	0	0
MLDQJTXFUGDVEO-UHFFFAOYSA-N	Chemical Probes Portal	rating_in_organism	0	0
MLDQJTXFUGDVEO-UHFFFAOYSA-N	Chemical Probes Portal	rating_count	0	0
MLDQJTXFUGDVEO-UHFFFAOYSA-N	Chemical Probes Portal	unsuitable	0	Yes
MLDQJTXFUGDVEO-UHFFFAOYSA-N	Chemical Probes Portal	pains	0	No
MLDQJTXFUGDVEO-UHFFFAOYSA-N	Chemical Probes Portal	toxicophore	0	No
MLDQJTXFUGDVEO-UHFFFAOYSA-N	Chemical Probes Portal	published_date	0	2017-02-01
MLDQJTXFUGDVEO-UHFFFAOYSA-N	Chemical Probes Portal	canSAR_ID	0	429624
MLDQJTXFUGDVEO-UHFFFAOYSA-N	Chemical Probes Portal	url	0	https://www.chemicalprobes.org/unsuitables/sorafenib
UYJZZVDLGDDTCL-UHFFFAOYSA-N	Chemical Probes Portal	rating_in_cell	0	0
UYJZZVDLGDDTCL-UHFFFAOYSA-N	Chemical Probes Portal	rating_in_organism	0	0
UYJZZVDLGDDTCL-UHFFFAOYSA-N	Chemical Probes Portal	rating_count	0	0
UYJZZVDLGDDTCL-UHFFFAOYSA-N	Chemical Probes Portal	unsuitable	0	Yes
UYJZZVDLGDDTCL-UHFFFAOYSA-N	Chemical Probes Portal	pains	0	No
UYJZZVDLGDDTCL-UHFFFAOYSA-N	Chemical Probes Portal	toxicophore	0	No
UYJZZVDLGDDTCL-UHFFFAOYSA-N	Chemical Probes Portal	published_date	0	2017-01-31
UYJZZVDLGDDTCL-UHFFFAOYSA-N	Chemical Probes Portal	canSAR_ID	0	1321633
UYJZZVDLGDDTCL-UHFFFAOYSA-N	Chemical Probes Portal	url	0	https://www.chemicalprobes.org/unsuitables/pj34
WVMANZPBOBRWCB-UHFFFAOYSA-N	Chemical Probes Portal	rating_in_cell	0	0
WVMANZPBOBRWCB-UHFFFAOYSA-N	Chemical Probes Portal	rating_in_organism	0	0
WVMANZPBOBRWCB-UHFFFAOYSA-N	Chemical Probes Portal	rating_count	0	0
WVMANZPBOBRWCB-UHFFFAOYSA-N	Chemical Probes Portal	unsuitable	0	Yes
WVMANZPBOBRWCB-UHFFFAOYSA-N	Chemical Probes Portal	pains	0	No
WVMANZPBOBRWCB-UHFFFAOYSA-N	Chemical Probes Portal	toxicophore	0	No
WVMANZPBOBRWCB-UHFFFAOYSA-N	Chemical Probes Portal	published_date	0	2017-02-01
WVMANZPBOBRWCB-UHFFFAOYSA-N	Chemical Probes Portal	canSAR_ID	0	1264460
WVMANZPBOBRWCB-UHFFFAOYSA-N	Chemical Probes Portal	url	0	https://www.chemicalprobes.org/unsuitables/aloisine
GZFYZYBWLCYBMI-MYZJJQSMSA-N	Chemical Probes Portal	rating_in_cell	0	2.6666666666666665
GZFYZYBWLCYBMI-MYZJJQSMSA-N	Chemical Probes Portal	rating_in_organism	0	2
GZFYZYBWLCYBMI-MYZJJQSMSA-N	Chemical Probes Portal	rating_count	0	3
GZFYZYBWLCYBMI-MYZJJQSMSA-N	Chemical Probes Portal	unsuitable	0	No
GZFYZYBWLCYBMI-MYZJJQSMSA-N	Chemical Probes Portal	pains	0	No
GZFYZYBWLCYBMI-MYZJJQSMSA-N	Chemical Probes Portal	toxicophore	0	Yes
GZFYZYBWLCYBMI-MYZJJQSMSA-N	Chemical Probes Portal	published_date	0	2020-11-26
GZFYZYBWLCYBMI-MYZJJQSMSA-N	Chemical Probes Portal	canSAR_ID	0	202015
GZFYZYBWLCYBMI-MYZJJQSMSA-N	Chemical Probes Portal	url	0	https://www.chemicalprobes.org/u18666a
QYPJBTMRYKRTFG-UHFFFAOYSA-N	Chemical Probes Portal	rating_in_cell	0	0
QYPJBTMRYKRTFG-UHFFFAOYSA-N	Chemical Probes Portal	rating_in_organism	0	0
QYPJBTMRYKRTFG-UHFFFAOYSA-N	Chemical Probes Portal	rating_count	0	0
QYPJBTMRYKRTFG-UHFFFAOYSA-N	Chemical Probes Portal	unsuitable	0	Yes
QYPJBTMRYKRTFG-UHFFFAOYSA-N	Chemical Probes Portal	pains	0	No
QYPJBTMRYKRTFG-UHFFFAOYSA-N	Chemical Probes Portal	toxicophore	0	No
QYPJBTMRYKRTFG-UHFFFAOYSA-N	Chemical Probes Portal	published_date	0	2017-03-13
QYPJBTMRYKRTFG-UHFFFAOYSA-N	Chemical Probes Portal	canSAR_ID	0	466403
QYPJBTMRYKRTFG-UHFFFAOYSA-N	Chemical Probes Portal	url	0	https://www.chemicalprobes.org/unsuitables/maritoclax
HHKGVQGXRGQBBA-UHFFFAOYSA-N	Chemical Probes Portal	rating_in_cell	0	2.6666666666666665
HHKGVQGXRGQBBA-UHFFFAOYSA-N	Chemical Probes Portal	rating_in_organism	0	2.6666666666666665
HHKGVQGXRGQBBA-UHFFFAOYSA-N	Chemical Probes Portal	rating_count	0	3
HHKGVQGXRGQBBA-UHFFFAOYSA-N	Chemical Probes Portal	unsuitable	0	No
HHKGVQGXRGQBBA-UHFFFAOYSA-N	Chemical Probes Portal	pains	0	No
HHKGVQGXRGQBBA-UHFFFAOYSA-N	Chemical Probes Portal	toxicophore	0	No
HHKGVQGXRGQBBA-UHFFFAOYSA-N	Chemical Probes Portal	published_date	0	2017-03-13
HHKGVQGXRGQBBA-UHFFFAOYSA-N	Chemical Probes Portal	canSAR_ID	0	886037
HHKGVQGXRGQBBA-UHFFFAOYSA-N	Chemical Probes Portal	url	0	https://www.chemicalprobes.org/2-mt-63
UUECJWRVDTUDCB-ISLYRVAYSA-N	Chemical Probes Portal	rating_in_cell	0	0
UUECJWRVDTUDCB-ISLYRVAYSA-N	Chemical Probes Portal	rating_in_organism	0	0
UUECJWRVDTUDCB-ISLYRVAYSA-N	Chemical Probes Portal	rating_count	0	0
UUECJWRVDTUDCB-ISLYRVAYSA-N	Chemical Probes Portal	unsuitable	0	Yes
UUECJWRVDTUDCB-ISLYRVAYSA-N	Chemical Probes Portal	pains	0	Yes
UUECJWRVDTUDCB-ISLYRVAYSA-N	Chemical Probes Portal	toxicophore	0	Yes
UUECJWRVDTUDCB-ISLYRVAYSA-N	Chemical Probes Portal	published_date	0	2017-03-07
UUECJWRVDTUDCB-ISLYRVAYSA-N	Chemical Probes Portal	canSAR_ID	0	1453644
UUECJWRVDTUDCB-ISLYRVAYSA-N	Chemical Probes Portal	url	0	https://www.chemicalprobes.org/unsuitables/ischemin
MDOJTZQKHMAPBK-UHFFFAOYSA-N	Chemical Probes Portal	rating_in_cell	0	0
MDOJTZQKHMAPBK-UHFFFAOYSA-N	Chemical Probes Portal	rating_in_organism	0	0
MDOJTZQKHMAPBK-UHFFFAOYSA-N	Chemical Probes Portal	rating_count	0	0
MDOJTZQKHMAPBK-UHFFFAOYSA-N	Chemical Probes Portal	unsuitable	0	Yes
MDOJTZQKHMAPBK-UHFFFAOYSA-N	Chemical Probes Portal	pains	0	No
MDOJTZQKHMAPBK-UHFFFAOYSA-N	Chemical Probes Portal	toxicophore	0	Yes
MDOJTZQKHMAPBK-UHFFFAOYSA-N	Chemical Probes Portal	published_date	0	2017-03-02
MDOJTZQKHMAPBK-UHFFFAOYSA-N	Chemical Probes Portal	canSAR_ID	0	24483
MDOJTZQKHMAPBK-UHFFFAOYSA-N	Chemical Probes Portal	url	0	https://www.chemicalprobes.org/unsuitables/iniparib
LLEJIEBFSOEYIV-UHFFFAOYSA-N	Chemical Probes Portal	rating_in_cell	0	0
LLEJIEBFSOEYIV-UHFFFAOYSA-N	Chemical Probes Portal	rating_in_organism	0	0
LLEJIEBFSOEYIV-UHFFFAOYSA-N	Chemical Probes Portal	rating_count	0	0
LLEJIEBFSOEYIV-UHFFFAOYSA-N	Chemical Probes Portal	unsuitable	0	Yes
LLEJIEBFSOEYIV-UHFFFAOYSA-N	Chemical Probes Portal	pains	0	No
LLEJIEBFSOEYIV-UHFFFAOYSA-N	Chemical Probes Portal	toxicophore	0	No
LLEJIEBFSOEYIV-UHFFFAOYSA-N	Chemical Probes Portal	published_date	0	2017-03-02
LLEJIEBFSOEYIV-UHFFFAOYSA-N	Chemical Probes Portal	canSAR_ID	0	1688064
LLEJIEBFSOEYIV-UHFFFAOYSA-N	Chemical Probes Portal	url	0	https://www.chemicalprobes.org/unsuitables/chelerythrine
PBJKWGWHZVXBGU-UHFFFAOYSA-N	Chemical Probes Portal	rating_in_cell	0	0
PBJKWGWHZVXBGU-UHFFFAOYSA-N	Chemical Probes Portal	rating_in_organism	0	0
PBJKWGWHZVXBGU-UHFFFAOYSA-N	Chemical Probes Portal	rating_count	0	0
PBJKWGWHZVXBGU-UHFFFAOYSA-N	Chemical Probes Portal	unsuitable	0	Yes
PBJKWGWHZVXBGU-UHFFFAOYSA-N	Chemical Probes Portal	pains	0	Yes
PBJKWGWHZVXBGU-UHFFFAOYSA-N	Chemical Probes Portal	toxicophore	0	Yes
PBJKWGWHZVXBGU-UHFFFAOYSA-N	Chemical Probes Portal	published_date	0	2017-03-02
PBJKWGWHZVXBGU-UHFFFAOYSA-N	Chemical Probes Portal	canSAR_ID	0	572876
PBJKWGWHZVXBGU-UHFFFAOYSA-N	Chemical Probes Portal	url	0	https://www.chemicalprobes.org/unsuitables/apogossypol
SXJDCULZDFWMJC-UHFFFAOYSA-N	Chemical Probes Portal	rating_in_cell	0	0
SXJDCULZDFWMJC-UHFFFAOYSA-N	Chemical Probes Portal	rating_in_organism	0	0
SXJDCULZDFWMJC-UHFFFAOYSA-N	Chemical Probes Portal	rating_count	0	0
SXJDCULZDFWMJC-UHFFFAOYSA-N	Chemical Probes Portal	unsuitable	0	Yes
SXJDCULZDFWMJC-UHFFFAOYSA-N	Chemical Probes Portal	pains	0	No
SXJDCULZDFWMJC-UHFFFAOYSA-N	Chemical Probes Portal	toxicophore	0	No
SXJDCULZDFWMJC-UHFFFAOYSA-N	Chemical Probes Portal	published_date	0	2017-03-02
SXJDCULZDFWMJC-UHFFFAOYSA-N	Chemical Probes Portal	canSAR_ID	0	1596359
SXJDCULZDFWMJC-UHFFFAOYSA-N	Chemical Probes Portal	url	0	https://www.chemicalprobes.org/unsuitables/ha14-1
HYTMVPCGCCQGST-JGUILPGDSA-N	Chemical Probes Portal	rating_in_cell	0	0
HYTMVPCGCCQGST-JGUILPGDSA-N	Chemical Probes Portal	rating_in_organism	0	0
HYTMVPCGCCQGST-JGUILPGDSA-N	Chemical Probes Portal	rating_count	0	0
HYTMVPCGCCQGST-JGUILPGDSA-N	Chemical Probes Portal	unsuitable	0	Yes
HYTMVPCGCCQGST-JGUILPGDSA-N	Chemical Probes Portal	pains	0	Yes
HYTMVPCGCCQGST-JGUILPGDSA-N	Chemical Probes Portal	toxicophore	0	Yes
HYTMVPCGCCQGST-JGUILPGDSA-N	Chemical Probes Portal	published_date	0	2017-03-02
HYTMVPCGCCQGST-JGUILPGDSA-N	Chemical Probes Portal	canSAR_ID	0	234445
HYTMVPCGCCQGST-JGUILPGDSA-N	Chemical Probes Portal	url	0	https://www.chemicalprobes.org/unsuitables/bxi-61
PQAPVTKIEGUPRN-UHFFFAOYSA-N	Chemical Probes Portal	rating_in_cell	0	0
PQAPVTKIEGUPRN-UHFFFAOYSA-N	Chemical Probes Portal	rating_in_organism	0	0
PQAPVTKIEGUPRN-UHFFFAOYSA-N	Chemical Probes Portal	rating_count	0	0
PQAPVTKIEGUPRN-UHFFFAOYSA-N	Chemical Probes Portal	unsuitable	0	Yes
PQAPVTKIEGUPRN-UHFFFAOYSA-N	Chemical Probes Portal	pains	0	Yes
PQAPVTKIEGUPRN-UHFFFAOYSA-N	Chemical Probes Portal	toxicophore	0	Yes
PQAPVTKIEGUPRN-UHFFFAOYSA-N	Chemical Probes Portal	published_date	0	2017-03-02
PQAPVTKIEGUPRN-UHFFFAOYSA-N	Chemical Probes Portal	canSAR_ID	0	839902
PQAPVTKIEGUPRN-UHFFFAOYSA-N	Chemical Probes Portal	url	0	https://www.chemicalprobes.org/unsuitables/tw37
WUGANDSUVKXMEC-UHFFFAOYSA-N	Chemical Probes Portal	rating_in_cell	0	0
WUGANDSUVKXMEC-UHFFFAOYSA-N	Chemical Probes Portal	rating_in_organism	0	0
WUGANDSUVKXMEC-UHFFFAOYSA-N	Chemical Probes Portal	rating_count	0	0
WUGANDSUVKXMEC-UHFFFAOYSA-N	Chemical Probes Portal	unsuitable	0	Yes
WUGANDSUVKXMEC-UHFFFAOYSA-N	Chemical Probes Portal	pains	0	Yes
WUGANDSUVKXMEC-UHFFFAOYSA-N	Chemical Probes Portal	toxicophore	0	No
WUGANDSUVKXMEC-UHFFFAOYSA-N	Chemical Probes Portal	published_date	0	2017-03-02
WUGANDSUVKXMEC-UHFFFAOYSA-N	Chemical Probes Portal	canSAR_ID	0	1829299
WUGANDSUVKXMEC-UHFFFAOYSA-N	Chemical Probes Portal	url	0	https://www.chemicalprobes.org/unsuitables/umi-77
YPSXFMHXRZAGTG-UHFFFAOYSA-N	Chemical Probes Portal	rating_in_cell	0	0
YPSXFMHXRZAGTG-UHFFFAOYSA-N	Chemical Probes Portal	rating_in_organism	0	0
YPSXFMHXRZAGTG-UHFFFAOYSA-N	Chemical Probes Portal	rating_count	0	0
YPSXFMHXRZAGTG-UHFFFAOYSA-N	Chemical Probes Portal	unsuitable	0	Yes
YPSXFMHXRZAGTG-UHFFFAOYSA-N	Chemical Probes Portal	pains	0	No
YPSXFMHXRZAGTG-UHFFFAOYSA-N	Chemical Probes Portal	toxicophore	0	Yes
YPSXFMHXRZAGTG-UHFFFAOYSA-N	Chemical Probes Portal	published_date	0	2017-03-02
YPSXFMHXRZAGTG-UHFFFAOYSA-N	Chemical Probes Portal	canSAR_ID	0	3312891
YPSXFMHXRZAGTG-UHFFFAOYSA-N	Chemical Probes Portal	url	0	https://www.chemicalprobes.org/unsuitables/bcl-2-inhibitor
ILMNSCQOSGKTNZ-NKWVEPMBSA-N	Chemical Probes Portal	rating_in_cell	0	0
ILMNSCQOSGKTNZ-NKWVEPMBSA-N	Chemical Probes Portal	rating_in_organism	0	0
ILMNSCQOSGKTNZ-NKWVEPMBSA-N	Chemical Probes Portal	rating_count	0	0
ILMNSCQOSGKTNZ-NKWVEPMBSA-N	Chemical Probes Portal	unsuitable	0	Yes
ILMNSCQOSGKTNZ-NKWVEPMBSA-N	Chemical Probes Portal	pains	0	No
ILMNSCQOSGKTNZ-NKWVEPMBSA-N	Chemical Probes Portal	toxicophore	0	Yes
ILMNSCQOSGKTNZ-NKWVEPMBSA-N	Chemical Probes Portal	published_date	0	2017-03-07
ILMNSCQOSGKTNZ-NKWVEPMBSA-N	Chemical Probes Portal	canSAR_ID	0	1146558
ILMNSCQOSGKTNZ-NKWVEPMBSA-N	Chemical Probes Portal	url	0	https://www.chemicalprobes.org/unsuitables/adenosine-dialdehyde
NAWIFPQLACUTSO-MXGDDHKLSA-N	Chemical Probes Portal	rating_in_cell	0	0
NAWIFPQLACUTSO-MXGDDHKLSA-N	Chemical Probes Portal	rating_in_organism	0	0
NAWIFPQLACUTSO-MXGDDHKLSA-N	Chemical Probes Portal	rating_count	0	0
NAWIFPQLACUTSO-MXGDDHKLSA-N	Chemical Probes Portal	unsuitable	0	Yes
NAWIFPQLACUTSO-MXGDDHKLSA-N	Chemical Probes Portal	pains	0	No
NAWIFPQLACUTSO-MXGDDHKLSA-N	Chemical Probes Portal	toxicophore	0	Yes
NAWIFPQLACUTSO-MXGDDHKLSA-N	Chemical Probes Portal	published_date	0	2017-03-07
NAWIFPQLACUTSO-MXGDDHKLSA-N	Chemical Probes Portal	canSAR_ID	0	1144457
NAWIFPQLACUTSO-MXGDDHKLSA-N	Chemical Probes Portal	url	0	https://www.chemicalprobes.org/unsuitables/mdl-28842
MUJOCHRZXRZONW-FOCLMDBBSA-N	Chemical Probes Portal	rating_in_cell	0	0
MUJOCHRZXRZONW-FOCLMDBBSA-N	Chemical Probes Portal	rating_in_organism	0	0
MUJOCHRZXRZONW-FOCLMDBBSA-N	Chemical Probes Portal	rating_count	0	0
MUJOCHRZXRZONW-FOCLMDBBSA-N	Chemical Probes Portal	unsuitable	0	Yes
MUJOCHRZXRZONW-FOCLMDBBSA-N	Chemical Probes Portal	pains	0	No
MUJOCHRZXRZONW-FOCLMDBBSA-N	Chemical Probes Portal	toxicophore	0	Yes
MUJOCHRZXRZONW-FOCLMDBBSA-N	Chemical Probes Portal	published_date	0	2017-03-07
MUJOCHRZXRZONW-FOCLMDBBSA-N	Chemical Probes Portal	canSAR_ID	0	719521
MUJOCHRZXRZONW-FOCLMDBBSA-N	Chemical Probes Portal	url	0	https://www.chemicalprobes.org/unsuitables/methylstat
AELCINSCMGFISI-DTWKUNHWSA-N	Chemical Probes Portal	rating_in_cell	0	0
AELCINSCMGFISI-DTWKUNHWSA-N	Chemical Probes Portal	rating_in_organism	0	0
AELCINSCMGFISI-DTWKUNHWSA-N	Chemical Probes Portal	rating_count	0	0
AELCINSCMGFISI-DTWKUNHWSA-N	Chemical Probes Portal	unsuitable	0	Yes
AELCINSCMGFISI-DTWKUNHWSA-N	Chemical Probes Portal	pains	0	No
AELCINSCMGFISI-DTWKUNHWSA-N	Chemical Probes Portal	toxicophore	0	No
AELCINSCMGFISI-DTWKUNHWSA-N	Chemical Probes Portal	published_date	0	2017-03-07
AELCINSCMGFISI-DTWKUNHWSA-N	Chemical Probes Portal	canSAR_ID	0	45808
AELCINSCMGFISI-DTWKUNHWSA-N	Chemical Probes Portal	url	0	https://www.chemicalprobes.org/unsuitables/tranylcypromine
ZJZCTCNQTXBBFZ-PLMZOXRSSA-N	Chemical Probes Portal	rating_in_cell	0	0
ZJZCTCNQTXBBFZ-PLMZOXRSSA-N	Chemical Probes Portal	rating_in_organism	0	0
ZJZCTCNQTXBBFZ-PLMZOXRSSA-N	Chemical Probes Portal	rating_count	0	0
ZJZCTCNQTXBBFZ-PLMZOXRSSA-N	Chemical Probes Portal	unsuitable	0	Yes
ZJZCTCNQTXBBFZ-PLMZOXRSSA-N	Chemical Probes Portal	pains	0	No
ZJZCTCNQTXBBFZ-PLMZOXRSSA-N	Chemical Probes Portal	toxicophore	0	Yes
ZJZCTCNQTXBBFZ-PLMZOXRSSA-N	Chemical Probes Portal	published_date	0	2017-03-07
ZJZCTCNQTXBBFZ-PLMZOXRSSA-N	Chemical Probes Portal	canSAR_ID	0	3312903
ZJZCTCNQTXBBFZ-PLMZOXRSSA-N	Chemical Probes Portal	url	0	https://www.chemicalprobes.org/unsuitables/mb-3
YGSDEFSMJLZEOE-UHFFFAOYSA-M	Chemical Probes Portal	rating_in_cell	0	0
YGSDEFSMJLZEOE-UHFFFAOYSA-M	Chemical Probes Portal	rating_in_organism	0	0
YGSDEFSMJLZEOE-UHFFFAOYSA-M	Chemical Probes Portal	rating_count	0	0
YGSDEFSMJLZEOE-UHFFFAOYSA-M	Chemical Probes Portal	unsuitable	0	Yes
YGSDEFSMJLZEOE-UHFFFAOYSA-M	Chemical Probes Portal	pains	0	No
YGSDEFSMJLZEOE-UHFFFAOYSA-M	Chemical Probes Portal	toxicophore	0	No
YGSDEFSMJLZEOE-UHFFFAOYSA-M	Chemical Probes Portal	published_date	0	2017-03-07
YGSDEFSMJLZEOE-UHFFFAOYSA-M	Chemical Probes Portal	canSAR_ID	0	2880280
YGSDEFSMJLZEOE-UHFFFAOYSA-M	Chemical Probes Portal	url	0	https://www.chemicalprobes.org/unsuitables/salicylate
JAXSELKSZJMFSA-UHFFFAOYSA-N	Chemical Probes Portal	rating_in_cell	0	0
JAXSELKSZJMFSA-UHFFFAOYSA-N	Chemical Probes Portal	rating_in_organism	0	0
JAXSELKSZJMFSA-UHFFFAOYSA-N	Chemical Probes Portal	rating_count	0	0
JAXSELKSZJMFSA-UHFFFAOYSA-N	Chemical Probes Portal	unsuitable	0	Yes
JAXSELKSZJMFSA-UHFFFAOYSA-N	Chemical Probes Portal	pains	0	No
JAXSELKSZJMFSA-UHFFFAOYSA-N	Chemical Probes Portal	toxicophore	0	No
JAXSELKSZJMFSA-UHFFFAOYSA-N	Chemical Probes Portal	published_date	0	2017-03-07
JAXSELKSZJMFSA-UHFFFAOYSA-N	Chemical Probes Portal	canSAR_ID	0	3312911
JAXSELKSZJMFSA-UHFFFAOYSA-N	Chemical Probes Portal	url	0	https://www.chemicalprobes.org/unsuitables/apha
PAWIYAYFNXQGAP-UHFFFAOYSA-N	Chemical Probes Portal	rating_in_cell	0	0
PAWIYAYFNXQGAP-UHFFFAOYSA-N	Chemical Probes Portal	rating_in_organism	0	0
PAWIYAYFNXQGAP-UHFFFAOYSA-N	Chemical Probes Portal	rating_count	0	0
PAWIYAYFNXQGAP-UHFFFAOYSA-N	Chemical Probes Portal	unsuitable	0	Yes
PAWIYAYFNXQGAP-UHFFFAOYSA-N	Chemical Probes Portal	pains	0	No
PAWIYAYFNXQGAP-UHFFFAOYSA-N	Chemical Probes Portal	toxicophore	0	Yes
PAWIYAYFNXQGAP-UHFFFAOYSA-N	Chemical Probes Portal	published_date	0	2017-03-07
PAWIYAYFNXQGAP-UHFFFAOYSA-N	Chemical Probes Portal	canSAR_ID	0	256735
PAWIYAYFNXQGAP-UHFFFAOYSA-N	Chemical Probes Portal	url	0	https://www.chemicalprobes.org/unsuitables/quisinostat
FPOHNWQLNRZRFC-ZHACJKMWSA-N	Chemical Probes Portal	rating_in_cell	0	0
FPOHNWQLNRZRFC-ZHACJKMWSA-N	Chemical Probes Portal	rating_in_organism	0	0
FPOHNWQLNRZRFC-ZHACJKMWSA-N	Chemical Probes Portal	rating_count	0	0
FPOHNWQLNRZRFC-ZHACJKMWSA-N	Chemical Probes Portal	unsuitable	0	Yes
FPOHNWQLNRZRFC-ZHACJKMWSA-N	Chemical Probes Portal	pains	0	Yes
FPOHNWQLNRZRFC-ZHACJKMWSA-N	Chemical Probes Portal	toxicophore	0	Yes
FPOHNWQLNRZRFC-ZHACJKMWSA-N	Chemical Probes Portal	published_date	0	2017-03-07
FPOHNWQLNRZRFC-ZHACJKMWSA-N	Chemical Probes Portal	canSAR_ID	0	1710013
FPOHNWQLNRZRFC-ZHACJKMWSA-N	Chemical Probes Portal	url	0	https://www.chemicalprobes.org/unsuitables/panobinostat
KGDMFBRXTHKRPA-GRCJMCHGSA-N	Chemical Probes Portal	rating_in_cell	0	0
KGDMFBRXTHKRPA-GRCJMCHGSA-N	Chemical Probes Portal	rating_in_organism	0	0
KGDMFBRXTHKRPA-GRCJMCHGSA-N	Chemical Probes Portal	rating_count	0	0
KGDMFBRXTHKRPA-GRCJMCHGSA-N	Chemical Probes Portal	unsuitable	0	Yes
KGDMFBRXTHKRPA-GRCJMCHGSA-N	Chemical Probes Portal	pains	0	Yes
KGDMFBRXTHKRPA-GRCJMCHGSA-N	Chemical Probes Portal	toxicophore	0	Yes
KGDMFBRXTHKRPA-GRCJMCHGSA-N	Chemical Probes Portal	published_date	0	2017-03-07
KGDMFBRXTHKRPA-GRCJMCHGSA-N	Chemical Probes Portal	canSAR_ID	0	1718170
KGDMFBRXTHKRPA-GRCJMCHGSA-N	Chemical Probes Portal	url	0	https://www.chemicalprobes.org/unsuitables/pandacostat
PTJGLFIIZFVFJV-UHFFFAOYSA-N	Chemical Probes Portal	rating_in_cell	0	0
PTJGLFIIZFVFJV-UHFFFAOYSA-N	Chemical Probes Portal	rating_in_organism	0	0
PTJGLFIIZFVFJV-UHFFFAOYSA-N	Chemical Probes Portal	rating_count	0	0
PTJGLFIIZFVFJV-UHFFFAOYSA-N	Chemical Probes Portal	unsuitable	0	Yes
PTJGLFIIZFVFJV-UHFFFAOYSA-N	Chemical Probes Portal	pains	0	No
PTJGLFIIZFVFJV-UHFFFAOYSA-N	Chemical Probes Portal	toxicophore	0	Yes
PTJGLFIIZFVFJV-UHFFFAOYSA-N	Chemical Probes Portal	published_date	0	2017-03-07
PTJGLFIIZFVFJV-UHFFFAOYSA-N	Chemical Probes Portal	canSAR_ID	0	1123828
PTJGLFIIZFVFJV-UHFFFAOYSA-N	Chemical Probes Portal	url	0	https://www.chemicalprobes.org/unsuitables/pyroxamide
MUTBJZVSRNUIHA-UHFFFAOYSA-N	Chemical Probes Portal	rating_in_cell	0	0
MUTBJZVSRNUIHA-UHFFFAOYSA-N	Chemical Probes Portal	rating_in_organism	0	0
MUTBJZVSRNUIHA-UHFFFAOYSA-N	Chemical Probes Portal	rating_count	0	0
MUTBJZVSRNUIHA-UHFFFAOYSA-N	Chemical Probes Portal	unsuitable	0	Yes
MUTBJZVSRNUIHA-UHFFFAOYSA-N	Chemical Probes Portal	pains	0	No
MUTBJZVSRNUIHA-UHFFFAOYSA-N	Chemical Probes Portal	toxicophore	0	Yes
MUTBJZVSRNUIHA-UHFFFAOYSA-N	Chemical Probes Portal	published_date	0	2017-03-07
MUTBJZVSRNUIHA-UHFFFAOYSA-N	Chemical Probes Portal	canSAR_ID	0	169499
MUTBJZVSRNUIHA-UHFFFAOYSA-N	Chemical Probes Portal	url	0	https://www.chemicalprobes.org/unsuitables/r306465
IDQPVOFTURLJPT-UHFFFAOYSA-N	Chemical Probes Portal	rating_in_cell	0	0
IDQPVOFTURLJPT-UHFFFAOYSA-N	Chemical Probes Portal	rating_in_organism	0	0
IDQPVOFTURLJPT-UHFFFAOYSA-N	Chemical Probes Portal	rating_count	0	0
IDQPVOFTURLJPT-UHFFFAOYSA-N	Chemical Probes Portal	unsuitable	0	Yes
IDQPVOFTURLJPT-UHFFFAOYSA-N	Chemical Probes Portal	pains	0	No
IDQPVOFTURLJPT-UHFFFAOYSA-N	Chemical Probes Portal	toxicophore	0	Yes
IDQPVOFTURLJPT-UHFFFAOYSA-N	Chemical Probes Portal	published_date	0	2017-03-07
IDQPVOFTURLJPT-UHFFFAOYSA-N	Chemical Probes Portal	canSAR_ID	0	30287
IDQPVOFTURLJPT-UHFFFAOYSA-N	Chemical Probes Portal	url	0	https://www.chemicalprobes.org/unsuitables/sbha
GYKLFBYWXZYSOW-UHFFFAOYSA-N	Chemical Probes Portal	rating_in_cell	0	0
GYKLFBYWXZYSOW-UHFFFAOYSA-N	Chemical Probes Portal	rating_in_organism	0	0
GYKLFBYWXZYSOW-UHFFFAOYSA-N	Chemical Probes Portal	rating_count	0	0
GYKLFBYWXZYSOW-UHFFFAOYSA-N	Chemical Probes Portal	unsuitable	0	Yes
GYKLFBYWXZYSOW-UHFFFAOYSA-N	Chemical Probes Portal	pains	0	No
GYKLFBYWXZYSOW-UHFFFAOYSA-N	Chemical Probes Portal	toxicophore	0	Yes
GYKLFBYWXZYSOW-UHFFFAOYSA-N	Chemical Probes Portal	published_date	0	2017-03-07
GYKLFBYWXZYSOW-UHFFFAOYSA-N	Chemical Probes Portal	canSAR_ID	0	28056
GYKLFBYWXZYSOW-UHFFFAOYSA-N	Chemical Probes Portal	url	0	https://www.chemicalprobes.org/unsuitables/pivanex
LTUGYAOMCKNTGG-UHFFFAOYSA-N	Chemical Probes Portal	rating_in_cell	0	2.3333333333333335
LTUGYAOMCKNTGG-UHFFFAOYSA-N	Chemical Probes Portal	rating_in_organism	0	0
LTUGYAOMCKNTGG-UHFFFAOYSA-N	Chemical Probes Portal	rating_count	0	3
LTUGYAOMCKNTGG-UHFFFAOYSA-N	Chemical Probes Portal	unsuitable	0	No
LTUGYAOMCKNTGG-UHFFFAOYSA-N	Chemical Probes Portal	pains	0	No
LTUGYAOMCKNTGG-UHFFFAOYSA-N	Chemical Probes Portal	toxicophore	0	No
LTUGYAOMCKNTGG-UHFFFAOYSA-N	Chemical Probes Portal	published_date	0	2017-04-04
LTUGYAOMCKNTGG-UHFFFAOYSA-N	Chemical Probes Portal	canSAR_ID	0	190291
LTUGYAOMCKNTGG-UHFFFAOYSA-N	Chemical Probes Portal	url	0	https://www.chemicalprobes.org/gsk-5959
MIGJEXKBUJPKJF-UHFFFAOYSA-N	Chemical Probes Portal	rating_in_cell	0	0
MIGJEXKBUJPKJF-UHFFFAOYSA-N	Chemical Probes Portal	rating_in_organism	0	0
MIGJEXKBUJPKJF-UHFFFAOYSA-N	Chemical Probes Portal	rating_count	0	0
MIGJEXKBUJPKJF-UHFFFAOYSA-N	Chemical Probes Portal	unsuitable	0	Yes
MIGJEXKBUJPKJF-UHFFFAOYSA-N	Chemical Probes Portal	pains	0	No
MIGJEXKBUJPKJF-UHFFFAOYSA-N	Chemical Probes Portal	toxicophore	0	No
MIGJEXKBUJPKJF-UHFFFAOYSA-N	Chemical Probes Portal	published_date	0	2017-04-04
MIGJEXKBUJPKJF-UHFFFAOYSA-N	Chemical Probes Portal	canSAR_ID	0	1119325
MIGJEXKBUJPKJF-UHFFFAOYSA-N	Chemical Probes Portal	url	0	https://www.chemicalprobes.org/unsuitables/ms7972
RFTSSZJZXOSICM-GRSHGNNSSA-N	Chemical Probes Portal	rating_in_cell	0	0
RFTSSZJZXOSICM-GRSHGNNSSA-N	Chemical Probes Portal	rating_in_organism	0	0
RFTSSZJZXOSICM-GRSHGNNSSA-N	Chemical Probes Portal	rating_count	0	0
RFTSSZJZXOSICM-GRSHGNNSSA-N	Chemical Probes Portal	unsuitable	0	Yes
RFTSSZJZXOSICM-GRSHGNNSSA-N	Chemical Probes Portal	pains	0	No
RFTSSZJZXOSICM-GRSHGNNSSA-N	Chemical Probes Portal	toxicophore	0	No
RFTSSZJZXOSICM-GRSHGNNSSA-N	Chemical Probes Portal	published_date	0	2017-03-02
RFTSSZJZXOSICM-GRSHGNNSSA-N	Chemical Probes Portal	canSAR_ID	0	1500972
RFTSSZJZXOSICM-GRSHGNNSSA-N	Chemical Probes Portal	url	0	https://www.chemicalprobes.org/unsuitables/obatoclax
QBKSWRVVCFFDOT-UHFFFAOYSA-N	Chemical Probes Portal	rating_in_cell	0	0
QBKSWRVVCFFDOT-UHFFFAOYSA-N	Chemical Probes Portal	rating_in_organism	0	0
QBKSWRVVCFFDOT-UHFFFAOYSA-N	Chemical Probes Portal	rating_count	0	0
QBKSWRVVCFFDOT-UHFFFAOYSA-N	Chemical Probes Portal	unsuitable	0	Yes
QBKSWRVVCFFDOT-UHFFFAOYSA-N	Chemical Probes Portal	pains	0	Yes
QBKSWRVVCFFDOT-UHFFFAOYSA-N	Chemical Probes Portal	toxicophore	0	Yes
QBKSWRVVCFFDOT-UHFFFAOYSA-N	Chemical Probes Portal	published_date	0	2017-03-02
QBKSWRVVCFFDOT-UHFFFAOYSA-N	Chemical Probes Portal	canSAR_ID	0	754444
QBKSWRVVCFFDOT-UHFFFAOYSA-N	Chemical Probes Portal	url	0	https://www.chemicalprobes.org/unsuitables/gossypol
KLDXJTOLSGUMSJ-JGWLITMVSA-N	Chemical Probes Portal	rating_in_cell	0	0
KLDXJTOLSGUMSJ-JGWLITMVSA-N	Chemical Probes Portal	rating_in_organism	0	0
KLDXJTOLSGUMSJ-JGWLITMVSA-N	Chemical Probes Portal	rating_count	0	0
KLDXJTOLSGUMSJ-JGWLITMVSA-N	Chemical Probes Portal	unsuitable	0	Yes
KLDXJTOLSGUMSJ-JGWLITMVSA-N	Chemical Probes Portal	pains	0	No
KLDXJTOLSGUMSJ-JGWLITMVSA-N	Chemical Probes Portal	toxicophore	0	No
KLDXJTOLSGUMSJ-JGWLITMVSA-N	Chemical Probes Portal	published_date	0	2017-03-02
KLDXJTOLSGUMSJ-JGWLITMVSA-N	Chemical Probes Portal	canSAR_ID	0	56967
KLDXJTOLSGUMSJ-JGWLITMVSA-N	Chemical Probes Portal	url	0	https://www.chemicalprobes.org/unsuitables/101
UIFFUZWRFRDZJC-SBOOETFBSA-N	Chemical Probes Portal	rating_in_cell	0	0
UIFFUZWRFRDZJC-SBOOETFBSA-N	Chemical Probes Portal	rating_in_organism	0	0
UIFFUZWRFRDZJC-SBOOETFBSA-N	Chemical Probes Portal	rating_count	0	0
UIFFUZWRFRDZJC-SBOOETFBSA-N	Chemical Probes Portal	unsuitable	0	Yes
UIFFUZWRFRDZJC-SBOOETFBSA-N	Chemical Probes Portal	pains	0	No
UIFFUZWRFRDZJC-SBOOETFBSA-N	Chemical Probes Portal	toxicophore	0	Yes
UIFFUZWRFRDZJC-SBOOETFBSA-N	Chemical Probes Portal	published_date	0	2017-03-02
UIFFUZWRFRDZJC-SBOOETFBSA-N	Chemical Probes Portal	canSAR_ID	0	793808
UIFFUZWRFRDZJC-SBOOETFBSA-N	Chemical Probes Portal	url	0	https://www.chemicalprobes.org/unsuitables/antimycin
PRDFBSVERLRRMY-UHFFFAOYSA-N	Chemical Probes Portal	rating_in_cell	0	0
PRDFBSVERLRRMY-UHFFFAOYSA-N	Chemical Probes Portal	rating_in_organism	0	0
PRDFBSVERLRRMY-UHFFFAOYSA-N	Chemical Probes Portal	rating_count	0	0
PRDFBSVERLRRMY-UHFFFAOYSA-N	Chemical Probes Portal	unsuitable	0	Yes
PRDFBSVERLRRMY-UHFFFAOYSA-N	Chemical Probes Portal	pains	0	No
PRDFBSVERLRRMY-UHFFFAOYSA-N	Chemical Probes Portal	toxicophore	0	No
PRDFBSVERLRRMY-UHFFFAOYSA-N	Chemical Probes Portal	published_date	0	2017-03-02
PRDFBSVERLRRMY-UHFFFAOYSA-N	Chemical Probes Portal	canSAR_ID	0	565476
PRDFBSVERLRRMY-UHFFFAOYSA-N	Chemical Probes Portal	url	0	https://www.chemicalprobes.org/unsuitables/bxi-72
RGGFUBMUOVFZEF-LDRVEFRDSA-N	Chemical Probes Portal	rating_in_cell	0	0
RGGFUBMUOVFZEF-LDRVEFRDSA-N	Chemical Probes Portal	rating_in_organism	0	0
RGGFUBMUOVFZEF-LDRVEFRDSA-N	Chemical Probes Portal	rating_count	0	0
RGGFUBMUOVFZEF-LDRVEFRDSA-N	Chemical Probes Portal	unsuitable	0	Yes
RGGFUBMUOVFZEF-LDRVEFRDSA-N	Chemical Probes Portal	pains	0	Yes
RGGFUBMUOVFZEF-LDRVEFRDSA-N	Chemical Probes Portal	toxicophore	0	Yes
RGGFUBMUOVFZEF-LDRVEFRDSA-N	Chemical Probes Portal	published_date	0	2017-03-02
RGGFUBMUOVFZEF-LDRVEFRDSA-N	Chemical Probes Portal	canSAR_ID	0	1556735
RGGFUBMUOVFZEF-LDRVEFRDSA-N	Chemical Probes Portal	url	0	https://www.chemicalprobes.org/unsuitables/mim1
COHIEJLWRGREHV-XFFZJAGNSA-N	Chemical Probes Portal	rating_in_cell	0	0
COHIEJLWRGREHV-XFFZJAGNSA-N	Chemical Probes Portal	rating_in_organism	0	0
COHIEJLWRGREHV-XFFZJAGNSA-N	Chemical Probes Portal	rating_count	0	0
COHIEJLWRGREHV-XFFZJAGNSA-N	Chemical Probes Portal	unsuitable	0	Yes
COHIEJLWRGREHV-XFFZJAGNSA-N	Chemical Probes Portal	pains	0	Yes
COHIEJLWRGREHV-XFFZJAGNSA-N	Chemical Probes Portal	toxicophore	0	Yes
COHIEJLWRGREHV-XFFZJAGNSA-N	Chemical Probes Portal	published_date	0	2017-03-02
COHIEJLWRGREHV-XFFZJAGNSA-N	Chemical Probes Portal	canSAR_ID	0	1320297
COHIEJLWRGREHV-XFFZJAGNSA-N	Chemical Probes Portal	url	0	https://www.chemicalprobes.org/unsuitables/bh3i-1
YUYJEQHNWKQNBT-UHFFFAOYSA-N	Chemical Probes Portal	rating_in_cell	0	0
YUYJEQHNWKQNBT-UHFFFAOYSA-N	Chemical Probes Portal	rating_in_organism	0	0
YUYJEQHNWKQNBT-UHFFFAOYSA-N	Chemical Probes Portal	rating_count	0	0
YUYJEQHNWKQNBT-UHFFFAOYSA-N	Chemical Probes Portal	unsuitable	0	Yes
YUYJEQHNWKQNBT-UHFFFAOYSA-N	Chemical Probes Portal	pains	0	No
YUYJEQHNWKQNBT-UHFFFAOYSA-N	Chemical Probes Portal	toxicophore	0	No
YUYJEQHNWKQNBT-UHFFFAOYSA-N	Chemical Probes Portal	published_date	0	2017-03-02
YUYJEQHNWKQNBT-UHFFFAOYSA-N	Chemical Probes Portal	canSAR_ID	0	1868394
YUYJEQHNWKQNBT-UHFFFAOYSA-N	Chemical Probes Portal	url	0	https://www.chemicalprobes.org/unsuitables/lji308
OUKYUETWWIPKQR-UHFFFAOYSA-N	Chemical Probes Portal	rating_in_cell	0	0
OUKYUETWWIPKQR-UHFFFAOYSA-N	Chemical Probes Portal	rating_in_organism	0	0
OUKYUETWWIPKQR-UHFFFAOYSA-N	Chemical Probes Portal	rating_count	0	0
OUKYUETWWIPKQR-UHFFFAOYSA-N	Chemical Probes Portal	unsuitable	0	Yes
OUKYUETWWIPKQR-UHFFFAOYSA-N	Chemical Probes Portal	pains	0	No
OUKYUETWWIPKQR-UHFFFAOYSA-N	Chemical Probes Portal	toxicophore	0	No
OUKYUETWWIPKQR-UHFFFAOYSA-N	Chemical Probes Portal	published_date	0	2017-03-02
OUKYUETWWIPKQR-UHFFFAOYSA-N	Chemical Probes Portal	canSAR_ID	0	766308
OUKYUETWWIPKQR-UHFFFAOYSA-N	Chemical Probes Portal	url	0	https://www.chemicalprobes.org/unsuitables/saracatinib
WUUGFSXJNOTRMR-IOSLPCCCSA-N	Chemical Probes Portal	rating_in_cell	0	0
WUUGFSXJNOTRMR-IOSLPCCCSA-N	Chemical Probes Portal	rating_in_organism	0	0
WUUGFSXJNOTRMR-IOSLPCCCSA-N	Chemical Probes Portal	rating_count	0	0
WUUGFSXJNOTRMR-IOSLPCCCSA-N	Chemical Probes Portal	unsuitable	0	Yes
WUUGFSXJNOTRMR-IOSLPCCCSA-N	Chemical Probes Portal	pains	0	No
WUUGFSXJNOTRMR-IOSLPCCCSA-N	Chemical Probes Portal	toxicophore	0	No
WUUGFSXJNOTRMR-IOSLPCCCSA-N	Chemical Probes Portal	published_date	0	2017-03-07
WUUGFSXJNOTRMR-IOSLPCCCSA-N	Chemical Probes Portal	canSAR_ID	0	1171526
WUUGFSXJNOTRMR-IOSLPCCCSA-N	Chemical Probes Portal	url	0	https://www.chemicalprobes.org/unsuitables/5-methyl-thioadenosine
LMXOHSDXUQEUSF-YECHIGJVSA-N	Chemical Probes Portal	rating_in_cell	0	0
LMXOHSDXUQEUSF-YECHIGJVSA-N	Chemical Probes Portal	rating_in_organism	0	0
LMXOHSDXUQEUSF-YECHIGJVSA-N	Chemical Probes Portal	rating_count	0	0
LMXOHSDXUQEUSF-YECHIGJVSA-N	Chemical Probes Portal	unsuitable	0	Yes
LMXOHSDXUQEUSF-YECHIGJVSA-N	Chemical Probes Portal	pains	0	No
LMXOHSDXUQEUSF-YECHIGJVSA-N	Chemical Probes Portal	toxicophore	0	No
LMXOHSDXUQEUSF-YECHIGJVSA-N	Chemical Probes Portal	published_date	0	2017-03-07
LMXOHSDXUQEUSF-YECHIGJVSA-N	Chemical Probes Portal	canSAR_ID	0	1823000
LMXOHSDXUQEUSF-YECHIGJVSA-N	Chemical Probes Portal	url	0	https://www.chemicalprobes.org/unsuitables/sinefungin
IRSFLDGTOHBADP-UHFFFAOYSA-N	Chemical Probes Portal	rating_in_cell	0	0
IRSFLDGTOHBADP-UHFFFAOYSA-N	Chemical Probes Portal	rating_in_organism	0	0
IRSFLDGTOHBADP-UHFFFAOYSA-N	Chemical Probes Portal	rating_count	0	0
IRSFLDGTOHBADP-UHFFFAOYSA-N	Chemical Probes Portal	unsuitable	0	Yes
IRSFLDGTOHBADP-UHFFFAOYSA-N	Chemical Probes Portal	pains	0	Yes
IRSFLDGTOHBADP-UHFFFAOYSA-N	Chemical Probes Portal	toxicophore	0	Yes
IRSFLDGTOHBADP-UHFFFAOYSA-N	Chemical Probes Portal	published_date	0	2017-03-07
IRSFLDGTOHBADP-UHFFFAOYSA-N	Chemical Probes Portal	canSAR_ID	0	1241811
IRSFLDGTOHBADP-UHFFFAOYSA-N	Chemical Probes Portal	url	0	https://www.chemicalprobes.org/unsuitables/embelin
VCMMXZQDRFWYSE-UHFFFAOYSA-N	Chemical Probes Portal	rating_in_cell	0	0
VCMMXZQDRFWYSE-UHFFFAOYSA-N	Chemical Probes Portal	rating_in_organism	0	0
VCMMXZQDRFWYSE-UHFFFAOYSA-N	Chemical Probes Portal	rating_count	0	0
VCMMXZQDRFWYSE-UHFFFAOYSA-N	Chemical Probes Portal	unsuitable	0	Yes
VCMMXZQDRFWYSE-UHFFFAOYSA-N	Chemical Probes Portal	pains	0	Yes
VCMMXZQDRFWYSE-UHFFFAOYSA-N	Chemical Probes Portal	toxicophore	0	Yes
VCMMXZQDRFWYSE-UHFFFAOYSA-N	Chemical Probes Portal	published_date	0	2017-03-07
VCMMXZQDRFWYSE-UHFFFAOYSA-N	Chemical Probes Portal	canSAR_ID	0	30007
VCMMXZQDRFWYSE-UHFFFAOYSA-N	Chemical Probes Portal	url	0	https://www.chemicalprobes.org/unsuitables/plumbagin
FECGNJPYVFEKOD-VMPITWQZSA-N	Chemical Probes Portal	rating_in_cell	0	0
FECGNJPYVFEKOD-VMPITWQZSA-N	Chemical Probes Portal	rating_in_organism	0	0
FECGNJPYVFEKOD-VMPITWQZSA-N	Chemical Probes Portal	rating_count	0	0
FECGNJPYVFEKOD-VMPITWQZSA-N	Chemical Probes Portal	unsuitable	0	Yes
FECGNJPYVFEKOD-VMPITWQZSA-N	Chemical Probes Portal	pains	0	No
FECGNJPYVFEKOD-VMPITWQZSA-N	Chemical Probes Portal	toxicophore	0	Yes
FECGNJPYVFEKOD-VMPITWQZSA-N	Chemical Probes Portal	published_date	0	2017-03-07
FECGNJPYVFEKOD-VMPITWQZSA-N	Chemical Probes Portal	canSAR_ID	0	1583363
FECGNJPYVFEKOD-VMPITWQZSA-N	Chemical Probes Portal	url	0	https://www.chemicalprobes.org/unsuitables/resminostat
YALNUENQHAQXEA-UHFFFAOYSA-N	Chemical Probes Portal	rating_in_cell	0	0
YALNUENQHAQXEA-UHFFFAOYSA-N	Chemical Probes Portal	rating_in_organism	0	0
YALNUENQHAQXEA-UHFFFAOYSA-N	Chemical Probes Portal	rating_count	0	0
YALNUENQHAQXEA-UHFFFAOYSA-N	Chemical Probes Portal	unsuitable	0	Yes
YALNUENQHAQXEA-UHFFFAOYSA-N	Chemical Probes Portal	pains	0	No
YALNUENQHAQXEA-UHFFFAOYSA-N	Chemical Probes Portal	toxicophore	0	Yes
YALNUENQHAQXEA-UHFFFAOYSA-N	Chemical Probes Portal	published_date	0	2017-03-07
YALNUENQHAQXEA-UHFFFAOYSA-N	Chemical Probes Portal	canSAR_ID	0	350456
YALNUENQHAQXEA-UHFFFAOYSA-N	Chemical Probes Portal	url	0	https://www.chemicalprobes.org/unsuitables/givinostat
BWDQBBCUWLSASG-MDZDMXLPSA-N	Chemical Probes Portal	rating_in_cell	0	0
BWDQBBCUWLSASG-MDZDMXLPSA-N	Chemical Probes Portal	rating_in_organism	0	0
BWDQBBCUWLSASG-MDZDMXLPSA-N	Chemical Probes Portal	rating_count	0	0
BWDQBBCUWLSASG-MDZDMXLPSA-N	Chemical Probes Portal	unsuitable	0	Yes
BWDQBBCUWLSASG-MDZDMXLPSA-N	Chemical Probes Portal	pains	0	No
BWDQBBCUWLSASG-MDZDMXLPSA-N	Chemical Probes Portal	toxicophore	0	Yes
BWDQBBCUWLSASG-MDZDMXLPSA-N	Chemical Probes Portal	published_date	0	2017-03-07
BWDQBBCUWLSASG-MDZDMXLPSA-N	Chemical Probes Portal	canSAR_ID	0	1902688
BWDQBBCUWLSASG-MDZDMXLPSA-N	Chemical Probes Portal	url	0	https://www.chemicalprobes.org/unsuitables/dacinostat
IVTKCTFTVKYWIQ-WEVVVXLNSA-N	Chemical Probes Portal	rating_in_cell	0	0
IVTKCTFTVKYWIQ-WEVVVXLNSA-N	Chemical Probes Portal	rating_in_organism	0	0
IVTKCTFTVKYWIQ-WEVVVXLNSA-N	Chemical Probes Portal	rating_count	0	0
IVTKCTFTVKYWIQ-WEVVVXLNSA-N	Chemical Probes Portal	unsuitable	0	Yes
IVTKCTFTVKYWIQ-WEVVVXLNSA-N	Chemical Probes Portal	pains	0	No
IVTKCTFTVKYWIQ-WEVVVXLNSA-N	Chemical Probes Portal	toxicophore	0	Yes
IVTKCTFTVKYWIQ-WEVVVXLNSA-N	Chemical Probes Portal	published_date	0	2017-03-07
IVTKCTFTVKYWIQ-WEVVVXLNSA-N	Chemical Probes Portal	canSAR_ID	0	1496674
IVTKCTFTVKYWIQ-WEVVVXLNSA-N	Chemical Probes Portal	url	0	https://www.chemicalprobes.org/unsuitables/oxamflatin
MAUCONCHVWBMHK-UHFFFAOYSA-N	Chemical Probes Portal	rating_in_cell	0	0
MAUCONCHVWBMHK-UHFFFAOYSA-N	Chemical Probes Portal	rating_in_organism	0	0
MAUCONCHVWBMHK-UHFFFAOYSA-N	Chemical Probes Portal	rating_count	0	0
MAUCONCHVWBMHK-UHFFFAOYSA-N	Chemical Probes Portal	unsuitable	0	Yes
MAUCONCHVWBMHK-UHFFFAOYSA-N	Chemical Probes Portal	pains	0	No
MAUCONCHVWBMHK-UHFFFAOYSA-N	Chemical Probes Portal	toxicophore	0	Yes
MAUCONCHVWBMHK-UHFFFAOYSA-N	Chemical Probes Portal	published_date	0	2017-03-07
MAUCONCHVWBMHK-UHFFFAOYSA-N	Chemical Probes Portal	canSAR_ID	0	256658
MAUCONCHVWBMHK-UHFFFAOYSA-N	Chemical Probes Portal	url	0	https://www.chemicalprobes.org/unsuitables/abexinostat
NCNRHFGMJRPRSK-MDZDMXLPSA-N	Chemical Probes Portal	rating_in_cell	0	0
NCNRHFGMJRPRSK-MDZDMXLPSA-N	Chemical Probes Portal	rating_in_organism	0	0
NCNRHFGMJRPRSK-MDZDMXLPSA-N	Chemical Probes Portal	rating_count	0	0
NCNRHFGMJRPRSK-MDZDMXLPSA-N	Chemical Probes Portal	unsuitable	0	Yes
NCNRHFGMJRPRSK-MDZDMXLPSA-N	Chemical Probes Portal	pains	0	No
NCNRHFGMJRPRSK-MDZDMXLPSA-N	Chemical Probes Portal	toxicophore	0	Yes
NCNRHFGMJRPRSK-MDZDMXLPSA-N	Chemical Probes Portal	published_date	0	2017-03-07
NCNRHFGMJRPRSK-MDZDMXLPSA-N	Chemical Probes Portal	canSAR_ID	0	1322821
NCNRHFGMJRPRSK-MDZDMXLPSA-N	Chemical Probes Portal	url	0	https://www.chemicalprobes.org/unsuitables/belinostat
JHDKZFFAIZKUCU-ZRDIBKRKSA-N	Chemical Probes Portal	rating_in_cell	0	0
JHDKZFFAIZKUCU-ZRDIBKRKSA-N	Chemical Probes Portal	rating_in_organism	0	0
JHDKZFFAIZKUCU-ZRDIBKRKSA-N	Chemical Probes Portal	rating_count	0	0
JHDKZFFAIZKUCU-ZRDIBKRKSA-N	Chemical Probes Portal	unsuitable	0	Yes
JHDKZFFAIZKUCU-ZRDIBKRKSA-N	Chemical Probes Portal	pains	0	No
JHDKZFFAIZKUCU-ZRDIBKRKSA-N	Chemical Probes Portal	toxicophore	0	Yes
JHDKZFFAIZKUCU-ZRDIBKRKSA-N	Chemical Probes Portal	published_date	0	2017-03-07
JHDKZFFAIZKUCU-ZRDIBKRKSA-N	Chemical Probes Portal	canSAR_ID	0	1718108
JHDKZFFAIZKUCU-ZRDIBKRKSA-N	Chemical Probes Portal	url	0	https://www.chemicalprobes.org/unsuitables/pracinostat
JTDYUFSDZATMKU-UHFFFAOYSA-N	Chemical Probes Portal	rating_in_cell	0	0
JTDYUFSDZATMKU-UHFFFAOYSA-N	Chemical Probes Portal	rating_in_organism	0	0
JTDYUFSDZATMKU-UHFFFAOYSA-N	Chemical Probes Portal	rating_count	0	0
JTDYUFSDZATMKU-UHFFFAOYSA-N	Chemical Probes Portal	unsuitable	0	Yes
JTDYUFSDZATMKU-UHFFFAOYSA-N	Chemical Probes Portal	pains	0	No
JTDYUFSDZATMKU-UHFFFAOYSA-N	Chemical Probes Portal	toxicophore	0	Yes
JTDYUFSDZATMKU-UHFFFAOYSA-N	Chemical Probes Portal	published_date	0	2017-03-07
JTDYUFSDZATMKU-UHFFFAOYSA-N	Chemical Probes Portal	canSAR_ID	0	1487542
JTDYUFSDZATMKU-UHFFFAOYSA-N	Chemical Probes Portal	url	0	https://www.chemicalprobes.org/unsuitables/scriptaid
RTKIYFITIVXBLE-QEQCGCAPSA-N	Chemical Probes Portal	rating_in_cell	0	0
RTKIYFITIVXBLE-QEQCGCAPSA-N	Chemical Probes Portal	rating_in_organism	0	0
RTKIYFITIVXBLE-QEQCGCAPSA-N	Chemical Probes Portal	rating_count	0	0
RTKIYFITIVXBLE-QEQCGCAPSA-N	Chemical Probes Portal	unsuitable	0	Yes
RTKIYFITIVXBLE-QEQCGCAPSA-N	Chemical Probes Portal	pains	0	No
RTKIYFITIVXBLE-QEQCGCAPSA-N	Chemical Probes Portal	toxicophore	0	Yes
RTKIYFITIVXBLE-QEQCGCAPSA-N	Chemical Probes Portal	published_date	0	2017-03-07
RTKIYFITIVXBLE-QEQCGCAPSA-N	Chemical Probes Portal	canSAR_ID	0	1317329
RTKIYFITIVXBLE-QEQCGCAPSA-N	Chemical Probes Portal	url	0	https://www.chemicalprobes.org/unsuitables/trichostatin
MFBOGIVSZKQAPD-UHFFFAOYSA-M	Chemical Probes Portal	rating_in_cell	0	0
MFBOGIVSZKQAPD-UHFFFAOYSA-M	Chemical Probes Portal	rating_in_organism	0	0
MFBOGIVSZKQAPD-UHFFFAOYSA-M	Chemical Probes Portal	rating_count	0	0
MFBOGIVSZKQAPD-UHFFFAOYSA-M	Chemical Probes Portal	unsuitable	0	Yes
MFBOGIVSZKQAPD-UHFFFAOYSA-M	Chemical Probes Portal	pains	0	No
MFBOGIVSZKQAPD-UHFFFAOYSA-M	Chemical Probes Portal	toxicophore	0	No
MFBOGIVSZKQAPD-UHFFFAOYSA-M	Chemical Probes Portal	published_date	0	2017-03-07
MFBOGIVSZKQAPD-UHFFFAOYSA-M	Chemical Probes Portal	canSAR_ID	0	1190
MFBOGIVSZKQAPD-UHFFFAOYSA-M	Chemical Probes Portal	url	0	https://www.chemicalprobes.org/unsuitables/butyrate
NIJJYAXOARWZEE-UHFFFAOYSA-N	Chemical Probes Portal	rating_in_cell	0	0
NIJJYAXOARWZEE-UHFFFAOYSA-N	Chemical Probes Portal	rating_in_organism	0	0
NIJJYAXOARWZEE-UHFFFAOYSA-N	Chemical Probes Portal	rating_count	0	0
NIJJYAXOARWZEE-UHFFFAOYSA-N	Chemical Probes Portal	unsuitable	0	Yes
NIJJYAXOARWZEE-UHFFFAOYSA-N	Chemical Probes Portal	pains	0	No
NIJJYAXOARWZEE-UHFFFAOYSA-N	Chemical Probes Portal	toxicophore	0	Yes
NIJJYAXOARWZEE-UHFFFAOYSA-N	Chemical Probes Portal	published_date	0	2017-03-07
NIJJYAXOARWZEE-UHFFFAOYSA-N	Chemical Probes Portal	canSAR_ID	0	45378
NIJJYAXOARWZEE-UHFFFAOYSA-N	Chemical Probes Portal	url	0	https://www.chemicalprobes.org/unsuitables/valproic-acid
XHEFDIBZLJXQHF-UHFFFAOYSA-N	Chemical Probes Portal	rating_in_cell	0	0
XHEFDIBZLJXQHF-UHFFFAOYSA-N	Chemical Probes Portal	rating_in_organism	0	0
XHEFDIBZLJXQHF-UHFFFAOYSA-N	Chemical Probes Portal	rating_count	0	0
XHEFDIBZLJXQHF-UHFFFAOYSA-N	Chemical Probes Portal	unsuitable	0	Yes
XHEFDIBZLJXQHF-UHFFFAOYSA-N	Chemical Probes Portal	pains	0	Yes
XHEFDIBZLJXQHF-UHFFFAOYSA-N	Chemical Probes Portal	toxicophore	0	Yes
XHEFDIBZLJXQHF-UHFFFAOYSA-N	Chemical Probes Portal	published_date	0	2017-03-07
XHEFDIBZLJXQHF-UHFFFAOYSA-N	Chemical Probes Portal	canSAR_ID	0	1234742
XHEFDIBZLJXQHF-UHFFFAOYSA-N	Chemical Probes Portal	url	0	https://www.chemicalprobes.org/unsuitables/fisetin
CDRPUGZCRXZLFL-OWOJBTEDSA-N	Chemical Probes Portal	rating_in_cell	0	0
CDRPUGZCRXZLFL-OWOJBTEDSA-N	Chemical Probes Portal	rating_in_organism	0	0
CDRPUGZCRXZLFL-OWOJBTEDSA-N	Chemical Probes Portal	rating_count	0	0
CDRPUGZCRXZLFL-OWOJBTEDSA-N	Chemical Probes Portal	unsuitable	0	Yes
CDRPUGZCRXZLFL-OWOJBTEDSA-N	Chemical Probes Portal	pains	0	Yes
CDRPUGZCRXZLFL-OWOJBTEDSA-N	Chemical Probes Portal	toxicophore	0	Yes
CDRPUGZCRXZLFL-OWOJBTEDSA-N	Chemical Probes Portal	published_date	0	2017-03-07
CDRPUGZCRXZLFL-OWOJBTEDSA-N	Chemical Probes Portal	canSAR_ID	0	1066438
CDRPUGZCRXZLFL-OWOJBTEDSA-N	Chemical Probes Portal	url	0	https://www.chemicalprobes.org/unsuitables/piceatannol
NETXMUIMUZJUTB-UHFFFAOYSA-N	Chemical Probes Portal	rating_in_cell	0	0
NETXMUIMUZJUTB-UHFFFAOYSA-N	Chemical Probes Portal	rating_in_organism	0	0
NETXMUIMUZJUTB-UHFFFAOYSA-N	Chemical Probes Portal	rating_count	0	0
NETXMUIMUZJUTB-UHFFFAOYSA-N	Chemical Probes Portal	unsuitable	0	Yes
NETXMUIMUZJUTB-UHFFFAOYSA-N	Chemical Probes Portal	pains	0	No
NETXMUIMUZJUTB-UHFFFAOYSA-N	Chemical Probes Portal	toxicophore	0	No
NETXMUIMUZJUTB-UHFFFAOYSA-N	Chemical Probes Portal	published_date	0	2017-03-07
NETXMUIMUZJUTB-UHFFFAOYSA-N	Chemical Probes Portal	canSAR_ID	0	1857922
NETXMUIMUZJUTB-UHFFFAOYSA-N	Chemical Probes Portal	url	0	https://www.chemicalprobes.org/unsuitables/apabetalone
HUPFGZXOMWLGNK-UHFFFAOYSA-N	Chemical Probes Portal	rating_in_cell	0	0
HUPFGZXOMWLGNK-UHFFFAOYSA-N	Chemical Probes Portal	rating_in_organism	0	0
HUPFGZXOMWLGNK-UHFFFAOYSA-N	Chemical Probes Portal	rating_count	0	0
HUPFGZXOMWLGNK-UHFFFAOYSA-N	Chemical Probes Portal	unsuitable	0	Yes
HUPFGZXOMWLGNK-UHFFFAOYSA-N	Chemical Probes Portal	pains	0	No
HUPFGZXOMWLGNK-UHFFFAOYSA-N	Chemical Probes Portal	toxicophore	0	No
HUPFGZXOMWLGNK-UHFFFAOYSA-N	Chemical Probes Portal	published_date	0	2017-03-20
HUPFGZXOMWLGNK-UHFFFAOYSA-N	Chemical Probes Portal	canSAR_ID	0	1065883
HUPFGZXOMWLGNK-UHFFFAOYSA-N	Chemical Probes Portal	url	0	https://www.chemicalprobes.org/unsuitables/diflusinal
XGALLCVXEZPNRQ-UHFFFAOYSA-N	Chemical Probes Portal	rating_in_cell	0	0
XGALLCVXEZPNRQ-UHFFFAOYSA-N	Chemical Probes Portal	rating_in_organism	0	0
XGALLCVXEZPNRQ-UHFFFAOYSA-N	Chemical Probes Portal	rating_count	0	0
XGALLCVXEZPNRQ-UHFFFAOYSA-N	Chemical Probes Portal	unsuitable	0	Yes
XGALLCVXEZPNRQ-UHFFFAOYSA-N	Chemical Probes Portal	pains	0	No
XGALLCVXEZPNRQ-UHFFFAOYSA-N	Chemical Probes Portal	toxicophore	0	No
XGALLCVXEZPNRQ-UHFFFAOYSA-N	Chemical Probes Portal	published_date	0	2017-03-21
XGALLCVXEZPNRQ-UHFFFAOYSA-N	Chemical Probes Portal	canSAR_ID	0	337949
XGALLCVXEZPNRQ-UHFFFAOYSA-N	Chemical Probes Portal	url	0	https://www.chemicalprobes.org/unsuitables/gefitinib
AYMYWHCQALZEGT-ORCRQEGFSA-N	Chemical Probes Portal	rating_in_cell	0	0
AYMYWHCQALZEGT-ORCRQEGFSA-N	Chemical Probes Portal	rating_in_organism	0	0
AYMYWHCQALZEGT-ORCRQEGFSA-N	Chemical Probes Portal	rating_count	0	0
AYMYWHCQALZEGT-ORCRQEGFSA-N	Chemical Probes Portal	unsuitable	0	Yes
AYMYWHCQALZEGT-ORCRQEGFSA-N	Chemical Probes Portal	pains	0	Yes
AYMYWHCQALZEGT-ORCRQEGFSA-N	Chemical Probes Portal	toxicophore	0	Yes
AYMYWHCQALZEGT-ORCRQEGFSA-N	Chemical Probes Portal	published_date	0	2017-03-07
AYMYWHCQALZEGT-ORCRQEGFSA-N	Chemical Probes Portal	canSAR_ID	0	1166678
AYMYWHCQALZEGT-ORCRQEGFSA-N	Chemical Probes Portal	url	0	https://www.chemicalprobes.org/unsuitables/butein
DXDRHHKMWQZJHT-FPYGCLRLSA-N	Chemical Probes Portal	rating_in_cell	0	0
DXDRHHKMWQZJHT-FPYGCLRLSA-N	Chemical Probes Portal	rating_in_organism	0	0
DXDRHHKMWQZJHT-FPYGCLRLSA-N	Chemical Probes Portal	rating_count	0	0
DXDRHHKMWQZJHT-FPYGCLRLSA-N	Chemical Probes Portal	unsuitable	0	Yes
DXDRHHKMWQZJHT-FPYGCLRLSA-N	Chemical Probes Portal	pains	0	No
DXDRHHKMWQZJHT-FPYGCLRLSA-N	Chemical Probes Portal	toxicophore	0	Yes
DXDRHHKMWQZJHT-FPYGCLRLSA-N	Chemical Probes Portal	published_date	0	2017-03-07
DXDRHHKMWQZJHT-FPYGCLRLSA-N	Chemical Probes Portal	canSAR_ID	0	1116690
DXDRHHKMWQZJHT-FPYGCLRLSA-N	Chemical Probes Portal	url	0	https://www.chemicalprobes.org/unsuitables/isoliquiritigenin
KDPSGIFCBZTBEZ-UHFFFAOYSA-N	Chemical Probes Portal	rating_in_cell	0	0
KDPSGIFCBZTBEZ-UHFFFAOYSA-N	Chemical Probes Portal	rating_in_organism	0	0
KDPSGIFCBZTBEZ-UHFFFAOYSA-N	Chemical Probes Portal	rating_count	0	0
KDPSGIFCBZTBEZ-UHFFFAOYSA-N	Chemical Probes Portal	unsuitable	0	Yes
KDPSGIFCBZTBEZ-UHFFFAOYSA-N	Chemical Probes Portal	pains	0	No
KDPSGIFCBZTBEZ-UHFFFAOYSA-N	Chemical Probes Portal	toxicophore	0	Yes
KDPSGIFCBZTBEZ-UHFFFAOYSA-N	Chemical Probes Portal	published_date	0	2017-03-07
KDPSGIFCBZTBEZ-UHFFFAOYSA-N	Chemical Probes Portal	canSAR_ID	0	1508966
KDPSGIFCBZTBEZ-UHFFFAOYSA-N	Chemical Probes Portal	url	0	https://www.chemicalprobes.org/unsuitables/bic1
ZZZYHIMVKOHVIH-MWFXHRFLSA-N	Chemical Probes Portal	rating_in_cell	0	0
ZZZYHIMVKOHVIH-MWFXHRFLSA-N	Chemical Probes Portal	rating_in_organism	0	0
ZZZYHIMVKOHVIH-MWFXHRFLSA-N	Chemical Probes Portal	rating_count	0	0
ZZZYHIMVKOHVIH-MWFXHRFLSA-N	Chemical Probes Portal	unsuitable	0	Yes
ZZZYHIMVKOHVIH-MWFXHRFLSA-N	Chemical Probes Portal	pains	0	No
ZZZYHIMVKOHVIH-MWFXHRFLSA-N	Chemical Probes Portal	toxicophore	0	Yes
ZZZYHIMVKOHVIH-MWFXHRFLSA-N	Chemical Probes Portal	published_date	0	2017-03-17
ZZZYHIMVKOHVIH-MWFXHRFLSA-N	Chemical Probes Portal	canSAR_ID	0	720663
ZZZYHIMVKOHVIH-MWFXHRFLSA-N	Chemical Probes Portal	url	0	https://www.chemicalprobes.org/unsuitables/brusatol
QDKLRKZQSOQWJQ-SMDXAGPFSA-N	Chemical Probes Portal	rating_in_cell	0	0
QDKLRKZQSOQWJQ-SMDXAGPFSA-N	Chemical Probes Portal	rating_in_organism	0	0
QDKLRKZQSOQWJQ-SMDXAGPFSA-N	Chemical Probes Portal	rating_count	0	0
QDKLRKZQSOQWJQ-SMDXAGPFSA-N	Chemical Probes Portal	unsuitable	0	Yes
QDKLRKZQSOQWJQ-SMDXAGPFSA-N	Chemical Probes Portal	pains	0	Yes
QDKLRKZQSOQWJQ-SMDXAGPFSA-N	Chemical Probes Portal	toxicophore	0	Yes
QDKLRKZQSOQWJQ-SMDXAGPFSA-N	Chemical Probes Portal	published_date	0	2017-03-20
QDKLRKZQSOQWJQ-SMDXAGPFSA-N	Chemical Probes Portal	canSAR_ID	0	898879
QDKLRKZQSOQWJQ-SMDXAGPFSA-N	Chemical Probes Portal	url	0	https://www.chemicalprobes.org/unsuitables/garcinol
AJRGHIGYPXNABY-UHFFFAOYSA-N	Chemical Probes Portal	rating_in_cell	0	0
AJRGHIGYPXNABY-UHFFFAOYSA-N	Chemical Probes Portal	rating_in_organism	0	0
AJRGHIGYPXNABY-UHFFFAOYSA-N	Chemical Probes Portal	rating_count	0	0
AJRGHIGYPXNABY-UHFFFAOYSA-N	Chemical Probes Portal	unsuitable	0	Yes
AJRGHIGYPXNABY-UHFFFAOYSA-N	Chemical Probes Portal	pains	0	No
AJRGHIGYPXNABY-UHFFFAOYSA-N	Chemical Probes Portal	toxicophore	0	Yes
AJRGHIGYPXNABY-UHFFFAOYSA-N	Chemical Probes Portal	published_date	0	2017-04-10
AJRGHIGYPXNABY-UHFFFAOYSA-N	Chemical Probes Portal	canSAR_ID	0	1358819
AJRGHIGYPXNABY-UHFFFAOYSA-N	Chemical Probes Portal	url	0	https://www.chemicalprobes.org/unsuitables/pci-34051
JWOGUUIOCYMBPV-GMFLJSBRSA-N	Chemical Probes Portal	rating_in_cell	0	0
JWOGUUIOCYMBPV-GMFLJSBRSA-N	Chemical Probes Portal	rating_in_organism	0	0
JWOGUUIOCYMBPV-GMFLJSBRSA-N	Chemical Probes Portal	rating_count	0	0
JWOGUUIOCYMBPV-GMFLJSBRSA-N	Chemical Probes Portal	unsuitable	0	Yes
JWOGUUIOCYMBPV-GMFLJSBRSA-N	Chemical Probes Portal	pains	0	No
JWOGUUIOCYMBPV-GMFLJSBRSA-N	Chemical Probes Portal	toxicophore	0	No
JWOGUUIOCYMBPV-GMFLJSBRSA-N	Chemical Probes Portal	published_date	0	2017-04-11
JWOGUUIOCYMBPV-GMFLJSBRSA-N	Chemical Probes Portal	canSAR_ID	0	902928
JWOGUUIOCYMBPV-GMFLJSBRSA-N	Chemical Probes Portal	url	0	https://www.chemicalprobes.org/unsuitables/apicidin
VAZAPHZUAVEOMC-UHFFFAOYSA-N	Chemical Probes Portal	rating_in_cell	0	0
VAZAPHZUAVEOMC-UHFFFAOYSA-N	Chemical Probes Portal	rating_in_organism	0	0
VAZAPHZUAVEOMC-UHFFFAOYSA-N	Chemical Probes Portal	rating_count	0	0
VAZAPHZUAVEOMC-UHFFFAOYSA-N	Chemical Probes Portal	unsuitable	0	Yes
VAZAPHZUAVEOMC-UHFFFAOYSA-N	Chemical Probes Portal	pains	0	No
VAZAPHZUAVEOMC-UHFFFAOYSA-N	Chemical Probes Portal	toxicophore	0	Yes
VAZAPHZUAVEOMC-UHFFFAOYSA-N	Chemical Probes Portal	published_date	0	2017-04-11
VAZAPHZUAVEOMC-UHFFFAOYSA-N	Chemical Probes Portal	canSAR_ID	0	1170255
VAZAPHZUAVEOMC-UHFFFAOYSA-N	Chemical Probes Portal	url	0	https://www.chemicalprobes.org/unsuitables/ci-994
DLVJMFOLJOOWFS-VJIFSZOSSA-N	Chemical Probes Portal	rating_in_cell	0	0
DLVJMFOLJOOWFS-VJIFSZOSSA-N	Chemical Probes Portal	rating_in_organism	0	0
DLVJMFOLJOOWFS-VJIFSZOSSA-N	Chemical Probes Portal	rating_count	0	0
DLVJMFOLJOOWFS-VJIFSZOSSA-N	Chemical Probes Portal	unsuitable	0	Yes
DLVJMFOLJOOWFS-VJIFSZOSSA-N	Chemical Probes Portal	pains	0	No
DLVJMFOLJOOWFS-VJIFSZOSSA-N	Chemical Probes Portal	toxicophore	0	Yes
DLVJMFOLJOOWFS-VJIFSZOSSA-N	Chemical Probes Portal	published_date	0	2017-04-11
DLVJMFOLJOOWFS-VJIFSZOSSA-N	Chemical Probes Portal	canSAR_ID	0	51775
DLVJMFOLJOOWFS-VJIFSZOSSA-N	Chemical Probes Portal	url	0	https://www.chemicalprobes.org/unsuitables/depudecin
GNYCTMYOHGBSBI-KVUCBBCISA-N	Chemical Probes Portal	rating_in_cell	0	0
GNYCTMYOHGBSBI-KVUCBBCISA-N	Chemical Probes Portal	rating_in_organism	0	0
GNYCTMYOHGBSBI-KVUCBBCISA-N	Chemical Probes Portal	rating_count	0	0
GNYCTMYOHGBSBI-KVUCBBCISA-N	Chemical Probes Portal	unsuitable	0	Yes
GNYCTMYOHGBSBI-KVUCBBCISA-N	Chemical Probes Portal	pains	0	No
GNYCTMYOHGBSBI-KVUCBBCISA-N	Chemical Probes Portal	toxicophore	0	Yes
GNYCTMYOHGBSBI-KVUCBBCISA-N	Chemical Probes Portal	published_date	0	2017-04-11
GNYCTMYOHGBSBI-KVUCBBCISA-N	Chemical Probes Portal	canSAR_ID	0	3312889
GNYCTMYOHGBSBI-KVUCBBCISA-N	Chemical Probes Portal	url	0	https://www.chemicalprobes.org/unsuitables/hc-toxin
HRNLUBSXIHFDHP-UHFFFAOYSA-N	Chemical Probes Portal	rating_in_cell	0	0
HRNLUBSXIHFDHP-UHFFFAOYSA-N	Chemical Probes Portal	rating_in_organism	0	0
HRNLUBSXIHFDHP-UHFFFAOYSA-N	Chemical Probes Portal	rating_count	0	0
HRNLUBSXIHFDHP-UHFFFAOYSA-N	Chemical Probes Portal	unsuitable	0	Yes
HRNLUBSXIHFDHP-UHFFFAOYSA-N	Chemical Probes Portal	pains	0	No
HRNLUBSXIHFDHP-UHFFFAOYSA-N	Chemical Probes Portal	toxicophore	0	Yes
HRNLUBSXIHFDHP-UHFFFAOYSA-N	Chemical Probes Portal	published_date	0	2017-04-11
HRNLUBSXIHFDHP-UHFFFAOYSA-N	Chemical Probes Portal	canSAR_ID	0	244348
HRNLUBSXIHFDHP-UHFFFAOYSA-N	Chemical Probes Portal	url	0	https://www.chemicalprobes.org/unsuitables/mocetinostat
INVTYAOGFAGBOE-UHFFFAOYSA-N	Chemical Probes Portal	rating_in_cell	0	0
INVTYAOGFAGBOE-UHFFFAOYSA-N	Chemical Probes Portal	rating_in_organism	0	0
INVTYAOGFAGBOE-UHFFFAOYSA-N	Chemical Probes Portal	rating_count	0	0
INVTYAOGFAGBOE-UHFFFAOYSA-N	Chemical Probes Portal	unsuitable	0	Yes
INVTYAOGFAGBOE-UHFFFAOYSA-N	Chemical Probes Portal	pains	0	No
INVTYAOGFAGBOE-UHFFFAOYSA-N	Chemical Probes Portal	toxicophore	0	Yes
INVTYAOGFAGBOE-UHFFFAOYSA-N	Chemical Probes Portal	published_date	0	2017-04-11
INVTYAOGFAGBOE-UHFFFAOYSA-N	Chemical Probes Portal	canSAR_ID	0	1888264
INVTYAOGFAGBOE-UHFFFAOYSA-N	Chemical Probes Portal	url	0	https://www.chemicalprobes.org/unsuitables/entinostat
DEZFNHCVIZBHBI-ZHACJKMWSA-N	Chemical Probes Portal	rating_in_cell	0	0
DEZFNHCVIZBHBI-ZHACJKMWSA-N	Chemical Probes Portal	rating_in_organism	0	0
DEZFNHCVIZBHBI-ZHACJKMWSA-N	Chemical Probes Portal	rating_count	0	0
DEZFNHCVIZBHBI-ZHACJKMWSA-N	Chemical Probes Portal	unsuitable	0	Yes
DEZFNHCVIZBHBI-ZHACJKMWSA-N	Chemical Probes Portal	pains	0	No
DEZFNHCVIZBHBI-ZHACJKMWSA-N	Chemical Probes Portal	toxicophore	0	No
DEZFNHCVIZBHBI-ZHACJKMWSA-N	Chemical Probes Portal	published_date	0	2017-06-27
DEZFNHCVIZBHBI-ZHACJKMWSA-N	Chemical Probes Portal	canSAR_ID	0	754171
DEZFNHCVIZBHBI-ZHACJKMWSA-N	Chemical Probes Portal	url	0	https://www.chemicalprobes.org/unsuitables/rottlerin
URWCXPXBBITYLR-UHFFFAOYSA-N	Chemical Probes Portal	rating_in_cell	0	0
URWCXPXBBITYLR-UHFFFAOYSA-N	Chemical Probes Portal	rating_in_organism	0	0
URWCXPXBBITYLR-UHFFFAOYSA-N	Chemical Probes Portal	rating_count	0	0
URWCXPXBBITYLR-UHFFFAOYSA-N	Chemical Probes Portal	unsuitable	0	Yes
URWCXPXBBITYLR-UHFFFAOYSA-N	Chemical Probes Portal	pains	0	No
URWCXPXBBITYLR-UHFFFAOYSA-N	Chemical Probes Portal	toxicophore	0	No
URWCXPXBBITYLR-UHFFFAOYSA-N	Chemical Probes Portal	published_date	0	2017-07-08
URWCXPXBBITYLR-UHFFFAOYSA-N	Chemical Probes Portal	canSAR_ID	0	1061093
URWCXPXBBITYLR-UHFFFAOYSA-N	Chemical Probes Portal	url	0	https://www.chemicalprobes.org/unsuitables/th287
PVRYEWOXWGDQHA-URLMMPGGSA-N	Chemical Probes Portal	rating_in_cell	0	0
PVRYEWOXWGDQHA-URLMMPGGSA-N	Chemical Probes Portal	rating_in_organism	0	0
PVRYEWOXWGDQHA-URLMMPGGSA-N	Chemical Probes Portal	rating_count	0	0
PVRYEWOXWGDQHA-URLMMPGGSA-N	Chemical Probes Portal	unsuitable	0	Yes
PVRYEWOXWGDQHA-URLMMPGGSA-N	Chemical Probes Portal	pains	0	No
PVRYEWOXWGDQHA-URLMMPGGSA-N	Chemical Probes Portal	toxicophore	0	No
PVRYEWOXWGDQHA-URLMMPGGSA-N	Chemical Probes Portal	published_date	0	2017-06-02
PVRYEWOXWGDQHA-URLMMPGGSA-N	Chemical Probes Portal	canSAR_ID	0	847292
PVRYEWOXWGDQHA-URLMMPGGSA-N	Chemical Probes Portal	url	0	https://www.chemicalprobes.org/unsuitables/nutlin-2
UNXQGBMZYKHQCO-NVHWNKAKSA-N	Chemical Probes Portal	rating_in_cell	0	0
UNXQGBMZYKHQCO-NVHWNKAKSA-N	Chemical Probes Portal	rating_in_organism	0	0
UNXQGBMZYKHQCO-NVHWNKAKSA-N	Chemical Probes Portal	rating_count	0	0
UNXQGBMZYKHQCO-NVHWNKAKSA-N	Chemical Probes Portal	unsuitable	0	Yes
UNXQGBMZYKHQCO-NVHWNKAKSA-N	Chemical Probes Portal	pains	0	No
UNXQGBMZYKHQCO-NVHWNKAKSA-N	Chemical Probes Portal	toxicophore	0	No
UNXQGBMZYKHQCO-NVHWNKAKSA-N	Chemical Probes Portal	published_date	0	2017-06-02
UNXQGBMZYKHQCO-NVHWNKAKSA-N	Chemical Probes Portal	canSAR_ID	0	724668
UNXQGBMZYKHQCO-NVHWNKAKSA-N	Chemical Probes Portal	url	0	https://www.chemicalprobes.org/unsuitables/mi-219
RLUGRMMSGGKTPV-UHFFFAOYSA-N	Chemical Probes Portal	rating_in_cell	0	0
RLUGRMMSGGKTPV-UHFFFAOYSA-N	Chemical Probes Portal	rating_in_organism	0	0
RLUGRMMSGGKTPV-UHFFFAOYSA-N	Chemical Probes Portal	rating_count	0	0
RLUGRMMSGGKTPV-UHFFFAOYSA-N	Chemical Probes Portal	unsuitable	0	Yes
RLUGRMMSGGKTPV-UHFFFAOYSA-N	Chemical Probes Portal	pains	0	Yes
RLUGRMMSGGKTPV-UHFFFAOYSA-N	Chemical Probes Portal	toxicophore	0	No
RLUGRMMSGGKTPV-UHFFFAOYSA-N	Chemical Probes Portal	published_date	0	2017-06-02
RLUGRMMSGGKTPV-UHFFFAOYSA-N	Chemical Probes Portal	canSAR_ID	0	203147
RLUGRMMSGGKTPV-UHFFFAOYSA-N	Chemical Probes Portal	url	0	https://www.chemicalprobes.org/unsuitables/mcl0527-3
UOVSZRTTWLJPHE-HNXAPSNLSA-N	Chemical Probes Portal	rating_in_cell	0	4
UOVSZRTTWLJPHE-HNXAPSNLSA-N	Chemical Probes Portal	rating_in_organism	0	4
UOVSZRTTWLJPHE-HNXAPSNLSA-N	Chemical Probes Portal	rating_count	0	2
UOVSZRTTWLJPHE-HNXAPSNLSA-N	Chemical Probes Portal	unsuitable	0	No
UOVSZRTTWLJPHE-HNXAPSNLSA-N	Chemical Probes Portal	pains	0	No
UOVSZRTTWLJPHE-HNXAPSNLSA-N	Chemical Probes Portal	toxicophore	0	No
UOVSZRTTWLJPHE-HNXAPSNLSA-N	Chemical Probes Portal	published_date	0	2017-06-06
UOVSZRTTWLJPHE-HNXAPSNLSA-N	Chemical Probes Portal	canSAR_ID	0	851760
UOVSZRTTWLJPHE-HNXAPSNLSA-N	Chemical Probes Portal	url	0	https://www.chemicalprobes.org/ro5353
NNGMKDJOKUWNGN-NMMPVGNLSA-N	Chemical Probes Portal	rating_in_cell	0	0
NNGMKDJOKUWNGN-NMMPVGNLSA-N	Chemical Probes Portal	rating_in_organism	0	0
NNGMKDJOKUWNGN-NMMPVGNLSA-N	Chemical Probes Portal	rating_count	0	0
NNGMKDJOKUWNGN-NMMPVGNLSA-N	Chemical Probes Portal	unsuitable	0	Yes
NNGMKDJOKUWNGN-NMMPVGNLSA-N	Chemical Probes Portal	pains	0	No
NNGMKDJOKUWNGN-NMMPVGNLSA-N	Chemical Probes Portal	toxicophore	0	Yes
NNGMKDJOKUWNGN-NMMPVGNLSA-N	Chemical Probes Portal	published_date	0	2017-04-11
NNGMKDJOKUWNGN-NMMPVGNLSA-N	Chemical Probes Portal	canSAR_ID	0	1078674
NNGMKDJOKUWNGN-NMMPVGNLSA-N	Chemical Probes Portal	url	0	https://www.chemicalprobes.org/unsuitables/4-pbha
IYDMGGPKSVWQRT-UHFFFAOYSA-N	Chemical Probes Portal	rating_in_cell	0	0
IYDMGGPKSVWQRT-UHFFFAOYSA-N	Chemical Probes Portal	rating_in_organism	0	0
IYDMGGPKSVWQRT-UHFFFAOYSA-N	Chemical Probes Portal	rating_count	0	0
IYDMGGPKSVWQRT-UHFFFAOYSA-N	Chemical Probes Portal	unsuitable	0	Yes
IYDMGGPKSVWQRT-UHFFFAOYSA-N	Chemical Probes Portal	pains	0	No
IYDMGGPKSVWQRT-UHFFFAOYSA-N	Chemical Probes Portal	toxicophore	0	No
IYDMGGPKSVWQRT-UHFFFAOYSA-N	Chemical Probes Portal	published_date	0	2017-06-02
IYDMGGPKSVWQRT-UHFFFAOYSA-N	Chemical Probes Portal	canSAR_ID	0	865782
IYDMGGPKSVWQRT-UHFFFAOYSA-N	Chemical Probes Portal	url	0	https://www.chemicalprobes.org/unsuitables/nutlin-1
BDUHCSBCVGXTJM-WUFINQPMSA-N	Chemical Probes Portal	rating_in_cell	0	0
BDUHCSBCVGXTJM-WUFINQPMSA-N	Chemical Probes Portal	rating_in_organism	0	0
BDUHCSBCVGXTJM-WUFINQPMSA-N	Chemical Probes Portal	rating_count	0	0
BDUHCSBCVGXTJM-WUFINQPMSA-N	Chemical Probes Portal	unsuitable	0	Yes
BDUHCSBCVGXTJM-WUFINQPMSA-N	Chemical Probes Portal	pains	0	No
BDUHCSBCVGXTJM-WUFINQPMSA-N	Chemical Probes Portal	toxicophore	0	No
BDUHCSBCVGXTJM-WUFINQPMSA-N	Chemical Probes Portal	published_date	0	2017-06-02
BDUHCSBCVGXTJM-WUFINQPMSA-N	Chemical Probes Portal	canSAR_ID	0	813911
BDUHCSBCVGXTJM-WUFINQPMSA-N	Chemical Probes Portal	url	0	https://www.chemicalprobes.org/unsuitables/nutlin-3a
QZJRNGXHRQJBJH-UHFFFAOYSA-N	Chemical Probes Portal	rating_in_cell	0	0
QZJRNGXHRQJBJH-UHFFFAOYSA-N	Chemical Probes Portal	rating_in_organism	0	0
QZJRNGXHRQJBJH-UHFFFAOYSA-N	Chemical Probes Portal	rating_count	0	0
QZJRNGXHRQJBJH-UHFFFAOYSA-N	Chemical Probes Portal	unsuitable	0	Yes
QZJRNGXHRQJBJH-UHFFFAOYSA-N	Chemical Probes Portal	pains	0	No
QZJRNGXHRQJBJH-UHFFFAOYSA-N	Chemical Probes Portal	toxicophore	0	No
QZJRNGXHRQJBJH-UHFFFAOYSA-N	Chemical Probes Portal	published_date	0	2017-06-02
QZJRNGXHRQJBJH-UHFFFAOYSA-N	Chemical Probes Portal	canSAR_ID	0	432336
QZJRNGXHRQJBJH-UHFFFAOYSA-N	Chemical Probes Portal	url	0	https://www.chemicalprobes.org/unsuitables/pb12
FLEPRYJBTOPZTM-UKILVPOCSA-N	Chemical Probes Portal	rating_in_cell	0	0
FLEPRYJBTOPZTM-UKILVPOCSA-N	Chemical Probes Portal	rating_in_organism	0	0
FLEPRYJBTOPZTM-UKILVPOCSA-N	Chemical Probes Portal	rating_count	0	0
FLEPRYJBTOPZTM-UKILVPOCSA-N	Chemical Probes Portal	unsuitable	0	Yes
FLEPRYJBTOPZTM-UKILVPOCSA-N	Chemical Probes Portal	pains	0	No
FLEPRYJBTOPZTM-UKILVPOCSA-N	Chemical Probes Portal	toxicophore	0	No
FLEPRYJBTOPZTM-UKILVPOCSA-N	Chemical Probes Portal	published_date	0	2017-06-02
FLEPRYJBTOPZTM-UKILVPOCSA-N	Chemical Probes Portal	canSAR_ID	0	391134
FLEPRYJBTOPZTM-UKILVPOCSA-N	Chemical Probes Portal	url	0	https://www.chemicalprobes.org/unsuitables/pb11
HMKAZNCSHAJLSA-HIJQLYNKSA-N	Chemical Probes Portal	rating_in_cell	0	0
HMKAZNCSHAJLSA-HIJQLYNKSA-N	Chemical Probes Portal	rating_in_organism	0	0
HMKAZNCSHAJLSA-HIJQLYNKSA-N	Chemical Probes Portal	rating_count	0	0
HMKAZNCSHAJLSA-HIJQLYNKSA-N	Chemical Probes Portal	unsuitable	0	Yes
HMKAZNCSHAJLSA-HIJQLYNKSA-N	Chemical Probes Portal	pains	0	No
HMKAZNCSHAJLSA-HIJQLYNKSA-N	Chemical Probes Portal	toxicophore	0	No
HMKAZNCSHAJLSA-HIJQLYNKSA-N	Chemical Probes Portal	published_date	0	2017-06-06
HMKAZNCSHAJLSA-HIJQLYNKSA-N	Chemical Probes Portal	canSAR_ID	0	777492
HMKAZNCSHAJLSA-HIJQLYNKSA-N	Chemical Probes Portal	url	0	https://www.chemicalprobes.org/unsuitables/am-8735
CGCOPBXAGSCZNX-FNQJWKMRSA-N	Chemical Probes Portal	rating_in_cell	0	3
CGCOPBXAGSCZNX-FNQJWKMRSA-N	Chemical Probes Portal	rating_in_organism	0	3.5
CGCOPBXAGSCZNX-FNQJWKMRSA-N	Chemical Probes Portal	rating_count	0	2
CGCOPBXAGSCZNX-FNQJWKMRSA-N	Chemical Probes Portal	unsuitable	0	No
CGCOPBXAGSCZNX-FNQJWKMRSA-N	Chemical Probes Portal	pains	0	No
CGCOPBXAGSCZNX-FNQJWKMRSA-N	Chemical Probes Portal	toxicophore	0	Yes
CGCOPBXAGSCZNX-FNQJWKMRSA-N	Chemical Probes Portal	published_date	0	2017-06-06
CGCOPBXAGSCZNX-FNQJWKMRSA-N	Chemical Probes Portal	canSAR_ID	0	872752
CGCOPBXAGSCZNX-FNQJWKMRSA-N	Chemical Probes Portal	url	0	https://www.chemicalprobes.org/ro2468
ARYVAQSYRLZVQD-UHFFFAOYSA-N	Chemical Probes Portal	rating_in_cell	0	3
ARYVAQSYRLZVQD-UHFFFAOYSA-N	Chemical Probes Portal	rating_in_organism	0	3.5
ARYVAQSYRLZVQD-UHFFFAOYSA-N	Chemical Probes Portal	rating_count	0	2
ARYVAQSYRLZVQD-UHFFFAOYSA-N	Chemical Probes Portal	unsuitable	0	No
ARYVAQSYRLZVQD-UHFFFAOYSA-N	Chemical Probes Portal	pains	0	No
ARYVAQSYRLZVQD-UHFFFAOYSA-N	Chemical Probes Portal	toxicophore	0	No
ARYVAQSYRLZVQD-UHFFFAOYSA-N	Chemical Probes Portal	published_date	0	2017-06-14
ARYVAQSYRLZVQD-UHFFFAOYSA-N	Chemical Probes Portal	canSAR_ID	0	121519
ARYVAQSYRLZVQD-UHFFFAOYSA-N	Chemical Probes Portal	url	0	https://www.chemicalprobes.org/nms-p118
XZFYSTPLSPZNKJ-UHFFFAOYSA-N	Chemical Probes Portal	rating_in_cell	0	0
XZFYSTPLSPZNKJ-UHFFFAOYSA-N	Chemical Probes Portal	rating_in_organism	0	0
XZFYSTPLSPZNKJ-UHFFFAOYSA-N	Chemical Probes Portal	rating_count	0	0
XZFYSTPLSPZNKJ-UHFFFAOYSA-N	Chemical Probes Portal	unsuitable	0	Yes
XZFYSTPLSPZNKJ-UHFFFAOYSA-N	Chemical Probes Portal	pains	0	Yes
XZFYSTPLSPZNKJ-UHFFFAOYSA-N	Chemical Probes Portal	toxicophore	0	No
XZFYSTPLSPZNKJ-UHFFFAOYSA-N	Chemical Probes Portal	published_date	0	2017-06-22
XZFYSTPLSPZNKJ-UHFFFAOYSA-N	Chemical Probes Portal	canSAR_ID	0	3312902
XZFYSTPLSPZNKJ-UHFFFAOYSA-N	Chemical Probes Portal	url	0	https://www.chemicalprobes.org/unsuitables/rh02007
ZFEXNHYQHDJAGL-UHFFFAOYSA-N	Chemical Probes Portal	rating_in_cell	0	0
ZFEXNHYQHDJAGL-UHFFFAOYSA-N	Chemical Probes Portal	rating_in_organism	0	0
ZFEXNHYQHDJAGL-UHFFFAOYSA-N	Chemical Probes Portal	rating_count	0	0
ZFEXNHYQHDJAGL-UHFFFAOYSA-N	Chemical Probes Portal	unsuitable	0	Yes
ZFEXNHYQHDJAGL-UHFFFAOYSA-N	Chemical Probes Portal	pains	0	No
ZFEXNHYQHDJAGL-UHFFFAOYSA-N	Chemical Probes Portal	toxicophore	0	No
ZFEXNHYQHDJAGL-UHFFFAOYSA-N	Chemical Probes Portal	published_date	0	2017-06-22
ZFEXNHYQHDJAGL-UHFFFAOYSA-N	Chemical Probes Portal	canSAR_ID	0	3312905
ZFEXNHYQHDJAGL-UHFFFAOYSA-N	Chemical Probes Portal	url	0	https://www.chemicalprobes.org/unsuitables/nsc83143
CGLMQIIIQWNAMG-UHFFFAOYSA-N	Chemical Probes Portal	rating_in_cell	0	0
CGLMQIIIQWNAMG-UHFFFAOYSA-N	Chemical Probes Portal	rating_in_organism	0	0
CGLMQIIIQWNAMG-UHFFFAOYSA-N	Chemical Probes Portal	rating_count	0	0
CGLMQIIIQWNAMG-UHFFFAOYSA-N	Chemical Probes Portal	unsuitable	0	Yes
CGLMQIIIQWNAMG-UHFFFAOYSA-N	Chemical Probes Portal	pains	0	No
CGLMQIIIQWNAMG-UHFFFAOYSA-N	Chemical Probes Portal	toxicophore	0	Yes
CGLMQIIIQWNAMG-UHFFFAOYSA-N	Chemical Probes Portal	published_date	0	2017-06-22
CGLMQIIIQWNAMG-UHFFFAOYSA-N	Chemical Probes Portal	canSAR_ID	0	3313081
CGLMQIIIQWNAMG-UHFFFAOYSA-N	Chemical Probes Portal	url	0	https://www.chemicalprobes.org/unsuitables/nsc135098
XKTMIJODWOEBKO-UHFFFAOYSA-M	Chemical Probes Portal	rating_in_cell	0	0
XKTMIJODWOEBKO-UHFFFAOYSA-M	Chemical Probes Portal	rating_in_organism	0	0
XKTMIJODWOEBKO-UHFFFAOYSA-M	Chemical Probes Portal	rating_count	0	0
XKTMIJODWOEBKO-UHFFFAOYSA-M	Chemical Probes Portal	unsuitable	0	Yes
XKTMIJODWOEBKO-UHFFFAOYSA-M	Chemical Probes Portal	pains	0	Yes
XKTMIJODWOEBKO-UHFFFAOYSA-M	Chemical Probes Portal	toxicophore	0	Yes
XKTMIJODWOEBKO-UHFFFAOYSA-M	Chemical Probes Portal	published_date	0	2017-06-22
XKTMIJODWOEBKO-UHFFFAOYSA-M	Chemical Probes Portal	canSAR_ID	0	933654
XKTMIJODWOEBKO-UHFFFAOYSA-M	Chemical Probes Portal	url	0	https://www.chemicalprobes.org/unsuitables/acid green 3
ASUGUQWIHMTFJL-QGZVFWFLSA-N	Chemical Probes Portal	rating_in_cell	0	0
ASUGUQWIHMTFJL-QGZVFWFLSA-N	Chemical Probes Portal	rating_in_organism	0	0
ASUGUQWIHMTFJL-QGZVFWFLSA-N	Chemical Probes Portal	rating_count	0	0
ASUGUQWIHMTFJL-QGZVFWFLSA-N	Chemical Probes Portal	unsuitable	0	Yes
ASUGUQWIHMTFJL-QGZVFWFLSA-N	Chemical Probes Portal	pains	0	No
ASUGUQWIHMTFJL-QGZVFWFLSA-N	Chemical Probes Portal	toxicophore	0	No
ASUGUQWIHMTFJL-QGZVFWFLSA-N	Chemical Probes Portal	published_date	0	2017-06-26
ASUGUQWIHMTFJL-QGZVFWFLSA-N	Chemical Probes Portal	canSAR_ID	0	113802
ASUGUQWIHMTFJL-QGZVFWFLSA-N	Chemical Probes Portal	url	0	https://www.chemicalprobes.org/unsuitables/decernotinib
ZHEHVZXPFVXKEY-LYGOBDSISA-N	Chemical Probes Portal	rating_in_cell	0	0
ZHEHVZXPFVXKEY-LYGOBDSISA-N	Chemical Probes Portal	rating_in_organism	0	0
ZHEHVZXPFVXKEY-LYGOBDSISA-N	Chemical Probes Portal	rating_count	0	0
ZHEHVZXPFVXKEY-LYGOBDSISA-N	Chemical Probes Portal	unsuitable	0	Yes
ZHEHVZXPFVXKEY-LYGOBDSISA-N	Chemical Probes Portal	pains	0	No
ZHEHVZXPFVXKEY-LYGOBDSISA-N	Chemical Probes Portal	toxicophore	0	No
ZHEHVZXPFVXKEY-LYGOBDSISA-N	Chemical Probes Portal	published_date	0	2017-06-27
ZHEHVZXPFVXKEY-LYGOBDSISA-N	Chemical Probes Portal	canSAR_ID	0	3145847
ZHEHVZXPFVXKEY-LYGOBDSISA-N	Chemical Probes Portal	url	0	https://www.chemicalprobes.org/unsuitables/kt5720
VLULRUCCHYVXOH-UHFFFAOYSA-N	Chemical Probes Portal	rating_in_cell	0	0
VLULRUCCHYVXOH-UHFFFAOYSA-N	Chemical Probes Portal	rating_in_organism	0	0
VLULRUCCHYVXOH-UHFFFAOYSA-N	Chemical Probes Portal	rating_count	0	0
VLULRUCCHYVXOH-UHFFFAOYSA-N	Chemical Probes Portal	unsuitable	0	Yes
VLULRUCCHYVXOH-UHFFFAOYSA-N	Chemical Probes Portal	pains	0	No
VLULRUCCHYVXOH-UHFFFAOYSA-N	Chemical Probes Portal	toxicophore	0	No
VLULRUCCHYVXOH-UHFFFAOYSA-N	Chemical Probes Portal	published_date	0	2017-07-18
VLULRUCCHYVXOH-UHFFFAOYSA-N	Chemical Probes Portal	canSAR_ID	0	233041
VLULRUCCHYVXOH-UHFFFAOYSA-N	Chemical Probes Portal	url	0	https://www.chemicalprobes.org/unsuitables/onc201
LTYNXERAWVCPAH-OHRKNAERSA-N	Chemical Probes Portal	rating_in_cell	0	2.3333333333333335
LTYNXERAWVCPAH-OHRKNAERSA-N	Chemical Probes Portal	rating_in_organism	0	0
LTYNXERAWVCPAH-OHRKNAERSA-N	Chemical Probes Portal	rating_count	0	3
LTYNXERAWVCPAH-OHRKNAERSA-N	Chemical Probes Portal	unsuitable	0	No
LTYNXERAWVCPAH-OHRKNAERSA-N	Chemical Probes Portal	pains	0	No
LTYNXERAWVCPAH-OHRKNAERSA-N	Chemical Probes Portal	toxicophore	0	Yes
LTYNXERAWVCPAH-OHRKNAERSA-N	Chemical Probes Portal	published_date	0	2017-06-23
LTYNXERAWVCPAH-OHRKNAERSA-N	Chemical Probes Portal	canSAR_ID	0	2958985
LTYNXERAWVCPAH-OHRKNAERSA-N	Chemical Probes Portal	url	0	https://www.chemicalprobes.org/cotransin
YRRAGUMVDQQZIY-UHFFFAOYSA-N	Chemical Probes Portal	rating_in_cell	0	0
YRRAGUMVDQQZIY-UHFFFAOYSA-N	Chemical Probes Portal	rating_in_organism	0	0
YRRAGUMVDQQZIY-UHFFFAOYSA-N	Chemical Probes Portal	rating_count	0	0
YRRAGUMVDQQZIY-UHFFFAOYSA-N	Chemical Probes Portal	unsuitable	0	Yes
YRRAGUMVDQQZIY-UHFFFAOYSA-N	Chemical Probes Portal	pains	0	Yes
YRRAGUMVDQQZIY-UHFFFAOYSA-N	Chemical Probes Portal	toxicophore	0	Yes
YRRAGUMVDQQZIY-UHFFFAOYSA-N	Chemical Probes Portal	published_date	0	2017-06-22
YRRAGUMVDQQZIY-UHFFFAOYSA-N	Chemical Probes Portal	canSAR_ID	0	1401932
YRRAGUMVDQQZIY-UHFFFAOYSA-N	Chemical Probes Portal	url	0	https://www.chemicalprobes.org/unsuitables/gossypetin
VWFIHGWHMXSTAO-UHFFFAOYSA-N	Chemical Probes Portal	rating_in_cell	0	0
VWFIHGWHMXSTAO-UHFFFAOYSA-N	Chemical Probes Portal	rating_in_organism	0	0
VWFIHGWHMXSTAO-UHFFFAOYSA-N	Chemical Probes Portal	rating_count	0	0
VWFIHGWHMXSTAO-UHFFFAOYSA-N	Chemical Probes Portal	unsuitable	0	Yes
VWFIHGWHMXSTAO-UHFFFAOYSA-N	Chemical Probes Portal	pains	0	No
VWFIHGWHMXSTAO-UHFFFAOYSA-N	Chemical Probes Portal	toxicophore	0	No
VWFIHGWHMXSTAO-UHFFFAOYSA-N	Chemical Probes Portal	published_date	0	2017-06-22
VWFIHGWHMXSTAO-UHFFFAOYSA-N	Chemical Probes Portal	canSAR_ID	0	1200722
VWFIHGWHMXSTAO-UHFFFAOYSA-N	Chemical Probes Portal	url	0	https://www.chemicalprobes.org/unsuitables/dshs00884
JPOAXWSMFOLMQH-UWWJMHSNSA-N	Chemical Probes Portal	rating_in_cell	0	0
JPOAXWSMFOLMQH-UWWJMHSNSA-N	Chemical Probes Portal	rating_in_organism	0	0
JPOAXWSMFOLMQH-UWWJMHSNSA-N	Chemical Probes Portal	rating_count	0	0
JPOAXWSMFOLMQH-UWWJMHSNSA-N	Chemical Probes Portal	unsuitable	0	Yes
JPOAXWSMFOLMQH-UWWJMHSNSA-N	Chemical Probes Portal	pains	0	No
JPOAXWSMFOLMQH-UWWJMHSNSA-N	Chemical Probes Portal	toxicophore	0	No
JPOAXWSMFOLMQH-UWWJMHSNSA-N	Chemical Probes Portal	published_date	0	2017-06-22
JPOAXWSMFOLMQH-UWWJMHSNSA-N	Chemical Probes Portal	canSAR_ID	0	3312910
JPOAXWSMFOLMQH-UWWJMHSNSA-N	Chemical Probes Portal	url	0	https://www.chemicalprobes.org/unsuitables/nsc117907
QKJRDUVFCNBDGG-YKXMQWBGSA-N	Chemical Probes Portal	rating_in_cell	0	0
QKJRDUVFCNBDGG-YKXMQWBGSA-N	Chemical Probes Portal	rating_in_organism	0	0
QKJRDUVFCNBDGG-YKXMQWBGSA-N	Chemical Probes Portal	rating_count	0	0
QKJRDUVFCNBDGG-YKXMQWBGSA-N	Chemical Probes Portal	unsuitable	0	Yes
QKJRDUVFCNBDGG-YKXMQWBGSA-N	Chemical Probes Portal	pains	0	No
QKJRDUVFCNBDGG-YKXMQWBGSA-N	Chemical Probes Portal	toxicophore	0	Yes
QKJRDUVFCNBDGG-YKXMQWBGSA-N	Chemical Probes Portal	published_date	0	2017-06-22
QKJRDUVFCNBDGG-YKXMQWBGSA-N	Chemical Probes Portal	canSAR_ID	0	3312907
QKJRDUVFCNBDGG-YKXMQWBGSA-N	Chemical Probes Portal	url	0	https://www.chemicalprobes.org/unsuitables/nsc216029
BGLPECHZZQDNCD-UHFFFAOYSA-N	Chemical Probes Portal	rating_in_cell	0	0
BGLPECHZZQDNCD-UHFFFAOYSA-N	Chemical Probes Portal	rating_in_organism	0	0
BGLPECHZZQDNCD-UHFFFAOYSA-N	Chemical Probes Portal	rating_count	0	0
BGLPECHZZQDNCD-UHFFFAOYSA-N	Chemical Probes Portal	unsuitable	0	Yes
BGLPECHZZQDNCD-UHFFFAOYSA-N	Chemical Probes Portal	pains	0	Yes
BGLPECHZZQDNCD-UHFFFAOYSA-N	Chemical Probes Portal	toxicophore	0	No
BGLPECHZZQDNCD-UHFFFAOYSA-N	Chemical Probes Portal	published_date	0	2017-06-26
BGLPECHZZQDNCD-UHFFFAOYSA-N	Chemical Probes Portal	canSAR_ID	0	328588
BGLPECHZZQDNCD-UHFFFAOYSA-N	Chemical Probes Portal	url	0	https://www.chemicalprobes.org/unsuitables/cerdulatinib
HWXVIOGONBBTBY-ONEGZZNKSA-N	Chemical Probes Portal	rating_in_cell	0	0
HWXVIOGONBBTBY-ONEGZZNKSA-N	Chemical Probes Portal	rating_in_organism	0	0
HWXVIOGONBBTBY-ONEGZZNKSA-N	Chemical Probes Portal	rating_count	0	0
HWXVIOGONBBTBY-ONEGZZNKSA-N	Chemical Probes Portal	unsuitable	0	Yes
HWXVIOGONBBTBY-ONEGZZNKSA-N	Chemical Probes Portal	pains	0	No
HWXVIOGONBBTBY-ONEGZZNKSA-N	Chemical Probes Portal	toxicophore	0	No
HWXVIOGONBBTBY-ONEGZZNKSA-N	Chemical Probes Portal	published_date	0	2017-06-26
HWXVIOGONBBTBY-ONEGZZNKSA-N	Chemical Probes Portal	canSAR_ID	0	646856
HWXVIOGONBBTBY-ONEGZZNKSA-N	Chemical Probes Portal	url	0	https://www.chemicalprobes.org/unsuitables/pacritinib
SAGZIBJAQGBRQA-UHFFFAOYSA-N	Chemical Probes Portal	rating_in_cell	0	2.5
SAGZIBJAQGBRQA-UHFFFAOYSA-N	Chemical Probes Portal	rating_in_organism	0	3
SAGZIBJAQGBRQA-UHFFFAOYSA-N	Chemical Probes Portal	rating_count	0	2
SAGZIBJAQGBRQA-UHFFFAOYSA-N	Chemical Probes Portal	unsuitable	0	No
SAGZIBJAQGBRQA-UHFFFAOYSA-N	Chemical Probes Portal	pains	0	No
SAGZIBJAQGBRQA-UHFFFAOYSA-N	Chemical Probes Portal	toxicophore	0	No
SAGZIBJAQGBRQA-UHFFFAOYSA-N	Chemical Probes Portal	published_date	0	2021-02-05
SAGZIBJAQGBRQA-UHFFFAOYSA-N	Chemical Probes Portal	canSAR_ID	0	410745
SAGZIBJAQGBRQA-UHFFFAOYSA-N	Chemical Probes Portal	url	0	https://www.chemicalprobes.org/gw788388
PNMYJIOQIAEYQL-UHFFFAOYSA-N	Chemical Probes Portal	rating_in_cell	0	0
PNMYJIOQIAEYQL-UHFFFAOYSA-N	Chemical Probes Portal	rating_in_organism	0	0
PNMYJIOQIAEYQL-UHFFFAOYSA-N	Chemical Probes Portal	rating_count	0	0
PNMYJIOQIAEYQL-UHFFFAOYSA-N	Chemical Probes Portal	unsuitable	0	Yes
PNMYJIOQIAEYQL-UHFFFAOYSA-N	Chemical Probes Portal	pains	0	No
PNMYJIOQIAEYQL-UHFFFAOYSA-N	Chemical Probes Portal	toxicophore	0	No
PNMYJIOQIAEYQL-UHFFFAOYSA-N	Chemical Probes Portal	published_date	0	2017-07-08
PNMYJIOQIAEYQL-UHFFFAOYSA-N	Chemical Probes Portal	canSAR_ID	0	1157610
PNMYJIOQIAEYQL-UHFFFAOYSA-N	Chemical Probes Portal	url	0	https://www.chemicalprobes.org/unsuitables/th588
KTEIFNKAUNYNJU-LBPRGKRZSA-N	Chemical Probes Portal	rating_in_cell	0	0
KTEIFNKAUNYNJU-LBPRGKRZSA-N	Chemical Probes Portal	rating_in_organism	0	0
KTEIFNKAUNYNJU-LBPRGKRZSA-N	Chemical Probes Portal	rating_count	0	0
KTEIFNKAUNYNJU-LBPRGKRZSA-N	Chemical Probes Portal	unsuitable	0	Yes
KTEIFNKAUNYNJU-LBPRGKRZSA-N	Chemical Probes Portal	pains	0	No
KTEIFNKAUNYNJU-LBPRGKRZSA-N	Chemical Probes Portal	toxicophore	0	No
KTEIFNKAUNYNJU-LBPRGKRZSA-N	Chemical Probes Portal	published_date	0	2017-07-08
KTEIFNKAUNYNJU-LBPRGKRZSA-N	Chemical Probes Portal	canSAR_ID	0	255181
KTEIFNKAUNYNJU-LBPRGKRZSA-N	Chemical Probes Portal	url	0	https://www.chemicalprobes.org/unsuitables/s-crizotinib
AVZCPICCWKMZDT-UHFFFAOYSA-N	Chemical Probes Portal	rating_in_cell	0	0
AVZCPICCWKMZDT-UHFFFAOYSA-N	Chemical Probes Portal	rating_in_organism	0	0
AVZCPICCWKMZDT-UHFFFAOYSA-N	Chemical Probes Portal	rating_count	0	0
AVZCPICCWKMZDT-UHFFFAOYSA-N	Chemical Probes Portal	unsuitable	0	Yes
AVZCPICCWKMZDT-UHFFFAOYSA-N	Chemical Probes Portal	pains	0	No
AVZCPICCWKMZDT-UHFFFAOYSA-N	Chemical Probes Portal	toxicophore	0	No
AVZCPICCWKMZDT-UHFFFAOYSA-N	Chemical Probes Portal	published_date	0	2017-07-08
AVZCPICCWKMZDT-UHFFFAOYSA-N	Chemical Probes Portal	canSAR_ID	0	207430
AVZCPICCWKMZDT-UHFFFAOYSA-N	Chemical Probes Portal	url	0	https://www.chemicalprobes.org/unsuitables/gsk-j1
KWUZCAVKPCRJPO-UHFFFAOYSA-N	Chemical Probes Portal	rating_in_cell	0	0
KWUZCAVKPCRJPO-UHFFFAOYSA-N	Chemical Probes Portal	rating_in_organism	0	0
KWUZCAVKPCRJPO-UHFFFAOYSA-N	Chemical Probes Portal	rating_count	0	0
KWUZCAVKPCRJPO-UHFFFAOYSA-N	Chemical Probes Portal	unsuitable	0	Yes
KWUZCAVKPCRJPO-UHFFFAOYSA-N	Chemical Probes Portal	pains	0	No
KWUZCAVKPCRJPO-UHFFFAOYSA-N	Chemical Probes Portal	toxicophore	0	No
KWUZCAVKPCRJPO-UHFFFAOYSA-N	Chemical Probes Portal	published_date	0	2017-07-08
KWUZCAVKPCRJPO-UHFFFAOYSA-N	Chemical Probes Portal	canSAR_ID	0	3312908
KWUZCAVKPCRJPO-UHFFFAOYSA-N	Chemical Probes Portal	url	0	https://www.chemicalprobes.org/unsuitables/thio-2
TZALECNALKOBPY-UHFFFAOYSA-N	Chemical Probes Portal	rating_in_cell	0	0
TZALECNALKOBPY-UHFFFAOYSA-N	Chemical Probes Portal	rating_in_organism	0	0
TZALECNALKOBPY-UHFFFAOYSA-N	Chemical Probes Portal	rating_count	0	0
TZALECNALKOBPY-UHFFFAOYSA-N	Chemical Probes Portal	unsuitable	0	Yes
TZALECNALKOBPY-UHFFFAOYSA-N	Chemical Probes Portal	pains	0	Yes
TZALECNALKOBPY-UHFFFAOYSA-N	Chemical Probes Portal	toxicophore	0	No
TZALECNALKOBPY-UHFFFAOYSA-N	Chemical Probes Portal	published_date	0	2017-07-08
TZALECNALKOBPY-UHFFFAOYSA-N	Chemical Probes Portal	canSAR_ID	0	3313069
TZALECNALKOBPY-UHFFFAOYSA-N	Chemical Probes Portal	url	0	https://www.chemicalprobes.org/unsuitables/thioflavin-s
RYCBSFIKWACFBY-UHFFFAOYSA-N	Chemical Probes Portal	rating_in_cell	0	0
RYCBSFIKWACFBY-UHFFFAOYSA-N	Chemical Probes Portal	rating_in_organism	0	0
RYCBSFIKWACFBY-UHFFFAOYSA-N	Chemical Probes Portal	rating_count	0	0
RYCBSFIKWACFBY-UHFFFAOYSA-N	Chemical Probes Portal	unsuitable	0	Yes
RYCBSFIKWACFBY-UHFFFAOYSA-N	Chemical Probes Portal	pains	0	No
RYCBSFIKWACFBY-UHFFFAOYSA-N	Chemical Probes Portal	toxicophore	0	No
RYCBSFIKWACFBY-UHFFFAOYSA-N	Chemical Probes Portal	published_date	0	2017-07-08
RYCBSFIKWACFBY-UHFFFAOYSA-N	Chemical Probes Portal	canSAR_ID	0	744970
RYCBSFIKWACFBY-UHFFFAOYSA-N	Chemical Probes Portal	url	0	https://www.chemicalprobes.org/unsuitables/frax1036
JVDOKQYTTYUYDV-UHFFFAOYSA-N	Chemical Probes Portal	rating_in_cell	0	0
JVDOKQYTTYUYDV-UHFFFAOYSA-N	Chemical Probes Portal	rating_in_organism	0	0
JVDOKQYTTYUYDV-UHFFFAOYSA-N	Chemical Probes Portal	rating_count	0	0
JVDOKQYTTYUYDV-UHFFFAOYSA-N	Chemical Probes Portal	unsuitable	0	Yes
JVDOKQYTTYUYDV-UHFFFAOYSA-N	Chemical Probes Portal	pains	0	Yes
JVDOKQYTTYUYDV-UHFFFAOYSA-N	Chemical Probes Portal	toxicophore	0	No
JVDOKQYTTYUYDV-UHFFFAOYSA-N	Chemical Probes Portal	published_date	0	2017-07-08
JVDOKQYTTYUYDV-UHFFFAOYSA-N	Chemical Probes Portal	canSAR_ID	0	698084
JVDOKQYTTYUYDV-UHFFFAOYSA-N	Chemical Probes Portal	url	0	https://www.chemicalprobes.org/unsuitables/tg10129
HHFBDROWDBDFBR-UHFFFAOYSA-N	Chemical Probes Portal	rating_in_cell	0	0
HHFBDROWDBDFBR-UHFFFAOYSA-N	Chemical Probes Portal	rating_in_organism	0	0
HHFBDROWDBDFBR-UHFFFAOYSA-N	Chemical Probes Portal	rating_count	0	0
HHFBDROWDBDFBR-UHFFFAOYSA-N	Chemical Probes Portal	unsuitable	0	Yes
HHFBDROWDBDFBR-UHFFFAOYSA-N	Chemical Probes Portal	pains	0	No
HHFBDROWDBDFBR-UHFFFAOYSA-N	Chemical Probes Portal	toxicophore	0	No
HHFBDROWDBDFBR-UHFFFAOYSA-N	Chemical Probes Portal	published_date	0	2017-07-08
HHFBDROWDBDFBR-UHFFFAOYSA-N	Chemical Probes Portal	canSAR_ID	0	575044
HHFBDROWDBDFBR-UHFFFAOYSA-N	Chemical Probes Portal	url	0	https://www.chemicalprobes.org/unsuitables/mln8054
ZIMMTPFXOMAJTQ-UHFFFAOYSA-N	Chemical Probes Portal	rating_in_cell	0	0
ZIMMTPFXOMAJTQ-UHFFFAOYSA-N	Chemical Probes Portal	rating_in_organism	0	0
ZIMMTPFXOMAJTQ-UHFFFAOYSA-N	Chemical Probes Portal	rating_count	0	0
ZIMMTPFXOMAJTQ-UHFFFAOYSA-N	Chemical Probes Portal	unsuitable	0	Yes
ZIMMTPFXOMAJTQ-UHFFFAOYSA-N	Chemical Probes Portal	pains	0	No
ZIMMTPFXOMAJTQ-UHFFFAOYSA-N	Chemical Probes Portal	toxicophore	0	No
ZIMMTPFXOMAJTQ-UHFFFAOYSA-N	Chemical Probes Portal	published_date	0	2017-07-08
ZIMMTPFXOMAJTQ-UHFFFAOYSA-N	Chemical Probes Portal	canSAR_ID	0	908308
ZIMMTPFXOMAJTQ-UHFFFAOYSA-N	Chemical Probes Portal	url	0	https://www.chemicalprobes.org/unsuitables/apoptozole
ZZUZYEMRHCMVTB-UHFFFAOYSA-N	Chemical Probes Portal	rating_in_cell	0	0
ZZUZYEMRHCMVTB-UHFFFAOYSA-N	Chemical Probes Portal	rating_in_organism	0	0
ZZUZYEMRHCMVTB-UHFFFAOYSA-N	Chemical Probes Portal	rating_count	0	0
ZZUZYEMRHCMVTB-UHFFFAOYSA-N	Chemical Probes Portal	unsuitable	0	Yes
ZZUZYEMRHCMVTB-UHFFFAOYSA-N	Chemical Probes Portal	pains	0	No
ZZUZYEMRHCMVTB-UHFFFAOYSA-N	Chemical Probes Portal	toxicophore	0	No
ZZUZYEMRHCMVTB-UHFFFAOYSA-N	Chemical Probes Portal	published_date	0	2017-07-08
ZZUZYEMRHCMVTB-UHFFFAOYSA-N	Chemical Probes Portal	canSAR_ID	0	8743
ZZUZYEMRHCMVTB-UHFFFAOYSA-N	Chemical Probes Portal	url	0	https://www.chemicalprobes.org/unsuitables/pifithrin-mu
HAGVCKULCLQGRF-UHFFFAOYSA-N	Chemical Probes Portal	rating_in_cell	0	0
HAGVCKULCLQGRF-UHFFFAOYSA-N	Chemical Probes Portal	rating_in_organism	0	0
HAGVCKULCLQGRF-UHFFFAOYSA-N	Chemical Probes Portal	rating_count	0	0
HAGVCKULCLQGRF-UHFFFAOYSA-N	Chemical Probes Portal	unsuitable	0	Yes
HAGVCKULCLQGRF-UHFFFAOYSA-N	Chemical Probes Portal	pains	0	Yes
HAGVCKULCLQGRF-UHFFFAOYSA-N	Chemical Probes Portal	toxicophore	0	No
HAGVCKULCLQGRF-UHFFFAOYSA-N	Chemical Probes Portal	published_date	0	2017-07-08
HAGVCKULCLQGRF-UHFFFAOYSA-N	Chemical Probes Portal	canSAR_ID	0	1244293
HAGVCKULCLQGRF-UHFFFAOYSA-N	Chemical Probes Portal	url	0	https://www.chemicalprobes.org/unsuitables/pifithrin-alpha
IMUKUMUNZJILCG-UHFFFAOYSA-N	Chemical Probes Portal	rating_in_cell	0	0
IMUKUMUNZJILCG-UHFFFAOYSA-N	Chemical Probes Portal	rating_in_organism	0	0
IMUKUMUNZJILCG-UHFFFAOYSA-N	Chemical Probes Portal	rating_count	0	0
IMUKUMUNZJILCG-UHFFFAOYSA-N	Chemical Probes Portal	unsuitable	0	Yes
IMUKUMUNZJILCG-UHFFFAOYSA-N	Chemical Probes Portal	pains	0	No
IMUKUMUNZJILCG-UHFFFAOYSA-N	Chemical Probes Portal	toxicophore	0	No
IMUKUMUNZJILCG-UHFFFAOYSA-N	Chemical Probes Portal	published_date	0	2017-07-08
IMUKUMUNZJILCG-UHFFFAOYSA-N	Chemical Probes Portal	canSAR_ID	0	1118708
IMUKUMUNZJILCG-UHFFFAOYSA-N	Chemical Probes Portal	url	0	https://www.chemicalprobes.org/unsuitables/pifithrin-beta
MMBSCBVEHMETSA-GDAWTGGTSA-N	Chemical Probes Portal	rating_in_cell	0	0
MMBSCBVEHMETSA-GDAWTGGTSA-N	Chemical Probes Portal	rating_in_organism	0	0
MMBSCBVEHMETSA-GDAWTGGTSA-N	Chemical Probes Portal	rating_count	0	0
MMBSCBVEHMETSA-GDAWTGGTSA-N	Chemical Probes Portal	unsuitable	0	Yes
MMBSCBVEHMETSA-GDAWTGGTSA-N	Chemical Probes Portal	pains	0	Yes
MMBSCBVEHMETSA-GDAWTGGTSA-N	Chemical Probes Portal	toxicophore	0	No
MMBSCBVEHMETSA-GDAWTGGTSA-N	Chemical Probes Portal	published_date	0	2017-07-08
MMBSCBVEHMETSA-GDAWTGGTSA-N	Chemical Probes Portal	canSAR_ID	0	1433969
MMBSCBVEHMETSA-GDAWTGGTSA-N	Chemical Probes Portal	url	0	https://www.chemicalprobes.org/unsuitables/mcb-613
LUYWAGVRXKSNLL-DEOSSOPVSA-N	Chemical Probes Portal	rating_in_cell	0	0
LUYWAGVRXKSNLL-DEOSSOPVSA-N	Chemical Probes Portal	rating_in_organism	0	0
LUYWAGVRXKSNLL-DEOSSOPVSA-N	Chemical Probes Portal	rating_count	0	0
LUYWAGVRXKSNLL-DEOSSOPVSA-N	Chemical Probes Portal	unsuitable	0	Yes
LUYWAGVRXKSNLL-DEOSSOPVSA-N	Chemical Probes Portal	pains	0	No
LUYWAGVRXKSNLL-DEOSSOPVSA-N	Chemical Probes Portal	toxicophore	0	No
LUYWAGVRXKSNLL-DEOSSOPVSA-N	Chemical Probes Portal	published_date	0	2017-07-08
LUYWAGVRXKSNLL-DEOSSOPVSA-N	Chemical Probes Portal	canSAR_ID	0	528188
LUYWAGVRXKSNLL-DEOSSOPVSA-N	Chemical Probes Portal	url	0	https://www.chemicalprobes.org/unsuitables/k4f
FDQXEDMRIBACLZ-UHFFFAOYSA-N	Chemical Probes Portal	rating_in_cell	0	0
FDQXEDMRIBACLZ-UHFFFAOYSA-N	Chemical Probes Portal	rating_in_organism	0	0
FDQXEDMRIBACLZ-UHFFFAOYSA-N	Chemical Probes Portal	rating_count	0	0
FDQXEDMRIBACLZ-UHFFFAOYSA-N	Chemical Probes Portal	unsuitable	0	Yes
FDQXEDMRIBACLZ-UHFFFAOYSA-N	Chemical Probes Portal	pains	0	No
FDQXEDMRIBACLZ-UHFFFAOYSA-N	Chemical Probes Portal	toxicophore	0	No
FDQXEDMRIBACLZ-UHFFFAOYSA-N	Chemical Probes Portal	published_date	0	2017-07-08
FDQXEDMRIBACLZ-UHFFFAOYSA-N	Chemical Probes Portal	canSAR_ID	0	1221513
FDQXEDMRIBACLZ-UHFFFAOYSA-N	Chemical Probes Portal	url	0	https://www.chemicalprobes.org/unsuitables/chembl3414768
GNFSYBNDPOBXLJ-PLNGDYQASA-N	Chemical Probes Portal	rating_in_cell	0	0
GNFSYBNDPOBXLJ-PLNGDYQASA-N	Chemical Probes Portal	rating_in_organism	0	0
GNFSYBNDPOBXLJ-PLNGDYQASA-N	Chemical Probes Portal	rating_count	0	0
GNFSYBNDPOBXLJ-PLNGDYQASA-N	Chemical Probes Portal	unsuitable	0	Yes
GNFSYBNDPOBXLJ-PLNGDYQASA-N	Chemical Probes Portal	pains	0	No
GNFSYBNDPOBXLJ-PLNGDYQASA-N	Chemical Probes Portal	toxicophore	0	Yes
GNFSYBNDPOBXLJ-PLNGDYQASA-N	Chemical Probes Portal	published_date	0	2017-07-08
GNFSYBNDPOBXLJ-PLNGDYQASA-N	Chemical Probes Portal	canSAR_ID	0	1054590
GNFSYBNDPOBXLJ-PLNGDYQASA-N	Chemical Probes Portal	url	0	https://www.chemicalprobes.org/unsuitables/chembl2179989
HWTVYWVFOWWESR-GFCCVEGCSA-N	Chemical Probes Portal	rating_in_cell	0	0
HWTVYWVFOWWESR-GFCCVEGCSA-N	Chemical Probes Portal	rating_in_organism	0	0
HWTVYWVFOWWESR-GFCCVEGCSA-N	Chemical Probes Portal	rating_count	0	0
HWTVYWVFOWWESR-GFCCVEGCSA-N	Chemical Probes Portal	unsuitable	0	Yes
HWTVYWVFOWWESR-GFCCVEGCSA-N	Chemical Probes Portal	pains	0	No
HWTVYWVFOWWESR-GFCCVEGCSA-N	Chemical Probes Portal	toxicophore	0	No
HWTVYWVFOWWESR-GFCCVEGCSA-N	Chemical Probes Portal	published_date	0	2017-07-08
HWTVYWVFOWWESR-GFCCVEGCSA-N	Chemical Probes Portal	canSAR_ID	0	1550908
HWTVYWVFOWWESR-GFCCVEGCSA-N	Chemical Probes Portal	url	0	https://www.chemicalprobes.org/unsuitables/chembl3092538
HRYKZAKEAVZGJD-UHFFFAOYSA-N	Chemical Probes Portal	rating_in_cell	0	0
HRYKZAKEAVZGJD-UHFFFAOYSA-N	Chemical Probes Portal	rating_in_organism	0	0
HRYKZAKEAVZGJD-UHFFFAOYSA-N	Chemical Probes Portal	rating_count	0	0
HRYKZAKEAVZGJD-UHFFFAOYSA-N	Chemical Probes Portal	unsuitable	0	Yes
HRYKZAKEAVZGJD-UHFFFAOYSA-N	Chemical Probes Portal	pains	0	No
HRYKZAKEAVZGJD-UHFFFAOYSA-N	Chemical Probes Portal	toxicophore	0	No
HRYKZAKEAVZGJD-UHFFFAOYSA-N	Chemical Probes Portal	published_date	0	2017-07-08
HRYKZAKEAVZGJD-UHFFFAOYSA-N	Chemical Probes Portal	canSAR_ID	0	8926
HRYKZAKEAVZGJD-UHFFFAOYSA-N	Chemical Probes Portal	url	0	https://www.chemicalprobes.org/unsuitables/chembl483348
VBHDTUSGPSUCNL-KRWDZBQOSA-N	Chemical Probes Portal	rating_in_cell	0	0
VBHDTUSGPSUCNL-KRWDZBQOSA-N	Chemical Probes Portal	rating_in_organism	0	0
VBHDTUSGPSUCNL-KRWDZBQOSA-N	Chemical Probes Portal	rating_count	0	0
VBHDTUSGPSUCNL-KRWDZBQOSA-N	Chemical Probes Portal	unsuitable	0	Yes
VBHDTUSGPSUCNL-KRWDZBQOSA-N	Chemical Probes Portal	pains	0	No
VBHDTUSGPSUCNL-KRWDZBQOSA-N	Chemical Probes Portal	toxicophore	0	No
VBHDTUSGPSUCNL-KRWDZBQOSA-N	Chemical Probes Portal	published_date	0	2017-07-08
VBHDTUSGPSUCNL-KRWDZBQOSA-N	Chemical Probes Portal	canSAR_ID	0	114471
VBHDTUSGPSUCNL-KRWDZBQOSA-N	Chemical Probes Portal	url	0	https://www.chemicalprobes.org/unsuitables/chembl3092523
HWTVYWVFOWWESR-LBPRGKRZSA-N	Chemical Probes Portal	rating_in_cell	0	0
HWTVYWVFOWWESR-LBPRGKRZSA-N	Chemical Probes Portal	rating_in_organism	0	0
HWTVYWVFOWWESR-LBPRGKRZSA-N	Chemical Probes Portal	rating_count	0	0
HWTVYWVFOWWESR-LBPRGKRZSA-N	Chemical Probes Portal	unsuitable	0	Yes
HWTVYWVFOWWESR-LBPRGKRZSA-N	Chemical Probes Portal	pains	0	No
HWTVYWVFOWWESR-LBPRGKRZSA-N	Chemical Probes Portal	toxicophore	0	No
HWTVYWVFOWWESR-LBPRGKRZSA-N	Chemical Probes Portal	published_date	0	2017-07-08
HWTVYWVFOWWESR-LBPRGKRZSA-N	Chemical Probes Portal	canSAR_ID	0	1550909
HWTVYWVFOWWESR-LBPRGKRZSA-N	Chemical Probes Portal	url	0	https://www.chemicalprobes.org/unsuitables/chembl3092539
NMZRTRAYSHQMPR-UHFFFAOYSA-N	Chemical Probes Portal	rating_in_cell	0	0
NMZRTRAYSHQMPR-UHFFFAOYSA-N	Chemical Probes Portal	rating_in_organism	0	0
NMZRTRAYSHQMPR-UHFFFAOYSA-N	Chemical Probes Portal	rating_count	0	0
NMZRTRAYSHQMPR-UHFFFAOYSA-N	Chemical Probes Portal	unsuitable	0	Yes
NMZRTRAYSHQMPR-UHFFFAOYSA-N	Chemical Probes Portal	pains	0	No
NMZRTRAYSHQMPR-UHFFFAOYSA-N	Chemical Probes Portal	toxicophore	0	No
NMZRTRAYSHQMPR-UHFFFAOYSA-N	Chemical Probes Portal	published_date	0	2017-07-08
NMZRTRAYSHQMPR-UHFFFAOYSA-N	Chemical Probes Portal	canSAR_ID	0	14467
NMZRTRAYSHQMPR-UHFFFAOYSA-N	Chemical Probes Portal	url	0	https://www.chemicalprobes.org/unsuitables/chembl3416132
ZHXIMGYEMBZGOI-UHFFFAOYSA-N	Chemical Probes Portal	rating_in_cell	0	0
ZHXIMGYEMBZGOI-UHFFFAOYSA-N	Chemical Probes Portal	rating_in_organism	0	0
ZHXIMGYEMBZGOI-UHFFFAOYSA-N	Chemical Probes Portal	rating_count	0	0
ZHXIMGYEMBZGOI-UHFFFAOYSA-N	Chemical Probes Portal	unsuitable	0	Yes
ZHXIMGYEMBZGOI-UHFFFAOYSA-N	Chemical Probes Portal	pains	0	No
ZHXIMGYEMBZGOI-UHFFFAOYSA-N	Chemical Probes Portal	toxicophore	0	No
ZHXIMGYEMBZGOI-UHFFFAOYSA-N	Chemical Probes Portal	published_date	0	2017-07-08
ZHXIMGYEMBZGOI-UHFFFAOYSA-N	Chemical Probes Portal	canSAR_ID	0	1065940
ZHXIMGYEMBZGOI-UHFFFAOYSA-N	Chemical Probes Portal	url	0	https://www.chemicalprobes.org/unsuitables/nsc-93392
DTMHAFMUJHYVGK-UHFFFAOYSA-N	Chemical Probes Portal	rating_in_cell	0	0
DTMHAFMUJHYVGK-UHFFFAOYSA-N	Chemical Probes Portal	rating_in_organism	0	0
DTMHAFMUJHYVGK-UHFFFAOYSA-N	Chemical Probes Portal	rating_count	0	0
DTMHAFMUJHYVGK-UHFFFAOYSA-N	Chemical Probes Portal	unsuitable	0	Yes
DTMHAFMUJHYVGK-UHFFFAOYSA-N	Chemical Probes Portal	pains	0	No
DTMHAFMUJHYVGK-UHFFFAOYSA-N	Chemical Probes Portal	toxicophore	0	No
DTMHAFMUJHYVGK-UHFFFAOYSA-N	Chemical Probes Portal	published_date	0	2017-07-08
DTMHAFMUJHYVGK-UHFFFAOYSA-N	Chemical Probes Portal	canSAR_ID	0	1107538
DTMHAFMUJHYVGK-UHFFFAOYSA-N	Chemical Probes Portal	url	0	https://www.chemicalprobes.org/unsuitables/chembl3589281
KXSIHXHEHABEJX-UHFFFAOYSA-N	Chemical Probes Portal	rating_in_cell	0	0
KXSIHXHEHABEJX-UHFFFAOYSA-N	Chemical Probes Portal	rating_in_organism	0	0
KXSIHXHEHABEJX-UHFFFAOYSA-N	Chemical Probes Portal	rating_count	0	0
KXSIHXHEHABEJX-UHFFFAOYSA-N	Chemical Probes Portal	unsuitable	0	Yes
KXSIHXHEHABEJX-UHFFFAOYSA-N	Chemical Probes Portal	pains	0	No
KXSIHXHEHABEJX-UHFFFAOYSA-N	Chemical Probes Portal	toxicophore	0	No
KXSIHXHEHABEJX-UHFFFAOYSA-N	Chemical Probes Portal	published_date	0	2017-07-08
KXSIHXHEHABEJX-UHFFFAOYSA-N	Chemical Probes Portal	canSAR_ID	0	1308630
KXSIHXHEHABEJX-UHFFFAOYSA-N	Chemical Probes Portal	url	0	https://www.chemicalprobes.org/unsuitables/620223
IJAPPYDYQCXOEF-UHFFFAOYSA-N	Chemical Probes Portal	rating_in_cell	0	0
IJAPPYDYQCXOEF-UHFFFAOYSA-N	Chemical Probes Portal	rating_in_organism	0	0
IJAPPYDYQCXOEF-UHFFFAOYSA-N	Chemical Probes Portal	rating_count	0	0
IJAPPYDYQCXOEF-UHFFFAOYSA-N	Chemical Probes Portal	unsuitable	0	Yes
IJAPPYDYQCXOEF-UHFFFAOYSA-N	Chemical Probes Portal	pains	0	No
IJAPPYDYQCXOEF-UHFFFAOYSA-N	Chemical Probes Portal	toxicophore	0	No
IJAPPYDYQCXOEF-UHFFFAOYSA-N	Chemical Probes Portal	published_date	0	2017-07-08
IJAPPYDYQCXOEF-UHFFFAOYSA-N	Chemical Probes Portal	canSAR_ID	0	89399
IJAPPYDYQCXOEF-UHFFFAOYSA-N	Chemical Probes Portal	url	0	https://www.chemicalprobes.org/unsuitables/phthalazinone
ZLYVTQGSZRQZLA-UHFFFAOYSA-N	Chemical Probes Portal	rating_in_cell	0	0
ZLYVTQGSZRQZLA-UHFFFAOYSA-N	Chemical Probes Portal	rating_in_organism	0	0
ZLYVTQGSZRQZLA-UHFFFAOYSA-N	Chemical Probes Portal	rating_count	0	0
ZLYVTQGSZRQZLA-UHFFFAOYSA-N	Chemical Probes Portal	unsuitable	0	Yes
ZLYVTQGSZRQZLA-UHFFFAOYSA-N	Chemical Probes Portal	pains	0	No
ZLYVTQGSZRQZLA-UHFFFAOYSA-N	Chemical Probes Portal	toxicophore	0	No
ZLYVTQGSZRQZLA-UHFFFAOYSA-N	Chemical Probes Portal	published_date	0	2017-07-08
ZLYVTQGSZRQZLA-UHFFFAOYSA-N	Chemical Probes Portal	canSAR_ID	0	1181168
ZLYVTQGSZRQZLA-UHFFFAOYSA-N	Chemical Probes Portal	url	0	https://www.chemicalprobes.org/unsuitables/gjw
NVVWVYYHTKCIAE-UHFFFAOYSA-N	Chemical Probes Portal	rating_in_cell	0	0
NVVWVYYHTKCIAE-UHFFFAOYSA-N	Chemical Probes Portal	rating_in_organism	0	0
NVVWVYYHTKCIAE-UHFFFAOYSA-N	Chemical Probes Portal	rating_count	0	0
NVVWVYYHTKCIAE-UHFFFAOYSA-N	Chemical Probes Portal	unsuitable	0	Yes
NVVWVYYHTKCIAE-UHFFFAOYSA-N	Chemical Probes Portal	pains	0	No
NVVWVYYHTKCIAE-UHFFFAOYSA-N	Chemical Probes Portal	toxicophore	0	No
NVVWVYYHTKCIAE-UHFFFAOYSA-N	Chemical Probes Portal	published_date	0	2017-07-08
NVVWVYYHTKCIAE-UHFFFAOYSA-N	Chemical Probes Portal	canSAR_ID	0	1166997
NVVWVYYHTKCIAE-UHFFFAOYSA-N	Chemical Probes Portal	url	0	https://www.chemicalprobes.org/unsuitables/bzc
GLBZSOQDAOLMGC-UHFFFAOYSA-N	Chemical Probes Portal	rating_in_cell	0	0
GLBZSOQDAOLMGC-UHFFFAOYSA-N	Chemical Probes Portal	rating_in_organism	0	0
GLBZSOQDAOLMGC-UHFFFAOYSA-N	Chemical Probes Portal	rating_count	0	0
GLBZSOQDAOLMGC-UHFFFAOYSA-N	Chemical Probes Portal	unsuitable	0	Yes
GLBZSOQDAOLMGC-UHFFFAOYSA-N	Chemical Probes Portal	pains	0	No
GLBZSOQDAOLMGC-UHFFFAOYSA-N	Chemical Probes Portal	toxicophore	0	No
GLBZSOQDAOLMGC-UHFFFAOYSA-N	Chemical Probes Portal	published_date	0	2017-07-08
GLBZSOQDAOLMGC-UHFFFAOYSA-N	Chemical Probes Portal	canSAR_ID	0	817363
GLBZSOQDAOLMGC-UHFFFAOYSA-N	Chemical Probes Portal	url	0	https://www.chemicalprobes.org/unsuitables/amg-458
AXRCEOKUDYDWLF-UHFFFAOYSA-N	Chemical Probes Portal	rating_in_cell	0	0
AXRCEOKUDYDWLF-UHFFFAOYSA-N	Chemical Probes Portal	rating_in_organism	0	0
AXRCEOKUDYDWLF-UHFFFAOYSA-N	Chemical Probes Portal	rating_count	0	0
AXRCEOKUDYDWLF-UHFFFAOYSA-N	Chemical Probes Portal	unsuitable	0	Yes
AXRCEOKUDYDWLF-UHFFFAOYSA-N	Chemical Probes Portal	pains	0	No
AXRCEOKUDYDWLF-UHFFFAOYSA-N	Chemical Probes Portal	toxicophore	0	Yes
AXRCEOKUDYDWLF-UHFFFAOYSA-N	Chemical Probes Portal	published_date	0	2017-07-08
AXRCEOKUDYDWLF-UHFFFAOYSA-N	Chemical Probes Portal	canSAR_ID	0	795308
AXRCEOKUDYDWLF-UHFFFAOYSA-N	Chemical Probes Portal	url	0	https://www.chemicalprobes.org/unsuitables/enzastaurin
VHBFFQKBGNRLFZ-UHFFFAOYSA-N	Chemical Probes Portal	rating_in_cell	0	0
VHBFFQKBGNRLFZ-UHFFFAOYSA-N	Chemical Probes Portal	rating_in_organism	0	0
VHBFFQKBGNRLFZ-UHFFFAOYSA-N	Chemical Probes Portal	rating_count	0	0
VHBFFQKBGNRLFZ-UHFFFAOYSA-N	Chemical Probes Portal	unsuitable	0	Yes
VHBFFQKBGNRLFZ-UHFFFAOYSA-N	Chemical Probes Portal	pains	0	No
VHBFFQKBGNRLFZ-UHFFFAOYSA-N	Chemical Probes Portal	toxicophore	0	No
VHBFFQKBGNRLFZ-UHFFFAOYSA-N	Chemical Probes Portal	published_date	0	2017-07-08
VHBFFQKBGNRLFZ-UHFFFAOYSA-N	Chemical Probes Portal	canSAR_ID	0	1109148
VHBFFQKBGNRLFZ-UHFFFAOYSA-N	Chemical Probes Portal	url	0	https://www.chemicalprobes.org/unsuitables/flavone
WHTVZRBIWZFKQO-UHFFFAOYSA-N	Chemical Probes Portal	rating_in_cell	0	0
WHTVZRBIWZFKQO-UHFFFAOYSA-N	Chemical Probes Portal	rating_in_organism	0	0
WHTVZRBIWZFKQO-UHFFFAOYSA-N	Chemical Probes Portal	rating_count	0	0
WHTVZRBIWZFKQO-UHFFFAOYSA-N	Chemical Probes Portal	unsuitable	0	Yes
WHTVZRBIWZFKQO-UHFFFAOYSA-N	Chemical Probes Portal	pains	0	No
WHTVZRBIWZFKQO-UHFFFAOYSA-N	Chemical Probes Portal	toxicophore	0	No
WHTVZRBIWZFKQO-UHFFFAOYSA-N	Chemical Probes Portal	published_date	0	2017-07-08
WHTVZRBIWZFKQO-UHFFFAOYSA-N	Chemical Probes Portal	canSAR_ID	0	1305871
WHTVZRBIWZFKQO-UHFFFAOYSA-N	Chemical Probes Portal	url	0	https://www.chemicalprobes.org/unsuitables/chloroquine
PPOQMSJVMJCEAI-UHFFFAOYSA-N	Chemical Probes Portal	rating_in_cell	0	0
PPOQMSJVMJCEAI-UHFFFAOYSA-N	Chemical Probes Portal	rating_in_organism	0	0
PPOQMSJVMJCEAI-UHFFFAOYSA-N	Chemical Probes Portal	rating_count	0	0
PPOQMSJVMJCEAI-UHFFFAOYSA-N	Chemical Probes Portal	unsuitable	0	Yes
PPOQMSJVMJCEAI-UHFFFAOYSA-N	Chemical Probes Portal	pains	0	No
PPOQMSJVMJCEAI-UHFFFAOYSA-N	Chemical Probes Portal	toxicophore	0	No
PPOQMSJVMJCEAI-UHFFFAOYSA-N	Chemical Probes Portal	published_date	0	2017-07-08
PPOQMSJVMJCEAI-UHFFFAOYSA-N	Chemical Probes Portal	canSAR_ID	0	1146534
PPOQMSJVMJCEAI-UHFFFAOYSA-N	Chemical Probes Portal	url	0	https://www.chemicalprobes.org/unsuitables/aj4
GNFSYBNDPOBXLJ-SNAWJCMRSA-N	Chemical Probes Portal	rating_in_cell	0	0
GNFSYBNDPOBXLJ-SNAWJCMRSA-N	Chemical Probes Portal	rating_in_organism	0	0
GNFSYBNDPOBXLJ-SNAWJCMRSA-N	Chemical Probes Portal	rating_count	0	0
GNFSYBNDPOBXLJ-SNAWJCMRSA-N	Chemical Probes Portal	unsuitable	0	Yes
GNFSYBNDPOBXLJ-SNAWJCMRSA-N	Chemical Probes Portal	pains	0	No
GNFSYBNDPOBXLJ-SNAWJCMRSA-N	Chemical Probes Portal	toxicophore	0	Yes
GNFSYBNDPOBXLJ-SNAWJCMRSA-N	Chemical Probes Portal	published_date	0	2017-07-08
GNFSYBNDPOBXLJ-SNAWJCMRSA-N	Chemical Probes Portal	canSAR_ID	0	1054589
GNFSYBNDPOBXLJ-SNAWJCMRSA-N	Chemical Probes Portal	url	0	https://www.chemicalprobes.org/unsuitables/chembl2179988
NZSKSXWSNJEOQY-UHFFFAOYSA-N	Chemical Probes Portal	rating_in_cell	0	0
NZSKSXWSNJEOQY-UHFFFAOYSA-N	Chemical Probes Portal	rating_in_organism	0	0
NZSKSXWSNJEOQY-UHFFFAOYSA-N	Chemical Probes Portal	rating_count	0	0
NZSKSXWSNJEOQY-UHFFFAOYSA-N	Chemical Probes Portal	unsuitable	0	Yes
NZSKSXWSNJEOQY-UHFFFAOYSA-N	Chemical Probes Portal	pains	0	No
NZSKSXWSNJEOQY-UHFFFAOYSA-N	Chemical Probes Portal	toxicophore	0	No
NZSKSXWSNJEOQY-UHFFFAOYSA-N	Chemical Probes Portal	published_date	0	2017-07-08
NZSKSXWSNJEOQY-UHFFFAOYSA-N	Chemical Probes Portal	canSAR_ID	0	1570026
NZSKSXWSNJEOQY-UHFFFAOYSA-N	Chemical Probes Portal	url	0	https://www.chemicalprobes.org/unsuitables/chembl3593715
INPZIMSQNZGLHQ-JTQLQIEISA-N	Chemical Probes Portal	rating_in_cell	0	0
INPZIMSQNZGLHQ-JTQLQIEISA-N	Chemical Probes Portal	rating_in_organism	0	0
INPZIMSQNZGLHQ-JTQLQIEISA-N	Chemical Probes Portal	rating_count	0	0
INPZIMSQNZGLHQ-JTQLQIEISA-N	Chemical Probes Portal	unsuitable	0	Yes
INPZIMSQNZGLHQ-JTQLQIEISA-N	Chemical Probes Portal	pains	0	No
INPZIMSQNZGLHQ-JTQLQIEISA-N	Chemical Probes Portal	toxicophore	0	No
INPZIMSQNZGLHQ-JTQLQIEISA-N	Chemical Probes Portal	published_date	0	2017-07-08
INPZIMSQNZGLHQ-JTQLQIEISA-N	Chemical Probes Portal	canSAR_ID	0	1284750
INPZIMSQNZGLHQ-JTQLQIEISA-N	Chemical Probes Portal	url	0	https://www.chemicalprobes.org/unsuitables/chembl3092521
YAXDRRKYLDEMKO-INIZCTEOSA-N	Chemical Probes Portal	rating_in_cell	0	0
YAXDRRKYLDEMKO-INIZCTEOSA-N	Chemical Probes Portal	rating_in_organism	0	0
YAXDRRKYLDEMKO-INIZCTEOSA-N	Chemical Probes Portal	rating_count	0	0
YAXDRRKYLDEMKO-INIZCTEOSA-N	Chemical Probes Portal	unsuitable	0	Yes
YAXDRRKYLDEMKO-INIZCTEOSA-N	Chemical Probes Portal	pains	0	No
YAXDRRKYLDEMKO-INIZCTEOSA-N	Chemical Probes Portal	toxicophore	0	No
YAXDRRKYLDEMKO-INIZCTEOSA-N	Chemical Probes Portal	published_date	0	2017-07-08
YAXDRRKYLDEMKO-INIZCTEOSA-N	Chemical Probes Portal	canSAR_ID	0	1653084
YAXDRRKYLDEMKO-INIZCTEOSA-N	Chemical Probes Portal	url	0	https://www.chemicalprobes.org/unsuitables/chembl3092544
XFDUHJPVQKIXHO-UHFFFAOYSA-N	Chemical Probes Portal	rating_in_cell	0	0
XFDUHJPVQKIXHO-UHFFFAOYSA-N	Chemical Probes Portal	rating_in_organism	0	0
XFDUHJPVQKIXHO-UHFFFAOYSA-N	Chemical Probes Portal	rating_count	0	0
XFDUHJPVQKIXHO-UHFFFAOYSA-N	Chemical Probes Portal	unsuitable	0	Yes
XFDUHJPVQKIXHO-UHFFFAOYSA-N	Chemical Probes Portal	pains	0	No
XFDUHJPVQKIXHO-UHFFFAOYSA-N	Chemical Probes Portal	toxicophore	0	No
XFDUHJPVQKIXHO-UHFFFAOYSA-N	Chemical Probes Portal	published_date	0	2017-07-08
XFDUHJPVQKIXHO-UHFFFAOYSA-N	Chemical Probes Portal	canSAR_ID	0	56288
XFDUHJPVQKIXHO-UHFFFAOYSA-N	Chemical Probes Portal	url	0	https://www.chemicalprobes.org/unsuitables/3-aminobenzoic-acid
YWPMKTWUFVOFPL-UHFFFAOYSA-N	Chemical Probes Portal	rating_in_cell	0	0
YWPMKTWUFVOFPL-UHFFFAOYSA-N	Chemical Probes Portal	rating_in_organism	0	0
YWPMKTWUFVOFPL-UHFFFAOYSA-N	Chemical Probes Portal	rating_count	0	0
YWPMKTWUFVOFPL-UHFFFAOYSA-N	Chemical Probes Portal	unsuitable	0	Yes
YWPMKTWUFVOFPL-UHFFFAOYSA-N	Chemical Probes Portal	pains	0	No
YWPMKTWUFVOFPL-UHFFFAOYSA-N	Chemical Probes Portal	toxicophore	0	No
YWPMKTWUFVOFPL-UHFFFAOYSA-N	Chemical Probes Portal	published_date	0	2017-07-08
YWPMKTWUFVOFPL-UHFFFAOYSA-N	Chemical Probes Portal	canSAR_ID	0	3985
YWPMKTWUFVOFPL-UHFFFAOYSA-N	Chemical Probes Portal	url	0	https://www.chemicalprobes.org/unsuitables/chembl1688212
ISZWRZGKEWQACU-UHFFFAOYSA-N	Chemical Probes Portal	rating_in_cell	0	0
ISZWRZGKEWQACU-UHFFFAOYSA-N	Chemical Probes Portal	rating_in_organism	0	0
ISZWRZGKEWQACU-UHFFFAOYSA-N	Chemical Probes Portal	rating_count	0	0
ISZWRZGKEWQACU-UHFFFAOYSA-N	Chemical Probes Portal	unsuitable	0	Yes
ISZWRZGKEWQACU-UHFFFAOYSA-N	Chemical Probes Portal	pains	0	No
ISZWRZGKEWQACU-UHFFFAOYSA-N	Chemical Probes Portal	toxicophore	0	No
ISZWRZGKEWQACU-UHFFFAOYSA-N	Chemical Probes Portal	published_date	0	2017-07-08
ISZWRZGKEWQACU-UHFFFAOYSA-N	Chemical Probes Portal	canSAR_ID	0	1068678
ISZWRZGKEWQACU-UHFFFAOYSA-N	Chemical Probes Portal	url	0	https://www.chemicalprobes.org/unsuitables/nsc-22356
PVFGJHYLIHMCQD-UHFFFAOYSA-N	Chemical Probes Portal	rating_in_cell	0	0
PVFGJHYLIHMCQD-UHFFFAOYSA-N	Chemical Probes Portal	rating_in_organism	0	0
PVFGJHYLIHMCQD-UHFFFAOYSA-N	Chemical Probes Portal	rating_count	0	0
PVFGJHYLIHMCQD-UHFFFAOYSA-N	Chemical Probes Portal	unsuitable	0	Yes
PVFGJHYLIHMCQD-UHFFFAOYSA-N	Chemical Probes Portal	pains	0	Yes
PVFGJHYLIHMCQD-UHFFFAOYSA-N	Chemical Probes Portal	toxicophore	0	Yes
PVFGJHYLIHMCQD-UHFFFAOYSA-N	Chemical Probes Portal	published_date	0	2017-07-08
PVFGJHYLIHMCQD-UHFFFAOYSA-N	Chemical Probes Portal	canSAR_ID	0	1172273
PVFGJHYLIHMCQD-UHFFFAOYSA-N	Chemical Probes Portal	url	0	https://www.chemicalprobes.org/unsuitables/chembl301624
SQVXWIUVAILQRH-UHFFFAOYSA-N	Chemical Probes Portal	rating_in_cell	0	0
SQVXWIUVAILQRH-UHFFFAOYSA-N	Chemical Probes Portal	rating_in_organism	0	0
SQVXWIUVAILQRH-UHFFFAOYSA-N	Chemical Probes Portal	rating_count	0	0
SQVXWIUVAILQRH-UHFFFAOYSA-N	Chemical Probes Portal	unsuitable	0	Yes
SQVXWIUVAILQRH-UHFFFAOYSA-N	Chemical Probes Portal	pains	0	No
SQVXWIUVAILQRH-UHFFFAOYSA-N	Chemical Probes Portal	toxicophore	0	No
SQVXWIUVAILQRH-UHFFFAOYSA-N	Chemical Probes Portal	published_date	0	2017-07-08
SQVXWIUVAILQRH-UHFFFAOYSA-N	Chemical Probes Portal	canSAR_ID	0	1161709
SQVXWIUVAILQRH-UHFFFAOYSA-N	Chemical Probes Portal	url	0	https://www.chemicalprobes.org/unsuitables/nsc-123414
ZGSXEXBYLJIOGF-ALFLXDJESA-N	Chemical Probes Portal	rating_in_cell	0	0
ZGSXEXBYLJIOGF-ALFLXDJESA-N	Chemical Probes Portal	rating_in_organism	0	0
ZGSXEXBYLJIOGF-ALFLXDJESA-N	Chemical Probes Portal	rating_count	0	0
ZGSXEXBYLJIOGF-ALFLXDJESA-N	Chemical Probes Portal	unsuitable	0	Yes
ZGSXEXBYLJIOGF-ALFLXDJESA-N	Chemical Probes Portal	pains	0	No
ZGSXEXBYLJIOGF-ALFLXDJESA-N	Chemical Probes Portal	toxicophore	0	Yes
ZGSXEXBYLJIOGF-ALFLXDJESA-N	Chemical Probes Portal	published_date	0	2017-07-08
ZGSXEXBYLJIOGF-ALFLXDJESA-N	Chemical Probes Portal	canSAR_ID	0	344422
ZGSXEXBYLJIOGF-ALFLXDJESA-N	Chemical Probes Portal	url	0	https://www.chemicalprobes.org/unsuitables/iwr-1
PISBNXWDAGANOP-UHFFFAOYSA-N	Chemical Probes Portal	rating_in_cell	0	0
PISBNXWDAGANOP-UHFFFAOYSA-N	Chemical Probes Portal	rating_in_organism	0	0
PISBNXWDAGANOP-UHFFFAOYSA-N	Chemical Probes Portal	rating_count	0	0
PISBNXWDAGANOP-UHFFFAOYSA-N	Chemical Probes Portal	unsuitable	0	Yes
PISBNXWDAGANOP-UHFFFAOYSA-N	Chemical Probes Portal	pains	0	No
PISBNXWDAGANOP-UHFFFAOYSA-N	Chemical Probes Portal	toxicophore	0	No
PISBNXWDAGANOP-UHFFFAOYSA-N	Chemical Probes Portal	published_date	0	2017-07-08
PISBNXWDAGANOP-UHFFFAOYSA-N	Chemical Probes Portal	canSAR_ID	0	1499401
PISBNXWDAGANOP-UHFFFAOYSA-N	Chemical Probes Portal	url	0	https://www.chemicalprobes.org/unsuitables/ag-014376
HGEPGGJUGUMFHT-UHFFFAOYSA-N	Chemical Probes Portal	rating_in_cell	0	0
HGEPGGJUGUMFHT-UHFFFAOYSA-N	Chemical Probes Portal	rating_in_organism	0	0
HGEPGGJUGUMFHT-UHFFFAOYSA-N	Chemical Probes Portal	rating_count	0	0
HGEPGGJUGUMFHT-UHFFFAOYSA-N	Chemical Probes Portal	unsuitable	0	Yes
HGEPGGJUGUMFHT-UHFFFAOYSA-N	Chemical Probes Portal	pains	0	No
HGEPGGJUGUMFHT-UHFFFAOYSA-N	Chemical Probes Portal	toxicophore	0	No
HGEPGGJUGUMFHT-UHFFFAOYSA-N	Chemical Probes Portal	published_date	0	2017-07-08
HGEPGGJUGUMFHT-UHFFFAOYSA-N	Chemical Probes Portal	canSAR_ID	0	1903925
HGEPGGJUGUMFHT-UHFFFAOYSA-N	Chemical Probes Portal	url	0	https://www.chemicalprobes.org/unsuitables/ku-0058948
YQSZNYLPVBOGPO-UHFFFAOYSA-N	Chemical Probes Portal	rating_in_cell	0	0
YQSZNYLPVBOGPO-UHFFFAOYSA-N	Chemical Probes Portal	rating_in_organism	0	0
YQSZNYLPVBOGPO-UHFFFAOYSA-N	Chemical Probes Portal	rating_count	0	0
YQSZNYLPVBOGPO-UHFFFAOYSA-N	Chemical Probes Portal	unsuitable	0	Yes
YQSZNYLPVBOGPO-UHFFFAOYSA-N	Chemical Probes Portal	pains	0	No
YQSZNYLPVBOGPO-UHFFFAOYSA-N	Chemical Probes Portal	toxicophore	0	No
YQSZNYLPVBOGPO-UHFFFAOYSA-N	Chemical Probes Portal	published_date	0	2017-07-08
YQSZNYLPVBOGPO-UHFFFAOYSA-N	Chemical Probes Portal	canSAR_ID	0	1696288
YQSZNYLPVBOGPO-UHFFFAOYSA-N	Chemical Probes Portal	url	0	https://www.chemicalprobes.org/unsuitables/ku-58684
SDXBGOVSVBZDFL-UHFFFAOYSA-N	Chemical Probes Portal	rating_in_cell	0	0
SDXBGOVSVBZDFL-UHFFFAOYSA-N	Chemical Probes Portal	rating_in_organism	0	0
SDXBGOVSVBZDFL-UHFFFAOYSA-N	Chemical Probes Portal	rating_count	0	0
SDXBGOVSVBZDFL-UHFFFAOYSA-N	Chemical Probes Portal	unsuitable	0	Yes
SDXBGOVSVBZDFL-UHFFFAOYSA-N	Chemical Probes Portal	pains	0	No
SDXBGOVSVBZDFL-UHFFFAOYSA-N	Chemical Probes Portal	toxicophore	0	Yes
SDXBGOVSVBZDFL-UHFFFAOYSA-N	Chemical Probes Portal	published_date	0	2017-07-08
SDXBGOVSVBZDFL-UHFFFAOYSA-N	Chemical Probes Portal	canSAR_ID	0	1401652
SDXBGOVSVBZDFL-UHFFFAOYSA-N	Chemical Probes Portal	url	0	https://www.chemicalprobes.org/unsuitables/cep-6800
UVSVTDVJQAJIFG-VURMDHGXSA-N	Chemical Probes Portal	rating_in_cell	0	0
UVSVTDVJQAJIFG-VURMDHGXSA-N	Chemical Probes Portal	rating_in_organism	0	0
UVSVTDVJQAJIFG-VURMDHGXSA-N	Chemical Probes Portal	rating_count	0	0
UVSVTDVJQAJIFG-VURMDHGXSA-N	Chemical Probes Portal	unsuitable	0	Yes
UVSVTDVJQAJIFG-VURMDHGXSA-N	Chemical Probes Portal	pains	0	No
UVSVTDVJQAJIFG-VURMDHGXSA-N	Chemical Probes Portal	toxicophore	0	Yes
UVSVTDVJQAJIFG-VURMDHGXSA-N	Chemical Probes Portal	published_date	0	2017-07-08
UVSVTDVJQAJIFG-VURMDHGXSA-N	Chemical Probes Portal	canSAR_ID	0	99599
UVSVTDVJQAJIFG-VURMDHGXSA-N	Chemical Probes Portal	url	0	https://www.chemicalprobes.org/unsuitables/lfm-a13
ZRWNRAJCPNLYAK-UHFFFAOYSA-N	Chemical Probes Portal	rating_in_cell	0	0
ZRWNRAJCPNLYAK-UHFFFAOYSA-N	Chemical Probes Portal	rating_in_organism	0	0
ZRWNRAJCPNLYAK-UHFFFAOYSA-N	Chemical Probes Portal	rating_count	0	0
ZRWNRAJCPNLYAK-UHFFFAOYSA-N	Chemical Probes Portal	unsuitable	0	Yes
ZRWNRAJCPNLYAK-UHFFFAOYSA-N	Chemical Probes Portal	pains	0	No
ZRWNRAJCPNLYAK-UHFFFAOYSA-N	Chemical Probes Portal	toxicophore	0	No
ZRWNRAJCPNLYAK-UHFFFAOYSA-N	Chemical Probes Portal	published_date	0	2017-07-08
ZRWNRAJCPNLYAK-UHFFFAOYSA-N	Chemical Probes Portal	canSAR_ID	0	56360
ZRWNRAJCPNLYAK-UHFFFAOYSA-N	Chemical Probes Portal	url	0	https://www.chemicalprobes.org/unsuitables/4-bromo-benzamide
SQCWABLHLAOJBR-UHFFFAOYSA-N	Chemical Probes Portal	rating_in_cell	0	0
SQCWABLHLAOJBR-UHFFFAOYSA-N	Chemical Probes Portal	rating_in_organism	0	0
SQCWABLHLAOJBR-UHFFFAOYSA-N	Chemical Probes Portal	rating_count	0	0
SQCWABLHLAOJBR-UHFFFAOYSA-N	Chemical Probes Portal	unsuitable	0	Yes
SQCWABLHLAOJBR-UHFFFAOYSA-N	Chemical Probes Portal	pains	0	No
SQCWABLHLAOJBR-UHFFFAOYSA-N	Chemical Probes Portal	toxicophore	0	No
SQCWABLHLAOJBR-UHFFFAOYSA-N	Chemical Probes Portal	published_date	0	2017-07-08
SQCWABLHLAOJBR-UHFFFAOYSA-N	Chemical Probes Portal	canSAR_ID	0	1107542
SQCWABLHLAOJBR-UHFFFAOYSA-N	Chemical Probes Portal	url	0	https://www.chemicalprobes.org/unsuitables/wlh
LPTGUSPVGHUCQF-UHFFFAOYSA-N	Chemical Probes Portal	rating_in_cell	0	0
LPTGUSPVGHUCQF-UHFFFAOYSA-N	Chemical Probes Portal	rating_in_organism	0	0
LPTGUSPVGHUCQF-UHFFFAOYSA-N	Chemical Probes Portal	rating_count	0	0
LPTGUSPVGHUCQF-UHFFFAOYSA-N	Chemical Probes Portal	unsuitable	0	Yes
LPTGUSPVGHUCQF-UHFFFAOYSA-N	Chemical Probes Portal	pains	0	No
LPTGUSPVGHUCQF-UHFFFAOYSA-N	Chemical Probes Portal	toxicophore	0	No
LPTGUSPVGHUCQF-UHFFFAOYSA-N	Chemical Probes Portal	published_date	0	2020-03-05
LPTGUSPVGHUCQF-UHFFFAOYSA-N	Chemical Probes Portal	canSAR_ID	0	3312888
LPTGUSPVGHUCQF-UHFFFAOYSA-N	Chemical Probes Portal	url	0	https://www.chemicalprobes.org/unsuitables/ruski-41
ATUUNJCZCOMUKD-OKILXGFUSA-N	Chemical Probes Portal	rating_in_cell	0	3
ATUUNJCZCOMUKD-OKILXGFUSA-N	Chemical Probes Portal	rating_in_organism	0	2.5
ATUUNJCZCOMUKD-OKILXGFUSA-N	Chemical Probes Portal	rating_count	0	2
ATUUNJCZCOMUKD-OKILXGFUSA-N	Chemical Probes Portal	unsuitable	0	No
ATUUNJCZCOMUKD-OKILXGFUSA-N	Chemical Probes Portal	pains	0	No
ATUUNJCZCOMUKD-OKILXGFUSA-N	Chemical Probes Portal	toxicophore	0	No
ATUUNJCZCOMUKD-OKILXGFUSA-N	Chemical Probes Portal	published_date	0	2020-05-17
ATUUNJCZCOMUKD-OKILXGFUSA-N	Chemical Probes Portal	canSAR_ID	0	137938
ATUUNJCZCOMUKD-OKILXGFUSA-N	Chemical Probes Portal	url	0	https://www.chemicalprobes.org/mli-2
AEENEMOEBJOKGN-UHFFFAOYSA-N	Chemical Probes Portal	rating_in_cell	0	0
AEENEMOEBJOKGN-UHFFFAOYSA-N	Chemical Probes Portal	rating_in_organism	0	0
AEENEMOEBJOKGN-UHFFFAOYSA-N	Chemical Probes Portal	rating_count	0	0
AEENEMOEBJOKGN-UHFFFAOYSA-N	Chemical Probes Portal	unsuitable	0	Yes
AEENEMOEBJOKGN-UHFFFAOYSA-N	Chemical Probes Portal	pains	0	No
AEENEMOEBJOKGN-UHFFFAOYSA-N	Chemical Probes Portal	toxicophore	0	No
AEENEMOEBJOKGN-UHFFFAOYSA-N	Chemical Probes Portal	published_date	0	2020-03-05
AEENEMOEBJOKGN-UHFFFAOYSA-N	Chemical Probes Portal	canSAR_ID	0	1861430
AEENEMOEBJOKGN-UHFFFAOYSA-N	Chemical Probes Portal	url	0	https://www.chemicalprobes.org/unsuitables/ruski-43
XKBSPAZCFAIBJL-OAHLLOKOSA-N	Chemical Probes Portal	rating_in_cell	0	3
XKBSPAZCFAIBJL-OAHLLOKOSA-N	Chemical Probes Portal	rating_in_organism	0	0
XKBSPAZCFAIBJL-OAHLLOKOSA-N	Chemical Probes Portal	rating_count	0	1
XKBSPAZCFAIBJL-OAHLLOKOSA-N	Chemical Probes Portal	unsuitable	0	No
XKBSPAZCFAIBJL-OAHLLOKOSA-N	Chemical Probes Portal	pains	0	No
XKBSPAZCFAIBJL-OAHLLOKOSA-N	Chemical Probes Portal	toxicophore	0	No
XKBSPAZCFAIBJL-OAHLLOKOSA-N	Chemical Probes Portal	published_date	0	2020-05-29
XKBSPAZCFAIBJL-OAHLLOKOSA-N	Chemical Probes Portal	canSAR_ID	0	2968796
XKBSPAZCFAIBJL-OAHLLOKOSA-N	Chemical Probes Portal	url	0	https://www.chemicalprobes.org/r-zinc-3573
KMESAVNRPDKZCQ-UHFFFAOYSA-N	Chemical Probes Portal	rating_in_cell	0	4
KMESAVNRPDKZCQ-UHFFFAOYSA-N	Chemical Probes Portal	rating_in_organism	0	4
KMESAVNRPDKZCQ-UHFFFAOYSA-N	Chemical Probes Portal	rating_count	0	1
KMESAVNRPDKZCQ-UHFFFAOYSA-N	Chemical Probes Portal	unsuitable	0	No
KMESAVNRPDKZCQ-UHFFFAOYSA-N	Chemical Probes Portal	pains	0	No
KMESAVNRPDKZCQ-UHFFFAOYSA-N	Chemical Probes Portal	toxicophore	0	No
KMESAVNRPDKZCQ-UHFFFAOYSA-N	Chemical Probes Portal	published_date	0	2020-05-24
KMESAVNRPDKZCQ-UHFFFAOYSA-N	Chemical Probes Portal	canSAR_ID	0	2913055
KMESAVNRPDKZCQ-UHFFFAOYSA-N	Chemical Probes Portal	url	0	https://www.chemicalprobes.org/bi-1935
ZDOBSAPHUUUOHX-OSYLJGHBSA-N	Chemical Probes Portal	rating_in_cell	0	3.6666666666666665
ZDOBSAPHUUUOHX-OSYLJGHBSA-N	Chemical Probes Portal	rating_in_organism	0	3.6666666666666665
ZDOBSAPHUUUOHX-OSYLJGHBSA-N	Chemical Probes Portal	rating_count	0	3
ZDOBSAPHUUUOHX-OSYLJGHBSA-N	Chemical Probes Portal	unsuitable	0	No
ZDOBSAPHUUUOHX-OSYLJGHBSA-N	Chemical Probes Portal	pains	0	No
ZDOBSAPHUUUOHX-OSYLJGHBSA-N	Chemical Probes Portal	toxicophore	0	No
ZDOBSAPHUUUOHX-OSYLJGHBSA-N	Chemical Probes Portal	published_date	0	2020-05-24
ZDOBSAPHUUUOHX-OSYLJGHBSA-N	Chemical Probes Portal	canSAR_ID	0	752127
ZDOBSAPHUUUOHX-OSYLJGHBSA-N	Chemical Probes Portal	url	0	https://www.chemicalprobes.org/bi-2545
BTSUNSRQYLVGIS-ADTYUTHVSA-N	Chemical Probes Portal	rating_in_cell	0	2.3333333333333335
BTSUNSRQYLVGIS-ADTYUTHVSA-N	Chemical Probes Portal	rating_in_organism	0	2
BTSUNSRQYLVGIS-ADTYUTHVSA-N	Chemical Probes Portal	rating_count	0	3
BTSUNSRQYLVGIS-ADTYUTHVSA-N	Chemical Probes Portal	unsuitable	0	No
BTSUNSRQYLVGIS-ADTYUTHVSA-N	Chemical Probes Portal	pains	0	No
BTSUNSRQYLVGIS-ADTYUTHVSA-N	Chemical Probes Portal	toxicophore	0	Yes
BTSUNSRQYLVGIS-ADTYUTHVSA-N	Chemical Probes Portal	published_date	0	2020-07-09
BTSUNSRQYLVGIS-ADTYUTHVSA-N	Chemical Probes Portal	canSAR_ID	0	2959399
BTSUNSRQYLVGIS-ADTYUTHVSA-N	Chemical Probes Portal	url	0	https://www.chemicalprobes.org/m-808
PROGRNRRJJYCNX-UHFFFAOYSA-N	Chemical Probes Portal	rating_in_cell	0	2
PROGRNRRJJYCNX-UHFFFAOYSA-N	Chemical Probes Portal	rating_in_organism	0	0
PROGRNRRJJYCNX-UHFFFAOYSA-N	Chemical Probes Portal	rating_count	0	2
PROGRNRRJJYCNX-UHFFFAOYSA-N	Chemical Probes Portal	unsuitable	0	No
PROGRNRRJJYCNX-UHFFFAOYSA-N	Chemical Probes Portal	pains	0	No
PROGRNRRJJYCNX-UHFFFAOYSA-N	Chemical Probes Portal	toxicophore	0	No
PROGRNRRJJYCNX-UHFFFAOYSA-N	Chemical Probes Portal	published_date	0	2020-07-16
PROGRNRRJJYCNX-UHFFFAOYSA-N	Chemical Probes Portal	canSAR_ID	0	770107
PROGRNRRJJYCNX-UHFFFAOYSA-N	Chemical Probes Portal	url	0	https://www.chemicalprobes.org/cmld-2
JQNINBDKGLWYMU-GEAQBIRJSA-N	Chemical Probes Portal	rating_in_cell	0	3
JQNINBDKGLWYMU-GEAQBIRJSA-N	Chemical Probes Portal	rating_in_organism	0	2.5
JQNINBDKGLWYMU-GEAQBIRJSA-N	Chemical Probes Portal	rating_count	0	2
JQNINBDKGLWYMU-GEAQBIRJSA-N	Chemical Probes Portal	unsuitable	0	No
JQNINBDKGLWYMU-GEAQBIRJSA-N	Chemical Probes Portal	pains	0	No
JQNINBDKGLWYMU-GEAQBIRJSA-N	Chemical Probes Portal	toxicophore	0	No
JQNINBDKGLWYMU-GEAQBIRJSA-N	Chemical Probes Portal	published_date	0	2020-07-10
JQNINBDKGLWYMU-GEAQBIRJSA-N	Chemical Probes Portal	canSAR_ID	0	2945470
JQNINBDKGLWYMU-GEAQBIRJSA-N	Chemical Probes Portal	url	0	https://www.chemicalprobes.org/amg-176-0
VSZRYLHBOKTNBO-UHFFFAOYSA-N	Chemical Probes Portal	rating_in_cell	0	2
VSZRYLHBOKTNBO-UHFFFAOYSA-N	Chemical Probes Portal	rating_in_organism	0	3
VSZRYLHBOKTNBO-UHFFFAOYSA-N	Chemical Probes Portal	rating_count	0	1
VSZRYLHBOKTNBO-UHFFFAOYSA-N	Chemical Probes Portal	unsuitable	0	No
VSZRYLHBOKTNBO-UHFFFAOYSA-N	Chemical Probes Portal	pains	0	No
VSZRYLHBOKTNBO-UHFFFAOYSA-N	Chemical Probes Portal	toxicophore	0	No
VSZRYLHBOKTNBO-UHFFFAOYSA-N	Chemical Probes Portal	published_date	0	2020-09-24
VSZRYLHBOKTNBO-UHFFFAOYSA-N	Chemical Probes Portal	canSAR_ID	0	3150984
VSZRYLHBOKTNBO-UHFFFAOYSA-N	Chemical Probes Portal	url	0	https://www.chemicalprobes.org/tp-020
CGECJCJUHCZZGO-UHFFFAOYSA-N	Chemical Probes Portal	rating_in_cell	0	3
CGECJCJUHCZZGO-UHFFFAOYSA-N	Chemical Probes Portal	rating_in_organism	0	2.5
CGECJCJUHCZZGO-UHFFFAOYSA-N	Chemical Probes Portal	rating_count	0	2
CGECJCJUHCZZGO-UHFFFAOYSA-N	Chemical Probes Portal	unsuitable	0	No
CGECJCJUHCZZGO-UHFFFAOYSA-N	Chemical Probes Portal	pains	0	No
CGECJCJUHCZZGO-UHFFFAOYSA-N	Chemical Probes Portal	toxicophore	0	No
CGECJCJUHCZZGO-UHFFFAOYSA-N	Chemical Probes Portal	published_date	0	2020-10-22
CGECJCJUHCZZGO-UHFFFAOYSA-N	Chemical Probes Portal	canSAR_ID	0	750570
CGECJCJUHCZZGO-UHFFFAOYSA-N	Chemical Probes Portal	url	0	https://www.chemicalprobes.org/mbm-55
OTKTZEZTFCAULO-DEOSSOPVSA-N	Chemical Probes Portal	rating_in_cell	0	3
OTKTZEZTFCAULO-DEOSSOPVSA-N	Chemical Probes Portal	rating_in_organism	0	3
OTKTZEZTFCAULO-DEOSSOPVSA-N	Chemical Probes Portal	rating_count	0	2
OTKTZEZTFCAULO-DEOSSOPVSA-N	Chemical Probes Portal	unsuitable	0	No
OTKTZEZTFCAULO-DEOSSOPVSA-N	Chemical Probes Portal	pains	0	No
OTKTZEZTFCAULO-DEOSSOPVSA-N	Chemical Probes Portal	toxicophore	0	No
OTKTZEZTFCAULO-DEOSSOPVSA-N	Chemical Probes Portal	published_date	0	2020-10-23
OTKTZEZTFCAULO-DEOSSOPVSA-N	Chemical Probes Portal	canSAR_ID	0	788421
OTKTZEZTFCAULO-DEOSSOPVSA-N	Chemical Probes Portal	url	0	https://www.chemicalprobes.org/gsk2973980a
XMNLWOQHMQRHDV-UHFFFAOYSA-N	Chemical Probes Portal	rating_in_cell	0	2
XMNLWOQHMQRHDV-UHFFFAOYSA-N	Chemical Probes Portal	rating_in_organism	0	2
XMNLWOQHMQRHDV-UHFFFAOYSA-N	Chemical Probes Portal	rating_count	0	2
XMNLWOQHMQRHDV-UHFFFAOYSA-N	Chemical Probes Portal	unsuitable	0	No
XMNLWOQHMQRHDV-UHFFFAOYSA-N	Chemical Probes Portal	pains	0	No
XMNLWOQHMQRHDV-UHFFFAOYSA-N	Chemical Probes Portal	toxicophore	0	No
XMNLWOQHMQRHDV-UHFFFAOYSA-N	Chemical Probes Portal	published_date	0	2020-10-22
XMNLWOQHMQRHDV-UHFFFAOYSA-N	Chemical Probes Portal	canSAR_ID	0	753008
XMNLWOQHMQRHDV-UHFFFAOYSA-N	Chemical Probes Portal	url	0	https://www.chemicalprobes.org/nct-505
BATCTBJIJJEPHM-UHFFFAOYSA-N	Chemical Probes Portal	rating_in_cell	0	2
BATCTBJIJJEPHM-UHFFFAOYSA-N	Chemical Probes Portal	rating_in_organism	0	4
BATCTBJIJJEPHM-UHFFFAOYSA-N	Chemical Probes Portal	rating_count	0	1
BATCTBJIJJEPHM-UHFFFAOYSA-N	Chemical Probes Portal	unsuitable	0	No
BATCTBJIJJEPHM-UHFFFAOYSA-N	Chemical Probes Portal	pains	0	No
BATCTBJIJJEPHM-UHFFFAOYSA-N	Chemical Probes Portal	toxicophore	0	No
BATCTBJIJJEPHM-UHFFFAOYSA-N	Chemical Probes Portal	published_date	0	2020-11-30
BATCTBJIJJEPHM-UHFFFAOYSA-N	Chemical Probes Portal	canSAR_ID	0	516958
BATCTBJIJJEPHM-UHFFFAOYSA-N	Chemical Probes Portal	url	0	https://www.chemicalprobes.org/pf-04457845
AYUNIORJHRXIBJ-TXHRRWQRSA-N	Chemical Probes Portal	rating_in_cell	0	0
AYUNIORJHRXIBJ-TXHRRWQRSA-N	Chemical Probes Portal	rating_in_organism	0	0
AYUNIORJHRXIBJ-TXHRRWQRSA-N	Chemical Probes Portal	rating_count	0	0
AYUNIORJHRXIBJ-TXHRRWQRSA-N	Chemical Probes Portal	unsuitable	0	Yes
AYUNIORJHRXIBJ-TXHRRWQRSA-N	Chemical Probes Portal	pains	0	Yes
AYUNIORJHRXIBJ-TXHRRWQRSA-N	Chemical Probes Portal	toxicophore	0	Yes
AYUNIORJHRXIBJ-TXHRRWQRSA-N	Chemical Probes Portal	published_date	0	2020-12-02
AYUNIORJHRXIBJ-TXHRRWQRSA-N	Chemical Probes Portal	canSAR_ID	0	866964
AYUNIORJHRXIBJ-TXHRRWQRSA-N	Chemical Probes Portal	url	0	https://www.chemicalprobes.org/unsuitables/tanespimycin-17-aag
QCQQONWEDCOTBV-UHFFFAOYSA-N	Chemical Probes Portal	rating_in_cell	0	2
QCQQONWEDCOTBV-UHFFFAOYSA-N	Chemical Probes Portal	rating_in_organism	0	2
QCQQONWEDCOTBV-UHFFFAOYSA-N	Chemical Probes Portal	rating_count	0	2
QCQQONWEDCOTBV-UHFFFAOYSA-N	Chemical Probes Portal	unsuitable	0	No
QCQQONWEDCOTBV-UHFFFAOYSA-N	Chemical Probes Portal	pains	0	No
QCQQONWEDCOTBV-UHFFFAOYSA-N	Chemical Probes Portal	toxicophore	0	Yes
QCQQONWEDCOTBV-UHFFFAOYSA-N	Chemical Probes Portal	published_date	0	2021-02-01
QCQQONWEDCOTBV-UHFFFAOYSA-N	Chemical Probes Portal	canSAR_ID	0	937342
QCQQONWEDCOTBV-UHFFFAOYSA-N	Chemical Probes Portal	url	0	https://www.chemicalprobes.org/1331852
BSISGUIVBKDTQO-QIKYYPRYSA-N	Chemical Probes Portal	rating_in_cell	0	3
BSISGUIVBKDTQO-QIKYYPRYSA-N	Chemical Probes Portal	rating_in_organism	0	0
BSISGUIVBKDTQO-QIKYYPRYSA-N	Chemical Probes Portal	rating_count	0	3
BSISGUIVBKDTQO-QIKYYPRYSA-N	Chemical Probes Portal	unsuitable	0	No
BSISGUIVBKDTQO-QIKYYPRYSA-N	Chemical Probes Portal	pains	0	No
BSISGUIVBKDTQO-QIKYYPRYSA-N	Chemical Probes Portal	toxicophore	0	No
BSISGUIVBKDTQO-QIKYYPRYSA-N	Chemical Probes Portal	published_date	0	2021-03-28
BSISGUIVBKDTQO-QIKYYPRYSA-N	Chemical Probes Portal	canSAR_ID	0	3194987
BSISGUIVBKDTQO-QIKYYPRYSA-N	Chemical Probes Portal	url	0	https://www.chemicalprobes.org/bay-850
XUYMIRYNRKXKOR-HMHJJOSWSA-N	Chemical Probes Portal	rating_in_cell	0	3
XUYMIRYNRKXKOR-HMHJJOSWSA-N	Chemical Probes Portal	rating_in_organism	0	3
XUYMIRYNRKXKOR-HMHJJOSWSA-N	Chemical Probes Portal	rating_count	0	2
XUYMIRYNRKXKOR-HMHJJOSWSA-N	Chemical Probes Portal	unsuitable	0	No
XUYMIRYNRKXKOR-HMHJJOSWSA-N	Chemical Probes Portal	pains	0	No
XUYMIRYNRKXKOR-HMHJJOSWSA-N	Chemical Probes Portal	toxicophore	0	No
XUYMIRYNRKXKOR-HMHJJOSWSA-N	Chemical Probes Portal	published_date	0	2021-05-20
XUYMIRYNRKXKOR-HMHJJOSWSA-N	Chemical Probes Portal	canSAR_ID	0	788372
XUYMIRYNRKXKOR-HMHJJOSWSA-N	Chemical Probes Portal	url	0	https://www.chemicalprobes.org/vimirogant
CYPYTURSJDMMMP-WVCUSYJESA-N	Chemical Probes Portal	rating_in_cell	0	0
CYPYTURSJDMMMP-WVCUSYJESA-N	Chemical Probes Portal	rating_in_organism	0	0
CYPYTURSJDMMMP-WVCUSYJESA-N	Chemical Probes Portal	rating_count	0	0
CYPYTURSJDMMMP-WVCUSYJESA-N	Chemical Probes Portal	unsuitable	0	Yes
CYPYTURSJDMMMP-WVCUSYJESA-N	Chemical Probes Portal	pains	0	No
CYPYTURSJDMMMP-WVCUSYJESA-N	Chemical Probes Portal	toxicophore	0	Yes
CYPYTURSJDMMMP-WVCUSYJESA-N	Chemical Probes Portal	published_date	0	2021-05-27
CYPYTURSJDMMMP-WVCUSYJESA-N	Chemical Probes Portal	canSAR_ID	0	3313089
CYPYTURSJDMMMP-WVCUSYJESA-N	Chemical Probes Portal	url	0	https://www.chemicalprobes.org/unsuitables/tris-dba-palladium
XUSDVLHKNBOGJY-UHFFFAOYSA-N	Chemical Probes Portal	rating_in_cell	0	0
XUSDVLHKNBOGJY-UHFFFAOYSA-N	Chemical Probes Portal	rating_in_organism	0	0
XUSDVLHKNBOGJY-UHFFFAOYSA-N	Chemical Probes Portal	rating_count	0	0
XUSDVLHKNBOGJY-UHFFFAOYSA-N	Chemical Probes Portal	unsuitable	0	Yes
XUSDVLHKNBOGJY-UHFFFAOYSA-N	Chemical Probes Portal	pains	0	No
XUSDVLHKNBOGJY-UHFFFAOYSA-N	Chemical Probes Portal	toxicophore	0	Yes
XUSDVLHKNBOGJY-UHFFFAOYSA-N	Chemical Probes Portal	published_date	0	2021-05-27
XUSDVLHKNBOGJY-UHFFFAOYSA-N	Chemical Probes Portal	canSAR_ID	0	296713
XUSDVLHKNBOGJY-UHFFFAOYSA-N	Chemical Probes Portal	url	0	https://www.chemicalprobes.org/unsuitables/d-nmappd
JYZJYKOZGGEXSX-UHFFFAOYSA-N	Chemical Probes Portal	rating_in_cell	0	0
JYZJYKOZGGEXSX-UHFFFAOYSA-N	Chemical Probes Portal	rating_in_organism	0	0
JYZJYKOZGGEXSX-UHFFFAOYSA-N	Chemical Probes Portal	rating_count	0	0
JYZJYKOZGGEXSX-UHFFFAOYSA-N	Chemical Probes Portal	unsuitable	0	Yes
JYZJYKOZGGEXSX-UHFFFAOYSA-N	Chemical Probes Portal	pains	0	No
JYZJYKOZGGEXSX-UHFFFAOYSA-N	Chemical Probes Portal	toxicophore	0	Yes
JYZJYKOZGGEXSX-UHFFFAOYSA-N	Chemical Probes Portal	published_date	0	2021-05-27
JYZJYKOZGGEXSX-UHFFFAOYSA-N	Chemical Probes Portal	canSAR_ID	0	1052019
JYZJYKOZGGEXSX-UHFFFAOYSA-N	Chemical Probes Portal	url	0	https://www.chemicalprobes.org/unsuitables/2-hydroxymyristic-acid
WUJVPELCYCESAP-UHFFFAOYSA-N	Chemical Probes Portal	rating_in_cell	0	2.6666666666666665
WUJVPELCYCESAP-UHFFFAOYSA-N	Chemical Probes Portal	rating_in_organism	0	2
WUJVPELCYCESAP-UHFFFAOYSA-N	Chemical Probes Portal	rating_count	0	3
WUJVPELCYCESAP-UHFFFAOYSA-N	Chemical Probes Portal	unsuitable	0	No
WUJVPELCYCESAP-UHFFFAOYSA-N	Chemical Probes Portal	pains	0	No
WUJVPELCYCESAP-UHFFFAOYSA-N	Chemical Probes Portal	toxicophore	0	No
WUJVPELCYCESAP-UHFFFAOYSA-N	Chemical Probes Portal	published_date	0	2021-10-06
WUJVPELCYCESAP-UHFFFAOYSA-N	Chemical Probes Portal	canSAR_ID	0	1877870
WUJVPELCYCESAP-UHFFFAOYSA-N	Chemical Probes Portal	url	0	https://www.chemicalprobes.org/gpr120-in-1
ZLTQCDRXWXUYHJ-UHFFFAOYSA-N	Chemical Probes Portal	rating_in_cell	0	1.6666666666666667
ZLTQCDRXWXUYHJ-UHFFFAOYSA-N	Chemical Probes Portal	rating_in_organism	0	2.5
ZLTQCDRXWXUYHJ-UHFFFAOYSA-N	Chemical Probes Portal	rating_count	0	3
ZLTQCDRXWXUYHJ-UHFFFAOYSA-N	Chemical Probes Portal	unsuitable	0	No
ZLTQCDRXWXUYHJ-UHFFFAOYSA-N	Chemical Probes Portal	pains	0	No
ZLTQCDRXWXUYHJ-UHFFFAOYSA-N	Chemical Probes Portal	toxicophore	0	No
ZLTQCDRXWXUYHJ-UHFFFAOYSA-N	Chemical Probes Portal	published_date	0	2017-01-30
ZLTQCDRXWXUYHJ-UHFFFAOYSA-N	Chemical Probes Portal	canSAR_ID	0	2977301
ZLTQCDRXWXUYHJ-UHFFFAOYSA-N	Chemical Probes Portal	url	0	https://www.chemicalprobes.org/ni-42
NBTNHSGBRGTFJS-UHFFFAOYSA-N	Chemical Probes Portal	rating_in_cell	0	1.8
NBTNHSGBRGTFJS-UHFFFAOYSA-N	Chemical Probes Portal	rating_in_organism	0	1.3333333333333333
NBTNHSGBRGTFJS-UHFFFAOYSA-N	Chemical Probes Portal	rating_count	0	5
NBTNHSGBRGTFJS-UHFFFAOYSA-N	Chemical Probes Portal	unsuitable	0	No
NBTNHSGBRGTFJS-UHFFFAOYSA-N	Chemical Probes Portal	pains	0	Yes
NBTNHSGBRGTFJS-UHFFFAOYSA-N	Chemical Probes Portal	toxicophore	0	No
NBTNHSGBRGTFJS-UHFFFAOYSA-N	Chemical Probes Portal	published_date	0	2015-12-10
NBTNHSGBRGTFJS-UHFFFAOYSA-N	Chemical Probes Portal	canSAR_ID	0	861456
NBTNHSGBRGTFJS-UHFFFAOYSA-N	Chemical Probes Portal	url	0	https://www.chemicalprobes.org/wh-4-023
SOXNKJCQBRQUMS-UHFFFAOYSA-N	Chemical Probes Portal	rating_in_cell	0	3
SOXNKJCQBRQUMS-UHFFFAOYSA-N	Chemical Probes Portal	rating_in_organism	0	2
SOXNKJCQBRQUMS-UHFFFAOYSA-N	Chemical Probes Portal	rating_count	0	3
SOXNKJCQBRQUMS-UHFFFAOYSA-N	Chemical Probes Portal	unsuitable	0	No
SOXNKJCQBRQUMS-UHFFFAOYSA-N	Chemical Probes Portal	pains	0	No
SOXNKJCQBRQUMS-UHFFFAOYSA-N	Chemical Probes Portal	toxicophore	0	No
SOXNKJCQBRQUMS-UHFFFAOYSA-N	Chemical Probes Portal	published_date	0	2021-05-18
SOXNKJCQBRQUMS-UHFFFAOYSA-N	Chemical Probes Portal	canSAR_ID	0	2888176
SOXNKJCQBRQUMS-UHFFFAOYSA-N	Chemical Probes Portal	url	0	https://www.chemicalprobes.org/imp-1088
KYWWJENKIMRJBI-UHFFFAOYSA-N	Chemical Probes Portal	rating_in_cell	0	2.5
KYWWJENKIMRJBI-UHFFFAOYSA-N	Chemical Probes Portal	rating_in_organism	0	4
KYWWJENKIMRJBI-UHFFFAOYSA-N	Chemical Probes Portal	rating_count	0	2
KYWWJENKIMRJBI-UHFFFAOYSA-N	Chemical Probes Portal	unsuitable	0	No
KYWWJENKIMRJBI-UHFFFAOYSA-N	Chemical Probes Portal	pains	0	No
KYWWJENKIMRJBI-UHFFFAOYSA-N	Chemical Probes Portal	toxicophore	0	No
KYWWJENKIMRJBI-UHFFFAOYSA-N	Chemical Probes Portal	published_date	0	2020-07-16
KYWWJENKIMRJBI-UHFFFAOYSA-N	Chemical Probes Portal	canSAR_ID	0	160497
KYWWJENKIMRJBI-UHFFFAOYSA-N	Chemical Probes Portal	url	0	https://www.chemicalprobes.org/lxr-623
MPASHPJAIUOWCK-UHFFFAOYSA-N	Chemical Probes Portal	rating_in_cell	0	3
MPASHPJAIUOWCK-UHFFFAOYSA-N	Chemical Probes Portal	rating_in_organism	0	3
MPASHPJAIUOWCK-UHFFFAOYSA-N	Chemical Probes Portal	rating_count	0	1
MPASHPJAIUOWCK-UHFFFAOYSA-N	Chemical Probes Portal	unsuitable	0	No
MPASHPJAIUOWCK-UHFFFAOYSA-N	Chemical Probes Portal	pains	0	No
MPASHPJAIUOWCK-UHFFFAOYSA-N	Chemical Probes Portal	toxicophore	0	No
MPASHPJAIUOWCK-UHFFFAOYSA-N	Chemical Probes Portal	published_date	0	2020-06-15
MPASHPJAIUOWCK-UHFFFAOYSA-N	Chemical Probes Portal	canSAR_ID	0	2933235
MPASHPJAIUOWCK-UHFFFAOYSA-N	Chemical Probes Portal	url	0	https://www.chemicalprobes.org/bay-826
JVCWPUFNLFSKFS-UHFFFAOYSA-N	Chemical Probes Portal	rating_in_cell	0	2
JVCWPUFNLFSKFS-UHFFFAOYSA-N	Chemical Probes Portal	rating_in_organism	0	2
JVCWPUFNLFSKFS-UHFFFAOYSA-N	Chemical Probes Portal	rating_count	0	2
JVCWPUFNLFSKFS-UHFFFAOYSA-N	Chemical Probes Portal	unsuitable	0	No
JVCWPUFNLFSKFS-UHFFFAOYSA-N	Chemical Probes Portal	pains	0	No
JVCWPUFNLFSKFS-UHFFFAOYSA-N	Chemical Probes Portal	toxicophore	0	No
JVCWPUFNLFSKFS-UHFFFAOYSA-N	Chemical Probes Portal	published_date	0	2020-11-27
JVCWPUFNLFSKFS-UHFFFAOYSA-N	Chemical Probes Portal	canSAR_ID	0	850277
JVCWPUFNLFSKFS-UHFFFAOYSA-N	Chemical Probes Portal	url	0	https://www.chemicalprobes.org/ac710
FYMVGXGSNIVSKY-NRFANRHFSA-N	Chemical Probes Portal	rating_in_cell	0	3.3333333333333335
FYMVGXGSNIVSKY-NRFANRHFSA-N	Chemical Probes Portal	rating_in_organism	0	0
FYMVGXGSNIVSKY-NRFANRHFSA-N	Chemical Probes Portal	rating_count	0	3
FYMVGXGSNIVSKY-NRFANRHFSA-N	Chemical Probes Portal	unsuitable	0	No
FYMVGXGSNIVSKY-NRFANRHFSA-N	Chemical Probes Portal	pains	0	No
FYMVGXGSNIVSKY-NRFANRHFSA-N	Chemical Probes Portal	toxicophore	0	Yes
FYMVGXGSNIVSKY-NRFANRHFSA-N	Chemical Probes Portal	published_date	0	2021-06-22
FYMVGXGSNIVSKY-NRFANRHFSA-N	Chemical Probes Portal	canSAR_ID	0	3313091
FYMVGXGSNIVSKY-NRFANRHFSA-N	Chemical Probes Portal	url	0	https://www.chemicalprobes.org/imp-1710
KLGQSVMIPOVQAX-UHFFFAOYSA-N	Chemical Probes Portal	rating_in_cell	0	1.3333333333333333
KLGQSVMIPOVQAX-UHFFFAOYSA-N	Chemical Probes Portal	rating_in_organism	0	0
KLGQSVMIPOVQAX-UHFFFAOYSA-N	Chemical Probes Portal	rating_count	0	3
KLGQSVMIPOVQAX-UHFFFAOYSA-N	Chemical Probes Portal	unsuitable	0	No
KLGQSVMIPOVQAX-UHFFFAOYSA-N	Chemical Probes Portal	pains	0	No
KLGQSVMIPOVQAX-UHFFFAOYSA-N	Chemical Probes Portal	toxicophore	0	No
KLGQSVMIPOVQAX-UHFFFAOYSA-N	Chemical Probes Portal	published_date	0	2016-07-29
KLGQSVMIPOVQAX-UHFFFAOYSA-N	Chemical Probes Portal	canSAR_ID	0	1246871
KLGQSVMIPOVQAX-UHFFFAOYSA-N	Chemical Probes Portal	url	0	https://www.chemicalprobes.org/xav939
ZJZWZIXSGNFWQQ-UHFFFAOYSA-N	Chemical Probes Portal	rating_in_cell	0	1
ZJZWZIXSGNFWQQ-UHFFFAOYSA-N	Chemical Probes Portal	rating_in_organism	0	1
ZJZWZIXSGNFWQQ-UHFFFAOYSA-N	Chemical Probes Portal	rating_count	0	3
ZJZWZIXSGNFWQQ-UHFFFAOYSA-N	Chemical Probes Portal	unsuitable	0	No
ZJZWZIXSGNFWQQ-UHFFFAOYSA-N	Chemical Probes Portal	pains	0	No
ZJZWZIXSGNFWQQ-UHFFFAOYSA-N	Chemical Probes Portal	toxicophore	0	No
ZJZWZIXSGNFWQQ-UHFFFAOYSA-N	Chemical Probes Portal	published_date	0	2016-07-29
ZJZWZIXSGNFWQQ-UHFFFAOYSA-N	Chemical Probes Portal	canSAR_ID	0	475947
ZJZWZIXSGNFWQQ-UHFFFAOYSA-N	Chemical Probes Portal	url	0	https://www.chemicalprobes.org/jw55
KHWCPNJRJCNVRI-UHFFFAOYSA-N	Chemical Probes Portal	rating_in_cell	0	2.3333333333333335
KHWCPNJRJCNVRI-UHFFFAOYSA-N	Chemical Probes Portal	rating_in_organism	0	2
KHWCPNJRJCNVRI-UHFFFAOYSA-N	Chemical Probes Portal	rating_count	0	3
KHWCPNJRJCNVRI-UHFFFAOYSA-N	Chemical Probes Portal	unsuitable	0	No
KHWCPNJRJCNVRI-UHFFFAOYSA-N	Chemical Probes Portal	pains	0	No
KHWCPNJRJCNVRI-UHFFFAOYSA-N	Chemical Probes Portal	toxicophore	0	No
KHWCPNJRJCNVRI-UHFFFAOYSA-N	Chemical Probes Portal	published_date	0	2016-07-29
KHWCPNJRJCNVRI-UHFFFAOYSA-N	Chemical Probes Portal	canSAR_ID	0	1780119
KHWCPNJRJCNVRI-UHFFFAOYSA-N	Chemical Probes Portal	url	0	https://www.chemicalprobes.org/gsk2801
ZGBAJMQHJDFTQJ-DEOSSOPVSA-N	Chemical Probes Portal	rating_in_cell	0	2.75
ZGBAJMQHJDFTQJ-DEOSSOPVSA-N	Chemical Probes Portal	rating_in_organism	0	2.5
ZGBAJMQHJDFTQJ-DEOSSOPVSA-N	Chemical Probes Portal	rating_count	0	4
ZGBAJMQHJDFTQJ-DEOSSOPVSA-N	Chemical Probes Portal	unsuitable	0	No
ZGBAJMQHJDFTQJ-DEOSSOPVSA-N	Chemical Probes Portal	pains	0	No
ZGBAJMQHJDFTQJ-DEOSSOPVSA-N	Chemical Probes Portal	toxicophore	0	No
ZGBAJMQHJDFTQJ-DEOSSOPVSA-N	Chemical Probes Portal	published_date	0	2015-12-10
ZGBAJMQHJDFTQJ-DEOSSOPVSA-N	Chemical Probes Portal	canSAR_ID	0	861358
ZGBAJMQHJDFTQJ-DEOSSOPVSA-N	Chemical Probes Portal	url	0	https://www.chemicalprobes.org/bafetinib
LVDRREOUMKACNJ-BKMJKUGQSA-N	Chemical Probes Portal	rating_in_cell	0	2
LVDRREOUMKACNJ-BKMJKUGQSA-N	Chemical Probes Portal	rating_in_organism	0	0
LVDRREOUMKACNJ-BKMJKUGQSA-N	Chemical Probes Portal	rating_count	0	3
LVDRREOUMKACNJ-BKMJKUGQSA-N	Chemical Probes Portal	unsuitable	0	No
LVDRREOUMKACNJ-BKMJKUGQSA-N	Chemical Probes Portal	pains	0	No
LVDRREOUMKACNJ-BKMJKUGQSA-N	Chemical Probes Portal	toxicophore	0	No
LVDRREOUMKACNJ-BKMJKUGQSA-N	Chemical Probes Portal	published_date	0	2016-07-29
LVDRREOUMKACNJ-BKMJKUGQSA-N	Chemical Probes Portal	canSAR_ID	0	661124
LVDRREOUMKACNJ-BKMJKUGQSA-N	Chemical Probes Portal	url	0	https://www.chemicalprobes.org/lp99
CXJCGSPAPOTTSF-VURMDHGXSA-N	Chemical Probes Portal	rating_in_cell	0	3
CXJCGSPAPOTTSF-VURMDHGXSA-N	Chemical Probes Portal	rating_in_organism	0	2
CXJCGSPAPOTTSF-VURMDHGXSA-N	Chemical Probes Portal	rating_count	0	3
CXJCGSPAPOTTSF-VURMDHGXSA-N	Chemical Probes Portal	unsuitable	0	No
CXJCGSPAPOTTSF-VURMDHGXSA-N	Chemical Probes Portal	pains	0	No
CXJCGSPAPOTTSF-VURMDHGXSA-N	Chemical Probes Portal	toxicophore	0	Yes
CXJCGSPAPOTTSF-VURMDHGXSA-N	Chemical Probes Portal	published_date	0	2015-12-10
CXJCGSPAPOTTSF-VURMDHGXSA-N	Chemical Probes Portal	canSAR_ID	0	1336958
CXJCGSPAPOTTSF-VURMDHGXSA-N	Chemical Probes Portal	url	0	https://www.chemicalprobes.org/kh-cb19
TXEBNKKOLVBTFK-UHFFFAOYSA-N	Chemical Probes Portal	rating_in_cell	0	3.6666666666666665
TXEBNKKOLVBTFK-UHFFFAOYSA-N	Chemical Probes Portal	rating_in_organism	0	4
TXEBNKKOLVBTFK-UHFFFAOYSA-N	Chemical Probes Portal	rating_count	0	3
TXEBNKKOLVBTFK-UHFFFAOYSA-N	Chemical Probes Portal	unsuitable	0	No
TXEBNKKOLVBTFK-UHFFFAOYSA-N	Chemical Probes Portal	pains	0	No
TXEBNKKOLVBTFK-UHFFFAOYSA-N	Chemical Probes Portal	toxicophore	0	Yes
TXEBNKKOLVBTFK-UHFFFAOYSA-N	Chemical Probes Portal	published_date	0	2017-03-14
TXEBNKKOLVBTFK-UHFFFAOYSA-N	Chemical Probes Portal	canSAR_ID	0	666346
TXEBNKKOLVBTFK-UHFFFAOYSA-N	Chemical Probes Portal	url	0	https://www.chemicalprobes.org/blu9931
CQCWHSDMJBAGDC-UHFFFAOYSA-N	Chemical Probes Portal	rating_in_cell	0	4
CQCWHSDMJBAGDC-UHFFFAOYSA-N	Chemical Probes Portal	rating_in_organism	0	4
CQCWHSDMJBAGDC-UHFFFAOYSA-N	Chemical Probes Portal	rating_count	0	2
CQCWHSDMJBAGDC-UHFFFAOYSA-N	Chemical Probes Portal	unsuitable	0	No
CQCWHSDMJBAGDC-UHFFFAOYSA-N	Chemical Probes Portal	pains	0	Yes
CQCWHSDMJBAGDC-UHFFFAOYSA-N	Chemical Probes Portal	toxicophore	0	No
CQCWHSDMJBAGDC-UHFFFAOYSA-N	Chemical Probes Portal	published_date	0	2020-11-25
CQCWHSDMJBAGDC-UHFFFAOYSA-N	Chemical Probes Portal	canSAR_ID	0	788110
CQCWHSDMJBAGDC-UHFFFAOYSA-N	Chemical Probes Portal	url	0	https://www.chemicalprobes.org/gne-781
DSUZLJDXUJUTGI-LLVKDONJSA-N	Chemical Probes Portal	rating_in_cell	0	4
DSUZLJDXUJUTGI-LLVKDONJSA-N	Chemical Probes Portal	rating_in_organism	0	4
DSUZLJDXUJUTGI-LLVKDONJSA-N	Chemical Probes Portal	rating_count	0	1
DSUZLJDXUJUTGI-LLVKDONJSA-N	Chemical Probes Portal	unsuitable	0	No
DSUZLJDXUJUTGI-LLVKDONJSA-N	Chemical Probes Portal	pains	0	No
DSUZLJDXUJUTGI-LLVKDONJSA-N	Chemical Probes Portal	toxicophore	0	No
DSUZLJDXUJUTGI-LLVKDONJSA-N	Chemical Probes Portal	published_date	0	2020-10-22
DSUZLJDXUJUTGI-LLVKDONJSA-N	Chemical Probes Portal	canSAR_ID	0	1880818
DSUZLJDXUJUTGI-LLVKDONJSA-N	Chemical Probes Portal	url	0	https://www.chemicalprobes.org/lsn-3213128
VWEDZTZAXHMZIL-UHFFFAOYSA-N	Chemical Probes Portal	rating_in_cell	0	4
VWEDZTZAXHMZIL-UHFFFAOYSA-N	Chemical Probes Portal	rating_in_organism	0	3.6666666666666665
VWEDZTZAXHMZIL-UHFFFAOYSA-N	Chemical Probes Portal	rating_count	0	3
VWEDZTZAXHMZIL-UHFFFAOYSA-N	Chemical Probes Portal	unsuitable	0	No
VWEDZTZAXHMZIL-UHFFFAOYSA-N	Chemical Probes Portal	pains	0	Yes
VWEDZTZAXHMZIL-UHFFFAOYSA-N	Chemical Probes Portal	toxicophore	0	No
VWEDZTZAXHMZIL-UHFFFAOYSA-N	Chemical Probes Portal	published_date	0	2020-06-17
VWEDZTZAXHMZIL-UHFFFAOYSA-N	Chemical Probes Portal	canSAR_ID	0	2968795
VWEDZTZAXHMZIL-UHFFFAOYSA-N	Chemical Probes Portal	url	0	https://www.chemicalprobes.org/25cn-nboh
PKCDDUHJAFVJJB-VLZXCDOPSA-N	Chemical Probes Portal	rating_in_cell	0	4
PKCDDUHJAFVJJB-VLZXCDOPSA-N	Chemical Probes Portal	rating_in_organism	0	4
PKCDDUHJAFVJJB-VLZXCDOPSA-N	Chemical Probes Portal	rating_count	0	3
PKCDDUHJAFVJJB-VLZXCDOPSA-N	Chemical Probes Portal	unsuitable	0	No
PKCDDUHJAFVJJB-VLZXCDOPSA-N	Chemical Probes Portal	pains	0	No
PKCDDUHJAFVJJB-VLZXCDOPSA-N	Chemical Probes Portal	toxicophore	0	No
PKCDDUHJAFVJJB-VLZXCDOPSA-N	Chemical Probes Portal	published_date	0	2017-06-27
PKCDDUHJAFVJJB-VLZXCDOPSA-N	Chemical Probes Portal	canSAR_ID	0	431871
PKCDDUHJAFVJJB-VLZXCDOPSA-N	Chemical Probes Portal	url	0	https://www.chemicalprobes.org/linsitinib
JGQPZPLJOBHHBK-UFXYQILXSA-N	Chemical Probes Portal	rating_in_cell	0	4
JGQPZPLJOBHHBK-UFXYQILXSA-N	Chemical Probes Portal	rating_in_organism	0	3.6666666666666665
JGQPZPLJOBHHBK-UFXYQILXSA-N	Chemical Probes Portal	rating_count	0	3
JGQPZPLJOBHHBK-UFXYQILXSA-N	Chemical Probes Portal	unsuitable	0	No
JGQPZPLJOBHHBK-UFXYQILXSA-N	Chemical Probes Portal	pains	0	No
JGQPZPLJOBHHBK-UFXYQILXSA-N	Chemical Probes Portal	toxicophore	0	Yes
JGQPZPLJOBHHBK-UFXYQILXSA-N	Chemical Probes Portal	published_date	0	2020-11-23
JGQPZPLJOBHHBK-UFXYQILXSA-N	Chemical Probes Portal	canSAR_ID	0	982743
JGQPZPLJOBHHBK-UFXYQILXSA-N	Chemical Probes Portal	url	0	https://www.chemicalprobes.org/dbet6
XSMABFRQESMONQ-SFHVURJKSA-N	Chemical Probes Portal	rating_in_cell	0	4
XSMABFRQESMONQ-SFHVURJKSA-N	Chemical Probes Portal	rating_in_organism	0	4
XSMABFRQESMONQ-SFHVURJKSA-N	Chemical Probes Portal	rating_count	0	3
XSMABFRQESMONQ-SFHVURJKSA-N	Chemical Probes Portal	unsuitable	0	No
XSMABFRQESMONQ-SFHVURJKSA-N	Chemical Probes Portal	pains	0	No
XSMABFRQESMONQ-SFHVURJKSA-N	Chemical Probes Portal	toxicophore	0	No
XSMABFRQESMONQ-SFHVURJKSA-N	Chemical Probes Portal	published_date	0	2020-10-22
XSMABFRQESMONQ-SFHVURJKSA-N	Chemical Probes Portal	canSAR_ID	0	231616
XSMABFRQESMONQ-SFHVURJKSA-N	Chemical Probes Portal	url	0	https://www.chemicalprobes.org/qc6352
NGEBYTLALFOQKI-HDJSIYSDSA-N	Chemical Probes Portal	rating_in_cell	0	4
NGEBYTLALFOQKI-HDJSIYSDSA-N	Chemical Probes Portal	rating_in_organism	0	4
NGEBYTLALFOQKI-HDJSIYSDSA-N	Chemical Probes Portal	rating_count	0	3
NGEBYTLALFOQKI-HDJSIYSDSA-N	Chemical Probes Portal	unsuitable	0	No
NGEBYTLALFOQKI-HDJSIYSDSA-N	Chemical Probes Portal	pains	0	No
NGEBYTLALFOQKI-HDJSIYSDSA-N	Chemical Probes Portal	toxicophore	0	No
NGEBYTLALFOQKI-HDJSIYSDSA-N	Chemical Probes Portal	published_date	0	2020-10-23
NGEBYTLALFOQKI-HDJSIYSDSA-N	Chemical Probes Portal	canSAR_ID	0	522930
NGEBYTLALFOQKI-HDJSIYSDSA-N	Chemical Probes Portal	url	0	https://www.chemicalprobes.org/azd3988
RENRQMCACQEWFC-UGKGYDQZSA-N	Chemical Probes Portal	rating_in_cell	0	4
RENRQMCACQEWFC-UGKGYDQZSA-N	Chemical Probes Portal	rating_in_organism	0	4
RENRQMCACQEWFC-UGKGYDQZSA-N	Chemical Probes Portal	rating_count	0	1
RENRQMCACQEWFC-UGKGYDQZSA-N	Chemical Probes Portal	unsuitable	0	No
RENRQMCACQEWFC-UGKGYDQZSA-N	Chemical Probes Portal	pains	0	No
RENRQMCACQEWFC-UGKGYDQZSA-N	Chemical Probes Portal	toxicophore	0	No
RENRQMCACQEWFC-UGKGYDQZSA-N	Chemical Probes Portal	published_date	0	2020-07-10
RENRQMCACQEWFC-UGKGYDQZSA-N	Chemical Probes Portal	canSAR_ID	0	2870759
RENRQMCACQEWFC-UGKGYDQZSA-N	Chemical Probes Portal	url	0	https://www.chemicalprobes.org/lnp-023
JKCSCHXVWPSGBG-OPKPGBGESA-N	Chemical Probes Portal	rating_in_cell	0	4
JKCSCHXVWPSGBG-OPKPGBGESA-N	Chemical Probes Portal	rating_in_organism	0	4
JKCSCHXVWPSGBG-OPKPGBGESA-N	Chemical Probes Portal	rating_count	0	2
JKCSCHXVWPSGBG-OPKPGBGESA-N	Chemical Probes Portal	unsuitable	0	No
JKCSCHXVWPSGBG-OPKPGBGESA-N	Chemical Probes Portal	pains	0	No
JKCSCHXVWPSGBG-OPKPGBGESA-N	Chemical Probes Portal	toxicophore	0	Yes
JKCSCHXVWPSGBG-OPKPGBGESA-N	Chemical Probes Portal	published_date	0	2020-06-04
JKCSCHXVWPSGBG-OPKPGBGESA-N	Chemical Probes Portal	canSAR_ID	0	2960889
JKCSCHXVWPSGBG-OPKPGBGESA-N	Chemical Probes Portal	url	0	https://www.chemicalprobes.org/sd-36
MPMKMQHJHDHPBE-RUZDIDTESA-N	Chemical Probes Portal	rating_in_cell	0	4
MPMKMQHJHDHPBE-RUZDIDTESA-N	Chemical Probes Portal	rating_in_organism	0	4
MPMKMQHJHDHPBE-RUZDIDTESA-N	Chemical Probes Portal	rating_count	0	1
MPMKMQHJHDHPBE-RUZDIDTESA-N	Chemical Probes Portal	unsuitable	0	No
MPMKMQHJHDHPBE-RUZDIDTESA-N	Chemical Probes Portal	pains	0	No
MPMKMQHJHDHPBE-RUZDIDTESA-N	Chemical Probes Portal	toxicophore	0	No
MPMKMQHJHDHPBE-RUZDIDTESA-N	Chemical Probes Portal	published_date	0	2021-01-12
MPMKMQHJHDHPBE-RUZDIDTESA-N	Chemical Probes Portal	canSAR_ID	0	527015
MPMKMQHJHDHPBE-RUZDIDTESA-N	Chemical Probes Portal	url	0	https://www.chemicalprobes.org/glpg0974
HNLHOKSDTBAERS-CWIPYCOQSA-N	Chemical Probes Portal	rating_in_cell	0	4
HNLHOKSDTBAERS-CWIPYCOQSA-N	Chemical Probes Portal	rating_in_organism	0	4
HNLHOKSDTBAERS-CWIPYCOQSA-N	Chemical Probes Portal	rating_count	0	3
HNLHOKSDTBAERS-CWIPYCOQSA-N	Chemical Probes Portal	unsuitable	0	No
HNLHOKSDTBAERS-CWIPYCOQSA-N	Chemical Probes Portal	pains	0	No
HNLHOKSDTBAERS-CWIPYCOQSA-N	Chemical Probes Portal	toxicophore	0	No
HNLHOKSDTBAERS-CWIPYCOQSA-N	Chemical Probes Portal	published_date	0	2017-06-06
HNLHOKSDTBAERS-CWIPYCOQSA-N	Chemical Probes Portal	canSAR_ID	0	908112
HNLHOKSDTBAERS-CWIPYCOQSA-N	Chemical Probes Portal	url	0	https://www.chemicalprobes.org/am-6761
MXUSGDMIHGLCNC-HNNXBMFYSA-N	Chemical Probes Portal	rating_in_cell	0	4
MXUSGDMIHGLCNC-HNNXBMFYSA-N	Chemical Probes Portal	rating_in_organism	0	4
MXUSGDMIHGLCNC-HNNXBMFYSA-N	Chemical Probes Portal	rating_count	0	1
MXUSGDMIHGLCNC-HNNXBMFYSA-N	Chemical Probes Portal	unsuitable	0	No
MXUSGDMIHGLCNC-HNNXBMFYSA-N	Chemical Probes Portal	pains	0	No
MXUSGDMIHGLCNC-HNNXBMFYSA-N	Chemical Probes Portal	toxicophore	0	Yes
MXUSGDMIHGLCNC-HNNXBMFYSA-N	Chemical Probes Portal	published_date	0	2020-07-28
MXUSGDMIHGLCNC-HNNXBMFYSA-N	Chemical Probes Portal	canSAR_ID	0	138474
MXUSGDMIHGLCNC-HNNXBMFYSA-N	Chemical Probes Portal	url	0	https://www.chemicalprobes.org/pt2399
LXRZVMYMQHNYJB-UNXOBOICSA-N	Chemical Probes Portal	rating_in_cell	0	4
LXRZVMYMQHNYJB-UNXOBOICSA-N	Chemical Probes Portal	rating_in_organism	0	4
LXRZVMYMQHNYJB-UNXOBOICSA-N	Chemical Probes Portal	rating_count	0	2
LXRZVMYMQHNYJB-UNXOBOICSA-N	Chemical Probes Portal	unsuitable	0	No
LXRZVMYMQHNYJB-UNXOBOICSA-N	Chemical Probes Portal	pains	0	No
LXRZVMYMQHNYJB-UNXOBOICSA-N	Chemical Probes Portal	toxicophore	0	No
LXRZVMYMQHNYJB-UNXOBOICSA-N	Chemical Probes Portal	published_date	0	2021-03-16
LXRZVMYMQHNYJB-UNXOBOICSA-N	Chemical Probes Portal	canSAR_ID	0	3313066
LXRZVMYMQHNYJB-UNXOBOICSA-N	Chemical Probes Portal	url	0	https://www.chemicalprobes.org/tak-981
TXZPMHLMPKIUGK-UHFFFAOYSA-N	Chemical Probes Portal	rating_in_cell	0	4
TXZPMHLMPKIUGK-UHFFFAOYSA-N	Chemical Probes Portal	rating_in_organism	0	4
TXZPMHLMPKIUGK-UHFFFAOYSA-N	Chemical Probes Portal	rating_count	0	3
TXZPMHLMPKIUGK-UHFFFAOYSA-N	Chemical Probes Portal	unsuitable	0	No
TXZPMHLMPKIUGK-UHFFFAOYSA-N	Chemical Probes Portal	pains	0	No
TXZPMHLMPKIUGK-UHFFFAOYSA-N	Chemical Probes Portal	toxicophore	0	No
TXZPMHLMPKIUGK-UHFFFAOYSA-N	Chemical Probes Portal	published_date	0	2015-07-16
TXZPMHLMPKIUGK-UHFFFAOYSA-N	Chemical Probes Portal	canSAR_ID	0	1545950
TXZPMHLMPKIUGK-UHFFFAOYSA-N	Chemical Probes Portal	url	0	https://www.chemicalprobes.org/pfi-1
RUPXKSLKGSSZCP-UHFFFAOYSA-N	Chemical Probes Portal	rating_in_cell	0	3.5
RUPXKSLKGSSZCP-UHFFFAOYSA-N	Chemical Probes Portal	rating_in_organism	0	3.5
RUPXKSLKGSSZCP-UHFFFAOYSA-N	Chemical Probes Portal	rating_count	0	2
RUPXKSLKGSSZCP-UHFFFAOYSA-N	Chemical Probes Portal	unsuitable	0	No
RUPXKSLKGSSZCP-UHFFFAOYSA-N	Chemical Probes Portal	pains	0	No
RUPXKSLKGSSZCP-UHFFFAOYSA-N	Chemical Probes Portal	toxicophore	0	No
RUPXKSLKGSSZCP-UHFFFAOYSA-N	Chemical Probes Portal	published_date	0	2021-01-12
RUPXKSLKGSSZCP-UHFFFAOYSA-N	Chemical Probes Portal	canSAR_ID	0	1819526
RUPXKSLKGSSZCP-UHFFFAOYSA-N	Chemical Probes Portal	url	0	https://www.chemicalprobes.org/tug-469
ONBSHRSJOPSEGS-INIZCTEOSA-N	Chemical Probes Portal	rating_in_cell	0	3.6666666666666665
ONBSHRSJOPSEGS-INIZCTEOSA-N	Chemical Probes Portal	rating_in_organism	0	3.6666666666666665
ONBSHRSJOPSEGS-INIZCTEOSA-N	Chemical Probes Portal	rating_count	0	3
ONBSHRSJOPSEGS-INIZCTEOSA-N	Chemical Probes Portal	unsuitable	0	No
ONBSHRSJOPSEGS-INIZCTEOSA-N	Chemical Probes Portal	pains	0	No
ONBSHRSJOPSEGS-INIZCTEOSA-N	Chemical Probes Portal	toxicophore	0	No
ONBSHRSJOPSEGS-INIZCTEOSA-N	Chemical Probes Portal	published_date	0	2020-09-23
ONBSHRSJOPSEGS-INIZCTEOSA-N	Chemical Probes Portal	canSAR_ID	0	1787649
ONBSHRSJOPSEGS-INIZCTEOSA-N	Chemical Probes Portal	url	0	https://www.chemicalprobes.org/pt2385
TVTXCJFHQKSQQM-LJQIRTBHSA-N	Chemical Probes Portal	rating_in_cell	0	3.6666666666666665
TVTXCJFHQKSQQM-LJQIRTBHSA-N	Chemical Probes Portal	rating_in_organism	0	3.6666666666666665
TVTXCJFHQKSQQM-LJQIRTBHSA-N	Chemical Probes Portal	rating_count	0	3
TVTXCJFHQKSQQM-LJQIRTBHSA-N	Chemical Probes Portal	unsuitable	0	No
TVTXCJFHQKSQQM-LJQIRTBHSA-N	Chemical Probes Portal	pains	0	No
TVTXCJFHQKSQQM-LJQIRTBHSA-N	Chemical Probes Portal	toxicophore	0	No
TVTXCJFHQKSQQM-LJQIRTBHSA-N	Chemical Probes Portal	published_date	0	2017-06-06
TVTXCJFHQKSQQM-LJQIRTBHSA-N	Chemical Probes Portal	canSAR_ID	0	872228
TVTXCJFHQKSQQM-LJQIRTBHSA-N	Chemical Probes Portal	url	0	https://www.chemicalprobes.org/rg7388
GBJVVSCPOBPEIT-UHFFFAOYSA-N	Chemical Probes Portal	rating_in_cell	0	3.6666666666666665
GBJVVSCPOBPEIT-UHFFFAOYSA-N	Chemical Probes Portal	rating_in_organism	0	3.6666666666666665
GBJVVSCPOBPEIT-UHFFFAOYSA-N	Chemical Probes Portal	rating_count	0	3
GBJVVSCPOBPEIT-UHFFFAOYSA-N	Chemical Probes Portal	unsuitable	0	No
GBJVVSCPOBPEIT-UHFFFAOYSA-N	Chemical Probes Portal	pains	0	No
GBJVVSCPOBPEIT-UHFFFAOYSA-N	Chemical Probes Portal	toxicophore	0	Yes
GBJVVSCPOBPEIT-UHFFFAOYSA-N	Chemical Probes Portal	published_date	0	2015-12-10
GBJVVSCPOBPEIT-UHFFFAOYSA-N	Chemical Probes Portal	canSAR_ID	0	842171
GBJVVSCPOBPEIT-UHFFFAOYSA-N	Chemical Probes Portal	url	0	https://www.chemicalprobes.org/azd1152
GBAKVEWPYUIGHN-UHFFFAOYSA-N	Chemical Probes Portal	rating_in_cell	0	4
GBAKVEWPYUIGHN-UHFFFAOYSA-N	Chemical Probes Portal	rating_in_organism	0	2
GBAKVEWPYUIGHN-UHFFFAOYSA-N	Chemical Probes Portal	rating_count	0	2
GBAKVEWPYUIGHN-UHFFFAOYSA-N	Chemical Probes Portal	unsuitable	0	No
GBAKVEWPYUIGHN-UHFFFAOYSA-N	Chemical Probes Portal	pains	0	No
GBAKVEWPYUIGHN-UHFFFAOYSA-N	Chemical Probes Portal	toxicophore	0	No
GBAKVEWPYUIGHN-UHFFFAOYSA-N	Chemical Probes Portal	published_date	0	2020-05-25
GBAKVEWPYUIGHN-UHFFFAOYSA-N	Chemical Probes Portal	canSAR_ID	0	2857979
GBAKVEWPYUIGHN-UHFFFAOYSA-N	Chemical Probes Portal	url	0	https://www.chemicalprobes.org/btzo-1
NBOJHRYUGLRASX-UHFFFAOYSA-N	Chemical Probes Portal	rating_in_cell	0	4
NBOJHRYUGLRASX-UHFFFAOYSA-N	Chemical Probes Portal	rating_in_organism	0	2
NBOJHRYUGLRASX-UHFFFAOYSA-N	Chemical Probes Portal	rating_count	0	1
NBOJHRYUGLRASX-UHFFFAOYSA-N	Chemical Probes Portal	unsuitable	0	No
NBOJHRYUGLRASX-UHFFFAOYSA-N	Chemical Probes Portal	pains	0	No
NBOJHRYUGLRASX-UHFFFAOYSA-N	Chemical Probes Portal	toxicophore	0	No
NBOJHRYUGLRASX-UHFFFAOYSA-N	Chemical Probes Portal	published_date	0	2020-11-30
NBOJHRYUGLRASX-UHFFFAOYSA-N	Chemical Probes Portal	canSAR_ID	0	516940
NBOJHRYUGLRASX-UHFFFAOYSA-N	Chemical Probes Portal	url	0	https://www.chemicalprobes.org/pf-3845
DJOVLOYCGXNVPI-UHFFFAOYSA-N	Chemical Probes Portal	rating_in_cell	0	4
DJOVLOYCGXNVPI-UHFFFAOYSA-N	Chemical Probes Portal	rating_in_organism	0	2
DJOVLOYCGXNVPI-UHFFFAOYSA-N	Chemical Probes Portal	rating_count	0	3
DJOVLOYCGXNVPI-UHFFFAOYSA-N	Chemical Probes Portal	unsuitable	0	No
DJOVLOYCGXNVPI-UHFFFAOYSA-N	Chemical Probes Portal	pains	0	No
DJOVLOYCGXNVPI-UHFFFAOYSA-N	Chemical Probes Portal	toxicophore	0	No
DJOVLOYCGXNVPI-UHFFFAOYSA-N	Chemical Probes Portal	published_date	0	2015-10-02
DJOVLOYCGXNVPI-UHFFFAOYSA-N	Chemical Probes Portal	canSAR_ID	0	832481
DJOVLOYCGXNVPI-UHFFFAOYSA-N	Chemical Probes Portal	url	0	https://www.chemicalprobes.org/oicr-9429
WGJCHHJGGFCCRS-DEYDLUNASA-N	Chemical Probes Portal	rating_in_cell	0	4
WGJCHHJGGFCCRS-DEYDLUNASA-N	Chemical Probes Portal	rating_in_organism	0	0
WGJCHHJGGFCCRS-DEYDLUNASA-N	Chemical Probes Portal	rating_count	0	3
WGJCHHJGGFCCRS-DEYDLUNASA-N	Chemical Probes Portal	unsuitable	0	No
WGJCHHJGGFCCRS-DEYDLUNASA-N	Chemical Probes Portal	pains	0	No
WGJCHHJGGFCCRS-DEYDLUNASA-N	Chemical Probes Portal	toxicophore	0	No
WGJCHHJGGFCCRS-DEYDLUNASA-N	Chemical Probes Portal	published_date	0	2020-03-05
WGJCHHJGGFCCRS-DEYDLUNASA-N	Chemical Probes Portal	canSAR_ID	0	2960864
WGJCHHJGGFCCRS-DEYDLUNASA-N	Chemical Probes Portal	url	0	https://www.chemicalprobes.org/cm11
QXCXMVYVUHVFLP-UHFFFAOYSA-N	Chemical Probes Portal	rating_in_cell	0	4
QXCXMVYVUHVFLP-UHFFFAOYSA-N	Chemical Probes Portal	rating_in_organism	0	0
QXCXMVYVUHVFLP-UHFFFAOYSA-N	Chemical Probes Portal	rating_count	0	2
QXCXMVYVUHVFLP-UHFFFAOYSA-N	Chemical Probes Portal	unsuitable	0	No
QXCXMVYVUHVFLP-UHFFFAOYSA-N	Chemical Probes Portal	pains	0	No
QXCXMVYVUHVFLP-UHFFFAOYSA-N	Chemical Probes Portal	toxicophore	0	No
QXCXMVYVUHVFLP-UHFFFAOYSA-N	Chemical Probes Portal	published_date	0	2020-06-12
QXCXMVYVUHVFLP-UHFFFAOYSA-N	Chemical Probes Portal	canSAR_ID	0	2888018
QXCXMVYVUHVFLP-UHFFFAOYSA-N	Chemical Probes Portal	url	0	https://www.chemicalprobes.org/th5427
KNOUWGGQMADIBV-KRWDZBQOSA-N	Chemical Probes Portal	rating_in_cell	0	4
KNOUWGGQMADIBV-KRWDZBQOSA-N	Chemical Probes Portal	rating_in_organism	0	0
KNOUWGGQMADIBV-KRWDZBQOSA-N	Chemical Probes Portal	rating_count	0	3
KNOUWGGQMADIBV-KRWDZBQOSA-N	Chemical Probes Portal	unsuitable	0	No
KNOUWGGQMADIBV-KRWDZBQOSA-N	Chemical Probes Portal	pains	0	No
KNOUWGGQMADIBV-KRWDZBQOSA-N	Chemical Probes Portal	toxicophore	0	No
KNOUWGGQMADIBV-KRWDZBQOSA-N	Chemical Probes Portal	published_date	0	2017-02-16
KNOUWGGQMADIBV-KRWDZBQOSA-N	Chemical Probes Portal	canSAR_ID	0	128444
KNOUWGGQMADIBV-KRWDZBQOSA-N	Chemical Probes Portal	url	0	https://www.chemicalprobes.org/gsk481
LUHCYAOYQIFNRN-UHFFFAOYSA-N	Chemical Probes Portal	rating_in_cell	0	4
LUHCYAOYQIFNRN-UHFFFAOYSA-N	Chemical Probes Portal	rating_in_organism	0	0
LUHCYAOYQIFNRN-UHFFFAOYSA-N	Chemical Probes Portal	rating_count	0	3
LUHCYAOYQIFNRN-UHFFFAOYSA-N	Chemical Probes Portal	unsuitable	0	No
LUHCYAOYQIFNRN-UHFFFAOYSA-N	Chemical Probes Portal	pains	0	No
LUHCYAOYQIFNRN-UHFFFAOYSA-N	Chemical Probes Portal	toxicophore	0	Yes
LUHCYAOYQIFNRN-UHFFFAOYSA-N	Chemical Probes Portal	published_date	0	2020-11-12
LUHCYAOYQIFNRN-UHFFFAOYSA-N	Chemical Probes Portal	canSAR_ID	0	3312897
LUHCYAOYQIFNRN-UHFFFAOYSA-N	Chemical Probes Portal	url	0	https://www.chemicalprobes.org/bsj-03-123
IDKAKZRYYDCJDU-HBMMIIHUSA-N	Chemical Probes Portal	rating_in_cell	0	3.75
IDKAKZRYYDCJDU-HBMMIIHUSA-N	Chemical Probes Portal	rating_in_organism	0	3.75
IDKAKZRYYDCJDU-HBMMIIHUSA-N	Chemical Probes Portal	rating_count	0	4
IDKAKZRYYDCJDU-HBMMIIHUSA-N	Chemical Probes Portal	unsuitable	0	No
IDKAKZRYYDCJDU-HBMMIIHUSA-N	Chemical Probes Portal	pains	0	No
IDKAKZRYYDCJDU-HBMMIIHUSA-N	Chemical Probes Portal	toxicophore	0	No
IDKAKZRYYDCJDU-HBMMIIHUSA-N	Chemical Probes Portal	published_date	0	2017-06-06
IDKAKZRYYDCJDU-HBMMIIHUSA-N	Chemical Probes Portal	canSAR_ID	0	775664
IDKAKZRYYDCJDU-HBMMIIHUSA-N	Chemical Probes Portal	url	0	https://www.chemicalprobes.org/mi-77301
SGIWFELWJPNFDH-UHFFFAOYSA-N	Chemical Probes Portal	rating_in_cell	0	3.6666666666666665
SGIWFELWJPNFDH-UHFFFAOYSA-N	Chemical Probes Portal	rating_in_organism	0	4
SGIWFELWJPNFDH-UHFFFAOYSA-N	Chemical Probes Portal	rating_count	0	3
SGIWFELWJPNFDH-UHFFFAOYSA-N	Chemical Probes Portal	unsuitable	0	No
SGIWFELWJPNFDH-UHFFFAOYSA-N	Chemical Probes Portal	pains	0	No
SGIWFELWJPNFDH-UHFFFAOYSA-N	Chemical Probes Portal	toxicophore	0	No
SGIWFELWJPNFDH-UHFFFAOYSA-N	Chemical Probes Portal	published_date	0	2017-07-18
SGIWFELWJPNFDH-UHFFFAOYSA-N	Chemical Probes Portal	canSAR_ID	0	324605
SGIWFELWJPNFDH-UHFFFAOYSA-N	Chemical Probes Portal	url	0	https://www.chemicalprobes.org/t0901317
QADPYRIHXKWUSV-UHFFFAOYSA-N	Chemical Probes Portal	rating_in_cell	0	3.6666666666666665
QADPYRIHXKWUSV-UHFFFAOYSA-N	Chemical Probes Portal	rating_in_organism	0	3.3333333333333335
QADPYRIHXKWUSV-UHFFFAOYSA-N	Chemical Probes Portal	rating_count	0	3
QADPYRIHXKWUSV-UHFFFAOYSA-N	Chemical Probes Portal	unsuitable	0	No
QADPYRIHXKWUSV-UHFFFAOYSA-N	Chemical Probes Portal	pains	0	Yes
QADPYRIHXKWUSV-UHFFFAOYSA-N	Chemical Probes Portal	toxicophore	0	No
QADPYRIHXKWUSV-UHFFFAOYSA-N	Chemical Probes Portal	published_date	0	2015-12-10
QADPYRIHXKWUSV-UHFFFAOYSA-N	Chemical Probes Portal	canSAR_ID	0	764774
QADPYRIHXKWUSV-UHFFFAOYSA-N	Chemical Probes Portal	url	0	https://www.chemicalprobes.org/bgj-398
YYDUWLSETXNJJT-MTJSOVHGSA-N	Chemical Probes Portal	rating_in_cell	0	3.6666666666666665
YYDUWLSETXNJJT-MTJSOVHGSA-N	Chemical Probes Portal	rating_in_organism	0	3
YYDUWLSETXNJJT-MTJSOVHGSA-N	Chemical Probes Portal	rating_count	0	3
YYDUWLSETXNJJT-MTJSOVHGSA-N	Chemical Probes Portal	unsuitable	0	No
YYDUWLSETXNJJT-MTJSOVHGSA-N	Chemical Probes Portal	pains	0	No
YYDUWLSETXNJJT-MTJSOVHGSA-N	Chemical Probes Portal	toxicophore	0	No
YYDUWLSETXNJJT-MTJSOVHGSA-N	Chemical Probes Portal	published_date	0	2020-11-17
YYDUWLSETXNJJT-MTJSOVHGSA-N	Chemical Probes Portal	canSAR_ID	0	856218
YYDUWLSETXNJJT-MTJSOVHGSA-N	Chemical Probes Portal	url	0	https://www.chemicalprobes.org/gnf-5837
BLNNXJOEJRKHAM-UHFFFAOYSA-N	Chemical Probes Portal	rating_in_cell	0	3.6666666666666665
BLNNXJOEJRKHAM-UHFFFAOYSA-N	Chemical Probes Portal	rating_in_organism	0	3.3333333333333335
BLNNXJOEJRKHAM-UHFFFAOYSA-N	Chemical Probes Portal	rating_count	0	3
BLNNXJOEJRKHAM-UHFFFAOYSA-N	Chemical Probes Portal	unsuitable	0	No
BLNNXJOEJRKHAM-UHFFFAOYSA-N	Chemical Probes Portal	pains	0	No
BLNNXJOEJRKHAM-UHFFFAOYSA-N	Chemical Probes Portal	toxicophore	0	No
BLNNXJOEJRKHAM-UHFFFAOYSA-N	Chemical Probes Portal	published_date	0	2020-05-29
BLNNXJOEJRKHAM-UHFFFAOYSA-N	Chemical Probes Portal	canSAR_ID	0	2857978
BLNNXJOEJRKHAM-UHFFFAOYSA-N	Chemical Probes Portal	url	0	https://www.chemicalprobes.org/ucsf4226
ZMNWFTYYYCSSTF-SOAUALDESA-N	Chemical Probes Portal	rating_in_cell	0	3.6666666666666665
ZMNWFTYYYCSSTF-SOAUALDESA-N	Chemical Probes Portal	rating_in_organism	0	3.3333333333333335
ZMNWFTYYYCSSTF-SOAUALDESA-N	Chemical Probes Portal	rating_count	0	3
ZMNWFTYYYCSSTF-SOAUALDESA-N	Chemical Probes Portal	unsuitable	0	No
ZMNWFTYYYCSSTF-SOAUALDESA-N	Chemical Probes Portal	pains	0	No
ZMNWFTYYYCSSTF-SOAUALDESA-N	Chemical Probes Portal	toxicophore	0	No
ZMNWFTYYYCSSTF-SOAUALDESA-N	Chemical Probes Portal	published_date	0	2020-11-25
ZMNWFTYYYCSSTF-SOAUALDESA-N	Chemical Probes Portal	canSAR_ID	0	913014
ZMNWFTYYYCSSTF-SOAUALDESA-N	Chemical Probes Portal	url	0	https://www.chemicalprobes.org/770041
LXFOLMYKSYSZQS-XKHGBIBOSA-N	Chemical Probes Portal	rating_in_cell	0	3.6666666666666665
LXFOLMYKSYSZQS-XKHGBIBOSA-N	Chemical Probes Portal	rating_in_organism	0	3.3333333333333335
LXFOLMYKSYSZQS-XKHGBIBOSA-N	Chemical Probes Portal	rating_count	0	3
LXFOLMYKSYSZQS-XKHGBIBOSA-N	Chemical Probes Portal	unsuitable	0	No
LXFOLMYKSYSZQS-XKHGBIBOSA-N	Chemical Probes Portal	pains	0	No
LXFOLMYKSYSZQS-XKHGBIBOSA-N	Chemical Probes Portal	toxicophore	0	No
LXFOLMYKSYSZQS-XKHGBIBOSA-N	Chemical Probes Portal	published_date	0	2015-10-02
LXFOLMYKSYSZQS-XKHGBIBOSA-N	Chemical Probes Portal	canSAR_ID	0	851884
LXFOLMYKSYSZQS-XKHGBIBOSA-N	Chemical Probes Portal	url	0	https://www.chemicalprobes.org/epz-5676
XQFINGFCBFHOPE-WXUXXXNLSA-N	Chemical Probes Portal	rating_in_cell	0	3.6666666666666665
XQFINGFCBFHOPE-WXUXXXNLSA-N	Chemical Probes Portal	rating_in_organism	0	4
XQFINGFCBFHOPE-WXUXXXNLSA-N	Chemical Probes Portal	rating_count	0	3
XQFINGFCBFHOPE-WXUXXXNLSA-N	Chemical Probes Portal	unsuitable	0	No
XQFINGFCBFHOPE-WXUXXXNLSA-N	Chemical Probes Portal	pains	0	No
XQFINGFCBFHOPE-WXUXXXNLSA-N	Chemical Probes Portal	toxicophore	0	No
XQFINGFCBFHOPE-WXUXXXNLSA-N	Chemical Probes Portal	published_date	0	2015-10-02
XQFINGFCBFHOPE-WXUXXXNLSA-N	Chemical Probes Portal	canSAR_ID	0	945437
XQFINGFCBFHOPE-WXUXXXNLSA-N	Chemical Probes Portal	url	0	https://www.chemicalprobes.org/epz011989
CGWBJJZOKGZCSJ-UHFFFAOYSA-N	Chemical Probes Portal	rating_in_cell	0	3.6666666666666665
CGWBJJZOKGZCSJ-UHFFFAOYSA-N	Chemical Probes Portal	rating_in_organism	0	0
CGWBJJZOKGZCSJ-UHFFFAOYSA-N	Chemical Probes Portal	rating_count	0	3
CGWBJJZOKGZCSJ-UHFFFAOYSA-N	Chemical Probes Portal	unsuitable	0	No
CGWBJJZOKGZCSJ-UHFFFAOYSA-N	Chemical Probes Portal	pains	0	No
CGWBJJZOKGZCSJ-UHFFFAOYSA-N	Chemical Probes Portal	toxicophore	0	No
CGWBJJZOKGZCSJ-UHFFFAOYSA-N	Chemical Probes Portal	published_date	0	2017-03-13
CGWBJJZOKGZCSJ-UHFFFAOYSA-N	Chemical Probes Portal	canSAR_ID	0	706267
CGWBJJZOKGZCSJ-UHFFFAOYSA-N	Chemical Probes Portal	url	0	https://www.chemicalprobes.org/pf-cbp1
AIOCFZJGGGEWDK-UHFFFAOYSA-N	Chemical Probes Portal	rating_in_cell	0	3.6666666666666665
AIOCFZJGGGEWDK-UHFFFAOYSA-N	Chemical Probes Portal	rating_in_organism	0	0
AIOCFZJGGGEWDK-UHFFFAOYSA-N	Chemical Probes Portal	rating_count	0	3
AIOCFZJGGGEWDK-UHFFFAOYSA-N	Chemical Probes Portal	unsuitable	0	No
AIOCFZJGGGEWDK-UHFFFAOYSA-N	Chemical Probes Portal	pains	0	No
AIOCFZJGGGEWDK-UHFFFAOYSA-N	Chemical Probes Portal	toxicophore	0	Yes
AIOCFZJGGGEWDK-UHFFFAOYSA-N	Chemical Probes Portal	published_date	0	2020-11-30
AIOCFZJGGGEWDK-UHFFFAOYSA-N	Chemical Probes Portal	canSAR_ID	0	3313067
AIOCFZJGGGEWDK-UHFFFAOYSA-N	Chemical Probes Portal	url	0	https://www.chemicalprobes.org/dbrd9
RUBYHLPRZRMTJO-MOVYNIQHSA-N	Chemical Probes Portal	rating_in_cell	0	3.6666666666666665
RUBYHLPRZRMTJO-MOVYNIQHSA-N	Chemical Probes Portal	rating_in_organism	0	0
RUBYHLPRZRMTJO-MOVYNIQHSA-N	Chemical Probes Portal	rating_count	0	3
RUBYHLPRZRMTJO-MOVYNIQHSA-N	Chemical Probes Portal	unsuitable	0	No
RUBYHLPRZRMTJO-MOVYNIQHSA-N	Chemical Probes Portal	pains	0	No
RUBYHLPRZRMTJO-MOVYNIQHSA-N	Chemical Probes Portal	toxicophore	0	Yes
RUBYHLPRZRMTJO-MOVYNIQHSA-N	Chemical Probes Portal	published_date	0	2020-10-14
RUBYHLPRZRMTJO-MOVYNIQHSA-N	Chemical Probes Portal	canSAR_ID	0	836733
RUBYHLPRZRMTJO-MOVYNIQHSA-N	Chemical Probes Portal	url	0	https://www.chemicalprobes.org/thz531
RDALZZCKQFLGJP-UHFFFAOYSA-N	Chemical Probes Portal	rating_in_cell	0	3.6666666666666665
RDALZZCKQFLGJP-UHFFFAOYSA-N	Chemical Probes Portal	rating_in_organism	0	3.6666666666666665
RDALZZCKQFLGJP-UHFFFAOYSA-N	Chemical Probes Portal	rating_count	0	3
RDALZZCKQFLGJP-UHFFFAOYSA-N	Chemical Probes Portal	unsuitable	0	No
RDALZZCKQFLGJP-UHFFFAOYSA-N	Chemical Probes Portal	pains	0	No
RDALZZCKQFLGJP-UHFFFAOYSA-N	Chemical Probes Portal	toxicophore	0	No
RDALZZCKQFLGJP-UHFFFAOYSA-N	Chemical Probes Portal	published_date	0	2021-05-26
RDALZZCKQFLGJP-UHFFFAOYSA-N	Chemical Probes Portal	canSAR_ID	0	400351
RDALZZCKQFLGJP-UHFFFAOYSA-N	Chemical Probes Portal	url	0	https://www.chemicalprobes.org/cb-5083
JBHLOPKIPKTRSU-UHFFFAOYSA-N	Chemical Probes Portal	rating_in_cell	0	3.5
JBHLOPKIPKTRSU-UHFFFAOYSA-N	Chemical Probes Portal	rating_in_organism	0	4
JBHLOPKIPKTRSU-UHFFFAOYSA-N	Chemical Probes Portal	rating_count	0	2
JBHLOPKIPKTRSU-UHFFFAOYSA-N	Chemical Probes Portal	unsuitable	0	No
JBHLOPKIPKTRSU-UHFFFAOYSA-N	Chemical Probes Portal	pains	0	No
JBHLOPKIPKTRSU-UHFFFAOYSA-N	Chemical Probes Portal	toxicophore	0	Yes
JBHLOPKIPKTRSU-UHFFFAOYSA-N	Chemical Probes Portal	published_date	0	2020-05-26
JBHLOPKIPKTRSU-UHFFFAOYSA-N	Chemical Probes Portal	canSAR_ID	0	524719
JBHLOPKIPKTRSU-UHFFFAOYSA-N	Chemical Probes Portal	url	0	https://www.chemicalprobes.org/thpp-1
LQSHXYHWYGKAMX-FQEVSTJZSA-N	Chemical Probes Portal	rating_in_cell	0	3.5
LQSHXYHWYGKAMX-FQEVSTJZSA-N	Chemical Probes Portal	rating_in_organism	0	3.5
LQSHXYHWYGKAMX-FQEVSTJZSA-N	Chemical Probes Portal	rating_count	0	2
LQSHXYHWYGKAMX-FQEVSTJZSA-N	Chemical Probes Portal	unsuitable	0	No
LQSHXYHWYGKAMX-FQEVSTJZSA-N	Chemical Probes Portal	pains	0	No
LQSHXYHWYGKAMX-FQEVSTJZSA-N	Chemical Probes Portal	toxicophore	0	No
LQSHXYHWYGKAMX-FQEVSTJZSA-N	Chemical Probes Portal	published_date	0	2020-10-27
LQSHXYHWYGKAMX-FQEVSTJZSA-N	Chemical Probes Portal	canSAR_ID	0	1884403
LQSHXYHWYGKAMX-FQEVSTJZSA-N	Chemical Probes Portal	url	0	https://www.chemicalprobes.org/nik-smi1
AQTPWCUIYUOEMG-INIZCTEOSA-N	Chemical Probes Portal	rating_in_cell	0	3.5
AQTPWCUIYUOEMG-INIZCTEOSA-N	Chemical Probes Portal	rating_in_organism	0	2.5
AQTPWCUIYUOEMG-INIZCTEOSA-N	Chemical Probes Portal	rating_count	0	2
AQTPWCUIYUOEMG-INIZCTEOSA-N	Chemical Probes Portal	unsuitable	0	No
AQTPWCUIYUOEMG-INIZCTEOSA-N	Chemical Probes Portal	pains	0	No
AQTPWCUIYUOEMG-INIZCTEOSA-N	Chemical Probes Portal	toxicophore	0	No
AQTPWCUIYUOEMG-INIZCTEOSA-N	Chemical Probes Portal	published_date	0	2020-10-21
AQTPWCUIYUOEMG-INIZCTEOSA-N	Chemical Probes Portal	canSAR_ID	0	473103
AQTPWCUIYUOEMG-INIZCTEOSA-N	Chemical Probes Portal	url	0	https://www.chemicalprobes.org/gsk2194069
JFGOILLZIAIYGA-UHFFFAOYSA-N	Chemical Probes Portal	rating_in_cell	0	3.5
JFGOILLZIAIYGA-UHFFFAOYSA-N	Chemical Probes Portal	rating_in_organism	0	2.5
JFGOILLZIAIYGA-UHFFFAOYSA-N	Chemical Probes Portal	rating_count	0	2
JFGOILLZIAIYGA-UHFFFAOYSA-N	Chemical Probes Portal	unsuitable	0	No
JFGOILLZIAIYGA-UHFFFAOYSA-N	Chemical Probes Portal	pains	0	No
JFGOILLZIAIYGA-UHFFFAOYSA-N	Chemical Probes Portal	toxicophore	0	Yes
JFGOILLZIAIYGA-UHFFFAOYSA-N	Chemical Probes Portal	published_date	0	2021-02-18
JFGOILLZIAIYGA-UHFFFAOYSA-N	Chemical Probes Portal	canSAR_ID	0	2965041
JFGOILLZIAIYGA-UHFFFAOYSA-N	Chemical Probes Portal	url	0	https://www.chemicalprobes.org/ss-208
RPMGXDCRCWWCRY-JTQLQIEISA-N	Chemical Probes Portal	rating_in_cell	0	3.5
RPMGXDCRCWWCRY-JTQLQIEISA-N	Chemical Probes Portal	rating_in_organism	0	4
RPMGXDCRCWWCRY-JTQLQIEISA-N	Chemical Probes Portal	rating_count	0	2
RPMGXDCRCWWCRY-JTQLQIEISA-N	Chemical Probes Portal	unsuitable	0	No
RPMGXDCRCWWCRY-JTQLQIEISA-N	Chemical Probes Portal	pains	0	No
RPMGXDCRCWWCRY-JTQLQIEISA-N	Chemical Probes Portal	toxicophore	0	No
RPMGXDCRCWWCRY-JTQLQIEISA-N	Chemical Probes Portal	published_date	0	2020-05-24
RPMGXDCRCWWCRY-JTQLQIEISA-N	Chemical Probes Portal	canSAR_ID	0	1303476
RPMGXDCRCWWCRY-JTQLQIEISA-N	Chemical Probes Portal	url	0	https://www.chemicalprobes.org/bay-707
RIJLVEAXPNLDTC-UHFFFAOYSA-N	Chemical Probes Portal	rating_in_cell	0	3.3333333333333335
RIJLVEAXPNLDTC-UHFFFAOYSA-N	Chemical Probes Portal	rating_in_organism	0	3.6666666666666665
RIJLVEAXPNLDTC-UHFFFAOYSA-N	Chemical Probes Portal	rating_count	0	3
RIJLVEAXPNLDTC-UHFFFAOYSA-N	Chemical Probes Portal	unsuitable	0	No
RIJLVEAXPNLDTC-UHFFFAOYSA-N	Chemical Probes Portal	pains	0	No
RIJLVEAXPNLDTC-UHFFFAOYSA-N	Chemical Probes Portal	toxicophore	0	No
RIJLVEAXPNLDTC-UHFFFAOYSA-N	Chemical Probes Portal	published_date	0	2017-02-10
RIJLVEAXPNLDTC-UHFFFAOYSA-N	Chemical Probes Portal	canSAR_ID	0	244857
RIJLVEAXPNLDTC-UHFFFAOYSA-N	Chemical Probes Portal	url	0	https://www.chemicalprobes.org/filgotinib
HWGQMRYQVZSGDQ-HZPDHXFCSA-N	Chemical Probes Portal	rating_in_cell	0	3.3333333333333335
HWGQMRYQVZSGDQ-HZPDHXFCSA-N	Chemical Probes Portal	rating_in_organism	0	3.6666666666666665
HWGQMRYQVZSGDQ-HZPDHXFCSA-N	Chemical Probes Portal	rating_count	0	3
HWGQMRYQVZSGDQ-HZPDHXFCSA-N	Chemical Probes Portal	unsuitable	0	No
HWGQMRYQVZSGDQ-HZPDHXFCSA-N	Chemical Probes Portal	pains	0	No
HWGQMRYQVZSGDQ-HZPDHXFCSA-N	Chemical Probes Portal	toxicophore	0	No
HWGQMRYQVZSGDQ-HZPDHXFCSA-N	Chemical Probes Portal	published_date	0	2016-07-29
HWGQMRYQVZSGDQ-HZPDHXFCSA-N	Chemical Probes Portal	canSAR_ID	0	115543
HWGQMRYQVZSGDQ-HZPDHXFCSA-N	Chemical Probes Portal	url	0	https://www.chemicalprobes.org/talazoparib
SEDFZSHSBUXKAC-NIYFSFCBSA-N	Chemical Probes Portal	rating_in_cell	0	3.3333333333333335
SEDFZSHSBUXKAC-NIYFSFCBSA-N	Chemical Probes Portal	rating_in_organism	0	3
SEDFZSHSBUXKAC-NIYFSFCBSA-N	Chemical Probes Portal	rating_count	0	3
SEDFZSHSBUXKAC-NIYFSFCBSA-N	Chemical Probes Portal	unsuitable	0	No
SEDFZSHSBUXKAC-NIYFSFCBSA-N	Chemical Probes Portal	pains	0	No
SEDFZSHSBUXKAC-NIYFSFCBSA-N	Chemical Probes Portal	toxicophore	0	No
SEDFZSHSBUXKAC-NIYFSFCBSA-N	Chemical Probes Portal	published_date	0	2020-06-23
SEDFZSHSBUXKAC-NIYFSFCBSA-N	Chemical Probes Portal	canSAR_ID	0	2897513
SEDFZSHSBUXKAC-NIYFSFCBSA-N	Chemical Probes Portal	url	0	https://www.chemicalprobes.org/cpi-1612
ZOPNBMMVVZRSGH-NRFANRHFSA-N	Chemical Probes Portal	rating_in_cell	0	3.3333333333333335
ZOPNBMMVVZRSGH-NRFANRHFSA-N	Chemical Probes Portal	rating_in_organism	0	3.3333333333333335
ZOPNBMMVVZRSGH-NRFANRHFSA-N	Chemical Probes Portal	rating_count	0	3
ZOPNBMMVVZRSGH-NRFANRHFSA-N	Chemical Probes Portal	unsuitable	0	No
ZOPNBMMVVZRSGH-NRFANRHFSA-N	Chemical Probes Portal	pains	0	No
ZOPNBMMVVZRSGH-NRFANRHFSA-N	Chemical Probes Portal	toxicophore	0	No
ZOPNBMMVVZRSGH-NRFANRHFSA-N	Chemical Probes Portal	published_date	0	2021-01-21
ZOPNBMMVVZRSGH-NRFANRHFSA-N	Chemical Probes Portal	canSAR_ID	0	428434
ZOPNBMMVVZRSGH-NRFANRHFSA-N	Chemical Probes Portal	url	0	https://www.chemicalprobes.org/amg-837
BWYBBMQLUKXECQ-GIVPXCGWSA-N	Chemical Probes Portal	rating_in_cell	0	3.3333333333333335
BWYBBMQLUKXECQ-GIVPXCGWSA-N	Chemical Probes Portal	rating_in_organism	0	3.3333333333333335
BWYBBMQLUKXECQ-GIVPXCGWSA-N	Chemical Probes Portal	rating_count	0	3
BWYBBMQLUKXECQ-GIVPXCGWSA-N	Chemical Probes Portal	unsuitable	0	No
BWYBBMQLUKXECQ-GIVPXCGWSA-N	Chemical Probes Portal	pains	0	No
BWYBBMQLUKXECQ-GIVPXCGWSA-N	Chemical Probes Portal	toxicophore	0	No
BWYBBMQLUKXECQ-GIVPXCGWSA-N	Chemical Probes Portal	published_date	0	2020-10-27
BWYBBMQLUKXECQ-GIVPXCGWSA-N	Chemical Probes Portal	canSAR_ID	0	757903
BWYBBMQLUKXECQ-GIVPXCGWSA-N	Chemical Probes Portal	url	0	https://www.chemicalprobes.org/relacatib
CVWXJKQAOSCOAB-UHFFFAOYSA-N	Chemical Probes Portal	rating_in_cell	0	3.3333333333333335
CVWXJKQAOSCOAB-UHFFFAOYSA-N	Chemical Probes Portal	rating_in_organism	0	4
CVWXJKQAOSCOAB-UHFFFAOYSA-N	Chemical Probes Portal	rating_count	0	3
CVWXJKQAOSCOAB-UHFFFAOYSA-N	Chemical Probes Portal	unsuitable	0	No
CVWXJKQAOSCOAB-UHFFFAOYSA-N	Chemical Probes Portal	pains	0	No
CVWXJKQAOSCOAB-UHFFFAOYSA-N	Chemical Probes Portal	toxicophore	0	No
CVWXJKQAOSCOAB-UHFFFAOYSA-N	Chemical Probes Portal	published_date	0	2015-12-10
CVWXJKQAOSCOAB-UHFFFAOYSA-N	Chemical Probes Portal	canSAR_ID	0	819163
CVWXJKQAOSCOAB-UHFFFAOYSA-N	Chemical Probes Portal	url	0	https://www.chemicalprobes.org/ac220
VRVJKILQRBSEAG-LFPIHBKWSA-N	Chemical Probes Portal	rating_in_cell	0	3.3333333333333335
VRVJKILQRBSEAG-LFPIHBKWSA-N	Chemical Probes Portal	rating_in_organism	0	3
VRVJKILQRBSEAG-LFPIHBKWSA-N	Chemical Probes Portal	rating_count	0	3
VRVJKILQRBSEAG-LFPIHBKWSA-N	Chemical Probes Portal	unsuitable	0	No
VRVJKILQRBSEAG-LFPIHBKWSA-N	Chemical Probes Portal	pains	0	No
VRVJKILQRBSEAG-LFPIHBKWSA-N	Chemical Probes Portal	toxicophore	0	No
VRVJKILQRBSEAG-LFPIHBKWSA-N	Chemical Probes Portal	published_date	0	2020-05-20
VRVJKILQRBSEAG-LFPIHBKWSA-N	Chemical Probes Portal	canSAR_ID	0	790465
VRVJKILQRBSEAG-LFPIHBKWSA-N	Chemical Probes Portal	url	0	https://www.chemicalprobes.org/485
UQRCJCNVNUFYDX-UHFFFAOYSA-N	Chemical Probes Portal	rating_in_cell	0	0
UQRCJCNVNUFYDX-UHFFFAOYSA-N	Chemical Probes Portal	rating_in_organism	0	0
UQRCJCNVNUFYDX-UHFFFAOYSA-N	Chemical Probes Portal	rating_count	0	0
UQRCJCNVNUFYDX-UHFFFAOYSA-N	Chemical Probes Portal	unsuitable	0	No
UQRCJCNVNUFYDX-UHFFFAOYSA-N	Chemical Probes Portal	pains	0	No
UQRCJCNVNUFYDX-UHFFFAOYSA-N	Chemical Probes Portal	toxicophore	0	No
UQRCJCNVNUFYDX-UHFFFAOYSA-N	Chemical Probes Portal	published_date	0	2021-04-28
UQRCJCNVNUFYDX-UHFFFAOYSA-N	Chemical Probes Portal	canSAR_ID	0	918750
UQRCJCNVNUFYDX-UHFFFAOYSA-N	Chemical Probes Portal	url	0	https://www.chemicalprobes.org/golvatinib
LWXLECMNBTVASW-UHFFFAOYSA-N	Chemical Probes Portal	rating_in_cell	0	4
LWXLECMNBTVASW-UHFFFAOYSA-N	Chemical Probes Portal	rating_in_organism	0	3
LWXLECMNBTVASW-UHFFFAOYSA-N	Chemical Probes Portal	rating_count	0	1
LWXLECMNBTVASW-UHFFFAOYSA-N	Chemical Probes Portal	unsuitable	0	No
LWXLECMNBTVASW-UHFFFAOYSA-N	Chemical Probes Portal	pains	0	Yes
LWXLECMNBTVASW-UHFFFAOYSA-N	Chemical Probes Portal	toxicophore	0	No
LWXLECMNBTVASW-UHFFFAOYSA-N	Chemical Probes Portal	published_date	0	2020-11-25
LWXLECMNBTVASW-UHFFFAOYSA-N	Chemical Probes Portal	canSAR_ID	0	751163
LWXLECMNBTVASW-UHFFFAOYSA-N	Chemical Probes Portal	url	0	https://www.chemicalprobes.org/gne-049
AILRADAXUVEEIR-UHFFFAOYSA-N	Chemical Probes Portal	rating_in_cell	0	0
AILRADAXUVEEIR-UHFFFAOYSA-N	Chemical Probes Portal	rating_in_organism	0	0
AILRADAXUVEEIR-UHFFFAOYSA-N	Chemical Probes Portal	rating_count	0	0
AILRADAXUVEEIR-UHFFFAOYSA-N	Chemical Probes Portal	unsuitable	0	No
AILRADAXUVEEIR-UHFFFAOYSA-N	Chemical Probes Portal	pains	0	No
AILRADAXUVEEIR-UHFFFAOYSA-N	Chemical Probes Portal	toxicophore	0	Yes
AILRADAXUVEEIR-UHFFFAOYSA-N	Chemical Probes Portal	published_date	0	2021-02-16
AILRADAXUVEEIR-UHFFFAOYSA-N	Chemical Probes Portal	canSAR_ID	0	829699
AILRADAXUVEEIR-UHFFFAOYSA-N	Chemical Probes Portal	url	0	https://www.chemicalprobes.org/brigatinib
HUFOZJXAKZVRNJ-UHFFFAOYSA-N	Chemical Probes Portal	rating_in_cell	0	0
HUFOZJXAKZVRNJ-UHFFFAOYSA-N	Chemical Probes Portal	rating_in_organism	0	0
HUFOZJXAKZVRNJ-UHFFFAOYSA-N	Chemical Probes Portal	rating_count	0	0
HUFOZJXAKZVRNJ-UHFFFAOYSA-N	Chemical Probes Portal	unsuitable	0	No
HUFOZJXAKZVRNJ-UHFFFAOYSA-N	Chemical Probes Portal	pains	0	No
HUFOZJXAKZVRNJ-UHFFFAOYSA-N	Chemical Probes Portal	toxicophore	0	Yes
HUFOZJXAKZVRNJ-UHFFFAOYSA-N	Chemical Probes Portal	published_date	0	2021-01-07
HUFOZJXAKZVRNJ-UHFFFAOYSA-N	Chemical Probes Portal	canSAR_ID	0	829698
HUFOZJXAKZVRNJ-UHFFFAOYSA-N	Chemical Probes Portal	url	0	https://www.chemicalprobes.org/rociletinib
GHVMTHKJUAOZJP-CGTJXYLNSA-N	Chemical Probes Portal	rating_in_cell	0	0
GHVMTHKJUAOZJP-CGTJXYLNSA-N	Chemical Probes Portal	rating_in_organism	0	0
GHVMTHKJUAOZJP-CGTJXYLNSA-N	Chemical Probes Portal	rating_count	0	0
GHVMTHKJUAOZJP-CGTJXYLNSA-N	Chemical Probes Portal	unsuitable	0	No
GHVMTHKJUAOZJP-CGTJXYLNSA-N	Chemical Probes Portal	pains	0	No
GHVMTHKJUAOZJP-CGTJXYLNSA-N	Chemical Probes Portal	toxicophore	0	Yes
GHVMTHKJUAOZJP-CGTJXYLNSA-N	Chemical Probes Portal	published_date	0	2021-06-22
GHVMTHKJUAOZJP-CGTJXYLNSA-N	Chemical Probes Portal	canSAR_ID	0	1921859
GHVMTHKJUAOZJP-CGTJXYLNSA-N	Chemical Probes Portal	url	0	https://www.chemicalprobes.org/gi254023x
ZEGMEJVULDALSH-NSHDSACASA-N	Chemical Probes Portal	rating_in_cell	0	0
ZEGMEJVULDALSH-NSHDSACASA-N	Chemical Probes Portal	rating_in_organism	0	0
ZEGMEJVULDALSH-NSHDSACASA-N	Chemical Probes Portal	rating_count	0	0
ZEGMEJVULDALSH-NSHDSACASA-N	Chemical Probes Portal	unsuitable	0	No
ZEGMEJVULDALSH-NSHDSACASA-N	Chemical Probes Portal	pains	0	No
ZEGMEJVULDALSH-NSHDSACASA-N	Chemical Probes Portal	toxicophore	0	No
ZEGMEJVULDALSH-NSHDSACASA-N	Chemical Probes Portal	published_date	0	2021-03-16
ZEGMEJVULDALSH-NSHDSACASA-N	Chemical Probes Portal	canSAR_ID	0	3317107
ZEGMEJVULDALSH-NSHDSACASA-N	Chemical Probes Portal	url	0	https://www.chemicalprobes.org/lys006
SNCRCEGCQVMUBS-DNVCBOLYSA-N	Chemical Probes Portal	rating_in_cell	0	0
SNCRCEGCQVMUBS-DNVCBOLYSA-N	Chemical Probes Portal	rating_in_organism	0	0
SNCRCEGCQVMUBS-DNVCBOLYSA-N	Chemical Probes Portal	rating_count	0	0
SNCRCEGCQVMUBS-DNVCBOLYSA-N	Chemical Probes Portal	unsuitable	0	No
SNCRCEGCQVMUBS-DNVCBOLYSA-N	Chemical Probes Portal	pains	0	No
SNCRCEGCQVMUBS-DNVCBOLYSA-N	Chemical Probes Portal	toxicophore	0	No
SNCRCEGCQVMUBS-DNVCBOLYSA-N	Chemical Probes Portal	published_date	0	2017-07-20
SNCRCEGCQVMUBS-DNVCBOLYSA-N	Chemical Probes Portal	canSAR_ID	0	427078
SNCRCEGCQVMUBS-DNVCBOLYSA-N	Chemical Probes Portal	url	0	https://www.chemicalprobes.org/pf-4181366
FNBUZGRPJLEIMO-UHFFFAOYSA-N	Chemical Probes Portal	rating_in_cell	0	0
FNBUZGRPJLEIMO-UHFFFAOYSA-N	Chemical Probes Portal	rating_in_organism	0	0
FNBUZGRPJLEIMO-UHFFFAOYSA-N	Chemical Probes Portal	rating_count	0	0
FNBUZGRPJLEIMO-UHFFFAOYSA-N	Chemical Probes Portal	unsuitable	0	No
FNBUZGRPJLEIMO-UHFFFAOYSA-N	Chemical Probes Portal	pains	0	No
FNBUZGRPJLEIMO-UHFFFAOYSA-N	Chemical Probes Portal	toxicophore	0	No
FNBUZGRPJLEIMO-UHFFFAOYSA-N	Chemical Probes Portal	published_date	0	2021-11-19
FNBUZGRPJLEIMO-UHFFFAOYSA-N	Chemical Probes Portal	canSAR_ID	0	3455497
FNBUZGRPJLEIMO-UHFFFAOYSA-N	Chemical Probes Portal	url	0	https://www.chemicalprobes.org/msc-4381
OBSYBRPAKCASQB-AGQYDFLVSA-N	Chemical Probes Portal	rating_in_cell	0	3
OBSYBRPAKCASQB-AGQYDFLVSA-N	Chemical Probes Portal	rating_in_organism	0	3
OBSYBRPAKCASQB-AGQYDFLVSA-N	Chemical Probes Portal	rating_count	0	3
OBSYBRPAKCASQB-AGQYDFLVSA-N	Chemical Probes Portal	unsuitable	0	No
OBSYBRPAKCASQB-AGQYDFLVSA-N	Chemical Probes Portal	pains	0	No
OBSYBRPAKCASQB-AGQYDFLVSA-N	Chemical Probes Portal	toxicophore	0	No
OBSYBRPAKCASQB-AGQYDFLVSA-N	Chemical Probes Portal	published_date	0	2015-07-16
OBSYBRPAKCASQB-AGQYDFLVSA-N	Chemical Probes Portal	canSAR_ID	0	338794
OBSYBRPAKCASQB-AGQYDFLVSA-N	Chemical Probes Portal	url	0	https://www.chemicalprobes.org/salvinorin
ORDHXXHTBUZRCN-NTEUORMPSA-N	Chemical Probes Portal	rating_in_cell	0	0
ORDHXXHTBUZRCN-NTEUORMPSA-N	Chemical Probes Portal	rating_in_organism	0	0
ORDHXXHTBUZRCN-NTEUORMPSA-N	Chemical Probes Portal	rating_count	0	0
ORDHXXHTBUZRCN-NTEUORMPSA-N	Chemical Probes Portal	unsuitable	0	No
ORDHXXHTBUZRCN-NTEUORMPSA-N	Chemical Probes Portal	pains	0	No
ORDHXXHTBUZRCN-NTEUORMPSA-N	Chemical Probes Portal	toxicophore	0	No
ORDHXXHTBUZRCN-NTEUORMPSA-N	Chemical Probes Portal	published_date	0	2021-11-06
ORDHXXHTBUZRCN-NTEUORMPSA-N	Chemical Probes Portal	canSAR_ID	0	382027
ORDHXXHTBUZRCN-NTEUORMPSA-N	Chemical Probes Portal	url	0	https://www.chemicalprobes.org/mavatrep
CUBDGLIBZGKXKQ-ZBLYBZFDSA-N	Chemical Probes Portal	rating_in_cell	0	3
CUBDGLIBZGKXKQ-ZBLYBZFDSA-N	Chemical Probes Portal	rating_in_organism	0	3
CUBDGLIBZGKXKQ-ZBLYBZFDSA-N	Chemical Probes Portal	rating_count	0	2
CUBDGLIBZGKXKQ-ZBLYBZFDSA-N	Chemical Probes Portal	unsuitable	0	No
CUBDGLIBZGKXKQ-ZBLYBZFDSA-N	Chemical Probes Portal	pains	0	No
CUBDGLIBZGKXKQ-ZBLYBZFDSA-N	Chemical Probes Portal	toxicophore	0	No
CUBDGLIBZGKXKQ-ZBLYBZFDSA-N	Chemical Probes Portal	published_date	0	2021-03-26
CUBDGLIBZGKXKQ-ZBLYBZFDSA-N	Chemical Probes Portal	canSAR_ID	0	790301
CUBDGLIBZGKXKQ-ZBLYBZFDSA-N	Chemical Probes Portal	url	0	https://www.chemicalprobes.org/am-6226
XPLWBHWPOUEOSJ-GSZYCOFVSA-N	Chemical Probes Portal	rating_in_cell	0	3
XPLWBHWPOUEOSJ-GSZYCOFVSA-N	Chemical Probes Portal	rating_in_organism	0	3
XPLWBHWPOUEOSJ-GSZYCOFVSA-N	Chemical Probes Portal	rating_count	0	1
XPLWBHWPOUEOSJ-GSZYCOFVSA-N	Chemical Probes Portal	unsuitable	0	No
XPLWBHWPOUEOSJ-GSZYCOFVSA-N	Chemical Probes Portal	pains	0	No
XPLWBHWPOUEOSJ-GSZYCOFVSA-N	Chemical Probes Portal	toxicophore	0	No
XPLWBHWPOUEOSJ-GSZYCOFVSA-N	Chemical Probes Portal	published_date	0	2017-07-27
XPLWBHWPOUEOSJ-GSZYCOFVSA-N	Chemical Probes Portal	canSAR_ID	0	775938
XPLWBHWPOUEOSJ-GSZYCOFVSA-N	Chemical Probes Portal	url	0	https://www.chemicalprobes.org/am-5262
YSVWFFNZZGLLAI-XNTOLAJGSA-N	Chemical Probes Portal	rating_in_cell	0	0
YSVWFFNZZGLLAI-XNTOLAJGSA-N	Chemical Probes Portal	rating_in_organism	0	0
YSVWFFNZZGLLAI-XNTOLAJGSA-N	Chemical Probes Portal	rating_count	0	0
YSVWFFNZZGLLAI-XNTOLAJGSA-N	Chemical Probes Portal	unsuitable	0	No
YSVWFFNZZGLLAI-XNTOLAJGSA-N	Chemical Probes Portal	pains	0	No
YSVWFFNZZGLLAI-XNTOLAJGSA-N	Chemical Probes Portal	toxicophore	0	Yes
YSVWFFNZZGLLAI-XNTOLAJGSA-N	Chemical Probes Portal	published_date	0	2021-12-01
YSVWFFNZZGLLAI-XNTOLAJGSA-N	Chemical Probes Portal	canSAR_ID	0	1008841
YSVWFFNZZGLLAI-XNTOLAJGSA-N	Chemical Probes Portal	url	0	https://www.chemicalprobes.org/kiss1-305
LPCWQWNRCGWRFC-UHFFFAOYSA-N	Chemical Probes Portal	rating_in_cell	0	3
LPCWQWNRCGWRFC-UHFFFAOYSA-N	Chemical Probes Portal	rating_in_organism	0	0
LPCWQWNRCGWRFC-UHFFFAOYSA-N	Chemical Probes Portal	rating_count	0	1
LPCWQWNRCGWRFC-UHFFFAOYSA-N	Chemical Probes Portal	unsuitable	0	No
LPCWQWNRCGWRFC-UHFFFAOYSA-N	Chemical Probes Portal	pains	0	No
LPCWQWNRCGWRFC-UHFFFAOYSA-N	Chemical Probes Portal	toxicophore	0	Yes
LPCWQWNRCGWRFC-UHFFFAOYSA-N	Chemical Probes Portal	published_date	0	2020-06-17
LPCWQWNRCGWRFC-UHFFFAOYSA-N	Chemical Probes Portal	canSAR_ID	0	2956797
LPCWQWNRCGWRFC-UHFFFAOYSA-N	Chemical Probes Portal	url	0	https://www.chemicalprobes.org/eml631
JYTIXGYXBIBOMN-UHFFFAOYSA-N	Chemical Probes Portal	rating_in_cell	0	4
JYTIXGYXBIBOMN-UHFFFAOYSA-N	Chemical Probes Portal	rating_in_organism	0	4
JYTIXGYXBIBOMN-UHFFFAOYSA-N	Chemical Probes Portal	rating_count	0	1
JYTIXGYXBIBOMN-UHFFFAOYSA-N	Chemical Probes Portal	unsuitable	0	No
JYTIXGYXBIBOMN-UHFFFAOYSA-N	Chemical Probes Portal	pains	0	No
JYTIXGYXBIBOMN-UHFFFAOYSA-N	Chemical Probes Portal	toxicophore	0	No
JYTIXGYXBIBOMN-UHFFFAOYSA-N	Chemical Probes Portal	published_date	0	2021-01-30
JYTIXGYXBIBOMN-UHFFFAOYSA-N	Chemical Probes Portal	canSAR_ID	0	672025
JYTIXGYXBIBOMN-UHFFFAOYSA-N	Chemical Probes Portal	url	0	https://www.chemicalprobes.org/nidufexor
KLHOCHQJHXNKAS-UHFFFAOYSA-N	Chemical Probes Portal	rating_in_cell	0	3.6666666666666665
KLHOCHQJHXNKAS-UHFFFAOYSA-N	Chemical Probes Portal	rating_in_organism	0	3
KLHOCHQJHXNKAS-UHFFFAOYSA-N	Chemical Probes Portal	rating_count	0	3
KLHOCHQJHXNKAS-UHFFFAOYSA-N	Chemical Probes Portal	unsuitable	0	No
KLHOCHQJHXNKAS-UHFFFAOYSA-N	Chemical Probes Portal	pains	0	No
KLHOCHQJHXNKAS-UHFFFAOYSA-N	Chemical Probes Portal	toxicophore	0	No
KLHOCHQJHXNKAS-UHFFFAOYSA-N	Chemical Probes Portal	published_date	0	2017-01-17
KLHOCHQJHXNKAS-UHFFFAOYSA-N	Chemical Probes Portal	canSAR_ID	0	858057
KLHOCHQJHXNKAS-UHFFFAOYSA-N	Chemical Probes Portal	url	0	https://www.chemicalprobes.org/cct251236
IFRGXKKQHBVPCQ-UHFFFAOYSA-N	Chemical Probes Portal	rating_in_cell	0	3
IFRGXKKQHBVPCQ-UHFFFAOYSA-N	Chemical Probes Portal	rating_in_organism	0	3
IFRGXKKQHBVPCQ-UHFFFAOYSA-N	Chemical Probes Portal	rating_count	0	1
IFRGXKKQHBVPCQ-UHFFFAOYSA-N	Chemical Probes Portal	unsuitable	0	No
IFRGXKKQHBVPCQ-UHFFFAOYSA-N	Chemical Probes Portal	pains	0	No
IFRGXKKQHBVPCQ-UHFFFAOYSA-N	Chemical Probes Portal	toxicophore	0	No
IFRGXKKQHBVPCQ-UHFFFAOYSA-N	Chemical Probes Portal	published_date	0	2020-12-02
IFRGXKKQHBVPCQ-UHFFFAOYSA-N	Chemical Probes Portal	canSAR_ID	0	266432
IFRGXKKQHBVPCQ-UHFFFAOYSA-N	Chemical Probes Portal	url	0	https://www.chemicalprobes.org/onalespib
BKLJDIJJOOQUFG-UHFFFAOYSA-N	Chemical Probes Portal	rating_in_cell	0	3.5
BKLJDIJJOOQUFG-UHFFFAOYSA-N	Chemical Probes Portal	rating_in_organism	0	3
BKLJDIJJOOQUFG-UHFFFAOYSA-N	Chemical Probes Portal	rating_count	0	2
BKLJDIJJOOQUFG-UHFFFAOYSA-N	Chemical Probes Portal	unsuitable	0	No
BKLJDIJJOOQUFG-UHFFFAOYSA-N	Chemical Probes Portal	pains	0	No
BKLJDIJJOOQUFG-UHFFFAOYSA-N	Chemical Probes Portal	toxicophore	0	No
BKLJDIJJOOQUFG-UHFFFAOYSA-N	Chemical Probes Portal	published_date	0	2021-04-19
BKLJDIJJOOQUFG-UHFFFAOYSA-N	Chemical Probes Portal	canSAR_ID	0	3144241
BKLJDIJJOOQUFG-UHFFFAOYSA-N	Chemical Probes Portal	url	0	https://www.chemicalprobes.org/bay-876
FYQFEJFTCLKXTQ-UHFFFAOYSA-N	Chemical Probes Portal	rating_in_cell	0	3
FYQFEJFTCLKXTQ-UHFFFAOYSA-N	Chemical Probes Portal	rating_in_organism	0	2.5
FYQFEJFTCLKXTQ-UHFFFAOYSA-N	Chemical Probes Portal	rating_count	0	2
FYQFEJFTCLKXTQ-UHFFFAOYSA-N	Chemical Probes Portal	unsuitable	0	No
FYQFEJFTCLKXTQ-UHFFFAOYSA-N	Chemical Probes Portal	pains	0	No
FYQFEJFTCLKXTQ-UHFFFAOYSA-N	Chemical Probes Portal	toxicophore	0	No
FYQFEJFTCLKXTQ-UHFFFAOYSA-N	Chemical Probes Portal	published_date	0	2020-07-16
FYQFEJFTCLKXTQ-UHFFFAOYSA-N	Chemical Probes Portal	canSAR_ID	0	2933236
FYQFEJFTCLKXTQ-UHFFFAOYSA-N	Chemical Probes Portal	url	0	https://www.chemicalprobes.org/sr9243
RRELDGDKULRRDM-UHFFFAOYSA-N	Chemical Probes Portal	rating_in_cell	0	0
RRELDGDKULRRDM-UHFFFAOYSA-N	Chemical Probes Portal	rating_in_organism	0	0
RRELDGDKULRRDM-UHFFFAOYSA-N	Chemical Probes Portal	rating_count	0	0
RRELDGDKULRRDM-UHFFFAOYSA-N	Chemical Probes Portal	unsuitable	0	No
RRELDGDKULRRDM-UHFFFAOYSA-N	Chemical Probes Portal	pains	0	No
RRELDGDKULRRDM-UHFFFAOYSA-N	Chemical Probes Portal	toxicophore	0	No
RRELDGDKULRRDM-UHFFFAOYSA-N	Chemical Probes Portal	published_date	0	2022-01-14
RRELDGDKULRRDM-UHFFFAOYSA-N	Chemical Probes Portal	canSAR_ID	0	228286
RRELDGDKULRRDM-UHFFFAOYSA-N	Chemical Probes Portal	url	0	https://www.chemicalprobes.org/tp-021
IYHHRZBKXXKDDY-UHFFFAOYSA-N	Chemical Probes Portal	rating_in_cell	0	0
IYHHRZBKXXKDDY-UHFFFAOYSA-N	Chemical Probes Portal	rating_in_organism	0	0
IYHHRZBKXXKDDY-UHFFFAOYSA-N	Chemical Probes Portal	rating_count	0	0
IYHHRZBKXXKDDY-UHFFFAOYSA-N	Chemical Probes Portal	unsuitable	0	No
IYHHRZBKXXKDDY-UHFFFAOYSA-N	Chemical Probes Portal	pains	0	No
IYHHRZBKXXKDDY-UHFFFAOYSA-N	Chemical Probes Portal	toxicophore	0	No
IYHHRZBKXXKDDY-UHFFFAOYSA-N	Chemical Probes Portal	published_date	0	2022-01-26
IYHHRZBKXXKDDY-UHFFFAOYSA-N	Chemical Probes Portal	canSAR_ID	0	3183744
IYHHRZBKXXKDDY-UHFFFAOYSA-N	Chemical Probes Portal	url	0	https://www.chemicalprobes.org/bi605906
DYUTWRFEEOPXMN-UHFFFAOYSA-N	Chemical Probes Portal	rating_in_cell	0	0
DYUTWRFEEOPXMN-UHFFFAOYSA-N	Chemical Probes Portal	rating_in_organism	0	0
DYUTWRFEEOPXMN-UHFFFAOYSA-N	Chemical Probes Portal	rating_count	0	0
DYUTWRFEEOPXMN-UHFFFAOYSA-N	Chemical Probes Portal	unsuitable	0	No
DYUTWRFEEOPXMN-UHFFFAOYSA-N	Chemical Probes Portal	pains	0	No
DYUTWRFEEOPXMN-UHFFFAOYSA-N	Chemical Probes Portal	toxicophore	0	No
DYUTWRFEEOPXMN-UHFFFAOYSA-N	Chemical Probes Portal	published_date	0	2022-02-10
DYUTWRFEEOPXMN-UHFFFAOYSA-N	Chemical Probes Portal	canSAR_ID	0	3196192
DYUTWRFEEOPXMN-UHFFFAOYSA-N	Chemical Probes Portal	url	0	https://www.chemicalprobes.org/bay-179
AUYCSWFYKYVCLD-HXUWFJFHSA-N	Chemical Probes Portal	rating_in_cell	0	0
AUYCSWFYKYVCLD-HXUWFJFHSA-N	Chemical Probes Portal	rating_in_organism	0	0
AUYCSWFYKYVCLD-HXUWFJFHSA-N	Chemical Probes Portal	rating_count	0	0
AUYCSWFYKYVCLD-HXUWFJFHSA-N	Chemical Probes Portal	unsuitable	0	No
AUYCSWFYKYVCLD-HXUWFJFHSA-N	Chemical Probes Portal	pains	0	Yes
AUYCSWFYKYVCLD-HXUWFJFHSA-N	Chemical Probes Portal	toxicophore	0	No
AUYCSWFYKYVCLD-HXUWFJFHSA-N	Chemical Probes Portal	published_date	0	2022-02-10
AUYCSWFYKYVCLD-HXUWFJFHSA-N	Chemical Probes Portal	canSAR_ID	0	2905509
AUYCSWFYKYVCLD-HXUWFJFHSA-N	Chemical Probes Portal	url	0	https://www.chemicalprobes.org/gne-2256
OEDSFMUSNZDJFD-UHFFFAOYSA-N	Chemical Probes Portal	rating_in_cell	0	3.3333333333333335
OEDSFMUSNZDJFD-UHFFFAOYSA-N	Chemical Probes Portal	rating_in_organism	0	3.3333333333333335
OEDSFMUSNZDJFD-UHFFFAOYSA-N	Chemical Probes Portal	rating_count	0	3
OEDSFMUSNZDJFD-UHFFFAOYSA-N	Chemical Probes Portal	unsuitable	0	No
OEDSFMUSNZDJFD-UHFFFAOYSA-N	Chemical Probes Portal	pains	0	No
OEDSFMUSNZDJFD-UHFFFAOYSA-N	Chemical Probes Portal	toxicophore	0	No
OEDSFMUSNZDJFD-UHFFFAOYSA-N	Chemical Probes Portal	published_date	0	2020-04-29
OEDSFMUSNZDJFD-UHFFFAOYSA-N	Chemical Probes Portal	canSAR_ID	0	711502
OEDSFMUSNZDJFD-UHFFFAOYSA-N	Chemical Probes Portal	url	0	https://www.chemicalprobes.org/abbv-744
QMHRLXNEGYTSRV-UHFFFAOYSA-N	Chemical Probes Portal	rating_in_cell	0	3
QMHRLXNEGYTSRV-UHFFFAOYSA-N	Chemical Probes Portal	rating_in_organism	0	4
QMHRLXNEGYTSRV-UHFFFAOYSA-N	Chemical Probes Portal	rating_count	0	2
QMHRLXNEGYTSRV-UHFFFAOYSA-N	Chemical Probes Portal	unsuitable	0	No
QMHRLXNEGYTSRV-UHFFFAOYSA-N	Chemical Probes Portal	pains	0	No
QMHRLXNEGYTSRV-UHFFFAOYSA-N	Chemical Probes Portal	toxicophore	0	No
QMHRLXNEGYTSRV-UHFFFAOYSA-N	Chemical Probes Portal	published_date	0	2021-04-12
QMHRLXNEGYTSRV-UHFFFAOYSA-N	Chemical Probes Portal	canSAR_ID	0	1645687
QMHRLXNEGYTSRV-UHFFFAOYSA-N	Chemical Probes Portal	url	0	https://www.chemicalprobes.org/bi-9627
LQEHCKYYIXQEBM-FUKIBTTHSA-N	Chemical Probes Portal	rating_in_cell	0	4
LQEHCKYYIXQEBM-FUKIBTTHSA-N	Chemical Probes Portal	rating_in_organism	0	4
LQEHCKYYIXQEBM-FUKIBTTHSA-N	Chemical Probes Portal	rating_count	0	1
LQEHCKYYIXQEBM-FUKIBTTHSA-N	Chemical Probes Portal	unsuitable	0	No
LQEHCKYYIXQEBM-FUKIBTTHSA-N	Chemical Probes Portal	pains	0	No
LQEHCKYYIXQEBM-FUKIBTTHSA-N	Chemical Probes Portal	toxicophore	0	No
LQEHCKYYIXQEBM-FUKIBTTHSA-N	Chemical Probes Portal	published_date	0	2022-02-08
LQEHCKYYIXQEBM-FUKIBTTHSA-N	Chemical Probes Portal	canSAR_ID	0	841256
LQEHCKYYIXQEBM-FUKIBTTHSA-N	Chemical Probes Portal	url	0	https://www.chemicalprobes.org/a-192621
WEGLOYDTDILXDA-OAHLLOKOSA-N	Chemical Probes Portal	rating_in_cell	0	3
WEGLOYDTDILXDA-OAHLLOKOSA-N	Chemical Probes Portal	rating_in_organism	0	0
WEGLOYDTDILXDA-OAHLLOKOSA-N	Chemical Probes Portal	rating_count	0	1
WEGLOYDTDILXDA-OAHLLOKOSA-N	Chemical Probes Portal	unsuitable	0	No
WEGLOYDTDILXDA-OAHLLOKOSA-N	Chemical Probes Portal	pains	0	No
WEGLOYDTDILXDA-OAHLLOKOSA-N	Chemical Probes Portal	toxicophore	0	No
WEGLOYDTDILXDA-OAHLLOKOSA-N	Chemical Probes Portal	published_date	0	2022-01-14
WEGLOYDTDILXDA-OAHLLOKOSA-N	Chemical Probes Portal	canSAR_ID	0	2879016
WEGLOYDTDILXDA-OAHLLOKOSA-N	Chemical Probes Portal	url	0	https://www.chemicalprobes.org/bay-293
CSJYMAFXYMYNCK-UHFFFAOYSA-N	Chemical Probes Portal	rating_in_cell	0	4
CSJYMAFXYMYNCK-UHFFFAOYSA-N	Chemical Probes Portal	rating_in_organism	0	4
CSJYMAFXYMYNCK-UHFFFAOYSA-N	Chemical Probes Portal	rating_count	0	1
CSJYMAFXYMYNCK-UHFFFAOYSA-N	Chemical Probes Portal	unsuitable	0	No
CSJYMAFXYMYNCK-UHFFFAOYSA-N	Chemical Probes Portal	pains	0	No
CSJYMAFXYMYNCK-UHFFFAOYSA-N	Chemical Probes Portal	toxicophore	0	No
CSJYMAFXYMYNCK-UHFFFAOYSA-N	Chemical Probes Portal	published_date	0	2022-01-14
CSJYMAFXYMYNCK-UHFFFAOYSA-N	Chemical Probes Portal	canSAR_ID	0	3180904
CSJYMAFXYMYNCK-UHFFFAOYSA-N	Chemical Probes Portal	url	0	https://www.chemicalprobes.org/bay-1797
ILHNIWOZZKIBNW-UHFFFAOYSA-N	Chemical Probes Portal	rating_in_cell	0	2.5
ILHNIWOZZKIBNW-UHFFFAOYSA-N	Chemical Probes Portal	rating_in_organism	0	2.5
ILHNIWOZZKIBNW-UHFFFAOYSA-N	Chemical Probes Portal	rating_count	0	2
ILHNIWOZZKIBNW-UHFFFAOYSA-N	Chemical Probes Portal	unsuitable	0	No
ILHNIWOZZKIBNW-UHFFFAOYSA-N	Chemical Probes Portal	pains	0	No
ILHNIWOZZKIBNW-UHFFFAOYSA-N	Chemical Probes Portal	toxicophore	0	Yes
ILHNIWOZZKIBNW-UHFFFAOYSA-N	Chemical Probes Portal	published_date	0	2021-12-20
ILHNIWOZZKIBNW-UHFFFAOYSA-N	Chemical Probes Portal	canSAR_ID	0	3224326
ILHNIWOZZKIBNW-UHFFFAOYSA-N	Chemical Probes Portal	url	0	https://www.chemicalprobes.org/fb23-2
OAMLIJKKGZLNHE-UHFFFAOYSA-N	Chemical Probes Portal	rating_in_cell	0	0
OAMLIJKKGZLNHE-UHFFFAOYSA-N	Chemical Probes Portal	rating_in_organism	0	0
OAMLIJKKGZLNHE-UHFFFAOYSA-N	Chemical Probes Portal	rating_count	0	0
OAMLIJKKGZLNHE-UHFFFAOYSA-N	Chemical Probes Portal	unsuitable	0	No
OAMLIJKKGZLNHE-UHFFFAOYSA-N	Chemical Probes Portal	pains	0	No
OAMLIJKKGZLNHE-UHFFFAOYSA-N	Chemical Probes Portal	toxicophore	0	No
OAMLIJKKGZLNHE-UHFFFAOYSA-N	Chemical Probes Portal	published_date	0	2021-12-14
OAMLIJKKGZLNHE-UHFFFAOYSA-N	Chemical Probes Portal	canSAR_ID	0	1471596
OAMLIJKKGZLNHE-UHFFFAOYSA-N	Chemical Probes Portal	url	0	https://www.chemicalprobes.org/msd-cyp11b2
JTCAGRAKUAAYDY-OAHLLOKOSA-N	Chemical Probes Portal	rating_in_cell	0	0
JTCAGRAKUAAYDY-OAHLLOKOSA-N	Chemical Probes Portal	rating_in_organism	0	0
JTCAGRAKUAAYDY-OAHLLOKOSA-N	Chemical Probes Portal	rating_count	0	0
JTCAGRAKUAAYDY-OAHLLOKOSA-N	Chemical Probes Portal	unsuitable	0	No
JTCAGRAKUAAYDY-OAHLLOKOSA-N	Chemical Probes Portal	pains	0	Yes
JTCAGRAKUAAYDY-OAHLLOKOSA-N	Chemical Probes Portal	toxicophore	0	No
JTCAGRAKUAAYDY-OAHLLOKOSA-N	Chemical Probes Portal	published_date	0	2021-12-13
JTCAGRAKUAAYDY-OAHLLOKOSA-N	Chemical Probes Portal	canSAR_ID	0	165276
JTCAGRAKUAAYDY-OAHLLOKOSA-N	Chemical Probes Portal	url	0	https://www.chemicalprobes.org/mk-7246
FSWFYCYPTDLKON-CMJOXMDJSA-N	Chemical Probes Portal	rating_in_cell	0	0
FSWFYCYPTDLKON-CMJOXMDJSA-N	Chemical Probes Portal	rating_in_organism	0	0
FSWFYCYPTDLKON-CMJOXMDJSA-N	Chemical Probes Portal	rating_count	0	0
FSWFYCYPTDLKON-CMJOXMDJSA-N	Chemical Probes Portal	unsuitable	0	No
FSWFYCYPTDLKON-CMJOXMDJSA-N	Chemical Probes Portal	pains	0	No
FSWFYCYPTDLKON-CMJOXMDJSA-N	Chemical Probes Portal	toxicophore	0	No
FSWFYCYPTDLKON-CMJOXMDJSA-N	Chemical Probes Portal	published_date	0	2021-11-22
FSWFYCYPTDLKON-CMJOXMDJSA-N	Chemical Probes Portal	canSAR_ID	0	894483
FSWFYCYPTDLKON-CMJOXMDJSA-N	Chemical Probes Portal	url	0	https://www.chemicalprobes.org/milvexian
SKZQFKBIJUXXCG-INIZCTEOSA-N	Chemical Probes Portal	rating_in_cell	0	0
SKZQFKBIJUXXCG-INIZCTEOSA-N	Chemical Probes Portal	rating_in_organism	0	0
SKZQFKBIJUXXCG-INIZCTEOSA-N	Chemical Probes Portal	rating_count	0	0
SKZQFKBIJUXXCG-INIZCTEOSA-N	Chemical Probes Portal	unsuitable	0	No
SKZQFKBIJUXXCG-INIZCTEOSA-N	Chemical Probes Portal	pains	0	No
SKZQFKBIJUXXCG-INIZCTEOSA-N	Chemical Probes Portal	toxicophore	0	No
SKZQFKBIJUXXCG-INIZCTEOSA-N	Chemical Probes Portal	published_date	0	2021-11-22
SKZQFKBIJUXXCG-INIZCTEOSA-N	Chemical Probes Portal	canSAR_ID	0	3455496
SKZQFKBIJUXXCG-INIZCTEOSA-N	Chemical Probes Portal	url	0	https://www.chemicalprobes.org/sivopixant
TVGAHWWPABTBCX-UHFFFAOYSA-N	Chemical Probes Portal	rating_in_cell	0	0
TVGAHWWPABTBCX-UHFFFAOYSA-N	Chemical Probes Portal	rating_in_organism	0	0
TVGAHWWPABTBCX-UHFFFAOYSA-N	Chemical Probes Portal	rating_count	0	0
TVGAHWWPABTBCX-UHFFFAOYSA-N	Chemical Probes Portal	unsuitable	0	No
TVGAHWWPABTBCX-UHFFFAOYSA-N	Chemical Probes Portal	pains	0	No
TVGAHWWPABTBCX-UHFFFAOYSA-N	Chemical Probes Portal	toxicophore	0	No
TVGAHWWPABTBCX-UHFFFAOYSA-N	Chemical Probes Portal	published_date	0	2021-11-22
TVGAHWWPABTBCX-UHFFFAOYSA-N	Chemical Probes Portal	canSAR_ID	0	3455498
TVGAHWWPABTBCX-UHFFFAOYSA-N	Chemical Probes Portal	url	0	https://www.chemicalprobes.org/vimseltinib
FRBRZGLUFOZRGD-JVPBZIDWSA-N	Chemical Probes Portal	rating_in_cell	0	4
FRBRZGLUFOZRGD-JVPBZIDWSA-N	Chemical Probes Portal	rating_in_organism	0	3
FRBRZGLUFOZRGD-JVPBZIDWSA-N	Chemical Probes Portal	rating_count	0	1
FRBRZGLUFOZRGD-JVPBZIDWSA-N	Chemical Probes Portal	unsuitable	0	No
FRBRZGLUFOZRGD-JVPBZIDWSA-N	Chemical Probes Portal	pains	0	No
FRBRZGLUFOZRGD-JVPBZIDWSA-N	Chemical Probes Portal	toxicophore	0	No
FRBRZGLUFOZRGD-JVPBZIDWSA-N	Chemical Probes Portal	published_date	0	2022-02-11
FRBRZGLUFOZRGD-JVPBZIDWSA-N	Chemical Probes Portal	canSAR_ID	0	2863034
FRBRZGLUFOZRGD-JVPBZIDWSA-N	Chemical Probes Portal	url	0	https://www.chemicalprobes.org/gsk046
PXQATVYJKMMHAU-UHFFFAOYSA-N	Chemical Probes Portal	rating_in_cell	0	3
PXQATVYJKMMHAU-UHFFFAOYSA-N	Chemical Probes Portal	rating_in_organism	0	4
PXQATVYJKMMHAU-UHFFFAOYSA-N	Chemical Probes Portal	rating_count	0	1
PXQATVYJKMMHAU-UHFFFAOYSA-N	Chemical Probes Portal	unsuitable	0	No
PXQATVYJKMMHAU-UHFFFAOYSA-N	Chemical Probes Portal	pains	0	No
PXQATVYJKMMHAU-UHFFFAOYSA-N	Chemical Probes Portal	toxicophore	0	No
PXQATVYJKMMHAU-UHFFFAOYSA-N	Chemical Probes Portal	published_date	0	2022-02-01
PXQATVYJKMMHAU-UHFFFAOYSA-N	Chemical Probes Portal	canSAR_ID	0	3151671
PXQATVYJKMMHAU-UHFFFAOYSA-N	Chemical Probes Portal	url	0	https://www.chemicalprobes.org/bi-639667
YNFDIGJKJPNFFD-SJORKVTESA-N	Chemical Probes Portal	rating_in_cell	0	4
YNFDIGJKJPNFFD-SJORKVTESA-N	Chemical Probes Portal	rating_in_organism	0	4
YNFDIGJKJPNFFD-SJORKVTESA-N	Chemical Probes Portal	rating_count	0	2
YNFDIGJKJPNFFD-SJORKVTESA-N	Chemical Probes Portal	unsuitable	0	No
YNFDIGJKJPNFFD-SJORKVTESA-N	Chemical Probes Portal	pains	0	No
YNFDIGJKJPNFFD-SJORKVTESA-N	Chemical Probes Portal	toxicophore	0	No
YNFDIGJKJPNFFD-SJORKVTESA-N	Chemical Probes Portal	published_date	0	2022-01-31
YNFDIGJKJPNFFD-SJORKVTESA-N	Chemical Probes Portal	canSAR_ID	0	171437
YNFDIGJKJPNFFD-SJORKVTESA-N	Chemical Probes Portal	url	0	https://www.chemicalprobes.org/bi-99179
PCJVXTDIDUMIRR-QGZVFWFLSA-N	Chemical Probes Portal	rating_in_cell	0	0
PCJVXTDIDUMIRR-QGZVFWFLSA-N	Chemical Probes Portal	rating_in_organism	0	0
PCJVXTDIDUMIRR-QGZVFWFLSA-N	Chemical Probes Portal	rating_count	0	0
PCJVXTDIDUMIRR-QGZVFWFLSA-N	Chemical Probes Portal	unsuitable	0	No
PCJVXTDIDUMIRR-QGZVFWFLSA-N	Chemical Probes Portal	pains	0	No
PCJVXTDIDUMIRR-QGZVFWFLSA-N	Chemical Probes Portal	toxicophore	0	No
PCJVXTDIDUMIRR-QGZVFWFLSA-N	Chemical Probes Portal	published_date	0	2022-02-20
PCJVXTDIDUMIRR-QGZVFWFLSA-N	Chemical Probes Portal	canSAR_ID	0	473137
PCJVXTDIDUMIRR-QGZVFWFLSA-N	Chemical Probes Portal	url	0	https://www.chemicalprobes.org/bi-1942
RPHDOVLXDYWDGF-UHFFFAOYSA-N	Chemical Probes Portal	rating_in_cell	0	4
RPHDOVLXDYWDGF-UHFFFAOYSA-N	Chemical Probes Portal	rating_in_organism	0	2.5
RPHDOVLXDYWDGF-UHFFFAOYSA-N	Chemical Probes Portal	rating_count	0	2
RPHDOVLXDYWDGF-UHFFFAOYSA-N	Chemical Probes Portal	unsuitable	0	No
RPHDOVLXDYWDGF-UHFFFAOYSA-N	Chemical Probes Portal	pains	0	No
RPHDOVLXDYWDGF-UHFFFAOYSA-N	Chemical Probes Portal	toxicophore	0	No
RPHDOVLXDYWDGF-UHFFFAOYSA-N	Chemical Probes Portal	published_date	0	2022-02-08
RPHDOVLXDYWDGF-UHFFFAOYSA-N	Chemical Probes Portal	canSAR_ID	0	3550538
RPHDOVLXDYWDGF-UHFFFAOYSA-N	Chemical Probes Portal	url	0	https://www.chemicalprobes.org/ucsf924
KVJFJJXCBRSCDY-UHFFFAOYSA-N	Chemical Probes Portal	rating_in_cell	0	3
KVJFJJXCBRSCDY-UHFFFAOYSA-N	Chemical Probes Portal	rating_in_organism	0	1.5
KVJFJJXCBRSCDY-UHFFFAOYSA-N	Chemical Probes Portal	rating_count	0	2
KVJFJJXCBRSCDY-UHFFFAOYSA-N	Chemical Probes Portal	unsuitable	0	No
KVJFJJXCBRSCDY-UHFFFAOYSA-N	Chemical Probes Portal	pains	0	No
KVJFJJXCBRSCDY-UHFFFAOYSA-N	Chemical Probes Portal	toxicophore	0	Yes
KVJFJJXCBRSCDY-UHFFFAOYSA-N	Chemical Probes Portal	published_date	0	2022-01-21
KVJFJJXCBRSCDY-UHFFFAOYSA-N	Chemical Probes Portal	canSAR_ID	0	2849398
KVJFJJXCBRSCDY-UHFFFAOYSA-N	Chemical Probes Portal	url	0	https://www.chemicalprobes.org/wm-3835
PGIVGIFOWOVINL-GOSISDBHSA-N	Chemical Probes Portal	rating_in_cell	0	2
PGIVGIFOWOVINL-GOSISDBHSA-N	Chemical Probes Portal	rating_in_organism	0	2
PGIVGIFOWOVINL-GOSISDBHSA-N	Chemical Probes Portal	rating_count	0	1
PGIVGIFOWOVINL-GOSISDBHSA-N	Chemical Probes Portal	unsuitable	0	No
PGIVGIFOWOVINL-GOSISDBHSA-N	Chemical Probes Portal	pains	0	No
PGIVGIFOWOVINL-GOSISDBHSA-N	Chemical Probes Portal	toxicophore	0	No
PGIVGIFOWOVINL-GOSISDBHSA-N	Chemical Probes Portal	published_date	0	2022-01-21
PGIVGIFOWOVINL-GOSISDBHSA-N	Chemical Probes Portal	canSAR_ID	0	213469
PGIVGIFOWOVINL-GOSISDBHSA-N	Chemical Probes Portal	url	0	https://www.chemicalprobes.org/bay-678
WZQLVEPIBAOOGF-RMMWZPCPSA-N	Chemical Probes Portal	rating_in_cell	0	3.5
WZQLVEPIBAOOGF-RMMWZPCPSA-N	Chemical Probes Portal	rating_in_organism	0	3.5
WZQLVEPIBAOOGF-RMMWZPCPSA-N	Chemical Probes Portal	rating_count	0	2
WZQLVEPIBAOOGF-RMMWZPCPSA-N	Chemical Probes Portal	unsuitable	0	No
WZQLVEPIBAOOGF-RMMWZPCPSA-N	Chemical Probes Portal	pains	0	No
WZQLVEPIBAOOGF-RMMWZPCPSA-N	Chemical Probes Portal	toxicophore	0	No
WZQLVEPIBAOOGF-RMMWZPCPSA-N	Chemical Probes Portal	published_date	0	2022-02-11
WZQLVEPIBAOOGF-RMMWZPCPSA-N	Chemical Probes Portal	canSAR_ID	0	3319397
WZQLVEPIBAOOGF-RMMWZPCPSA-N	Chemical Probes Portal	url	0	https://www.chemicalprobes.org/gsk973
QZZCUOVXHPAQRQ-UHFFFAOYSA-N	Chemical Probes Portal	rating_in_cell	0	4
QZZCUOVXHPAQRQ-UHFFFAOYSA-N	Chemical Probes Portal	rating_in_organism	0	4
QZZCUOVXHPAQRQ-UHFFFAOYSA-N	Chemical Probes Portal	rating_count	0	2
QZZCUOVXHPAQRQ-UHFFFAOYSA-N	Chemical Probes Portal	unsuitable	0	No
QZZCUOVXHPAQRQ-UHFFFAOYSA-N	Chemical Probes Portal	pains	0	No
QZZCUOVXHPAQRQ-UHFFFAOYSA-N	Chemical Probes Portal	toxicophore	0	No
QZZCUOVXHPAQRQ-UHFFFAOYSA-N	Chemical Probes Portal	published_date	0	2022-02-11
QZZCUOVXHPAQRQ-UHFFFAOYSA-N	Chemical Probes Portal	canSAR_ID	0	2972672
QZZCUOVXHPAQRQ-UHFFFAOYSA-N	Chemical Probes Portal	url	0	https://www.chemicalprobes.org/gsk620
JZTTUZXIQIRVAB-FZEVHQGJSA-N	Chemical Probes Portal	rating_in_cell	0	4
JZTTUZXIQIRVAB-FZEVHQGJSA-N	Chemical Probes Portal	rating_in_organism	0	3
JZTTUZXIQIRVAB-FZEVHQGJSA-N	Chemical Probes Portal	rating_count	0	2
JZTTUZXIQIRVAB-FZEVHQGJSA-N	Chemical Probes Portal	unsuitable	0	No
JZTTUZXIQIRVAB-FZEVHQGJSA-N	Chemical Probes Portal	pains	0	No
JZTTUZXIQIRVAB-FZEVHQGJSA-N	Chemical Probes Portal	toxicophore	0	No
JZTTUZXIQIRVAB-FZEVHQGJSA-N	Chemical Probes Portal	published_date	0	2022-03-09
JZTTUZXIQIRVAB-FZEVHQGJSA-N	Chemical Probes Portal	canSAR_ID	0	3189556
JZTTUZXIQIRVAB-FZEVHQGJSA-N	Chemical Probes Portal	url	0	https://www.chemicalprobes.org/bi-1950
ZLGNYFOIDAVMHY-MPKOGUQCSA-N	Chemical Probes Portal	rating_in_cell	0	3.6666666666666665
ZLGNYFOIDAVMHY-MPKOGUQCSA-N	Chemical Probes Portal	rating_in_organism	0	3.6666666666666665
ZLGNYFOIDAVMHY-MPKOGUQCSA-N	Chemical Probes Portal	rating_count	0	3
ZLGNYFOIDAVMHY-MPKOGUQCSA-N	Chemical Probes Portal	unsuitable	0	No
ZLGNYFOIDAVMHY-MPKOGUQCSA-N	Chemical Probes Portal	pains	0	No
ZLGNYFOIDAVMHY-MPKOGUQCSA-N	Chemical Probes Portal	toxicophore	0	No
ZLGNYFOIDAVMHY-MPKOGUQCSA-N	Chemical Probes Portal	published_date	0	2020-11-24
ZLGNYFOIDAVMHY-MPKOGUQCSA-N	Chemical Probes Portal	canSAR_ID	0	3312894
ZLGNYFOIDAVMHY-MPKOGUQCSA-N	Chemical Probes Portal	url	0	https://www.chemicalprobes.org/md-224
QULDDKSCVCJTPV-UHFFFAOYSA-N	Chemical Probes Portal	rating_in_cell	0	3.5
QULDDKSCVCJTPV-UHFFFAOYSA-N	Chemical Probes Portal	rating_in_organism	0	3
QULDDKSCVCJTPV-UHFFFAOYSA-N	Chemical Probes Portal	rating_count	0	2
QULDDKSCVCJTPV-UHFFFAOYSA-N	Chemical Probes Portal	unsuitable	0	No
QULDDKSCVCJTPV-UHFFFAOYSA-N	Chemical Probes Portal	pains	0	No
QULDDKSCVCJTPV-UHFFFAOYSA-N	Chemical Probes Portal	toxicophore	0	No
QULDDKSCVCJTPV-UHFFFAOYSA-N	Chemical Probes Portal	published_date	0	2020-12-01
QULDDKSCVCJTPV-UHFFFAOYSA-N	Chemical Probes Portal	canSAR_ID	0	1324570
QULDDKSCVCJTPV-UHFFFAOYSA-N	Chemical Probes Portal	url	0	https://www.chemicalprobes.org/biib021
BLVQHYHDYFTPDV-VCABWLAWSA-N	Chemical Probes Portal	rating_in_cell	0	3
BLVQHYHDYFTPDV-VCABWLAWSA-N	Chemical Probes Portal	rating_in_organism	0	3
BLVQHYHDYFTPDV-VCABWLAWSA-N	Chemical Probes Portal	rating_count	0	3
BLVQHYHDYFTPDV-VCABWLAWSA-N	Chemical Probes Portal	unsuitable	0	No
BLVQHYHDYFTPDV-VCABWLAWSA-N	Chemical Probes Portal	pains	0	No
BLVQHYHDYFTPDV-VCABWLAWSA-N	Chemical Probes Portal	toxicophore	0	Yes
BLVQHYHDYFTPDV-VCABWLAWSA-N	Chemical Probes Portal	published_date	0	2017-04-10
BLVQHYHDYFTPDV-VCABWLAWSA-N	Chemical Probes Portal	canSAR_ID	0	1881839
BLVQHYHDYFTPDV-VCABWLAWSA-N	Chemical Probes Portal	url	0	https://www.chemicalprobes.org/rgfp966
VLLFGVHGKLDDLW-SFHVURJKSA-N	Chemical Probes Portal	rating_in_cell	0	2.5
VLLFGVHGKLDDLW-SFHVURJKSA-N	Chemical Probes Portal	rating_in_organism	0	3
VLLFGVHGKLDDLW-SFHVURJKSA-N	Chemical Probes Portal	rating_count	0	2
VLLFGVHGKLDDLW-SFHVURJKSA-N	Chemical Probes Portal	unsuitable	0	No
VLLFGVHGKLDDLW-SFHVURJKSA-N	Chemical Probes Portal	pains	0	No
VLLFGVHGKLDDLW-SFHVURJKSA-N	Chemical Probes Portal	toxicophore	0	No
VLLFGVHGKLDDLW-SFHVURJKSA-N	Chemical Probes Portal	published_date	0	2022-03-19
VLLFGVHGKLDDLW-SFHVURJKSA-N	Chemical Probes Portal	canSAR_ID	0	1782304
VLLFGVHGKLDDLW-SFHVURJKSA-N	Chemical Probes Portal	url	0	https://www.chemicalprobes.org/atabecestat
UEMQPCYDWCSVCU-UHFFFAOYSA-N	Chemical Probes Portal	rating_in_cell	0	3
UEMQPCYDWCSVCU-UHFFFAOYSA-N	Chemical Probes Portal	rating_in_organism	0	2.3333333333333335
UEMQPCYDWCSVCU-UHFFFAOYSA-N	Chemical Probes Portal	rating_count	0	3
UEMQPCYDWCSVCU-UHFFFAOYSA-N	Chemical Probes Portal	unsuitable	0	No
UEMQPCYDWCSVCU-UHFFFAOYSA-N	Chemical Probes Portal	pains	0	No
UEMQPCYDWCSVCU-UHFFFAOYSA-N	Chemical Probes Portal	toxicophore	0	No
UEMQPCYDWCSVCU-UHFFFAOYSA-N	Chemical Probes Portal	published_date	0	2017-07-25
UEMQPCYDWCSVCU-UHFFFAOYSA-N	Chemical Probes Portal	canSAR_ID	0	1874277
UEMQPCYDWCSVCU-UHFFFAOYSA-N	Chemical Probes Portal	url	0	https://www.chemicalprobes.org/ni-57
XMBSZPZJLPTFMV-UHFFFAOYSA-N	Chemical Probes Portal	rating_in_cell	0	0
XMBSZPZJLPTFMV-UHFFFAOYSA-N	Chemical Probes Portal	rating_in_organism	0	0
XMBSZPZJLPTFMV-UHFFFAOYSA-N	Chemical Probes Portal	rating_count	0	0
XMBSZPZJLPTFMV-UHFFFAOYSA-N	Chemical Probes Portal	unsuitable	0	No
XMBSZPZJLPTFMV-UHFFFAOYSA-N	Chemical Probes Portal	pains	0	No
XMBSZPZJLPTFMV-UHFFFAOYSA-N	Chemical Probes Portal	toxicophore	0	No
XMBSZPZJLPTFMV-UHFFFAOYSA-N	Chemical Probes Portal	published_date	0	2021-02-02
XMBSZPZJLPTFMV-UHFFFAOYSA-N	Chemical Probes Portal	canSAR_ID	0	433471
XMBSZPZJLPTFMV-UHFFFAOYSA-N	Chemical Probes Portal	url	0	https://www.chemicalprobes.org/ddd85646
WILMROCKORZEMQ-VJVIIGMYSA-N	Chemical Probes Portal	rating_in_cell	0	4
WILMROCKORZEMQ-VJVIIGMYSA-N	Chemical Probes Portal	rating_in_organism	0	0
WILMROCKORZEMQ-VJVIIGMYSA-N	Chemical Probes Portal	rating_count	0	1
WILMROCKORZEMQ-VJVIIGMYSA-N	Chemical Probes Portal	unsuitable	0	No
WILMROCKORZEMQ-VJVIIGMYSA-N	Chemical Probes Portal	pains	0	No
WILMROCKORZEMQ-VJVIIGMYSA-N	Chemical Probes Portal	toxicophore	0	No
WILMROCKORZEMQ-VJVIIGMYSA-N	Chemical Probes Portal	published_date	0	2022-01-21
WILMROCKORZEMQ-VJVIIGMYSA-N	Chemical Probes Portal	canSAR_ID	0	1005436
WILMROCKORZEMQ-VJVIIGMYSA-N	Chemical Probes Portal	url	0	https://www.chemicalprobes.org/apoptolidin
FYICDSWKKFSYOM-UHFFFAOYSA-N	Chemical Probes Portal	rating_in_cell	0	1.6666666666666667
FYICDSWKKFSYOM-UHFFFAOYSA-N	Chemical Probes Portal	rating_in_organism	0	0
FYICDSWKKFSYOM-UHFFFAOYSA-N	Chemical Probes Portal	rating_count	0	3
FYICDSWKKFSYOM-UHFFFAOYSA-N	Chemical Probes Portal	unsuitable	0	No
FYICDSWKKFSYOM-UHFFFAOYSA-N	Chemical Probes Portal	pains	0	No
FYICDSWKKFSYOM-UHFFFAOYSA-N	Chemical Probes Portal	toxicophore	0	Yes
FYICDSWKKFSYOM-UHFFFAOYSA-N	Chemical Probes Portal	published_date	0	2015-12-10
FYICDSWKKFSYOM-UHFFFAOYSA-N	Chemical Probes Portal	canSAR_ID	0	2948442
FYICDSWKKFSYOM-UHFFFAOYSA-N	Chemical Probes Portal	url	0	https://www.chemicalprobes.org/tx1-85-1
NBDJDKAXIGWAIM-XZOQPEGZSA-N	Chemical Probes Portal	rating_in_cell	0	3.3333333333333335
NBDJDKAXIGWAIM-XZOQPEGZSA-N	Chemical Probes Portal	rating_in_organism	0	0
NBDJDKAXIGWAIM-XZOQPEGZSA-N	Chemical Probes Portal	rating_count	0	3
NBDJDKAXIGWAIM-XZOQPEGZSA-N	Chemical Probes Portal	unsuitable	0	No
NBDJDKAXIGWAIM-XZOQPEGZSA-N	Chemical Probes Portal	pains	0	No
NBDJDKAXIGWAIM-XZOQPEGZSA-N	Chemical Probes Portal	toxicophore	0	No
NBDJDKAXIGWAIM-XZOQPEGZSA-N	Chemical Probes Portal	published_date	0	2021-12-20
NBDJDKAXIGWAIM-XZOQPEGZSA-N	Chemical Probes Portal	canSAR_ID	0	3318350
NBDJDKAXIGWAIM-XZOQPEGZSA-N	Chemical Probes Portal	url	0	https://www.chemicalprobes.org/r_r-59
QYDASSGXBXGRBS-CKJXQJPGSA-N	Chemical Probes Portal	rating_in_cell	0	3.6666666666666665
QYDASSGXBXGRBS-CKJXQJPGSA-N	Chemical Probes Portal	rating_in_organism	0	3.3333333333333335
QYDASSGXBXGRBS-CKJXQJPGSA-N	Chemical Probes Portal	rating_count	0	3
QYDASSGXBXGRBS-CKJXQJPGSA-N	Chemical Probes Portal	unsuitable	0	No
QYDASSGXBXGRBS-CKJXQJPGSA-N	Chemical Probes Portal	pains	0	No
QYDASSGXBXGRBS-CKJXQJPGSA-N	Chemical Probes Portal	toxicophore	0	Yes
QYDASSGXBXGRBS-CKJXQJPGSA-N	Chemical Probes Portal	published_date	0	2017-06-21
QYDASSGXBXGRBS-CKJXQJPGSA-N	Chemical Probes Portal	canSAR_ID	0	318266
QYDASSGXBXGRBS-CKJXQJPGSA-N	Chemical Probes Portal	url	0	https://www.chemicalprobes.org/kzr-504
YQOLEILXOBUDMU-KRWDZBQOSA-N	Chemical Probes Portal	rating_in_cell	0	4
YQOLEILXOBUDMU-KRWDZBQOSA-N	Chemical Probes Portal	rating_in_organism	0	4
YQOLEILXOBUDMU-KRWDZBQOSA-N	Chemical Probes Portal	rating_count	0	1
YQOLEILXOBUDMU-KRWDZBQOSA-N	Chemical Probes Portal	unsuitable	0	No
YQOLEILXOBUDMU-KRWDZBQOSA-N	Chemical Probes Portal	pains	0	No
YQOLEILXOBUDMU-KRWDZBQOSA-N	Chemical Probes Portal	toxicophore	0	No
YQOLEILXOBUDMU-KRWDZBQOSA-N	Chemical Probes Portal	published_date	0	2021-03-01
YQOLEILXOBUDMU-KRWDZBQOSA-N	Chemical Probes Portal	canSAR_ID	0	3312899
YQOLEILXOBUDMU-KRWDZBQOSA-N	Chemical Probes Portal	url	0	https://www.chemicalprobes.org/bay-6672
JNSLBXJNVHYNNW-CXNSMIOJSA-N	Chemical Probes Portal	rating_in_cell	0	4
JNSLBXJNVHYNNW-CXNSMIOJSA-N	Chemical Probes Portal	rating_in_organism	0	4
JNSLBXJNVHYNNW-CXNSMIOJSA-N	Chemical Probes Portal	rating_count	0	3
JNSLBXJNVHYNNW-CXNSMIOJSA-N	Chemical Probes Portal	unsuitable	0	No
JNSLBXJNVHYNNW-CXNSMIOJSA-N	Chemical Probes Portal	pains	0	No
JNSLBXJNVHYNNW-CXNSMIOJSA-N	Chemical Probes Portal	toxicophore	0	No
JNSLBXJNVHYNNW-CXNSMIOJSA-N	Chemical Probes Portal	published_date	0	2016-11-04
JNSLBXJNVHYNNW-CXNSMIOJSA-N	Chemical Probes Portal	canSAR_ID	0	2960689
JNSLBXJNVHYNNW-CXNSMIOJSA-N	Chemical Probes Portal	url	0	https://www.chemicalprobes.org/mt1
GACOFEKSDCOVMV-RRYXBOBMSA-N	Chemical Probes Portal	rating_in_cell	0	2
GACOFEKSDCOVMV-RRYXBOBMSA-N	Chemical Probes Portal	rating_in_organism	0	1
GACOFEKSDCOVMV-RRYXBOBMSA-N	Chemical Probes Portal	rating_count	0	3
GACOFEKSDCOVMV-RRYXBOBMSA-N	Chemical Probes Portal	unsuitable	0	No
GACOFEKSDCOVMV-RRYXBOBMSA-N	Chemical Probes Portal	pains	0	No
GACOFEKSDCOVMV-RRYXBOBMSA-N	Chemical Probes Portal	toxicophore	0	Yes
GACOFEKSDCOVMV-RRYXBOBMSA-N	Chemical Probes Portal	published_date	0	2017-01-31
GACOFEKSDCOVMV-RRYXBOBMSA-N	Chemical Probes Portal	canSAR_ID	0	453310
GACOFEKSDCOVMV-RRYXBOBMSA-N	Chemical Probes Portal	url	0	https://www.chemicalprobes.org/englerin
SQNZDYHMCMIGGV-TZPPCSJFSA-N	Chemical Probes Portal	rating_in_cell	0	4
SQNZDYHMCMIGGV-TZPPCSJFSA-N	Chemical Probes Portal	rating_in_organism	0	2
SQNZDYHMCMIGGV-TZPPCSJFSA-N	Chemical Probes Portal	rating_count	0	3
SQNZDYHMCMIGGV-TZPPCSJFSA-N	Chemical Probes Portal	unsuitable	0	No
SQNZDYHMCMIGGV-TZPPCSJFSA-N	Chemical Probes Portal	pains	0	No
SQNZDYHMCMIGGV-TZPPCSJFSA-N	Chemical Probes Portal	toxicophore	0	No
SQNZDYHMCMIGGV-TZPPCSJFSA-N	Chemical Probes Portal	published_date	0	2020-03-05
SQNZDYHMCMIGGV-TZPPCSJFSA-N	Chemical Probes Portal	canSAR_ID	0	2960266
SQNZDYHMCMIGGV-TZPPCSJFSA-N	Chemical Probes Portal	url	0	https://www.chemicalprobes.org/at1
RNQODBQYMXYMCT-SJORKVTESA-N	Chemical Probes Portal	rating_in_cell	0	4
RNQODBQYMXYMCT-SJORKVTESA-N	Chemical Probes Portal	rating_in_organism	0	0
RNQODBQYMXYMCT-SJORKVTESA-N	Chemical Probes Portal	rating_count	0	1
RNQODBQYMXYMCT-SJORKVTESA-N	Chemical Probes Portal	unsuitable	0	No
RNQODBQYMXYMCT-SJORKVTESA-N	Chemical Probes Portal	pains	0	No
RNQODBQYMXYMCT-SJORKVTESA-N	Chemical Probes Portal	toxicophore	0	No
RNQODBQYMXYMCT-SJORKVTESA-N	Chemical Probes Portal	published_date	0	2022-06-08
RNQODBQYMXYMCT-SJORKVTESA-N	Chemical Probes Portal	canSAR_ID	0	3323196
RNQODBQYMXYMCT-SJORKVTESA-N	Chemical Probes Portal	url	0	https://www.chemicalprobes.org/bay-386
RFZQYGBLRIKROZ-PCLIKHOPSA-N	Chemical Probes Portal	rating_in_cell	0	0
RFZQYGBLRIKROZ-PCLIKHOPSA-N	Chemical Probes Portal	rating_in_organism	0	0
RFZQYGBLRIKROZ-PCLIKHOPSA-N	Chemical Probes Portal	rating_count	0	0
RFZQYGBLRIKROZ-PCLIKHOPSA-N	Chemical Probes Portal	unsuitable	0	No
RFZQYGBLRIKROZ-PCLIKHOPSA-N	Chemical Probes Portal	pains	0	No
RFZQYGBLRIKROZ-PCLIKHOPSA-N	Chemical Probes Portal	toxicophore	0	Yes
RFZQYGBLRIKROZ-PCLIKHOPSA-N	Chemical Probes Portal	published_date	0	2022-06-16
RFZQYGBLRIKROZ-PCLIKHOPSA-N	Chemical Probes Portal	canSAR_ID	0	327159
RFZQYGBLRIKROZ-PCLIKHOPSA-N	Chemical Probes Portal	url	0	https://www.chemicalprobes.org/apy0201
BPLVDYJDAVYLRQ-UHFFFAOYSA-N	Chemical Probes Portal	rating_in_cell	0	2.5
BPLVDYJDAVYLRQ-UHFFFAOYSA-N	Chemical Probes Portal	rating_in_organism	0	2.5
BPLVDYJDAVYLRQ-UHFFFAOYSA-N	Chemical Probes Portal	rating_count	0	2
BPLVDYJDAVYLRQ-UHFFFAOYSA-N	Chemical Probes Portal	unsuitable	0	No
BPLVDYJDAVYLRQ-UHFFFAOYSA-N	Chemical Probes Portal	pains	0	No
BPLVDYJDAVYLRQ-UHFFFAOYSA-N	Chemical Probes Portal	toxicophore	0	No
BPLVDYJDAVYLRQ-UHFFFAOYSA-N	Chemical Probes Portal	published_date	0	2022-06-08
BPLVDYJDAVYLRQ-UHFFFAOYSA-N	Chemical Probes Portal	canSAR_ID	0	1750473
BPLVDYJDAVYLRQ-UHFFFAOYSA-N	Chemical Probes Portal	url	0	https://www.chemicalprobes.org/jnj-42396302
UJLAWZDWDVHWOW-YPMHNXCESA-N	Chemical Probes Portal	rating_in_cell	0	3.6666666666666665
UJLAWZDWDVHWOW-YPMHNXCESA-N	Chemical Probes Portal	rating_in_organism	0	3.5
UJLAWZDWDVHWOW-YPMHNXCESA-N	Chemical Probes Portal	rating_count	0	3
UJLAWZDWDVHWOW-YPMHNXCESA-N	Chemical Probes Portal	unsuitable	0	No
UJLAWZDWDVHWOW-YPMHNXCESA-N	Chemical Probes Portal	pains	0	No
UJLAWZDWDVHWOW-YPMHNXCESA-N	Chemical Probes Portal	toxicophore	0	No
UJLAWZDWDVHWOW-YPMHNXCESA-N	Chemical Probes Portal	published_date	0	2015-12-10
UJLAWZDWDVHWOW-YPMHNXCESA-N	Chemical Probes Portal	canSAR_ID	0	1423145
UJLAWZDWDVHWOW-YPMHNXCESA-N	Chemical Probes Portal	url	0	https://www.chemicalprobes.org/tofacitinib
WNEILUNVMHVMPH-UHFFFAOYSA-N	Chemical Probes Portal	rating_in_cell	0	3
WNEILUNVMHVMPH-UHFFFAOYSA-N	Chemical Probes Portal	rating_in_organism	0	3
WNEILUNVMHVMPH-UHFFFAOYSA-N	Chemical Probes Portal	rating_count	0	2
WNEILUNVMHVMPH-UHFFFAOYSA-N	Chemical Probes Portal	unsuitable	0	No
WNEILUNVMHVMPH-UHFFFAOYSA-N	Chemical Probes Portal	pains	0	No
WNEILUNVMHVMPH-UHFFFAOYSA-N	Chemical Probes Portal	toxicophore	0	No
WNEILUNVMHVMPH-UHFFFAOYSA-N	Chemical Probes Portal	published_date	0	2021-02-05
WNEILUNVMHVMPH-UHFFFAOYSA-N	Chemical Probes Portal	canSAR_ID	0	2937790
WNEILUNVMHVMPH-UHFFFAOYSA-N	Chemical Probes Portal	url	0	https://www.chemicalprobes.org/bay1217389
NMJMRSQTDLRCRQ-UHFFFAOYSA-N	Chemical Probes Portal	rating_in_cell	0	2.6666666666666665
NMJMRSQTDLRCRQ-UHFFFAOYSA-N	Chemical Probes Portal	rating_in_organism	0	2
NMJMRSQTDLRCRQ-UHFFFAOYSA-N	Chemical Probes Portal	rating_count	0	3
NMJMRSQTDLRCRQ-UHFFFAOYSA-N	Chemical Probes Portal	unsuitable	0	No
NMJMRSQTDLRCRQ-UHFFFAOYSA-N	Chemical Probes Portal	pains	0	No
NMJMRSQTDLRCRQ-UHFFFAOYSA-N	Chemical Probes Portal	toxicophore	0	No
NMJMRSQTDLRCRQ-UHFFFAOYSA-N	Chemical Probes Portal	published_date	0	2015-12-10
NMJMRSQTDLRCRQ-UHFFFAOYSA-N	Chemical Probes Portal	canSAR_ID	0	769427
NMJMRSQTDLRCRQ-UHFFFAOYSA-N	Chemical Probes Portal	url	0	https://www.chemicalprobes.org/mps1-in-1
AEJOEPSMZCEYJN-HXUWFJFHSA-N	Chemical Probes Portal	rating_in_cell	0	3
AEJOEPSMZCEYJN-HXUWFJFHSA-N	Chemical Probes Portal	rating_in_organism	0	2.6666666666666665
AEJOEPSMZCEYJN-HXUWFJFHSA-N	Chemical Probes Portal	rating_count	0	3
AEJOEPSMZCEYJN-HXUWFJFHSA-N	Chemical Probes Portal	unsuitable	0	No
AEJOEPSMZCEYJN-HXUWFJFHSA-N	Chemical Probes Portal	pains	0	No
AEJOEPSMZCEYJN-HXUWFJFHSA-N	Chemical Probes Portal	toxicophore	0	No
AEJOEPSMZCEYJN-HXUWFJFHSA-N	Chemical Probes Portal	published_date	0	2017-08-09
AEJOEPSMZCEYJN-HXUWFJFHSA-N	Chemical Probes Portal	canSAR_ID	0	1689202
AEJOEPSMZCEYJN-HXUWFJFHSA-N	Chemical Probes Portal	url	0	https://www.chemicalprobes.org/ici-199441
BFTKDWYIRJGJCA-CYBMUJFWSA-N	Chemical Probes Portal	rating_in_cell	0	2.3333333333333335
BFTKDWYIRJGJCA-CYBMUJFWSA-N	Chemical Probes Portal	rating_in_organism	0	0
BFTKDWYIRJGJCA-CYBMUJFWSA-N	Chemical Probes Portal	rating_count	0	3
BFTKDWYIRJGJCA-CYBMUJFWSA-N	Chemical Probes Portal	unsuitable	0	No
BFTKDWYIRJGJCA-CYBMUJFWSA-N	Chemical Probes Portal	pains	0	No
BFTKDWYIRJGJCA-CYBMUJFWSA-N	Chemical Probes Portal	toxicophore	0	No
BFTKDWYIRJGJCA-CYBMUJFWSA-N	Chemical Probes Portal	published_date	0	2017-04-25
BFTKDWYIRJGJCA-CYBMUJFWSA-N	Chemical Probes Portal	canSAR_ID	0	220825
BFTKDWYIRJGJCA-CYBMUJFWSA-N	Chemical Probes Portal	url	0	https://www.chemicalprobes.org/cpi-637
OJKONCJPCULNOW-DYVFJYSZSA-N	Chemical Probes Portal	rating_in_cell	0	3.6666666666666665
OJKONCJPCULNOW-DYVFJYSZSA-N	Chemical Probes Portal	rating_in_organism	0	3
OJKONCJPCULNOW-DYVFJYSZSA-N	Chemical Probes Portal	rating_count	0	3
OJKONCJPCULNOW-DYVFJYSZSA-N	Chemical Probes Portal	unsuitable	0	No
OJKONCJPCULNOW-DYVFJYSZSA-N	Chemical Probes Portal	pains	0	No
OJKONCJPCULNOW-DYVFJYSZSA-N	Chemical Probes Portal	toxicophore	0	No
OJKONCJPCULNOW-DYVFJYSZSA-N	Chemical Probes Portal	published_date	0	2021-01-29
OJKONCJPCULNOW-DYVFJYSZSA-N	Chemical Probes Portal	canSAR_ID	0	2872291
OJKONCJPCULNOW-DYVFJYSZSA-N	Chemical Probes Portal	url	0	https://www.chemicalprobes.org/ds-1971a
YDNOHCOYQVZOMC-UHFFFAOYSA-N	Chemical Probes Portal	rating_in_cell	0	3
YDNOHCOYQVZOMC-UHFFFAOYSA-N	Chemical Probes Portal	rating_in_organism	0	2.5
YDNOHCOYQVZOMC-UHFFFAOYSA-N	Chemical Probes Portal	rating_count	0	2
YDNOHCOYQVZOMC-UHFFFAOYSA-N	Chemical Probes Portal	unsuitable	0	No
YDNOHCOYQVZOMC-UHFFFAOYSA-N	Chemical Probes Portal	pains	0	No
YDNOHCOYQVZOMC-UHFFFAOYSA-N	Chemical Probes Portal	toxicophore	0	No
YDNOHCOYQVZOMC-UHFFFAOYSA-N	Chemical Probes Portal	published_date	0	2020-12-17
YDNOHCOYQVZOMC-UHFFFAOYSA-N	Chemical Probes Portal	canSAR_ID	0	3145795
YDNOHCOYQVZOMC-UHFFFAOYSA-N	Chemical Probes Portal	url	0	https://www.chemicalprobes.org/pi-3065
OFWWWKWUCDUISA-UHFFFAOYSA-N	Chemical Probes Portal	rating_in_cell	0	2.3333333333333335
OFWWWKWUCDUISA-UHFFFAOYSA-N	Chemical Probes Portal	rating_in_organism	0	1
OFWWWKWUCDUISA-UHFFFAOYSA-N	Chemical Probes Portal	rating_count	0	3
OFWWWKWUCDUISA-UHFFFAOYSA-N	Chemical Probes Portal	unsuitable	0	No
OFWWWKWUCDUISA-UHFFFAOYSA-N	Chemical Probes Portal	pains	0	No
OFWWWKWUCDUISA-UHFFFAOYSA-N	Chemical Probes Portal	toxicophore	0	No
OFWWWKWUCDUISA-UHFFFAOYSA-N	Chemical Probes Portal	published_date	0	2017-05-11
OFWWWKWUCDUISA-UHFFFAOYSA-N	Chemical Probes Portal	canSAR_ID	0	484030
OFWWWKWUCDUISA-UHFFFAOYSA-N	Chemical Probes Portal	url	0	https://www.chemicalprobes.org/bay-299
CDQRIIUMNLMHRH-UHFFFAOYSA-N	Chemical Probes Portal	rating_in_cell	0	3
CDQRIIUMNLMHRH-UHFFFAOYSA-N	Chemical Probes Portal	rating_in_organism	0	2
CDQRIIUMNLMHRH-UHFFFAOYSA-N	Chemical Probes Portal	rating_count	0	2
CDQRIIUMNLMHRH-UHFFFAOYSA-N	Chemical Probes Portal	unsuitable	0	No
CDQRIIUMNLMHRH-UHFFFAOYSA-N	Chemical Probes Portal	pains	0	No
CDQRIIUMNLMHRH-UHFFFAOYSA-N	Chemical Probes Portal	toxicophore	0	No
CDQRIIUMNLMHRH-UHFFFAOYSA-N	Chemical Probes Portal	published_date	0	2017-08-09
CDQRIIUMNLMHRH-UHFFFAOYSA-N	Chemical Probes Portal	canSAR_ID	0	563683
CDQRIIUMNLMHRH-UHFFFAOYSA-N	Chemical Probes Portal	url	0	https://www.chemicalprobes.org/t-26c
CHEANNSDVJOIBS-MHZLTWQESA-N	Chemical Probes Portal	rating_in_cell	0	2.5
CHEANNSDVJOIBS-MHZLTWQESA-N	Chemical Probes Portal	rating_in_organism	0	3
CHEANNSDVJOIBS-MHZLTWQESA-N	Chemical Probes Portal	rating_count	0	2
CHEANNSDVJOIBS-MHZLTWQESA-N	Chemical Probes Portal	unsuitable	0	No
CHEANNSDVJOIBS-MHZLTWQESA-N	Chemical Probes Portal	pains	0	No
CHEANNSDVJOIBS-MHZLTWQESA-N	Chemical Probes Portal	toxicophore	0	No
CHEANNSDVJOIBS-MHZLTWQESA-N	Chemical Probes Portal	published_date	0	2021-01-21
CHEANNSDVJOIBS-MHZLTWQESA-N	Chemical Probes Portal	canSAR_ID	0	774862
CHEANNSDVJOIBS-MHZLTWQESA-N	Chemical Probes Portal	url	0	https://www.chemicalprobes.org/am-1638
SFMJNHNUOVADRW-UHFFFAOYSA-N	Chemical Probes Portal	rating_in_cell	0	3
SFMJNHNUOVADRW-UHFFFAOYSA-N	Chemical Probes Portal	rating_in_organism	0	0
SFMJNHNUOVADRW-UHFFFAOYSA-N	Chemical Probes Portal	rating_count	0	3
SFMJNHNUOVADRW-UHFFFAOYSA-N	Chemical Probes Portal	unsuitable	0	No
SFMJNHNUOVADRW-UHFFFAOYSA-N	Chemical Probes Portal	pains	0	No
SFMJNHNUOVADRW-UHFFFAOYSA-N	Chemical Probes Portal	toxicophore	0	Yes
SFMJNHNUOVADRW-UHFFFAOYSA-N	Chemical Probes Portal	published_date	0	2015-12-10
SFMJNHNUOVADRW-UHFFFAOYSA-N	Chemical Probes Portal	canSAR_ID	0	787801
SFMJNHNUOVADRW-UHFFFAOYSA-N	Chemical Probes Portal	url	0	https://www.chemicalprobes.org/bmx-in-1
AOZPVMOOEJAZGK-UHFFFAOYSA-N	Chemical Probes Portal	rating_in_cell	0	2.6666666666666665
AOZPVMOOEJAZGK-UHFFFAOYSA-N	Chemical Probes Portal	rating_in_organism	0	2
AOZPVMOOEJAZGK-UHFFFAOYSA-N	Chemical Probes Portal	rating_count	0	3
AOZPVMOOEJAZGK-UHFFFAOYSA-N	Chemical Probes Portal	unsuitable	0	No
AOZPVMOOEJAZGK-UHFFFAOYSA-N	Chemical Probes Portal	pains	0	No
AOZPVMOOEJAZGK-UHFFFAOYSA-N	Chemical Probes Portal	toxicophore	0	No
AOZPVMOOEJAZGK-UHFFFAOYSA-N	Chemical Probes Portal	published_date	0	2015-12-10
AOZPVMOOEJAZGK-UHFFFAOYSA-N	Chemical Probes Portal	canSAR_ID	0	829470
AOZPVMOOEJAZGK-UHFFFAOYSA-N	Chemical Probes Portal	url	0	https://www.chemicalprobes.org/ddr1-in-1
UMRRDXVUROEIKJ-JCXBGQGISA-N	Chemical Probes Portal	rating_in_cell	0	2.6666666666666665
UMRRDXVUROEIKJ-JCXBGQGISA-N	Chemical Probes Portal	rating_in_organism	0	0
UMRRDXVUROEIKJ-JCXBGQGISA-N	Chemical Probes Portal	rating_count	0	3
UMRRDXVUROEIKJ-JCXBGQGISA-N	Chemical Probes Portal	unsuitable	0	No
UMRRDXVUROEIKJ-JCXBGQGISA-N	Chemical Probes Portal	pains	0	No
UMRRDXVUROEIKJ-JCXBGQGISA-N	Chemical Probes Portal	toxicophore	0	No
UMRRDXVUROEIKJ-JCXBGQGISA-N	Chemical Probes Portal	published_date	0	2016-09-09
UMRRDXVUROEIKJ-JCXBGQGISA-N	Chemical Probes Portal	canSAR_ID	0	979628
UMRRDXVUROEIKJ-JCXBGQGISA-N	Chemical Probes Portal	url	0	https://www.chemicalprobes.org/unc3866
QBGKPEROWUKSBK-QPPIDDCLSA-N	Chemical Probes Portal	rating_in_cell	0	3
QBGKPEROWUKSBK-QPPIDDCLSA-N	Chemical Probes Portal	rating_in_organism	0	3.5
QBGKPEROWUKSBK-QPPIDDCLSA-N	Chemical Probes Portal	rating_count	0	2
QBGKPEROWUKSBK-QPPIDDCLSA-N	Chemical Probes Portal	unsuitable	0	No
QBGKPEROWUKSBK-QPPIDDCLSA-N	Chemical Probes Portal	pains	0	No
QBGKPEROWUKSBK-QPPIDDCLSA-N	Chemical Probes Portal	toxicophore	0	No
QBGKPEROWUKSBK-QPPIDDCLSA-N	Chemical Probes Portal	published_date	0	2017-06-06
QBGKPEROWUKSBK-QPPIDDCLSA-N	Chemical Probes Portal	canSAR_ID	0	942550
QBGKPEROWUKSBK-QPPIDDCLSA-N	Chemical Probes Portal	url	0	https://www.chemicalprobes.org/rg7112
NRSGWEVTVGZDFC-UHFFFAOYSA-N	Chemical Probes Portal	rating_in_cell	0	3
NRSGWEVTVGZDFC-UHFFFAOYSA-N	Chemical Probes Portal	rating_in_organism	0	3
NRSGWEVTVGZDFC-UHFFFAOYSA-N	Chemical Probes Portal	rating_count	0	3
NRSGWEVTVGZDFC-UHFFFAOYSA-N	Chemical Probes Portal	unsuitable	0	No
NRSGWEVTVGZDFC-UHFFFAOYSA-N	Chemical Probes Portal	pains	0	No
NRSGWEVTVGZDFC-UHFFFAOYSA-N	Chemical Probes Portal	toxicophore	0	No
NRSGWEVTVGZDFC-UHFFFAOYSA-N	Chemical Probes Portal	published_date	0	2020-06-06
NRSGWEVTVGZDFC-UHFFFAOYSA-N	Chemical Probes Portal	canSAR_ID	0	103049
NRSGWEVTVGZDFC-UHFFFAOYSA-N	Chemical Probes Portal	url	0	https://www.chemicalprobes.org/bay-549
HUUSXLKCTQDPGL-UHFFFAOYSA-N	Chemical Probes Portal	rating_in_cell	0	3
HUUSXLKCTQDPGL-UHFFFAOYSA-N	Chemical Probes Portal	rating_in_organism	0	3
HUUSXLKCTQDPGL-UHFFFAOYSA-N	Chemical Probes Portal	rating_count	0	2
HUUSXLKCTQDPGL-UHFFFAOYSA-N	Chemical Probes Portal	unsuitable	0	No
HUUSXLKCTQDPGL-UHFFFAOYSA-N	Chemical Probes Portal	pains	0	No
HUUSXLKCTQDPGL-UHFFFAOYSA-N	Chemical Probes Portal	toxicophore	0	No
HUUSXLKCTQDPGL-UHFFFAOYSA-N	Chemical Probes Portal	published_date	0	2020-07-10
HUUSXLKCTQDPGL-UHFFFAOYSA-N	Chemical Probes Portal	canSAR_ID	0	116400
HUUSXLKCTQDPGL-UHFFFAOYSA-N	Chemical Probes Portal	url	0	https://www.chemicalprobes.org/mcc950
ARBRHWRTXPWZGN-UHFFFAOYSA-N	Chemical Probes Portal	rating_in_cell	0	0
ARBRHWRTXPWZGN-UHFFFAOYSA-N	Chemical Probes Portal	rating_in_organism	0	0
ARBRHWRTXPWZGN-UHFFFAOYSA-N	Chemical Probes Portal	rating_count	0	0
ARBRHWRTXPWZGN-UHFFFAOYSA-N	Chemical Probes Portal	unsuitable	0	No
ARBRHWRTXPWZGN-UHFFFAOYSA-N	Chemical Probes Portal	pains	0	Yes
ARBRHWRTXPWZGN-UHFFFAOYSA-N	Chemical Probes Portal	toxicophore	0	No
ARBRHWRTXPWZGN-UHFFFAOYSA-N	Chemical Probes Portal	published_date	0	2022-07-28
ARBRHWRTXPWZGN-UHFFFAOYSA-N	Chemical Probes Portal	canSAR_ID	0	3872897
ARBRHWRTXPWZGN-UHFFFAOYSA-N	Chemical Probes Portal	url	0	https://www.chemicalprobes.org/rp-6306
PXVFFBGSTYQHRO-REQIQPEASA-N	Chemical Probes Portal	rating_in_cell	0	3.6666666666666665
PXVFFBGSTYQHRO-REQIQPEASA-N	Chemical Probes Portal	rating_in_organism	0	3.6666666666666665
PXVFFBGSTYQHRO-REQIQPEASA-N	Chemical Probes Portal	rating_count	0	3
PXVFFBGSTYQHRO-REQIQPEASA-N	Chemical Probes Portal	unsuitable	0	No
PXVFFBGSTYQHRO-REQIQPEASA-N	Chemical Probes Portal	pains	0	No
PXVFFBGSTYQHRO-REQIQPEASA-N	Chemical Probes Portal	toxicophore	0	Yes
PXVFFBGSTYQHRO-REQIQPEASA-N	Chemical Probes Portal	published_date	0	2020-12-03
PXVFFBGSTYQHRO-REQIQPEASA-N	Chemical Probes Portal	canSAR_ID	0	3313532
PXVFFBGSTYQHRO-REQIQPEASA-N	Chemical Probes Portal	url	0	https://www.chemicalprobes.org/dt2216
LIMCHOLAKDUZDS-XARBDFOFSA-N	Chemical Probes Portal	rating_in_cell	0	3.3333333333333335
LIMCHOLAKDUZDS-XARBDFOFSA-N	Chemical Probes Portal	rating_in_organism	0	2
LIMCHOLAKDUZDS-XARBDFOFSA-N	Chemical Probes Portal	rating_count	0	3
LIMCHOLAKDUZDS-XARBDFOFSA-N	Chemical Probes Portal	unsuitable	0	No
LIMCHOLAKDUZDS-XARBDFOFSA-N	Chemical Probes Portal	pains	0	No
LIMCHOLAKDUZDS-XARBDFOFSA-N	Chemical Probes Portal	toxicophore	0	Yes
LIMCHOLAKDUZDS-XARBDFOFSA-N	Chemical Probes Portal	published_date	0	2020-12-17
LIMCHOLAKDUZDS-XARBDFOFSA-N	Chemical Probes Portal	canSAR_ID	0	3151460
LIMCHOLAKDUZDS-XARBDFOFSA-N	Chemical Probes Portal	url	0	https://www.chemicalprobes.org/crbn-6-5-5-vhl
QMGHHBHPDDAGGO-IIWOMYBWSA-N	Chemical Probes Portal	rating_in_cell	0	3
QMGHHBHPDDAGGO-IIWOMYBWSA-N	Chemical Probes Portal	rating_in_organism	0	0
QMGHHBHPDDAGGO-IIWOMYBWSA-N	Chemical Probes Portal	rating_count	0	3
QMGHHBHPDDAGGO-IIWOMYBWSA-N	Chemical Probes Portal	unsuitable	0	No
QMGHHBHPDDAGGO-IIWOMYBWSA-N	Chemical Probes Portal	pains	0	No
QMGHHBHPDDAGGO-IIWOMYBWSA-N	Chemical Probes Portal	toxicophore	0	No
QMGHHBHPDDAGGO-IIWOMYBWSA-N	Chemical Probes Portal	published_date	0	2020-11-12
QMGHHBHPDDAGGO-IIWOMYBWSA-N	Chemical Probes Portal	canSAR_ID	0	1040148
QMGHHBHPDDAGGO-IIWOMYBWSA-N	Chemical Probes Portal	url	0	https://www.chemicalprobes.org/tbk1-protac-3i
KPBNHDGDUADAGP-VAWYXSNFSA-N	Chemical Probes Portal	rating_in_cell	0	0
KPBNHDGDUADAGP-VAWYXSNFSA-N	Chemical Probes Portal	rating_in_organism	0	0
KPBNHDGDUADAGP-VAWYXSNFSA-N	Chemical Probes Portal	rating_count	0	0
KPBNHDGDUADAGP-VAWYXSNFSA-N	Chemical Probes Portal	unsuitable	0	No
KPBNHDGDUADAGP-VAWYXSNFSA-N	Chemical Probes Portal	pains	0	No
KPBNHDGDUADAGP-VAWYXSNFSA-N	Chemical Probes Portal	toxicophore	0	Yes
KPBNHDGDUADAGP-VAWYXSNFSA-N	Chemical Probes Portal	published_date	0	2022-07-04
KPBNHDGDUADAGP-VAWYXSNFSA-N	Chemical Probes Portal	canSAR_ID	0	174287
KPBNHDGDUADAGP-VAWYXSNFSA-N	Chemical Probes Portal	url	0	https://www.chemicalprobes.org/daporinad
JFOAJUGFHDCBJJ-UHFFFAOYSA-N	Chemical Probes Portal	rating_in_cell	0	2
JFOAJUGFHDCBJJ-UHFFFAOYSA-N	Chemical Probes Portal	rating_in_organism	0	2
JFOAJUGFHDCBJJ-UHFFFAOYSA-N	Chemical Probes Portal	rating_count	0	1
JFOAJUGFHDCBJJ-UHFFFAOYSA-N	Chemical Probes Portal	unsuitable	0	No
JFOAJUGFHDCBJJ-UHFFFAOYSA-N	Chemical Probes Portal	pains	0	No
JFOAJUGFHDCBJJ-UHFFFAOYSA-N	Chemical Probes Portal	toxicophore	0	No
JFOAJUGFHDCBJJ-UHFFFAOYSA-N	Chemical Probes Portal	published_date	0	2022-06-15
JFOAJUGFHDCBJJ-UHFFFAOYSA-N	Chemical Probes Portal	canSAR_ID	0	941114
JFOAJUGFHDCBJJ-UHFFFAOYSA-N	Chemical Probes Portal	url	0	https://www.chemicalprobes.org/nms-p715
FNYGWXSATBUBER-UHFFFAOYSA-N	Chemical Probes Portal	rating_in_cell	0	2
FNYGWXSATBUBER-UHFFFAOYSA-N	Chemical Probes Portal	rating_in_organism	0	2.5
FNYGWXSATBUBER-UHFFFAOYSA-N	Chemical Probes Portal	rating_count	0	3
FNYGWXSATBUBER-UHFFFAOYSA-N	Chemical Probes Portal	unsuitable	0	No
FNYGWXSATBUBER-UHFFFAOYSA-N	Chemical Probes Portal	pains	0	No
FNYGWXSATBUBER-UHFFFAOYSA-N	Chemical Probes Portal	toxicophore	0	No
FNYGWXSATBUBER-UHFFFAOYSA-N	Chemical Probes Portal	published_date	0	2015-11-10
FNYGWXSATBUBER-UHFFFAOYSA-N	Chemical Probes Portal	canSAR_ID	0	596719
FNYGWXSATBUBER-UHFFFAOYSA-N	Chemical Probes Portal	url	0	https://www.chemicalprobes.org/agi-5198
WVAKRQOMAINQPU-UHFFFAOYSA-N	Chemical Probes Portal	rating_in_cell	0	3
WVAKRQOMAINQPU-UHFFFAOYSA-N	Chemical Probes Portal	rating_in_organism	0	3
WVAKRQOMAINQPU-UHFFFAOYSA-N	Chemical Probes Portal	rating_count	0	1
WVAKRQOMAINQPU-UHFFFAOYSA-N	Chemical Probes Portal	unsuitable	0	No
WVAKRQOMAINQPU-UHFFFAOYSA-N	Chemical Probes Portal	pains	0	No
WVAKRQOMAINQPU-UHFFFAOYSA-N	Chemical Probes Portal	toxicophore	0	No
WVAKRQOMAINQPU-UHFFFAOYSA-N	Chemical Probes Portal	published_date	0	2022-08-03
WVAKRQOMAINQPU-UHFFFAOYSA-N	Chemical Probes Portal	canSAR_ID	0	1613413
WVAKRQOMAINQPU-UHFFFAOYSA-N	Chemical Probes Portal	url	0	https://www.chemicalprobes.org/ak120413
NAXSRXHZFIBFMI-UHFFFAOYSA-N	Chemical Probes Portal	rating_in_cell	0	3
NAXSRXHZFIBFMI-UHFFFAOYSA-N	Chemical Probes Portal	rating_in_organism	0	3.6666666666666665
NAXSRXHZFIBFMI-UHFFFAOYSA-N	Chemical Probes Portal	rating_count	0	3
NAXSRXHZFIBFMI-UHFFFAOYSA-N	Chemical Probes Portal	unsuitable	0	No
NAXSRXHZFIBFMI-UHFFFAOYSA-N	Chemical Probes Portal	pains	0	No
NAXSRXHZFIBFMI-UHFFFAOYSA-N	Chemical Probes Portal	toxicophore	0	No
NAXSRXHZFIBFMI-UHFFFAOYSA-N	Chemical Probes Portal	published_date	0	2017-07-18
NAXSRXHZFIBFMI-UHFFFAOYSA-N	Chemical Probes Portal	canSAR_ID	0	838143
NAXSRXHZFIBFMI-UHFFFAOYSA-N	Chemical Probes Portal	url	0	https://www.chemicalprobes.org/gw3965
RZXMIHOUHYSGJO-UHFFFAOYSA-N	Chemical Probes Portal	rating_in_cell	0	2.6666666666666665
RZXMIHOUHYSGJO-UHFFFAOYSA-N	Chemical Probes Portal	rating_in_organism	0	0
RZXMIHOUHYSGJO-UHFFFAOYSA-N	Chemical Probes Portal	rating_count	0	3
RZXMIHOUHYSGJO-UHFFFAOYSA-N	Chemical Probes Portal	unsuitable	0	No
RZXMIHOUHYSGJO-UHFFFAOYSA-N	Chemical Probes Portal	pains	0	No
RZXMIHOUHYSGJO-UHFFFAOYSA-N	Chemical Probes Portal	toxicophore	0	No
RZXMIHOUHYSGJO-UHFFFAOYSA-N	Chemical Probes Portal	published_date	0	2017-05-30
RZXMIHOUHYSGJO-UHFFFAOYSA-N	Chemical Probes Portal	canSAR_ID	0	312564
RZXMIHOUHYSGJO-UHFFFAOYSA-N	Chemical Probes Portal	url	0	https://www.chemicalprobes.org/gne-2861
ZDBWLRLGUBSLPG-FDHYQTMZSA-N	Chemical Probes Portal	rating_in_cell	0	0
ZDBWLRLGUBSLPG-FDHYQTMZSA-N	Chemical Probes Portal	rating_in_organism	0	0
ZDBWLRLGUBSLPG-FDHYQTMZSA-N	Chemical Probes Portal	rating_count	0	0
ZDBWLRLGUBSLPG-FDHYQTMZSA-N	Chemical Probes Portal	unsuitable	0	No
ZDBWLRLGUBSLPG-FDHYQTMZSA-N	Chemical Probes Portal	pains	0	No
ZDBWLRLGUBSLPG-FDHYQTMZSA-N	Chemical Probes Portal	toxicophore	0	No
ZDBWLRLGUBSLPG-FDHYQTMZSA-N	Chemical Probes Portal	published_date	0	2022-09-20
ZDBWLRLGUBSLPG-FDHYQTMZSA-N	Chemical Probes Portal	canSAR_ID	0	982146
ZDBWLRLGUBSLPG-FDHYQTMZSA-N	Chemical Probes Portal	url	0	https://www.chemicalprobes.org/safit2
KSGZCKSNTAJOJS-DZBMUNJRSA-N	Chemical Probes Portal	rating_in_cell	0	1.6666666666666667
KSGZCKSNTAJOJS-DZBMUNJRSA-N	Chemical Probes Portal	rating_in_organism	0	1.5
KSGZCKSNTAJOJS-DZBMUNJRSA-N	Chemical Probes Portal	rating_count	0	3
KSGZCKSNTAJOJS-DZBMUNJRSA-N	Chemical Probes Portal	unsuitable	0	No
KSGZCKSNTAJOJS-DZBMUNJRSA-N	Chemical Probes Portal	pains	0	No
KSGZCKSNTAJOJS-DZBMUNJRSA-N	Chemical Probes Portal	toxicophore	0	No
KSGZCKSNTAJOJS-DZBMUNJRSA-N	Chemical Probes Portal	published_date	0	2016-09-09
KSGZCKSNTAJOJS-DZBMUNJRSA-N	Chemical Probes Portal	canSAR_ID	0	668427
KSGZCKSNTAJOJS-DZBMUNJRSA-N	Chemical Probes Portal	url	0	https://www.chemicalprobes.org/cortistatin
JLFSBHQQXIAQEC-UHFFFAOYSA-N	Chemical Probes Portal	rating_in_cell	0	3
JLFSBHQQXIAQEC-UHFFFAOYSA-N	Chemical Probes Portal	rating_in_organism	0	3
JLFSBHQQXIAQEC-UHFFFAOYSA-N	Chemical Probes Portal	rating_count	0	3
JLFSBHQQXIAQEC-UHFFFAOYSA-N	Chemical Probes Portal	unsuitable	0	No
JLFSBHQQXIAQEC-UHFFFAOYSA-N	Chemical Probes Portal	pains	0	No
JLFSBHQQXIAQEC-UHFFFAOYSA-N	Chemical Probes Portal	toxicophore	0	No
JLFSBHQQXIAQEC-UHFFFAOYSA-N	Chemical Probes Portal	published_date	0	2016-07-29
JLFSBHQQXIAQEC-UHFFFAOYSA-N	Chemical Probes Portal	canSAR_ID	0	1572017
JLFSBHQQXIAQEC-UHFFFAOYSA-N	Chemical Probes Portal	url	0	https://www.chemicalprobes.org/e7449
FWLMVFUGMHIOAA-UHFFFAOYSA-N	Chemical Probes Portal	rating_in_cell	0	2
FWLMVFUGMHIOAA-UHFFFAOYSA-N	Chemical Probes Portal	rating_in_organism	0	2
FWLMVFUGMHIOAA-UHFFFAOYSA-N	Chemical Probes Portal	rating_count	0	1
FWLMVFUGMHIOAA-UHFFFAOYSA-N	Chemical Probes Portal	unsuitable	0	No
FWLMVFUGMHIOAA-UHFFFAOYSA-N	Chemical Probes Portal	pains	0	No
FWLMVFUGMHIOAA-UHFFFAOYSA-N	Chemical Probes Portal	toxicophore	0	No
FWLMVFUGMHIOAA-UHFFFAOYSA-N	Chemical Probes Portal	published_date	0	2022-03-16
FWLMVFUGMHIOAA-UHFFFAOYSA-N	Chemical Probes Portal	canSAR_ID	0	652417
FWLMVFUGMHIOAA-UHFFFAOYSA-N	Chemical Probes Portal	url	0	https://www.chemicalprobes.org/defactinib
XYFPWWZEPKGCCK-GOSISDBHSA-N	Chemical Probes Portal	rating_in_cell	0	0
XYFPWWZEPKGCCK-GOSISDBHSA-N	Chemical Probes Portal	rating_in_organism	0	0
XYFPWWZEPKGCCK-GOSISDBHSA-N	Chemical Probes Portal	rating_count	0	0
XYFPWWZEPKGCCK-GOSISDBHSA-N	Chemical Probes Portal	unsuitable	0	No
XYFPWWZEPKGCCK-GOSISDBHSA-N	Chemical Probes Portal	pains	0	No
XYFPWWZEPKGCCK-GOSISDBHSA-N	Chemical Probes Portal	toxicophore	0	Yes
XYFPWWZEPKGCCK-GOSISDBHSA-N	Chemical Probes Portal	published_date	0	2021-06-10
XYFPWWZEPKGCCK-GOSISDBHSA-N	Chemical Probes Portal	canSAR_ID	0	503835
XYFPWWZEPKGCCK-GOSISDBHSA-N	Chemical Probes Portal	url	0	https://www.chemicalprobes.org/ibrutinib
LLVZBTWPGQVVLW-SNAWJCMRSA-N	Chemical Probes Portal	rating_in_cell	0	4
LLVZBTWPGQVVLW-SNAWJCMRSA-N	Chemical Probes Portal	rating_in_organism	0	4
LLVZBTWPGQVVLW-SNAWJCMRSA-N	Chemical Probes Portal	rating_count	0	3
LLVZBTWPGQVVLW-SNAWJCMRSA-N	Chemical Probes Portal	unsuitable	0	No
LLVZBTWPGQVVLW-SNAWJCMRSA-N	Chemical Probes Portal	pains	0	No
LLVZBTWPGQVVLW-SNAWJCMRSA-N	Chemical Probes Portal	toxicophore	0	No
LLVZBTWPGQVVLW-SNAWJCMRSA-N	Chemical Probes Portal	published_date	0	2015-12-10
LLVZBTWPGQVVLW-SNAWJCMRSA-N	Chemical Probes Portal	canSAR_ID	0	626411
LLVZBTWPGQVVLW-SNAWJCMRSA-N	Chemical Probes Portal	url	0	https://www.chemicalprobes.org/cp-724714
GJFCSAPFHAXMSF-UXBLZVDNSA-N	Chemical Probes Portal	rating_in_cell	0	3.3333333333333335
GJFCSAPFHAXMSF-UXBLZVDNSA-N	Chemical Probes Portal	rating_in_organism	0	2
GJFCSAPFHAXMSF-UXBLZVDNSA-N	Chemical Probes Portal	rating_count	0	3
GJFCSAPFHAXMSF-UXBLZVDNSA-N	Chemical Probes Portal	unsuitable	0	No
GJFCSAPFHAXMSF-UXBLZVDNSA-N	Chemical Probes Portal	pains	0	No
GJFCSAPFHAXMSF-UXBLZVDNSA-N	Chemical Probes Portal	toxicophore	0	Yes
GJFCSAPFHAXMSF-UXBLZVDNSA-N	Chemical Probes Portal	published_date	0	2015-12-10
GJFCSAPFHAXMSF-UXBLZVDNSA-N	Chemical Probes Portal	canSAR_ID	0	774340
GJFCSAPFHAXMSF-UXBLZVDNSA-N	Chemical Probes Portal	url	0	https://www.chemicalprobes.org/jnk-in-8
PNYRDVBFYVDJJI-UHFFFAOYSA-N	Chemical Probes Portal	rating_in_cell	0	2
PNYRDVBFYVDJJI-UHFFFAOYSA-N	Chemical Probes Portal	rating_in_organism	0	0
PNYRDVBFYVDJJI-UHFFFAOYSA-N	Chemical Probes Portal	rating_count	0	3
PNYRDVBFYVDJJI-UHFFFAOYSA-N	Chemical Probes Portal	unsuitable	0	No
PNYRDVBFYVDJJI-UHFFFAOYSA-N	Chemical Probes Portal	pains	0	No
PNYRDVBFYVDJJI-UHFFFAOYSA-N	Chemical Probes Portal	toxicophore	0	No
PNYRDVBFYVDJJI-UHFFFAOYSA-N	Chemical Probes Portal	published_date	0	2015-10-02
PNYRDVBFYVDJJI-UHFFFAOYSA-N	Chemical Probes Portal	canSAR_ID	0	891142
PNYRDVBFYVDJJI-UHFFFAOYSA-N	Chemical Probes Portal	url	0	https://www.chemicalprobes.org/lly-507
VUVUVNZRUGEAHB-CYBMUJFWSA-N	Chemical Probes Portal	rating_in_cell	0	2.6666666666666665
VUVUVNZRUGEAHB-CYBMUJFWSA-N	Chemical Probes Portal	rating_in_organism	0	4
VUVUVNZRUGEAHB-CYBMUJFWSA-N	Chemical Probes Portal	rating_count	0	3
VUVUVNZRUGEAHB-CYBMUJFWSA-N	Chemical Probes Portal	unsuitable	0	No
VUVUVNZRUGEAHB-CYBMUJFWSA-N	Chemical Probes Portal	pains	0	No
VUVUVNZRUGEAHB-CYBMUJFWSA-N	Chemical Probes Portal	toxicophore	0	No
VUVUVNZRUGEAHB-CYBMUJFWSA-N	Chemical Probes Portal	published_date	0	2015-07-16
VUVUVNZRUGEAHB-CYBMUJFWSA-N	Chemical Probes Portal	canSAR_ID	0	375924
VUVUVNZRUGEAHB-CYBMUJFWSA-N	Chemical Probes Portal	url	0	https://www.chemicalprobes.org/i-bet151
ALGHKWSXJUQNJJ-UHFFFAOYSA-N	Chemical Probes Portal	rating_in_cell	0	3
ALGHKWSXJUQNJJ-UHFFFAOYSA-N	Chemical Probes Portal	rating_in_organism	0	3
ALGHKWSXJUQNJJ-UHFFFAOYSA-N	Chemical Probes Portal	rating_count	0	1
ALGHKWSXJUQNJJ-UHFFFAOYSA-N	Chemical Probes Portal	unsuitable	0	No
ALGHKWSXJUQNJJ-UHFFFAOYSA-N	Chemical Probes Portal	pains	0	No
ALGHKWSXJUQNJJ-UHFFFAOYSA-N	Chemical Probes Portal	toxicophore	0	No
ALGHKWSXJUQNJJ-UHFFFAOYSA-N	Chemical Probes Portal	published_date	0	2022-08-03
ALGHKWSXJUQNJJ-UHFFFAOYSA-N	Chemical Probes Portal	canSAR_ID	0	165588
ALGHKWSXJUQNJJ-UHFFFAOYSA-N	Chemical Probes Portal	url	0	https://www.chemicalprobes.org/adl-5747
QPTCYEYTAWEZNT-UHFFFAOYSA-N	Chemical Probes Portal	rating_in_cell	0	3.5
QPTCYEYTAWEZNT-UHFFFAOYSA-N	Chemical Probes Portal	rating_in_organism	0	3
QPTCYEYTAWEZNT-UHFFFAOYSA-N	Chemical Probes Portal	rating_count	0	2
QPTCYEYTAWEZNT-UHFFFAOYSA-N	Chemical Probes Portal	unsuitable	0	No
QPTCYEYTAWEZNT-UHFFFAOYSA-N	Chemical Probes Portal	pains	0	No
QPTCYEYTAWEZNT-UHFFFAOYSA-N	Chemical Probes Portal	toxicophore	0	No
QPTCYEYTAWEZNT-UHFFFAOYSA-N	Chemical Probes Portal	published_date	0	2020-05-29
QPTCYEYTAWEZNT-UHFFFAOYSA-N	Chemical Probes Portal	canSAR_ID	0	2962188
QPTCYEYTAWEZNT-UHFFFAOYSA-N	Chemical Probes Portal	url	0	https://www.chemicalprobes.org/ucsf7447
HNCVDRFFJZJQRW-UHFFFAOYSA-N	Chemical Probes Portal	rating_in_cell	0	3.6666666666666665
HNCVDRFFJZJQRW-UHFFFAOYSA-N	Chemical Probes Portal	rating_in_organism	0	2
HNCVDRFFJZJQRW-UHFFFAOYSA-N	Chemical Probes Portal	rating_count	0	3
HNCVDRFFJZJQRW-UHFFFAOYSA-N	Chemical Probes Portal	unsuitable	0	No
HNCVDRFFJZJQRW-UHFFFAOYSA-N	Chemical Probes Portal	pains	0	No
HNCVDRFFJZJQRW-UHFFFAOYSA-N	Chemical Probes Portal	toxicophore	0	No
HNCVDRFFJZJQRW-UHFFFAOYSA-N	Chemical Probes Portal	published_date	0	2020-11-16
HNCVDRFFJZJQRW-UHFFFAOYSA-N	Chemical Probes Portal	canSAR_ID	0	2863040
HNCVDRFFJZJQRW-UHFFFAOYSA-N	Chemical Probes Portal	url	0	https://www.chemicalprobes.org/th1760
KSERXGMCDHOLSS-LJQANCHMSA-N	Chemical Probes Portal	rating_in_cell	0	0
KSERXGMCDHOLSS-LJQANCHMSA-N	Chemical Probes Portal	rating_in_organism	0	0
KSERXGMCDHOLSS-LJQANCHMSA-N	Chemical Probes Portal	rating_count	0	0
KSERXGMCDHOLSS-LJQANCHMSA-N	Chemical Probes Portal	unsuitable	0	No
KSERXGMCDHOLSS-LJQANCHMSA-N	Chemical Probes Portal	pains	0	No
KSERXGMCDHOLSS-LJQANCHMSA-N	Chemical Probes Portal	toxicophore	0	No
KSERXGMCDHOLSS-LJQANCHMSA-N	Chemical Probes Portal	published_date	0	2022-06-08
KSERXGMCDHOLSS-LJQANCHMSA-N	Chemical Probes Portal	canSAR_ID	0	211897
KSERXGMCDHOLSS-LJQANCHMSA-N	Chemical Probes Portal	url	0	https://www.chemicalprobes.org/ulixertinib
BIAVGWDGIJKWRM-FQEVSTJZSA-N	Chemical Probes Portal	rating_in_cell	0	0
BIAVGWDGIJKWRM-FQEVSTJZSA-N	Chemical Probes Portal	rating_in_organism	0	0
BIAVGWDGIJKWRM-FQEVSTJZSA-N	Chemical Probes Portal	rating_count	0	0
BIAVGWDGIJKWRM-FQEVSTJZSA-N	Chemical Probes Portal	unsuitable	0	No
BIAVGWDGIJKWRM-FQEVSTJZSA-N	Chemical Probes Portal	pains	0	No
BIAVGWDGIJKWRM-FQEVSTJZSA-N	Chemical Probes Portal	toxicophore	0	No
BIAVGWDGIJKWRM-FQEVSTJZSA-N	Chemical Probes Portal	published_date	0	2022-10-20
BIAVGWDGIJKWRM-FQEVSTJZSA-N	Chemical Probes Portal	canSAR_ID	0	141783
BIAVGWDGIJKWRM-FQEVSTJZSA-N	Chemical Probes Portal	url	0	https://www.chemicalprobes.org/talnetant
WRCGBYNVBFVRTN-UHFFFAOYSA-N	Chemical Probes Portal	rating_in_cell	0	0
WRCGBYNVBFVRTN-UHFFFAOYSA-N	Chemical Probes Portal	rating_in_organism	0	0
WRCGBYNVBFVRTN-UHFFFAOYSA-N	Chemical Probes Portal	rating_count	0	0
WRCGBYNVBFVRTN-UHFFFAOYSA-N	Chemical Probes Portal	unsuitable	0	No
WRCGBYNVBFVRTN-UHFFFAOYSA-N	Chemical Probes Portal	pains	0	No
WRCGBYNVBFVRTN-UHFFFAOYSA-N	Chemical Probes Portal	toxicophore	0	No
WRCGBYNVBFVRTN-UHFFFAOYSA-N	Chemical Probes Portal	published_date	0	2022-03-19
WRCGBYNVBFVRTN-UHFFFAOYSA-N	Chemical Probes Portal	canSAR_ID	0	3445205
WRCGBYNVBFVRTN-UHFFFAOYSA-N	Chemical Probes Portal	url	0	https://www.chemicalprobes.org/bo-264
XNULRSOGWPFPBL-REWPJTCUSA-N	Chemical Probes Portal	rating_in_cell	0	4
XNULRSOGWPFPBL-REWPJTCUSA-N	Chemical Probes Portal	rating_in_organism	0	3
XNULRSOGWPFPBL-REWPJTCUSA-N	Chemical Probes Portal	rating_count	0	1
XNULRSOGWPFPBL-REWPJTCUSA-N	Chemical Probes Portal	unsuitable	0	No
XNULRSOGWPFPBL-REWPJTCUSA-N	Chemical Probes Portal	pains	0	No
XNULRSOGWPFPBL-REWPJTCUSA-N	Chemical Probes Portal	toxicophore	0	No
XNULRSOGWPFPBL-REWPJTCUSA-N	Chemical Probes Portal	published_date	0	2022-05-24
XNULRSOGWPFPBL-REWPJTCUSA-N	Chemical Probes Portal	canSAR_ID	0	263441
XNULRSOGWPFPBL-REWPJTCUSA-N	Chemical Probes Portal	url	0	https://www.chemicalprobes.org/pf-03882845
ADZBMFGQQWPHMJ-RHSMWYFYSA-N	Chemical Probes Portal	rating_in_cell	0	0
ADZBMFGQQWPHMJ-RHSMWYFYSA-N	Chemical Probes Portal	rating_in_organism	0	0
ADZBMFGQQWPHMJ-RHSMWYFYSA-N	Chemical Probes Portal	rating_count	0	0
ADZBMFGQQWPHMJ-RHSMWYFYSA-N	Chemical Probes Portal	unsuitable	0	No
ADZBMFGQQWPHMJ-RHSMWYFYSA-N	Chemical Probes Portal	pains	0	No
ADZBMFGQQWPHMJ-RHSMWYFYSA-N	Chemical Probes Portal	toxicophore	0	No
ADZBMFGQQWPHMJ-RHSMWYFYSA-N	Chemical Probes Portal	published_date	0	2022-09-23
ADZBMFGQQWPHMJ-RHSMWYFYSA-N	Chemical Probes Portal	canSAR_ID	0	139722
ADZBMFGQQWPHMJ-RHSMWYFYSA-N	Chemical Probes Portal	url	0	https://www.chemicalprobes.org/sotuletinib
KYOIGHSNTIJBPW-UHFFFAOYSA-N	Chemical Probes Portal	rating_in_cell	0	2.6666666666666665
KYOIGHSNTIJBPW-UHFFFAOYSA-N	Chemical Probes Portal	rating_in_organism	0	0
KYOIGHSNTIJBPW-UHFFFAOYSA-N	Chemical Probes Portal	rating_count	0	3
KYOIGHSNTIJBPW-UHFFFAOYSA-N	Chemical Probes Portal	unsuitable	0	No
KYOIGHSNTIJBPW-UHFFFAOYSA-N	Chemical Probes Portal	pains	0	No
KYOIGHSNTIJBPW-UHFFFAOYSA-N	Chemical Probes Portal	toxicophore	0	No
KYOIGHSNTIJBPW-UHFFFAOYSA-N	Chemical Probes Portal	published_date	0	2020-07-07
KYOIGHSNTIJBPW-UHFFFAOYSA-N	Chemical Probes Portal	canSAR_ID	0	1687445
KYOIGHSNTIJBPW-UHFFFAOYSA-N	Chemical Probes Portal	url	0	https://www.chemicalprobes.org/ruski-201
ILOIOIGZFHGSMS-UHFFFAOYSA-N	Chemical Probes Portal	rating_in_cell	0	3
ILOIOIGZFHGSMS-UHFFFAOYSA-N	Chemical Probes Portal	rating_in_organism	0	0
ILOIOIGZFHGSMS-UHFFFAOYSA-N	Chemical Probes Portal	rating_count	0	1
ILOIOIGZFHGSMS-UHFFFAOYSA-N	Chemical Probes Portal	unsuitable	0	No
ILOIOIGZFHGSMS-UHFFFAOYSA-N	Chemical Probes Portal	pains	0	No
ILOIOIGZFHGSMS-UHFFFAOYSA-N	Chemical Probes Portal	toxicophore	0	No
ILOIOIGZFHGSMS-UHFFFAOYSA-N	Chemical Probes Portal	published_date	0	2022-08-03
ILOIOIGZFHGSMS-UHFFFAOYSA-N	Chemical Probes Portal	canSAR_ID	0	1591631
ILOIOIGZFHGSMS-UHFFFAOYSA-N	Chemical Probes Portal	url	0	https://www.chemicalprobes.org/ol-135
FROGGFONBYACJB-KRWDZBQOSA-N	Chemical Probes Portal	rating_in_cell	0	2
FROGGFONBYACJB-KRWDZBQOSA-N	Chemical Probes Portal	rating_in_organism	0	2
FROGGFONBYACJB-KRWDZBQOSA-N	Chemical Probes Portal	rating_count	0	2
FROGGFONBYACJB-KRWDZBQOSA-N	Chemical Probes Portal	unsuitable	0	No
FROGGFONBYACJB-KRWDZBQOSA-N	Chemical Probes Portal	pains	0	No
FROGGFONBYACJB-KRWDZBQOSA-N	Chemical Probes Portal	toxicophore	0	No
FROGGFONBYACJB-KRWDZBQOSA-N	Chemical Probes Portal	published_date	0	2022-06-08
FROGGFONBYACJB-KRWDZBQOSA-N	Chemical Probes Portal	canSAR_ID	0	1447040
FROGGFONBYACJB-KRWDZBQOSA-N	Chemical Probes Portal	url	0	https://www.chemicalprobes.org/ml252
UQZCQKXJAXKZQH-LBPRGKRZSA-N	Chemical Probes Portal	rating_in_cell	0	4
UQZCQKXJAXKZQH-LBPRGKRZSA-N	Chemical Probes Portal	rating_in_organism	0	4
UQZCQKXJAXKZQH-LBPRGKRZSA-N	Chemical Probes Portal	rating_count	0	1
UQZCQKXJAXKZQH-LBPRGKRZSA-N	Chemical Probes Portal	unsuitable	0	No
UQZCQKXJAXKZQH-LBPRGKRZSA-N	Chemical Probes Portal	pains	0	No
UQZCQKXJAXKZQH-LBPRGKRZSA-N	Chemical Probes Portal	toxicophore	0	No
UQZCQKXJAXKZQH-LBPRGKRZSA-N	Chemical Probes Portal	published_date	0	2022-10-05
UQZCQKXJAXKZQH-LBPRGKRZSA-N	Chemical Probes Portal	canSAR_ID	0	3319306
UQZCQKXJAXKZQH-LBPRGKRZSA-N	Chemical Probes Portal	url	0	https://www.chemicalprobes.org/rbn-2397
JZCWLJDSIRUGIN-UHFFFAOYSA-N	Chemical Probes Portal	rating_in_cell	0	0
JZCWLJDSIRUGIN-UHFFFAOYSA-N	Chemical Probes Portal	rating_in_organism	0	0
JZCWLJDSIRUGIN-UHFFFAOYSA-N	Chemical Probes Portal	rating_count	0	0
JZCWLJDSIRUGIN-UHFFFAOYSA-N	Chemical Probes Portal	unsuitable	0	No
JZCWLJDSIRUGIN-UHFFFAOYSA-N	Chemical Probes Portal	pains	0	No
JZCWLJDSIRUGIN-UHFFFAOYSA-N	Chemical Probes Portal	toxicophore	0	No
JZCWLJDSIRUGIN-UHFFFAOYSA-N	Chemical Probes Portal	published_date	0	2022-06-08
JZCWLJDSIRUGIN-UHFFFAOYSA-N	Chemical Probes Portal	canSAR_ID	0	527711
JZCWLJDSIRUGIN-UHFFFAOYSA-N	Chemical Probes Portal	url	0	https://www.chemicalprobes.org/berzosertib
LCFFREMLXLZNHE-GBOLQPHISA-N	Chemical Probes Portal	rating_in_cell	0	0
LCFFREMLXLZNHE-GBOLQPHISA-N	Chemical Probes Portal	rating_in_organism	0	0
LCFFREMLXLZNHE-GBOLQPHISA-N	Chemical Probes Portal	rating_count	0	0
LCFFREMLXLZNHE-GBOLQPHISA-N	Chemical Probes Portal	unsuitable	0	No
LCFFREMLXLZNHE-GBOLQPHISA-N	Chemical Probes Portal	pains	0	No
LCFFREMLXLZNHE-GBOLQPHISA-N	Chemical Probes Portal	toxicophore	0	Yes
LCFFREMLXLZNHE-GBOLQPHISA-N	Chemical Probes Portal	published_date	0	2022-06-08
LCFFREMLXLZNHE-GBOLQPHISA-N	Chemical Probes Portal	canSAR_ID	0	943370
LCFFREMLXLZNHE-GBOLQPHISA-N	Chemical Probes Portal	url	0	https://www.chemicalprobes.org/rilzabrutinib
FUIYMYNYUHVDPT-HDJSIYSDSA-N	Chemical Probes Portal	rating_in_cell	0	3
FUIYMYNYUHVDPT-HDJSIYSDSA-N	Chemical Probes Portal	rating_in_organism	0	3
FUIYMYNYUHVDPT-HDJSIYSDSA-N	Chemical Probes Portal	rating_count	0	1
FUIYMYNYUHVDPT-HDJSIYSDSA-N	Chemical Probes Portal	unsuitable	0	No
FUIYMYNYUHVDPT-HDJSIYSDSA-N	Chemical Probes Portal	pains	0	No
FUIYMYNYUHVDPT-HDJSIYSDSA-N	Chemical Probes Portal	toxicophore	0	No
FUIYMYNYUHVDPT-HDJSIYSDSA-N	Chemical Probes Portal	published_date	0	2022-06-08
FUIYMYNYUHVDPT-HDJSIYSDSA-N	Chemical Probes Portal	canSAR_ID	0	161110
FUIYMYNYUHVDPT-HDJSIYSDSA-N	Chemical Probes Portal	url	0	https://www.chemicalprobes.org/t863
XOPYFXBZMVTEJF-PDACKIITSA-N	Chemical Probes Portal	rating_in_cell	0	3
XOPYFXBZMVTEJF-PDACKIITSA-N	Chemical Probes Portal	rating_in_organism	0	0
XOPYFXBZMVTEJF-PDACKIITSA-N	Chemical Probes Portal	rating_count	0	3
XOPYFXBZMVTEJF-PDACKIITSA-N	Chemical Probes Portal	unsuitable	0	No
XOPYFXBZMVTEJF-PDACKIITSA-N	Chemical Probes Portal	pains	0	No
XOPYFXBZMVTEJF-PDACKIITSA-N	Chemical Probes Portal	toxicophore	0	Yes
XOPYFXBZMVTEJF-PDACKIITSA-N	Chemical Probes Portal	published_date	0	2017-07-17
XOPYFXBZMVTEJF-PDACKIITSA-N	Chemical Probes Portal	canSAR_ID	0	924789
XOPYFXBZMVTEJF-PDACKIITSA-N	Chemical Probes Portal	url	0	https://www.chemicalprobes.org/eleutherobin
CSWHYHPUEDNIQY-UHFFFAOYSA-N	Chemical Probes Portal	rating_in_cell	0	0
CSWHYHPUEDNIQY-UHFFFAOYSA-N	Chemical Probes Portal	rating_in_organism	0	0
CSWHYHPUEDNIQY-UHFFFAOYSA-N	Chemical Probes Portal	rating_count	0	0
CSWHYHPUEDNIQY-UHFFFAOYSA-N	Chemical Probes Portal	unsuitable	0	Yes
CSWHYHPUEDNIQY-UHFFFAOYSA-N	Chemical Probes Portal	pains	0	No
CSWHYHPUEDNIQY-UHFFFAOYSA-N	Chemical Probes Portal	toxicophore	0	No
CSWHYHPUEDNIQY-UHFFFAOYSA-N	Chemical Probes Portal	published_date	0	2022-09-21
CSWHYHPUEDNIQY-UHFFFAOYSA-N	Chemical Probes Portal	canSAR_ID	0	1610895
CSWHYHPUEDNIQY-UHFFFAOYSA-N	Chemical Probes Portal	url	0	https://www.chemicalprobes.org/unsuitables/ihap1
PHCFSFBQEROREL-BQBZGAKWSA-N	Chemical Probes Portal	rating_in_cell	0	0
PHCFSFBQEROREL-BQBZGAKWSA-N	Chemical Probes Portal	rating_in_organism	0	0
PHCFSFBQEROREL-BQBZGAKWSA-N	Chemical Probes Portal	rating_count	0	0
PHCFSFBQEROREL-BQBZGAKWSA-N	Chemical Probes Portal	unsuitable	0	Yes
PHCFSFBQEROREL-BQBZGAKWSA-N	Chemical Probes Portal	pains	0	No
PHCFSFBQEROREL-BQBZGAKWSA-N	Chemical Probes Portal	toxicophore	0	Yes
PHCFSFBQEROREL-BQBZGAKWSA-N	Chemical Probes Portal	published_date	0	2021-03-29
PHCFSFBQEROREL-BQBZGAKWSA-N	Chemical Probes Portal	canSAR_ID	0	27596
PHCFSFBQEROREL-BQBZGAKWSA-N	Chemical Probes Portal	url	0	https://www.chemicalprobes.org/unsuitables/talabostat
WGKGADVPRVLHHZ-ZHRMCQFGSA-N	Chemical Probes Portal	rating_in_cell	0	0
WGKGADVPRVLHHZ-ZHRMCQFGSA-N	Chemical Probes Portal	rating_in_organism	0	0
WGKGADVPRVLHHZ-ZHRMCQFGSA-N	Chemical Probes Portal	rating_count	0	0
WGKGADVPRVLHHZ-ZHRMCQFGSA-N	Chemical Probes Portal	unsuitable	0	Yes
WGKGADVPRVLHHZ-ZHRMCQFGSA-N	Chemical Probes Portal	pains	0	No
WGKGADVPRVLHHZ-ZHRMCQFGSA-N	Chemical Probes Portal	toxicophore	0	No
WGKGADVPRVLHHZ-ZHRMCQFGSA-N	Chemical Probes Portal	published_date	0	2022-09-21
WGKGADVPRVLHHZ-ZHRMCQFGSA-N	Chemical Probes Portal	canSAR_ID	0	2912974
WGKGADVPRVLHHZ-ZHRMCQFGSA-N	Chemical Probes Portal	url	0	https://www.chemicalprobes.org/unsuitables/dt-061
QMGUOJYZJKLOLH-UHFFFAOYSA-N	Chemical Probes Portal	rating_in_cell	0	0
QMGUOJYZJKLOLH-UHFFFAOYSA-N	Chemical Probes Portal	rating_in_organism	0	0
QMGUOJYZJKLOLH-UHFFFAOYSA-N	Chemical Probes Portal	rating_count	0	0
QMGUOJYZJKLOLH-UHFFFAOYSA-N	Chemical Probes Portal	unsuitable	0	Yes
QMGUOJYZJKLOLH-UHFFFAOYSA-N	Chemical Probes Portal	pains	0	No
QMGUOJYZJKLOLH-UHFFFAOYSA-N	Chemical Probes Portal	toxicophore	0	Yes
QMGUOJYZJKLOLH-UHFFFAOYSA-N	Chemical Probes Portal	published_date	0	2017-07-20
QMGUOJYZJKLOLH-UHFFFAOYSA-N	Chemical Probes Portal	canSAR_ID	0	321917
QMGUOJYZJKLOLH-UHFFFAOYSA-N	Chemical Probes Portal	url	0	https://www.chemicalprobes.org/unsuitables/gf109203x
GRTDDIZIUSADLD-CRAIPNDOSA-N	Chemical Probes Portal	rating_in_cell	0	4
GRTDDIZIUSADLD-CRAIPNDOSA-N	Chemical Probes Portal	rating_in_organism	0	4
GRTDDIZIUSADLD-CRAIPNDOSA-N	Chemical Probes Portal	rating_count	0	2
GRTDDIZIUSADLD-CRAIPNDOSA-N	Chemical Probes Portal	unsuitable	0	No
GRTDDIZIUSADLD-CRAIPNDOSA-N	Chemical Probes Portal	pains	0	No
GRTDDIZIUSADLD-CRAIPNDOSA-N	Chemical Probes Portal	toxicophore	0	No
GRTDDIZIUSADLD-CRAIPNDOSA-N	Chemical Probes Portal	published_date	0	2022-10-21
GRTDDIZIUSADLD-CRAIPNDOSA-N	Chemical Probes Portal	canSAR_ID	0	485193
GRTDDIZIUSADLD-CRAIPNDOSA-N	Chemical Probes Portal	url	0	https://www.chemicalprobes.org/sph3127
OXQNLLVUVDAEHC-OAQYLSRUSA-N	Chemical Probes Portal	rating_in_cell	0	3
OXQNLLVUVDAEHC-OAQYLSRUSA-N	Chemical Probes Portal	rating_in_organism	0	0
OXQNLLVUVDAEHC-OAQYLSRUSA-N	Chemical Probes Portal	rating_count	0	1
OXQNLLVUVDAEHC-OAQYLSRUSA-N	Chemical Probes Portal	unsuitable	0	No
OXQNLLVUVDAEHC-OAQYLSRUSA-N	Chemical Probes Portal	pains	0	No
OXQNLLVUVDAEHC-OAQYLSRUSA-N	Chemical Probes Portal	toxicophore	0	No
OXQNLLVUVDAEHC-OAQYLSRUSA-N	Chemical Probes Portal	published_date	0	2022-11-21
OXQNLLVUVDAEHC-OAQYLSRUSA-N	Chemical Probes Portal	canSAR_ID	0	454716
OXQNLLVUVDAEHC-OAQYLSRUSA-N	Chemical Probes Portal	url	0	https://www.chemicalprobes.org/ml277
PKNYXWMTHFMHKD-UHFFFAOYSA-N	Chemical Probes Portal	rating_in_cell	0	3
PKNYXWMTHFMHKD-UHFFFAOYSA-N	Chemical Probes Portal	rating_in_organism	0	3
PKNYXWMTHFMHKD-UHFFFAOYSA-N	Chemical Probes Portal	rating_count	0	2
PKNYXWMTHFMHKD-UHFFFAOYSA-N	Chemical Probes Portal	unsuitable	0	No
PKNYXWMTHFMHKD-UHFFFAOYSA-N	Chemical Probes Portal	pains	0	No
PKNYXWMTHFMHKD-UHFFFAOYSA-N	Chemical Probes Portal	toxicophore	0	No
PKNYXWMTHFMHKD-UHFFFAOYSA-N	Chemical Probes Portal	published_date	0	2022-11-07
PKNYXWMTHFMHKD-UHFFFAOYSA-N	Chemical Probes Portal	canSAR_ID	0	614275
PKNYXWMTHFMHKD-UHFFFAOYSA-N	Chemical Probes Portal	url	0	https://www.chemicalprobes.org/gw7647
HRJWSEPIRZRGCL-UHFFFAOYSA-N	Chemical Probes Portal	rating_in_cell	0	2.5
HRJWSEPIRZRGCL-UHFFFAOYSA-N	Chemical Probes Portal	rating_in_organism	0	0
HRJWSEPIRZRGCL-UHFFFAOYSA-N	Chemical Probes Portal	rating_count	0	2
HRJWSEPIRZRGCL-UHFFFAOYSA-N	Chemical Probes Portal	unsuitable	0	No
HRJWSEPIRZRGCL-UHFFFAOYSA-N	Chemical Probes Portal	pains	0	No
HRJWSEPIRZRGCL-UHFFFAOYSA-N	Chemical Probes Portal	toxicophore	0	No
HRJWSEPIRZRGCL-UHFFFAOYSA-N	Chemical Probes Portal	published_date	0	2022-11-07
HRJWSEPIRZRGCL-UHFFFAOYSA-N	Chemical Probes Portal	canSAR_ID	0	882128
HRJWSEPIRZRGCL-UHFFFAOYSA-N	Chemical Probes Portal	url	0	https://www.chemicalprobes.org/hami3379
KBFUQFVFYYBHBT-UHFFFAOYSA-N	Chemical Probes Portal	rating_in_cell	0	3.5
KBFUQFVFYYBHBT-UHFFFAOYSA-N	Chemical Probes Portal	rating_in_organism	0	0
KBFUQFVFYYBHBT-UHFFFAOYSA-N	Chemical Probes Portal	rating_count	0	2
KBFUQFVFYYBHBT-UHFFFAOYSA-N	Chemical Probes Portal	unsuitable	0	No
KBFUQFVFYYBHBT-UHFFFAOYSA-N	Chemical Probes Portal	pains	0	No
KBFUQFVFYYBHBT-UHFFFAOYSA-N	Chemical Probes Portal	toxicophore	0	No
KBFUQFVFYYBHBT-UHFFFAOYSA-N	Chemical Probes Portal	published_date	0	2022-11-03
KBFUQFVFYYBHBT-UHFFFAOYSA-N	Chemical Probes Portal	canSAR_ID	0	1605420
KBFUQFVFYYBHBT-UHFFFAOYSA-N	Chemical Probes Portal	url	0	https://www.chemicalprobes.org/tram-34
OYUDYQMFVRHPIY-UHFFFAOYSA-N	Chemical Probes Portal	rating_in_cell	0	2
OYUDYQMFVRHPIY-UHFFFAOYSA-N	Chemical Probes Portal	rating_in_organism	0	4
OYUDYQMFVRHPIY-UHFFFAOYSA-N	Chemical Probes Portal	rating_count	0	1
OYUDYQMFVRHPIY-UHFFFAOYSA-N	Chemical Probes Portal	unsuitable	0	No
OYUDYQMFVRHPIY-UHFFFAOYSA-N	Chemical Probes Portal	pains	0	No
OYUDYQMFVRHPIY-UHFFFAOYSA-N	Chemical Probes Portal	toxicophore	0	Yes
OYUDYQMFVRHPIY-UHFFFAOYSA-N	Chemical Probes Portal	published_date	0	2022-08-03
OYUDYQMFVRHPIY-UHFFFAOYSA-N	Chemical Probes Portal	canSAR_ID	0	3622973
OYUDYQMFVRHPIY-UHFFFAOYSA-N	Chemical Probes Portal	url	0	https://www.chemicalprobes.org/bms-820132
USHQRIKZLHNPQR-JTQLQIEISA-N	Chemical Probes Portal	rating_in_cell	0	4
USHQRIKZLHNPQR-JTQLQIEISA-N	Chemical Probes Portal	rating_in_organism	0	4
USHQRIKZLHNPQR-JTQLQIEISA-N	Chemical Probes Portal	rating_count	0	2
USHQRIKZLHNPQR-JTQLQIEISA-N	Chemical Probes Portal	unsuitable	0	No
USHQRIKZLHNPQR-JTQLQIEISA-N	Chemical Probes Portal	pains	0	No
USHQRIKZLHNPQR-JTQLQIEISA-N	Chemical Probes Portal	toxicophore	0	No
USHQRIKZLHNPQR-JTQLQIEISA-N	Chemical Probes Portal	published_date	0	2022-10-21
USHQRIKZLHNPQR-JTQLQIEISA-N	Chemical Probes Portal	canSAR_ID	0	2975052
USHQRIKZLHNPQR-JTQLQIEISA-N	Chemical Probes Portal	url	0	https://www.chemicalprobes.org/icenticaftor
PQUGCKBLVKJMNT-UHFFFAOYSA-N	Chemical Probes Portal	rating_in_cell	0	4
PQUGCKBLVKJMNT-UHFFFAOYSA-N	Chemical Probes Portal	rating_in_organism	0	3
PQUGCKBLVKJMNT-UHFFFAOYSA-N	Chemical Probes Portal	rating_count	0	1
PQUGCKBLVKJMNT-UHFFFAOYSA-N	Chemical Probes Portal	unsuitable	0	No
PQUGCKBLVKJMNT-UHFFFAOYSA-N	Chemical Probes Portal	pains	0	No
PQUGCKBLVKJMNT-UHFFFAOYSA-N	Chemical Probes Portal	toxicophore	0	No
PQUGCKBLVKJMNT-UHFFFAOYSA-N	Chemical Probes Portal	published_date	0	2022-07-12
PQUGCKBLVKJMNT-UHFFFAOYSA-N	Chemical Probes Portal	canSAR_ID	0	1483595
PQUGCKBLVKJMNT-UHFFFAOYSA-N	Chemical Probes Portal	url	0	https://www.chemicalprobes.org/sc-560
QGZYDVAGYRLSKP-UHFFFAOYSA-N	Chemical Probes Portal	rating_in_cell	0	0
QGZYDVAGYRLSKP-UHFFFAOYSA-N	Chemical Probes Portal	rating_in_organism	0	0
QGZYDVAGYRLSKP-UHFFFAOYSA-N	Chemical Probes Portal	rating_count	0	0
QGZYDVAGYRLSKP-UHFFFAOYSA-N	Chemical Probes Portal	unsuitable	0	Yes
QGZYDVAGYRLSKP-UHFFFAOYSA-N	Chemical Probes Portal	pains	0	No
QGZYDVAGYRLSKP-UHFFFAOYSA-N	Chemical Probes Portal	toxicophore	0	Yes
QGZYDVAGYRLSKP-UHFFFAOYSA-N	Chemical Probes Portal	published_date	0	2023-01-12
QGZYDVAGYRLSKP-UHFFFAOYSA-N	Chemical Probes Portal	canSAR_ID	0	3450665
QGZYDVAGYRLSKP-UHFFFAOYSA-N	Chemical Probes Portal	url	0	https://www.chemicalprobes.org/unsuitables/ricolinostat
WWOOWAHTEXIWBO-QFRSUPTLSA-N	Chemical Probes Portal	rating_in_cell	0	4
WWOOWAHTEXIWBO-QFRSUPTLSA-N	Chemical Probes Portal	rating_in_organism	0	4
WWOOWAHTEXIWBO-QFRSUPTLSA-N	Chemical Probes Portal	rating_count	0	1
WWOOWAHTEXIWBO-QFRSUPTLSA-N	Chemical Probes Portal	unsuitable	0	No
WWOOWAHTEXIWBO-QFRSUPTLSA-N	Chemical Probes Portal	pains	0	No
WWOOWAHTEXIWBO-QFRSUPTLSA-N	Chemical Probes Portal	toxicophore	0	No
WWOOWAHTEXIWBO-QFRSUPTLSA-N	Chemical Probes Portal	published_date	0	2022-12-20
WWOOWAHTEXIWBO-QFRSUPTLSA-N	Chemical Probes Portal	canSAR_ID	0	1684099
WWOOWAHTEXIWBO-QFRSUPTLSA-N	Chemical Probes Portal	url	0	https://www.chemicalprobes.org/lly-283
WULUGQONDYDNKY-UHFFFAOYSA-N	Chemical Probes Portal	rating_in_cell	0	0
WULUGQONDYDNKY-UHFFFAOYSA-N	Chemical Probes Portal	rating_in_organism	0	0
WULUGQONDYDNKY-UHFFFAOYSA-N	Chemical Probes Portal	rating_count	0	0
WULUGQONDYDNKY-UHFFFAOYSA-N	Chemical Probes Portal	unsuitable	0	No
WULUGQONDYDNKY-UHFFFAOYSA-N	Chemical Probes Portal	pains	0	No
WULUGQONDYDNKY-UHFFFAOYSA-N	Chemical Probes Portal	toxicophore	0	No
WULUGQONDYDNKY-UHFFFAOYSA-N	Chemical Probes Portal	published_date	0	2023-01-26
WULUGQONDYDNKY-UHFFFAOYSA-N	Chemical Probes Portal	canSAR_ID	0	2843074
WULUGQONDYDNKY-UHFFFAOYSA-N	Chemical Probes Portal	url	0	https://www.chemicalprobes.org/bi-1347
CJAQCMBWGUOBIX-ZUQRMPMESA-M	Chemical Probes Portal	rating_in_cell	0	3
CJAQCMBWGUOBIX-ZUQRMPMESA-M	Chemical Probes Portal	rating_in_organism	0	0
CJAQCMBWGUOBIX-ZUQRMPMESA-M	Chemical Probes Portal	rating_count	0	1
CJAQCMBWGUOBIX-ZUQRMPMESA-M	Chemical Probes Portal	unsuitable	0	No
CJAQCMBWGUOBIX-ZUQRMPMESA-M	Chemical Probes Portal	pains	0	No
CJAQCMBWGUOBIX-ZUQRMPMESA-M	Chemical Probes Portal	toxicophore	0	Yes
CJAQCMBWGUOBIX-ZUQRMPMESA-M	Chemical Probes Portal	published_date	0	2022-11-15
CJAQCMBWGUOBIX-ZUQRMPMESA-M	Chemical Probes Portal	canSAR_ID	0	584508
CJAQCMBWGUOBIX-ZUQRMPMESA-M	Chemical Probes Portal	url	0	https://www.chemicalprobes.org/ml154
YEVOZZZLKJKCCD-UHFFFAOYSA-N	Chemical Probes Portal	rating_in_cell	0	4
YEVOZZZLKJKCCD-UHFFFAOYSA-N	Chemical Probes Portal	rating_in_organism	0	3
YEVOZZZLKJKCCD-UHFFFAOYSA-N	Chemical Probes Portal	rating_count	0	1
YEVOZZZLKJKCCD-UHFFFAOYSA-N	Chemical Probes Portal	unsuitable	0	No
YEVOZZZLKJKCCD-UHFFFAOYSA-N	Chemical Probes Portal	pains	0	No
YEVOZZZLKJKCCD-UHFFFAOYSA-N	Chemical Probes Portal	toxicophore	0	No
YEVOZZZLKJKCCD-UHFFFAOYSA-N	Chemical Probes Portal	published_date	0	2022-11-09
YEVOZZZLKJKCCD-UHFFFAOYSA-N	Chemical Probes Portal	canSAR_ID	0	1750413
YEVOZZZLKJKCCD-UHFFFAOYSA-N	Chemical Probes Portal	url	0	https://www.chemicalprobes.org/hg-10-102-01
PRNXOFBDXNTIFG-FQEVSTJZSA-N	Chemical Probes Portal	rating_in_cell	0	3
PRNXOFBDXNTIFG-FQEVSTJZSA-N	Chemical Probes Portal	rating_in_organism	0	3
PRNXOFBDXNTIFG-FQEVSTJZSA-N	Chemical Probes Portal	rating_count	0	1
PRNXOFBDXNTIFG-FQEVSTJZSA-N	Chemical Probes Portal	unsuitable	0	No
PRNXOFBDXNTIFG-FQEVSTJZSA-N	Chemical Probes Portal	pains	0	No
PRNXOFBDXNTIFG-FQEVSTJZSA-N	Chemical Probes Portal	toxicophore	0	No
PRNXOFBDXNTIFG-FQEVSTJZSA-N	Chemical Probes Portal	published_date	0	2023-01-26
PRNXOFBDXNTIFG-FQEVSTJZSA-N	Chemical Probes Portal	canSAR_ID	0	619815
PRNXOFBDXNTIFG-FQEVSTJZSA-N	Chemical Probes Portal	url	0	https://www.chemicalprobes.org/azd3965
PQOOIERVZAXHBP-UHFFFAOYSA-N	Chemical Probes Portal	rating_in_cell	0	4
PQOOIERVZAXHBP-UHFFFAOYSA-N	Chemical Probes Portal	rating_in_organism	0	3
PQOOIERVZAXHBP-UHFFFAOYSA-N	Chemical Probes Portal	rating_count	0	3
PQOOIERVZAXHBP-UHFFFAOYSA-N	Chemical Probes Portal	unsuitable	0	No
PQOOIERVZAXHBP-UHFFFAOYSA-N	Chemical Probes Portal	pains	0	No
PQOOIERVZAXHBP-UHFFFAOYSA-N	Chemical Probes Portal	toxicophore	0	No
PQOOIERVZAXHBP-UHFFFAOYSA-N	Chemical Probes Portal	published_date	0	2015-10-02
PQOOIERVZAXHBP-UHFFFAOYSA-N	Chemical Probes Portal	canSAR_ID	0	878173
PQOOIERVZAXHBP-UHFFFAOYSA-N	Chemical Probes Portal	url	0	https://www.chemicalprobes.org/unc1215
COOGVHJHSCBOQT-MRVPVSSYSA-N	Chemical Probes Portal	rating_in_cell	0	0
COOGVHJHSCBOQT-MRVPVSSYSA-N	Chemical Probes Portal	rating_in_organism	0	0
COOGVHJHSCBOQT-MRVPVSSYSA-N	Chemical Probes Portal	rating_count	0	0
COOGVHJHSCBOQT-MRVPVSSYSA-N	Chemical Probes Portal	unsuitable	0	No
COOGVHJHSCBOQT-MRVPVSSYSA-N	Chemical Probes Portal	pains	0	No
COOGVHJHSCBOQT-MRVPVSSYSA-N	Chemical Probes Portal	toxicophore	0	No
COOGVHJHSCBOQT-MRVPVSSYSA-N	Chemical Probes Portal	published_date	0	2022-09-20
COOGVHJHSCBOQT-MRVPVSSYSA-N	Chemical Probes Portal	canSAR_ID	0	90095
COOGVHJHSCBOQT-MRVPVSSYSA-N	Chemical Probes Portal	url	0	https://www.chemicalprobes.org/jnj-39758979
DLNFTRSEHUWEGO-HUUCEWRRSA-N	Chemical Probes Portal	rating_in_cell	0	3
DLNFTRSEHUWEGO-HUUCEWRRSA-N	Chemical Probes Portal	rating_in_organism	0	3
DLNFTRSEHUWEGO-HUUCEWRRSA-N	Chemical Probes Portal	rating_count	0	2
DLNFTRSEHUWEGO-HUUCEWRRSA-N	Chemical Probes Portal	unsuitable	0	No
DLNFTRSEHUWEGO-HUUCEWRRSA-N	Chemical Probes Portal	pains	0	No
DLNFTRSEHUWEGO-HUUCEWRRSA-N	Chemical Probes Portal	toxicophore	0	No
DLNFTRSEHUWEGO-HUUCEWRRSA-N	Chemical Probes Portal	published_date	0	2022-03-25
DLNFTRSEHUWEGO-HUUCEWRRSA-N	Chemical Probes Portal	canSAR_ID	0	3550552
DLNFTRSEHUWEGO-HUUCEWRRSA-N	Chemical Probes Portal	url	0	https://www.chemicalprobes.org/a-446
LIIWIMDSZVNYHY-UHFFFAOYSA-N	Chemical Probes Portal	rating_in_cell	0	3
LIIWIMDSZVNYHY-UHFFFAOYSA-N	Chemical Probes Portal	rating_in_organism	0	2.6666666666666665
LIIWIMDSZVNYHY-UHFFFAOYSA-N	Chemical Probes Portal	rating_count	0	3
LIIWIMDSZVNYHY-UHFFFAOYSA-N	Chemical Probes Portal	unsuitable	0	No
LIIWIMDSZVNYHY-UHFFFAOYSA-N	Chemical Probes Portal	pains	0	No
LIIWIMDSZVNYHY-UHFFFAOYSA-N	Chemical Probes Portal	toxicophore	0	Yes
LIIWIMDSZVNYHY-UHFFFAOYSA-N	Chemical Probes Portal	published_date	0	2017-04-10
LIIWIMDSZVNYHY-UHFFFAOYSA-N	Chemical Probes Portal	canSAR_ID	0	1227519
LIIWIMDSZVNYHY-UHFFFAOYSA-N	Chemical Probes Portal	url	0	https://www.chemicalprobes.org/acy-738
PDMXSCCBEBCTGX-UHFFFAOYSA-N	Chemical Probes Portal	rating_in_cell	0	2
PDMXSCCBEBCTGX-UHFFFAOYSA-N	Chemical Probes Portal	rating_in_organism	0	2
PDMXSCCBEBCTGX-UHFFFAOYSA-N	Chemical Probes Portal	rating_count	0	1
PDMXSCCBEBCTGX-UHFFFAOYSA-N	Chemical Probes Portal	unsuitable	0	No
PDMXSCCBEBCTGX-UHFFFAOYSA-N	Chemical Probes Portal	pains	0	No
PDMXSCCBEBCTGX-UHFFFAOYSA-N	Chemical Probes Portal	toxicophore	0	Yes
PDMXSCCBEBCTGX-UHFFFAOYSA-N	Chemical Probes Portal	published_date	0	2022-10-05
PDMXSCCBEBCTGX-UHFFFAOYSA-N	Chemical Probes Portal	canSAR_ID	0	316006
PDMXSCCBEBCTGX-UHFFFAOYSA-N	Chemical Probes Portal	url	0	https://www.chemicalprobes.org/hsl-in-1
QBIGUDRHHJTXKG-UUWRZZSWSA-N	Chemical Probes Portal	rating_in_cell	0	0
QBIGUDRHHJTXKG-UUWRZZSWSA-N	Chemical Probes Portal	rating_in_organism	0	0
QBIGUDRHHJTXKG-UUWRZZSWSA-N	Chemical Probes Portal	rating_count	0	0
QBIGUDRHHJTXKG-UUWRZZSWSA-N	Chemical Probes Portal	unsuitable	0	No
QBIGUDRHHJTXKG-UUWRZZSWSA-N	Chemical Probes Portal	pains	0	No
QBIGUDRHHJTXKG-UUWRZZSWSA-N	Chemical Probes Portal	toxicophore	0	No
QBIGUDRHHJTXKG-UUWRZZSWSA-N	Chemical Probes Portal	published_date	0	2022-03-25
QBIGUDRHHJTXKG-UUWRZZSWSA-N	Chemical Probes Portal	canSAR_ID	0	3550546
QBIGUDRHHJTXKG-UUWRZZSWSA-N	Chemical Probes Portal	url	0	https://www.chemicalprobes.org/jnj-54119936
JYTISQGEFSHUIR-UHFFFAOYSA-N	Chemical Probes Portal	rating_in_cell	0	3
JYTISQGEFSHUIR-UHFFFAOYSA-N	Chemical Probes Portal	rating_in_organism	0	0
JYTISQGEFSHUIR-UHFFFAOYSA-N	Chemical Probes Portal	rating_count	0	2
JYTISQGEFSHUIR-UHFFFAOYSA-N	Chemical Probes Portal	unsuitable	0	No
JYTISQGEFSHUIR-UHFFFAOYSA-N	Chemical Probes Portal	pains	0	No
JYTISQGEFSHUIR-UHFFFAOYSA-N	Chemical Probes Portal	toxicophore	0	No
JYTISQGEFSHUIR-UHFFFAOYSA-N	Chemical Probes Portal	published_date	0	2022-03-22
JYTISQGEFSHUIR-UHFFFAOYSA-N	Chemical Probes Portal	canSAR_ID	0	3550557
JYTISQGEFSHUIR-UHFFFAOYSA-N	Chemical Probes Portal	url	0	https://www.chemicalprobes.org/nvs-bptf-1
GRXCLNMCJWKTAT-UHFFFAOYSA-N	Chemical Probes Portal	rating_in_cell	0	0
GRXCLNMCJWKTAT-UHFFFAOYSA-N	Chemical Probes Portal	rating_in_organism	0	0
GRXCLNMCJWKTAT-UHFFFAOYSA-N	Chemical Probes Portal	rating_count	0	0
GRXCLNMCJWKTAT-UHFFFAOYSA-N	Chemical Probes Portal	unsuitable	0	No
GRXCLNMCJWKTAT-UHFFFAOYSA-N	Chemical Probes Portal	pains	0	No
GRXCLNMCJWKTAT-UHFFFAOYSA-N	Chemical Probes Portal	toxicophore	0	No
GRXCLNMCJWKTAT-UHFFFAOYSA-N	Chemical Probes Portal	published_date	0	2022-07-08
GRXCLNMCJWKTAT-UHFFFAOYSA-N	Chemical Probes Portal	canSAR_ID	0	536599
GRXCLNMCJWKTAT-UHFFFAOYSA-N	Chemical Probes Portal	url	0	https://www.chemicalprobes.org/pf-06471553
VGRLXWFIXGZRMS-UHFFFAOYSA-N	Chemical Probes Portal	rating_in_cell	0	0
VGRLXWFIXGZRMS-UHFFFAOYSA-N	Chemical Probes Portal	rating_in_organism	0	0
VGRLXWFIXGZRMS-UHFFFAOYSA-N	Chemical Probes Portal	rating_count	0	0
VGRLXWFIXGZRMS-UHFFFAOYSA-N	Chemical Probes Portal	unsuitable	0	No
VGRLXWFIXGZRMS-UHFFFAOYSA-N	Chemical Probes Portal	pains	0	No
VGRLXWFIXGZRMS-UHFFFAOYSA-N	Chemical Probes Portal	toxicophore	0	No
VGRLXWFIXGZRMS-UHFFFAOYSA-N	Chemical Probes Portal	published_date	0	2022-03-25
VGRLXWFIXGZRMS-UHFFFAOYSA-N	Chemical Probes Portal	canSAR_ID	0	3511561
VGRLXWFIXGZRMS-UHFFFAOYSA-N	Chemical Probes Portal	url	0	https://www.chemicalprobes.org/pfi-653
PGKXDIMONUAMFR-AREMUKBSSA-N	Chemical Probes Portal	rating_in_cell	0	0
PGKXDIMONUAMFR-AREMUKBSSA-N	Chemical Probes Portal	rating_in_organism	0	0
PGKXDIMONUAMFR-AREMUKBSSA-N	Chemical Probes Portal	rating_count	0	0
PGKXDIMONUAMFR-AREMUKBSSA-N	Chemical Probes Portal	unsuitable	0	No
PGKXDIMONUAMFR-AREMUKBSSA-N	Chemical Probes Portal	pains	0	No
PGKXDIMONUAMFR-AREMUKBSSA-N	Chemical Probes Portal	toxicophore	0	No
PGKXDIMONUAMFR-AREMUKBSSA-N	Chemical Probes Portal	published_date	0	2022-08-03
PGKXDIMONUAMFR-AREMUKBSSA-N	Chemical Probes Portal	canSAR_ID	0	759847
PGKXDIMONUAMFR-AREMUKBSSA-N	Chemical Probes Portal	url	0	https://www.chemicalprobes.org/saredutant
PWKAYICUBVNJAZ-UHFFFAOYSA-N	Chemical Probes Portal	rating_in_cell	0	0
PWKAYICUBVNJAZ-UHFFFAOYSA-N	Chemical Probes Portal	rating_in_organism	0	0
PWKAYICUBVNJAZ-UHFFFAOYSA-N	Chemical Probes Portal	rating_count	0	0
PWKAYICUBVNJAZ-UHFFFAOYSA-N	Chemical Probes Portal	unsuitable	0	No
PWKAYICUBVNJAZ-UHFFFAOYSA-N	Chemical Probes Portal	pains	0	No
PWKAYICUBVNJAZ-UHFFFAOYSA-N	Chemical Probes Portal	toxicophore	0	No
PWKAYICUBVNJAZ-UHFFFAOYSA-N	Chemical Probes Portal	published_date	0	2022-03-25
PWKAYICUBVNJAZ-UHFFFAOYSA-N	Chemical Probes Portal	canSAR_ID	0	3550547
PWKAYICUBVNJAZ-UHFFFAOYSA-N	Chemical Probes Portal	url	0	https://www.chemicalprobes.org/tp-040
MSTXJJGAXXJCBY-UHFFFAOYSA-N	Chemical Probes Portal	rating_in_cell	0	3.5
MSTXJJGAXXJCBY-UHFFFAOYSA-N	Chemical Probes Portal	rating_in_organism	0	3
MSTXJJGAXXJCBY-UHFFFAOYSA-N	Chemical Probes Portal	rating_count	0	2
MSTXJJGAXXJCBY-UHFFFAOYSA-N	Chemical Probes Portal	unsuitable	0	No
MSTXJJGAXXJCBY-UHFFFAOYSA-N	Chemical Probes Portal	pains	0	No
MSTXJJGAXXJCBY-UHFFFAOYSA-N	Chemical Probes Portal	toxicophore	0	No
MSTXJJGAXXJCBY-UHFFFAOYSA-N	Chemical Probes Portal	published_date	0	2022-08-03
MSTXJJGAXXJCBY-UHFFFAOYSA-N	Chemical Probes Portal	canSAR_ID	0	520081
MSTXJJGAXXJCBY-UHFFFAOYSA-N	Chemical Probes Portal	url	0	https://www.chemicalprobes.org/vu0364739
VHSVKVWHYFBIFJ-HKZYLEAXSA-N	Chemical Probes Portal	rating_in_cell	0	0
VHSVKVWHYFBIFJ-HKZYLEAXSA-N	Chemical Probes Portal	rating_in_organism	0	0
VHSVKVWHYFBIFJ-HKZYLEAXSA-N	Chemical Probes Portal	rating_count	0	0
VHSVKVWHYFBIFJ-HKZYLEAXSA-N	Chemical Probes Portal	unsuitable	0	No
VHSVKVWHYFBIFJ-HKZYLEAXSA-N	Chemical Probes Portal	pains	0	Yes
VHSVKVWHYFBIFJ-HKZYLEAXSA-N	Chemical Probes Portal	toxicophore	0	No
VHSVKVWHYFBIFJ-HKZYLEAXSA-N	Chemical Probes Portal	published_date	0	2023-02-13
VHSVKVWHYFBIFJ-HKZYLEAXSA-N	Chemical Probes Portal	canSAR_ID	0	1714743
VHSVKVWHYFBIFJ-HKZYLEAXSA-N	Chemical Probes Portal	url	0	https://www.chemicalprobes.org/lns8801
IVDUVEGCMXCMSO-FQEVSTJZSA-N	Chemical Probes Portal	rating_in_cell	0	4
IVDUVEGCMXCMSO-FQEVSTJZSA-N	Chemical Probes Portal	rating_in_organism	0	3
IVDUVEGCMXCMSO-FQEVSTJZSA-N	Chemical Probes Portal	rating_count	0	1
IVDUVEGCMXCMSO-FQEVSTJZSA-N	Chemical Probes Portal	unsuitable	0	No
IVDUVEGCMXCMSO-FQEVSTJZSA-N	Chemical Probes Portal	pains	0	No
IVDUVEGCMXCMSO-FQEVSTJZSA-N	Chemical Probes Portal	toxicophore	0	No
IVDUVEGCMXCMSO-FQEVSTJZSA-N	Chemical Probes Portal	published_date	0	2023-01-24
IVDUVEGCMXCMSO-FQEVSTJZSA-N	Chemical Probes Portal	canSAR_ID	0	392882
IVDUVEGCMXCMSO-FQEVSTJZSA-N	Chemical Probes Portal	url	0	https://www.chemicalprobes.org/gsk2830371
WOAOENGFAAUUGT-UHFFFAOYSA-N	Chemical Probes Portal	rating_in_cell	0	4
WOAOENGFAAUUGT-UHFFFAOYSA-N	Chemical Probes Portal	rating_in_organism	0	0
WOAOENGFAAUUGT-UHFFFAOYSA-N	Chemical Probes Portal	rating_count	0	1
WOAOENGFAAUUGT-UHFFFAOYSA-N	Chemical Probes Portal	unsuitable	0	No
WOAOENGFAAUUGT-UHFFFAOYSA-N	Chemical Probes Portal	pains	0	No
WOAOENGFAAUUGT-UHFFFAOYSA-N	Chemical Probes Portal	toxicophore	0	No
WOAOENGFAAUUGT-UHFFFAOYSA-N	Chemical Probes Portal	published_date	0	2023-01-23
WOAOENGFAAUUGT-UHFFFAOYSA-N	Chemical Probes Portal	canSAR_ID	0	2842990
WOAOENGFAAUUGT-UHFFFAOYSA-N	Chemical Probes Portal	url	0	https://www.chemicalprobes.org/bi-9321
HRJWTAWVFDCTGO-UHFFFAOYSA-N	Chemical Probes Portal	rating_in_cell	0	2
HRJWTAWVFDCTGO-UHFFFAOYSA-N	Chemical Probes Portal	rating_in_organism	0	1
HRJWTAWVFDCTGO-UHFFFAOYSA-N	Chemical Probes Portal	rating_count	0	1
HRJWTAWVFDCTGO-UHFFFAOYSA-N	Chemical Probes Portal	unsuitable	0	No
HRJWTAWVFDCTGO-UHFFFAOYSA-N	Chemical Probes Portal	pains	0	No
HRJWTAWVFDCTGO-UHFFFAOYSA-N	Chemical Probes Portal	toxicophore	0	Yes
HRJWTAWVFDCTGO-UHFFFAOYSA-N	Chemical Probes Portal	published_date	0	2023-01-24
HRJWTAWVFDCTGO-UHFFFAOYSA-N	Chemical Probes Portal	canSAR_ID	0	760641
HRJWTAWVFDCTGO-UHFFFAOYSA-N	Chemical Probes Portal	url	0	https://www.chemicalprobes.org/ly2090314
BZZKEPGENYLQSC-FIBGUPNXSA-N	Chemical Probes Portal	rating_in_cell	0	4
BZZKEPGENYLQSC-FIBGUPNXSA-N	Chemical Probes Portal	rating_in_organism	0	3.5
BZZKEPGENYLQSC-FIBGUPNXSA-N	Chemical Probes Portal	rating_count	0	2
BZZKEPGENYLQSC-FIBGUPNXSA-N	Chemical Probes Portal	unsuitable	0	No
BZZKEPGENYLQSC-FIBGUPNXSA-N	Chemical Probes Portal	pains	0	No
BZZKEPGENYLQSC-FIBGUPNXSA-N	Chemical Probes Portal	toxicophore	0	No
BZZKEPGENYLQSC-FIBGUPNXSA-N	Chemical Probes Portal	published_date	0	2023-01-25
BZZKEPGENYLQSC-FIBGUPNXSA-N	Chemical Probes Portal	canSAR_ID	0	3129874
BZZKEPGENYLQSC-FIBGUPNXSA-N	Chemical Probes Portal	url	0	https://www.chemicalprobes.org/deucravacitinib
XUKUURHRXDUEBC-KAYWLYCHSA-N	Chemical Probes Portal	rating_in_cell	0	0
XUKUURHRXDUEBC-KAYWLYCHSA-N	Chemical Probes Portal	rating_in_organism	0	0
XUKUURHRXDUEBC-KAYWLYCHSA-N	Chemical Probes Portal	rating_count	0	0
XUKUURHRXDUEBC-KAYWLYCHSA-N	Chemical Probes Portal	unsuitable	0	No
XUKUURHRXDUEBC-KAYWLYCHSA-N	Chemical Probes Portal	pains	0	No
XUKUURHRXDUEBC-KAYWLYCHSA-N	Chemical Probes Portal	toxicophore	0	No
XUKUURHRXDUEBC-KAYWLYCHSA-N	Chemical Probes Portal	published_date	0	2017-07-19
XUKUURHRXDUEBC-KAYWLYCHSA-N	Chemical Probes Portal	canSAR_ID	0	840349
XUKUURHRXDUEBC-KAYWLYCHSA-N	Chemical Probes Portal	url	0	https://www.chemicalprobes.org/atorvastatin
WDHOIABIERMLGY-CMJOXMDJSA-N	Chemical Probes Portal	rating_in_cell	0	0
WDHOIABIERMLGY-CMJOXMDJSA-N	Chemical Probes Portal	rating_in_organism	0	0
WDHOIABIERMLGY-CMJOXMDJSA-N	Chemical Probes Portal	rating_count	0	0
WDHOIABIERMLGY-CMJOXMDJSA-N	Chemical Probes Portal	unsuitable	0	No
WDHOIABIERMLGY-CMJOXMDJSA-N	Chemical Probes Portal	pains	0	No
WDHOIABIERMLGY-CMJOXMDJSA-N	Chemical Probes Portal	toxicophore	0	No
WDHOIABIERMLGY-CMJOXMDJSA-N	Chemical Probes Portal	published_date	0	2021-08-11
WDHOIABIERMLGY-CMJOXMDJSA-N	Chemical Probes Portal	canSAR_ID	0	3323307
WDHOIABIERMLGY-CMJOXMDJSA-N	Chemical Probes Portal	url	0	https://www.chemicalprobes.org/azd9833
YTINZZFBHWSAGL-NDEPHWFRSA-N	Chemical Probes Portal	rating_in_cell	0	3
YTINZZFBHWSAGL-NDEPHWFRSA-N	Chemical Probes Portal	rating_in_organism	0	3
YTINZZFBHWSAGL-NDEPHWFRSA-N	Chemical Probes Portal	rating_count	0	2
YTINZZFBHWSAGL-NDEPHWFRSA-N	Chemical Probes Portal	unsuitable	0	No
YTINZZFBHWSAGL-NDEPHWFRSA-N	Chemical Probes Portal	pains	0	No
YTINZZFBHWSAGL-NDEPHWFRSA-N	Chemical Probes Portal	toxicophore	0	No
YTINZZFBHWSAGL-NDEPHWFRSA-N	Chemical Probes Portal	published_date	0	2022-10-21
YTINZZFBHWSAGL-NDEPHWFRSA-N	Chemical Probes Portal	canSAR_ID	0	3339798
YTINZZFBHWSAGL-NDEPHWFRSA-N	Chemical Probes Portal	url	0	https://www.chemicalprobes.org/mezigdomide
VNCIWNGCMAKKEO-UHFFFAOYSA-N	Chemical Probes Portal	rating_in_cell	0	3.6666666666666665
VNCIWNGCMAKKEO-UHFFFAOYSA-N	Chemical Probes Portal	rating_in_organism	0	0
VNCIWNGCMAKKEO-UHFFFAOYSA-N	Chemical Probes Portal	rating_count	0	3
VNCIWNGCMAKKEO-UHFFFAOYSA-N	Chemical Probes Portal	unsuitable	0	No
VNCIWNGCMAKKEO-UHFFFAOYSA-N	Chemical Probes Portal	pains	0	No
VNCIWNGCMAKKEO-UHFFFAOYSA-N	Chemical Probes Portal	toxicophore	0	No
VNCIWNGCMAKKEO-UHFFFAOYSA-N	Chemical Probes Portal	published_date	0	2023-01-26
VNCIWNGCMAKKEO-UHFFFAOYSA-N	Chemical Probes Portal	canSAR_ID	0	3590579
VNCIWNGCMAKKEO-UHFFFAOYSA-N	Chemical Probes Portal	url	0	https://www.chemicalprobes.org/th257
OBKXEAXTFZPCHS-UHFFFAOYSA-N	Chemical Probes Portal	rating_in_cell	0	0
OBKXEAXTFZPCHS-UHFFFAOYSA-N	Chemical Probes Portal	rating_in_organism	0	0
OBKXEAXTFZPCHS-UHFFFAOYSA-N	Chemical Probes Portal	rating_count	0	0
OBKXEAXTFZPCHS-UHFFFAOYSA-N	Chemical Probes Portal	unsuitable	0	Yes
OBKXEAXTFZPCHS-UHFFFAOYSA-N	Chemical Probes Portal	pains	0	No
OBKXEAXTFZPCHS-UHFFFAOYSA-N	Chemical Probes Portal	toxicophore	0	No
OBKXEAXTFZPCHS-UHFFFAOYSA-N	Chemical Probes Portal	published_date	0	2023-03-31
OBKXEAXTFZPCHS-UHFFFAOYSA-N	Chemical Probes Portal	canSAR_ID	0	7664
OBKXEAXTFZPCHS-UHFFFAOYSA-N	Chemical Probes Portal	url	0	https://www.chemicalprobes.org/unsuitables/phenylbutyrate
VRQMAABPASPXMW-HDICACEKSA-N	Chemical Probes Portal	rating_in_cell	0	3.5
VRQMAABPASPXMW-HDICACEKSA-N	Chemical Probes Portal	rating_in_organism	0	4
VRQMAABPASPXMW-HDICACEKSA-N	Chemical Probes Portal	rating_count	0	2
VRQMAABPASPXMW-HDICACEKSA-N	Chemical Probes Portal	unsuitable	0	No
VRQMAABPASPXMW-HDICACEKSA-N	Chemical Probes Portal	pains	0	No
VRQMAABPASPXMW-HDICACEKSA-N	Chemical Probes Portal	toxicophore	0	No
VRQMAABPASPXMW-HDICACEKSA-N	Chemical Probes Portal	published_date	0	2020-12-03
VRQMAABPASPXMW-HDICACEKSA-N	Chemical Probes Portal	canSAR_ID	0	2011599
VRQMAABPASPXMW-HDICACEKSA-N	Chemical Probes Portal	url	0	https://www.chemicalprobes.org/azd4547
AVKAVKZKOFSSMY-DEOSSOPVSA-N	Chemical Probes Portal	rating_in_cell	0	3
AVKAVKZKOFSSMY-DEOSSOPVSA-N	Chemical Probes Portal	rating_in_organism	0	0
AVKAVKZKOFSSMY-DEOSSOPVSA-N	Chemical Probes Portal	rating_count	0	2
AVKAVKZKOFSSMY-DEOSSOPVSA-N	Chemical Probes Portal	unsuitable	0	No
AVKAVKZKOFSSMY-DEOSSOPVSA-N	Chemical Probes Portal	pains	0	No
AVKAVKZKOFSSMY-DEOSSOPVSA-N	Chemical Probes Portal	toxicophore	0	No
AVKAVKZKOFSSMY-DEOSSOPVSA-N	Chemical Probes Portal	published_date	0	2023-01-25
AVKAVKZKOFSSMY-DEOSSOPVSA-N	Chemical Probes Portal	canSAR_ID	0	2920724
AVKAVKZKOFSSMY-DEOSSOPVSA-N	Chemical Probes Portal	url	0	https://www.chemicalprobes.org/pfi-5
QGNDVASWIHEXCL-AWEZNQCLSA-N	Chemical Probes Portal	rating_in_cell	0	3.5
QGNDVASWIHEXCL-AWEZNQCLSA-N	Chemical Probes Portal	rating_in_organism	0	0
QGNDVASWIHEXCL-AWEZNQCLSA-N	Chemical Probes Portal	rating_count	0	2
QGNDVASWIHEXCL-AWEZNQCLSA-N	Chemical Probes Portal	unsuitable	0	No
QGNDVASWIHEXCL-AWEZNQCLSA-N	Chemical Probes Portal	pains	0	No
QGNDVASWIHEXCL-AWEZNQCLSA-N	Chemical Probes Portal	toxicophore	0	No
QGNDVASWIHEXCL-AWEZNQCLSA-N	Chemical Probes Portal	published_date	0	2021-03-16
QGNDVASWIHEXCL-AWEZNQCLSA-N	Chemical Probes Portal	canSAR_ID	0	3210317
QGNDVASWIHEXCL-AWEZNQCLSA-N	Chemical Probes Portal	url	0	https://www.chemicalprobes.org/sgc-imllt
QCIJLRJBZDBVDB-UHFFFAOYSA-N	Chemical Probes Portal	rating_in_cell	0	3.3333333333333335
QCIJLRJBZDBVDB-UHFFFAOYSA-N	Chemical Probes Portal	rating_in_organism	0	0
QCIJLRJBZDBVDB-UHFFFAOYSA-N	Chemical Probes Portal	rating_count	0	3
QCIJLRJBZDBVDB-UHFFFAOYSA-N	Chemical Probes Portal	unsuitable	0	No
QCIJLRJBZDBVDB-UHFFFAOYSA-N	Chemical Probes Portal	pains	0	No
QCIJLRJBZDBVDB-UHFFFAOYSA-N	Chemical Probes Portal	toxicophore	0	No
QCIJLRJBZDBVDB-UHFFFAOYSA-N	Chemical Probes Portal	published_date	0	2022-06-13
QCIJLRJBZDBVDB-UHFFFAOYSA-N	Chemical Probes Portal	canSAR_ID	0	120324
QCIJLRJBZDBVDB-UHFFFAOYSA-N	Chemical Probes Portal	url	0	https://www.chemicalprobes.org/pfi-4
ZKIRTFGYQVXNGL-UHFFFAOYSA-N	Chemical Probes Portal	rating_in_cell	0	3.5
ZKIRTFGYQVXNGL-UHFFFAOYSA-N	Chemical Probes Portal	rating_in_organism	0	0
ZKIRTFGYQVXNGL-UHFFFAOYSA-N	Chemical Probes Portal	rating_count	0	2
ZKIRTFGYQVXNGL-UHFFFAOYSA-N	Chemical Probes Portal	unsuitable	0	No
ZKIRTFGYQVXNGL-UHFFFAOYSA-N	Chemical Probes Portal	pains	0	No
ZKIRTFGYQVXNGL-UHFFFAOYSA-N	Chemical Probes Portal	toxicophore	0	No
ZKIRTFGYQVXNGL-UHFFFAOYSA-N	Chemical Probes Portal	published_date	0	2023-01-26
ZKIRTFGYQVXNGL-UHFFFAOYSA-N	Chemical Probes Portal	canSAR_ID	0	750804
ZKIRTFGYQVXNGL-UHFFFAOYSA-N	Chemical Probes Portal	url	0	https://www.chemicalprobes.org/gne-886
AQTNUGRRZDRZIA-UHFFFAOYSA-N	Chemical Probes Portal	rating_in_cell	0	3.6666666666666665
AQTNUGRRZDRZIA-UHFFFAOYSA-N	Chemical Probes Portal	rating_in_organism	0	0
AQTNUGRRZDRZIA-UHFFFAOYSA-N	Chemical Probes Portal	rating_count	0	3
AQTNUGRRZDRZIA-UHFFFAOYSA-N	Chemical Probes Portal	unsuitable	0	No
AQTNUGRRZDRZIA-UHFFFAOYSA-N	Chemical Probes Portal	pains	0	No
AQTNUGRRZDRZIA-UHFFFAOYSA-N	Chemical Probes Portal	toxicophore	0	No
AQTNUGRRZDRZIA-UHFFFAOYSA-N	Chemical Probes Portal	published_date	0	2021-02-26
AQTNUGRRZDRZIA-UHFFFAOYSA-N	Chemical Probes Portal	canSAR_ID	0	3059760
AQTNUGRRZDRZIA-UHFFFAOYSA-N	Chemical Probes Portal	url	0	https://www.chemicalprobes.org/sgc-smarca-brdviii
RZFJBSIAXYEPBX-UHFFFAOYSA-N	Chemical Probes Portal	rating_in_cell	0	3
RZFJBSIAXYEPBX-UHFFFAOYSA-N	Chemical Probes Portal	rating_in_organism	0	0
RZFJBSIAXYEPBX-UHFFFAOYSA-N	Chemical Probes Portal	rating_count	0	3
RZFJBSIAXYEPBX-UHFFFAOYSA-N	Chemical Probes Portal	unsuitable	0	No
RZFJBSIAXYEPBX-UHFFFAOYSA-N	Chemical Probes Portal	pains	0	No
RZFJBSIAXYEPBX-UHFFFAOYSA-N	Chemical Probes Portal	toxicophore	0	No
RZFJBSIAXYEPBX-UHFFFAOYSA-N	Chemical Probes Portal	published_date	0	2022-10-17
RZFJBSIAXYEPBX-UHFFFAOYSA-N	Chemical Probes Portal	canSAR_ID	0	867113
RZFJBSIAXYEPBX-UHFFFAOYSA-N	Chemical Probes Portal	url	0	https://www.chemicalprobes.org/smg1i
IXWUILRSNIQHDM-QGZVFWFLSA-N	Chemical Probes Portal	rating_in_cell	0	3
IXWUILRSNIQHDM-QGZVFWFLSA-N	Chemical Probes Portal	rating_in_organism	0	0
IXWUILRSNIQHDM-QGZVFWFLSA-N	Chemical Probes Portal	rating_count	0	1
IXWUILRSNIQHDM-QGZVFWFLSA-N	Chemical Probes Portal	unsuitable	0	No
IXWUILRSNIQHDM-QGZVFWFLSA-N	Chemical Probes Portal	pains	0	No
IXWUILRSNIQHDM-QGZVFWFLSA-N	Chemical Probes Portal	toxicophore	0	No
IXWUILRSNIQHDM-QGZVFWFLSA-N	Chemical Probes Portal	published_date	0	2021-03-16
IXWUILRSNIQHDM-QGZVFWFLSA-N	Chemical Probes Portal	canSAR_ID	0	3313071
IXWUILRSNIQHDM-QGZVFWFLSA-N	Chemical Probes Portal	url	0	https://www.chemicalprobes.org/pfi-6
INAICWLVUAKEPB-QSTFCLMHSA-N	Chemical Probes Portal	rating_in_cell	0	3.3333333333333335
INAICWLVUAKEPB-QSTFCLMHSA-N	Chemical Probes Portal	rating_in_organism	0	2
INAICWLVUAKEPB-QSTFCLMHSA-N	Chemical Probes Portal	rating_count	0	3
INAICWLVUAKEPB-QSTFCLMHSA-N	Chemical Probes Portal	unsuitable	0	No
INAICWLVUAKEPB-QSTFCLMHSA-N	Chemical Probes Portal	pains	0	No
INAICWLVUAKEPB-QSTFCLMHSA-N	Chemical Probes Portal	toxicophore	0	Yes
INAICWLVUAKEPB-QSTFCLMHSA-N	Chemical Probes Portal	published_date	0	2017-03-07
INAICWLVUAKEPB-QSTFCLMHSA-N	Chemical Probes Portal	canSAR_ID	0	1574321
INAICWLVUAKEPB-QSTFCLMHSA-N	Chemical Probes Portal	url	0	https://www.chemicalprobes.org/pfi-3
GWGNPYYVGANHRJ-GDBMZVCRSA-N	Chemical Probes Portal	rating_in_cell	0	2
GWGNPYYVGANHRJ-GDBMZVCRSA-N	Chemical Probes Portal	rating_in_organism	0	0
GWGNPYYVGANHRJ-GDBMZVCRSA-N	Chemical Probes Portal	rating_count	0	1
GWGNPYYVGANHRJ-GDBMZVCRSA-N	Chemical Probes Portal	unsuitable	0	No
GWGNPYYVGANHRJ-GDBMZVCRSA-N	Chemical Probes Portal	pains	0	No
GWGNPYYVGANHRJ-GDBMZVCRSA-N	Chemical Probes Portal	toxicophore	0	No
GWGNPYYVGANHRJ-GDBMZVCRSA-N	Chemical Probes Portal	published_date	0	2017-07-20
GWGNPYYVGANHRJ-GDBMZVCRSA-N	Chemical Probes Portal	canSAR_ID	0	232973
GWGNPYYVGANHRJ-GDBMZVCRSA-N	Chemical Probes Portal	url	0	https://www.chemicalprobes.org/imr-687
AUOSKLDNVNGKRR-UHFFFAOYSA-N	Chemical Probes Portal	rating_in_cell	0	3
AUOSKLDNVNGKRR-UHFFFAOYSA-N	Chemical Probes Portal	rating_in_organism	0	0
AUOSKLDNVNGKRR-UHFFFAOYSA-N	Chemical Probes Portal	rating_count	0	3
AUOSKLDNVNGKRR-UHFFFAOYSA-N	Chemical Probes Portal	unsuitable	0	No
AUOSKLDNVNGKRR-UHFFFAOYSA-N	Chemical Probes Portal	pains	0	No
AUOSKLDNVNGKRR-UHFFFAOYSA-N	Chemical Probes Portal	toxicophore	0	No
AUOSKLDNVNGKRR-UHFFFAOYSA-N	Chemical Probes Portal	published_date	0	2022-06-08
AUOSKLDNVNGKRR-UHFFFAOYSA-N	Chemical Probes Portal	canSAR_ID	0	3137904
AUOSKLDNVNGKRR-UHFFFAOYSA-N	Chemical Probes Portal	url	0	https://www.chemicalprobes.org/sgc-gak-1
KGXBCWANASZZQG-UHFFFAOYSA-N	Chemical Probes Portal	rating_in_cell	0	3.6666666666666665
KGXBCWANASZZQG-UHFFFAOYSA-N	Chemical Probes Portal	rating_in_organism	0	0
KGXBCWANASZZQG-UHFFFAOYSA-N	Chemical Probes Portal	rating_count	0	3
KGXBCWANASZZQG-UHFFFAOYSA-N	Chemical Probes Portal	unsuitable	0	No
KGXBCWANASZZQG-UHFFFAOYSA-N	Chemical Probes Portal	pains	0	No
KGXBCWANASZZQG-UHFFFAOYSA-N	Chemical Probes Portal	toxicophore	0	No
KGXBCWANASZZQG-UHFFFAOYSA-N	Chemical Probes Portal	published_date	0	2022-12-20
KGXBCWANASZZQG-UHFFFAOYSA-N	Chemical Probes Portal	canSAR_ID	0	837250
KGXBCWANASZZQG-UHFFFAOYSA-N	Chemical Probes Portal	url	0	https://www.chemicalprobes.org/fmf-03-145-1
ZRTFTZCKJUNZIU-HNNXBMFYSA-N	Chemical Probes Portal	rating_in_cell	0	3.6666666666666665
ZRTFTZCKJUNZIU-HNNXBMFYSA-N	Chemical Probes Portal	rating_in_organism	0	0
ZRTFTZCKJUNZIU-HNNXBMFYSA-N	Chemical Probes Portal	rating_count	0	3
ZRTFTZCKJUNZIU-HNNXBMFYSA-N	Chemical Probes Portal	unsuitable	0	No
ZRTFTZCKJUNZIU-HNNXBMFYSA-N	Chemical Probes Portal	pains	0	No
ZRTFTZCKJUNZIU-HNNXBMFYSA-N	Chemical Probes Portal	toxicophore	0	No
ZRTFTZCKJUNZIU-HNNXBMFYSA-N	Chemical Probes Portal	published_date	0	2021-03-16
ZRTFTZCKJUNZIU-HNNXBMFYSA-N	Chemical Probes Portal	canSAR_ID	0	3313072
ZRTFTZCKJUNZIU-HNNXBMFYSA-N	Chemical Probes Portal	url	0	https://www.chemicalprobes.org/nvs-mllt-1
CZKPAGLXQOQNEI-UHFFFAOYSA-N	Chemical Probes Portal	rating_in_cell	0	1
CZKPAGLXQOQNEI-UHFFFAOYSA-N	Chemical Probes Portal	rating_in_organism	0	1
CZKPAGLXQOQNEI-UHFFFAOYSA-N	Chemical Probes Portal	rating_count	0	3
CZKPAGLXQOQNEI-UHFFFAOYSA-N	Chemical Probes Portal	unsuitable	0	No
CZKPAGLXQOQNEI-UHFFFAOYSA-N	Chemical Probes Portal	pains	0	No
CZKPAGLXQOQNEI-UHFFFAOYSA-N	Chemical Probes Portal	toxicophore	0	Yes
CZKPAGLXQOQNEI-UHFFFAOYSA-N	Chemical Probes Portal	published_date	0	2017-06-27
CZKPAGLXQOQNEI-UHFFFAOYSA-N	Chemical Probes Portal	canSAR_ID	0	2982640
CZKPAGLXQOQNEI-UHFFFAOYSA-N	Chemical Probes Portal	url	0	https://www.chemicalprobes.org/ttt20171
JKJMWHULJIOKPJ-UHFFFAOYSA-N	Chemical Probes Portal	rating_in_cell	0	3
JKJMWHULJIOKPJ-UHFFFAOYSA-N	Chemical Probes Portal	rating_in_organism	0	2
JKJMWHULJIOKPJ-UHFFFAOYSA-N	Chemical Probes Portal	rating_count	0	1
JKJMWHULJIOKPJ-UHFFFAOYSA-N	Chemical Probes Portal	unsuitable	0	No
JKJMWHULJIOKPJ-UHFFFAOYSA-N	Chemical Probes Portal	pains	0	No
JKJMWHULJIOKPJ-UHFFFAOYSA-N	Chemical Probes Portal	toxicophore	0	No
JKJMWHULJIOKPJ-UHFFFAOYSA-N	Chemical Probes Portal	published_date	0	2023-02-13
JKJMWHULJIOKPJ-UHFFFAOYSA-N	Chemical Probes Portal	canSAR_ID	0	457169
JKJMWHULJIOKPJ-UHFFFAOYSA-N	Chemical Probes Portal	url	0	https://www.chemicalprobes.org/kt109
TXJZRSRTYPUYRW-GHTZIAJQSA-N	Chemical Probes Portal	rating_in_cell	0	2.25
TXJZRSRTYPUYRW-GHTZIAJQSA-N	Chemical Probes Portal	rating_in_organism	0	2
TXJZRSRTYPUYRW-GHTZIAJQSA-N	Chemical Probes Portal	rating_count	0	4
TXJZRSRTYPUYRW-GHTZIAJQSA-N	Chemical Probes Portal	unsuitable	0	No
TXJZRSRTYPUYRW-GHTZIAJQSA-N	Chemical Probes Portal	pains	0	Yes
TXJZRSRTYPUYRW-GHTZIAJQSA-N	Chemical Probes Portal	toxicophore	0	Yes
TXJZRSRTYPUYRW-GHTZIAJQSA-N	Chemical Probes Portal	published_date	0	2016-10-14
TXJZRSRTYPUYRW-GHTZIAJQSA-N	Chemical Probes Portal	canSAR_ID	0	387211
TXJZRSRTYPUYRW-GHTZIAJQSA-N	Chemical Probes Portal	url	0	https://www.chemicalprobes.org/rsl3
DGEZNRSVGBDHLK-UHFFFAOYSA-N	Chemical Probes Portal	rating_in_cell	0	0
DGEZNRSVGBDHLK-UHFFFAOYSA-N	Chemical Probes Portal	rating_in_organism	0	0
DGEZNRSVGBDHLK-UHFFFAOYSA-N	Chemical Probes Portal	rating_count	0	0
DGEZNRSVGBDHLK-UHFFFAOYSA-N	Chemical Probes Portal	unsuitable	0	Yes
DGEZNRSVGBDHLK-UHFFFAOYSA-N	Chemical Probes Portal	pains	0	No
DGEZNRSVGBDHLK-UHFFFAOYSA-N	Chemical Probes Portal	toxicophore	0	No
DGEZNRSVGBDHLK-UHFFFAOYSA-N	Chemical Probes Portal	published_date	0	2023-05-09
DGEZNRSVGBDHLK-UHFFFAOYSA-N	Chemical Probes Portal	canSAR_ID	0	31029
DGEZNRSVGBDHLK-UHFFFAOYSA-N	Chemical Probes Portal	url	0	https://www.chemicalprobes.org/unsuitables/phenanthroline
ARYUXFNGXHNNDM-UHFFFAOYSA-N	Chemical Probes Portal	rating_in_cell	0	2.6666666666666665
ARYUXFNGXHNNDM-UHFFFAOYSA-N	Chemical Probes Portal	rating_in_organism	0	1.6666666666666667
ARYUXFNGXHNNDM-UHFFFAOYSA-N	Chemical Probes Portal	rating_count	0	3
ARYUXFNGXHNNDM-UHFFFAOYSA-N	Chemical Probes Portal	unsuitable	0	No
ARYUXFNGXHNNDM-UHFFFAOYSA-N	Chemical Probes Portal	pains	0	No
ARYUXFNGXHNNDM-UHFFFAOYSA-N	Chemical Probes Portal	toxicophore	0	No
ARYUXFNGXHNNDM-UHFFFAOYSA-N	Chemical Probes Portal	published_date	0	2023-02-13
ARYUXFNGXHNNDM-UHFFFAOYSA-N	Chemical Probes Portal	canSAR_ID	0	1078770
ARYUXFNGXHNNDM-UHFFFAOYSA-N	Chemical Probes Portal	url	0	https://www.chemicalprobes.org/vu0361737
WQAVGRAETZEADU-UHFFFAOYSA-N	Chemical Probes Portal	rating_in_cell	0	4
WQAVGRAETZEADU-UHFFFAOYSA-N	Chemical Probes Portal	rating_in_organism	0	4
WQAVGRAETZEADU-UHFFFAOYSA-N	Chemical Probes Portal	rating_count	0	2
WQAVGRAETZEADU-UHFFFAOYSA-N	Chemical Probes Portal	unsuitable	0	No
WQAVGRAETZEADU-UHFFFAOYSA-N	Chemical Probes Portal	pains	0	No
WQAVGRAETZEADU-UHFFFAOYSA-N	Chemical Probes Portal	toxicophore	0	No
WQAVGRAETZEADU-UHFFFAOYSA-N	Chemical Probes Portal	published_date	0	2022-08-22
WQAVGRAETZEADU-UHFFFAOYSA-N	Chemical Probes Portal	canSAR_ID	0	3872894
WQAVGRAETZEADU-UHFFFAOYSA-N	Chemical Probes Portal	url	0	https://www.chemicalprobes.org/azd5305
MLJVGAYSVYMPSB-MSUKGTQXSA-N	Chemical Probes Portal	rating_in_cell	0	3
MLJVGAYSVYMPSB-MSUKGTQXSA-N	Chemical Probes Portal	rating_in_organism	0	0
MLJVGAYSVYMPSB-MSUKGTQXSA-N	Chemical Probes Portal	rating_count	0	1
MLJVGAYSVYMPSB-MSUKGTQXSA-N	Chemical Probes Portal	unsuitable	0	No
MLJVGAYSVYMPSB-MSUKGTQXSA-N	Chemical Probes Portal	pains	0	Yes
MLJVGAYSVYMPSB-MSUKGTQXSA-N	Chemical Probes Portal	toxicophore	0	Yes
MLJVGAYSVYMPSB-MSUKGTQXSA-N	Chemical Probes Portal	published_date	0	2023-05-18
MLJVGAYSVYMPSB-MSUKGTQXSA-N	Chemical Probes Portal	canSAR_ID	0	3894180
MLJVGAYSVYMPSB-MSUKGTQXSA-N	Chemical Probes Portal	url	0	https://www.chemicalprobes.org/sgc3027
CDJPHTNUARAVMH-SECBINFHSA-N	Chemical Probes Portal	rating_in_cell	0	3.6666666666666665
CDJPHTNUARAVMH-SECBINFHSA-N	Chemical Probes Portal	rating_in_organism	0	3.6666666666666665
CDJPHTNUARAVMH-SECBINFHSA-N	Chemical Probes Portal	rating_count	0	3
CDJPHTNUARAVMH-SECBINFHSA-N	Chemical Probes Portal	unsuitable	0	No
CDJPHTNUARAVMH-SECBINFHSA-N	Chemical Probes Portal	pains	0	No
CDJPHTNUARAVMH-SECBINFHSA-N	Chemical Probes Portal	toxicophore	0	No
CDJPHTNUARAVMH-SECBINFHSA-N	Chemical Probes Portal	published_date	0	2020-01-31
CDJPHTNUARAVMH-SECBINFHSA-N	Chemical Probes Portal	canSAR_ID	0	1300914
CDJPHTNUARAVMH-SECBINFHSA-N	Chemical Probes Portal	url	0	https://www.chemicalprobes.org/r-9s
HFNKQEVNSGCOJV-OAHLLOKOSA-N	Chemical Probes Portal	rating_in_cell	0	4
HFNKQEVNSGCOJV-OAHLLOKOSA-N	Chemical Probes Portal	rating_in_organism	0	4
HFNKQEVNSGCOJV-OAHLLOKOSA-N	Chemical Probes Portal	rating_count	0	3
HFNKQEVNSGCOJV-OAHLLOKOSA-N	Chemical Probes Portal	unsuitable	0	No
HFNKQEVNSGCOJV-OAHLLOKOSA-N	Chemical Probes Portal	pains	0	No
HFNKQEVNSGCOJV-OAHLLOKOSA-N	Chemical Probes Portal	toxicophore	0	No
HFNKQEVNSGCOJV-OAHLLOKOSA-N	Chemical Probes Portal	published_date	0	2015-12-10
HFNKQEVNSGCOJV-OAHLLOKOSA-N	Chemical Probes Portal	canSAR_ID	0	1406851
HFNKQEVNSGCOJV-OAHLLOKOSA-N	Chemical Probes Portal	url	0	https://www.chemicalprobes.org/ruxolitinib
OQFCHSFVWSLDAO-UHFFFAOYSA-N	Chemical Probes Portal	rating_in_cell	0	4
OQFCHSFVWSLDAO-UHFFFAOYSA-N	Chemical Probes Portal	rating_in_organism	0	4
OQFCHSFVWSLDAO-UHFFFAOYSA-N	Chemical Probes Portal	rating_count	0	1
OQFCHSFVWSLDAO-UHFFFAOYSA-N	Chemical Probes Portal	unsuitable	0	No
OQFCHSFVWSLDAO-UHFFFAOYSA-N	Chemical Probes Portal	pains	0	No
OQFCHSFVWSLDAO-UHFFFAOYSA-N	Chemical Probes Portal	toxicophore	0	No
OQFCHSFVWSLDAO-UHFFFAOYSA-N	Chemical Probes Portal	published_date	0	2023-02-13
OQFCHSFVWSLDAO-UHFFFAOYSA-N	Chemical Probes Portal	canSAR_ID	0	3315025
OQFCHSFVWSLDAO-UHFFFAOYSA-N	Chemical Probes Portal	url	0	https://www.chemicalprobes.org/dclk1-in-1
WSEQXVZVJXJVFP-FQEVSTJZSA-N	Chemical Probes Portal	rating_in_cell	0	4
WSEQXVZVJXJVFP-FQEVSTJZSA-N	Chemical Probes Portal	rating_in_organism	0	4
WSEQXVZVJXJVFP-FQEVSTJZSA-N	Chemical Probes Portal	rating_count	0	2
WSEQXVZVJXJVFP-FQEVSTJZSA-N	Chemical Probes Portal	unsuitable	0	No
WSEQXVZVJXJVFP-FQEVSTJZSA-N	Chemical Probes Portal	pains	0	No
WSEQXVZVJXJVFP-FQEVSTJZSA-N	Chemical Probes Portal	toxicophore	0	No
WSEQXVZVJXJVFP-FQEVSTJZSA-N	Chemical Probes Portal	published_date	0	2022-06-14
WSEQXVZVJXJVFP-FQEVSTJZSA-N	Chemical Probes Portal	canSAR_ID	0	1516244
WSEQXVZVJXJVFP-FQEVSTJZSA-N	Chemical Probes Portal	url	0	https://www.chemicalprobes.org/escitalopram
AJBBEYXFRYFVNM-UHFFFAOYSA-N	Chemical Probes Portal	rating_in_cell	0	0
AJBBEYXFRYFVNM-UHFFFAOYSA-N	Chemical Probes Portal	rating_in_organism	0	0
AJBBEYXFRYFVNM-UHFFFAOYSA-N	Chemical Probes Portal	rating_count	0	0
AJBBEYXFRYFVNM-UHFFFAOYSA-N	Chemical Probes Portal	unsuitable	0	No
AJBBEYXFRYFVNM-UHFFFAOYSA-N	Chemical Probes Portal	pains	0	No
AJBBEYXFRYFVNM-UHFFFAOYSA-N	Chemical Probes Portal	toxicophore	0	No
AJBBEYXFRYFVNM-UHFFFAOYSA-N	Chemical Probes Portal	published_date	0	2022-07-07
AJBBEYXFRYFVNM-UHFFFAOYSA-N	Chemical Probes Portal	canSAR_ID	0	679096
AJBBEYXFRYFVNM-UHFFFAOYSA-N	Chemical Probes Portal	url	0	https://www.chemicalprobes.org/mrs-1754
HNOLTAKAPDKZRY-AWEZNQCLSA-N	Chemical Probes Portal	rating_in_cell	0	3
HNOLTAKAPDKZRY-AWEZNQCLSA-N	Chemical Probes Portal	rating_in_organism	0	0
HNOLTAKAPDKZRY-AWEZNQCLSA-N	Chemical Probes Portal	rating_count	0	1
HNOLTAKAPDKZRY-AWEZNQCLSA-N	Chemical Probes Portal	unsuitable	0	No
HNOLTAKAPDKZRY-AWEZNQCLSA-N	Chemical Probes Portal	pains	0	No
HNOLTAKAPDKZRY-AWEZNQCLSA-N	Chemical Probes Portal	toxicophore	0	No
HNOLTAKAPDKZRY-AWEZNQCLSA-N	Chemical Probes Portal	published_date	0	2022-10-05
HNOLTAKAPDKZRY-AWEZNQCLSA-N	Chemical Probes Portal	canSAR_ID	0	3935384
HNOLTAKAPDKZRY-AWEZNQCLSA-N	Chemical Probes Portal	url	0	https://www.chemicalprobes.org/spastazolin
KJDAGXLMHXUAGV-DGWLBADLSA-N	Chemical Probes Portal	rating_in_cell	0	3.3333333333333335
KJDAGXLMHXUAGV-DGWLBADLSA-N	Chemical Probes Portal	rating_in_organism	0	3.3333333333333335
KJDAGXLMHXUAGV-DGWLBADLSA-N	Chemical Probes Portal	rating_count	0	3
KJDAGXLMHXUAGV-DGWLBADLSA-N	Chemical Probes Portal	unsuitable	0	No
KJDAGXLMHXUAGV-DGWLBADLSA-N	Chemical Probes Portal	pains	0	No
KJDAGXLMHXUAGV-DGWLBADLSA-N	Chemical Probes Portal	toxicophore	0	Yes
KJDAGXLMHXUAGV-DGWLBADLSA-N	Chemical Probes Portal	published_date	0	2020-11-17
KJDAGXLMHXUAGV-DGWLBADLSA-N	Chemical Probes Portal	canSAR_ID	0	613948
KJDAGXLMHXUAGV-DGWLBADLSA-N	Chemical Probes Portal	url	0	https://www.chemicalprobes.org/tak-243
FLNYLINBEZROPL-NSOVKSMOSA-N	Chemical Probes Portal	rating_in_cell	0	2.3333333333333335
FLNYLINBEZROPL-NSOVKSMOSA-N	Chemical Probes Portal	rating_in_organism	0	0
FLNYLINBEZROPL-NSOVKSMOSA-N	Chemical Probes Portal	rating_count	0	3
FLNYLINBEZROPL-NSOVKSMOSA-N	Chemical Probes Portal	unsuitable	0	No
FLNYLINBEZROPL-NSOVKSMOSA-N	Chemical Probes Portal	pains	0	No
FLNYLINBEZROPL-NSOVKSMOSA-N	Chemical Probes Portal	toxicophore	0	No
FLNYLINBEZROPL-NSOVKSMOSA-N	Chemical Probes Portal	published_date	0	2023-02-08
FLNYLINBEZROPL-NSOVKSMOSA-N	Chemical Probes Portal	canSAR_ID	0	322202
FLNYLINBEZROPL-NSOVKSMOSA-N	Chemical Probes Portal	url	0	https://www.chemicalprobes.org/cp-96345
GSCPDZHWVNUUFI-UHFFFAOYSA-N	Chemical Probes Portal	rating_in_cell	0	0
GSCPDZHWVNUUFI-UHFFFAOYSA-N	Chemical Probes Portal	rating_in_organism	0	0
GSCPDZHWVNUUFI-UHFFFAOYSA-N	Chemical Probes Portal	rating_count	0	0
GSCPDZHWVNUUFI-UHFFFAOYSA-N	Chemical Probes Portal	unsuitable	0	Yes
GSCPDZHWVNUUFI-UHFFFAOYSA-N	Chemical Probes Portal	pains	0	No
GSCPDZHWVNUUFI-UHFFFAOYSA-N	Chemical Probes Portal	toxicophore	0	No
GSCPDZHWVNUUFI-UHFFFAOYSA-N	Chemical Probes Portal	published_date	0	2017-02-01
GSCPDZHWVNUUFI-UHFFFAOYSA-N	Chemical Probes Portal	canSAR_ID	0	67064
GSCPDZHWVNUUFI-UHFFFAOYSA-N	Chemical Probes Portal	url	0	https://www.chemicalprobes.org/unsuitables/3-aminobenzamide
CMJJZRAAQMUAFH-INIZCTEOSA-N	Chemical Probes Portal	rating_in_cell	0	3
CMJJZRAAQMUAFH-INIZCTEOSA-N	Chemical Probes Portal	rating_in_organism	0	4
CMJJZRAAQMUAFH-INIZCTEOSA-N	Chemical Probes Portal	rating_count	0	1
CMJJZRAAQMUAFH-INIZCTEOSA-N	Chemical Probes Portal	unsuitable	0	No
CMJJZRAAQMUAFH-INIZCTEOSA-N	Chemical Probes Portal	pains	0	No
CMJJZRAAQMUAFH-INIZCTEOSA-N	Chemical Probes Portal	toxicophore	0	No
CMJJZRAAQMUAFH-INIZCTEOSA-N	Chemical Probes Portal	published_date	0	2023-05-18
CMJJZRAAQMUAFH-INIZCTEOSA-N	Chemical Probes Portal	canSAR_ID	0	3213765
CMJJZRAAQMUAFH-INIZCTEOSA-N	Chemical Probes Portal	url	0	https://www.chemicalprobes.org/ddr-trk-1
MSIJJXOWLFOYIN-UHFFFAOYSA-N	Chemical Probes Portal	rating_in_cell	0	3
MSIJJXOWLFOYIN-UHFFFAOYSA-N	Chemical Probes Portal	rating_in_organism	0	0
MSIJJXOWLFOYIN-UHFFFAOYSA-N	Chemical Probes Portal	rating_count	0	1
MSIJJXOWLFOYIN-UHFFFAOYSA-N	Chemical Probes Portal	unsuitable	0	No
MSIJJXOWLFOYIN-UHFFFAOYSA-N	Chemical Probes Portal	pains	0	No
MSIJJXOWLFOYIN-UHFFFAOYSA-N	Chemical Probes Portal	toxicophore	0	Yes
MSIJJXOWLFOYIN-UHFFFAOYSA-N	Chemical Probes Portal	published_date	0	2023-05-18
MSIJJXOWLFOYIN-UHFFFAOYSA-N	Chemical Probes Portal	canSAR_ID	0	3156773
MSIJJXOWLFOYIN-UHFFFAOYSA-N	Chemical Probes Portal	url	0	https://www.chemicalprobes.org/tp-238
FFLJVBPCONQSQW-UHFFFAOYSA-N	Chemical Probes Portal	rating_in_cell	0	2.5
FFLJVBPCONQSQW-UHFFFAOYSA-N	Chemical Probes Portal	rating_in_organism	0	2.5
FFLJVBPCONQSQW-UHFFFAOYSA-N	Chemical Probes Portal	rating_count	0	2
FFLJVBPCONQSQW-UHFFFAOYSA-N	Chemical Probes Portal	unsuitable	0	No
FFLJVBPCONQSQW-UHFFFAOYSA-N	Chemical Probes Portal	pains	0	No
FFLJVBPCONQSQW-UHFFFAOYSA-N	Chemical Probes Portal	toxicophore	0	No
FFLJVBPCONQSQW-UHFFFAOYSA-N	Chemical Probes Portal	published_date	0	2023-05-18
FFLJVBPCONQSQW-UHFFFAOYSA-N	Chemical Probes Portal	canSAR_ID	0	3886767
FFLJVBPCONQSQW-UHFFFAOYSA-N	Chemical Probes Portal	url	0	https://www.chemicalprobes.org/mu1700
IESAJAZKMLPVIB-VXGBXAGGSA-N	Chemical Probes Portal	rating_in_cell	0	3
IESAJAZKMLPVIB-VXGBXAGGSA-N	Chemical Probes Portal	rating_in_organism	0	3
IESAJAZKMLPVIB-VXGBXAGGSA-N	Chemical Probes Portal	rating_count	0	2
IESAJAZKMLPVIB-VXGBXAGGSA-N	Chemical Probes Portal	unsuitable	0	No
IESAJAZKMLPVIB-VXGBXAGGSA-N	Chemical Probes Portal	pains	0	No
IESAJAZKMLPVIB-VXGBXAGGSA-N	Chemical Probes Portal	toxicophore	0	No
IESAJAZKMLPVIB-VXGBXAGGSA-N	Chemical Probes Portal	published_date	0	2022-02-20
IESAJAZKMLPVIB-VXGBXAGGSA-N	Chemical Probes Portal	canSAR_ID	0	3173350
IESAJAZKMLPVIB-VXGBXAGGSA-N	Chemical Probes Portal	url	0	https://www.chemicalprobes.org/bay-390
PEMUGDMSUDYLHU-ZEQRLZLVSA-N	Chemical Probes Portal	rating_in_cell	0	4
PEMUGDMSUDYLHU-ZEQRLZLVSA-N	Chemical Probes Portal	rating_in_organism	0	4
PEMUGDMSUDYLHU-ZEQRLZLVSA-N	Chemical Probes Portal	rating_count	0	3
PEMUGDMSUDYLHU-ZEQRLZLVSA-N	Chemical Probes Portal	unsuitable	0	No
PEMUGDMSUDYLHU-ZEQRLZLVSA-N	Chemical Probes Portal	pains	0	No
PEMUGDMSUDYLHU-ZEQRLZLVSA-N	Chemical Probes Portal	toxicophore	0	Yes
PEMUGDMSUDYLHU-ZEQRLZLVSA-N	Chemical Probes Portal	published_date	0	2020-06-10
PEMUGDMSUDYLHU-ZEQRLZLVSA-N	Chemical Probes Portal	canSAR_ID	0	2948441
PEMUGDMSUDYLHU-ZEQRLZLVSA-N	Chemical Probes Portal	url	0	https://www.chemicalprobes.org/mrtx849
NXQKSXLFSAEQCZ-SFHVURJKSA-N	Chemical Probes Portal	rating_in_cell	0	4
NXQKSXLFSAEQCZ-SFHVURJKSA-N	Chemical Probes Portal	rating_in_organism	0	4
NXQKSXLFSAEQCZ-SFHVURJKSA-N	Chemical Probes Portal	rating_count	0	3
NXQKSXLFSAEQCZ-SFHVURJKSA-N	Chemical Probes Portal	unsuitable	0	No
NXQKSXLFSAEQCZ-SFHVURJKSA-N	Chemical Probes Portal	pains	0	No
NXQKSXLFSAEQCZ-SFHVURJKSA-N	Chemical Probes Portal	toxicophore	0	Yes
NXQKSXLFSAEQCZ-SFHVURJKSA-N	Chemical Probes Portal	published_date	0	2020-06-10
NXQKSXLFSAEQCZ-SFHVURJKSA-N	Chemical Probes Portal	canSAR_ID	0	2942155
NXQKSXLFSAEQCZ-SFHVURJKSA-N	Chemical Probes Portal	url	0	https://www.chemicalprobes.org/amg-510
CAPZLSKZPWSIKV-LJQANCHMSA-N	Chemical Probes Portal	rating_in_cell	0	3
CAPZLSKZPWSIKV-LJQANCHMSA-N	Chemical Probes Portal	rating_in_organism	0	0
CAPZLSKZPWSIKV-LJQANCHMSA-N	Chemical Probes Portal	rating_count	0	1
CAPZLSKZPWSIKV-LJQANCHMSA-N	Chemical Probes Portal	unsuitable	0	No
CAPZLSKZPWSIKV-LJQANCHMSA-N	Chemical Probes Portal	pains	0	No
CAPZLSKZPWSIKV-LJQANCHMSA-N	Chemical Probes Portal	toxicophore	0	No
CAPZLSKZPWSIKV-LJQANCHMSA-N	Chemical Probes Portal	published_date	0	2023-06-12
CAPZLSKZPWSIKV-LJQANCHMSA-N	Chemical Probes Portal	canSAR_ID	0	3935412
CAPZLSKZPWSIKV-LJQANCHMSA-N	Chemical Probes Portal	url	0	https://www.chemicalprobes.org/mrk952
RIGHCDSORZCRDE-UHFFFAOYSA-N	Chemical Probes Portal	rating_in_cell	0	3
RIGHCDSORZCRDE-UHFFFAOYSA-N	Chemical Probes Portal	rating_in_organism	0	2.5
RIGHCDSORZCRDE-UHFFFAOYSA-N	Chemical Probes Portal	rating_count	0	2
RIGHCDSORZCRDE-UHFFFAOYSA-N	Chemical Probes Portal	unsuitable	0	No
RIGHCDSORZCRDE-UHFFFAOYSA-N	Chemical Probes Portal	pains	0	No
RIGHCDSORZCRDE-UHFFFAOYSA-N	Chemical Probes Portal	toxicophore	0	No
RIGHCDSORZCRDE-UHFFFAOYSA-N	Chemical Probes Portal	published_date	0	2023-05-18
RIGHCDSORZCRDE-UHFFFAOYSA-N	Chemical Probes Portal	canSAR_ID	0	3895457
RIGHCDSORZCRDE-UHFFFAOYSA-N	Chemical Probes Portal	url	0	https://www.chemicalprobes.org/jnj-9350
RAXZSEGXMBWYQK-SNVBAGLBSA-N	Chemical Probes Portal	rating_in_cell	0	3
RAXZSEGXMBWYQK-SNVBAGLBSA-N	Chemical Probes Portal	rating_in_organism	0	2
RAXZSEGXMBWYQK-SNVBAGLBSA-N	Chemical Probes Portal	rating_count	0	3
RAXZSEGXMBWYQK-SNVBAGLBSA-N	Chemical Probes Portal	unsuitable	0	No
RAXZSEGXMBWYQK-SNVBAGLBSA-N	Chemical Probes Portal	pains	0	No
RAXZSEGXMBWYQK-SNVBAGLBSA-N	Chemical Probes Portal	toxicophore	0	No
RAXZSEGXMBWYQK-SNVBAGLBSA-N	Chemical Probes Portal	published_date	0	2022-01-31
RAXZSEGXMBWYQK-SNVBAGLBSA-N	Chemical Probes Portal	canSAR_ID	0	3196879
RAXZSEGXMBWYQK-SNVBAGLBSA-N	Chemical Probes Portal	url	0	https://www.chemicalprobes.org/erki
MVCOAUNKQVWQHZ-UHFFFAOYSA-N	Chemical Probes Portal	rating_in_cell	0	1.5
MVCOAUNKQVWQHZ-UHFFFAOYSA-N	Chemical Probes Portal	rating_in_organism	0	1.5
MVCOAUNKQVWQHZ-UHFFFAOYSA-N	Chemical Probes Portal	rating_count	0	2
MVCOAUNKQVWQHZ-UHFFFAOYSA-N	Chemical Probes Portal	unsuitable	0	No
MVCOAUNKQVWQHZ-UHFFFAOYSA-N	Chemical Probes Portal	pains	0	No
MVCOAUNKQVWQHZ-UHFFFAOYSA-N	Chemical Probes Portal	toxicophore	0	No
MVCOAUNKQVWQHZ-UHFFFAOYSA-N	Chemical Probes Portal	published_date	0	2022-06-08
MVCOAUNKQVWQHZ-UHFFFAOYSA-N	Chemical Probes Portal	canSAR_ID	0	792243
MVCOAUNKQVWQHZ-UHFFFAOYSA-N	Chemical Probes Portal	url	0	https://www.chemicalprobes.org/doramapimod
RHFIAUKMKYHHFA-UHFFFAOYSA-N	Chemical Probes Portal	rating_in_cell	0	3
RHFIAUKMKYHHFA-UHFFFAOYSA-N	Chemical Probes Portal	rating_in_organism	0	3
RHFIAUKMKYHHFA-UHFFFAOYSA-N	Chemical Probes Portal	rating_count	0	3
RHFIAUKMKYHHFA-UHFFFAOYSA-N	Chemical Probes Portal	unsuitable	0	No
RHFIAUKMKYHHFA-UHFFFAOYSA-N	Chemical Probes Portal	pains	0	No
RHFIAUKMKYHHFA-UHFFFAOYSA-N	Chemical Probes Portal	toxicophore	0	No
RHFIAUKMKYHHFA-UHFFFAOYSA-N	Chemical Probes Portal	published_date	0	2021-02-03
RHFIAUKMKYHHFA-UHFFFAOYSA-N	Chemical Probes Portal	canSAR_ID	0	466313
RHFIAUKMKYHHFA-UHFFFAOYSA-N	Chemical Probes Portal	url	0	https://www.chemicalprobes.org/gne-3511
LUVOYGUFQRWXGQ-UHFFFAOYSA-N	Chemical Probes Portal	rating_in_cell	0	0
LUVOYGUFQRWXGQ-UHFFFAOYSA-N	Chemical Probes Portal	rating_in_organism	0	0
LUVOYGUFQRWXGQ-UHFFFAOYSA-N	Chemical Probes Portal	rating_count	0	0
LUVOYGUFQRWXGQ-UHFFFAOYSA-N	Chemical Probes Portal	unsuitable	0	No
LUVOYGUFQRWXGQ-UHFFFAOYSA-N	Chemical Probes Portal	pains	0	Yes
LUVOYGUFQRWXGQ-UHFFFAOYSA-N	Chemical Probes Portal	toxicophore	0	No
LUVOYGUFQRWXGQ-UHFFFAOYSA-N	Chemical Probes Portal	published_date	0	2023-10-04
LUVOYGUFQRWXGQ-UHFFFAOYSA-N	Chemical Probes Portal	canSAR_ID	0	3935431
LUVOYGUFQRWXGQ-UHFFFAOYSA-N	Chemical Probes Portal	url	0	https://www.chemicalprobes.org/jnj-4355
MCLDWKVRXDHDEI-UHFFFAOYSA-N	Chemical Probes Portal	rating_in_cell	0	0
MCLDWKVRXDHDEI-UHFFFAOYSA-N	Chemical Probes Portal	rating_in_organism	0	0
MCLDWKVRXDHDEI-UHFFFAOYSA-N	Chemical Probes Portal	rating_count	0	0
MCLDWKVRXDHDEI-UHFFFAOYSA-N	Chemical Probes Portal	unsuitable	0	No
MCLDWKVRXDHDEI-UHFFFAOYSA-N	Chemical Probes Portal	pains	0	No
MCLDWKVRXDHDEI-UHFFFAOYSA-N	Chemical Probes Portal	toxicophore	0	No
MCLDWKVRXDHDEI-UHFFFAOYSA-N	Chemical Probes Portal	published_date	0	2023-10-04
MCLDWKVRXDHDEI-UHFFFAOYSA-N	Chemical Probes Portal	canSAR_ID	0	3935429
MCLDWKVRXDHDEI-UHFFFAOYSA-N	Chemical Probes Portal	url	0	https://www.chemicalprobes.org/sgc-caf382-1
VSMTYSWGHKYXOF-UHFFFAOYSA-N	Chemical Probes Portal	rating_in_cell	0	2
VSMTYSWGHKYXOF-UHFFFAOYSA-N	Chemical Probes Portal	rating_in_organism	0	2
VSMTYSWGHKYXOF-UHFFFAOYSA-N	Chemical Probes Portal	rating_count	0	1
VSMTYSWGHKYXOF-UHFFFAOYSA-N	Chemical Probes Portal	unsuitable	0	No
VSMTYSWGHKYXOF-UHFFFAOYSA-N	Chemical Probes Portal	pains	0	No
VSMTYSWGHKYXOF-UHFFFAOYSA-N	Chemical Probes Portal	toxicophore	0	No
VSMTYSWGHKYXOF-UHFFFAOYSA-N	Chemical Probes Portal	published_date	0	2023-08-10
VSMTYSWGHKYXOF-UHFFFAOYSA-N	Chemical Probes Portal	canSAR_ID	0	3453318
VSMTYSWGHKYXOF-UHFFFAOYSA-N	Chemical Probes Portal	url	0	https://www.chemicalprobes.org/tdi-10229
NWTCZTAQSRLSCP-UHFFFAOYSA-N	Chemical Probes Portal	rating_in_cell	0	2.3333333333333335
NWTCZTAQSRLSCP-UHFFFAOYSA-N	Chemical Probes Portal	rating_in_organism	0	0
NWTCZTAQSRLSCP-UHFFFAOYSA-N	Chemical Probes Portal	rating_count	0	3
NWTCZTAQSRLSCP-UHFFFAOYSA-N	Chemical Probes Portal	unsuitable	0	No
NWTCZTAQSRLSCP-UHFFFAOYSA-N	Chemical Probes Portal	pains	0	No
NWTCZTAQSRLSCP-UHFFFAOYSA-N	Chemical Probes Portal	toxicophore	0	Yes
NWTCZTAQSRLSCP-UHFFFAOYSA-N	Chemical Probes Portal	published_date	0	2023-08-10
NWTCZTAQSRLSCP-UHFFFAOYSA-N	Chemical Probes Portal	canSAR_ID	0	3160151
NWTCZTAQSRLSCP-UHFFFAOYSA-N	Chemical Probes Portal	url	0	https://www.chemicalprobes.org/qc-01-175
DRSZMILOMUPIBJ-UHFFFAOYSA-N	Chemical Probes Portal	rating_in_cell	0	3
DRSZMILOMUPIBJ-UHFFFAOYSA-N	Chemical Probes Portal	rating_in_organism	0	2.5
DRSZMILOMUPIBJ-UHFFFAOYSA-N	Chemical Probes Portal	rating_count	0	2
DRSZMILOMUPIBJ-UHFFFAOYSA-N	Chemical Probes Portal	unsuitable	0	No
DRSZMILOMUPIBJ-UHFFFAOYSA-N	Chemical Probes Portal	pains	0	No
DRSZMILOMUPIBJ-UHFFFAOYSA-N	Chemical Probes Portal	toxicophore	0	No
DRSZMILOMUPIBJ-UHFFFAOYSA-N	Chemical Probes Portal	published_date	0	2023-08-10
DRSZMILOMUPIBJ-UHFFFAOYSA-N	Chemical Probes Portal	canSAR_ID	0	1902215
DRSZMILOMUPIBJ-UHFFFAOYSA-N	Chemical Probes Portal	url	0	https://www.chemicalprobes.org/tc-g-1008
ZLHFILGSQDJULK-UHFFFAOYSA-N	Chemical Probes Portal	rating_in_cell	0	0
ZLHFILGSQDJULK-UHFFFAOYSA-N	Chemical Probes Portal	rating_in_organism	0	0
ZLHFILGSQDJULK-UHFFFAOYSA-N	Chemical Probes Portal	rating_count	0	0
ZLHFILGSQDJULK-UHFFFAOYSA-N	Chemical Probes Portal	unsuitable	0	No
ZLHFILGSQDJULK-UHFFFAOYSA-N	Chemical Probes Portal	pains	0	No
ZLHFILGSQDJULK-UHFFFAOYSA-N	Chemical Probes Portal	toxicophore	0	No
ZLHFILGSQDJULK-UHFFFAOYSA-N	Chemical Probes Portal	published_date	0	2023-08-10
ZLHFILGSQDJULK-UHFFFAOYSA-N	Chemical Probes Portal	canSAR_ID	0	721492
ZLHFILGSQDJULK-UHFFFAOYSA-N	Chemical Probes Portal	url	0	https://www.chemicalprobes.org/alisertib
CWLAIOPWFOOJHQ-QHCPKHFHSA-N	Chemical Probes Portal	rating_in_cell	0	2.3333333333333335
CWLAIOPWFOOJHQ-QHCPKHFHSA-N	Chemical Probes Portal	rating_in_organism	0	2
CWLAIOPWFOOJHQ-QHCPKHFHSA-N	Chemical Probes Portal	rating_count	0	3
CWLAIOPWFOOJHQ-QHCPKHFHSA-N	Chemical Probes Portal	unsuitable	0	No
CWLAIOPWFOOJHQ-QHCPKHFHSA-N	Chemical Probes Portal	pains	0	No
CWLAIOPWFOOJHQ-QHCPKHFHSA-N	Chemical Probes Portal	toxicophore	0	No
CWLAIOPWFOOJHQ-QHCPKHFHSA-N	Chemical Probes Portal	published_date	0	2023-08-10
CWLAIOPWFOOJHQ-QHCPKHFHSA-N	Chemical Probes Portal	canSAR_ID	0	3935434
CWLAIOPWFOOJHQ-QHCPKHFHSA-N	Chemical Probes Portal	url	0	https://www.chemicalprobes.org/jnk3-in-8
NCDZABJPWMBMIQ-INIZCTEOSA-N	Chemical Probes Portal	rating_in_cell	0	3
NCDZABJPWMBMIQ-INIZCTEOSA-N	Chemical Probes Portal	rating_in_organism	0	0
NCDZABJPWMBMIQ-INIZCTEOSA-N	Chemical Probes Portal	rating_count	0	1
NCDZABJPWMBMIQ-INIZCTEOSA-N	Chemical Probes Portal	unsuitable	0	No
NCDZABJPWMBMIQ-INIZCTEOSA-N	Chemical Probes Portal	pains	0	No
NCDZABJPWMBMIQ-INIZCTEOSA-N	Chemical Probes Portal	toxicophore	0	No
NCDZABJPWMBMIQ-INIZCTEOSA-N	Chemical Probes Portal	published_date	0	2023-08-10
NCDZABJPWMBMIQ-INIZCTEOSA-N	Chemical Probes Portal	canSAR_ID	0	278210
NCDZABJPWMBMIQ-INIZCTEOSA-N	Chemical Probes Portal	url	0	https://www.chemicalprobes.org/azd-4017
XDJGNPSZQSWJCV-UHFFFAOYSA-N	Chemical Probes Portal	rating_in_cell	0	2
XDJGNPSZQSWJCV-UHFFFAOYSA-N	Chemical Probes Portal	rating_in_organism	0	1.5
XDJGNPSZQSWJCV-UHFFFAOYSA-N	Chemical Probes Portal	rating_count	0	2
XDJGNPSZQSWJCV-UHFFFAOYSA-N	Chemical Probes Portal	unsuitable	0	No
XDJGNPSZQSWJCV-UHFFFAOYSA-N	Chemical Probes Portal	pains	0	No
XDJGNPSZQSWJCV-UHFFFAOYSA-N	Chemical Probes Portal	toxicophore	0	No
XDJGNPSZQSWJCV-UHFFFAOYSA-N	Chemical Probes Portal	published_date	0	2023-06-14
XDJGNPSZQSWJCV-UHFFFAOYSA-N	Chemical Probes Portal	canSAR_ID	0	874973
XDJGNPSZQSWJCV-UHFFFAOYSA-N	Chemical Probes Portal	url	0	https://www.chemicalprobes.org/pf-06263276
UZWDCWONPYILKI-UHFFFAOYSA-N	Chemical Probes Portal	rating_in_cell	0	2.5
UZWDCWONPYILKI-UHFFFAOYSA-N	Chemical Probes Portal	rating_in_organism	0	3
UZWDCWONPYILKI-UHFFFAOYSA-N	Chemical Probes Portal	rating_count	0	2
UZWDCWONPYILKI-UHFFFAOYSA-N	Chemical Probes Portal	unsuitable	0	No
UZWDCWONPYILKI-UHFFFAOYSA-N	Chemical Probes Portal	pains	0	No
UZWDCWONPYILKI-UHFFFAOYSA-N	Chemical Probes Portal	toxicophore	0	No
UZWDCWONPYILKI-UHFFFAOYSA-N	Chemical Probes Portal	published_date	0	2023-06-12
UZWDCWONPYILKI-UHFFFAOYSA-N	Chemical Probes Portal	canSAR_ID	0	718414
UZWDCWONPYILKI-UHFFFAOYSA-N	Chemical Probes Portal	url	0	https://www.chemicalprobes.org/abemaciclib
QJZQFVRFJCGDKF-UHFFFAOYSA-N	Chemical Probes Portal	rating_in_cell	0	3.3333333333333335
QJZQFVRFJCGDKF-UHFFFAOYSA-N	Chemical Probes Portal	rating_in_organism	0	3.6666666666666665
QJZQFVRFJCGDKF-UHFFFAOYSA-N	Chemical Probes Portal	rating_count	0	3
QJZQFVRFJCGDKF-UHFFFAOYSA-N	Chemical Probes Portal	unsuitable	0	No
QJZQFVRFJCGDKF-UHFFFAOYSA-N	Chemical Probes Portal	pains	0	No
QJZQFVRFJCGDKF-UHFFFAOYSA-N	Chemical Probes Portal	toxicophore	0	No
QJZQFVRFJCGDKF-UHFFFAOYSA-N	Chemical Probes Portal	published_date	0	2023-06-12
QJZQFVRFJCGDKF-UHFFFAOYSA-N	Chemical Probes Portal	canSAR_ID	0	578727
QJZQFVRFJCGDKF-UHFFFAOYSA-N	Chemical Probes Portal	url	0	https://www.chemicalprobes.org/mk-2894
YOVVNQKCSKSHKT-HNNXBMFYSA-N	Chemical Probes Portal	rating_in_cell	0	3
YOVVNQKCSKSHKT-HNNXBMFYSA-N	Chemical Probes Portal	rating_in_organism	0	3
YOVVNQKCSKSHKT-HNNXBMFYSA-N	Chemical Probes Portal	rating_count	0	2
YOVVNQKCSKSHKT-HNNXBMFYSA-N	Chemical Probes Portal	unsuitable	0	No
YOVVNQKCSKSHKT-HNNXBMFYSA-N	Chemical Probes Portal	pains	0	No
YOVVNQKCSKSHKT-HNNXBMFYSA-N	Chemical Probes Portal	toxicophore	0	No
YOVVNQKCSKSHKT-HNNXBMFYSA-N	Chemical Probes Portal	published_date	0	2023-06-12
YOVVNQKCSKSHKT-HNNXBMFYSA-N	Chemical Probes Portal	canSAR_ID	0	643373
YOVVNQKCSKSHKT-HNNXBMFYSA-N	Chemical Probes Portal	url	0	https://www.chemicalprobes.org/gdc-0980
GBLBJPZSROAGMF-RWYJCYHVSA-N	Chemical Probes Portal	rating_in_cell	0	0
GBLBJPZSROAGMF-RWYJCYHVSA-N	Chemical Probes Portal	rating_in_organism	0	0
GBLBJPZSROAGMF-RWYJCYHVSA-N	Chemical Probes Portal	rating_count	0	0
GBLBJPZSROAGMF-RWYJCYHVSA-N	Chemical Probes Portal	unsuitable	0	No
GBLBJPZSROAGMF-RWYJCYHVSA-N	Chemical Probes Portal	pains	0	No
GBLBJPZSROAGMF-RWYJCYHVSA-N	Chemical Probes Portal	toxicophore	0	No
GBLBJPZSROAGMF-RWYJCYHVSA-N	Chemical Probes Portal	published_date	0	2023-05-17
GBLBJPZSROAGMF-RWYJCYHVSA-N	Chemical Probes Portal	canSAR_ID	0	3218777
GBLBJPZSROAGMF-RWYJCYHVSA-N	Chemical Probes Portal	url	0	https://www.chemicalprobes.org/pralsetinib
HWVNEWGKWRGSRK-UHFFFAOYSA-N	Chemical Probes Portal	rating_in_cell	0	0
HWVNEWGKWRGSRK-UHFFFAOYSA-N	Chemical Probes Portal	rating_in_organism	0	0
HWVNEWGKWRGSRK-UHFFFAOYSA-N	Chemical Probes Portal	rating_count	0	0
HWVNEWGKWRGSRK-UHFFFAOYSA-N	Chemical Probes Portal	unsuitable	0	No
HWVNEWGKWRGSRK-UHFFFAOYSA-N	Chemical Probes Portal	pains	0	No
HWVNEWGKWRGSRK-UHFFFAOYSA-N	Chemical Probes Portal	toxicophore	0	No
HWVNEWGKWRGSRK-UHFFFAOYSA-N	Chemical Probes Portal	published_date	0	2023-05-15
HWVNEWGKWRGSRK-UHFFFAOYSA-N	Chemical Probes Portal	canSAR_ID	0	322852
HWVNEWGKWRGSRK-UHFFFAOYSA-N	Chemical Probes Portal	url	0	https://www.chemicalprobes.org/gw0742
KVLFRAWTRWDEDF-IRXDYDNUSA-N	Chemical Probes Portal	rating_in_cell	0	4
KVLFRAWTRWDEDF-IRXDYDNUSA-N	Chemical Probes Portal	rating_in_organism	0	4
KVLFRAWTRWDEDF-IRXDYDNUSA-N	Chemical Probes Portal	rating_count	0	2
KVLFRAWTRWDEDF-IRXDYDNUSA-N	Chemical Probes Portal	unsuitable	0	No
KVLFRAWTRWDEDF-IRXDYDNUSA-N	Chemical Probes Portal	pains	0	No
KVLFRAWTRWDEDF-IRXDYDNUSA-N	Chemical Probes Portal	toxicophore	0	No
KVLFRAWTRWDEDF-IRXDYDNUSA-N	Chemical Probes Portal	published_date	0	2023-04-02
KVLFRAWTRWDEDF-IRXDYDNUSA-N	Chemical Probes Portal	canSAR_ID	0	574349
KVLFRAWTRWDEDF-IRXDYDNUSA-N	Chemical Probes Portal	url	0	https://www.chemicalprobes.org/azd8055
HFLMLZKGLUEWBU-UHFFFAOYSA-N	Chemical Probes Portal	rating_in_cell	0	4
HFLMLZKGLUEWBU-UHFFFAOYSA-N	Chemical Probes Portal	rating_in_organism	0	3
HFLMLZKGLUEWBU-UHFFFAOYSA-N	Chemical Probes Portal	rating_count	0	1
HFLMLZKGLUEWBU-UHFFFAOYSA-N	Chemical Probes Portal	unsuitable	0	No
HFLMLZKGLUEWBU-UHFFFAOYSA-N	Chemical Probes Portal	pains	0	No
HFLMLZKGLUEWBU-UHFFFAOYSA-N	Chemical Probes Portal	toxicophore	0	No
HFLMLZKGLUEWBU-UHFFFAOYSA-N	Chemical Probes Portal	published_date	0	2023-10-09
HFLMLZKGLUEWBU-UHFFFAOYSA-N	Chemical Probes Portal	canSAR_ID	0	293552
HFLMLZKGLUEWBU-UHFFFAOYSA-N	Chemical Probes Portal	url	0	https://www.chemicalprobes.org/khk-in-1
UKBQFBRPXKGJPY-INIZCTEOSA-N	Chemical Probes Portal	rating_in_cell	0	4
UKBQFBRPXKGJPY-INIZCTEOSA-N	Chemical Probes Portal	rating_in_organism	0	4
UKBQFBRPXKGJPY-INIZCTEOSA-N	Chemical Probes Portal	rating_count	0	2
UKBQFBRPXKGJPY-INIZCTEOSA-N	Chemical Probes Portal	unsuitable	0	No
UKBQFBRPXKGJPY-INIZCTEOSA-N	Chemical Probes Portal	pains	0	No
UKBQFBRPXKGJPY-INIZCTEOSA-N	Chemical Probes Portal	toxicophore	0	No
UKBQFBRPXKGJPY-INIZCTEOSA-N	Chemical Probes Portal	published_date	0	2023-10-09
UKBQFBRPXKGJPY-INIZCTEOSA-N	Chemical Probes Portal	canSAR_ID	0	2865424
UKBQFBRPXKGJPY-INIZCTEOSA-N	Chemical Probes Portal	url	0	https://www.chemicalprobes.org/ervogastat
OAZAPIKYVGRNCO-UHFFFAOYSA-N	Chemical Probes Portal	rating_in_cell	0	1
OAZAPIKYVGRNCO-UHFFFAOYSA-N	Chemical Probes Portal	rating_in_organism	0	0
OAZAPIKYVGRNCO-UHFFFAOYSA-N	Chemical Probes Portal	rating_count	0	1
OAZAPIKYVGRNCO-UHFFFAOYSA-N	Chemical Probes Portal	unsuitable	0	No
OAZAPIKYVGRNCO-UHFFFAOYSA-N	Chemical Probes Portal	pains	0	No
OAZAPIKYVGRNCO-UHFFFAOYSA-N	Chemical Probes Portal	toxicophore	0	No
OAZAPIKYVGRNCO-UHFFFAOYSA-N	Chemical Probes Portal	published_date	0	2023-10-06
OAZAPIKYVGRNCO-UHFFFAOYSA-N	Chemical Probes Portal	canSAR_ID	0	3886348
OAZAPIKYVGRNCO-UHFFFAOYSA-N	Chemical Probes Portal	url	0	https://www.chemicalprobes.org/tp-060
RSMYFSPOTCDHHJ-GOSISDBHSA-N	Chemical Probes Portal	rating_in_cell	0	3.5
RSMYFSPOTCDHHJ-GOSISDBHSA-N	Chemical Probes Portal	rating_in_organism	0	3
RSMYFSPOTCDHHJ-GOSISDBHSA-N	Chemical Probes Portal	rating_count	0	2
RSMYFSPOTCDHHJ-GOSISDBHSA-N	Chemical Probes Portal	unsuitable	0	No
RSMYFSPOTCDHHJ-GOSISDBHSA-N	Chemical Probes Portal	pains	0	No
RSMYFSPOTCDHHJ-GOSISDBHSA-N	Chemical Probes Portal	toxicophore	0	No
RSMYFSPOTCDHHJ-GOSISDBHSA-N	Chemical Probes Portal	published_date	0	2023-03-02
RSMYFSPOTCDHHJ-GOSISDBHSA-N	Chemical Probes Portal	canSAR_ID	0	668436
RSMYFSPOTCDHHJ-GOSISDBHSA-N	Chemical Probes Portal	url	0	https://www.chemicalprobes.org/azd5153
GOOYSJIWTIHOGW-UHFFFAOYSA-N	Chemical Probes Portal	rating_in_cell	0	3
GOOYSJIWTIHOGW-UHFFFAOYSA-N	Chemical Probes Portal	rating_in_organism	0	2.5
GOOYSJIWTIHOGW-UHFFFAOYSA-N	Chemical Probes Portal	rating_count	0	2
GOOYSJIWTIHOGW-UHFFFAOYSA-N	Chemical Probes Portal	unsuitable	0	No
GOOYSJIWTIHOGW-UHFFFAOYSA-N	Chemical Probes Portal	pains	0	No
GOOYSJIWTIHOGW-UHFFFAOYSA-N	Chemical Probes Portal	toxicophore	0	No
GOOYSJIWTIHOGW-UHFFFAOYSA-N	Chemical Probes Portal	published_date	0	2023-03-01
GOOYSJIWTIHOGW-UHFFFAOYSA-N	Chemical Probes Portal	canSAR_ID	0	230769
GOOYSJIWTIHOGW-UHFFFAOYSA-N	Chemical Probes Portal	url	0	https://www.chemicalprobes.org/lp-935509
JKDGKIBAOAFRPJ-ZBINZKHDSA-N	Chemical Probes Portal	rating_in_cell	0	3
JKDGKIBAOAFRPJ-ZBINZKHDSA-N	Chemical Probes Portal	rating_in_organism	0	2
JKDGKIBAOAFRPJ-ZBINZKHDSA-N	Chemical Probes Portal	rating_count	0	1
JKDGKIBAOAFRPJ-ZBINZKHDSA-N	Chemical Probes Portal	unsuitable	0	No
JKDGKIBAOAFRPJ-ZBINZKHDSA-N	Chemical Probes Portal	pains	0	No
JKDGKIBAOAFRPJ-ZBINZKHDSA-N	Chemical Probes Portal	toxicophore	0	No
JKDGKIBAOAFRPJ-ZBINZKHDSA-N	Chemical Probes Portal	published_date	0	2023-03-01
JKDGKIBAOAFRPJ-ZBINZKHDSA-N	Chemical Probes Portal	canSAR_ID	0	1785299
JKDGKIBAOAFRPJ-ZBINZKHDSA-N	Chemical Probes Portal	url	0	https://www.chemicalprobes.org/zimlovisertib
SJHNWSAWWOAWJH-MRXNPFEDSA-N	Chemical Probes Portal	rating_in_cell	0	3
SJHNWSAWWOAWJH-MRXNPFEDSA-N	Chemical Probes Portal	rating_in_organism	0	3
SJHNWSAWWOAWJH-MRXNPFEDSA-N	Chemical Probes Portal	rating_count	0	1
SJHNWSAWWOAWJH-MRXNPFEDSA-N	Chemical Probes Portal	unsuitable	0	No
SJHNWSAWWOAWJH-MRXNPFEDSA-N	Chemical Probes Portal	pains	0	No
SJHNWSAWWOAWJH-MRXNPFEDSA-N	Chemical Probes Portal	toxicophore	0	No
SJHNWSAWWOAWJH-MRXNPFEDSA-N	Chemical Probes Portal	published_date	0	2023-03-01
SJHNWSAWWOAWJH-MRXNPFEDSA-N	Chemical Probes Portal	canSAR_ID	0	3316728
SJHNWSAWWOAWJH-MRXNPFEDSA-N	Chemical Probes Portal	url	0	https://www.chemicalprobes.org/emavusertib
DJVYXMINSBMUHH-QAQDUYKDSA-N	Chemical Probes Portal	rating_in_cell	0	3
DJVYXMINSBMUHH-QAQDUYKDSA-N	Chemical Probes Portal	rating_in_organism	0	2
DJVYXMINSBMUHH-QAQDUYKDSA-N	Chemical Probes Portal	rating_count	0	2
DJVYXMINSBMUHH-QAQDUYKDSA-N	Chemical Probes Portal	unsuitable	0	No
DJVYXMINSBMUHH-QAQDUYKDSA-N	Chemical Probes Portal	pains	0	No
DJVYXMINSBMUHH-QAQDUYKDSA-N	Chemical Probes Portal	toxicophore	0	No
DJVYXMINSBMUHH-QAQDUYKDSA-N	Chemical Probes Portal	published_date	0	2023-03-01
DJVYXMINSBMUHH-QAQDUYKDSA-N	Chemical Probes Portal	canSAR_ID	0	135759
DJVYXMINSBMUHH-QAQDUYKDSA-N	Chemical Probes Portal	url	0	https://www.chemicalprobes.org/irak4-in-28
CDQQWCLOMUMQMM-UHFFFAOYSA-N	Chemical Probes Portal	rating_in_cell	0	0
CDQQWCLOMUMQMM-UHFFFAOYSA-N	Chemical Probes Portal	rating_in_organism	0	0
CDQQWCLOMUMQMM-UHFFFAOYSA-N	Chemical Probes Portal	rating_count	0	0
CDQQWCLOMUMQMM-UHFFFAOYSA-N	Chemical Probes Portal	unsuitable	0	No
CDQQWCLOMUMQMM-UHFFFAOYSA-N	Chemical Probes Portal	pains	0	Yes
CDQQWCLOMUMQMM-UHFFFAOYSA-N	Chemical Probes Portal	toxicophore	0	Yes
CDQQWCLOMUMQMM-UHFFFAOYSA-N	Chemical Probes Portal	published_date	0	2023-02-13
CDQQWCLOMUMQMM-UHFFFAOYSA-N	Chemical Probes Portal	canSAR_ID	0	1785169
CDQQWCLOMUMQMM-UHFFFAOYSA-N	Chemical Probes Portal	url	0	https://www.chemicalprobes.org/tes-1025
RQFYFNAGNBUGFC-UHFFFAOYSA-N	Chemical Probes Portal	rating_in_cell	0	3.6666666666666665
RQFYFNAGNBUGFC-UHFFFAOYSA-N	Chemical Probes Portal	rating_in_organism	0	3
RQFYFNAGNBUGFC-UHFFFAOYSA-N	Chemical Probes Portal	rating_count	0	3
RQFYFNAGNBUGFC-UHFFFAOYSA-N	Chemical Probes Portal	unsuitable	0	No
RQFYFNAGNBUGFC-UHFFFAOYSA-N	Chemical Probes Portal	pains	0	No
RQFYFNAGNBUGFC-UHFFFAOYSA-N	Chemical Probes Portal	toxicophore	0	No
RQFYFNAGNBUGFC-UHFFFAOYSA-N	Chemical Probes Portal	published_date	0	2023-01-25
RQFYFNAGNBUGFC-UHFFFAOYSA-N	Chemical Probes Portal	canSAR_ID	0	2976831
RQFYFNAGNBUGFC-UHFFFAOYSA-N	Chemical Probes Portal	url	0	https://www.chemicalprobes.org/pf-367
COGUZYALRYMQTD-LJQANCHMSA-N	Chemical Probes Portal	rating_in_cell	0	4
COGUZYALRYMQTD-LJQANCHMSA-N	Chemical Probes Portal	rating_in_organism	0	3
COGUZYALRYMQTD-LJQANCHMSA-N	Chemical Probes Portal	rating_count	0	1
COGUZYALRYMQTD-LJQANCHMSA-N	Chemical Probes Portal	unsuitable	0	No
COGUZYALRYMQTD-LJQANCHMSA-N	Chemical Probes Portal	pains	0	No
COGUZYALRYMQTD-LJQANCHMSA-N	Chemical Probes Portal	toxicophore	0	Yes
COGUZYALRYMQTD-LJQANCHMSA-N	Chemical Probes Portal	published_date	0	2023-01-25
COGUZYALRYMQTD-LJQANCHMSA-N	Chemical Probes Portal	canSAR_ID	0	3339086
COGUZYALRYMQTD-LJQANCHMSA-N	Chemical Probes Portal	url	0	https://www.chemicalprobes.org/mfh290
WQVPGYMGERDXLH-UHFFFAOYSA-N	Chemical Probes Portal	rating_in_cell	0	2.5
WQVPGYMGERDXLH-UHFFFAOYSA-N	Chemical Probes Portal	rating_in_organism	0	3
WQVPGYMGERDXLH-UHFFFAOYSA-N	Chemical Probes Portal	rating_count	0	2
WQVPGYMGERDXLH-UHFFFAOYSA-N	Chemical Probes Portal	unsuitable	0	No
WQVPGYMGERDXLH-UHFFFAOYSA-N	Chemical Probes Portal	pains	0	No
WQVPGYMGERDXLH-UHFFFAOYSA-N	Chemical Probes Portal	toxicophore	0	Yes
WQVPGYMGERDXLH-UHFFFAOYSA-N	Chemical Probes Portal	published_date	0	2023-01-25
WQVPGYMGERDXLH-UHFFFAOYSA-N	Chemical Probes Portal	canSAR_ID	0	3580467
WQVPGYMGERDXLH-UHFFFAOYSA-N	Chemical Probes Portal	url	0	https://www.chemicalprobes.org/jh-x-119-01
IWMCPJZTADUIFX-UHFFFAOYSA-N	Chemical Probes Portal	rating_in_cell	0	3
IWMCPJZTADUIFX-UHFFFAOYSA-N	Chemical Probes Portal	rating_in_organism	0	3
IWMCPJZTADUIFX-UHFFFAOYSA-N	Chemical Probes Portal	rating_count	0	1
IWMCPJZTADUIFX-UHFFFAOYSA-N	Chemical Probes Portal	unsuitable	0	No
IWMCPJZTADUIFX-UHFFFAOYSA-N	Chemical Probes Portal	pains	0	No
IWMCPJZTADUIFX-UHFFFAOYSA-N	Chemical Probes Portal	toxicophore	0	No
IWMCPJZTADUIFX-UHFFFAOYSA-N	Chemical Probes Portal	published_date	0	2023-01-24
IWMCPJZTADUIFX-UHFFFAOYSA-N	Chemical Probes Portal	canSAR_ID	0	870554
IWMCPJZTADUIFX-UHFFFAOYSA-N	Chemical Probes Portal	url	0	https://www.chemicalprobes.org/lrrk2-in-1
FWJRVGZWNDOOFH-OAHLLOKOSA-N	Chemical Probes Portal	rating_in_cell	0	0
FWJRVGZWNDOOFH-OAHLLOKOSA-N	Chemical Probes Portal	rating_in_organism	0	0
FWJRVGZWNDOOFH-OAHLLOKOSA-N	Chemical Probes Portal	rating_count	0	0
FWJRVGZWNDOOFH-OAHLLOKOSA-N	Chemical Probes Portal	unsuitable	0	No
FWJRVGZWNDOOFH-OAHLLOKOSA-N	Chemical Probes Portal	pains	0	No
FWJRVGZWNDOOFH-OAHLLOKOSA-N	Chemical Probes Portal	toxicophore	0	Yes
FWJRVGZWNDOOFH-OAHLLOKOSA-N	Chemical Probes Portal	published_date	0	2023-01-24
FWJRVGZWNDOOFH-OAHLLOKOSA-N	Chemical Probes Portal	canSAR_ID	0	1421673
FWJRVGZWNDOOFH-OAHLLOKOSA-N	Chemical Probes Portal	url	0	https://www.chemicalprobes.org/ml5
QJSFLEBIQZMJQF-UHFFFAOYSA-N	Chemical Probes Portal	rating_in_cell	0	2
QJSFLEBIQZMJQF-UHFFFAOYSA-N	Chemical Probes Portal	rating_in_organism	0	0
QJSFLEBIQZMJQF-UHFFFAOYSA-N	Chemical Probes Portal	rating_count	0	2
QJSFLEBIQZMJQF-UHFFFAOYSA-N	Chemical Probes Portal	unsuitable	0	No
QJSFLEBIQZMJQF-UHFFFAOYSA-N	Chemical Probes Portal	pains	0	No
QJSFLEBIQZMJQF-UHFFFAOYSA-N	Chemical Probes Portal	toxicophore	0	Yes
QJSFLEBIQZMJQF-UHFFFAOYSA-N	Chemical Probes Portal	published_date	0	2023-01-24
QJSFLEBIQZMJQF-UHFFFAOYSA-N	Chemical Probes Portal	canSAR_ID	0	3900947
QJSFLEBIQZMJQF-UHFFFAOYSA-N	Chemical Probes Portal	url	0	https://www.chemicalprobes.org/pt-65
NIPTUMFVYBXSMZ-JOCHJYFZSA-N	Chemical Probes Portal	rating_in_cell	0	4
NIPTUMFVYBXSMZ-JOCHJYFZSA-N	Chemical Probes Portal	rating_in_organism	0	0
NIPTUMFVYBXSMZ-JOCHJYFZSA-N	Chemical Probes Portal	rating_count	0	2
NIPTUMFVYBXSMZ-JOCHJYFZSA-N	Chemical Probes Portal	unsuitable	0	No
NIPTUMFVYBXSMZ-JOCHJYFZSA-N	Chemical Probes Portal	pains	0	No
NIPTUMFVYBXSMZ-JOCHJYFZSA-N	Chemical Probes Portal	toxicophore	0	No
NIPTUMFVYBXSMZ-JOCHJYFZSA-N	Chemical Probes Portal	published_date	0	2023-01-23
NIPTUMFVYBXSMZ-JOCHJYFZSA-N	Chemical Probes Portal	canSAR_ID	0	2855705
NIPTUMFVYBXSMZ-JOCHJYFZSA-N	Chemical Probes Portal	url	0	https://www.chemicalprobes.org/sgc6870
WDBUEMWHXKHQNB-NNAUULPKSA-N	Chemical Probes Portal	rating_in_cell	0	4
WDBUEMWHXKHQNB-NNAUULPKSA-N	Chemical Probes Portal	rating_in_organism	0	4
WDBUEMWHXKHQNB-NNAUULPKSA-N	Chemical Probes Portal	rating_count	0	2
WDBUEMWHXKHQNB-NNAUULPKSA-N	Chemical Probes Portal	unsuitable	0	No
WDBUEMWHXKHQNB-NNAUULPKSA-N	Chemical Probes Portal	pains	0	Yes
WDBUEMWHXKHQNB-NNAUULPKSA-N	Chemical Probes Portal	toxicophore	0	Yes
WDBUEMWHXKHQNB-NNAUULPKSA-N	Chemical Probes Portal	published_date	0	2022-12-21
WDBUEMWHXKHQNB-NNAUULPKSA-N	Chemical Probes Portal	canSAR_ID	0	3445795
WDBUEMWHXKHQNB-NNAUULPKSA-N	Chemical Probes Portal	url	0	https://www.chemicalprobes.org/dgy-09-192
LWXOPXNDPRPGMJ-UHFFFAOYSA-N	Chemical Probes Portal	rating_in_cell	0	2.5
LWXOPXNDPRPGMJ-UHFFFAOYSA-N	Chemical Probes Portal	rating_in_organism	0	0
LWXOPXNDPRPGMJ-UHFFFAOYSA-N	Chemical Probes Portal	rating_count	0	2
LWXOPXNDPRPGMJ-UHFFFAOYSA-N	Chemical Probes Portal	unsuitable	0	No
LWXOPXNDPRPGMJ-UHFFFAOYSA-N	Chemical Probes Portal	pains	0	No
LWXOPXNDPRPGMJ-UHFFFAOYSA-N	Chemical Probes Portal	toxicophore	0	Yes
LWXOPXNDPRPGMJ-UHFFFAOYSA-N	Chemical Probes Portal	published_date	0	2022-12-21
LWXOPXNDPRPGMJ-UHFFFAOYSA-N	Chemical Probes Portal	canSAR_ID	0	3445418
LWXOPXNDPRPGMJ-UHFFFAOYSA-N	Chemical Probes Portal	url	0	https://www.chemicalprobes.org/bsj-04-122
KOZGEDUWAQFVAV-UHFFFAOYSA-N	Chemical Probes Portal	rating_in_cell	0	4
KOZGEDUWAQFVAV-UHFFFAOYSA-N	Chemical Probes Portal	rating_in_organism	0	0
KOZGEDUWAQFVAV-UHFFFAOYSA-N	Chemical Probes Portal	rating_count	0	3
KOZGEDUWAQFVAV-UHFFFAOYSA-N	Chemical Probes Portal	unsuitable	0	No
KOZGEDUWAQFVAV-UHFFFAOYSA-N	Chemical Probes Portal	pains	0	No
KOZGEDUWAQFVAV-UHFFFAOYSA-N	Chemical Probes Portal	toxicophore	0	No
KOZGEDUWAQFVAV-UHFFFAOYSA-N	Chemical Probes Portal	published_date	0	2022-12-20
KOZGEDUWAQFVAV-UHFFFAOYSA-N	Chemical Probes Portal	canSAR_ID	0	2888304
KOZGEDUWAQFVAV-UHFFFAOYSA-N	Chemical Probes Portal	url	0	https://www.chemicalprobes.org/unc6934
DMUSMYYDKCXFKR-MRJIRHQNSA-N	Chemical Probes Portal	rating_in_cell	0	2
DMUSMYYDKCXFKR-MRJIRHQNSA-N	Chemical Probes Portal	rating_in_organism	0	2
DMUSMYYDKCXFKR-MRJIRHQNSA-N	Chemical Probes Portal	rating_count	0	1
DMUSMYYDKCXFKR-MRJIRHQNSA-N	Chemical Probes Portal	unsuitable	0	No
DMUSMYYDKCXFKR-MRJIRHQNSA-N	Chemical Probes Portal	pains	0	No
DMUSMYYDKCXFKR-MRJIRHQNSA-N	Chemical Probes Portal	toxicophore	0	Yes
DMUSMYYDKCXFKR-MRJIRHQNSA-N	Chemical Probes Portal	published_date	0	2022-11-22
DMUSMYYDKCXFKR-MRJIRHQNSA-N	Chemical Probes Portal	canSAR_ID	0	3567225
DMUSMYYDKCXFKR-MRJIRHQNSA-N	Chemical Probes Portal	url	0	https://www.chemicalprobes.org/bsj-01-175
VNSQFPFWUAZOTQ-UHFFFAOYSA-N	Chemical Probes Portal	rating_in_cell	0	3.3333333333333335
VNSQFPFWUAZOTQ-UHFFFAOYSA-N	Chemical Probes Portal	rating_in_organism	0	3
VNSQFPFWUAZOTQ-UHFFFAOYSA-N	Chemical Probes Portal	rating_count	0	3
VNSQFPFWUAZOTQ-UHFFFAOYSA-N	Chemical Probes Portal	unsuitable	0	No
VNSQFPFWUAZOTQ-UHFFFAOYSA-N	Chemical Probes Portal	pains	0	No
VNSQFPFWUAZOTQ-UHFFFAOYSA-N	Chemical Probes Portal	toxicophore	0	No
VNSQFPFWUAZOTQ-UHFFFAOYSA-N	Chemical Probes Portal	published_date	0	2023-10-06
VNSQFPFWUAZOTQ-UHFFFAOYSA-N	Chemical Probes Portal	canSAR_ID	0	4118799
VNSQFPFWUAZOTQ-UHFFFAOYSA-N	Chemical Probes Portal	url	0	https://www.chemicalprobes.org/pf-9363
LXRBPWHQMGKMRT-GOSISDBHSA-N	Chemical Probes Portal	rating_in_cell	0	4
LXRBPWHQMGKMRT-GOSISDBHSA-N	Chemical Probes Portal	rating_in_organism	0	0
LXRBPWHQMGKMRT-GOSISDBHSA-N	Chemical Probes Portal	rating_count	0	2
LXRBPWHQMGKMRT-GOSISDBHSA-N	Chemical Probes Portal	unsuitable	0	No
LXRBPWHQMGKMRT-GOSISDBHSA-N	Chemical Probes Portal	pains	0	No
LXRBPWHQMGKMRT-GOSISDBHSA-N	Chemical Probes Portal	toxicophore	0	No
LXRBPWHQMGKMRT-GOSISDBHSA-N	Chemical Probes Portal	published_date	0	2023-06-12
LXRBPWHQMGKMRT-GOSISDBHSA-N	Chemical Probes Portal	canSAR_ID	0	3935406
LXRBPWHQMGKMRT-GOSISDBHSA-N	Chemical Probes Portal	url	0	https://www.chemicalprobes.org/bay-805
XUOJHVFYSAMHNK-GWMXKSKGSA-N	Chemical Probes Portal	rating_in_cell	0	3
XUOJHVFYSAMHNK-GWMXKSKGSA-N	Chemical Probes Portal	rating_in_organism	0	3
XUOJHVFYSAMHNK-GWMXKSKGSA-N	Chemical Probes Portal	rating_count	0	1
XUOJHVFYSAMHNK-GWMXKSKGSA-N	Chemical Probes Portal	unsuitable	0	No
XUOJHVFYSAMHNK-GWMXKSKGSA-N	Chemical Probes Portal	pains	0	No
XUOJHVFYSAMHNK-GWMXKSKGSA-N	Chemical Probes Portal	toxicophore	0	No
XUOJHVFYSAMHNK-GWMXKSKGSA-N	Chemical Probes Portal	published_date	0	2023-10-09
XUOJHVFYSAMHNK-GWMXKSKGSA-N	Chemical Probes Portal	canSAR_ID	0	4127410
XUOJHVFYSAMHNK-GWMXKSKGSA-N	Chemical Probes Portal	url	0	https://www.chemicalprobes.org/iacs-52825
IVOACCSOISMVBL-UHFFFAOYSA-N	Chemical Probes Portal	rating_in_cell	0	4
IVOACCSOISMVBL-UHFFFAOYSA-N	Chemical Probes Portal	rating_in_organism	0	4
IVOACCSOISMVBL-UHFFFAOYSA-N	Chemical Probes Portal	rating_count	0	2
IVOACCSOISMVBL-UHFFFAOYSA-N	Chemical Probes Portal	unsuitable	0	No
IVOACCSOISMVBL-UHFFFAOYSA-N	Chemical Probes Portal	pains	0	No
IVOACCSOISMVBL-UHFFFAOYSA-N	Chemical Probes Portal	toxicophore	0	No
IVOACCSOISMVBL-UHFFFAOYSA-N	Chemical Probes Portal	published_date	0	2023-10-06
IVOACCSOISMVBL-UHFFFAOYSA-N	Chemical Probes Portal	canSAR_ID	0	659577
IVOACCSOISMVBL-UHFFFAOYSA-N	Chemical Probes Portal	url	0	https://www.chemicalprobes.org/jnj-42226314
HEUVRFNVTLGKMZ-SANMLTNESA-N	Chemical Probes Portal	rating_in_cell	0	2.5
HEUVRFNVTLGKMZ-SANMLTNESA-N	Chemical Probes Portal	rating_in_organism	0	3.5
HEUVRFNVTLGKMZ-SANMLTNESA-N	Chemical Probes Portal	rating_count	0	2
HEUVRFNVTLGKMZ-SANMLTNESA-N	Chemical Probes Portal	unsuitable	0	No
HEUVRFNVTLGKMZ-SANMLTNESA-N	Chemical Probes Portal	pains	0	No
HEUVRFNVTLGKMZ-SANMLTNESA-N	Chemical Probes Portal	toxicophore	0	No
HEUVRFNVTLGKMZ-SANMLTNESA-N	Chemical Probes Portal	published_date	0	2020-05-21
HEUVRFNVTLGKMZ-SANMLTNESA-N	Chemical Probes Portal	canSAR_ID	0	2920851
HEUVRFNVTLGKMZ-SANMLTNESA-N	Chemical Probes Portal	url	0	https://www.chemicalprobes.org/abt-100
DNVXATUJJDPFDM-KRWDZBQOSA-N	Chemical Probes Portal	rating_in_cell	0	4
DNVXATUJJDPFDM-KRWDZBQOSA-N	Chemical Probes Portal	rating_in_organism	0	3
DNVXATUJJDPFDM-KRWDZBQOSA-N	Chemical Probes Portal	rating_count	0	3
DNVXATUJJDPFDM-KRWDZBQOSA-N	Chemical Probes Portal	unsuitable	0	No
DNVXATUJJDPFDM-KRWDZBQOSA-N	Chemical Probes Portal	pains	0	No
DNVXATUJJDPFDM-KRWDZBQOSA-N	Chemical Probes Portal	toxicophore	0	No
DNVXATUJJDPFDM-KRWDZBQOSA-N	Chemical Probes Portal	published_date	0	2015-07-13
DNVXATUJJDPFDM-KRWDZBQOSA-N	Chemical Probes Portal	canSAR_ID	0	375603
DNVXATUJJDPFDM-KRWDZBQOSA-N	Chemical Probes Portal	url	0	https://www.chemicalprobes.org/jq1
NZYTZRHHBAJPKN-UHFFFAOYSA-N	Chemical Probes Portal	rating_in_cell	0	3.5
NZYTZRHHBAJPKN-UHFFFAOYSA-N	Chemical Probes Portal	rating_in_organism	0	0
NZYTZRHHBAJPKN-UHFFFAOYSA-N	Chemical Probes Portal	rating_count	0	2
NZYTZRHHBAJPKN-UHFFFAOYSA-N	Chemical Probes Portal	unsuitable	0	No
NZYTZRHHBAJPKN-UHFFFAOYSA-N	Chemical Probes Portal	pains	0	No
NZYTZRHHBAJPKN-UHFFFAOYSA-N	Chemical Probes Portal	toxicophore	0	No
NZYTZRHHBAJPKN-UHFFFAOYSA-N	Chemical Probes Portal	published_date	0	2020-05-29
NZYTZRHHBAJPKN-UHFFFAOYSA-N	Chemical Probes Portal	canSAR_ID	0	2897449
NZYTZRHHBAJPKN-UHFFFAOYSA-N	Chemical Probes Portal	url	0	https://www.chemicalprobes.org/mrk-740
RCINICONZNJXQF-MZXODVADSA-N	Chemical Probes Portal	rating_in_cell	0	4
RCINICONZNJXQF-MZXODVADSA-N	Chemical Probes Portal	rating_in_organism	0	4
RCINICONZNJXQF-MZXODVADSA-N	Chemical Probes Portal	rating_count	0	1
RCINICONZNJXQF-MZXODVADSA-N	Chemical Probes Portal	unsuitable	0	No
RCINICONZNJXQF-MZXODVADSA-N	Chemical Probes Portal	pains	0	No
RCINICONZNJXQF-MZXODVADSA-N	Chemical Probes Portal	toxicophore	0	No
RCINICONZNJXQF-MZXODVADSA-N	Chemical Probes Portal	published_date	0	2017-06-10
RCINICONZNJXQF-MZXODVADSA-N	Chemical Probes Portal	canSAR_ID	0	991478
RCINICONZNJXQF-MZXODVADSA-N	Chemical Probes Portal	url	0	https://www.chemicalprobes.org/taxol
BDYDINKSILYBOL-WMZHIEFXSA-N	Chemical Probes Portal	rating_in_cell	0	3.6666666666666665
BDYDINKSILYBOL-WMZHIEFXSA-N	Chemical Probes Portal	rating_in_organism	0	2
BDYDINKSILYBOL-WMZHIEFXSA-N	Chemical Probes Portal	rating_count	0	3
BDYDINKSILYBOL-WMZHIEFXSA-N	Chemical Probes Portal	unsuitable	0	No
BDYDINKSILYBOL-WMZHIEFXSA-N	Chemical Probes Portal	pains	0	No
BDYDINKSILYBOL-WMZHIEFXSA-N	Chemical Probes Portal	toxicophore	0	No
BDYDINKSILYBOL-WMZHIEFXSA-N	Chemical Probes Portal	published_date	0	2015-11-09
BDYDINKSILYBOL-WMZHIEFXSA-N	Chemical Probes Portal	canSAR_ID	0	2905553
BDYDINKSILYBOL-WMZHIEFXSA-N	Chemical Probes Portal	url	0	https://www.chemicalprobes.org/gsk484
DUCNNEYLFOQFSW-PMERELPUSA-N	Chemical Probes Portal	rating_in_cell	0	3
DUCNNEYLFOQFSW-PMERELPUSA-N	Chemical Probes Portal	rating_in_organism	0	2.5
DUCNNEYLFOQFSW-PMERELPUSA-N	Chemical Probes Portal	rating_count	0	2
DUCNNEYLFOQFSW-PMERELPUSA-N	Chemical Probes Portal	unsuitable	0	No
DUCNNEYLFOQFSW-PMERELPUSA-N	Chemical Probes Portal	pains	0	No
DUCNNEYLFOQFSW-PMERELPUSA-N	Chemical Probes Portal	toxicophore	0	No
DUCNNEYLFOQFSW-PMERELPUSA-N	Chemical Probes Portal	published_date	0	2015-11-10
DUCNNEYLFOQFSW-PMERELPUSA-N	Chemical Probes Portal	canSAR_ID	0	2942156
DUCNNEYLFOQFSW-PMERELPUSA-N	Chemical Probes Portal	url	0	https://www.chemicalprobes.org/gsk864
RPBMXJHQYJLPDN-UHFFFAOYSA-N	Chemical Probes Portal	rating_in_cell	0	3.5
RPBMXJHQYJLPDN-UHFFFAOYSA-N	Chemical Probes Portal	rating_in_organism	0	0
RPBMXJHQYJLPDN-UHFFFAOYSA-N	Chemical Probes Portal	rating_count	0	2
RPBMXJHQYJLPDN-UHFFFAOYSA-N	Chemical Probes Portal	unsuitable	0	No
RPBMXJHQYJLPDN-UHFFFAOYSA-N	Chemical Probes Portal	pains	0	No
RPBMXJHQYJLPDN-UHFFFAOYSA-N	Chemical Probes Portal	toxicophore	0	No
RPBMXJHQYJLPDN-UHFFFAOYSA-N	Chemical Probes Portal	published_date	0	2022-07-01
RPBMXJHQYJLPDN-UHFFFAOYSA-N	Chemical Probes Portal	canSAR_ID	0	1681330
RPBMXJHQYJLPDN-UHFFFAOYSA-N	Chemical Probes Portal	url	0	https://www.chemicalprobes.org/tp-472
RNEOHKZPZKEZCQ-UHFFFAOYSA-N	Chemical Probes Portal	rating_in_cell	0	2
RNEOHKZPZKEZCQ-UHFFFAOYSA-N	Chemical Probes Portal	rating_in_organism	0	0
RNEOHKZPZKEZCQ-UHFFFAOYSA-N	Chemical Probes Portal	rating_count	0	1
RNEOHKZPZKEZCQ-UHFFFAOYSA-N	Chemical Probes Portal	unsuitable	0	No
RNEOHKZPZKEZCQ-UHFFFAOYSA-N	Chemical Probes Portal	pains	0	No
RNEOHKZPZKEZCQ-UHFFFAOYSA-N	Chemical Probes Portal	toxicophore	0	Yes
RNEOHKZPZKEZCQ-UHFFFAOYSA-N	Chemical Probes Portal	published_date	0	2023-11-03
RNEOHKZPZKEZCQ-UHFFFAOYSA-N	Chemical Probes Portal	canSAR_ID	0	877101
RNEOHKZPZKEZCQ-UHFFFAOYSA-N	Chemical Probes Portal	url	0	https://www.chemicalprobes.org/capzimin
UYKVJQCPBDDIFD-ZSEKCTLFSA-N	Chemical Probes Portal	rating_in_cell	0	0
UYKVJQCPBDDIFD-ZSEKCTLFSA-N	Chemical Probes Portal	rating_in_organism	0	0
UYKVJQCPBDDIFD-ZSEKCTLFSA-N	Chemical Probes Portal	rating_count	0	0
UYKVJQCPBDDIFD-ZSEKCTLFSA-N	Chemical Probes Portal	unsuitable	0	No
UYKVJQCPBDDIFD-ZSEKCTLFSA-N	Chemical Probes Portal	pains	0	No
UYKVJQCPBDDIFD-ZSEKCTLFSA-N	Chemical Probes Portal	toxicophore	0	No
UYKVJQCPBDDIFD-ZSEKCTLFSA-N	Chemical Probes Portal	published_date	0	2023-10-31
UYKVJQCPBDDIFD-ZSEKCTLFSA-N	Chemical Probes Portal	canSAR_ID	0	3245128
UYKVJQCPBDDIFD-ZSEKCTLFSA-N	Chemical Probes Portal	url	0	https://www.chemicalprobes.org/shr1653
RMCSKUADBRROSI-UHFFFAOYSA-N	Chemical Probes Portal	rating_in_cell	0	4
RMCSKUADBRROSI-UHFFFAOYSA-N	Chemical Probes Portal	rating_in_organism	0	0
RMCSKUADBRROSI-UHFFFAOYSA-N	Chemical Probes Portal	rating_count	0	1
RMCSKUADBRROSI-UHFFFAOYSA-N	Chemical Probes Portal	unsuitable	0	No
RMCSKUADBRROSI-UHFFFAOYSA-N	Chemical Probes Portal	pains	0	No
RMCSKUADBRROSI-UHFFFAOYSA-N	Chemical Probes Portal	toxicophore	0	No
RMCSKUADBRROSI-UHFFFAOYSA-N	Chemical Probes Portal	published_date	0	2022-08-03
RMCSKUADBRROSI-UHFFFAOYSA-N	Chemical Probes Portal	canSAR_ID	0	338263
RMCSKUADBRROSI-UHFFFAOYSA-N	Chemical Probes Portal	url	0	https://www.chemicalprobes.org/sb-714786
RWRSKMSFZCQDMQ-UHFFFAOYSA-N	Chemical Probes Portal	rating_in_cell	0	0
RWRSKMSFZCQDMQ-UHFFFAOYSA-N	Chemical Probes Portal	rating_in_organism	0	0
RWRSKMSFZCQDMQ-UHFFFAOYSA-N	Chemical Probes Portal	rating_count	0	0
RWRSKMSFZCQDMQ-UHFFFAOYSA-N	Chemical Probes Portal	unsuitable	0	No
RWRSKMSFZCQDMQ-UHFFFAOYSA-N	Chemical Probes Portal	pains	0	Yes
RWRSKMSFZCQDMQ-UHFFFAOYSA-N	Chemical Probes Portal	toxicophore	0	No
RWRSKMSFZCQDMQ-UHFFFAOYSA-N	Chemical Probes Portal	published_date	0	2023-06-30
RWRSKMSFZCQDMQ-UHFFFAOYSA-N	Chemical Probes Portal	canSAR_ID	0	3931021
RWRSKMSFZCQDMQ-UHFFFAOYSA-N	Chemical Probes Portal	url	0	https://www.chemicalprobes.org/ttbk1-in-2
RIWTUJFFSTVYPW-UHFFFAOYSA-N	Chemical Probes Portal	rating_in_cell	0	3
RIWTUJFFSTVYPW-UHFFFAOYSA-N	Chemical Probes Portal	rating_in_organism	0	2.3333333333333335
RIWTUJFFSTVYPW-UHFFFAOYSA-N	Chemical Probes Portal	rating_count	0	3
RIWTUJFFSTVYPW-UHFFFAOYSA-N	Chemical Probes Portal	unsuitable	0	No
RIWTUJFFSTVYPW-UHFFFAOYSA-N	Chemical Probes Portal	pains	0	No
RIWTUJFFSTVYPW-UHFFFAOYSA-N	Chemical Probes Portal	toxicophore	0	No
RIWTUJFFSTVYPW-UHFFFAOYSA-N	Chemical Probes Portal	published_date	0	2022-06-08
RIWTUJFFSTVYPW-UHFFFAOYSA-N	Chemical Probes Portal	canSAR_ID	0	3196344
RIWTUJFFSTVYPW-UHFFFAOYSA-N	Chemical Probes Portal	url	0	https://www.chemicalprobes.org/m4k2234
QARLNMDDSQMINK-BVRKHOPBSA-N	Chemical Probes Portal	rating_in_cell	0	0
QARLNMDDSQMINK-BVRKHOPBSA-N	Chemical Probes Portal	rating_in_organism	0	0
QARLNMDDSQMINK-BVRKHOPBSA-N	Chemical Probes Portal	rating_count	0	0
QARLNMDDSQMINK-BVRKHOPBSA-N	Chemical Probes Portal	unsuitable	0	No
QARLNMDDSQMINK-BVRKHOPBSA-N	Chemical Probes Portal	pains	0	No
QARLNMDDSQMINK-BVRKHOPBSA-N	Chemical Probes Portal	toxicophore	0	No
QARLNMDDSQMINK-BVRKHOPBSA-N	Chemical Probes Portal	published_date	0	2022-10-07
QARLNMDDSQMINK-BVRKHOPBSA-N	Chemical Probes Portal	canSAR_ID	0	3060670
QARLNMDDSQMINK-BVRKHOPBSA-N	Chemical Probes Portal	url	0	https://www.chemicalprobes.org/incb086550
HKASDKLLEVWKJA-YADARESESA-N	Chemical Probes Portal	rating_in_cell	0	2
HKASDKLLEVWKJA-YADARESESA-N	Chemical Probes Portal	rating_in_organism	0	3
HKASDKLLEVWKJA-YADARESESA-N	Chemical Probes Portal	rating_count	0	2
HKASDKLLEVWKJA-YADARESESA-N	Chemical Probes Portal	unsuitable	0	No
HKASDKLLEVWKJA-YADARESESA-N	Chemical Probes Portal	pains	0	No
HKASDKLLEVWKJA-YADARESESA-N	Chemical Probes Portal	toxicophore	0	No
HKASDKLLEVWKJA-YADARESESA-N	Chemical Probes Portal	published_date	0	2022-06-08
HKASDKLLEVWKJA-YADARESESA-N	Chemical Probes Portal	canSAR_ID	0	577259
HKASDKLLEVWKJA-YADARESESA-N	Chemical Probes Portal	url	0	https://www.chemicalprobes.org/bi-5756
MDUYWDNWFXSMJJ-XWLWVQCSSA-N	Chemical Probes Portal	rating_in_cell	0	0
MDUYWDNWFXSMJJ-XWLWVQCSSA-N	Chemical Probes Portal	rating_in_organism	0	0
MDUYWDNWFXSMJJ-XWLWVQCSSA-N	Chemical Probes Portal	rating_count	0	0
MDUYWDNWFXSMJJ-XWLWVQCSSA-N	Chemical Probes Portal	unsuitable	0	No
MDUYWDNWFXSMJJ-XWLWVQCSSA-N	Chemical Probes Portal	pains	0	No
MDUYWDNWFXSMJJ-XWLWVQCSSA-N	Chemical Probes Portal	toxicophore	0	No
MDUYWDNWFXSMJJ-XWLWVQCSSA-N	Chemical Probes Portal	published_date	0	2023-10-11
MDUYWDNWFXSMJJ-XWLWVQCSSA-N	Chemical Probes Portal	canSAR_ID	0	2979899
MDUYWDNWFXSMJJ-XWLWVQCSSA-N	Chemical Probes Portal	url	0	https://www.chemicalprobes.org/pf-06835919
XRDVXQQZLHVEQZ-UHFFFAOYSA-N	Chemical Probes Portal	rating_in_cell	0	4
XRDVXQQZLHVEQZ-UHFFFAOYSA-N	Chemical Probes Portal	rating_in_organism	0	3
XRDVXQQZLHVEQZ-UHFFFAOYSA-N	Chemical Probes Portal	rating_count	0	1
XRDVXQQZLHVEQZ-UHFFFAOYSA-N	Chemical Probes Portal	unsuitable	0	No
XRDVXQQZLHVEQZ-UHFFFAOYSA-N	Chemical Probes Portal	pains	0	No
XRDVXQQZLHVEQZ-UHFFFAOYSA-N	Chemical Probes Portal	toxicophore	0	No
XRDVXQQZLHVEQZ-UHFFFAOYSA-N	Chemical Probes Portal	published_date	0	2023-10-13
XRDVXQQZLHVEQZ-UHFFFAOYSA-N	Chemical Probes Portal	canSAR_ID	0	300539
XRDVXQQZLHVEQZ-UHFFFAOYSA-N	Chemical Probes Portal	url	0	https://www.chemicalprobes.org/gne-617
MZBOZBMARIQZGX-GRRGFIRHSA-N	Chemical Probes Portal	rating_in_cell	0	3
MZBOZBMARIQZGX-GRRGFIRHSA-N	Chemical Probes Portal	rating_in_organism	0	3
MZBOZBMARIQZGX-GRRGFIRHSA-N	Chemical Probes Portal	rating_count	0	3
MZBOZBMARIQZGX-GRRGFIRHSA-N	Chemical Probes Portal	unsuitable	0	No
MZBOZBMARIQZGX-GRRGFIRHSA-N	Chemical Probes Portal	pains	0	No
MZBOZBMARIQZGX-GRRGFIRHSA-N	Chemical Probes Portal	toxicophore	0	No
MZBOZBMARIQZGX-GRRGFIRHSA-N	Chemical Probes Portal	published_date	0	2017-06-06
MZBOZBMARIQZGX-GRRGFIRHSA-N	Chemical Probes Portal	canSAR_ID	0	737489
MZBOZBMARIQZGX-GRRGFIRHSA-N	Chemical Probes Portal	url	0	https://www.chemicalprobes.org/mi-888
LZNFQRSVDZCPTR-SCFUHWHPSA-N	Chemical Probes Portal	rating_in_cell	0	2
LZNFQRSVDZCPTR-SCFUHWHPSA-N	Chemical Probes Portal	rating_in_organism	0	2
LZNFQRSVDZCPTR-SCFUHWHPSA-N	Chemical Probes Portal	rating_count	0	3
LZNFQRSVDZCPTR-SCFUHWHPSA-N	Chemical Probes Portal	unsuitable	0	No
LZNFQRSVDZCPTR-SCFUHWHPSA-N	Chemical Probes Portal	pains	0	No
LZNFQRSVDZCPTR-SCFUHWHPSA-N	Chemical Probes Portal	toxicophore	0	No
LZNFQRSVDZCPTR-SCFUHWHPSA-N	Chemical Probes Portal	published_date	0	2016-07-29
LZNFQRSVDZCPTR-SCFUHWHPSA-N	Chemical Probes Portal	canSAR_ID	0	2870539
LZNFQRSVDZCPTR-SCFUHWHPSA-N	Chemical Probes Portal	url	0	https://www.chemicalprobes.org/abpa3
UNRTVIQQMJRQLZ-UHFFFAOYSA-N	Chemical Probes Portal	rating_in_cell	0	3
UNRTVIQQMJRQLZ-UHFFFAOYSA-N	Chemical Probes Portal	rating_in_organism	0	3
UNRTVIQQMJRQLZ-UHFFFAOYSA-N	Chemical Probes Portal	rating_count	0	1
UNRTVIQQMJRQLZ-UHFFFAOYSA-N	Chemical Probes Portal	unsuitable	0	No
UNRTVIQQMJRQLZ-UHFFFAOYSA-N	Chemical Probes Portal	pains	0	No
UNRTVIQQMJRQLZ-UHFFFAOYSA-N	Chemical Probes Portal	toxicophore	0	No
UNRTVIQQMJRQLZ-UHFFFAOYSA-N	Chemical Probes Portal	published_date	0	2023-07-25
UNRTVIQQMJRQLZ-UHFFFAOYSA-N	Chemical Probes Portal	canSAR_ID	0	3931189
UNRTVIQQMJRQLZ-UHFFFAOYSA-N	Chemical Probes Portal	url	0	https://www.chemicalprobes.org/gne-7883
LQHDIGAYVSAVRJ-UHFFFAOYSA-N	Chemical Probes Portal	rating_in_cell	0	3.3333333333333335
LQHDIGAYVSAVRJ-UHFFFAOYSA-N	Chemical Probes Portal	rating_in_organism	0	2
LQHDIGAYVSAVRJ-UHFFFAOYSA-N	Chemical Probes Portal	rating_count	0	3
LQHDIGAYVSAVRJ-UHFFFAOYSA-N	Chemical Probes Portal	unsuitable	0	No
LQHDIGAYVSAVRJ-UHFFFAOYSA-N	Chemical Probes Portal	pains	0	No
LQHDIGAYVSAVRJ-UHFFFAOYSA-N	Chemical Probes Portal	toxicophore	0	No
LQHDIGAYVSAVRJ-UHFFFAOYSA-N	Chemical Probes Portal	published_date	0	2016-12-12
LQHDIGAYVSAVRJ-UHFFFAOYSA-N	Chemical Probes Portal	canSAR_ID	0	2933153
LQHDIGAYVSAVRJ-UHFFFAOYSA-N	Chemical Probes Portal	url	0	https://www.chemicalprobes.org/bibet
BWBUPDTUXQDHSX-AWEZNQCLSA-N	Chemical Probes Portal	rating_in_cell	0	3
BWBUPDTUXQDHSX-AWEZNQCLSA-N	Chemical Probes Portal	rating_in_organism	0	3
BWBUPDTUXQDHSX-AWEZNQCLSA-N	Chemical Probes Portal	rating_count	0	2
BWBUPDTUXQDHSX-AWEZNQCLSA-N	Chemical Probes Portal	unsuitable	0	No
BWBUPDTUXQDHSX-AWEZNQCLSA-N	Chemical Probes Portal	pains	0	No
BWBUPDTUXQDHSX-AWEZNQCLSA-N	Chemical Probes Portal	toxicophore	0	No
BWBUPDTUXQDHSX-AWEZNQCLSA-N	Chemical Probes Portal	published_date	0	2023-11-01
BWBUPDTUXQDHSX-AWEZNQCLSA-N	Chemical Probes Portal	canSAR_ID	0	2855624
BWBUPDTUXQDHSX-AWEZNQCLSA-N	Chemical Probes Portal	url	0	https://www.chemicalprobes.org/cs640
ZRHWCAFAIHTQKD-QGZVFWFLSA-N	Chemical Probes Portal	rating_in_cell	0	4
ZRHWCAFAIHTQKD-QGZVFWFLSA-N	Chemical Probes Portal	rating_in_organism	0	2
ZRHWCAFAIHTQKD-QGZVFWFLSA-N	Chemical Probes Portal	rating_count	0	1
ZRHWCAFAIHTQKD-QGZVFWFLSA-N	Chemical Probes Portal	unsuitable	0	No
ZRHWCAFAIHTQKD-QGZVFWFLSA-N	Chemical Probes Portal	pains	0	No
ZRHWCAFAIHTQKD-QGZVFWFLSA-N	Chemical Probes Portal	toxicophore	0	No
ZRHWCAFAIHTQKD-QGZVFWFLSA-N	Chemical Probes Portal	published_date	0	2023-10-16
ZRHWCAFAIHTQKD-QGZVFWFLSA-N	Chemical Probes Portal	canSAR_ID	0	1534082
ZRHWCAFAIHTQKD-QGZVFWFLSA-N	Chemical Probes Portal	url	0	https://www.chemicalprobes.org/abl127
CQAPXPSWLDAVEG-UHFFFAOYSA-N	Chemical Probes Portal	rating_in_cell	0	3
CQAPXPSWLDAVEG-UHFFFAOYSA-N	Chemical Probes Portal	rating_in_organism	0	3
CQAPXPSWLDAVEG-UHFFFAOYSA-N	Chemical Probes Portal	rating_count	0	1
CQAPXPSWLDAVEG-UHFFFAOYSA-N	Chemical Probes Portal	unsuitable	0	No
CQAPXPSWLDAVEG-UHFFFAOYSA-N	Chemical Probes Portal	pains	0	No
CQAPXPSWLDAVEG-UHFFFAOYSA-N	Chemical Probes Portal	toxicophore	0	No
CQAPXPSWLDAVEG-UHFFFAOYSA-N	Chemical Probes Portal	published_date	0	2023-10-11
CQAPXPSWLDAVEG-UHFFFAOYSA-N	Chemical Probes Portal	canSAR_ID	0	3891163
CQAPXPSWLDAVEG-UHFFFAOYSA-N	Chemical Probes Portal	url	0	https://www.chemicalprobes.org/t-690
YNVKFHIWFDRVNY-UHFFFAOYSA-N	Chemical Probes Portal	rating_in_cell	0	3
YNVKFHIWFDRVNY-UHFFFAOYSA-N	Chemical Probes Portal	rating_in_organism	0	3
YNVKFHIWFDRVNY-UHFFFAOYSA-N	Chemical Probes Portal	rating_count	0	1
YNVKFHIWFDRVNY-UHFFFAOYSA-N	Chemical Probes Portal	unsuitable	0	No
YNVKFHIWFDRVNY-UHFFFAOYSA-N	Chemical Probes Portal	pains	0	No
YNVKFHIWFDRVNY-UHFFFAOYSA-N	Chemical Probes Portal	toxicophore	0	No
YNVKFHIWFDRVNY-UHFFFAOYSA-N	Chemical Probes Portal	published_date	0	2023-10-31
YNVKFHIWFDRVNY-UHFFFAOYSA-N	Chemical Probes Portal	canSAR_ID	0	1448719
YNVKFHIWFDRVNY-UHFFFAOYSA-N	Chemical Probes Portal	url	0	https://www.chemicalprobes.org/hs665
OBJNFLYHUXWUPF-IZZDOVSWSA-N	Chemical Probes Portal	rating_in_cell	0	3.3333333333333335
OBJNFLYHUXWUPF-IZZDOVSWSA-N	Chemical Probes Portal	rating_in_organism	0	3
OBJNFLYHUXWUPF-IZZDOVSWSA-N	Chemical Probes Portal	rating_count	0	3
OBJNFLYHUXWUPF-IZZDOVSWSA-N	Chemical Probes Portal	unsuitable	0	No
OBJNFLYHUXWUPF-IZZDOVSWSA-N	Chemical Probes Portal	pains	0	No
OBJNFLYHUXWUPF-IZZDOVSWSA-N	Chemical Probes Portal	toxicophore	0	Yes
OBJNFLYHUXWUPF-IZZDOVSWSA-N	Chemical Probes Portal	published_date	0	2015-12-10
OBJNFLYHUXWUPF-IZZDOVSWSA-N	Chemical Probes Portal	canSAR_ID	0	853184
OBJNFLYHUXWUPF-IZZDOVSWSA-N	Chemical Probes Portal	url	0	https://www.chemicalprobes.org/thz1
QVQHWPLHUNEREE-UHFFFAOYSA-N	Chemical Probes Portal	rating_in_cell	0	3
QVQHWPLHUNEREE-UHFFFAOYSA-N	Chemical Probes Portal	rating_in_organism	0	3
QVQHWPLHUNEREE-UHFFFAOYSA-N	Chemical Probes Portal	rating_count	0	2
QVQHWPLHUNEREE-UHFFFAOYSA-N	Chemical Probes Portal	unsuitable	0	No
QVQHWPLHUNEREE-UHFFFAOYSA-N	Chemical Probes Portal	pains	0	No
QVQHWPLHUNEREE-UHFFFAOYSA-N	Chemical Probes Portal	toxicophore	0	No
QVQHWPLHUNEREE-UHFFFAOYSA-N	Chemical Probes Portal	published_date	0	2023-10-31
QVQHWPLHUNEREE-UHFFFAOYSA-N	Chemical Probes Portal	canSAR_ID	0	3929729
QVQHWPLHUNEREE-UHFFFAOYSA-N	Chemical Probes Portal	url	0	https://www.chemicalprobes.org/aruk2001607
XVFDNRYZXDHTHT-PXAZEXFGSA-N	Chemical Probes Portal	rating_in_cell	0	4
XVFDNRYZXDHTHT-PXAZEXFGSA-N	Chemical Probes Portal	rating_in_organism	0	4
XVFDNRYZXDHTHT-PXAZEXFGSA-N	Chemical Probes Portal	rating_count	0	3
XVFDNRYZXDHTHT-PXAZEXFGSA-N	Chemical Probes Portal	unsuitable	0	No
XVFDNRYZXDHTHT-PXAZEXFGSA-N	Chemical Probes Portal	pains	0	No
XVFDNRYZXDHTHT-PXAZEXFGSA-N	Chemical Probes Portal	toxicophore	0	No
XVFDNRYZXDHTHT-PXAZEXFGSA-N	Chemical Probes Portal	published_date	0	2022-06-08
XVFDNRYZXDHTHT-PXAZEXFGSA-N	Chemical Probes Portal	canSAR_ID	0	3178755
XVFDNRYZXDHTHT-PXAZEXFGSA-N	Chemical Probes Portal	url	0	https://www.chemicalprobes.org/bi-3406
IVYQPSHHYIAUFO-VXKWHMMOSA-N	Chemical Probes Portal	rating_in_cell	0	3.5
IVYQPSHHYIAUFO-VXKWHMMOSA-N	Chemical Probes Portal	rating_in_organism	0	0
IVYQPSHHYIAUFO-VXKWHMMOSA-N	Chemical Probes Portal	rating_count	0	2
IVYQPSHHYIAUFO-VXKWHMMOSA-N	Chemical Probes Portal	unsuitable	0	No
IVYQPSHHYIAUFO-VXKWHMMOSA-N	Chemical Probes Portal	pains	0	No
IVYQPSHHYIAUFO-VXKWHMMOSA-N	Chemical Probes Portal	toxicophore	0	No
IVYQPSHHYIAUFO-VXKWHMMOSA-N	Chemical Probes Portal	published_date	0	2023-11-03
IVYQPSHHYIAUFO-VXKWHMMOSA-N	Chemical Probes Portal	canSAR_ID	0	3156595
IVYQPSHHYIAUFO-VXKWHMMOSA-N	Chemical Probes Portal	url	0	https://www.chemicalprobes.org/gsk1016790a
RVOZYMPVGIVNJX-UHFFFAOYSA-N	Chemical Probes Portal	rating_in_cell	0	2
RVOZYMPVGIVNJX-UHFFFAOYSA-N	Chemical Probes Portal	rating_in_organism	0	2
RVOZYMPVGIVNJX-UHFFFAOYSA-N	Chemical Probes Portal	rating_count	0	1
RVOZYMPVGIVNJX-UHFFFAOYSA-N	Chemical Probes Portal	unsuitable	0	No
RVOZYMPVGIVNJX-UHFFFAOYSA-N	Chemical Probes Portal	pains	0	No
RVOZYMPVGIVNJX-UHFFFAOYSA-N	Chemical Probes Portal	toxicophore	0	No
RVOZYMPVGIVNJX-UHFFFAOYSA-N	Chemical Probes Portal	published_date	0	2023-10-04
RVOZYMPVGIVNJX-UHFFFAOYSA-N	Chemical Probes Portal	canSAR_ID	0	3935432
RVOZYMPVGIVNJX-UHFFFAOYSA-N	Chemical Probes Portal	url	0	https://www.chemicalprobes.org/bay-7081
DFQGDHBGRSTTHX-UHFFFAOYSA-N	Chemical Probes Portal	rating_in_cell	0	3.3333333333333335
DFQGDHBGRSTTHX-UHFFFAOYSA-N	Chemical Probes Portal	rating_in_organism	0	3.3333333333333335
DFQGDHBGRSTTHX-UHFFFAOYSA-N	Chemical Probes Portal	rating_count	0	3
DFQGDHBGRSTTHX-UHFFFAOYSA-N	Chemical Probes Portal	unsuitable	0	No
DFQGDHBGRSTTHX-UHFFFAOYSA-N	Chemical Probes Portal	pains	0	No
DFQGDHBGRSTTHX-UHFFFAOYSA-N	Chemical Probes Portal	toxicophore	0	No
DFQGDHBGRSTTHX-UHFFFAOYSA-N	Chemical Probes Portal	published_date	0	2023-10-31
DFQGDHBGRSTTHX-UHFFFAOYSA-N	Chemical Probes Portal	canSAR_ID	0	917167
DFQGDHBGRSTTHX-UHFFFAOYSA-N	Chemical Probes Portal	url	0	https://www.chemicalprobes.org/fiboflapon
HNIFCPBQMKPRCX-UHFFFAOYSA-N	Chemical Probes Portal	rating_in_cell	0	2.6666666666666665
HNIFCPBQMKPRCX-UHFFFAOYSA-N	Chemical Probes Portal	rating_in_organism	0	2.6666666666666665
HNIFCPBQMKPRCX-UHFFFAOYSA-N	Chemical Probes Portal	rating_count	0	3
HNIFCPBQMKPRCX-UHFFFAOYSA-N	Chemical Probes Portal	unsuitable	0	No
HNIFCPBQMKPRCX-UHFFFAOYSA-N	Chemical Probes Portal	pains	0	No
HNIFCPBQMKPRCX-UHFFFAOYSA-N	Chemical Probes Portal	toxicophore	0	No
HNIFCPBQMKPRCX-UHFFFAOYSA-N	Chemical Probes Portal	published_date	0	2023-10-31
HNIFCPBQMKPRCX-UHFFFAOYSA-N	Chemical Probes Portal	canSAR_ID	0	173082
HNIFCPBQMKPRCX-UHFFFAOYSA-N	Chemical Probes Portal	url	0	https://www.chemicalprobes.org/pf-3274167
REQQVBGILUTQNN-UHFFFAOYSA-N	Chemical Probes Portal	rating_in_cell	0	0
REQQVBGILUTQNN-UHFFFAOYSA-N	Chemical Probes Portal	rating_in_organism	0	0
REQQVBGILUTQNN-UHFFFAOYSA-N	Chemical Probes Portal	rating_count	0	0
REQQVBGILUTQNN-UHFFFAOYSA-N	Chemical Probes Portal	unsuitable	0	No
REQQVBGILUTQNN-UHFFFAOYSA-N	Chemical Probes Portal	pains	0	No
REQQVBGILUTQNN-UHFFFAOYSA-N	Chemical Probes Portal	toxicophore	0	No
REQQVBGILUTQNN-UHFFFAOYSA-N	Chemical Probes Portal	published_date	0	2023-12-20
REQQVBGILUTQNN-UHFFFAOYSA-N	Chemical Probes Portal	canSAR_ID	0	875576
REQQVBGILUTQNN-UHFFFAOYSA-N	Chemical Probes Portal	url	0	https://www.chemicalprobes.org/ziritaxestat
YJPWVCIGSHWNON-UHFFFAOYSA-N	Chemical Probes Portal	rating_in_cell	0	4
YJPWVCIGSHWNON-UHFFFAOYSA-N	Chemical Probes Portal	rating_in_organism	0	4
YJPWVCIGSHWNON-UHFFFAOYSA-N	Chemical Probes Portal	rating_count	0	2
YJPWVCIGSHWNON-UHFFFAOYSA-N	Chemical Probes Portal	unsuitable	0	No
YJPWVCIGSHWNON-UHFFFAOYSA-N	Chemical Probes Portal	pains	0	No
YJPWVCIGSHWNON-UHFFFAOYSA-N	Chemical Probes Portal	toxicophore	0	No
YJPWVCIGSHWNON-UHFFFAOYSA-N	Chemical Probes Portal	published_date	0	2023-10-31
YJPWVCIGSHWNON-UHFFFAOYSA-N	Chemical Probes Portal	canSAR_ID	0	564583
YJPWVCIGSHWNON-UHFFFAOYSA-N	Chemical Probes Portal	url	0	https://www.chemicalprobes.org/ngb2904
MCIACXAZCBVDEE-CUUWFGFTSA-N	Chemical Probes Portal	rating_in_cell	0	4
MCIACXAZCBVDEE-CUUWFGFTSA-N	Chemical Probes Portal	rating_in_organism	0	4
MCIACXAZCBVDEE-CUUWFGFTSA-N	Chemical Probes Portal	rating_count	0	2
MCIACXAZCBVDEE-CUUWFGFTSA-N	Chemical Probes Portal	unsuitable	0	No
MCIACXAZCBVDEE-CUUWFGFTSA-N	Chemical Probes Portal	pains	0	No
MCIACXAZCBVDEE-CUUWFGFTSA-N	Chemical Probes Portal	toxicophore	0	No
MCIACXAZCBVDEE-CUUWFGFTSA-N	Chemical Probes Portal	published_date	0	2023-10-16
MCIACXAZCBVDEE-CUUWFGFTSA-N	Chemical Probes Portal	canSAR_ID	0	288905
MCIACXAZCBVDEE-CUUWFGFTSA-N	Chemical Probes Portal	url	0	https://www.chemicalprobes.org/ertugliflozin
TVMJSGGZULFVCZ-XMMPIXPASA-N	Chemical Probes Portal	rating_in_cell	0	3
TVMJSGGZULFVCZ-XMMPIXPASA-N	Chemical Probes Portal	rating_in_organism	0	3
TVMJSGGZULFVCZ-XMMPIXPASA-N	Chemical Probes Portal	rating_count	0	1
TVMJSGGZULFVCZ-XMMPIXPASA-N	Chemical Probes Portal	unsuitable	0	No
TVMJSGGZULFVCZ-XMMPIXPASA-N	Chemical Probes Portal	pains	0	No
TVMJSGGZULFVCZ-XMMPIXPASA-N	Chemical Probes Portal	toxicophore	0	Yes
TVMJSGGZULFVCZ-XMMPIXPASA-N	Chemical Probes Portal	published_date	0	2022-12-20
TVMJSGGZULFVCZ-XMMPIXPASA-N	Chemical Probes Portal	canSAR_ID	0	3446866
TVMJSGGZULFVCZ-XMMPIXPASA-N	Chemical Probes Portal	url	0	https://www.chemicalprobes.org/bibo3304
ZAGCLFXBHOXXEN-JPTLTNPLSA-N	Chemical Probes Portal	rating_in_cell	0	3.6666666666666665
ZAGCLFXBHOXXEN-JPTLTNPLSA-N	Chemical Probes Portal	rating_in_organism	0	0
ZAGCLFXBHOXXEN-JPTLTNPLSA-N	Chemical Probes Portal	rating_count	0	3
ZAGCLFXBHOXXEN-JPTLTNPLSA-N	Chemical Probes Portal	unsuitable	0	No
ZAGCLFXBHOXXEN-JPTLTNPLSA-N	Chemical Probes Portal	pains	0	No
ZAGCLFXBHOXXEN-JPTLTNPLSA-N	Chemical Probes Portal	toxicophore	0	Yes
ZAGCLFXBHOXXEN-JPTLTNPLSA-N	Chemical Probes Portal	published_date	0	2020-11-12
ZAGCLFXBHOXXEN-JPTLTNPLSA-N	Chemical Probes Portal	canSAR_ID	0	3312898
ZAGCLFXBHOXXEN-JPTLTNPLSA-N	Chemical Probes Portal	url	0	https://www.chemicalprobes.org/vz185
YIHHYCIYAIVQKX-MBIULKOWSA-N	Chemical Probes Portal	rating_in_cell	0	0
YIHHYCIYAIVQKX-MBIULKOWSA-N	Chemical Probes Portal	rating_in_organism	0	0
YIHHYCIYAIVQKX-MBIULKOWSA-N	Chemical Probes Portal	rating_count	0	0
YIHHYCIYAIVQKX-MBIULKOWSA-N	Chemical Probes Portal	unsuitable	0	No
YIHHYCIYAIVQKX-MBIULKOWSA-N	Chemical Probes Portal	pains	0	No
YIHHYCIYAIVQKX-MBIULKOWSA-N	Chemical Probes Portal	toxicophore	0	No
YIHHYCIYAIVQKX-MBIULKOWSA-N	Chemical Probes Portal	published_date	0	2024-01-18
YIHHYCIYAIVQKX-MBIULKOWSA-N	Chemical Probes Portal	canSAR_ID	0	3879371
YIHHYCIYAIVQKX-MBIULKOWSA-N	Chemical Probes Portal	url	0	https://www.chemicalprobes.org/camonsertib
MSFPLTWUFWOKBX-IFXJQAMLSA-O	Chemical Probes Portal	rating_in_cell	0	2.5
MSFPLTWUFWOKBX-IFXJQAMLSA-O	Chemical Probes Portal	rating_in_organism	0	2
MSFPLTWUFWOKBX-IFXJQAMLSA-O	Chemical Probes Portal	rating_count	0	6
MSFPLTWUFWOKBX-IFXJQAMLSA-O	Chemical Probes Portal	unsuitable	0	No
MSFPLTWUFWOKBX-IFXJQAMLSA-O	Chemical Probes Portal	pains	0	No
MSFPLTWUFWOKBX-IFXJQAMLSA-O	Chemical Probes Portal	toxicophore	0	No
MSFPLTWUFWOKBX-IFXJQAMLSA-O	Chemical Probes Portal	published_date	0	2017-03-13
MSFPLTWUFWOKBX-IFXJQAMLSA-O	Chemical Probes Portal	canSAR_ID	0	2843266
MSFPLTWUFWOKBX-IFXJQAMLSA-O	Chemical Probes Portal	url	0	https://www.chemicalprobes.org/l-moses
BBIPVJCGIASXJB-PKTZIBPZSA-N	Chemical Probes Portal	rating_in_cell	0	3
BBIPVJCGIASXJB-PKTZIBPZSA-N	Chemical Probes Portal	rating_in_organism	0	3.6666666666666665
BBIPVJCGIASXJB-PKTZIBPZSA-N	Chemical Probes Portal	rating_count	0	3
BBIPVJCGIASXJB-PKTZIBPZSA-N	Chemical Probes Portal	unsuitable	0	No
BBIPVJCGIASXJB-PKTZIBPZSA-N	Chemical Probes Portal	pains	0	No
BBIPVJCGIASXJB-PKTZIBPZSA-N	Chemical Probes Portal	toxicophore	0	No
BBIPVJCGIASXJB-PKTZIBPZSA-N	Chemical Probes Portal	published_date	0	2022-06-08
BBIPVJCGIASXJB-PKTZIBPZSA-N	Chemical Probes Portal	canSAR_ID	0	783181
BBIPVJCGIASXJB-PKTZIBPZSA-N	Chemical Probes Portal	url	0	https://www.chemicalprobes.org/iti-214
SPMVMDHWKHCIDT-UHFFFAOYSA-N	Chemical Probes Portal	rating_in_cell	0	2
SPMVMDHWKHCIDT-UHFFFAOYSA-N	Chemical Probes Portal	rating_in_organism	0	2
SPMVMDHWKHCIDT-UHFFFAOYSA-N	Chemical Probes Portal	rating_count	0	2
SPMVMDHWKHCIDT-UHFFFAOYSA-N	Chemical Probes Portal	unsuitable	0	No
SPMVMDHWKHCIDT-UHFFFAOYSA-N	Chemical Probes Portal	pains	0	No
SPMVMDHWKHCIDT-UHFFFAOYSA-N	Chemical Probes Portal	toxicophore	0	No
SPMVMDHWKHCIDT-UHFFFAOYSA-N	Chemical Probes Portal	published_date	0	2023-08-10
SPMVMDHWKHCIDT-UHFFFAOYSA-N	Chemical Probes Portal	canSAR_ID	0	436369
SPMVMDHWKHCIDT-UHFFFAOYSA-N	Chemical Probes Portal	url	0	https://www.chemicalprobes.org/krn-951
ZRPZPNYZFSJUPA-UHFFFAOYSA-N	Chemical Probes Portal	rating_in_cell	0	2
ZRPZPNYZFSJUPA-UHFFFAOYSA-N	Chemical Probes Portal	rating_in_organism	0	2
ZRPZPNYZFSJUPA-UHFFFAOYSA-N	Chemical Probes Portal	rating_count	0	1
ZRPZPNYZFSJUPA-UHFFFAOYSA-N	Chemical Probes Portal	unsuitable	0	No
ZRPZPNYZFSJUPA-UHFFFAOYSA-N	Chemical Probes Portal	pains	0	No
ZRPZPNYZFSJUPA-UHFFFAOYSA-N	Chemical Probes Portal	toxicophore	0	Yes
ZRPZPNYZFSJUPA-UHFFFAOYSA-N	Chemical Probes Portal	published_date	0	2020-06-11
ZRPZPNYZFSJUPA-UHFFFAOYSA-N	Chemical Probes Portal	canSAR_ID	0	320348
ZRPZPNYZFSJUPA-UHFFFAOYSA-N	Chemical Probes Portal	url	0	https://www.chemicalprobes.org/ars-1620
TUCIOBMMDDOEMM-RIYZIHGNSA-N	Chemical Probes Portal	rating_in_cell	0	0
TUCIOBMMDDOEMM-RIYZIHGNSA-N	Chemical Probes Portal	rating_in_organism	0	0
TUCIOBMMDDOEMM-RIYZIHGNSA-N	Chemical Probes Portal	rating_count	0	0
TUCIOBMMDDOEMM-RIYZIHGNSA-N	Chemical Probes Portal	unsuitable	0	Yes
TUCIOBMMDDOEMM-RIYZIHGNSA-N	Chemical Probes Portal	pains	0	Yes
TUCIOBMMDDOEMM-RIYZIHGNSA-N	Chemical Probes Portal	toxicophore	0	Yes
TUCIOBMMDDOEMM-RIYZIHGNSA-N	Chemical Probes Portal	published_date	0	2024-02-19
TUCIOBMMDDOEMM-RIYZIHGNSA-N	Chemical Probes Portal	canSAR_ID	0	3444910
TUCIOBMMDDOEMM-RIYZIHGNSA-N	Chemical Probes Portal	url	0	https://www.chemicalprobes.org/unsuitables/ag490
NDRFFOKFYGUOKD-ZDUSSCGKSA-N	Chemical Probes Portal	rating_in_cell	0	0
NDRFFOKFYGUOKD-ZDUSSCGKSA-N	Chemical Probes Portal	rating_in_organism	0	0
NDRFFOKFYGUOKD-ZDUSSCGKSA-N	Chemical Probes Portal	rating_count	0	0
NDRFFOKFYGUOKD-ZDUSSCGKSA-N	Chemical Probes Portal	unsuitable	0	No
NDRFFOKFYGUOKD-ZDUSSCGKSA-N	Chemical Probes Portal	pains	0	No
NDRFFOKFYGUOKD-ZDUSSCGKSA-N	Chemical Probes Portal	toxicophore	0	No
NDRFFOKFYGUOKD-ZDUSSCGKSA-N	Chemical Probes Portal	published_date	0	2024-02-19
NDRFFOKFYGUOKD-ZDUSSCGKSA-N	Chemical Probes Portal	canSAR_ID	0	3930066
NDRFFOKFYGUOKD-ZDUSSCGKSA-N	Chemical Probes Portal	url	0	https://www.chemicalprobes.org/oicr11029
HKSZLNNOFSGOKW-FYTWVXJKSA-N	Chemical Probes Portal	rating_in_cell	0	0
HKSZLNNOFSGOKW-FYTWVXJKSA-N	Chemical Probes Portal	rating_in_organism	0	0
HKSZLNNOFSGOKW-FYTWVXJKSA-N	Chemical Probes Portal	rating_count	0	0
HKSZLNNOFSGOKW-FYTWVXJKSA-N	Chemical Probes Portal	unsuitable	0	Yes
HKSZLNNOFSGOKW-FYTWVXJKSA-N	Chemical Probes Portal	pains	0	No
HKSZLNNOFSGOKW-FYTWVXJKSA-N	Chemical Probes Portal	toxicophore	0	No
HKSZLNNOFSGOKW-FYTWVXJKSA-N	Chemical Probes Portal	published_date	0	2016-12-09
HKSZLNNOFSGOKW-FYTWVXJKSA-N	Chemical Probes Portal	canSAR_ID	0	624063
HKSZLNNOFSGOKW-FYTWVXJKSA-N	Chemical Probes Portal	url	0	https://www.chemicalprobes.org/unsuitables/staurosporine
OPQRFPHLZZPCCH-PGMHBOJBSA-N	Chemical Probes Portal	rating_in_cell	0	0
OPQRFPHLZZPCCH-PGMHBOJBSA-N	Chemical Probes Portal	rating_in_organism	0	0
OPQRFPHLZZPCCH-PGMHBOJBSA-N	Chemical Probes Portal	rating_count	0	0
OPQRFPHLZZPCCH-PGMHBOJBSA-N	Chemical Probes Portal	unsuitable	0	Yes
OPQRFPHLZZPCCH-PGMHBOJBSA-N	Chemical Probes Portal	pains	0	No
OPQRFPHLZZPCCH-PGMHBOJBSA-N	Chemical Probes Portal	toxicophore	0	Yes
OPQRFPHLZZPCCH-PGMHBOJBSA-N	Chemical Probes Portal	published_date	0	2023-06-19
OPQRFPHLZZPCCH-PGMHBOJBSA-N	Chemical Probes Portal	canSAR_ID	0	1660579
OPQRFPHLZZPCCH-PGMHBOJBSA-N	Chemical Probes Portal	url	0	https://www.chemicalprobes.org/unsuitables/ldn-57444
PJKRNPPUSQSCHN-UHFFFAOYSA-N	Chemical Probes Portal	rating_in_cell	0	3.6666666666666665
PJKRNPPUSQSCHN-UHFFFAOYSA-N	Chemical Probes Portal	rating_in_organism	0	3.6666666666666665
PJKRNPPUSQSCHN-UHFFFAOYSA-N	Chemical Probes Portal	rating_count	0	3
PJKRNPPUSQSCHN-UHFFFAOYSA-N	Chemical Probes Portal	unsuitable	0	No
PJKRNPPUSQSCHN-UHFFFAOYSA-N	Chemical Probes Portal	pains	0	No
PJKRNPPUSQSCHN-UHFFFAOYSA-N	Chemical Probes Portal	toxicophore	0	No
PJKRNPPUSQSCHN-UHFFFAOYSA-N	Chemical Probes Portal	published_date	0	2024-01-18
PJKRNPPUSQSCHN-UHFFFAOYSA-N	Chemical Probes Portal	canSAR_ID	0	4199064
PJKRNPPUSQSCHN-UHFFFAOYSA-N	Chemical Probes Portal	url	0	https://www.chemicalprobes.org/bi-8668
BLSNYSFLZAWBIV-SFHVURJKSA-N	Chemical Probes Portal	rating_in_cell	0	3.5
BLSNYSFLZAWBIV-SFHVURJKSA-N	Chemical Probes Portal	rating_in_organism	0	0
BLSNYSFLZAWBIV-SFHVURJKSA-N	Chemical Probes Portal	rating_count	0	2
BLSNYSFLZAWBIV-SFHVURJKSA-N	Chemical Probes Portal	unsuitable	0	No
BLSNYSFLZAWBIV-SFHVURJKSA-N	Chemical Probes Portal	pains	0	No
BLSNYSFLZAWBIV-SFHVURJKSA-N	Chemical Probes Portal	toxicophore	0	No
BLSNYSFLZAWBIV-SFHVURJKSA-N	Chemical Probes Portal	published_date	0	2024-03-18
BLSNYSFLZAWBIV-SFHVURJKSA-N	Chemical Probes Portal	canSAR_ID	0	2927247
BLSNYSFLZAWBIV-SFHVURJKSA-N	Chemical Probes Portal	url	0	https://www.chemicalprobes.org/ft671
QGPXEIMWTKWHMH-DEOSSOPVSA-N	Chemical Probes Portal	rating_in_cell	0	0
QGPXEIMWTKWHMH-DEOSSOPVSA-N	Chemical Probes Portal	rating_in_organism	0	0
QGPXEIMWTKWHMH-DEOSSOPVSA-N	Chemical Probes Portal	rating_count	0	0
QGPXEIMWTKWHMH-DEOSSOPVSA-N	Chemical Probes Portal	unsuitable	0	No
QGPXEIMWTKWHMH-DEOSSOPVSA-N	Chemical Probes Portal	pains	0	No
QGPXEIMWTKWHMH-DEOSSOPVSA-N	Chemical Probes Portal	toxicophore	0	No
QGPXEIMWTKWHMH-DEOSSOPVSA-N	Chemical Probes Portal	published_date	0	2021-12-01
QGPXEIMWTKWHMH-DEOSSOPVSA-N	Chemical Probes Portal	canSAR_ID	0	623542
QGPXEIMWTKWHMH-DEOSSOPVSA-N	Chemical Probes Portal	url	0	https://www.chemicalprobes.org/bi665915
AAHNBILIYONQLX-UHFFFAOYSA-N	Chemical Probes Portal	rating_in_cell	0	0
AAHNBILIYONQLX-UHFFFAOYSA-N	Chemical Probes Portal	rating_in_organism	0	0
AAHNBILIYONQLX-UHFFFAOYSA-N	Chemical Probes Portal	rating_count	0	0
AAHNBILIYONQLX-UHFFFAOYSA-N	Chemical Probes Portal	unsuitable	0	No
AAHNBILIYONQLX-UHFFFAOYSA-N	Chemical Probes Portal	pains	0	No
AAHNBILIYONQLX-UHFFFAOYSA-N	Chemical Probes Portal	toxicophore	0	No
AAHNBILIYONQLX-UHFFFAOYSA-N	Chemical Probes Portal	published_date	0	2021-12-01
AAHNBILIYONQLX-UHFFFAOYSA-N	Chemical Probes Portal	canSAR_ID	0	741271
AAHNBILIYONQLX-UHFFFAOYSA-N	Chemical Probes Portal	url	0	https://www.chemicalprobes.org/gsm1
FRPJGTNLZNXQEX-UHFFFAOYSA-N	Chemical Probes Portal	rating_in_cell	0	0
FRPJGTNLZNXQEX-UHFFFAOYSA-N	Chemical Probes Portal	rating_in_organism	0	0
FRPJGTNLZNXQEX-UHFFFAOYSA-N	Chemical Probes Portal	rating_count	0	0
FRPJGTNLZNXQEX-UHFFFAOYSA-N	Chemical Probes Portal	unsuitable	0	No
FRPJGTNLZNXQEX-UHFFFAOYSA-N	Chemical Probes Portal	pains	0	No
FRPJGTNLZNXQEX-UHFFFAOYSA-N	Chemical Probes Portal	toxicophore	0	No
FRPJGTNLZNXQEX-UHFFFAOYSA-N	Chemical Probes Portal	published_date	0	2021-12-01
FRPJGTNLZNXQEX-UHFFFAOYSA-N	Chemical Probes Portal	canSAR_ID	0	1323829
FRPJGTNLZNXQEX-UHFFFAOYSA-N	Chemical Probes Portal	url	0	https://www.chemicalprobes.org/abt-724
WDZVWDXOIGQJIO-UHFFFAOYSA-N	Chemical Probes Portal	rating_in_cell	0	0
WDZVWDXOIGQJIO-UHFFFAOYSA-N	Chemical Probes Portal	rating_in_organism	0	0
WDZVWDXOIGQJIO-UHFFFAOYSA-N	Chemical Probes Portal	rating_count	0	0
WDZVWDXOIGQJIO-UHFFFAOYSA-N	Chemical Probes Portal	unsuitable	0	No
WDZVWDXOIGQJIO-UHFFFAOYSA-N	Chemical Probes Portal	pains	0	No
WDZVWDXOIGQJIO-UHFFFAOYSA-N	Chemical Probes Portal	toxicophore	0	Yes
WDZVWDXOIGQJIO-UHFFFAOYSA-N	Chemical Probes Portal	published_date	0	2021-12-01
WDZVWDXOIGQJIO-UHFFFAOYSA-N	Chemical Probes Portal	canSAR_ID	0	428751
WDZVWDXOIGQJIO-UHFFFAOYSA-N	Chemical Probes Portal	url	0	https://www.chemicalprobes.org/mrk-560
LWJGMYMNSNVCEM-UHFFFAOYSA-N	Chemical Probes Portal	rating_in_cell	0	0
LWJGMYMNSNVCEM-UHFFFAOYSA-N	Chemical Probes Portal	rating_in_organism	0	0
LWJGMYMNSNVCEM-UHFFFAOYSA-N	Chemical Probes Portal	rating_count	0	0
LWJGMYMNSNVCEM-UHFFFAOYSA-N	Chemical Probes Portal	unsuitable	0	No
LWJGMYMNSNVCEM-UHFFFAOYSA-N	Chemical Probes Portal	pains	0	No
LWJGMYMNSNVCEM-UHFFFAOYSA-N	Chemical Probes Portal	toxicophore	0	No
LWJGMYMNSNVCEM-UHFFFAOYSA-N	Chemical Probes Portal	published_date	0	2021-12-01
LWJGMYMNSNVCEM-UHFFFAOYSA-N	Chemical Probes Portal	canSAR_ID	0	356356
LWJGMYMNSNVCEM-UHFFFAOYSA-N	Chemical Probes Portal	url	0	https://www.chemicalprobes.org/pf-04418948
BEBDKSYNJJVZSO-SECBINFHSA-N	Chemical Probes Portal	rating_in_cell	0	0
BEBDKSYNJJVZSO-SECBINFHSA-N	Chemical Probes Portal	rating_in_organism	0	0
BEBDKSYNJJVZSO-SECBINFHSA-N	Chemical Probes Portal	rating_count	0	0
BEBDKSYNJJVZSO-SECBINFHSA-N	Chemical Probes Portal	unsuitable	0	No
BEBDKSYNJJVZSO-SECBINFHSA-N	Chemical Probes Portal	pains	0	No
BEBDKSYNJJVZSO-SECBINFHSA-N	Chemical Probes Portal	toxicophore	0	No
BEBDKSYNJJVZSO-SECBINFHSA-N	Chemical Probes Portal	published_date	0	2023-12-21
BEBDKSYNJJVZSO-SECBINFHSA-N	Chemical Probes Portal	canSAR_ID	0	3897346
BEBDKSYNJJVZSO-SECBINFHSA-N	Chemical Probes Portal	url	0	https://www.chemicalprobes.org/tp-050
SWOIFXHMBKFCRM-UHFFFAOYSA-N	Chemical Probes Portal	rating_in_cell	0	0
SWOIFXHMBKFCRM-UHFFFAOYSA-N	Chemical Probes Portal	rating_in_organism	0	0
SWOIFXHMBKFCRM-UHFFFAOYSA-N	Chemical Probes Portal	rating_count	0	0
SWOIFXHMBKFCRM-UHFFFAOYSA-N	Chemical Probes Portal	unsuitable	0	No
SWOIFXHMBKFCRM-UHFFFAOYSA-N	Chemical Probes Portal	pains	0	Yes
SWOIFXHMBKFCRM-UHFFFAOYSA-N	Chemical Probes Portal	toxicophore	0	No
SWOIFXHMBKFCRM-UHFFFAOYSA-N	Chemical Probes Portal	published_date	0	2023-05-18
SWOIFXHMBKFCRM-UHFFFAOYSA-N	Chemical Probes Portal	canSAR_ID	0	3935390
SWOIFXHMBKFCRM-UHFFFAOYSA-N	Chemical Probes Portal	url	0	https://www.chemicalprobes.org/mu1742
FOECKIWHCOYYFL-UHFFFAOYSA-N	Chemical Probes Portal	rating_in_cell	0	0
FOECKIWHCOYYFL-UHFFFAOYSA-N	Chemical Probes Portal	rating_in_organism	0	0
FOECKIWHCOYYFL-UHFFFAOYSA-N	Chemical Probes Portal	rating_count	0	0
FOECKIWHCOYYFL-UHFFFAOYSA-N	Chemical Probes Portal	unsuitable	0	No
FOECKIWHCOYYFL-UHFFFAOYSA-N	Chemical Probes Portal	pains	0	No
FOECKIWHCOYYFL-UHFFFAOYSA-N	Chemical Probes Portal	toxicophore	0	No
FOECKIWHCOYYFL-UHFFFAOYSA-N	Chemical Probes Portal	published_date	0	2021-12-07
FOECKIWHCOYYFL-UHFFFAOYSA-N	Chemical Probes Portal	canSAR_ID	0	630519
FOECKIWHCOYYFL-UHFFFAOYSA-N	Chemical Probes Portal	url	0	https://www.chemicalprobes.org/pptn
UNSHMXUHOHBLIQ-UHFFFAOYSA-N	Chemical Probes Portal	rating_in_cell	0	0
UNSHMXUHOHBLIQ-UHFFFAOYSA-N	Chemical Probes Portal	rating_in_organism	0	0
UNSHMXUHOHBLIQ-UHFFFAOYSA-N	Chemical Probes Portal	rating_count	0	0
UNSHMXUHOHBLIQ-UHFFFAOYSA-N	Chemical Probes Portal	unsuitable	0	No
UNSHMXUHOHBLIQ-UHFFFAOYSA-N	Chemical Probes Portal	pains	0	No
UNSHMXUHOHBLIQ-UHFFFAOYSA-N	Chemical Probes Portal	toxicophore	0	No
UNSHMXUHOHBLIQ-UHFFFAOYSA-N	Chemical Probes Portal	published_date	0	2021-12-15
UNSHMXUHOHBLIQ-UHFFFAOYSA-N	Chemical Probes Portal	canSAR_ID	0	3213584
UNSHMXUHOHBLIQ-UHFFFAOYSA-N	Chemical Probes Portal	url	0	https://www.chemicalprobes.org/bay-069
ZGBAPSHWPBXEKN-OPHFCASCSA-N	Chemical Probes Portal	rating_in_cell	0	0
ZGBAPSHWPBXEKN-OPHFCASCSA-N	Chemical Probes Portal	rating_in_organism	0	0
ZGBAPSHWPBXEKN-OPHFCASCSA-N	Chemical Probes Portal	rating_count	0	0
ZGBAPSHWPBXEKN-OPHFCASCSA-N	Chemical Probes Portal	unsuitable	0	No
ZGBAPSHWPBXEKN-OPHFCASCSA-N	Chemical Probes Portal	pains	0	No
ZGBAPSHWPBXEKN-OPHFCASCSA-N	Chemical Probes Portal	toxicophore	0	No
ZGBAPSHWPBXEKN-OPHFCASCSA-N	Chemical Probes Portal	published_date	0	2021-12-15
ZGBAPSHWPBXEKN-OPHFCASCSA-N	Chemical Probes Portal	canSAR_ID	0	3234851
ZGBAPSHWPBXEKN-OPHFCASCSA-N	Chemical Probes Portal	url	0	https://www.chemicalprobes.org/bay-7598
QVIWDCUKIZPUBD-WLRWWHNQSA-N	Chemical Probes Portal	rating_in_cell	0	0
QVIWDCUKIZPUBD-WLRWWHNQSA-N	Chemical Probes Portal	rating_in_organism	0	0
QVIWDCUKIZPUBD-WLRWWHNQSA-N	Chemical Probes Portal	rating_count	0	0
QVIWDCUKIZPUBD-WLRWWHNQSA-N	Chemical Probes Portal	unsuitable	0	No
QVIWDCUKIZPUBD-WLRWWHNQSA-N	Chemical Probes Portal	pains	0	No
QVIWDCUKIZPUBD-WLRWWHNQSA-N	Chemical Probes Portal	toxicophore	0	No
QVIWDCUKIZPUBD-WLRWWHNQSA-N	Chemical Probes Portal	published_date	0	2022-01-21
QVIWDCUKIZPUBD-WLRWWHNQSA-N	Chemical Probes Portal	canSAR_ID	0	3550533
QVIWDCUKIZPUBD-WLRWWHNQSA-N	Chemical Probes Portal	url	0	https://www.chemicalprobes.org/ammocidin-a
XFYUTGIEFKGWND-NRFANRHFSA-N	Chemical Probes Portal	rating_in_cell	0	0
XFYUTGIEFKGWND-NRFANRHFSA-N	Chemical Probes Portal	rating_in_organism	0	0
XFYUTGIEFKGWND-NRFANRHFSA-N	Chemical Probes Portal	rating_count	0	0
XFYUTGIEFKGWND-NRFANRHFSA-N	Chemical Probes Portal	unsuitable	0	No
XFYUTGIEFKGWND-NRFANRHFSA-N	Chemical Probes Portal	pains	0	No
XFYUTGIEFKGWND-NRFANRHFSA-N	Chemical Probes Portal	toxicophore	0	No
XFYUTGIEFKGWND-NRFANRHFSA-N	Chemical Probes Portal	published_date	0	2020-12-03
XFYUTGIEFKGWND-NRFANRHFSA-N	Chemical Probes Portal	canSAR_ID	0	388599
XFYUTGIEFKGWND-NRFANRHFSA-N	Chemical Probes Portal	url	0	https://www.chemicalprobes.org/gne-9822
KIWKRCCIHSGWQS-VIFPVBQESA-N	Chemical Probes Portal	rating_in_cell	0	0
KIWKRCCIHSGWQS-VIFPVBQESA-N	Chemical Probes Portal	rating_in_organism	0	0
KIWKRCCIHSGWQS-VIFPVBQESA-N	Chemical Probes Portal	rating_count	0	0
KIWKRCCIHSGWQS-VIFPVBQESA-N	Chemical Probes Portal	unsuitable	0	No
KIWKRCCIHSGWQS-VIFPVBQESA-N	Chemical Probes Portal	pains	0	Yes
KIWKRCCIHSGWQS-VIFPVBQESA-N	Chemical Probes Portal	toxicophore	0	Yes
KIWKRCCIHSGWQS-VIFPVBQESA-N	Chemical Probes Portal	published_date	0	2022-01-14
KIWKRCCIHSGWQS-VIFPVBQESA-N	Chemical Probes Portal	canSAR_ID	0	3550532
KIWKRCCIHSGWQS-VIFPVBQESA-N	Chemical Probes Portal	url	0	https://www.chemicalprobes.org/8rk64
OMZCMEYTWSXEPZ-UHFFFAOYSA-N	Chemical Probes Portal	rating_in_cell	0	0
OMZCMEYTWSXEPZ-UHFFFAOYSA-N	Chemical Probes Portal	rating_in_organism	0	0
OMZCMEYTWSXEPZ-UHFFFAOYSA-N	Chemical Probes Portal	rating_count	0	0
OMZCMEYTWSXEPZ-UHFFFAOYSA-N	Chemical Probes Portal	unsuitable	0	No
OMZCMEYTWSXEPZ-UHFFFAOYSA-N	Chemical Probes Portal	pains	0	No
OMZCMEYTWSXEPZ-UHFFFAOYSA-N	Chemical Probes Portal	toxicophore	0	Yes
OMZCMEYTWSXEPZ-UHFFFAOYSA-N	Chemical Probes Portal	published_date	0	2021-01-18
OMZCMEYTWSXEPZ-UHFFFAOYSA-N	Chemical Probes Portal	canSAR_ID	0	555762
OMZCMEYTWSXEPZ-UHFFFAOYSA-N	Chemical Probes Portal	url	0	https://www.chemicalprobes.org/canertinib
BMLGZNVPWRUVNM-IBGZPJMESA-N	Chemical Probes Portal	rating_in_cell	0	0
BMLGZNVPWRUVNM-IBGZPJMESA-N	Chemical Probes Portal	rating_in_organism	0	0
BMLGZNVPWRUVNM-IBGZPJMESA-N	Chemical Probes Portal	rating_count	0	0
BMLGZNVPWRUVNM-IBGZPJMESA-N	Chemical Probes Portal	unsuitable	0	No
BMLGZNVPWRUVNM-IBGZPJMESA-N	Chemical Probes Portal	pains	0	No
BMLGZNVPWRUVNM-IBGZPJMESA-N	Chemical Probes Portal	toxicophore	0	No
BMLGZNVPWRUVNM-IBGZPJMESA-N	Chemical Probes Portal	published_date	0	2021-01-21
BMLGZNVPWRUVNM-IBGZPJMESA-N	Chemical Probes Portal	canSAR_ID	0	612739
BMLGZNVPWRUVNM-IBGZPJMESA-N	Chemical Probes Portal	url	0	https://www.chemicalprobes.org/am-4668
DRIMIUYGTDAQOX-KRWDZBQOSA-N	Chemical Probes Portal	rating_in_cell	0	0
DRIMIUYGTDAQOX-KRWDZBQOSA-N	Chemical Probes Portal	rating_in_organism	0	0
DRIMIUYGTDAQOX-KRWDZBQOSA-N	Chemical Probes Portal	rating_count	0	0
DRIMIUYGTDAQOX-KRWDZBQOSA-N	Chemical Probes Portal	unsuitable	0	No
DRIMIUYGTDAQOX-KRWDZBQOSA-N	Chemical Probes Portal	pains	0	No
DRIMIUYGTDAQOX-KRWDZBQOSA-N	Chemical Probes Portal	toxicophore	0	No
DRIMIUYGTDAQOX-KRWDZBQOSA-N	Chemical Probes Portal	published_date	0	2023-10-16
DRIMIUYGTDAQOX-KRWDZBQOSA-N	Chemical Probes Portal	canSAR_ID	0	534216
DRIMIUYGTDAQOX-KRWDZBQOSA-N	Chemical Probes Portal	url	0	https://www.chemicalprobes.org/vu69
LZSPYTNDRPEZBK-OXYJHPMESA-N	Chemical Probes Portal	rating_in_cell	0	0
LZSPYTNDRPEZBK-OXYJHPMESA-N	Chemical Probes Portal	rating_in_organism	0	0
LZSPYTNDRPEZBK-OXYJHPMESA-N	Chemical Probes Portal	rating_count	0	0
LZSPYTNDRPEZBK-OXYJHPMESA-N	Chemical Probes Portal	unsuitable	0	No
LZSPYTNDRPEZBK-OXYJHPMESA-N	Chemical Probes Portal	pains	0	No
LZSPYTNDRPEZBK-OXYJHPMESA-N	Chemical Probes Portal	toxicophore	0	No
LZSPYTNDRPEZBK-OXYJHPMESA-N	Chemical Probes Portal	published_date	0	2022-02-09
LZSPYTNDRPEZBK-OXYJHPMESA-N	Chemical Probes Portal	canSAR_ID	0	3325783
LZSPYTNDRPEZBK-OXYJHPMESA-N	Chemical Probes Portal	url	0	https://www.chemicalprobes.org/bay-3153
FSELUFUYNUNZKD-UHFFFAOYSA-N	Chemical Probes Portal	rating_in_cell	0	0
FSELUFUYNUNZKD-UHFFFAOYSA-N	Chemical Probes Portal	rating_in_organism	0	0
FSELUFUYNUNZKD-UHFFFAOYSA-N	Chemical Probes Portal	rating_count	0	0
FSELUFUYNUNZKD-UHFFFAOYSA-N	Chemical Probes Portal	unsuitable	0	No
FSELUFUYNUNZKD-UHFFFAOYSA-N	Chemical Probes Portal	pains	0	No
FSELUFUYNUNZKD-UHFFFAOYSA-N	Chemical Probes Portal	toxicophore	0	No
FSELUFUYNUNZKD-UHFFFAOYSA-N	Chemical Probes Portal	published_date	0	2023-02-24
FSELUFUYNUNZKD-UHFFFAOYSA-N	Chemical Probes Portal	canSAR_ID	0	3652871
FSELUFUYNUNZKD-UHFFFAOYSA-N	Chemical Probes Portal	url	0	https://www.chemicalprobes.org/sr-4835
CYFBRQHYEQKYHH-MRXNPFEDSA-N	Chemical Probes Portal	rating_in_cell	0	0
CYFBRQHYEQKYHH-MRXNPFEDSA-N	Chemical Probes Portal	rating_in_organism	0	0
CYFBRQHYEQKYHH-MRXNPFEDSA-N	Chemical Probes Portal	rating_count	0	0
CYFBRQHYEQKYHH-MRXNPFEDSA-N	Chemical Probes Portal	unsuitable	0	No
CYFBRQHYEQKYHH-MRXNPFEDSA-N	Chemical Probes Portal	pains	0	No
CYFBRQHYEQKYHH-MRXNPFEDSA-N	Chemical Probes Portal	toxicophore	0	No
CYFBRQHYEQKYHH-MRXNPFEDSA-N	Chemical Probes Portal	published_date	0	2022-06-08
CYFBRQHYEQKYHH-MRXNPFEDSA-N	Chemical Probes Portal	canSAR_ID	0	3597778
CYFBRQHYEQKYHH-MRXNPFEDSA-N	Chemical Probes Portal	url	0	https://www.chemicalprobes.org/jnj-65355394
AESXAJXKMUNYJP-ZWFIUULVSA-N	Chemical Probes Portal	rating_in_cell	0	0
AESXAJXKMUNYJP-ZWFIUULVSA-N	Chemical Probes Portal	rating_in_organism	0	0
AESXAJXKMUNYJP-ZWFIUULVSA-N	Chemical Probes Portal	rating_count	0	0
AESXAJXKMUNYJP-ZWFIUULVSA-N	Chemical Probes Portal	unsuitable	0	No
AESXAJXKMUNYJP-ZWFIUULVSA-N	Chemical Probes Portal	pains	0	No
AESXAJXKMUNYJP-ZWFIUULVSA-N	Chemical Probes Portal	toxicophore	0	No
AESXAJXKMUNYJP-ZWFIUULVSA-N	Chemical Probes Portal	published_date	0	2023-10-13
AESXAJXKMUNYJP-ZWFIUULVSA-N	Chemical Probes Portal	canSAR_ID	0	888515
AESXAJXKMUNYJP-ZWFIUULVSA-N	Chemical Probes Portal	url	0	https://www.chemicalprobes.org/azd-5672
CSBKUBOVPUXFLO-MAVVKCOWSA-N	Chemical Probes Portal	rating_in_cell	0	0
CSBKUBOVPUXFLO-MAVVKCOWSA-N	Chemical Probes Portal	rating_in_organism	0	0
CSBKUBOVPUXFLO-MAVVKCOWSA-N	Chemical Probes Portal	rating_count	0	0
CSBKUBOVPUXFLO-MAVVKCOWSA-N	Chemical Probes Portal	unsuitable	0	No
CSBKUBOVPUXFLO-MAVVKCOWSA-N	Chemical Probes Portal	pains	0	No
CSBKUBOVPUXFLO-MAVVKCOWSA-N	Chemical Probes Portal	toxicophore	0	No
CSBKUBOVPUXFLO-MAVVKCOWSA-N	Chemical Probes Portal	published_date	0	2022-02-09
CSBKUBOVPUXFLO-MAVVKCOWSA-N	Chemical Probes Portal	canSAR_ID	0	995003
CSBKUBOVPUXFLO-MAVVKCOWSA-N	Chemical Probes Portal	url	0	https://www.chemicalprobes.org/a-1211212
CLSNATLUIXZPMV-UHFFFAOYSA-N	Chemical Probes Portal	rating_in_cell	0	0
CLSNATLUIXZPMV-UHFFFAOYSA-N	Chemical Probes Portal	rating_in_organism	0	0
CLSNATLUIXZPMV-UHFFFAOYSA-N	Chemical Probes Portal	rating_count	0	0
CLSNATLUIXZPMV-UHFFFAOYSA-N	Chemical Probes Portal	unsuitable	0	No
CLSNATLUIXZPMV-UHFFFAOYSA-N	Chemical Probes Portal	pains	0	No
CLSNATLUIXZPMV-UHFFFAOYSA-N	Chemical Probes Portal	toxicophore	0	No
CLSNATLUIXZPMV-UHFFFAOYSA-N	Chemical Probes Portal	published_date	0	2022-06-13
CLSNATLUIXZPMV-UHFFFAOYSA-N	Chemical Probes Portal	canSAR_ID	0	462663
CLSNATLUIXZPMV-UHFFFAOYSA-N	Chemical Probes Portal	url	0	https://www.chemicalprobes.org/jjkk-048
NTIFDLOQPKMIJK-AJTFRIOCSA-N	Chemical Probes Portal	rating_in_cell	0	0
NTIFDLOQPKMIJK-AJTFRIOCSA-N	Chemical Probes Portal	rating_in_organism	0	0
NTIFDLOQPKMIJK-AJTFRIOCSA-N	Chemical Probes Portal	rating_count	0	0
NTIFDLOQPKMIJK-AJTFRIOCSA-N	Chemical Probes Portal	unsuitable	0	No
NTIFDLOQPKMIJK-AJTFRIOCSA-N	Chemical Probes Portal	pains	0	No
NTIFDLOQPKMIJK-AJTFRIOCSA-N	Chemical Probes Portal	toxicophore	0	No
NTIFDLOQPKMIJK-AJTFRIOCSA-N	Chemical Probes Portal	published_date	0	2022-06-13
NTIFDLOQPKMIJK-AJTFRIOCSA-N	Chemical Probes Portal	canSAR_ID	0	735548
NTIFDLOQPKMIJK-AJTFRIOCSA-N	Chemical Probes Portal	url	0	https://www.chemicalprobes.org/mk-4256
VERWOWGGCGHDQE-UHFFFAOYSA-N	Chemical Probes Portal	rating_in_cell	0	0
VERWOWGGCGHDQE-UHFFFAOYSA-N	Chemical Probes Portal	rating_in_organism	0	0
VERWOWGGCGHDQE-UHFFFAOYSA-N	Chemical Probes Portal	rating_count	0	0
VERWOWGGCGHDQE-UHFFFAOYSA-N	Chemical Probes Portal	unsuitable	0	No
VERWOWGGCGHDQE-UHFFFAOYSA-N	Chemical Probes Portal	pains	0	No
VERWOWGGCGHDQE-UHFFFAOYSA-N	Chemical Probes Portal	toxicophore	0	No
VERWOWGGCGHDQE-UHFFFAOYSA-N	Chemical Probes Portal	published_date	0	2021-02-16
VERWOWGGCGHDQE-UHFFFAOYSA-N	Chemical Probes Portal	canSAR_ID	0	776071
VERWOWGGCGHDQE-UHFFFAOYSA-N	Chemical Probes Portal	url	0	https://www.chemicalprobes.org/ceritinib
NRJKIOCCERLIDG-GOSISDBHSA-N	Chemical Probes Portal	rating_in_cell	0	0
NRJKIOCCERLIDG-GOSISDBHSA-N	Chemical Probes Portal	rating_in_organism	0	0
NRJKIOCCERLIDG-GOSISDBHSA-N	Chemical Probes Portal	rating_count	0	0
NRJKIOCCERLIDG-GOSISDBHSA-N	Chemical Probes Portal	unsuitable	0	No
NRJKIOCCERLIDG-GOSISDBHSA-N	Chemical Probes Portal	pains	0	No
NRJKIOCCERLIDG-GOSISDBHSA-N	Chemical Probes Portal	toxicophore	0	No
NRJKIOCCERLIDG-GOSISDBHSA-N	Chemical Probes Portal	published_date	0	2021-02-05
NRJKIOCCERLIDG-GOSISDBHSA-N	Chemical Probes Portal	canSAR_ID	0	813139
NRJKIOCCERLIDG-GOSISDBHSA-N	Chemical Probes Portal	url	0	https://www.chemicalprobes.org/empesertib
BRJXJOWXAFLRTE-OAQYLSRUSA-N	Chemical Probes Portal	rating_in_cell	0	0
BRJXJOWXAFLRTE-OAQYLSRUSA-N	Chemical Probes Portal	rating_in_organism	0	0
BRJXJOWXAFLRTE-OAQYLSRUSA-N	Chemical Probes Portal	rating_count	0	0
BRJXJOWXAFLRTE-OAQYLSRUSA-N	Chemical Probes Portal	unsuitable	0	No
BRJXJOWXAFLRTE-OAQYLSRUSA-N	Chemical Probes Portal	pains	0	No
BRJXJOWXAFLRTE-OAQYLSRUSA-N	Chemical Probes Portal	toxicophore	0	No
BRJXJOWXAFLRTE-OAQYLSRUSA-N	Chemical Probes Portal	published_date	0	2022-05-23
BRJXJOWXAFLRTE-OAQYLSRUSA-N	Chemical Probes Portal	canSAR_ID	0	3872899
BRJXJOWXAFLRTE-OAQYLSRUSA-N	Chemical Probes Portal	url	0	https://www.chemicalprobes.org/bi-6901
XOQVZSSDIQQUGO-UHFFFAOYSA-N	Chemical Probes Portal	rating_in_cell	0	0
XOQVZSSDIQQUGO-UHFFFAOYSA-N	Chemical Probes Portal	rating_in_organism	0	0
XOQVZSSDIQQUGO-UHFFFAOYSA-N	Chemical Probes Portal	rating_count	0	0
XOQVZSSDIQQUGO-UHFFFAOYSA-N	Chemical Probes Portal	unsuitable	0	No
XOQVZSSDIQQUGO-UHFFFAOYSA-N	Chemical Probes Portal	pains	0	No
XOQVZSSDIQQUGO-UHFFFAOYSA-N	Chemical Probes Portal	toxicophore	0	Yes
XOQVZSSDIQQUGO-UHFFFAOYSA-N	Chemical Probes Portal	published_date	0	2023-10-06
XOQVZSSDIQQUGO-UHFFFAOYSA-N	Chemical Probes Portal	canSAR_ID	0	4199063
XOQVZSSDIQQUGO-UHFFFAOYSA-N	Chemical Probes Portal	url	0	https://www.chemicalprobes.org/lirafugratinib
URWYQGVSPQJGGB-DHUJRADRSA-N	Chemical Probes Portal	rating_in_cell	0	0
URWYQGVSPQJGGB-DHUJRADRSA-N	Chemical Probes Portal	rating_in_organism	0	0
URWYQGVSPQJGGB-DHUJRADRSA-N	Chemical Probes Portal	rating_count	0	0
URWYQGVSPQJGGB-DHUJRADRSA-N	Chemical Probes Portal	unsuitable	0	No
URWYQGVSPQJGGB-DHUJRADRSA-N	Chemical Probes Portal	pains	0	No
URWYQGVSPQJGGB-DHUJRADRSA-N	Chemical Probes Portal	toxicophore	0	No
URWYQGVSPQJGGB-DHUJRADRSA-N	Chemical Probes Portal	published_date	0	2022-05-18
URWYQGVSPQJGGB-DHUJRADRSA-N	Chemical Probes Portal	canSAR_ID	0	964366
URWYQGVSPQJGGB-DHUJRADRSA-N	Chemical Probes Portal	url	0	https://www.chemicalprobes.org/batefenterol
HDZWHJYZJWLTAG-UHFFFAOYSA-N	Chemical Probes Portal	rating_in_cell	0	0
HDZWHJYZJWLTAG-UHFFFAOYSA-N	Chemical Probes Portal	rating_in_organism	0	0
HDZWHJYZJWLTAG-UHFFFAOYSA-N	Chemical Probes Portal	rating_count	0	0
HDZWHJYZJWLTAG-UHFFFAOYSA-N	Chemical Probes Portal	unsuitable	0	No
HDZWHJYZJWLTAG-UHFFFAOYSA-N	Chemical Probes Portal	pains	0	No
HDZWHJYZJWLTAG-UHFFFAOYSA-N	Chemical Probes Portal	toxicophore	0	No
HDZWHJYZJWLTAG-UHFFFAOYSA-N	Chemical Probes Portal	published_date	0	2020-07-16
HDZWHJYZJWLTAG-UHFFFAOYSA-N	Chemical Probes Portal	canSAR_ID	0	859517
HDZWHJYZJWLTAG-UHFFFAOYSA-N	Chemical Probes Portal	url	0	https://www.chemicalprobes.org/sr9238
BJXYHBKEQFQVES-NWDGAFQWSA-N	Chemical Probes Portal	rating_in_cell	0	0
BJXYHBKEQFQVES-NWDGAFQWSA-N	Chemical Probes Portal	rating_in_organism	0	0
BJXYHBKEQFQVES-NWDGAFQWSA-N	Chemical Probes Portal	rating_count	0	0
BJXYHBKEQFQVES-NWDGAFQWSA-N	Chemical Probes Portal	unsuitable	0	No
BJXYHBKEQFQVES-NWDGAFQWSA-N	Chemical Probes Portal	pains	0	No
BJXYHBKEQFQVES-NWDGAFQWSA-N	Chemical Probes Portal	toxicophore	0	No
BJXYHBKEQFQVES-NWDGAFQWSA-N	Chemical Probes Portal	published_date	0	2022-03-19
BJXYHBKEQFQVES-NWDGAFQWSA-N	Chemical Probes Portal	canSAR_ID	0	3319446
BJXYHBKEQFQVES-NWDGAFQWSA-N	Chemical Probes Portal	url	0	https://www.chemicalprobes.org/m5049
BXKNUXDLZJPPBO-UHFFFAOYSA-N	Chemical Probes Portal	rating_in_cell	0	0
BXKNUXDLZJPPBO-UHFFFAOYSA-N	Chemical Probes Portal	rating_in_organism	0	0
BXKNUXDLZJPPBO-UHFFFAOYSA-N	Chemical Probes Portal	rating_count	0	0
BXKNUXDLZJPPBO-UHFFFAOYSA-N	Chemical Probes Portal	unsuitable	0	No
BXKNUXDLZJPPBO-UHFFFAOYSA-N	Chemical Probes Portal	pains	0	No
BXKNUXDLZJPPBO-UHFFFAOYSA-N	Chemical Probes Portal	toxicophore	0	No
BXKNUXDLZJPPBO-UHFFFAOYSA-N	Chemical Probes Portal	published_date	0	2022-06-15
BXKNUXDLZJPPBO-UHFFFAOYSA-N	Chemical Probes Portal	canSAR_ID	0	723380
BXKNUXDLZJPPBO-UHFFFAOYSA-N	Chemical Probes Portal	url	0	https://www.chemicalprobes.org/cct251455
WCPXAGKUVIPMIY-TZQLILQPSA-N	Chemical Probes Portal	rating_in_cell	0	0
WCPXAGKUVIPMIY-TZQLILQPSA-N	Chemical Probes Portal	rating_in_organism	0	0
WCPXAGKUVIPMIY-TZQLILQPSA-N	Chemical Probes Portal	rating_count	0	0
WCPXAGKUVIPMIY-TZQLILQPSA-N	Chemical Probes Portal	unsuitable	0	No
WCPXAGKUVIPMIY-TZQLILQPSA-N	Chemical Probes Portal	pains	0	No
WCPXAGKUVIPMIY-TZQLILQPSA-N	Chemical Probes Portal	toxicophore	0	No
WCPXAGKUVIPMIY-TZQLILQPSA-N	Chemical Probes Portal	published_date	0	2022-06-08
WCPXAGKUVIPMIY-TZQLILQPSA-N	Chemical Probes Portal	canSAR_ID	0	3622969
WCPXAGKUVIPMIY-TZQLILQPSA-N	Chemical Probes Portal	url	0	https://www.chemicalprobes.org/nvp-crl457
VHSIAYLBCLUAFT-UHFFFAOYSA-N	Chemical Probes Portal	rating_in_cell	0	0
VHSIAYLBCLUAFT-UHFFFAOYSA-N	Chemical Probes Portal	rating_in_organism	0	0
VHSIAYLBCLUAFT-UHFFFAOYSA-N	Chemical Probes Portal	rating_count	0	0
VHSIAYLBCLUAFT-UHFFFAOYSA-N	Chemical Probes Portal	unsuitable	0	No
VHSIAYLBCLUAFT-UHFFFAOYSA-N	Chemical Probes Portal	pains	0	No
VHSIAYLBCLUAFT-UHFFFAOYSA-N	Chemical Probes Portal	toxicophore	0	No
VHSIAYLBCLUAFT-UHFFFAOYSA-N	Chemical Probes Portal	published_date	0	2021-12-19
VHSIAYLBCLUAFT-UHFFFAOYSA-N	Chemical Probes Portal	canSAR_ID	0	561495
VHSIAYLBCLUAFT-UHFFFAOYSA-N	Chemical Probes Portal	url	0	https://www.chemicalprobes.org/naphthyridinone
AZXOTZCWQDJCLY-SJCJKPOMSA-N	Chemical Probes Portal	rating_in_cell	0	3
AZXOTZCWQDJCLY-SJCJKPOMSA-N	Chemical Probes Portal	rating_in_organism	0	3
AZXOTZCWQDJCLY-SJCJKPOMSA-N	Chemical Probes Portal	rating_count	0	3
AZXOTZCWQDJCLY-SJCJKPOMSA-N	Chemical Probes Portal	unsuitable	0	No
AZXOTZCWQDJCLY-SJCJKPOMSA-N	Chemical Probes Portal	pains	0	No
AZXOTZCWQDJCLY-SJCJKPOMSA-N	Chemical Probes Portal	toxicophore	0	No
AZXOTZCWQDJCLY-SJCJKPOMSA-N	Chemical Probes Portal	published_date	0	2024-03-26
AZXOTZCWQDJCLY-SJCJKPOMSA-N	Chemical Probes Portal	canSAR_ID	0	3218587
AZXOTZCWQDJCLY-SJCJKPOMSA-N	Chemical Probes Portal	url	0	https://www.chemicalprobes.org/pecavaptan
APLVGTKXOIMODQ-IBGZPJMESA-N	Chemical Probes Portal	rating_in_cell	0	0
APLVGTKXOIMODQ-IBGZPJMESA-N	Chemical Probes Portal	rating_in_organism	0	0
APLVGTKXOIMODQ-IBGZPJMESA-N	Chemical Probes Portal	rating_count	0	0
APLVGTKXOIMODQ-IBGZPJMESA-N	Chemical Probes Portal	unsuitable	0	No
APLVGTKXOIMODQ-IBGZPJMESA-N	Chemical Probes Portal	pains	0	No
APLVGTKXOIMODQ-IBGZPJMESA-N	Chemical Probes Portal	toxicophore	0	No
APLVGTKXOIMODQ-IBGZPJMESA-N	Chemical Probes Portal	published_date	0	2024-03-03
APLVGTKXOIMODQ-IBGZPJMESA-N	Chemical Probes Portal	canSAR_ID	0	4199101
APLVGTKXOIMODQ-IBGZPJMESA-N	Chemical Probes Portal	url	0	https://www.chemicalprobes.org/fht-2344
MHMPZSOMHQSWEN-UHFFFAOYSA-N	Chemical Probes Portal	rating_in_cell	0	0
MHMPZSOMHQSWEN-UHFFFAOYSA-N	Chemical Probes Portal	rating_in_organism	0	0
MHMPZSOMHQSWEN-UHFFFAOYSA-N	Chemical Probes Portal	rating_count	0	0
MHMPZSOMHQSWEN-UHFFFAOYSA-N	Chemical Probes Portal	unsuitable	0	No
MHMPZSOMHQSWEN-UHFFFAOYSA-N	Chemical Probes Portal	pains	0	No
MHMPZSOMHQSWEN-UHFFFAOYSA-N	Chemical Probes Portal	toxicophore	0	No
MHMPZSOMHQSWEN-UHFFFAOYSA-N	Chemical Probes Portal	published_date	0	2023-08-10
MHMPZSOMHQSWEN-UHFFFAOYSA-N	Chemical Probes Portal	canSAR_ID	0	3935433
MHMPZSOMHQSWEN-UHFFFAOYSA-N	Chemical Probes Portal	url	0	https://www.chemicalprobes.org/cdd-1653
WGYWHJPQFQGLOQ-UHFFFAOYSA-N	Chemical Probes Portal	rating_in_cell	0	3
WGYWHJPQFQGLOQ-UHFFFAOYSA-N	Chemical Probes Portal	rating_in_organism	0	0
WGYWHJPQFQGLOQ-UHFFFAOYSA-N	Chemical Probes Portal	rating_count	0	2
WGYWHJPQFQGLOQ-UHFFFAOYSA-N	Chemical Probes Portal	unsuitable	0	No
WGYWHJPQFQGLOQ-UHFFFAOYSA-N	Chemical Probes Portal	pains	0	No
WGYWHJPQFQGLOQ-UHFFFAOYSA-N	Chemical Probes Portal	toxicophore	0	No
WGYWHJPQFQGLOQ-UHFFFAOYSA-N	Chemical Probes Portal	published_date	0	2022-09-21
WGYWHJPQFQGLOQ-UHFFFAOYSA-N	Chemical Probes Portal	canSAR_ID	0	1869623
WGYWHJPQFQGLOQ-UHFFFAOYSA-N	Chemical Probes Portal	url	0	https://www.chemicalprobes.org/ots964
TXIYVFVMXNFNRX-UHFFFAOYSA-N	Chemical Probes Portal	rating_in_cell	0	3
TXIYVFVMXNFNRX-UHFFFAOYSA-N	Chemical Probes Portal	rating_in_organism	0	0
TXIYVFVMXNFNRX-UHFFFAOYSA-N	Chemical Probes Portal	rating_count	0	3
TXIYVFVMXNFNRX-UHFFFAOYSA-N	Chemical Probes Portal	unsuitable	0	No
TXIYVFVMXNFNRX-UHFFFAOYSA-N	Chemical Probes Portal	pains	0	Yes
TXIYVFVMXNFNRX-UHFFFAOYSA-N	Chemical Probes Portal	toxicophore	0	No
TXIYVFVMXNFNRX-UHFFFAOYSA-N	Chemical Probes Portal	published_date	0	2022-03-25
TXIYVFVMXNFNRX-UHFFFAOYSA-N	Chemical Probes Portal	canSAR_ID	0	3550555
TXIYVFVMXNFNRX-UHFFFAOYSA-N	Chemical Probes Portal	url	0	https://www.chemicalprobes.org/sgc-camkk2-1
MAHFVAHPQSLLJF-IBGZPJMESA-N	Chemical Probes Portal	rating_in_cell	0	2
MAHFVAHPQSLLJF-IBGZPJMESA-N	Chemical Probes Portal	rating_in_organism	0	0
MAHFVAHPQSLLJF-IBGZPJMESA-N	Chemical Probes Portal	rating_count	0	2
MAHFVAHPQSLLJF-IBGZPJMESA-N	Chemical Probes Portal	unsuitable	0	No
MAHFVAHPQSLLJF-IBGZPJMESA-N	Chemical Probes Portal	pains	0	No
MAHFVAHPQSLLJF-IBGZPJMESA-N	Chemical Probes Portal	toxicophore	0	No
MAHFVAHPQSLLJF-IBGZPJMESA-N	Chemical Probes Portal	published_date	0	2022-06-08
MAHFVAHPQSLLJF-IBGZPJMESA-N	Chemical Probes Portal	canSAR_ID	0	316666
MAHFVAHPQSLLJF-IBGZPJMESA-N	Chemical Probes Portal	url	0	https://www.chemicalprobes.org/tp-030-1
BNYXRPMABDQJJR-UHFFFAOYSA-N	Chemical Probes Portal	rating_in_cell	0	3.6666666666666665
BNYXRPMABDQJJR-UHFFFAOYSA-N	Chemical Probes Portal	rating_in_organism	0	0
BNYXRPMABDQJJR-UHFFFAOYSA-N	Chemical Probes Portal	rating_count	0	3
BNYXRPMABDQJJR-UHFFFAOYSA-N	Chemical Probes Portal	unsuitable	0	No
BNYXRPMABDQJJR-UHFFFAOYSA-N	Chemical Probes Portal	pains	0	No
BNYXRPMABDQJJR-UHFFFAOYSA-N	Chemical Probes Portal	toxicophore	0	No
BNYXRPMABDQJJR-UHFFFAOYSA-N	Chemical Probes Portal	published_date	0	2022-06-08
BNYXRPMABDQJJR-UHFFFAOYSA-N	Chemical Probes Portal	canSAR_ID	0	2968658
BNYXRPMABDQJJR-UHFFFAOYSA-N	Chemical Probes Portal	url	0	https://www.chemicalprobes.org/sgc-stk17b-1
PIJSEUOSRTYUJM-UHFFFAOYSA-N	Chemical Probes Portal	rating_in_cell	0	3.3333333333333335
PIJSEUOSRTYUJM-UHFFFAOYSA-N	Chemical Probes Portal	rating_in_organism	0	0
PIJSEUOSRTYUJM-UHFFFAOYSA-N	Chemical Probes Portal	rating_count	0	3
PIJSEUOSRTYUJM-UHFFFAOYSA-N	Chemical Probes Portal	unsuitable	0	No
PIJSEUOSRTYUJM-UHFFFAOYSA-N	Chemical Probes Portal	pains	0	No
PIJSEUOSRTYUJM-UHFFFAOYSA-N	Chemical Probes Portal	toxicophore	0	No
PIJSEUOSRTYUJM-UHFFFAOYSA-N	Chemical Probes Portal	published_date	0	2024-03-26
PIJSEUOSRTYUJM-UHFFFAOYSA-N	Chemical Probes Portal	canSAR_ID	0	4199102
PIJSEUOSRTYUJM-UHFFFAOYSA-N	Chemical Probes Portal	url	0	https://www.chemicalprobes.org/mr24
UCBIQZUJJSVQHL-UHFFFAOYSA-N	Chemical Probes Portal	rating_in_cell	0	2
UCBIQZUJJSVQHL-UHFFFAOYSA-N	Chemical Probes Portal	rating_in_organism	0	0
UCBIQZUJJSVQHL-UHFFFAOYSA-N	Chemical Probes Portal	rating_count	0	2
UCBIQZUJJSVQHL-UHFFFAOYSA-N	Chemical Probes Portal	unsuitable	0	No
UCBIQZUJJSVQHL-UHFFFAOYSA-N	Chemical Probes Portal	pains	0	No
UCBIQZUJJSVQHL-UHFFFAOYSA-N	Chemical Probes Portal	toxicophore	0	No
UCBIQZUJJSVQHL-UHFFFAOYSA-N	Chemical Probes Portal	published_date	0	2022-11-21
UCBIQZUJJSVQHL-UHFFFAOYSA-N	Chemical Probes Portal	canSAR_ID	0	3148788
UCBIQZUJJSVQHL-UHFFFAOYSA-N	Chemical Probes Portal	url	0	https://www.chemicalprobes.org/sgc-aak1-1
WBFJDKLBAAHKIL-UHFFFAOYSA-N	Chemical Probes Portal	rating_in_cell	0	3.5
WBFJDKLBAAHKIL-UHFFFAOYSA-N	Chemical Probes Portal	rating_in_organism	0	0
WBFJDKLBAAHKIL-UHFFFAOYSA-N	Chemical Probes Portal	rating_count	0	2
WBFJDKLBAAHKIL-UHFFFAOYSA-N	Chemical Probes Portal	unsuitable	0	No
WBFJDKLBAAHKIL-UHFFFAOYSA-N	Chemical Probes Portal	pains	0	No
WBFJDKLBAAHKIL-UHFFFAOYSA-N	Chemical Probes Portal	toxicophore	0	No
WBFJDKLBAAHKIL-UHFFFAOYSA-N	Chemical Probes Portal	published_date	0	2022-03-25
WBFJDKLBAAHKIL-UHFFFAOYSA-N	Chemical Probes Portal	canSAR_ID	0	3550539
WBFJDKLBAAHKIL-UHFFFAOYSA-N	Chemical Probes Portal	url	0	https://www.chemicalprobes.org/msc1186
DVIVLYHDLNAXAT-OAQYLSRUSA-N	Chemical Probes Portal	rating_in_cell	0	3
DVIVLYHDLNAXAT-OAQYLSRUSA-N	Chemical Probes Portal	rating_in_organism	0	0
DVIVLYHDLNAXAT-OAQYLSRUSA-N	Chemical Probes Portal	rating_count	0	1
DVIVLYHDLNAXAT-OAQYLSRUSA-N	Chemical Probes Portal	unsuitable	0	No
DVIVLYHDLNAXAT-OAQYLSRUSA-N	Chemical Probes Portal	pains	0	No
DVIVLYHDLNAXAT-OAQYLSRUSA-N	Chemical Probes Portal	toxicophore	0	No
DVIVLYHDLNAXAT-OAQYLSRUSA-N	Chemical Probes Portal	published_date	0	2021-11-22
DVIVLYHDLNAXAT-OAQYLSRUSA-N	Chemical Probes Portal	canSAR_ID	0	3318578
DVIVLYHDLNAXAT-OAQYLSRUSA-N	Chemical Probes Portal	url	0	https://www.chemicalprobes.org/bay-091
HZRJHVDNTDBTOZ-QGZVFWFLSA-N	Chemical Probes Portal	rating_in_cell	0	3
HZRJHVDNTDBTOZ-QGZVFWFLSA-N	Chemical Probes Portal	rating_in_organism	0	2.5
HZRJHVDNTDBTOZ-QGZVFWFLSA-N	Chemical Probes Portal	rating_count	0	2
HZRJHVDNTDBTOZ-QGZVFWFLSA-N	Chemical Probes Portal	unsuitable	0	No
HZRJHVDNTDBTOZ-QGZVFWFLSA-N	Chemical Probes Portal	pains	0	No
HZRJHVDNTDBTOZ-QGZVFWFLSA-N	Chemical Probes Portal	toxicophore	0	No
HZRJHVDNTDBTOZ-QGZVFWFLSA-N	Chemical Probes Portal	published_date	0	2020-05-16
HZRJHVDNTDBTOZ-QGZVFWFLSA-N	Chemical Probes Portal	canSAR_ID	0	2937943
HZRJHVDNTDBTOZ-QGZVFWFLSA-N	Chemical Probes Portal	url	0	https://www.chemicalprobes.org/bay-985
LHGUZCKPFXXVPV-GOSISDBHSA-N	Chemical Probes Portal	rating_in_cell	0	4
LHGUZCKPFXXVPV-GOSISDBHSA-N	Chemical Probes Portal	rating_in_organism	0	2.5
LHGUZCKPFXXVPV-GOSISDBHSA-N	Chemical Probes Portal	rating_count	0	2
LHGUZCKPFXXVPV-GOSISDBHSA-N	Chemical Probes Portal	unsuitable	0	No
LHGUZCKPFXXVPV-GOSISDBHSA-N	Chemical Probes Portal	pains	0	No
LHGUZCKPFXXVPV-GOSISDBHSA-N	Chemical Probes Portal	toxicophore	0	No
LHGUZCKPFXXVPV-GOSISDBHSA-N	Chemical Probes Portal	published_date	0	2016-08-08
LHGUZCKPFXXVPV-GOSISDBHSA-N	Chemical Probes Portal	canSAR_ID	0	741335
LHGUZCKPFXXVPV-GOSISDBHSA-N	Chemical Probes Portal	url	0	https://www.chemicalprobes.org/cpi-169
QKKIWEILHCXECO-UHFFFAOYSA-N	Chemical Probes Portal	rating_in_cell	0	1.3333333333333333
QKKIWEILHCXECO-UHFFFAOYSA-N	Chemical Probes Portal	rating_in_organism	0	1.3333333333333333
QKKIWEILHCXECO-UHFFFAOYSA-N	Chemical Probes Portal	rating_count	0	3
QKKIWEILHCXECO-UHFFFAOYSA-N	Chemical Probes Portal	unsuitable	0	No
QKKIWEILHCXECO-UHFFFAOYSA-N	Chemical Probes Portal	pains	0	Yes
QKKIWEILHCXECO-UHFFFAOYSA-N	Chemical Probes Portal	toxicophore	0	No
QKKIWEILHCXECO-UHFFFAOYSA-N	Chemical Probes Portal	published_date	0	2015-12-10
QKKIWEILHCXECO-UHFFFAOYSA-N	Chemical Probes Portal	canSAR_ID	0	461444
QKKIWEILHCXECO-UHFFFAOYSA-N	Chemical Probes Portal	url	0	https://www.chemicalprobes.org/urmc-099
KLGDKBPAEMOECW-UHFFFAOYSA-N	Chemical Probes Portal	rating_in_cell	0	3.5
KLGDKBPAEMOECW-UHFFFAOYSA-N	Chemical Probes Portal	rating_in_organism	0	0
KLGDKBPAEMOECW-UHFFFAOYSA-N	Chemical Probes Portal	rating_count	0	2
KLGDKBPAEMOECW-UHFFFAOYSA-N	Chemical Probes Portal	unsuitable	0	No
KLGDKBPAEMOECW-UHFFFAOYSA-N	Chemical Probes Portal	pains	0	No
KLGDKBPAEMOECW-UHFFFAOYSA-N	Chemical Probes Portal	toxicophore	0	Yes
KLGDKBPAEMOECW-UHFFFAOYSA-N	Chemical Probes Portal	published_date	0	2024-04-11
KLGDKBPAEMOECW-UHFFFAOYSA-N	Chemical Probes Portal	canSAR_ID	0	4199099
KLGDKBPAEMOECW-UHFFFAOYSA-N	Chemical Probes Portal	url	0	https://www.chemicalprobes.org/dkfz-748
KIEQQZZDWUNUQK-UHFFFAOYSA-N	Chemical Probes Portal	rating_in_cell	0	4
KIEQQZZDWUNUQK-UHFFFAOYSA-N	Chemical Probes Portal	rating_in_organism	0	4
KIEQQZZDWUNUQK-UHFFFAOYSA-N	Chemical Probes Portal	rating_count	0	2
KIEQQZZDWUNUQK-UHFFFAOYSA-N	Chemical Probes Portal	unsuitable	0	No
KIEQQZZDWUNUQK-UHFFFAOYSA-N	Chemical Probes Portal	pains	0	No
KIEQQZZDWUNUQK-UHFFFAOYSA-N	Chemical Probes Portal	toxicophore	0	No
KIEQQZZDWUNUQK-UHFFFAOYSA-N	Chemical Probes Portal	published_date	0	2023-04-26
KIEQQZZDWUNUQK-UHFFFAOYSA-N	Chemical Probes Portal	canSAR_ID	0	3546596
KIEQQZZDWUNUQK-UHFFFAOYSA-N	Chemical Probes Portal	url	0	https://www.chemicalprobes.org/gsk3484862
HLHNFJNSQZZUNW-MAEOIBBWSA-N	Chemical Probes Portal	rating_in_cell	0	3
HLHNFJNSQZZUNW-MAEOIBBWSA-N	Chemical Probes Portal	rating_in_organism	0	0
HLHNFJNSQZZUNW-MAEOIBBWSA-N	Chemical Probes Portal	rating_count	0	2
HLHNFJNSQZZUNW-MAEOIBBWSA-N	Chemical Probes Portal	unsuitable	0	No
HLHNFJNSQZZUNW-MAEOIBBWSA-N	Chemical Probes Portal	pains	0	No
HLHNFJNSQZZUNW-MAEOIBBWSA-N	Chemical Probes Portal	toxicophore	0	No
HLHNFJNSQZZUNW-MAEOIBBWSA-N	Chemical Probes Portal	published_date	0	2022-03-25
HLHNFJNSQZZUNW-MAEOIBBWSA-N	Chemical Probes Portal	canSAR_ID	0	3550544
HLHNFJNSQZZUNW-MAEOIBBWSA-N	Chemical Probes Portal	url	0	https://www.chemicalprobes.org/pfi-7
GCWIQUVXWZWCLE-INIZCTEOSA-N	Chemical Probes Portal	rating_in_cell	0	4
GCWIQUVXWZWCLE-INIZCTEOSA-N	Chemical Probes Portal	rating_in_organism	0	4
GCWIQUVXWZWCLE-INIZCTEOSA-N	Chemical Probes Portal	rating_count	0	3
GCWIQUVXWZWCLE-INIZCTEOSA-N	Chemical Probes Portal	unsuitable	0	No
GCWIQUVXWZWCLE-INIZCTEOSA-N	Chemical Probes Portal	pains	0	No
GCWIQUVXWZWCLE-INIZCTEOSA-N	Chemical Probes Portal	toxicophore	0	No
GCWIQUVXWZWCLE-INIZCTEOSA-N	Chemical Probes Portal	published_date	0	2017-04-24
GCWIQUVXWZWCLE-INIZCTEOSA-N	Chemical Probes Portal	canSAR_ID	0	1693860
GCWIQUVXWZWCLE-INIZCTEOSA-N	Chemical Probes Portal	url	0	https://www.chemicalprobes.org/cpi-0610
AUIFRJWXYUNPPV-QFIPXVFZSA-N	Chemical Probes Portal	rating_in_cell	0	2.5
AUIFRJWXYUNPPV-QFIPXVFZSA-N	Chemical Probes Portal	rating_in_organism	0	0
AUIFRJWXYUNPPV-QFIPXVFZSA-N	Chemical Probes Portal	rating_count	0	2
AUIFRJWXYUNPPV-QFIPXVFZSA-N	Chemical Probes Portal	unsuitable	0	No
AUIFRJWXYUNPPV-QFIPXVFZSA-N	Chemical Probes Portal	pains	0	No
AUIFRJWXYUNPPV-QFIPXVFZSA-N	Chemical Probes Portal	toxicophore	0	No
AUIFRJWXYUNPPV-QFIPXVFZSA-N	Chemical Probes Portal	published_date	0	2022-01-31
AUIFRJWXYUNPPV-QFIPXVFZSA-N	Chemical Probes Portal	canSAR_ID	0	625199
AUIFRJWXYUNPPV-QFIPXVFZSA-N	Chemical Probes Portal	url	0	https://www.chemicalprobes.org/bi-653048
KHVVJKLNKLQLJZ-SFHVURJKSA-N	Chemical Probes Portal	rating_in_cell	0	4
KHVVJKLNKLQLJZ-SFHVURJKSA-N	Chemical Probes Portal	rating_in_organism	0	0
KHVVJKLNKLQLJZ-SFHVURJKSA-N	Chemical Probes Portal	rating_count	0	2
KHVVJKLNKLQLJZ-SFHVURJKSA-N	Chemical Probes Portal	unsuitable	0	No
KHVVJKLNKLQLJZ-SFHVURJKSA-N	Chemical Probes Portal	pains	0	No
KHVVJKLNKLQLJZ-SFHVURJKSA-N	Chemical Probes Portal	toxicophore	0	No
KHVVJKLNKLQLJZ-SFHVURJKSA-N	Chemical Probes Portal	published_date	0	2022-02-20
KHVVJKLNKLQLJZ-SFHVURJKSA-N	Chemical Probes Portal	canSAR_ID	0	3183084
KHVVJKLNKLQLJZ-SFHVURJKSA-N	Chemical Probes Portal	url	0	https://www.chemicalprobes.org/tp-030-2
SAAYRHKJHDIDPH-UHFFFAOYSA-N	Chemical Probes Portal	rating_in_cell	0	3
SAAYRHKJHDIDPH-UHFFFAOYSA-N	Chemical Probes Portal	rating_in_organism	0	0
SAAYRHKJHDIDPH-UHFFFAOYSA-N	Chemical Probes Portal	rating_count	0	2
SAAYRHKJHDIDPH-UHFFFAOYSA-N	Chemical Probes Portal	unsuitable	0	No
SAAYRHKJHDIDPH-UHFFFAOYSA-N	Chemical Probes Portal	pains	0	No
SAAYRHKJHDIDPH-UHFFFAOYSA-N	Chemical Probes Portal	toxicophore	0	No
SAAYRHKJHDIDPH-UHFFFAOYSA-N	Chemical Probes Portal	published_date	0	2023-02-13
SAAYRHKJHDIDPH-UHFFFAOYSA-N	Chemical Probes Portal	canSAR_ID	0	255911
SAAYRHKJHDIDPH-UHFFFAOYSA-N	Chemical Probes Portal	url	0	https://www.chemicalprobes.org/alw-ii-49-7
VGFHPNRWHOQLEB-UHFFFAOYSA-N	Chemical Probes Portal	rating_in_cell	0	3.5
VGFHPNRWHOQLEB-UHFFFAOYSA-N	Chemical Probes Portal	rating_in_organism	0	0
VGFHPNRWHOQLEB-UHFFFAOYSA-N	Chemical Probes Portal	rating_count	0	2
VGFHPNRWHOQLEB-UHFFFAOYSA-N	Chemical Probes Portal	unsuitable	0	No
VGFHPNRWHOQLEB-UHFFFAOYSA-N	Chemical Probes Portal	pains	0	No
VGFHPNRWHOQLEB-UHFFFAOYSA-N	Chemical Probes Portal	toxicophore	0	No
VGFHPNRWHOQLEB-UHFFFAOYSA-N	Chemical Probes Portal	published_date	0	2023-05-19
VGFHPNRWHOQLEB-UHFFFAOYSA-N	Chemical Probes Portal	canSAR_ID	0	3935396
VGFHPNRWHOQLEB-UHFFFAOYSA-N	Chemical Probes Portal	url	0	https://www.chemicalprobes.org/sgc-pi5p4kgmylk-1
FHCSBLWRGCOVPT-UHFFFAOYSA-N	Chemical Probes Portal	rating_in_cell	0	3
FHCSBLWRGCOVPT-UHFFFAOYSA-N	Chemical Probes Portal	rating_in_organism	0	0
FHCSBLWRGCOVPT-UHFFFAOYSA-N	Chemical Probes Portal	rating_count	0	1
FHCSBLWRGCOVPT-UHFFFAOYSA-N	Chemical Probes Portal	unsuitable	0	No
FHCSBLWRGCOVPT-UHFFFAOYSA-N	Chemical Probes Portal	pains	0	No
FHCSBLWRGCOVPT-UHFFFAOYSA-N	Chemical Probes Portal	toxicophore	0	No
FHCSBLWRGCOVPT-UHFFFAOYSA-N	Chemical Probes Portal	published_date	0	2023-01-24
FHCSBLWRGCOVPT-UHFFFAOYSA-N	Chemical Probes Portal	canSAR_ID	0	455810
FHCSBLWRGCOVPT-UHFFFAOYSA-N	Chemical Probes Portal	url	0	https://www.chemicalprobes.org/az2858
WQNRDXHKVSKUPI-UHFFFAOYSA-N	Chemical Probes Portal	rating_in_cell	0	2
WQNRDXHKVSKUPI-UHFFFAOYSA-N	Chemical Probes Portal	rating_in_organism	0	0
WQNRDXHKVSKUPI-UHFFFAOYSA-N	Chemical Probes Portal	rating_count	0	1
WQNRDXHKVSKUPI-UHFFFAOYSA-N	Chemical Probes Portal	unsuitable	0	No
WQNRDXHKVSKUPI-UHFFFAOYSA-N	Chemical Probes Portal	pains	0	No
WQNRDXHKVSKUPI-UHFFFAOYSA-N	Chemical Probes Portal	toxicophore	0	No
WQNRDXHKVSKUPI-UHFFFAOYSA-N	Chemical Probes Portal	published_date	0	2023-01-24
WQNRDXHKVSKUPI-UHFFFAOYSA-N	Chemical Probes Portal	canSAR_ID	0	3212927
WQNRDXHKVSKUPI-UHFFFAOYSA-N	Chemical Probes Portal	url	0	https://www.chemicalprobes.org/stk16-in-1
VUIITYLFSAXKIQ-UHFFFAOYSA-N	Chemical Probes Portal	rating_in_cell	0	3.5
VUIITYLFSAXKIQ-UHFFFAOYSA-N	Chemical Probes Portal	rating_in_organism	0	0
VUIITYLFSAXKIQ-UHFFFAOYSA-N	Chemical Probes Portal	rating_count	0	2
VUIITYLFSAXKIQ-UHFFFAOYSA-N	Chemical Probes Portal	unsuitable	0	No
VUIITYLFSAXKIQ-UHFFFAOYSA-N	Chemical Probes Portal	pains	0	No
VUIITYLFSAXKIQ-UHFFFAOYSA-N	Chemical Probes Portal	toxicophore	0	No
VUIITYLFSAXKIQ-UHFFFAOYSA-N	Chemical Probes Portal	published_date	0	2022-07-21
VUIITYLFSAXKIQ-UHFFFAOYSA-N	Chemical Probes Portal	canSAR_ID	0	2897274
VUIITYLFSAXKIQ-UHFFFAOYSA-N	Chemical Probes Portal	url	0	https://www.chemicalprobes.org/tp-064
WQKXOAJVNFOHNZ-UHFFFAOYSA-N	Chemical Probes Portal	rating_in_cell	0	3
WQKXOAJVNFOHNZ-UHFFFAOYSA-N	Chemical Probes Portal	rating_in_organism	0	0
WQKXOAJVNFOHNZ-UHFFFAOYSA-N	Chemical Probes Portal	rating_count	0	3
WQKXOAJVNFOHNZ-UHFFFAOYSA-N	Chemical Probes Portal	unsuitable	0	No
WQKXOAJVNFOHNZ-UHFFFAOYSA-N	Chemical Probes Portal	pains	0	No
WQKXOAJVNFOHNZ-UHFFFAOYSA-N	Chemical Probes Portal	toxicophore	0	No
WQKXOAJVNFOHNZ-UHFFFAOYSA-N	Chemical Probes Portal	published_date	0	2022-07-28
WQKXOAJVNFOHNZ-UHFFFAOYSA-N	Chemical Probes Portal	canSAR_ID	0	218601
WQKXOAJVNFOHNZ-UHFFFAOYSA-N	Chemical Probes Portal	url	0	https://www.chemicalprobes.org/tao_kinase_inhibitor_1
KTACUAZSJJIUKD-QXONSOMPSA-N	Chemical Probes Portal	rating_in_cell	0	3
KTACUAZSJJIUKD-QXONSOMPSA-N	Chemical Probes Portal	rating_in_organism	0	0
KTACUAZSJJIUKD-QXONSOMPSA-N	Chemical Probes Portal	rating_count	0	1
KTACUAZSJJIUKD-QXONSOMPSA-N	Chemical Probes Portal	unsuitable	0	No
KTACUAZSJJIUKD-QXONSOMPSA-N	Chemical Probes Portal	pains	0	No
KTACUAZSJJIUKD-QXONSOMPSA-N	Chemical Probes Portal	toxicophore	0	No
KTACUAZSJJIUKD-QXONSOMPSA-N	Chemical Probes Portal	published_date	0	2022-02-17
KTACUAZSJJIUKD-QXONSOMPSA-N	Chemical Probes Portal	canSAR_ID	0	3318719
KTACUAZSJJIUKD-QXONSOMPSA-N	Chemical Probes Portal	url	0	https://www.chemicalprobes.org/mria9
IEFFSHLHNYVSEF-UHFFFAOYSA-N	Chemical Probes Portal	rating_in_cell	0	3
IEFFSHLHNYVSEF-UHFFFAOYSA-N	Chemical Probes Portal	rating_in_organism	0	0
IEFFSHLHNYVSEF-UHFFFAOYSA-N	Chemical Probes Portal	rating_count	0	1
IEFFSHLHNYVSEF-UHFFFAOYSA-N	Chemical Probes Portal	unsuitable	0	No
IEFFSHLHNYVSEF-UHFFFAOYSA-N	Chemical Probes Portal	pains	0	No
IEFFSHLHNYVSEF-UHFFFAOYSA-N	Chemical Probes Portal	toxicophore	0	No
IEFFSHLHNYVSEF-UHFFFAOYSA-N	Chemical Probes Portal	published_date	0	2021-12-14
IEFFSHLHNYVSEF-UHFFFAOYSA-N	Chemical Probes Portal	canSAR_ID	0	2912953
IEFFSHLHNYVSEF-UHFFFAOYSA-N	Chemical Probes Portal	url	0	https://www.chemicalprobes.org/t3-clk
LVEUPFUJRKZPEN-UHFFFAOYSA-N	Chemical Probes Portal	rating_in_cell	0	2
LVEUPFUJRKZPEN-UHFFFAOYSA-N	Chemical Probes Portal	rating_in_organism	0	0
LVEUPFUJRKZPEN-UHFFFAOYSA-N	Chemical Probes Portal	rating_count	0	1
LVEUPFUJRKZPEN-UHFFFAOYSA-N	Chemical Probes Portal	unsuitable	0	No
LVEUPFUJRKZPEN-UHFFFAOYSA-N	Chemical Probes Portal	pains	0	No
LVEUPFUJRKZPEN-UHFFFAOYSA-N	Chemical Probes Portal	toxicophore	0	No
LVEUPFUJRKZPEN-UHFFFAOYSA-N	Chemical Probes Portal	published_date	0	2022-01-14
LVEUPFUJRKZPEN-UHFFFAOYSA-N	Chemical Probes Portal	canSAR_ID	0	3222830
LVEUPFUJRKZPEN-UHFFFAOYSA-N	Chemical Probes Portal	url	0	https://www.chemicalprobes.org/tp-008
DDKHTWASHUKHLD-UHFFFAOYSA-N	Chemical Probes Portal	rating_in_cell	0	2
DDKHTWASHUKHLD-UHFFFAOYSA-N	Chemical Probes Portal	rating_in_organism	0	0
DDKHTWASHUKHLD-UHFFFAOYSA-N	Chemical Probes Portal	rating_count	0	2
DDKHTWASHUKHLD-UHFFFAOYSA-N	Chemical Probes Portal	unsuitable	0	No
DDKHTWASHUKHLD-UHFFFAOYSA-N	Chemical Probes Portal	pains	0	No
DDKHTWASHUKHLD-UHFFFAOYSA-N	Chemical Probes Portal	toxicophore	0	No
DDKHTWASHUKHLD-UHFFFAOYSA-N	Chemical Probes Portal	published_date	0	2023-11-01
DDKHTWASHUKHLD-UHFFFAOYSA-N	Chemical Probes Portal	canSAR_ID	0	114504
DDKHTWASHUKHLD-UHFFFAOYSA-N	Chemical Probes Portal	url	0	https://www.chemicalprobes.org/sgk1-in-1
YCFFONJEHNSECY-UHFFFAOYSA-N	Chemical Probes Portal	rating_in_cell	0	4
YCFFONJEHNSECY-UHFFFAOYSA-N	Chemical Probes Portal	rating_in_organism	0	0
YCFFONJEHNSECY-UHFFFAOYSA-N	Chemical Probes Portal	rating_count	0	1
YCFFONJEHNSECY-UHFFFAOYSA-N	Chemical Probes Portal	unsuitable	0	No
YCFFONJEHNSECY-UHFFFAOYSA-N	Chemical Probes Portal	pains	0	No
YCFFONJEHNSECY-UHFFFAOYSA-N	Chemical Probes Portal	toxicophore	0	No
YCFFONJEHNSECY-UHFFFAOYSA-N	Chemical Probes Portal	published_date	0	2022-03-25
YCFFONJEHNSECY-UHFFFAOYSA-N	Chemical Probes Portal	canSAR_ID	0	3550542
YCFFONJEHNSECY-UHFFFAOYSA-N	Chemical Probes Portal	url	0	https://www.chemicalprobes.org/ck156
DZIHITUUUPJMOQ-UHFFFAOYSA-N	Chemical Probes Portal	rating_in_cell	0	3
DZIHITUUUPJMOQ-UHFFFAOYSA-N	Chemical Probes Portal	rating_in_organism	0	0
DZIHITUUUPJMOQ-UHFFFAOYSA-N	Chemical Probes Portal	rating_count	0	1
DZIHITUUUPJMOQ-UHFFFAOYSA-N	Chemical Probes Portal	unsuitable	0	No
DZIHITUUUPJMOQ-UHFFFAOYSA-N	Chemical Probes Portal	pains	0	Yes
DZIHITUUUPJMOQ-UHFFFAOYSA-N	Chemical Probes Portal	toxicophore	0	No
DZIHITUUUPJMOQ-UHFFFAOYSA-N	Chemical Probes Portal	published_date	0	2023-06-12
DZIHITUUUPJMOQ-UHFFFAOYSA-N	Chemical Probes Portal	canSAR_ID	0	3929995
DZIHITUUUPJMOQ-UHFFFAOYSA-N	Chemical Probes Portal	url	0	https://www.chemicalprobes.org/aruk2002821
JRJKATLTRNXYCE-UHFFFAOYSA-N	Chemical Probes Portal	rating_in_cell	0	3
JRJKATLTRNXYCE-UHFFFAOYSA-N	Chemical Probes Portal	rating_in_organism	0	0
JRJKATLTRNXYCE-UHFFFAOYSA-N	Chemical Probes Portal	rating_count	0	1
JRJKATLTRNXYCE-UHFFFAOYSA-N	Chemical Probes Portal	unsuitable	0	No
JRJKATLTRNXYCE-UHFFFAOYSA-N	Chemical Probes Portal	pains	0	No
JRJKATLTRNXYCE-UHFFFAOYSA-N	Chemical Probes Portal	toxicophore	0	No
JRJKATLTRNXYCE-UHFFFAOYSA-N	Chemical Probes Portal	published_date	0	2022-06-08
JRJKATLTRNXYCE-UHFFFAOYSA-N	Chemical Probes Portal	canSAR_ID	0	543527
JRJKATLTRNXYCE-UHFFFAOYSA-N	Chemical Probes Portal	url	0	https://www.chemicalprobes.org/jh-ix-179
IFSDAJWBUCMOAH-HNNXBMFYSA-N	Chemical Probes Portal	rating_in_cell	0	3.6666666666666665
IFSDAJWBUCMOAH-HNNXBMFYSA-N	Chemical Probes Portal	rating_in_organism	0	0
IFSDAJWBUCMOAH-HNNXBMFYSA-N	Chemical Probes Portal	rating_count	0	3
IFSDAJWBUCMOAH-HNNXBMFYSA-N	Chemical Probes Portal	unsuitable	0	No
IFSDAJWBUCMOAH-HNNXBMFYSA-N	Chemical Probes Portal	pains	0	No
IFSDAJWBUCMOAH-HNNXBMFYSA-N	Chemical Probes Portal	toxicophore	0	No
IFSDAJWBUCMOAH-HNNXBMFYSA-N	Chemical Probes Portal	published_date	0	2023-06-12
IFSDAJWBUCMOAH-HNNXBMFYSA-N	Chemical Probes Portal	canSAR_ID	0	379664
IFSDAJWBUCMOAH-HNNXBMFYSA-N	Chemical Probes Portal	url	0	https://www.chemicalprobes.org/idelalisib
BXDZOYLPNAIDOC-UHFFFAOYSA-N	Chemical Probes Portal	rating_in_cell	0	3.5
BXDZOYLPNAIDOC-UHFFFAOYSA-N	Chemical Probes Portal	rating_in_organism	0	0
BXDZOYLPNAIDOC-UHFFFAOYSA-N	Chemical Probes Portal	rating_count	0	4
BXDZOYLPNAIDOC-UHFFFAOYSA-N	Chemical Probes Portal	unsuitable	0	No
BXDZOYLPNAIDOC-UHFFFAOYSA-N	Chemical Probes Portal	pains	0	No
BXDZOYLPNAIDOC-UHFFFAOYSA-N	Chemical Probes Portal	toxicophore	0	Yes
BXDZOYLPNAIDOC-UHFFFAOYSA-N	Chemical Probes Portal	published_date	0	2020-11-12
BXDZOYLPNAIDOC-UHFFFAOYSA-N	Chemical Probes Portal	canSAR_ID	0	3239852
BXDZOYLPNAIDOC-UHFFFAOYSA-N	Chemical Probes Portal	url	0	https://www.chemicalprobes.org/thal-sns-032
WGMNFJAFXXXRLZ-GEVKEYJPSA-N	Chemical Probes Portal	rating_in_cell	0	3
WGMNFJAFXXXRLZ-GEVKEYJPSA-N	Chemical Probes Portal	rating_in_organism	0	0
WGMNFJAFXXXRLZ-GEVKEYJPSA-N	Chemical Probes Portal	rating_count	0	1
WGMNFJAFXXXRLZ-GEVKEYJPSA-N	Chemical Probes Portal	unsuitable	0	No
WGMNFJAFXXXRLZ-GEVKEYJPSA-N	Chemical Probes Portal	pains	0	No
WGMNFJAFXXXRLZ-GEVKEYJPSA-N	Chemical Probes Portal	toxicophore	0	No
WGMNFJAFXXXRLZ-GEVKEYJPSA-N	Chemical Probes Portal	published_date	0	2021-12-19
WGMNFJAFXXXRLZ-GEVKEYJPSA-N	Chemical Probes Portal	canSAR_ID	0	3244218
WGMNFJAFXXXRLZ-GEVKEYJPSA-N	Chemical Probes Portal	url	0	https://www.chemicalprobes.org/sr-302
OCQCKUTZHBQNEI-UHFFFAOYSA-N	Chemical Probes Portal	rating_in_cell	0	3
OCQCKUTZHBQNEI-UHFFFAOYSA-N	Chemical Probes Portal	rating_in_organism	0	0
OCQCKUTZHBQNEI-UHFFFAOYSA-N	Chemical Probes Portal	rating_count	0	1
OCQCKUTZHBQNEI-UHFFFAOYSA-N	Chemical Probes Portal	unsuitable	0	No
OCQCKUTZHBQNEI-UHFFFAOYSA-N	Chemical Probes Portal	pains	0	No
OCQCKUTZHBQNEI-UHFFFAOYSA-N	Chemical Probes Portal	toxicophore	0	No
OCQCKUTZHBQNEI-UHFFFAOYSA-N	Chemical Probes Portal	published_date	0	2023-10-04
OCQCKUTZHBQNEI-UHFFFAOYSA-N	Chemical Probes Portal	canSAR_ID	0	3935430
OCQCKUTZHBQNEI-UHFFFAOYSA-N	Chemical Probes Portal	url	0	https://www.chemicalprobes.org/sgc-gsk3-1
PFZRXJIYAFANHP-IBGZPJMESA-N	Chemical Probes Portal	rating_in_cell	0	3
PFZRXJIYAFANHP-IBGZPJMESA-N	Chemical Probes Portal	rating_in_organism	0	0
PFZRXJIYAFANHP-IBGZPJMESA-N	Chemical Probes Portal	rating_count	0	3
PFZRXJIYAFANHP-IBGZPJMESA-N	Chemical Probes Portal	unsuitable	0	No
PFZRXJIYAFANHP-IBGZPJMESA-N	Chemical Probes Portal	pains	0	No
PFZRXJIYAFANHP-IBGZPJMESA-N	Chemical Probes Portal	toxicophore	0	No
PFZRXJIYAFANHP-IBGZPJMESA-N	Chemical Probes Portal	published_date	0	2020-06-17
PFZRXJIYAFANHP-IBGZPJMESA-N	Chemical Probes Portal	canSAR_ID	0	2879307
PFZRXJIYAFANHP-IBGZPJMESA-N	Chemical Probes Portal	url	0	https://www.chemicalprobes.org/ulk-101
KGJVKYSVVOQPDL-UHFFFAOYSA-N	Chemical Probes Portal	rating_in_cell	0	3
KGJVKYSVVOQPDL-UHFFFAOYSA-N	Chemical Probes Portal	rating_in_organism	0	0
KGJVKYSVVOQPDL-UHFFFAOYSA-N	Chemical Probes Portal	rating_count	0	2
KGJVKYSVVOQPDL-UHFFFAOYSA-N	Chemical Probes Portal	unsuitable	0	No
KGJVKYSVVOQPDL-UHFFFAOYSA-N	Chemical Probes Portal	pains	0	No
KGJVKYSVVOQPDL-UHFFFAOYSA-N	Chemical Probes Portal	toxicophore	0	No
KGJVKYSVVOQPDL-UHFFFAOYSA-N	Chemical Probes Portal	published_date	0	2024-05-31
KGJVKYSVVOQPDL-UHFFFAOYSA-N	Chemical Probes Portal	canSAR_ID	0	4138183
KGJVKYSVVOQPDL-UHFFFAOYSA-N	Chemical Probes Portal	url	0	https://www.chemicalprobes.org/inx-315
MRHRACKJKBOJEI-UHFFFAOYSA-N	Chemical Probes Portal	rating_in_cell	0	3
MRHRACKJKBOJEI-UHFFFAOYSA-N	Chemical Probes Portal	rating_in_organism	0	0
MRHRACKJKBOJEI-UHFFFAOYSA-N	Chemical Probes Portal	rating_count	0	2
MRHRACKJKBOJEI-UHFFFAOYSA-N	Chemical Probes Portal	unsuitable	0	No
MRHRACKJKBOJEI-UHFFFAOYSA-N	Chemical Probes Portal	pains	0	No
MRHRACKJKBOJEI-UHFFFAOYSA-N	Chemical Probes Portal	toxicophore	0	Yes
MRHRACKJKBOJEI-UHFFFAOYSA-N	Chemical Probes Portal	published_date	0	2022-06-08
MRHRACKJKBOJEI-UHFFFAOYSA-N	Chemical Probes Portal	canSAR_ID	0	1875008
MRHRACKJKBOJEI-UHFFFAOYSA-N	Chemical Probes Portal	url	0	https://www.chemicalprobes.org/th65
ZOIBZSZLMJDVDQ-UHFFFAOYSA-N	Chemical Probes Portal	rating_in_cell	0	3.5
ZOIBZSZLMJDVDQ-UHFFFAOYSA-N	Chemical Probes Portal	rating_in_organism	0	0
ZOIBZSZLMJDVDQ-UHFFFAOYSA-N	Chemical Probes Portal	rating_count	0	2
ZOIBZSZLMJDVDQ-UHFFFAOYSA-N	Chemical Probes Portal	unsuitable	0	No
ZOIBZSZLMJDVDQ-UHFFFAOYSA-N	Chemical Probes Portal	pains	0	No
ZOIBZSZLMJDVDQ-UHFFFAOYSA-N	Chemical Probes Portal	toxicophore	0	No
ZOIBZSZLMJDVDQ-UHFFFAOYSA-N	Chemical Probes Portal	published_date	0	2023-01-26
ZOIBZSZLMJDVDQ-UHFFFAOYSA-N	Chemical Probes Portal	canSAR_ID	0	3444996
ZOIBZSZLMJDVDQ-UHFFFAOYSA-N	Chemical Probes Portal	url	0	https://www.chemicalprobes.org/epz005687
XASOHFCUIQARJT-UHFFFAOYSA-N	Chemical Probes Portal	rating_in_cell	0	4
XASOHFCUIQARJT-UHFFFAOYSA-N	Chemical Probes Portal	rating_in_organism	0	4
XASOHFCUIQARJT-UHFFFAOYSA-N	Chemical Probes Portal	rating_count	0	1
XASOHFCUIQARJT-UHFFFAOYSA-N	Chemical Probes Portal	unsuitable	0	No
XASOHFCUIQARJT-UHFFFAOYSA-N	Chemical Probes Portal	pains	0	No
XASOHFCUIQARJT-UHFFFAOYSA-N	Chemical Probes Portal	toxicophore	0	No
XASOHFCUIQARJT-UHFFFAOYSA-N	Chemical Probes Portal	published_date	0	2024-05-10
XASOHFCUIQARJT-UHFFFAOYSA-N	Chemical Probes Portal	canSAR_ID	0	4199097
XASOHFCUIQARJT-UHFFFAOYSA-N	Chemical Probes Portal	url	0	https://www.chemicalprobes.org/gplg3970
JCSGFHVFHSKIJH-UHFFFAOYSA-N	Chemical Probes Portal	rating_in_cell	0	2.3333333333333335
JCSGFHVFHSKIJH-UHFFFAOYSA-N	Chemical Probes Portal	rating_in_organism	0	0
JCSGFHVFHSKIJH-UHFFFAOYSA-N	Chemical Probes Portal	rating_count	0	3
JCSGFHVFHSKIJH-UHFFFAOYSA-N	Chemical Probes Portal	unsuitable	0	No
JCSGFHVFHSKIJH-UHFFFAOYSA-N	Chemical Probes Portal	pains	0	No
JCSGFHVFHSKIJH-UHFFFAOYSA-N	Chemical Probes Portal	toxicophore	0	Yes
JCSGFHVFHSKIJH-UHFFFAOYSA-N	Chemical Probes Portal	published_date	0	2023-01-24
JCSGFHVFHSKIJH-UHFFFAOYSA-N	Chemical Probes Portal	canSAR_ID	0	1588366
JCSGFHVFHSKIJH-UHFFFAOYSA-N	Chemical Probes Portal	url	0	https://www.chemicalprobes.org/sb-216763
HEVVNKYNJCSHFA-UHFFFAOYSA-N	Chemical Probes Portal	rating_in_cell	0	2
HEVVNKYNJCSHFA-UHFFFAOYSA-N	Chemical Probes Portal	rating_in_organism	0	0
HEVVNKYNJCSHFA-UHFFFAOYSA-N	Chemical Probes Portal	rating_count	0	2
HEVVNKYNJCSHFA-UHFFFAOYSA-N	Chemical Probes Portal	unsuitable	0	No
HEVVNKYNJCSHFA-UHFFFAOYSA-N	Chemical Probes Portal	pains	0	No
HEVVNKYNJCSHFA-UHFFFAOYSA-N	Chemical Probes Portal	toxicophore	0	No
HEVVNKYNJCSHFA-UHFFFAOYSA-N	Chemical Probes Portal	published_date	0	2023-05-18
HEVVNKYNJCSHFA-UHFFFAOYSA-N	Chemical Probes Portal	canSAR_ID	0	3929850
HEVVNKYNJCSHFA-UHFFFAOYSA-N	Chemical Probes Portal	url	0	https://www.chemicalprobes.org/sgc-ck2-2
KFRGPUFONMCXQI-RUZDIDTESA-N	Chemical Probes Portal	rating_in_cell	0	4
KFRGPUFONMCXQI-RUZDIDTESA-N	Chemical Probes Portal	rating_in_organism	0	3
KFRGPUFONMCXQI-RUZDIDTESA-N	Chemical Probes Portal	rating_count	0	1
KFRGPUFONMCXQI-RUZDIDTESA-N	Chemical Probes Portal	unsuitable	0	No
KFRGPUFONMCXQI-RUZDIDTESA-N	Chemical Probes Portal	pains	0	No
KFRGPUFONMCXQI-RUZDIDTESA-N	Chemical Probes Portal	toxicophore	0	No
KFRGPUFONMCXQI-RUZDIDTESA-N	Chemical Probes Portal	published_date	0	2024-05-31
KFRGPUFONMCXQI-RUZDIDTESA-N	Chemical Probes Portal	canSAR_ID	0	3886352
KFRGPUFONMCXQI-RUZDIDTESA-N	Chemical Probes Portal	url	0	https://www.chemicalprobes.org/gfb-12630
XKFTZKGMDDZMJI-HSZRJFAPSA-N	Chemical Probes Portal	rating_in_cell	0	0
XKFTZKGMDDZMJI-HSZRJFAPSA-N	Chemical Probes Portal	rating_in_organism	0	0
XKFTZKGMDDZMJI-HSZRJFAPSA-N	Chemical Probes Portal	rating_count	0	0
XKFTZKGMDDZMJI-HSZRJFAPSA-N	Chemical Probes Portal	unsuitable	0	No
XKFTZKGMDDZMJI-HSZRJFAPSA-N	Chemical Probes Portal	pains	0	No
XKFTZKGMDDZMJI-HSZRJFAPSA-N	Chemical Probes Portal	toxicophore	0	No
XKFTZKGMDDZMJI-HSZRJFAPSA-N	Chemical Probes Portal	published_date	0	2022-06-08
XKFTZKGMDDZMJI-HSZRJFAPSA-N	Chemical Probes Portal	canSAR_ID	0	624473
XKFTZKGMDDZMJI-HSZRJFAPSA-N	Chemical Probes Portal	url	0	https://www.chemicalprobes.org/danusertib
QPGYAMIHXLCFTJ-UHFFFAOYSA-N	Chemical Probes Portal	rating_in_cell	0	0
QPGYAMIHXLCFTJ-UHFFFAOYSA-N	Chemical Probes Portal	rating_in_organism	0	0
QPGYAMIHXLCFTJ-UHFFFAOYSA-N	Chemical Probes Portal	rating_count	0	0
QPGYAMIHXLCFTJ-UHFFFAOYSA-N	Chemical Probes Portal	unsuitable	0	No
QPGYAMIHXLCFTJ-UHFFFAOYSA-N	Chemical Probes Portal	pains	0	No
QPGYAMIHXLCFTJ-UHFFFAOYSA-N	Chemical Probes Portal	toxicophore	0	No
QPGYAMIHXLCFTJ-UHFFFAOYSA-N	Chemical Probes Portal	published_date	0	2022-07-22
QPGYAMIHXLCFTJ-UHFFFAOYSA-N	Chemical Probes Portal	canSAR_ID	0	519536
QPGYAMIHXLCFTJ-UHFFFAOYSA-N	Chemical Probes Portal	url	0	https://www.chemicalprobes.org/secinh3
HKROEBDHHKMNBZ-CHBKHGQFSA-N	Chemical Probes Portal	rating_in_cell	0	0
HKROEBDHHKMNBZ-CHBKHGQFSA-N	Chemical Probes Portal	rating_in_organism	0	0
HKROEBDHHKMNBZ-CHBKHGQFSA-N	Chemical Probes Portal	rating_count	0	0
HKROEBDHHKMNBZ-CHBKHGQFSA-N	Chemical Probes Portal	unsuitable	0	No
HKROEBDHHKMNBZ-CHBKHGQFSA-N	Chemical Probes Portal	pains	0	No
HKROEBDHHKMNBZ-CHBKHGQFSA-N	Chemical Probes Portal	toxicophore	0	Yes
HKROEBDHHKMNBZ-CHBKHGQFSA-N	Chemical Probes Portal	published_date	0	2021-12-01
HKROEBDHHKMNBZ-CHBKHGQFSA-N	Chemical Probes Portal	canSAR_ID	0	63385
HKROEBDHHKMNBZ-CHBKHGQFSA-N	Chemical Probes Portal	url	0	https://www.chemicalprobes.org/a-079
DFQAJLQXPSPNJE-UHFFFAOYSA-N	Chemical Probes Portal	rating_in_cell	0	3.6666666666666665
DFQAJLQXPSPNJE-UHFFFAOYSA-N	Chemical Probes Portal	rating_in_organism	0	3
DFQAJLQXPSPNJE-UHFFFAOYSA-N	Chemical Probes Portal	rating_count	0	3
DFQAJLQXPSPNJE-UHFFFAOYSA-N	Chemical Probes Portal	unsuitable	0	No
DFQAJLQXPSPNJE-UHFFFAOYSA-N	Chemical Probes Portal	pains	0	Yes
DFQAJLQXPSPNJE-UHFFFAOYSA-N	Chemical Probes Portal	toxicophore	0	No
DFQAJLQXPSPNJE-UHFFFAOYSA-N	Chemical Probes Portal	published_date	0	2020-10-14
DFQAJLQXPSPNJE-UHFFFAOYSA-N	Chemical Probes Portal	canSAR_ID	0	2879300
DFQAJLQXPSPNJE-UHFFFAOYSA-N	Chemical Probes Portal	url	0	https://www.chemicalprobes.org/xmd-12
HOTSVKDMIYWWIY-UHFFFAOYSA-N	Chemical Probes Portal	rating_in_cell	0	0
HOTSVKDMIYWWIY-UHFFFAOYSA-N	Chemical Probes Portal	rating_in_organism	0	0
HOTSVKDMIYWWIY-UHFFFAOYSA-N	Chemical Probes Portal	rating_count	0	0
HOTSVKDMIYWWIY-UHFFFAOYSA-N	Chemical Probes Portal	unsuitable	0	No
HOTSVKDMIYWWIY-UHFFFAOYSA-N	Chemical Probes Portal	pains	0	No
HOTSVKDMIYWWIY-UHFFFAOYSA-N	Chemical Probes Portal	toxicophore	0	No
HOTSVKDMIYWWIY-UHFFFAOYSA-N	Chemical Probes Portal	published_date	0	2024-07-10
HOTSVKDMIYWWIY-UHFFFAOYSA-N	Chemical Probes Portal	canSAR_ID	0	747413
HOTSVKDMIYWWIY-UHFFFAOYSA-N	Chemical Probes Portal	url	0	https://www.chemicalprobes.org/mpges1-in-3
AECDBHGVIIRMOI-UHFFFAOYSA-N	Chemical Probes Portal	rating_in_cell	0	3.5
AECDBHGVIIRMOI-UHFFFAOYSA-N	Chemical Probes Portal	rating_in_organism	0	3
AECDBHGVIIRMOI-UHFFFAOYSA-N	Chemical Probes Portal	rating_count	0	2
AECDBHGVIIRMOI-UHFFFAOYSA-N	Chemical Probes Portal	unsuitable	0	No
AECDBHGVIIRMOI-UHFFFAOYSA-N	Chemical Probes Portal	pains	0	Yes
AECDBHGVIIRMOI-UHFFFAOYSA-N	Chemical Probes Portal	toxicophore	0	No
AECDBHGVIIRMOI-UHFFFAOYSA-N	Chemical Probes Portal	published_date	0	2015-12-10
AECDBHGVIIRMOI-UHFFFAOYSA-N	Chemical Probes Portal	canSAR_ID	0	531916
AECDBHGVIIRMOI-UHFFFAOYSA-N	Chemical Probes Portal	url	0	https://www.chemicalprobes.org/nvp-aew541
PTAMRJLIOCHJMQ-PYNGZGNASA-N	Chemical Probes Portal	rating_in_cell	0	3.6
PTAMRJLIOCHJMQ-PYNGZGNASA-N	Chemical Probes Portal	rating_in_organism	0	0
PTAMRJLIOCHJMQ-PYNGZGNASA-N	Chemical Probes Portal	rating_count	0	5
PTAMRJLIOCHJMQ-PYNGZGNASA-N	Chemical Probes Portal	unsuitable	0	No
PTAMRJLIOCHJMQ-PYNGZGNASA-N	Chemical Probes Portal	pains	0	No
PTAMRJLIOCHJMQ-PYNGZGNASA-N	Chemical Probes Portal	toxicophore	0	No
PTAMRJLIOCHJMQ-PYNGZGNASA-N	Chemical Probes Portal	published_date	0	2016-11-18
PTAMRJLIOCHJMQ-PYNGZGNASA-N	Chemical Probes Portal	canSAR_ID	0	1034345
PTAMRJLIOCHJMQ-PYNGZGNASA-N	Chemical Probes Portal	url	0	https://www.chemicalprobes.org/mz1
JGPJQFOROWSRRS-UHFFFAOYSA-N	Chemical Probes Portal	rating_in_cell	0	0
JGPJQFOROWSRRS-UHFFFAOYSA-N	Chemical Probes Portal	rating_in_organism	0	3
JGPJQFOROWSRRS-UHFFFAOYSA-N	Chemical Probes Portal	rating_count	0	1
JGPJQFOROWSRRS-UHFFFAOYSA-N	Chemical Probes Portal	unsuitable	0	No
JGPJQFOROWSRRS-UHFFFAOYSA-N	Chemical Probes Portal	pains	0	No
JGPJQFOROWSRRS-UHFFFAOYSA-N	Chemical Probes Portal	toxicophore	0	No
JGPJQFOROWSRRS-UHFFFAOYSA-N	Chemical Probes Portal	published_date	0	2024-05-31
JGPJQFOROWSRRS-UHFFFAOYSA-N	Chemical Probes Portal	canSAR_ID	0	332727
JGPJQFOROWSRRS-UHFFFAOYSA-N	Chemical Probes Portal	url	0	https://www.chemicalprobes.org/apafant
QEASMQZYZCGOSA-UHFFFAOYSA-N	Chemical Probes Portal	rating_in_cell	0	0
QEASMQZYZCGOSA-UHFFFAOYSA-N	Chemical Probes Portal	rating_in_organism	0	0
QEASMQZYZCGOSA-UHFFFAOYSA-N	Chemical Probes Portal	rating_count	0	0
QEASMQZYZCGOSA-UHFFFAOYSA-N	Chemical Probes Portal	unsuitable	0	No
QEASMQZYZCGOSA-UHFFFAOYSA-N	Chemical Probes Portal	pains	0	No
QEASMQZYZCGOSA-UHFFFAOYSA-N	Chemical Probes Portal	toxicophore	0	No
QEASMQZYZCGOSA-UHFFFAOYSA-N	Chemical Probes Portal	published_date	0	2024-07-15
QEASMQZYZCGOSA-UHFFFAOYSA-N	Chemical Probes Portal	canSAR_ID	0	4448017
QEASMQZYZCGOSA-UHFFFAOYSA-N	Chemical Probes Portal	url	0	https://www.chemicalprobes.org/az9567
VQINULODWGEVBB-UHFFFAOYSA-N	Chemical Probes Portal	rating_in_cell	0	0
VQINULODWGEVBB-UHFFFAOYSA-N	Chemical Probes Portal	rating_in_organism	0	0
VQINULODWGEVBB-UHFFFAOYSA-N	Chemical Probes Portal	rating_count	0	0
VQINULODWGEVBB-UHFFFAOYSA-N	Chemical Probes Portal	unsuitable	0	No
VQINULODWGEVBB-UHFFFAOYSA-N	Chemical Probes Portal	pains	0	No
VQINULODWGEVBB-UHFFFAOYSA-N	Chemical Probes Portal	toxicophore	0	No
VQINULODWGEVBB-UHFFFAOYSA-N	Chemical Probes Portal	published_date	0	2024-07-15
VQINULODWGEVBB-UHFFFAOYSA-N	Chemical Probes Portal	canSAR_ID	0	2948538
VQINULODWGEVBB-UHFFFAOYSA-N	Chemical Probes Portal	url	0	https://www.chemicalprobes.org/ykl-05-099
GPXQUPCJIJBXHJ-UHFFFAOYSA-N	Chemical Probes Portal	rating_in_cell	0	3
GPXQUPCJIJBXHJ-UHFFFAOYSA-N	Chemical Probes Portal	rating_in_organism	0	3
GPXQUPCJIJBXHJ-UHFFFAOYSA-N	Chemical Probes Portal	rating_count	0	1
GPXQUPCJIJBXHJ-UHFFFAOYSA-N	Chemical Probes Portal	unsuitable	0	No
GPXQUPCJIJBXHJ-UHFFFAOYSA-N	Chemical Probes Portal	pains	0	No
GPXQUPCJIJBXHJ-UHFFFAOYSA-N	Chemical Probes Portal	toxicophore	0	Yes
GPXQUPCJIJBXHJ-UHFFFAOYSA-N	Chemical Probes Portal	published_date	0	2023-04-02
GPXQUPCJIJBXHJ-UHFFFAOYSA-N	Chemical Probes Portal	canSAR_ID	0	3935387
GPXQUPCJIJBXHJ-UHFFFAOYSA-N	Chemical Probes Portal	url	0	https://www.chemicalprobes.org/sn-011
YHYKUSGACIYRML-KRWDZBQOSA-N	Chemical Probes Portal	rating_in_cell	0	0
YHYKUSGACIYRML-KRWDZBQOSA-N	Chemical Probes Portal	rating_in_organism	0	0
YHYKUSGACIYRML-KRWDZBQOSA-N	Chemical Probes Portal	rating_count	0	0
YHYKUSGACIYRML-KRWDZBQOSA-N	Chemical Probes Portal	unsuitable	0	No
YHYKUSGACIYRML-KRWDZBQOSA-N	Chemical Probes Portal	pains	0	No
YHYKUSGACIYRML-KRWDZBQOSA-N	Chemical Probes Portal	toxicophore	0	No
YHYKUSGACIYRML-KRWDZBQOSA-N	Chemical Probes Portal	published_date	0	2024-07-16
YHYKUSGACIYRML-KRWDZBQOSA-N	Chemical Probes Portal	canSAR_ID	0	1897280
YHYKUSGACIYRML-KRWDZBQOSA-N	Chemical Probes Portal	url	0	https://www.chemicalprobes.org/verubecestat
UWPFUBNCDABUEE-SIFUEBAJSA-N	Chemical Probes Portal	rating_in_cell	0	3
UWPFUBNCDABUEE-SIFUEBAJSA-N	Chemical Probes Portal	rating_in_organism	0	3
UWPFUBNCDABUEE-SIFUEBAJSA-N	Chemical Probes Portal	rating_count	0	1
UWPFUBNCDABUEE-SIFUEBAJSA-N	Chemical Probes Portal	unsuitable	0	No
UWPFUBNCDABUEE-SIFUEBAJSA-N	Chemical Probes Portal	pains	0	No
UWPFUBNCDABUEE-SIFUEBAJSA-N	Chemical Probes Portal	toxicophore	0	Yes
UWPFUBNCDABUEE-SIFUEBAJSA-N	Chemical Probes Portal	published_date	0	2024-07-10
UWPFUBNCDABUEE-SIFUEBAJSA-N	Chemical Probes Portal	canSAR_ID	0	7437474
UWPFUBNCDABUEE-SIFUEBAJSA-N	Chemical Probes Portal	url	0	https://www.chemicalprobes.org/vvd-214
VLYNCWZASZUTNV-FCQUAONHSA-N	Chemical Probes Portal	rating_in_cell	0	3
VLYNCWZASZUTNV-FCQUAONHSA-N	Chemical Probes Portal	rating_in_organism	0	3
VLYNCWZASZUTNV-FCQUAONHSA-N	Chemical Probes Portal	rating_count	0	2
VLYNCWZASZUTNV-FCQUAONHSA-N	Chemical Probes Portal	unsuitable	0	No
VLYNCWZASZUTNV-FCQUAONHSA-N	Chemical Probes Portal	pains	0	No
VLYNCWZASZUTNV-FCQUAONHSA-N	Chemical Probes Portal	toxicophore	0	Yes
VLYNCWZASZUTNV-FCQUAONHSA-N	Chemical Probes Portal	published_date	0	2024-06-07
VLYNCWZASZUTNV-FCQUAONHSA-N	Chemical Probes Portal	canSAR_ID	0	4214392
VLYNCWZASZUTNV-FCQUAONHSA-N	Chemical Probes Portal	url	0	https://www.chemicalprobes.org/bi-5521
XKDHFIPNTTUSIA-UHFFFAOYSA-N	Chemical Probes Portal	rating_in_cell	0	4
XKDHFIPNTTUSIA-UHFFFAOYSA-N	Chemical Probes Portal	rating_in_organism	0	4
XKDHFIPNTTUSIA-UHFFFAOYSA-N	Chemical Probes Portal	rating_count	0	1
XKDHFIPNTTUSIA-UHFFFAOYSA-N	Chemical Probes Portal	unsuitable	0	No
XKDHFIPNTTUSIA-UHFFFAOYSA-N	Chemical Probes Portal	pains	0	No
XKDHFIPNTTUSIA-UHFFFAOYSA-N	Chemical Probes Portal	toxicophore	0	No
XKDHFIPNTTUSIA-UHFFFAOYSA-N	Chemical Probes Portal	published_date	0	2023-10-04
XKDHFIPNTTUSIA-UHFFFAOYSA-N	Chemical Probes Portal	canSAR_ID	0	3935414
XKDHFIPNTTUSIA-UHFFFAOYSA-N	Chemical Probes Portal	url	0	https://www.chemicalprobes.org/bi-3231
ALGPVOJFIGPPPX-VIFPVBQESA-N	Chemical Probes Portal	rating_in_cell	0	4
ALGPVOJFIGPPPX-VIFPVBQESA-N	Chemical Probes Portal	rating_in_organism	0	3
ALGPVOJFIGPPPX-VIFPVBQESA-N	Chemical Probes Portal	rating_count	0	1
ALGPVOJFIGPPPX-VIFPVBQESA-N	Chemical Probes Portal	unsuitable	0	No
ALGPVOJFIGPPPX-VIFPVBQESA-N	Chemical Probes Portal	pains	0	No
ALGPVOJFIGPPPX-VIFPVBQESA-N	Chemical Probes Portal	toxicophore	0	No
ALGPVOJFIGPPPX-VIFPVBQESA-N	Chemical Probes Portal	published_date	0	2024-07-16
ALGPVOJFIGPPPX-VIFPVBQESA-N	Chemical Probes Portal	canSAR_ID	0	3931139
ALGPVOJFIGPPPX-VIFPVBQESA-N	Chemical Probes Portal	url	0	https://www.chemicalprobes.org/th9619
UOZVVPXKJGOFIG-UHFFFAOYSA-N	Chemical Probes Portal	rating_in_cell	0	0
UOZVVPXKJGOFIG-UHFFFAOYSA-N	Chemical Probes Portal	rating_in_organism	0	0
UOZVVPXKJGOFIG-UHFFFAOYSA-N	Chemical Probes Portal	rating_count	0	0
UOZVVPXKJGOFIG-UHFFFAOYSA-N	Chemical Probes Portal	unsuitable	0	No
UOZVVPXKJGOFIG-UHFFFAOYSA-N	Chemical Probes Portal	pains	0	No
UOZVVPXKJGOFIG-UHFFFAOYSA-N	Chemical Probes Portal	toxicophore	0	No
UOZVVPXKJGOFIG-UHFFFAOYSA-N	Chemical Probes Portal	published_date	0	2024-08-08
UOZVVPXKJGOFIG-UHFFFAOYSA-N	Chemical Probes Portal	canSAR_ID	0	3449721
UOZVVPXKJGOFIG-UHFFFAOYSA-N	Chemical Probes Portal	url	0	https://www.chemicalprobes.org/takinib
PCOXPBOKDABARQ-UHFFFAOYSA-N	Chemical Probes Portal	rating_in_cell	0	0
PCOXPBOKDABARQ-UHFFFAOYSA-N	Chemical Probes Portal	rating_in_organism	0	0
PCOXPBOKDABARQ-UHFFFAOYSA-N	Chemical Probes Portal	rating_count	0	0
PCOXPBOKDABARQ-UHFFFAOYSA-N	Chemical Probes Portal	unsuitable	0	Yes
PCOXPBOKDABARQ-UHFFFAOYSA-N	Chemical Probes Portal	pains	0	No
PCOXPBOKDABARQ-UHFFFAOYSA-N	Chemical Probes Portal	toxicophore	0	Yes
PCOXPBOKDABARQ-UHFFFAOYSA-N	Chemical Probes Portal	published_date	0	2024-08-14
PCOXPBOKDABARQ-UHFFFAOYSA-N	Chemical Probes Portal	canSAR_ID	0	1443338
PCOXPBOKDABARQ-UHFFFAOYSA-N	Chemical Probes Portal	url	0	https://www.chemicalprobes.org/unsuitables/nsc617145
YXEWPGYLMHXLPS-UHFFFAOYSA-N	Chemical Probes Portal	rating_in_cell	0	0
YXEWPGYLMHXLPS-UHFFFAOYSA-N	Chemical Probes Portal	rating_in_organism	0	0
YXEWPGYLMHXLPS-UHFFFAOYSA-N	Chemical Probes Portal	rating_count	0	0
YXEWPGYLMHXLPS-UHFFFAOYSA-N	Chemical Probes Portal	unsuitable	0	Yes
YXEWPGYLMHXLPS-UHFFFAOYSA-N	Chemical Probes Portal	pains	0	No
YXEWPGYLMHXLPS-UHFFFAOYSA-N	Chemical Probes Portal	toxicophore	0	Yes
YXEWPGYLMHXLPS-UHFFFAOYSA-N	Chemical Probes Portal	published_date	0	2024-08-14
YXEWPGYLMHXLPS-UHFFFAOYSA-N	Chemical Probes Portal	canSAR_ID	0	20808
YXEWPGYLMHXLPS-UHFFFAOYSA-N	Chemical Probes Portal	url	0	https://www.chemicalprobes.org/unsuitables/nsc19630
MSYKRHVOOPPJKU-BDAKNGLRSA-N	Chemical Probes Portal	rating_in_cell	0	3.5
MSYKRHVOOPPJKU-BDAKNGLRSA-N	Chemical Probes Portal	rating_in_organism	0	3
MSYKRHVOOPPJKU-BDAKNGLRSA-N	Chemical Probes Portal	rating_count	0	2
MSYKRHVOOPPJKU-BDAKNGLRSA-N	Chemical Probes Portal	unsuitable	0	No
MSYKRHVOOPPJKU-BDAKNGLRSA-N	Chemical Probes Portal	pains	0	No
MSYKRHVOOPPJKU-BDAKNGLRSA-N	Chemical Probes Portal	toxicophore	0	No
MSYKRHVOOPPJKU-BDAKNGLRSA-N	Chemical Probes Portal	published_date	0	2024-07-10
MSYKRHVOOPPJKU-BDAKNGLRSA-N	Chemical Probes Portal	canSAR_ID	0	51045
MSYKRHVOOPPJKU-BDAKNGLRSA-N	Chemical Probes Portal	url	0	https://www.chemicalprobes.org/brivaracetam
GCVYFXYBQCKHCH-UHFFFAOYSA-N	Chemical Probes Portal	rating_in_cell	0	2
GCVYFXYBQCKHCH-UHFFFAOYSA-N	Chemical Probes Portal	rating_in_organism	0	2
GCVYFXYBQCKHCH-UHFFFAOYSA-N	Chemical Probes Portal	rating_count	0	2
GCVYFXYBQCKHCH-UHFFFAOYSA-N	Chemical Probes Portal	unsuitable	0	No
GCVYFXYBQCKHCH-UHFFFAOYSA-N	Chemical Probes Portal	pains	0	No
GCVYFXYBQCKHCH-UHFFFAOYSA-N	Chemical Probes Portal	toxicophore	0	No
GCVYFXYBQCKHCH-UHFFFAOYSA-N	Chemical Probes Portal	published_date	0	2024-07-30
GCVYFXYBQCKHCH-UHFFFAOYSA-N	Chemical Probes Portal	canSAR_ID	0	7159458
GCVYFXYBQCKHCH-UHFFFAOYSA-N	Chemical Probes Portal	url	0	https://www.chemicalprobes.org/a1h7z
JGLGMFHQGRAHAO-HXUWFJFHSA-N	Chemical Probes Portal	rating_in_cell	0	3.3333333333333335
JGLGMFHQGRAHAO-HXUWFJFHSA-N	Chemical Probes Portal	rating_in_organism	0	2.6666666666666665
JGLGMFHQGRAHAO-HXUWFJFHSA-N	Chemical Probes Portal	rating_count	0	3
JGLGMFHQGRAHAO-HXUWFJFHSA-N	Chemical Probes Portal	unsuitable	0	No
JGLGMFHQGRAHAO-HXUWFJFHSA-N	Chemical Probes Portal	pains	0	No
JGLGMFHQGRAHAO-HXUWFJFHSA-N	Chemical Probes Portal	toxicophore	0	No
JGLGMFHQGRAHAO-HXUWFJFHSA-N	Chemical Probes Portal	published_date	0	2024-07-10
JGLGMFHQGRAHAO-HXUWFJFHSA-N	Chemical Probes Portal	canSAR_ID	0	4209877
JGLGMFHQGRAHAO-HXUWFJFHSA-N	Chemical Probes Portal	url	0	https://www.chemicalprobes.org/t-10418
XKYVECRUZPCRQR-UHFFFAOYSA-N	Chemical Probes Portal	rating_in_cell	0	4
XKYVECRUZPCRQR-UHFFFAOYSA-N	Chemical Probes Portal	rating_in_organism	0	0
XKYVECRUZPCRQR-UHFFFAOYSA-N	Chemical Probes Portal	rating_count	0	2
XKYVECRUZPCRQR-UHFFFAOYSA-N	Chemical Probes Portal	unsuitable	0	No
XKYVECRUZPCRQR-UHFFFAOYSA-N	Chemical Probes Portal	pains	0	No
XKYVECRUZPCRQR-UHFFFAOYSA-N	Chemical Probes Portal	toxicophore	0	No
XKYVECRUZPCRQR-UHFFFAOYSA-N	Chemical Probes Portal	published_date	0	2024-07-15
XKYVECRUZPCRQR-UHFFFAOYSA-N	Chemical Probes Portal	canSAR_ID	0	4497458
XKYVECRUZPCRQR-UHFFFAOYSA-N	Chemical Probes Portal	url	0	https://www.chemicalprobes.org/hro761
GHNYLVIESIGHDJ-OAQYLSRUSA-N	Chemical Probes Portal	rating_in_cell	0	2.5
GHNYLVIESIGHDJ-OAQYLSRUSA-N	Chemical Probes Portal	rating_in_organism	0	3
GHNYLVIESIGHDJ-OAQYLSRUSA-N	Chemical Probes Portal	rating_count	0	2
GHNYLVIESIGHDJ-OAQYLSRUSA-N	Chemical Probes Portal	unsuitable	0	No
GHNYLVIESIGHDJ-OAQYLSRUSA-N	Chemical Probes Portal	pains	0	No
GHNYLVIESIGHDJ-OAQYLSRUSA-N	Chemical Probes Portal	toxicophore	0	No
GHNYLVIESIGHDJ-OAQYLSRUSA-N	Chemical Probes Portal	published_date	0	2024-05-31
GHNYLVIESIGHDJ-OAQYLSRUSA-N	Chemical Probes Portal	canSAR_ID	0	3884520
GHNYLVIESIGHDJ-OAQYLSRUSA-N	Chemical Probes Portal	url	0	https://www.chemicalprobes.org/gfb-12811
YHLQVQKZDZYMIP-MOPGFXCFSA-N	Chemical Probes Portal	rating_in_cell	0	4
YHLQVQKZDZYMIP-MOPGFXCFSA-N	Chemical Probes Portal	rating_in_organism	0	4
YHLQVQKZDZYMIP-MOPGFXCFSA-N	Chemical Probes Portal	rating_count	0	1
YHLQVQKZDZYMIP-MOPGFXCFSA-N	Chemical Probes Portal	unsuitable	0	No
YHLQVQKZDZYMIP-MOPGFXCFSA-N	Chemical Probes Portal	pains	0	No
YHLQVQKZDZYMIP-MOPGFXCFSA-N	Chemical Probes Portal	toxicophore	0	No
YHLQVQKZDZYMIP-MOPGFXCFSA-N	Chemical Probes Portal	published_date	0	2017-07-21
YHLQVQKZDZYMIP-MOPGFXCFSA-N	Chemical Probes Portal	canSAR_ID	0	120344
YHLQVQKZDZYMIP-MOPGFXCFSA-N	Chemical Probes Portal	url	0	https://www.chemicalprobes.org/ds-1558
NDAZATDQFDPQBD-UHFFFAOYSA-N	Chemical Probes Portal	rating_in_cell	0	4
NDAZATDQFDPQBD-UHFFFAOYSA-N	Chemical Probes Portal	rating_in_organism	0	3.6666666666666665
NDAZATDQFDPQBD-UHFFFAOYSA-N	Chemical Probes Portal	rating_count	0	3
NDAZATDQFDPQBD-UHFFFAOYSA-N	Chemical Probes Portal	unsuitable	0	No
NDAZATDQFDPQBD-UHFFFAOYSA-N	Chemical Probes Portal	pains	0	No
NDAZATDQFDPQBD-UHFFFAOYSA-N	Chemical Probes Portal	toxicophore	0	No
NDAZATDQFDPQBD-UHFFFAOYSA-N	Chemical Probes Portal	published_date	0	2020-05-11
NDAZATDQFDPQBD-UHFFFAOYSA-N	Chemical Probes Portal	canSAR_ID	0	563431
NDAZATDQFDPQBD-UHFFFAOYSA-N	Chemical Probes Portal	url	0	https://www.chemicalprobes.org/luminespib
UCJZOKGUEJUNIO-IINYFYTJSA-N	Chemical Probes Portal	rating_in_cell	0	3
UCJZOKGUEJUNIO-IINYFYTJSA-N	Chemical Probes Portal	rating_in_organism	0	3
UCJZOKGUEJUNIO-IINYFYTJSA-N	Chemical Probes Portal	rating_count	0	1
UCJZOKGUEJUNIO-IINYFYTJSA-N	Chemical Probes Portal	unsuitable	0	No
UCJZOKGUEJUNIO-IINYFYTJSA-N	Chemical Probes Portal	pains	0	No
UCJZOKGUEJUNIO-IINYFYTJSA-N	Chemical Probes Portal	toxicophore	0	No
UCJZOKGUEJUNIO-IINYFYTJSA-N	Chemical Probes Portal	published_date	0	2022-10-05
UCJZOKGUEJUNIO-IINYFYTJSA-N	Chemical Probes Portal	canSAR_ID	0	3315041
UCJZOKGUEJUNIO-IINYFYTJSA-N	Chemical Probes Portal	url	0	https://www.chemicalprobes.org/tno155
ZLVKIBLQXFILMA-IKGGRYGDSA-N	Chemical Probes Portal	rating_in_cell	0	3
ZLVKIBLQXFILMA-IKGGRYGDSA-N	Chemical Probes Portal	rating_in_organism	0	3
ZLVKIBLQXFILMA-IKGGRYGDSA-N	Chemical Probes Portal	rating_count	0	1
ZLVKIBLQXFILMA-IKGGRYGDSA-N	Chemical Probes Portal	unsuitable	0	No
ZLVKIBLQXFILMA-IKGGRYGDSA-N	Chemical Probes Portal	pains	0	No
ZLVKIBLQXFILMA-IKGGRYGDSA-N	Chemical Probes Portal	toxicophore	0	No
ZLVKIBLQXFILMA-IKGGRYGDSA-N	Chemical Probes Portal	published_date	0	2024-07-16
ZLVKIBLQXFILMA-IKGGRYGDSA-N	Chemical Probes Portal	canSAR_ID	0	3895302
ZLVKIBLQXFILMA-IKGGRYGDSA-N	Chemical Probes Portal	url	0	https://www.chemicalprobes.org/epz-719
STPSLAZMEWZDAJ-AREMUKBSSA-N	Chemical Probes Portal	rating_in_cell	0	3
STPSLAZMEWZDAJ-AREMUKBSSA-N	Chemical Probes Portal	rating_in_organism	0	0
STPSLAZMEWZDAJ-AREMUKBSSA-N	Chemical Probes Portal	rating_count	0	1
STPSLAZMEWZDAJ-AREMUKBSSA-N	Chemical Probes Portal	unsuitable	0	No
STPSLAZMEWZDAJ-AREMUKBSSA-N	Chemical Probes Portal	pains	0	No
STPSLAZMEWZDAJ-AREMUKBSSA-N	Chemical Probes Portal	toxicophore	0	No
STPSLAZMEWZDAJ-AREMUKBSSA-N	Chemical Probes Portal	published_date	0	2023-06-12
STPSLAZMEWZDAJ-AREMUKBSSA-N	Chemical Probes Portal	canSAR_ID	0	3935408
STPSLAZMEWZDAJ-AREMUKBSSA-N	Chemical Probes Portal	url	0	https://www.chemicalprobes.org/osmi-4
JQLMEZBHIJSVKR-UHFFFAOYSA-N	Chemical Probes Portal	rating_in_cell	0	3
JQLMEZBHIJSVKR-UHFFFAOYSA-N	Chemical Probes Portal	rating_in_organism	0	0
JQLMEZBHIJSVKR-UHFFFAOYSA-N	Chemical Probes Portal	rating_count	0	2
JQLMEZBHIJSVKR-UHFFFAOYSA-N	Chemical Probes Portal	unsuitable	0	No
JQLMEZBHIJSVKR-UHFFFAOYSA-N	Chemical Probes Portal	pains	0	No
JQLMEZBHIJSVKR-UHFFFAOYSA-N	Chemical Probes Portal	toxicophore	0	No
JQLMEZBHIJSVKR-UHFFFAOYSA-N	Chemical Probes Portal	published_date	0	2024-03-03
JQLMEZBHIJSVKR-UHFFFAOYSA-N	Chemical Probes Portal	canSAR_ID	0	4199104
JQLMEZBHIJSVKR-UHFFFAOYSA-N	Chemical Probes Portal	url	0	https://www.chemicalprobes.org/ja397
VBYGXNURPHQSPG-MUUNZHRXSA-N	Chemical Probes Portal	rating_in_cell	0	3
VBYGXNURPHQSPG-MUUNZHRXSA-N	Chemical Probes Portal	rating_in_organism	0	0
VBYGXNURPHQSPG-MUUNZHRXSA-N	Chemical Probes Portal	rating_count	0	2
VBYGXNURPHQSPG-MUUNZHRXSA-N	Chemical Probes Portal	unsuitable	0	No
VBYGXNURPHQSPG-MUUNZHRXSA-N	Chemical Probes Portal	pains	0	No
VBYGXNURPHQSPG-MUUNZHRXSA-N	Chemical Probes Portal	toxicophore	0	Yes
VBYGXNURPHQSPG-MUUNZHRXSA-N	Chemical Probes Portal	published_date	0	2023-03-02
VBYGXNURPHQSPG-MUUNZHRXSA-N	Chemical Probes Portal	canSAR_ID	0	3129634
VBYGXNURPHQSPG-MUUNZHRXSA-N	Chemical Probes Portal	url	0	https://www.chemicalprobes.org/ykl-01-116
DZTGIRNXWSZBIM-QURGRASLSA-N	Chemical Probes Portal	rating_in_cell	0	3
DZTGIRNXWSZBIM-QURGRASLSA-N	Chemical Probes Portal	rating_in_organism	0	0
DZTGIRNXWSZBIM-QURGRASLSA-N	Chemical Probes Portal	rating_count	0	1
DZTGIRNXWSZBIM-QURGRASLSA-N	Chemical Probes Portal	unsuitable	0	No
DZTGIRNXWSZBIM-QURGRASLSA-N	Chemical Probes Portal	pains	0	Yes
DZTGIRNXWSZBIM-QURGRASLSA-N	Chemical Probes Portal	toxicophore	0	Yes
DZTGIRNXWSZBIM-QURGRASLSA-N	Chemical Probes Portal	published_date	0	2020-12-03
DZTGIRNXWSZBIM-QURGRASLSA-N	Chemical Probes Portal	canSAR_ID	0	1860952
DZTGIRNXWSZBIM-QURGRASLSA-N	Chemical Probes Portal	url	0	https://www.chemicalprobes.org/ms436
YLHSFRZHEMHKAF-UHFFFAOYSA-N	Chemical Probes Portal	rating_in_cell	0	3
YLHSFRZHEMHKAF-UHFFFAOYSA-N	Chemical Probes Portal	rating_in_organism	0	0
YLHSFRZHEMHKAF-UHFFFAOYSA-N	Chemical Probes Portal	rating_count	0	1
YLHSFRZHEMHKAF-UHFFFAOYSA-N	Chemical Probes Portal	unsuitable	0	No
YLHSFRZHEMHKAF-UHFFFAOYSA-N	Chemical Probes Portal	pains	0	No
YLHSFRZHEMHKAF-UHFFFAOYSA-N	Chemical Probes Portal	toxicophore	0	No
YLHSFRZHEMHKAF-UHFFFAOYSA-N	Chemical Probes Portal	published_date	0	2023-05-18
YLHSFRZHEMHKAF-UHFFFAOYSA-N	Chemical Probes Portal	canSAR_ID	0	3932768
YLHSFRZHEMHKAF-UHFFFAOYSA-N	Chemical Probes Portal	url	0	https://www.chemicalprobes.org/sgc-ubd253
YDPMMWAOCCOULO-JBRSBNLGSA-N	Chemical Probes Portal	rating_in_cell	0	3
YDPMMWAOCCOULO-JBRSBNLGSA-N	Chemical Probes Portal	rating_in_organism	0	0
YDPMMWAOCCOULO-JBRSBNLGSA-N	Chemical Probes Portal	rating_count	0	2
YDPMMWAOCCOULO-JBRSBNLGSA-N	Chemical Probes Portal	unsuitable	0	No
YDPMMWAOCCOULO-JBRSBNLGSA-N	Chemical Probes Portal	pains	0	No
YDPMMWAOCCOULO-JBRSBNLGSA-N	Chemical Probes Portal	toxicophore	0	No
YDPMMWAOCCOULO-JBRSBNLGSA-N	Chemical Probes Portal	published_date	0	2021-03-28
YDPMMWAOCCOULO-JBRSBNLGSA-N	Chemical Probes Portal	canSAR_ID	0	790313
YDPMMWAOCCOULO-JBRSBNLGSA-N	Chemical Probes Portal	url	0	https://www.chemicalprobes.org/gsk8814
SPDQRCUBFSRAFI-DOMZBBRYSA-N	Chemical Probes Portal	rating_in_cell	0	3.6666666666666665
SPDQRCUBFSRAFI-DOMZBBRYSA-N	Chemical Probes Portal	rating_in_organism	0	0
SPDQRCUBFSRAFI-DOMZBBRYSA-N	Chemical Probes Portal	rating_count	0	3
SPDQRCUBFSRAFI-DOMZBBRYSA-N	Chemical Probes Portal	unsuitable	0	No
SPDQRCUBFSRAFI-DOMZBBRYSA-N	Chemical Probes Portal	pains	0	No
SPDQRCUBFSRAFI-DOMZBBRYSA-N	Chemical Probes Portal	toxicophore	0	No
SPDQRCUBFSRAFI-DOMZBBRYSA-N	Chemical Probes Portal	published_date	0	2022-07-11
SPDQRCUBFSRAFI-DOMZBBRYSA-N	Chemical Probes Portal	canSAR_ID	0	302035
SPDQRCUBFSRAFI-DOMZBBRYSA-N	Chemical Probes Portal	url	0	https://www.chemicalprobes.org/sar405
DORZPJWJOBMQKC-UHFFFAOYSA-N	Chemical Probes Portal	rating_in_cell	0	3
DORZPJWJOBMQKC-UHFFFAOYSA-N	Chemical Probes Portal	rating_in_organism	0	0
DORZPJWJOBMQKC-UHFFFAOYSA-N	Chemical Probes Portal	rating_count	0	1
DORZPJWJOBMQKC-UHFFFAOYSA-N	Chemical Probes Portal	unsuitable	0	No
DORZPJWJOBMQKC-UHFFFAOYSA-N	Chemical Probes Portal	pains	0	No
DORZPJWJOBMQKC-UHFFFAOYSA-N	Chemical Probes Portal	toxicophore	0	No
DORZPJWJOBMQKC-UHFFFAOYSA-N	Chemical Probes Portal	published_date	0	2023-05-18
DORZPJWJOBMQKC-UHFFFAOYSA-N	Chemical Probes Portal	canSAR_ID	0	3935393
DORZPJWJOBMQKC-UHFFFAOYSA-N	Chemical Probes Portal	url	0	https://www.chemicalprobes.org/sgc-pikfyve-1
NDEORODKVUYMFQ-NHCUHLMSSA-N	Chemical Probes Portal	rating_in_cell	0	3
NDEORODKVUYMFQ-NHCUHLMSSA-N	Chemical Probes Portal	rating_in_organism	0	0
NDEORODKVUYMFQ-NHCUHLMSSA-N	Chemical Probes Portal	rating_count	0	1
NDEORODKVUYMFQ-NHCUHLMSSA-N	Chemical Probes Portal	unsuitable	0	No
NDEORODKVUYMFQ-NHCUHLMSSA-N	Chemical Probes Portal	pains	0	No
NDEORODKVUYMFQ-NHCUHLMSSA-N	Chemical Probes Portal	toxicophore	0	No
NDEORODKVUYMFQ-NHCUHLMSSA-N	Chemical Probes Portal	published_date	0	2022-02-11
NDEORODKVUYMFQ-NHCUHLMSSA-N	Chemical Probes Portal	canSAR_ID	0	2897507
NDEORODKVUYMFQ-NHCUHLMSSA-N	Chemical Probes Portal	url	0	https://www.chemicalprobes.org/gsk789
CFUSHHQUUUZFAG-UHFFFAOYSA-N	Chemical Probes Portal	rating_in_cell	0	4
CFUSHHQUUUZFAG-UHFFFAOYSA-N	Chemical Probes Portal	rating_in_organism	0	0
CFUSHHQUUUZFAG-UHFFFAOYSA-N	Chemical Probes Portal	rating_count	0	1
CFUSHHQUUUZFAG-UHFFFAOYSA-N	Chemical Probes Portal	unsuitable	0	No
CFUSHHQUUUZFAG-UHFFFAOYSA-N	Chemical Probes Portal	pains	0	No
CFUSHHQUUUZFAG-UHFFFAOYSA-N	Chemical Probes Portal	toxicophore	0	No
CFUSHHQUUUZFAG-UHFFFAOYSA-N	Chemical Probes Portal	published_date	0	2024-07-16
CFUSHHQUUUZFAG-UHFFFAOYSA-N	Chemical Probes Portal	canSAR_ID	0	7437477
CFUSHHQUUUZFAG-UHFFFAOYSA-N	Chemical Probes Portal	url	0	https://www.chemicalprobes.org/dn02
IIKPYJZUOZRTIB-UHFFFAOYSA-N	Chemical Probes Portal	rating_in_cell	0	3
IIKPYJZUOZRTIB-UHFFFAOYSA-N	Chemical Probes Portal	rating_in_organism	0	0
IIKPYJZUOZRTIB-UHFFFAOYSA-N	Chemical Probes Portal	rating_count	0	1
IIKPYJZUOZRTIB-UHFFFAOYSA-N	Chemical Probes Portal	unsuitable	0	No
IIKPYJZUOZRTIB-UHFFFAOYSA-N	Chemical Probes Portal	pains	0	No
IIKPYJZUOZRTIB-UHFFFAOYSA-N	Chemical Probes Portal	toxicophore	0	No
IIKPYJZUOZRTIB-UHFFFAOYSA-N	Chemical Probes Portal	published_date	0	2024-09-18
IIKPYJZUOZRTIB-UHFFFAOYSA-N	Chemical Probes Portal	canSAR_ID	0	3182031
IIKPYJZUOZRTIB-UHFFFAOYSA-N	Chemical Probes Portal	url	0	https://www.chemicalprobes.org/cansar3182031
WKDNQONLGXOZRG-HRNNMHKYSA-N	Chemical Probes Portal	rating_in_cell	0	3.5
WKDNQONLGXOZRG-HRNNMHKYSA-N	Chemical Probes Portal	rating_in_organism	0	0
WKDNQONLGXOZRG-HRNNMHKYSA-N	Chemical Probes Portal	rating_count	0	2
WKDNQONLGXOZRG-HRNNMHKYSA-N	Chemical Probes Portal	unsuitable	0	No
WKDNQONLGXOZRG-HRNNMHKYSA-N	Chemical Probes Portal	pains	0	No
WKDNQONLGXOZRG-HRNNMHKYSA-N	Chemical Probes Portal	toxicophore	0	No
WKDNQONLGXOZRG-HRNNMHKYSA-N	Chemical Probes Portal	published_date	0	2024-07-16
WKDNQONLGXOZRG-HRNNMHKYSA-N	Chemical Probes Portal	canSAR_ID	0	382669
WKDNQONLGXOZRG-HRNNMHKYSA-N	Chemical Probes Portal	url	0	https://www.chemicalprobes.org/azd3293
HEAGNKNMQVIVMM-UHFFFAOYSA-N	Chemical Probes Portal	rating_in_cell	0	3
HEAGNKNMQVIVMM-UHFFFAOYSA-N	Chemical Probes Portal	rating_in_organism	0	0
HEAGNKNMQVIVMM-UHFFFAOYSA-N	Chemical Probes Portal	rating_count	0	3
HEAGNKNMQVIVMM-UHFFFAOYSA-N	Chemical Probes Portal	unsuitable	0	No
HEAGNKNMQVIVMM-UHFFFAOYSA-N	Chemical Probes Portal	pains	0	No
HEAGNKNMQVIVMM-UHFFFAOYSA-N	Chemical Probes Portal	toxicophore	0	No
HEAGNKNMQVIVMM-UHFFFAOYSA-N	Chemical Probes Portal	published_date	0	2023-05-18
HEAGNKNMQVIVMM-UHFFFAOYSA-N	Chemical Probes Portal	canSAR_ID	0	3445603
HEAGNKNMQVIVMM-UHFFFAOYSA-N	Chemical Probes Portal	url	0	https://www.chemicalprobes.org/mu1210
GPMTWAPXRJMXCC-UHFFFAOYSA-N	Chemical Probes Portal	rating_in_cell	0	3
GPMTWAPXRJMXCC-UHFFFAOYSA-N	Chemical Probes Portal	rating_in_organism	0	0
GPMTWAPXRJMXCC-UHFFFAOYSA-N	Chemical Probes Portal	rating_count	0	1
GPMTWAPXRJMXCC-UHFFFAOYSA-N	Chemical Probes Portal	unsuitable	0	No
GPMTWAPXRJMXCC-UHFFFAOYSA-N	Chemical Probes Portal	pains	0	No
GPMTWAPXRJMXCC-UHFFFAOYSA-N	Chemical Probes Portal	toxicophore	0	No
GPMTWAPXRJMXCC-UHFFFAOYSA-N	Chemical Probes Portal	published_date	0	2021-06-10
GPMTWAPXRJMXCC-UHFFFAOYSA-N	Chemical Probes Portal	canSAR_ID	0	3313090
GPMTWAPXRJMXCC-UHFFFAOYSA-N	Chemical Probes Portal	url	0	https://www.chemicalprobes.org/sr-0813
JNAABFZPXJJMPX-UHFFFAOYSA-N	Chemical Probes Portal	rating_in_cell	0	4
JNAABFZPXJJMPX-UHFFFAOYSA-N	Chemical Probes Portal	rating_in_organism	0	0
JNAABFZPXJJMPX-UHFFFAOYSA-N	Chemical Probes Portal	rating_count	0	1
JNAABFZPXJJMPX-UHFFFAOYSA-N	Chemical Probes Portal	unsuitable	0	No
JNAABFZPXJJMPX-UHFFFAOYSA-N	Chemical Probes Portal	pains	0	No
JNAABFZPXJJMPX-UHFFFAOYSA-N	Chemical Probes Portal	toxicophore	0	No
JNAABFZPXJJMPX-UHFFFAOYSA-N	Chemical Probes Portal	published_date	0	2021-12-14
JNAABFZPXJJMPX-UHFFFAOYSA-N	Chemical Probes Portal	canSAR_ID	0	211902
JNAABFZPXJJMPX-UHFFFAOYSA-N	Chemical Probes Portal	url	0	https://www.chemicalprobes.org/ipp_cnrs_a017
JWZAQUXBYYOGFA-UHFFFAOYSA-N	Chemical Probes Portal	rating_in_cell	0	2
JWZAQUXBYYOGFA-UHFFFAOYSA-N	Chemical Probes Portal	rating_in_organism	0	0
JWZAQUXBYYOGFA-UHFFFAOYSA-N	Chemical Probes Portal	rating_count	0	2
JWZAQUXBYYOGFA-UHFFFAOYSA-N	Chemical Probes Portal	unsuitable	0	No
JWZAQUXBYYOGFA-UHFFFAOYSA-N	Chemical Probes Portal	pains	0	No
JWZAQUXBYYOGFA-UHFFFAOYSA-N	Chemical Probes Portal	toxicophore	0	No
JWZAQUXBYYOGFA-UHFFFAOYSA-N	Chemical Probes Portal	published_date	0	2021-11-24
JWZAQUXBYYOGFA-UHFFFAOYSA-N	Chemical Probes Portal	canSAR_ID	0	611302
JWZAQUXBYYOGFA-UHFFFAOYSA-N	Chemical Probes Portal	url	0	https://www.chemicalprobes.org/vubi1
WMCOYUSJXXCHFH-UHFFFAOYSA-N	Chemical Probes Portal	rating_in_cell	0	0
WMCOYUSJXXCHFH-UHFFFAOYSA-N	Chemical Probes Portal	rating_in_organism	0	0
WMCOYUSJXXCHFH-UHFFFAOYSA-N	Chemical Probes Portal	rating_count	0	0
WMCOYUSJXXCHFH-UHFFFAOYSA-N	Chemical Probes Portal	unsuitable	0	Yes
WMCOYUSJXXCHFH-UHFFFAOYSA-N	Chemical Probes Portal	pains	0	No
WMCOYUSJXXCHFH-UHFFFAOYSA-N	Chemical Probes Portal	toxicophore	0	No
WMCOYUSJXXCHFH-UHFFFAOYSA-N	Chemical Probes Portal	published_date	0	2024-08-14
WMCOYUSJXXCHFH-UHFFFAOYSA-N	Chemical Probes Portal	canSAR_ID	0	1756830
WMCOYUSJXXCHFH-UHFFFAOYSA-N	Chemical Probes Portal	url	0	https://www.chemicalprobes.org/unsuitables/ml216
SZZJHKUNVBZYMT-RGULYWFUSA-N	Chemical Probes Portal	rating_in_cell	0	0
SZZJHKUNVBZYMT-RGULYWFUSA-N	Chemical Probes Portal	rating_in_organism	0	0
SZZJHKUNVBZYMT-RGULYWFUSA-N	Chemical Probes Portal	rating_count	0	0
SZZJHKUNVBZYMT-RGULYWFUSA-N	Chemical Probes Portal	unsuitable	0	No
SZZJHKUNVBZYMT-RGULYWFUSA-N	Chemical Probes Portal	pains	0	No
SZZJHKUNVBZYMT-RGULYWFUSA-N	Chemical Probes Portal	toxicophore	0	No
SZZJHKUNVBZYMT-RGULYWFUSA-N	Chemical Probes Portal	published_date	0	2024-10-18
SZZJHKUNVBZYMT-RGULYWFUSA-N	Chemical Probes Portal	canSAR_ID	0	7158974
SZZJHKUNVBZYMT-RGULYWFUSA-N	Chemical Probes Portal	url	0	https://www.chemicalprobes.org/pf-3166
GHKMIOAEPALCFS-UHFFFAOYSA-N	Chemical Probes Portal	rating_in_cell	0	3
GHKMIOAEPALCFS-UHFFFAOYSA-N	Chemical Probes Portal	rating_in_organism	0	0
GHKMIOAEPALCFS-UHFFFAOYSA-N	Chemical Probes Portal	rating_count	0	3
GHKMIOAEPALCFS-UHFFFAOYSA-N	Chemical Probes Portal	unsuitable	0	No
GHKMIOAEPALCFS-UHFFFAOYSA-N	Chemical Probes Portal	pains	0	No
GHKMIOAEPALCFS-UHFFFAOYSA-N	Chemical Probes Portal	toxicophore	0	No
GHKMIOAEPALCFS-UHFFFAOYSA-N	Chemical Probes Portal	published_date	0	2022-11-22
GHKMIOAEPALCFS-UHFFFAOYSA-N	Chemical Probes Portal	canSAR_ID	0	706860
GHKMIOAEPALCFS-UHFFFAOYSA-N	Chemical Probes Portal	url	0	https://www.chemicalprobes.org/fmf-02-063-1
RTFQFPZKDYMMMJ-RIAKQDHQSA-N	Chemical Probes Portal	rating_in_cell	0	3
RTFQFPZKDYMMMJ-RIAKQDHQSA-N	Chemical Probes Portal	rating_in_organism	0	0
RTFQFPZKDYMMMJ-RIAKQDHQSA-N	Chemical Probes Portal	rating_count	0	2
RTFQFPZKDYMMMJ-RIAKQDHQSA-N	Chemical Probes Portal	unsuitable	0	No
RTFQFPZKDYMMMJ-RIAKQDHQSA-N	Chemical Probes Portal	pains	0	No
RTFQFPZKDYMMMJ-RIAKQDHQSA-N	Chemical Probes Portal	toxicophore	0	No
RTFQFPZKDYMMMJ-RIAKQDHQSA-N	Chemical Probes Portal	published_date	0	2024-03-18
RTFQFPZKDYMMMJ-RIAKQDHQSA-N	Chemical Probes Portal	canSAR_ID	0	3313745
RTFQFPZKDYMMMJ-RIAKQDHQSA-N	Chemical Probes Portal	url	0	https://www.chemicalprobes.org/sgk3-protac1
YJOJMGTVKMABKQ-FIQOPJFZSA-N	Chemical Probes Portal	rating_in_cell	0	3
YJOJMGTVKMABKQ-FIQOPJFZSA-N	Chemical Probes Portal	rating_in_organism	0	0
YJOJMGTVKMABKQ-FIQOPJFZSA-N	Chemical Probes Portal	rating_count	0	3
YJOJMGTVKMABKQ-FIQOPJFZSA-N	Chemical Probes Portal	unsuitable	0	No
YJOJMGTVKMABKQ-FIQOPJFZSA-N	Chemical Probes Portal	pains	0	No
YJOJMGTVKMABKQ-FIQOPJFZSA-N	Chemical Probes Portal	toxicophore	0	Yes
YJOJMGTVKMABKQ-FIQOPJFZSA-N	Chemical Probes Portal	published_date	0	2022-12-20
YJOJMGTVKMABKQ-FIQOPJFZSA-N	Chemical Probes Portal	canSAR_ID	0	3314963
YJOJMGTVKMABKQ-FIQOPJFZSA-N	Chemical Probes Portal	url	0	https://www.chemicalprobes.org/bsj-4-116
YNDJPWSVYYRNTJ-MEXKHVBFSA-N	Chemical Probes Portal	rating_in_cell	0	1
YNDJPWSVYYRNTJ-MEXKHVBFSA-N	Chemical Probes Portal	rating_in_organism	0	0
YNDJPWSVYYRNTJ-MEXKHVBFSA-N	Chemical Probes Portal	rating_count	0	2
YNDJPWSVYYRNTJ-MEXKHVBFSA-N	Chemical Probes Portal	unsuitable	0	No
YNDJPWSVYYRNTJ-MEXKHVBFSA-N	Chemical Probes Portal	pains	0	No
YNDJPWSVYYRNTJ-MEXKHVBFSA-N	Chemical Probes Portal	toxicophore	0	Yes
YNDJPWSVYYRNTJ-MEXKHVBFSA-N	Chemical Probes Portal	published_date	0	2021-06-10
YNDJPWSVYYRNTJ-MEXKHVBFSA-N	Chemical Probes Portal	canSAR_ID	0	972138
YNDJPWSVYYRNTJ-MEXKHVBFSA-N	Chemical Probes Portal	url	0	https://www.chemicalprobes.org/protac-ar-degrader-4
JECHBTRAPARMGI-KMIZWFMDSA-N	Chemical Probes Portal	rating_in_cell	0	2
JECHBTRAPARMGI-KMIZWFMDSA-N	Chemical Probes Portal	rating_in_organism	0	0
JECHBTRAPARMGI-KMIZWFMDSA-N	Chemical Probes Portal	rating_count	0	2
JECHBTRAPARMGI-KMIZWFMDSA-N	Chemical Probes Portal	unsuitable	0	No
JECHBTRAPARMGI-KMIZWFMDSA-N	Chemical Probes Portal	pains	0	No
JECHBTRAPARMGI-KMIZWFMDSA-N	Chemical Probes Portal	toxicophore	0	Yes
JECHBTRAPARMGI-KMIZWFMDSA-N	Chemical Probes Portal	published_date	0	2022-02-21
JECHBTRAPARMGI-KMIZWFMDSA-N	Chemical Probes Portal	canSAR_ID	0	3314133
JECHBTRAPARMGI-KMIZWFMDSA-N	Chemical Probes Portal	url	0	https://www.chemicalprobes.org/jh-xi-10-02
QUQTXFIMYFMULC-OGOZKGDESA-N	Chemical Probes Portal	rating_in_cell	0	3
QUQTXFIMYFMULC-OGOZKGDESA-N	Chemical Probes Portal	rating_in_organism	0	0
QUQTXFIMYFMULC-OGOZKGDESA-N	Chemical Probes Portal	rating_count	0	3
QUQTXFIMYFMULC-OGOZKGDESA-N	Chemical Probes Portal	unsuitable	0	No
QUQTXFIMYFMULC-OGOZKGDESA-N	Chemical Probes Portal	pains	0	No
QUQTXFIMYFMULC-OGOZKGDESA-N	Chemical Probes Portal	toxicophore	0	No
QUQTXFIMYFMULC-OGOZKGDESA-N	Chemical Probes Portal	published_date	0	2020-11-13
QUQTXFIMYFMULC-OGOZKGDESA-N	Chemical Probes Portal	canSAR_ID	0	3314073
QUQTXFIMYFMULC-OGOZKGDESA-N	Chemical Probes Portal	url	0	https://www.chemicalprobes.org/dtrim24
ZSCOIFSUFMYZEZ-YSWDPXALSA-N	Chemical Probes Portal	rating_in_cell	0	3.3333333333333335
ZSCOIFSUFMYZEZ-YSWDPXALSA-N	Chemical Probes Portal	rating_in_organism	0	0
ZSCOIFSUFMYZEZ-YSWDPXALSA-N	Chemical Probes Portal	rating_count	0	3
ZSCOIFSUFMYZEZ-YSWDPXALSA-N	Chemical Probes Portal	unsuitable	0	No
ZSCOIFSUFMYZEZ-YSWDPXALSA-N	Chemical Probes Portal	pains	0	No
ZSCOIFSUFMYZEZ-YSWDPXALSA-N	Chemical Probes Portal	toxicophore	0	No
ZSCOIFSUFMYZEZ-YSWDPXALSA-N	Chemical Probes Portal	published_date	0	2021-01-15
ZSCOIFSUFMYZEZ-YSWDPXALSA-N	Chemical Probes Portal	canSAR_ID	0	3313082
ZSCOIFSUFMYZEZ-YSWDPXALSA-N	Chemical Probes Portal	url	0	https://www.chemicalprobes.org/sjf1528
BQXUPNKLZNSUMC-YUQWMIPFSA-N	Chemical Probes Portal	rating_in_cell	0	3.5
BQXUPNKLZNSUMC-YUQWMIPFSA-N	Chemical Probes Portal	rating_in_organism	0	0
BQXUPNKLZNSUMC-YUQWMIPFSA-N	Chemical Probes Portal	rating_count	0	2
BQXUPNKLZNSUMC-YUQWMIPFSA-N	Chemical Probes Portal	unsuitable	0	No
BQXUPNKLZNSUMC-YUQWMIPFSA-N	Chemical Probes Portal	pains	0	No
BQXUPNKLZNSUMC-YUQWMIPFSA-N	Chemical Probes Portal	toxicophore	0	No
BQXUPNKLZNSUMC-YUQWMIPFSA-N	Chemical Probes Portal	published_date	0	2022-03-07
BQXUPNKLZNSUMC-YUQWMIPFSA-N	Chemical Probes Portal	canSAR_ID	0	3228219
BQXUPNKLZNSUMC-YUQWMIPFSA-N	Chemical Probes Portal	url	0	https://www.chemicalprobes.org/erd-308
PACRWHUPEPCFHX-UHFFFAOYSA-N	Chemical Probes Portal	rating_in_cell	0	3
PACRWHUPEPCFHX-UHFFFAOYSA-N	Chemical Probes Portal	rating_in_organism	0	0
PACRWHUPEPCFHX-UHFFFAOYSA-N	Chemical Probes Portal	rating_count	0	3
PACRWHUPEPCFHX-UHFFFAOYSA-N	Chemical Probes Portal	unsuitable	0	No
PACRWHUPEPCFHX-UHFFFAOYSA-N	Chemical Probes Portal	pains	0	No
PACRWHUPEPCFHX-UHFFFAOYSA-N	Chemical Probes Portal	toxicophore	0	Yes
PACRWHUPEPCFHX-UHFFFAOYSA-N	Chemical Probes Portal	published_date	0	2020-12-01
PACRWHUPEPCFHX-UHFFFAOYSA-N	Chemical Probes Portal	canSAR_ID	0	3213557
PACRWHUPEPCFHX-UHFFFAOYSA-N	Chemical Probes Portal	url	0	https://www.chemicalprobes.org/cp-10
ZUODKONSNNHSAJ-AMLBMYBGSA-N	Chemical Probes Portal	rating_in_cell	0	4
ZUODKONSNNHSAJ-AMLBMYBGSA-N	Chemical Probes Portal	rating_in_organism	0	0
ZUODKONSNNHSAJ-AMLBMYBGSA-N	Chemical Probes Portal	rating_count	0	3
ZUODKONSNNHSAJ-AMLBMYBGSA-N	Chemical Probes Portal	unsuitable	0	No
ZUODKONSNNHSAJ-AMLBMYBGSA-N	Chemical Probes Portal	pains	0	No
ZUODKONSNNHSAJ-AMLBMYBGSA-N	Chemical Probes Portal	toxicophore	0	Yes
ZUODKONSNNHSAJ-AMLBMYBGSA-N	Chemical Probes Portal	published_date	0	2023-10-09
ZUODKONSNNHSAJ-AMLBMYBGSA-N	Chemical Probes Portal	canSAR_ID	0	3314425
ZUODKONSNNHSAJ-AMLBMYBGSA-N	Chemical Probes Portal	url	0	https://www.chemicalprobes.org/irak3-protac
XIRQUXILNXIWDI-UHFFFAOYSA-N	Chemical Probes Portal	rating_in_cell	0	3
XIRQUXILNXIWDI-UHFFFAOYSA-N	Chemical Probes Portal	rating_in_organism	0	0
XIRQUXILNXIWDI-UHFFFAOYSA-N	Chemical Probes Portal	rating_count	0	2
XIRQUXILNXIWDI-UHFFFAOYSA-N	Chemical Probes Portal	unsuitable	0	No
XIRQUXILNXIWDI-UHFFFAOYSA-N	Chemical Probes Portal	pains	0	No
XIRQUXILNXIWDI-UHFFFAOYSA-N	Chemical Probes Portal	toxicophore	0	Yes
XIRQUXILNXIWDI-UHFFFAOYSA-N	Chemical Probes Portal	published_date	0	2020-11-12
XIRQUXILNXIWDI-UHFFFAOYSA-N	Chemical Probes Portal	canSAR_ID	0	1036881
XIRQUXILNXIWDI-UHFFFAOYSA-N	Chemical Probes Portal	url	0	https://www.chemicalprobes.org/tl13-112
WMBSSRAFHKGIRA-UHFFFAOYSA-N	Chemical Probes Portal	rating_in_cell	0	3
WMBSSRAFHKGIRA-UHFFFAOYSA-N	Chemical Probes Portal	rating_in_organism	0	0
WMBSSRAFHKGIRA-UHFFFAOYSA-N	Chemical Probes Portal	rating_count	0	2
WMBSSRAFHKGIRA-UHFFFAOYSA-N	Chemical Probes Portal	unsuitable	0	No
WMBSSRAFHKGIRA-UHFFFAOYSA-N	Chemical Probes Portal	pains	0	No
WMBSSRAFHKGIRA-UHFFFAOYSA-N	Chemical Probes Portal	toxicophore	0	Yes
WMBSSRAFHKGIRA-UHFFFAOYSA-N	Chemical Probes Portal	published_date	0	2020-05-29
WMBSSRAFHKGIRA-UHFFFAOYSA-N	Chemical Probes Portal	canSAR_ID	0	3313080
WMBSSRAFHKGIRA-UHFFFAOYSA-N	Chemical Probes Portal	url	0	https://www.chemicalprobes.org/d9a-2
LJGCXHMGIUJXDV-UHFFFAOYSA-N	Chemical Probes Portal	rating_in_cell	0	2.5
LJGCXHMGIUJXDV-UHFFFAOYSA-N	Chemical Probes Portal	rating_in_organism	0	0
LJGCXHMGIUJXDV-UHFFFAOYSA-N	Chemical Probes Portal	rating_count	0	2
LJGCXHMGIUJXDV-UHFFFAOYSA-N	Chemical Probes Portal	unsuitable	0	No
LJGCXHMGIUJXDV-UHFFFAOYSA-N	Chemical Probes Portal	pains	0	No
LJGCXHMGIUJXDV-UHFFFAOYSA-N	Chemical Probes Portal	toxicophore	0	No
LJGCXHMGIUJXDV-UHFFFAOYSA-N	Chemical Probes Portal	published_date	0	2024-07-11
LJGCXHMGIUJXDV-UHFFFAOYSA-N	Chemical Probes Portal	canSAR_ID	0	7432016
LJGCXHMGIUJXDV-UHFFFAOYSA-N	Chemical Probes Portal	url	0	https://www.chemicalprobes.org/ptpn1-degrader-75
HZHUKQLWLNDVDZ-IBDVCRJISA-N	Chemical Probes Portal	rating_in_cell	0	3
HZHUKQLWLNDVDZ-IBDVCRJISA-N	Chemical Probes Portal	rating_in_organism	0	0
HZHUKQLWLNDVDZ-IBDVCRJISA-N	Chemical Probes Portal	rating_count	0	3
HZHUKQLWLNDVDZ-IBDVCRJISA-N	Chemical Probes Portal	unsuitable	0	No
HZHUKQLWLNDVDZ-IBDVCRJISA-N	Chemical Probes Portal	pains	0	Yes
HZHUKQLWLNDVDZ-IBDVCRJISA-N	Chemical Probes Portal	toxicophore	0	Yes
HZHUKQLWLNDVDZ-IBDVCRJISA-N	Chemical Probes Portal	published_date	0	2023-01-26
HZHUKQLWLNDVDZ-IBDVCRJISA-N	Chemical Probes Portal	canSAR_ID	0	3935382
HZHUKQLWLNDVDZ-IBDVCRJISA-N	Chemical Probes Portal	url	0	https://www.chemicalprobes.org/ski-73
XPEJZXWPKDAYFX-UHFFFAOYSA-N	Chemical Probes Portal	rating_in_cell	0	3
XPEJZXWPKDAYFX-UHFFFAOYSA-N	Chemical Probes Portal	rating_in_organism	0	0
XPEJZXWPKDAYFX-UHFFFAOYSA-N	Chemical Probes Portal	rating_count	0	2
XPEJZXWPKDAYFX-UHFFFAOYSA-N	Chemical Probes Portal	unsuitable	0	No
XPEJZXWPKDAYFX-UHFFFAOYSA-N	Chemical Probes Portal	pains	0	No
XPEJZXWPKDAYFX-UHFFFAOYSA-N	Chemical Probes Portal	toxicophore	0	No
XPEJZXWPKDAYFX-UHFFFAOYSA-N	Chemical Probes Portal	published_date	0	2020-12-17
XPEJZXWPKDAYFX-UHFFFAOYSA-N	Chemical Probes Portal	canSAR_ID	0	2958551
XPEJZXWPKDAYFX-UHFFFAOYSA-N	Chemical Probes Portal	url	0	https://www.chemicalprobes.org/vinspinin
SYRVEVZSXHRXIX-KRWDZBQOSA-N	Chemical Probes Portal	rating_in_cell	0	0
SYRVEVZSXHRXIX-KRWDZBQOSA-N	Chemical Probes Portal	rating_in_organism	0	0
SYRVEVZSXHRXIX-KRWDZBQOSA-N	Chemical Probes Portal	rating_count	0	0
SYRVEVZSXHRXIX-KRWDZBQOSA-N	Chemical Probes Portal	unsuitable	0	No
SYRVEVZSXHRXIX-KRWDZBQOSA-N	Chemical Probes Portal	pains	0	No
SYRVEVZSXHRXIX-KRWDZBQOSA-N	Chemical Probes Portal	toxicophore	0	No
SYRVEVZSXHRXIX-KRWDZBQOSA-N	Chemical Probes Portal	published_date	0	2024-11-16
SYRVEVZSXHRXIX-KRWDZBQOSA-N	Chemical Probes Portal	canSAR_ID	0	256471
SYRVEVZSXHRXIX-KRWDZBQOSA-N	Chemical Probes Portal	url	0	https://www.chemicalprobes.org/bi-1915
WAFNVKVWBPXGHK-QDUSTFBWSA-N	Chemical Probes Portal	rating_in_cell	0	0
WAFNVKVWBPXGHK-QDUSTFBWSA-N	Chemical Probes Portal	rating_in_organism	0	0
WAFNVKVWBPXGHK-QDUSTFBWSA-N	Chemical Probes Portal	rating_count	0	0
WAFNVKVWBPXGHK-QDUSTFBWSA-N	Chemical Probes Portal	unsuitable	0	No
WAFNVKVWBPXGHK-QDUSTFBWSA-N	Chemical Probes Portal	pains	0	No
WAFNVKVWBPXGHK-QDUSTFBWSA-N	Chemical Probes Portal	toxicophore	0	No
WAFNVKVWBPXGHK-QDUSTFBWSA-N	Chemical Probes Portal	published_date	0	2024-11-16
WAFNVKVWBPXGHK-QDUSTFBWSA-N	Chemical Probes Portal	canSAR_ID	0	137942
WAFNVKVWBPXGHK-QDUSTFBWSA-N	Chemical Probes Portal	url	0	https://www.chemicalprobes.org/tp-061
BUIJBFHGUQJYSD-XZOQPEGZSA-N	Chemical Probes Portal	rating_in_cell	0	0
BUIJBFHGUQJYSD-XZOQPEGZSA-N	Chemical Probes Portal	rating_in_organism	0	0
BUIJBFHGUQJYSD-XZOQPEGZSA-N	Chemical Probes Portal	rating_count	0	0
BUIJBFHGUQJYSD-XZOQPEGZSA-N	Chemical Probes Portal	unsuitable	0	No
BUIJBFHGUQJYSD-XZOQPEGZSA-N	Chemical Probes Portal	pains	0	No
BUIJBFHGUQJYSD-XZOQPEGZSA-N	Chemical Probes Portal	toxicophore	0	No
BUIJBFHGUQJYSD-XZOQPEGZSA-N	Chemical Probes Portal	published_date	0	2024-11-16
BUIJBFHGUQJYSD-XZOQPEGZSA-N	Chemical Probes Portal	canSAR_ID	0	4209857
BUIJBFHGUQJYSD-XZOQPEGZSA-N	Chemical Probes Portal	url	0	https://www.chemicalprobes.org/bi-113823
BLFBSGVUERKSST-UHFFFAOYSA-N	Chemical Probes Portal	rating_in_cell	0	3
BLFBSGVUERKSST-UHFFFAOYSA-N	Chemical Probes Portal	rating_in_organism	0	0
BLFBSGVUERKSST-UHFFFAOYSA-N	Chemical Probes Portal	rating_count	0	1
BLFBSGVUERKSST-UHFFFAOYSA-N	Chemical Probes Portal	unsuitable	0	No
BLFBSGVUERKSST-UHFFFAOYSA-N	Chemical Probes Portal	pains	0	Yes
BLFBSGVUERKSST-UHFFFAOYSA-N	Chemical Probes Portal	toxicophore	0	No
BLFBSGVUERKSST-UHFFFAOYSA-N	Chemical Probes Portal	published_date	0	2024-08-06
BLFBSGVUERKSST-UHFFFAOYSA-N	Chemical Probes Portal	canSAR_ID	0	476826
BLFBSGVUERKSST-UHFFFAOYSA-N	Chemical Probes Portal	url	0	https://www.chemicalprobes.org/nvs-melk8a
GRKYJLSMFYQHMP-APASRLOHSA-N	Chemical Probes Portal	rating_in_cell	0	3.6666666666666665
GRKYJLSMFYQHMP-APASRLOHSA-N	Chemical Probes Portal	rating_in_organism	0	0
GRKYJLSMFYQHMP-APASRLOHSA-N	Chemical Probes Portal	rating_count	0	3
GRKYJLSMFYQHMP-APASRLOHSA-N	Chemical Probes Portal	unsuitable	0	No
GRKYJLSMFYQHMP-APASRLOHSA-N	Chemical Probes Portal	pains	0	No
GRKYJLSMFYQHMP-APASRLOHSA-N	Chemical Probes Portal	toxicophore	0	No
GRKYJLSMFYQHMP-APASRLOHSA-N	Chemical Probes Portal	published_date	0	2024-01-18
GRKYJLSMFYQHMP-APASRLOHSA-N	Chemical Probes Portal	canSAR_ID	0	4199075
GRKYJLSMFYQHMP-APASRLOHSA-N	Chemical Probes Portal	url	0	https://www.chemicalprobes.org/kmi169
ZOJWMCDSTRTTOW-UHFFFAOYSA-N	Chemical Probes Portal	rating_in_cell	0	2
ZOJWMCDSTRTTOW-UHFFFAOYSA-N	Chemical Probes Portal	rating_in_organism	0	0
ZOJWMCDSTRTTOW-UHFFFAOYSA-N	Chemical Probes Portal	rating_count	0	3
ZOJWMCDSTRTTOW-UHFFFAOYSA-N	Chemical Probes Portal	unsuitable	0	No
ZOJWMCDSTRTTOW-UHFFFAOYSA-N	Chemical Probes Portal	pains	0	No
ZOJWMCDSTRTTOW-UHFFFAOYSA-N	Chemical Probes Portal	toxicophore	0	Yes
ZOJWMCDSTRTTOW-UHFFFAOYSA-N	Chemical Probes Portal	published_date	0	2024-05-10
ZOJWMCDSTRTTOW-UHFFFAOYSA-N	Chemical Probes Portal	canSAR_ID	0	3313976
ZOJWMCDSTRTTOW-UHFFFAOYSA-N	Chemical Probes Portal	url	0	https://www.chemicalprobes.org/tmx-2172
MOWXJLUYGFNTAL-DEOSSOPVSA-N	Chemical Probes Portal	rating_in_cell	0	3
MOWXJLUYGFNTAL-DEOSSOPVSA-N	Chemical Probes Portal	rating_in_organism	0	3
MOWXJLUYGFNTAL-DEOSSOPVSA-N	Chemical Probes Portal	rating_count	0	1
MOWXJLUYGFNTAL-DEOSSOPVSA-N	Chemical Probes Portal	unsuitable	0	No
MOWXJLUYGFNTAL-DEOSSOPVSA-N	Chemical Probes Portal	pains	0	No
MOWXJLUYGFNTAL-DEOSSOPVSA-N	Chemical Probes Portal	toxicophore	0	No
MOWXJLUYGFNTAL-DEOSSOPVSA-N	Chemical Probes Portal	published_date	0	2024-03-26
MOWXJLUYGFNTAL-DEOSSOPVSA-N	Chemical Probes Portal	canSAR_ID	0	613941
MOWXJLUYGFNTAL-DEOSSOPVSA-N	Chemical Probes Portal	url	0	https://www.chemicalprobes.org/nedisertib
BPLPIBNWDLPUKP-UHFFFAOYSA-N	Chemical Probes Portal	rating_in_cell	0	3.3333333333333335
BPLPIBNWDLPUKP-UHFFFAOYSA-N	Chemical Probes Portal	rating_in_organism	0	0
BPLPIBNWDLPUKP-UHFFFAOYSA-N	Chemical Probes Portal	rating_count	0	3
BPLPIBNWDLPUKP-UHFFFAOYSA-N	Chemical Probes Portal	unsuitable	0	No
BPLPIBNWDLPUKP-UHFFFAOYSA-N	Chemical Probes Portal	pains	0	No
BPLPIBNWDLPUKP-UHFFFAOYSA-N	Chemical Probes Portal	toxicophore	0	No
BPLPIBNWDLPUKP-UHFFFAOYSA-N	Chemical Probes Portal	published_date	0	2022-03-25
BPLPIBNWDLPUKP-UHFFFAOYSA-N	Chemical Probes Portal	canSAR_ID	0	3317313
BPLPIBNWDLPUKP-UHFFFAOYSA-N	Chemical Probes Portal	url	0	https://www.chemicalprobes.org/nr162
SMVCNKJTRUVRLZ-UHFFFAOYSA-N	Chemical Probes Portal	rating_in_cell	0	2
SMVCNKJTRUVRLZ-UHFFFAOYSA-N	Chemical Probes Portal	rating_in_organism	0	0
SMVCNKJTRUVRLZ-UHFFFAOYSA-N	Chemical Probes Portal	rating_count	0	2
SMVCNKJTRUVRLZ-UHFFFAOYSA-N	Chemical Probes Portal	unsuitable	0	No
SMVCNKJTRUVRLZ-UHFFFAOYSA-N	Chemical Probes Portal	pains	0	No
SMVCNKJTRUVRLZ-UHFFFAOYSA-N	Chemical Probes Portal	toxicophore	0	No
SMVCNKJTRUVRLZ-UHFFFAOYSA-N	Chemical Probes Portal	published_date	0	2024-05-10
SMVCNKJTRUVRLZ-UHFFFAOYSA-N	Chemical Probes Portal	canSAR_ID	0	7437481
SMVCNKJTRUVRLZ-UHFFFAOYSA-N	Chemical Probes Portal	url	0	https://www.chemicalprobes.org/rtx-161
OMISHRJQMYQPMG-UHFFFAOYSA-N	Chemical Probes Portal	rating_in_cell	0	4
OMISHRJQMYQPMG-UHFFFAOYSA-N	Chemical Probes Portal	rating_in_organism	0	4
OMISHRJQMYQPMG-UHFFFAOYSA-N	Chemical Probes Portal	rating_count	0	1
OMISHRJQMYQPMG-UHFFFAOYSA-N	Chemical Probes Portal	unsuitable	0	No
OMISHRJQMYQPMG-UHFFFAOYSA-N	Chemical Probes Portal	pains	0	No
OMISHRJQMYQPMG-UHFFFAOYSA-N	Chemical Probes Portal	toxicophore	0	No
OMISHRJQMYQPMG-UHFFFAOYSA-N	Chemical Probes Portal	published_date	0	2024-01-26
OMISHRJQMYQPMG-UHFFFAOYSA-N	Chemical Probes Portal	canSAR_ID	0	3882367
OMISHRJQMYQPMG-UHFFFAOYSA-N	Chemical Probes Portal	url	0	https://www.chemicalprobes.org/dky709
LTOAWFRZXVPHAJ-UHFFFAOYSA-N	Chemical Probes Portal	rating_in_cell	0	0
LTOAWFRZXVPHAJ-UHFFFAOYSA-N	Chemical Probes Portal	rating_in_organism	0	0
LTOAWFRZXVPHAJ-UHFFFAOYSA-N	Chemical Probes Portal	rating_count	0	0
LTOAWFRZXVPHAJ-UHFFFAOYSA-N	Chemical Probes Portal	unsuitable	0	No
LTOAWFRZXVPHAJ-UHFFFAOYSA-N	Chemical Probes Portal	pains	0	No
LTOAWFRZXVPHAJ-UHFFFAOYSA-N	Chemical Probes Portal	toxicophore	0	No
LTOAWFRZXVPHAJ-UHFFFAOYSA-N	Chemical Probes Portal	published_date	0	2024-03-18
LTOAWFRZXVPHAJ-UHFFFAOYSA-N	Chemical Probes Portal	canSAR_ID	0	3872903
LTOAWFRZXVPHAJ-UHFFFAOYSA-N	Chemical Probes Portal	url	0	https://www.chemicalprobes.org/rlx-33
AOTRIQLYUAFVSC-UHFFFAOYSA-N	Chemical Probes Portal	rating_in_cell	0	3.6666666666666665
AOTRIQLYUAFVSC-UHFFFAOYSA-N	Chemical Probes Portal	rating_in_organism	0	3.3333333333333335
AOTRIQLYUAFVSC-UHFFFAOYSA-N	Chemical Probes Portal	rating_count	0	3
AOTRIQLYUAFVSC-UHFFFAOYSA-N	Chemical Probes Portal	unsuitable	0	No
AOTRIQLYUAFVSC-UHFFFAOYSA-N	Chemical Probes Portal	pains	0	No
AOTRIQLYUAFVSC-UHFFFAOYSA-N	Chemical Probes Portal	toxicophore	0	No
AOTRIQLYUAFVSC-UHFFFAOYSA-N	Chemical Probes Portal	published_date	0	2024-01-18
AOTRIQLYUAFVSC-UHFFFAOYSA-N	Chemical Probes Portal	canSAR_ID	0	607333
AOTRIQLYUAFVSC-UHFFFAOYSA-N	Chemical Probes Portal	url	0	https://www.chemicalprobes.org/azd0156
IPDMIUDPUBUHSU-INIZCTEOSA-N	Chemical Probes Portal	rating_in_cell	0	3
IPDMIUDPUBUHSU-INIZCTEOSA-N	Chemical Probes Portal	rating_in_organism	0	0
IPDMIUDPUBUHSU-INIZCTEOSA-N	Chemical Probes Portal	rating_count	0	2
IPDMIUDPUBUHSU-INIZCTEOSA-N	Chemical Probes Portal	unsuitable	0	No
IPDMIUDPUBUHSU-INIZCTEOSA-N	Chemical Probes Portal	pains	0	No
IPDMIUDPUBUHSU-INIZCTEOSA-N	Chemical Probes Portal	toxicophore	0	No
IPDMIUDPUBUHSU-INIZCTEOSA-N	Chemical Probes Portal	published_date	0	2023-06-30
IPDMIUDPUBUHSU-INIZCTEOSA-N	Chemical Probes Portal	canSAR_ID	0	3930676
IPDMIUDPUBUHSU-INIZCTEOSA-N	Chemical Probes Portal	url	0	https://www.chemicalprobes.org/oicr8268
ATKHYZXUMVNCIO-UHFFFAOYSA-N	Chemical Probes Portal	rating_in_cell	0	2.5
ATKHYZXUMVNCIO-UHFFFAOYSA-N	Chemical Probes Portal	rating_in_organism	0	1.5
ATKHYZXUMVNCIO-UHFFFAOYSA-N	Chemical Probes Portal	rating_count	0	2
ATKHYZXUMVNCIO-UHFFFAOYSA-N	Chemical Probes Portal	unsuitable	0	No
ATKHYZXUMVNCIO-UHFFFAOYSA-N	Chemical Probes Portal	pains	0	No
ATKHYZXUMVNCIO-UHFFFAOYSA-N	Chemical Probes Portal	toxicophore	0	No
ATKHYZXUMVNCIO-UHFFFAOYSA-N	Chemical Probes Portal	published_date	0	2024-01-18
ATKHYZXUMVNCIO-UHFFFAOYSA-N	Chemical Probes Portal	canSAR_ID	0	3634675
ATKHYZXUMVNCIO-UHFFFAOYSA-N	Chemical Probes Portal	url	0	https://www.chemicalprobes.org/bay-8400
WXRCLFFPZXJCLS-UHFFFAOYSA-N	Chemical Probes Portal	rating_in_cell	0	4
WXRCLFFPZXJCLS-UHFFFAOYSA-N	Chemical Probes Portal	rating_in_organism	0	4
WXRCLFFPZXJCLS-UHFFFAOYSA-N	Chemical Probes Portal	rating_count	0	1
WXRCLFFPZXJCLS-UHFFFAOYSA-N	Chemical Probes Portal	unsuitable	0	No
WXRCLFFPZXJCLS-UHFFFAOYSA-N	Chemical Probes Portal	pains	0	No
WXRCLFFPZXJCLS-UHFFFAOYSA-N	Chemical Probes Portal	toxicophore	0	No
WXRCLFFPZXJCLS-UHFFFAOYSA-N	Chemical Probes Portal	published_date	0	2024-01-18
WXRCLFFPZXJCLS-UHFFFAOYSA-N	Chemical Probes Portal	canSAR_ID	0	3879341
WXRCLFFPZXJCLS-UHFFFAOYSA-N	Chemical Probes Portal	url	0	https://www.chemicalprobes.org/azd9574
KLKKWCPJBTXWOV-UHFFFAOYSA-N	Chemical Probes Portal	rating_in_cell	0	2.5
KLKKWCPJBTXWOV-UHFFFAOYSA-N	Chemical Probes Portal	rating_in_organism	0	2.5
KLKKWCPJBTXWOV-UHFFFAOYSA-N	Chemical Probes Portal	rating_count	0	2
KLKKWCPJBTXWOV-UHFFFAOYSA-N	Chemical Probes Portal	unsuitable	0	No
KLKKWCPJBTXWOV-UHFFFAOYSA-N	Chemical Probes Portal	pains	0	No
KLKKWCPJBTXWOV-UHFFFAOYSA-N	Chemical Probes Portal	toxicophore	0	No
KLKKWCPJBTXWOV-UHFFFAOYSA-N	Chemical Probes Portal	published_date	0	2024-03-03
KLKKWCPJBTXWOV-UHFFFAOYSA-N	Chemical Probes Portal	canSAR_ID	0	338098
KLKKWCPJBTXWOV-UHFFFAOYSA-N	Chemical Probes Portal	url	0	https://www.chemicalprobes.org/ezeprogind
IPUJINDWAGRAHN-KNXBSLHKSA-N	Chemical Probes Portal	rating_in_cell	0	3.5
IPUJINDWAGRAHN-KNXBSLHKSA-N	Chemical Probes Portal	rating_in_organism	0	3.5
IPUJINDWAGRAHN-KNXBSLHKSA-N	Chemical Probes Portal	rating_count	0	2
IPUJINDWAGRAHN-KNXBSLHKSA-N	Chemical Probes Portal	unsuitable	0	No
IPUJINDWAGRAHN-KNXBSLHKSA-N	Chemical Probes Portal	pains	0	No
IPUJINDWAGRAHN-KNXBSLHKSA-N	Chemical Probes Portal	toxicophore	0	No
IPUJINDWAGRAHN-KNXBSLHKSA-N	Chemical Probes Portal	published_date	0	2024-03-03
IPUJINDWAGRAHN-KNXBSLHKSA-N	Chemical Probes Portal	canSAR_ID	0	2888249
IPUJINDWAGRAHN-KNXBSLHKSA-N	Chemical Probes Portal	url	0	https://www.chemicalprobes.org/am-6494
FMQWOAKTQPLQBR-SANMLTNESA-N	Chemical Probes Portal	rating_in_cell	0	3.5
FMQWOAKTQPLQBR-SANMLTNESA-N	Chemical Probes Portal	rating_in_organism	0	3.5
FMQWOAKTQPLQBR-SANMLTNESA-N	Chemical Probes Portal	rating_count	0	2
FMQWOAKTQPLQBR-SANMLTNESA-N	Chemical Probes Portal	unsuitable	0	No
FMQWOAKTQPLQBR-SANMLTNESA-N	Chemical Probes Portal	pains	0	No
FMQWOAKTQPLQBR-SANMLTNESA-N	Chemical Probes Portal	toxicophore	0	No
FMQWOAKTQPLQBR-SANMLTNESA-N	Chemical Probes Portal	published_date	0	2024-01-18
FMQWOAKTQPLQBR-SANMLTNESA-N	Chemical Probes Portal	canSAR_ID	0	3196383
FMQWOAKTQPLQBR-SANMLTNESA-N	Chemical Probes Portal	url	0	https://www.chemicalprobes.org/bay-298
JOFQERPJMGKMMX-QGZVFWFLSA-N	Chemical Probes Portal	rating_in_cell	0	3
JOFQERPJMGKMMX-QGZVFWFLSA-N	Chemical Probes Portal	rating_in_organism	0	3
JOFQERPJMGKMMX-QGZVFWFLSA-N	Chemical Probes Portal	rating_count	0	1
JOFQERPJMGKMMX-QGZVFWFLSA-N	Chemical Probes Portal	unsuitable	0	No
JOFQERPJMGKMMX-QGZVFWFLSA-N	Chemical Probes Portal	pains	0	No
JOFQERPJMGKMMX-QGZVFWFLSA-N	Chemical Probes Portal	toxicophore	0	No
JOFQERPJMGKMMX-QGZVFWFLSA-N	Chemical Probes Portal	published_date	0	2023-10-16
JOFQERPJMGKMMX-QGZVFWFLSA-N	Chemical Probes Portal	canSAR_ID	0	618499
JOFQERPJMGKMMX-QGZVFWFLSA-N	Chemical Probes Portal	url	0	https://www.chemicalprobes.org/ar-c141990
CRLZRGXSDBAEFD-UHFFFAOYSA-N	Chemical Probes Portal	rating_in_cell	0	0
CRLZRGXSDBAEFD-UHFFFAOYSA-N	Chemical Probes Portal	rating_in_organism	0	0
CRLZRGXSDBAEFD-UHFFFAOYSA-N	Chemical Probes Portal	rating_count	0	0
CRLZRGXSDBAEFD-UHFFFAOYSA-N	Chemical Probes Portal	unsuitable	0	No
CRLZRGXSDBAEFD-UHFFFAOYSA-N	Chemical Probes Portal	pains	0	No
CRLZRGXSDBAEFD-UHFFFAOYSA-N	Chemical Probes Portal	toxicophore	0	No
CRLZRGXSDBAEFD-UHFFFAOYSA-N	Chemical Probes Portal	published_date	0	2024-02-28
CRLZRGXSDBAEFD-UHFFFAOYSA-N	Chemical Probes Portal	canSAR_ID	0	4199105
CRLZRGXSDBAEFD-UHFFFAOYSA-N	Chemical Probes Portal	url	0	https://www.chemicalprobes.org/jp3000
IKPNRMYDOSNVAU-UHFFFAOYSA-N	Chemical Probes Portal	rating_in_cell	0	4
IKPNRMYDOSNVAU-UHFFFAOYSA-N	Chemical Probes Portal	rating_in_organism	0	4
IKPNRMYDOSNVAU-UHFFFAOYSA-N	Chemical Probes Portal	rating_count	0	1
IKPNRMYDOSNVAU-UHFFFAOYSA-N	Chemical Probes Portal	unsuitable	0	No
IKPNRMYDOSNVAU-UHFFFAOYSA-N	Chemical Probes Portal	pains	0	No
IKPNRMYDOSNVAU-UHFFFAOYSA-N	Chemical Probes Portal	toxicophore	0	No
IKPNRMYDOSNVAU-UHFFFAOYSA-N	Chemical Probes Portal	published_date	0	2024-05-10
IKPNRMYDOSNVAU-UHFFFAOYSA-N	Chemical Probes Portal	canSAR_ID	0	4199096
IKPNRMYDOSNVAU-UHFFFAOYSA-N	Chemical Probes Portal	url	0	https://www.chemicalprobes.org/dnl343
OYDTWNVVTPPDDO-UHFFFAOYSA-N	Chemical Probes Portal	rating_in_cell	0	3
OYDTWNVVTPPDDO-UHFFFAOYSA-N	Chemical Probes Portal	rating_in_organism	0	3
OYDTWNVVTPPDDO-UHFFFAOYSA-N	Chemical Probes Portal	rating_count	0	1
OYDTWNVVTPPDDO-UHFFFAOYSA-N	Chemical Probes Portal	unsuitable	0	No
OYDTWNVVTPPDDO-UHFFFAOYSA-N	Chemical Probes Portal	pains	0	No
OYDTWNVVTPPDDO-UHFFFAOYSA-N	Chemical Probes Portal	toxicophore	0	No
OYDTWNVVTPPDDO-UHFFFAOYSA-N	Chemical Probes Portal	published_date	0	2024-01-18
OYDTWNVVTPPDDO-UHFFFAOYSA-N	Chemical Probes Portal	canSAR_ID	0	4199066
OYDTWNVVTPPDDO-UHFFFAOYSA-N	Chemical Probes Portal	url	0	https://www.chemicalprobes.org/jrd-sik1-2i-4
UEMPFKOYBHCUIG-QVIWBNHYSA-N	Chemical Probes Portal	rating_in_cell	0	0
UEMPFKOYBHCUIG-QVIWBNHYSA-N	Chemical Probes Portal	rating_in_organism	0	0
UEMPFKOYBHCUIG-QVIWBNHYSA-N	Chemical Probes Portal	rating_count	0	0
UEMPFKOYBHCUIG-QVIWBNHYSA-N	Chemical Probes Portal	unsuitable	0	No
UEMPFKOYBHCUIG-QVIWBNHYSA-N	Chemical Probes Portal	pains	0	No
UEMPFKOYBHCUIG-QVIWBNHYSA-N	Chemical Probes Portal	toxicophore	0	No
UEMPFKOYBHCUIG-QVIWBNHYSA-N	Chemical Probes Portal	published_date	0	2024-05-31
UEMPFKOYBHCUIG-QVIWBNHYSA-N	Chemical Probes Portal	canSAR_ID	0	7380012
UEMPFKOYBHCUIG-QVIWBNHYSA-N	Chemical Probes Portal	url	0	https://www.chemicalprobes.org/unc-8969
ILPWEAHQRAWJIU-OAHLLOKOSA-N	Chemical Probes Portal	rating_in_cell	0	4
ILPWEAHQRAWJIU-OAHLLOKOSA-N	Chemical Probes Portal	rating_in_organism	0	4
ILPWEAHQRAWJIU-OAHLLOKOSA-N	Chemical Probes Portal	rating_count	0	1
ILPWEAHQRAWJIU-OAHLLOKOSA-N	Chemical Probes Portal	unsuitable	0	No
ILPWEAHQRAWJIU-OAHLLOKOSA-N	Chemical Probes Portal	pains	0	No
ILPWEAHQRAWJIU-OAHLLOKOSA-N	Chemical Probes Portal	toxicophore	0	No
ILPWEAHQRAWJIU-OAHLLOKOSA-N	Chemical Probes Portal	published_date	0	2023-12-21
ILPWEAHQRAWJIU-OAHLLOKOSA-N	Chemical Probes Portal	canSAR_ID	0	3932205
ILPWEAHQRAWJIU-OAHLLOKOSA-N	Chemical Probes Portal	url	0	https://www.chemicalprobes.org/mrtx0902
DVFCRTGTEXUFIN-GFCCVEGCSA-N	Chemical Probes Portal	rating_in_cell	0	4
DVFCRTGTEXUFIN-GFCCVEGCSA-N	Chemical Probes Portal	rating_in_organism	0	4
DVFCRTGTEXUFIN-GFCCVEGCSA-N	Chemical Probes Portal	rating_count	0	1
DVFCRTGTEXUFIN-GFCCVEGCSA-N	Chemical Probes Portal	unsuitable	0	No
DVFCRTGTEXUFIN-GFCCVEGCSA-N	Chemical Probes Portal	pains	0	No
DVFCRTGTEXUFIN-GFCCVEGCSA-N	Chemical Probes Portal	toxicophore	0	No
DVFCRTGTEXUFIN-GFCCVEGCSA-N	Chemical Probes Portal	published_date	0	2023-12-21
DVFCRTGTEXUFIN-GFCCVEGCSA-N	Chemical Probes Portal	canSAR_ID	0	3879279
DVFCRTGTEXUFIN-GFCCVEGCSA-N	Chemical Probes Portal	url	0	https://www.chemicalprobes.org/abbv-cls-484
WAVPKLNVEGDDGC-LFIBNONCSA-N	Chemical Probes Portal	rating_in_cell	0	2
WAVPKLNVEGDDGC-LFIBNONCSA-N	Chemical Probes Portal	rating_in_organism	0	0
WAVPKLNVEGDDGC-LFIBNONCSA-N	Chemical Probes Portal	rating_count	0	1
WAVPKLNVEGDDGC-LFIBNONCSA-N	Chemical Probes Portal	unsuitable	0	No
WAVPKLNVEGDDGC-LFIBNONCSA-N	Chemical Probes Portal	pains	0	No
WAVPKLNVEGDDGC-LFIBNONCSA-N	Chemical Probes Portal	toxicophore	0	Yes
WAVPKLNVEGDDGC-LFIBNONCSA-N	Chemical Probes Portal	published_date	0	2024-05-31
WAVPKLNVEGDDGC-LFIBNONCSA-N	Chemical Probes Portal	canSAR_ID	0	7437482
WAVPKLNVEGDDGC-LFIBNONCSA-N	Chemical Probes Portal	url	0	https://www.chemicalprobes.org/akr1c3-protac-5
LTWQQWSXYYXVGA-UHFFFAOYSA-N	Chemical Probes Portal	rating_in_cell	0	0
LTWQQWSXYYXVGA-UHFFFAOYSA-N	Chemical Probes Portal	rating_in_organism	0	0
LTWQQWSXYYXVGA-UHFFFAOYSA-N	Chemical Probes Portal	rating_count	0	0
LTWQQWSXYYXVGA-UHFFFAOYSA-N	Chemical Probes Portal	unsuitable	0	No
LTWQQWSXYYXVGA-UHFFFAOYSA-N	Chemical Probes Portal	pains	0	No
LTWQQWSXYYXVGA-UHFFFAOYSA-N	Chemical Probes Portal	toxicophore	0	No
LTWQQWSXYYXVGA-UHFFFAOYSA-N	Chemical Probes Portal	published_date	0	2023-12-22
LTWQQWSXYYXVGA-UHFFFAOYSA-N	Chemical Probes Portal	canSAR_ID	0	238828
LTWQQWSXYYXVGA-UHFFFAOYSA-N	Chemical Probes Portal	url	0	https://www.chemicalprobes.org/ks176
KPABJHHKKJIDGX-JOCHJYFZSA-N	Chemical Probes Portal	rating_in_cell	0	3
KPABJHHKKJIDGX-JOCHJYFZSA-N	Chemical Probes Portal	rating_in_organism	0	0
KPABJHHKKJIDGX-JOCHJYFZSA-N	Chemical Probes Portal	rating_count	0	3
KPABJHHKKJIDGX-JOCHJYFZSA-N	Chemical Probes Portal	unsuitable	0	No
KPABJHHKKJIDGX-JOCHJYFZSA-N	Chemical Probes Portal	pains	0	No
KPABJHHKKJIDGX-JOCHJYFZSA-N	Chemical Probes Portal	toxicophore	0	Yes
KPABJHHKKJIDGX-JOCHJYFZSA-N	Chemical Probes Portal	published_date	0	2023-12-21
KPABJHHKKJIDGX-JOCHJYFZSA-N	Chemical Probes Portal	canSAR_ID	0	3145566
KPABJHHKKJIDGX-JOCHJYFZSA-N	Chemical Probes Portal	url	0	https://www.chemicalprobes.org/ykl-5-124
HPBOMWKBZHYYGE-UHFFFAOYSA-N	Chemical Probes Portal	rating_in_cell	0	0
HPBOMWKBZHYYGE-UHFFFAOYSA-N	Chemical Probes Portal	rating_in_organism	0	0
HPBOMWKBZHYYGE-UHFFFAOYSA-N	Chemical Probes Portal	rating_count	0	0
HPBOMWKBZHYYGE-UHFFFAOYSA-N	Chemical Probes Portal	unsuitable	0	No
HPBOMWKBZHYYGE-UHFFFAOYSA-N	Chemical Probes Portal	pains	0	No
HPBOMWKBZHYYGE-UHFFFAOYSA-N	Chemical Probes Portal	toxicophore	0	No
HPBOMWKBZHYYGE-UHFFFAOYSA-N	Chemical Probes Portal	published_date	0	2023-12-20
HPBOMWKBZHYYGE-UHFFFAOYSA-N	Chemical Probes Portal	canSAR_ID	0	4199067
HPBOMWKBZHYYGE-UHFFFAOYSA-N	Chemical Probes Portal	url	0	https://www.chemicalprobes.org/wlb-89462
JDUBGYFRJFOXQC-KRWDZBQOSA-N	Chemical Probes Portal	rating_in_cell	0	1.5
JDUBGYFRJFOXQC-KRWDZBQOSA-N	Chemical Probes Portal	rating_in_organism	0	1
JDUBGYFRJFOXQC-KRWDZBQOSA-N	Chemical Probes Portal	rating_count	0	2
JDUBGYFRJFOXQC-KRWDZBQOSA-N	Chemical Probes Portal	unsuitable	0	No
JDUBGYFRJFOXQC-KRWDZBQOSA-N	Chemical Probes Portal	pains	0	No
JDUBGYFRJFOXQC-KRWDZBQOSA-N	Chemical Probes Portal	toxicophore	0	No
JDUBGYFRJFOXQC-KRWDZBQOSA-N	Chemical Probes Portal	published_date	0	2023-11-22
JDUBGYFRJFOXQC-KRWDZBQOSA-N	Chemical Probes Portal	canSAR_ID	0	297861
JDUBGYFRJFOXQC-KRWDZBQOSA-N	Chemical Probes Portal	url	0	https://www.chemicalprobes.org/capivasertib
MCRHRRIGPAVFNY-SFHVURJKSA-N	Chemical Probes Portal	rating_in_cell	0	0
MCRHRRIGPAVFNY-SFHVURJKSA-N	Chemical Probes Portal	rating_in_organism	0	0
MCRHRRIGPAVFNY-SFHVURJKSA-N	Chemical Probes Portal	rating_count	0	0
MCRHRRIGPAVFNY-SFHVURJKSA-N	Chemical Probes Portal	unsuitable	0	No
MCRHRRIGPAVFNY-SFHVURJKSA-N	Chemical Probes Portal	pains	0	No
MCRHRRIGPAVFNY-SFHVURJKSA-N	Chemical Probes Portal	toxicophore	0	No
MCRHRRIGPAVFNY-SFHVURJKSA-N	Chemical Probes Portal	published_date	0	2024-10-18
MCRHRRIGPAVFNY-SFHVURJKSA-N	Chemical Probes Portal	canSAR_ID	0	4447934
MCRHRRIGPAVFNY-SFHVURJKSA-N	Chemical Probes Portal	url	0	https://www.chemicalprobes.org/cct374705
FXMIIWBGTCDJJQ-UHFFFAOYSA-N	Chemical Probes Portal	rating_in_cell	0	0
FXMIIWBGTCDJJQ-UHFFFAOYSA-N	Chemical Probes Portal	rating_in_organism	0	0
FXMIIWBGTCDJJQ-UHFFFAOYSA-N	Chemical Probes Portal	rating_count	0	0
FXMIIWBGTCDJJQ-UHFFFAOYSA-N	Chemical Probes Portal	unsuitable	0	No
FXMIIWBGTCDJJQ-UHFFFAOYSA-N	Chemical Probes Portal	pains	0	No
FXMIIWBGTCDJJQ-UHFFFAOYSA-N	Chemical Probes Portal	toxicophore	0	No
FXMIIWBGTCDJJQ-UHFFFAOYSA-N	Chemical Probes Portal	published_date	0	2024-10-18
FXMIIWBGTCDJJQ-UHFFFAOYSA-N	Chemical Probes Portal	canSAR_ID	0	7160398
FXMIIWBGTCDJJQ-UHFFFAOYSA-N	Chemical Probes Portal	url	0	https://www.chemicalprobes.org/bay-405
HKXSBJJCHBFTMB-UHFFFAOYSA-N	Chemical Probes Portal	rating_in_cell	0	2.3333333333333335
HKXSBJJCHBFTMB-UHFFFAOYSA-N	Chemical Probes Portal	rating_in_organism	0	2
HKXSBJJCHBFTMB-UHFFFAOYSA-N	Chemical Probes Portal	rating_count	0	3
HKXSBJJCHBFTMB-UHFFFAOYSA-N	Chemical Probes Portal	unsuitable	0	No
HKXSBJJCHBFTMB-UHFFFAOYSA-N	Chemical Probes Portal	pains	0	No
HKXSBJJCHBFTMB-UHFFFAOYSA-N	Chemical Probes Portal	toxicophore	0	Yes
HKXSBJJCHBFTMB-UHFFFAOYSA-N	Chemical Probes Portal	published_date	0	2023-10-06
HKXSBJJCHBFTMB-UHFFFAOYSA-N	Chemical Probes Portal	canSAR_ID	0	4199070
HKXSBJJCHBFTMB-UHFFFAOYSA-N	Chemical Probes Portal	url	0	https://www.chemicalprobes.org/gpx4-in-5
IRKXKBMGTVDZAJ-UHFFFAOYSA-N	Chemical Probes Portal	rating_in_cell	0	4
IRKXKBMGTVDZAJ-UHFFFAOYSA-N	Chemical Probes Portal	rating_in_organism	0	0
IRKXKBMGTVDZAJ-UHFFFAOYSA-N	Chemical Probes Portal	rating_count	0	2
IRKXKBMGTVDZAJ-UHFFFAOYSA-N	Chemical Probes Portal	unsuitable	0	No
IRKXKBMGTVDZAJ-UHFFFAOYSA-N	Chemical Probes Portal	pains	0	No
IRKXKBMGTVDZAJ-UHFFFAOYSA-N	Chemical Probes Portal	toxicophore	0	Yes
IRKXKBMGTVDZAJ-UHFFFAOYSA-N	Chemical Probes Portal	published_date	0	2024-05-10
IRKXKBMGTVDZAJ-UHFFFAOYSA-N	Chemical Probes Portal	canSAR_ID	0	4199094
IRKXKBMGTVDZAJ-UHFFFAOYSA-N	Chemical Probes Portal	url	0	https://www.chemicalprobes.org/fgfr4-in-8b
VBTBURGKMCKOJC-UHFFFAOYSA-N	Chemical Probes Portal	rating_in_cell	0	2
VBTBURGKMCKOJC-UHFFFAOYSA-N	Chemical Probes Portal	rating_in_organism	0	0
VBTBURGKMCKOJC-UHFFFAOYSA-N	Chemical Probes Portal	rating_count	0	2
VBTBURGKMCKOJC-UHFFFAOYSA-N	Chemical Probes Portal	unsuitable	0	No
VBTBURGKMCKOJC-UHFFFAOYSA-N	Chemical Probes Portal	pains	0	No
VBTBURGKMCKOJC-UHFFFAOYSA-N	Chemical Probes Portal	toxicophore	0	No
VBTBURGKMCKOJC-UHFFFAOYSA-N	Chemical Probes Portal	published_date	0	2023-10-09
VBTBURGKMCKOJC-UHFFFAOYSA-N	Chemical Probes Portal	canSAR_ID	0	4004004
VBTBURGKMCKOJC-UHFFFAOYSA-N	Chemical Probes Portal	url	0	https://www.chemicalprobes.org/alkbh5-in-1
IYFCFYWXRIVCTH-OAHLLOKOSA-N	Chemical Probes Portal	rating_in_cell	0	3
IYFCFYWXRIVCTH-OAHLLOKOSA-N	Chemical Probes Portal	rating_in_organism	0	3
IYFCFYWXRIVCTH-OAHLLOKOSA-N	Chemical Probes Portal	rating_count	0	1
IYFCFYWXRIVCTH-OAHLLOKOSA-N	Chemical Probes Portal	unsuitable	0	No
IYFCFYWXRIVCTH-OAHLLOKOSA-N	Chemical Probes Portal	pains	0	No
IYFCFYWXRIVCTH-OAHLLOKOSA-N	Chemical Probes Portal	toxicophore	0	No
IYFCFYWXRIVCTH-OAHLLOKOSA-N	Chemical Probes Portal	published_date	0	2024-05-10
IYFCFYWXRIVCTH-OAHLLOKOSA-N	Chemical Probes Portal	canSAR_ID	0	7437484
IYFCFYWXRIVCTH-OAHLLOKOSA-N	Chemical Probes Portal	url	0	https://www.chemicalprobes.org/nibr-ltsi
JOAFWIHZEBKYQK-OAHLLOKOSA-N	Chemical Probes Portal	rating_in_cell	0	0
JOAFWIHZEBKYQK-OAHLLOKOSA-N	Chemical Probes Portal	rating_in_organism	0	0
JOAFWIHZEBKYQK-OAHLLOKOSA-N	Chemical Probes Portal	rating_count	0	0
JOAFWIHZEBKYQK-OAHLLOKOSA-N	Chemical Probes Portal	unsuitable	0	No
JOAFWIHZEBKYQK-OAHLLOKOSA-N	Chemical Probes Portal	pains	0	No
JOAFWIHZEBKYQK-OAHLLOKOSA-N	Chemical Probes Portal	toxicophore	0	No
JOAFWIHZEBKYQK-OAHLLOKOSA-N	Chemical Probes Portal	published_date	0	2024-10-17
JOAFWIHZEBKYQK-OAHLLOKOSA-N	Chemical Probes Portal	canSAR_ID	0	7110366
JOAFWIHZEBKYQK-OAHLLOKOSA-N	Chemical Probes Portal	url	0	https://www.chemicalprobes.org/tyra-300
QJRFBKYETDVAJQ-ZEQKJWHPSA-N	Chemical Probes Portal	rating_in_cell	0	3
QJRFBKYETDVAJQ-ZEQKJWHPSA-N	Chemical Probes Portal	rating_in_organism	0	3
QJRFBKYETDVAJQ-ZEQKJWHPSA-N	Chemical Probes Portal	rating_count	0	1
QJRFBKYETDVAJQ-ZEQKJWHPSA-N	Chemical Probes Portal	unsuitable	0	No
QJRFBKYETDVAJQ-ZEQKJWHPSA-N	Chemical Probes Portal	pains	0	No
QJRFBKYETDVAJQ-ZEQKJWHPSA-N	Chemical Probes Portal	toxicophore	0	No
QJRFBKYETDVAJQ-ZEQKJWHPSA-N	Chemical Probes Portal	published_date	0	2024-05-10
QJRFBKYETDVAJQ-ZEQKJWHPSA-N	Chemical Probes Portal	canSAR_ID	0	7052217
QJRFBKYETDVAJQ-ZEQKJWHPSA-N	Chemical Probes Portal	url	0	https://www.chemicalprobes.org/crn04894
FVZCFUKXGUUDBQ-ZWSMLAFMSA-N	Chemical Probes Portal	rating_in_cell	0	4
FVZCFUKXGUUDBQ-ZWSMLAFMSA-N	Chemical Probes Portal	rating_in_organism	0	2
FVZCFUKXGUUDBQ-ZWSMLAFMSA-N	Chemical Probes Portal	rating_count	0	2
FVZCFUKXGUUDBQ-ZWSMLAFMSA-N	Chemical Probes Portal	unsuitable	0	No
FVZCFUKXGUUDBQ-ZWSMLAFMSA-N	Chemical Probes Portal	pains	0	No
FVZCFUKXGUUDBQ-ZWSMLAFMSA-N	Chemical Probes Portal	toxicophore	0	No
FVZCFUKXGUUDBQ-ZWSMLAFMSA-N	Chemical Probes Portal	published_date	0	2024-07-10
FVZCFUKXGUUDBQ-ZWSMLAFMSA-N	Chemical Probes Portal	canSAR_ID	0	7437475
FVZCFUKXGUUDBQ-ZWSMLAFMSA-N	Chemical Probes Portal	url	0	https://www.chemicalprobes.org/dwiz-1
YPPSMYLMSKHYAY-UHFFFAOYSA-N	Chemical Probes Portal	rating_in_cell	0	3.5
YPPSMYLMSKHYAY-UHFFFAOYSA-N	Chemical Probes Portal	rating_in_organism	0	2.5
YPPSMYLMSKHYAY-UHFFFAOYSA-N	Chemical Probes Portal	rating_count	0	2
YPPSMYLMSKHYAY-UHFFFAOYSA-N	Chemical Probes Portal	unsuitable	0	No
YPPSMYLMSKHYAY-UHFFFAOYSA-N	Chemical Probes Portal	pains	0	Yes
YPPSMYLMSKHYAY-UHFFFAOYSA-N	Chemical Probes Portal	toxicophore	0	No
YPPSMYLMSKHYAY-UHFFFAOYSA-N	Chemical Probes Portal	published_date	0	2024-08-06
YPPSMYLMSKHYAY-UHFFFAOYSA-N	Chemical Probes Portal	canSAR_ID	0	829563
YPPSMYLMSKHYAY-UHFFFAOYSA-N	Chemical Probes Portal	url	0	https://www.chemicalprobes.org/amg-perk-44
XDPRKJSOJYMCMZ-UHFFFAOYSA-N	Chemical Probes Portal	rating_in_cell	0	1.6666666666666667
XDPRKJSOJYMCMZ-UHFFFAOYSA-N	Chemical Probes Portal	rating_in_organism	0	0
XDPRKJSOJYMCMZ-UHFFFAOYSA-N	Chemical Probes Portal	rating_count	0	3
XDPRKJSOJYMCMZ-UHFFFAOYSA-N	Chemical Probes Portal	unsuitable	0	No
XDPRKJSOJYMCMZ-UHFFFAOYSA-N	Chemical Probes Portal	pains	0	No
XDPRKJSOJYMCMZ-UHFFFAOYSA-N	Chemical Probes Portal	toxicophore	0	Yes
XDPRKJSOJYMCMZ-UHFFFAOYSA-N	Chemical Probes Portal	published_date	0	2024-10-29
XDPRKJSOJYMCMZ-UHFFFAOYSA-N	Chemical Probes Portal	canSAR_ID	0	7018258
XDPRKJSOJYMCMZ-UHFFFAOYSA-N	Chemical Probes Portal	url	0	https://www.chemicalprobes.org/cpd36
HUQKUJNSVHEHIH-UHFFFAOYSA-N	Chemical Probes Portal	rating_in_cell	0	0
HUQKUJNSVHEHIH-UHFFFAOYSA-N	Chemical Probes Portal	rating_in_organism	0	0
HUQKUJNSVHEHIH-UHFFFAOYSA-N	Chemical Probes Portal	rating_count	0	0
HUQKUJNSVHEHIH-UHFFFAOYSA-N	Chemical Probes Portal	unsuitable	0	Yes
HUQKUJNSVHEHIH-UHFFFAOYSA-N	Chemical Probes Portal	pains	0	No
HUQKUJNSVHEHIH-UHFFFAOYSA-N	Chemical Probes Portal	toxicophore	0	No
HUQKUJNSVHEHIH-UHFFFAOYSA-N	Chemical Probes Portal	published_date	0	2024-12-12
HUQKUJNSVHEHIH-UHFFFAOYSA-N	Chemical Probes Portal	canSAR_ID	0	1129932
HUQKUJNSVHEHIH-UHFFFAOYSA-N	Chemical Probes Portal	url	0	https://www.chemicalprobes.org/unsuitables/an2
LMXYVLFTZRPNRV-KMKOMSMNSA-N	Chemical Probes Portal	rating_in_cell	0	0
LMXYVLFTZRPNRV-KMKOMSMNSA-N	Chemical Probes Portal	rating_in_organism	0	0
LMXYVLFTZRPNRV-KMKOMSMNSA-N	Chemical Probes Portal	rating_count	0	0
LMXYVLFTZRPNRV-KMKOMSMNSA-N	Chemical Probes Portal	unsuitable	0	Yes
LMXYVLFTZRPNRV-KMKOMSMNSA-N	Chemical Probes Portal	pains	0	No
LMXYVLFTZRPNRV-KMKOMSMNSA-N	Chemical Probes Portal	toxicophore	0	No
LMXYVLFTZRPNRV-KMKOMSMNSA-N	Chemical Probes Portal	published_date	0	2024-12-12
LMXYVLFTZRPNRV-KMKOMSMNSA-N	Chemical Probes Portal	canSAR_ID	0	1236171
LMXYVLFTZRPNRV-KMKOMSMNSA-N	Chemical Probes Portal	url	0	https://www.chemicalprobes.org/unsuitables/gw-5074
GPKLWRHHVIBYEO-KMKOMSMNSA-N	Chemical Probes Portal	rating_in_cell	0	0
GPKLWRHHVIBYEO-KMKOMSMNSA-N	Chemical Probes Portal	rating_in_organism	0	0
GPKLWRHHVIBYEO-KMKOMSMNSA-N	Chemical Probes Portal	rating_count	0	0
GPKLWRHHVIBYEO-KMKOMSMNSA-N	Chemical Probes Portal	unsuitable	0	Yes
GPKLWRHHVIBYEO-KMKOMSMNSA-N	Chemical Probes Portal	pains	0	Yes
GPKLWRHHVIBYEO-KMKOMSMNSA-N	Chemical Probes Portal	toxicophore	0	Yes
GPKLWRHHVIBYEO-KMKOMSMNSA-N	Chemical Probes Portal	published_date	0	2024-12-12
GPKLWRHHVIBYEO-KMKOMSMNSA-N	Chemical Probes Portal	canSAR_ID	0	4205887
GPKLWRHHVIBYEO-KMKOMSMNSA-N	Chemical Probes Portal	url	0	https://www.chemicalprobes.org/unsuitables/an1
FOLSZCLZVLICGG-GJYPPUQNSA-N	Chemical Probes Portal	rating_in_cell	0	0
FOLSZCLZVLICGG-GJYPPUQNSA-N	Chemical Probes Portal	rating_in_organism	0	0
FOLSZCLZVLICGG-GJYPPUQNSA-N	Chemical Probes Portal	rating_count	0	0
FOLSZCLZVLICGG-GJYPPUQNSA-N	Chemical Probes Portal	unsuitable	0	No
FOLSZCLZVLICGG-GJYPPUQNSA-N	Chemical Probes Portal	pains	0	No
FOLSZCLZVLICGG-GJYPPUQNSA-N	Chemical Probes Portal	toxicophore	0	No
FOLSZCLZVLICGG-GJYPPUQNSA-N	Chemical Probes Portal	published_date	0	2024-12-12
FOLSZCLZVLICGG-GJYPPUQNSA-N	Chemical Probes Portal	canSAR_ID	0	4141755
FOLSZCLZVLICGG-GJYPPUQNSA-N	Chemical Probes Portal	url	0	https://www.chemicalprobes.org/pf-07265028
AKCDDYGYIGPEKL-JQOQJDEVSA-N	Chemical Probes Portal	rating_in_cell	0	4
AKCDDYGYIGPEKL-JQOQJDEVSA-N	Chemical Probes Portal	rating_in_organism	0	4
AKCDDYGYIGPEKL-JQOQJDEVSA-N	Chemical Probes Portal	rating_count	0	1
AKCDDYGYIGPEKL-JQOQJDEVSA-N	Chemical Probes Portal	unsuitable	0	No
AKCDDYGYIGPEKL-JQOQJDEVSA-N	Chemical Probes Portal	pains	0	No
AKCDDYGYIGPEKL-JQOQJDEVSA-N	Chemical Probes Portal	toxicophore	0	No
AKCDDYGYIGPEKL-JQOQJDEVSA-N	Chemical Probes Portal	published_date	0	2024-11-13
AKCDDYGYIGPEKL-JQOQJDEVSA-N	Chemical Probes Portal	canSAR_ID	0	748651
AKCDDYGYIGPEKL-JQOQJDEVSA-N	Chemical Probes Portal	url	0	https://www.chemicalprobes.org/pf-06648671
CAOSCCRYLYQBES-UHFFFAOYSA-N	Chemical Probes Portal	rating_in_cell	0	0
CAOSCCRYLYQBES-UHFFFAOYSA-N	Chemical Probes Portal	rating_in_organism	0	0
CAOSCCRYLYQBES-UHFFFAOYSA-N	Chemical Probes Portal	rating_count	0	0
CAOSCCRYLYQBES-UHFFFAOYSA-N	Chemical Probes Portal	unsuitable	0	No
CAOSCCRYLYQBES-UHFFFAOYSA-N	Chemical Probes Portal	pains	0	No
CAOSCCRYLYQBES-UHFFFAOYSA-N	Chemical Probes Portal	toxicophore	0	No
CAOSCCRYLYQBES-UHFFFAOYSA-N	Chemical Probes Portal	published_date	0	2024-12-12
CAOSCCRYLYQBES-UHFFFAOYSA-N	Chemical Probes Portal	canSAR_ID	0	1761250
CAOSCCRYLYQBES-UHFFFAOYSA-N	Chemical Probes Portal	url	0	https://www.chemicalprobes.org/iox2
HFOBENSCBRZVSP-NRFSWKIWSA-N	Chemical Probes Portal	rating_in_cell	0	3.5
HFOBENSCBRZVSP-NRFSWKIWSA-N	Chemical Probes Portal	rating_in_organism	0	4
HFOBENSCBRZVSP-NRFSWKIWSA-N	Chemical Probes Portal	rating_count	0	2
HFOBENSCBRZVSP-NRFSWKIWSA-N	Chemical Probes Portal	unsuitable	0	No
HFOBENSCBRZVSP-NRFSWKIWSA-N	Chemical Probes Portal	pains	0	No
HFOBENSCBRZVSP-NRFSWKIWSA-N	Chemical Probes Portal	toxicophore	0	No
HFOBENSCBRZVSP-NRFSWKIWSA-N	Chemical Probes Portal	published_date	0	2024-10-03
HFOBENSCBRZVSP-NRFSWKIWSA-N	Chemical Probes Portal	canSAR_ID	0	3971069
HFOBENSCBRZVSP-NRFSWKIWSA-N	Chemical Probes Portal	url	0	https://www.chemicalprobes.org/ca-170
XYKISMBNQVUKPW-GOSISDBHSA-N	Chemical Probes Portal	rating_in_cell	0	2
XYKISMBNQVUKPW-GOSISDBHSA-N	Chemical Probes Portal	rating_in_organism	0	2
XYKISMBNQVUKPW-GOSISDBHSA-N	Chemical Probes Portal	rating_count	0	1
XYKISMBNQVUKPW-GOSISDBHSA-N	Chemical Probes Portal	unsuitable	0	No
XYKISMBNQVUKPW-GOSISDBHSA-N	Chemical Probes Portal	pains	0	No
XYKISMBNQVUKPW-GOSISDBHSA-N	Chemical Probes Portal	toxicophore	0	No
XYKISMBNQVUKPW-GOSISDBHSA-N	Chemical Probes Portal	published_date	0	2024-12-12
XYKISMBNQVUKPW-GOSISDBHSA-N	Chemical Probes Portal	canSAR_ID	0	7437487
XYKISMBNQVUKPW-GOSISDBHSA-N	Chemical Probes Portal	url	0	https://www.chemicalprobes.org/ucb9386
GMZCYCKIXQZORP-UHFFFAOYSA-N	Chemical Probes Portal	rating_in_cell	0	3
GMZCYCKIXQZORP-UHFFFAOYSA-N	Chemical Probes Portal	rating_in_organism	0	0
GMZCYCKIXQZORP-UHFFFAOYSA-N	Chemical Probes Portal	rating_count	0	3
GMZCYCKIXQZORP-UHFFFAOYSA-N	Chemical Probes Portal	unsuitable	0	No
GMZCYCKIXQZORP-UHFFFAOYSA-N	Chemical Probes Portal	pains	0	No
GMZCYCKIXQZORP-UHFFFAOYSA-N	Chemical Probes Portal	toxicophore	0	No
GMZCYCKIXQZORP-UHFFFAOYSA-N	Chemical Probes Portal	published_date	0	2024-08-06
GMZCYCKIXQZORP-UHFFFAOYSA-N	Chemical Probes Portal	canSAR_ID	0	1817032
GMZCYCKIXQZORP-UHFFFAOYSA-N	Chemical Probes Portal	url	0	https://www.chemicalprobes.org/jnj-47117096
VDGNPEFFHQRGOP-UHFFFAOYSA-N	Chemical Probes Portal	rating_in_cell	0	3
VDGNPEFFHQRGOP-UHFFFAOYSA-N	Chemical Probes Portal	rating_in_organism	0	0
VDGNPEFFHQRGOP-UHFFFAOYSA-N	Chemical Probes Portal	rating_count	0	1
VDGNPEFFHQRGOP-UHFFFAOYSA-N	Chemical Probes Portal	unsuitable	0	No
VDGNPEFFHQRGOP-UHFFFAOYSA-N	Chemical Probes Portal	pains	0	No
VDGNPEFFHQRGOP-UHFFFAOYSA-N	Chemical Probes Portal	toxicophore	0	No
VDGNPEFFHQRGOP-UHFFFAOYSA-N	Chemical Probes Portal	published_date	0	2025-01-08
VDGNPEFFHQRGOP-UHFFFAOYSA-N	Chemical Probes Portal	canSAR_ID	0	7302075
VDGNPEFFHQRGOP-UHFFFAOYSA-N	Chemical Probes Portal	url	0	https://www.chemicalprobes.org/atx968
JJRRWLVKNLMRSA-UHFFFAOYSA-N	Chemical Probes Portal	rating_in_cell	0	2.5
JJRRWLVKNLMRSA-UHFFFAOYSA-N	Chemical Probes Portal	rating_in_organism	0	2
JJRRWLVKNLMRSA-UHFFFAOYSA-N	Chemical Probes Portal	rating_count	0	2
JJRRWLVKNLMRSA-UHFFFAOYSA-N	Chemical Probes Portal	unsuitable	0	No
JJRRWLVKNLMRSA-UHFFFAOYSA-N	Chemical Probes Portal	pains	0	No
JJRRWLVKNLMRSA-UHFFFAOYSA-N	Chemical Probes Portal	toxicophore	0	No
JJRRWLVKNLMRSA-UHFFFAOYSA-N	Chemical Probes Portal	published_date	0	2024-05-10
JJRRWLVKNLMRSA-UHFFFAOYSA-N	Chemical Probes Portal	canSAR_ID	0	7369215
JJRRWLVKNLMRSA-UHFFFAOYSA-N	Chemical Probes Portal	url	0	https://www.chemicalprobes.org/ms8535
ZZFKEZYGYPWBGP-UHFFFAOYSA-N	Chemical Probes Portal	rating_in_cell	0	3
ZZFKEZYGYPWBGP-UHFFFAOYSA-N	Chemical Probes Portal	rating_in_organism	0	3
ZZFKEZYGYPWBGP-UHFFFAOYSA-N	Chemical Probes Portal	rating_count	0	2
ZZFKEZYGYPWBGP-UHFFFAOYSA-N	Chemical Probes Portal	unsuitable	0	No
ZZFKEZYGYPWBGP-UHFFFAOYSA-N	Chemical Probes Portal	pains	0	Yes
ZZFKEZYGYPWBGP-UHFFFAOYSA-N	Chemical Probes Portal	toxicophore	0	No
ZZFKEZYGYPWBGP-UHFFFAOYSA-N	Chemical Probes Portal	published_date	0	2024-07-10
ZZFKEZYGYPWBGP-UHFFFAOYSA-N	Chemical Probes Portal	canSAR_ID	0	7382686
ZZFKEZYGYPWBGP-UHFFFAOYSA-N	Chemical Probes Portal	url	0	https://www.chemicalprobes.org/wee1-in-7
STQKUEFQEVDNLU-UHFFFAOYSA-N	Chemical Probes Portal	rating_in_cell	0	3
STQKUEFQEVDNLU-UHFFFAOYSA-N	Chemical Probes Portal	rating_in_organism	0	3
STQKUEFQEVDNLU-UHFFFAOYSA-N	Chemical Probes Portal	rating_count	0	1
STQKUEFQEVDNLU-UHFFFAOYSA-N	Chemical Probes Portal	unsuitable	0	No
STQKUEFQEVDNLU-UHFFFAOYSA-N	Chemical Probes Portal	pains	0	No
STQKUEFQEVDNLU-UHFFFAOYSA-N	Chemical Probes Portal	toxicophore	0	Yes
STQKUEFQEVDNLU-UHFFFAOYSA-N	Chemical Probes Portal	published_date	0	2024-11-18
STQKUEFQEVDNLU-UHFFFAOYSA-N	Chemical Probes Portal	canSAR_ID	0	7437493
STQKUEFQEVDNLU-UHFFFAOYSA-N	Chemical Probes Portal	url	0	https://www.chemicalprobes.org/ro-275
MVYWULXPOKYILU-UHFFFAOYSA-N	Chemical Probes Portal	rating_in_cell	0	3.3333333333333335
MVYWULXPOKYILU-UHFFFAOYSA-N	Chemical Probes Portal	rating_in_organism	0	3.3333333333333335
MVYWULXPOKYILU-UHFFFAOYSA-N	Chemical Probes Portal	rating_count	0	3
MVYWULXPOKYILU-UHFFFAOYSA-N	Chemical Probes Portal	unsuitable	0	No
MVYWULXPOKYILU-UHFFFAOYSA-N	Chemical Probes Portal	pains	0	No
MVYWULXPOKYILU-UHFFFAOYSA-N	Chemical Probes Portal	toxicophore	0	No
MVYWULXPOKYILU-UHFFFAOYSA-N	Chemical Probes Portal	published_date	0	2024-12-12
MVYWULXPOKYILU-UHFFFAOYSA-N	Chemical Probes Portal	canSAR_ID	0	7437486
MVYWULXPOKYILU-UHFFFAOYSA-N	Chemical Probes Portal	url	0	https://www.chemicalprobes.org/mastl-in-1
VZAFGXCWAWRULT-UONOGXRCSA-N	Chemical Probes Portal	rating_in_cell	0	3.8
VZAFGXCWAWRULT-UONOGXRCSA-N	Chemical Probes Portal	rating_in_organism	0	2.3333333333333335
VZAFGXCWAWRULT-UONOGXRCSA-N	Chemical Probes Portal	rating_count	0	5
VZAFGXCWAWRULT-UONOGXRCSA-N	Chemical Probes Portal	unsuitable	0	No
VZAFGXCWAWRULT-UONOGXRCSA-N	Chemical Probes Portal	pains	0	No
VZAFGXCWAWRULT-UONOGXRCSA-N	Chemical Probes Portal	toxicophore	0	No
VZAFGXCWAWRULT-UONOGXRCSA-N	Chemical Probes Portal	published_date	0	2017-03-13
VZAFGXCWAWRULT-UONOGXRCSA-N	Chemical Probes Portal	canSAR_ID	0	1478189
VZAFGXCWAWRULT-UONOGXRCSA-N	Chemical Probes Portal	url	0	https://www.chemicalprobes.org/gsk4027
OLEFHQBTXFCZON-HXUWFJFHSA-N	Chemical Probes Portal	rating_in_cell	0	4
OLEFHQBTXFCZON-HXUWFJFHSA-N	Chemical Probes Portal	rating_in_organism	0	4
OLEFHQBTXFCZON-HXUWFJFHSA-N	Chemical Probes Portal	rating_count	0	2
OLEFHQBTXFCZON-HXUWFJFHSA-N	Chemical Probes Portal	unsuitable	0	No
OLEFHQBTXFCZON-HXUWFJFHSA-N	Chemical Probes Portal	pains	0	No
OLEFHQBTXFCZON-HXUWFJFHSA-N	Chemical Probes Portal	toxicophore	0	No
OLEFHQBTXFCZON-HXUWFJFHSA-N	Chemical Probes Portal	published_date	0	2024-11-16
OLEFHQBTXFCZON-HXUWFJFHSA-N	Chemical Probes Portal	canSAR_ID	0	6614335
OLEFHQBTXFCZON-HXUWFJFHSA-N	Chemical Probes Portal	url	0	https://www.chemicalprobes.org/jnj-3738
WZMIWVZGYMKUDV-UHFFFAOYSA-N	Chemical Probes Portal	rating_in_cell	0	4
WZMIWVZGYMKUDV-UHFFFAOYSA-N	Chemical Probes Portal	rating_in_organism	0	3
WZMIWVZGYMKUDV-UHFFFAOYSA-N	Chemical Probes Portal	rating_count	0	1
WZMIWVZGYMKUDV-UHFFFAOYSA-N	Chemical Probes Portal	unsuitable	0	No
WZMIWVZGYMKUDV-UHFFFAOYSA-N	Chemical Probes Portal	pains	0	No
WZMIWVZGYMKUDV-UHFFFAOYSA-N	Chemical Probes Portal	toxicophore	0	No
WZMIWVZGYMKUDV-UHFFFAOYSA-N	Chemical Probes Portal	published_date	0	2023-05-18
WZMIWVZGYMKUDV-UHFFFAOYSA-N	Chemical Probes Portal	canSAR_ID	0	3879607
WZMIWVZGYMKUDV-UHFFFAOYSA-N	Chemical Probes Portal	url	0	https://www.chemicalprobes.org/jnj-6204
LPQXZOJIUVOCAL-NRFANRHFSA-N	Chemical Probes Portal	rating_in_cell	0	0
LPQXZOJIUVOCAL-NRFANRHFSA-N	Chemical Probes Portal	rating_in_organism	0	3
LPQXZOJIUVOCAL-NRFANRHFSA-N	Chemical Probes Portal	rating_count	0	1
LPQXZOJIUVOCAL-NRFANRHFSA-N	Chemical Probes Portal	unsuitable	0	No
LPQXZOJIUVOCAL-NRFANRHFSA-N	Chemical Probes Portal	pains	0	No
LPQXZOJIUVOCAL-NRFANRHFSA-N	Chemical Probes Portal	toxicophore	0	No
LPQXZOJIUVOCAL-NRFANRHFSA-N	Chemical Probes Portal	published_date	0	2024-11-16
LPQXZOJIUVOCAL-NRFANRHFSA-N	Chemical Probes Portal	canSAR_ID	0	7400695
LPQXZOJIUVOCAL-NRFANRHFSA-N	Chemical Probes Portal	url	0	https://www.chemicalprobes.org/bay-9835
KHLKLLMMPVSSQY-UHFFFAOYSA-N	Chemical Probes Portal	rating_in_cell	0	0
KHLKLLMMPVSSQY-UHFFFAOYSA-N	Chemical Probes Portal	rating_in_organism	0	0
KHLKLLMMPVSSQY-UHFFFAOYSA-N	Chemical Probes Portal	rating_count	0	0
KHLKLLMMPVSSQY-UHFFFAOYSA-N	Chemical Probes Portal	unsuitable	0	No
KHLKLLMMPVSSQY-UHFFFAOYSA-N	Chemical Probes Portal	pains	0	No
KHLKLLMMPVSSQY-UHFFFAOYSA-N	Chemical Probes Portal	toxicophore	0	No
KHLKLLMMPVSSQY-UHFFFAOYSA-N	Chemical Probes Portal	published_date	0	2025-02-03
KHLKLLMMPVSSQY-UHFFFAOYSA-N	Chemical Probes Portal	canSAR_ID	0	7160166
KHLKLLMMPVSSQY-UHFFFAOYSA-N	Chemical Probes Portal	url	0	https://www.chemicalprobes.org/nudt5-in-9
YBXRSCXGRPSTMW-CYBMUJFWSA-N	Chemical Probes Portal	rating_in_cell	0	0
YBXRSCXGRPSTMW-CYBMUJFWSA-N	Chemical Probes Portal	rating_in_organism	0	0
YBXRSCXGRPSTMW-CYBMUJFWSA-N	Chemical Probes Portal	rating_count	0	0
YBXRSCXGRPSTMW-CYBMUJFWSA-N	Chemical Probes Portal	unsuitable	0	No
YBXRSCXGRPSTMW-CYBMUJFWSA-N	Chemical Probes Portal	pains	0	No
YBXRSCXGRPSTMW-CYBMUJFWSA-N	Chemical Probes Portal	toxicophore	0	No
YBXRSCXGRPSTMW-CYBMUJFWSA-N	Chemical Probes Portal	published_date	0	2024-01-18
YBXRSCXGRPSTMW-CYBMUJFWSA-N	Chemical Probes Portal	canSAR_ID	0	3339609
YBXRSCXGRPSTMW-CYBMUJFWSA-N	Chemical Probes Portal	url	0	https://www.chemicalprobes.org/elimusertib
SCLLZBIBSFTLIN-INOGPEIASA-N	Chemical Probes Portal	rating_in_cell	0	4
SCLLZBIBSFTLIN-INOGPEIASA-N	Chemical Probes Portal	rating_in_organism	0	4
SCLLZBIBSFTLIN-INOGPEIASA-N	Chemical Probes Portal	rating_count	0	2
SCLLZBIBSFTLIN-INOGPEIASA-N	Chemical Probes Portal	unsuitable	0	No
SCLLZBIBSFTLIN-INOGPEIASA-N	Chemical Probes Portal	pains	0	No
SCLLZBIBSFTLIN-INOGPEIASA-N	Chemical Probes Portal	toxicophore	0	No
SCLLZBIBSFTLIN-INOGPEIASA-N	Chemical Probes Portal	published_date	0	2023-04-24
SCLLZBIBSFTLIN-INOGPEIASA-N	Chemical Probes Portal	canSAR_ID	0	3887017
SCLLZBIBSFTLIN-INOGPEIASA-N	Chemical Probes Portal	url	0	https://www.chemicalprobes.org/mrtx1133
XVECNLUKQDKOST-UHFFFAOYSA-N	Chemical Probes Portal	rating_in_cell	0	0
XVECNLUKQDKOST-UHFFFAOYSA-N	Chemical Probes Portal	rating_in_organism	0	0
XVECNLUKQDKOST-UHFFFAOYSA-N	Chemical Probes Portal	rating_count	0	0
XVECNLUKQDKOST-UHFFFAOYSA-N	Chemical Probes Portal	unsuitable	0	No
XVECNLUKQDKOST-UHFFFAOYSA-N	Chemical Probes Portal	pains	0	No
XVECNLUKQDKOST-UHFFFAOYSA-N	Chemical Probes Portal	toxicophore	0	No
XVECNLUKQDKOST-UHFFFAOYSA-N	Chemical Probes Portal	published_date	0	2023-02-13
XVECNLUKQDKOST-UHFFFAOYSA-N	Chemical Probes Portal	canSAR_ID	0	3449864
XVECNLUKQDKOST-UHFFFAOYSA-N	Chemical Probes Portal	url	0	https://www.chemicalprobes.org/nvs-cecr2-1
CKFRXCBNKKOFGO-IGEOTXOUSA-N	Chemical Probes Portal	rating_in_cell	0	4
CKFRXCBNKKOFGO-IGEOTXOUSA-N	Chemical Probes Portal	rating_in_organism	0	0
CKFRXCBNKKOFGO-IGEOTXOUSA-N	Chemical Probes Portal	rating_count	0	2
CKFRXCBNKKOFGO-IGEOTXOUSA-N	Chemical Probes Portal	unsuitable	0	No
CKFRXCBNKKOFGO-IGEOTXOUSA-N	Chemical Probes Portal	pains	0	No
CKFRXCBNKKOFGO-IGEOTXOUSA-N	Chemical Probes Portal	toxicophore	0	No
CKFRXCBNKKOFGO-IGEOTXOUSA-N	Chemical Probes Portal	published_date	0	2023-01-23
CKFRXCBNKKOFGO-IGEOTXOUSA-N	Chemical Probes Portal	canSAR_ID	0	3558528
CKFRXCBNKKOFGO-IGEOTXOUSA-N	Chemical Probes Portal	url	0	https://www.chemicalprobes.org/bay-6035
FFPHMUIGESPOTK-UHFFFAOYSA-N	Chemical Probes Portal	rating_in_cell	0	4
FFPHMUIGESPOTK-UHFFFAOYSA-N	Chemical Probes Portal	rating_in_organism	0	0
FFPHMUIGESPOTK-UHFFFAOYSA-N	Chemical Probes Portal	rating_count	0	1
FFPHMUIGESPOTK-UHFFFAOYSA-N	Chemical Probes Portal	unsuitable	0	No
FFPHMUIGESPOTK-UHFFFAOYSA-N	Chemical Probes Portal	pains	0	No
FFPHMUIGESPOTK-UHFFFAOYSA-N	Chemical Probes Portal	toxicophore	0	No
FFPHMUIGESPOTK-UHFFFAOYSA-N	Chemical Probes Portal	published_date	0	2022-06-08
FFPHMUIGESPOTK-UHFFFAOYSA-N	Chemical Probes Portal	canSAR_ID	0	3141075
FFPHMUIGESPOTK-UHFFFAOYSA-N	Chemical Probes Portal	url	0	https://www.chemicalprobes.org/gsk8612
DNHPDWGIXIMXSA-CXNSMIOJSA-N	Chemical Probes Portal	rating_in_cell	0	0
DNHPDWGIXIMXSA-CXNSMIOJSA-N	Chemical Probes Portal	rating_in_organism	0	4
DNHPDWGIXIMXSA-CXNSMIOJSA-N	Chemical Probes Portal	rating_count	0	1
DNHPDWGIXIMXSA-CXNSMIOJSA-N	Chemical Probes Portal	unsuitable	0	No
DNHPDWGIXIMXSA-CXNSMIOJSA-N	Chemical Probes Portal	pains	0	No
DNHPDWGIXIMXSA-CXNSMIOJSA-N	Chemical Probes Portal	toxicophore	0	No
DNHPDWGIXIMXSA-CXNSMIOJSA-N	Chemical Probes Portal	published_date	0	2022-05-31
DNHPDWGIXIMXSA-CXNSMIOJSA-N	Chemical Probes Portal	canSAR_ID	0	1040919
DNHPDWGIXIMXSA-CXNSMIOJSA-N	Chemical Probes Portal	url	0	https://www.chemicalprobes.org/tenapanor
MMJPVSDTLGFIQW-UHFFFAOYSA-N	Chemical Probes Portal	rating_in_cell	0	4
MMJPVSDTLGFIQW-UHFFFAOYSA-N	Chemical Probes Portal	rating_in_organism	0	4
MMJPVSDTLGFIQW-UHFFFAOYSA-N	Chemical Probes Portal	rating_count	0	1
MMJPVSDTLGFIQW-UHFFFAOYSA-N	Chemical Probes Portal	unsuitable	0	No
MMJPVSDTLGFIQW-UHFFFAOYSA-N	Chemical Probes Portal	pains	0	No
MMJPVSDTLGFIQW-UHFFFAOYSA-N	Chemical Probes Portal	toxicophore	0	No
MMJPVSDTLGFIQW-UHFFFAOYSA-N	Chemical Probes Portal	published_date	0	2022-02-10
MMJPVSDTLGFIQW-UHFFFAOYSA-N	Chemical Probes Portal	canSAR_ID	0	519764
MMJPVSDTLGFIQW-UHFFFAOYSA-N	Chemical Probes Portal	url	0	https://www.chemicalprobes.org/bi4394
KVMGAIOTUIGROS-AZUAARDMSA-N	Chemical Probes Portal	rating_in_cell	0	0
KVMGAIOTUIGROS-AZUAARDMSA-N	Chemical Probes Portal	rating_in_organism	0	4
KVMGAIOTUIGROS-AZUAARDMSA-N	Chemical Probes Portal	rating_count	0	1
KVMGAIOTUIGROS-AZUAARDMSA-N	Chemical Probes Portal	unsuitable	0	No
KVMGAIOTUIGROS-AZUAARDMSA-N	Chemical Probes Portal	pains	0	No
KVMGAIOTUIGROS-AZUAARDMSA-N	Chemical Probes Portal	toxicophore	0	No
KVMGAIOTUIGROS-AZUAARDMSA-N	Chemical Probes Portal	published_date	0	2025-01-22
KVMGAIOTUIGROS-AZUAARDMSA-N	Chemical Probes Portal	canSAR_ID	0	7364934
KVMGAIOTUIGROS-AZUAARDMSA-N	Chemical Probes Portal	url	0	https://www.chemicalprobes.org/tak-861
ZGTWRRCZLAOQMY-UHFFFAOYSA-N	Chemical Probes Portal	rating_in_cell	0	0
ZGTWRRCZLAOQMY-UHFFFAOYSA-N	Chemical Probes Portal	rating_in_organism	0	0
ZGTWRRCZLAOQMY-UHFFFAOYSA-N	Chemical Probes Portal	rating_count	0	0
ZGTWRRCZLAOQMY-UHFFFAOYSA-N	Chemical Probes Portal	unsuitable	0	No
ZGTWRRCZLAOQMY-UHFFFAOYSA-N	Chemical Probes Portal	pains	0	No
ZGTWRRCZLAOQMY-UHFFFAOYSA-N	Chemical Probes Portal	toxicophore	0	No
ZGTWRRCZLAOQMY-UHFFFAOYSA-N	Chemical Probes Portal	published_date	0	2025-02-07
ZGTWRRCZLAOQMY-UHFFFAOYSA-N	Chemical Probes Portal	canSAR_ID	0	7437494
ZGTWRRCZLAOQMY-UHFFFAOYSA-N	Chemical Probes Portal	url	0	https://www.chemicalprobes.org/xmu-mp-2
UFKFTBGGMLIIME-DEOSSOPVSA-N	Chemical Probes Portal	rating_in_cell	0	3
UFKFTBGGMLIIME-DEOSSOPVSA-N	Chemical Probes Portal	rating_in_organism	0	0
UFKFTBGGMLIIME-DEOSSOPVSA-N	Chemical Probes Portal	rating_count	0	1
UFKFTBGGMLIIME-DEOSSOPVSA-N	Chemical Probes Portal	unsuitable	0	No
UFKFTBGGMLIIME-DEOSSOPVSA-N	Chemical Probes Portal	pains	0	No
UFKFTBGGMLIIME-DEOSSOPVSA-N	Chemical Probes Portal	toxicophore	0	No
UFKFTBGGMLIIME-DEOSSOPVSA-N	Chemical Probes Portal	published_date	0	2025-01-21
UFKFTBGGMLIIME-DEOSSOPVSA-N	Chemical Probes Portal	canSAR_ID	0	7437489
UFKFTBGGMLIIME-DEOSSOPVSA-N	Chemical Probes Portal	url	0	https://www.chemicalprobes.org/lh168
ZHXNIYGJAOPMSO-UHFFFAOYSA-N	Chemical Probes Portal	rating_in_cell	0	2
ZHXNIYGJAOPMSO-UHFFFAOYSA-N	Chemical Probes Portal	rating_in_organism	0	2
ZHXNIYGJAOPMSO-UHFFFAOYSA-N	Chemical Probes Portal	rating_count	0	1
ZHXNIYGJAOPMSO-UHFFFAOYSA-N	Chemical Probes Portal	unsuitable	0	No
ZHXNIYGJAOPMSO-UHFFFAOYSA-N	Chemical Probes Portal	pains	0	No
ZHXNIYGJAOPMSO-UHFFFAOYSA-N	Chemical Probes Portal	toxicophore	0	No
ZHXNIYGJAOPMSO-UHFFFAOYSA-N	Chemical Probes Portal	published_date	0	2025-01-22
ZHXNIYGJAOPMSO-UHFFFAOYSA-N	Chemical Probes Portal	canSAR_ID	0	880963
ZHXNIYGJAOPMSO-UHFFFAOYSA-N	Chemical Probes Portal	url	0	https://www.chemicalprobes.org/bms-509744
HCDAVCLCBXIYPW-QGZVFWFLSA-N	Chemical Probes Portal	rating_in_cell	0	4
HCDAVCLCBXIYPW-QGZVFWFLSA-N	Chemical Probes Portal	rating_in_organism	0	0
HCDAVCLCBXIYPW-QGZVFWFLSA-N	Chemical Probes Portal	rating_count	0	1
HCDAVCLCBXIYPW-QGZVFWFLSA-N	Chemical Probes Portal	unsuitable	0	No
HCDAVCLCBXIYPW-QGZVFWFLSA-N	Chemical Probes Portal	pains	0	No
HCDAVCLCBXIYPW-QGZVFWFLSA-N	Chemical Probes Portal	toxicophore	0	No
HCDAVCLCBXIYPW-QGZVFWFLSA-N	Chemical Probes Portal	published_date	0	2025-02-04
HCDAVCLCBXIYPW-QGZVFWFLSA-N	Chemical Probes Portal	canSAR_ID	0	3178381
HCDAVCLCBXIYPW-QGZVFWFLSA-N	Chemical Probes Portal	url	0	https://www.chemicalprobes.org/bi-4916
MVULIYLBRNHLEE-LFHXYJAASA-N	Chemical Probes Portal	rating_in_cell	0	3.6666666666666665
MVULIYLBRNHLEE-LFHXYJAASA-N	Chemical Probes Portal	rating_in_organism	0	0
MVULIYLBRNHLEE-LFHXYJAASA-N	Chemical Probes Portal	rating_count	0	3
MVULIYLBRNHLEE-LFHXYJAASA-N	Chemical Probes Portal	unsuitable	0	No
MVULIYLBRNHLEE-LFHXYJAASA-N	Chemical Probes Portal	pains	0	No
MVULIYLBRNHLEE-LFHXYJAASA-N	Chemical Probes Portal	toxicophore	0	No
MVULIYLBRNHLEE-LFHXYJAASA-N	Chemical Probes Portal	published_date	0	2025-01-22
MVULIYLBRNHLEE-LFHXYJAASA-N	Chemical Probes Portal	canSAR_ID	0	3142971
MVULIYLBRNHLEE-LFHXYJAASA-N	Chemical Probes Portal	url	0	https://www.chemicalprobes.org/protac-fak-degrader-1
RXSCURXNWIHEAV-UHFFFAOYSA-N	Chemical Probes Portal	rating_in_cell	0	3
RXSCURXNWIHEAV-UHFFFAOYSA-N	Chemical Probes Portal	rating_in_organism	0	3
RXSCURXNWIHEAV-UHFFFAOYSA-N	Chemical Probes Portal	rating_count	0	1
RXSCURXNWIHEAV-UHFFFAOYSA-N	Chemical Probes Portal	unsuitable	0	No
RXSCURXNWIHEAV-UHFFFAOYSA-N	Chemical Probes Portal	pains	0	No
RXSCURXNWIHEAV-UHFFFAOYSA-N	Chemical Probes Portal	toxicophore	0	No
RXSCURXNWIHEAV-UHFFFAOYSA-N	Chemical Probes Portal	published_date	0	2025-01-21
RXSCURXNWIHEAV-UHFFFAOYSA-N	Chemical Probes Portal	canSAR_ID	0	7437490
RXSCURXNWIHEAV-UHFFFAOYSA-N	Chemical Probes Portal	url	0	https://www.chemicalprobes.org/mdi-114215
BOXZMOCGSKLDAH-OUZJXKGJSA-N	Chemical Probes Portal	rating_in_cell	0	2
BOXZMOCGSKLDAH-OUZJXKGJSA-N	Chemical Probes Portal	rating_in_organism	0	0
BOXZMOCGSKLDAH-OUZJXKGJSA-N	Chemical Probes Portal	rating_count	0	1
BOXZMOCGSKLDAH-OUZJXKGJSA-N	Chemical Probes Portal	unsuitable	0	No
BOXZMOCGSKLDAH-OUZJXKGJSA-N	Chemical Probes Portal	pains	0	No
BOXZMOCGSKLDAH-OUZJXKGJSA-N	Chemical Probes Portal	toxicophore	0	Yes
BOXZMOCGSKLDAH-OUZJXKGJSA-N	Chemical Probes Portal	published_date	0	2025-01-22
BOXZMOCGSKLDAH-OUZJXKGJSA-N	Chemical Probes Portal	canSAR_ID	0	3898951
BOXZMOCGSKLDAH-OUZJXKGJSA-N	Chemical Probes Portal	url	0	https://www.chemicalprobes.org/jps016
FYSWLIFIYIVHPI-DDWISSAJSA-N	Chemical Probes Portal	rating_in_cell	0	2.6666666666666665
FYSWLIFIYIVHPI-DDWISSAJSA-N	Chemical Probes Portal	rating_in_organism	0	0
FYSWLIFIYIVHPI-DDWISSAJSA-N	Chemical Probes Portal	rating_count	0	3
FYSWLIFIYIVHPI-DDWISSAJSA-N	Chemical Probes Portal	unsuitable	0	No
FYSWLIFIYIVHPI-DDWISSAJSA-N	Chemical Probes Portal	pains	0	No
FYSWLIFIYIVHPI-DDWISSAJSA-N	Chemical Probes Portal	toxicophore	0	No
FYSWLIFIYIVHPI-DDWISSAJSA-N	Chemical Probes Portal	published_date	0	2020-11-25
FYSWLIFIYIVHPI-DDWISSAJSA-N	Chemical Probes Portal	canSAR_ID	0	1040176
FYSWLIFIYIVHPI-DDWISSAJSA-N	Chemical Probes Portal	url	0	https://www.chemicalprobes.org/mzp-54
KBTKRNXLECYGBY-NERSTHRASA-N	Chemical Probes Portal	rating_in_cell	0	3.25
KBTKRNXLECYGBY-NERSTHRASA-N	Chemical Probes Portal	rating_in_organism	0	0
KBTKRNXLECYGBY-NERSTHRASA-N	Chemical Probes Portal	rating_count	0	4
KBTKRNXLECYGBY-NERSTHRASA-N	Chemical Probes Portal	unsuitable	0	No
KBTKRNXLECYGBY-NERSTHRASA-N	Chemical Probes Portal	pains	0	No
KBTKRNXLECYGBY-NERSTHRASA-N	Chemical Probes Portal	toxicophore	0	Yes
KBTKRNXLECYGBY-NERSTHRASA-N	Chemical Probes Portal	published_date	0	2023-10-05
KBTKRNXLECYGBY-NERSTHRASA-N	Chemical Probes Portal	canSAR_ID	0	4199074
KBTKRNXLECYGBY-NERSTHRASA-N	Chemical Probes Portal	url	0	https://www.chemicalprobes.org/yx968
OFNZESNEBSQKSE-BQGOKDIQSA-N	Chemical Probes Portal	rating_in_cell	0	3.3333333333333335
OFNZESNEBSQKSE-BQGOKDIQSA-N	Chemical Probes Portal	rating_in_organism	0	0
OFNZESNEBSQKSE-BQGOKDIQSA-N	Chemical Probes Portal	rating_count	0	3
OFNZESNEBSQKSE-BQGOKDIQSA-N	Chemical Probes Portal	unsuitable	0	No
OFNZESNEBSQKSE-BQGOKDIQSA-N	Chemical Probes Portal	pains	0	No
OFNZESNEBSQKSE-BQGOKDIQSA-N	Chemical Probes Portal	toxicophore	0	No
OFNZESNEBSQKSE-BQGOKDIQSA-N	Chemical Probes Portal	published_date	0	2022-03-22
OFNZESNEBSQKSE-BQGOKDIQSA-N	Chemical Probes Portal	canSAR_ID	0	3550549
OFNZESNEBSQKSE-BQGOKDIQSA-N	Chemical Probes Portal	url	0	https://www.chemicalprobes.org/homer
GJCIYFAPQUEGNE-UHFFFAOYSA-N	Chemical Probes Portal	rating_in_cell	0	3.6666666666666665
GJCIYFAPQUEGNE-UHFFFAOYSA-N	Chemical Probes Portal	rating_in_organism	0	0
GJCIYFAPQUEGNE-UHFFFAOYSA-N	Chemical Probes Portal	rating_count	0	3
GJCIYFAPQUEGNE-UHFFFAOYSA-N	Chemical Probes Portal	unsuitable	0	No
GJCIYFAPQUEGNE-UHFFFAOYSA-N	Chemical Probes Portal	pains	0	No
GJCIYFAPQUEGNE-UHFFFAOYSA-N	Chemical Probes Portal	toxicophore	0	Yes
GJCIYFAPQUEGNE-UHFFFAOYSA-N	Chemical Probes Portal	published_date	0	2025-01-22
GJCIYFAPQUEGNE-UHFFFAOYSA-N	Chemical Probes Portal	canSAR_ID	0	3313890
GJCIYFAPQUEGNE-UHFFFAOYSA-N	Chemical Probes Portal	url	0	https://www.chemicalprobes.org/p4b
AZBRPAQQOMDJLZ-UHFFFAOYSA-N	Chemical Probes Portal	rating_in_cell	0	3
AZBRPAQQOMDJLZ-UHFFFAOYSA-N	Chemical Probes Portal	rating_in_organism	0	0
AZBRPAQQOMDJLZ-UHFFFAOYSA-N	Chemical Probes Portal	rating_count	0	1
AZBRPAQQOMDJLZ-UHFFFAOYSA-N	Chemical Probes Portal	unsuitable	0	No
AZBRPAQQOMDJLZ-UHFFFAOYSA-N	Chemical Probes Portal	pains	0	No
AZBRPAQQOMDJLZ-UHFFFAOYSA-N	Chemical Probes Portal	toxicophore	0	Yes
AZBRPAQQOMDJLZ-UHFFFAOYSA-N	Chemical Probes Portal	published_date	0	2025-01-22
AZBRPAQQOMDJLZ-UHFFFAOYSA-N	Chemical Probes Portal	canSAR_ID	0	7019051
AZBRPAQQOMDJLZ-UHFFFAOYSA-N	Chemical Probes Portal	url	0	https://www.chemicalprobes.org/hcaii-degrader-11
AWNXKZVIZARMME-UHFFFAOYSA-N	Chemical Probes Portal	rating_in_cell	0	3.5
AWNXKZVIZARMME-UHFFFAOYSA-N	Chemical Probes Portal	rating_in_organism	0	0
AWNXKZVIZARMME-UHFFFAOYSA-N	Chemical Probes Portal	rating_count	0	2
AWNXKZVIZARMME-UHFFFAOYSA-N	Chemical Probes Portal	unsuitable	0	No
AWNXKZVIZARMME-UHFFFAOYSA-N	Chemical Probes Portal	pains	0	No
AWNXKZVIZARMME-UHFFFAOYSA-N	Chemical Probes Portal	toxicophore	0	Yes
AWNXKZVIZARMME-UHFFFAOYSA-N	Chemical Probes Portal	published_date	0	2024-10-17
AWNXKZVIZARMME-UHFFFAOYSA-N	Chemical Probes Portal	canSAR_ID	0	311842
AWNXKZVIZARMME-UHFFFAOYSA-N	Chemical Probes Portal	url	0	https://www.chemicalprobes.org/vps34-in-1
FSZPIAXLCCQFCM-FCQUAONHSA-N	Chemical Probes Portal	rating_in_cell	0	3
FSZPIAXLCCQFCM-FCQUAONHSA-N	Chemical Probes Portal	rating_in_organism	0	4
FSZPIAXLCCQFCM-FCQUAONHSA-N	Chemical Probes Portal	rating_count	0	3
FSZPIAXLCCQFCM-FCQUAONHSA-N	Chemical Probes Portal	unsuitable	0	No
FSZPIAXLCCQFCM-FCQUAONHSA-N	Chemical Probes Portal	pains	0	No
FSZPIAXLCCQFCM-FCQUAONHSA-N	Chemical Probes Portal	toxicophore	0	Yes
FSZPIAXLCCQFCM-FCQUAONHSA-N	Chemical Probes Portal	published_date	0	2015-12-10
FSZPIAXLCCQFCM-FCQUAONHSA-N	Chemical Probes Portal	canSAR_ID	0	326840
FSZPIAXLCCQFCM-FCQUAONHSA-N	Chemical Probes Portal	url	0	https://www.chemicalprobes.org/bix-02188
UZANYRRVDZSQGV-UHFFFAOYSA-N	Chemical Probes Portal	rating_in_cell	0	3
UZANYRRVDZSQGV-UHFFFAOYSA-N	Chemical Probes Portal	rating_in_organism	0	0
UZANYRRVDZSQGV-UHFFFAOYSA-N	Chemical Probes Portal	rating_count	0	1
UZANYRRVDZSQGV-UHFFFAOYSA-N	Chemical Probes Portal	unsuitable	0	No
UZANYRRVDZSQGV-UHFFFAOYSA-N	Chemical Probes Portal	pains	0	No
UZANYRRVDZSQGV-UHFFFAOYSA-N	Chemical Probes Portal	toxicophore	0	No
UZANYRRVDZSQGV-UHFFFAOYSA-N	Chemical Probes Portal	published_date	0	2024-12-12
UZANYRRVDZSQGV-UHFFFAOYSA-N	Chemical Probes Portal	canSAR_ID	0	1821612
UZANYRRVDZSQGV-UHFFFAOYSA-N	Chemical Probes Portal	url	0	https://www.chemicalprobes.org/gsk902056a
YBMGNDPBARCLFT-UHFFFAOYSA-N	Chemical Probes Portal	rating_in_cell	0	3
YBMGNDPBARCLFT-UHFFFAOYSA-N	Chemical Probes Portal	rating_in_organism	0	0
YBMGNDPBARCLFT-UHFFFAOYSA-N	Chemical Probes Portal	rating_count	0	1
YBMGNDPBARCLFT-UHFFFAOYSA-N	Chemical Probes Portal	unsuitable	0	No
YBMGNDPBARCLFT-UHFFFAOYSA-N	Chemical Probes Portal	pains	0	No
YBMGNDPBARCLFT-UHFFFAOYSA-N	Chemical Probes Portal	toxicophore	0	No
YBMGNDPBARCLFT-UHFFFAOYSA-N	Chemical Probes Portal	published_date	0	2025-03-04
YBMGNDPBARCLFT-UHFFFAOYSA-N	Chemical Probes Portal	canSAR_ID	0	420608
YBMGNDPBARCLFT-UHFFFAOYSA-N	Chemical Probes Portal	url	0	https://www.chemicalprobes.org/ucph-101
GEPYBHCJBORHCE-SFHVURJKSA-N	Chemical Probes Portal	rating_in_cell	0	3.3333333333333335
GEPYBHCJBORHCE-SFHVURJKSA-N	Chemical Probes Portal	rating_in_organism	0	0
GEPYBHCJBORHCE-SFHVURJKSA-N	Chemical Probes Portal	rating_count	0	3
GEPYBHCJBORHCE-SFHVURJKSA-N	Chemical Probes Portal	unsuitable	0	No
GEPYBHCJBORHCE-SFHVURJKSA-N	Chemical Probes Portal	pains	0	No
GEPYBHCJBORHCE-SFHVURJKSA-N	Chemical Probes Portal	toxicophore	0	No
GEPYBHCJBORHCE-SFHVURJKSA-N	Chemical Probes Portal	published_date	0	2015-11-03
GEPYBHCJBORHCE-SFHVURJKSA-N	Chemical Probes Portal	canSAR_ID	0	767103
GEPYBHCJBORHCE-SFHVURJKSA-N	Chemical Probes Portal	url	0	https://www.chemicalprobes.org/sgc-cbp30
YTGYWPTWNBGCLG-UHFFFAOYSA-N	Chemical Probes Portal	rating_in_cell	0	3
YTGYWPTWNBGCLG-UHFFFAOYSA-N	Chemical Probes Portal	rating_in_organism	0	0
YTGYWPTWNBGCLG-UHFFFAOYSA-N	Chemical Probes Portal	rating_count	0	1
YTGYWPTWNBGCLG-UHFFFAOYSA-N	Chemical Probes Portal	unsuitable	0	No
YTGYWPTWNBGCLG-UHFFFAOYSA-N	Chemical Probes Portal	pains	0	No
YTGYWPTWNBGCLG-UHFFFAOYSA-N	Chemical Probes Portal	toxicophore	0	No
YTGYWPTWNBGCLG-UHFFFAOYSA-N	Chemical Probes Portal	published_date	0	2025-01-21
YTGYWPTWNBGCLG-UHFFFAOYSA-N	Chemical Probes Portal	canSAR_ID	0	1478198
YTGYWPTWNBGCLG-UHFFFAOYSA-N	Chemical Probes Portal	url	0	https://www.chemicalprobes.org/zinc4511851
CCAWRGNYALGPQH-UHFFFAOYSA-N	Chemical Probes Portal	rating_in_cell	0	2
CCAWRGNYALGPQH-UHFFFAOYSA-N	Chemical Probes Portal	rating_in_organism	0	1
CCAWRGNYALGPQH-UHFFFAOYSA-N	Chemical Probes Portal	rating_count	0	3
CCAWRGNYALGPQH-UHFFFAOYSA-N	Chemical Probes Portal	unsuitable	0	No
CCAWRGNYALGPQH-UHFFFAOYSA-N	Chemical Probes Portal	pains	0	No
CCAWRGNYALGPQH-UHFFFAOYSA-N	Chemical Probes Portal	toxicophore	0	No
CCAWRGNYALGPQH-UHFFFAOYSA-N	Chemical Probes Portal	published_date	0	2017-03-14
CCAWRGNYALGPQH-UHFFFAOYSA-N	Chemical Probes Portal	canSAR_ID	0	466009
CCAWRGNYALGPQH-UHFFFAOYSA-N	Chemical Probes Portal	url	0	https://www.chemicalprobes.org/agi-6780
JCKGSPAAPQRPBW-OAQYLSRUSA-N	Chemical Probes Portal	rating_in_cell	0	4
JCKGSPAAPQRPBW-OAQYLSRUSA-N	Chemical Probes Portal	rating_in_organism	0	0
JCKGSPAAPQRPBW-OAQYLSRUSA-N	Chemical Probes Portal	rating_count	0	3
JCKGSPAAPQRPBW-OAQYLSRUSA-N	Chemical Probes Portal	unsuitable	0	No
JCKGSPAAPQRPBW-OAQYLSRUSA-N	Chemical Probes Portal	pains	0	No
JCKGSPAAPQRPBW-OAQYLSRUSA-N	Chemical Probes Portal	toxicophore	0	No
JCKGSPAAPQRPBW-OAQYLSRUSA-N	Chemical Probes Portal	published_date	0	2015-10-02
JCKGSPAAPQRPBW-OAQYLSRUSA-N	Chemical Probes Portal	canSAR_ID	0	623531
JCKGSPAAPQRPBW-OAQYLSRUSA-N	Chemical Probes Portal	url	0	https://www.chemicalprobes.org/r-pfi-2
BJFSUDWKXGMUKA-UHFFFAOYSA-N	Chemical Probes Portal	rating_in_cell	0	3
BJFSUDWKXGMUKA-UHFFFAOYSA-N	Chemical Probes Portal	rating_in_organism	0	3
BJFSUDWKXGMUKA-UHFFFAOYSA-N	Chemical Probes Portal	rating_count	0	3
BJFSUDWKXGMUKA-UHFFFAOYSA-N	Chemical Probes Portal	unsuitable	0	No
BJFSUDWKXGMUKA-UHFFFAOYSA-N	Chemical Probes Portal	pains	0	No
BJFSUDWKXGMUKA-UHFFFAOYSA-N	Chemical Probes Portal	toxicophore	0	No
BJFSUDWKXGMUKA-UHFFFAOYSA-N	Chemical Probes Portal	published_date	0	2016-07-29
BJFSUDWKXGMUKA-UHFFFAOYSA-N	Chemical Probes Portal	canSAR_ID	0	1780473
BJFSUDWKXGMUKA-UHFFFAOYSA-N	Chemical Probes Portal	url	0	https://www.chemicalprobes.org/bi-9564
RNAMYOYQYRYFQY-UHFFFAOYSA-N	Chemical Probes Portal	rating_in_cell	0	4
RNAMYOYQYRYFQY-UHFFFAOYSA-N	Chemical Probes Portal	rating_in_organism	0	2.6666666666666665
RNAMYOYQYRYFQY-UHFFFAOYSA-N	Chemical Probes Portal	rating_count	0	3
RNAMYOYQYRYFQY-UHFFFAOYSA-N	Chemical Probes Portal	unsuitable	0	No
RNAMYOYQYRYFQY-UHFFFAOYSA-N	Chemical Probes Portal	pains	0	No
RNAMYOYQYRYFQY-UHFFFAOYSA-N	Chemical Probes Portal	toxicophore	0	No
RNAMYOYQYRYFQY-UHFFFAOYSA-N	Chemical Probes Portal	published_date	0	2016-08-08
RNAMYOYQYRYFQY-UHFFFAOYSA-N	Chemical Probes Portal	canSAR_ID	0	878306
RNAMYOYQYRYFQY-UHFFFAOYSA-N	Chemical Probes Portal	url	0	https://www.chemicalprobes.org/unc0642
QOECJCJVIMVJGX-UHFFFAOYSA-N	Chemical Probes Portal	rating_in_cell	0	2.75
QOECJCJVIMVJGX-UHFFFAOYSA-N	Chemical Probes Portal	rating_in_organism	0	3
QOECJCJVIMVJGX-UHFFFAOYSA-N	Chemical Probes Portal	rating_count	0	4
QOECJCJVIMVJGX-UHFFFAOYSA-N	Chemical Probes Portal	unsuitable	0	No
QOECJCJVIMVJGX-UHFFFAOYSA-N	Chemical Probes Portal	pains	0	No
QOECJCJVIMVJGX-UHFFFAOYSA-N	Chemical Probes Portal	toxicophore	0	No
QOECJCJVIMVJGX-UHFFFAOYSA-N	Chemical Probes Portal	published_date	0	2015-10-02
QOECJCJVIMVJGX-UHFFFAOYSA-N	Chemical Probes Portal	canSAR_ID	0	727620
QOECJCJVIMVJGX-UHFFFAOYSA-N	Chemical Probes Portal	url	0	https://www.chemicalprobes.org/unc0638
DPJNKUOXBZSZAI-UHFFFAOYSA-N	Chemical Probes Portal	rating_in_cell	0	3.3333333333333335
DPJNKUOXBZSZAI-UHFFFAOYSA-N	Chemical Probes Portal	rating_in_organism	0	2
DPJNKUOXBZSZAI-UHFFFAOYSA-N	Chemical Probes Portal	rating_count	0	3
DPJNKUOXBZSZAI-UHFFFAOYSA-N	Chemical Probes Portal	unsuitable	0	No
DPJNKUOXBZSZAI-UHFFFAOYSA-N	Chemical Probes Portal	pains	0	No
DPJNKUOXBZSZAI-UHFFFAOYSA-N	Chemical Probes Portal	toxicophore	0	No
DPJNKUOXBZSZAI-UHFFFAOYSA-N	Chemical Probes Portal	published_date	0	2015-10-02
DPJNKUOXBZSZAI-UHFFFAOYSA-N	Chemical Probes Portal	canSAR_ID	0	873612
DPJNKUOXBZSZAI-UHFFFAOYSA-N	Chemical Probes Portal	url	0	https://www.chemicalprobes.org/unc1999
WBKCKEHGXNWYMO-UHFFFAOYSA-N	Chemical Probes Portal	rating_in_cell	0	3.3333333333333335
WBKCKEHGXNWYMO-UHFFFAOYSA-N	Chemical Probes Portal	rating_in_organism	0	3
WBKCKEHGXNWYMO-UHFFFAOYSA-N	Chemical Probes Portal	rating_count	0	3
WBKCKEHGXNWYMO-UHFFFAOYSA-N	Chemical Probes Portal	unsuitable	0	No
WBKCKEHGXNWYMO-UHFFFAOYSA-N	Chemical Probes Portal	pains	0	No
WBKCKEHGXNWYMO-UHFFFAOYSA-N	Chemical Probes Portal	toxicophore	0	No
WBKCKEHGXNWYMO-UHFFFAOYSA-N	Chemical Probes Portal	published_date	0	2015-11-04
WBKCKEHGXNWYMO-UHFFFAOYSA-N	Chemical Probes Portal	canSAR_ID	0	387221
WBKCKEHGXNWYMO-UHFFFAOYSA-N	Chemical Probes Portal	url	0	https://www.chemicalprobes.org/gsk-j4
BKCDJTRMYWSXMC-UHFFFAOYSA-N	Chemical Probes Portal	rating_in_cell	0	4
BKCDJTRMYWSXMC-UHFFFAOYSA-N	Chemical Probes Portal	rating_in_organism	0	2.5
BKCDJTRMYWSXMC-UHFFFAOYSA-N	Chemical Probes Portal	rating_count	0	3
BKCDJTRMYWSXMC-UHFFFAOYSA-N	Chemical Probes Portal	unsuitable	0	No
BKCDJTRMYWSXMC-UHFFFAOYSA-N	Chemical Probes Portal	pains	0	No
BKCDJTRMYWSXMC-UHFFFAOYSA-N	Chemical Probes Portal	toxicophore	0	No
BKCDJTRMYWSXMC-UHFFFAOYSA-N	Chemical Probes Portal	published_date	0	2015-10-02
BKCDJTRMYWSXMC-UHFFFAOYSA-N	Chemical Probes Portal	canSAR_ID	0	1550951
BKCDJTRMYWSXMC-UHFFFAOYSA-N	Chemical Probes Portal	url	0	https://www.chemicalprobes.org/a-366
TWKYXZSXXXKKJU-FQEVSTJZSA-N	Chemical Probes Portal	rating_in_cell	0	3.3333333333333335
TWKYXZSXXXKKJU-FQEVSTJZSA-N	Chemical Probes Portal	rating_in_organism	0	4
TWKYXZSXXXKKJU-FQEVSTJZSA-N	Chemical Probes Portal	rating_count	0	3
TWKYXZSXXXKKJU-FQEVSTJZSA-N	Chemical Probes Portal	unsuitable	0	No
TWKYXZSXXXKKJU-FQEVSTJZSA-N	Chemical Probes Portal	pains	0	No
TWKYXZSXXXKKJU-FQEVSTJZSA-N	Chemical Probes Portal	toxicophore	0	No
TWKYXZSXXXKKJU-FQEVSTJZSA-N	Chemical Probes Portal	published_date	0	2016-01-25
TWKYXZSXXXKKJU-FQEVSTJZSA-N	Chemical Probes Portal	canSAR_ID	0	2849142
TWKYXZSXXXKKJU-FQEVSTJZSA-N	Chemical Probes Portal	url	0	https://www.chemicalprobes.org/gsk591
OTTJIRVZJJGFTK-SFHVURJKSA-N	Chemical Probes Portal	rating_in_cell	0	4
OTTJIRVZJJGFTK-SFHVURJKSA-N	Chemical Probes Portal	rating_in_organism	0	4
OTTJIRVZJJGFTK-SFHVURJKSA-N	Chemical Probes Portal	rating_count	0	3
OTTJIRVZJJGFTK-SFHVURJKSA-N	Chemical Probes Portal	unsuitable	0	No
OTTJIRVZJJGFTK-SFHVURJKSA-N	Chemical Probes Portal	pains	0	No
OTTJIRVZJJGFTK-SFHVURJKSA-N	Chemical Probes Portal	toxicophore	0	Yes
OTTJIRVZJJGFTK-SFHVURJKSA-N	Chemical Probes Portal	published_date	0	2015-11-09
OTTJIRVZJJGFTK-SFHVURJKSA-N	Chemical Probes Portal	canSAR_ID	0	661904
OTTJIRVZJJGFTK-SFHVURJKSA-N	Chemical Probes Portal	url	0	https://www.chemicalprobes.org/bay-598
ZKXZLIFRWWKZRY-KRWDZBQOSA-N	Chemical Probes Portal	rating_in_cell	0	4
ZKXZLIFRWWKZRY-KRWDZBQOSA-N	Chemical Probes Portal	rating_in_organism	0	4
ZKXZLIFRWWKZRY-KRWDZBQOSA-N	Chemical Probes Portal	rating_count	0	3
ZKXZLIFRWWKZRY-KRWDZBQOSA-N	Chemical Probes Portal	unsuitable	0	No
ZKXZLIFRWWKZRY-KRWDZBQOSA-N	Chemical Probes Portal	pains	0	No
ZKXZLIFRWWKZRY-KRWDZBQOSA-N	Chemical Probes Portal	toxicophore	0	No
ZKXZLIFRWWKZRY-KRWDZBQOSA-N	Chemical Probes Portal	published_date	0	2016-01-25
ZKXZLIFRWWKZRY-KRWDZBQOSA-N	Chemical Probes Portal	canSAR_ID	0	135764
ZKXZLIFRWWKZRY-KRWDZBQOSA-N	Chemical Probes Portal	url	0	https://www.chemicalprobes.org/epz015666
ABGOSOMRWSYAOB-UHFFFAOYSA-N	Chemical Probes Portal	rating_in_cell	0	4
ABGOSOMRWSYAOB-UHFFFAOYSA-N	Chemical Probes Portal	rating_in_organism	0	3
ABGOSOMRWSYAOB-UHFFFAOYSA-N	Chemical Probes Portal	rating_count	0	3
ABGOSOMRWSYAOB-UHFFFAOYSA-N	Chemical Probes Portal	unsuitable	0	No
ABGOSOMRWSYAOB-UHFFFAOYSA-N	Chemical Probes Portal	pains	0	No
ABGOSOMRWSYAOB-UHFFFAOYSA-N	Chemical Probes Portal	toxicophore	0	No
ABGOSOMRWSYAOB-UHFFFAOYSA-N	Chemical Probes Portal	published_date	0	2015-11-09
ABGOSOMRWSYAOB-UHFFFAOYSA-N	Chemical Probes Portal	canSAR_ID	0	2972225
ABGOSOMRWSYAOB-UHFFFAOYSA-N	Chemical Probes Portal	url	0	https://www.chemicalprobes.org/a-196
PSOXOVKYGWBTPB-UHFFFAOYSA-N	Chemical Probes Portal	rating_in_cell	0	0
PSOXOVKYGWBTPB-UHFFFAOYSA-N	Chemical Probes Portal	rating_in_organism	0	0
PSOXOVKYGWBTPB-UHFFFAOYSA-N	Chemical Probes Portal	rating_count	0	0
PSOXOVKYGWBTPB-UHFFFAOYSA-N	Chemical Probes Portal	unsuitable	0	No
PSOXOVKYGWBTPB-UHFFFAOYSA-N	Chemical Probes Portal	pains	0	No
PSOXOVKYGWBTPB-UHFFFAOYSA-N	Chemical Probes Portal	toxicophore	0	No
PSOXOVKYGWBTPB-UHFFFAOYSA-N	Chemical Probes Portal	published_date	0	2017-07-27
PSOXOVKYGWBTPB-UHFFFAOYSA-N	Chemical Probes Portal	canSAR_ID	0	820132
PSOXOVKYGWBTPB-UHFFFAOYSA-N	Chemical Probes Portal	url	0	https://www.chemicalprobes.org/gsk2033
MPUQHZXIXSTTDU-QXGSTGNESA-N	Chemical Probes Portal	rating_in_cell	0	3
MPUQHZXIXSTTDU-QXGSTGNESA-N	Chemical Probes Portal	rating_in_organism	0	3
MPUQHZXIXSTTDU-QXGSTGNESA-N	Chemical Probes Portal	rating_count	0	3
MPUQHZXIXSTTDU-QXGSTGNESA-N	Chemical Probes Portal	unsuitable	0	No
MPUQHZXIXSTTDU-QXGSTGNESA-N	Chemical Probes Portal	pains	0	Yes
MPUQHZXIXSTTDU-QXGSTGNESA-N	Chemical Probes Portal	toxicophore	0	No
MPUQHZXIXSTTDU-QXGSTGNESA-N	Chemical Probes Portal	published_date	0	2017-06-06
MPUQHZXIXSTTDU-QXGSTGNESA-N	Chemical Probes Portal	canSAR_ID	0	353731
MPUQHZXIXSTTDU-QXGSTGNESA-N	Chemical Probes Portal	url	0	https://www.chemicalprobes.org/pevonedistat
DYIRSNMPIZZNBK-UHFFFAOYSA-N	Chemical Probes Portal	rating_in_cell	0	3.75
DYIRSNMPIZZNBK-UHFFFAOYSA-N	Chemical Probes Portal	rating_in_organism	0	3.6666666666666665
DYIRSNMPIZZNBK-UHFFFAOYSA-N	Chemical Probes Portal	rating_count	0	4
DYIRSNMPIZZNBK-UHFFFAOYSA-N	Chemical Probes Portal	unsuitable	0	No
DYIRSNMPIZZNBK-UHFFFAOYSA-N	Chemical Probes Portal	pains	0	No
DYIRSNMPIZZNBK-UHFFFAOYSA-N	Chemical Probes Portal	toxicophore	0	No
DYIRSNMPIZZNBK-UHFFFAOYSA-N	Chemical Probes Portal	published_date	0	2017-03-30
DYIRSNMPIZZNBK-UHFFFAOYSA-N	Chemical Probes Portal	canSAR_ID	0	1783947
DYIRSNMPIZZNBK-UHFFFAOYSA-N	Chemical Probes Portal	url	0	https://www.chemicalprobes.org/eed226
DRLCSJFKKILATL-YWCVFVGNSA-N	Chemical Probes Portal	rating_in_cell	0	4
DRLCSJFKKILATL-YWCVFVGNSA-N	Chemical Probes Portal	rating_in_organism	0	3.6666666666666665
DRLCSJFKKILATL-YWCVFVGNSA-N	Chemical Probes Portal	rating_count	0	3
DRLCSJFKKILATL-YWCVFVGNSA-N	Chemical Probes Portal	unsuitable	0	No
DRLCSJFKKILATL-YWCVFVGNSA-N	Chemical Probes Portal	pains	0	No
DRLCSJFKKILATL-YWCVFVGNSA-N	Chemical Probes Portal	toxicophore	0	No
DRLCSJFKKILATL-YWCVFVGNSA-N	Chemical Probes Portal	published_date	0	2017-06-06
DRLCSJFKKILATL-YWCVFVGNSA-N	Chemical Probes Portal	canSAR_ID	0	738542
DRLCSJFKKILATL-YWCVFVGNSA-N	Chemical Probes Portal	url	0	https://www.chemicalprobes.org/amg232
HXZRMADPDYFMEB-FTTMEYFSSA-N	Chemical Probes Portal	rating_in_cell	0	3
HXZRMADPDYFMEB-FTTMEYFSSA-N	Chemical Probes Portal	rating_in_organism	0	1
HXZRMADPDYFMEB-FTTMEYFSSA-N	Chemical Probes Portal	rating_count	0	3
HXZRMADPDYFMEB-FTTMEYFSSA-N	Chemical Probes Portal	unsuitable	0	No
HXZRMADPDYFMEB-FTTMEYFSSA-N	Chemical Probes Portal	pains	0	No
HXZRMADPDYFMEB-FTTMEYFSSA-N	Chemical Probes Portal	toxicophore	0	Yes
HXZRMADPDYFMEB-FTTMEYFSSA-N	Chemical Probes Portal	published_date	0	2017-06-27
HXZRMADPDYFMEB-FTTMEYFSSA-N	Chemical Probes Portal	canSAR_ID	0	947606
HXZRMADPDYFMEB-FTTMEYFSSA-N	Chemical Probes Portal	url	0	https://www.chemicalprobes.org/bistramide
QFJCIRLUMZQUOT-HPLJOQBZSA-N	Chemical Probes Portal	rating_in_cell	0	3.3333333333333335
QFJCIRLUMZQUOT-HPLJOQBZSA-N	Chemical Probes Portal	rating_in_organism	0	3
QFJCIRLUMZQUOT-HPLJOQBZSA-N	Chemical Probes Portal	rating_count	0	3
QFJCIRLUMZQUOT-HPLJOQBZSA-N	Chemical Probes Portal	unsuitable	0	No
QFJCIRLUMZQUOT-HPLJOQBZSA-N	Chemical Probes Portal	pains	0	No
QFJCIRLUMZQUOT-HPLJOQBZSA-N	Chemical Probes Portal	toxicophore	0	No
QFJCIRLUMZQUOT-HPLJOQBZSA-N	Chemical Probes Portal	published_date	0	2015-12-10
QFJCIRLUMZQUOT-HPLJOQBZSA-N	Chemical Probes Portal	canSAR_ID	0	997103
QFJCIRLUMZQUOT-HPLJOQBZSA-N	Chemical Probes Portal	url	0	https://www.chemicalprobes.org/rapamycin
ZDNGJXBUEQNFBQ-GCJKJVERSA-N	Chemical Probes Portal	rating_in_cell	0	3.3333333333333335
ZDNGJXBUEQNFBQ-GCJKJVERSA-N	Chemical Probes Portal	rating_in_organism	0	3.5
ZDNGJXBUEQNFBQ-GCJKJVERSA-N	Chemical Probes Portal	rating_count	0	3
ZDNGJXBUEQNFBQ-GCJKJVERSA-N	Chemical Probes Portal	unsuitable	0	No
ZDNGJXBUEQNFBQ-GCJKJVERSA-N	Chemical Probes Portal	pains	0	No
ZDNGJXBUEQNFBQ-GCJKJVERSA-N	Chemical Probes Portal	toxicophore	0	No
ZDNGJXBUEQNFBQ-GCJKJVERSA-N	Chemical Probes Portal	published_date	0	2017-06-01
ZDNGJXBUEQNFBQ-GCJKJVERSA-N	Chemical Probes Portal	canSAR_ID	0	805747
ZDNGJXBUEQNFBQ-GCJKJVERSA-N	Chemical Probes Portal	url	0	https://www.chemicalprobes.org/ki-696
QJJXYPPXXYFBGM-LFZNUXCKSA-N	Chemical Probes Portal	rating_in_cell	0	3.5
QJJXYPPXXYFBGM-LFZNUXCKSA-N	Chemical Probes Portal	rating_in_organism	0	3.5
QJJXYPPXXYFBGM-LFZNUXCKSA-N	Chemical Probes Portal	rating_count	0	2
QJJXYPPXXYFBGM-LFZNUXCKSA-N	Chemical Probes Portal	unsuitable	0	No
QJJXYPPXXYFBGM-LFZNUXCKSA-N	Chemical Probes Portal	pains	0	No
QJJXYPPXXYFBGM-LFZNUXCKSA-N	Chemical Probes Portal	toxicophore	0	No
QJJXYPPXXYFBGM-LFZNUXCKSA-N	Chemical Probes Portal	published_date	0	2021-02-04
QJJXYPPXXYFBGM-LFZNUXCKSA-N	Chemical Probes Portal	canSAR_ID	0	979085
QJJXYPPXXYFBGM-LFZNUXCKSA-N	Chemical Probes Portal	url	0	https://www.chemicalprobes.org/tacrolimus
YKNAKDFZAWQEEO-IBGZPJMESA-N	Chemical Probes Portal	rating_in_cell	0	3
YKNAKDFZAWQEEO-IBGZPJMESA-N	Chemical Probes Portal	rating_in_organism	0	2
YKNAKDFZAWQEEO-IBGZPJMESA-N	Chemical Probes Portal	rating_count	0	3
YKNAKDFZAWQEEO-IBGZPJMESA-N	Chemical Probes Portal	unsuitable	0	No
YKNAKDFZAWQEEO-IBGZPJMESA-N	Chemical Probes Portal	pains	0	No
YKNAKDFZAWQEEO-IBGZPJMESA-N	Chemical Probes Portal	toxicophore	0	No
YKNAKDFZAWQEEO-IBGZPJMESA-N	Chemical Probes Portal	published_date	0	2015-11-03
YKNAKDFZAWQEEO-IBGZPJMESA-N	Chemical Probes Portal	canSAR_ID	0	689769
YKNAKDFZAWQEEO-IBGZPJMESA-N	Chemical Probes Portal	url	0	https://www.chemicalprobes.org/i-cbp112
QJZRFPJCWMNVAV-HHHXNRCGSA-N	Chemical Probes Portal	rating_in_cell	0	0
QJZRFPJCWMNVAV-HHHXNRCGSA-N	Chemical Probes Portal	rating_in_organism	0	0
QJZRFPJCWMNVAV-HHHXNRCGSA-N	Chemical Probes Portal	rating_count	0	0
QJZRFPJCWMNVAV-HHHXNRCGSA-N	Chemical Probes Portal	unsuitable	0	No
QJZRFPJCWMNVAV-HHHXNRCGSA-N	Chemical Probes Portal	pains	0	No
QJZRFPJCWMNVAV-HHHXNRCGSA-N	Chemical Probes Portal	toxicophore	0	No
QJZRFPJCWMNVAV-HHHXNRCGSA-N	Chemical Probes Portal	published_date	0	2023-11-03
QJZRFPJCWMNVAV-HHHXNRCGSA-N	Chemical Probes Portal	canSAR_ID	0	716535
QJZRFPJCWMNVAV-HHHXNRCGSA-N	Chemical Probes Portal	url	0	https://www.chemicalprobes.org/ispinesib
JNAHVYVRKWKWKQ-CYBMUJFWSA-N	Chemical Probes Portal	rating_in_cell	0	4
JNAHVYVRKWKWKQ-CYBMUJFWSA-N	Chemical Probes Portal	rating_in_organism	0	4
JNAHVYVRKWKWKQ-CYBMUJFWSA-N	Chemical Probes Portal	rating_count	0	3
JNAHVYVRKWKWKQ-CYBMUJFWSA-N	Chemical Probes Portal	unsuitable	0	No
JNAHVYVRKWKWKQ-CYBMUJFWSA-N	Chemical Probes Portal	pains	0	No
JNAHVYVRKWKWKQ-CYBMUJFWSA-N	Chemical Probes Portal	toxicophore	0	No
JNAHVYVRKWKWKQ-CYBMUJFWSA-N	Chemical Probes Portal	published_date	0	2016-07-29
JNAHVYVRKWKWKQ-CYBMUJFWSA-N	Chemical Probes Portal	canSAR_ID	0	1081646
JNAHVYVRKWKWKQ-CYBMUJFWSA-N	Chemical Probes Portal	url	0	https://www.chemicalprobes.org/veliparib
FDLYAMZZIXQODN-UHFFFAOYSA-N	Chemical Probes Portal	rating_in_cell	0	3
FDLYAMZZIXQODN-UHFFFAOYSA-N	Chemical Probes Portal	rating_in_organism	0	3
FDLYAMZZIXQODN-UHFFFAOYSA-N	Chemical Probes Portal	rating_count	0	3
FDLYAMZZIXQODN-UHFFFAOYSA-N	Chemical Probes Portal	unsuitable	0	No
FDLYAMZZIXQODN-UHFFFAOYSA-N	Chemical Probes Portal	pains	0	No
FDLYAMZZIXQODN-UHFFFAOYSA-N	Chemical Probes Portal	toxicophore	0	No
FDLYAMZZIXQODN-UHFFFAOYSA-N	Chemical Probes Portal	published_date	0	2016-07-29
FDLYAMZZIXQODN-UHFFFAOYSA-N	Chemical Probes Portal	canSAR_ID	0	422599
FDLYAMZZIXQODN-UHFFFAOYSA-N	Chemical Probes Portal	url	0	https://www.chemicalprobes.org/olaparib
PCHKPVIQAHNQLW-CQSZACIVSA-N	Chemical Probes Portal	rating_in_cell	0	4
PCHKPVIQAHNQLW-CQSZACIVSA-N	Chemical Probes Portal	rating_in_organism	0	3.6666666666666665
PCHKPVIQAHNQLW-CQSZACIVSA-N	Chemical Probes Portal	rating_count	0	3
PCHKPVIQAHNQLW-CQSZACIVSA-N	Chemical Probes Portal	unsuitable	0	No
PCHKPVIQAHNQLW-CQSZACIVSA-N	Chemical Probes Portal	pains	0	No
PCHKPVIQAHNQLW-CQSZACIVSA-N	Chemical Probes Portal	toxicophore	0	No
PCHKPVIQAHNQLW-CQSZACIVSA-N	Chemical Probes Portal	published_date	0	2016-07-29
PCHKPVIQAHNQLW-CQSZACIVSA-N	Chemical Probes Portal	canSAR_ID	0	1512158
PCHKPVIQAHNQLW-CQSZACIVSA-N	Chemical Probes Portal	url	0	https://www.chemicalprobes.org/niraparib
ULXXDDBFHOBEHA-CWDCEQMOSA-N	Chemical Probes Portal	rating_in_cell	0	2.6666666666666665
ULXXDDBFHOBEHA-CWDCEQMOSA-N	Chemical Probes Portal	rating_in_organism	0	3.3333333333333335
ULXXDDBFHOBEHA-CWDCEQMOSA-N	Chemical Probes Portal	rating_count	0	3
ULXXDDBFHOBEHA-CWDCEQMOSA-N	Chemical Probes Portal	unsuitable	0	No
ULXXDDBFHOBEHA-CWDCEQMOSA-N	Chemical Probes Portal	pains	0	No
ULXXDDBFHOBEHA-CWDCEQMOSA-N	Chemical Probes Portal	toxicophore	0	Yes
ULXXDDBFHOBEHA-CWDCEQMOSA-N	Chemical Probes Portal	published_date	0	2015-12-10
ULXXDDBFHOBEHA-CWDCEQMOSA-N	Chemical Probes Portal	canSAR_ID	0	576596
ULXXDDBFHOBEHA-CWDCEQMOSA-N	Chemical Probes Portal	url	0	https://www.chemicalprobes.org/afatinib
KXBDTLQSDKGAEB-UHFFFAOYSA-N	Chemical Probes Portal	rating_in_cell	0	2.6666666666666665
KXBDTLQSDKGAEB-UHFFFAOYSA-N	Chemical Probes Portal	rating_in_organism	0	3.5
KXBDTLQSDKGAEB-UHFFFAOYSA-N	Chemical Probes Portal	rating_count	0	3
KXBDTLQSDKGAEB-UHFFFAOYSA-N	Chemical Probes Portal	unsuitable	0	No
KXBDTLQSDKGAEB-UHFFFAOYSA-N	Chemical Probes Portal	pains	0	No
KXBDTLQSDKGAEB-UHFFFAOYSA-N	Chemical Probes Portal	toxicophore	0	Yes
KXBDTLQSDKGAEB-UHFFFAOYSA-N	Chemical Probes Portal	published_date	0	2015-12-10
KXBDTLQSDKGAEB-UHFFFAOYSA-N	Chemical Probes Portal	canSAR_ID	0	388399
KXBDTLQSDKGAEB-UHFFFAOYSA-N	Chemical Probes Portal	url	0	https://www.chemicalprobes.org/avl-292
ZVWPOIUAPXDLMB-UHFFFAOYSA-N	Chemical Probes Portal	rating_in_cell	0	0
ZVWPOIUAPXDLMB-UHFFFAOYSA-N	Chemical Probes Portal	rating_in_organism	0	0
ZVWPOIUAPXDLMB-UHFFFAOYSA-N	Chemical Probes Portal	rating_count	0	0
ZVWPOIUAPXDLMB-UHFFFAOYSA-N	Chemical Probes Portal	unsuitable	0	No
ZVWPOIUAPXDLMB-UHFFFAOYSA-N	Chemical Probes Portal	pains	0	No
ZVWPOIUAPXDLMB-UHFFFAOYSA-N	Chemical Probes Portal	toxicophore	0	No
ZVWPOIUAPXDLMB-UHFFFAOYSA-N	Chemical Probes Portal	published_date	0	2021-03-29
ZVWPOIUAPXDLMB-UHFFFAOYSA-N	Chemical Probes Portal	canSAR_ID	0	3312904
ZVWPOIUAPXDLMB-UHFFFAOYSA-N	Chemical Probes Portal	url	0	https://www.chemicalprobes.org/gt949
LGWDVWIZDPGCFG-UHFFFAOYSA-N	Chemical Probes Portal	rating_in_cell	0	4
LGWDVWIZDPGCFG-UHFFFAOYSA-N	Chemical Probes Portal	rating_in_organism	0	4
LGWDVWIZDPGCFG-UHFFFAOYSA-N	Chemical Probes Portal	rating_count	0	1
LGWDVWIZDPGCFG-UHFFFAOYSA-N	Chemical Probes Portal	unsuitable	0	No
LGWDVWIZDPGCFG-UHFFFAOYSA-N	Chemical Probes Portal	pains	0	No
LGWDVWIZDPGCFG-UHFFFAOYSA-N	Chemical Probes Portal	toxicophore	0	No
LGWDVWIZDPGCFG-UHFFFAOYSA-N	Chemical Probes Portal	published_date	0	2021-04-19
LGWDVWIZDPGCFG-UHFFFAOYSA-N	Chemical Probes Portal	canSAR_ID	0	2982200
LGWDVWIZDPGCFG-UHFFFAOYSA-N	Chemical Probes Portal	url	0	https://www.chemicalprobes.org/pz2891
SQSZANZGUXWJEA-UHFFFAOYSA-N	Chemical Probes Portal	rating_in_cell	0	3
SQSZANZGUXWJEA-UHFFFAOYSA-N	Chemical Probes Portal	rating_in_organism	0	3
SQSZANZGUXWJEA-UHFFFAOYSA-N	Chemical Probes Portal	rating_count	0	3
SQSZANZGUXWJEA-UHFFFAOYSA-N	Chemical Probes Portal	unsuitable	0	No
SQSZANZGUXWJEA-UHFFFAOYSA-N	Chemical Probes Portal	pains	0	No
SQSZANZGUXWJEA-UHFFFAOYSA-N	Chemical Probes Portal	toxicophore	0	No
SQSZANZGUXWJEA-UHFFFAOYSA-N	Chemical Probes Portal	published_date	0	2021-02-17
SQSZANZGUXWJEA-UHFFFAOYSA-N	Chemical Probes Portal	canSAR_ID	0	524939
SQSZANZGUXWJEA-UHFFFAOYSA-N	Chemical Probes Portal	url	0	https://www.chemicalprobes.org/gandotinib
IFWUBRBMMNTBRZ-UHFFFAOYSA-N	Chemical Probes Portal	rating_in_cell	0	3.3333333333333335
IFWUBRBMMNTBRZ-UHFFFAOYSA-N	Chemical Probes Portal	rating_in_organism	0	1
IFWUBRBMMNTBRZ-UHFFFAOYSA-N	Chemical Probes Portal	rating_count	0	3
IFWUBRBMMNTBRZ-UHFFFAOYSA-N	Chemical Probes Portal	unsuitable	0	No
IFWUBRBMMNTBRZ-UHFFFAOYSA-N	Chemical Probes Portal	pains	0	No
IFWUBRBMMNTBRZ-UHFFFAOYSA-N	Chemical Probes Portal	toxicophore	0	No
IFWUBRBMMNTBRZ-UHFFFAOYSA-N	Chemical Probes Portal	published_date	0	2016-10-18
IFWUBRBMMNTBRZ-UHFFFAOYSA-N	Chemical Probes Portal	canSAR_ID	0	671949
IFWUBRBMMNTBRZ-UHFFFAOYSA-N	Chemical Probes Portal	url	0	https://www.chemicalprobes.org/pdd00017273
GMPQGWXPDRNCBL-UHFFFAOYSA-N	Chemical Probes Portal	rating_in_cell	0	3
GMPQGWXPDRNCBL-UHFFFAOYSA-N	Chemical Probes Portal	rating_in_organism	0	3
GMPQGWXPDRNCBL-UHFFFAOYSA-N	Chemical Probes Portal	rating_count	0	4
GMPQGWXPDRNCBL-UHFFFAOYSA-N	Chemical Probes Portal	unsuitable	0	No
GMPQGWXPDRNCBL-UHFFFAOYSA-N	Chemical Probes Portal	pains	0	No
GMPQGWXPDRNCBL-UHFFFAOYSA-N	Chemical Probes Portal	toxicophore	0	No
GMPQGWXPDRNCBL-UHFFFAOYSA-N	Chemical Probes Portal	published_date	0	2017-02-23
GMPQGWXPDRNCBL-UHFFFAOYSA-N	Chemical Probes Portal	canSAR_ID	0	746858
GMPQGWXPDRNCBL-UHFFFAOYSA-N	Chemical Probes Portal	url	0	https://www.chemicalprobes.org/ecf506
CYOHGALHFOKKQC-UHFFFAOYSA-N	Chemical Probes Portal	rating_in_cell	0	3.3333333333333335
CYOHGALHFOKKQC-UHFFFAOYSA-N	Chemical Probes Portal	rating_in_organism	0	3
CYOHGALHFOKKQC-UHFFFAOYSA-N	Chemical Probes Portal	rating_count	0	3
CYOHGALHFOKKQC-UHFFFAOYSA-N	Chemical Probes Portal	unsuitable	0	No
CYOHGALHFOKKQC-UHFFFAOYSA-N	Chemical Probes Portal	pains	0	No
CYOHGALHFOKKQC-UHFFFAOYSA-N	Chemical Probes Portal	toxicophore	0	No
CYOHGALHFOKKQC-UHFFFAOYSA-N	Chemical Probes Portal	published_date	0	2015-12-10
CYOHGALHFOKKQC-UHFFFAOYSA-N	Chemical Probes Portal	canSAR_ID	0	1897397
CYOHGALHFOKKQC-UHFFFAOYSA-N	Chemical Probes Portal	url	0	https://www.chemicalprobes.org/selumetinib
REVJNSVNICWODC-KIDMSAQOSA-N	Chemical Probes Portal	rating_in_cell	0	3.6666666666666665
REVJNSVNICWODC-KIDMSAQOSA-N	Chemical Probes Portal	rating_in_organism	0	3
REVJNSVNICWODC-KIDMSAQOSA-N	Chemical Probes Portal	rating_count	0	3
REVJNSVNICWODC-KIDMSAQOSA-N	Chemical Probes Portal	unsuitable	0	No
REVJNSVNICWODC-KIDMSAQOSA-N	Chemical Probes Portal	pains	0	Yes
REVJNSVNICWODC-KIDMSAQOSA-N	Chemical Probes Portal	toxicophore	0	No
REVJNSVNICWODC-KIDMSAQOSA-N	Chemical Probes Portal	published_date	0	2017-01-31
REVJNSVNICWODC-KIDMSAQOSA-N	Chemical Probes Portal	canSAR_ID	0	609832
REVJNSVNICWODC-KIDMSAQOSA-N	Chemical Probes Portal	url	0	https://www.chemicalprobes.org/395
NDVQUNZCNAMROD-RZUBCFFCSA-N	Chemical Probes Portal	rating_in_cell	0	3.6666666666666665
NDVQUNZCNAMROD-RZUBCFFCSA-N	Chemical Probes Portal	rating_in_organism	0	0
NDVQUNZCNAMROD-RZUBCFFCSA-N	Chemical Probes Portal	rating_count	0	3
NDVQUNZCNAMROD-RZUBCFFCSA-N	Chemical Probes Portal	unsuitable	0	No
NDVQUNZCNAMROD-RZUBCFFCSA-N	Chemical Probes Portal	pains	0	No
NDVQUNZCNAMROD-RZUBCFFCSA-N	Chemical Probes Portal	toxicophore	0	No
NDVQUNZCNAMROD-RZUBCFFCSA-N	Chemical Probes Portal	published_date	0	2016-11-15
NDVQUNZCNAMROD-RZUBCFFCSA-N	Chemical Probes Portal	canSAR_ID	0	752635
NDVQUNZCNAMROD-RZUBCFFCSA-N	Chemical Probes Portal	url	0	https://www.chemicalprobes.org/vh298
DFBDRVGWBHBJNR-BBNFHIFMSA-N	Chemical Probes Portal	rating_in_cell	0	4
DFBDRVGWBHBJNR-BBNFHIFMSA-N	Chemical Probes Portal	rating_in_organism	0	3.3333333333333335
DFBDRVGWBHBJNR-BBNFHIFMSA-N	Chemical Probes Portal	rating_count	0	3
DFBDRVGWBHBJNR-BBNFHIFMSA-N	Chemical Probes Portal	unsuitable	0	No
DFBDRVGWBHBJNR-BBNFHIFMSA-N	Chemical Probes Portal	pains	0	Yes
DFBDRVGWBHBJNR-BBNFHIFMSA-N	Chemical Probes Portal	toxicophore	0	Yes
DFBDRVGWBHBJNR-BBNFHIFMSA-N	Chemical Probes Portal	published_date	0	2020-12-02
DFBDRVGWBHBJNR-BBNFHIFMSA-N	Chemical Probes Portal	canSAR_ID	0	469255
DFBDRVGWBHBJNR-BBNFHIFMSA-N	Chemical Probes Portal	url	0	https://www.chemicalprobes.org/azd9496
RRZVGDGTWNQAPW-UHFFFAOYSA-N	Chemical Probes Portal	rating_in_cell	0	3
RRZVGDGTWNQAPW-UHFFFAOYSA-N	Chemical Probes Portal	rating_in_organism	0	2
RRZVGDGTWNQAPW-UHFFFAOYSA-N	Chemical Probes Portal	rating_count	0	3
RRZVGDGTWNQAPW-UHFFFAOYSA-N	Chemical Probes Portal	unsuitable	0	No
RRZVGDGTWNQAPW-UHFFFAOYSA-N	Chemical Probes Portal	pains	0	No
RRZVGDGTWNQAPW-UHFFFAOYSA-N	Chemical Probes Portal	toxicophore	0	No
RRZVGDGTWNQAPW-UHFFFAOYSA-N	Chemical Probes Portal	published_date	0	2016-07-29
RRZVGDGTWNQAPW-UHFFFAOYSA-N	Chemical Probes Portal	canSAR_ID	0	1887473
RRZVGDGTWNQAPW-UHFFFAOYSA-N	Chemical Probes Portal	url	0	https://www.chemicalprobes.org/baz2-icr
ITTRLTNMFYIYPA-UHFFFAOYSA-N	Chemical Probes Portal	rating_in_cell	0	3
ITTRLTNMFYIYPA-UHFFFAOYSA-N	Chemical Probes Portal	rating_in_organism	0	3
ITTRLTNMFYIYPA-UHFFFAOYSA-N	Chemical Probes Portal	rating_count	0	3
ITTRLTNMFYIYPA-UHFFFAOYSA-N	Chemical Probes Portal	unsuitable	0	No
ITTRLTNMFYIYPA-UHFFFAOYSA-N	Chemical Probes Portal	pains	0	No
ITTRLTNMFYIYPA-UHFFFAOYSA-N	Chemical Probes Portal	toxicophore	0	Yes
ITTRLTNMFYIYPA-UHFFFAOYSA-N	Chemical Probes Portal	published_date	0	2020-11-25
ITTRLTNMFYIYPA-UHFFFAOYSA-N	Chemical Probes Portal	canSAR_ID	0	633821
ITTRLTNMFYIYPA-UHFFFAOYSA-N	Chemical Probes Portal	url	0	https://www.chemicalprobes.org/wz4002
OIGNJSKKLXVSLS-VWUMJDOOSA-N	Chemical Probes Portal	rating_in_cell	0	1
OIGNJSKKLXVSLS-VWUMJDOOSA-N	Chemical Probes Portal	rating_in_organism	0	0
OIGNJSKKLXVSLS-VWUMJDOOSA-N	Chemical Probes Portal	rating_count	0	1
OIGNJSKKLXVSLS-VWUMJDOOSA-N	Chemical Probes Portal	unsuitable	0	No
OIGNJSKKLXVSLS-VWUMJDOOSA-N	Chemical Probes Portal	pains	0	No
OIGNJSKKLXVSLS-VWUMJDOOSA-N	Chemical Probes Portal	toxicophore	0	Yes
OIGNJSKKLXVSLS-VWUMJDOOSA-N	Chemical Probes Portal	published_date	0	2017-07-20
OIGNJSKKLXVSLS-VWUMJDOOSA-N	Chemical Probes Portal	canSAR_ID	0	1688668
OIGNJSKKLXVSLS-VWUMJDOOSA-N	Chemical Probes Portal	url	0	https://www.chemicalprobes.org/prednisolone
PMQUGSPFUBGJCZ-CHOKWEPUSA-N	Chemical Probes Portal	rating_in_cell	0	4
PMQUGSPFUBGJCZ-CHOKWEPUSA-N	Chemical Probes Portal	rating_in_organism	0	4
PMQUGSPFUBGJCZ-CHOKWEPUSA-N	Chemical Probes Portal	rating_count	0	2
PMQUGSPFUBGJCZ-CHOKWEPUSA-N	Chemical Probes Portal	unsuitable	0	No
PMQUGSPFUBGJCZ-CHOKWEPUSA-N	Chemical Probes Portal	pains	0	No
PMQUGSPFUBGJCZ-CHOKWEPUSA-N	Chemical Probes Portal	toxicophore	0	No
PMQUGSPFUBGJCZ-CHOKWEPUSA-N	Chemical Probes Portal	published_date	0	2021-02-02
PMQUGSPFUBGJCZ-CHOKWEPUSA-N	Chemical Probes Portal	canSAR_ID	0	3164072
PMQUGSPFUBGJCZ-CHOKWEPUSA-N	Chemical Probes Portal	url	0	https://www.chemicalprobes.org/cfi-402257
QKPUKWQKXUUTOK-UHFFFAOYSA-N	Chemical Probes Portal	rating_in_cell	0	2.3333333333333335
QKPUKWQKXUUTOK-UHFFFAOYSA-N	Chemical Probes Portal	rating_in_organism	0	2
QKPUKWQKXUUTOK-UHFFFAOYSA-N	Chemical Probes Portal	rating_count	0	3
QKPUKWQKXUUTOK-UHFFFAOYSA-N	Chemical Probes Portal	unsuitable	0	No
QKPUKWQKXUUTOK-UHFFFAOYSA-N	Chemical Probes Portal	pains	0	No
QKPUKWQKXUUTOK-UHFFFAOYSA-N	Chemical Probes Portal	toxicophore	0	No
QKPUKWQKXUUTOK-UHFFFAOYSA-N	Chemical Probes Portal	published_date	0	2017-05-10
QKPUKWQKXUUTOK-UHFFFAOYSA-N	Chemical Probes Portal	canSAR_ID	0	308448
QKPUKWQKXUUTOK-UHFFFAOYSA-N	Chemical Probes Portal	url	0	https://www.chemicalprobes.org/gpr40ant39
MFYLCAMJNGIULC-KCVUFLITSA-N	Chemical Probes Portal	rating_in_cell	0	3.6666666666666665
MFYLCAMJNGIULC-KCVUFLITSA-N	Chemical Probes Portal	rating_in_organism	0	3.6666666666666665
MFYLCAMJNGIULC-KCVUFLITSA-N	Chemical Probes Portal	rating_count	0	3
MFYLCAMJNGIULC-KCVUFLITSA-N	Chemical Probes Portal	unsuitable	0	No
MFYLCAMJNGIULC-KCVUFLITSA-N	Chemical Probes Portal	pains	0	No
MFYLCAMJNGIULC-KCVUFLITSA-N	Chemical Probes Portal	toxicophore	0	Yes
MFYLCAMJNGIULC-KCVUFLITSA-N	Chemical Probes Portal	published_date	0	2020-07-09
MFYLCAMJNGIULC-KCVUFLITSA-N	Chemical Probes Portal	canSAR_ID	0	2920849
MFYLCAMJNGIULC-KCVUFLITSA-N	Chemical Probes Portal	url	0	https://www.chemicalprobes.org/ab680
PIEQDBPBBQPLPL-UHFFFAOYSA-N	Chemical Probes Portal	rating_in_cell	0	3.5
PIEQDBPBBQPLPL-UHFFFAOYSA-N	Chemical Probes Portal	rating_in_organism	0	3.5
PIEQDBPBBQPLPL-UHFFFAOYSA-N	Chemical Probes Portal	rating_count	0	2
PIEQDBPBBQPLPL-UHFFFAOYSA-N	Chemical Probes Portal	unsuitable	0	No
PIEQDBPBBQPLPL-UHFFFAOYSA-N	Chemical Probes Portal	pains	0	No
PIEQDBPBBQPLPL-UHFFFAOYSA-N	Chemical Probes Portal	toxicophore	0	Yes
PIEQDBPBBQPLPL-UHFFFAOYSA-N	Chemical Probes Portal	published_date	0	2020-06-16
PIEQDBPBBQPLPL-UHFFFAOYSA-N	Chemical Probes Portal	canSAR_ID	0	2913054
PIEQDBPBBQPLPL-UHFFFAOYSA-N	Chemical Probes Portal	url	0	https://www.chemicalprobes.org/do264
UMUQEMHROZVOTF-LJQANCHMSA-N	Chemical Probes Portal	rating_in_cell	0	3
UMUQEMHROZVOTF-LJQANCHMSA-N	Chemical Probes Portal	rating_in_organism	0	3
UMUQEMHROZVOTF-LJQANCHMSA-N	Chemical Probes Portal	rating_count	0	2
UMUQEMHROZVOTF-LJQANCHMSA-N	Chemical Probes Portal	unsuitable	0	No
UMUQEMHROZVOTF-LJQANCHMSA-N	Chemical Probes Portal	pains	0	No
UMUQEMHROZVOTF-LJQANCHMSA-N	Chemical Probes Portal	toxicophore	0	No
UMUQEMHROZVOTF-LJQANCHMSA-N	Chemical Probes Portal	published_date	0	2024-07-16
UMUQEMHROZVOTF-LJQANCHMSA-N	Chemical Probes Portal	canSAR_ID	0	7052943
UMUQEMHROZVOTF-LJQANCHMSA-N	Chemical Probes Portal	url	0	https://www.chemicalprobes.org/nt-0796
BHUZLJOUHMBZQY-YXQOSMAKSA-N	Chemical Probes Portal	rating_in_cell	0	3.3333333333333335
BHUZLJOUHMBZQY-YXQOSMAKSA-N	Chemical Probes Portal	rating_in_organism	0	3
BHUZLJOUHMBZQY-YXQOSMAKSA-N	Chemical Probes Portal	rating_count	0	3
BHUZLJOUHMBZQY-YXQOSMAKSA-N	Chemical Probes Portal	unsuitable	0	No
BHUZLJOUHMBZQY-YXQOSMAKSA-N	Chemical Probes Portal	pains	0	No
BHUZLJOUHMBZQY-YXQOSMAKSA-N	Chemical Probes Portal	toxicophore	0	Yes
BHUZLJOUHMBZQY-YXQOSMAKSA-N	Chemical Probes Portal	published_date	0	2017-04-10
BHUZLJOUHMBZQY-YXQOSMAKSA-N	Chemical Probes Portal	canSAR_ID	0	959554
BHUZLJOUHMBZQY-YXQOSMAKSA-N	Chemical Probes Portal	url	0	https://www.chemicalprobes.org/tubacin
VPQCHIWQHIOPQS-UHFFFAOYSA-N	Chemical Probes Portal	rating_in_cell	0	4
VPQCHIWQHIOPQS-UHFFFAOYSA-N	Chemical Probes Portal	rating_in_organism	0	3.3333333333333335
VPQCHIWQHIOPQS-UHFFFAOYSA-N	Chemical Probes Portal	rating_count	0	3
VPQCHIWQHIOPQS-UHFFFAOYSA-N	Chemical Probes Portal	unsuitable	0	No
VPQCHIWQHIOPQS-UHFFFAOYSA-N	Chemical Probes Portal	pains	0	No
VPQCHIWQHIOPQS-UHFFFAOYSA-N	Chemical Probes Portal	toxicophore	0	Yes
VPQCHIWQHIOPQS-UHFFFAOYSA-N	Chemical Probes Portal	published_date	0	2021-05-25
VPQCHIWQHIOPQS-UHFFFAOYSA-N	Chemical Probes Portal	canSAR_ID	0	3313085
VPQCHIWQHIOPQS-UHFFFAOYSA-N	Chemical Probes Portal	url	0	https://www.chemicalprobes.org/99
HXBRBOYWXDLHDC-UHFFFAOYSA-N	Chemical Probes Portal	rating_in_cell	0	3
HXBRBOYWXDLHDC-UHFFFAOYSA-N	Chemical Probes Portal	rating_in_organism	0	3
HXBRBOYWXDLHDC-UHFFFAOYSA-N	Chemical Probes Portal	rating_count	0	1
HXBRBOYWXDLHDC-UHFFFAOYSA-N	Chemical Probes Portal	unsuitable	0	No
HXBRBOYWXDLHDC-UHFFFAOYSA-N	Chemical Probes Portal	pains	0	No
HXBRBOYWXDLHDC-UHFFFAOYSA-N	Chemical Probes Portal	toxicophore	0	No
HXBRBOYWXDLHDC-UHFFFAOYSA-N	Chemical Probes Portal	published_date	0	2022-02-11
HXBRBOYWXDLHDC-UHFFFAOYSA-N	Chemical Probes Portal	canSAR_ID	0	3450313
HXBRBOYWXDLHDC-UHFFFAOYSA-N	Chemical Probes Portal	url	0	https://www.chemicalprobes.org/borussertib
FQAXDSVNYVVQSE-UHFFFAOYSA-N	Chemical Probes Portal	rating_in_cell	0	4
FQAXDSVNYVVQSE-UHFFFAOYSA-N	Chemical Probes Portal	rating_in_organism	0	4
FQAXDSVNYVVQSE-UHFFFAOYSA-N	Chemical Probes Portal	rating_count	0	1
FQAXDSVNYVVQSE-UHFFFAOYSA-N	Chemical Probes Portal	unsuitable	0	No
FQAXDSVNYVVQSE-UHFFFAOYSA-N	Chemical Probes Portal	pains	0	No
FQAXDSVNYVVQSE-UHFFFAOYSA-N	Chemical Probes Portal	toxicophore	0	No
FQAXDSVNYVVQSE-UHFFFAOYSA-N	Chemical Probes Portal	published_date	0	2021-03-05
FQAXDSVNYVVQSE-UHFFFAOYSA-N	Chemical Probes Portal	canSAR_ID	0	1380420
FQAXDSVNYVVQSE-UHFFFAOYSA-N	Chemical Probes Portal	url	0	https://www.chemicalprobes.org/htl14242
VTFWALACVWFKNO-OCJYXSBASA-N	Chemical Probes Portal	rating_in_cell	0	4
VTFWALACVWFKNO-OCJYXSBASA-N	Chemical Probes Portal	rating_in_organism	0	4
VTFWALACVWFKNO-OCJYXSBASA-N	Chemical Probes Portal	rating_count	0	2
VTFWALACVWFKNO-OCJYXSBASA-N	Chemical Probes Portal	unsuitable	0	No
VTFWALACVWFKNO-OCJYXSBASA-N	Chemical Probes Portal	pains	0	No
VTFWALACVWFKNO-OCJYXSBASA-N	Chemical Probes Portal	toxicophore	0	No
VTFWALACVWFKNO-OCJYXSBASA-N	Chemical Probes Portal	published_date	0	2024-11-15
VTFWALACVWFKNO-OCJYXSBASA-N	Chemical Probes Portal	canSAR_ID	0	7437496
VTFWALACVWFKNO-OCJYXSBASA-N	Chemical Probes Portal	url	0	https://www.chemicalprobes.org/bay2413555
RJTJRVASUFIDQM-UHFFFAOYSA-N	Chemical Probes Portal	rating_in_cell	0	0
RJTJRVASUFIDQM-UHFFFAOYSA-N	Chemical Probes Portal	rating_in_organism	0	0
RJTJRVASUFIDQM-UHFFFAOYSA-N	Chemical Probes Portal	rating_count	0	0
RJTJRVASUFIDQM-UHFFFAOYSA-N	Chemical Probes Portal	unsuitable	0	No
RJTJRVASUFIDQM-UHFFFAOYSA-N	Chemical Probes Portal	pains	0	No
RJTJRVASUFIDQM-UHFFFAOYSA-N	Chemical Probes Portal	toxicophore	0	No
RJTJRVASUFIDQM-UHFFFAOYSA-N	Chemical Probes Portal	published_date	0	2021-12-19
RJTJRVASUFIDQM-UHFFFAOYSA-N	Chemical Probes Portal	canSAR_ID	0	168214
RJTJRVASUFIDQM-UHFFFAOYSA-N	Chemical Probes Portal	url	0	https://www.chemicalprobes.org/msd-m1pam
MDGIEDNDSFMSLP-UHFFFAOYSA-N	Chemical Probes Portal	rating_in_cell	0	3
MDGIEDNDSFMSLP-UHFFFAOYSA-N	Chemical Probes Portal	rating_in_organism	0	3
MDGIEDNDSFMSLP-UHFFFAOYSA-N	Chemical Probes Portal	rating_count	0	1
MDGIEDNDSFMSLP-UHFFFAOYSA-N	Chemical Probes Portal	unsuitable	0	No
MDGIEDNDSFMSLP-UHFFFAOYSA-N	Chemical Probes Portal	pains	0	No
MDGIEDNDSFMSLP-UHFFFAOYSA-N	Chemical Probes Portal	toxicophore	0	No
MDGIEDNDSFMSLP-UHFFFAOYSA-N	Chemical Probes Portal	published_date	0	2020-05-29
MDGIEDNDSFMSLP-UHFFFAOYSA-N	Chemical Probes Portal	canSAR_ID	0	2968794
MDGIEDNDSFMSLP-UHFFFAOYSA-N	Chemical Probes Portal	url	0	https://www.chemicalprobes.org/ogerin
BHKDKKZMPODMIQ-UHFFFAOYSA-N	Chemical Probes Portal	rating_in_cell	0	4
BHKDKKZMPODMIQ-UHFFFAOYSA-N	Chemical Probes Portal	rating_in_organism	0	0
BHKDKKZMPODMIQ-UHFFFAOYSA-N	Chemical Probes Portal	rating_count	0	1
BHKDKKZMPODMIQ-UHFFFAOYSA-N	Chemical Probes Portal	unsuitable	0	No
BHKDKKZMPODMIQ-UHFFFAOYSA-N	Chemical Probes Portal	pains	0	No
BHKDKKZMPODMIQ-UHFFFAOYSA-N	Chemical Probes Portal	toxicophore	0	No
BHKDKKZMPODMIQ-UHFFFAOYSA-N	Chemical Probes Portal	published_date	0	2021-02-01
BHKDKKZMPODMIQ-UHFFFAOYSA-N	Chemical Probes Portal	canSAR_ID	0	747084
BHKDKKZMPODMIQ-UHFFFAOYSA-N	Chemical Probes Portal	url	0	https://www.chemicalprobes.org/roblitinib
NMQUSJQZQWKQBL-UHFFFAOYSA-N	Chemical Probes Portal	rating_in_cell	0	2.3333333333333335
NMQUSJQZQWKQBL-UHFFFAOYSA-N	Chemical Probes Portal	rating_in_organism	0	2
NMQUSJQZQWKQBL-UHFFFAOYSA-N	Chemical Probes Portal	rating_count	0	3
NMQUSJQZQWKQBL-UHFFFAOYSA-N	Chemical Probes Portal	unsuitable	0	No
NMQUSJQZQWKQBL-UHFFFAOYSA-N	Chemical Probes Portal	pains	0	No
NMQUSJQZQWKQBL-UHFFFAOYSA-N	Chemical Probes Portal	toxicophore	0	No
NMQUSJQZQWKQBL-UHFFFAOYSA-N	Chemical Probes Portal	published_date	0	2020-05-27
NMQUSJQZQWKQBL-UHFFFAOYSA-N	Chemical Probes Portal	canSAR_ID	0	3312900
NMQUSJQZQWKQBL-UHFFFAOYSA-N	Chemical Probes Portal	url	0	https://www.chemicalprobes.org/ac-4-130
OSXFATOLZGZLSK-UHFFFAOYSA-N	Chemical Probes Portal	rating_in_cell	0	1.6666666666666667
OSXFATOLZGZLSK-UHFFFAOYSA-N	Chemical Probes Portal	rating_in_organism	0	1.5
OSXFATOLZGZLSK-UHFFFAOYSA-N	Chemical Probes Portal	rating_count	0	3
OSXFATOLZGZLSK-UHFFFAOYSA-N	Chemical Probes Portal	unsuitable	0	No
OSXFATOLZGZLSK-UHFFFAOYSA-N	Chemical Probes Portal	pains	0	No
OSXFATOLZGZLSK-UHFFFAOYSA-N	Chemical Probes Portal	toxicophore	0	No
OSXFATOLZGZLSK-UHFFFAOYSA-N	Chemical Probes Portal	published_date	0	2016-08-08
OSXFATOLZGZLSK-UHFFFAOYSA-N	Chemical Probes Portal	canSAR_ID	0	685872
OSXFATOLZGZLSK-UHFFFAOYSA-N	Chemical Probes Portal	url	0	https://www.chemicalprobes.org/bix-01294
KMFLQPJJHQNKKF-UHFFFAOYSA-N	Chemical Probes Portal	rating_in_cell	0	4
KMFLQPJJHQNKKF-UHFFFAOYSA-N	Chemical Probes Portal	rating_in_organism	0	0
KMFLQPJJHQNKKF-UHFFFAOYSA-N	Chemical Probes Portal	rating_count	0	1
KMFLQPJJHQNKKF-UHFFFAOYSA-N	Chemical Probes Portal	unsuitable	0	No
KMFLQPJJHQNKKF-UHFFFAOYSA-N	Chemical Probes Portal	pains	0	No
KMFLQPJJHQNKKF-UHFFFAOYSA-N	Chemical Probes Portal	toxicophore	0	No
KMFLQPJJHQNKKF-UHFFFAOYSA-N	Chemical Probes Portal	published_date	0	2023-06-30
KMFLQPJJHQNKKF-UHFFFAOYSA-N	Chemical Probes Portal	canSAR_ID	0	3932029
KMFLQPJJHQNKKF-UHFFFAOYSA-N	Chemical Probes Portal	url	0	https://www.chemicalprobes.org/kw-6356
DUIHHZKTCSNTGM-UHFFFAOYSA-N	Chemical Probes Portal	rating_in_cell	0	2.6666666666666665
DUIHHZKTCSNTGM-UHFFFAOYSA-N	Chemical Probes Portal	rating_in_organism	0	0
DUIHHZKTCSNTGM-UHFFFAOYSA-N	Chemical Probes Portal	rating_count	0	3
DUIHHZKTCSNTGM-UHFFFAOYSA-N	Chemical Probes Portal	unsuitable	0	No
DUIHHZKTCSNTGM-UHFFFAOYSA-N	Chemical Probes Portal	pains	0	No
DUIHHZKTCSNTGM-UHFFFAOYSA-N	Chemical Probes Portal	toxicophore	0	No
DUIHHZKTCSNTGM-UHFFFAOYSA-N	Chemical Probes Portal	published_date	0	2015-12-10
DUIHHZKTCSNTGM-UHFFFAOYSA-N	Chemical Probes Portal	canSAR_ID	0	1808649
DUIHHZKTCSNTGM-UHFFFAOYSA-N	Chemical Probes Portal	url	0	https://www.chemicalprobes.org/ve-821
LBVKEEFIPBQIMD-JTQLQIEISA-N	Chemical Probes Portal	rating_in_cell	0	4
LBVKEEFIPBQIMD-JTQLQIEISA-N	Chemical Probes Portal	rating_in_organism	0	4
LBVKEEFIPBQIMD-JTQLQIEISA-N	Chemical Probes Portal	rating_count	0	2
LBVKEEFIPBQIMD-JTQLQIEISA-N	Chemical Probes Portal	unsuitable	0	No
LBVKEEFIPBQIMD-JTQLQIEISA-N	Chemical Probes Portal	pains	0	No
LBVKEEFIPBQIMD-JTQLQIEISA-N	Chemical Probes Portal	toxicophore	0	No
LBVKEEFIPBQIMD-JTQLQIEISA-N	Chemical Probes Portal	published_date	0	2021-02-22
LBVKEEFIPBQIMD-JTQLQIEISA-N	Chemical Probes Portal	canSAR_ID	0	1988291
LBVKEEFIPBQIMD-JTQLQIEISA-N	Chemical Probes Portal	url	0	https://www.chemicalprobes.org/azd1332
FIVSJYGQAIEMOC-ZGNKEGEESA-N	Chemical Probes Portal	rating_in_cell	0	0
FIVSJYGQAIEMOC-ZGNKEGEESA-N	Chemical Probes Portal	rating_in_organism	0	0
FIVSJYGQAIEMOC-ZGNKEGEESA-N	Chemical Probes Portal	rating_count	0	0
FIVSJYGQAIEMOC-ZGNKEGEESA-N	Chemical Probes Portal	unsuitable	0	No
FIVSJYGQAIEMOC-ZGNKEGEESA-N	Chemical Probes Portal	pains	0	No
FIVSJYGQAIEMOC-ZGNKEGEESA-N	Chemical Probes Portal	toxicophore	0	No
FIVSJYGQAIEMOC-ZGNKEGEESA-N	Chemical Probes Portal	published_date	0	2025-03-17
FIVSJYGQAIEMOC-ZGNKEGEESA-N	Chemical Probes Portal	canSAR_ID	0	659994
FIVSJYGQAIEMOC-ZGNKEGEESA-N	Chemical Probes Portal	url	0	https://www.chemicalprobes.org/rolapitant
WMOAPWVQPPIAFY-HSZRJFAPSA-N	Chemical Probes Portal	rating_in_cell	0	0
WMOAPWVQPPIAFY-HSZRJFAPSA-N	Chemical Probes Portal	rating_in_organism	0	0
WMOAPWVQPPIAFY-HSZRJFAPSA-N	Chemical Probes Portal	rating_count	0	0
WMOAPWVQPPIAFY-HSZRJFAPSA-N	Chemical Probes Portal	unsuitable	0	No
WMOAPWVQPPIAFY-HSZRJFAPSA-N	Chemical Probes Portal	pains	0	No
WMOAPWVQPPIAFY-HSZRJFAPSA-N	Chemical Probes Portal	toxicophore	0	No
WMOAPWVQPPIAFY-HSZRJFAPSA-N	Chemical Probes Portal	published_date	0	2025-03-17
WMOAPWVQPPIAFY-HSZRJFAPSA-N	Chemical Probes Portal	canSAR_ID	0	7437498
WMOAPWVQPPIAFY-HSZRJFAPSA-N	Chemical Probes Portal	url	0	https://www.chemicalprobes.org/vip36
YCBIMOYJAYMCOJ-CCEZHUSRSA-N	Chemical Probes Portal	rating_in_cell	0	0
YCBIMOYJAYMCOJ-CCEZHUSRSA-N	Chemical Probes Portal	rating_in_organism	0	0
YCBIMOYJAYMCOJ-CCEZHUSRSA-N	Chemical Probes Portal	rating_count	0	0
YCBIMOYJAYMCOJ-CCEZHUSRSA-N	Chemical Probes Portal	unsuitable	0	No
YCBIMOYJAYMCOJ-CCEZHUSRSA-N	Chemical Probes Portal	pains	0	No
YCBIMOYJAYMCOJ-CCEZHUSRSA-N	Chemical Probes Portal	toxicophore	0	Yes
YCBIMOYJAYMCOJ-CCEZHUSRSA-N	Chemical Probes Portal	published_date	0	2025-03-28
YCBIMOYJAYMCOJ-CCEZHUSRSA-N	Chemical Probes Portal	canSAR_ID	0	7159151
YCBIMOYJAYMCOJ-CCEZHUSRSA-N	Chemical Probes Portal	url	0	https://www.chemicalprobes.org/unc100013
JLNAZAXGWJVJEC-UHFFFAOYSA-N	Chemical Probes Portal	rating_in_cell	0	0
JLNAZAXGWJVJEC-UHFFFAOYSA-N	Chemical Probes Portal	rating_in_organism	0	0
JLNAZAXGWJVJEC-UHFFFAOYSA-N	Chemical Probes Portal	rating_count	0	0
JLNAZAXGWJVJEC-UHFFFAOYSA-N	Chemical Probes Portal	unsuitable	0	No
JLNAZAXGWJVJEC-UHFFFAOYSA-N	Chemical Probes Portal	pains	0	No
JLNAZAXGWJVJEC-UHFFFAOYSA-N	Chemical Probes Portal	toxicophore	0	No
JLNAZAXGWJVJEC-UHFFFAOYSA-N	Chemical Probes Portal	published_date	0	2025-03-28
JLNAZAXGWJVJEC-UHFFFAOYSA-N	Chemical Probes Portal	canSAR_ID	0	7437499
JLNAZAXGWJVJEC-UHFFFAOYSA-N	Chemical Probes Portal	url	0	https://www.chemicalprobes.org/hm-279
YLGMPWWMPCGYBF-UHFFFAOYSA-N	Chemical Probes Portal	rating_in_cell	0	3.5
YLGMPWWMPCGYBF-UHFFFAOYSA-N	Chemical Probes Portal	rating_in_organism	0	4
YLGMPWWMPCGYBF-UHFFFAOYSA-N	Chemical Probes Portal	rating_count	0	2
YLGMPWWMPCGYBF-UHFFFAOYSA-N	Chemical Probes Portal	unsuitable	0	No
YLGMPWWMPCGYBF-UHFFFAOYSA-N	Chemical Probes Portal	pains	0	No
YLGMPWWMPCGYBF-UHFFFAOYSA-N	Chemical Probes Portal	toxicophore	0	No
YLGMPWWMPCGYBF-UHFFFAOYSA-N	Chemical Probes Portal	published_date	0	2025-03-17
YLGMPWWMPCGYBF-UHFFFAOYSA-N	Chemical Probes Portal	canSAR_ID	0	7308775
YLGMPWWMPCGYBF-UHFFFAOYSA-N	Chemical Probes Portal	url	0	https://www.chemicalprobes.org/az3246
RGHLRMNPUGUZEY-UHFFFAOYSA-N	Chemical Probes Portal	rating_in_cell	0	3
RGHLRMNPUGUZEY-UHFFFAOYSA-N	Chemical Probes Portal	rating_in_organism	0	2
RGHLRMNPUGUZEY-UHFFFAOYSA-N	Chemical Probes Portal	rating_count	0	1
RGHLRMNPUGUZEY-UHFFFAOYSA-N	Chemical Probes Portal	unsuitable	0	No
RGHLRMNPUGUZEY-UHFFFAOYSA-N	Chemical Probes Portal	pains	0	Yes
RGHLRMNPUGUZEY-UHFFFAOYSA-N	Chemical Probes Portal	toxicophore	0	No
RGHLRMNPUGUZEY-UHFFFAOYSA-N	Chemical Probes Portal	published_date	0	2025-03-17
RGHLRMNPUGUZEY-UHFFFAOYSA-N	Chemical Probes Portal	canSAR_ID	0	3930871
RGHLRMNPUGUZEY-UHFFFAOYSA-N	Chemical Probes Portal	url	0	https://www.chemicalprobes.org/cg211
GYKNPXCQINZRLL-UHFFFAOYSA-N	Chemical Probes Portal	rating_in_cell	0	3
GYKNPXCQINZRLL-UHFFFAOYSA-N	Chemical Probes Portal	rating_in_organism	0	0
GYKNPXCQINZRLL-UHFFFAOYSA-N	Chemical Probes Portal	rating_count	0	1
GYKNPXCQINZRLL-UHFFFAOYSA-N	Chemical Probes Portal	unsuitable	0	No
GYKNPXCQINZRLL-UHFFFAOYSA-N	Chemical Probes Portal	pains	0	No
GYKNPXCQINZRLL-UHFFFAOYSA-N	Chemical Probes Portal	toxicophore	0	Yes
GYKNPXCQINZRLL-UHFFFAOYSA-N	Chemical Probes Portal	published_date	0	2024-10-25
GYKNPXCQINZRLL-UHFFFAOYSA-N	Chemical Probes Portal	canSAR_ID	0	3314752
GYKNPXCQINZRLL-UHFFFAOYSA-N	Chemical Probes Portal	url	0	https://www.chemicalprobes.org/jb170
RDLSKDOSNKLEAQ-UHFFFAOYSA-N	Chemical Probes Portal	rating_in_cell	0	4
RDLSKDOSNKLEAQ-UHFFFAOYSA-N	Chemical Probes Portal	rating_in_organism	0	4
RDLSKDOSNKLEAQ-UHFFFAOYSA-N	Chemical Probes Portal	rating_count	0	1
RDLSKDOSNKLEAQ-UHFFFAOYSA-N	Chemical Probes Portal	unsuitable	0	No
RDLSKDOSNKLEAQ-UHFFFAOYSA-N	Chemical Probes Portal	pains	0	No
RDLSKDOSNKLEAQ-UHFFFAOYSA-N	Chemical Probes Portal	toxicophore	0	No
RDLSKDOSNKLEAQ-UHFFFAOYSA-N	Chemical Probes Portal	published_date	0	2021-03-05
RDLSKDOSNKLEAQ-UHFFFAOYSA-N	Chemical Probes Portal	canSAR_ID	0	1654535
RDLSKDOSNKLEAQ-UHFFFAOYSA-N	Chemical Probes Portal	url	0	https://www.chemicalprobes.org/pf470
KGSBEYKVWODBRD-ICSRJNTNSA-N	Chemical Probes Portal	rating_in_cell	0	3
KGSBEYKVWODBRD-ICSRJNTNSA-N	Chemical Probes Portal	rating_in_organism	0	2
KGSBEYKVWODBRD-ICSRJNTNSA-N	Chemical Probes Portal	rating_count	0	1
KGSBEYKVWODBRD-ICSRJNTNSA-N	Chemical Probes Portal	unsuitable	0	No
KGSBEYKVWODBRD-ICSRJNTNSA-N	Chemical Probes Portal	pains	0	No
KGSBEYKVWODBRD-ICSRJNTNSA-N	Chemical Probes Portal	toxicophore	0	No
KGSBEYKVWODBRD-ICSRJNTNSA-N	Chemical Probes Portal	published_date	0	2025-02-07
KGSBEYKVWODBRD-ICSRJNTNSA-N	Chemical Probes Portal	canSAR_ID	0	2920807
KGSBEYKVWODBRD-ICSRJNTNSA-N	Chemical Probes Portal	url	0	https://www.chemicalprobes.org/ccg258747
XSQUJFKRXZMOKA-PAFIKIDNSA-N	Chemical Probes Portal	rating_in_cell	0	4
XSQUJFKRXZMOKA-PAFIKIDNSA-N	Chemical Probes Portal	rating_in_organism	0	3.3333333333333335
XSQUJFKRXZMOKA-PAFIKIDNSA-N	Chemical Probes Portal	rating_count	0	3
XSQUJFKRXZMOKA-PAFIKIDNSA-N	Chemical Probes Portal	unsuitable	0	No
XSQUJFKRXZMOKA-PAFIKIDNSA-N	Chemical Probes Portal	pains	0	No
XSQUJFKRXZMOKA-PAFIKIDNSA-N	Chemical Probes Portal	toxicophore	0	No
XSQUJFKRXZMOKA-PAFIKIDNSA-N	Chemical Probes Portal	published_date	0	2024-05-10
XSQUJFKRXZMOKA-PAFIKIDNSA-N	Chemical Probes Portal	canSAR_ID	0	4231536
XSQUJFKRXZMOKA-PAFIKIDNSA-N	Chemical Probes Portal	url	0	https://www.chemicalprobes.org/vx548
ISNXAOFEMNFJCO-YUXAGFNASA-N	Chemical Probes Portal	rating_in_cell	0	3
ISNXAOFEMNFJCO-YUXAGFNASA-N	Chemical Probes Portal	rating_in_organism	0	0
ISNXAOFEMNFJCO-YUXAGFNASA-N	Chemical Probes Portal	rating_count	0	1
ISNXAOFEMNFJCO-YUXAGFNASA-N	Chemical Probes Portal	unsuitable	0	No
ISNXAOFEMNFJCO-YUXAGFNASA-N	Chemical Probes Portal	pains	0	No
ISNXAOFEMNFJCO-YUXAGFNASA-N	Chemical Probes Portal	toxicophore	0	No
ISNXAOFEMNFJCO-YUXAGFNASA-N	Chemical Probes Portal	published_date	0	2021-06-10
ISNXAOFEMNFJCO-YUXAGFNASA-N	Chemical Probes Portal	canSAR_ID	0	3313084
ISNXAOFEMNFJCO-YUXAGFNASA-N	Chemical Probes Portal	url	0	https://www.chemicalprobes.org/abd957
XUZMWHLSFXCVMG-UHFFFAOYSA-N	Chemical Probes Portal	rating_in_cell	0	2
XUZMWHLSFXCVMG-UHFFFAOYSA-N	Chemical Probes Portal	rating_in_organism	0	2
XUZMWHLSFXCVMG-UHFFFAOYSA-N	Chemical Probes Portal	rating_count	0	1
XUZMWHLSFXCVMG-UHFFFAOYSA-N	Chemical Probes Portal	unsuitable	0	No
XUZMWHLSFXCVMG-UHFFFAOYSA-N	Chemical Probes Portal	pains	0	No
XUZMWHLSFXCVMG-UHFFFAOYSA-N	Chemical Probes Portal	toxicophore	0	No
XUZMWHLSFXCVMG-UHFFFAOYSA-N	Chemical Probes Portal	published_date	0	2021-02-16
XUZMWHLSFXCVMG-UHFFFAOYSA-N	Chemical Probes Portal	canSAR_ID	0	1750990
XUZMWHLSFXCVMG-UHFFFAOYSA-N	Chemical Probes Portal	url	0	https://www.chemicalprobes.org/baricitinib
SGSFONPFVRRJLS-UHFFFAOYSA-N	Chemical Probes Portal	rating_in_cell	0	0
SGSFONPFVRRJLS-UHFFFAOYSA-N	Chemical Probes Portal	rating_in_organism	0	4
SGSFONPFVRRJLS-UHFFFAOYSA-N	Chemical Probes Portal	rating_count	0	1
SGSFONPFVRRJLS-UHFFFAOYSA-N	Chemical Probes Portal	unsuitable	0	No
SGSFONPFVRRJLS-UHFFFAOYSA-N	Chemical Probes Portal	pains	0	No
SGSFONPFVRRJLS-UHFFFAOYSA-N	Chemical Probes Portal	toxicophore	0	No
SGSFONPFVRRJLS-UHFFFAOYSA-N	Chemical Probes Portal	published_date	0	2025-03-17
SGSFONPFVRRJLS-UHFFFAOYSA-N	Chemical Probes Portal	canSAR_ID	0	3340446
SGSFONPFVRRJLS-UHFFFAOYSA-N	Chemical Probes Portal	url	0	https://www.chemicalprobes.org/ono-8430506
LGLHCXISMKHLIK-UHFFFAOYSA-N	Chemical Probes Portal	rating_in_cell	0	2
LGLHCXISMKHLIK-UHFFFAOYSA-N	Chemical Probes Portal	rating_in_organism	0	0
LGLHCXISMKHLIK-UHFFFAOYSA-N	Chemical Probes Portal	rating_count	0	3
LGLHCXISMKHLIK-UHFFFAOYSA-N	Chemical Probes Portal	unsuitable	0	No
LGLHCXISMKHLIK-UHFFFAOYSA-N	Chemical Probes Portal	pains	0	No
LGLHCXISMKHLIK-UHFFFAOYSA-N	Chemical Probes Portal	toxicophore	0	No
LGLHCXISMKHLIK-UHFFFAOYSA-N	Chemical Probes Portal	published_date	0	2020-10-13
LGLHCXISMKHLIK-UHFFFAOYSA-N	Chemical Probes Portal	canSAR_ID	0	517482
LGLHCXISMKHLIK-UHFFFAOYSA-N	Chemical Probes Portal	url	0	https://www.chemicalprobes.org/xmd8-87
XLOGLWKOHPIJLV-UHFFFAOYSA-N	Chemical Probes Portal	rating_in_cell	0	3.6666666666666665
XLOGLWKOHPIJLV-UHFFFAOYSA-N	Chemical Probes Portal	rating_in_organism	0	3.3333333333333335
XLOGLWKOHPIJLV-UHFFFAOYSA-N	Chemical Probes Portal	rating_count	0	3
XLOGLWKOHPIJLV-UHFFFAOYSA-N	Chemical Probes Portal	unsuitable	0	No
XLOGLWKOHPIJLV-UHFFFAOYSA-N	Chemical Probes Portal	pains	0	No
XLOGLWKOHPIJLV-UHFFFAOYSA-N	Chemical Probes Portal	toxicophore	0	No
XLOGLWKOHPIJLV-UHFFFAOYSA-N	Chemical Probes Portal	published_date	0	2017-03-09
XLOGLWKOHPIJLV-UHFFFAOYSA-N	Chemical Probes Portal	canSAR_ID	0	129909
XLOGLWKOHPIJLV-UHFFFAOYSA-N	Chemical Probes Portal	url	0	https://www.chemicalprobes.org/gsk583
LOGJQOUIVKBFGH-YBEGLDIGSA-N	Chemical Probes Portal	rating_in_cell	0	1
LOGJQOUIVKBFGH-YBEGLDIGSA-N	Chemical Probes Portal	rating_in_organism	0	1
LOGJQOUIVKBFGH-YBEGLDIGSA-N	Chemical Probes Portal	rating_count	0	3
LOGJQOUIVKBFGH-YBEGLDIGSA-N	Chemical Probes Portal	unsuitable	0	No
LOGJQOUIVKBFGH-YBEGLDIGSA-N	Chemical Probes Portal	pains	0	No
LOGJQOUIVKBFGH-YBEGLDIGSA-N	Chemical Probes Portal	toxicophore	0	No
LOGJQOUIVKBFGH-YBEGLDIGSA-N	Chemical Probes Portal	published_date	0	2021-01-06
LOGJQOUIVKBFGH-YBEGLDIGSA-N	Chemical Probes Portal	canSAR_ID	0	1716784
LOGJQOUIVKBFGH-YBEGLDIGSA-N	Chemical Probes Portal	url	0	https://www.chemicalprobes.org/su6656
JIFCFQDXHMUPGP-UHFFFAOYSA-N	Chemical Probes Portal	rating_in_cell	0	4
JIFCFQDXHMUPGP-UHFFFAOYSA-N	Chemical Probes Portal	rating_in_organism	0	4
JIFCFQDXHMUPGP-UHFFFAOYSA-N	Chemical Probes Portal	rating_count	0	3
JIFCFQDXHMUPGP-UHFFFAOYSA-N	Chemical Probes Portal	unsuitable	0	No
JIFCFQDXHMUPGP-UHFFFAOYSA-N	Chemical Probes Portal	pains	0	No
JIFCFQDXHMUPGP-UHFFFAOYSA-N	Chemical Probes Portal	toxicophore	0	No
JIFCFQDXHMUPGP-UHFFFAOYSA-N	Chemical Probes Portal	published_date	0	2015-12-10
JIFCFQDXHMUPGP-UHFFFAOYSA-N	Chemical Probes Portal	canSAR_ID	0	885852
JIFCFQDXHMUPGP-UHFFFAOYSA-N	Chemical Probes Portal	url	0	https://www.chemicalprobes.org/cgi1746
NDEXUOWTGYUVGA-LJQANCHMSA-N	Chemical Probes Portal	rating_in_cell	0	3.6666666666666665
NDEXUOWTGYUVGA-LJQANCHMSA-N	Chemical Probes Portal	rating_in_organism	0	3.6666666666666665
NDEXUOWTGYUVGA-LJQANCHMSA-N	Chemical Probes Portal	rating_count	0	3
NDEXUOWTGYUVGA-LJQANCHMSA-N	Chemical Probes Portal	unsuitable	0	No
NDEXUOWTGYUVGA-LJQANCHMSA-N	Chemical Probes Portal	pains	0	No
NDEXUOWTGYUVGA-LJQANCHMSA-N	Chemical Probes Portal	toxicophore	0	No
NDEXUOWTGYUVGA-LJQANCHMSA-N	Chemical Probes Portal	published_date	0	2015-12-10
NDEXUOWTGYUVGA-LJQANCHMSA-N	Chemical Probes Portal	canSAR_ID	0	467169
NDEXUOWTGYUVGA-LJQANCHMSA-N	Chemical Probes Portal	url	0	https://www.chemicalprobes.org/pf-477736
MUOKSQABCJCOPU-UHFFFAOYSA-N	Chemical Probes Portal	rating_in_cell	0	3.5
MUOKSQABCJCOPU-UHFFFAOYSA-N	Chemical Probes Portal	rating_in_organism	0	3
MUOKSQABCJCOPU-UHFFFAOYSA-N	Chemical Probes Portal	rating_count	0	2
MUOKSQABCJCOPU-UHFFFAOYSA-N	Chemical Probes Portal	unsuitable	0	No
MUOKSQABCJCOPU-UHFFFAOYSA-N	Chemical Probes Portal	pains	0	No
MUOKSQABCJCOPU-UHFFFAOYSA-N	Chemical Probes Portal	toxicophore	0	No
MUOKSQABCJCOPU-UHFFFAOYSA-N	Chemical Probes Portal	published_date	0	2015-12-10
MUOKSQABCJCOPU-UHFFFAOYSA-N	Chemical Probes Portal	canSAR_ID	0	1618107
MUOKSQABCJCOPU-UHFFFAOYSA-N	Chemical Probes Portal	url	0	https://www.chemicalprobes.org/cx-4945
CMWRPDHVGMHLSZ-GFCCVEGCSA-N	Chemical Probes Portal	rating_in_cell	0	3.3333333333333335
CMWRPDHVGMHLSZ-GFCCVEGCSA-N	Chemical Probes Portal	rating_in_organism	0	2.3333333333333335
CMWRPDHVGMHLSZ-GFCCVEGCSA-N	Chemical Probes Portal	rating_count	0	3
CMWRPDHVGMHLSZ-GFCCVEGCSA-N	Chemical Probes Portal	unsuitable	0	No
CMWRPDHVGMHLSZ-GFCCVEGCSA-N	Chemical Probes Portal	pains	0	No
CMWRPDHVGMHLSZ-GFCCVEGCSA-N	Chemical Probes Portal	toxicophore	0	No
CMWRPDHVGMHLSZ-GFCCVEGCSA-N	Chemical Probes Portal	published_date	0	2015-12-10
CMWRPDHVGMHLSZ-GFCCVEGCSA-N	Chemical Probes Portal	canSAR_ID	0	1825686
CMWRPDHVGMHLSZ-GFCCVEGCSA-N	Chemical Probes Portal	url	0	https://www.chemicalprobes.org/pf3644022
DADASRPKWOGKCU-FVTQAUBDSA-N	Chemical Probes Portal	rating_in_cell	0	1.6666666666666667
DADASRPKWOGKCU-FVTQAUBDSA-N	Chemical Probes Portal	rating_in_organism	0	1.6666666666666667
DADASRPKWOGKCU-FVTQAUBDSA-N	Chemical Probes Portal	rating_count	0	3
DADASRPKWOGKCU-FVTQAUBDSA-N	Chemical Probes Portal	unsuitable	0	No
DADASRPKWOGKCU-FVTQAUBDSA-N	Chemical Probes Portal	pains	0	No
DADASRPKWOGKCU-FVTQAUBDSA-N	Chemical Probes Portal	toxicophore	0	No
DADASRPKWOGKCU-FVTQAUBDSA-N	Chemical Probes Portal	published_date	0	2015-12-10
DADASRPKWOGKCU-FVTQAUBDSA-N	Chemical Probes Portal	canSAR_ID	0	829372
DADASRPKWOGKCU-FVTQAUBDSA-N	Chemical Probes Portal	url	0	https://www.chemicalprobes.org/cfi-400945
HZASIAXCPXTISQ-NVXWUHKLSA-N	Chemical Probes Portal	rating_in_cell	0	3.6666666666666665
HZASIAXCPXTISQ-NVXWUHKLSA-N	Chemical Probes Portal	rating_in_organism	0	2
HZASIAXCPXTISQ-NVXWUHKLSA-N	Chemical Probes Portal	rating_count	0	3
HZASIAXCPXTISQ-NVXWUHKLSA-N	Chemical Probes Portal	unsuitable	0	No
HZASIAXCPXTISQ-NVXWUHKLSA-N	Chemical Probes Portal	pains	0	No
HZASIAXCPXTISQ-NVXWUHKLSA-N	Chemical Probes Portal	toxicophore	0	No
HZASIAXCPXTISQ-NVXWUHKLSA-N	Chemical Probes Portal	published_date	0	2015-12-10
HZASIAXCPXTISQ-NVXWUHKLSA-N	Chemical Probes Portal	canSAR_ID	0	432350
HZASIAXCPXTISQ-NVXWUHKLSA-N	Chemical Probes Portal	url	0	https://www.chemicalprobes.org/cct241533
AUMDBEHGJRZSOO-UHFFFAOYSA-N	Chemical Probes Portal	rating_in_cell	0	2
AUMDBEHGJRZSOO-UHFFFAOYSA-N	Chemical Probes Portal	rating_in_organism	0	1
AUMDBEHGJRZSOO-UHFFFAOYSA-N	Chemical Probes Portal	rating_count	0	3
AUMDBEHGJRZSOO-UHFFFAOYSA-N	Chemical Probes Portal	unsuitable	0	No
AUMDBEHGJRZSOO-UHFFFAOYSA-N	Chemical Probes Portal	pains	0	No
AUMDBEHGJRZSOO-UHFFFAOYSA-N	Chemical Probes Portal	toxicophore	0	No
AUMDBEHGJRZSOO-UHFFFAOYSA-N	Chemical Probes Portal	published_date	0	2015-12-10
AUMDBEHGJRZSOO-UHFFFAOYSA-N	Chemical Probes Portal	canSAR_ID	0	1644683
AUMDBEHGJRZSOO-UHFFFAOYSA-N	Chemical Probes Portal	url	0	https://www.chemicalprobes.org/pf-4800567
HDAJDNHIBCDLQF-RUZDIDTESA-N	Chemical Probes Portal	rating_in_cell	0	4
HDAJDNHIBCDLQF-RUZDIDTESA-N	Chemical Probes Portal	rating_in_organism	0	3.3333333333333335
HDAJDNHIBCDLQF-RUZDIDTESA-N	Chemical Probes Portal	rating_count	0	3
HDAJDNHIBCDLQF-RUZDIDTESA-N	Chemical Probes Portal	unsuitable	0	No
HDAJDNHIBCDLQF-RUZDIDTESA-N	Chemical Probes Portal	pains	0	No
HDAJDNHIBCDLQF-RUZDIDTESA-N	Chemical Probes Portal	toxicophore	0	No
HDAJDNHIBCDLQF-RUZDIDTESA-N	Chemical Probes Portal	published_date	0	2015-12-10
HDAJDNHIBCDLQF-RUZDIDTESA-N	Chemical Probes Portal	canSAR_ID	0	945181
HDAJDNHIBCDLQF-RUZDIDTESA-N	Chemical Probes Portal	url	0	https://www.chemicalprobes.org/sch772984
LCVIRAZGMYMNNT-UHFFFAOYSA-N	Chemical Probes Portal	rating_in_cell	0	4
LCVIRAZGMYMNNT-UHFFFAOYSA-N	Chemical Probes Portal	rating_in_organism	0	4
LCVIRAZGMYMNNT-UHFFFAOYSA-N	Chemical Probes Portal	rating_count	0	3
LCVIRAZGMYMNNT-UHFFFAOYSA-N	Chemical Probes Portal	unsuitable	0	No
LCVIRAZGMYMNNT-UHFFFAOYSA-N	Chemical Probes Portal	pains	0	No
LCVIRAZGMYMNNT-UHFFFAOYSA-N	Chemical Probes Portal	toxicophore	0	No
LCVIRAZGMYMNNT-UHFFFAOYSA-N	Chemical Probes Portal	published_date	0	2015-12-10
LCVIRAZGMYMNNT-UHFFFAOYSA-N	Chemical Probes Portal	canSAR_ID	0	387296
LCVIRAZGMYMNNT-UHFFFAOYSA-N	Chemical Probes Portal	url	0	https://www.chemicalprobes.org/mk-5108
STUWGJZDJHPWGZ-LBPRGKRZSA-N	Chemical Probes Portal	rating_in_cell	0	4
STUWGJZDJHPWGZ-LBPRGKRZSA-N	Chemical Probes Portal	rating_in_organism	0	4
STUWGJZDJHPWGZ-LBPRGKRZSA-N	Chemical Probes Portal	rating_count	0	3
STUWGJZDJHPWGZ-LBPRGKRZSA-N	Chemical Probes Portal	unsuitable	0	No
STUWGJZDJHPWGZ-LBPRGKRZSA-N	Chemical Probes Portal	pains	0	No
STUWGJZDJHPWGZ-LBPRGKRZSA-N	Chemical Probes Portal	toxicophore	0	No
STUWGJZDJHPWGZ-LBPRGKRZSA-N	Chemical Probes Portal	published_date	0	2015-12-10
STUWGJZDJHPWGZ-LBPRGKRZSA-N	Chemical Probes Portal	canSAR_ID	0	299737
STUWGJZDJHPWGZ-LBPRGKRZSA-N	Chemical Probes Portal	url	0	https://www.chemicalprobes.org/byl-719
HTFNVAVTYILUCF-UHFFFAOYSA-N	Chemical Probes Portal	rating_in_cell	0	4
HTFNVAVTYILUCF-UHFFFAOYSA-N	Chemical Probes Portal	rating_in_organism	0	2
HTFNVAVTYILUCF-UHFFFAOYSA-N	Chemical Probes Portal	rating_count	0	3
HTFNVAVTYILUCF-UHFFFAOYSA-N	Chemical Probes Portal	unsuitable	0	No
HTFNVAVTYILUCF-UHFFFAOYSA-N	Chemical Probes Portal	pains	0	No
HTFNVAVTYILUCF-UHFFFAOYSA-N	Chemical Probes Portal	toxicophore	0	No
HTFNVAVTYILUCF-UHFFFAOYSA-N	Chemical Probes Portal	published_date	0	2016-12-05
HTFNVAVTYILUCF-UHFFFAOYSA-N	Chemical Probes Portal	canSAR_ID	0	2954220
HTFNVAVTYILUCF-UHFFFAOYSA-N	Chemical Probes Portal	url	0	https://www.chemicalprobes.org/ax15836
VEPKQEUBKLEPRA-UHFFFAOYSA-N	Chemical Probes Portal	rating_in_cell	0	4
VEPKQEUBKLEPRA-UHFFFAOYSA-N	Chemical Probes Portal	rating_in_organism	0	3.6666666666666665
VEPKQEUBKLEPRA-UHFFFAOYSA-N	Chemical Probes Portal	rating_count	0	3
VEPKQEUBKLEPRA-UHFFFAOYSA-N	Chemical Probes Portal	unsuitable	0	No
VEPKQEUBKLEPRA-UHFFFAOYSA-N	Chemical Probes Portal	pains	0	No
VEPKQEUBKLEPRA-UHFFFAOYSA-N	Chemical Probes Portal	toxicophore	0	No
VEPKQEUBKLEPRA-UHFFFAOYSA-N	Chemical Probes Portal	published_date	0	2015-12-10
VEPKQEUBKLEPRA-UHFFFAOYSA-N	Chemical Probes Portal	canSAR_ID	0	1891880
VEPKQEUBKLEPRA-UHFFFAOYSA-N	Chemical Probes Portal	url	0	https://www.chemicalprobes.org/vx-745
KDGFLJKFZUIJMX-UHFFFAOYSA-N	Chemical Probes Portal	rating_in_cell	0	4
KDGFLJKFZUIJMX-UHFFFAOYSA-N	Chemical Probes Portal	rating_in_organism	0	4
KDGFLJKFZUIJMX-UHFFFAOYSA-N	Chemical Probes Portal	rating_count	0	3
KDGFLJKFZUIJMX-UHFFFAOYSA-N	Chemical Probes Portal	unsuitable	0	No
KDGFLJKFZUIJMX-UHFFFAOYSA-N	Chemical Probes Portal	pains	0	No
KDGFLJKFZUIJMX-UHFFFAOYSA-N	Chemical Probes Portal	toxicophore	0	No
KDGFLJKFZUIJMX-UHFFFAOYSA-N	Chemical Probes Portal	published_date	0	2015-12-10
KDGFLJKFZUIJMX-UHFFFAOYSA-N	Chemical Probes Portal	canSAR_ID	0	696603
KDGFLJKFZUIJMX-UHFFFAOYSA-N	Chemical Probes Portal	url	0	https://www.chemicalprobes.org/ch5424802
AHJRHEGDXFFMBM-UHFFFAOYSA-N	Chemical Probes Portal	rating_in_cell	0	4
AHJRHEGDXFFMBM-UHFFFAOYSA-N	Chemical Probes Portal	rating_in_organism	0	3
AHJRHEGDXFFMBM-UHFFFAOYSA-N	Chemical Probes Portal	rating_count	0	3
AHJRHEGDXFFMBM-UHFFFAOYSA-N	Chemical Probes Portal	unsuitable	0	No
AHJRHEGDXFFMBM-UHFFFAOYSA-N	Chemical Probes Portal	pains	0	No
AHJRHEGDXFFMBM-UHFFFAOYSA-N	Chemical Probes Portal	toxicophore	0	No
AHJRHEGDXFFMBM-UHFFFAOYSA-N	Chemical Probes Portal	published_date	0	2015-12-10
AHJRHEGDXFFMBM-UHFFFAOYSA-N	Chemical Probes Portal	canSAR_ID	0	495280
AHJRHEGDXFFMBM-UHFFFAOYSA-N	Chemical Probes Portal	url	0	https://www.chemicalprobes.org/palbociclib
ZBCMHWUFWQFPLV-VVOJOOEHSA-N	Chemical Probes Portal	rating_in_cell	0	3.6666666666666665
ZBCMHWUFWQFPLV-VVOJOOEHSA-N	Chemical Probes Portal	rating_in_organism	0	2.6666666666666665
ZBCMHWUFWQFPLV-VVOJOOEHSA-N	Chemical Probes Portal	rating_count	0	3
ZBCMHWUFWQFPLV-VVOJOOEHSA-N	Chemical Probes Portal	unsuitable	0	No
ZBCMHWUFWQFPLV-VVOJOOEHSA-N	Chemical Probes Portal	pains	0	No
ZBCMHWUFWQFPLV-VVOJOOEHSA-N	Chemical Probes Portal	toxicophore	0	No
ZBCMHWUFWQFPLV-VVOJOOEHSA-N	Chemical Probes Portal	published_date	0	2016-11-29
ZBCMHWUFWQFPLV-VVOJOOEHSA-N	Chemical Probes Portal	canSAR_ID	0	660740
ZBCMHWUFWQFPLV-VVOJOOEHSA-N	Chemical Probes Portal	url	0	https://www.chemicalprobes.org/g-5555
IVUGFMLRJOCGAS-UHFFFAOYSA-N	Chemical Probes Portal	rating_in_cell	0	3.6666666666666665
IVUGFMLRJOCGAS-UHFFFAOYSA-N	Chemical Probes Portal	rating_in_organism	0	3.6666666666666665
IVUGFMLRJOCGAS-UHFFFAOYSA-N	Chemical Probes Portal	rating_count	0	3
IVUGFMLRJOCGAS-UHFFFAOYSA-N	Chemical Probes Portal	unsuitable	0	No
IVUGFMLRJOCGAS-UHFFFAOYSA-N	Chemical Probes Portal	pains	0	No
IVUGFMLRJOCGAS-UHFFFAOYSA-N	Chemical Probes Portal	toxicophore	0	No
IVUGFMLRJOCGAS-UHFFFAOYSA-N	Chemical Probes Portal	published_date	0	2015-12-10
IVUGFMLRJOCGAS-UHFFFAOYSA-N	Chemical Probes Portal	canSAR_ID	0	735997
IVUGFMLRJOCGAS-UHFFFAOYSA-N	Chemical Probes Portal	url	0	https://www.chemicalprobes.org/amg900
JCINBYQJBYJGDM-UHFFFAOYSA-N	Chemical Probes Portal	rating_in_cell	0	3.6666666666666665
JCINBYQJBYJGDM-UHFFFAOYSA-N	Chemical Probes Portal	rating_in_organism	0	3.6666666666666665
JCINBYQJBYJGDM-UHFFFAOYSA-N	Chemical Probes Portal	rating_count	0	3
JCINBYQJBYJGDM-UHFFFAOYSA-N	Chemical Probes Portal	unsuitable	0	No
JCINBYQJBYJGDM-UHFFFAOYSA-N	Chemical Probes Portal	pains	0	Yes
JCINBYQJBYJGDM-UHFFFAOYSA-N	Chemical Probes Portal	toxicophore	0	No
JCINBYQJBYJGDM-UHFFFAOYSA-N	Chemical Probes Portal	published_date	0	2016-07-29
JCINBYQJBYJGDM-UHFFFAOYSA-N	Chemical Probes Portal	canSAR_ID	0	466885
JCINBYQJBYJGDM-UHFFFAOYSA-N	Chemical Probes Portal	url	0	https://www.chemicalprobes.org/bms-911543
JUSFANSTBFGBAF-IRXDYDNUSA-N	Chemical Probes Portal	rating_in_cell	0	3.6666666666666665
JUSFANSTBFGBAF-IRXDYDNUSA-N	Chemical Probes Portal	rating_in_organism	0	4
JUSFANSTBFGBAF-IRXDYDNUSA-N	Chemical Probes Portal	rating_count	0	3
JUSFANSTBFGBAF-IRXDYDNUSA-N	Chemical Probes Portal	unsuitable	0	No
JUSFANSTBFGBAF-IRXDYDNUSA-N	Chemical Probes Portal	pains	0	No
JUSFANSTBFGBAF-IRXDYDNUSA-N	Chemical Probes Portal	toxicophore	0	No
JUSFANSTBFGBAF-IRXDYDNUSA-N	Chemical Probes Portal	published_date	0	2015-12-10
JUSFANSTBFGBAF-IRXDYDNUSA-N	Chemical Probes Portal	canSAR_ID	0	597831
JUSFANSTBFGBAF-IRXDYDNUSA-N	Chemical Probes Portal	url	0	https://www.chemicalprobes.org/azd2014
HXMGCTFLLWPVFM-GOSISDBHSA-N	Chemical Probes Portal	rating_in_cell	0	3.6666666666666665
HXMGCTFLLWPVFM-GOSISDBHSA-N	Chemical Probes Portal	rating_in_organism	0	3
HXMGCTFLLWPVFM-GOSISDBHSA-N	Chemical Probes Portal	rating_count	0	3
HXMGCTFLLWPVFM-GOSISDBHSA-N	Chemical Probes Portal	unsuitable	0	No
HXMGCTFLLWPVFM-GOSISDBHSA-N	Chemical Probes Portal	pains	0	No
HXMGCTFLLWPVFM-GOSISDBHSA-N	Chemical Probes Portal	toxicophore	0	No
HXMGCTFLLWPVFM-GOSISDBHSA-N	Chemical Probes Portal	published_date	0	2017-03-15
HXMGCTFLLWPVFM-GOSISDBHSA-N	Chemical Probes Portal	canSAR_ID	0	380624
HXMGCTFLLWPVFM-GOSISDBHSA-N	Chemical Probes Portal	url	0	https://www.chemicalprobes.org/skepinone-l
DEZZLWQELQORIU-RELWKKBWSA-N	Chemical Probes Portal	rating_in_cell	0	3.6666666666666665
DEZZLWQELQORIU-RELWKKBWSA-N	Chemical Probes Portal	rating_in_organism	0	2.5
DEZZLWQELQORIU-RELWKKBWSA-N	Chemical Probes Portal	rating_count	0	3
DEZZLWQELQORIU-RELWKKBWSA-N	Chemical Probes Portal	unsuitable	0	No
DEZZLWQELQORIU-RELWKKBWSA-N	Chemical Probes Portal	pains	0	No
DEZZLWQELQORIU-RELWKKBWSA-N	Chemical Probes Portal	toxicophore	0	Yes
DEZZLWQELQORIU-RELWKKBWSA-N	Chemical Probes Portal	published_date	0	2015-12-10
DEZZLWQELQORIU-RELWKKBWSA-N	Chemical Probes Portal	canSAR_ID	0	1606527
DEZZLWQELQORIU-RELWKKBWSA-N	Chemical Probes Portal	url	0	https://www.chemicalprobes.org/gdc-0879
BCZUAADEACICHN-UHFFFAOYSA-N	Chemical Probes Portal	rating_in_cell	0	3.6666666666666665
BCZUAADEACICHN-UHFFFAOYSA-N	Chemical Probes Portal	rating_in_organism	0	3.6666666666666665
BCZUAADEACICHN-UHFFFAOYSA-N	Chemical Probes Portal	rating_count	0	3
BCZUAADEACICHN-UHFFFAOYSA-N	Chemical Probes Portal	unsuitable	0	No
BCZUAADEACICHN-UHFFFAOYSA-N	Chemical Probes Portal	pains	0	No
BCZUAADEACICHN-UHFFFAOYSA-N	Chemical Probes Portal	toxicophore	0	No
BCZUAADEACICHN-UHFFFAOYSA-N	Chemical Probes Portal	published_date	0	2015-12-10
BCZUAADEACICHN-UHFFFAOYSA-N	Chemical Probes Portal	canSAR_ID	0	1723579
BCZUAADEACICHN-UHFFFAOYSA-N	Chemical Probes Portal	url	0	https://www.chemicalprobes.org/sgx-523
AQGNHMOJWBZFQQ-UHFFFAOYSA-N	Chemical Probes Portal	rating_in_cell	0	3.6666666666666665
AQGNHMOJWBZFQQ-UHFFFAOYSA-N	Chemical Probes Portal	rating_in_organism	0	4
AQGNHMOJWBZFQQ-UHFFFAOYSA-N	Chemical Probes Portal	rating_count	0	3
AQGNHMOJWBZFQQ-UHFFFAOYSA-N	Chemical Probes Portal	unsuitable	0	No
AQGNHMOJWBZFQQ-UHFFFAOYSA-N	Chemical Probes Portal	pains	0	No
AQGNHMOJWBZFQQ-UHFFFAOYSA-N	Chemical Probes Portal	toxicophore	0	No
AQGNHMOJWBZFQQ-UHFFFAOYSA-N	Chemical Probes Portal	published_date	0	2015-07-16
AQGNHMOJWBZFQQ-UHFFFAOYSA-N	Chemical Probes Portal	canSAR_ID	0	418517
AQGNHMOJWBZFQQ-UHFFFAOYSA-N	Chemical Probes Portal	url	0	https://www.chemicalprobes.org/chir-99021
IENLGMOXAQMNEH-CYBMUJFWSA-N	Chemical Probes Portal	rating_in_cell	0	3.3333333333333335
IENLGMOXAQMNEH-CYBMUJFWSA-N	Chemical Probes Portal	rating_in_organism	0	3
IENLGMOXAQMNEH-CYBMUJFWSA-N	Chemical Probes Portal	rating_count	0	3
IENLGMOXAQMNEH-CYBMUJFWSA-N	Chemical Probes Portal	unsuitable	0	No
IENLGMOXAQMNEH-CYBMUJFWSA-N	Chemical Probes Portal	pains	0	No
IENLGMOXAQMNEH-CYBMUJFWSA-N	Chemical Probes Portal	toxicophore	0	No
IENLGMOXAQMNEH-CYBMUJFWSA-N	Chemical Probes Portal	published_date	0	2016-09-09
IENLGMOXAQMNEH-CYBMUJFWSA-N	Chemical Probes Portal	canSAR_ID	0	295716
IENLGMOXAQMNEH-CYBMUJFWSA-N	Chemical Probes Portal	url	0	https://www.chemicalprobes.org/cct244747
LHNIIDJUOCFXAP-UHFFFAOYSA-N	Chemical Probes Portal	rating_in_cell	0	3.25
LHNIIDJUOCFXAP-UHFFFAOYSA-N	Chemical Probes Portal	rating_in_organism	0	3
LHNIIDJUOCFXAP-UHFFFAOYSA-N	Chemical Probes Portal	rating_count	0	4
LHNIIDJUOCFXAP-UHFFFAOYSA-N	Chemical Probes Portal	unsuitable	0	No
LHNIIDJUOCFXAP-UHFFFAOYSA-N	Chemical Probes Portal	pains	0	No
LHNIIDJUOCFXAP-UHFFFAOYSA-N	Chemical Probes Portal	toxicophore	0	No
LHNIIDJUOCFXAP-UHFFFAOYSA-N	Chemical Probes Portal	published_date	0	2015-12-10
LHNIIDJUOCFXAP-UHFFFAOYSA-N	Chemical Probes Portal	canSAR_ID	0	627580
LHNIIDJUOCFXAP-UHFFFAOYSA-N	Chemical Probes Portal	url	0	https://www.chemicalprobes.org/pictilisib
PSICWGWNIOOULV-UHFFFAOYSA-N	Chemical Probes Portal	rating_in_cell	0	3
PSICWGWNIOOULV-UHFFFAOYSA-N	Chemical Probes Portal	rating_in_organism	0	0
PSICWGWNIOOULV-UHFFFAOYSA-N	Chemical Probes Portal	rating_count	0	3
PSICWGWNIOOULV-UHFFFAOYSA-N	Chemical Probes Portal	unsuitable	0	No
PSICWGWNIOOULV-UHFFFAOYSA-N	Chemical Probes Portal	pains	0	No
PSICWGWNIOOULV-UHFFFAOYSA-N	Chemical Probes Portal	toxicophore	0	Yes
PSICWGWNIOOULV-UHFFFAOYSA-N	Chemical Probes Portal	published_date	0	2016-10-17
PSICWGWNIOOULV-UHFFFAOYSA-N	Chemical Probes Portal	canSAR_ID	0	129518
PSICWGWNIOOULV-UHFFFAOYSA-N	Chemical Probes Portal	url	0	https://www.chemicalprobes.org/ecf309
UYUHRKLITDJEHB-UHFFFAOYSA-N	Chemical Probes Portal	rating_in_cell	0	3
UYUHRKLITDJEHB-UHFFFAOYSA-N	Chemical Probes Portal	rating_in_organism	0	1.6666666666666667
UYUHRKLITDJEHB-UHFFFAOYSA-N	Chemical Probes Portal	rating_count	0	3
UYUHRKLITDJEHB-UHFFFAOYSA-N	Chemical Probes Portal	unsuitable	0	No
UYUHRKLITDJEHB-UHFFFAOYSA-N	Chemical Probes Portal	pains	0	Yes
UYUHRKLITDJEHB-UHFFFAOYSA-N	Chemical Probes Portal	toxicophore	0	No
UYUHRKLITDJEHB-UHFFFAOYSA-N	Chemical Probes Portal	published_date	0	2015-12-10
UYUHRKLITDJEHB-UHFFFAOYSA-N	Chemical Probes Portal	canSAR_ID	0	2945471
UYUHRKLITDJEHB-UHFFFAOYSA-N	Chemical Probes Portal	url	0	https://www.chemicalprobes.org/hg-9-91-01
MJSHVHLADKXCML-RQNOJGIXSA-N	Chemical Probes Portal	rating_in_cell	0	3
MJSHVHLADKXCML-RQNOJGIXSA-N	Chemical Probes Portal	rating_in_organism	0	3
MJSHVHLADKXCML-RQNOJGIXSA-N	Chemical Probes Portal	rating_count	0	3
MJSHVHLADKXCML-RQNOJGIXSA-N	Chemical Probes Portal	unsuitable	0	No
MJSHVHLADKXCML-RQNOJGIXSA-N	Chemical Probes Portal	pains	0	Yes
MJSHVHLADKXCML-RQNOJGIXSA-N	Chemical Probes Portal	toxicophore	0	No
MJSHVHLADKXCML-RQNOJGIXSA-N	Chemical Probes Portal	published_date	0	2017-04-06
MJSHVHLADKXCML-RQNOJGIXSA-N	Chemical Probes Portal	canSAR_ID	0	617626
MJSHVHLADKXCML-RQNOJGIXSA-N	Chemical Probes Portal	url	0	https://www.chemicalprobes.org/unc2025
MYKOWOGZBMOVBJ-UHFFFAOYSA-N	Chemical Probes Portal	rating_in_cell	0	2.6666666666666665
MYKOWOGZBMOVBJ-UHFFFAOYSA-N	Chemical Probes Portal	rating_in_organism	0	0
MYKOWOGZBMOVBJ-UHFFFAOYSA-N	Chemical Probes Portal	rating_count	0	3
MYKOWOGZBMOVBJ-UHFFFAOYSA-N	Chemical Probes Portal	unsuitable	0	No
MYKOWOGZBMOVBJ-UHFFFAOYSA-N	Chemical Probes Portal	pains	0	No
MYKOWOGZBMOVBJ-UHFFFAOYSA-N	Chemical Probes Portal	toxicophore	0	No
MYKOWOGZBMOVBJ-UHFFFAOYSA-N	Chemical Probes Portal	published_date	0	2015-12-10
MYKOWOGZBMOVBJ-UHFFFAOYSA-N	Chemical Probes Portal	canSAR_ID	0	1514280
MYKOWOGZBMOVBJ-UHFFFAOYSA-N	Chemical Probes Portal	url	0	https://www.chemicalprobes.org/sto609
AHYMHWXQRWRBKT-UHFFFAOYSA-N	Chemical Probes Portal	rating_in_cell	0	0
AHYMHWXQRWRBKT-UHFFFAOYSA-N	Chemical Probes Portal	rating_in_organism	0	0
AHYMHWXQRWRBKT-UHFFFAOYSA-N	Chemical Probes Portal	rating_count	0	0
AHYMHWXQRWRBKT-UHFFFAOYSA-N	Chemical Probes Portal	unsuitable	0	No
AHYMHWXQRWRBKT-UHFFFAOYSA-N	Chemical Probes Portal	pains	0	No
AHYMHWXQRWRBKT-UHFFFAOYSA-N	Chemical Probes Portal	toxicophore	0	No
AHYMHWXQRWRBKT-UHFFFAOYSA-N	Chemical Probes Portal	published_date	0	2025-04-30
AHYMHWXQRWRBKT-UHFFFAOYSA-N	Chemical Probes Portal	canSAR_ID	0	740659
AHYMHWXQRWRBKT-UHFFFAOYSA-N	Chemical Probes Portal	url	0	https://www.chemicalprobes.org/emd-1214063
VASPFLVEEOBQOS-UHFFFAOYSA-N	Chemical Probes Portal	rating_in_cell	0	0
VASPFLVEEOBQOS-UHFFFAOYSA-N	Chemical Probes Portal	rating_in_organism	0	0
VASPFLVEEOBQOS-UHFFFAOYSA-N	Chemical Probes Portal	rating_count	0	0
VASPFLVEEOBQOS-UHFFFAOYSA-N	Chemical Probes Portal	unsuitable	0	No
VASPFLVEEOBQOS-UHFFFAOYSA-N	Chemical Probes Portal	pains	0	No
VASPFLVEEOBQOS-UHFFFAOYSA-N	Chemical Probes Portal	toxicophore	0	No
VASPFLVEEOBQOS-UHFFFAOYSA-N	Chemical Probes Portal	published_date	0	2025-04-30
VASPFLVEEOBQOS-UHFFFAOYSA-N	Chemical Probes Portal	canSAR_ID	0	4210034
VASPFLVEEOBQOS-UHFFFAOYSA-N	Chemical Probes Portal	url	0	https://www.chemicalprobes.org/htl-0041178
AYCPARAPKDAOEN-LJQANCHMSA-N	Chemical Probes Portal	rating_in_cell	0	2.5
AYCPARAPKDAOEN-LJQANCHMSA-N	Chemical Probes Portal	rating_in_organism	0	2.5
AYCPARAPKDAOEN-LJQANCHMSA-N	Chemical Probes Portal	rating_count	0	4
AYCPARAPKDAOEN-LJQANCHMSA-N	Chemical Probes Portal	unsuitable	0	No
AYCPARAPKDAOEN-LJQANCHMSA-N	Chemical Probes Portal	pains	0	No
AYCPARAPKDAOEN-LJQANCHMSA-N	Chemical Probes Portal	toxicophore	0	No
AYCPARAPKDAOEN-LJQANCHMSA-N	Chemical Probes Portal	published_date	0	2015-12-10
AYCPARAPKDAOEN-LJQANCHMSA-N	Chemical Probes Portal	canSAR_ID	0	651981
AYCPARAPKDAOEN-LJQANCHMSA-N	Chemical Probes Portal	url	0	https://www.chemicalprobes.org/pf-3758309
DEEOXSOLTLIWMG-UHFFFAOYSA-N	Chemical Probes Portal	rating_in_cell	0	2.3333333333333335
DEEOXSOLTLIWMG-UHFFFAOYSA-N	Chemical Probes Portal	rating_in_organism	0	2.5
DEEOXSOLTLIWMG-UHFFFAOYSA-N	Chemical Probes Portal	rating_count	0	3
DEEOXSOLTLIWMG-UHFFFAOYSA-N	Chemical Probes Portal	unsuitable	0	No
DEEOXSOLTLIWMG-UHFFFAOYSA-N	Chemical Probes Portal	pains	0	No
DEEOXSOLTLIWMG-UHFFFAOYSA-N	Chemical Probes Portal	toxicophore	0	No
DEEOXSOLTLIWMG-UHFFFAOYSA-N	Chemical Probes Portal	published_date	0	2015-12-10
DEEOXSOLTLIWMG-UHFFFAOYSA-N	Chemical Probes Portal	canSAR_ID	0	327322
DEEOXSOLTLIWMG-UHFFFAOYSA-N	Chemical Probes Portal	url	0	https://www.chemicalprobes.org/cp-673451
SCFMWQIQBVZOQR-UHFFFAOYSA-N	Chemical Probes Portal	rating_in_cell	0	2
SCFMWQIQBVZOQR-UHFFFAOYSA-N	Chemical Probes Portal	rating_in_organism	0	2
SCFMWQIQBVZOQR-UHFFFAOYSA-N	Chemical Probes Portal	rating_count	0	3
SCFMWQIQBVZOQR-UHFFFAOYSA-N	Chemical Probes Portal	unsuitable	0	No
SCFMWQIQBVZOQR-UHFFFAOYSA-N	Chemical Probes Portal	pains	0	No
SCFMWQIQBVZOQR-UHFFFAOYSA-N	Chemical Probes Portal	toxicophore	0	No
SCFMWQIQBVZOQR-UHFFFAOYSA-N	Chemical Probes Portal	published_date	0	2015-12-10
SCFMWQIQBVZOQR-UHFFFAOYSA-N	Chemical Probes Portal	canSAR_ID	0	1597130
SCFMWQIQBVZOQR-UHFFFAOYSA-N	Chemical Probes Portal	url	0	https://www.chemicalprobes.org/bms-265246
DTEKTGDVSARYDS-UHFFFAOYSA-N	Chemical Probes Portal	rating_in_cell	0	2
DTEKTGDVSARYDS-UHFFFAOYSA-N	Chemical Probes Portal	rating_in_organism	0	1
DTEKTGDVSARYDS-UHFFFAOYSA-N	Chemical Probes Portal	rating_count	0	3
DTEKTGDVSARYDS-UHFFFAOYSA-N	Chemical Probes Portal	unsuitable	0	No
DTEKTGDVSARYDS-UHFFFAOYSA-N	Chemical Probes Portal	pains	0	No
DTEKTGDVSARYDS-UHFFFAOYSA-N	Chemical Probes Portal	toxicophore	0	No
DTEKTGDVSARYDS-UHFFFAOYSA-N	Chemical Probes Portal	published_date	0	2015-12-10
DTEKTGDVSARYDS-UHFFFAOYSA-N	Chemical Probes Portal	canSAR_ID	0	1913977
DTEKTGDVSARYDS-UHFFFAOYSA-N	Chemical Probes Portal	url	0	https://www.chemicalprobes.org/bi-d1870
XQVVPGYIWAGRNI-JOCHJYFZSA-N	Chemical Probes Portal	rating_in_cell	0	2
XQVVPGYIWAGRNI-JOCHJYFZSA-N	Chemical Probes Portal	rating_in_organism	0	2
XQVVPGYIWAGRNI-JOCHJYFZSA-N	Chemical Probes Portal	rating_count	0	3
XQVVPGYIWAGRNI-JOCHJYFZSA-N	Chemical Probes Portal	unsuitable	0	No
XQVVPGYIWAGRNI-JOCHJYFZSA-N	Chemical Probes Portal	pains	0	No
XQVVPGYIWAGRNI-JOCHJYFZSA-N	Chemical Probes Portal	toxicophore	0	No
XQVVPGYIWAGRNI-JOCHJYFZSA-N	Chemical Probes Portal	published_date	0	2015-12-10
XQVVPGYIWAGRNI-JOCHJYFZSA-N	Chemical Probes Portal	canSAR_ID	0	763292
XQVVPGYIWAGRNI-JOCHJYFZSA-N	Chemical Probes Portal	url	0	https://www.chemicalprobes.org/bi2536
QAPAJIZPZGWAND-UHFFFAOYSA-N	Chemical Probes Portal	rating_in_cell	0	1.6666666666666667
QAPAJIZPZGWAND-UHFFFAOYSA-N	Chemical Probes Portal	rating_in_organism	0	3
QAPAJIZPZGWAND-UHFFFAOYSA-N	Chemical Probes Portal	rating_count	0	3
QAPAJIZPZGWAND-UHFFFAOYSA-N	Chemical Probes Portal	unsuitable	0	No
QAPAJIZPZGWAND-UHFFFAOYSA-N	Chemical Probes Portal	pains	0	Yes
QAPAJIZPZGWAND-UHFFFAOYSA-N	Chemical Probes Portal	toxicophore	0	No
QAPAJIZPZGWAND-UHFFFAOYSA-N	Chemical Probes Portal	published_date	0	2015-12-10
QAPAJIZPZGWAND-UHFFFAOYSA-N	Chemical Probes Portal	canSAR_ID	0	641963
QAPAJIZPZGWAND-UHFFFAOYSA-N	Chemical Probes Portal	url	0	https://www.chemicalprobes.org/xmd8-92
KTUFNOKKBVMGRW-UHFFFAOYSA-N	Chemical Probes Portal	rating_in_cell	0	1
KTUFNOKKBVMGRW-UHFFFAOYSA-N	Chemical Probes Portal	rating_in_organism	0	1
KTUFNOKKBVMGRW-UHFFFAOYSA-N	Chemical Probes Portal	rating_count	0	3
KTUFNOKKBVMGRW-UHFFFAOYSA-N	Chemical Probes Portal	unsuitable	0	No
KTUFNOKKBVMGRW-UHFFFAOYSA-N	Chemical Probes Portal	pains	0	No
KTUFNOKKBVMGRW-UHFFFAOYSA-N	Chemical Probes Portal	toxicophore	0	No
KTUFNOKKBVMGRW-UHFFFAOYSA-N	Chemical Probes Portal	published_date	0	2015-12-10
KTUFNOKKBVMGRW-UHFFFAOYSA-N	Chemical Probes Portal	canSAR_ID	0	713353
KTUFNOKKBVMGRW-UHFFFAOYSA-N	Chemical Probes Portal	url	0	https://www.chemicalprobes.org/imatinib
LQBVNQSMGBZMKD-UHFFFAOYSA-N	Chemical Probes Portal	rating_in_cell	0	4
LQBVNQSMGBZMKD-UHFFFAOYSA-N	Chemical Probes Portal	rating_in_organism	0	4
LQBVNQSMGBZMKD-UHFFFAOYSA-N	Chemical Probes Portal	rating_count	0	3
LQBVNQSMGBZMKD-UHFFFAOYSA-N	Chemical Probes Portal	unsuitable	0	No
LQBVNQSMGBZMKD-UHFFFAOYSA-N	Chemical Probes Portal	pains	0	No
LQBVNQSMGBZMKD-UHFFFAOYSA-N	Chemical Probes Portal	toxicophore	0	No
LQBVNQSMGBZMKD-UHFFFAOYSA-N	Chemical Probes Portal	published_date	0	2017-03-07
LQBVNQSMGBZMKD-UHFFFAOYSA-N	Chemical Probes Portal	canSAR_ID	0	990201
LQBVNQSMGBZMKD-UHFFFAOYSA-N	Chemical Probes Portal	url	0	https://www.chemicalprobes.org/venetoclax
SOYCFODXNRVBTI-UHFFFAOYSA-N	Chemical Probes Portal	rating_in_cell	0	3
SOYCFODXNRVBTI-UHFFFAOYSA-N	Chemical Probes Portal	rating_in_organism	0	2.6666666666666665
SOYCFODXNRVBTI-UHFFFAOYSA-N	Chemical Probes Portal	rating_count	0	3
SOYCFODXNRVBTI-UHFFFAOYSA-N	Chemical Probes Portal	unsuitable	0	No
SOYCFODXNRVBTI-UHFFFAOYSA-N	Chemical Probes Portal	pains	0	No
SOYCFODXNRVBTI-UHFFFAOYSA-N	Chemical Probes Portal	toxicophore	0	No
SOYCFODXNRVBTI-UHFFFAOYSA-N	Chemical Probes Portal	published_date	0	2017-04-04
SOYCFODXNRVBTI-UHFFFAOYSA-N	Chemical Probes Portal	canSAR_ID	0	922883
SOYCFODXNRVBTI-UHFFFAOYSA-N	Chemical Probes Portal	url	0	https://www.chemicalprobes.org/1155463
JKMWZKPAXZBYEH-JWHWKPFMSA-N	Chemical Probes Portal	rating_in_cell	0	3
JKMWZKPAXZBYEH-JWHWKPFMSA-N	Chemical Probes Portal	rating_in_organism	0	1
JKMWZKPAXZBYEH-JWHWKPFMSA-N	Chemical Probes Portal	rating_count	0	1
JKMWZKPAXZBYEH-JWHWKPFMSA-N	Chemical Probes Portal	unsuitable	0	No
JKMWZKPAXZBYEH-JWHWKPFMSA-N	Chemical Probes Portal	pains	0	No
JKMWZKPAXZBYEH-JWHWKPFMSA-N	Chemical Probes Portal	toxicophore	0	Yes
JKMWZKPAXZBYEH-JWHWKPFMSA-N	Chemical Probes Portal	published_date	0	2017-06-22
JKMWZKPAXZBYEH-JWHWKPFMSA-N	Chemical Probes Portal	canSAR_ID	0	841272
JKMWZKPAXZBYEH-JWHWKPFMSA-N	Chemical Probes Portal	url	0	https://www.chemicalprobes.org/wehi-539
XMVAWGSQPHFXKU-UHFFFAOYSA-N	Chemical Probes Portal	rating_in_cell	0	2.6666666666666665
XMVAWGSQPHFXKU-UHFFFAOYSA-N	Chemical Probes Portal	rating_in_organism	0	1.5
XMVAWGSQPHFXKU-UHFFFAOYSA-N	Chemical Probes Portal	rating_count	0	3
XMVAWGSQPHFXKU-UHFFFAOYSA-N	Chemical Probes Portal	unsuitable	0	No
XMVAWGSQPHFXKU-UHFFFAOYSA-N	Chemical Probes Portal	pains	0	Yes
XMVAWGSQPHFXKU-UHFFFAOYSA-N	Chemical Probes Portal	toxicophore	0	No
XMVAWGSQPHFXKU-UHFFFAOYSA-N	Chemical Probes Portal	published_date	0	2017-04-04
XMVAWGSQPHFXKU-UHFFFAOYSA-N	Chemical Probes Portal	canSAR_ID	0	990301
XMVAWGSQPHFXKU-UHFFFAOYSA-N	Chemical Probes Portal	url	0	https://www.chemicalprobes.org/1210477
ZFBHXVOCZBPADE-SSEXGKCCSA-N	Chemical Probes Portal	rating_in_cell	0	4
ZFBHXVOCZBPADE-SSEXGKCCSA-N	Chemical Probes Portal	rating_in_organism	0	3
ZFBHXVOCZBPADE-SSEXGKCCSA-N	Chemical Probes Portal	rating_count	0	4
ZFBHXVOCZBPADE-SSEXGKCCSA-N	Chemical Probes Portal	unsuitable	0	No
ZFBHXVOCZBPADE-SSEXGKCCSA-N	Chemical Probes Portal	pains	0	No
ZFBHXVOCZBPADE-SSEXGKCCSA-N	Chemical Probes Portal	toxicophore	0	No
ZFBHXVOCZBPADE-SSEXGKCCSA-N	Chemical Probes Portal	published_date	0	2017-04-24
ZFBHXVOCZBPADE-SSEXGKCCSA-N	Chemical Probes Portal	canSAR_ID	0	2959159
ZFBHXVOCZBPADE-SSEXGKCCSA-N	Chemical Probes Portal	url	0	https://www.chemicalprobes.org/s63845
SXQZEMXQTRNLRZ-HXUWFJFHSA-N	Chemical Probes Portal	rating_in_cell	0	3
SXQZEMXQTRNLRZ-HXUWFJFHSA-N	Chemical Probes Portal	rating_in_organism	0	0
SXQZEMXQTRNLRZ-HXUWFJFHSA-N	Chemical Probes Portal	rating_count	0	2
SXQZEMXQTRNLRZ-HXUWFJFHSA-N	Chemical Probes Portal	unsuitable	0	No
SXQZEMXQTRNLRZ-HXUWFJFHSA-N	Chemical Probes Portal	pains	0	No
SXQZEMXQTRNLRZ-HXUWFJFHSA-N	Chemical Probes Portal	toxicophore	0	Yes
SXQZEMXQTRNLRZ-HXUWFJFHSA-N	Chemical Probes Portal	published_date	0	2023-05-18
SXQZEMXQTRNLRZ-HXUWFJFHSA-N	Chemical Probes Portal	canSAR_ID	0	3935410
SXQZEMXQTRNLRZ-HXUWFJFHSA-N	Chemical Probes Portal	url	0	https://www.chemicalprobes.org/r-skbg-1
GXTJETQFYHZHNB-GASCZTMLSA-N	Chemical Probes Portal	rating_in_cell	0	4
GXTJETQFYHZHNB-GASCZTMLSA-N	Chemical Probes Portal	rating_in_organism	0	3
GXTJETQFYHZHNB-GASCZTMLSA-N	Chemical Probes Portal	rating_count	0	3
GXTJETQFYHZHNB-GASCZTMLSA-N	Chemical Probes Portal	unsuitable	0	No
GXTJETQFYHZHNB-GASCZTMLSA-N	Chemical Probes Portal	pains	0	No
GXTJETQFYHZHNB-GASCZTMLSA-N	Chemical Probes Portal	toxicophore	0	No
GXTJETQFYHZHNB-GASCZTMLSA-N	Chemical Probes Portal	published_date	0	2021-01-20
GXTJETQFYHZHNB-GASCZTMLSA-N	Chemical Probes Portal	canSAR_ID	0	2897538
GXTJETQFYHZHNB-GASCZTMLSA-N	Chemical Probes Portal	url	0	https://www.chemicalprobes.org/bi-3802
QLXULUNLCRKWRD-UHFFFAOYSA-N	Chemical Probes Portal	rating_in_cell	0	3
QLXULUNLCRKWRD-UHFFFAOYSA-N	Chemical Probes Portal	rating_in_organism	0	3
QLXULUNLCRKWRD-UHFFFAOYSA-N	Chemical Probes Portal	rating_count	0	2
QLXULUNLCRKWRD-UHFFFAOYSA-N	Chemical Probes Portal	unsuitable	0	No
QLXULUNLCRKWRD-UHFFFAOYSA-N	Chemical Probes Portal	pains	0	No
QLXULUNLCRKWRD-UHFFFAOYSA-N	Chemical Probes Portal	toxicophore	0	Yes
QLXULUNLCRKWRD-UHFFFAOYSA-N	Chemical Probes Portal	published_date	0	2020-07-09
QLXULUNLCRKWRD-UHFFFAOYSA-N	Chemical Probes Portal	canSAR_ID	0	2843004
QLXULUNLCRKWRD-UHFFFAOYSA-N	Chemical Probes Portal	url	0	https://www.chemicalprobes.org/wm-1119
JWZSSEWMVYKYKW-UHFFFAOYSA-N	Chemical Probes Portal	rating_in_cell	0	3.5
JWZSSEWMVYKYKW-UHFFFAOYSA-N	Chemical Probes Portal	rating_in_organism	0	0
JWZSSEWMVYKYKW-UHFFFAOYSA-N	Chemical Probes Portal	rating_count	0	2
JWZSSEWMVYKYKW-UHFFFAOYSA-N	Chemical Probes Portal	unsuitable	0	No
JWZSSEWMVYKYKW-UHFFFAOYSA-N	Chemical Probes Portal	pains	0	No
JWZSSEWMVYKYKW-UHFFFAOYSA-N	Chemical Probes Portal	toxicophore	0	No
JWZSSEWMVYKYKW-UHFFFAOYSA-N	Chemical Probes Portal	published_date	0	2020-05-17
JWZSSEWMVYKYKW-UHFFFAOYSA-N	Chemical Probes Portal	canSAR_ID	0	923369
JWZSSEWMVYKYKW-UHFFFAOYSA-N	Chemical Probes Portal	url	0	https://www.chemicalprobes.org/fs-694
VYWRYBZVVSPTQN-SANMLTNESA-N	Chemical Probes Portal	rating_in_cell	0	4
VYWRYBZVVSPTQN-SANMLTNESA-N	Chemical Probes Portal	rating_in_organism	0	0
VYWRYBZVVSPTQN-SANMLTNESA-N	Chemical Probes Portal	rating_count	0	1
VYWRYBZVVSPTQN-SANMLTNESA-N	Chemical Probes Portal	unsuitable	0	No
VYWRYBZVVSPTQN-SANMLTNESA-N	Chemical Probes Portal	pains	0	No
VYWRYBZVVSPTQN-SANMLTNESA-N	Chemical Probes Portal	toxicophore	0	No
VYWRYBZVVSPTQN-SANMLTNESA-N	Chemical Probes Portal	published_date	0	2024-12-12
VYWRYBZVVSPTQN-SANMLTNESA-N	Chemical Probes Portal	canSAR_ID	0	4448820
VYWRYBZVVSPTQN-SANMLTNESA-N	Chemical Probes Portal	url	0	https://www.chemicalprobes.org/rly-2608
OZFFKOSQNBBYCA-UHFFFAOYSA-N	Chemical Probes Portal	rating_in_cell	0	3.3333333333333335
OZFFKOSQNBBYCA-UHFFFAOYSA-N	Chemical Probes Portal	rating_in_organism	0	0
OZFFKOSQNBBYCA-UHFFFAOYSA-N	Chemical Probes Portal	rating_count	0	3
OZFFKOSQNBBYCA-UHFFFAOYSA-N	Chemical Probes Portal	unsuitable	0	No
OZFFKOSQNBBYCA-UHFFFAOYSA-N	Chemical Probes Portal	pains	0	No
OZFFKOSQNBBYCA-UHFFFAOYSA-N	Chemical Probes Portal	toxicophore	0	No
OZFFKOSQNBBYCA-UHFFFAOYSA-N	Chemical Probes Portal	published_date	0	2020-08-03
OZFFKOSQNBBYCA-UHFFFAOYSA-N	Chemical Probes Portal	canSAR_ID	0	3048723
OZFFKOSQNBBYCA-UHFFFAOYSA-N	Chemical Probes Portal	url	0	https://www.chemicalprobes.org/bay-3827
ONIQOQHATWINJY-UHFFFAOYSA-N	Chemical Probes Portal	rating_in_cell	0	0
ONIQOQHATWINJY-UHFFFAOYSA-N	Chemical Probes Portal	rating_in_organism	0	0
ONIQOQHATWINJY-UHFFFAOYSA-N	Chemical Probes Portal	rating_count	0	0
ONIQOQHATWINJY-UHFFFAOYSA-N	Chemical Probes Portal	unsuitable	0	No
ONIQOQHATWINJY-UHFFFAOYSA-N	Chemical Probes Portal	pains	0	No
ONIQOQHATWINJY-UHFFFAOYSA-N	Chemical Probes Portal	toxicophore	0	No
ONIQOQHATWINJY-UHFFFAOYSA-N	Chemical Probes Portal	published_date	0	2021-02-17
ONIQOQHATWINJY-UHFFFAOYSA-N	Chemical Probes Portal	canSAR_ID	0	735720
ONIQOQHATWINJY-UHFFFAOYSA-N	Chemical Probes Portal	url	0	https://www.chemicalprobes.org/cabozantinib
WBLVOWHFRUAMCP-UHFFFAOYSA-N	Chemical Probes Portal	rating_in_cell	0	0
WBLVOWHFRUAMCP-UHFFFAOYSA-N	Chemical Probes Portal	rating_in_organism	0	0
WBLVOWHFRUAMCP-UHFFFAOYSA-N	Chemical Probes Portal	rating_count	0	0
WBLVOWHFRUAMCP-UHFFFAOYSA-N	Chemical Probes Portal	unsuitable	0	No
WBLVOWHFRUAMCP-UHFFFAOYSA-N	Chemical Probes Portal	pains	0	No
WBLVOWHFRUAMCP-UHFFFAOYSA-N	Chemical Probes Portal	toxicophore	0	No
WBLVOWHFRUAMCP-UHFFFAOYSA-N	Chemical Probes Portal	published_date	0	2022-07-06
WBLVOWHFRUAMCP-UHFFFAOYSA-N	Chemical Probes Portal	canSAR_ID	0	118241
WBLVOWHFRUAMCP-UHFFFAOYSA-N	Chemical Probes Portal	url	0	https://www.chemicalprobes.org/ml352
DTBGJTHCIGPRDA-UHFFFAOYSA-N	Chemical Probes Portal	rating_in_cell	0	3.6666666666666665
DTBGJTHCIGPRDA-UHFFFAOYSA-N	Chemical Probes Portal	rating_in_organism	0	3.3333333333333335
DTBGJTHCIGPRDA-UHFFFAOYSA-N	Chemical Probes Portal	rating_count	0	3
DTBGJTHCIGPRDA-UHFFFAOYSA-N	Chemical Probes Portal	unsuitable	0	No
DTBGJTHCIGPRDA-UHFFFAOYSA-N	Chemical Probes Portal	pains	0	No
DTBGJTHCIGPRDA-UHFFFAOYSA-N	Chemical Probes Portal	toxicophore	0	No
DTBGJTHCIGPRDA-UHFFFAOYSA-N	Chemical Probes Portal	published_date	0	2021-05-06
DTBGJTHCIGPRDA-UHFFFAOYSA-N	Chemical Probes Portal	canSAR_ID	0	3313073
DTBGJTHCIGPRDA-UHFFFAOYSA-N	Chemical Probes Portal	url	0	https://www.chemicalprobes.org/stm2457
DKZYXHCYPUVGAF-JCNLHEQBSA-N	Chemical Probes Portal	rating_in_cell	0	1.5
DKZYXHCYPUVGAF-JCNLHEQBSA-N	Chemical Probes Portal	rating_in_organism	0	2
DKZYXHCYPUVGAF-JCNLHEQBSA-N	Chemical Probes Portal	rating_count	0	2
DKZYXHCYPUVGAF-JCNLHEQBSA-N	Chemical Probes Portal	unsuitable	0	No
DKZYXHCYPUVGAF-JCNLHEQBSA-N	Chemical Probes Portal	pains	0	No
DKZYXHCYPUVGAF-JCNLHEQBSA-N	Chemical Probes Portal	toxicophore	0	No
DKZYXHCYPUVGAF-JCNLHEQBSA-N	Chemical Probes Portal	published_date	0	2015-12-10
DKZYXHCYPUVGAF-JCNLHEQBSA-N	Chemical Probes Portal	canSAR_ID	0	537794
DKZYXHCYPUVGAF-JCNLHEQBSA-N	Chemical Probes Portal	url	0	https://www.chemicalprobes.org/otssp167
SXWMIXPJPNCXQQ-UHFFFAOYSA-N	Chemical Probes Portal	rating_in_cell	0	2
SXWMIXPJPNCXQQ-UHFFFAOYSA-N	Chemical Probes Portal	rating_in_organism	0	2
SXWMIXPJPNCXQQ-UHFFFAOYSA-N	Chemical Probes Portal	rating_count	0	3
SXWMIXPJPNCXQQ-UHFFFAOYSA-N	Chemical Probes Portal	unsuitable	0	No
SXWMIXPJPNCXQQ-UHFFFAOYSA-N	Chemical Probes Portal	pains	0	No
SXWMIXPJPNCXQQ-UHFFFAOYSA-N	Chemical Probes Portal	toxicophore	0	No
SXWMIXPJPNCXQQ-UHFFFAOYSA-N	Chemical Probes Portal	published_date	0	2020-11-27
SXWMIXPJPNCXQQ-UHFFFAOYSA-N	Chemical Probes Portal	canSAR_ID	0	3128514
SXWMIXPJPNCXQQ-UHFFFAOYSA-N	Chemical Probes Portal	url	0	https://www.chemicalprobes.org/g749
BKWJAKQVGHWELA-UHFFFAOYSA-N	Chemical Probes Portal	rating_in_cell	0	2.5
BKWJAKQVGHWELA-UHFFFAOYSA-N	Chemical Probes Portal	rating_in_organism	0	3
BKWJAKQVGHWELA-UHFFFAOYSA-N	Chemical Probes Portal	rating_count	0	2
BKWJAKQVGHWELA-UHFFFAOYSA-N	Chemical Probes Portal	unsuitable	0	No
BKWJAKQVGHWELA-UHFFFAOYSA-N	Chemical Probes Portal	pains	0	Yes
BKWJAKQVGHWELA-UHFFFAOYSA-N	Chemical Probes Portal	toxicophore	0	No
BKWJAKQVGHWELA-UHFFFAOYSA-N	Chemical Probes Portal	published_date	0	2020-10-26
BKWJAKQVGHWELA-UHFFFAOYSA-N	Chemical Probes Portal	canSAR_ID	0	732889
BKWJAKQVGHWELA-UHFFFAOYSA-N	Chemical Probes Portal	url	0	https://www.chemicalprobes.org/adavosertib
YKDZIFFKQUNVHH-UHFFFAOYSA-N	Chemical Probes Portal	rating_in_cell	0	3
YKDZIFFKQUNVHH-UHFFFAOYSA-N	Chemical Probes Portal	rating_in_organism	0	0
YKDZIFFKQUNVHH-UHFFFAOYSA-N	Chemical Probes Portal	rating_count	0	2
YKDZIFFKQUNVHH-UHFFFAOYSA-N	Chemical Probes Portal	unsuitable	0	No
YKDZIFFKQUNVHH-UHFFFAOYSA-N	Chemical Probes Portal	pains	0	No
YKDZIFFKQUNVHH-UHFFFAOYSA-N	Chemical Probes Portal	toxicophore	0	No
YKDZIFFKQUNVHH-UHFFFAOYSA-N	Chemical Probes Portal	published_date	0	2021-01-30
YKDZIFFKQUNVHH-UHFFFAOYSA-N	Chemical Probes Portal	canSAR_ID	0	2849516
YKDZIFFKQUNVHH-UHFFFAOYSA-N	Chemical Probes Portal	url	0	https://www.chemicalprobes.org/sgc-ck2-1
GJYVLTPTDBQQCY-UHFFFAOYSA-N	Chemical Probes Portal	rating_in_cell	0	3
GJYVLTPTDBQQCY-UHFFFAOYSA-N	Chemical Probes Portal	rating_in_organism	0	2
GJYVLTPTDBQQCY-UHFFFAOYSA-N	Chemical Probes Portal	rating_count	0	2
GJYVLTPTDBQQCY-UHFFFAOYSA-N	Chemical Probes Portal	unsuitable	0	No
GJYVLTPTDBQQCY-UHFFFAOYSA-N	Chemical Probes Portal	pains	0	No
GJYVLTPTDBQQCY-UHFFFAOYSA-N	Chemical Probes Portal	toxicophore	0	No
GJYVLTPTDBQQCY-UHFFFAOYSA-N	Chemical Probes Portal	published_date	0	2021-01-30
GJYVLTPTDBQQCY-UHFFFAOYSA-N	Chemical Probes Portal	canSAR_ID	0	240606
GJYVLTPTDBQQCY-UHFFFAOYSA-N	Chemical Probes Portal	url	0	https://www.chemicalprobes.org/sgc-clk-1
IRTDIKMSKMREGO-OAHLLOKOSA-N	Chemical Probes Portal	rating_in_cell	0	3
IRTDIKMSKMREGO-OAHLLOKOSA-N	Chemical Probes Portal	rating_in_organism	0	3.3333333333333335
IRTDIKMSKMREGO-OAHLLOKOSA-N	Chemical Probes Portal	rating_count	0	3
IRTDIKMSKMREGO-OAHLLOKOSA-N	Chemical Probes Portal	unsuitable	0	No
IRTDIKMSKMREGO-OAHLLOKOSA-N	Chemical Probes Portal	pains	0	No
IRTDIKMSKMREGO-OAHLLOKOSA-N	Chemical Probes Portal	toxicophore	0	No
IRTDIKMSKMREGO-OAHLLOKOSA-N	Chemical Probes Portal	published_date	0	2020-10-26
IRTDIKMSKMREGO-OAHLLOKOSA-N	Chemical Probes Portal	canSAR_ID	0	295376
IRTDIKMSKMREGO-OAHLLOKOSA-N	Chemical Probes Portal	url	0	https://www.chemicalprobes.org/azd-6482
SUNXHXDJOIXABJ-NSHDSACASA-N	Chemical Probes Portal	rating_in_cell	0	3.3333333333333335
SUNXHXDJOIXABJ-NSHDSACASA-N	Chemical Probes Portal	rating_in_organism	0	0
SUNXHXDJOIXABJ-NSHDSACASA-N	Chemical Probes Portal	rating_count	0	3
SUNXHXDJOIXABJ-NSHDSACASA-N	Chemical Probes Portal	unsuitable	0	No
SUNXHXDJOIXABJ-NSHDSACASA-N	Chemical Probes Portal	pains	0	No
SUNXHXDJOIXABJ-NSHDSACASA-N	Chemical Probes Portal	toxicophore	0	No
SUNXHXDJOIXABJ-NSHDSACASA-N	Chemical Probes Portal	published_date	0	2020-11-27
SUNXHXDJOIXABJ-NSHDSACASA-N	Chemical Probes Portal	canSAR_ID	0	1711060
SUNXHXDJOIXABJ-NSHDSACASA-N	Chemical Probes Portal	url	0	https://www.chemicalprobes.org/az-960
CDOOFZZILLRUQH-GDLZYMKVSA-N	Chemical Probes Portal	rating_in_cell	0	3
CDOOFZZILLRUQH-GDLZYMKVSA-N	Chemical Probes Portal	rating_in_organism	0	3
CDOOFZZILLRUQH-GDLZYMKVSA-N	Chemical Probes Portal	rating_count	0	3
CDOOFZZILLRUQH-GDLZYMKVSA-N	Chemical Probes Portal	unsuitable	0	No
CDOOFZZILLRUQH-GDLZYMKVSA-N	Chemical Probes Portal	pains	0	No
CDOOFZZILLRUQH-GDLZYMKVSA-N	Chemical Probes Portal	toxicophore	0	No
CDOOFZZILLRUQH-GDLZYMKVSA-N	Chemical Probes Portal	published_date	0	2020-11-17
CDOOFZZILLRUQH-GDLZYMKVSA-N	Chemical Probes Portal	canSAR_ID	0	887849
CDOOFZZILLRUQH-GDLZYMKVSA-N	Chemical Probes Portal	url	0	https://www.chemicalprobes.org/gdc-0834
VMJFTOSOFDEKTM-UHFFFAOYSA-N	Chemical Probes Portal	rating_in_cell	0	3.5
VMJFTOSOFDEKTM-UHFFFAOYSA-N	Chemical Probes Portal	rating_in_organism	0	3.5
VMJFTOSOFDEKTM-UHFFFAOYSA-N	Chemical Probes Portal	rating_count	0	2
VMJFTOSOFDEKTM-UHFFFAOYSA-N	Chemical Probes Portal	unsuitable	0	No
VMJFTOSOFDEKTM-UHFFFAOYSA-N	Chemical Probes Portal	pains	0	No
VMJFTOSOFDEKTM-UHFFFAOYSA-N	Chemical Probes Portal	toxicophore	0	No
VMJFTOSOFDEKTM-UHFFFAOYSA-N	Chemical Probes Portal	published_date	0	2020-11-26
VMJFTOSOFDEKTM-UHFFFAOYSA-N	Chemical Probes Portal	canSAR_ID	0	597001
VMJFTOSOFDEKTM-UHFFFAOYSA-N	Chemical Probes Portal	url	0	https://www.chemicalprobes.org/mk-8033
WKIALOXOAZXGMG-UHFFFAOYSA-N	Chemical Probes Portal	rating_in_cell	0	3.6666666666666665
WKIALOXOAZXGMG-UHFFFAOYSA-N	Chemical Probes Portal	rating_in_organism	0	4
WKIALOXOAZXGMG-UHFFFAOYSA-N	Chemical Probes Portal	rating_count	0	3
WKIALOXOAZXGMG-UHFFFAOYSA-N	Chemical Probes Portal	unsuitable	0	No
WKIALOXOAZXGMG-UHFFFAOYSA-N	Chemical Probes Portal	pains	0	No
WKIALOXOAZXGMG-UHFFFAOYSA-N	Chemical Probes Portal	toxicophore	0	No
WKIALOXOAZXGMG-UHFFFAOYSA-N	Chemical Probes Portal	published_date	0	2020-11-26
WKIALOXOAZXGMG-UHFFFAOYSA-N	Chemical Probes Portal	canSAR_ID	0	3313065
WKIALOXOAZXGMG-UHFFFAOYSA-N	Chemical Probes Portal	url	0	https://www.chemicalprobes.org/amg-337
XWQVQSXLXAXOPJ-QNGMFEMESA-N	Chemical Probes Portal	rating_in_cell	0	4
XWQVQSXLXAXOPJ-QNGMFEMESA-N	Chemical Probes Portal	rating_in_organism	0	0
XWQVQSXLXAXOPJ-QNGMFEMESA-N	Chemical Probes Portal	rating_count	0	2
XWQVQSXLXAXOPJ-QNGMFEMESA-N	Chemical Probes Portal	unsuitable	0	No
XWQVQSXLXAXOPJ-QNGMFEMESA-N	Chemical Probes Portal	pains	0	No
XWQVQSXLXAXOPJ-QNGMFEMESA-N	Chemical Probes Portal	toxicophore	0	No
XWQVQSXLXAXOPJ-QNGMFEMESA-N	Chemical Probes Portal	published_date	0	2021-05-11
XWQVQSXLXAXOPJ-QNGMFEMESA-N	Chemical Probes Portal	canSAR_ID	0	3313070
XWQVQSXLXAXOPJ-QNGMFEMESA-N	Chemical Probes Portal	url	0	https://www.chemicalprobes.org/nvp-2
KNLROUBMVYVLGX-UHFFFAOYSA-N	Chemical Probes Portal	rating_in_cell	0	2.3333333333333335
KNLROUBMVYVLGX-UHFFFAOYSA-N	Chemical Probes Portal	rating_in_organism	0	2.3333333333333335
KNLROUBMVYVLGX-UHFFFAOYSA-N	Chemical Probes Portal	rating_count	0	3
KNLROUBMVYVLGX-UHFFFAOYSA-N	Chemical Probes Portal	unsuitable	0	No
KNLROUBMVYVLGX-UHFFFAOYSA-N	Chemical Probes Portal	pains	0	No
KNLROUBMVYVLGX-UHFFFAOYSA-N	Chemical Probes Portal	toxicophore	0	Yes
KNLROUBMVYVLGX-UHFFFAOYSA-N	Chemical Probes Portal	published_date	0	2016-09-09
KNLROUBMVYVLGX-UHFFFAOYSA-N	Chemical Probes Portal	canSAR_ID	0	1788744
KNLROUBMVYVLGX-UHFFFAOYSA-N	Chemical Probes Portal	url	0	https://www.chemicalprobes.org/jak3i
AUWUGRCKTQSGJY-HHHXNRCGSA-N	Chemical Probes Portal	rating_in_cell	0	2.3333333333333335
AUWUGRCKTQSGJY-HHHXNRCGSA-N	Chemical Probes Portal	rating_in_organism	0	2
AUWUGRCKTQSGJY-HHHXNRCGSA-N	Chemical Probes Portal	rating_count	0	3
AUWUGRCKTQSGJY-HHHXNRCGSA-N	Chemical Probes Portal	unsuitable	0	No
AUWUGRCKTQSGJY-HHHXNRCGSA-N	Chemical Probes Portal	pains	0	No
AUWUGRCKTQSGJY-HHHXNRCGSA-N	Chemical Probes Portal	toxicophore	0	No
AUWUGRCKTQSGJY-HHHXNRCGSA-N	Chemical Probes Portal	published_date	0	2016-08-08
AUWUGRCKTQSGJY-HHHXNRCGSA-N	Chemical Probes Portal	canSAR_ID	0	385619
AUWUGRCKTQSGJY-HHHXNRCGSA-N	Chemical Probes Portal	url	0	https://www.chemicalprobes.org/miv-6r
IXZOHGPZAQLIBH-NRFANRHFSA-N	Chemical Probes Portal	rating_in_cell	0	0
IXZOHGPZAQLIBH-NRFANRHFSA-N	Chemical Probes Portal	rating_in_organism	0	0
IXZOHGPZAQLIBH-NRFANRHFSA-N	Chemical Probes Portal	rating_count	0	0
IXZOHGPZAQLIBH-NRFANRHFSA-N	Chemical Probes Portal	unsuitable	0	No
IXZOHGPZAQLIBH-NRFANRHFSA-N	Chemical Probes Portal	pains	0	No
IXZOHGPZAQLIBH-NRFANRHFSA-N	Chemical Probes Portal	toxicophore	0	No
IXZOHGPZAQLIBH-NRFANRHFSA-N	Chemical Probes Portal	published_date	0	2023-01-17
IXZOHGPZAQLIBH-NRFANRHFSA-N	Chemical Probes Portal	canSAR_ID	0	536706
IXZOHGPZAQLIBH-NRFANRHFSA-N	Chemical Probes Portal	url	0	https://www.chemicalprobes.org/iberdomide
GSGDUDAFETZSPM-IATAILRESA-N	Chemical Probes Portal	rating_in_cell	0	0
GSGDUDAFETZSPM-IATAILRESA-N	Chemical Probes Portal	rating_in_organism	0	0
GSGDUDAFETZSPM-IATAILRESA-N	Chemical Probes Portal	rating_count	0	0
GSGDUDAFETZSPM-IATAILRESA-N	Chemical Probes Portal	unsuitable	0	No
GSGDUDAFETZSPM-IATAILRESA-N	Chemical Probes Portal	pains	0	No
GSGDUDAFETZSPM-IATAILRESA-N	Chemical Probes Portal	toxicophore	0	No
GSGDUDAFETZSPM-IATAILRESA-N	Chemical Probes Portal	published_date	0	2025-03-04
GSGDUDAFETZSPM-IATAILRESA-N	Chemical Probes Portal	canSAR_ID	0	3929252
GSGDUDAFETZSPM-IATAILRESA-N	Chemical Probes Portal	url	0	https://www.chemicalprobes.org/cct373566
BANRYGZZIMCKNA-OYGJEQPESA-N	Chemical Probes Portal	rating_in_cell	0	3
BANRYGZZIMCKNA-OYGJEQPESA-N	Chemical Probes Portal	rating_in_organism	0	0
BANRYGZZIMCKNA-OYGJEQPESA-N	Chemical Probes Portal	rating_count	0	1
BANRYGZZIMCKNA-OYGJEQPESA-N	Chemical Probes Portal	unsuitable	0	No
BANRYGZZIMCKNA-OYGJEQPESA-N	Chemical Probes Portal	pains	0	No
BANRYGZZIMCKNA-OYGJEQPESA-N	Chemical Probes Portal	toxicophore	0	No
BANRYGZZIMCKNA-OYGJEQPESA-N	Chemical Probes Portal	published_date	0	2020-11-24
BANRYGZZIMCKNA-OYGJEQPESA-N	Chemical Probes Portal	canSAR_ID	0	3145062
BANRYGZZIMCKNA-OYGJEQPESA-N	Chemical Probes Portal	url	0	https://www.chemicalprobes.org/mg-277
PWBHUSLMHZLGRN-UHFFFAOYSA-N	Chemical Probes Portal	rating_in_cell	0	3.5
PWBHUSLMHZLGRN-UHFFFAOYSA-N	Chemical Probes Portal	rating_in_organism	0	3.5
PWBHUSLMHZLGRN-UHFFFAOYSA-N	Chemical Probes Portal	rating_count	0	2
PWBHUSLMHZLGRN-UHFFFAOYSA-N	Chemical Probes Portal	unsuitable	0	No
PWBHUSLMHZLGRN-UHFFFAOYSA-N	Chemical Probes Portal	pains	0	No
PWBHUSLMHZLGRN-UHFFFAOYSA-N	Chemical Probes Portal	toxicophore	0	Yes
PWBHUSLMHZLGRN-UHFFFAOYSA-N	Chemical Probes Portal	published_date	0	2021-03-15
PWBHUSLMHZLGRN-UHFFFAOYSA-N	Chemical Probes Portal	canSAR_ID	0	3312892
PWBHUSLMHZLGRN-UHFFFAOYSA-N	Chemical Probes Portal	url	0	https://www.chemicalprobes.org/cc-90009
WCPTUQOMNJBIET-CALCHBBNSA-N	Chemical Probes Portal	rating_in_cell	0	3
WCPTUQOMNJBIET-CALCHBBNSA-N	Chemical Probes Portal	rating_in_organism	0	3
WCPTUQOMNJBIET-CALCHBBNSA-N	Chemical Probes Portal	rating_count	0	3
WCPTUQOMNJBIET-CALCHBBNSA-N	Chemical Probes Portal	unsuitable	0	No
WCPTUQOMNJBIET-CALCHBBNSA-N	Chemical Probes Portal	pains	0	No
WCPTUQOMNJBIET-CALCHBBNSA-N	Chemical Probes Portal	toxicophore	0	No
WCPTUQOMNJBIET-CALCHBBNSA-N	Chemical Probes Portal	published_date	0	2016-07-29
WCPTUQOMNJBIET-CALCHBBNSA-N	Chemical Probes Portal	canSAR_ID	0	2879308
WCPTUQOMNJBIET-CALCHBBNSA-N	Chemical Probes Portal	url	0	https://www.chemicalprobes.org/az6102
NWGMIELHSCQGOG-ZDUSSCGKSA-N	Chemical Probes Portal	rating_in_cell	0	2.6666666666666665
NWGMIELHSCQGOG-ZDUSSCGKSA-N	Chemical Probes Portal	rating_in_organism	0	2
NWGMIELHSCQGOG-ZDUSSCGKSA-N	Chemical Probes Portal	rating_count	0	3
NWGMIELHSCQGOG-ZDUSSCGKSA-N	Chemical Probes Portal	unsuitable	0	No
NWGMIELHSCQGOG-ZDUSSCGKSA-N	Chemical Probes Portal	pains	0	No
NWGMIELHSCQGOG-ZDUSSCGKSA-N	Chemical Probes Portal	toxicophore	0	No
NWGMIELHSCQGOG-ZDUSSCGKSA-N	Chemical Probes Portal	published_date	0	2016-07-29
NWGMIELHSCQGOG-ZDUSSCGKSA-N	Chemical Probes Portal	canSAR_ID	0	703029
NWGMIELHSCQGOG-ZDUSSCGKSA-N	Chemical Probes Portal	url	0	https://www.chemicalprobes.org/az0108
FMTVWAGUJRUAKE-UHFFFAOYSA-N	Chemical Probes Portal	rating_in_cell	0	4
FMTVWAGUJRUAKE-UHFFFAOYSA-N	Chemical Probes Portal	rating_in_organism	0	0
FMTVWAGUJRUAKE-UHFFFAOYSA-N	Chemical Probes Portal	rating_count	0	3
FMTVWAGUJRUAKE-UHFFFAOYSA-N	Chemical Probes Portal	unsuitable	0	No
FMTVWAGUJRUAKE-UHFFFAOYSA-N	Chemical Probes Portal	pains	0	No
FMTVWAGUJRUAKE-UHFFFAOYSA-N	Chemical Probes Portal	toxicophore	0	No
FMTVWAGUJRUAKE-UHFFFAOYSA-N	Chemical Probes Portal	published_date	0	2015-11-05
FMTVWAGUJRUAKE-UHFFFAOYSA-N	Chemical Probes Portal	canSAR_ID	0	1301406
FMTVWAGUJRUAKE-UHFFFAOYSA-N	Chemical Probes Portal	url	0	https://www.chemicalprobes.org/ms023
OHRURASPPZQGQM-GCCNXGTGSA-N	Chemical Probes Portal	rating_in_cell	0	3.6666666666666665
OHRURASPPZQGQM-GCCNXGTGSA-N	Chemical Probes Portal	rating_in_organism	0	3
OHRURASPPZQGQM-GCCNXGTGSA-N	Chemical Probes Portal	rating_count	0	3
OHRURASPPZQGQM-GCCNXGTGSA-N	Chemical Probes Portal	unsuitable	0	No
OHRURASPPZQGQM-GCCNXGTGSA-N	Chemical Probes Portal	pains	0	No
OHRURASPPZQGQM-GCCNXGTGSA-N	Chemical Probes Portal	toxicophore	0	No
OHRURASPPZQGQM-GCCNXGTGSA-N	Chemical Probes Portal	published_date	0	2017-04-11
OHRURASPPZQGQM-GCCNXGTGSA-N	Chemical Probes Portal	canSAR_ID	0	680376
OHRURASPPZQGQM-GCCNXGTGSA-N	Chemical Probes Portal	url	0	https://www.chemicalprobes.org/romidepsin
OHRDCQFCAWLDBP-SBUREZEXSA-N	Chemical Probes Portal	rating_in_cell	0	3.6666666666666665
OHRDCQFCAWLDBP-SBUREZEXSA-N	Chemical Probes Portal	rating_in_organism	0	3.6666666666666665
OHRDCQFCAWLDBP-SBUREZEXSA-N	Chemical Probes Portal	rating_count	0	3
OHRDCQFCAWLDBP-SBUREZEXSA-N	Chemical Probes Portal	unsuitable	0	No
OHRDCQFCAWLDBP-SBUREZEXSA-N	Chemical Probes Portal	pains	0	No
OHRDCQFCAWLDBP-SBUREZEXSA-N	Chemical Probes Portal	toxicophore	0	No
OHRDCQFCAWLDBP-SBUREZEXSA-N	Chemical Probes Portal	published_date	0	2020-10-23
OHRDCQFCAWLDBP-SBUREZEXSA-N	Chemical Probes Portal	canSAR_ID	0	1912797
OHRDCQFCAWLDBP-SBUREZEXSA-N	Chemical Probes Portal	url	0	https://www.chemicalprobes.org/sb-612111
KKFFOOWORPUAJB-NVXWUHKLSA-N	Chemical Probes Portal	rating_in_cell	0	3.5
KKFFOOWORPUAJB-NVXWUHKLSA-N	Chemical Probes Portal	rating_in_organism	0	3.5
KKFFOOWORPUAJB-NVXWUHKLSA-N	Chemical Probes Portal	rating_count	0	2
KKFFOOWORPUAJB-NVXWUHKLSA-N	Chemical Probes Portal	unsuitable	0	No
KKFFOOWORPUAJB-NVXWUHKLSA-N	Chemical Probes Portal	pains	0	No
KKFFOOWORPUAJB-NVXWUHKLSA-N	Chemical Probes Portal	toxicophore	0	No
KKFFOOWORPUAJB-NVXWUHKLSA-N	Chemical Probes Portal	published_date	0	2024-01-18
KKFFOOWORPUAJB-NVXWUHKLSA-N	Chemical Probes Portal	canSAR_ID	0	3985626
KKFFOOWORPUAJB-NVXWUHKLSA-N	Chemical Probes Portal	url	0	https://www.chemicalprobes.org/sos1-in-15
XCGYXEVLQIIEJH-UHFFFAOYSA-N	Chemical Probes Portal	rating_in_cell	0	3
XCGYXEVLQIIEJH-UHFFFAOYSA-N	Chemical Probes Portal	rating_in_organism	0	0
XCGYXEVLQIIEJH-UHFFFAOYSA-N	Chemical Probes Portal	rating_count	0	3
XCGYXEVLQIIEJH-UHFFFAOYSA-N	Chemical Probes Portal	unsuitable	0	No
XCGYXEVLQIIEJH-UHFFFAOYSA-N	Chemical Probes Portal	pains	0	No
XCGYXEVLQIIEJH-UHFFFAOYSA-N	Chemical Probes Portal	toxicophore	0	No
XCGYXEVLQIIEJH-UHFFFAOYSA-N	Chemical Probes Portal	published_date	0	2021-01-20
XCGYXEVLQIIEJH-UHFFFAOYSA-N	Chemical Probes Portal	canSAR_ID	0	3313079
XCGYXEVLQIIEJH-UHFFFAOYSA-N	Chemical Probes Portal	url	0	https://www.chemicalprobes.org/bi-3812
BNTAEJNPQLMGDJ-LLVKDONJSA-N	Chemical Probes Portal	rating_in_cell	0	2.5
BNTAEJNPQLMGDJ-LLVKDONJSA-N	Chemical Probes Portal	rating_in_organism	0	2.5
BNTAEJNPQLMGDJ-LLVKDONJSA-N	Chemical Probes Portal	rating_count	0	2
BNTAEJNPQLMGDJ-LLVKDONJSA-N	Chemical Probes Portal	unsuitable	0	No
BNTAEJNPQLMGDJ-LLVKDONJSA-N	Chemical Probes Portal	pains	0	No
BNTAEJNPQLMGDJ-LLVKDONJSA-N	Chemical Probes Portal	toxicophore	0	No
BNTAEJNPQLMGDJ-LLVKDONJSA-N	Chemical Probes Portal	published_date	0	2020-06-23
BNTAEJNPQLMGDJ-LLVKDONJSA-N	Chemical Probes Portal	canSAR_ID	0	1780427
BNTAEJNPQLMGDJ-LLVKDONJSA-N	Chemical Probes Portal	url	0	https://www.chemicalprobes.org/tp-004
PFPSFENQCNMITC-MRXNPFEDSA-N	Chemical Probes Portal	rating_in_cell	0	4
PFPSFENQCNMITC-MRXNPFEDSA-N	Chemical Probes Portal	rating_in_organism	0	2.3333333333333335
PFPSFENQCNMITC-MRXNPFEDSA-N	Chemical Probes Portal	rating_count	0	3
PFPSFENQCNMITC-MRXNPFEDSA-N	Chemical Probes Portal	unsuitable	0	No
PFPSFENQCNMITC-MRXNPFEDSA-N	Chemical Probes Portal	pains	0	No
PFPSFENQCNMITC-MRXNPFEDSA-N	Chemical Probes Portal	toxicophore	0	No
PFPSFENQCNMITC-MRXNPFEDSA-N	Chemical Probes Portal	published_date	0	2016-08-08
PFPSFENQCNMITC-MRXNPFEDSA-N	Chemical Probes Portal	canSAR_ID	0	468943
PFPSFENQCNMITC-MRXNPFEDSA-N	Chemical Probes Portal	url	0	https://www.chemicalprobes.org/cpi-360
WXRGFPHDRFQODR-ICLZECGLSA-N	Chemical Probes Portal	rating_in_cell	0	4
WXRGFPHDRFQODR-ICLZECGLSA-N	Chemical Probes Portal	rating_in_organism	0	1
WXRGFPHDRFQODR-ICLZECGLSA-N	Chemical Probes Portal	rating_count	0	4
WXRGFPHDRFQODR-ICLZECGLSA-N	Chemical Probes Portal	unsuitable	0	No
WXRGFPHDRFQODR-ICLZECGLSA-N	Chemical Probes Portal	pains	0	No
WXRGFPHDRFQODR-ICLZECGLSA-N	Chemical Probes Portal	toxicophore	0	No
WXRGFPHDRFQODR-ICLZECGLSA-N	Chemical Probes Portal	published_date	0	2016-08-08
WXRGFPHDRFQODR-ICLZECGLSA-N	Chemical Probes Portal	canSAR_ID	0	856426
WXRGFPHDRFQODR-ICLZECGLSA-N	Chemical Probes Portal	url	0	https://www.chemicalprobes.org/epz004777
ULNXAWLQFZMIHX-UHFFFAOYSA-N	Chemical Probes Portal	rating_in_cell	0	4
ULNXAWLQFZMIHX-UHFFFAOYSA-N	Chemical Probes Portal	rating_in_organism	0	0
ULNXAWLQFZMIHX-UHFFFAOYSA-N	Chemical Probes Portal	rating_count	0	3
ULNXAWLQFZMIHX-UHFFFAOYSA-N	Chemical Probes Portal	unsuitable	0	No
ULNXAWLQFZMIHX-UHFFFAOYSA-N	Chemical Probes Portal	pains	0	No
ULNXAWLQFZMIHX-UHFFFAOYSA-N	Chemical Probes Portal	toxicophore	0	No
ULNXAWLQFZMIHX-UHFFFAOYSA-N	Chemical Probes Portal	published_date	0	2015-10-02
ULNXAWLQFZMIHX-UHFFFAOYSA-N	Chemical Probes Portal	canSAR_ID	0	826223
ULNXAWLQFZMIHX-UHFFFAOYSA-N	Chemical Probes Portal	url	0	https://www.chemicalprobes.org/gsk343
PFHDWRIVDDIFRP-UHFFFAOYSA-N	Chemical Probes Portal	rating_in_cell	0	3.6666666666666665
PFHDWRIVDDIFRP-UHFFFAOYSA-N	Chemical Probes Portal	rating_in_organism	0	2
PFHDWRIVDDIFRP-UHFFFAOYSA-N	Chemical Probes Portal	rating_count	0	3
PFHDWRIVDDIFRP-UHFFFAOYSA-N	Chemical Probes Portal	unsuitable	0	No
PFHDWRIVDDIFRP-UHFFFAOYSA-N	Chemical Probes Portal	pains	0	No
PFHDWRIVDDIFRP-UHFFFAOYSA-N	Chemical Probes Portal	toxicophore	0	No
PFHDWRIVDDIFRP-UHFFFAOYSA-N	Chemical Probes Portal	published_date	0	2016-08-08
PFHDWRIVDDIFRP-UHFFFAOYSA-N	Chemical Probes Portal	canSAR_ID	0	209990
PFHDWRIVDDIFRP-UHFFFAOYSA-N	Chemical Probes Portal	url	0	https://www.chemicalprobes.org/ei1
NSQSAUGJQHDYNO-UHFFFAOYSA-N	Chemical Probes Portal	rating_in_cell	0	3.3333333333333335
NSQSAUGJQHDYNO-UHFFFAOYSA-N	Chemical Probes Portal	rating_in_organism	0	2.3333333333333335
NSQSAUGJQHDYNO-UHFFFAOYSA-N	Chemical Probes Portal	rating_count	0	3
NSQSAUGJQHDYNO-UHFFFAOYSA-N	Chemical Probes Portal	unsuitable	0	No
NSQSAUGJQHDYNO-UHFFFAOYSA-N	Chemical Probes Portal	pains	0	No
NSQSAUGJQHDYNO-UHFFFAOYSA-N	Chemical Probes Portal	toxicophore	0	No
NSQSAUGJQHDYNO-UHFFFAOYSA-N	Chemical Probes Portal	published_date	0	2016-08-08
NSQSAUGJQHDYNO-UHFFFAOYSA-N	Chemical Probes Portal	canSAR_ID	0	873616
NSQSAUGJQHDYNO-UHFFFAOYSA-N	Chemical Probes Portal	url	0	https://www.chemicalprobes.org/epz-6438
CACMCLIHCDTJHL-IDTAVKCVSA-N	Chemical Probes Portal	rating_in_cell	0	2
CACMCLIHCDTJHL-IDTAVKCVSA-N	Chemical Probes Portal	rating_in_organism	0	1
CACMCLIHCDTJHL-IDTAVKCVSA-N	Chemical Probes Portal	rating_count	0	3
CACMCLIHCDTJHL-IDTAVKCVSA-N	Chemical Probes Portal	unsuitable	0	No
CACMCLIHCDTJHL-IDTAVKCVSA-N	Chemical Probes Portal	pains	0	No
CACMCLIHCDTJHL-IDTAVKCVSA-N	Chemical Probes Portal	toxicophore	0	No
CACMCLIHCDTJHL-IDTAVKCVSA-N	Chemical Probes Portal	published_date	0	2016-08-08
CACMCLIHCDTJHL-IDTAVKCVSA-N	Chemical Probes Portal	canSAR_ID	0	1868908
CACMCLIHCDTJHL-IDTAVKCVSA-N	Chemical Probes Portal	url	0	https://www.chemicalprobes.org/ds-437
XGVXKJKTISMIOW-ZDUSSCGKSA-N	Chemical Probes Portal	rating_in_cell	0	4
XGVXKJKTISMIOW-ZDUSSCGKSA-N	Chemical Probes Portal	rating_in_organism	0	0
XGVXKJKTISMIOW-ZDUSSCGKSA-N	Chemical Probes Portal	rating_count	0	1
XGVXKJKTISMIOW-ZDUSSCGKSA-N	Chemical Probes Portal	unsuitable	0	No
XGVXKJKTISMIOW-ZDUSSCGKSA-N	Chemical Probes Portal	pains	0	No
XGVXKJKTISMIOW-ZDUSSCGKSA-N	Chemical Probes Portal	toxicophore	0	No
XGVXKJKTISMIOW-ZDUSSCGKSA-N	Chemical Probes Portal	published_date	0	2025-02-07
XGVXKJKTISMIOW-ZDUSSCGKSA-N	Chemical Probes Portal	canSAR_ID	0	1583368
XGVXKJKTISMIOW-ZDUSSCGKSA-N	Chemical Probes Portal	url	0	https://www.chemicalprobes.org/simurosertib
LQTWDAYNGMMHLV-UHFFFAOYSA-N	Chemical Probes Portal	rating_in_cell	0	2
LQTWDAYNGMMHLV-UHFFFAOYSA-N	Chemical Probes Portal	rating_in_organism	0	2.3333333333333335
LQTWDAYNGMMHLV-UHFFFAOYSA-N	Chemical Probes Portal	rating_count	0	3
LQTWDAYNGMMHLV-UHFFFAOYSA-N	Chemical Probes Portal	unsuitable	0	No
LQTWDAYNGMMHLV-UHFFFAOYSA-N	Chemical Probes Portal	pains	0	No
LQTWDAYNGMMHLV-UHFFFAOYSA-N	Chemical Probes Portal	toxicophore	0	No
LQTWDAYNGMMHLV-UHFFFAOYSA-N	Chemical Probes Portal	published_date	0	2016-07-29
LQTWDAYNGMMHLV-UHFFFAOYSA-N	Chemical Probes Portal	canSAR_ID	0	2937942
LQTWDAYNGMMHLV-UHFFFAOYSA-N	Chemical Probes Portal	url	0	https://www.chemicalprobes.org/jqez5
HPODOLXTMDHLLC-QGZVFWFLSA-N	Chemical Probes Portal	rating_in_cell	0	3
HPODOLXTMDHLLC-QGZVFWFLSA-N	Chemical Probes Portal	rating_in_organism	0	2.6666666666666665
HPODOLXTMDHLLC-QGZVFWFLSA-N	Chemical Probes Portal	rating_count	0	3
HPODOLXTMDHLLC-QGZVFWFLSA-N	Chemical Probes Portal	unsuitable	0	No
HPODOLXTMDHLLC-QGZVFWFLSA-N	Chemical Probes Portal	pains	0	No
HPODOLXTMDHLLC-QGZVFWFLSA-N	Chemical Probes Portal	toxicophore	0	No
HPODOLXTMDHLLC-QGZVFWFLSA-N	Chemical Probes Portal	published_date	0	2017-07-06
HPODOLXTMDHLLC-QGZVFWFLSA-N	Chemical Probes Portal	canSAR_ID	0	753681
HPODOLXTMDHLLC-QGZVFWFLSA-N	Chemical Probes Portal	url	0	https://www.chemicalprobes.org/cpi-1205
PTPNCCWOTBBVJR-UHFFFAOYSA-N	Chemical Probes Portal	rating_in_cell	0	4
PTPNCCWOTBBVJR-UHFFFAOYSA-N	Chemical Probes Portal	rating_in_organism	0	3
PTPNCCWOTBBVJR-UHFFFAOYSA-N	Chemical Probes Portal	rating_count	0	1
PTPNCCWOTBBVJR-UHFFFAOYSA-N	Chemical Probes Portal	unsuitable	0	No
PTPNCCWOTBBVJR-UHFFFAOYSA-N	Chemical Probes Portal	pains	0	No
PTPNCCWOTBBVJR-UHFFFAOYSA-N	Chemical Probes Portal	toxicophore	0	No
PTPNCCWOTBBVJR-UHFFFAOYSA-N	Chemical Probes Portal	published_date	0	2021-01-22
PTPNCCWOTBBVJR-UHFFFAOYSA-N	Chemical Probes Portal	canSAR_ID	0	714811
PTPNCCWOTBBVJR-UHFFFAOYSA-N	Chemical Probes Portal	url	0	https://www.chemicalprobes.org/gw1100
ATFQBBCQZKVZJN-QMMMGPOBSA-N	Chemical Probes Portal	rating_in_cell	0	3
ATFQBBCQZKVZJN-QMMMGPOBSA-N	Chemical Probes Portal	rating_in_organism	0	3
ATFQBBCQZKVZJN-QMMMGPOBSA-N	Chemical Probes Portal	rating_count	0	2
ATFQBBCQZKVZJN-QMMMGPOBSA-N	Chemical Probes Portal	unsuitable	0	No
ATFQBBCQZKVZJN-QMMMGPOBSA-N	Chemical Probes Portal	pains	0	No
ATFQBBCQZKVZJN-QMMMGPOBSA-N	Chemical Probes Portal	toxicophore	0	No
ATFQBBCQZKVZJN-QMMMGPOBSA-N	Chemical Probes Portal	published_date	0	2020-10-20
ATFQBBCQZKVZJN-QMMMGPOBSA-N	Chemical Probes Portal	canSAR_ID	0	1685260
ATFQBBCQZKVZJN-QMMMGPOBSA-N	Chemical Probes Portal	url	0	https://www.chemicalprobes.org/pf-06869206
QLPHOXTXAKOFMU-WBVHZDCISA-N	Chemical Probes Portal	rating_in_cell	0	4
QLPHOXTXAKOFMU-WBVHZDCISA-N	Chemical Probes Portal	rating_in_organism	0	2.6666666666666665
QLPHOXTXAKOFMU-WBVHZDCISA-N	Chemical Probes Portal	rating_count	0	3
QLPHOXTXAKOFMU-WBVHZDCISA-N	Chemical Probes Portal	unsuitable	0	No
QLPHOXTXAKOFMU-WBVHZDCISA-N	Chemical Probes Portal	pains	0	No
QLPHOXTXAKOFMU-WBVHZDCISA-N	Chemical Probes Portal	toxicophore	0	No
QLPHOXTXAKOFMU-WBVHZDCISA-N	Chemical Probes Portal	published_date	0	2015-12-10
QLPHOXTXAKOFMU-WBVHZDCISA-N	Chemical Probes Portal	canSAR_ID	0	590098
QLPHOXTXAKOFMU-WBVHZDCISA-N	Chemical Probes Portal	url	0	https://www.chemicalprobes.org/gsk2334470
XKQLNDPUQSZBJW-QGHHPUGFSA-N	Chemical Probes Portal	rating_in_cell	0	4
XKQLNDPUQSZBJW-QGHHPUGFSA-N	Chemical Probes Portal	rating_in_organism	0	0
XKQLNDPUQSZBJW-QGHHPUGFSA-N	Chemical Probes Portal	rating_count	0	1
XKQLNDPUQSZBJW-QGHHPUGFSA-N	Chemical Probes Portal	unsuitable	0	No
XKQLNDPUQSZBJW-QGHHPUGFSA-N	Chemical Probes Portal	pains	0	No
XKQLNDPUQSZBJW-QGHHPUGFSA-N	Chemical Probes Portal	toxicophore	0	No
XKQLNDPUQSZBJW-QGHHPUGFSA-N	Chemical Probes Portal	published_date	0	2020-06-17
XKQLNDPUQSZBJW-QGHHPUGFSA-N	Chemical Probes Portal	canSAR_ID	0	2888113
XKQLNDPUQSZBJW-QGHHPUGFSA-N	Chemical Probes Portal	url	0	https://www.chemicalprobes.org/mlt-748
VOVZXURTCKPRDQ-CQSZACIVSA-N	Chemical Probes Portal	rating_in_cell	0	4
VOVZXURTCKPRDQ-CQSZACIVSA-N	Chemical Probes Portal	rating_in_organism	0	4
VOVZXURTCKPRDQ-CQSZACIVSA-N	Chemical Probes Portal	rating_count	0	3
VOVZXURTCKPRDQ-CQSZACIVSA-N	Chemical Probes Portal	unsuitable	0	No
VOVZXURTCKPRDQ-CQSZACIVSA-N	Chemical Probes Portal	pains	0	No
VOVZXURTCKPRDQ-CQSZACIVSA-N	Chemical Probes Portal	toxicophore	0	No
VOVZXURTCKPRDQ-CQSZACIVSA-N	Chemical Probes Portal	published_date	0	2020-11-23
VOVZXURTCKPRDQ-CQSZACIVSA-N	Chemical Probes Portal	canSAR_ID	0	403250
VOVZXURTCKPRDQ-CQSZACIVSA-N	Chemical Probes Portal	url	0	https://www.chemicalprobes.org/asciminib
YHMDHAMZFMNMTF-MSOLQXFVSA-N	Chemical Probes Portal	rating_in_cell	0	4
YHMDHAMZFMNMTF-MSOLQXFVSA-N	Chemical Probes Portal	rating_in_organism	0	0
YHMDHAMZFMNMTF-MSOLQXFVSA-N	Chemical Probes Portal	rating_count	0	1
YHMDHAMZFMNMTF-MSOLQXFVSA-N	Chemical Probes Portal	unsuitable	0	No
YHMDHAMZFMNMTF-MSOLQXFVSA-N	Chemical Probes Portal	pains	0	No
YHMDHAMZFMNMTF-MSOLQXFVSA-N	Chemical Probes Portal	toxicophore	0	No
YHMDHAMZFMNMTF-MSOLQXFVSA-N	Chemical Probes Portal	published_date	0	2022-07-21
YHMDHAMZFMNMTF-MSOLQXFVSA-N	Chemical Probes Portal	canSAR_ID	0	3451465
YHMDHAMZFMNMTF-MSOLQXFVSA-N	Chemical Probes Portal	url	0	https://www.chemicalprobes.org/art558
IIQUYGWWHIHOCF-UHFFFAOYSA-N	Chemical Probes Portal	rating_in_cell	0	3.6666666666666665
IIQUYGWWHIHOCF-UHFFFAOYSA-N	Chemical Probes Portal	rating_in_organism	0	3.3333333333333335
IIQUYGWWHIHOCF-UHFFFAOYSA-N	Chemical Probes Portal	rating_count	0	3
IIQUYGWWHIHOCF-UHFFFAOYSA-N	Chemical Probes Portal	unsuitable	0	No
IIQUYGWWHIHOCF-UHFFFAOYSA-N	Chemical Probes Portal	pains	0	No
IIQUYGWWHIHOCF-UHFFFAOYSA-N	Chemical Probes Portal	toxicophore	0	No
IIQUYGWWHIHOCF-UHFFFAOYSA-N	Chemical Probes Portal	published_date	0	2015-12-10
IIQUYGWWHIHOCF-UHFFFAOYSA-N	Chemical Probes Portal	canSAR_ID	0	270147
IIQUYGWWHIHOCF-UHFFFAOYSA-N	Chemical Probes Portal	url	0	https://www.chemicalprobes.org/gnf-5
OINGHOPGNMYCAB-INIZCTEOSA-N	Chemical Probes Portal	rating_in_cell	0	3.6666666666666665
OINGHOPGNMYCAB-INIZCTEOSA-N	Chemical Probes Portal	rating_in_organism	0	1.3333333333333333
OINGHOPGNMYCAB-INIZCTEOSA-N	Chemical Probes Portal	rating_count	0	3
OINGHOPGNMYCAB-INIZCTEOSA-N	Chemical Probes Portal	unsuitable	0	No
OINGHOPGNMYCAB-INIZCTEOSA-N	Chemical Probes Portal	pains	0	No
OINGHOPGNMYCAB-INIZCTEOSA-N	Chemical Probes Portal	toxicophore	0	No
OINGHOPGNMYCAB-INIZCTEOSA-N	Chemical Probes Portal	published_date	0	2016-11-29
OINGHOPGNMYCAB-INIZCTEOSA-N	Chemical Probes Portal	canSAR_ID	0	536057
OINGHOPGNMYCAB-INIZCTEOSA-N	Chemical Probes Portal	url	0	https://www.chemicalprobes.org/nvs-pak1-1
JBGYKRAZYDNCNV-UHFFFAOYSA-N	Chemical Probes Portal	rating_in_cell	0	3.6666666666666665
JBGYKRAZYDNCNV-UHFFFAOYSA-N	Chemical Probes Portal	rating_in_organism	0	3.6666666666666665
JBGYKRAZYDNCNV-UHFFFAOYSA-N	Chemical Probes Portal	rating_count	0	3
JBGYKRAZYDNCNV-UHFFFAOYSA-N	Chemical Probes Portal	unsuitable	0	No
JBGYKRAZYDNCNV-UHFFFAOYSA-N	Chemical Probes Portal	pains	0	No
JBGYKRAZYDNCNV-UHFFFAOYSA-N	Chemical Probes Portal	toxicophore	0	No
JBGYKRAZYDNCNV-UHFFFAOYSA-N	Chemical Probes Portal	published_date	0	2020-08-10
JBGYKRAZYDNCNV-UHFFFAOYSA-N	Chemical Probes Portal	canSAR_ID	0	2860091
JBGYKRAZYDNCNV-UHFFFAOYSA-N	Chemical Probes Portal	url	0	https://www.chemicalprobes.org/bay1125976
DMIDPTCQPIJYFE-UHFFFAOYSA-N	Chemical Probes Portal	rating_in_cell	0	3.6666666666666665
DMIDPTCQPIJYFE-UHFFFAOYSA-N	Chemical Probes Portal	rating_in_organism	0	2.5
DMIDPTCQPIJYFE-UHFFFAOYSA-N	Chemical Probes Portal	rating_count	0	3
DMIDPTCQPIJYFE-UHFFFAOYSA-N	Chemical Probes Portal	unsuitable	0	No
DMIDPTCQPIJYFE-UHFFFAOYSA-N	Chemical Probes Portal	pains	0	No
DMIDPTCQPIJYFE-UHFFFAOYSA-N	Chemical Probes Portal	toxicophore	0	No
DMIDPTCQPIJYFE-UHFFFAOYSA-N	Chemical Probes Portal	published_date	0	2015-10-02
DMIDPTCQPIJYFE-UHFFFAOYSA-N	Chemical Probes Portal	canSAR_ID	0	1385905
DMIDPTCQPIJYFE-UHFFFAOYSA-N	Chemical Probes Portal	url	0	https://www.chemicalprobes.org/sgc707
HSVRUECLQUGTDS-UHFFFAOYSA-N	Chemical Probes Portal	rating_in_cell	0	3.6666666666666665
HSVRUECLQUGTDS-UHFFFAOYSA-N	Chemical Probes Portal	rating_in_organism	0	3.6666666666666665
HSVRUECLQUGTDS-UHFFFAOYSA-N	Chemical Probes Portal	rating_count	0	3
HSVRUECLQUGTDS-UHFFFAOYSA-N	Chemical Probes Portal	unsuitable	0	No
HSVRUECLQUGTDS-UHFFFAOYSA-N	Chemical Probes Portal	pains	0	No
HSVRUECLQUGTDS-UHFFFAOYSA-N	Chemical Probes Portal	toxicophore	0	No
HSVRUECLQUGTDS-UHFFFAOYSA-N	Chemical Probes Portal	published_date	0	2021-05-20
HSVRUECLQUGTDS-UHFFFAOYSA-N	Chemical Probes Portal	canSAR_ID	0	3232522
HSVRUECLQUGTDS-UHFFFAOYSA-N	Chemical Probes Portal	url	0	https://www.chemicalprobes.org/ag-270
VUIRVWPJNKZOSS-UHFFFAOYSA-N	Chemical Probes Portal	rating_in_cell	0	3.3333333333333335
VUIRVWPJNKZOSS-UHFFFAOYSA-N	Chemical Probes Portal	rating_in_organism	0	0
VUIRVWPJNKZOSS-UHFFFAOYSA-N	Chemical Probes Portal	rating_count	0	3
VUIRVWPJNKZOSS-UHFFFAOYSA-N	Chemical Probes Portal	unsuitable	0	No
VUIRVWPJNKZOSS-UHFFFAOYSA-N	Chemical Probes Portal	pains	0	No
VUIRVWPJNKZOSS-UHFFFAOYSA-N	Chemical Probes Portal	toxicophore	0	No
VUIRVWPJNKZOSS-UHFFFAOYSA-N	Chemical Probes Portal	published_date	0	2016-10-14
VUIRVWPJNKZOSS-UHFFFAOYSA-N	Chemical Probes Portal	canSAR_ID	0	207292
VUIRVWPJNKZOSS-UHFFFAOYSA-N	Chemical Probes Portal	url	0	https://www.chemicalprobes.org/ml323
XMWUCMFVDXDRDE-NRFANRHFSA-N	Chemical Probes Portal	rating_in_cell	0	3.3333333333333335
XMWUCMFVDXDRDE-NRFANRHFSA-N	Chemical Probes Portal	rating_in_organism	0	3
XMWUCMFVDXDRDE-NRFANRHFSA-N	Chemical Probes Portal	rating_count	0	3
XMWUCMFVDXDRDE-NRFANRHFSA-N	Chemical Probes Portal	unsuitable	0	No
XMWUCMFVDXDRDE-NRFANRHFSA-N	Chemical Probes Portal	pains	0	No
XMWUCMFVDXDRDE-NRFANRHFSA-N	Chemical Probes Portal	toxicophore	0	No
XMWUCMFVDXDRDE-NRFANRHFSA-N	Chemical Probes Portal	published_date	0	2016-12-08
XMWUCMFVDXDRDE-NRFANRHFSA-N	Chemical Probes Portal	canSAR_ID	0	873758
XMWUCMFVDXDRDE-NRFANRHFSA-N	Chemical Probes Portal	url	0	https://www.chemicalprobes.org/amg-18
VIQXILLOJLATEF-UHFFFAOYSA-N	Chemical Probes Portal	rating_in_cell	0	2.5
VIQXILLOJLATEF-UHFFFAOYSA-N	Chemical Probes Portal	rating_in_organism	0	0
VIQXILLOJLATEF-UHFFFAOYSA-N	Chemical Probes Portal	rating_count	0	2
VIQXILLOJLATEF-UHFFFAOYSA-N	Chemical Probes Portal	unsuitable	0	No
VIQXILLOJLATEF-UHFFFAOYSA-N	Chemical Probes Portal	pains	0	No
VIQXILLOJLATEF-UHFFFAOYSA-N	Chemical Probes Portal	toxicophore	0	No
VIQXILLOJLATEF-UHFFFAOYSA-N	Chemical Probes Portal	published_date	0	2020-11-05
VIQXILLOJLATEF-UHFFFAOYSA-N	Chemical Probes Portal	canSAR_ID	0	3186334
VIQXILLOJLATEF-UHFFFAOYSA-N	Chemical Probes Portal	url	0	https://www.chemicalprobes.org/ru521
UJGTUKMAJVCBIS-UHFFFAOYSA-N	Chemical Probes Portal	rating_in_cell	0	2
UJGTUKMAJVCBIS-UHFFFAOYSA-N	Chemical Probes Portal	rating_in_organism	0	0
UJGTUKMAJVCBIS-UHFFFAOYSA-N	Chemical Probes Portal	rating_count	0	2
UJGTUKMAJVCBIS-UHFFFAOYSA-N	Chemical Probes Portal	unsuitable	0	No
UJGTUKMAJVCBIS-UHFFFAOYSA-N	Chemical Probes Portal	pains	0	No
UJGTUKMAJVCBIS-UHFFFAOYSA-N	Chemical Probes Portal	toxicophore	0	No
UJGTUKMAJVCBIS-UHFFFAOYSA-N	Chemical Probes Portal	published_date	0	2021-06-10
UJGTUKMAJVCBIS-UHFFFAOYSA-N	Chemical Probes Portal	canSAR_ID	0	700581
UJGTUKMAJVCBIS-UHFFFAOYSA-N	Chemical Probes Portal	url	0	https://www.chemicalprobes.org/nms-873
ZPNTXOKOIHPCLI-UHFFFAOYSA-N	Chemical Probes Portal	rating_in_cell	0	2
ZPNTXOKOIHPCLI-UHFFFAOYSA-N	Chemical Probes Portal	rating_in_organism	0	0
ZPNTXOKOIHPCLI-UHFFFAOYSA-N	Chemical Probes Portal	rating_count	0	3
ZPNTXOKOIHPCLI-UHFFFAOYSA-N	Chemical Probes Portal	unsuitable	0	No
ZPNTXOKOIHPCLI-UHFFFAOYSA-N	Chemical Probes Portal	pains	0	No
ZPNTXOKOIHPCLI-UHFFFAOYSA-N	Chemical Probes Portal	toxicophore	0	No
ZPNTXOKOIHPCLI-UHFFFAOYSA-N	Chemical Probes Portal	published_date	0	2022-06-08
ZPNTXOKOIHPCLI-UHFFFAOYSA-N	Chemical Probes Portal	canSAR_ID	0	3217678
ZPNTXOKOIHPCLI-UHFFFAOYSA-N	Chemical Probes Portal	url	0	https://www.chemicalprobes.org/ddc-03-024-01
NVGROBHDOYRPAN-FPTDNZKUSA-N	Chemical Probes Portal	rating_in_cell	0	0
NVGROBHDOYRPAN-FPTDNZKUSA-N	Chemical Probes Portal	rating_in_organism	0	0
NVGROBHDOYRPAN-FPTDNZKUSA-N	Chemical Probes Portal	rating_count	0	0
NVGROBHDOYRPAN-FPTDNZKUSA-N	Chemical Probes Portal	unsuitable	0	No
NVGROBHDOYRPAN-FPTDNZKUSA-N	Chemical Probes Portal	pains	0	No
NVGROBHDOYRPAN-FPTDNZKUSA-N	Chemical Probes Portal	toxicophore	0	No
NVGROBHDOYRPAN-FPTDNZKUSA-N	Chemical Probes Portal	published_date	0	2021-12-19
NVGROBHDOYRPAN-FPTDNZKUSA-N	Chemical Probes Portal	canSAR_ID	0	3225199
NVGROBHDOYRPAN-FPTDNZKUSA-N	Chemical Probes Portal	url	0	https://www.chemicalprobes.org/nvs-malt1
VKQBTIMLSDGNLG-QHCPKHFHSA-N	Chemical Probes Portal	rating_in_cell	0	0
VKQBTIMLSDGNLG-QHCPKHFHSA-N	Chemical Probes Portal	rating_in_organism	0	0
VKQBTIMLSDGNLG-QHCPKHFHSA-N	Chemical Probes Portal	rating_count	0	0
VKQBTIMLSDGNLG-QHCPKHFHSA-N	Chemical Probes Portal	unsuitable	0	No
VKQBTIMLSDGNLG-QHCPKHFHSA-N	Chemical Probes Portal	pains	0	No
VKQBTIMLSDGNLG-QHCPKHFHSA-N	Chemical Probes Portal	toxicophore	0	No
VKQBTIMLSDGNLG-QHCPKHFHSA-N	Chemical Probes Portal	published_date	0	2021-12-19
VKQBTIMLSDGNLG-QHCPKHFHSA-N	Chemical Probes Portal	canSAR_ID	0	3154025
VKQBTIMLSDGNLG-QHCPKHFHSA-N	Chemical Probes Portal	url	0	https://www.chemicalprobes.org/bay-899
ZNNLBTZKUZBEKO-UHFFFAOYSA-N	Chemical Probes Portal	rating_in_cell	0	3
ZNNLBTZKUZBEKO-UHFFFAOYSA-N	Chemical Probes Portal	rating_in_organism	0	3.5
ZNNLBTZKUZBEKO-UHFFFAOYSA-N	Chemical Probes Portal	rating_count	0	2
ZNNLBTZKUZBEKO-UHFFFAOYSA-N	Chemical Probes Portal	unsuitable	0	No
ZNNLBTZKUZBEKO-UHFFFAOYSA-N	Chemical Probes Portal	pains	0	No
ZNNLBTZKUZBEKO-UHFFFAOYSA-N	Chemical Probes Portal	toxicophore	0	No
ZNNLBTZKUZBEKO-UHFFFAOYSA-N	Chemical Probes Portal	published_date	0	2017-08-09
ZNNLBTZKUZBEKO-UHFFFAOYSA-N	Chemical Probes Portal	canSAR_ID	0	490179
ZNNLBTZKUZBEKO-UHFFFAOYSA-N	Chemical Probes Portal	url	0	https://www.chemicalprobes.org/glyburide
FAEKWTJYAYMJKF-QHCPKHFHSA-N	Chemical Probes Portal	rating_in_cell	0	2.5
FAEKWTJYAYMJKF-QHCPKHFHSA-N	Chemical Probes Portal	rating_in_organism	0	3
FAEKWTJYAYMJKF-QHCPKHFHSA-N	Chemical Probes Portal	rating_count	0	2
FAEKWTJYAYMJKF-QHCPKHFHSA-N	Chemical Probes Portal	unsuitable	0	No
FAEKWTJYAYMJKF-QHCPKHFHSA-N	Chemical Probes Portal	pains	0	No
FAEKWTJYAYMJKF-QHCPKHFHSA-N	Chemical Probes Portal	toxicophore	0	No
FAEKWTJYAYMJKF-QHCPKHFHSA-N	Chemical Probes Portal	published_date	0	2017-08-09
FAEKWTJYAYMJKF-QHCPKHFHSA-N	Chemical Probes Portal	canSAR_ID	0	494113
FAEKWTJYAYMJKF-QHCPKHFHSA-N	Chemical Probes Portal	url	0	https://www.chemicalprobes.org/repaglinide
LYPAFUINURXJSG-AWEZNQCLSA-N	Chemical Probes Portal	rating_in_cell	0	4
LYPAFUINURXJSG-AWEZNQCLSA-N	Chemical Probes Portal	rating_in_organism	0	3.3333333333333335
LYPAFUINURXJSG-AWEZNQCLSA-N	Chemical Probes Portal	rating_count	0	3
LYPAFUINURXJSG-AWEZNQCLSA-N	Chemical Probes Portal	unsuitable	0	No
LYPAFUINURXJSG-AWEZNQCLSA-N	Chemical Probes Portal	pains	0	No
LYPAFUINURXJSG-AWEZNQCLSA-N	Chemical Probes Portal	toxicophore	0	No
LYPAFUINURXJSG-AWEZNQCLSA-N	Chemical Probes Portal	published_date	0	2020-10-21
LYPAFUINURXJSG-AWEZNQCLSA-N	Chemical Probes Portal	canSAR_ID	0	135972
LYPAFUINURXJSG-AWEZNQCLSA-N	Chemical Probes Portal	url	0	https://www.chemicalprobes.org/gsk2982772
JGWRKYUXBBNENE-UHFFFAOYSA-N	Chemical Probes Portal	rating_in_cell	0	3
JGWRKYUXBBNENE-UHFFFAOYSA-N	Chemical Probes Portal	rating_in_organism	0	3
JGWRKYUXBBNENE-UHFFFAOYSA-N	Chemical Probes Portal	rating_count	0	1
JGWRKYUXBBNENE-UHFFFAOYSA-N	Chemical Probes Portal	unsuitable	0	No
JGWRKYUXBBNENE-UHFFFAOYSA-N	Chemical Probes Portal	pains	0	No
JGWRKYUXBBNENE-UHFFFAOYSA-N	Chemical Probes Portal	toxicophore	0	No
JGWRKYUXBBNENE-UHFFFAOYSA-N	Chemical Probes Portal	published_date	0	2022-10-05
JGWRKYUXBBNENE-UHFFFAOYSA-N	Chemical Probes Portal	canSAR_ID	0	220962
JGWRKYUXBBNENE-UHFFFAOYSA-N	Chemical Probes Portal	url	0	https://www.chemicalprobes.org/pexidartinib
RZLXOEIALAVGKH-UHFFFAOYSA-N	Chemical Probes Portal	rating_in_cell	0	0
RZLXOEIALAVGKH-UHFFFAOYSA-N	Chemical Probes Portal	rating_in_organism	0	0
RZLXOEIALAVGKH-UHFFFAOYSA-N	Chemical Probes Portal	rating_count	0	0
RZLXOEIALAVGKH-UHFFFAOYSA-N	Chemical Probes Portal	unsuitable	0	No
RZLXOEIALAVGKH-UHFFFAOYSA-N	Chemical Probes Portal	pains	0	No
RZLXOEIALAVGKH-UHFFFAOYSA-N	Chemical Probes Portal	toxicophore	0	No
RZLXOEIALAVGKH-UHFFFAOYSA-N	Chemical Probes Portal	published_date	0	2022-10-05
RZLXOEIALAVGKH-UHFFFAOYSA-N	Chemical Probes Portal	canSAR_ID	0	3319832
RZLXOEIALAVGKH-UHFFFAOYSA-N	Chemical Probes Portal	url	0	https://www.chemicalprobes.org/hpk1-in-3
ZKIQFLSGMMYCGS-SANMLTNESA-N	Chemical Probes Portal	rating_in_cell	0	4
ZKIQFLSGMMYCGS-SANMLTNESA-N	Chemical Probes Portal	rating_in_organism	0	3
ZKIQFLSGMMYCGS-SANMLTNESA-N	Chemical Probes Portal	rating_count	0	1
ZKIQFLSGMMYCGS-SANMLTNESA-N	Chemical Probes Portal	unsuitable	0	No
ZKIQFLSGMMYCGS-SANMLTNESA-N	Chemical Probes Portal	pains	0	No
ZKIQFLSGMMYCGS-SANMLTNESA-N	Chemical Probes Portal	toxicophore	0	No
ZKIQFLSGMMYCGS-SANMLTNESA-N	Chemical Probes Portal	published_date	0	2021-03-29
ZKIQFLSGMMYCGS-SANMLTNESA-N	Chemical Probes Portal	canSAR_ID	0	724876
ZKIQFLSGMMYCGS-SANMLTNESA-N	Chemical Probes Portal	url	0	https://www.chemicalprobes.org/1g244
PMJIHLSCWIDGMD-UHFFFAOYSA-N	Chemical Probes Portal	rating_in_cell	0	2
PMJIHLSCWIDGMD-UHFFFAOYSA-N	Chemical Probes Portal	rating_in_organism	0	0
PMJIHLSCWIDGMD-UHFFFAOYSA-N	Chemical Probes Portal	rating_count	0	3
PMJIHLSCWIDGMD-UHFFFAOYSA-N	Chemical Probes Portal	unsuitable	0	No
PMJIHLSCWIDGMD-UHFFFAOYSA-N	Chemical Probes Portal	pains	0	No
PMJIHLSCWIDGMD-UHFFFAOYSA-N	Chemical Probes Portal	toxicophore	0	No
PMJIHLSCWIDGMD-UHFFFAOYSA-N	Chemical Probes Portal	published_date	0	2024-04-03
PMJIHLSCWIDGMD-UHFFFAOYSA-N	Chemical Probes Portal	canSAR_ID	0	1568061
PMJIHLSCWIDGMD-UHFFFAOYSA-N	Chemical Probes Portal	url	0	https://www.chemicalprobes.org/tideglusib
NIHAFOURWLZLFN-UHFFFAOYSA-N	Chemical Probes Portal	rating_in_cell	0	3.5
NIHAFOURWLZLFN-UHFFFAOYSA-N	Chemical Probes Portal	rating_in_organism	0	0
NIHAFOURWLZLFN-UHFFFAOYSA-N	Chemical Probes Portal	rating_count	0	2
NIHAFOURWLZLFN-UHFFFAOYSA-N	Chemical Probes Portal	unsuitable	0	No
NIHAFOURWLZLFN-UHFFFAOYSA-N	Chemical Probes Portal	pains	0	No
NIHAFOURWLZLFN-UHFFFAOYSA-N	Chemical Probes Portal	toxicophore	0	No
NIHAFOURWLZLFN-UHFFFAOYSA-N	Chemical Probes Portal	published_date	0	2023-12-20
NIHAFOURWLZLFN-UHFFFAOYSA-N	Chemical Probes Portal	canSAR_ID	0	4199062
NIHAFOURWLZLFN-UHFFFAOYSA-N	Chemical Probes Portal	url	0	https://www.chemicalprobes.org/sgc-cdkl5_gsk3
KKMZWHRTQLNOCF-UHFFFAOYSA-N	Chemical Probes Portal	rating_in_cell	0	2.6666666666666665
KKMZWHRTQLNOCF-UHFFFAOYSA-N	Chemical Probes Portal	rating_in_organism	0	0
KKMZWHRTQLNOCF-UHFFFAOYSA-N	Chemical Probes Portal	rating_count	0	3
KKMZWHRTQLNOCF-UHFFFAOYSA-N	Chemical Probes Portal	unsuitable	0	No
KKMZWHRTQLNOCF-UHFFFAOYSA-N	Chemical Probes Portal	pains	0	No
KKMZWHRTQLNOCF-UHFFFAOYSA-N	Chemical Probes Portal	toxicophore	0	No
KKMZWHRTQLNOCF-UHFFFAOYSA-N	Chemical Probes Portal	published_date	0	2023-02-13
KKMZWHRTQLNOCF-UHFFFAOYSA-N	Chemical Probes Portal	canSAR_ID	0	3150449
KKMZWHRTQLNOCF-UHFFFAOYSA-N	Chemical Probes Portal	url	0	https://www.chemicalprobes.org/tm-04-176-01
NFHSJYKXENYICE-UHFFFAOYSA-N	Chemical Probes Portal	rating_in_cell	0	0
NFHSJYKXENYICE-UHFFFAOYSA-N	Chemical Probes Portal	rating_in_organism	0	0
NFHSJYKXENYICE-UHFFFAOYSA-N	Chemical Probes Portal	rating_count	0	0
NFHSJYKXENYICE-UHFFFAOYSA-N	Chemical Probes Portal	unsuitable	0	No
NFHSJYKXENYICE-UHFFFAOYSA-N	Chemical Probes Portal	pains	0	No
NFHSJYKXENYICE-UHFFFAOYSA-N	Chemical Probes Portal	toxicophore	0	No
NFHSJYKXENYICE-UHFFFAOYSA-N	Chemical Probes Portal	published_date	0	2025-04-30
NFHSJYKXENYICE-UHFFFAOYSA-N	Chemical Probes Portal	canSAR_ID	0	741719
NFHSJYKXENYICE-UHFFFAOYSA-N	Chemical Probes Portal	url	0	https://www.chemicalprobes.org/ioa-244
GOVYBPLHWIEHEJ-UHFFFAOYSA-N	Chemical Probes Portal	rating_in_cell	0	3
GOVYBPLHWIEHEJ-UHFFFAOYSA-N	Chemical Probes Portal	rating_in_organism	0	3
GOVYBPLHWIEHEJ-UHFFFAOYSA-N	Chemical Probes Portal	rating_count	0	2
GOVYBPLHWIEHEJ-UHFFFAOYSA-N	Chemical Probes Portal	unsuitable	0	No
GOVYBPLHWIEHEJ-UHFFFAOYSA-N	Chemical Probes Portal	pains	0	Yes
GOVYBPLHWIEHEJ-UHFFFAOYSA-N	Chemical Probes Portal	toxicophore	0	Yes
GOVYBPLHWIEHEJ-UHFFFAOYSA-N	Chemical Probes Portal	published_date	0	2017-07-20
GOVYBPLHWIEHEJ-UHFFFAOYSA-N	Chemical Probes Portal	canSAR_ID	0	1730991
GOVYBPLHWIEHEJ-UHFFFAOYSA-N	Chemical Probes Portal	url	0	https://www.chemicalprobes.org/tubastatin
OJQMKCBWYCWFPU-UHFFFAOYSA-N	Chemical Probes Portal	rating_in_cell	0	4
OJQMKCBWYCWFPU-UHFFFAOYSA-N	Chemical Probes Portal	rating_in_organism	0	4
OJQMKCBWYCWFPU-UHFFFAOYSA-N	Chemical Probes Portal	rating_count	0	1
OJQMKCBWYCWFPU-UHFFFAOYSA-N	Chemical Probes Portal	unsuitable	0	No
OJQMKCBWYCWFPU-UHFFFAOYSA-N	Chemical Probes Portal	pains	0	No
OJQMKCBWYCWFPU-UHFFFAOYSA-N	Chemical Probes Portal	toxicophore	0	No
OJQMKCBWYCWFPU-UHFFFAOYSA-N	Chemical Probes Portal	published_date	0	2025-04-30
OJQMKCBWYCWFPU-UHFFFAOYSA-N	Chemical Probes Portal	canSAR_ID	0	331323
OJQMKCBWYCWFPU-UHFFFAOYSA-N	Chemical Probes Portal	url	0	https://www.chemicalprobes.org/selexipag
WXTJCPHELGTTJU-FMKPAKJESA-N	Chemical Probes Portal	rating_in_cell	0	3.5
WXTJCPHELGTTJU-FMKPAKJESA-N	Chemical Probes Portal	rating_in_organism	0	3
WXTJCPHELGTTJU-FMKPAKJESA-N	Chemical Probes Portal	rating_count	0	2
WXTJCPHELGTTJU-FMKPAKJESA-N	Chemical Probes Portal	unsuitable	0	No
WXTJCPHELGTTJU-FMKPAKJESA-N	Chemical Probes Portal	pains	0	No
WXTJCPHELGTTJU-FMKPAKJESA-N	Chemical Probes Portal	toxicophore	0	No
WXTJCPHELGTTJU-FMKPAKJESA-N	Chemical Probes Portal	published_date	0	2025-02-17
WXTJCPHELGTTJU-FMKPAKJESA-N	Chemical Probes Portal	canSAR_ID	0	7047193
WXTJCPHELGTTJU-FMKPAKJESA-N	Chemical Probes Portal	url	0	https://www.chemicalprobes.org/aep-in-3
JYYLVUFNAHSSFE-UHFFFAOYSA-N	Chemical Probes Portal	rating_in_cell	0	3
JYYLVUFNAHSSFE-UHFFFAOYSA-N	Chemical Probes Portal	rating_in_organism	0	3.5
JYYLVUFNAHSSFE-UHFFFAOYSA-N	Chemical Probes Portal	rating_count	0	2
JYYLVUFNAHSSFE-UHFFFAOYSA-N	Chemical Probes Portal	unsuitable	0	No
JYYLVUFNAHSSFE-UHFFFAOYSA-N	Chemical Probes Portal	pains	0	No
JYYLVUFNAHSSFE-UHFFFAOYSA-N	Chemical Probes Portal	toxicophore	0	No
JYYLVUFNAHSSFE-UHFFFAOYSA-N	Chemical Probes Portal	published_date	0	2025-04-30
JYYLVUFNAHSSFE-UHFFFAOYSA-N	Chemical Probes Portal	canSAR_ID	0	170254
JYYLVUFNAHSSFE-UHFFFAOYSA-N	Chemical Probes Portal	url	0	https://www.chemicalprobes.org/pamapimod
DNVFTXQYIYFQBW-UHFFFAOYSA-N	Chemical Probes Portal	rating_in_cell	0	3
DNVFTXQYIYFQBW-UHFFFAOYSA-N	Chemical Probes Portal	rating_in_organism	0	0
DNVFTXQYIYFQBW-UHFFFAOYSA-N	Chemical Probes Portal	rating_count	0	1
DNVFTXQYIYFQBW-UHFFFAOYSA-N	Chemical Probes Portal	unsuitable	0	No
DNVFTXQYIYFQBW-UHFFFAOYSA-N	Chemical Probes Portal	pains	0	No
DNVFTXQYIYFQBW-UHFFFAOYSA-N	Chemical Probes Portal	toxicophore	0	Yes
DNVFTXQYIYFQBW-UHFFFAOYSA-N	Chemical Probes Portal	published_date	0	2023-02-13
DNVFTXQYIYFQBW-UHFFFAOYSA-N	Chemical Probes Portal	canSAR_ID	0	906703
DNVFTXQYIYFQBW-UHFFFAOYSA-N	Chemical Probes Portal	url	0	https://www.chemicalprobes.org/fiin-1
NDVITLLKZQXKGU-IBGZPJMESA-N	Chemical Probes Portal	rating_in_cell	0	2.5
NDVITLLKZQXKGU-IBGZPJMESA-N	Chemical Probes Portal	rating_in_organism	0	0
NDVITLLKZQXKGU-IBGZPJMESA-N	Chemical Probes Portal	rating_count	0	2
NDVITLLKZQXKGU-IBGZPJMESA-N	Chemical Probes Portal	unsuitable	0	No
NDVITLLKZQXKGU-IBGZPJMESA-N	Chemical Probes Portal	pains	0	No
NDVITLLKZQXKGU-IBGZPJMESA-N	Chemical Probes Portal	toxicophore	0	No
NDVITLLKZQXKGU-IBGZPJMESA-N	Chemical Probes Portal	published_date	0	2025-03-24
NDVITLLKZQXKGU-IBGZPJMESA-N	Chemical Probes Portal	canSAR_ID	0	2883294
NDVITLLKZQXKGU-IBGZPJMESA-N	Chemical Probes Portal	url	0	https://www.chemicalprobes.org/tach101
QYJLBHRAPDJOSO-NVXWUHKLSA-N	Chemical Probes Portal	rating_in_cell	0	3
QYJLBHRAPDJOSO-NVXWUHKLSA-N	Chemical Probes Portal	rating_in_organism	0	0
QYJLBHRAPDJOSO-NVXWUHKLSA-N	Chemical Probes Portal	rating_count	0	1
QYJLBHRAPDJOSO-NVXWUHKLSA-N	Chemical Probes Portal	unsuitable	0	No
QYJLBHRAPDJOSO-NVXWUHKLSA-N	Chemical Probes Portal	pains	0	No
QYJLBHRAPDJOSO-NVXWUHKLSA-N	Chemical Probes Portal	toxicophore	0	No
QYJLBHRAPDJOSO-NVXWUHKLSA-N	Chemical Probes Portal	published_date	0	2025-03-17
QYJLBHRAPDJOSO-NVXWUHKLSA-N	Chemical Probes Portal	canSAR_ID	0	3494562
QYJLBHRAPDJOSO-NVXWUHKLSA-N	Chemical Probes Portal	url	0	https://www.chemicalprobes.org/atirmociclib
HEAUOKZIVMZVQL-VWLOTQADSA-N	Chemical Probes Portal	rating_in_cell	0	4
HEAUOKZIVMZVQL-VWLOTQADSA-N	Chemical Probes Portal	rating_in_organism	0	4
HEAUOKZIVMZVQL-VWLOTQADSA-N	Chemical Probes Portal	rating_count	0	1
HEAUOKZIVMZVQL-VWLOTQADSA-N	Chemical Probes Portal	unsuitable	0	No
HEAUOKZIVMZVQL-VWLOTQADSA-N	Chemical Probes Portal	pains	0	No
HEAUOKZIVMZVQL-VWLOTQADSA-N	Chemical Probes Portal	toxicophore	0	No
HEAUOKZIVMZVQL-VWLOTQADSA-N	Chemical Probes Portal	published_date	0	2025-04-30
HEAUOKZIVMZVQL-VWLOTQADSA-N	Chemical Probes Portal	canSAR_ID	0	903998
HEAUOKZIVMZVQL-VWLOTQADSA-N	Chemical Probes Portal	url	0	https://www.chemicalprobes.org/elagolix
ASRLBLHATMXGPC-UHFFFAOYSA-N	Chemical Probes Portal	rating_in_cell	0	4
ASRLBLHATMXGPC-UHFFFAOYSA-N	Chemical Probes Portal	rating_in_organism	0	0
ASRLBLHATMXGPC-UHFFFAOYSA-N	Chemical Probes Portal	rating_count	0	1
ASRLBLHATMXGPC-UHFFFAOYSA-N	Chemical Probes Portal	unsuitable	0	No
ASRLBLHATMXGPC-UHFFFAOYSA-N	Chemical Probes Portal	pains	0	No
ASRLBLHATMXGPC-UHFFFAOYSA-N	Chemical Probes Portal	toxicophore	0	No
ASRLBLHATMXGPC-UHFFFAOYSA-N	Chemical Probes Portal	published_date	0	2025-05-02
ASRLBLHATMXGPC-UHFFFAOYSA-N	Chemical Probes Portal	canSAR_ID	0	3929687
ASRLBLHATMXGPC-UHFFFAOYSA-N	Chemical Probes Portal	url	0	https://www.chemicalprobes.org/bi-7190
POKVQQVLRJLUAK-UHFFFAOYSA-N	Chemical Probes Portal	rating_in_cell	0	3.6666666666666665
POKVQQVLRJLUAK-UHFFFAOYSA-N	Chemical Probes Portal	rating_in_organism	0	3.6666666666666665
POKVQQVLRJLUAK-UHFFFAOYSA-N	Chemical Probes Portal	rating_count	0	3
POKVQQVLRJLUAK-UHFFFAOYSA-N	Chemical Probes Portal	unsuitable	0	No
POKVQQVLRJLUAK-UHFFFAOYSA-N	Chemical Probes Portal	pains	0	No
POKVQQVLRJLUAK-UHFFFAOYSA-N	Chemical Probes Portal	toxicophore	0	No
POKVQQVLRJLUAK-UHFFFAOYSA-N	Chemical Probes Portal	published_date	0	2025-05-26
POKVQQVLRJLUAK-UHFFFAOYSA-N	Chemical Probes Portal	canSAR_ID	0	7437506
POKVQQVLRJLUAK-UHFFFAOYSA-N	Chemical Probes Portal	url	0	https://www.chemicalprobes.org/rp-1664
RKAFYSIKAVFVPS-UHFFFAOYSA-N	Chemical Probes Portal	rating_in_cell	0	4
RKAFYSIKAVFVPS-UHFFFAOYSA-N	Chemical Probes Portal	rating_in_organism	0	4
RKAFYSIKAVFVPS-UHFFFAOYSA-N	Chemical Probes Portal	rating_count	0	1
RKAFYSIKAVFVPS-UHFFFAOYSA-N	Chemical Probes Portal	unsuitable	0	No
RKAFYSIKAVFVPS-UHFFFAOYSA-N	Chemical Probes Portal	pains	0	No
RKAFYSIKAVFVPS-UHFFFAOYSA-N	Chemical Probes Portal	toxicophore	0	Yes
RKAFYSIKAVFVPS-UHFFFAOYSA-N	Chemical Probes Portal	published_date	0	2025-03-17
RKAFYSIKAVFVPS-UHFFFAOYSA-N	Chemical Probes Portal	canSAR_ID	0	3896798
RKAFYSIKAVFVPS-UHFFFAOYSA-N	Chemical Probes Portal	url	0	https://www.chemicalprobes.org/sj6986
XVGSKZXXLKUEIO-MRXNPFEDSA-N	Chemical Probes Portal	rating_in_cell	0	3
XVGSKZXXLKUEIO-MRXNPFEDSA-N	Chemical Probes Portal	rating_in_organism	0	3
XVGSKZXXLKUEIO-MRXNPFEDSA-N	Chemical Probes Portal	rating_count	0	2
XVGSKZXXLKUEIO-MRXNPFEDSA-N	Chemical Probes Portal	unsuitable	0	No
XVGSKZXXLKUEIO-MRXNPFEDSA-N	Chemical Probes Portal	pains	0	No
XVGSKZXXLKUEIO-MRXNPFEDSA-N	Chemical Probes Portal	toxicophore	0	No
XVGSKZXXLKUEIO-MRXNPFEDSA-N	Chemical Probes Portal	published_date	0	2025-03-17
XVGSKZXXLKUEIO-MRXNPFEDSA-N	Chemical Probes Portal	canSAR_ID	0	3930534
XVGSKZXXLKUEIO-MRXNPFEDSA-N	Chemical Probes Portal	url	0	https://www.chemicalprobes.org/tdi-11861
NRHPFMQPXSSELC-QHCPKHFHSA-N	Chemical Probes Portal	rating_in_cell	0	3
NRHPFMQPXSSELC-QHCPKHFHSA-N	Chemical Probes Portal	rating_in_organism	0	0
NRHPFMQPXSSELC-QHCPKHFHSA-N	Chemical Probes Portal	rating_count	0	1
NRHPFMQPXSSELC-QHCPKHFHSA-N	Chemical Probes Portal	unsuitable	0	No
NRHPFMQPXSSELC-QHCPKHFHSA-N	Chemical Probes Portal	pains	0	No
NRHPFMQPXSSELC-QHCPKHFHSA-N	Chemical Probes Portal	toxicophore	0	No
NRHPFMQPXSSELC-QHCPKHFHSA-N	Chemical Probes Portal	published_date	0	2025-05-16
NRHPFMQPXSSELC-QHCPKHFHSA-N	Chemical Probes Portal	canSAR_ID	0	3182425
NRHPFMQPXSSELC-QHCPKHFHSA-N	Chemical Probes Portal	url	0	https://www.chemicalprobes.org/usp30inh
GJMZWYLOARVASY-NTCAYCPXSA-N	Chemical Probes Portal	rating_in_cell	0	4
GJMZWYLOARVASY-NTCAYCPXSA-N	Chemical Probes Portal	rating_in_organism	0	0
GJMZWYLOARVASY-NTCAYCPXSA-N	Chemical Probes Portal	rating_count	0	3
GJMZWYLOARVASY-NTCAYCPXSA-N	Chemical Probes Portal	unsuitable	0	No
GJMZWYLOARVASY-NTCAYCPXSA-N	Chemical Probes Portal	pains	0	No
GJMZWYLOARVASY-NTCAYCPXSA-N	Chemical Probes Portal	toxicophore	0	Yes
GJMZWYLOARVASY-NTCAYCPXSA-N	Chemical Probes Portal	published_date	0	2017-04-24
GJMZWYLOARVASY-NTCAYCPXSA-N	Chemical Probes Portal	canSAR_ID	0	2879306
GJMZWYLOARVASY-NTCAYCPXSA-N	Chemical Probes Portal	url	0	https://www.chemicalprobes.org/fm-381
KTBSXLIQKWEBRB-UHFFFAOYSA-N	Chemical Probes Portal	rating_in_cell	0	3
KTBSXLIQKWEBRB-UHFFFAOYSA-N	Chemical Probes Portal	rating_in_organism	0	3
KTBSXLIQKWEBRB-UHFFFAOYSA-N	Chemical Probes Portal	rating_count	0	2
KTBSXLIQKWEBRB-UHFFFAOYSA-N	Chemical Probes Portal	unsuitable	0	No
KTBSXLIQKWEBRB-UHFFFAOYSA-N	Chemical Probes Portal	pains	0	No
KTBSXLIQKWEBRB-UHFFFAOYSA-N	Chemical Probes Portal	toxicophore	0	No
KTBSXLIQKWEBRB-UHFFFAOYSA-N	Chemical Probes Portal	published_date	0	2025-04-30
KTBSXLIQKWEBRB-UHFFFAOYSA-N	Chemical Probes Portal	canSAR_ID	0	830262
KTBSXLIQKWEBRB-UHFFFAOYSA-N	Chemical Probes Portal	url	0	https://www.chemicalprobes.org/itacitinib
KTBSXLIQKWEBRB-UHFFFAOYSA-N	PubChem	structure_source	0	pubchem:name:ITACITINIB
HXYXHSDYBDFOFO-INIZCTEOSA-N	Chemical Probes Portal	rating_in_cell	0	0
HXYXHSDYBDFOFO-INIZCTEOSA-N	Chemical Probes Portal	rating_in_organism	0	4
HXYXHSDYBDFOFO-INIZCTEOSA-N	Chemical Probes Portal	rating_count	0	1
HXYXHSDYBDFOFO-INIZCTEOSA-N	Chemical Probes Portal	unsuitable	0	No
HXYXHSDYBDFOFO-INIZCTEOSA-N	Chemical Probes Portal	pains	0	No
HXYXHSDYBDFOFO-INIZCTEOSA-N	Chemical Probes Portal	toxicophore	0	No
HXYXHSDYBDFOFO-INIZCTEOSA-N	Chemical Probes Portal	published_date	0	2025-04-30
HXYXHSDYBDFOFO-INIZCTEOSA-N	Chemical Probes Portal	canSAR_ID	0	663954
HXYXHSDYBDFOFO-INIZCTEOSA-N	Chemical Probes Portal	url	0	https://www.chemicalprobes.org/crt0273750
HHFWQMFTPDFWLM-UHFFFAOYSA-N	Chemical Probes Portal	rating_in_cell	0	0
HHFWQMFTPDFWLM-UHFFFAOYSA-N	Chemical Probes Portal	rating_in_organism	0	1
HHFWQMFTPDFWLM-UHFFFAOYSA-N	Chemical Probes Portal	rating_count	0	1
HHFWQMFTPDFWLM-UHFFFAOYSA-N	Chemical Probes Portal	unsuitable	0	No
HHFWQMFTPDFWLM-UHFFFAOYSA-N	Chemical Probes Portal	pains	0	No
HHFWQMFTPDFWLM-UHFFFAOYSA-N	Chemical Probes Portal	toxicophore	0	No
HHFWQMFTPDFWLM-UHFFFAOYSA-N	Chemical Probes Portal	published_date	0	2025-07-31
HHFWQMFTPDFWLM-UHFFFAOYSA-N	Chemical Probes Portal	canSAR_ID	0	4444938
HHFWQMFTPDFWLM-UHFFFAOYSA-N	Chemical Probes Portal	url	0	https://www.chemicalprobes.org/bcx-3607
FSQGWBXWGNWEAV-CMDGGOBGSA-N	Chemical Probes Portal	rating_in_cell	0	0
FSQGWBXWGNWEAV-CMDGGOBGSA-N	Chemical Probes Portal	rating_in_organism	0	0
FSQGWBXWGNWEAV-CMDGGOBGSA-N	Chemical Probes Portal	rating_count	0	0
FSQGWBXWGNWEAV-CMDGGOBGSA-N	Chemical Probes Portal	unsuitable	0	No
FSQGWBXWGNWEAV-CMDGGOBGSA-N	Chemical Probes Portal	pains	0	No
FSQGWBXWGNWEAV-CMDGGOBGSA-N	Chemical Probes Portal	toxicophore	0	Yes
FSQGWBXWGNWEAV-CMDGGOBGSA-N	Chemical Probes Portal	published_date	0	2025-08-01
FSQGWBXWGNWEAV-CMDGGOBGSA-N	Chemical Probes Portal	canSAR_ID	0	7384185
FSQGWBXWGNWEAV-CMDGGOBGSA-N	Chemical Probes Portal	url	0	https://www.chemicalprobes.org/gfh018
OXTSYWDBUVRXFF-GDLZYMKVSA-N	Chemical Probes Portal	rating_in_cell	0	0
OXTSYWDBUVRXFF-GDLZYMKVSA-N	Chemical Probes Portal	rating_in_organism	0	0
OXTSYWDBUVRXFF-GDLZYMKVSA-N	Chemical Probes Portal	rating_count	0	0
OXTSYWDBUVRXFF-GDLZYMKVSA-N	Chemical Probes Portal	unsuitable	0	No
OXTSYWDBUVRXFF-GDLZYMKVSA-N	Chemical Probes Portal	pains	0	Yes
OXTSYWDBUVRXFF-GDLZYMKVSA-N	Chemical Probes Portal	toxicophore	0	No
OXTSYWDBUVRXFF-GDLZYMKVSA-N	Chemical Probes Portal	published_date	0	2025-08-04
OXTSYWDBUVRXFF-GDLZYMKVSA-N	Chemical Probes Portal	canSAR_ID	0	3878851
OXTSYWDBUVRXFF-GDLZYMKVSA-N	Chemical Probes Portal	url	0	https://www.chemicalprobes.org/azenosertib
KRNAOFGYEFKHPB-ANJVHQHFSA-N	Chemical Probes Portal	rating_in_cell	0	4
KRNAOFGYEFKHPB-ANJVHQHFSA-N	Chemical Probes Portal	rating_in_organism	0	4
KRNAOFGYEFKHPB-ANJVHQHFSA-N	Chemical Probes Portal	rating_count	0	1
KRNAOFGYEFKHPB-ANJVHQHFSA-N	Chemical Probes Portal	unsuitable	0	No
KRNAOFGYEFKHPB-ANJVHQHFSA-N	Chemical Probes Portal	pains	0	No
KRNAOFGYEFKHPB-ANJVHQHFSA-N	Chemical Probes Portal	toxicophore	0	No
KRNAOFGYEFKHPB-ANJVHQHFSA-N	Chemical Probes Portal	published_date	0	2025-02-07
KRNAOFGYEFKHPB-ANJVHQHFSA-N	Chemical Probes Portal	canSAR_ID	0	856770
KRNAOFGYEFKHPB-ANJVHQHFSA-N	Chemical Probes Portal	url	0	https://www.chemicalprobes.org/rimegepant
LBFYQISQYCGDDW-UHFFFAOYSA-N	Chemical Probes Portal	rating_in_cell	0	4
LBFYQISQYCGDDW-UHFFFAOYSA-N	Chemical Probes Portal	rating_in_organism	0	3.3333333333333335
LBFYQISQYCGDDW-UHFFFAOYSA-N	Chemical Probes Portal	rating_count	0	3
LBFYQISQYCGDDW-UHFFFAOYSA-N	Chemical Probes Portal	unsuitable	0	No
LBFYQISQYCGDDW-UHFFFAOYSA-N	Chemical Probes Portal	pains	0	No
LBFYQISQYCGDDW-UHFFFAOYSA-N	Chemical Probes Portal	toxicophore	0	No
LBFYQISQYCGDDW-UHFFFAOYSA-N	Chemical Probes Portal	published_date	0	2017-01-13
LBFYQISQYCGDDW-UHFFFAOYSA-N	Chemical Probes Portal	canSAR_ID	0	367223
LBFYQISQYCGDDW-UHFFFAOYSA-N	Chemical Probes Portal	url	0	https://www.chemicalprobes.org/cct251545
WBFSPPPOPIJCLF-UHFFFAOYSA-N	Chemical Probes Portal	rating_in_cell	0	3
WBFSPPPOPIJCLF-UHFFFAOYSA-N	Chemical Probes Portal	rating_in_organism	0	3
WBFSPPPOPIJCLF-UHFFFAOYSA-N	Chemical Probes Portal	rating_count	0	1
WBFSPPPOPIJCLF-UHFFFAOYSA-N	Chemical Probes Portal	unsuitable	0	No
WBFSPPPOPIJCLF-UHFFFAOYSA-N	Chemical Probes Portal	pains	0	No
WBFSPPPOPIJCLF-UHFFFAOYSA-N	Chemical Probes Portal	toxicophore	0	Yes
WBFSPPPOPIJCLF-UHFFFAOYSA-N	Chemical Probes Portal	published_date	0	2025-08-04
WBFSPPPOPIJCLF-UHFFFAOYSA-N	Chemical Probes Portal	canSAR_ID	0	6609142
WBFSPPPOPIJCLF-UHFFFAOYSA-N	Chemical Probes Portal	url	0	https://www.chemicalprobes.org/biib129
XFBJUMZGUOUWSC-UHFFFAOYSA-N	Chemical Probes Portal	rating_in_cell	0	3
XFBJUMZGUOUWSC-UHFFFAOYSA-N	Chemical Probes Portal	rating_in_organism	0	0
XFBJUMZGUOUWSC-UHFFFAOYSA-N	Chemical Probes Portal	rating_count	0	1
XFBJUMZGUOUWSC-UHFFFAOYSA-N	Chemical Probes Portal	unsuitable	0	No
XFBJUMZGUOUWSC-UHFFFAOYSA-N	Chemical Probes Portal	pains	0	No
XFBJUMZGUOUWSC-UHFFFAOYSA-N	Chemical Probes Portal	toxicophore	0	Yes
XFBJUMZGUOUWSC-UHFFFAOYSA-N	Chemical Probes Portal	published_date	0	2025-08-01
XFBJUMZGUOUWSC-UHFFFAOYSA-N	Chemical Probes Portal	canSAR_ID	0	7437511
XFBJUMZGUOUWSC-UHFFFAOYSA-N	Chemical Probes Portal	url	0	https://www.chemicalprobes.org/hces2a-in-9d
JLIJJLLYTGASQX-UHFFFAOYSA-N	Chemical Probes Portal	rating_in_cell	0	3
JLIJJLLYTGASQX-UHFFFAOYSA-N	Chemical Probes Portal	rating_in_organism	0	0
JLIJJLLYTGASQX-UHFFFAOYSA-N	Chemical Probes Portal	rating_count	0	2
JLIJJLLYTGASQX-UHFFFAOYSA-N	Chemical Probes Portal	unsuitable	0	No
JLIJJLLYTGASQX-UHFFFAOYSA-N	Chemical Probes Portal	pains	0	No
JLIJJLLYTGASQX-UHFFFAOYSA-N	Chemical Probes Portal	toxicophore	0	No
JLIJJLLYTGASQX-UHFFFAOYSA-N	Chemical Probes Portal	published_date	0	2025-08-01
JLIJJLLYTGASQX-UHFFFAOYSA-N	Chemical Probes Portal	canSAR_ID	0	7361546
JLIJJLLYTGASQX-UHFFFAOYSA-N	Chemical Probes Portal	url	0	https://www.chemicalprobes.org/lc-20w
FUEYCNUHTBZPRF-SVBPBHIXSA-N	Chemical Probes Portal	rating_in_cell	0	4
FUEYCNUHTBZPRF-SVBPBHIXSA-N	Chemical Probes Portal	rating_in_organism	0	4
FUEYCNUHTBZPRF-SVBPBHIXSA-N	Chemical Probes Portal	rating_count	0	1
FUEYCNUHTBZPRF-SVBPBHIXSA-N	Chemical Probes Portal	unsuitable	0	No
FUEYCNUHTBZPRF-SVBPBHIXSA-N	Chemical Probes Portal	pains	0	No
FUEYCNUHTBZPRF-SVBPBHIXSA-N	Chemical Probes Portal	toxicophore	0	Yes
FUEYCNUHTBZPRF-SVBPBHIXSA-N	Chemical Probes Portal	published_date	0	2025-08-14
FUEYCNUHTBZPRF-SVBPBHIXSA-N	Chemical Probes Portal	canSAR_ID	0	7437516
FUEYCNUHTBZPRF-SVBPBHIXSA-N	Chemical Probes Portal	url	0	https://www.chemicalprobes.org/d6-3
KDTQFQYXTWVBCC-UHFFFAOYSA-N	Chemical Probes Portal	rating_in_cell	0	0
KDTQFQYXTWVBCC-UHFFFAOYSA-N	Chemical Probes Portal	rating_in_organism	0	0
KDTQFQYXTWVBCC-UHFFFAOYSA-N	Chemical Probes Portal	rating_count	0	0
KDTQFQYXTWVBCC-UHFFFAOYSA-N	Chemical Probes Portal	unsuitable	0	No
KDTQFQYXTWVBCC-UHFFFAOYSA-N	Chemical Probes Portal	pains	0	No
KDTQFQYXTWVBCC-UHFFFAOYSA-N	Chemical Probes Portal	toxicophore	0	No
KDTQFQYXTWVBCC-UHFFFAOYSA-N	Chemical Probes Portal	published_date	0	2025-08-24
KDTQFQYXTWVBCC-UHFFFAOYSA-N	Chemical Probes Portal	canSAR_ID	0	7437518
KDTQFQYXTWVBCC-UHFFFAOYSA-N	Chemical Probes Portal	url	0	https://www.chemicalprobes.org/ono-2920632
GSLHDZCTAHKMDW-UHFFFAOYSA-N	Chemical Probes Portal	rating_in_cell	0	3
GSLHDZCTAHKMDW-UHFFFAOYSA-N	Chemical Probes Portal	rating_in_organism	0	3
GSLHDZCTAHKMDW-UHFFFAOYSA-N	Chemical Probes Portal	rating_count	0	1
GSLHDZCTAHKMDW-UHFFFAOYSA-N	Chemical Probes Portal	unsuitable	0	No
GSLHDZCTAHKMDW-UHFFFAOYSA-N	Chemical Probes Portal	pains	0	No
GSLHDZCTAHKMDW-UHFFFAOYSA-N	Chemical Probes Portal	toxicophore	0	No
GSLHDZCTAHKMDW-UHFFFAOYSA-N	Chemical Probes Portal	published_date	0	2025-08-01
GSLHDZCTAHKMDW-UHFFFAOYSA-N	Chemical Probes Portal	canSAR_ID	0	7437510
GSLHDZCTAHKMDW-UHFFFAOYSA-N	Chemical Probes Portal	url	0	https://www.chemicalprobes.org/1-7a-b1
DXAQGYQVEJTSTD-UHFFFAOYSA-N	Chemical Probes Portal	rating_in_cell	0	4
DXAQGYQVEJTSTD-UHFFFAOYSA-N	Chemical Probes Portal	rating_in_organism	0	1.5
DXAQGYQVEJTSTD-UHFFFAOYSA-N	Chemical Probes Portal	rating_count	0	2
DXAQGYQVEJTSTD-UHFFFAOYSA-N	Chemical Probes Portal	unsuitable	0	No
DXAQGYQVEJTSTD-UHFFFAOYSA-N	Chemical Probes Portal	pains	0	No
DXAQGYQVEJTSTD-UHFFFAOYSA-N	Chemical Probes Portal	toxicophore	0	No
DXAQGYQVEJTSTD-UHFFFAOYSA-N	Chemical Probes Portal	published_date	0	2025-08-04
DXAQGYQVEJTSTD-UHFFFAOYSA-N	Chemical Probes Portal	canSAR_ID	0	7437519
DXAQGYQVEJTSTD-UHFFFAOYSA-N	Chemical Probes Portal	url	0	https://www.chemicalprobes.org/ono-6830634
ODRITQGYYWHQGM-INIZCTEOSA-N	Chemical Probes Portal	rating_in_cell	0	0
ODRITQGYYWHQGM-INIZCTEOSA-N	Chemical Probes Portal	rating_in_organism	0	0
ODRITQGYYWHQGM-INIZCTEOSA-N	Chemical Probes Portal	rating_count	0	0
ODRITQGYYWHQGM-INIZCTEOSA-N	Chemical Probes Portal	unsuitable	0	No
ODRITQGYYWHQGM-INIZCTEOSA-N	Chemical Probes Portal	pains	0	No
ODRITQGYYWHQGM-INIZCTEOSA-N	Chemical Probes Portal	toxicophore	0	No
ODRITQGYYWHQGM-INIZCTEOSA-N	Chemical Probes Portal	published_date	0	2025-09-05
ODRITQGYYWHQGM-INIZCTEOSA-N	Chemical Probes Portal	canSAR_ID	0	1576834
ODRITQGYYWHQGM-INIZCTEOSA-N	Chemical Probes Portal	url	0	https://www.chemicalprobes.org/msc2530818
BODASLVEZBWITD-ACCUITESSA-N	Chemical Probes Portal	rating_in_cell	0	2
BODASLVEZBWITD-ACCUITESSA-N	Chemical Probes Portal	rating_in_organism	0	1
BODASLVEZBWITD-ACCUITESSA-N	Chemical Probes Portal	rating_count	0	1
BODASLVEZBWITD-ACCUITESSA-N	Chemical Probes Portal	unsuitable	0	No
BODASLVEZBWITD-ACCUITESSA-N	Chemical Probes Portal	pains	0	Yes
BODASLVEZBWITD-ACCUITESSA-N	Chemical Probes Portal	toxicophore	0	Yes
BODASLVEZBWITD-ACCUITESSA-N	Chemical Probes Portal	published_date	0	2025-03-17
BODASLVEZBWITD-ACCUITESSA-N	Chemical Probes Portal	canSAR_ID	0	7437521
BODASLVEZBWITD-ACCUITESSA-N	Chemical Probes Portal	url	0	https://www.chemicalprobes.org/cq627
XBWKVZHZUZNMJE-UHFFFAOYSA-N	Chemical Probes Portal	rating_in_cell	0	3.6666666666666665
XBWKVZHZUZNMJE-UHFFFAOYSA-N	Chemical Probes Portal	rating_in_organism	0	0
XBWKVZHZUZNMJE-UHFFFAOYSA-N	Chemical Probes Portal	rating_count	0	3
XBWKVZHZUZNMJE-UHFFFAOYSA-N	Chemical Probes Portal	unsuitable	0	No
XBWKVZHZUZNMJE-UHFFFAOYSA-N	Chemical Probes Portal	pains	0	No
XBWKVZHZUZNMJE-UHFFFAOYSA-N	Chemical Probes Portal	toxicophore	0	No
XBWKVZHZUZNMJE-UHFFFAOYSA-N	Chemical Probes Portal	published_date	0	2024-02-19
XBWKVZHZUZNMJE-UHFFFAOYSA-N	Chemical Probes Portal	canSAR_ID	0	4199103
XBWKVZHZUZNMJE-UHFFFAOYSA-N	Chemical Probes Portal	url	0	https://www.chemicalprobes.org/ja310
OYMNPJXKQVTQTR-UHFFFAOYSA-N	Chemical Probes Portal	rating_in_cell	0	2.5
OYMNPJXKQVTQTR-UHFFFAOYSA-N	Chemical Probes Portal	rating_in_organism	0	1
OYMNPJXKQVTQTR-UHFFFAOYSA-N	Chemical Probes Portal	rating_count	0	2
OYMNPJXKQVTQTR-UHFFFAOYSA-N	Chemical Probes Portal	unsuitable	0	No
OYMNPJXKQVTQTR-UHFFFAOYSA-N	Chemical Probes Portal	pains	0	No
OYMNPJXKQVTQTR-UHFFFAOYSA-N	Chemical Probes Portal	toxicophore	0	No
OYMNPJXKQVTQTR-UHFFFAOYSA-N	Chemical Probes Portal	published_date	0	2022-11-07
OYMNPJXKQVTQTR-UHFFFAOYSA-N	Chemical Probes Portal	canSAR_ID	0	242363
OYMNPJXKQVTQTR-UHFFFAOYSA-N	Chemical Probes Portal	url	0	https://www.chemicalprobes.org/sew-2871
BXNMZRPTQFVRFA-QGZVFWFLSA-N	Chemical Probes Portal	rating_in_cell	0	4
BXNMZRPTQFVRFA-QGZVFWFLSA-N	Chemical Probes Portal	rating_in_organism	0	3
BXNMZRPTQFVRFA-QGZVFWFLSA-N	Chemical Probes Portal	rating_count	0	1
BXNMZRPTQFVRFA-QGZVFWFLSA-N	Chemical Probes Portal	unsuitable	0	No
BXNMZRPTQFVRFA-QGZVFWFLSA-N	Chemical Probes Portal	pains	0	No
BXNMZRPTQFVRFA-QGZVFWFLSA-N	Chemical Probes Portal	toxicophore	0	No
BXNMZRPTQFVRFA-QGZVFWFLSA-N	Chemical Probes Portal	published_date	0	2022-01-21
BXNMZRPTQFVRFA-QGZVFWFLSA-N	Chemical Probes Portal	canSAR_ID	0	469191
BXNMZRPTQFVRFA-QGZVFWFLSA-N	Chemical Probes Portal	url	0	https://www.chemicalprobes.org/pf-05105679
WCWUXEGQKLTGDX-LLVKDONJSA-N	Chemical Probes Portal	rating_in_cell	0	2
WCWUXEGQKLTGDX-LLVKDONJSA-N	Chemical Probes Portal	rating_in_organism	0	2
WCWUXEGQKLTGDX-LLVKDONJSA-N	Chemical Probes Portal	rating_count	0	1
WCWUXEGQKLTGDX-LLVKDONJSA-N	Chemical Probes Portal	unsuitable	0	No
WCWUXEGQKLTGDX-LLVKDONJSA-N	Chemical Probes Portal	pains	0	No
WCWUXEGQKLTGDX-LLVKDONJSA-N	Chemical Probes Portal	toxicophore	0	No
WCWUXEGQKLTGDX-LLVKDONJSA-N	Chemical Probes Portal	published_date	0	2021-02-16
WCWUXEGQKLTGDX-LLVKDONJSA-N	Chemical Probes Portal	canSAR_ID	0	1807068
WCWUXEGQKLTGDX-LLVKDONJSA-N	Chemical Probes Portal	url	0	https://www.chemicalprobes.org/brivanib
HTCJUBZBSJQWBW-CQSZACIVSA-N	Chemical Probes Portal	rating_in_cell	0	3.5
HTCJUBZBSJQWBW-CQSZACIVSA-N	Chemical Probes Portal	rating_in_organism	0	4
HTCJUBZBSJQWBW-CQSZACIVSA-N	Chemical Probes Portal	rating_count	0	3
HTCJUBZBSJQWBW-CQSZACIVSA-N	Chemical Probes Portal	unsuitable	0	No
HTCJUBZBSJQWBW-CQSZACIVSA-N	Chemical Probes Portal	pains	0	No
HTCJUBZBSJQWBW-CQSZACIVSA-N	Chemical Probes Portal	toxicophore	0	No
HTCJUBZBSJQWBW-CQSZACIVSA-N	Chemical Probes Portal	published_date	0	2022-10-07
HTCJUBZBSJQWBW-CQSZACIVSA-N	Chemical Probes Portal	canSAR_ID	0	3238048
HTCJUBZBSJQWBW-CQSZACIVSA-N	Chemical Probes Portal	url	0	https://www.chemicalprobes.org/selgantolimod
VSOUDUXMPUHJEU-UHFFFAOYSA-N	Chemical Probes Portal	rating_in_cell	0	4
VSOUDUXMPUHJEU-UHFFFAOYSA-N	Chemical Probes Portal	rating_in_organism	0	4
VSOUDUXMPUHJEU-UHFFFAOYSA-N	Chemical Probes Portal	rating_count	0	2
VSOUDUXMPUHJEU-UHFFFAOYSA-N	Chemical Probes Portal	unsuitable	0	No
VSOUDUXMPUHJEU-UHFFFAOYSA-N	Chemical Probes Portal	pains	0	No
VSOUDUXMPUHJEU-UHFFFAOYSA-N	Chemical Probes Portal	toxicophore	0	No
VSOUDUXMPUHJEU-UHFFFAOYSA-N	Chemical Probes Portal	published_date	0	2023-12-22
VSOUDUXMPUHJEU-UHFFFAOYSA-N	Chemical Probes Portal	canSAR_ID	0	414493
VSOUDUXMPUHJEU-UHFFFAOYSA-N	Chemical Probes Portal	url	0	https://www.chemicalprobes.org/mk-3697
RSJAXPUYVJKAAA-JPGJPTAESA-N	Chemical Probes Portal	rating_in_cell	0	3.5
RSJAXPUYVJKAAA-JPGJPTAESA-N	Chemical Probes Portal	rating_in_organism	0	2.5
RSJAXPUYVJKAAA-JPGJPTAESA-N	Chemical Probes Portal	rating_count	0	2
RSJAXPUYVJKAAA-JPGJPTAESA-N	Chemical Probes Portal	unsuitable	0	No
RSJAXPUYVJKAAA-JPGJPTAESA-N	Chemical Probes Portal	pains	0	No
RSJAXPUYVJKAAA-JPGJPTAESA-N	Chemical Probes Portal	toxicophore	0	No
RSJAXPUYVJKAAA-JPGJPTAESA-N	Chemical Probes Portal	published_date	0	2021-03-12
RSJAXPUYVJKAAA-JPGJPTAESA-N	Chemical Probes Portal	canSAR_ID	0	999076
RSJAXPUYVJKAAA-JPGJPTAESA-N	Chemical Probes Portal	url	0	https://www.chemicalprobes.org/biie0246
ATALOFNDEOCMKK-OITMNORJSA-N	Chemical Probes Portal	rating_in_cell	0	3.5
ATALOFNDEOCMKK-OITMNORJSA-N	Chemical Probes Portal	rating_in_organism	0	3.5
ATALOFNDEOCMKK-OITMNORJSA-N	Chemical Probes Portal	rating_count	0	2
ATALOFNDEOCMKK-OITMNORJSA-N	Chemical Probes Portal	unsuitable	0	No
ATALOFNDEOCMKK-OITMNORJSA-N	Chemical Probes Portal	pains	0	No
ATALOFNDEOCMKK-OITMNORJSA-N	Chemical Probes Portal	toxicophore	0	No
ATALOFNDEOCMKK-OITMNORJSA-N	Chemical Probes Portal	published_date	0	2023-11-03
ATALOFNDEOCMKK-OITMNORJSA-N	Chemical Probes Portal	canSAR_ID	0	716719
ATALOFNDEOCMKK-OITMNORJSA-N	Chemical Probes Portal	url	0	https://www.chemicalprobes.org/aprepitant
ATHZIFFSGSWIAU-UHFFFAOYSA-N	Chemical Probes Portal	rating_in_cell	0	2.5
ATHZIFFSGSWIAU-UHFFFAOYSA-N	Chemical Probes Portal	rating_in_organism	0	1.5
ATHZIFFSGSWIAU-UHFFFAOYSA-N	Chemical Probes Portal	rating_count	0	2
ATHZIFFSGSWIAU-UHFFFAOYSA-N	Chemical Probes Portal	unsuitable	0	No
ATHZIFFSGSWIAU-UHFFFAOYSA-N	Chemical Probes Portal	pains	0	No
ATHZIFFSGSWIAU-UHFFFAOYSA-N	Chemical Probes Portal	toxicophore	0	No
ATHZIFFSGSWIAU-UHFFFAOYSA-N	Chemical Probes Portal	published_date	0	2023-10-16
ATHZIFFSGSWIAU-UHFFFAOYSA-N	Chemical Probes Portal	canSAR_ID	0	325365
ATHZIFFSGSWIAU-UHFFFAOYSA-N	Chemical Probes Portal	url	0	https://www.chemicalprobes.org/pcs1055
UXZAJSZFFARTEI-YRPNKDGESA-N	Chemical Probes Portal	rating_in_cell	0	3.5
UXZAJSZFFARTEI-YRPNKDGESA-N	Chemical Probes Portal	rating_in_organism	0	3
UXZAJSZFFARTEI-YRPNKDGESA-N	Chemical Probes Portal	rating_count	0	3
UXZAJSZFFARTEI-YRPNKDGESA-N	Chemical Probes Portal	unsuitable	0	No
UXZAJSZFFARTEI-YRPNKDGESA-N	Chemical Probes Portal	pains	0	No
UXZAJSZFFARTEI-YRPNKDGESA-N	Chemical Probes Portal	toxicophore	0	No
UXZAJSZFFARTEI-YRPNKDGESA-N	Chemical Probes Portal	published_date	0	2022-03-19
UXZAJSZFFARTEI-YRPNKDGESA-N	Chemical Probes Portal	canSAR_ID	0	3053852
UXZAJSZFFARTEI-YRPNKDGESA-N	Chemical Probes Portal	url	0	https://www.chemicalprobes.org/danavorexton
YHGBLECINAKBKX-UHFFFAOYSA-N	Chemical Probes Portal	rating_in_cell	0	3
YHGBLECINAKBKX-UHFFFAOYSA-N	Chemical Probes Portal	rating_in_organism	0	2
YHGBLECINAKBKX-UHFFFAOYSA-N	Chemical Probes Portal	rating_count	0	2
YHGBLECINAKBKX-UHFFFAOYSA-N	Chemical Probes Portal	unsuitable	0	No
YHGBLECINAKBKX-UHFFFAOYSA-N	Chemical Probes Portal	pains	0	No
YHGBLECINAKBKX-UHFFFAOYSA-N	Chemical Probes Portal	toxicophore	0	No
YHGBLECINAKBKX-UHFFFAOYSA-N	Chemical Probes Portal	published_date	0	2024-05-31
YHGBLECINAKBKX-UHFFFAOYSA-N	Chemical Probes Portal	canSAR_ID	0	7437503
YHGBLECINAKBKX-UHFFFAOYSA-N	Chemical Probes Portal	url	0	https://www.chemicalprobes.org/bay2686013
NCWQLHHDGDXIJN-UHFFFAOYSA-N	Chemical Probes Portal	rating_in_cell	0	4
NCWQLHHDGDXIJN-UHFFFAOYSA-N	Chemical Probes Portal	rating_in_organism	0	4
NCWQLHHDGDXIJN-UHFFFAOYSA-N	Chemical Probes Portal	rating_count	0	2
NCWQLHHDGDXIJN-UHFFFAOYSA-N	Chemical Probes Portal	unsuitable	0	No
NCWQLHHDGDXIJN-UHFFFAOYSA-N	Chemical Probes Portal	pains	0	No
NCWQLHHDGDXIJN-UHFFFAOYSA-N	Chemical Probes Portal	toxicophore	0	Yes
NCWQLHHDGDXIJN-UHFFFAOYSA-N	Chemical Probes Portal	published_date	0	2022-10-05
NCWQLHHDGDXIJN-UHFFFAOYSA-N	Chemical Probes Portal	canSAR_ID	0	2964977
NCWQLHHDGDXIJN-UHFFFAOYSA-N	Chemical Probes Portal	url	0	https://www.chemicalprobes.org/imaradenant
OAEWNSKRLBVVBV-QSEAXJEQSA-N	Chemical Probes Portal	rating_in_cell	0	3.5
OAEWNSKRLBVVBV-QSEAXJEQSA-N	Chemical Probes Portal	rating_in_organism	0	3
OAEWNSKRLBVVBV-QSEAXJEQSA-N	Chemical Probes Portal	rating_count	0	2
OAEWNSKRLBVVBV-QSEAXJEQSA-N	Chemical Probes Portal	unsuitable	0	No
OAEWNSKRLBVVBV-QSEAXJEQSA-N	Chemical Probes Portal	pains	0	No
OAEWNSKRLBVVBV-QSEAXJEQSA-N	Chemical Probes Portal	toxicophore	0	No
OAEWNSKRLBVVBV-QSEAXJEQSA-N	Chemical Probes Portal	published_date	0	2022-01-14
OAEWNSKRLBVVBV-QSEAXJEQSA-N	Chemical Probes Portal	canSAR_ID	0	755402
OAEWNSKRLBVVBV-QSEAXJEQSA-N	Chemical Probes Portal	url	0	https://www.chemicalprobes.org/abt-546
QLOHOGRMRUDDPM-LBPRGKRZSA-N	Chemical Probes Portal	rating_in_cell	0	2
QLOHOGRMRUDDPM-LBPRGKRZSA-N	Chemical Probes Portal	rating_in_organism	0	3
QLOHOGRMRUDDPM-LBPRGKRZSA-N	Chemical Probes Portal	rating_count	0	2
QLOHOGRMRUDDPM-LBPRGKRZSA-N	Chemical Probes Portal	unsuitable	0	No
QLOHOGRMRUDDPM-LBPRGKRZSA-N	Chemical Probes Portal	pains	0	No
QLOHOGRMRUDDPM-LBPRGKRZSA-N	Chemical Probes Portal	toxicophore	0	No
QLOHOGRMRUDDPM-LBPRGKRZSA-N	Chemical Probes Portal	published_date	0	2023-10-09
QLOHOGRMRUDDPM-LBPRGKRZSA-N	Chemical Probes Portal	canSAR_ID	0	4199072
QLOHOGRMRUDDPM-LBPRGKRZSA-N	Chemical Probes Portal	url	0	https://www.chemicalprobes.org/cvn417
FOBFICSYUINKAA-XMMPIXPASA-N	Chemical Probes Portal	rating_in_cell	0	3
FOBFICSYUINKAA-XMMPIXPASA-N	Chemical Probes Portal	rating_in_organism	0	0
FOBFICSYUINKAA-XMMPIXPASA-N	Chemical Probes Portal	rating_count	0	3
FOBFICSYUINKAA-XMMPIXPASA-N	Chemical Probes Portal	unsuitable	0	No
FOBFICSYUINKAA-XMMPIXPASA-N	Chemical Probes Portal	pains	0	No
FOBFICSYUINKAA-XMMPIXPASA-N	Chemical Probes Portal	toxicophore	0	No
FOBFICSYUINKAA-XMMPIXPASA-N	Chemical Probes Portal	published_date	0	2023-11-03
FOBFICSYUINKAA-XMMPIXPASA-N	Chemical Probes Portal	canSAR_ID	0	454421
FOBFICSYUINKAA-XMMPIXPASA-N	Chemical Probes Portal	url	0	https://www.chemicalprobes.org/bn81644
PUKBOVABABRILL-YZNIXAGQSA-N	Chemical Probes Portal	rating_in_cell	0	4
PUKBOVABABRILL-YZNIXAGQSA-N	Chemical Probes Portal	rating_in_organism	0	4
PUKBOVABABRILL-YZNIXAGQSA-N	Chemical Probes Portal	rating_count	0	3
PUKBOVABABRILL-YZNIXAGQSA-N	Chemical Probes Portal	unsuitable	0	No
PUKBOVABABRILL-YZNIXAGQSA-N	Chemical Probes Portal	pains	0	No
PUKBOVABABRILL-YZNIXAGQSA-N	Chemical Probes Portal	toxicophore	0	No
PUKBOVABABRILL-YZNIXAGQSA-N	Chemical Probes Portal	published_date	0	2022-10-07
PUKBOVABABRILL-YZNIXAGQSA-N	Chemical Probes Portal	canSAR_ID	0	866320
PUKBOVABABRILL-YZNIXAGQSA-N	Chemical Probes Portal	url	0	https://www.chemicalprobes.org/avacopan
FJZNNKJZHQFMCK-LRDDRELGSA-N	Chemical Probes Portal	rating_in_cell	0	2.5
FJZNNKJZHQFMCK-LRDDRELGSA-N	Chemical Probes Portal	rating_in_organism	0	2.3333333333333335
FJZNNKJZHQFMCK-LRDDRELGSA-N	Chemical Probes Portal	rating_count	0	3
FJZNNKJZHQFMCK-LRDDRELGSA-N	Chemical Probes Portal	unsuitable	0	No
FJZNNKJZHQFMCK-LRDDRELGSA-N	Chemical Probes Portal	pains	0	No
FJZNNKJZHQFMCK-LRDDRELGSA-N	Chemical Probes Portal	toxicophore	0	No
FJZNNKJZHQFMCK-LRDDRELGSA-N	Chemical Probes Portal	published_date	0	2024-03-03
FJZNNKJZHQFMCK-LRDDRELGSA-N	Chemical Probes Portal	canSAR_ID	0	3581837
FJZNNKJZHQFMCK-LRDDRELGSA-N	Chemical Probes Portal	url	0	https://www.chemicalprobes.org/bms-986235
BZCALJIHZVNMGJ-HSZRJFAPSA-N	Chemical Probes Portal	rating_in_cell	0	3.3333333333333335
BZCALJIHZVNMGJ-HSZRJFAPSA-N	Chemical Probes Portal	rating_in_organism	0	3.6666666666666665
BZCALJIHZVNMGJ-HSZRJFAPSA-N	Chemical Probes Portal	rating_count	0	3
BZCALJIHZVNMGJ-HSZRJFAPSA-N	Chemical Probes Portal	unsuitable	0	No
BZCALJIHZVNMGJ-HSZRJFAPSA-N	Chemical Probes Portal	pains	0	No
BZCALJIHZVNMGJ-HSZRJFAPSA-N	Chemical Probes Portal	toxicophore	0	No
BZCALJIHZVNMGJ-HSZRJFAPSA-N	Chemical Probes Portal	published_date	0	2021-01-12
BZCALJIHZVNMGJ-HSZRJFAPSA-N	Chemical Probes Portal	canSAR_ID	0	725968
BZCALJIHZVNMGJ-HSZRJFAPSA-N	Chemical Probes Portal	url	0	https://www.chemicalprobes.org/fasiglifam
KDFQABSFVYLGPM-QFIPXVFZSA-N	Chemical Probes Portal	rating_in_cell	0	3
KDFQABSFVYLGPM-QFIPXVFZSA-N	Chemical Probes Portal	rating_in_organism	0	3
KDFQABSFVYLGPM-QFIPXVFZSA-N	Chemical Probes Portal	rating_count	0	2
KDFQABSFVYLGPM-QFIPXVFZSA-N	Chemical Probes Portal	unsuitable	0	No
KDFQABSFVYLGPM-QFIPXVFZSA-N	Chemical Probes Portal	pains	0	No
KDFQABSFVYLGPM-QFIPXVFZSA-N	Chemical Probes Portal	toxicophore	0	No
KDFQABSFVYLGPM-QFIPXVFZSA-N	Chemical Probes Portal	published_date	0	2022-06-15
KDFQABSFVYLGPM-QFIPXVFZSA-N	Chemical Probes Portal	canSAR_ID	0	233191
KDFQABSFVYLGPM-QFIPXVFZSA-N	Chemical Probes Portal	url	0	https://www.chemicalprobes.org/l-365260
PZGSYNNVPNLHQG-SANMLTNESA-N	Chemical Probes Portal	rating_in_cell	0	3.6666666666666665
PZGSYNNVPNLHQG-SANMLTNESA-N	Chemical Probes Portal	rating_in_organism	0	3
PZGSYNNVPNLHQG-SANMLTNESA-N	Chemical Probes Portal	rating_count	0	3
PZGSYNNVPNLHQG-SANMLTNESA-N	Chemical Probes Portal	unsuitable	0	No
PZGSYNNVPNLHQG-SANMLTNESA-N	Chemical Probes Portal	pains	0	No
PZGSYNNVPNLHQG-SANMLTNESA-N	Chemical Probes Portal	toxicophore	0	No
PZGSYNNVPNLHQG-SANMLTNESA-N	Chemical Probes Portal	published_date	0	2022-01-31
PZGSYNNVPNLHQG-SANMLTNESA-N	Chemical Probes Portal	canSAR_ID	0	3194418
PZGSYNNVPNLHQG-SANMLTNESA-N	Chemical Probes Portal	url	0	https://www.chemicalprobes.org/bay-784
OGJGQVFWEPNYSB-UHFFFAOYSA-N	Chemical Probes Portal	rating_in_cell	0	3
OGJGQVFWEPNYSB-UHFFFAOYSA-N	Chemical Probes Portal	rating_in_organism	0	2.6666666666666665
OGJGQVFWEPNYSB-UHFFFAOYSA-N	Chemical Probes Portal	rating_count	0	3
OGJGQVFWEPNYSB-UHFFFAOYSA-N	Chemical Probes Portal	unsuitable	0	No
OGJGQVFWEPNYSB-UHFFFAOYSA-N	Chemical Probes Portal	pains	0	No
OGJGQVFWEPNYSB-UHFFFAOYSA-N	Chemical Probes Portal	toxicophore	0	No
OGJGQVFWEPNYSB-UHFFFAOYSA-N	Chemical Probes Portal	published_date	0	2022-07-04
OGJGQVFWEPNYSB-UHFFFAOYSA-N	Chemical Probes Portal	canSAR_ID	0	1402318
OGJGQVFWEPNYSB-UHFFFAOYSA-N	Chemical Probes Portal	url	0	https://www.chemicalprobes.org/l-745870
AGVNHDNTFYHZNL-QGZVFWFLSA-N	Chemical Probes Portal	rating_in_cell	0	3
AGVNHDNTFYHZNL-QGZVFWFLSA-N	Chemical Probes Portal	rating_in_organism	0	0
AGVNHDNTFYHZNL-QGZVFWFLSA-N	Chemical Probes Portal	rating_count	0	2
AGVNHDNTFYHZNL-QGZVFWFLSA-N	Chemical Probes Portal	unsuitable	0	No
AGVNHDNTFYHZNL-QGZVFWFLSA-N	Chemical Probes Portal	pains	0	No
AGVNHDNTFYHZNL-QGZVFWFLSA-N	Chemical Probes Portal	toxicophore	0	No
AGVNHDNTFYHZNL-QGZVFWFLSA-N	Chemical Probes Portal	published_date	0	2023-10-16
AGVNHDNTFYHZNL-QGZVFWFLSA-N	Chemical Probes Portal	canSAR_ID	0	1390754
AGVNHDNTFYHZNL-QGZVFWFLSA-N	Chemical Probes Portal	url	0	https://www.chemicalprobes.org/sb-258719
VXNAMCLMCBLNOL-NFQMXDRXSA-N	Chemical Probes Portal	rating_in_cell	0	4
VXNAMCLMCBLNOL-NFQMXDRXSA-N	Chemical Probes Portal	rating_in_organism	0	2
VXNAMCLMCBLNOL-NFQMXDRXSA-N	Chemical Probes Portal	rating_count	0	2
VXNAMCLMCBLNOL-NFQMXDRXSA-N	Chemical Probes Portal	unsuitable	0	No
VXNAMCLMCBLNOL-NFQMXDRXSA-N	Chemical Probes Portal	pains	0	No
VXNAMCLMCBLNOL-NFQMXDRXSA-N	Chemical Probes Portal	toxicophore	0	No
VXNAMCLMCBLNOL-NFQMXDRXSA-N	Chemical Probes Portal	published_date	0	2024-01-18
VXNAMCLMCBLNOL-NFQMXDRXSA-N	Chemical Probes Portal	canSAR_ID	0	3881267
VXNAMCLMCBLNOL-NFQMXDRXSA-N	Chemical Probes Portal	url	0	https://www.chemicalprobes.org/bi-2081
HVVLGXULBVAFRZ-UHFFFAOYSA-N	Chemical Probes Portal	rating_in_cell	0	3.5
HVVLGXULBVAFRZ-UHFFFAOYSA-N	Chemical Probes Portal	rating_in_organism	0	3.5
HVVLGXULBVAFRZ-UHFFFAOYSA-N	Chemical Probes Portal	rating_count	0	2
HVVLGXULBVAFRZ-UHFFFAOYSA-N	Chemical Probes Portal	unsuitable	0	No
HVVLGXULBVAFRZ-UHFFFAOYSA-N	Chemical Probes Portal	pains	0	No
HVVLGXULBVAFRZ-UHFFFAOYSA-N	Chemical Probes Portal	toxicophore	0	No
HVVLGXULBVAFRZ-UHFFFAOYSA-N	Chemical Probes Portal	published_date	0	2024-03-18
HVVLGXULBVAFRZ-UHFFFAOYSA-N	Chemical Probes Portal	canSAR_ID	0	4199098
HVVLGXULBVAFRZ-UHFFFAOYSA-N	Chemical Probes Portal	url	0	https://www.chemicalprobes.org/bay-6096
HLCHESOMJVGDSJ-LOYHVIPDSA-N	Chemical Probes Portal	rating_in_cell	0	3.5
HLCHESOMJVGDSJ-LOYHVIPDSA-N	Chemical Probes Portal	rating_in_organism	0	2.5
HLCHESOMJVGDSJ-LOYHVIPDSA-N	Chemical Probes Portal	rating_count	0	2
HLCHESOMJVGDSJ-LOYHVIPDSA-N	Chemical Probes Portal	unsuitable	0	No
HLCHESOMJVGDSJ-LOYHVIPDSA-N	Chemical Probes Portal	pains	0	No
HLCHESOMJVGDSJ-LOYHVIPDSA-N	Chemical Probes Portal	toxicophore	0	No
HLCHESOMJVGDSJ-LOYHVIPDSA-N	Chemical Probes Portal	published_date	0	2022-07-01
HLCHESOMJVGDSJ-LOYHVIPDSA-N	Chemical Probes Portal	canSAR_ID	0	862913
HLCHESOMJVGDSJ-LOYHVIPDSA-N	Chemical Probes Portal	url	0	https://www.chemicalprobes.org/thiq
VOSAWOSMGPKQEQ-OALUTQOASA-N	Chemical Probes Portal	rating_in_cell	0	4
VOSAWOSMGPKQEQ-OALUTQOASA-N	Chemical Probes Portal	rating_in_organism	0	3.3333333333333335
VOSAWOSMGPKQEQ-OALUTQOASA-N	Chemical Probes Portal	rating_count	0	3
VOSAWOSMGPKQEQ-OALUTQOASA-N	Chemical Probes Portal	unsuitable	0	No
VOSAWOSMGPKQEQ-OALUTQOASA-N	Chemical Probes Portal	pains	0	No
VOSAWOSMGPKQEQ-OALUTQOASA-N	Chemical Probes Portal	toxicophore	0	No
VOSAWOSMGPKQEQ-OALUTQOASA-N	Chemical Probes Portal	published_date	0	2023-08-10
VOSAWOSMGPKQEQ-OALUTQOASA-N	Chemical Probes Portal	canSAR_ID	0	3935413
VOSAWOSMGPKQEQ-OALUTQOASA-N	Chemical Probes Portal	url	0	https://www.chemicalprobes.org/firazorexton
DTCZNKWBDTXEBS-UHFFFAOYSA-N	Chemical Probes Portal	rating_in_cell	0	4
DTCZNKWBDTXEBS-UHFFFAOYSA-N	Chemical Probes Portal	rating_in_organism	0	0
DTCZNKWBDTXEBS-UHFFFAOYSA-N	Chemical Probes Portal	rating_count	0	2
DTCZNKWBDTXEBS-UHFFFAOYSA-N	Chemical Probes Portal	unsuitable	0	No
DTCZNKWBDTXEBS-UHFFFAOYSA-N	Chemical Probes Portal	pains	0	No
DTCZNKWBDTXEBS-UHFFFAOYSA-N	Chemical Probes Portal	toxicophore	0	No
DTCZNKWBDTXEBS-UHFFFAOYSA-N	Chemical Probes Portal	published_date	0	2024-07-10
DTCZNKWBDTXEBS-UHFFFAOYSA-N	Chemical Probes Portal	canSAR_ID	0	4233127
DTCZNKWBDTXEBS-UHFFFAOYSA-N	Chemical Probes Portal	url	0	https://www.chemicalprobes.org/emraclidine
PTOIAAWZLUQTIO-GXFFZTMASA-N	Chemical Probes Portal	rating_in_cell	0	3.3333333333333335
PTOIAAWZLUQTIO-GXFFZTMASA-N	Chemical Probes Portal	rating_in_organism	0	0
PTOIAAWZLUQTIO-GXFFZTMASA-N	Chemical Probes Portal	rating_count	0	3
PTOIAAWZLUQTIO-GXFFZTMASA-N	Chemical Probes Portal	unsuitable	0	No
PTOIAAWZLUQTIO-GXFFZTMASA-N	Chemical Probes Portal	pains	0	No
PTOIAAWZLUQTIO-GXFFZTMASA-N	Chemical Probes Portal	toxicophore	0	No
PTOIAAWZLUQTIO-GXFFZTMASA-N	Chemical Probes Portal	published_date	0	2025-03-17
PTOIAAWZLUQTIO-GXFFZTMASA-N	Chemical Probes Portal	canSAR_ID	0	1099527
PTOIAAWZLUQTIO-GXFFZTMASA-N	Chemical Probes Portal	url	0	https://www.chemicalprobes.org/tasimelteon
TYXSIXOYTBHZFA-UHFFFAOYSA-N	Chemical Probes Portal	rating_in_cell	0	3
TYXSIXOYTBHZFA-UHFFFAOYSA-N	Chemical Probes Portal	rating_in_organism	0	3.5
TYXSIXOYTBHZFA-UHFFFAOYSA-N	Chemical Probes Portal	rating_count	0	2
TYXSIXOYTBHZFA-UHFFFAOYSA-N	Chemical Probes Portal	unsuitable	0	No
TYXSIXOYTBHZFA-UHFFFAOYSA-N	Chemical Probes Portal	pains	0	No
TYXSIXOYTBHZFA-UHFFFAOYSA-N	Chemical Probes Portal	toxicophore	0	No
TYXSIXOYTBHZFA-UHFFFAOYSA-N	Chemical Probes Portal	published_date	0	2020-05-29
TYXSIXOYTBHZFA-UHFFFAOYSA-N	Chemical Probes Portal	canSAR_ID	0	136711
TYXSIXOYTBHZFA-UHFFFAOYSA-N	Chemical Probes Portal	url	0	https://www.chemicalprobes.org/tp-024
PMEQBGAGFZDWQX-UHFFFAOYSA-N	Chemical Probes Portal	rating_in_cell	0	3
PMEQBGAGFZDWQX-UHFFFAOYSA-N	Chemical Probes Portal	rating_in_organism	0	2
PMEQBGAGFZDWQX-UHFFFAOYSA-N	Chemical Probes Portal	rating_count	0	2
PMEQBGAGFZDWQX-UHFFFAOYSA-N	Chemical Probes Portal	unsuitable	0	No
PMEQBGAGFZDWQX-UHFFFAOYSA-N	Chemical Probes Portal	pains	0	No
PMEQBGAGFZDWQX-UHFFFAOYSA-N	Chemical Probes Portal	toxicophore	0	Yes
PMEQBGAGFZDWQX-UHFFFAOYSA-N	Chemical Probes Portal	published_date	0	2022-11-24
PMEQBGAGFZDWQX-UHFFFAOYSA-N	Chemical Probes Portal	canSAR_ID	0	442977
PMEQBGAGFZDWQX-UHFFFAOYSA-N	Chemical Probes Portal	url	0	https://www.chemicalprobes.org/ml075
ZPCGODCPRDIFRQ-UHFFFAOYSA-N	Chemical Probes Portal	rating_in_cell	0	0
ZPCGODCPRDIFRQ-UHFFFAOYSA-N	Chemical Probes Portal	rating_in_organism	0	0
ZPCGODCPRDIFRQ-UHFFFAOYSA-N	Chemical Probes Portal	rating_count	0	0
ZPCGODCPRDIFRQ-UHFFFAOYSA-N	Chemical Probes Portal	unsuitable	0	No
ZPCGODCPRDIFRQ-UHFFFAOYSA-N	Chemical Probes Portal	pains	0	No
ZPCGODCPRDIFRQ-UHFFFAOYSA-N	Chemical Probes Portal	toxicophore	0	No
ZPCGODCPRDIFRQ-UHFFFAOYSA-N	Chemical Probes Portal	published_date	0	2025-11-17
ZPCGODCPRDIFRQ-UHFFFAOYSA-N	Chemical Probes Portal	canSAR_ID	0	7437528
ZPCGODCPRDIFRQ-UHFFFAOYSA-N	Chemical Probes Portal	url	0	https://www.chemicalprobes.org/glpg4970
CZQHHVNHHHRRDU-UHFFFAOYSA-N	Chemical Probes Portal	rating_in_cell	0	0
CZQHHVNHHHRRDU-UHFFFAOYSA-N	Chemical Probes Portal	rating_in_organism	0	0
CZQHHVNHHHRRDU-UHFFFAOYSA-N	Chemical Probes Portal	rating_count	0	0
CZQHHVNHHHRRDU-UHFFFAOYSA-N	Chemical Probes Portal	unsuitable	0	Yes
CZQHHVNHHHRRDU-UHFFFAOYSA-N	Chemical Probes Portal	pains	0	No
CZQHHVNHHHRRDU-UHFFFAOYSA-N	Chemical Probes Portal	toxicophore	0	No
CZQHHVNHHHRRDU-UHFFFAOYSA-N	Chemical Probes Portal	published_date	0	2016-12-15
CZQHHVNHHHRRDU-UHFFFAOYSA-N	Chemical Probes Portal	canSAR_ID	0	1394412
CZQHHVNHHHRRDU-UHFFFAOYSA-N	Chemical Probes Portal	url	0	https://www.chemicalprobes.org/unsuitables/ly294002
QXURFIGBRGWPQD-UHFFFAOYSA-N	Chemical Probes Portal	rating_in_cell	0	3.5
QXURFIGBRGWPQD-UHFFFAOYSA-N	Chemical Probes Portal	rating_in_organism	0	0
QXURFIGBRGWPQD-UHFFFAOYSA-N	Chemical Probes Portal	rating_count	0	2
QXURFIGBRGWPQD-UHFFFAOYSA-N	Chemical Probes Portal	unsuitable	0	No
QXURFIGBRGWPQD-UHFFFAOYSA-N	Chemical Probes Portal	pains	0	No
QXURFIGBRGWPQD-UHFFFAOYSA-N	Chemical Probes Portal	toxicophore	0	No
QXURFIGBRGWPQD-UHFFFAOYSA-N	Chemical Probes Portal	published_date	0	2020-05-17
QXURFIGBRGWPQD-UHFFFAOYSA-N	Chemical Probes Portal	canSAR_ID	0	2920850
QXURFIGBRGWPQD-UHFFFAOYSA-N	Chemical Probes Portal	url	0	https://www.chemicalprobes.org/bay-885
AFJRYPJIKHMNGL-UHFFFAOYSA-N	Chemical Probes Portal	rating_in_cell	0	4
AFJRYPJIKHMNGL-UHFFFAOYSA-N	Chemical Probes Portal	rating_in_organism	0	4
AFJRYPJIKHMNGL-UHFFFAOYSA-N	Chemical Probes Portal	rating_count	0	1
AFJRYPJIKHMNGL-UHFFFAOYSA-N	Chemical Probes Portal	unsuitable	0	No
AFJRYPJIKHMNGL-UHFFFAOYSA-N	Chemical Probes Portal	pains	0	No
AFJRYPJIKHMNGL-UHFFFAOYSA-N	Chemical Probes Portal	toxicophore	0	No
AFJRYPJIKHMNGL-UHFFFAOYSA-N	Chemical Probes Portal	published_date	0	2025-11-17
AFJRYPJIKHMNGL-UHFFFAOYSA-N	Chemical Probes Portal	canSAR_ID	0	1247060
AFJRYPJIKHMNGL-UHFFFAOYSA-N	Chemical Probes Portal	url	0	https://www.chemicalprobes.org/ro4938581
LPORLBPACXEOET-UHFFFAOYSA-N	Chemical Probes Portal	rating_in_cell	0	0
LPORLBPACXEOET-UHFFFAOYSA-N	Chemical Probes Portal	rating_in_organism	0	0
LPORLBPACXEOET-UHFFFAOYSA-N	Chemical Probes Portal	rating_count	0	0
LPORLBPACXEOET-UHFFFAOYSA-N	Chemical Probes Portal	unsuitable	0	No
LPORLBPACXEOET-UHFFFAOYSA-N	Chemical Probes Portal	pains	0	No
LPORLBPACXEOET-UHFFFAOYSA-N	Chemical Probes Portal	toxicophore	0	No
LPORLBPACXEOET-UHFFFAOYSA-N	Chemical Probes Portal	published_date	0	2025-12-05
LPORLBPACXEOET-UHFFFAOYSA-N	Chemical Probes Portal	canSAR_ID	0	7437531
LPORLBPACXEOET-UHFFFAOYSA-N	Chemical Probes Portal	url	0	https://www.chemicalprobes.org/lp46
GQCXHIKRWBIQMD-AKJBCIBTSA-N	Chemical Probes Portal	rating_in_cell	0	4
GQCXHIKRWBIQMD-AKJBCIBTSA-N	Chemical Probes Portal	rating_in_organism	0	4
GQCXHIKRWBIQMD-AKJBCIBTSA-N	Chemical Probes Portal	rating_count	0	1
GQCXHIKRWBIQMD-AKJBCIBTSA-N	Chemical Probes Portal	unsuitable	0	No
GQCXHIKRWBIQMD-AKJBCIBTSA-N	Chemical Probes Portal	pains	0	Yes
GQCXHIKRWBIQMD-AKJBCIBTSA-N	Chemical Probes Portal	toxicophore	0	No
GQCXHIKRWBIQMD-AKJBCIBTSA-N	Chemical Probes Portal	published_date	0	2025-12-05
GQCXHIKRWBIQMD-AKJBCIBTSA-N	Chemical Probes Portal	canSAR_ID	0	3317379
GQCXHIKRWBIQMD-AKJBCIBTSA-N	Chemical Probes Portal	url	0	https://www.chemicalprobes.org/giredestrant
QAKJEKTXKXAPBP-MGCURZBSSA-N	Chemical Probes Portal	rating_in_cell	0	4
QAKJEKTXKXAPBP-MGCURZBSSA-N	Chemical Probes Portal	rating_in_organism	0	4
QAKJEKTXKXAPBP-MGCURZBSSA-N	Chemical Probes Portal	rating_count	0	2
QAKJEKTXKXAPBP-MGCURZBSSA-N	Chemical Probes Portal	unsuitable	0	No
QAKJEKTXKXAPBP-MGCURZBSSA-N	Chemical Probes Portal	pains	0	No
QAKJEKTXKXAPBP-MGCURZBSSA-N	Chemical Probes Portal	toxicophore	0	No
QAKJEKTXKXAPBP-MGCURZBSSA-N	Chemical Probes Portal	published_date	0	2025-08-14
QAKJEKTXKXAPBP-MGCURZBSSA-N	Chemical Probes Portal	canSAR_ID	0	7437520
QAKJEKTXKXAPBP-MGCURZBSSA-N	Chemical Probes Portal	url	0	https://www.chemicalprobes.org/nk7-902
ODOJVROSIRINJT-LJQANCHMSA-N	Chemical Probes Portal	rating_in_cell	0	3.5
ODOJVROSIRINJT-LJQANCHMSA-N	Chemical Probes Portal	rating_in_organism	0	3.5
ODOJVROSIRINJT-LJQANCHMSA-N	Chemical Probes Portal	rating_count	0	2
ODOJVROSIRINJT-LJQANCHMSA-N	Chemical Probes Portal	unsuitable	0	No
ODOJVROSIRINJT-LJQANCHMSA-N	Chemical Probes Portal	pains	0	No
ODOJVROSIRINJT-LJQANCHMSA-N	Chemical Probes Portal	toxicophore	0	No
ODOJVROSIRINJT-LJQANCHMSA-N	Chemical Probes Portal	published_date	0	2024-02-28
ODOJVROSIRINJT-LJQANCHMSA-N	Chemical Probes Portal	canSAR_ID	0	
ODOJVROSIRINJT-LJQANCHMSA-N	Chemical Probes Portal	url	0	https://www.chemicalprobes.org/c3td879
ODOJVROSIRINJT-LJQANCHMSA-N	PubChem	structure_source	0	pubchem:name:C3TD879
ZUFHZMHKCFCIHV-JRFCFUNGSA-N	Chemical Probes Portal	rating_in_cell	0	3
ZUFHZMHKCFCIHV-JRFCFUNGSA-N	Chemical Probes Portal	rating_in_organism	0	3
ZUFHZMHKCFCIHV-JRFCFUNGSA-N	Chemical Probes Portal	rating_count	0	1
ZUFHZMHKCFCIHV-JRFCFUNGSA-N	Chemical Probes Portal	unsuitable	0	No
ZUFHZMHKCFCIHV-JRFCFUNGSA-N	Chemical Probes Portal	pains	0	No
ZUFHZMHKCFCIHV-JRFCFUNGSA-N	Chemical Probes Portal	toxicophore	0	No
ZUFHZMHKCFCIHV-JRFCFUNGSA-N	Chemical Probes Portal	published_date	0	2025-06-02
ZUFHZMHKCFCIHV-JRFCFUNGSA-N	Chemical Probes Portal	canSAR_ID	0	7437507
ZUFHZMHKCFCIHV-JRFCFUNGSA-N	Chemical Probes Portal	url	0	https://www.chemicalprobes.org/axl-in-68
LTNDTFYBIKTRBQ-UHFFFAOYSA-N	Chemical Probes Portal	rating_in_cell	0	2.5
LTNDTFYBIKTRBQ-UHFFFAOYSA-N	Chemical Probes Portal	rating_in_organism	0	0
LTNDTFYBIKTRBQ-UHFFFAOYSA-N	Chemical Probes Portal	rating_count	0	2
LTNDTFYBIKTRBQ-UHFFFAOYSA-N	Chemical Probes Portal	unsuitable	0	No
LTNDTFYBIKTRBQ-UHFFFAOYSA-N	Chemical Probes Portal	pains	0	No
LTNDTFYBIKTRBQ-UHFFFAOYSA-N	Chemical Probes Portal	toxicophore	0	Yes
LTNDTFYBIKTRBQ-UHFFFAOYSA-N	Chemical Probes Portal	published_date	0	2025-07-31
LTNDTFYBIKTRBQ-UHFFFAOYSA-N	Chemical Probes Portal	canSAR_ID	0	7437509
LTNDTFYBIKTRBQ-UHFFFAOYSA-N	Chemical Probes Portal	url	0	https://www.chemicalprobes.org/jnk2_3-cov56d
OVUNRYUVDVWTTE-UHFFFAOYSA-N	Chemical Probes Portal	rating_in_cell	0	4
OVUNRYUVDVWTTE-UHFFFAOYSA-N	Chemical Probes Portal	rating_in_organism	0	4
OVUNRYUVDVWTTE-UHFFFAOYSA-N	Chemical Probes Portal	rating_count	0	2
OVUNRYUVDVWTTE-UHFFFAOYSA-N	Chemical Probes Portal	unsuitable	0	No
OVUNRYUVDVWTTE-UHFFFAOYSA-N	Chemical Probes Portal	pains	0	Yes
OVUNRYUVDVWTTE-UHFFFAOYSA-N	Chemical Probes Portal	toxicophore	0	No
OVUNRYUVDVWTTE-UHFFFAOYSA-N	Chemical Probes Portal	published_date	0	2025-11-11
OVUNRYUVDVWTTE-UHFFFAOYSA-N	Chemical Probes Portal	canSAR_ID	0	865059
OVUNRYUVDVWTTE-UHFFFAOYSA-N	Chemical Probes Portal	url	0	https://www.chemicalprobes.org/jnj-31020028
HUOLMBXGHHSYHC-QWQFASRJSA-N	Chemical Probes Portal	rating_in_cell	0	3
HUOLMBXGHHSYHC-QWQFASRJSA-N	Chemical Probes Portal	rating_in_organism	0	0
HUOLMBXGHHSYHC-QWQFASRJSA-N	Chemical Probes Portal	rating_count	0	2
HUOLMBXGHHSYHC-QWQFASRJSA-N	Chemical Probes Portal	unsuitable	0	No
HUOLMBXGHHSYHC-QWQFASRJSA-N	Chemical Probes Portal	pains	0	No
HUOLMBXGHHSYHC-QWQFASRJSA-N	Chemical Probes Portal	toxicophore	0	No
HUOLMBXGHHSYHC-QWQFASRJSA-N	Chemical Probes Portal	published_date	0	2025-11-27
HUOLMBXGHHSYHC-QWQFASRJSA-N	Chemical Probes Portal	canSAR_ID	0	3932671
HUOLMBXGHHSYHC-QWQFASRJSA-N	Chemical Probes Portal	url	0	https://www.chemicalprobes.org/nx-1607
CEGVLCNHZDUFIJ-NSHDSACASA-N	Chemical Probes Portal	rating_in_cell	0	4
CEGVLCNHZDUFIJ-NSHDSACASA-N	Chemical Probes Portal	rating_in_organism	0	3
CEGVLCNHZDUFIJ-NSHDSACASA-N	Chemical Probes Portal	rating_count	0	2
CEGVLCNHZDUFIJ-NSHDSACASA-N	Chemical Probes Portal	unsuitable	0	No
CEGVLCNHZDUFIJ-NSHDSACASA-N	Chemical Probes Portal	pains	0	No
CEGVLCNHZDUFIJ-NSHDSACASA-N	Chemical Probes Portal	toxicophore	0	No
CEGVLCNHZDUFIJ-NSHDSACASA-N	Chemical Probes Portal	published_date	0	2025-11-27
CEGVLCNHZDUFIJ-NSHDSACASA-N	Chemical Probes Portal	canSAR_ID	0	7115511
CEGVLCNHZDUFIJ-NSHDSACASA-N	Chemical Probes Portal	url	0	https://www.chemicalprobes.org/azd4144
ZVDNXHUSIKGTSF-UHFFFAOYSA-N	Chemical Probes Portal	rating_in_cell	0	3
ZVDNXHUSIKGTSF-UHFFFAOYSA-N	Chemical Probes Portal	rating_in_organism	0	4
ZVDNXHUSIKGTSF-UHFFFAOYSA-N	Chemical Probes Portal	rating_count	0	1
ZVDNXHUSIKGTSF-UHFFFAOYSA-N	Chemical Probes Portal	unsuitable	0	No
ZVDNXHUSIKGTSF-UHFFFAOYSA-N	Chemical Probes Portal	pains	0	Yes
ZVDNXHUSIKGTSF-UHFFFAOYSA-N	Chemical Probes Portal	toxicophore	0	No
ZVDNXHUSIKGTSF-UHFFFAOYSA-N	Chemical Probes Portal	published_date	0	2025-11-17
ZVDNXHUSIKGTSF-UHFFFAOYSA-N	Chemical Probes Portal	canSAR_ID	0	4152804
ZVDNXHUSIKGTSF-UHFFFAOYSA-N	Chemical Probes Portal	url	0	https://www.chemicalprobes.org/rentosertib
QJWQAZTYFYCFQU-RMKNXTFCSA-N	Chemical Probes Portal	rating_in_cell	0	1.5
QJWQAZTYFYCFQU-RMKNXTFCSA-N	Chemical Probes Portal	rating_in_organism	0	1.5
QJWQAZTYFYCFQU-RMKNXTFCSA-N	Chemical Probes Portal	rating_count	0	2
QJWQAZTYFYCFQU-RMKNXTFCSA-N	Chemical Probes Portal	unsuitable	0	No
QJWQAZTYFYCFQU-RMKNXTFCSA-N	Chemical Probes Portal	pains	0	No
QJWQAZTYFYCFQU-RMKNXTFCSA-N	Chemical Probes Portal	toxicophore	0	Yes
QJWQAZTYFYCFQU-RMKNXTFCSA-N	Chemical Probes Portal	published_date	0	2023-11-01
QJWQAZTYFYCFQU-RMKNXTFCSA-N	Chemical Probes Portal	canSAR_ID	0	4199071
QJWQAZTYFYCFQU-RMKNXTFCSA-N	Chemical Probes Portal	url	0	https://www.chemicalprobes.org/unmck90
NORRDWRSNUOCBV-XCIZWWPASA-N	Chemical Probes Portal	rating_in_cell	0	3
NORRDWRSNUOCBV-XCIZWWPASA-N	Chemical Probes Portal	rating_in_organism	0	3
NORRDWRSNUOCBV-XCIZWWPASA-N	Chemical Probes Portal	rating_count	0	1
NORRDWRSNUOCBV-XCIZWWPASA-N	Chemical Probes Portal	unsuitable	0	No
NORRDWRSNUOCBV-XCIZWWPASA-N	Chemical Probes Portal	pains	0	Yes
NORRDWRSNUOCBV-XCIZWWPASA-N	Chemical Probes Portal	toxicophore	0	No
NORRDWRSNUOCBV-XCIZWWPASA-N	Chemical Probes Portal	published_date	0	2025-12-22
NORRDWRSNUOCBV-XCIZWWPASA-N	Chemical Probes Portal	canSAR_ID	0	7393626
NORRDWRSNUOCBV-XCIZWWPASA-N	Chemical Probes Portal	url	0	https://www.chemicalprobes.org/cbpd-268
BFMWIVWPPKENIN-AWEZNQCLSA-N	Chemical Probes Portal	rating_in_cell	0	4
BFMWIVWPPKENIN-AWEZNQCLSA-N	Chemical Probes Portal	rating_in_organism	0	0
BFMWIVWPPKENIN-AWEZNQCLSA-N	Chemical Probes Portal	rating_count	0	1
BFMWIVWPPKENIN-AWEZNQCLSA-N	Chemical Probes Portal	unsuitable	0	No
BFMWIVWPPKENIN-AWEZNQCLSA-N	Chemical Probes Portal	pains	0	No
BFMWIVWPPKENIN-AWEZNQCLSA-N	Chemical Probes Portal	toxicophore	0	No
BFMWIVWPPKENIN-AWEZNQCLSA-N	Chemical Probes Portal	published_date	0	2025-12-18
BFMWIVWPPKENIN-AWEZNQCLSA-N	Chemical Probes Portal	canSAR_ID	0	
BFMWIVWPPKENIN-AWEZNQCLSA-N	Chemical Probes Portal	url	0	https://www.chemicalprobes.org/art5537
BFMWIVWPPKENIN-AWEZNQCLSA-N	PubChem	structure_source	0	pubchem:name:ART5537
CLCTZVRHDOAUGJ-SYVGMNBRSA-N	Chemical Probes Portal	rating_in_cell	0	4
CLCTZVRHDOAUGJ-SYVGMNBRSA-N	Chemical Probes Portal	rating_in_organism	0	4
CLCTZVRHDOAUGJ-SYVGMNBRSA-N	Chemical Probes Portal	rating_count	0	1
CLCTZVRHDOAUGJ-SYVGMNBRSA-N	Chemical Probes Portal	unsuitable	0	No
CLCTZVRHDOAUGJ-SYVGMNBRSA-N	Chemical Probes Portal	pains	0	No
CLCTZVRHDOAUGJ-SYVGMNBRSA-N	Chemical Probes Portal	toxicophore	0	Yes
CLCTZVRHDOAUGJ-SYVGMNBRSA-N	Chemical Probes Portal	published_date	0	2025-12-22
CLCTZVRHDOAUGJ-SYVGMNBRSA-N	Chemical Probes Portal	canSAR_ID	0	3636579
CLCTZVRHDOAUGJ-SYVGMNBRSA-N	Chemical Probes Portal	url	0	https://www.chemicalprobes.org/bavdegalutamide
JNTJTCXFIXNXDV-VIFPVBQESA-N	Chemical Probes Portal	rating_in_cell	0	4
JNTJTCXFIXNXDV-VIFPVBQESA-N	Chemical Probes Portal	rating_in_organism	0	4
JNTJTCXFIXNXDV-VIFPVBQESA-N	Chemical Probes Portal	rating_count	0	1
JNTJTCXFIXNXDV-VIFPVBQESA-N	Chemical Probes Portal	unsuitable	0	No
JNTJTCXFIXNXDV-VIFPVBQESA-N	Chemical Probes Portal	pains	0	No
JNTJTCXFIXNXDV-VIFPVBQESA-N	Chemical Probes Portal	toxicophore	0	No
JNTJTCXFIXNXDV-VIFPVBQESA-N	Chemical Probes Portal	published_date	0	2025-12-22
JNTJTCXFIXNXDV-VIFPVBQESA-N	Chemical Probes Portal	canSAR_ID	0	4108201
JNTJTCXFIXNXDV-VIFPVBQESA-N	Chemical Probes Portal	url	0	https://www.chemicalprobes.org/bay2666605
DTWUUAFTYSMNQX-GFCCVEGCSA-N	Chemical Probes Portal	rating_in_cell	0	3.5
DTWUUAFTYSMNQX-GFCCVEGCSA-N	Chemical Probes Portal	rating_in_organism	0	3.5
DTWUUAFTYSMNQX-GFCCVEGCSA-N	Chemical Probes Portal	rating_count	0	2
DTWUUAFTYSMNQX-GFCCVEGCSA-N	Chemical Probes Portal	unsuitable	0	No
DTWUUAFTYSMNQX-GFCCVEGCSA-N	Chemical Probes Portal	pains	0	No
DTWUUAFTYSMNQX-GFCCVEGCSA-N	Chemical Probes Portal	toxicophore	0	No
DTWUUAFTYSMNQX-GFCCVEGCSA-N	Chemical Probes Portal	published_date	0	2025-11-27
DTWUUAFTYSMNQX-GFCCVEGCSA-N	Chemical Probes Portal	canSAR_ID	0	4231935
DTWUUAFTYSMNQX-GFCCVEGCSA-N	Chemical Probes Portal	url	0	https://www.chemicalprobes.org/zidesamtinib
FZJKQMONKPFLEO-NZIMVQFPSA-N	Chemical Probes Portal	rating_in_cell	0	3.6666666666666665
FZJKQMONKPFLEO-NZIMVQFPSA-N	Chemical Probes Portal	rating_in_organism	0	3.3333333333333335
FZJKQMONKPFLEO-NZIMVQFPSA-N	Chemical Probes Portal	rating_count	0	3
FZJKQMONKPFLEO-NZIMVQFPSA-N	Chemical Probes Portal	unsuitable	0	No
FZJKQMONKPFLEO-NZIMVQFPSA-N	Chemical Probes Portal	pains	0	No
FZJKQMONKPFLEO-NZIMVQFPSA-N	Chemical Probes Portal	toxicophore	0	No
FZJKQMONKPFLEO-NZIMVQFPSA-N	Chemical Probes Portal	published_date	0	2025-11-27
FZJKQMONKPFLEO-NZIMVQFPSA-N	Chemical Probes Portal	canSAR_ID	0	7437529
FZJKQMONKPFLEO-NZIMVQFPSA-N	Chemical Probes Portal	url	0	https://www.chemicalprobes.org/md-4251
JFHROPTYMMSOLG-UHFFFAOYSA-N	Chemical Probes Portal	rating_in_cell	0	3
JFHROPTYMMSOLG-UHFFFAOYSA-N	Chemical Probes Portal	rating_in_organism	0	2
JFHROPTYMMSOLG-UHFFFAOYSA-N	Chemical Probes Portal	rating_count	0	1
JFHROPTYMMSOLG-UHFFFAOYSA-N	Chemical Probes Portal	unsuitable	0	No
JFHROPTYMMSOLG-UHFFFAOYSA-N	Chemical Probes Portal	pains	0	No
JFHROPTYMMSOLG-UHFFFAOYSA-N	Chemical Probes Portal	toxicophore	0	No
JFHROPTYMMSOLG-UHFFFAOYSA-N	Chemical Probes Portal	published_date	0	2021-02-15
JFHROPTYMMSOLG-UHFFFAOYSA-N	Chemical Probes Portal	canSAR_ID	0	724624
JFHROPTYMMSOLG-UHFFFAOYSA-N	Chemical Probes Portal	url	0	https://www.chemicalprobes.org/gsk256066
BZJPCUQQPJJBTP-FGZHOGPDSA-N	Chemical Probes Portal	rating_in_cell	0	3.6666666666666665
BZJPCUQQPJJBTP-FGZHOGPDSA-N	Chemical Probes Portal	rating_in_organism	0	2.6666666666666665
BZJPCUQQPJJBTP-FGZHOGPDSA-N	Chemical Probes Portal	rating_count	0	3
BZJPCUQQPJJBTP-FGZHOGPDSA-N	Chemical Probes Portal	unsuitable	0	No
BZJPCUQQPJJBTP-FGZHOGPDSA-N	Chemical Probes Portal	pains	0	No
BZJPCUQQPJJBTP-FGZHOGPDSA-N	Chemical Probes Portal	toxicophore	0	No
BZJPCUQQPJJBTP-FGZHOGPDSA-N	Chemical Probes Portal	published_date	0	2024-08-08
BZJPCUQQPJJBTP-FGZHOGPDSA-N	Chemical Probes Portal	canSAR_ID	0	7377603
BZJPCUQQPJJBTP-FGZHOGPDSA-N	Chemical Probes Portal	url	0	https://www.chemicalprobes.org/bi-9508
OLAGZWUBPYQCBR-JSKJCRAUSA-N	Chemical Probes Portal	rating_in_cell	0	3
OLAGZWUBPYQCBR-JSKJCRAUSA-N	Chemical Probes Portal	rating_in_organism	0	0
OLAGZWUBPYQCBR-JSKJCRAUSA-N	Chemical Probes Portal	rating_count	0	1
OLAGZWUBPYQCBR-JSKJCRAUSA-N	Chemical Probes Portal	unsuitable	0	No
OLAGZWUBPYQCBR-JSKJCRAUSA-N	Chemical Probes Portal	pains	0	Yes
OLAGZWUBPYQCBR-JSKJCRAUSA-N	Chemical Probes Portal	toxicophore	0	Yes
OLAGZWUBPYQCBR-JSKJCRAUSA-N	Chemical Probes Portal	published_date	0	2024-10-30
OLAGZWUBPYQCBR-JSKJCRAUSA-N	Chemical Probes Portal	canSAR_ID	0	7437478
OLAGZWUBPYQCBR-JSKJCRAUSA-N	Chemical Probes Portal	url	0	https://www.chemicalprobes.org/kh12
KVDLSQZBDWJNSG-VINRIKPSSA-N	Chemical Probes Portal	rating_in_cell	0	4
KVDLSQZBDWJNSG-VINRIKPSSA-N	Chemical Probes Portal	rating_in_organism	0	0
KVDLSQZBDWJNSG-VINRIKPSSA-N	Chemical Probes Portal	rating_count	0	1
KVDLSQZBDWJNSG-VINRIKPSSA-N	Chemical Probes Portal	unsuitable	0	No
KVDLSQZBDWJNSG-VINRIKPSSA-N	Chemical Probes Portal	pains	0	No
KVDLSQZBDWJNSG-VINRIKPSSA-N	Chemical Probes Portal	toxicophore	0	Yes
KVDLSQZBDWJNSG-VINRIKPSSA-N	Chemical Probes Portal	published_date	0	2024-10-19
KVDLSQZBDWJNSG-VINRIKPSSA-N	Chemical Probes Portal	canSAR_ID	0	7437479
KVDLSQZBDWJNSG-VINRIKPSSA-N	Chemical Probes Portal	url	0	https://www.chemicalprobes.org/r1-icr-5
ISQCXAWAHDJCRH-FKDRFZFOSA-N	Chemical Probes Portal	rating_in_cell	0	3
ISQCXAWAHDJCRH-FKDRFZFOSA-N	Chemical Probes Portal	rating_in_organism	0	3
ISQCXAWAHDJCRH-FKDRFZFOSA-N	Chemical Probes Portal	rating_count	0	2
ISQCXAWAHDJCRH-FKDRFZFOSA-N	Chemical Probes Portal	unsuitable	0	No
ISQCXAWAHDJCRH-FKDRFZFOSA-N	Chemical Probes Portal	pains	0	No
ISQCXAWAHDJCRH-FKDRFZFOSA-N	Chemical Probes Portal	toxicophore	0	No
ISQCXAWAHDJCRH-FKDRFZFOSA-N	Chemical Probes Portal	published_date	0	2024-11-15
ISQCXAWAHDJCRH-FKDRFZFOSA-N	Chemical Probes Portal	canSAR_ID	0	7437480
ISQCXAWAHDJCRH-FKDRFZFOSA-N	Chemical Probes Portal	url	0	https://www.chemicalprobes.org/md-265
JBTHUOYYUUPUOZ-LIHPQFRDSA-N	Chemical Probes Portal	rating_in_cell	0	3.5
JBTHUOYYUUPUOZ-LIHPQFRDSA-N	Chemical Probes Portal	rating_in_organism	0	3
JBTHUOYYUUPUOZ-LIHPQFRDSA-N	Chemical Probes Portal	rating_count	0	2
JBTHUOYYUUPUOZ-LIHPQFRDSA-N	Chemical Probes Portal	unsuitable	0	No
JBTHUOYYUUPUOZ-LIHPQFRDSA-N	Chemical Probes Portal	pains	0	No
JBTHUOYYUUPUOZ-LIHPQFRDSA-N	Chemical Probes Portal	toxicophore	0	Yes
JBTHUOYYUUPUOZ-LIHPQFRDSA-N	Chemical Probes Portal	published_date	0	2024-11-15
JBTHUOYYUUPUOZ-LIHPQFRDSA-N	Chemical Probes Portal	canSAR_ID	0	7019444
JBTHUOYYUUPUOZ-LIHPQFRDSA-N	Chemical Probes Portal	url	0	https://www.chemicalprobes.org/acbi2
PTARASCXNREVCH-UHFFFAOYSA-N	Chemical Probes Portal	rating_in_cell	0	3
PTARASCXNREVCH-UHFFFAOYSA-N	Chemical Probes Portal	rating_in_organism	0	3
PTARASCXNREVCH-UHFFFAOYSA-N	Chemical Probes Portal	rating_count	0	1
PTARASCXNREVCH-UHFFFAOYSA-N	Chemical Probes Portal	unsuitable	0	No
PTARASCXNREVCH-UHFFFAOYSA-N	Chemical Probes Portal	pains	0	Yes
PTARASCXNREVCH-UHFFFAOYSA-N	Chemical Probes Portal	toxicophore	0	No
PTARASCXNREVCH-UHFFFAOYSA-N	Chemical Probes Portal	published_date	0	2024-10-19
PTARASCXNREVCH-UHFFFAOYSA-N	Chemical Probes Portal	canSAR_ID	0	7437483
PTARASCXNREVCH-UHFFFAOYSA-N	Chemical Probes Portal	url	0	https://www.chemicalprobes.org/dyr684
AJQAXIIJKPCAOP-XVNGORCSSA-N	Chemical Probes Portal	rating_in_cell	0	3
AJQAXIIJKPCAOP-XVNGORCSSA-N	Chemical Probes Portal	rating_in_organism	0	0
AJQAXIIJKPCAOP-XVNGORCSSA-N	Chemical Probes Portal	rating_count	0	3
AJQAXIIJKPCAOP-XVNGORCSSA-N	Chemical Probes Portal	unsuitable	0	No
AJQAXIIJKPCAOP-XVNGORCSSA-N	Chemical Probes Portal	pains	0	No
AJQAXIIJKPCAOP-XVNGORCSSA-N	Chemical Probes Portal	toxicophore	0	No
AJQAXIIJKPCAOP-XVNGORCSSA-N	Chemical Probes Portal	published_date	0	2024-10-18
AJQAXIIJKPCAOP-XVNGORCSSA-N	Chemical Probes Portal	canSAR_ID	0	7437485
AJQAXIIJKPCAOP-XVNGORCSSA-N	Chemical Probes Portal	url	0	https://www.chemicalprobes.org/hc278
PLCITURFVJNAFH-GUQHISFFSA-N	Chemical Probes Portal	rating_in_cell	0	3.5
PLCITURFVJNAFH-GUQHISFFSA-N	Chemical Probes Portal	rating_in_organism	0	0
PLCITURFVJNAFH-GUQHISFFSA-N	Chemical Probes Portal	rating_count	0	2
PLCITURFVJNAFH-GUQHISFFSA-N	Chemical Probes Portal	unsuitable	0	No
PLCITURFVJNAFH-GUQHISFFSA-N	Chemical Probes Portal	pains	0	No
PLCITURFVJNAFH-GUQHISFFSA-N	Chemical Probes Portal	toxicophore	0	No
PLCITURFVJNAFH-GUQHISFFSA-N	Chemical Probes Portal	published_date	0	2023-05-18
PLCITURFVJNAFH-GUQHISFFSA-N	Chemical Probes Portal	canSAR_ID	0	7158941
PLCITURFVJNAFH-GUQHISFFSA-N	Chemical Probes Portal	url	0	https://www.chemicalprobes.org/mrk-990
NIQFZCJNEODJTE-CSIWTOAPSA-N	Chemical Probes Portal	rating_in_cell	0	4
NIQFZCJNEODJTE-CSIWTOAPSA-N	Chemical Probes Portal	rating_in_organism	0	0
NIQFZCJNEODJTE-CSIWTOAPSA-N	Chemical Probes Portal	rating_count	0	2
NIQFZCJNEODJTE-CSIWTOAPSA-N	Chemical Probes Portal	unsuitable	0	No
NIQFZCJNEODJTE-CSIWTOAPSA-N	Chemical Probes Portal	pains	0	No
NIQFZCJNEODJTE-CSIWTOAPSA-N	Chemical Probes Portal	toxicophore	0	No
NIQFZCJNEODJTE-CSIWTOAPSA-N	Chemical Probes Portal	published_date	0	2025-01-22
NIQFZCJNEODJTE-CSIWTOAPSA-N	Chemical Probes Portal	canSAR_ID	0	7018955
NIQFZCJNEODJTE-CSIWTOAPSA-N	Chemical Probes Portal	url	0	https://www.chemicalprobes.org/tmx-4153
DYDFSGCLYIZSAQ-UHFFFAOYSA-N	Chemical Probes Portal	rating_in_cell	0	3.5
DYDFSGCLYIZSAQ-UHFFFAOYSA-N	Chemical Probes Portal	rating_in_organism	0	3.5
DYDFSGCLYIZSAQ-UHFFFAOYSA-N	Chemical Probes Portal	rating_count	0	2
DYDFSGCLYIZSAQ-UHFFFAOYSA-N	Chemical Probes Portal	unsuitable	0	No
DYDFSGCLYIZSAQ-UHFFFAOYSA-N	Chemical Probes Portal	pains	0	No
DYDFSGCLYIZSAQ-UHFFFAOYSA-N	Chemical Probes Portal	toxicophore	0	No
DYDFSGCLYIZSAQ-UHFFFAOYSA-N	Chemical Probes Portal	published_date	0	2025-11-26
DYDFSGCLYIZSAQ-UHFFFAOYSA-N	Chemical Probes Portal	canSAR_ID	0	7437533
DYDFSGCLYIZSAQ-UHFFFAOYSA-N	Chemical Probes Portal	url	0	https://www.chemicalprobes.org/jnj-79883960
ANAOJSKQILNLRY-MWTRTKDXSA-N	Chemical Probes Portal	rating_in_cell	0	2
ANAOJSKQILNLRY-MWTRTKDXSA-N	Chemical Probes Portal	rating_in_organism	0	0
ANAOJSKQILNLRY-MWTRTKDXSA-N	Chemical Probes Portal	rating_count	0	2
ANAOJSKQILNLRY-MWTRTKDXSA-N	Chemical Probes Portal	unsuitable	0	No
ANAOJSKQILNLRY-MWTRTKDXSA-N	Chemical Probes Portal	pains	0	No
ANAOJSKQILNLRY-MWTRTKDXSA-N	Chemical Probes Portal	toxicophore	0	No
ANAOJSKQILNLRY-MWTRTKDXSA-N	Chemical Probes Portal	published_date	0	2025-12-05
ANAOJSKQILNLRY-MWTRTKDXSA-N	Chemical Probes Portal	canSAR_ID	0	7437532
ANAOJSKQILNLRY-MWTRTKDXSA-N	Chemical Probes Portal	url	0	https://www.chemicalprobes.org/psfl1911
FIFRHLLUVCAOIK-SJCJKPOMSA-N	Chemical Probes Portal	rating_in_cell	0	4
FIFRHLLUVCAOIK-SJCJKPOMSA-N	Chemical Probes Portal	rating_in_organism	0	3
FIFRHLLUVCAOIK-SJCJKPOMSA-N	Chemical Probes Portal	rating_count	0	1
FIFRHLLUVCAOIK-SJCJKPOMSA-N	Chemical Probes Portal	unsuitable	0	No
FIFRHLLUVCAOIK-SJCJKPOMSA-N	Chemical Probes Portal	pains	0	No
FIFRHLLUVCAOIK-SJCJKPOMSA-N	Chemical Probes Portal	toxicophore	0	No
FIFRHLLUVCAOIK-SJCJKPOMSA-N	Chemical Probes Portal	published_date	0	2025-11-17
FIFRHLLUVCAOIK-SJCJKPOMSA-N	Chemical Probes Portal	canSAR_ID	0	7437527
FIFRHLLUVCAOIK-SJCJKPOMSA-N	Chemical Probes Portal	url	0	https://www.chemicalprobes.org/msc778
MMHYOHYLSFWJJB-ZDUSSCGKSA-N	Chemical Probes Portal	rating_in_cell	0	0
MMHYOHYLSFWJJB-ZDUSSCGKSA-N	Chemical Probes Portal	rating_in_organism	0	0
MMHYOHYLSFWJJB-ZDUSSCGKSA-N	Chemical Probes Portal	rating_count	0	0
MMHYOHYLSFWJJB-ZDUSSCGKSA-N	Chemical Probes Portal	unsuitable	0	No
MMHYOHYLSFWJJB-ZDUSSCGKSA-N	Chemical Probes Portal	pains	0	No
MMHYOHYLSFWJJB-ZDUSSCGKSA-N	Chemical Probes Portal	toxicophore	0	No
MMHYOHYLSFWJJB-ZDUSSCGKSA-N	Chemical Probes Portal	published_date	0	2025-09-18
MMHYOHYLSFWJJB-ZDUSSCGKSA-N	Chemical Probes Portal	canSAR_ID	0	7437525
MMHYOHYLSFWJJB-ZDUSSCGKSA-N	Chemical Probes Portal	url	0	https://www.chemicalprobes.org/bi-5121
YPXUKPNZQTWCRR-UHFFFAOYSA-N	Chemical Probes Portal	rating_in_cell	0	3.5
YPXUKPNZQTWCRR-UHFFFAOYSA-N	Chemical Probes Portal	rating_in_organism	0	3
YPXUKPNZQTWCRR-UHFFFAOYSA-N	Chemical Probes Portal	rating_count	0	2
YPXUKPNZQTWCRR-UHFFFAOYSA-N	Chemical Probes Portal	unsuitable	0	No
YPXUKPNZQTWCRR-UHFFFAOYSA-N	Chemical Probes Portal	pains	0	No
YPXUKPNZQTWCRR-UHFFFAOYSA-N	Chemical Probes Portal	toxicophore	0	No
YPXUKPNZQTWCRR-UHFFFAOYSA-N	Chemical Probes Portal	published_date	0	2025-09-18
YPXUKPNZQTWCRR-UHFFFAOYSA-N	Chemical Probes Portal	canSAR_ID	0	7437524
YPXUKPNZQTWCRR-UHFFFAOYSA-N	Chemical Probes Portal	url	0	https://www.chemicalprobes.org/jnj-7891118
DJOZFERTDDZPJO-UHFFFAOYSA-N	Chemical Probes Portal	rating_in_cell	0	3
DJOZFERTDDZPJO-UHFFFAOYSA-N	Chemical Probes Portal	rating_in_organism	0	3
DJOZFERTDDZPJO-UHFFFAOYSA-N	Chemical Probes Portal	rating_count	0	2
DJOZFERTDDZPJO-UHFFFAOYSA-N	Chemical Probes Portal	unsuitable	0	No
DJOZFERTDDZPJO-UHFFFAOYSA-N	Chemical Probes Portal	pains	0	No
DJOZFERTDDZPJO-UHFFFAOYSA-N	Chemical Probes Portal	toxicophore	0	Yes
DJOZFERTDDZPJO-UHFFFAOYSA-N	Chemical Probes Portal	published_date	0	2025-05-28
DJOZFERTDDZPJO-UHFFFAOYSA-N	Chemical Probes Portal	canSAR_ID	0	7437517
DJOZFERTDDZPJO-UHFFFAOYSA-N	Chemical Probes Portal	url	0	https://www.chemicalprobes.org/cps-021
YOOKRVNCYQFKCT-UHFFFAOYSA-N	Chemical Probes Portal	rating_in_cell	0	4
YOOKRVNCYQFKCT-UHFFFAOYSA-N	Chemical Probes Portal	rating_in_organism	0	0
YOOKRVNCYQFKCT-UHFFFAOYSA-N	Chemical Probes Portal	rating_count	0	2
YOOKRVNCYQFKCT-UHFFFAOYSA-N	Chemical Probes Portal	unsuitable	0	No
YOOKRVNCYQFKCT-UHFFFAOYSA-N	Chemical Probes Portal	pains	0	No
YOOKRVNCYQFKCT-UHFFFAOYSA-N	Chemical Probes Portal	toxicophore	0	Yes
YOOKRVNCYQFKCT-UHFFFAOYSA-N	Chemical Probes Portal	published_date	0	2025-08-04
YOOKRVNCYQFKCT-UHFFFAOYSA-N	Chemical Probes Portal	canSAR_ID	0	7437515
YOOKRVNCYQFKCT-UHFFFAOYSA-N	Chemical Probes Portal	url	0	https://www.chemicalprobes.org/sm311
RGHSVQHKNJAFGR-QFIPXVFZSA-N	Chemical Probes Portal	rating_in_cell	0	3
RGHSVQHKNJAFGR-QFIPXVFZSA-N	Chemical Probes Portal	rating_in_organism	0	3
RGHSVQHKNJAFGR-QFIPXVFZSA-N	Chemical Probes Portal	rating_count	0	2
RGHSVQHKNJAFGR-QFIPXVFZSA-N	Chemical Probes Portal	unsuitable	0	No
RGHSVQHKNJAFGR-QFIPXVFZSA-N	Chemical Probes Portal	pains	0	No
RGHSVQHKNJAFGR-QFIPXVFZSA-N	Chemical Probes Portal	toxicophore	0	No
RGHSVQHKNJAFGR-QFIPXVFZSA-N	Chemical Probes Portal	published_date	0	2025-08-01
RGHSVQHKNJAFGR-QFIPXVFZSA-N	Chemical Probes Portal	canSAR_ID	0	7437512
RGHSVQHKNJAFGR-QFIPXVFZSA-N	Chemical Probes Portal	url	0	https://www.chemicalprobes.org/fah65e
XHMSDQXEIBTTBE-QFIPXVFZSA-N	Chemical Probes Portal	rating_in_cell	0	3
XHMSDQXEIBTTBE-QFIPXVFZSA-N	Chemical Probes Portal	rating_in_organism	0	0
XHMSDQXEIBTTBE-QFIPXVFZSA-N	Chemical Probes Portal	rating_count	0	1
XHMSDQXEIBTTBE-QFIPXVFZSA-N	Chemical Probes Portal	unsuitable	0	No
XHMSDQXEIBTTBE-QFIPXVFZSA-N	Chemical Probes Portal	pains	0	No
XHMSDQXEIBTTBE-QFIPXVFZSA-N	Chemical Probes Portal	toxicophore	0	No
XHMSDQXEIBTTBE-QFIPXVFZSA-N	Chemical Probes Portal	published_date	0	2025-05-27
XHMSDQXEIBTTBE-QFIPXVFZSA-N	Chemical Probes Portal	canSAR_ID	0	7437505
XHMSDQXEIBTTBE-QFIPXVFZSA-N	Chemical Probes Portal	url	0	https://www.chemicalprobes.org/pad-pf2
FFUVDKANSJZSAK-JDXGNMNLSA-N	Chemical Probes Portal	rating_in_cell	0	3
FFUVDKANSJZSAK-JDXGNMNLSA-N	Chemical Probes Portal	rating_in_organism	0	0
FFUVDKANSJZSAK-JDXGNMNLSA-N	Chemical Probes Portal	rating_count	0	2
FFUVDKANSJZSAK-JDXGNMNLSA-N	Chemical Probes Portal	unsuitable	0	No
FFUVDKANSJZSAK-JDXGNMNLSA-N	Chemical Probes Portal	pains	0	No
FFUVDKANSJZSAK-JDXGNMNLSA-N	Chemical Probes Portal	toxicophore	0	No
FFUVDKANSJZSAK-JDXGNMNLSA-N	Chemical Probes Portal	published_date	0	2024-10-17
FFUVDKANSJZSAK-JDXGNMNLSA-N	Chemical Probes Portal	canSAR_ID	0	7437502
FFUVDKANSJZSAK-JDXGNMNLSA-N	Chemical Probes Portal	url	0	https://www.chemicalprobes.org/bio-2007817
XRAUKWUDYSUHJM-LLVKDONJSA-N	Chemical Probes Portal	rating_in_cell	0	0
XRAUKWUDYSUHJM-LLVKDONJSA-N	Chemical Probes Portal	rating_in_organism	0	0
XRAUKWUDYSUHJM-LLVKDONJSA-N	Chemical Probes Portal	rating_count	0	0
XRAUKWUDYSUHJM-LLVKDONJSA-N	Chemical Probes Portal	unsuitable	0	No
XRAUKWUDYSUHJM-LLVKDONJSA-N	Chemical Probes Portal	pains	0	No
XRAUKWUDYSUHJM-LLVKDONJSA-N	Chemical Probes Portal	toxicophore	0	No
XRAUKWUDYSUHJM-LLVKDONJSA-N	Chemical Probes Portal	published_date	0	2024-11-22
XRAUKWUDYSUHJM-LLVKDONJSA-N	Chemical Probes Portal	canSAR_ID	0	7437500
XRAUKWUDYSUHJM-LLVKDONJSA-N	Chemical Probes Portal	url	0	https://www.chemicalprobes.org/keap1-in-23
IYFKRANQUJUTKF-UHFFFAOYSA-N	Chemical Probes Portal	rating_in_cell	0	3
IYFKRANQUJUTKF-UHFFFAOYSA-N	Chemical Probes Portal	rating_in_organism	0	0
IYFKRANQUJUTKF-UHFFFAOYSA-N	Chemical Probes Portal	rating_count	0	3
IYFKRANQUJUTKF-UHFFFAOYSA-N	Chemical Probes Portal	unsuitable	0	No
IYFKRANQUJUTKF-UHFFFAOYSA-N	Chemical Probes Portal	pains	0	No
IYFKRANQUJUTKF-UHFFFAOYSA-N	Chemical Probes Portal	toxicophore	0	No
IYFKRANQUJUTKF-UHFFFAOYSA-N	Chemical Probes Portal	published_date	0	2025-01-22
IYFKRANQUJUTKF-UHFFFAOYSA-N	Chemical Probes Portal	canSAR_ID	0	7020373
IYFKRANQUJUTKF-UHFFFAOYSA-N	Chemical Probes Portal	url	0	https://www.chemicalprobes.org/alphasyn-protac-2b
LDFDXTNMCGLUMQ-YGKODULZSA-N	Chemical Probes Portal	rating_in_cell	0	0
LDFDXTNMCGLUMQ-YGKODULZSA-N	Chemical Probes Portal	rating_in_organism	0	0
LDFDXTNMCGLUMQ-YGKODULZSA-N	Chemical Probes Portal	rating_count	0	0
LDFDXTNMCGLUMQ-YGKODULZSA-N	Chemical Probes Portal	unsuitable	0	No
LDFDXTNMCGLUMQ-YGKODULZSA-N	Chemical Probes Portal	pains	0	No
LDFDXTNMCGLUMQ-YGKODULZSA-N	Chemical Probes Portal	toxicophore	0	No
LDFDXTNMCGLUMQ-YGKODULZSA-N	Chemical Probes Portal	published_date	0	2025-02-14
LDFDXTNMCGLUMQ-YGKODULZSA-N	Chemical Probes Portal	canSAR_ID	0	7437495
LDFDXTNMCGLUMQ-YGKODULZSA-N	Chemical Probes Portal	url	0	https://www.chemicalprobes.org/nu227326
RIEBAXQZOMUWKX-UHFFFAOYSA-N	Chemical Probes Portal	rating_in_cell	0	3.3333333333333335
RIEBAXQZOMUWKX-UHFFFAOYSA-N	Chemical Probes Portal	rating_in_organism	0	2.6666666666666665
RIEBAXQZOMUWKX-UHFFFAOYSA-N	Chemical Probes Portal	rating_count	0	3
RIEBAXQZOMUWKX-UHFFFAOYSA-N	Chemical Probes Portal	unsuitable	0	No
RIEBAXQZOMUWKX-UHFFFAOYSA-N	Chemical Probes Portal	pains	0	No
RIEBAXQZOMUWKX-UHFFFAOYSA-N	Chemical Probes Portal	toxicophore	0	No
RIEBAXQZOMUWKX-UHFFFAOYSA-N	Chemical Probes Portal	published_date	0	2025-01-21
RIEBAXQZOMUWKX-UHFFFAOYSA-N	Chemical Probes Portal	canSAR_ID	0	7402267
RIEBAXQZOMUWKX-UHFFFAOYSA-N	Chemical Probes Portal	url	0	https://www.chemicalprobes.org/t-10430
LPDOIXPRZOWBJV-HOCLYGCPSA-N	Chemical Probes Portal	rating_in_cell	0	0
LPDOIXPRZOWBJV-HOCLYGCPSA-N	Chemical Probes Portal	rating_in_organism	0	0
LPDOIXPRZOWBJV-HOCLYGCPSA-N	Chemical Probes Portal	rating_count	0	0
LPDOIXPRZOWBJV-HOCLYGCPSA-N	Chemical Probes Portal	unsuitable	0	No
LPDOIXPRZOWBJV-HOCLYGCPSA-N	Chemical Probes Portal	pains	0	No
LPDOIXPRZOWBJV-HOCLYGCPSA-N	Chemical Probes Portal	toxicophore	0	No
LPDOIXPRZOWBJV-HOCLYGCPSA-N	Chemical Probes Portal	published_date	0	2024-10-17
LPDOIXPRZOWBJV-HOCLYGCPSA-N	Chemical Probes Portal	canSAR_ID	0	7159527
LPDOIXPRZOWBJV-HOCLYGCPSA-N	Chemical Probes Portal	url	0	https://www.chemicalprobes.org/bi-9787
HGQYUHFFAIXWDI-GOSISDBHSA-N	Chemical Probes Portal	rating_in_cell	0	2.5
HGQYUHFFAIXWDI-GOSISDBHSA-N	Chemical Probes Portal	rating_in_organism	0	2.5
HGQYUHFFAIXWDI-GOSISDBHSA-N	Chemical Probes Portal	rating_count	0	2
HGQYUHFFAIXWDI-GOSISDBHSA-N	Chemical Probes Portal	unsuitable	0	No
HGQYUHFFAIXWDI-GOSISDBHSA-N	Chemical Probes Portal	pains	0	No
HGQYUHFFAIXWDI-GOSISDBHSA-N	Chemical Probes Portal	toxicophore	0	No
HGQYUHFFAIXWDI-GOSISDBHSA-N	Chemical Probes Portal	published_date	0	2025-12-05
HGQYUHFFAIXWDI-GOSISDBHSA-N	Chemical Probes Portal	canSAR_ID	0	7437530
HGQYUHFFAIXWDI-GOSISDBHSA-N	Chemical Probes Portal	url	0	https://www.chemicalprobes.org/plk4-in-25
APEYSKGQWJKJAZ-LCLGPXMOSA-N	Chemical Probes Portal	rating_in_cell	0	1.5
APEYSKGQWJKJAZ-LCLGPXMOSA-N	Chemical Probes Portal	rating_in_organism	0	1.5
APEYSKGQWJKJAZ-LCLGPXMOSA-N	Chemical Probes Portal	rating_count	0	2
APEYSKGQWJKJAZ-LCLGPXMOSA-N	Chemical Probes Portal	unsuitable	0	No
APEYSKGQWJKJAZ-LCLGPXMOSA-N	Chemical Probes Portal	pains	0	No
APEYSKGQWJKJAZ-LCLGPXMOSA-N	Chemical Probes Portal	toxicophore	0	Yes
APEYSKGQWJKJAZ-LCLGPXMOSA-N	Chemical Probes Portal	published_date	0	2025-01-22
APEYSKGQWJKJAZ-LCLGPXMOSA-N	Chemical Probes Portal	canSAR_ID	0	7019217
APEYSKGQWJKJAZ-LCLGPXMOSA-N	Chemical Probes Portal	url	0	https://www.chemicalprobes.org/ms6105
FHFUBRLTXZVOQX-UHFFFAOYSA-N	Chemical Probes Portal	rating_in_cell	0	2
FHFUBRLTXZVOQX-UHFFFAOYSA-N	Chemical Probes Portal	rating_in_organism	0	0
FHFUBRLTXZVOQX-UHFFFAOYSA-N	Chemical Probes Portal	rating_count	0	3
FHFUBRLTXZVOQX-UHFFFAOYSA-N	Chemical Probes Portal	unsuitable	0	No
FHFUBRLTXZVOQX-UHFFFAOYSA-N	Chemical Probes Portal	pains	0	No
FHFUBRLTXZVOQX-UHFFFAOYSA-N	Chemical Probes Portal	toxicophore	0	Yes
FHFUBRLTXZVOQX-UHFFFAOYSA-N	Chemical Probes Portal	published_date	0	2024-10-30
FHFUBRLTXZVOQX-UHFFFAOYSA-N	Chemical Probes Portal	canSAR_ID	0	7368215
FHFUBRLTXZVOQX-UHFFFAOYSA-N	Chemical Probes Portal	url	0	https://www.chemicalprobes.org/czh-z16
CLUWNSLFLMBFKA-RMCUFUCFSA-N	Chemical Probes Portal	rating_in_cell	0	3
CLUWNSLFLMBFKA-RMCUFUCFSA-N	Chemical Probes Portal	rating_in_organism	0	3
CLUWNSLFLMBFKA-RMCUFUCFSA-N	Chemical Probes Portal	rating_count	0	2
CLUWNSLFLMBFKA-RMCUFUCFSA-N	Chemical Probes Portal	unsuitable	0	No
CLUWNSLFLMBFKA-RMCUFUCFSA-N	Chemical Probes Portal	pains	0	No
CLUWNSLFLMBFKA-RMCUFUCFSA-N	Chemical Probes Portal	toxicophore	0	Yes
CLUWNSLFLMBFKA-RMCUFUCFSA-N	Chemical Probes Portal	published_date	0	2024-05-10
CLUWNSLFLMBFKA-RMCUFUCFSA-N	Chemical Probes Portal	canSAR_ID	0	7392138
CLUWNSLFLMBFKA-RMCUFUCFSA-N	Chemical Probes Portal	url	0	https://www.chemicalprobes.org/ms8709
PWYJKWQDDHJXMJ-YKCITUTQSA-N	Chemical Probes Portal	rating_in_cell	0	3
PWYJKWQDDHJXMJ-YKCITUTQSA-N	Chemical Probes Portal	rating_in_organism	0	0
PWYJKWQDDHJXMJ-YKCITUTQSA-N	Chemical Probes Portal	rating_count	0	1
PWYJKWQDDHJXMJ-YKCITUTQSA-N	Chemical Probes Portal	unsuitable	0	No
PWYJKWQDDHJXMJ-YKCITUTQSA-N	Chemical Probes Portal	pains	0	No
PWYJKWQDDHJXMJ-YKCITUTQSA-N	Chemical Probes Portal	toxicophore	0	No
PWYJKWQDDHJXMJ-YKCITUTQSA-N	Chemical Probes Portal	published_date	0	2025-01-21
PWYJKWQDDHJXMJ-YKCITUTQSA-N	Chemical Probes Portal	canSAR_ID	0	7437488
PWYJKWQDDHJXMJ-YKCITUTQSA-N	Chemical Probes Portal	url	0	https://www.chemicalprobes.org/ah078
GPZKXLCJTKULAU-UHFFFAOYSA-N	Chemical Probes Portal	rating_in_cell	0	2
GPZKXLCJTKULAU-UHFFFAOYSA-N	Chemical Probes Portal	rating_in_organism	0	2
GPZKXLCJTKULAU-UHFFFAOYSA-N	Chemical Probes Portal	rating_count	0	2
GPZKXLCJTKULAU-UHFFFAOYSA-N	Chemical Probes Portal	unsuitable	0	No
GPZKXLCJTKULAU-UHFFFAOYSA-N	Chemical Probes Portal	pains	0	No
GPZKXLCJTKULAU-UHFFFAOYSA-N	Chemical Probes Portal	toxicophore	0	No
GPZKXLCJTKULAU-UHFFFAOYSA-N	Chemical Probes Portal	published_date	0	2025-01-21
GPZKXLCJTKULAU-UHFFFAOYSA-N	Chemical Probes Portal	canSAR_ID	0	7437491
GPZKXLCJTKULAU-UHFFFAOYSA-N	Chemical Probes Portal	url	0	https://www.chemicalprobes.org/qp73
BXCPYBFBMAWDDY-UHFFFAOYSA-N	Chemical Probes Portal	rating_in_cell	0	2.6666666666666665
BXCPYBFBMAWDDY-UHFFFAOYSA-N	Chemical Probes Portal	rating_in_organism	0	0
BXCPYBFBMAWDDY-UHFFFAOYSA-N	Chemical Probes Portal	rating_count	0	3
BXCPYBFBMAWDDY-UHFFFAOYSA-N	Chemical Probes Portal	unsuitable	0	No
BXCPYBFBMAWDDY-UHFFFAOYSA-N	Chemical Probes Portal	pains	0	No
BXCPYBFBMAWDDY-UHFFFAOYSA-N	Chemical Probes Portal	toxicophore	0	Yes
BXCPYBFBMAWDDY-UHFFFAOYSA-N	Chemical Probes Portal	published_date	0	2025-01-21
BXCPYBFBMAWDDY-UHFFFAOYSA-N	Chemical Probes Portal	canSAR_ID	0	3314779
BXCPYBFBMAWDDY-UHFFFAOYSA-N	Chemical Probes Portal	url	0	https://www.chemicalprobes.org/cps2
SVKZUEZCCKLNIM-UHFFFAOYSA-N	Chemical Probes Portal	rating_in_cell	0	3.5
SVKZUEZCCKLNIM-UHFFFAOYSA-N	Chemical Probes Portal	rating_in_organism	0	3
SVKZUEZCCKLNIM-UHFFFAOYSA-N	Chemical Probes Portal	rating_count	0	2
SVKZUEZCCKLNIM-UHFFFAOYSA-N	Chemical Probes Portal	unsuitable	0	No
SVKZUEZCCKLNIM-UHFFFAOYSA-N	Chemical Probes Portal	pains	0	No
SVKZUEZCCKLNIM-UHFFFAOYSA-N	Chemical Probes Portal	toxicophore	0	No
SVKZUEZCCKLNIM-UHFFFAOYSA-N	Chemical Probes Portal	published_date	0	2024-07-11
SVKZUEZCCKLNIM-UHFFFAOYSA-N	Chemical Probes Portal	canSAR_ID	0	7437476
SVKZUEZCCKLNIM-UHFFFAOYSA-N	Chemical Probes Portal	url	0	https://www.chemicalprobes.org/brd9-protac-e5
LFCNOSRNWFMQLB-UHFFFAOYSA-N	Chemical Probes Portal	rating_in_cell	0	2.6666666666666665
LFCNOSRNWFMQLB-UHFFFAOYSA-N	Chemical Probes Portal	rating_in_organism	0	3
LFCNOSRNWFMQLB-UHFFFAOYSA-N	Chemical Probes Portal	rating_count	0	3
LFCNOSRNWFMQLB-UHFFFAOYSA-N	Chemical Probes Portal	unsuitable	0	No
LFCNOSRNWFMQLB-UHFFFAOYSA-N	Chemical Probes Portal	pains	0	No
LFCNOSRNWFMQLB-UHFFFAOYSA-N	Chemical Probes Portal	toxicophore	0	Yes
LFCNOSRNWFMQLB-UHFFFAOYSA-N	Chemical Probes Portal	published_date	0	2025-11-17
LFCNOSRNWFMQLB-UHFFFAOYSA-N	Chemical Probes Portal	canSAR_ID	0	7437526
LFCNOSRNWFMQLB-UHFFFAOYSA-N	Chemical Probes Portal	url	0	https://www.chemicalprobes.org/dcdk9-202
HKSBXNVKPFTBIG-WUEKOBJSSA-N	Chemical Probes Portal	rating_in_cell	0	3.5
HKSBXNVKPFTBIG-WUEKOBJSSA-N	Chemical Probes Portal	rating_in_organism	0	2.5
HKSBXNVKPFTBIG-WUEKOBJSSA-N	Chemical Probes Portal	rating_count	0	2
HKSBXNVKPFTBIG-WUEKOBJSSA-N	Chemical Probes Portal	unsuitable	0	No
HKSBXNVKPFTBIG-WUEKOBJSSA-N	Chemical Probes Portal	pains	0	No
HKSBXNVKPFTBIG-WUEKOBJSSA-N	Chemical Probes Portal	toxicophore	0	Yes
HKSBXNVKPFTBIG-WUEKOBJSSA-N	Chemical Probes Portal	published_date	0	2023-04-02
HKSBXNVKPFTBIG-WUEKOBJSSA-N	Chemical Probes Portal	canSAR_ID	0	3935385
HKSBXNVKPFTBIG-WUEKOBJSSA-N	Chemical Probes Portal	url	0	https://www.chemicalprobes.org/xl01126
LPKVYTQGJNTZKY-UHFFFAOYSA-N	Chemical Probes Portal	rating_in_cell	0	1.3333333333333333
LPKVYTQGJNTZKY-UHFFFAOYSA-N	Chemical Probes Portal	rating_in_organism	0	0
LPKVYTQGJNTZKY-UHFFFAOYSA-N	Chemical Probes Portal	rating_count	0	3
LPKVYTQGJNTZKY-UHFFFAOYSA-N	Chemical Probes Portal	unsuitable	0	No
LPKVYTQGJNTZKY-UHFFFAOYSA-N	Chemical Probes Portal	pains	0	No
LPKVYTQGJNTZKY-UHFFFAOYSA-N	Chemical Probes Portal	toxicophore	0	Yes
LPKVYTQGJNTZKY-UHFFFAOYSA-N	Chemical Probes Portal	published_date	0	2024-10-30
LPKVYTQGJNTZKY-UHFFFAOYSA-N	Chemical Probes Portal	canSAR_ID	0	7437497
LPKVYTQGJNTZKY-UHFFFAOYSA-N	Chemical Probes Portal	url	0	https://www.chemicalprobes.org/pid-34
DQRZNYPHOWVXPQ-YDUPODKQSA-N	Chemical Probes Portal	rating_in_cell	0	3.3333333333333335
DQRZNYPHOWVXPQ-YDUPODKQSA-N	Chemical Probes Portal	rating_in_organism	0	3
DQRZNYPHOWVXPQ-YDUPODKQSA-N	Chemical Probes Portal	rating_count	0	3
DQRZNYPHOWVXPQ-YDUPODKQSA-N	Chemical Probes Portal	unsuitable	0	No
DQRZNYPHOWVXPQ-YDUPODKQSA-N	Chemical Probes Portal	pains	0	No
DQRZNYPHOWVXPQ-YDUPODKQSA-N	Chemical Probes Portal	toxicophore	0	No
DQRZNYPHOWVXPQ-YDUPODKQSA-N	Chemical Probes Portal	published_date	0	2025-10-09
DQRZNYPHOWVXPQ-YDUPODKQSA-N	Chemical Probes Portal	canSAR_ID	0	4448637
DQRZNYPHOWVXPQ-YDUPODKQSA-N	Chemical Probes Portal	url	0	https://www.chemicalprobes.org/acbi3
REPLCRNGGWSKTN-JYQLQLLISA-N	Chemical Probes Portal	rating_in_cell	0	3
REPLCRNGGWSKTN-JYQLQLLISA-N	Chemical Probes Portal	rating_in_organism	0	0
REPLCRNGGWSKTN-JYQLQLLISA-N	Chemical Probes Portal	rating_count	0	3
REPLCRNGGWSKTN-JYQLQLLISA-N	Chemical Probes Portal	unsuitable	0	No
REPLCRNGGWSKTN-JYQLQLLISA-N	Chemical Probes Portal	pains	0	No
REPLCRNGGWSKTN-JYQLQLLISA-N	Chemical Probes Portal	toxicophore	0	No
REPLCRNGGWSKTN-JYQLQLLISA-N	Chemical Probes Portal	published_date	0	2022-08-03
REPLCRNGGWSKTN-JYQLQLLISA-N	Chemical Probes Portal	canSAR_ID	0	7019664
REPLCRNGGWSKTN-JYQLQLLISA-N	Chemical Probes Portal	url	0	https://www.chemicalprobes.org/cst967
ZOSWUNAJRAEGEW-YTIGDUPRSA-N	Chemical Probes Portal	rating_in_cell	0	4
ZOSWUNAJRAEGEW-YTIGDUPRSA-N	Chemical Probes Portal	rating_in_organism	0	0
ZOSWUNAJRAEGEW-YTIGDUPRSA-N	Chemical Probes Portal	rating_count	0	2
ZOSWUNAJRAEGEW-YTIGDUPRSA-N	Chemical Probes Portal	unsuitable	0	No
ZOSWUNAJRAEGEW-YTIGDUPRSA-N	Chemical Probes Portal	pains	0	No
ZOSWUNAJRAEGEW-YTIGDUPRSA-N	Chemical Probes Portal	toxicophore	0	Yes
ZOSWUNAJRAEGEW-YTIGDUPRSA-N	Chemical Probes Portal	published_date	0	2024-07-10
ZOSWUNAJRAEGEW-YTIGDUPRSA-N	Chemical Probes Portal	canSAR_ID	0	7380061
ZOSWUNAJRAEGEW-YTIGDUPRSA-N	Chemical Probes Portal	url	0	https://www.chemicalprobes.org/yx862
CSTHTJLTORVUST-UHFFFAOYSA-N	Chemical Probes Portal	rating_in_cell	0	3
CSTHTJLTORVUST-UHFFFAOYSA-N	Chemical Probes Portal	rating_in_organism	0	0
CSTHTJLTORVUST-UHFFFAOYSA-N	Chemical Probes Portal	rating_count	0	2
CSTHTJLTORVUST-UHFFFAOYSA-N	Chemical Probes Portal	unsuitable	0	No
CSTHTJLTORVUST-UHFFFAOYSA-N	Chemical Probes Portal	pains	0	No
CSTHTJLTORVUST-UHFFFAOYSA-N	Chemical Probes Portal	toxicophore	0	No
CSTHTJLTORVUST-UHFFFAOYSA-N	Chemical Probes Portal	published_date	0	2025-04-30
CSTHTJLTORVUST-UHFFFAOYSA-N	Chemical Probes Portal	canSAR_ID	0	7437501
CSTHTJLTORVUST-UHFFFAOYSA-N	Chemical Probes Portal	url	0	https://www.chemicalprobes.org/unc8732
ZGSWGXNEXAXEGV-XFCHVEHOSA-N	Chemical Probes Portal	rating_in_cell	0	3.5
ZGSWGXNEXAXEGV-XFCHVEHOSA-N	Chemical Probes Portal	rating_in_organism	0	4
ZGSWGXNEXAXEGV-XFCHVEHOSA-N	Chemical Probes Portal	rating_count	0	2
ZGSWGXNEXAXEGV-XFCHVEHOSA-N	Chemical Probes Portal	unsuitable	0	No
ZGSWGXNEXAXEGV-XFCHVEHOSA-N	Chemical Probes Portal	pains	0	No
ZGSWGXNEXAXEGV-XFCHVEHOSA-N	Chemical Probes Portal	toxicophore	0	No
ZGSWGXNEXAXEGV-XFCHVEHOSA-N	Chemical Probes Portal	published_date	0	2025-12-22
ZGSWGXNEXAXEGV-XFCHVEHOSA-N	Chemical Probes Portal	canSAR_ID	0	3932923
ZGSWGXNEXAXEGV-XFCHVEHOSA-N	Chemical Probes Portal	url	0	https://www.chemicalprobes.org/gsk215
PPNNFXIBKLCMTI-WXEAQWFJSA-N	Chemical Probes Portal	rating_in_cell	0	3.3333333333333335
PPNNFXIBKLCMTI-WXEAQWFJSA-N	Chemical Probes Portal	rating_in_organism	0	0
PPNNFXIBKLCMTI-WXEAQWFJSA-N	Chemical Probes Portal	rating_count	0	3
PPNNFXIBKLCMTI-WXEAQWFJSA-N	Chemical Probes Portal	unsuitable	0	No
PPNNFXIBKLCMTI-WXEAQWFJSA-N	Chemical Probes Portal	pains	0	No
PPNNFXIBKLCMTI-WXEAQWFJSA-N	Chemical Probes Portal	toxicophore	0	No
PPNNFXIBKLCMTI-WXEAQWFJSA-N	Chemical Probes Portal	published_date	0	2022-03-08
PPNNFXIBKLCMTI-WXEAQWFJSA-N	Chemical Probes Portal	canSAR_ID	0	3313753
PPNNFXIBKLCMTI-WXEAQWFJSA-N	Chemical Probes Portal	url	0	https://www.chemicalprobes.org/unc6852
DLQNQQYGRWMPES-LFHXKVDGSA-N	Chemical Probes Portal	rating_in_cell	0	3
DLQNQQYGRWMPES-LFHXKVDGSA-N	Chemical Probes Portal	rating_in_organism	0	4
DLQNQQYGRWMPES-LFHXKVDGSA-N	Chemical Probes Portal	rating_count	0	1
DLQNQQYGRWMPES-LFHXKVDGSA-N	Chemical Probes Portal	unsuitable	0	No
DLQNQQYGRWMPES-LFHXKVDGSA-N	Chemical Probes Portal	pains	0	No
DLQNQQYGRWMPES-LFHXKVDGSA-N	Chemical Probes Portal	toxicophore	0	No
DLQNQQYGRWMPES-LFHXKVDGSA-N	Chemical Probes Portal	published_date	0	2025-06-22
DLQNQQYGRWMPES-LFHXKVDGSA-N	Chemical Probes Portal	canSAR_ID	0	7437508
DLQNQQYGRWMPES-LFHXKVDGSA-N	Chemical Probes Portal	url	0	https://www.chemicalprobes.org/aph02174
IPNTVOAQOGRLQB-JJMBTQCASA-N	Chemical Probes Portal	rating_in_cell	0	2.5
IPNTVOAQOGRLQB-JJMBTQCASA-N	Chemical Probes Portal	rating_in_organism	0	0
IPNTVOAQOGRLQB-JJMBTQCASA-N	Chemical Probes Portal	rating_count	0	2
IPNTVOAQOGRLQB-JJMBTQCASA-N	Chemical Probes Portal	unsuitable	0	No
IPNTVOAQOGRLQB-JJMBTQCASA-N	Chemical Probes Portal	pains	0	No
IPNTVOAQOGRLQB-JJMBTQCASA-N	Chemical Probes Portal	toxicophore	0	No
IPNTVOAQOGRLQB-JJMBTQCASA-N	Chemical Probes Portal	published_date	0	2022-03-08
IPNTVOAQOGRLQB-JJMBTQCASA-N	Chemical Probes Portal	canSAR_ID	0	3161206
IPNTVOAQOGRLQB-JJMBTQCASA-N	Chemical Probes Portal	url	0	https://www.chemicalprobes.org/a1874
IVARZBJJMMUJHI-SQKKEFIPSA-N	Chemical Probes Portal	rating_in_cell	0	3.6666666666666665
IVARZBJJMMUJHI-SQKKEFIPSA-N	Chemical Probes Portal	rating_in_organism	0	0
IVARZBJJMMUJHI-SQKKEFIPSA-N	Chemical Probes Portal	rating_count	0	3
IVARZBJJMMUJHI-SQKKEFIPSA-N	Chemical Probes Portal	unsuitable	0	No
IVARZBJJMMUJHI-SQKKEFIPSA-N	Chemical Probes Portal	pains	0	No
IVARZBJJMMUJHI-SQKKEFIPSA-N	Chemical Probes Portal	toxicophore	0	Yes
IVARZBJJMMUJHI-SQKKEFIPSA-N	Chemical Probes Portal	published_date	0	2021-11-04
IVARZBJJMMUJHI-SQKKEFIPSA-N	Chemical Probes Portal	canSAR_ID	0	3312896
IVARZBJJMMUJHI-SQKKEFIPSA-N	Chemical Probes Portal	url	0	https://www.chemicalprobes.org/acbi1
OGAOHACYLUBWJQ-UHFFFAOYSA-N	Chemical Probes Portal	rating_in_cell	0	4
OGAOHACYLUBWJQ-UHFFFAOYSA-N	Chemical Probes Portal	rating_in_organism	0	3.5
OGAOHACYLUBWJQ-UHFFFAOYSA-N	Chemical Probes Portal	rating_count	0	2
OGAOHACYLUBWJQ-UHFFFAOYSA-N	Chemical Probes Portal	unsuitable	0	No
OGAOHACYLUBWJQ-UHFFFAOYSA-N	Chemical Probes Portal	pains	0	No
OGAOHACYLUBWJQ-UHFFFAOYSA-N	Chemical Probes Portal	toxicophore	0	No
OGAOHACYLUBWJQ-UHFFFAOYSA-N	Chemical Probes Portal	published_date	0	2022-03-08
OGAOHACYLUBWJQ-UHFFFAOYSA-N	Chemical Probes Portal	canSAR_ID	0	3314930
OGAOHACYLUBWJQ-UHFFFAOYSA-N	Chemical Probes Portal	url	0	https://www.chemicalprobes.org/siais001
QGJQNPNZAYRDMS-OESUUHGFSA-N	Chemical Probes Portal	rating_in_cell	0	3
QGJQNPNZAYRDMS-OESUUHGFSA-N	Chemical Probes Portal	rating_in_organism	0	0
QGJQNPNZAYRDMS-OESUUHGFSA-N	Chemical Probes Portal	rating_count	0	2
QGJQNPNZAYRDMS-OESUUHGFSA-N	Chemical Probes Portal	unsuitable	0	No
QGJQNPNZAYRDMS-OESUUHGFSA-N	Chemical Probes Portal	pains	0	No
QGJQNPNZAYRDMS-OESUUHGFSA-N	Chemical Probes Portal	toxicophore	0	No
QGJQNPNZAYRDMS-OESUUHGFSA-N	Chemical Probes Portal	published_date	0	2023-12-21
QGJQNPNZAYRDMS-OESUUHGFSA-N	Chemical Probes Portal	canSAR_ID	0	4199073
QGJQNPNZAYRDMS-OESUUHGFSA-N	Chemical Probes Portal	url	0	https://www.chemicalprobes.org/ppm-3
USEHXUPBCSTAIO-RAUDMRIHSA-N	Chemical Probes Portal	rating_in_cell	0	4
USEHXUPBCSTAIO-RAUDMRIHSA-N	Chemical Probes Portal	rating_in_organism	0	4
USEHXUPBCSTAIO-RAUDMRIHSA-N	Chemical Probes Portal	rating_count	0	2
USEHXUPBCSTAIO-RAUDMRIHSA-N	Chemical Probes Portal	unsuitable	0	No
USEHXUPBCSTAIO-RAUDMRIHSA-N	Chemical Probes Portal	pains	0	No
USEHXUPBCSTAIO-RAUDMRIHSA-N	Chemical Probes Portal	toxicophore	0	No
USEHXUPBCSTAIO-RAUDMRIHSA-N	Chemical Probes Portal	published_date	0	2024-07-16
USEHXUPBCSTAIO-RAUDMRIHSA-N	Chemical Probes Portal	canSAR_ID	0	7404784
USEHXUPBCSTAIO-RAUDMRIHSA-N	Chemical Probes Portal	url	0	https://www.chemicalprobes.org/jwz-5-13
BOMRVPKXCINUMI-ZEGZQYLTSA-N	Chemical Probes Portal	rating_in_cell	0	4
BOMRVPKXCINUMI-ZEGZQYLTSA-N	Chemical Probes Portal	rating_in_organism	0	0
BOMRVPKXCINUMI-ZEGZQYLTSA-N	Chemical Probes Portal	rating_count	0	2
BOMRVPKXCINUMI-ZEGZQYLTSA-N	Chemical Probes Portal	unsuitable	0	No
BOMRVPKXCINUMI-ZEGZQYLTSA-N	Chemical Probes Portal	pains	0	No
BOMRVPKXCINUMI-ZEGZQYLTSA-N	Chemical Probes Portal	toxicophore	0	Yes
BOMRVPKXCINUMI-ZEGZQYLTSA-N	Chemical Probes Portal	published_date	0	2025-12-22
BOMRVPKXCINUMI-ZEGZQYLTSA-N	Chemical Probes Portal	canSAR_ID	0	7159088
BOMRVPKXCINUMI-ZEGZQYLTSA-N	Chemical Probes Portal	url	0	https://www.chemicalprobes.org/ak-1690
DOVSNSDMRJVTMR-JOCHJYFZSA-N	Chemical Probes Portal	rating_in_cell	0	4
DOVSNSDMRJVTMR-JOCHJYFZSA-N	Chemical Probes Portal	rating_in_organism	0	3.3333333333333335
DOVSNSDMRJVTMR-JOCHJYFZSA-N	Chemical Probes Portal	rating_count	0	3
DOVSNSDMRJVTMR-JOCHJYFZSA-N	Chemical Probes Portal	unsuitable	0	No
DOVSNSDMRJVTMR-JOCHJYFZSA-N	Chemical Probes Portal	pains	0	No
DOVSNSDMRJVTMR-JOCHJYFZSA-N	Chemical Probes Portal	toxicophore	0	No
DOVSNSDMRJVTMR-JOCHJYFZSA-N	Chemical Probes Portal	published_date	0	2023-05-17
DOVSNSDMRJVTMR-JOCHJYFZSA-N	Chemical Probes Portal	canSAR_ID	0	751766
DOVSNSDMRJVTMR-JOCHJYFZSA-N	Chemical Probes Portal	url	0	https://www.chemicalprobes.org/bi-5524
WFVKDTWKNVLGGS-UHFFFAOYSA-N	Chemical Probes Portal	rating_in_cell	0	4
WFVKDTWKNVLGGS-UHFFFAOYSA-N	Chemical Probes Portal	rating_in_organism	0	3
WFVKDTWKNVLGGS-UHFFFAOYSA-N	Chemical Probes Portal	rating_count	0	1
WFVKDTWKNVLGGS-UHFFFAOYSA-N	Chemical Probes Portal	unsuitable	0	No
WFVKDTWKNVLGGS-UHFFFAOYSA-N	Chemical Probes Portal	pains	0	No
WFVKDTWKNVLGGS-UHFFFAOYSA-N	Chemical Probes Portal	toxicophore	0	Yes
WFVKDTWKNVLGGS-UHFFFAOYSA-N	Chemical Probes Portal	published_date	0	2025-01-22
WFVKDTWKNVLGGS-UHFFFAOYSA-N	Chemical Probes Portal	canSAR_ID	0	7437492
WFVKDTWKNVLGGS-UHFFFAOYSA-N	Chemical Probes Portal	url	0	https://www.chemicalprobes.org/bsj-05-37
JTTGVFCANBFLCE-CJLVFECKSA-N	Chemical Probes Portal	rating_in_cell	0	3
JTTGVFCANBFLCE-CJLVFECKSA-N	Chemical Probes Portal	rating_in_organism	0	0
JTTGVFCANBFLCE-CJLVFECKSA-N	Chemical Probes Portal	rating_count	0	1
JTTGVFCANBFLCE-CJLVFECKSA-N	Chemical Probes Portal	unsuitable	0	No
JTTGVFCANBFLCE-CJLVFECKSA-N	Chemical Probes Portal	pains	0	No
JTTGVFCANBFLCE-CJLVFECKSA-N	Chemical Probes Portal	toxicophore	0	Yes
JTTGVFCANBFLCE-CJLVFECKSA-N	Chemical Probes Portal	published_date	0	2025-01-22
JTTGVFCANBFLCE-CJLVFECKSA-N	Chemical Probes Portal	canSAR_ID	0	7019366
JTTGVFCANBFLCE-CJLVFECKSA-N	Chemical Probes Portal	url	0	https://www.chemicalprobes.org/siais630121
AYMGZLUKTNXEMY-UHFFFAOYSA-N	Chemical Probes Portal	rating_in_cell	0	2
AYMGZLUKTNXEMY-UHFFFAOYSA-N	Chemical Probes Portal	rating_in_organism	0	2
AYMGZLUKTNXEMY-UHFFFAOYSA-N	Chemical Probes Portal	rating_count	0	1
AYMGZLUKTNXEMY-UHFFFAOYSA-N	Chemical Probes Portal	unsuitable	0	No
AYMGZLUKTNXEMY-UHFFFAOYSA-N	Chemical Probes Portal	pains	0	No
AYMGZLUKTNXEMY-UHFFFAOYSA-N	Chemical Probes Portal	toxicophore	0	Yes
AYMGZLUKTNXEMY-UHFFFAOYSA-N	Chemical Probes Portal	published_date	0	2022-03-08
AYMGZLUKTNXEMY-UHFFFAOYSA-N	Chemical Probes Portal	canSAR_ID	0	996893
AYMGZLUKTNXEMY-UHFFFAOYSA-N	Chemical Probes Portal	url	0	https://www.chemicalprobes.org/ms4078
ROINLDWZNWCWJK-ZYIHSGTPSA-N	Chemical Probes Portal	rating_in_cell	0	4
ROINLDWZNWCWJK-ZYIHSGTPSA-N	Chemical Probes Portal	rating_in_organism	0	0
ROINLDWZNWCWJK-ZYIHSGTPSA-N	Chemical Probes Portal	rating_count	0	2
ROINLDWZNWCWJK-ZYIHSGTPSA-N	Chemical Probes Portal	unsuitable	0	No
ROINLDWZNWCWJK-ZYIHSGTPSA-N	Chemical Probes Portal	pains	0	No
ROINLDWZNWCWJK-ZYIHSGTPSA-N	Chemical Probes Portal	toxicophore	0	No
ROINLDWZNWCWJK-ZYIHSGTPSA-N	Chemical Probes Portal	published_date	0	2025-12-22
ROINLDWZNWCWJK-ZYIHSGTPSA-N	Chemical Probes Portal	canSAR_ID	0	7019194
ROINLDWZNWCWJK-ZYIHSGTPSA-N	Chemical Probes Portal	url	0	https://www.chemicalprobes.org/sk2188
ZJJZBBBSQKVNHL-BYBNZYMESA-N	Chemical Probes Portal	rating_in_cell	0	3.3333333333333335
ZJJZBBBSQKVNHL-BYBNZYMESA-N	Chemical Probes Portal	rating_in_organism	0	0
ZJJZBBBSQKVNHL-BYBNZYMESA-N	Chemical Probes Portal	rating_count	0	3
ZJJZBBBSQKVNHL-BYBNZYMESA-N	Chemical Probes Portal	unsuitable	0	No
ZJJZBBBSQKVNHL-BYBNZYMESA-N	Chemical Probes Portal	pains	0	No
ZJJZBBBSQKVNHL-BYBNZYMESA-N	Chemical Probes Portal	toxicophore	0	Yes
ZJJZBBBSQKVNHL-BYBNZYMESA-N	Chemical Probes Portal	published_date	0	2022-02-25
ZJJZBBBSQKVNHL-BYBNZYMESA-N	Chemical Probes Portal	canSAR_ID	0	3314137
ZJJZBBBSQKVNHL-BYBNZYMESA-N	Chemical Probes Portal	url	0	https://www.chemicalprobes.org/ir-2
BOXPLNRWIHHHBO-CHCOZFFLSA-N	Chemical Probes Portal	rating_in_cell	0	4
BOXPLNRWIHHHBO-CHCOZFFLSA-N	Chemical Probes Portal	rating_in_organism	0	0
BOXPLNRWIHHHBO-CHCOZFFLSA-N	Chemical Probes Portal	rating_count	0	3
BOXPLNRWIHHHBO-CHCOZFFLSA-N	Chemical Probes Portal	unsuitable	0	No
BOXPLNRWIHHHBO-CHCOZFFLSA-N	Chemical Probes Portal	pains	0	No
BOXPLNRWIHHHBO-CHCOZFFLSA-N	Chemical Probes Portal	toxicophore	0	No
BOXPLNRWIHHHBO-CHCOZFFLSA-N	Chemical Probes Portal	published_date	0	2024-01-18
BOXPLNRWIHHHBO-CHCOZFFLSA-N	Chemical Probes Portal	canSAR_ID	0	4199068
BOXPLNRWIHHHBO-CHCOZFFLSA-N	Chemical Probes Portal	url	0	https://www.chemicalprobes.org/iny-06-061
INXGMIWEZJNJOA-NVZKIFIHSA-N	Chemical Probes Portal	rating_in_cell	0	1.5
INXGMIWEZJNJOA-NVZKIFIHSA-N	Chemical Probes Portal	rating_in_organism	0	0
INXGMIWEZJNJOA-NVZKIFIHSA-N	Chemical Probes Portal	rating_count	0	2
INXGMIWEZJNJOA-NVZKIFIHSA-N	Chemical Probes Portal	unsuitable	0	No
INXGMIWEZJNJOA-NVZKIFIHSA-N	Chemical Probes Portal	pains	0	No
INXGMIWEZJNJOA-NVZKIFIHSA-N	Chemical Probes Portal	toxicophore	0	Yes
INXGMIWEZJNJOA-NVZKIFIHSA-N	Chemical Probes Portal	published_date	0	2024-11-15
INXGMIWEZJNJOA-NVZKIFIHSA-N	Chemical Probes Portal	canSAR_ID	0	3314725
INXGMIWEZJNJOA-NVZKIFIHSA-N	Chemical Probes Portal	url	0	https://www.chemicalprobes.org/xz9002
RTNONCBKGZNCJS-LJLQSONVSA-N	Chemical Probes Portal	rating_in_cell	0	2.5
RTNONCBKGZNCJS-LJLQSONVSA-N	Chemical Probes Portal	rating_in_organism	0	0
RTNONCBKGZNCJS-LJLQSONVSA-N	Chemical Probes Portal	rating_count	0	2
RTNONCBKGZNCJS-LJLQSONVSA-N	Chemical Probes Portal	unsuitable	0	No
RTNONCBKGZNCJS-LJLQSONVSA-N	Chemical Probes Portal	pains	0	No
RTNONCBKGZNCJS-LJLQSONVSA-N	Chemical Probes Portal	toxicophore	0	No
RTNONCBKGZNCJS-LJLQSONVSA-N	Chemical Probes Portal	published_date	0	2020-11-30
RTNONCBKGZNCJS-LJLQSONVSA-N	Chemical Probes Portal	canSAR_ID	0	3143012
RTNONCBKGZNCJS-LJLQSONVSA-N	Chemical Probes Portal	url	0	https://www.chemicalprobes.org/ard-266
DUPAJELXESPTNF-PPZGWQTASA-N	Chemical Probes Portal	rating_in_cell	0	3
DUPAJELXESPTNF-PPZGWQTASA-N	Chemical Probes Portal	rating_in_organism	0	0
DUPAJELXESPTNF-PPZGWQTASA-N	Chemical Probes Portal	rating_count	0	2
DUPAJELXESPTNF-PPZGWQTASA-N	Chemical Probes Portal	unsuitable	0	No
DUPAJELXESPTNF-PPZGWQTASA-N	Chemical Probes Portal	pains	0	No
DUPAJELXESPTNF-PPZGWQTASA-N	Chemical Probes Portal	toxicophore	0	Yes
DUPAJELXESPTNF-PPZGWQTASA-N	Chemical Probes Portal	published_date	0	2020-11-30
DUPAJELXESPTNF-PPZGWQTASA-N	Chemical Probes Portal	canSAR_ID	0	3199231
DUPAJELXESPTNF-PPZGWQTASA-N	Chemical Probes Portal	url	0	https://www.chemicalprobes.org/arcc-4
SWVYYNLRVIYURK-AREMUKBSSA-N	Chemical Probes Portal	rating_in_cell	0	2
SWVYYNLRVIYURK-AREMUKBSSA-N	Chemical Probes Portal	rating_in_organism	0	2
SWVYYNLRVIYURK-AREMUKBSSA-N	Chemical Probes Portal	rating_count	0	1
SWVYYNLRVIYURK-AREMUKBSSA-N	Chemical Probes Portal	unsuitable	0	No
SWVYYNLRVIYURK-AREMUKBSSA-N	Chemical Probes Portal	pains	0	No
SWVYYNLRVIYURK-AREMUKBSSA-N	Chemical Probes Portal	toxicophore	0	No
SWVYYNLRVIYURK-AREMUKBSSA-N	Chemical Probes Portal	published_date	0	2024-10-18
SWVYYNLRVIYURK-AREMUKBSSA-N	Chemical Probes Portal	canSAR_ID	0	3597797
SWVYYNLRVIYURK-AREMUKBSSA-N	Chemical Probes Portal	url	0	https://www.chemicalprobes.org/fidrisertib
AAZUPSFRSHFTGV-INIZCTEOSA-N	Chemical Probes Portal	rating_in_cell	0	4
AAZUPSFRSHFTGV-INIZCTEOSA-N	Chemical Probes Portal	rating_in_organism	0	4
AAZUPSFRSHFTGV-INIZCTEOSA-N	Chemical Probes Portal	rating_count	0	2
AAZUPSFRSHFTGV-INIZCTEOSA-N	Chemical Probes Portal	unsuitable	0	No
AAZUPSFRSHFTGV-INIZCTEOSA-N	Chemical Probes Portal	pains	0	No
AAZUPSFRSHFTGV-INIZCTEOSA-N	Chemical Probes Portal	toxicophore	0	No
AAZUPSFRSHFTGV-INIZCTEOSA-N	Chemical Probes Portal	published_date	0	2021-05-26
AAZUPSFRSHFTGV-INIZCTEOSA-N	Chemical Probes Portal	canSAR_ID	0	3313086
AAZUPSFRSHFTGV-INIZCTEOSA-N	Chemical Probes Portal	url	0	https://www.chemicalprobes.org/vt104
LLCVDQHLYHBAHR-UHFFFAOYSA-N	Chemical Probes Portal	rating_in_cell	0	3
LLCVDQHLYHBAHR-UHFFFAOYSA-N	Chemical Probes Portal	rating_in_organism	0	3
LLCVDQHLYHBAHR-UHFFFAOYSA-N	Chemical Probes Portal	rating_count	0	3
LLCVDQHLYHBAHR-UHFFFAOYSA-N	Chemical Probes Portal	unsuitable	0	No
LLCVDQHLYHBAHR-UHFFFAOYSA-N	Chemical Probes Portal	pains	0	No
LLCVDQHLYHBAHR-UHFFFAOYSA-N	Chemical Probes Portal	toxicophore	0	No
LLCVDQHLYHBAHR-UHFFFAOYSA-N	Chemical Probes Portal	published_date	0	2021-05-26
LLCVDQHLYHBAHR-UHFFFAOYSA-N	Chemical Probes Portal	canSAR_ID	0	3313087
LLCVDQHLYHBAHR-UHFFFAOYSA-N	Chemical Probes Portal	url	0	https://www.chemicalprobes.org/vt103
JALIPZPFONOAJA-ZKGBLMBJSA-N	Chemical Probes Portal	rating_in_cell	0	4
JALIPZPFONOAJA-ZKGBLMBJSA-N	Chemical Probes Portal	rating_in_organism	0	4
JALIPZPFONOAJA-ZKGBLMBJSA-N	Chemical Probes Portal	rating_count	0	1
JALIPZPFONOAJA-ZKGBLMBJSA-N	Chemical Probes Portal	unsuitable	0	No
JALIPZPFONOAJA-ZKGBLMBJSA-N	Chemical Probes Portal	pains	0	No
JALIPZPFONOAJA-ZKGBLMBJSA-N	Chemical Probes Portal	toxicophore	0	No
JALIPZPFONOAJA-ZKGBLMBJSA-N	Chemical Probes Portal	published_date	0	2026-02-22
JALIPZPFONOAJA-ZKGBLMBJSA-N	Chemical Probes Portal	canSAR_ID	0	
JALIPZPFONOAJA-ZKGBLMBJSA-N	Chemical Probes Portal	url	0	https://www.chemicalprobes.org/bms-986458
JALIPZPFONOAJA-ZKGBLMBJSA-N	PubChem	structure_source	0	pubchem:name:BMS-986458
XJTIGGCBXFIZJV-UHFFFAOYSA-N	Chemical Probes Portal	rating_in_cell	0	3
XJTIGGCBXFIZJV-UHFFFAOYSA-N	Chemical Probes Portal	rating_in_organism	0	4
XJTIGGCBXFIZJV-UHFFFAOYSA-N	Chemical Probes Portal	rating_count	0	1
XJTIGGCBXFIZJV-UHFFFAOYSA-N	Chemical Probes Portal	unsuitable	0	No
XJTIGGCBXFIZJV-UHFFFAOYSA-N	Chemical Probes Portal	pains	0	No
XJTIGGCBXFIZJV-UHFFFAOYSA-N	Chemical Probes Portal	toxicophore	0	No
XJTIGGCBXFIZJV-UHFFFAOYSA-N	Chemical Probes Portal	published_date	0	2026-01-28
XJTIGGCBXFIZJV-UHFFFAOYSA-N	Chemical Probes Portal	canSAR_ID	0	219422
XJTIGGCBXFIZJV-UHFFFAOYSA-N	Chemical Probes Portal	url	0	https://www.chemicalprobes.org/vps34-in-4
UCGWYCMPZXDHNR-UHFFFAOYSA-N	Chemical Probes Portal	rating_in_cell	0	2
UCGWYCMPZXDHNR-UHFFFAOYSA-N	Chemical Probes Portal	rating_in_organism	0	0
UCGWYCMPZXDHNR-UHFFFAOYSA-N	Chemical Probes Portal	rating_count	0	1
UCGWYCMPZXDHNR-UHFFFAOYSA-N	Chemical Probes Portal	unsuitable	0	No
UCGWYCMPZXDHNR-UHFFFAOYSA-N	Chemical Probes Portal	pains	0	No
UCGWYCMPZXDHNR-UHFFFAOYSA-N	Chemical Probes Portal	toxicophore	0	No
UCGWYCMPZXDHNR-UHFFFAOYSA-N	Chemical Probes Portal	published_date	0	2017-07-19
UCGWYCMPZXDHNR-UHFFFAOYSA-N	Chemical Probes Portal	canSAR_ID	0	445749
UCGWYCMPZXDHNR-UHFFFAOYSA-N	Chemical Probes Portal	url	0	https://www.chemicalprobes.org/brd4770
ZORLJXWXFABTPZ-CTNGQTDRSA-N	Chemical Probes Portal	rating_in_cell	0	4
ZORLJXWXFABTPZ-CTNGQTDRSA-N	Chemical Probes Portal	rating_in_organism	0	4
ZORLJXWXFABTPZ-CTNGQTDRSA-N	Chemical Probes Portal	rating_count	0	1
ZORLJXWXFABTPZ-CTNGQTDRSA-N	Chemical Probes Portal	unsuitable	0	No
ZORLJXWXFABTPZ-CTNGQTDRSA-N	Chemical Probes Portal	pains	0	No
ZORLJXWXFABTPZ-CTNGQTDRSA-N	Chemical Probes Portal	toxicophore	0	No
ZORLJXWXFABTPZ-CTNGQTDRSA-N	Chemical Probes Portal	published_date	0	2022-02-10
ZORLJXWXFABTPZ-CTNGQTDRSA-N	Chemical Probes Portal	canSAR_ID	0	2927349
ZORLJXWXFABTPZ-CTNGQTDRSA-N	Chemical Probes Portal	url	0	https://www.chemicalprobes.org/gsk778
ZZWWXIBKLBMSCS-FQEVSTJZSA-N	Chemical Probes Portal	rating_in_cell	0	4
ZZWWXIBKLBMSCS-FQEVSTJZSA-N	Chemical Probes Portal	rating_in_organism	0	4
ZZWWXIBKLBMSCS-FQEVSTJZSA-N	Chemical Probes Portal	rating_count	0	1
ZZWWXIBKLBMSCS-FQEVSTJZSA-N	Chemical Probes Portal	unsuitable	0	No
ZZWWXIBKLBMSCS-FQEVSTJZSA-N	Chemical Probes Portal	pains	0	No
ZZWWXIBKLBMSCS-FQEVSTJZSA-N	Chemical Probes Portal	toxicophore	0	No
ZZWWXIBKLBMSCS-FQEVSTJZSA-N	Chemical Probes Portal	published_date	0	2026-02-13
ZZWWXIBKLBMSCS-FQEVSTJZSA-N	Chemical Probes Portal	canSAR_ID	0	829567
ZZWWXIBKLBMSCS-FQEVSTJZSA-N	Chemical Probes Portal	url	0	https://www.chemicalprobes.org/firsocostat
UVVQLQQNGHYTOL-JIVXZRRKSA-N	Chemical Probes Portal	rating_in_cell	0	3
UVVQLQQNGHYTOL-JIVXZRRKSA-N	Chemical Probes Portal	rating_in_organism	0	0
UVVQLQQNGHYTOL-JIVXZRRKSA-N	Chemical Probes Portal	rating_count	0	2
UVVQLQQNGHYTOL-JIVXZRRKSA-N	Chemical Probes Portal	unsuitable	0	No
UVVQLQQNGHYTOL-JIVXZRRKSA-N	Chemical Probes Portal	pains	0	No
UVVQLQQNGHYTOL-JIVXZRRKSA-N	Chemical Probes Portal	toxicophore	0	No
UVVQLQQNGHYTOL-JIVXZRRKSA-N	Chemical Probes Portal	published_date	0	2026-01-23
UVVQLQQNGHYTOL-JIVXZRRKSA-N	Chemical Probes Portal	canSAR_ID	0	3314364
UVVQLQQNGHYTOL-JIVXZRRKSA-N	Chemical Probes Portal	url	0	https://www.chemicalprobes.org/bi-0319
FQWDVNSBYDXPIO-CQSZACIVSA-N	Chemical Probes Portal	rating_in_cell	0	4
FQWDVNSBYDXPIO-CQSZACIVSA-N	Chemical Probes Portal	rating_in_organism	0	3
FQWDVNSBYDXPIO-CQSZACIVSA-N	Chemical Probes Portal	rating_count	0	1
FQWDVNSBYDXPIO-CQSZACIVSA-N	Chemical Probes Portal	unsuitable	0	No
FQWDVNSBYDXPIO-CQSZACIVSA-N	Chemical Probes Portal	pains	0	No
FQWDVNSBYDXPIO-CQSZACIVSA-N	Chemical Probes Portal	toxicophore	0	No
FQWDVNSBYDXPIO-CQSZACIVSA-N	Chemical Probes Portal	published_date	0	2023-02-13
FQWDVNSBYDXPIO-CQSZACIVSA-N	Chemical Probes Portal	canSAR_ID	0	308757
FQWDVNSBYDXPIO-CQSZACIVSA-N	Chemical Probes Portal	url	0	https://www.chemicalprobes.org/gsk6853
BASFYRLYJAZPPL-UONOGXRCSA-N	Chemical Probes Portal	rating_in_cell	0	3
BASFYRLYJAZPPL-UONOGXRCSA-N	Chemical Probes Portal	rating_in_organism	0	1
BASFYRLYJAZPPL-UONOGXRCSA-N	Chemical Probes Portal	rating_count	0	1
BASFYRLYJAZPPL-UONOGXRCSA-N	Chemical Probes Portal	unsuitable	0	No
BASFYRLYJAZPPL-UONOGXRCSA-N	Chemical Probes Portal	pains	0	No
BASFYRLYJAZPPL-UONOGXRCSA-N	Chemical Probes Portal	toxicophore	0	No
BASFYRLYJAZPPL-UONOGXRCSA-N	Chemical Probes Portal	published_date	0	2015-11-12
BASFYRLYJAZPPL-UONOGXRCSA-N	Chemical Probes Portal	canSAR_ID	0	68218
BASFYRLYJAZPPL-UONOGXRCSA-N	Chemical Probes Portal	url	0	https://www.chemicalprobes.org/gsk-lsd1
UJDFQDPAVQIQLB-UHFFFAOYSA-N	Chemical Probes Portal	rating_in_cell	0	4
UJDFQDPAVQIQLB-UHFFFAOYSA-N	Chemical Probes Portal	rating_in_organism	0	0
UJDFQDPAVQIQLB-UHFFFAOYSA-N	Chemical Probes Portal	rating_count	0	2
UJDFQDPAVQIQLB-UHFFFAOYSA-N	Chemical Probes Portal	unsuitable	0	No
UJDFQDPAVQIQLB-UHFFFAOYSA-N	Chemical Probes Portal	pains	0	No
UJDFQDPAVQIQLB-UHFFFAOYSA-N	Chemical Probes Portal	toxicophore	0	No
UJDFQDPAVQIQLB-UHFFFAOYSA-N	Chemical Probes Portal	published_date	0	2025-09-18
UJDFQDPAVQIQLB-UHFFFAOYSA-N	Chemical Probes Portal	canSAR_ID	0	7437523
UJDFQDPAVQIQLB-UHFFFAOYSA-N	Chemical Probes Portal	url	0	https://www.chemicalprobes.org/thnan69
FHRKRGDHMCCDEO-LLVKDONJSA-N	Chemical Probes Portal	rating_in_cell	0	3
FHRKRGDHMCCDEO-LLVKDONJSA-N	Chemical Probes Portal	rating_in_organism	0	0
FHRKRGDHMCCDEO-LLVKDONJSA-N	Chemical Probes Portal	rating_count	0	1
FHRKRGDHMCCDEO-LLVKDONJSA-N	Chemical Probes Portal	unsuitable	0	No
FHRKRGDHMCCDEO-LLVKDONJSA-N	Chemical Probes Portal	pains	0	No
FHRKRGDHMCCDEO-LLVKDONJSA-N	Chemical Probes Portal	toxicophore	0	No
FHRKRGDHMCCDEO-LLVKDONJSA-N	Chemical Probes Portal	published_date	0	2023-12-22
FHRKRGDHMCCDEO-LLVKDONJSA-N	Chemical Probes Portal	canSAR_ID	0	3059884
FHRKRGDHMCCDEO-LLVKDONJSA-N	Chemical Probes Portal	url	0	https://www.chemicalprobes.org/gne-064
QNZYMVMEVWRUCW-UHFFFAOYSA-N	Chemical Probes Portal	rating_in_cell	0	3
QNZYMVMEVWRUCW-UHFFFAOYSA-N	Chemical Probes Portal	rating_in_organism	0	0
QNZYMVMEVWRUCW-UHFFFAOYSA-N	Chemical Probes Portal	rating_count	0	2
QNZYMVMEVWRUCW-UHFFFAOYSA-N	Chemical Probes Portal	unsuitable	0	No
QNZYMVMEVWRUCW-UHFFFAOYSA-N	Chemical Probes Portal	pains	0	No
QNZYMVMEVWRUCW-UHFFFAOYSA-N	Chemical Probes Portal	toxicophore	0	No
QNZYMVMEVWRUCW-UHFFFAOYSA-N	Chemical Probes Portal	published_date	0	2025-09-18
QNZYMVMEVWRUCW-UHFFFAOYSA-N	Chemical Probes Portal	canSAR_ID	0	7437522
QNZYMVMEVWRUCW-UHFFFAOYSA-N	Chemical Probes Portal	url	0	https://www.chemicalprobes.org/rw-78
QRYISIPABXJVOQ-AWEZNQCLSA-N	Chemical Probes Portal	rating_in_cell	0	2
QRYISIPABXJVOQ-AWEZNQCLSA-N	Chemical Probes Portal	rating_in_organism	0	3
QRYISIPABXJVOQ-AWEZNQCLSA-N	Chemical Probes Portal	rating_count	0	1
QRYISIPABXJVOQ-AWEZNQCLSA-N	Chemical Probes Portal	unsuitable	0	No
QRYISIPABXJVOQ-AWEZNQCLSA-N	Chemical Probes Portal	pains	0	No
QRYISIPABXJVOQ-AWEZNQCLSA-N	Chemical Probes Portal	toxicophore	0	No
QRYISIPABXJVOQ-AWEZNQCLSA-N	Chemical Probes Portal	published_date	0	2025-03-17
QRYISIPABXJVOQ-AWEZNQCLSA-N	Chemical Probes Portal	canSAR_ID	0	7047821
QRYISIPABXJVOQ-AWEZNQCLSA-N	Chemical Probes Portal	url	0	https://www.chemicalprobes.org/tdi-11055
UEUNDURNLYLSNB-HOTGVXAUSA-N	Chemical Probes Portal	rating_in_cell	0	3.5
UEUNDURNLYLSNB-HOTGVXAUSA-N	Chemical Probes Portal	rating_in_organism	0	3
UEUNDURNLYLSNB-HOTGVXAUSA-N	Chemical Probes Portal	rating_count	0	2
UEUNDURNLYLSNB-HOTGVXAUSA-N	Chemical Probes Portal	unsuitable	0	No
UEUNDURNLYLSNB-HOTGVXAUSA-N	Chemical Probes Portal	pains	0	No
UEUNDURNLYLSNB-HOTGVXAUSA-N	Chemical Probes Portal	toxicophore	0	No
UEUNDURNLYLSNB-HOTGVXAUSA-N	Chemical Probes Portal	published_date	0	2026-02-18
UEUNDURNLYLSNB-HOTGVXAUSA-N	Chemical Probes Portal	canSAR_ID	0	3899104
UEUNDURNLYLSNB-HOTGVXAUSA-N	Chemical Probes Portal	url	0	https://www.chemicalprobes.org/bms-986278
AXNQNPVSVCEGTP-LALXJTNGSA-N	Chemical Probes Portal	rating_in_cell	0	4
AXNQNPVSVCEGTP-LALXJTNGSA-N	Chemical Probes Portal	rating_in_organism	0	3
AXNQNPVSVCEGTP-LALXJTNGSA-N	Chemical Probes Portal	rating_count	0	2
AXNQNPVSVCEGTP-LALXJTNGSA-N	Chemical Probes Portal	unsuitable	0	No
AXNQNPVSVCEGTP-LALXJTNGSA-N	Chemical Probes Portal	pains	0	No
AXNQNPVSVCEGTP-LALXJTNGSA-N	Chemical Probes Portal	toxicophore	0	Yes
AXNQNPVSVCEGTP-LALXJTNGSA-N	Chemical Probes Portal	published_date	0	2025-08-01
AXNQNPVSVCEGTP-LALXJTNGSA-N	Chemical Probes Portal	canSAR_ID	0	7437513
AXNQNPVSVCEGTP-LALXJTNGSA-N	Chemical Probes Portal	url	0	https://www.chemicalprobes.org/by13
KDOQEEMQPHIANX-NFBKMPQASA-N	Chemical Probes Portal	rating_in_cell	0	2.5
KDOQEEMQPHIANX-NFBKMPQASA-N	Chemical Probes Portal	rating_in_organism	0	0
KDOQEEMQPHIANX-NFBKMPQASA-N	Chemical Probes Portal	rating_count	0	2
KDOQEEMQPHIANX-NFBKMPQASA-N	Chemical Probes Portal	unsuitable	0	No
KDOQEEMQPHIANX-NFBKMPQASA-N	Chemical Probes Portal	pains	0	No
KDOQEEMQPHIANX-NFBKMPQASA-N	Chemical Probes Portal	toxicophore	0	No
KDOQEEMQPHIANX-NFBKMPQASA-N	Chemical Probes Portal	published_date	0	2022-02-10
KDOQEEMQPHIANX-NFBKMPQASA-N	Chemical Probes Portal	canSAR_ID	0	808891
KDOQEEMQPHIANX-NFBKMPQASA-N	Chemical Probes Portal	url	0	https://www.chemicalprobes.org/a-1596586
PFEKWBKJUBCXDT-KGLIPLIRSA-N	Chemical Probes Portal	rating_in_cell	0	0
PFEKWBKJUBCXDT-KGLIPLIRSA-N	Chemical Probes Portal	rating_in_organism	0	0
PFEKWBKJUBCXDT-KGLIPLIRSA-N	Chemical Probes Portal	rating_count	0	0
PFEKWBKJUBCXDT-KGLIPLIRSA-N	Chemical Probes Portal	unsuitable	0	No
PFEKWBKJUBCXDT-KGLIPLIRSA-N	Chemical Probes Portal	pains	0	No
PFEKWBKJUBCXDT-KGLIPLIRSA-N	Chemical Probes Portal	toxicophore	0	No
PFEKWBKJUBCXDT-KGLIPLIRSA-N	Chemical Probes Portal	published_date	0	2026-03-30
PFEKWBKJUBCXDT-KGLIPLIRSA-N	Chemical Probes Portal	canSAR_ID	0	7082914
PFEKWBKJUBCXDT-KGLIPLIRSA-N	Chemical Probes Portal	url	0	https://www.chemicalprobes.org/imt1b
MUYQEHKMQMHJNI-ZDUSSCGKSA-N	Chemical Probes Portal	rating_in_cell	0	0
MUYQEHKMQMHJNI-ZDUSSCGKSA-N	Chemical Probes Portal	rating_in_organism	0	0
MUYQEHKMQMHJNI-ZDUSSCGKSA-N	Chemical Probes Portal	rating_count	0	0
MUYQEHKMQMHJNI-ZDUSSCGKSA-N	Chemical Probes Portal	unsuitable	0	No
MUYQEHKMQMHJNI-ZDUSSCGKSA-N	Chemical Probes Portal	pains	0	No
MUYQEHKMQMHJNI-ZDUSSCGKSA-N	Chemical Probes Portal	toxicophore	0	No
MUYQEHKMQMHJNI-ZDUSSCGKSA-N	Chemical Probes Portal	published_date	0	2026-03-30
MUYQEHKMQMHJNI-ZDUSSCGKSA-N	Chemical Probes Portal	canSAR_ID	0	
MUYQEHKMQMHJNI-ZDUSSCGKSA-N	Chemical Probes Portal	url	0	https://www.chemicalprobes.org/blu-654
MUYQEHKMQMHJNI-ZDUSSCGKSA-N	PubChem	structure_source	0	pubchem:name:BLU-654
ALNBIGSEWMWEGS-UHFFFAOYSA-N	Chemical Probes Portal	rating_in_cell	0	4
ALNBIGSEWMWEGS-UHFFFAOYSA-N	Chemical Probes Portal	rating_in_organism	0	0
ALNBIGSEWMWEGS-UHFFFAOYSA-N	Chemical Probes Portal	rating_count	0	3
ALNBIGSEWMWEGS-UHFFFAOYSA-N	Chemical Probes Portal	unsuitable	0	No
ALNBIGSEWMWEGS-UHFFFAOYSA-N	Chemical Probes Portal	pains	0	No
ALNBIGSEWMWEGS-UHFFFAOYSA-N	Chemical Probes Portal	toxicophore	0	No
ALNBIGSEWMWEGS-UHFFFAOYSA-N	Chemical Probes Portal	published_date	0	2026-01-13
ALNBIGSEWMWEGS-UHFFFAOYSA-N	Chemical Probes Portal	canSAR_ID	0	
ALNBIGSEWMWEGS-UHFFFAOYSA-N	Chemical Probes Portal	url	0	https://www.chemicalprobes.org/cct400028
ALNBIGSEWMWEGS-UHFFFAOYSA-N	PubChem	structure_source	0	pubchem:name:CCT400028
CQFHGOWYJXQICA-FKDNKQOESA-N	Chemical Probes Portal	rating_in_cell	0	3.5
CQFHGOWYJXQICA-FKDNKQOESA-N	Chemical Probes Portal	rating_in_organism	0	0
CQFHGOWYJXQICA-FKDNKQOESA-N	Chemical Probes Portal	rating_count	0	2
CQFHGOWYJXQICA-FKDNKQOESA-N	Chemical Probes Portal	unsuitable	0	No
CQFHGOWYJXQICA-FKDNKQOESA-N	Chemical Probes Portal	pains	0	No
CQFHGOWYJXQICA-FKDNKQOESA-N	Chemical Probes Portal	toxicophore	0	No
CQFHGOWYJXQICA-FKDNKQOESA-N	Chemical Probes Portal	published_date	0	2026-02-18
CQFHGOWYJXQICA-FKDNKQOESA-N	Chemical Probes Portal	canSAR_ID	0	
CQFHGOWYJXQICA-FKDNKQOESA-N	Chemical Probes Portal	url	0	https://www.chemicalprobes.org/kt-253
CQFHGOWYJXQICA-FKDNKQOESA-N	PubChem	structure_source	0	pubchem:name:KT-253
AYGDOYFDJDUPSS-UHFFFAOYSA-N	Chemical Probes Portal	rating_in_cell	0	3
AYGDOYFDJDUPSS-UHFFFAOYSA-N	Chemical Probes Portal	rating_in_organism	0	0
AYGDOYFDJDUPSS-UHFFFAOYSA-N	Chemical Probes Portal	rating_count	0	2
AYGDOYFDJDUPSS-UHFFFAOYSA-N	Chemical Probes Portal	unsuitable	0	No
AYGDOYFDJDUPSS-UHFFFAOYSA-N	Chemical Probes Portal	pains	0	No
AYGDOYFDJDUPSS-UHFFFAOYSA-N	Chemical Probes Portal	toxicophore	0	No
AYGDOYFDJDUPSS-UHFFFAOYSA-N	Chemical Probes Portal	published_date	0	2022-08-02
AYGDOYFDJDUPSS-UHFFFAOYSA-N	Chemical Probes Portal	canSAR_ID	0	3452398
AYGDOYFDJDUPSS-UHFFFAOYSA-N	Chemical Probes Portal	url	0	https://www.chemicalprobes.org/ak-42
QKVFMAAIXZONRN-UHFFFAOYSA-N	Chemical Probes Portal	rating_in_cell	0	3
QKVFMAAIXZONRN-UHFFFAOYSA-N	Chemical Probes Portal	rating_in_organism	0	2
QKVFMAAIXZONRN-UHFFFAOYSA-N	Chemical Probes Portal	rating_count	0	2
QKVFMAAIXZONRN-UHFFFAOYSA-N	Chemical Probes Portal	unsuitable	0	No
QKVFMAAIXZONRN-UHFFFAOYSA-N	Chemical Probes Portal	pains	0	No
QKVFMAAIXZONRN-UHFFFAOYSA-N	Chemical Probes Portal	toxicophore	0	No
QKVFMAAIXZONRN-UHFFFAOYSA-N	Chemical Probes Portal	published_date	0	2022-01-31
QKVFMAAIXZONRN-UHFFFAOYSA-N	Chemical Probes Portal	canSAR_ID	0	3247536
QKVFMAAIXZONRN-UHFFFAOYSA-N	Chemical Probes Portal	url	0	https://www.chemicalprobes.org/bay-474
CEIIEALEIHQDBX-UHFFFAOYSA-N	Chemical Probes Portal	rating_in_cell	0	3
CEIIEALEIHQDBX-UHFFFAOYSA-N	Chemical Probes Portal	rating_in_organism	0	3
CEIIEALEIHQDBX-UHFFFAOYSA-N	Chemical Probes Portal	rating_count	0	2
CEIIEALEIHQDBX-UHFFFAOYSA-N	Chemical Probes Portal	unsuitable	0	No
CEIIEALEIHQDBX-UHFFFAOYSA-N	Chemical Probes Portal	pains	0	No
CEIIEALEIHQDBX-UHFFFAOYSA-N	Chemical Probes Portal	toxicophore	0	No
CEIIEALEIHQDBX-UHFFFAOYSA-N	Chemical Probes Portal	published_date	0	2025-03-17
CEIIEALEIHQDBX-UHFFFAOYSA-N	Chemical Probes Portal	canSAR_ID	0	1243053
CEIIEALEIHQDBX-UHFFFAOYSA-N	Chemical Probes Portal	url	0	https://www.chemicalprobes.org/pnu-120596
MVPFPBIHUUHXGU-FSSWDIPSSA-N	Chemical Probes Portal	rating_in_cell	0	0
MVPFPBIHUUHXGU-FSSWDIPSSA-N	Chemical Probes Portal	rating_in_organism	0	0
MVPFPBIHUUHXGU-FSSWDIPSSA-N	Chemical Probes Portal	rating_count	0	0
MVPFPBIHUUHXGU-FSSWDIPSSA-N	Chemical Probes Portal	unsuitable	0	No
MVPFPBIHUUHXGU-FSSWDIPSSA-N	Chemical Probes Portal	pains	0	No
MVPFPBIHUUHXGU-FSSWDIPSSA-N	Chemical Probes Portal	toxicophore	0	No
MVPFPBIHUUHXGU-FSSWDIPSSA-N	Chemical Probes Portal	published_date	0	2025-08-04
MVPFPBIHUUHXGU-FSSWDIPSSA-N	Chemical Probes Portal	canSAR_ID	0	7437514
MVPFPBIHUUHXGU-FSSWDIPSSA-N	Chemical Probes Portal	url	0	https://www.chemicalprobes.org/bms-986408
DVGLTSTVSHOWJF-UHFFFAOYSA-N	Chemical Probes Portal	rating_in_cell	0	3
DVGLTSTVSHOWJF-UHFFFAOYSA-N	Chemical Probes Portal	rating_in_organism	0	0
DVGLTSTVSHOWJF-UHFFFAOYSA-N	Chemical Probes Portal	rating_count	0	2
DVGLTSTVSHOWJF-UHFFFAOYSA-N	Chemical Probes Portal	unsuitable	0	No
DVGLTSTVSHOWJF-UHFFFAOYSA-N	Chemical Probes Portal	pains	0	No
DVGLTSTVSHOWJF-UHFFFAOYSA-N	Chemical Probes Portal	toxicophore	0	No
DVGLTSTVSHOWJF-UHFFFAOYSA-N	Chemical Probes Portal	published_date	0	2026-03-30
DVGLTSTVSHOWJF-UHFFFAOYSA-N	Chemical Probes Portal	canSAR_ID	0	
DVGLTSTVSHOWJF-UHFFFAOYSA-N	Chemical Probes Portal	url	0	https://www.chemicalprobes.org/s9-a13
DVGLTSTVSHOWJF-UHFFFAOYSA-N	PubChem	structure_source	0	pubchem:name:S9-A13
VUOYAALVGSMUHC-UHFFFAOYSA-N	Chemical Probes Portal	rating_in_cell	0	3.5
VUOYAALVGSMUHC-UHFFFAOYSA-N	Chemical Probes Portal	rating_in_organism	0	0
VUOYAALVGSMUHC-UHFFFAOYSA-N	Chemical Probes Portal	rating_count	0	2
VUOYAALVGSMUHC-UHFFFAOYSA-N	Chemical Probes Portal	unsuitable	0	No
VUOYAALVGSMUHC-UHFFFAOYSA-N	Chemical Probes Portal	pains	0	No
VUOYAALVGSMUHC-UHFFFAOYSA-N	Chemical Probes Portal	toxicophore	0	No
VUOYAALVGSMUHC-UHFFFAOYSA-N	Chemical Probes Portal	published_date	0	2023-01-24
VUOYAALVGSMUHC-UHFFFAOYSA-N	Chemical Probes Portal	canSAR_ID	0	3570159
VUOYAALVGSMUHC-UHFFFAOYSA-N	Chemical Probes Portal	url	0	https://www.chemicalprobes.org/bi01383298
FVICRBSEYSHKFY-JYQNNKODSA-N	Chemical Probes Portal	rating_in_cell	0	4
FVICRBSEYSHKFY-JYQNNKODSA-N	Chemical Probes Portal	rating_in_organism	0	4
FVICRBSEYSHKFY-JYQNNKODSA-N	Chemical Probes Portal	rating_count	0	1
FVICRBSEYSHKFY-JYQNNKODSA-N	Chemical Probes Portal	unsuitable	0	No
FVICRBSEYSHKFY-JYQNNKODSA-N	Chemical Probes Portal	pains	0	No
FVICRBSEYSHKFY-JYQNNKODSA-N	Chemical Probes Portal	toxicophore	0	No
FVICRBSEYSHKFY-JYQNNKODSA-N	Chemical Probes Portal	published_date	0	2026-02-03
FVICRBSEYSHKFY-JYQNNKODSA-N	Chemical Probes Portal	canSAR_ID	0	7158937
FVICRBSEYSHKFY-JYQNNKODSA-N	Chemical Probes Portal	url	0	https://www.chemicalprobes.org/daraxonrasib
SDGJBAUIGHSMRI-UHFFFAOYSA-N	Chemical Probes Portal	rating_in_cell	0	2.75
SDGJBAUIGHSMRI-UHFFFAOYSA-N	Chemical Probes Portal	rating_in_organism	0	2
SDGJBAUIGHSMRI-UHFFFAOYSA-N	Chemical Probes Portal	rating_count	0	4
SDGJBAUIGHSMRI-UHFFFAOYSA-N	Chemical Probes Portal	unsuitable	0	No
SDGJBAUIGHSMRI-UHFFFAOYSA-N	Chemical Probes Portal	pains	0	No
SDGJBAUIGHSMRI-UHFFFAOYSA-N	Chemical Probes Portal	toxicophore	0	No
SDGJBAUIGHSMRI-UHFFFAOYSA-N	Chemical Probes Portal	published_date	0	2015-12-10
SDGJBAUIGHSMRI-UHFFFAOYSA-N	Chemical Probes Portal	canSAR_ID	0	616919
SDGJBAUIGHSMRI-UHFFFAOYSA-N	Chemical Probes Portal	url	0	https://www.chemicalprobes.org/wz4003
BCFGMOOMADDAQU-UHFFFAOYSA-N	Chemical Probes Portal	rating_in_cell	0	0
BCFGMOOMADDAQU-UHFFFAOYSA-N	Chemical Probes Portal	rating_in_organism	0	0
BCFGMOOMADDAQU-UHFFFAOYSA-N	Chemical Probes Portal	rating_count	0	0
BCFGMOOMADDAQU-UHFFFAOYSA-N	Chemical Probes Portal	unsuitable	0	No
BCFGMOOMADDAQU-UHFFFAOYSA-N	Chemical Probes Portal	pains	0	No
BCFGMOOMADDAQU-UHFFFAOYSA-N	Chemical Probes Portal	toxicophore	0	No
BCFGMOOMADDAQU-UHFFFAOYSA-N	Chemical Probes Portal	published_date	0	2021-01-19
BCFGMOOMADDAQU-UHFFFAOYSA-N	Chemical Probes Portal	canSAR_ID	0	810723
BCFGMOOMADDAQU-UHFFFAOYSA-N	Chemical Probes Portal	url	0	https://www.chemicalprobes.org/lapatinib
LPGBXHWIQNZEJB-UHFFFAOYSA-N	Chemical Probes Portal	rating_in_cell	0	3
LPGBXHWIQNZEJB-UHFFFAOYSA-N	Chemical Probes Portal	rating_in_organism	0	0
LPGBXHWIQNZEJB-UHFFFAOYSA-N	Chemical Probes Portal	rating_count	0	1
LPGBXHWIQNZEJB-UHFFFAOYSA-N	Chemical Probes Portal	unsuitable	0	No
LPGBXHWIQNZEJB-UHFFFAOYSA-N	Chemical Probes Portal	pains	0	No
LPGBXHWIQNZEJB-UHFFFAOYSA-N	Chemical Probes Portal	toxicophore	0	No
LPGBXHWIQNZEJB-UHFFFAOYSA-N	Chemical Probes Portal	published_date	0	2017-07-21
LPGBXHWIQNZEJB-UHFFFAOYSA-N	Chemical Probes Portal	canSAR_ID	0	1850605
LPGBXHWIQNZEJB-UHFFFAOYSA-N	Chemical Probes Portal	url	0	https://www.chemicalprobes.org/tug-891
FMSIRMKLDQFQKI-UHFFFAOYSA-N	Chemical Probes Portal	rating_in_cell	0	3
FMSIRMKLDQFQKI-UHFFFAOYSA-N	Chemical Probes Portal	rating_in_organism	0	4
FMSIRMKLDQFQKI-UHFFFAOYSA-N	Chemical Probes Portal	rating_count	0	1
FMSIRMKLDQFQKI-UHFFFAOYSA-N	Chemical Probes Portal	unsuitable	0	No
FMSIRMKLDQFQKI-UHFFFAOYSA-N	Chemical Probes Portal	pains	0	No
FMSIRMKLDQFQKI-UHFFFAOYSA-N	Chemical Probes Portal	toxicophore	0	No
FMSIRMKLDQFQKI-UHFFFAOYSA-N	Chemical Probes Portal	published_date	0	2024-04-03
FMSIRMKLDQFQKI-UHFFFAOYSA-N	Chemical Probes Portal	canSAR_ID	0	4199092
FMSIRMKLDQFQKI-UHFFFAOYSA-N	Chemical Probes Portal	url	0	https://www.chemicalprobes.org/hrx215
VDLHPYFVCAHCCZ-UHFFFAOYSA-N	Chemical Probes Portal	rating_in_cell	0	2
VDLHPYFVCAHCCZ-UHFFFAOYSA-N	Chemical Probes Portal	rating_in_organism	0	3
VDLHPYFVCAHCCZ-UHFFFAOYSA-N	Chemical Probes Portal	rating_count	0	1
VDLHPYFVCAHCCZ-UHFFFAOYSA-N	Chemical Probes Portal	unsuitable	0	No
VDLHPYFVCAHCCZ-UHFFFAOYSA-N	Chemical Probes Portal	pains	0	No
VDLHPYFVCAHCCZ-UHFFFAOYSA-N	Chemical Probes Portal	toxicophore	0	No
VDLHPYFVCAHCCZ-UHFFFAOYSA-N	Chemical Probes Portal	published_date	0	2026-05-12
VDLHPYFVCAHCCZ-UHFFFAOYSA-N	Chemical Probes Portal	canSAR_ID	0	
VDLHPYFVCAHCCZ-UHFFFAOYSA-N	Chemical Probes Portal	url	0	https://www.chemicalprobes.org/rpi-glyt2-82
VDLHPYFVCAHCCZ-UHFFFAOYSA-N	PubChem	structure_source	0	pubchem:name:RPI-GLYT2-82
YXYBHRORJSDZTQ-UHFFFAOYSA-N	Chemical Probes Portal	rating_in_cell	0	3
YXYBHRORJSDZTQ-UHFFFAOYSA-N	Chemical Probes Portal	rating_in_organism	0	3
YXYBHRORJSDZTQ-UHFFFAOYSA-N	Chemical Probes Portal	rating_count	0	1
YXYBHRORJSDZTQ-UHFFFAOYSA-N	Chemical Probes Portal	unsuitable	0	No
YXYBHRORJSDZTQ-UHFFFAOYSA-N	Chemical Probes Portal	pains	0	No
YXYBHRORJSDZTQ-UHFFFAOYSA-N	Chemical Probes Portal	toxicophore	0	No
YXYBHRORJSDZTQ-UHFFFAOYSA-N	Chemical Probes Portal	published_date	0	2026-04-27
YXYBHRORJSDZTQ-UHFFFAOYSA-N	Chemical Probes Portal	canSAR_ID	0	
YXYBHRORJSDZTQ-UHFFFAOYSA-N	Chemical Probes Portal	url	0	https://www.chemicalprobes.org/nuak1-in-2
YXYBHRORJSDZTQ-UHFFFAOYSA-N	PubChem	structure_source	0	pubchem:name:NUAK1-IN-2
LIRYPHYGHXZJBZ-UHFFFAOYSA-N	Chemical Probes Portal	rating_in_cell	0	4
LIRYPHYGHXZJBZ-UHFFFAOYSA-N	Chemical Probes Portal	rating_in_organism	0	4
LIRYPHYGHXZJBZ-UHFFFAOYSA-N	Chemical Probes Portal	rating_count	0	1
LIRYPHYGHXZJBZ-UHFFFAOYSA-N	Chemical Probes Portal	unsuitable	0	No
LIRYPHYGHXZJBZ-UHFFFAOYSA-N	Chemical Probes Portal	pains	0	No
LIRYPHYGHXZJBZ-UHFFFAOYSA-N	Chemical Probes Portal	toxicophore	0	No
LIRYPHYGHXZJBZ-UHFFFAOYSA-N	Chemical Probes Portal	published_date	0	2015-12-10
LIRYPHYGHXZJBZ-UHFFFAOYSA-N	Chemical Probes Portal	canSAR_ID	0	735652
LIRYPHYGHXZJBZ-UHFFFAOYSA-N	Chemical Probes Portal	url	0	https://www.chemicalprobes.org/trametinib
BUJWDBSVEVFQDP-UHFFFAOYSA-N	Chemical Probes Portal	rating_in_cell	0	3
BUJWDBSVEVFQDP-UHFFFAOYSA-N	Chemical Probes Portal	rating_in_organism	0	2
BUJWDBSVEVFQDP-UHFFFAOYSA-N	Chemical Probes Portal	rating_count	0	1
BUJWDBSVEVFQDP-UHFFFAOYSA-N	Chemical Probes Portal	unsuitable	0	No
BUJWDBSVEVFQDP-UHFFFAOYSA-N	Chemical Probes Portal	pains	0	No
BUJWDBSVEVFQDP-UHFFFAOYSA-N	Chemical Probes Portal	toxicophore	0	No
BUJWDBSVEVFQDP-UHFFFAOYSA-N	Chemical Probes Portal	published_date	0	2026-04-26
BUJWDBSVEVFQDP-UHFFFAOYSA-N	Chemical Probes Portal	canSAR_ID	0	7059370
BUJWDBSVEVFQDP-UHFFFAOYSA-N	Chemical Probes Portal	url	0	https://www.chemicalprobes.org/nurr1-ant-29
ZABZNDRRLTXBHH-UHFFFAOYSA-N	Chemical Probes Portal	rating_in_cell	0	0
ZABZNDRRLTXBHH-UHFFFAOYSA-N	Chemical Probes Portal	rating_in_organism	0	4
ZABZNDRRLTXBHH-UHFFFAOYSA-N	Chemical Probes Portal	rating_count	0	1
ZABZNDRRLTXBHH-UHFFFAOYSA-N	Chemical Probes Portal	unsuitable	0	No
ZABZNDRRLTXBHH-UHFFFAOYSA-N	Chemical Probes Portal	pains	0	No
ZABZNDRRLTXBHH-UHFFFAOYSA-N	Chemical Probes Portal	toxicophore	0	No
ZABZNDRRLTXBHH-UHFFFAOYSA-N	Chemical Probes Portal	published_date	0	2026-05-12
ZABZNDRRLTXBHH-UHFFFAOYSA-N	Chemical Probes Portal	canSAR_ID	0	7447599
ZABZNDRRLTXBHH-UHFFFAOYSA-N	Chemical Probes Portal	url	0	https://www.chemicalprobes.org/ism5939
LIOLIMKSCNQPLV-UHFFFAOYSA-N	Chemical Probes Portal	rating_in_cell	0	4
LIOLIMKSCNQPLV-UHFFFAOYSA-N	Chemical Probes Portal	rating_in_organism	0	4
LIOLIMKSCNQPLV-UHFFFAOYSA-N	Chemical Probes Portal	rating_count	0	2
LIOLIMKSCNQPLV-UHFFFAOYSA-N	Chemical Probes Portal	unsuitable	0	No
LIOLIMKSCNQPLV-UHFFFAOYSA-N	Chemical Probes Portal	pains	0	No
LIOLIMKSCNQPLV-UHFFFAOYSA-N	Chemical Probes Portal	toxicophore	0	No
LIOLIMKSCNQPLV-UHFFFAOYSA-N	Chemical Probes Portal	published_date	0	2020-10-26
LIOLIMKSCNQPLV-UHFFFAOYSA-N	Chemical Probes Portal	canSAR_ID	0	387343
LIOLIMKSCNQPLV-UHFFFAOYSA-N	Chemical Probes Portal	url	0	https://www.chemicalprobes.org/capmatinib
VRQXRVAKPDCRCI-ZNMIVQPWSA-N	Chemical Probes Portal	rating_in_cell	0	3.5
VRQXRVAKPDCRCI-ZNMIVQPWSA-N	Chemical Probes Portal	rating_in_organism	0	3.5
VRQXRVAKPDCRCI-ZNMIVQPWSA-N	Chemical Probes Portal	rating_count	0	2
VRQXRVAKPDCRCI-ZNMIVQPWSA-N	Chemical Probes Portal	unsuitable	0	No
VRQXRVAKPDCRCI-ZNMIVQPWSA-N	Chemical Probes Portal	pains	0	No
VRQXRVAKPDCRCI-ZNMIVQPWSA-N	Chemical Probes Portal	toxicophore	0	No
VRQXRVAKPDCRCI-ZNMIVQPWSA-N	Chemical Probes Portal	published_date	0	2021-02-24
VRQXRVAKPDCRCI-ZNMIVQPWSA-N	Chemical Probes Portal	canSAR_ID	0	474134
VRQXRVAKPDCRCI-ZNMIVQPWSA-N	Chemical Probes Portal	url	0	https://www.chemicalprobes.org/pim-447
HPJVZSVEIGCFJP-SFHVURJKSA-N	Chemical Probes Portal	rating_in_cell	0	4
HPJVZSVEIGCFJP-SFHVURJKSA-N	Chemical Probes Portal	rating_in_organism	0	3
HPJVZSVEIGCFJP-SFHVURJKSA-N	Chemical Probes Portal	rating_count	0	2
HPJVZSVEIGCFJP-SFHVURJKSA-N	Chemical Probes Portal	unsuitable	0	No
HPJVZSVEIGCFJP-SFHVURJKSA-N	Chemical Probes Portal	pains	0	No
HPJVZSVEIGCFJP-SFHVURJKSA-N	Chemical Probes Portal	toxicophore	0	No
HPJVZSVEIGCFJP-SFHVURJKSA-N	Chemical Probes Portal	published_date	0	2023-05-11
HPJVZSVEIGCFJP-SFHVURJKSA-N	Chemical Probes Portal	canSAR_ID	0	3935416
HPJVZSVEIGCFJP-SFHVURJKSA-N	Chemical Probes Portal	url	0	https://www.chemicalprobes.org/ttbk1-in-1
NYNZQNWKBKUAII-KBXCAEBGSA-N	Chemical Probes Portal	rating_in_cell	0	3.5
NYNZQNWKBKUAII-KBXCAEBGSA-N	Chemical Probes Portal	rating_in_organism	0	3
NYNZQNWKBKUAII-KBXCAEBGSA-N	Chemical Probes Portal	rating_count	0	2
NYNZQNWKBKUAII-KBXCAEBGSA-N	Chemical Probes Portal	unsuitable	0	No
NYNZQNWKBKUAII-KBXCAEBGSA-N	Chemical Probes Portal	pains	0	No
NYNZQNWKBKUAII-KBXCAEBGSA-N	Chemical Probes Portal	toxicophore	0	No
NYNZQNWKBKUAII-KBXCAEBGSA-N	Chemical Probes Portal	published_date	0	2023-05-17
NYNZQNWKBKUAII-KBXCAEBGSA-N	Chemical Probes Portal	canSAR_ID	0	401319
NYNZQNWKBKUAII-KBXCAEBGSA-N	Chemical Probes Portal	url	0	https://www.chemicalprobes.org/larotrectinib
IBGLGMOPHJQDJB-IHRRRGAJSA-N	Chemical Probes Portal	rating_in_cell	0	3.5
IBGLGMOPHJQDJB-IHRRRGAJSA-N	Chemical Probes Portal	rating_in_organism	0	3.5
IBGLGMOPHJQDJB-IHRRRGAJSA-N	Chemical Probes Portal	rating_count	0	2
IBGLGMOPHJQDJB-IHRRRGAJSA-N	Chemical Probes Portal	unsuitable	0	No
IBGLGMOPHJQDJB-IHRRRGAJSA-N	Chemical Probes Portal	pains	0	No
IBGLGMOPHJQDJB-IHRRRGAJSA-N	Chemical Probes Portal	toxicophore	0	No
IBGLGMOPHJQDJB-IHRRRGAJSA-N	Chemical Probes Portal	published_date	0	2025-04-30
IBGLGMOPHJQDJB-IHRRRGAJSA-N	Chemical Probes Portal	canSAR_ID	0	452255
IBGLGMOPHJQDJB-IHRRRGAJSA-N	Chemical Probes Portal	url	0	https://www.chemicalprobes.org/tanzisertib
RHGZXPKHVAHQJO-BIIHCSGHSA-N	Chemical Probes Portal	rating_in_cell	0	4
RHGZXPKHVAHQJO-BIIHCSGHSA-N	Chemical Probes Portal	rating_in_organism	0	4
RHGZXPKHVAHQJO-BIIHCSGHSA-N	Chemical Probes Portal	rating_count	0	2
RHGZXPKHVAHQJO-BIIHCSGHSA-N	Chemical Probes Portal	unsuitable	0	No
RHGZXPKHVAHQJO-BIIHCSGHSA-N	Chemical Probes Portal	pains	0	No
RHGZXPKHVAHQJO-BIIHCSGHSA-N	Chemical Probes Portal	toxicophore	0	Yes
RHGZXPKHVAHQJO-BIIHCSGHSA-N	Chemical Probes Portal	published_date	0	2024-01-18
RHGZXPKHVAHQJO-BIIHCSGHSA-N	Chemical Probes Portal	canSAR_ID	0	3546672
RHGZXPKHVAHQJO-BIIHCSGHSA-N	Chemical Probes Portal	url	0	https://www.chemicalprobes.org/ceralasertib
MWKYMZXCGYXLPL-ZDUSSCGKSA-N	Chemical Probes Portal	rating_in_cell	0	3.5
MWKYMZXCGYXLPL-ZDUSSCGKSA-N	Chemical Probes Portal	rating_in_organism	0	3.5
MWKYMZXCGYXLPL-ZDUSSCGKSA-N	Chemical Probes Portal	rating_count	0	2
MWKYMZXCGYXLPL-ZDUSSCGKSA-N	Chemical Probes Portal	unsuitable	0	No
MWKYMZXCGYXLPL-ZDUSSCGKSA-N	Chemical Probes Portal	pains	0	No
MWKYMZXCGYXLPL-ZDUSSCGKSA-N	Chemical Probes Portal	toxicophore	0	No
MWKYMZXCGYXLPL-ZDUSSCGKSA-N	Chemical Probes Portal	published_date	0	2022-02-21
MWKYMZXCGYXLPL-ZDUSSCGKSA-N	Chemical Probes Portal	canSAR_ID	0	473672
MWKYMZXCGYXLPL-ZDUSSCGKSA-N	Chemical Probes Portal	url	0	https://www.chemicalprobes.org/leniolisib
HKTBYUWLRDZAJK-UHFFFAOYSA-N	Chemical Probes Portal	rating_in_cell	0	4
HKTBYUWLRDZAJK-UHFFFAOYSA-N	Chemical Probes Portal	rating_in_organism	0	4
HKTBYUWLRDZAJK-UHFFFAOYSA-N	Chemical Probes Portal	rating_count	0	3
HKTBYUWLRDZAJK-UHFFFAOYSA-N	Chemical Probes Portal	unsuitable	0	No
HKTBYUWLRDZAJK-UHFFFAOYSA-N	Chemical Probes Portal	pains	0	No
HKTBYUWLRDZAJK-UHFFFAOYSA-N	Chemical Probes Portal	toxicophore	0	No
HKTBYUWLRDZAJK-UHFFFAOYSA-N	Chemical Probes Portal	published_date	0	2021-06-26
HKTBYUWLRDZAJK-UHFFFAOYSA-N	Chemical Probes Portal	canSAR_ID	0	1682158
HKTBYUWLRDZAJK-UHFFFAOYSA-N	Chemical Probes Portal	url	0	https://www.chemicalprobes.org/tomivosertib
LXDPQXXUVGVIND-UHFFFAOYSA-N	Chemical Probes Portal	rating_in_cell	0	3
LXDPQXXUVGVIND-UHFFFAOYSA-N	Chemical Probes Portal	rating_in_organism	0	0
LXDPQXXUVGVIND-UHFFFAOYSA-N	Chemical Probes Portal	rating_count	0	2
LXDPQXXUVGVIND-UHFFFAOYSA-N	Chemical Probes Portal	unsuitable	0	No
LXDPQXXUVGVIND-UHFFFAOYSA-N	Chemical Probes Portal	pains	0	No
LXDPQXXUVGVIND-UHFFFAOYSA-N	Chemical Probes Portal	toxicophore	0	No
LXDPQXXUVGVIND-UHFFFAOYSA-N	Chemical Probes Portal	published_date	0	2024-12-12
LXDPQXXUVGVIND-UHFFFAOYSA-N	Chemical Probes Portal	canSAR_ID	0	424457
LXDPQXXUVGVIND-UHFFFAOYSA-N	Chemical Probes Portal	url	0	https://www.chemicalprobes.org/gw869516x
PRWSIEBRGXYXAJ-UHFFFAOYSA-N	Chemical Probes Portal	rating_in_cell	0	3.6666666666666665
PRWSIEBRGXYXAJ-UHFFFAOYSA-N	Chemical Probes Portal	rating_in_organism	0	3.6666666666666665
PRWSIEBRGXYXAJ-UHFFFAOYSA-N	Chemical Probes Portal	rating_count	0	3
PRWSIEBRGXYXAJ-UHFFFAOYSA-N	Chemical Probes Portal	unsuitable	0	No
PRWSIEBRGXYXAJ-UHFFFAOYSA-N	Chemical Probes Portal	pains	0	No
PRWSIEBRGXYXAJ-UHFFFAOYSA-N	Chemical Probes Portal	toxicophore	0	No
PRWSIEBRGXYXAJ-UHFFFAOYSA-N	Chemical Probes Portal	published_date	0	2022-10-14
PRWSIEBRGXYXAJ-UHFFFAOYSA-N	Chemical Probes Portal	canSAR_ID	0	384279
PRWSIEBRGXYXAJ-UHFFFAOYSA-N	Chemical Probes Portal	url	0	https://www.chemicalprobes.org/gsk2656157
VPJXPDLMACOGIZ-UHFFFAOYSA-N	Chemical Probes Portal	rating_in_cell	0	3.3333333333333335
VPJXPDLMACOGIZ-UHFFFAOYSA-N	Chemical Probes Portal	rating_in_organism	0	3.3333333333333335
VPJXPDLMACOGIZ-UHFFFAOYSA-N	Chemical Probes Portal	rating_count	0	3
VPJXPDLMACOGIZ-UHFFFAOYSA-N	Chemical Probes Portal	unsuitable	0	No
VPJXPDLMACOGIZ-UHFFFAOYSA-N	Chemical Probes Portal	pains	0	No
VPJXPDLMACOGIZ-UHFFFAOYSA-N	Chemical Probes Portal	toxicophore	0	No
VPJXPDLMACOGIZ-UHFFFAOYSA-N	Chemical Probes Portal	published_date	0	2025-09-18
VPJXPDLMACOGIZ-UHFFFAOYSA-N	Chemical Probes Portal	canSAR_ID	0	220474
VPJXPDLMACOGIZ-UHFFFAOYSA-N	Chemical Probes Portal	url	0	https://www.chemicalprobes.org/cct251921
BWINBHTTZLVXGT-NVXWUHKLSA-N	Chemical Probes Portal	rating_in_cell	0	3.5
BWINBHTTZLVXGT-NVXWUHKLSA-N	Chemical Probes Portal	rating_in_organism	0	3.5
BWINBHTTZLVXGT-NVXWUHKLSA-N	Chemical Probes Portal	rating_count	0	2
BWINBHTTZLVXGT-NVXWUHKLSA-N	Chemical Probes Portal	unsuitable	0	No
BWINBHTTZLVXGT-NVXWUHKLSA-N	Chemical Probes Portal	pains	0	No
BWINBHTTZLVXGT-NVXWUHKLSA-N	Chemical Probes Portal	toxicophore	0	No
BWINBHTTZLVXGT-NVXWUHKLSA-N	Chemical Probes Portal	published_date	0	2024-10-19
BWINBHTTZLVXGT-NVXWUHKLSA-N	Chemical Probes Portal	canSAR_ID	0	3459901
BWINBHTTZLVXGT-NVXWUHKLSA-N	Chemical Probes Portal	url	0	https://www.chemicalprobes.org/tak-279
XISVSTPEXYIKJL-UHFFFAOYSA-N	Chemical Probes Portal	rating_in_cell	0	4
XISVSTPEXYIKJL-UHFFFAOYSA-N	Chemical Probes Portal	rating_in_organism	0	4
XISVSTPEXYIKJL-UHFFFAOYSA-N	Chemical Probes Portal	rating_count	0	2
XISVSTPEXYIKJL-UHFFFAOYSA-N	Chemical Probes Portal	unsuitable	0	No
XISVSTPEXYIKJL-UHFFFAOYSA-N	Chemical Probes Portal	pains	0	No
XISVSTPEXYIKJL-UHFFFAOYSA-N	Chemical Probes Portal	toxicophore	0	No
XISVSTPEXYIKJL-UHFFFAOYSA-N	Chemical Probes Portal	published_date	0	2022-03-19
XISVSTPEXYIKJL-UHFFFAOYSA-N	Chemical Probes Portal	canSAR_ID	0	2849455
XISVSTPEXYIKJL-UHFFFAOYSA-N	Chemical Probes Portal	url	0	https://www.chemicalprobes.org/azd-7648
PVKIFNZMYGMWPD-UHFFFAOYSA-N	Chemical Probes Portal	rating_in_cell	0	3
PVKIFNZMYGMWPD-UHFFFAOYSA-N	Chemical Probes Portal	rating_in_organism	0	0
PVKIFNZMYGMWPD-UHFFFAOYSA-N	Chemical Probes Portal	rating_count	0	2
PVKIFNZMYGMWPD-UHFFFAOYSA-N	Chemical Probes Portal	unsuitable	0	No
PVKIFNZMYGMWPD-UHFFFAOYSA-N	Chemical Probes Portal	pains	0	No
PVKIFNZMYGMWPD-UHFFFAOYSA-N	Chemical Probes Portal	toxicophore	0	No
PVKIFNZMYGMWPD-UHFFFAOYSA-N	Chemical Probes Portal	published_date	0	2025-05-26
PVKIFNZMYGMWPD-UHFFFAOYSA-N	Chemical Probes Portal	canSAR_ID	0	7437504
PVKIFNZMYGMWPD-UHFFFAOYSA-N	Chemical Probes Portal	url	0	https://www.chemicalprobes.org/lk01003
HXNUFFCHRIWTRZ-UHFFFAOYSA-N	Chemical Probes Portal	rating_in_cell	0	4
HXNUFFCHRIWTRZ-UHFFFAOYSA-N	Chemical Probes Portal	rating_in_organism	0	2
HXNUFFCHRIWTRZ-UHFFFAOYSA-N	Chemical Probes Portal	rating_count	0	3
HXNUFFCHRIWTRZ-UHFFFAOYSA-N	Chemical Probes Portal	unsuitable	0	No
HXNUFFCHRIWTRZ-UHFFFAOYSA-N	Chemical Probes Portal	pains	0	No
HXNUFFCHRIWTRZ-UHFFFAOYSA-N	Chemical Probes Portal	toxicophore	0	No
HXNUFFCHRIWTRZ-UHFFFAOYSA-N	Chemical Probes Portal	published_date	0	2020-06-02
HXNUFFCHRIWTRZ-UHFFFAOYSA-N	Chemical Probes Portal	canSAR_ID	0	2897459
HXNUFFCHRIWTRZ-UHFFFAOYSA-N	Chemical Probes Portal	url	0	https://www.chemicalprobes.org/sr-318
QVOGVAVHOLLLAZ-UHFFFAOYSA-N	Chemical Probes Portal	rating_in_cell	0	4
QVOGVAVHOLLLAZ-UHFFFAOYSA-N	Chemical Probes Portal	rating_in_organism	0	3.6666666666666665
QVOGVAVHOLLLAZ-UHFFFAOYSA-N	Chemical Probes Portal	rating_count	0	3
QVOGVAVHOLLLAZ-UHFFFAOYSA-N	Chemical Probes Portal	unsuitable	0	No
QVOGVAVHOLLLAZ-UHFFFAOYSA-N	Chemical Probes Portal	pains	0	No
QVOGVAVHOLLLAZ-UHFFFAOYSA-N	Chemical Probes Portal	toxicophore	0	No
QVOGVAVHOLLLAZ-UHFFFAOYSA-N	Chemical Probes Portal	published_date	0	2020-07-20
QVOGVAVHOLLLAZ-UHFFFAOYSA-N	Chemical Probes Portal	canSAR_ID	0	2933081
QVOGVAVHOLLLAZ-UHFFFAOYSA-N	Chemical Probes Portal	url	0	https://www.chemicalprobes.org/bay-1816032
OYKPWSZSBLRRPL-HOYKHHGWSA-N	Chemical Probes Portal	rating_in_cell	0	3.5
OYKPWSZSBLRRPL-HOYKHHGWSA-N	Chemical Probes Portal	rating_in_organism	0	3.5
OYKPWSZSBLRRPL-HOYKHHGWSA-N	Chemical Probes Portal	rating_count	0	2
OYKPWSZSBLRRPL-HOYKHHGWSA-N	Chemical Probes Portal	unsuitable	0	No
OYKPWSZSBLRRPL-HOYKHHGWSA-N	Chemical Probes Portal	pains	0	No
OYKPWSZSBLRRPL-HOYKHHGWSA-N	Chemical Probes Portal	toxicophore	0	No
OYKPWSZSBLRRPL-HOYKHHGWSA-N	Chemical Probes Portal	published_date	0	2022-02-11
OYKPWSZSBLRRPL-HOYKHHGWSA-N	Chemical Probes Portal	canSAR_ID	0	471230
OYKPWSZSBLRRPL-HOYKHHGWSA-N	Chemical Probes Portal	url	0	https://www.chemicalprobes.org/mrl-syki
IQCKJUKAQJINMK-HUBRGWSESA-N	Chemical Probes Portal	control_compound	0	SGC0649
WRUWGLUCNBMGPS-UHFFFAOYSA-N	Chemical Probes Portal	control_compound	0	Not available
GZFYZYBWLCYBMI-MYZJJQSMSA-N	Chemical Probes Portal	control_compound	0	Compound A
LTYNXERAWVCPAH-OHRKNAERSA-N	Chemical Probes Portal	control_compound	0	Nor-cotransin
ATUUNJCZCOMUKD-OKILXGFUSA-N	Chemical Probes Portal	control_compound	0	MLi-2-NC
XKBSPAZCFAIBJL-OAHLLOKOSA-N	Chemical Probes Portal	control_compound	0	ZINC72453574
ZDOBSAPHUUUOHX-OSYLJGHBSA-N	Chemical Probes Portal	control_compound	0	BI-3017
PROGRNRRJJYCNX-UHFFFAOYSA-N	Chemical Probes Portal	control_compound	0	NC-3
VSZRYLHBOKTNBO-UHFFFAOYSA-N	Chemical Probes Portal	control_compound	0	TP-020n
CGECJCJUHCZZGO-UHFFFAOYSA-N	Chemical Probes Portal	control_compound	0	cpd 28a
BATCTBJIJJEPHM-UHFFFAOYSA-N	Chemical Probes Portal	control_compound	0	PF-04875474
BSISGUIVBKDTQO-QIKYYPRYSA-N	Chemical Probes Portal	control_compound	0	BAY-460
ZLTQCDRXWXUYHJ-UHFFFAOYSA-N	Chemical Probes Portal	control_compound	0	NI-198
SOXNKJCQBRQUMS-UHFFFAOYSA-N	Chemical Probes Portal	control_compound	0	IMP-994
MPASHPJAIUOWCK-UHFFFAOYSA-N	Chemical Probes Portal	control_compound	0	BAY-309
FYMVGXGSNIVSKY-NRFANRHFSA-N	Chemical Probes Portal	control_compound	0	cpd 3
KLGQSVMIPOVQAX-UHFFFAOYSA-N	Chemical Probes Portal	control_compound	0	LDW643
KHWCPNJRJCNVRI-UHFFFAOYSA-N	Chemical Probes Portal	control_compound	0	GSK8573, with activity against BRD9
LVDRREOUMKACNJ-BKMJKUGQSA-N	Chemical Probes Portal	control_compound	0	2S,3R-enantiomer
JKCSCHXVWPSGBG-OPKPGBGESA-N	Chemical Probes Portal	control_compound	0	SD-36Me
ONBSHRSJOPSEGS-INIZCTEOSA-N	Chemical Probes Portal	control_compound	0	9a
GBAKVEWPYUIGHN-UHFFFAOYSA-N	Chemical Probes Portal	control_compound	0	BTZO-3
GBAKVEWPYUIGHN-UHFFFAOYSA-N	Chemical Probes Portal	control_compound	1	BTZO-4
DJOVLOYCGXNVPI-UHFFFAOYSA-N	Chemical Probes Portal	control_compound	0	OICR-0547
WGJCHHJGGFCCRS-DEYDLUNASA-N	Chemical Probes Portal	control_compound	0	CMP98 (cis-cis) - inactive epimer on each side
WGJCHHJGGFCCRS-DEYDLUNASA-N	Chemical Probes Portal	control_compound	1	CMP99 (cis-trans) - inactive epimer on one side, act as VHL inhibitor but not degrader
KNOUWGGQMADIBV-KRWDZBQOSA-N	Chemical Probes Portal	control_compound	0	5-benzyl-N-[(3R)-5-methyl-4-oxo-2,3-dihydro-1,5-benzoxazepin-3-yl]-1,2-oxazole-3-carboxamide
LUHCYAOYQIFNRN-UHFFFAOYSA-N	Chemical Probes Portal	control_compound	0	BSJ-Bump
BLNNXJOEJRKHAM-UHFFFAOYSA-N	Chemical Probes Portal	control_compound	0	ZINC1848444290
CGWBJJZOKGZCSJ-UHFFFAOYSA-N	Chemical Probes Portal	control_compound	0	ISOX-INACT (isolipophilic inactive isomer)
RUBYHLPRZRMTJO-MOVYNIQHSA-N	Chemical Probes Portal	control_compound	0	THZ531R
RUBYHLPRZRMTJO-MOVYNIQHSA-N	Chemical Probes Portal	control_compound	1	THZ532
RDALZZCKQFLGJP-UHFFFAOYSA-N	Chemical Probes Portal	control_compound	0	cpd 7
JBHLOPKIPKTRSU-UHFFFAOYSA-N	Chemical Probes Portal	control_compound	0	THPP-1-NC
RPMGXDCRCWWCRY-JTQLQIEISA-N	Chemical Probes Portal	control_compound	0	BAY-604
SEDFZSHSBUXKAC-NIYFSFCBSA-N	Chemical Probes Portal	control_compound	0	Compound 16
VRVJKILQRBSEAG-LFPIHBKWSA-N	Chemical Probes Portal	control_compound	0	A-486
ZEGMEJVULDALSH-NSHDSACASA-N	Chemical Probes Portal	control_compound	0	cpd 10
ORDHXXHTBUZRCN-NTEUORMPSA-N	Chemical Probes Portal	control_compound	0	Cpd 28
YSVWFFNZZGLLAI-XNTOLAJGSA-N	Chemical Probes Portal	control_compound	0	KISS1-543
KLHOCHQJHXNKAS-UHFFFAOYSA-N	Chemical Probes Portal	control_compound	0	N-(5-(2,3-dihydrobenzo[b][1,4]dioxine-5-carboxamido)-2-methylphenyl)-2-(2-(pyrrolidin-1-yl)ethoxy)quinoline-6-carboxamide
BKLJDIJJOOQUFG-UHFFFAOYSA-N	Chemical Probes Portal	control_compound	0	BAY-588
RRELDGDKULRRDM-UHFFFAOYSA-N	Chemical Probes Portal	control_compound	0	TP-021n
IYHHRZBKXXKDDY-UHFFFAOYSA-N	Chemical Probes Portal	control_compound	0	BI-5026
DYUTWRFEEOPXMN-UHFFFAOYSA-N	Chemical Probes Portal	control_compound	0	BAY-070
AUYCSWFYKYVCLD-HXUWFJFHSA-N	Chemical Probes Portal	control_compound	0	GNE-6689
QMHRLXNEGYTSRV-UHFFFAOYSA-N	Chemical Probes Portal	control_compound	0	BI 0054
LQEHCKYYIXQEBM-FUKIBTTHSA-N	Chemical Probes Portal	control_compound	0	A-1806262
WEGLOYDTDILXDA-OAHLLOKOSA-N	Chemical Probes Portal	control_compound	0	BAY-294
CSJYMAFXYMYNCK-UHFFFAOYSA-N	Chemical Probes Portal	control_compound	0	BAY-207
OAMLIJKKGZLNHE-UHFFFAOYSA-N	Chemical Probes Portal	control_compound	0	MSD-CYP11B2-Negative-control
JTCAGRAKUAAYDY-OAHLLOKOSA-N	Chemical Probes Portal	control_compound	0	CRTH2-negative-control
PXQATVYJKMMHAU-UHFFFAOYSA-N	Chemical Probes Portal	control_compound	0	BI 9307
YNFDIGJKJPNFFD-SJORKVTESA-N	Chemical Probes Portal	control_compound	0	BI 99990
RPHDOVLXDYWDGF-UHFFFAOYSA-N	Chemical Probes Portal	control_compound	0	UCSF924NC
KVJFJJXCBRSCDY-UHFFFAOYSA-N	Chemical Probes Portal	control_compound	0	WM-2474
PGIVGIFOWOVINL-GOSISDBHSA-N	Chemical Probes Portal	control_compound	0	BAY-677
WZQLVEPIBAOOGF-RMMWZPCPSA-N	Chemical Probes Portal	control_compound	0	GSK943
JZTTUZXIQIRVAB-FZEVHQGJSA-N	Chemical Probes Portal	control_compound	0	BI 9446
VLLFGVHGKLDDLW-SFHVURJKSA-N	Chemical Probes Portal	control_compound	0	cpd 10
UEMQPCYDWCSVCU-UHFFFAOYSA-N	Chemical Probes Portal	control_compound	0	NI-198
WILMROCKORZEMQ-VJVIIGMYSA-N	Chemical Probes Portal	control_compound	0	ISOAPOPTOLIDIN
NBDJDKAXIGWAIM-XZOQPEGZSA-N	Chemical Probes Portal	control_compound	0	(S,S)-59
YQOLEILXOBUDMU-KRWDZBQOSA-N	Chemical Probes Portal	control_compound	0	BAY-403
GACOFEKSDCOVMV-RRYXBOBMSA-N	Chemical Probes Portal	control_compound	0	(+)-englerin A
SQNZDYHMCMIGGV-TZPPCSJFSA-N	Chemical Probes Portal	control_compound	0	cis-AT1
RNQODBQYMXYMCT-SJORKVTESA-N	Chemical Probes Portal	control_compound	0	BAY-448
RFZQYGBLRIKROZ-PCLIKHOPSA-N	Chemical Probes Portal	control_compound	0	cpd 6
BPLVDYJDAVYLRQ-UHFFFAOYSA-N	Chemical Probes Portal	control_compound	0	JNJ-40573663
BFTKDWYIRJGJCA-CYBMUJFWSA-N	Chemical Probes Portal	control_compound	0	enant-CPI-637: S)-4-methyl-6-(1-methyl-3-(1-methyl-1H-pyrazol-4-yl)-1H-indazol-5-yl)-1,3,4,5-tetrahydro-2H-benzo[b][1,4]diazepin-2-one
OFWWWKWUCDUISA-UHFFFAOYSA-N	Chemical Probes Portal	control_compound	0	BAY-364
CDQRIIUMNLMHRH-UHFFFAOYSA-N	Chemical Probes Portal	control_compound	0	T-26f (5-((benzyl(methyl)amino)methyl)-N-(3-methoxybenzyl)-4-oxo-3,4-dihydrothieno[2,3-d]pyrimidine-2-carboxamide)
UMRRDXVUROEIKJ-JCXBGQGISA-N	Chemical Probes Portal	control_compound	0	UNC4219
NRSGWEVTVGZDFC-UHFFFAOYSA-N	Chemical Probes Portal	control_compound	0	BAY-4900
ARBRHWRTXPWZGN-UHFFFAOYSA-N	Chemical Probes Portal	control_compound	0	Cpd 4
PXVFFBGSTYQHRO-REQIQPEASA-N	Chemical Probes Portal	control_compound	0	DT2216NC
LIMCHOLAKDUZDS-XARBDFOFSA-N	Chemical Probes Portal	control_compound	0	(-)CRBN-6-5-5-VHL
LIMCHOLAKDUZDS-XARBDFOFSA-N	Chemical Probes Portal	control_compound	1	(*)CRBN-6-5-5-VHL
LIMCHOLAKDUZDS-XARBDFOFSA-N	Chemical Probes Portal	control_compound	2	CRBN-6-5-5-VHL(-)
LIMCHOLAKDUZDS-XARBDFOFSA-N	Chemical Probes Portal	control_compound	3	(-)CRBN-6-5-5-VHL(-)
QMGHHBHPDDAGGO-IIWOMYBWSA-N	Chemical Probes Portal	control_compound	0	TBK1 control PROTAC 4
ZDBWLRLGUBSLPG-FDHYQTMZSA-N	Chemical Probes Portal	control_compound	0	ddSAFit2
FWLMVFUGMHIOAA-UHFFFAOYSA-N	Chemical Probes Portal	control_compound	0	PF-00911705
PNYRDVBFYVDJJI-UHFFFAOYSA-N	Chemical Probes Portal	control_compound	0	SGC705
QPTCYEYTAWEZNT-UHFFFAOYSA-N	Chemical Probes Portal	control_compound	0	ZINC37781618
BIAVGWDGIJKWRM-FQEVSTJZSA-N	Chemical Probes Portal	control_compound	0	SB-223411
XNULRSOGWPFPBL-REWPJTCUSA-N	Chemical Probes Portal	control_compound	0	3S,3aS-27c
UQZCQKXJAXKZQH-LBPRGKRZSA-N	Chemical Probes Portal	control_compound	0	RBN250036
LCFFREMLXLZNHE-GBOLQPHISA-N	Chemical Probes Portal	control_compound	0	cpd 17
GRTDDIZIUSADLD-CRAIPNDOSA-N	Chemical Probes Portal	control_compound	0	cpd 10
PQUGCKBLVKJMNT-UHFFFAOYSA-N	Chemical Probes Portal	control_compound	0	CELECOXIB
WWOOWAHTEXIWBO-QFRSUPTLSA-N	Chemical Probes Portal	control_compound	0	CANSAR1684258
WULUGQONDYDNKY-UHFFFAOYSA-N	Chemical Probes Portal	control_compound	0	BI-1374
PQOOIERVZAXHBP-UHFFFAOYSA-N	Chemical Probes Portal	control_compound	0	UNC1079
COOGVHJHSCBOQT-MRVPVSSYSA-N	Chemical Probes Portal	control_compound	0	JNJ-39668551
DLNFTRSEHUWEGO-HUUCEWRRSA-N	Chemical Probes Portal	control_compound	0	CANSAR3550553
LIIWIMDSZVNYHY-UHFFFAOYSA-N	Chemical Probes Portal	control_compound	0	CANSAR1573319
PDMXSCCBEBCTGX-UHFFFAOYSA-N	Chemical Probes Portal	control_compound	0	CANSAR668256
QBIGUDRHHJTXKG-UUWRZZSWSA-N	Chemical Probes Portal	control_compound	0	CANSAR3452631
JYTISQGEFSHUIR-UHFFFAOYSA-N	Chemical Probes Portal	control_compound	0	CANSAR3550558
GRXCLNMCJWKTAT-UHFFFAOYSA-N	Chemical Probes Portal	control_compound	0	CANSAR389394
VGRLXWFIXGZRMS-UHFFFAOYSA-N	Chemical Probes Portal	control_compound	0	CANSAR3511558
PGKXDIMONUAMFR-AREMUKBSSA-N	Chemical Probes Portal	control_compound	0	CANSAR3550576
PWKAYICUBVNJAZ-UHFFFAOYSA-N	Chemical Probes Portal	control_compound	0	CANSAR3550548
MSTXJJGAXXJCBY-UHFFFAOYSA-N	Chemical Probes Portal	control_compound	0	CANSAR260217
WOAOENGFAAUUGT-UHFFFAOYSA-N	Chemical Probes Portal	control_compound	0	BI-9466
XUKUURHRXDUEBC-KAYWLYCHSA-N	Chemical Probes Portal	control_compound	0	3S, 5S-Atorvastatin
YTINZZFBHWSAGL-NDEPHWFRSA-N	Chemical Probes Portal	control_compound	0	CANSAR3333581
VNCIWNGCMAKKEO-UHFFFAOYSA-N	Chemical Probes Portal	control_compound	0	CANSAR3579025
AVKAVKZKOFSSMY-DEOSSOPVSA-N	Chemical Probes Portal	control_compound	0	CANSAR3139360
QGNDVASWIHEXCL-AWEZNQCLSA-N	Chemical Probes Portal	control_compound	0	SGC‐iMLLT‐N
AQTNUGRRZDRZIA-UHFFFAOYSA-N	Chemical Probes Portal	control_compound	0	SGC-BRDVIII-NC
RZFJBSIAXYEPBX-UHFFFAOYSA-N	Chemical Probes Portal	control_compound	0	CANSAR1854626
IXWUILRSNIQHDM-QGZVFWFLSA-N	Chemical Probes Portal	control_compound	0	PFI-6N
INAICWLVUAKEPB-QSTFCLMHSA-N	Chemical Probes Portal	control_compound	0	PFI-oMet
AUOSKLDNVNGKRR-UHFFFAOYSA-N	Chemical Probes Portal	control_compound	0	SGC-GAK-1N
AUOSKLDNVNGKRR-UHFFFAOYSA-N	Chemical Probes Portal	control_compound	1	KA2
ZRTFTZCKJUNZIU-HNNXBMFYSA-N	Chemical Probes Portal	control_compound	0	NSV-MLLT-C
CZKPAGLXQOQNEI-UHFFFAOYSA-N	Chemical Probes Portal	control_compound	0	(rac)-2,3-dimethoxy-5-(1-methoxyhexyl)pyridin-4-ol (Compound 24)
JKJMWHULJIOKPJ-UHFFFAOYSA-N	Chemical Probes Portal	control_compound	0	KT195
MLJVGAYSVYMPSB-MSUKGTQXSA-N	Chemical Probes Portal	control_compound	0	CANSAR3883275
CDJPHTNUARAVMH-SECBINFHSA-N	Chemical Probes Portal	control_compound	0	(S)-9s
OQFCHSFVWSLDAO-UHFFFAOYSA-N	Chemical Probes Portal	control_compound	0	DCLK1-NEG
AJBBEYXFRYFVNM-UHFFFAOYSA-N	Chemical Probes Portal	control_compound	0	CANSAR690755
FLNYLINBEZROPL-NSOVKSMOSA-N	Chemical Probes Portal	control_compound	0	CANSAR335710
CMJJZRAAQMUAFH-INIZCTEOSA-N	Chemical Probes Portal	control_compound	0	CANSAR3203052
MSIJJXOWLFOYIN-UHFFFAOYSA-N	Chemical Probes Portal	control_compound	0	TP-422
FFLJVBPCONQSQW-UHFFFAOYSA-N	Chemical Probes Portal	control_compound	0	MU1700NC
IESAJAZKMLPVIB-VXGBXAGGSA-N	Chemical Probes Portal	control_compound	0	BAY-9897
PEMUGDMSUDYLHU-ZEQRLZLVSA-N	Chemical Probes Portal	control_compound	0	Compound-21
NXQKSXLFSAEQCZ-SFHVURJKSA-N	Chemical Probes Portal	control_compound	0	Compound-8
RIGHCDSORZCRDE-UHFFFAOYSA-N	Chemical Probes Portal	control_compound	0	CANSAR3894094
RAXZSEGXMBWYQK-SNVBAGLBSA-N	Chemical Probes Portal	control_compound	0	ERKi-NC
LUVOYGUFQRWXGQ-UHFFFAOYSA-N	Chemical Probes Portal	control_compound	0	JNJ-78732576
MCLDWKVRXDHDEI-UHFFFAOYSA-N	Chemical Probes Portal	control_compound	0	SGC-CAF268-1N
VSMTYSWGHKYXOF-UHFFFAOYSA-N	Chemical Probes Portal	control_compound	0	CANSAR3453338
NWTCZTAQSRLSCP-UHFFFAOYSA-N	Chemical Probes Portal	control_compound	0	QC-03-075
OAZAPIKYVGRNCO-UHFFFAOYSA-N	Chemical Probes Portal	control_compound	0	CANSAR3897548
JKDGKIBAOAFRPJ-ZBINZKHDSA-N	Chemical Probes Portal	control_compound	0	CANSAR1682746
DJVYXMINSBMUHH-QAQDUYKDSA-N	Chemical Probes Portal	control_compound	0	CANSAR137197
COGUZYALRYMQTD-LJQANCHMSA-N	Chemical Probes Portal	control_compound	0	CANSAR3329968
FWJRVGZWNDOOFH-OAHLLOKOSA-N	Chemical Probes Portal	control_compound	0	CANSAR1421688
NIPTUMFVYBXSMZ-JOCHJYFZSA-N	Chemical Probes Portal	control_compound	0	SGC6870N
WDBUEMWHXKHQNB-NNAUULPKSA-N	Chemical Probes Portal	control_compound	0	DGY-09-192-Neg
LWXOPXNDPRPGMJ-UHFFFAOYSA-N	Chemical Probes Portal	control_compound	0	N-(2-((5-chloro-7H-pyrrolo[2,3-d]pyrimidin-4-yl)amino)phenyl)propionamide
KOZGEDUWAQFVAV-UHFFFAOYSA-N	Chemical Probes Portal	control_compound	0	UNC7145
VNSQFPFWUAZOTQ-UHFFFAOYSA-N	Chemical Probes Portal	control_compound	0	Ctx-533
LXRBPWHQMGKMRT-GOSISDBHSA-N	Chemical Probes Portal	control_compound	0	BAY-728
IVOACCSOISMVBL-UHFFFAOYSA-N	Chemical Probes Portal	control_compound	0	JN8034
HEUVRFNVTLGKMZ-SANMLTNESA-N	Chemical Probes Portal	control_compound	0	ABT-108
DNVXATUJJDPFDM-KRWDZBQOSA-N	Chemical Probes Portal	control_compound	0	(-)-JQ1
NZYTZRHHBAJPKN-UHFFFAOYSA-N	Chemical Probes Portal	control_compound	0	MRK-740-NC
BDYDINKSILYBOL-WMZHIEFXSA-N	Chemical Probes Portal	control_compound	0	GSK106
DUCNNEYLFOQFSW-PMERELPUSA-N	Chemical Probes Portal	control_compound	0	GSK990
RPBMXJHQYJLPDN-UHFFFAOYSA-N	Chemical Probes Portal	control_compound	0	TP-472N
RMCSKUADBRROSI-UHFFFAOYSA-N	Chemical Probes Portal	control_compound	0	CANSAR149525
RIWTUJFFSTVYPW-UHFFFAOYSA-N	Chemical Probes Portal	control_compound	0	M4K2234-NC
HKASDKLLEVWKJA-YADARESESA-N	Chemical Probes Portal	control_compound	0	CANSAR577267
LZNFQRSVDZCPTR-SCFUHWHPSA-N	Chemical Probes Portal	control_compound	0	N/A
LQHDIGAYVSAVRJ-UHFFFAOYSA-N	Chemical Probes Portal	control_compound	0	(S)-6-(4-(4-(2-(2,4-dimethyl-3-oxopiperazin-1-yl)ethoxy)phenyl)piperidin-1-yl)-2-methyl-[1,2,4]triazolo[4,3-b]pyridazin-3(2H)-one
BWBUPDTUXQDHSX-AWEZNQCLSA-N	Chemical Probes Portal	control_compound	0	CS640s
ZRHWCAFAIHTQKD-QGZVFWFLSA-N	Chemical Probes Portal	control_compound	0	CANSAR1531928
OBJNFLYHUXWUPF-IZZDOVSWSA-N	Chemical Probes Portal	control_compound	0	V0G
XVFDNRYZXDHTHT-PXAZEXFGSA-N	Chemical Probes Portal	control_compound	0	BI-0178
RVOZYMPVGIVNJX-UHFFFAOYSA-N	Chemical Probes Portal	control_compound	0	BAY-7424
TVMJSGGZULFVCZ-XMMPIXPASA-N	Chemical Probes Portal	control_compound	0	BIBO3457
ZAGCLFXBHOXXEN-JPTLTNPLSA-N	Chemical Probes Portal	control_compound	0	cis-VZ185
MSFPLTWUFWOKBX-IFXJQAMLSA-O	Chemical Probes Portal	control_compound	0	D-Moses
ZRPZPNYZFSJUPA-UHFFFAOYSA-N	Chemical Probes Portal	control_compound	0	R-atropisomer
NDRFFOKFYGUOKD-ZDUSSCGKSA-N	Chemical Probes Portal	control_compound	0	CANSAR4120193
PJKRNPPUSQSCHN-UHFFFAOYSA-N	Chemical Probes Portal	control_compound	0	BI-0337
QGPXEIMWTKWHMH-DEOSSOPVSA-N	Chemical Probes Portal	control_compound	0	BI 0153
AAHNBILIYONQLX-UHFFFAOYSA-N	Chemical Probes Portal	control_compound	0	GSM-NC
FRPJGTNLZNXQEX-UHFFFAOYSA-N	Chemical Probes Portal	control_compound	0	A-769
WDZVWDXOIGQJIO-UHFFFAOYSA-N	Chemical Probes Portal	control_compound	0	GSI-NC
LWJGMYMNSNVCEM-UHFFFAOYSA-N	Chemical Probes Portal	control_compound	0	PF-04475866
BEBDKSYNJJVZSO-SECBINFHSA-N	Chemical Probes Portal	control_compound	0	CANSAR3880517
SWOIFXHMBKFCRM-UHFFFAOYSA-N	Chemical Probes Portal	control_compound	0	CANSAR3935391
FOECKIWHCOYYFL-UHFFFAOYSA-N	Chemical Probes Portal	control_compound	0	PPTN-NC
UNSHMXUHOHBLIQ-UHFFFAOYSA-N	Chemical Probes Portal	control_compound	0	BAY-771
ZGBAPSHWPBXEKN-OPHFCASCSA-N	Chemical Probes Portal	control_compound	0	BAY-694
KIWKRCCIHSGWQS-VIFPVBQESA-N	Chemical Probes Portal	control_compound	0	JYQ88
LZSPYTNDRPEZBK-OXYJHPMESA-N	Chemical Probes Portal	control_compound	0	BAY-173
CYFBRQHYEQKYHH-MRXNPFEDSA-N	Chemical Probes Portal	control_compound	0	CANSAR3597779
CSBKUBOVPUXFLO-MAVVKCOWSA-N	Chemical Probes Portal	control_compound	0	A-1210227
BRJXJOWXAFLRTE-OAQYLSRUSA-N	Chemical Probes Portal	control_compound	0	CANSAR3872900
HDZWHJYZJWLTAG-UHFFFAOYSA-N	Chemical Probes Portal	control_compound	0	SR10389
WCPXAGKUVIPMIY-TZQLILQPSA-N	Chemical Probes Portal	control_compound	0	CANSAR3622970
VHSIAYLBCLUAFT-UHFFFAOYSA-N	Chemical Probes Portal	control_compound	0	MRL-CB1-NC
AZXOTZCWQDJCLY-SJCJKPOMSA-N	Chemical Probes Portal	control_compound	0	BAY-2297
APLVGTKXOIMODQ-IBGZPJMESA-N	Chemical Probes Portal	control_compound	0	FHT-5908
TXIYVFVMXNFNRX-UHFFFAOYSA-N	Chemical Probes Portal	control_compound	0	CANSAR3550556
MAHFVAHPQSLLJF-IBGZPJMESA-N	Chemical Probes Portal	control_compound	0	TP-030n
BNYXRPMABDQJJR-UHFFFAOYSA-N	Chemical Probes Portal	control_compound	0	SGC-STK17B-1N
UCBIQZUJJSVQHL-UHFFFAOYSA-N	Chemical Probes Portal	control_compound	0	CANSAR3153834
WBFJDKLBAAHKIL-UHFFFAOYSA-N	Chemical Probes Portal	control_compound	0	CANSAR3550540
DVIVLYHDLNAXAT-OAQYLSRUSA-N	Chemical Probes Portal	control_compound	0	BAY-0361
HZRJHVDNTDBTOZ-QGZVFWFLSA-N	Chemical Probes Portal	control_compound	0	BAY-440
KLGDKBPAEMOECW-UHFFFAOYSA-N	Chemical Probes Portal	control_compound	0	DKFZ-829
HLHNFJNSQZZUNW-MAEOIBBWSA-N	Chemical Probes Portal	control_compound	0	CANSAR3550545
AUIFRJWXYUNPPV-QFIPXVFZSA-N	Chemical Probes Portal	control_compound	0	BI 3047
KHVVJKLNKLQLJZ-SFHVURJKSA-N	Chemical Probes Portal	control_compound	0	TP-030n
VGFHPNRWHOQLEB-UHFFFAOYSA-N	Chemical Probes Portal	control_compound	0	SGC-PI5P4Kγ/MYLK4-1N
VUIITYLFSAXKIQ-UHFFFAOYSA-N	Chemical Probes Portal	control_compound	0	N-((2-(1-(2-methoxyethyl)piperidin-4-yl)pyridin-4-yl)methyl)-N-methyl-3-phenoxybenzamide
KTACUAZSJJIUKD-QXONSOMPSA-N	Chemical Probes Portal	control_compound	0	MR7
IEFFSHLHNYVSEF-UHFFFAOYSA-N	Chemical Probes Portal	control_compound	0	T3-CLK-N
LVEUPFUJRKZPEN-UHFFFAOYSA-N	Chemical Probes Portal	control_compound	0	Al11
YCFFONJEHNSECY-UHFFFAOYSA-N	Chemical Probes Portal	control_compound	0	CANSAR3550543
WGMNFJAFXXXRLZ-GEVKEYJPSA-N	Chemical Probes Portal	control_compound	0	SR-301
HEVVNKYNJCSHFA-UHFFFAOYSA-N	Chemical Probes Portal	control_compound	0	SGC-CK2-2N
QPGYAMIHXLCFTJ-UHFFFAOYSA-N	Chemical Probes Portal	control_compound	0	D5
HKROEBDHHKMNBZ-CHBKHGQFSA-N	Chemical Probes Portal	control_compound	0	A-226
PTAMRJLIOCHJMQ-PYNGZGNASA-N	Chemical Probes Portal	control_compound	0	cisMZ1
JGPJQFOROWSRRS-UHFFFAOYSA-N	Chemical Probes Portal	control_compound	0	BEPAFANT
GPXQUPCJIJBXHJ-UHFFFAOYSA-N	Chemical Probes Portal	control_compound	0	CANSAR3935388
VLYNCWZASZUTNV-FCQUAONHSA-N	Chemical Probes Portal	control_compound	0	BI-4481
XKDHFIPNTTUSIA-UHFFFAOYSA-N	Chemical Probes Portal	control_compound	0	BI-0955
UCJZOKGUEJUNIO-IINYFYTJSA-N	Chemical Probes Portal	control_compound	0	CANSAR3148275
JQLMEZBHIJSVKR-UHFFFAOYSA-N	Chemical Probes Portal	control_compound	0	JA314
YLHSFRZHEMHKAF-UHFFFAOYSA-N	Chemical Probes Portal	control_compound	0	CANSAR3935392
DORZPJWJOBMQKC-UHFFFAOYSA-N	Chemical Probes Portal	control_compound	0	SGC-PICFYVE-NC
NDEORODKVUYMFQ-NHCUHLMSSA-N	Chemical Probes Portal	control_compound	0	GSK791
IIKPYJZUOZRTIB-UHFFFAOYSA-N	Chemical Probes Portal	control_compound	0	SGC-CDKL2/AAK1/BMP2K-1N
HEAGNKNMQVIVMM-UHFFFAOYSA-N	Chemical Probes Portal	control_compound	0	MU140
JNAABFZPXJJMPX-UHFFFAOYSA-N	Chemical Probes Portal	control_compound	0	IPP/CNRS-A019
JWZAQUXBYYOGFA-UHFFFAOYSA-N	Chemical Probes Portal	control_compound	0	BI-9930
RTFQFPZKDYMMMJ-RIAKQDHQSA-N	Chemical Probes Portal	control_compound	0	cisSGK3-PROTAC
YJOJMGTVKMABKQ-FIQOPJFZSA-N	Chemical Probes Portal	control_compound	0	BSJ-4-116-NC
QUQTXFIMYFMULC-OGOZKGDESA-N	Chemical Probes Portal	control_compound	0	eTRIM24
PACRWHUPEPCFHX-UHFFFAOYSA-N	Chemical Probes Portal	control_compound	0	CP-23
ZUODKONSNNHSAJ-AMLBMYBGSA-N	Chemical Probes Portal	control_compound	0	CANSAR3575573
XIRQUXILNXIWDI-UHFFFAOYSA-N	Chemical Probes Portal	control_compound	0	TL13-110
HZHUKQLWLNDVDZ-IBDVCRJISA-N	Chemical Probes Portal	control_compound	0	SKI-73N
XPEJZXWPKDAYFX-UHFFFAOYSA-N	Chemical Probes Portal	control_compound	0	canSAR3148937
SYRVEVZSXHRXIX-KRWDZBQOSA-N	Chemical Probes Portal	control_compound	0	CANSAR4213492
WAFNVKVWBPXGHK-QDUSTFBWSA-N	Chemical Probes Portal	control_compound	0	canSAR136067
BUIJBFHGUQJYSD-XZOQPEGZSA-N	Chemical Probes Portal	control_compound	0	CANSAR4208957
GRKYJLSMFYQHMP-APASRLOHSA-N	Chemical Probes Portal	control_compound	0	CANSAR4199061
ZOJWMCDSTRTTOW-UHFFFAOYSA-N	Chemical Probes Portal	control_compound	0	ZXH-7035
BPLPIBNWDLPUKP-UHFFFAOYSA-N	Chemical Probes Portal	control_compound	0	CANSAR3550554
CRLZRGXSDBAEFD-UHFFFAOYSA-N	Chemical Probes Portal	control_compound	0	JP3001
KPABJHHKKJIDGX-JOCHJYFZSA-N	Chemical Probes Portal	control_compound	0	N-[(1S)-2-(dimethylamino)-1-phenyl-ethyl]-6,6-dimethyl-3-[[4-(propanoylamino)benzoyl]amino]-1,4-dihydropyrrolo[3,4-c]pyrazole-5-carboxamide
HKXSBJJCHBFTMB-UHFFFAOYSA-N	Chemical Probes Portal	control_compound	0	ferrostatin-1
IRKXKBMGTVDZAJ-UHFFFAOYSA-N	Chemical Probes Portal	control_compound	0	cpd 14A
VBTBURGKMCKOJC-UHFFFAOYSA-N	Chemical Probes Portal	control_compound	0	cpd 20n
JJRRWLVKNLMRSA-UHFFFAOYSA-N	Chemical Probes Portal	control_compound	0	MS8535N
VZAFGXCWAWRULT-UONOGXRCSA-N	Chemical Probes Portal	control_compound	0	GSK4028
OLEFHQBTXFCZON-HXUWFJFHSA-N	Chemical Probes Portal	control_compound	0	JNJ-6240
WZMIWVZGYMKUDV-UHFFFAOYSA-N	Chemical Probes Portal	control_compound	0	CANSAR3893768
LPQXZOJIUVOCAL-NRFANRHFSA-N	Chemical Probes Portal	control_compound	0	BAY-1880
XVECNLUKQDKOST-UHFFFAOYSA-N	Chemical Probes Portal	control_compound	0	NVS-CECR2-C
CKFRXCBNKKOFGO-IGEOTXOUSA-N	Chemical Probes Portal	control_compound	0	BAY-444
MMJPVSDTLGFIQW-UHFFFAOYSA-N	Chemical Probes Portal	control_compound	0	BI 4395
ZGTWRRCZLAOQMY-UHFFFAOYSA-N	Chemical Probes Portal	control_compound	0	canSAR1285572
UFKFTBGGMLIIME-DEOSSOPVSA-N	Chemical Probes Portal	control_compound	0	LH222
MVULIYLBRNHLEE-LFHXYJAASA-N	Chemical Probes Portal	control_compound	0	PROTAC-7
BOXZMOCGSKLDAH-OUZJXKGJSA-N	Chemical Probes Portal	control_compound	0	canSAR3923653
KBTKRNXLECYGBY-NERSTHRASA-N	Chemical Probes Portal	control_compound	0	CANSAR4199059
OFNZESNEBSQKSE-BQGOKDIQSA-N	Chemical Probes Portal	control_compound	0	CANSAR3550550
OFNZESNEBSQKSE-BQGOKDIQSA-N	Chemical Probes Portal	control_compound	1	CANSAR3550551
GJCIYFAPQUEGNE-UHFFFAOYSA-N	Chemical Probes Portal	control_compound	0	canSAR3135622
GEPYBHCJBORHCE-SFHVURJKSA-N	Chemical Probes Portal	control_compound	0	SGC-CBP30N (BDOIA513)
JCKGSPAAPQRPBW-OAQYLSRUSA-N	Chemical Probes Portal	control_compound	0	(S)-PFI-2
BJFSUDWKXGMUKA-UHFFFAOYSA-N	Chemical Probes Portal	control_compound	0	Not available
QOECJCJVIMVJGX-UHFFFAOYSA-N	Chemical Probes Portal	control_compound	0	QQS
DPJNKUOXBZSZAI-UHFFFAOYSA-N	Chemical Probes Portal	control_compound	0	UNC2400
WBKCKEHGXNWYMO-UHFFFAOYSA-N	Chemical Probes Portal	control_compound	0	Ethyl 3-((6-(4,5-dihydro-1H-benzo[d]azepin-3(2H)-yl)-2-(pyridin-3-yl)pyrimidin-4-yl)amino)propanoate
BKCDJTRMYWSXMC-UHFFFAOYSA-N	Chemical Probes Portal	control_compound	0	DS607
OTTJIRVZJJGFTK-SFHVURJKSA-N	Chemical Probes Portal	control_compound	0	canSAR543398
ZKXZLIFRWWKZRY-KRWDZBQOSA-N	Chemical Probes Portal	control_compound	0	canSAR1582710
ABGOSOMRWSYAOB-UHFFFAOYSA-N	Chemical Probes Portal	control_compound	0	A-197
ABGOSOMRWSYAOB-UHFFFAOYSA-N	Chemical Probes Portal	control_compound	1	SGC2043
LGWDVWIZDPGCFG-UHFFFAOYSA-N	Chemical Probes Portal	control_compound	0	PZ-3067
IFWUBRBMMNTBRZ-UHFFFAOYSA-N	Chemical Probes Portal	control_compound	0	N-Methyl-PDD00017273
REVJNSVNICWODC-KIDMSAQOSA-N	Chemical Probes Portal	control_compound	0	A-395N
NDVQUNZCNAMROD-RZUBCFFCSA-N	Chemical Probes Portal	control_compound	0	cisVH298
PIEQDBPBBQPLPL-UHFFFAOYSA-N	Chemical Probes Portal	control_compound	0	canSAR3136718
BHUZLJOUHMBZQY-YXQOSMAKSA-N	Chemical Probes Portal	control_compound	0	NILTUBACIN
VPQCHIWQHIOPQS-UHFFFAOYSA-N	Chemical Probes Portal	control_compound	0	canSAR4558227
HXBRBOYWXDLHDC-UHFFFAOYSA-N	Chemical Probes Portal	control_compound	0	RL2578
RJTJRVASUFIDQM-UHFFFAOYSA-N	Chemical Probes Portal	control_compound	0	MSD-M1PAM-NC
MDGIEDNDSFMSLP-UHFFFAOYSA-N	Chemical Probes Portal	control_compound	0	ZINC32547799
YCBIMOYJAYMCOJ-CCEZHUSRSA-N	Chemical Probes Portal	control_compound	0	UNC11366
YCBIMOYJAYMCOJ-CCEZHUSRSA-N	Chemical Probes Portal	control_compound	1	UNC11277
GYKNPXCQINZRLL-UHFFFAOYSA-N	Chemical Probes Portal	control_compound	0	JB211
ISNXAOFEMNFJCO-YUXAGFNASA-N	Chemical Probes Portal	control_compound	0	ABD298
ISNXAOFEMNFJCO-YUXAGFNASA-N	Chemical Probes Portal	control_compound	1	JJH254
XUZMWHLSFXCVMG-UHFFFAOYSA-N	Chemical Probes Portal	control_compound	0	INCB027753
XUZMWHLSFXCVMG-UHFFFAOYSA-N	Chemical Probes Portal	control_compound	1	INCB029843
ZBCMHWUFWQFPLV-VVOJOOEHSA-N	Chemical Probes Portal	control_compound	0	(R)-6-(2-Chloro-4-(4-methyl-2-oxopyridin-1(2H)-yl)phenyl)- 2-(methylamino)-8-(morpholin-2-ylmethyl)pyrido[2,3-d]- pyrimidin-7(8H)-one
JCINBYQJBYJGDM-UHFFFAOYSA-N	Chemical Probes Portal	control_compound	0	Not available
IENLGMOXAQMNEH-CYBMUJFWSA-N	Chemical Probes Portal	control_compound	0	Not available
MJSHVHLADKXCML-RQNOJGIXSA-N	Chemical Probes Portal	control_compound	0	Compound 20 from J Med Chem paper
SXQZEMXQTRNLRZ-HXUWFJFHSA-N	Chemical Probes Portal	control_compound	0	(S)-SKBG-1N
GXTJETQFYHZHNB-GASCZTMLSA-N	Chemical Probes Portal	control_compound	0	BI-5273
QLXULUNLCRKWRD-UHFFFAOYSA-N	Chemical Probes Portal	control_compound	0	WM-2474
JWZSSEWMVYKYKW-UHFFFAOYSA-N	Chemical Probes Portal	control_compound	0	FM-743
OZFFKOSQNBBYCA-UHFFFAOYSA-N	Chemical Probes Portal	control_compound	0	BAY-974
WBLVOWHFRUAMCP-UHFFFAOYSA-N	Chemical Probes Portal	control_compound	0	CANSAR1840627
DTBGJTHCIGPRDA-UHFFFAOYSA-N	Chemical Probes Portal	control_compound	0	STM2120
DKZYXHCYPUVGAF-JCNLHEQBSA-N	Chemical Probes Portal	control_compound	0	Cpd1
YKDZIFFKQUNVHH-UHFFFAOYSA-N	Chemical Probes Portal	control_compound	0	SGC-CK2-1N
GJYVLTPTDBQQCY-UHFFFAOYSA-N	Chemical Probes Portal	control_compound	0	SGC-CLK-1
KNLROUBMVYVLGX-UHFFFAOYSA-N	Chemical Probes Portal	control_compound	0	Compound 2 from Smith et al. 2016 (propionamide of JAK3i)
AUWUGRCKTQSGJY-HHHXNRCGSA-N	Chemical Probes Portal	control_compound	0	MIC-nc
GSGDUDAFETZSPM-IATAILRESA-N	Chemical Probes Portal	control_compound	0	canSAR3997277
FMTVWAGUJRUAKE-UHFFFAOYSA-N	Chemical Probes Portal	control_compound	0	MS094
BNTAEJNPQLMGDJ-LLVKDONJSA-N	Chemical Probes Portal	control_compound	0	TPn-004
LQTWDAYNGMMHLV-UHFFFAOYSA-N	Chemical Probes Portal	control_compound	0	JQEZ23
YHMDHAMZFMNMTF-MSOLQXFVSA-N	Chemical Probes Portal	control_compound	0	(2R,4R)-1-(3-Cyano-6-methyl-4-(trifluoromethyl)pyridin-2-yl)-4-hydroxy-N-methyl-N-(m-tolyl)pyrrolidine-2-carboxamide
DMIDPTCQPIJYFE-UHFFFAOYSA-N	Chemical Probes Portal	control_compound	0	XY1
HSVRUECLQUGTDS-UHFFFAOYSA-N	Chemical Probes Portal	control_compound	0	AGI-38053
VUIRVWPJNKZOSS-UHFFFAOYSA-N	Chemical Probes Portal	control_compound	0	NCGC-959
NVGROBHDOYRPAN-FPTDNZKUSA-N	Chemical Probes Portal	control_compound	0	NVS-MALT1-C
VKQBTIMLSDGNLG-QHCPKHFHSA-N	Chemical Probes Portal	control_compound	0	BAY-897
NIHAFOURWLZLFN-UHFFFAOYSA-N	Chemical Probes Portal	control_compound	0	CANSAR3935430
WXTJCPHELGTTJU-FMKPAKJESA-N	Chemical Probes Portal	control_compound	0	canSAR7067859
DNVFTXQYIYFQBW-UHFFFAOYSA-N	Chemical Probes Portal	control_compound	0	FRIN-1
ASRLBLHATMXGPC-UHFFFAOYSA-N	Chemical Probes Portal	control_compound	0	BI-4827
GJMZWYLOARVASY-NTCAYCPXSA-N	Chemical Probes Portal	control_compound	0	canSAR3595486
LBFYQISQYCGDDW-UHFFFAOYSA-N	Chemical Probes Portal	control_compound	0	Compound 7 and 9 (Nat. Chem. Biol. 2015, 11, 973-980)
ODRITQGYYWHQGM-INIZCTEOSA-N	Chemical Probes Portal	control_compound	0	MSC2530819
XBWKVZHZUZNMJE-UHFFFAOYSA-N	Chemical Probes Portal	control_compound	0	JA262
BXNMZRPTQFVRFA-QGZVFWFLSA-N	Chemical Probes Portal	control_compound	0	PF-05257137
RSJAXPUYVJKAAA-JPGJPTAESA-N	Chemical Probes Portal	control_compound	0	BIIE0212
OAEWNSKRLBVVBV-QSEAXJEQSA-N	Chemical Probes Portal	control_compound	0	A-545
BZCALJIHZVNMGJ-HSZRJFAPSA-N	Chemical Probes Portal	control_compound	0	cpd 9b
KDFQABSFVYLGPM-QFIPXVFZSA-N	Chemical Probes Portal	control_compound	0	CANSAR236284
PZGSYNNVPNLHQG-SANMLTNESA-N	Chemical Probes Portal	control_compound	0	BAY-786
VXNAMCLMCBLNOL-NFQMXDRXSA-N	Chemical Probes Portal	control_compound	0	CANSAR3894697
HVVLGXULBVAFRZ-UHFFFAOYSA-N	Chemical Probes Portal	control_compound	0	BAY-726
TYXSIXOYTBHZFA-UHFFFAOYSA-N	Chemical Probes Portal	control_compound	0	TP-024n
QXURFIGBRGWPQD-UHFFFAOYSA-N	Chemical Probes Portal	control_compound	0	BAY-693
AFJRYPJIKHMNGL-UHFFFAOYSA-N	Chemical Probes Portal	control_compound	0	RO4991571
ODOJVROSIRINJT-LJQANCHMSA-N	Chemical Probes Portal	control_compound	0	C3TD879-N
QJWQAZTYFYCFQU-RMKNXTFCSA-N	Chemical Probes Portal	control_compound	0	CANSAR4199076
BFMWIVWPPKENIN-AWEZNQCLSA-N	Chemical Probes Portal	control_compound	0	cpd 30
JFHROPTYMMSOLG-UHFFFAOYSA-N	Chemical Probes Portal	control_compound	0	cpd 3
BZJPCUQQPJJBTP-FGZHOGPDSA-N	Chemical Probes Portal	control_compound	0	canSAR7378125
OLAGZWUBPYQCBR-JSKJCRAUSA-N	Chemical Probes Portal	control_compound	0	canSAR7437535
KVDLSQZBDWJNSG-VINRIKPSSA-N	Chemical Probes Portal	control_compound	0	canSAR7437536
ISQCXAWAHDJCRH-FKDRFZFOSA-N	Chemical Probes Portal	control_compound	0	canSAR7437537
ISQCXAWAHDJCRH-FKDRFZFOSA-N	Chemical Probes Portal	control_compound	1	canSAR7437563
JBTHUOYYUUPUOZ-LIHPQFRDSA-N	Chemical Probes Portal	control_compound	0	canSAR7437538
PTARASCXNREVCH-UHFFFAOYSA-N	Chemical Probes Portal	control_compound	0	canSAR7437539
AJQAXIIJKPCAOP-XVNGORCSSA-N	Chemical Probes Portal	control_compound	0	canSAR7437540
AJQAXIIJKPCAOP-XVNGORCSSA-N	Chemical Probes Portal	control_compound	1	canSAR7437564
PLCITURFVJNAFH-GUQHISFFSA-N	Chemical Probes Portal	control_compound	0	canSAR7437541
NIQFZCJNEODJTE-CSIWTOAPSA-N	Chemical Probes Portal	control_compound	0	canSAR7018955
DYDFSGCLYIZSAQ-UHFFFAOYSA-N	Chemical Probes Portal	control_compound	0	canSAR7437562
ANAOJSKQILNLRY-MWTRTKDXSA-N	Chemical Probes Portal	control_compound	0	canSAR7437561
FIFRHLLUVCAOIK-SJCJKPOMSA-N	Chemical Probes Portal	control_compound	0	canSAR7437560
MMHYOHYLSFWJJB-ZDUSSCGKSA-N	Chemical Probes Portal	control_compound	0	canSAR7437558
YPXUKPNZQTWCRR-UHFFFAOYSA-N	Chemical Probes Portal	control_compound	0	canSAR7437557
DJOZFERTDDZPJO-UHFFFAOYSA-N	Chemical Probes Portal	control_compound	0	canSAR7437555
YOOKRVNCYQFKCT-UHFFFAOYSA-N	Chemical Probes Portal	control_compound	0	canSAR7437554
RGHSVQHKNJAFGR-QFIPXVFZSA-N	Chemical Probes Portal	control_compound	0	canSAR7437552
XHMSDQXEIBTTBE-QFIPXVFZSA-N	Chemical Probes Portal	control_compound	0	canSAR7437551
FFUVDKANSJZSAK-JDXGNMNLSA-N	Chemical Probes Portal	control_compound	0	canSAR7437550
XRAUKWUDYSUHJM-LLVKDONJSA-N	Chemical Probes Portal	control_compound	0	canSAR7437548
IYFKRANQUJUTKF-UHFFFAOYSA-N	Chemical Probes Portal	control_compound	0	canSAR7088058
LDFDXTNMCGLUMQ-YGKODULZSA-N	Chemical Probes Portal	control_compound	0	canSAR7437546
RIEBAXQZOMUWKX-UHFFFAOYSA-N	Chemical Probes Portal	control_compound	0	canSAR7402268
LPDOIXPRZOWBJV-HOCLYGCPSA-N	Chemical Probes Portal	control_compound	0	canSAR4208972
APEYSKGQWJKJAZ-LCLGPXMOSA-N	Chemical Probes Portal	control_compound	0	canSAR7083887
APEYSKGQWJKJAZ-LCLGPXMOSA-N	Chemical Probes Portal	control_compound	1	canSAR7437565
FHFUBRLTXZVOQX-UHFFFAOYSA-N	Chemical Probes Portal	control_compound	0	NC-Z16
FHFUBRLTXZVOQX-UHFFFAOYSA-N	Chemical Probes Portal	control_compound	1	canSAR7369919
CLUWNSLFLMBFKA-RMCUFUCFSA-N	Chemical Probes Portal	control_compound	0	canSAR7412571
PWYJKWQDDHJXMJ-YKCITUTQSA-N	Chemical Probes Portal	control_compound	0	canSAR7437542
GPZKXLCJTKULAU-UHFFFAOYSA-N	Chemical Probes Portal	control_compound	0	canSAR7437543
BXCPYBFBMAWDDY-UHFFFAOYSA-N	Chemical Probes Portal	control_compound	0	Neg-CPS2
LFCNOSRNWFMQLB-UHFFFAOYSA-N	Chemical Probes Portal	control_compound	0	canSAR7437559
HKSBXNVKPFTBIG-WUEKOBJSSA-N	Chemical Probes Portal	control_compound	0	CANSAR3935386
LPKVYTQGJNTZKY-UHFFFAOYSA-N	Chemical Probes Portal	control_compound	0	canSAR7437547
LPKVYTQGJNTZKY-UHFFFAOYSA-N	Chemical Probes Portal	control_compound	1	canSAR7437566
DQRZNYPHOWVXPQ-YDUPODKQSA-N	Chemical Probes Portal	control_compound	0	cis-ACBI3
ZOSWUNAJRAEGEW-YTIGDUPRSA-N	Chemical Probes Portal	control_compound	0	canSAR7385591
CSTHTJLTORVUST-UHFFFAOYSA-N	Chemical Probes Portal	control_compound	0	canSAR7437549
ZGSWGXNEXAXEGV-XFCHVEHOSA-N	Chemical Probes Portal	control_compound	0	ent-6
PPNNFXIBKLCMTI-WXEAQWFJSA-N	Chemical Probes Portal	control_compound	0	UNC7043
IPNTVOAQOGRLQB-JJMBTQCASA-N	Chemical Probes Portal	control_compound	0	canSAR3549010
IVARZBJJMMUJHI-SQKKEFIPSA-N	Chemical Probes Portal	control_compound	0	cis-ACBI1
USEHXUPBCSTAIO-RAUDMRIHSA-N	Chemical Probes Portal	control_compound	0	canSAR7437534
BOMRVPKXCINUMI-ZEGZQYLTSA-N	Chemical Probes Portal	control_compound	0	AK-1690me
DOVSNSDMRJVTMR-JOCHJYFZSA-N	Chemical Probes Portal	control_compound	0	CANSAR748058
WFVKDTWKNVLGGS-UHFFFAOYSA-N	Chemical Probes Portal	control_compound	0	canSAR7437545
JTTGVFCANBFLCE-CJLVFECKSA-N	Chemical Probes Portal	control_compound	0	canSAR7437544
ROINLDWZNWCWJK-ZYIHSGTPSA-N	Chemical Probes Portal	control_compound	0	SK3288
BOXPLNRWIHHHBO-CHCOZFFLSA-N	Chemical Probes Portal	control_compound	0	CANSAR4199069
INXGMIWEZJNJOA-NVZKIFIHSA-N	Chemical Probes Portal	control_compound	0	XY9002-NC
DUPAJELXESPTNF-PPZGWQTASA-N	Chemical Probes Portal	control_compound	0	cpd 3
AAZUPSFRSHFTGV-INIZCTEOSA-N	Chemical Probes Portal	control_compound	0	VT106
LLCVDQHLYHBAHR-UHFFFAOYSA-N	Chemical Probes Portal	control_compound	0	VT106
ZZWWXIBKLBMSCS-FQEVSTJZSA-N	Chemical Probes Portal	control_compound	0	ND-022
UVVQLQQNGHYTOL-JIVXZRRKSA-N	Chemical Probes Portal	control_compound	0	canSAR3553056
FQWDVNSBYDXPIO-CQSZACIVSA-N	Chemical Probes Portal	control_compound	0	8VI
UJDFQDPAVQIQLB-UHFFFAOYSA-N	Chemical Probes Portal	control_compound	0	canSAR7437556
AXNQNPVSVCEGTP-LALXJTNGSA-N	Chemical Probes Portal	control_compound	0	canSAR7437553
KDOQEEMQPHIANX-NFBKMPQASA-N	Chemical Probes Portal	control_compound	0	A-1596584
PFEKWBKJUBCXDT-KGLIPLIRSA-N	Chemical Probes Portal	control_compound	0	SC-6238532
ALNBIGSEWMWEGS-UHFFFAOYSA-N	Chemical Probes Portal	control_compound	0	cpd 57
CQFHGOWYJXQICA-FKDNKQOESA-N	Chemical Probes Portal	control_compound	0	Compound 1
AYGDOYFDJDUPSS-UHFFFAOYSA-N	Chemical Probes Portal	control_compound	0	2-(3-benzyloxy-2,6-dichloro-anilino)benzoic acid
QKVFMAAIXZONRN-UHFFFAOYSA-N	Chemical Probes Portal	control_compound	0	BAY-827
VUOYAALVGSMUHC-UHFFFAOYSA-N	Chemical Probes Portal	control_compound	0	BI01372674
PRWSIEBRGXYXAJ-UHFFFAOYSA-N	Chemical Probes Portal	control_compound	0	CANSAR203754
VPJXPDLMACOGIZ-UHFFFAOYSA-N	Chemical Probes Portal	control_compound	0	canSAR3447722
VPJXPDLMACOGIZ-UHFFFAOYSA-N	Chemical Probes Portal	control_compound	1	CCT252313
HXNUFFCHRIWTRZ-UHFFFAOYSA-N	Chemical Probes Portal	control_compound	0	SR-321
OYKPWSZSBLRRPL-HOYKHHGWSA-N	Chemical Probes Portal	control_compound	0	MRL-SYKi-NC
