inchikey	organism	dose_value	dose_unit	route	dose_raw	source_db	source
QMDKVNSQXPVCRD-RQNOJGIXSA-N	Other	5	mg/mL		5 mg/mL	Chemical Probes Portal	EPZ020411
ZHMXXVNQAFCXKK-QGZVFWFLSA-N	Other				1,3, 10 (IV) mg/Kg; , 30, 100, 300 (PO) mg/Kg	Chemical Probes Portal	BIX-02565
TXGKRVFSSHPBAJ-JKSUJKDBSA-N	Other	30	mg/kg		30 mg/kg	Chemical Probes Portal	PRT062607
XCFLWTZSJYBCPF-UHFFFAOYSA-N	Other	0.5	mg/kg		0.5 mg/kg	Chemical Probes Portal	GNE7915
XSMSNFMDVXXHGJ-UHFFFAOYSA-N	Other				0.4 (IV), 1 (PO) mg/Kg	Chemical Probes Portal	Entospletinib
ISOCDPQFIXDIMS-HSZRJFAPSA-N	Other	30	mg/kg		30-300 mg/Kg	Chemical Probes Portal	XL019
GZFYZYBWLCYBMI-MYZJJQSMSA-N	Other	10	mg/kg		10 mg/Kg	Chemical Probes Portal	U18666A
HHKGVQGXRGQBBA-UHFFFAOYSA-N	Other	1	mg/kg	IV	1 mg/kg (IV), 10 mg/kg (oral)	Chemical Probes Portal	2-MT 63
HHKGVQGXRGQBBA-UHFFFAOYSA-N	Other	10	mg/kg	PO	1 mg/kg (IV), 10 mg/kg (oral)	Chemical Probes Portal	2-MT 63
UOVSZRTTWLJPHE-HNXAPSNLSA-N	Other	10	mg/kg	PO	10 mg/kg (oral)	Chemical Probes Portal	RO5353
CGCOPBXAGSCZNX-FNQJWKMRSA-N	Other	10	mg/kg		10 mg/Kg QD	Chemical Probes Portal	RO2468
ARYVAQSYRLZVQD-UHFFFAOYSA-N	Other	10	mg/kg		10 mg/kg	Chemical Probes Portal	NMS-P118
SAGZIBJAQGBRQA-UHFFFAOYSA-N	Other	2	mg/kg		2 mg/kg, 4 mg/kg	Chemical Probes Portal	GW788388
SAGZIBJAQGBRQA-UHFFFAOYSA-N	Other	4	mg/kg		2 mg/kg, 4 mg/kg	Chemical Probes Portal	GW788388
ATUUNJCZCOMUKD-OKILXGFUSA-N	Other	30	mg/kg	PO	30 mg/Kg Oral, 2 mg/Kg IV	Chemical Probes Portal	MLi-2
ATUUNJCZCOMUKD-OKILXGFUSA-N	Other	2	mg/kg	IV	30 mg/Kg Oral, 2 mg/Kg IV	Chemical Probes Portal	MLi-2
KMESAVNRPDKZCQ-UHFFFAOYSA-N	Other	1.2	mg/kg	IV	1.2 mg/Kg IV, 3 mg/Kg PO	Chemical Probes Portal	BI-1935
KMESAVNRPDKZCQ-UHFFFAOYSA-N	Other	3	mg/kg	PO	1.2 mg/Kg IV, 3 mg/Kg PO	Chemical Probes Portal	BI-1935
ZDOBSAPHUUUOHX-OSYLJGHBSA-N	Other	10	mg/kg	PO	10 mg/Kg PO, 1 mg/Kg IV	Chemical Probes Portal	BI-2545
ZDOBSAPHUUUOHX-OSYLJGHBSA-N	Other	1	mg/kg	IV	10 mg/Kg PO, 1 mg/Kg IV	Chemical Probes Portal	BI-2545
BTSUNSRQYLVGIS-ADTYUTHVSA-N	Other	10	mg/kg		10 mg/Kg (not effective), 25 mg/Kg	Chemical Probes Portal	M-808
BTSUNSRQYLVGIS-ADTYUTHVSA-N	Other	25	mg/kg		10 mg/Kg (not effective), 25 mg/Kg	Chemical Probes Portal	M-808
JQNINBDKGLWYMU-GEAQBIRJSA-N	Other	60	mg/kg		30 and 60 mg/Kg , 50 and 100 mg/Kg	Chemical Probes Portal	AMG 176
JQNINBDKGLWYMU-GEAQBIRJSA-N	Other	100	mg/kg		30 and 60 mg/Kg , 50 and 100 mg/Kg	Chemical Probes Portal	AMG 176
VSZRYLHBOKTNBO-UHFFFAOYSA-N	Other	10	mg/kg		0.1-1-3-10-30 mg/Kg	Chemical Probes Portal	TP-020
CGECJCJUHCZZGO-UHFFFAOYSA-N	Other	1	mg/kg		1 mg/Kg	Chemical Probes Portal	MBM-55
OTKTZEZTFCAULO-DEOSSOPVSA-N	Other	10	mg/kg		1, 3, 10 mg/Kg	Chemical Probes Portal	GSK2973980A
XMNLWOQHMQRHDV-UHFFFAOYSA-N	Other	2	mg/kg	IV	2 mg/Kg IV, 10 mg/Kg PO	Chemical Probes Portal	NCT-505
XMNLWOQHMQRHDV-UHFFFAOYSA-N	Other	10	mg/kg	PO	2 mg/Kg IV, 10 mg/Kg PO	Chemical Probes Portal	NCT-505
BATCTBJIJJEPHM-UHFFFAOYSA-N	Other	1	mg/kg	PO	1 mg/Kg PO, 0.5 mg/Kg IV	Chemical Probes Portal	PF-04457845
BATCTBJIJJEPHM-UHFFFAOYSA-N	Other	0.5	mg/kg	IV	1 mg/Kg PO, 0.5 mg/Kg IV	Chemical Probes Portal	PF-04457845
QCQQONWEDCOTBV-UHFFFAOYSA-N	Other	5	mg/kg		5-30 mg/Kg	Chemical Probes Portal	A-1331852
XUYMIRYNRKXKOR-HMHJJOSWSA-N	Other	15	mg/kg		15-100 mg/Kg	Chemical Probes Portal	Vimirogant
WUJVPELCYCESAP-UHFFFAOYSA-N	Other	30	mg/kg		30 mg/Kg	Chemical Probes Portal	GPR120-IN-1
ZLTQCDRXWXUYHJ-UHFFFAOYSA-N	Mouse	3	mg/kg	PO	3 mg/kg (oral), 1 mg/kg (IV)	Chemical Probes Portal	NI-42
ZLTQCDRXWXUYHJ-UHFFFAOYSA-N	Mouse	1	mg/kg	IV	3 mg/kg (oral), 1 mg/kg (IV)	Chemical Probes Portal	NI-42
NBTNHSGBRGTFJS-UHFFFAOYSA-N	Rat	5	mg/kg		5 mg/kg	Chemical Probes Portal	WH-4-023
KYWWJENKIMRJBI-UHFFFAOYSA-N	Other	50	mg/kg		30 (r), 50 (m) mg/kg/day, 15, 50 mg/Kg (R), 20, 60, and 120 mg/kg/day (ham), 50 mg/Kg (mon)Rab	Chemical Probes Portal	LXR-623
KYWWJENKIMRJBI-UHFFFAOYSA-N	Other	120	mg/kg/day		30 (r), 50 (m) mg/kg/day, 15, 50 mg/Kg (R), 20, 60, and 120 mg/kg/day (ham), 50 mg/Kg (mon)Rab	Chemical Probes Portal	LXR-623
KYWWJENKIMRJBI-UHFFFAOYSA-N	Other	50	mg/kg		30 (r), 50 (m) mg/kg/day, 15, 50 mg/Kg (R), 20, 60, and 120 mg/kg/day (ham), 50 mg/Kg (mon)Rab	Chemical Probes Portal	LXR-623
MPASHPJAIUOWCK-UHFFFAOYSA-N	Rat	100	mg/kg		25, 50, 100 mg/Kg	Chemical Probes Portal	BAY-826
JVCWPUFNLFSKFS-UHFFFAOYSA-N	Mouse	30	mg/kg		3, 10, 30 mg/Kg	Chemical Probes Portal	AC710
KHWCPNJRJCNVRI-UHFFFAOYSA-N	Mouse	30	mg/kg		30 mg/kg	Chemical Probes Portal	GSK2801
ZGBAJMQHJDFTQJ-DEOSSOPVSA-N	Mouse	30	mg/kg		30 mg/kg	Chemical Probes Portal	Bafetinib
TXEBNKKOLVBTFK-UHFFFAOYSA-N	Other	100	mg/kg		10, 30 and 100 mg/kg	Chemical Probes Portal	BLU9931
CQCWHSDMJBAGDC-UHFFFAOYSA-N	Other	1	mg/kg	IV	1 mg/Kg IV, 5 mg/Kg PO, 5-10-30 mg/Kg PO BID, Reviewer suggested: max 30 mg/Kg	Chemical Probes Portal	GNE-781
CQCWHSDMJBAGDC-UHFFFAOYSA-N	Other	5	mg/kg	PO	1 mg/Kg IV, 5 mg/Kg PO, 5-10-30 mg/Kg PO BID, Reviewer suggested: max 30 mg/Kg	Chemical Probes Portal	GNE-781
CQCWHSDMJBAGDC-UHFFFAOYSA-N	Other	10	mg/kg	PO	1 mg/Kg IV, 5 mg/Kg PO, 5-10-30 mg/Kg PO BID, Reviewer suggested: max 30 mg/Kg	Chemical Probes Portal	GNE-781
CQCWHSDMJBAGDC-UHFFFAOYSA-N	Other	10	mg/kg		1 mg/Kg IV, 5 mg/Kg PO, 5-10-30 mg/Kg PO BID, Reviewer suggested: max 30 mg/Kg	Chemical Probes Portal	GNE-781
DSUZLJDXUJUTGI-LLVKDONJSA-N	Mouse	1	mg/kg	IV	1 mg/Kg (IV), 10 mg/Kg (PO)	Chemical Probes Portal	LSN-3213128
DSUZLJDXUJUTGI-LLVKDONJSA-N	Mouse	10	mg/kg	PO	1 mg/Kg (IV), 10 mg/Kg (PO)	Chemical Probes Portal	LSN-3213128
VWEDZTZAXHMZIL-UHFFFAOYSA-N	Mouse	0.1	mg/kg		0.1 to 10 mg/Kg	Chemical Probes Portal	25CN-NBOH
PKCDDUHJAFVJJB-VLZXCDOPSA-N	Other	5	mg/kg		5 mg/kg, 50-75 mg/Kg Oral (Reviewer Suggested)	Chemical Probes Portal	Linsitinib
PKCDDUHJAFVJJB-VLZXCDOPSA-N	Other	50	mg/kg	PO	5 mg/kg, 50-75 mg/Kg Oral (Reviewer Suggested)	Chemical Probes Portal	Linsitinib
JGQPZPLJOBHHBK-UFXYQILXSA-N	Mouse	10	mg/kg		10 mg/Kg, Reviewers suggest: 7.5 mg/Kg BID	Chemical Probes Portal	dBET6
JGQPZPLJOBHHBK-UFXYQILXSA-N	Mouse	7.5	mg/kg		10 mg/Kg, Reviewers suggest: 7.5 mg/Kg BID	Chemical Probes Portal	dBET6
XSMABFRQESMONQ-SFHVURJKSA-N	Mouse	50	mg/kg		5 , 10, 25, 50 mg/Kg	Chemical Probes Portal	QC6352
NGEBYTLALFOQKI-HDJSIYSDSA-N	Other	20	mg/kg		0.5 (M), 2 (R), 1 (D) mg/kg IV, 1 (M), 5 (R), 1 (D) mg/kg PO, Reviewer suggest: 20 mg/Kg (M), 0.5-5 mg/Kg (R)	Chemical Probes Portal	AZD3988
NGEBYTLALFOQKI-HDJSIYSDSA-N	Other	0.5	mg/kg		0.5 (M), 2 (R), 1 (D) mg/kg IV, 1 (M), 5 (R), 1 (D) mg/kg PO, Reviewer suggest: 20 mg/Kg (M), 0.5-5 mg/Kg (R)	Chemical Probes Portal	AZD3988
RENRQMCACQEWFC-UGKGYDQZSA-N	Other	1	mg/kg		1 to 30 mg/Kg (R), 0.1 to 10 mg/Kg (D), 1 (IV), 10 (PO) mg/Kg (m)	Chemical Probes Portal	LNP-023
RENRQMCACQEWFC-UGKGYDQZSA-N	Other	0.1	mg/kg	IV	1 to 30 mg/Kg (R), 0.1 to 10 mg/Kg (D), 1 (IV), 10 (PO) mg/Kg (m)	Chemical Probes Portal	LNP-023
JKCSCHXVWPSGBG-OPKPGBGESA-N	Mouse	25	mg/kg		25 mg/Kg, 50 mg/Kg, 100 mg/Kg	Chemical Probes Portal	SD-36
JKCSCHXVWPSGBG-OPKPGBGESA-N	Mouse	50	mg/kg		25 mg/Kg, 50 mg/Kg, 100 mg/Kg	Chemical Probes Portal	SD-36
JKCSCHXVWPSGBG-OPKPGBGESA-N	Mouse	100	mg/kg		25 mg/Kg, 50 mg/Kg, 100 mg/Kg	Chemical Probes Portal	SD-36
MPMKMQHJHDHPBE-RUZDIDTESA-N	Rat	1	mg/kg	IV	1 mg/Kg IV, 5-30 mg/Kg PO	Chemical Probes Portal	GLPG0974
MPMKMQHJHDHPBE-RUZDIDTESA-N	Rat	5	mg/kg	PO	1 mg/Kg IV, 5-30 mg/Kg PO	Chemical Probes Portal	GLPG0974
HNLHOKSDTBAERS-CWIPYCOQSA-N	Other	0.5	mg/kg	IV	0.5 mg/Kg (IV), 5 mg/Kg (PO)	Chemical Probes Portal	AM-6761
HNLHOKSDTBAERS-CWIPYCOQSA-N	Other	5	mg/kg	PO	0.5 mg/Kg (IV), 5 mg/Kg (PO)	Chemical Probes Portal	AM-6761
MXUSGDMIHGLCNC-HNNXBMFYSA-N	Other	10	mg/kg	PO	10 mg/Kg PO, 3 mg/Kg IV	Chemical Probes Portal	PT2399
MXUSGDMIHGLCNC-HNNXBMFYSA-N	Other	3	mg/kg	IV	10 mg/Kg PO, 3 mg/Kg IV	Chemical Probes Portal	PT2399
LXRZVMYMQHNYJB-UNXOBOICSA-N	Rat				1 (IV), 10 (PO) mg/Kg	Chemical Probes Portal	TAK-981
RUPXKSLKGSSZCP-UHFFFAOYSA-N	Mouse	10	mg/kg		10 mg/Kg	Chemical Probes Portal	TUG-469
ONBSHRSJOPSEGS-INIZCTEOSA-N	Other	3	mg/kg	IV	3 mg/Kg (IV), 10 mg/Kg (PO)	Chemical Probes Portal	PT2385
ONBSHRSJOPSEGS-INIZCTEOSA-N	Other	10	mg/kg	PO	3 mg/Kg (IV), 10 mg/Kg (PO)	Chemical Probes Portal	PT2385
TVTXCJFHQKSQQM-LJQIRTBHSA-N	Mouse	50	mg/kg	PO	50 mg/kg (oral); 5 mg/kg (IV)	Chemical Probes Portal	RG7388
TVTXCJFHQKSQQM-LJQIRTBHSA-N	Mouse	5	mg/kg	IV	50 mg/kg (oral); 5 mg/kg (IV)	Chemical Probes Portal	RG7388
GBJVVSCPOBPEIT-UHFFFAOYSA-N	Mouse	150	mg/kg		150 mg/kg	Chemical Probes Portal	AZD1152
NBOJHRYUGLRASX-UHFFFAOYSA-N	Other	10	mg/kg	IP	10 mg/Kg IP, 1-30 mg/Kg PO	Chemical Probes Portal	PF-3845
NBOJHRYUGLRASX-UHFFFAOYSA-N	Other	1	mg/kg	PO	10 mg/Kg IP, 1-30 mg/Kg PO	Chemical Probes Portal	PF-3845
IDKAKZRYYDCJDU-HBMMIIHUSA-N	Mouse	25	mg/kg		25-200 mg/kg	Chemical Probes Portal	MI-77301
SGIWFELWJPNFDH-UHFFFAOYSA-N	Mouse	10	mg/kg	PO	10 mg/Kg PO, 20 mg/Kg IP, 50 mg/Kg IP	Chemical Probes Portal	T0901317
SGIWFELWJPNFDH-UHFFFAOYSA-N	Mouse	20	mg/kg	IP	10 mg/Kg PO, 20 mg/Kg IP, 50 mg/Kg IP	Chemical Probes Portal	T0901317
SGIWFELWJPNFDH-UHFFFAOYSA-N	Mouse	50	mg/kg	IP	10 mg/Kg PO, 20 mg/Kg IP, 50 mg/Kg IP	Chemical Probes Portal	T0901317
QADPYRIHXKWUSV-UHFFFAOYSA-N	Mouse				5 IV, 20 PO mg/Kg	Chemical Probes Portal	BGJ-398
YYDUWLSETXNJJT-MTJSOVHGSA-N	Other	50	mg/kg		50-100 mg/Kg	Chemical Probes Portal	GNF-5837
BLNNXJOEJRKHAM-UHFFFAOYSA-N	Mouse	30	ug		30 ug	Chemical Probes Portal	UCSF4226
ZMNWFTYYYCSSTF-SOAUALDESA-N	Other	10	mg/kg	PO	10 mg/Kg PO, 5 mg/Kg IV	Chemical Probes Portal	A-770041
ZMNWFTYYYCSSTF-SOAUALDESA-N	Other	5	mg/kg	IV	10 mg/Kg PO, 5 mg/Kg IV	Chemical Probes Portal	A-770041
LXFOLMYKSYSZQS-XKHGBIBOSA-N	Other	20	mg/kg		20 mg/kg (mice), 1 mg/kg (rat)	Chemical Probes Portal	EPZ-5676
LXFOLMYKSYSZQS-XKHGBIBOSA-N	Other	1	mg/kg		20 mg/kg (mice), 1 mg/kg (rat)	Chemical Probes Portal	EPZ-5676
XQFINGFCBFHOPE-WXUXXXNLSA-N	Other	30	mg/kg		30 mg/kg - 300 mg/kg (R), 125 - 1000 mg/kg (M)	Chemical Probes Portal	EPZ011989
XQFINGFCBFHOPE-WXUXXXNLSA-N	Other	300	mg/kg		30 mg/kg - 300 mg/kg (R), 125 - 1000 mg/kg (M)	Chemical Probes Portal	EPZ011989
XQFINGFCBFHOPE-WXUXXXNLSA-N	Other	125	mg/kg		30 mg/kg - 300 mg/kg (R), 125 - 1000 mg/kg (M)	Chemical Probes Portal	EPZ011989
RDALZZCKQFLGJP-UHFFFAOYSA-N	Mouse				3 (IV)- 100 (PO) mg/Kg	Chemical Probes Portal	CB-5083
JBHLOPKIPKTRSU-UHFFFAOYSA-N	Other	1	mg/kg		1-10 mg/Kg	Chemical Probes Portal	THPP-1
LQSHXYHWYGKAMX-FQEVSTJZSA-N	Other	5	mg/kg		5 mg/Kg, Reviewer suggests higher than 100-200 mg/Kg PO	Chemical Probes Portal	NIK-SMI1
LQSHXYHWYGKAMX-FQEVSTJZSA-N	Other	100	mg/kg	PO	5 mg/Kg, Reviewer suggests higher than 100-200 mg/Kg PO	Chemical Probes Portal	NIK-SMI1
AQTPWCUIYUOEMG-INIZCTEOSA-N	Mouse	3	mg/kg		3 mg/Kg	Chemical Probes Portal	GSK2194069
JFGOILLZIAIYGA-UHFFFAOYSA-N	Mouse	25	mg/kg		25 mg/Kg	Chemical Probes Portal	SS-208
RPMGXDCRCWWCRY-JTQLQIEISA-N	Other	25	mg/kg		25 mg/Kg, 250 mg/Kg	Chemical Probes Portal	BAY-707
RPMGXDCRCWWCRY-JTQLQIEISA-N	Other	250	mg/kg		25 mg/Kg, 250 mg/Kg	Chemical Probes Portal	BAY-707
RIJLVEAXPNLDTC-UHFFFAOYSA-N	Rat	1	mg/kg	IV	1 mg/kg (IV); 5 mg/kg (oral)	Chemical Probes Portal	Filgotinib
RIJLVEAXPNLDTC-UHFFFAOYSA-N	Rat	5	mg/kg	PO	1 mg/kg (IV); 5 mg/kg (oral)	Chemical Probes Portal	Filgotinib
HWGQMRYQVZSGDQ-HZPDHXFCSA-N	Mouse	1	mg/kg		1 mg/kg	Chemical Probes Portal	Talazoparib
SEDFZSHSBUXKAC-NIYFSFCBSA-N	Other	1	mg/kg	IV	1.0 mg/Kg IV, 5.0 mg/Kg PO (M), 0.5 mg/Kg IV, 1.0 mg/Kg PO (D), 1.0 mg/Kg IV, 5.0 mg/Kg PO (R)	Chemical Probes Portal	CPI-1612
SEDFZSHSBUXKAC-NIYFSFCBSA-N	Other	5	mg/kg	PO	1.0 mg/Kg IV, 5.0 mg/Kg PO (M), 0.5 mg/Kg IV, 1.0 mg/Kg PO (D), 1.0 mg/Kg IV, 5.0 mg/Kg PO (R)	Chemical Probes Portal	CPI-1612
SEDFZSHSBUXKAC-NIYFSFCBSA-N	Other	0.5	mg/kg	IV	1.0 mg/Kg IV, 5.0 mg/Kg PO (M), 0.5 mg/Kg IV, 1.0 mg/Kg PO (D), 1.0 mg/Kg IV, 5.0 mg/Kg PO (R)	Chemical Probes Portal	CPI-1612
SEDFZSHSBUXKAC-NIYFSFCBSA-N	Other	1	mg/kg	PO	1.0 mg/Kg IV, 5.0 mg/Kg PO (M), 0.5 mg/Kg IV, 1.0 mg/Kg PO (D), 1.0 mg/Kg IV, 5.0 mg/Kg PO (R)	Chemical Probes Portal	CPI-1612
SEDFZSHSBUXKAC-NIYFSFCBSA-N	Other	1	mg/kg	IV	1.0 mg/Kg IV, 5.0 mg/Kg PO (M), 0.5 mg/Kg IV, 1.0 mg/Kg PO (D), 1.0 mg/Kg IV, 5.0 mg/Kg PO (R)	Chemical Probes Portal	CPI-1612
SEDFZSHSBUXKAC-NIYFSFCBSA-N	Other	5	mg/kg	PO	1.0 mg/Kg IV, 5.0 mg/Kg PO (M), 0.5 mg/Kg IV, 1.0 mg/Kg PO (D), 1.0 mg/Kg IV, 5.0 mg/Kg PO (R)	Chemical Probes Portal	CPI-1612
ZOPNBMMVVZRSGH-NRFANRHFSA-N	Other				0.8 (M), 0.5 (R) 0.5 (D) 0.5 (C) mg/Kg IV, 5 (M), 0.5 (R) 2 (D) 0.5 (C) mg/Kg PO	Chemical Probes Portal	AMG-837
BWYBBMQLUKXECQ-GIVPXCGWSA-N	Other	3	mg/kg		1-2 (IV), 2-4 (PO) mg/Kg, Reviewer Suggest 3-30 mg/Kg	Chemical Probes Portal	Relacatib
CVWXJKQAOSCOAB-UHFFFAOYSA-N	Mouse	10	mg/mL		10 mg/mL	Chemical Probes Portal	AC220
VRVJKILQRBSEAG-LFPIHBKWSA-N	Mouse	500	mg/kg		50, 100, 200, 500 mg/kg	Chemical Probes Portal	A-485
UQRCJCNVNUFYDX-UHFFFAOYSA-N	Mouse	50	mg/kg		50-200 mg/Kg	Chemical Probes Portal	Golvatinib
LWXLECMNBTVASW-UHFFFAOYSA-N	Other	1	mg/kg	IV	1 mg/Kg IV, 5 mg/Kg PO	Chemical Probes Portal	GNE-049
LWXLECMNBTVASW-UHFFFAOYSA-N	Other	5	mg/kg	PO	1 mg/Kg IV, 5 mg/Kg PO	Chemical Probes Portal	GNE-049
AILRADAXUVEEIR-UHFFFAOYSA-N	Other	10	mg/kg		3, 10 mg/Kg	Chemical Probes Portal	Brigatinib
HUFOZJXAKZVRNJ-UHFFFAOYSA-N	Mouse	3	mg/kg		3-100 mg/Kg	Chemical Probes Portal	Rociletinib
GHVMTHKJUAOZJP-CGTJXYLNSA-N	Other	100	mg/kg		100 mg/Kg	Chemical Probes Portal	GI254023X
ZEGMEJVULDALSH-NSHDSACASA-N	Other				0.1, 1, 3 (IV) mg/Kg, 0.3, 3, 10 (PO) mg/Kg	Chemical Probes Portal	LYS006
SNCRCEGCQVMUBS-DNVCBOLYSA-N	Rat	10	mg/kg		10 mg/kg	Chemical Probes Portal	PF-4181366
ORDHXXHTBUZRCN-NTEUORMPSA-N	Rat	10	mg/kg		10 mg/Kg	Chemical Probes Portal	MAVATREP
ORDHXXHTBUZRCN-NTEUORMPSA-N	Rat	2	mg/kg		2 mg/Kg	Chemical Probes Portal	MAVATREP
ORDHXXHTBUZRCN-NTEUORMPSA-N	Mouse	10	mg/kg		10 mg/Kg	Chemical Probes Portal	MAVATREP
ORDHXXHTBUZRCN-NTEUORMPSA-N	Mouse	2	mg/kg		2 mg/Kg	Chemical Probes Portal	MAVATREP
ORDHXXHTBUZRCN-NTEUORMPSA-N	Dog	10	mg/kg		10 mg/Kg	Chemical Probes Portal	MAVATREP
ORDHXXHTBUZRCN-NTEUORMPSA-N	Dog	2	mg/kg		2 mg/Kg	Chemical Probes Portal	MAVATREP
ORDHXXHTBUZRCN-NTEUORMPSA-N	Monkey (Rheus)	10	mg/kg		10 mg/Kg	Chemical Probes Portal	MAVATREP
ORDHXXHTBUZRCN-NTEUORMPSA-N	Monkey (Rheus)	2	mg/kg		2 mg/Kg	Chemical Probes Portal	MAVATREP
CUBDGLIBZGKXKQ-ZBLYBZFDSA-N	Rat	0.5	mg/kg		0.5 mg/kg	Chemical Probes Portal	AM-6226
CUBDGLIBZGKXKQ-ZBLYBZFDSA-N	Rat	2	mg/kg		2 mg/Kg	Chemical Probes Portal	AM-6226
CUBDGLIBZGKXKQ-ZBLYBZFDSA-N	Dog	0.5	mg/kg		0.5 mg/Kg	Chemical Probes Portal	AM-6226
CUBDGLIBZGKXKQ-ZBLYBZFDSA-N	Dog	2	mg/kg		2 mg/Kg	Chemical Probes Portal	AM-6226
CUBDGLIBZGKXKQ-ZBLYBZFDSA-N	Monkey (Cynomolgus)	0.5	mg/kg		0.5 mg/Kg	Chemical Probes Portal	AM-6226
CUBDGLIBZGKXKQ-ZBLYBZFDSA-N	Monkey (Cynomolgus)	10	mg/kg		10 mg/Kg	Chemical Probes Portal	AM-6226
XPLWBHWPOUEOSJ-GSZYCOFVSA-N	Rat	0.5	mg/kg		0.5 mg/Kg	Chemical Probes Portal	AM-5262
XPLWBHWPOUEOSJ-GSZYCOFVSA-N	Rat	2	mg/kg		2 mg/Kg	Chemical Probes Portal	AM-5262
XPLWBHWPOUEOSJ-GSZYCOFVSA-N	Monkey (Cynomolgus)	0.5	mg/kg		0.5 mg/Kg	Chemical Probes Portal	AM-5262
XPLWBHWPOUEOSJ-GSZYCOFVSA-N	Monkey (Cynomolgus)	2	mg/kg		2 mg/Kg	Chemical Probes Portal	AM-5262
YSVWFFNZZGLLAI-XNTOLAJGSA-N	Rat	30	nM/kg		30 nM/kg	Chemical Probes Portal	KISS1-305
JYTIXGYXBIBOMN-UHFFFAOYSA-N	Other	3	mg/kg	PO	IV: 3 mg/Kg PO: 10 mg/kg (M) IV: 5 mg/kg / PO: 10 mg/kg (R), IV: 0.5 mg/kg / PO: 2 mg/kg (D)	Chemical Probes Portal	Nidufexor
JYTIXGYXBIBOMN-UHFFFAOYSA-N	Other	10	mg/kg	IV	IV: 3 mg/Kg PO: 10 mg/kg (M) IV: 5 mg/kg / PO: 10 mg/kg (R), IV: 0.5 mg/kg / PO: 2 mg/kg (D)	Chemical Probes Portal	Nidufexor
JYTIXGYXBIBOMN-UHFFFAOYSA-N	Other	5	mg/kg	PO	IV: 3 mg/Kg PO: 10 mg/kg (M) IV: 5 mg/kg / PO: 10 mg/kg (R), IV: 0.5 mg/kg / PO: 2 mg/kg (D)	Chemical Probes Portal	Nidufexor
JYTIXGYXBIBOMN-UHFFFAOYSA-N	Other	10	mg/kg	IV	IV: 3 mg/Kg PO: 10 mg/kg (M) IV: 5 mg/kg / PO: 10 mg/kg (R), IV: 0.5 mg/kg / PO: 2 mg/kg (D)	Chemical Probes Portal	Nidufexor
JYTIXGYXBIBOMN-UHFFFAOYSA-N	Other	0.5	mg/kg	PO	IV: 3 mg/Kg PO: 10 mg/kg (M) IV: 5 mg/kg / PO: 10 mg/kg (R), IV: 0.5 mg/kg / PO: 2 mg/kg (D)	Chemical Probes Portal	Nidufexor
JYTIXGYXBIBOMN-UHFFFAOYSA-N	Other	2	mg/kg		IV: 3 mg/Kg PO: 10 mg/kg (M) IV: 5 mg/kg / PO: 10 mg/kg (R), IV: 0.5 mg/kg / PO: 2 mg/kg (D)	Chemical Probes Portal	Nidufexor
KLHOCHQJHXNKAS-UHFFFAOYSA-N	Mouse	20	mg/kg		20 mg/kg	Chemical Probes Portal	CCT251236
IFRGXKKQHBVPCQ-UHFFFAOYSA-N	Mouse	2	mg/kg		2-60 mg/Kg	Chemical Probes Portal	Onalespib
BKLJDIJJOOQUFG-UHFFFAOYSA-N	Rat	0.3	mg/kg		0.3 mg/Kg	Chemical Probes Portal	BAY-876
BKLJDIJJOOQUFG-UHFFFAOYSA-N	Rat	0.6	mg/kg		0.6 mg/Kg	Chemical Probes Portal	BAY-876
BKLJDIJJOOQUFG-UHFFFAOYSA-N	Dog	0.1	mg/kg		0.1 mg/Kg	Chemical Probes Portal	BAY-876
BKLJDIJJOOQUFG-UHFFFAOYSA-N	Dog	0.2	mg/kg		0.2 mg/Kg	Chemical Probes Portal	BAY-876
FYQFEJFTCLKXTQ-UHFFFAOYSA-N	Mouse	60	mg/kg/day		30, 60 mg/Kg/day	Chemical Probes Portal	SR9243
RRELDGDKULRRDM-UHFFFAOYSA-N	Mouse	0.1	mg/kg	IV	0.1 mg/kg IV, 1 mg/kg PO	Chemical Probes Portal	TP-021
RRELDGDKULRRDM-UHFFFAOYSA-N	Mouse	1	mg/kg	PO	0.1 mg/kg IV, 1 mg/kg PO	Chemical Probes Portal	TP-021
IYHHRZBKXXKDDY-UHFFFAOYSA-N	Mouse	1	mg/kg	IV	1 mg/Kg IV, 10 mg/Kg PO	Chemical Probes Portal	BI 605906
IYHHRZBKXXKDDY-UHFFFAOYSA-N	Mouse	10	mg/kg	PO	1 mg/Kg IV, 10 mg/Kg PO	Chemical Probes Portal	BI 605906
IYHHRZBKXXKDDY-UHFFFAOYSA-N	Rat	1	mg/kg	IV	1 mg/Kg IV, 10 mg/Kg PO	Chemical Probes Portal	BI 605906
IYHHRZBKXXKDDY-UHFFFAOYSA-N	Rat	10	mg/kg	PO	1 mg/Kg IV, 10 mg/Kg PO	Chemical Probes Portal	BI 605906
IYHHRZBKXXKDDY-UHFFFAOYSA-N	Dog	1	mg/kg	IV	1 mg/Kg IV, 10 mg/Kg PO	Chemical Probes Portal	BI 605906
IYHHRZBKXXKDDY-UHFFFAOYSA-N	Dog	10	mg/kg	PO	1 mg/Kg IV, 10 mg/Kg PO	Chemical Probes Portal	BI 605906
IYHHRZBKXXKDDY-UHFFFAOYSA-N	Monkey (Cynomolgus)	1	mg/kg	IV	1 mg/Kg IV, 10 mg/Kg PO	Chemical Probes Portal	BI 605906
IYHHRZBKXXKDDY-UHFFFAOYSA-N	Monkey (Cynomolgus)	10	mg/kg	PO	1 mg/Kg IV, 10 mg/Kg PO	Chemical Probes Portal	BI 605906
DYUTWRFEEOPXMN-UHFFFAOYSA-N	Rat	0.2	mg/kg		0.2 mg/Kg	Chemical Probes Portal	BAY-179
DYUTWRFEEOPXMN-UHFFFAOYSA-N	Rat	0.6	mg/kg		0.6 mg/Kg	Chemical Probes Portal	BAY-179
AUYCSWFYKYVCLD-HXUWFJFHSA-N	Mouse	1	mg/kg	IV	1 mg/Kg IV and PO	Chemical Probes Portal	GNE-2256
AUYCSWFYKYVCLD-HXUWFJFHSA-N	Rat	1	mg/kg	IV	1 mg/Kg IV and PO	Chemical Probes Portal	GNE-2256
AUYCSWFYKYVCLD-HXUWFJFHSA-N	Dog	1	mg/kg	IV	1 mg/Kg IV and PO	Chemical Probes Portal	GNE-2256
AUYCSWFYKYVCLD-HXUWFJFHSA-N	Monkey (Cynomolgus)	1	mg/kg	IV	1 mg/Kg IV and PO	Chemical Probes Portal	GNE-2256
OEDSFMUSNZDJFD-UHFFFAOYSA-N	Mouse	1	mg/kg		1 mg/kg	Chemical Probes Portal	ABBV-744
QMHRLXNEGYTSRV-UHFFFAOYSA-N	Rat	1	mg/kg	IV	1 mg/Kg IV, 5 mg/Kg PO	Chemical Probes Portal	BI-9627
QMHRLXNEGYTSRV-UHFFFAOYSA-N	Rat	5	mg/kg	PO	1 mg/Kg IV, 5 mg/Kg PO	Chemical Probes Portal	BI-9627
QMHRLXNEGYTSRV-UHFFFAOYSA-N	Dog	1	mg/kg	IV	1 mg/Kg IV, 5 mg/Kg PO	Chemical Probes Portal	BI-9627
QMHRLXNEGYTSRV-UHFFFAOYSA-N	Dog	5	mg/kg	PO	1 mg/Kg IV, 5 mg/Kg PO	Chemical Probes Portal	BI-9627
QMHRLXNEGYTSRV-UHFFFAOYSA-N	Rat					Chemical Probes Portal	BI-9627
LQEHCKYYIXQEBM-FUKIBTTHSA-N	Rat	5	mg/kg	IV	5 mg/Kg IV, 10 mg/Kg PO	Chemical Probes Portal	A-192621
LQEHCKYYIXQEBM-FUKIBTTHSA-N	Rat	10	mg/kg	PO	5 mg/Kg IV, 10 mg/Kg PO	Chemical Probes Portal	A-192621
LQEHCKYYIXQEBM-FUKIBTTHSA-N	Dog	5	mg/kg	IV	5 mg/Kg IV, 10 mg/Kg PO	Chemical Probes Portal	A-192621
LQEHCKYYIXQEBM-FUKIBTTHSA-N	Dog	10	mg/kg	PO	5 mg/Kg IV, 10 mg/Kg PO	Chemical Probes Portal	A-192621
LQEHCKYYIXQEBM-FUKIBTTHSA-N	Monkey (Cynomolgus)	5	mg/kg	IV	5 mg/Kg IV, 10 mg/Kg PO	Chemical Probes Portal	A-192621
LQEHCKYYIXQEBM-FUKIBTTHSA-N	Monkey (Cynomolgus)	10	mg/kg	PO	5 mg/Kg IV, 10 mg/Kg PO	Chemical Probes Portal	A-192621
CSJYMAFXYMYNCK-UHFFFAOYSA-N	Rat	1	mg/kg		1 mg/Kg	Chemical Probes Portal	BAY-1797
CSJYMAFXYMYNCK-UHFFFAOYSA-N	Rat	2	mg/kg		2 mg/kg	Chemical Probes Portal	BAY-1797
ILHNIWOZZKIBNW-UHFFFAOYSA-N	Rat	3	mg/kg		3 mg/kg	Chemical Probes Portal	FB23-2
OAMLIJKKGZLNHE-UHFFFAOYSA-N	Rat	1	mg/kg		1 mg/kg	Chemical Probes Portal	MSD-CYP11B2
OAMLIJKKGZLNHE-UHFFFAOYSA-N	Monkey (Rheus)	0.5	mg/kg		0.5 mg/Kg	Chemical Probes Portal	MSD-CYP11B2
JTCAGRAKUAAYDY-OAHLLOKOSA-N	Rat	5	mg/kg	PO	5 mg/Kg PO, 1 mg/Kg IV	Chemical Probes Portal	MK-7246
JTCAGRAKUAAYDY-OAHLLOKOSA-N	Rat	1	mg/kg	IV	5 mg/Kg PO, 1 mg/Kg IV	Chemical Probes Portal	MK-7246
JTCAGRAKUAAYDY-OAHLLOKOSA-N	Dog	5	mg/kg	PO	5 mg/Kg PO, 1 mg/Kg IV	Chemical Probes Portal	MK-7246
JTCAGRAKUAAYDY-OAHLLOKOSA-N	Dog	1	mg/kg	IV	5 mg/Kg PO, 1 mg/Kg IV	Chemical Probes Portal	MK-7246
FSWFYCYPTDLKON-CMJOXMDJSA-N	Rat				0.52 (IV), 1.04 (PO) mg/Kg	Chemical Probes Portal	MILVEXIAN
FSWFYCYPTDLKON-CMJOXMDJSA-N	Monkey (Cynomolgus)				0.50 (IV), 1.50 (PO) mg/Kg	Chemical Probes Portal	MILVEXIAN
FSWFYCYPTDLKON-CMJOXMDJSA-N	Other					Chemical Probes Portal	MILVEXIAN
SKZQFKBIJUXXCG-INIZCTEOSA-N	Rat	1	mg/kg		1 mg/kg	Chemical Probes Portal	Sivopixant
SKZQFKBIJUXXCG-INIZCTEOSA-N	Rat	3	mg/kg		3 mg/Kg	Chemical Probes Portal	Sivopixant
TVGAHWWPABTBCX-UHFFFAOYSA-N	Mouse	10	mg/kg		10 mg/Kg	Chemical Probes Portal	Vimseltinib
TVGAHWWPABTBCX-UHFFFAOYSA-N	Mouse	3	mg/kg		3 mg/Kg	Chemical Probes Portal	Vimseltinib
TVGAHWWPABTBCX-UHFFFAOYSA-N	Mouse	1	mg/kg		1 mg/Kg	Chemical Probes Portal	Vimseltinib
FRBRZGLUFOZRGD-JVPBZIDWSA-N	Rat	1	mg/kg		1 mg/Kg	Chemical Probes Portal	GSK046
FRBRZGLUFOZRGD-JVPBZIDWSA-N	Rat	3	mg/kg		3 mg/Kg	Chemical Probes Portal	GSK046
FRBRZGLUFOZRGD-JVPBZIDWSA-N	Dog	0.5	mg/kg		0.5 mg/Kg	Chemical Probes Portal	GSK046
FRBRZGLUFOZRGD-JVPBZIDWSA-N	Dog	1	mg/kg		1 mg/Kg	Chemical Probes Portal	GSK046
PXQATVYJKMMHAU-UHFFFAOYSA-N	Rat					Chemical Probes Portal	BI-639667
PXQATVYJKMMHAU-UHFFFAOYSA-N	Dog					Chemical Probes Portal	BI-639667
PXQATVYJKMMHAU-UHFFFAOYSA-N	Monkey (Cynomolgus)					Chemical Probes Portal	BI-639667
YNFDIGJKJPNFFD-SJORKVTESA-N	Rat	4	mg/kg		4 mg/kg	Chemical Probes Portal	BI-99179
RPHDOVLXDYWDGF-UHFFFAOYSA-N	Mouse	10	mg/kg		10 mg/kg	Chemical Probes Portal	UCSF924
KVJFJJXCBRSCDY-UHFFFAOYSA-N	Mouse	100	mg/kg		100 mg/Kg BID	Chemical Probes Portal	WM-3835
PGIVGIFOWOVINL-GOSISDBHSA-N	Rat	0.3	mg/kg		0.3 mg/Kg	Chemical Probes Portal	BAY-678
WZQLVEPIBAOOGF-RMMWZPCPSA-N	Rat	1	mg/kg		1 mg/Kg	Chemical Probes Portal	GSK973
WZQLVEPIBAOOGF-RMMWZPCPSA-N	Rat	3	mg/kg		3 mg/Kg	Chemical Probes Portal	GSK973
WZQLVEPIBAOOGF-RMMWZPCPSA-N	Dog	1	mg/kg		1 mg/Kg	Chemical Probes Portal	GSK973
WZQLVEPIBAOOGF-RMMWZPCPSA-N	Dog	2	mg/kg		2 mg/Kg	Chemical Probes Portal	GSK973
QZZCUOVXHPAQRQ-UHFFFAOYSA-N	Rat	1	mg/kg		1 mg/Kg	Chemical Probes Portal	GSK620
QZZCUOVXHPAQRQ-UHFFFAOYSA-N	Rat	3	mg/kg		3 mg/Kg	Chemical Probes Portal	GSK620
QZZCUOVXHPAQRQ-UHFFFAOYSA-N	Dog	0.5	mg/kg		0.5 mg/Kg	Chemical Probes Portal	GSK620
QZZCUOVXHPAQRQ-UHFFFAOYSA-N	Dog	1	mg/kg		1.0 mg/Kg	Chemical Probes Portal	GSK620
JZTTUZXIQIRVAB-FZEVHQGJSA-N	Mouse	3	mg/kg		3 mg/Kg	Chemical Probes Portal	BI 1950
JZTTUZXIQIRVAB-FZEVHQGJSA-N	Mouse	3	mg/kg		3 mg/Kg	Chemical Probes Portal	BI 1950
ZLGNYFOIDAVMHY-MPKOGUQCSA-N	Mouse	25	mg/kg	IV	25 mg/Kg IV once weekly, 10 mg/Kg 3 times weekly, 25 mg/Kg 5 days a week for 2 weeks, 50 mg/Kg every other day for 3 weeks	Chemical Probes Portal	MD-224
ZLGNYFOIDAVMHY-MPKOGUQCSA-N	Mouse	10	mg/kg		25 mg/Kg IV once weekly, 10 mg/Kg 3 times weekly, 25 mg/Kg 5 days a week for 2 weeks, 50 mg/Kg every other day for 3 weeks	Chemical Probes Portal	MD-224
ZLGNYFOIDAVMHY-MPKOGUQCSA-N	Mouse	25	mg/kg		25 mg/Kg IV once weekly, 10 mg/Kg 3 times weekly, 25 mg/Kg 5 days a week for 2 weeks, 50 mg/Kg every other day for 3 weeks	Chemical Probes Portal	MD-224
ZLGNYFOIDAVMHY-MPKOGUQCSA-N	Mouse	50	mg/kg		25 mg/Kg IV once weekly, 10 mg/Kg 3 times weekly, 25 mg/Kg 5 days a week for 2 weeks, 50 mg/Kg every other day for 3 weeks	Chemical Probes Portal	MD-224
QULDDKSCVCJTPV-UHFFFAOYSA-N	Mouse	125	mg/kg		31, 62.5, 125 mg/Kg, 75, 150 mg/Kg, 100 mg/Kg	Chemical Probes Portal	BIIB021
QULDDKSCVCJTPV-UHFFFAOYSA-N	Mouse	150	mg/kg		31, 62.5, 125 mg/Kg, 75, 150 mg/Kg, 100 mg/Kg	Chemical Probes Portal	BIIB021
QULDDKSCVCJTPV-UHFFFAOYSA-N	Mouse	100	mg/kg		31, 62.5, 125 mg/Kg, 75, 150 mg/Kg, 100 mg/Kg	Chemical Probes Portal	BIIB021
BLVQHYHDYFTPDV-VCABWLAWSA-N	Other	10	mg/mL		10 mg/mL	Chemical Probes Portal	RGFP966
VLLFGVHGKLDDLW-SFHVURJKSA-N	Rat	0.3	mg		0.3 mg /Kg	Chemical Probes Portal	ATABECESTAT
VLLFGVHGKLDDLW-SFHVURJKSA-N	Rat	1	mg/kg		1 mg/Kg	Chemical Probes Portal	ATABECESTAT
VLLFGVHGKLDDLW-SFHVURJKSA-N	Dog	0.3	mg/kg		0.3 mg/Kg	Chemical Probes Portal	ATABECESTAT
VLLFGVHGKLDDLW-SFHVURJKSA-N	Dog	1	mg/kg		1 mg/Kg	Chemical Probes Portal	ATABECESTAT
VLLFGVHGKLDDLW-SFHVURJKSA-N	Monkey (Cynomolgus)	0.3	mg/kg		0.3 mg/Kg	Chemical Probes Portal	ATABECESTAT
VLLFGVHGKLDDLW-SFHVURJKSA-N	Monkey (Cynomolgus)	0.3	mg/kg		0.3 mg/Kg	Chemical Probes Portal	ATABECESTAT
UEMQPCYDWCSVCU-UHFFFAOYSA-N	Mouse	3	mg/kg	PO	3 mg/kg (oral), 1 mg/kg (IV)	Chemical Probes Portal	NI-57
UEMQPCYDWCSVCU-UHFFFAOYSA-N	Mouse	1	mg/kg	IV	3 mg/kg (oral), 1 mg/kg (IV)	Chemical Probes Portal	NI-57
XMBSZPZJLPTFMV-UHFFFAOYSA-N	Mouse	3	mg/kg	IV	3 mg/Kg IV, 10 mg/Kg PO, up to 50 mg/Kg	Chemical Probes Portal	DDD85646
XMBSZPZJLPTFMV-UHFFFAOYSA-N	Mouse	10	mg/kg	PO	3 mg/Kg IV, 10 mg/Kg PO, up to 50 mg/Kg	Chemical Probes Portal	DDD85646
XMBSZPZJLPTFMV-UHFFFAOYSA-N	Mouse	50	mg/kg		3 mg/Kg IV, 10 mg/Kg PO, up to 50 mg/Kg	Chemical Probes Portal	DDD85646
QYDASSGXBXGRBS-CKJXQJPGSA-N	Other	1	mg/kg		1 mg/kg and 30 mg/kg	Chemical Probes Portal	KZR-504
QYDASSGXBXGRBS-CKJXQJPGSA-N	Other	30	mg/kg		1 mg/kg and 30 mg/kg	Chemical Probes Portal	KZR-504
YQOLEILXOBUDMU-KRWDZBQOSA-N	Other	3	mg/kg		3-30 mg/Kg	Chemical Probes Portal	BAY-6672
JNSLBXJNVHYNNW-CXNSMIOJSA-N	Mouse	50	mg/kg		50 mg/kg	Chemical Probes Portal	MT1
RNQODBQYMXYMCT-SJORKVTESA-N	Other					Chemical Probes Portal	BAY-386
RFZQYGBLRIKROZ-PCLIKHOPSA-N	Mouse	3	mg/kg		3 mg/Kg	Chemical Probes Portal	APY0201
RFZQYGBLRIKROZ-PCLIKHOPSA-N	Mouse	10	mg/kg		10 mg/Kg	Chemical Probes Portal	APY0201
RFZQYGBLRIKROZ-PCLIKHOPSA-N	Mouse	30	mg/kg		30 mg/Kg	Chemical Probes Portal	APY0201
BPLVDYJDAVYLRQ-UHFFFAOYSA-N	Rat	10	mg/kg		10 mg/Kg	Chemical Probes Portal	JNJ-42396302
WNEILUNVMHVMPH-UHFFFAOYSA-N	Other	8	mg/kg		0.5, 1, 2, 4, 8 mg/Kg	Chemical Probes Portal	BAY1217389
AEJOEPSMZCEYJN-HXUWFJFHSA-N	Other	10	mg/kg		10 mg/kg	Chemical Probes Portal	ICI-199441
OJKONCJPCULNOW-DYVFJYSZSA-N	Other	100	mg/kg		1, 3, 10, 100 mg/Kg	Chemical Probes Portal	DS-1971a
YDNOHCOYQVZOMC-UHFFFAOYSA-N	Other	75	mg/kg		75 mg/Kg	Chemical Probes Portal	PI-3065
OFWWWKWUCDUISA-UHFFFAOYSA-N	Rat					Chemical Probes Portal	BAY-299
CDQRIIUMNLMHRH-UHFFFAOYSA-N	Other	10	mg/kg	PO	10 mg/kg (oral); 1 mg/kg (IV)	Chemical Probes Portal	T-26c
CDQRIIUMNLMHRH-UHFFFAOYSA-N	Other	1	mg/kg	IV	10 mg/kg (oral); 1 mg/kg (IV)	Chemical Probes Portal	T-26c
CHEANNSDVJOIBS-MHZLTWQESA-N	Other	1	mg/kg	IV	1 mg/kg, iv; 5 mg/kg, po (M), 0.5 mg/kg, iv; 2 mg/kg, po (R), 0.5 mg/kg, iv; 2 mg/kg, po (C), up to 100 mg/Kg po	Chemical Probes Portal	AM-1638
CHEANNSDVJOIBS-MHZLTWQESA-N	Other	5	mg/kg	PO	1 mg/kg, iv; 5 mg/kg, po (M), 0.5 mg/kg, iv; 2 mg/kg, po (R), 0.5 mg/kg, iv; 2 mg/kg, po (C), up to 100 mg/Kg po	Chemical Probes Portal	AM-1638
CHEANNSDVJOIBS-MHZLTWQESA-N	Other	0.5	mg/kg	IV	1 mg/kg, iv; 5 mg/kg, po (M), 0.5 mg/kg, iv; 2 mg/kg, po (R), 0.5 mg/kg, iv; 2 mg/kg, po (C), up to 100 mg/Kg po	Chemical Probes Portal	AM-1638
CHEANNSDVJOIBS-MHZLTWQESA-N	Other	2	mg/kg	PO	1 mg/kg, iv; 5 mg/kg, po (M), 0.5 mg/kg, iv; 2 mg/kg, po (R), 0.5 mg/kg, iv; 2 mg/kg, po (C), up to 100 mg/Kg po	Chemical Probes Portal	AM-1638
CHEANNSDVJOIBS-MHZLTWQESA-N	Other	0.5	mg/kg	IV	1 mg/kg, iv; 5 mg/kg, po (M), 0.5 mg/kg, iv; 2 mg/kg, po (R), 0.5 mg/kg, iv; 2 mg/kg, po (C), up to 100 mg/Kg po	Chemical Probes Portal	AM-1638
CHEANNSDVJOIBS-MHZLTWQESA-N	Other	2	mg/kg	PO	1 mg/kg, iv; 5 mg/kg, po (M), 0.5 mg/kg, iv; 2 mg/kg, po (R), 0.5 mg/kg, iv; 2 mg/kg, po (C), up to 100 mg/Kg po	Chemical Probes Portal	AM-1638
CHEANNSDVJOIBS-MHZLTWQESA-N	Other	100	mg/kg	PO	1 mg/kg, iv; 5 mg/kg, po (M), 0.5 mg/kg, iv; 2 mg/kg, po (R), 0.5 mg/kg, iv; 2 mg/kg, po (C), up to 100 mg/Kg po	Chemical Probes Portal	AM-1638
QBGKPEROWUKSBK-QPPIDDCLSA-N	Other	50	mg/kg		50 mg/kg	Chemical Probes Portal	RG7112
NRSGWEVTVGZDFC-UHFFFAOYSA-N	Other	1	mg/kg		1 mg/Kg, 3 mg/Kg, 10 mg/Kg, 0.1-0.3 mg/Kg IV	Chemical Probes Portal	BAY-549
NRSGWEVTVGZDFC-UHFFFAOYSA-N	Other	3	mg/kg		1 mg/Kg, 3 mg/Kg, 10 mg/Kg, 0.1-0.3 mg/Kg IV	Chemical Probes Portal	BAY-549
NRSGWEVTVGZDFC-UHFFFAOYSA-N	Other	10	mg/kg		1 mg/Kg, 3 mg/Kg, 10 mg/Kg, 0.1-0.3 mg/Kg IV	Chemical Probes Portal	BAY-549
NRSGWEVTVGZDFC-UHFFFAOYSA-N	Other	0.1	mg/kg	IV	1 mg/Kg, 3 mg/Kg, 10 mg/Kg, 0.1-0.3 mg/Kg IV	Chemical Probes Portal	BAY-549
HUUSXLKCTQDPGL-UHFFFAOYSA-N	Other	3	mg/kg	IV	3 mg/Kg (IV), 20 mg/Kg (PO)	Chemical Probes Portal	MCC950
HUUSXLKCTQDPGL-UHFFFAOYSA-N	Other	20	mg/kg	PO	3 mg/Kg (IV), 20 mg/Kg (PO)	Chemical Probes Portal	MCC950
ARBRHWRTXPWZGN-UHFFFAOYSA-N	Rat	1	mg/kg	IV	1 mg/Kg IV, 2.5 or 5 mg/Kg PO	Chemical Probes Portal	RP-6306
ARBRHWRTXPWZGN-UHFFFAOYSA-N	Rat	5	mg/kg	PO	1 mg/Kg IV, 2.5 or 5 mg/Kg PO	Chemical Probes Portal	RP-6306
PXVFFBGSTYQHRO-REQIQPEASA-N	Other	7.5	mg/kg		7.5-15 mg/Kg	Chemical Probes Portal	DT2216
KPBNHDGDUADAGP-VAWYXSNFSA-N	Mouse	5	mg/kg		5 mg/Kg	Chemical Probes Portal	DAPORINAD
KPBNHDGDUADAGP-VAWYXSNFSA-N	Mouse	10	mg/kg		10 mg/Kg	Chemical Probes Portal	DAPORINAD
KPBNHDGDUADAGP-VAWYXSNFSA-N	Mouse	30	mg/kg		30 mg/Kg	Chemical Probes Portal	DAPORINAD
JFOAJUGFHDCBJJ-UHFFFAOYSA-N	Mouse	10	mg/kg		10 mg/Kg	Chemical Probes Portal	NMS-P715
JFOAJUGFHDCBJJ-UHFFFAOYSA-N	Mouse	10	mg/kg		10 mg/Kg	Chemical Probes Portal	NMS-P715
FNYGWXSATBUBER-UHFFFAOYSA-N	Mouse	150	mg/kg		150 mg/kg, 450 mg/kg	Chemical Probes Portal	AGI-5198
FNYGWXSATBUBER-UHFFFAOYSA-N	Mouse	450	mg/kg		150 mg/kg, 450 mg/kg	Chemical Probes Portal	AGI-5198
WVAKRQOMAINQPU-UHFFFAOYSA-N	Mouse	2	mg/kg		2 mg/Kg	Chemical Probes Portal	AK120413
WVAKRQOMAINQPU-UHFFFAOYSA-N	Mouse	10	mg/kg		10 mg/Kg	Chemical Probes Portal	AK120413
WVAKRQOMAINQPU-UHFFFAOYSA-N	Rat	1	mg/kg		1 mg/Kg	Chemical Probes Portal	AK120413
WVAKRQOMAINQPU-UHFFFAOYSA-N	Rat	4	mg/kg		4 mg/Kg	Chemical Probes Portal	AK120413
NAXSRXHZFIBFMI-UHFFFAOYSA-N	Mouse	10	mg/kg		10 mg/kg	Chemical Probes Portal	GW3965
ZDBWLRLGUBSLPG-FDHYQTMZSA-N	Mouse	10	mg/kg		10 mg/Kg	Chemical Probes Portal	SAFit2
KSGZCKSNTAJOJS-DZBMUNJRSA-N	Mouse	1	mg/kg		1 mg/kg (PK study), 0.16 mg/kg once-daily (efficacy study)	Chemical Probes Portal	Cortistatin-A
KSGZCKSNTAJOJS-DZBMUNJRSA-N	Mouse	0.16	mg/kg		1 mg/kg (PK study), 0.16 mg/kg once-daily (efficacy study)	Chemical Probes Portal	Cortistatin-A
JLFSBHQQXIAQEC-UHFFFAOYSA-N	Mouse	30	mg/kg		30-100 mg/kg	Chemical Probes Portal	E7449
FWLMVFUGMHIOAA-UHFFFAOYSA-N	Rat	12.5	mg/kg		12.5-50 mg/Kg	Chemical Probes Portal	Defactinib
FWLMVFUGMHIOAA-UHFFFAOYSA-N	Dog	12.5	mg/kg		12.5-50 mg/Kg	Chemical Probes Portal	Defactinib
XYFPWWZEPKGCCK-GOSISDBHSA-N	Mouse	3.31	mg/kg		3.31 mg/Kg	Chemical Probes Portal	Ibrutinib
XYFPWWZEPKGCCK-GOSISDBHSA-N	Mouse	14.2	mg/kg		14.2 mg/Kg	Chemical Probes Portal	Ibrutinib
LLVZBTWPGQVVLW-SNAWJCMRSA-N	Mouse	2.5	mg/kg		2.5 mg/kg	Chemical Probes Portal	CP-724714
VUVUVNZRUGEAHB-CYBMUJFWSA-N	Mouse	3	mg/mL		3 mg/mL	Chemical Probes Portal	I-BET151
ALGHKWSXJUQNJJ-UHFFFAOYSA-N	Rat	2.5	mg/kg		2.5 mg/Kg	Chemical Probes Portal	ADL-5747
ALGHKWSXJUQNJJ-UHFFFAOYSA-N	Rat	10	mg/kg		10 mg/Kg	Chemical Probes Portal	ADL-5747
ALGHKWSXJUQNJJ-UHFFFAOYSA-N	Dog	1	mg/kg		1.0 mg/Kg	Chemical Probes Portal	ADL-5747
ALGHKWSXJUQNJJ-UHFFFAOYSA-N	Dog	3	mg/kg		3.0 mg/Kg	Chemical Probes Portal	ADL-5747
QPTCYEYTAWEZNT-UHFFFAOYSA-N	Mouse	30	ug		30 ug	Chemical Probes Portal	UCSF7447
KSERXGMCDHOLSS-LJQANCHMSA-N	Mouse	1	mg/kg		1 mg/Kg	Chemical Probes Portal	ULIXERTINIB
KSERXGMCDHOLSS-LJQANCHMSA-N	Mouse	10	mg/kg		10 mg/Kg	Chemical Probes Portal	ULIXERTINIB
BIAVGWDGIJKWRM-FQEVSTJZSA-N	Rat	0.1	mg/kg		6.9 ± 0.1 mg/Kg	Chemical Probes Portal	Talnetant
BIAVGWDGIJKWRM-FQEVSTJZSA-N	Dog	0.02	mg/kg		0.93 ± 0.02 mg/Kg	Chemical Probes Portal	Talnetant
BIAVGWDGIJKWRM-FQEVSTJZSA-N	Rat	0	mg/kg		8.0 ± 0.0 mg/Kg	Chemical Probes Portal	Talnetant
BIAVGWDGIJKWRM-FQEVSTJZSA-N	Dog				4.2 ± 0.2	Chemical Probes Portal	Talnetant
WRCGBYNVBFVRTN-UHFFFAOYSA-N	Mouse	25	mg/kg		25 mg/Kg	Chemical Probes Portal	BO-264
XNULRSOGWPFPBL-REWPJTCUSA-N	Rat	2	mg/kg		2 mg/Kg	Chemical Probes Portal	PF-03882845
XNULRSOGWPFPBL-REWPJTCUSA-N	Rat	2	mg/kg		2 mg/Kg	Chemical Probes Portal	PF-03882845
ADZBMFGQQWPHMJ-RHSMWYFYSA-N	Mouse	200	mg/kg		200 mg/Kg	Chemical Probes Portal	Sotuletinib
ILOIOIGZFHGSMS-UHFFFAOYSA-N	Mouse	10	mg/kg		10 mg/Kg	Chemical Probes Portal	OL-135
FROGGFONBYACJB-KRWDZBQOSA-N	Rat	10	mg/kg		10 mg/Kg	Chemical Probes Portal	ML252
UQZCQKXJAXKZQH-LBPRGKRZSA-N	Mouse	300	mg/kg		3, 10, 30, 300 mg/Kg	Chemical Probes Portal	RBN-2397
JZCWLJDSIRUGIN-UHFFFAOYSA-N	Mouse	60	mg/kg		60 mg/Kg	Chemical Probes Portal	BERZOSERTIB
LCFFREMLXLZNHE-GBOLQPHISA-N	Rat	2	mg/kg	IV	2 mg/Kg IV, 20 mg/Kg PO	Chemical Probes Portal	RILZABRUTINIB
LCFFREMLXLZNHE-GBOLQPHISA-N	Rat	20	mg/kg	PO	2 mg/Kg IV, 20 mg/Kg PO	Chemical Probes Portal	RILZABRUTINIB
FUIYMYNYUHVDPT-HDJSIYSDSA-N	Rat	1	mg/kg		1-3 mg/Kg	Chemical Probes Portal	T863
FUIYMYNYUHVDPT-HDJSIYSDSA-N	Dog	1	mg/kg		1-3 mg/Kg	Chemical Probes Portal	T863
GRTDDIZIUSADLD-CRAIPNDOSA-N	Rat	3	mg/kg		3 mg/Kg	Chemical Probes Portal	SPH3127
GRTDDIZIUSADLD-CRAIPNDOSA-N	Rat	3	mg/kg		3 mg/Kg	Chemical Probes Portal	SPH3127
GRTDDIZIUSADLD-CRAIPNDOSA-N	Monkey (Cynomolgus)	3	mg/kg		3 mg/Kg	Chemical Probes Portal	SPH3127
GRTDDIZIUSADLD-CRAIPNDOSA-N	Monkey (Cynomolgus)	3	mg/kg		3 mg/Kg	Chemical Probes Portal	SPH3127
OXQNLLVUVDAEHC-OAQYLSRUSA-N	Other					Chemical Probes Portal	ML277
PKNYXWMTHFMHKD-UHFFFAOYSA-N	Rat	3	mg/kg		3 mg/Kg BID	Chemical Probes Portal	GW7647
PKNYXWMTHFMHKD-UHFFFAOYSA-N	Other	3	mg/kg		3 mg/Kg BID	Chemical Probes Portal	GW7647
OYUDYQMFVRHPIY-UHFFFAOYSA-N	Mouse	2.5	mg/kg		2.5 mg/Kg	Chemical Probes Portal	BMS-820132
OYUDYQMFVRHPIY-UHFFFAOYSA-N	Mouse	5	mg/kg		5 mg/Kg	Chemical Probes Portal	BMS-820132
OYUDYQMFVRHPIY-UHFFFAOYSA-N	Rat	2.5	mg/kg		2.5 mg/Kg	Chemical Probes Portal	BMS-820132
OYUDYQMFVRHPIY-UHFFFAOYSA-N	Rat	5	mg/kg		5 mg/Kg	Chemical Probes Portal	BMS-820132
OYUDYQMFVRHPIY-UHFFFAOYSA-N	Dog	3	mg/kg		3 mg/Kg	Chemical Probes Portal	BMS-820132
OYUDYQMFVRHPIY-UHFFFAOYSA-N	Dog	3	mg/kg		3 mg/Kg	Chemical Probes Portal	BMS-820132
OYUDYQMFVRHPIY-UHFFFAOYSA-N	Monkey (Cynomolgus)	3	mg/kg		3 mg/Kg	Chemical Probes Portal	BMS-820132
OYUDYQMFVRHPIY-UHFFFAOYSA-N	Monkey (Cynomolgus)	3	mg/kg		3 mg/Kg	Chemical Probes Portal	BMS-820132
USHQRIKZLHNPQR-JTQLQIEISA-N	Rat	1	mg/kg	IV	1 mg/Kg IV, 3 mg/Kg PO	Chemical Probes Portal	ICENTICAFTOR
USHQRIKZLHNPQR-JTQLQIEISA-N	Rat	3	mg/kg	PO	1 mg/Kg IV, 3 mg/Kg PO	Chemical Probes Portal	ICENTICAFTOR
USHQRIKZLHNPQR-JTQLQIEISA-N	Dog	0.46	mg/kg	IV	0.46 mg/kg IV, 3 mg/kg PO	Chemical Probes Portal	ICENTICAFTOR
USHQRIKZLHNPQR-JTQLQIEISA-N	Dog	3	mg/kg	PO	0.46 mg/kg IV, 3 mg/kg PO	Chemical Probes Portal	ICENTICAFTOR
USHQRIKZLHNPQR-JTQLQIEISA-N	Monkey (Cynomolgus)	0.1	mg/kg	IV	0.1 mg/Kg IV, 10 mg/Kg PO	Chemical Probes Portal	ICENTICAFTOR
USHQRIKZLHNPQR-JTQLQIEISA-N	Monkey (Cynomolgus)	10	mg/kg	PO	0.1 mg/Kg IV, 10 mg/Kg PO	Chemical Probes Portal	ICENTICAFTOR
PQUGCKBLVKJMNT-UHFFFAOYSA-N	Rat	10	mg/kg		10 mg/Kg	Chemical Probes Portal	SC-560
PQUGCKBLVKJMNT-UHFFFAOYSA-N	Rat	10	mg/kg		10 mg/Kg	Chemical Probes Portal	SC-560
WWOOWAHTEXIWBO-QFRSUPTLSA-N	Mouse	10	mg/kg		10 mg/Kg	Chemical Probes Portal	LLY-283
WULUGQONDYDNKY-UHFFFAOYSA-N	Mouse	1	mg/kg	IV	1 mg/Kg IV, 10 mg/Kg PO	Chemical Probes Portal	BI-1347
WULUGQONDYDNKY-UHFFFAOYSA-N	Mouse	10	mg/kg	PO	1 mg/Kg IV, 10 mg/Kg PO	Chemical Probes Portal	BI-1347
WULUGQONDYDNKY-UHFFFAOYSA-N	Rat	3	mg/kg	IV	3 mg/Kg IV, 10 mg/Kg PO	Chemical Probes Portal	BI-1347
WULUGQONDYDNKY-UHFFFAOYSA-N	Rat	10	mg/kg	PO	3 mg/Kg IV, 10 mg/Kg PO	Chemical Probes Portal	BI-1347
YEVOZZZLKJKCCD-UHFFFAOYSA-N	Mouse	10	mg/kg		10 mg/kg	Chemical Probes Portal	HG-10-102-01
YEVOZZZLKJKCCD-UHFFFAOYSA-N	Mouse	1	mg/kg		1 mg/Kg	Chemical Probes Portal	HG-10-102-01
YEVOZZZLKJKCCD-UHFFFAOYSA-N	Mouse	100	mg/kg		3, 10, 30, 50, and 100 mg/kg	Chemical Probes Portal	HG-10-102-01
PRNXOFBDXNTIFG-FQEVSTJZSA-N	Mouse	10	mg/kg		10 mg/Kg	Chemical Probes Portal	AZD3965
PRNXOFBDXNTIFG-FQEVSTJZSA-N	Mouse	100	mg/kg		100 mg/Kg	Chemical Probes Portal	AZD3965
COOGVHJHSCBOQT-MRVPVSSYSA-N	Rat	2	mg/kg		2 mg/Kg	Chemical Probes Portal	JNJ-39758979
COOGVHJHSCBOQT-MRVPVSSYSA-N	Rat	10	mg/kg		10 mg/Kg	Chemical Probes Portal	JNJ-39758979
COOGVHJHSCBOQT-MRVPVSSYSA-N	Mouse	2	mg/kg		2 mg/Kg	Chemical Probes Portal	JNJ-39758979
COOGVHJHSCBOQT-MRVPVSSYSA-N	Mouse	5	mg/kg		5 mg/Kg	Chemical Probes Portal	JNJ-39758979
COOGVHJHSCBOQT-MRVPVSSYSA-N	Dog	2	mg/kg		2 mg/Kg	Chemical Probes Portal	JNJ-39758979
COOGVHJHSCBOQT-MRVPVSSYSA-N	Dog	10	mg/kg		10 mg/Kg	Chemical Probes Portal	JNJ-39758979
DLNFTRSEHUWEGO-HUUCEWRRSA-N	Mouse	50	mg/kg		50-200 mg/Kg BID	Chemical Probes Portal	A-446
LIIWIMDSZVNYHY-UHFFFAOYSA-N	Other	5	mg/kg		5 mg/kg	Chemical Probes Portal	ACY-738
PDMXSCCBEBCTGX-UHFFFAOYSA-N	Rat	3	mg/kg		3 mg/Kg	Chemical Probes Portal	HSL-IN-1
QBIGUDRHHJTXKG-UUWRZZSWSA-N	Mouse	100	mg/kg		3, 10, 30, 100 mg/kg BID or 60 mg/kg QD	Chemical Probes Portal	JNJ-54119936
QBIGUDRHHJTXKG-UUWRZZSWSA-N	Mouse	60	mg/kg		3, 10, 30, 100 mg/kg BID or 60 mg/kg QD	Chemical Probes Portal	JNJ-54119936
QBIGUDRHHJTXKG-UUWRZZSWSA-N	Rat	1	mg/kg		1 mg/kg	Chemical Probes Portal	JNJ-54119936
QBIGUDRHHJTXKG-UUWRZZSWSA-N	Rat	5	mg/kg		5 mg/kg	Chemical Probes Portal	JNJ-54119936
GRXCLNMCJWKTAT-UHFFFAOYSA-N	Mouse	1	mg/kg		1 mg/Kg	Chemical Probes Portal	PF-06471553
GRXCLNMCJWKTAT-UHFFFAOYSA-N	Mouse	5	mg/kg		5 mg/kg	Chemical Probes Portal	PF-06471553
VGRLXWFIXGZRMS-UHFFFAOYSA-N	Rat	2	mg/kg	IV	2 mg/kg IV, 10 mg/kg PO	Chemical Probes Portal	PFI-653
VGRLXWFIXGZRMS-UHFFFAOYSA-N	Rat	10	mg/kg	PO	2 mg/kg IV, 10 mg/kg PO	Chemical Probes Portal	PFI-653
PGKXDIMONUAMFR-AREMUKBSSA-N	Guinea Pig					Chemical Probes Portal	SAREDUTANT
PGKXDIMONUAMFR-AREMUKBSSA-N	Guinea Pig					Chemical Probes Portal	SAREDUTANT
PWKAYICUBVNJAZ-UHFFFAOYSA-N	Mouse	30	mg/kg		30 mg/Kg	Chemical Probes Portal	TP-040
MSTXJJGAXXJCBY-UHFFFAOYSA-N	Rat	1	mg/kg		1 mg/Kg	Chemical Probes Portal	VU0364739
MSTXJJGAXXJCBY-UHFFFAOYSA-N	Rat	10	mg/kg		10 mg/Kg	Chemical Probes Portal	VU0364739
IVDUVEGCMXCMSO-FQEVSTJZSA-N	Mouse	150	mg/kg		150 mg/Kg	Chemical Probes Portal	GSK2830371
HRJWTAWVFDCTGO-UHFFFAOYSA-N	Rat	5	mg/kg		5 mg/Kg	Chemical Probes Portal	LY2090314
HRJWTAWVFDCTGO-UHFFFAOYSA-N	Dog	5	mg/kg		5 mg/Kg	Chemical Probes Portal	LY2090314
BZZKEPGENYLQSC-FIBGUPNXSA-N	Mouse	1	mg/kg		1 mg/Kg	Chemical Probes Portal	DEUCRAVACITINIB
BZZKEPGENYLQSC-FIBGUPNXSA-N	Mouse	10	mg/kg		10 mg/Kg	Chemical Probes Portal	DEUCRAVACITINIB
BZZKEPGENYLQSC-FIBGUPNXSA-N	Dog	2	mg/kg		2 mg/Kg	Chemical Probes Portal	DEUCRAVACITINIB
BZZKEPGENYLQSC-FIBGUPNXSA-N	Dog	10	mg/kg		10 mg/Kg	Chemical Probes Portal	DEUCRAVACITINIB
BZZKEPGENYLQSC-FIBGUPNXSA-N	Monkey (Cynomolgus)	2	mg/kg		2 mg/Kg	Chemical Probes Portal	DEUCRAVACITINIB
BZZKEPGENYLQSC-FIBGUPNXSA-N	Monkey (Cynomolgus)	10	mg/kg		10 mg/Kg	Chemical Probes Portal	DEUCRAVACITINIB
XUKUURHRXDUEBC-KAYWLYCHSA-N	Mouse	10	mg/kg	IV	10 mg/kg (IV), 300 mg/kg (PO)	Chemical Probes Portal	Atorvastatin
XUKUURHRXDUEBC-KAYWLYCHSA-N	Mouse	300	mg/kg	PO	10 mg/kg (IV), 300 mg/kg (PO)	Chemical Probes Portal	Atorvastatin
WDHOIABIERMLGY-CMJOXMDJSA-N	Other				2/5 IV/PO mg/Kg (M), 0.5/1 IV/PO mg/Kg (R)	Chemical Probes Portal	AZD9833
YTINZZFBHWSAGL-NDEPHWFRSA-N	Rat	2	mg/kg		2 mg/Kg	Chemical Probes Portal	MEZIGDOMIDE
YTINZZFBHWSAGL-NDEPHWFRSA-N	Rat	10	mg/kg		10 mg/Kg	Chemical Probes Portal	MEZIGDOMIDE
YTINZZFBHWSAGL-NDEPHWFRSA-N	Monkey (Cynomolgus)	3	mg/kg		3 mg/Kg	Chemical Probes Portal	MEZIGDOMIDE
VRQMAABPASPXMW-HDICACEKSA-N						Chemical Probes Portal	AZD4547
JKJMWHULJIOKPJ-UHFFFAOYSA-N	Mouse	0.1	mg/kg		0.1 - 10 mg/Kg	Chemical Probes Portal	KT109
TXJZRSRTYPUYRW-GHTZIAJQSA-N	Other	100	mg/kg		100 mg/kg	Chemical Probes Portal	RSL3
ARYUXFNGXHNNDM-UHFFFAOYSA-N	Rat	10	mg/kg		10 mg/Kg	Chemical Probes Portal	VU0361737
WQAVGRAETZEADU-UHFFFAOYSA-N	Mouse	0.03	mg/kg		10, 1, 0.1, and 0.03 mg/kg	Chemical Probes Portal	AZD5305
WQAVGRAETZEADU-UHFFFAOYSA-N	Rat	0.03	mg/kg		10, 1, 0.1, and 0.03 mg/kg	Chemical Probes Portal	AZD5305
WQAVGRAETZEADU-UHFFFAOYSA-N	Dog	0.03	mg/kg		10, 1, 0.1, and 0.03 mg/kg	Chemical Probes Portal	AZD5305
WQAVGRAETZEADU-UHFFFAOYSA-N	Monkey (Cynomolgus)	0.03	mg/kg		10, 1, 0.1, and 0.03 mg/kg	Chemical Probes Portal	AZD5305
CDJPHTNUARAVMH-SECBINFHSA-N	Rat	1	mg/kg		1 mg/kg	Chemical Probes Portal	(R)-9s
HFNKQEVNSGCOJV-OAHLLOKOSA-N	Mouse	90	mg/kg		90 mg/kg	Chemical Probes Portal	Ruxolitinib
OQFCHSFVWSLDAO-UHFFFAOYSA-N	Mouse	10	mg/kg		10 mg/Kg	Chemical Probes Portal	DCLK1-IN-1
OQFCHSFVWSLDAO-UHFFFAOYSA-N	Mouse	2	mg/kg		2 mg/Kg	Chemical Probes Portal	DCLK1-IN-1
WSEQXVZVJXJVFP-FQEVSTJZSA-N	Rat	1.6	mg/kg		1.6 mg/Kg	Chemical Probes Portal	ESCITALOPRAM
KJDAGXLMHXUAGV-DGWLBADLSA-N	Mouse	25	mg/kg		12.5, 18.8, 25 mg/Kg	Chemical Probes Portal	TAK-243
CMJJZRAAQMUAFH-INIZCTEOSA-N	Mouse	4	mg/kg		4 mg/Kg	Chemical Probes Portal	DDR-TRK-1
CMJJZRAAQMUAFH-INIZCTEOSA-N	Mouse	1	mg/kg		1 mg/Kg	Chemical Probes Portal	DDR-TRK-1
CMJJZRAAQMUAFH-INIZCTEOSA-N	Rat	20	mg/kg		20 mg/Kg	Chemical Probes Portal	DDR-TRK-1
CMJJZRAAQMUAFH-INIZCTEOSA-N	Rat	4	mg/kg		4 mg/Kg	Chemical Probes Portal	DDR-TRK-1
FFLJVBPCONQSQW-UHFFFAOYSA-N	Mouse	20	mg/kg		20 mg/Kg	Chemical Probes Portal	MU1700
IESAJAZKMLPVIB-VXGBXAGGSA-N	Rat	30	mg/kg		30-90 mg/Kg	Chemical Probes Portal	BAY-390
PEMUGDMSUDYLHU-ZEQRLZLVSA-N	Other	3	mg/kg	IV	3 mg/Kg IV, 3 to 100 mg/Kg PO	Chemical Probes Portal	MRTX849
PEMUGDMSUDYLHU-ZEQRLZLVSA-N	Other	3	mg/kg	PO	3 mg/Kg IV, 3 to 100 mg/Kg PO	Chemical Probes Portal	MRTX849
NXQKSXLFSAEQCZ-SFHVURJKSA-N	Other	1	mg/kg	IV	1 mg/Kg IV, 10 mg/Kg PO, Reviewer suggest 30 and 100 mg/Kg PO	Chemical Probes Portal	AMG-510
NXQKSXLFSAEQCZ-SFHVURJKSA-N	Other	10	mg/kg	PO	1 mg/Kg IV, 10 mg/Kg PO, Reviewer suggest 30 and 100 mg/Kg PO	Chemical Probes Portal	AMG-510
NXQKSXLFSAEQCZ-SFHVURJKSA-N	Other	100	mg/kg	PO	1 mg/Kg IV, 10 mg/Kg PO, Reviewer suggest 30 and 100 mg/Kg PO	Chemical Probes Portal	AMG-510
RIGHCDSORZCRDE-UHFFFAOYSA-N	Mouse	2	mg/kg	IV	2 mg/Kg IV, 10 mg/Kg	Chemical Probes Portal	JNJ-9350
RIGHCDSORZCRDE-UHFFFAOYSA-N	Mouse	10	mg/kg		2 mg/Kg IV, 10 mg/Kg	Chemical Probes Portal	JNJ-9350
RAXZSEGXMBWYQK-SNVBAGLBSA-N	Rat	1	mg/kg	PO	1 mg/Kg PO, 0.5 mg/Kg IV	Chemical Probes Portal	ERKi
RAXZSEGXMBWYQK-SNVBAGLBSA-N	Rat	0.5	mg/kg	IV	1 mg/Kg PO, 0.5 mg/Kg IV	Chemical Probes Portal	ERKi
RAXZSEGXMBWYQK-SNVBAGLBSA-N	Dog	0.5	mg/kg	PO	0.5 mg/Kg PO, 0.25 mg/Kg IV	Chemical Probes Portal	ERKi
RAXZSEGXMBWYQK-SNVBAGLBSA-N	Dog	0.25	mg/kg	IV	0.5 mg/Kg PO, 0.25 mg/Kg IV	Chemical Probes Portal	ERKi
MVCOAUNKQVWQHZ-UHFFFAOYSA-N	Mouse	1	mg/kg	IV	1 mg/Kg (IV), 10 mg/Kg (PO)	Chemical Probes Portal	DORAMAPIMOD
MVCOAUNKQVWQHZ-UHFFFAOYSA-N	Mouse	10	mg/kg	PO	1 mg/Kg (IV), 10 mg/Kg (PO)	Chemical Probes Portal	DORAMAPIMOD
MVCOAUNKQVWQHZ-UHFFFAOYSA-N	Rat	1	mg/kg	IV	1 mg/Kg (IV), 10 mg/Kg (PO)	Chemical Probes Portal	DORAMAPIMOD
MVCOAUNKQVWQHZ-UHFFFAOYSA-N	Rat	10	mg/kg	PO	1 mg/Kg (IV), 10 mg/Kg (PO)	Chemical Probes Portal	DORAMAPIMOD
RHFIAUKMKYHHFA-UHFFFAOYSA-N	Other	0.4	mg/kg	IV	0.4-1 mg/kg (IV), 5 mg/Kg (PO)	Chemical Probes Portal	GNE-3511
RHFIAUKMKYHHFA-UHFFFAOYSA-N	Other	5	mg/kg	PO	0.4-1 mg/kg (IV), 5 mg/Kg (PO)	Chemical Probes Portal	GNE-3511
LUVOYGUFQRWXGQ-UHFFFAOYSA-N	Mouse	1	mg/kg		1 mg/Kg	Chemical Probes Portal	JNJ-4355
LUVOYGUFQRWXGQ-UHFFFAOYSA-N	Rat	1	mg/kg		1 mg/Kg	Chemical Probes Portal	JNJ-4355
MCLDWKVRXDHDEI-UHFFFAOYSA-N	Mouse	2.29	mg/kg		2.29 mg/kg	Chemical Probes Portal	SGC-CAF382-1
VSMTYSWGHKYXOF-UHFFFAOYSA-N	Mouse	20	mg/kg		20 mg/kg	Chemical Probes Portal	TDI-10229
VSMTYSWGHKYXOF-UHFFFAOYSA-N	Mouse	20	mg/kg		20 mg/Kg	Chemical Probes Portal	TDI-10229
DRSZMILOMUPIBJ-UHFFFAOYSA-N	Mouse	100	mg/kg		10, 30. 100 mg/Kg	Chemical Probes Portal	TC-G-1008
ZLHFILGSQDJULK-UHFFFAOYSA-N	Mouse	30	mg/kg		5, 10, 30 mg/Kg	Chemical Probes Portal	ALISERTIB
CWLAIOPWFOOJHQ-QHCPKHFHSA-N	Mouse	3	mg/kg		3 mg/Kg	Chemical Probes Portal	JNK3-IN-8
NCDZABJPWMBMIQ-INIZCTEOSA-N	Mouse					Chemical Probes Portal	AZD-4017
NCDZABJPWMBMIQ-INIZCTEOSA-N	Rat					Chemical Probes Portal	AZD-4017
NCDZABJPWMBMIQ-INIZCTEOSA-N	Dog					Chemical Probes Portal	AZD-4017
XDJGNPSZQSWJCV-UHFFFAOYSA-N	Rat	0.5	mg/kg		0.5 mg/kg	Chemical Probes Portal	PF-06263276
XDJGNPSZQSWJCV-UHFFFAOYSA-N	Rat	1	mg/kg		1 mg/Kg	Chemical Probes Portal	PF-06263276
XDJGNPSZQSWJCV-UHFFFAOYSA-N	Dog	0.1	mg/kg		0.1 mg/Kg	Chemical Probes Portal	PF-06263276
UZWDCWONPYILKI-UHFFFAOYSA-N	Mouse	12.5	mg/kg		>12.5 mg/Kg	Chemical Probes Portal	ABEMACICLIB
QJZQFVRFJCGDKF-UHFFFAOYSA-N	Mouse	5	mg/kg	IV	5 mg/Kg IV, 20 mg/Kg PO	Chemical Probes Portal	MK-2894
QJZQFVRFJCGDKF-UHFFFAOYSA-N	Mouse	20	mg/kg	PO	5 mg/Kg IV, 20 mg/Kg PO	Chemical Probes Portal	MK-2894
QJZQFVRFJCGDKF-UHFFFAOYSA-N	Rat	5	mg/kg	IV	5 mg/Kg IV, 20 mg/Kg	Chemical Probes Portal	MK-2894
QJZQFVRFJCGDKF-UHFFFAOYSA-N	Rat	20	mg/kg		5 mg/Kg IV, 20 mg/Kg	Chemical Probes Portal	MK-2894
QJZQFVRFJCGDKF-UHFFFAOYSA-N	Dog	1	mg/kg	IV	1 mg/Kg IV, 5 mg/Kg PO	Chemical Probes Portal	MK-2894
QJZQFVRFJCGDKF-UHFFFAOYSA-N	Dog	5	mg/kg	PO	1 mg/Kg IV, 5 mg/Kg PO	Chemical Probes Portal	MK-2894
QJZQFVRFJCGDKF-UHFFFAOYSA-N	Monkey (Cynomolgus)	1	mg/kg	IV	1 mg/Kg IV, 5 mg/Kg PO	Chemical Probes Portal	MK-2894
QJZQFVRFJCGDKF-UHFFFAOYSA-N	Monkey (Cynomolgus)	5	mg/kg	PO	1 mg/Kg IV, 5 mg/Kg PO	Chemical Probes Portal	MK-2894
YOVVNQKCSKSHKT-HNNXBMFYSA-N	Mouse	1	mg/kg		1 mg/Kg	Chemical Probes Portal	APITOLISIB
YOVVNQKCSKSHKT-HNNXBMFYSA-N	Mouse	5	mg/kg		5 mg/Kg	Chemical Probes Portal	APITOLISIB
YOVVNQKCSKSHKT-HNNXBMFYSA-N	Mouse	50	mg/kg		50 mg/Kg	Chemical Probes Portal	APITOLISIB
GBLBJPZSROAGMF-RWYJCYHVSA-N	Mouse	10	mg/kg		10 mg/Kg	Chemical Probes Portal	PRALSETINIB
KVLFRAWTRWDEDF-IRXDYDNUSA-N	Mouse	10	mg/kg		2.5 and 10 mg/Kg	Chemical Probes Portal	AZD8055
HFLMLZKGLUEWBU-UHFFFAOYSA-N	Rat	10	mg/kg		10 mg/Kg	Chemical Probes Portal	KHK-IN-1
UKBQFBRPXKGJPY-INIZCTEOSA-N	Rat	1	mg/kg		1 mg/Kg	Chemical Probes Portal	Ervogastat
UKBQFBRPXKGJPY-INIZCTEOSA-N	Rat	5	mg/kg		5 mg/Kg	Chemical Probes Portal	Ervogastat
UKBQFBRPXKGJPY-INIZCTEOSA-N	Monkey (Cynomolgus)	1	mg/kg		1 mg/Kg	Chemical Probes Portal	Ervogastat
UKBQFBRPXKGJPY-INIZCTEOSA-N	Monkey (Cynomolgus)	5	mg/kg		5 mg/Kg	Chemical Probes Portal	Ervogastat
OAZAPIKYVGRNCO-UHFFFAOYSA-N	Mouse	0.5	mg/kg		0.5 mg/Kg	Chemical Probes Portal	TP-060
OAZAPIKYVGRNCO-UHFFFAOYSA-N	Mouse	5	mg/kg		5 mg/Kg	Chemical Probes Portal	TP-060
RSMYFSPOTCDHHJ-GOSISDBHSA-N	Rat				unknown	Chemical Probes Portal	AZD5153
RSMYFSPOTCDHHJ-GOSISDBHSA-N	Dog				unknown	Chemical Probes Portal	AZD5153
GOOYSJIWTIHOGW-UHFFFAOYSA-N	Mouse	10	mg/kg		10 mg/Kg	Chemical Probes Portal	LP-935509
GOOYSJIWTIHOGW-UHFFFAOYSA-N	Rat	10	mg/kg		10 mg/Kg	Chemical Probes Portal	LP-935509
JKDGKIBAOAFRPJ-ZBINZKHDSA-N	Rat	1	mg/kg		1 mg/Kg	Chemical Probes Portal	ZIMLOVISERTIB
JKDGKIBAOAFRPJ-ZBINZKHDSA-N	Rat	5	mg/kg		5 mg/Kg	Chemical Probes Portal	ZIMLOVISERTIB
JKDGKIBAOAFRPJ-ZBINZKHDSA-N	Dog	1	mg/kg		1 mg/Kg	Chemical Probes Portal	ZIMLOVISERTIB
JKDGKIBAOAFRPJ-ZBINZKHDSA-N	Dog	5	mg/kg		5 mg/Kg	Chemical Probes Portal	ZIMLOVISERTIB
JKDGKIBAOAFRPJ-ZBINZKHDSA-N	Dog	1	mg/kg		1 mg/Kg	Chemical Probes Portal	ZIMLOVISERTIB
JKDGKIBAOAFRPJ-ZBINZKHDSA-N	Dog	5	mg/kg		5 mg/Kg	Chemical Probes Portal	ZIMLOVISERTIB
SJHNWSAWWOAWJH-MRXNPFEDSA-N	Mouse	3	mg/kg		3 mg/Kg	Chemical Probes Portal	Emavusertib
SJHNWSAWWOAWJH-MRXNPFEDSA-N	Mouse	10	mg/kg		10 mg/Kg	Chemical Probes Portal	Emavusertib
SJHNWSAWWOAWJH-MRXNPFEDSA-N	Rat	3	mg/kg		3 mg/Kg	Chemical Probes Portal	Emavusertib
SJHNWSAWWOAWJH-MRXNPFEDSA-N	Rat	10	mg/kg		10 mg/Kg	Chemical Probes Portal	Emavusertib
SJHNWSAWWOAWJH-MRXNPFEDSA-N	Dog	1	mg/kg		1 mg/Kg	Chemical Probes Portal	Emavusertib
SJHNWSAWWOAWJH-MRXNPFEDSA-N	Dog	10	mg/kg		10 mg/Kg	Chemical Probes Portal	Emavusertib
DJVYXMINSBMUHH-QAQDUYKDSA-N	Rat	2	mg/kg		2 mg/kg	Chemical Probes Portal	IRAK4-IN-28
DJVYXMINSBMUHH-QAQDUYKDSA-N	Rat	5	mg/kg		5 mg/kg	Chemical Probes Portal	IRAK4-IN-28
DJVYXMINSBMUHH-QAQDUYKDSA-N	Dog	1	mg/kg		1 mg/kg	Chemical Probes Portal	IRAK4-IN-28
CDQQWCLOMUMQMM-UHFFFAOYSA-N	Mouse	0.5	mg/kg		0.5 mg/Kg	Chemical Probes Portal	TES-1025
CDQQWCLOMUMQMM-UHFFFAOYSA-N	Mouse	5	mg/kg		5 mg/Kg	Chemical Probes Portal	TES-1025
RQFYFNAGNBUGFC-UHFFFAOYSA-N	Rat	50	mg/kg		50 mg/Kg	Chemical Probes Portal	PF-367
COGUZYALRYMQTD-LJQANCHMSA-N	Mouse	1	mg/kg		1 mg/Kg	Chemical Probes Portal	MFH290
COGUZYALRYMQTD-LJQANCHMSA-N	Mouse	5	mg/kg		5 mgKg	Chemical Probes Portal	MFH290
COGUZYALRYMQTD-LJQANCHMSA-N	Mouse	10	mg/kg		10 mg/Kg	Chemical Probes Portal	MFH290
WQVPGYMGERDXLH-UHFFFAOYSA-N	Mouse	5	mg/kg		5 mg/kg	Chemical Probes Portal	JH-X-119-01
IWMCPJZTADUIFX-UHFFFAOYSA-N	Mouse	1	mg/kg		1 mg/Kg	Chemical Probes Portal	LRRK2-IN1
IWMCPJZTADUIFX-UHFFFAOYSA-N	Mouse	10	mg/kg		10 mg/Kg	Chemical Probes Portal	LRRK2-IN1
FWJRVGZWNDOOFH-OAHLLOKOSA-N	Rat	1	mg/kg		1 mg/Kg	Chemical Probes Portal	ML5
WDBUEMWHXKHQNB-NNAUULPKSA-N	Mouse	1	mg/kg		1 mg/Kg	Chemical Probes Portal	DGY-09-192
WDBUEMWHXKHQNB-NNAUULPKSA-N	Mouse	3	mg/kg		3 mg/Kg	Chemical Probes Portal	DGY-09-192
WDBUEMWHXKHQNB-NNAUULPKSA-N	Mouse	10	mg/kg		10 mg/Kg	Chemical Probes Portal	DGY-09-192
DMUSMYYDKCXFKR-MRJIRHQNSA-N	Mouse	3	mg/kg		3 mg/Kg	Chemical Probes Portal	BSJ-01-175
DMUSMYYDKCXFKR-MRJIRHQNSA-N	Mouse	10	mg/kg		10 mg/Kg	Chemical Probes Portal	BSJ-01-175
VNSQFPFWUAZOTQ-UHFFFAOYSA-N	Mouse	1	mg/kg		1.0 mg/Kg	Chemical Probes Portal	PF-9363
VNSQFPFWUAZOTQ-UHFFFAOYSA-N	Mouse	1	mg/kg		1 mg/Kg	Chemical Probes Portal	PF-9363
XUOJHVFYSAMHNK-GWMXKSKGSA-N	Mouse	10	mg/kg	IV	0.3/10 mpk IV/PO	Chemical Probes Portal	IACS-52825
XUOJHVFYSAMHNK-GWMXKSKGSA-N	Rat	3	mg/kg	IV	1/3 mpk IV/PO	Chemical Probes Portal	IACS-52825
XUOJHVFYSAMHNK-GWMXKSKGSA-N	Dog	1	mg/kg	IV	0.3/1 mpk IV/PO	Chemical Probes Portal	IACS-52825
XUOJHVFYSAMHNK-GWMXKSKGSA-N	Monkey (Cynomolgus)	1	mg/kg	IV	0.3/1 mpk IV/PO	Chemical Probes Portal	IACS-52825
IVOACCSOISMVBL-UHFFFAOYSA-N	Rat	10	mg/kg		10 mg/Kg	Chemical Probes Portal	JNJ-42226314
IVOACCSOISMVBL-UHFFFAOYSA-N	Dog	10	mg/kg		10 mg/Kg	Chemical Probes Portal	JNJ-42226314
IVOACCSOISMVBL-UHFFFAOYSA-N	Monkey (Cynomolgus)	10	mg/kg		10 mg/Kg	Chemical Probes Portal	JNJ-42226314
HEUVRFNVTLGKMZ-SANMLTNESA-N	Other	5	mg/kg		5 mg/kg (Rat), 2.5 mg/kg (Dog), up to 25 mg/kg (PO)	Chemical Probes Portal	ABT-100
HEUVRFNVTLGKMZ-SANMLTNESA-N	Other	2.5	mg/kg		5 mg/kg (Rat), 2.5 mg/kg (Dog), up to 25 mg/kg (PO)	Chemical Probes Portal	ABT-100
HEUVRFNVTLGKMZ-SANMLTNESA-N	Other	25	mg/kg	PO	5 mg/kg (Rat), 2.5 mg/kg (Dog), up to 25 mg/kg (PO)	Chemical Probes Portal	ABT-100
DNVXATUJJDPFDM-KRWDZBQOSA-N	Mouse	50	mg/kg		50 mg/kg	Chemical Probes Portal	JQ1
RCINICONZNJXQF-MZXODVADSA-N	Other	2	mg/kg		2-36 mg/kg	Chemical Probes Portal	Taxol
DUCNNEYLFOQFSW-PMERELPUSA-N	Other	150	mg/kg		150 mg/kg	Chemical Probes Portal	GSK864
UYKVJQCPBDDIFD-ZSEKCTLFSA-N	Rat	2	mg/kg		2 mg/Kg	Chemical Probes Portal	SHR1653
UYKVJQCPBDDIFD-ZSEKCTLFSA-N	Rat	1	mg/kg		1 mg/Kg	Chemical Probes Portal	SHR1653
UYKVJQCPBDDIFD-ZSEKCTLFSA-N	Mouse	1	mg/kg		1 mg/Kg	Chemical Probes Portal	SHR1653
UYKVJQCPBDDIFD-ZSEKCTLFSA-N	Dog	1	mg/kg		1 mg/Kg	Chemical Probes Portal	SHR1653
UYKVJQCPBDDIFD-ZSEKCTLFSA-N	Mouse	4	mg/kg		4 mg/Kg	Chemical Probes Portal	SHR1653
UYKVJQCPBDDIFD-ZSEKCTLFSA-N	Rat	30	mg/kg		30 mg/Kg	Chemical Probes Portal	SHR1653
UYKVJQCPBDDIFD-ZSEKCTLFSA-N	Dog	2	mg/kg		2 mg/Kg	Chemical Probes Portal	SHR1653
UYKVJQCPBDDIFD-ZSEKCTLFSA-N	Dog	20	mg/kg		20 mg/Kg	Chemical Probes Portal	SHR1653
RWRSKMSFZCQDMQ-UHFFFAOYSA-N	Mouse	5	mg/kg		5 mg/Kg	Chemical Probes Portal	TTBK1-IN-2
RWRSKMSFZCQDMQ-UHFFFAOYSA-N	Mouse	10	mg/kg		10 mg/Kg	Chemical Probes Portal	TTBK1-IN-2
RIWTUJFFSTVYPW-UHFFFAOYSA-N	Mouse	10	mg/kg		10 mg/Kg	Chemical Probes Portal	M4K2234
QARLNMDDSQMINK-BVRKHOPBSA-N	Mouse	200	mg/kg		2, 20, 200 mg/Kg	Chemical Probes Portal	INCB085660
HKASDKLLEVWKJA-YADARESESA-N	Mouse	10	uM/kg		10 uM/Kg	Chemical Probes Portal	BI-5756
HKASDKLLEVWKJA-YADARESESA-N	Mouse	1	uM/kg		1 uM/Kg	Chemical Probes Portal	BI-5756
MDUYWDNWFXSMJJ-XWLWVQCSSA-N	Rat	1	mg/kg		1 mg/Kg	Chemical Probes Portal	PF-06835919
MDUYWDNWFXSMJJ-XWLWVQCSSA-N	Rat	5	mg/kg		5 mg/Kg	Chemical Probes Portal	PF-06835919
MDUYWDNWFXSMJJ-XWLWVQCSSA-N	Dog	1	mg/kg		1 mg/Kg	Chemical Probes Portal	PF-06835919
MDUYWDNWFXSMJJ-XWLWVQCSSA-N	Dog	5	mg/kg		5 mg/Kg	Chemical Probes Portal	PF-06835919
XRDVXQQZLHVEQZ-UHFFFAOYSA-N	Mouse	5	mg/kg		5 mg/Kg	Chemical Probes Portal	GNE-617
XRDVXQQZLHVEQZ-UHFFFAOYSA-N	Mouse	10	mg/kg		10 mg/Kg	Chemical Probes Portal	GNE-617
MZBOZBMARIQZGX-GRRGFIRHSA-N	Other	25	mg/kg		25 mg/kg (rat)	Chemical Probes Portal	MI-888
UNRTVIQQMJRQLZ-UHFFFAOYSA-N	Mouse	250	mg/kg		250 mg/Kg	Chemical Probes Portal	GNE-7883
BWBUPDTUXQDHSX-AWEZNQCLSA-N	Mouse	2	mg/kg		2 mg/Kg	Chemical Probes Portal	CS640
BWBUPDTUXQDHSX-AWEZNQCLSA-N	Mouse	10	mg/kg		10 mg/Kg	Chemical Probes Portal	CS640
BWBUPDTUXQDHSX-AWEZNQCLSA-N	Mouse	20	mg/kg		20 mg/Kg	Chemical Probes Portal	CS640
BWBUPDTUXQDHSX-AWEZNQCLSA-N	Mouse	40	mg/kg		40 mg/Kg	Chemical Probes Portal	CS640
BWBUPDTUXQDHSX-AWEZNQCLSA-N	Rat	2	mg/kg		2 mg/Kg	Chemical Probes Portal	CS640
BWBUPDTUXQDHSX-AWEZNQCLSA-N	Rat	10	mg/kg		10 mg/Kg	Chemical Probes Portal	CS640
ZRHWCAFAIHTQKD-QGZVFWFLSA-N	Mouse	50	mg/kg		50 mg/Kg	Chemical Probes Portal	ABL127
CQAPXPSWLDAVEG-UHFFFAOYSA-N	Mouse	0.5	mg/kg		0.5 mg/Kg	Chemical Probes Portal	T-690
CQAPXPSWLDAVEG-UHFFFAOYSA-N	Mouse	5	mg/kg		5 mg/Kg	Chemical Probes Portal	T-690
YNVKFHIWFDRVNY-UHFFFAOYSA-N	Mouse	2.5	mg/kg		2.5 mg/kg	Chemical Probes Portal	HS665
QVQHWPLHUNEREE-UHFFFAOYSA-N	Mouse	5	mg/kg		5 mg/Kg	Chemical Probes Portal	ARUK2001607
XVFDNRYZXDHTHT-PXAZEXFGSA-N	Mouse					Chemical Probes Portal	BI-3406
XVFDNRYZXDHTHT-PXAZEXFGSA-N	Rat					Chemical Probes Portal	BI-3406
IVYQPSHHYIAUFO-VXKWHMMOSA-N	Other					Chemical Probes Portal	GSK1016790A
RVOZYMPVGIVNJX-UHFFFAOYSA-N	Rat	0.3	mg/kg	IV	0.3 mg/Kg IV, 10 mg/Kg PO	Chemical Probes Portal	BAY-7081
RVOZYMPVGIVNJX-UHFFFAOYSA-N	Rat	10	mg/kg	PO	0.3 mg/Kg IV, 10 mg/Kg PO	Chemical Probes Portal	BAY-7081
RVOZYMPVGIVNJX-UHFFFAOYSA-N	Dog	0.3	mg/kg	IV	0.3 mg/Kg IV, 10 mg/Kg PO	Chemical Probes Portal	BAY-7081
RVOZYMPVGIVNJX-UHFFFAOYSA-N	Dog	10	mg/kg	PO	0.3 mg/Kg IV, 10 mg/Kg PO	Chemical Probes Portal	BAY-7081
DFQGDHBGRSTTHX-UHFFFAOYSA-N	Rat	2	mg/kg	IV	2 mg/Kg IV, 10 mg/Kg PO	Chemical Probes Portal	FIBOFLAPON
DFQGDHBGRSTTHX-UHFFFAOYSA-N	Rat	10	mg/kg	PO	2 mg/Kg IV, 10 mg/Kg PO	Chemical Probes Portal	FIBOFLAPON
HNIFCPBQMKPRCX-UHFFFAOYSA-N	Rat	2	mg/kg		2 mg/Kg	Chemical Probes Portal	PF-3274167
HNIFCPBQMKPRCX-UHFFFAOYSA-N	Dog	0.2	mg/kg		0.2 mg/Kg	Chemical Probes Portal	PF-3274167
REQQVBGILUTQNN-UHFFFAOYSA-N	Mouse	3	mg/kg		3 mg/Kg	Chemical Probes Portal	ZIRITAXESTAT
REQQVBGILUTQNN-UHFFFAOYSA-N	Mouse	10	mg/kg		10 mg/Kg	Chemical Probes Portal	ZIRITAXESTAT
REQQVBGILUTQNN-UHFFFAOYSA-N	Mouse	30	mg/kg		30 mg/Kg	Chemical Probes Portal	ZIRITAXESTAT
YJPWVCIGSHWNON-UHFFFAOYSA-N	Rat	10	mg/kg		10 mg/kg	Chemical Probes Portal	NGB2904
YJPWVCIGSHWNON-UHFFFAOYSA-N	Rat	10	mg/kg		10 mg/Kg	Chemical Probes Portal	NGB2904
MCIACXAZCBVDEE-CUUWFGFTSA-N	Rat	2	mg/kg		2 mg/Kg	Chemical Probes Portal	ERTUGLIFLOZIN
MCIACXAZCBVDEE-CUUWFGFTSA-N	Rat	5	mg/kg		5.0 mg/Kg	Chemical Probes Portal	ERTUGLIFLOZIN
TVMJSGGZULFVCZ-XMMPIXPASA-N	Rat	30	ug		30 µg	Chemical Probes Portal	BIBO3304
YIHHYCIYAIVQKX-MBIULKOWSA-N	Mouse	3	mg/kg		3 mg/Kg	Chemical Probes Portal	CAMONSERTIB
MSFPLTWUFWOKBX-IFXJQAMLSA-O	Mouse	10	mg/kg		10 mg/kg	Chemical Probes Portal	L-Moses
BBIPVJCGIASXJB-PKTZIBPZSA-N	Rat	1	mg/kg		1 mg/Kg	Chemical Probes Portal	ITI-214
BBIPVJCGIASXJB-PKTZIBPZSA-N	Rat	9.75	mg/kg		9.75 mg/Kg	Chemical Probes Portal	ITI-214
BBIPVJCGIASXJB-PKTZIBPZSA-N	Mouse	10	mg/kg		10 mg/Kg	Chemical Probes Portal	ITI-214
SPMVMDHWKHCIDT-UHFFFAOYSA-N	Rat	0.04	mg/kg		0.04 mg/Kg	Chemical Probes Portal	TIVOZANIB
SPMVMDHWKHCIDT-UHFFFAOYSA-N	Rat	0.2	mg/kg		0.2 mg/Kg	Chemical Probes Portal	TIVOZANIB
SPMVMDHWKHCIDT-UHFFFAOYSA-N	Rat	1	mg/kg		1 mg/Kg	Chemical Probes Portal	TIVOZANIB
SPMVMDHWKHCIDT-UHFFFAOYSA-N	Rat	5	mg/mL		5 mg/mL	Chemical Probes Portal	TIVOZANIB
ZRPZPNYZFSJUPA-UHFFFAOYSA-N	Mouse	50	mg/kg		50 mg/Kg, 200 mg/Kg	Chemical Probes Portal	ARS-1620
ZRPZPNYZFSJUPA-UHFFFAOYSA-N	Mouse	200	mg/kg		50 mg/Kg, 200 mg/Kg	Chemical Probes Portal	ARS-1620
NDRFFOKFYGUOKD-ZDUSSCGKSA-N	Mouse	1	mg/kg	IV	1 mg/Kg IV, 10 mg/Kg PO	Chemical Probes Portal	OICR11029
NDRFFOKFYGUOKD-ZDUSSCGKSA-N	Mouse	10	mg/kg	PO	1 mg/Kg IV, 10 mg/Kg PO	Chemical Probes Portal	OICR11029
PJKRNPPUSQSCHN-UHFFFAOYSA-N	Mouse	0.5	umol/kg		0.5 umol/kg	Chemical Probes Portal	BI-8668
PJKRNPPUSQSCHN-UHFFFAOYSA-N	Rat	0.5	umol/kg		0.5 umol/Kg	Chemical Probes Portal	BI-8668
QGPXEIMWTKWHMH-DEOSSOPVSA-N	Rat	1	mg/kg	IV	1 mg/kg IV, 10 mg/kg PO	Chemical Probes Portal	BI-665915
QGPXEIMWTKWHMH-DEOSSOPVSA-N	Rat	10	mg/kg	PO	1 mg/kg IV, 10 mg/kg PO	Chemical Probes Portal	BI-665915
QGPXEIMWTKWHMH-DEOSSOPVSA-N	Dog	1	mg/kg	IV	1 mg/kg IV, 10 mg/kg PO	Chemical Probes Portal	BI-665915
QGPXEIMWTKWHMH-DEOSSOPVSA-N	Dog	10	mg/kg	PO	1 mg/kg IV, 10 mg/kg PO	Chemical Probes Portal	BI-665915
QGPXEIMWTKWHMH-DEOSSOPVSA-N	Monkey (Cynomolgus)	1	mg/kg	IV	1 mg/kg IV, 10 mg/kg PO	Chemical Probes Portal	BI-665915
QGPXEIMWTKWHMH-DEOSSOPVSA-N	Monkey (Cynomolgus)	10	mg/kg	PO	1 mg/kg IV, 10 mg/kg PO	Chemical Probes Portal	BI-665915
AAHNBILIYONQLX-UHFFFAOYSA-N	Rat				1 IV, 2 PO mg/Kg	Chemical Probes Portal	GSM1
AAHNBILIYONQLX-UHFFFAOYSA-N	Dog				0.2 IV; 0.5 PO mg/Kg	Chemical Probes Portal	GSM1
FRPJGTNLZNXQEX-UHFFFAOYSA-N	Rat	0.03	umol/kg		0.03 umol/Kg	Chemical Probes Portal	ABT-724
WDZVWDXOIGQJIO-UHFFFAOYSA-N	Rat	1	mg/kg	IV	1 mg/kg IV, 5 mg/Kg PO	Chemical Probes Portal	MRK-560
WDZVWDXOIGQJIO-UHFFFAOYSA-N	Rat	5	mg/kg	PO	1 mg/kg IV, 5 mg/Kg PO	Chemical Probes Portal	MRK-560
LWJGMYMNSNVCEM-UHFFFAOYSA-N	Mouse	0.1	mg/kg		0.1 - 10 mg/Kg	Chemical Probes Portal	PF-04418948
LWJGMYMNSNVCEM-UHFFFAOYSA-N	Rat	1	mg/kg		1 - 10 mg/Kg	Chemical Probes Portal	PF-04418948
BEBDKSYNJJVZSO-SECBINFHSA-N	Rat	1	mg/kg	IV	1 mg/Kg IV, 10 mg/Kg PO	Chemical Probes Portal	TP-050
BEBDKSYNJJVZSO-SECBINFHSA-N	Rat	10	mg/kg	PO	1 mg/Kg IV, 10 mg/Kg PO	Chemical Probes Portal	TP-050
SWOIFXHMBKFCRM-UHFFFAOYSA-N	Mouse	20	mg/kg		20 mg/Kg	Chemical Probes Portal	MU1742
SWOIFXHMBKFCRM-UHFFFAOYSA-N	Mouse	20	mg/kg		20 mg/Kg	Chemical Probes Portal	MU1742
FOECKIWHCOYYFL-UHFFFAOYSA-N	Mouse	25	mg/kg		25 - 75 mg/kg	Chemical Probes Portal	PPTN
UNSHMXUHOHBLIQ-UHFFFAOYSA-N	Rat	0.3	mg/kg		0.3 mg/Kg	Chemical Probes Portal	BAY-069
UNSHMXUHOHBLIQ-UHFFFAOYSA-N	Rat	0.6	mg/kg		0.6 mg/Kg	Chemical Probes Portal	BAY-069
UNSHMXUHOHBLIQ-UHFFFAOYSA-N	Mouse	100	mg/kg		25, 50, 100 mg/Kg	Chemical Probes Portal	BAY-069
ZGBAPSHWPBXEKN-OPHFCASCSA-N	Mouse	0.3	mg/kg		0.3 mg/Kg	Chemical Probes Portal	BAY-7598
ZGBAPSHWPBXEKN-OPHFCASCSA-N	Mouse	5	mg/kg		5 mg/Kg	Chemical Probes Portal	BAY-7598
QVIWDCUKIZPUBD-WLRWWHNQSA-N	Mouse	100	mg/kg		100 mg/kg	Chemical Probes Portal	Ammocidin-A
XFYUTGIEFKGWND-NRFANRHFSA-N	Other				1 IV, 5-50 PO mg/Kg	Chemical Probes Portal	GNE-9822
KIWKRCCIHSGWQS-VIFPVBQESA-N	Other				5 uM	Chemical Probes Portal	8RK64
OMZCMEYTWSXEPZ-UHFFFAOYSA-N	Mouse	20	mg/kg		20-80 mg/kg	Chemical Probes Portal	Canertinib
BMLGZNVPWRUVNM-IBGZPJMESA-N	Other	0.5	mg/kg	IP	0.5 mg/Kg IP, 2 mg/Kg PO	Chemical Probes Portal	AM-4668
BMLGZNVPWRUVNM-IBGZPJMESA-N	Other	2	mg/kg	PO	0.5 mg/Kg IP, 2 mg/Kg PO	Chemical Probes Portal	AM-4668
LZSPYTNDRPEZBK-OXYJHPMESA-N	Rat	10	mg/kg		10 mg/Kg	Chemical Probes Portal	BAY-3153
FSELUFUYNUNZKD-UHFFFAOYSA-N	Mouse	20	mg/kg		20 mg/Kg	Chemical Probes Portal	SR-4835
CYFBRQHYEQKYHH-MRXNPFEDSA-N	Mouse	100	mg/kg		100 mg/Kg	Chemical Probes Portal	JNJ-65355394
AESXAJXKMUNYJP-ZWFIUULVSA-N	Rat	1	mg/kg		1-2 mg/Kg	Chemical Probes Portal	AZD-5672
AESXAJXKMUNYJP-ZWFIUULVSA-N	Rat	2	mg/kg		2-5 mg/Kg	Chemical Probes Portal	AZD-5672
AESXAJXKMUNYJP-ZWFIUULVSA-N	Dog	1	mg/kg		1-2 mg/Kg	Chemical Probes Portal	AZD-5672
AESXAJXKMUNYJP-ZWFIUULVSA-N	Dog	2	mg/kg		2-5 mg/Kg	Chemical Probes Portal	AZD-5672
CSBKUBOVPUXFLO-MAVVKCOWSA-N	Mouse	50	mg/kg/day		50 mg/Kg/day	Chemical Probes Portal	A-1211212
CLSNATLUIXZPMV-UHFFFAOYSA-N	Mouse	0.5	mg/kg		0.5-2 mg/Kg	Chemical Probes Portal	JJKK-048
NTIFDLOQPKMIJK-AJTFRIOCSA-N	Mouse	4	mg/kg	IV	4 mg/Kg IV, 10 mg/Kg PO	Chemical Probes Portal	MK-4256
NTIFDLOQPKMIJK-AJTFRIOCSA-N	Mouse	10	mg/kg	PO	4 mg/Kg IV, 10 mg/Kg PO	Chemical Probes Portal	MK-4256
NTIFDLOQPKMIJK-AJTFRIOCSA-N	Rat	1	mg/kg	IV	1 mg/Kg IV, 2 mg/Kg PO	Chemical Probes Portal	MK-4256
NTIFDLOQPKMIJK-AJTFRIOCSA-N	Rat	2	mg/kg	PO	1 mg/Kg IV, 2 mg/Kg PO	Chemical Probes Portal	MK-4256
NTIFDLOQPKMIJK-AJTFRIOCSA-N	Dog	1	mg/kg	IV	1 mg/Kg IV, 2 mg/Kg PO	Chemical Probes Portal	MK-4256
NTIFDLOQPKMIJK-AJTFRIOCSA-N	Dog	2	mg/kg	PO	1 mg/Kg IV, 2 mg/Kg PO	Chemical Probes Portal	MK-4256
NTIFDLOQPKMIJK-AJTFRIOCSA-N	Monkey (Rheus)	1	mg/kg	IV	1 mg/Kg IV, 2 mg/Kg PO	Chemical Probes Portal	MK-4256
NTIFDLOQPKMIJK-AJTFRIOCSA-N	Monkey (Rheus)	2	mg/kg	PO	1 mg/Kg IV, 2 mg/Kg PO	Chemical Probes Portal	MK-4256
VERWOWGGCGHDQE-UHFFFAOYSA-N	Other				"5 IV, 20 PO (M); 3 IV, 10 PO (R); 5 IV, 20 PO (D);	5 IV, 60 PO (C) mg/Kg"	Chemical Probes Portal	Ceritinib
NRJKIOCCERLIDG-GOSISDBHSA-N	Other	2	mg/kg		0.5, 1, 2 mg/Kg	Chemical Probes Portal	Empesertib
BRJXJOWXAFLRTE-OAQYLSRUSA-N	Mouse	100	mg/kg		100 mg/Kg	Chemical Probes Portal	BI-6901
XOQVZSSDIQQUGO-UHFFFAOYSA-N	Mouse	30	mg/kg		30 mg/kg twice daily	Chemical Probes Portal	Lirafugratinib
URWYQGVSPQJGGB-DHUJRADRSA-N	Rat	0.25	mg/kg		0.25 mg/Kg	Chemical Probes Portal	BATEFENTEROL
HDZWHJYZJWLTAG-UHFFFAOYSA-N	Mouse	30	mg/kg/day		30 mg/Kg/Day	Chemical Probes Portal	SR9238
BJXYHBKEQFQVES-NWDGAFQWSA-N	Mouse	1	mg/kg		1 mg/Kg	Chemical Probes Portal	M5049
BJXYHBKEQFQVES-NWDGAFQWSA-N	Rat	1	mg/kg		1 mg/Kg	Chemical Probes Portal	M5049
BJXYHBKEQFQVES-NWDGAFQWSA-N	Dog	1	mg/kg		1 mg/Kg	Chemical Probes Portal	M5049
BXKNUXDLZJPPBO-UHFFFAOYSA-N	Mouse	5	mg/kg		5 mg/Kg	Chemical Probes Portal	CCT251455
BXKNUXDLZJPPBO-UHFFFAOYSA-N	Rat	5	mg/kg		5 mg/Kg	Chemical Probes Portal	CCT251455
WCPXAGKUVIPMIY-TZQLILQPSA-N	Mouse	3	mg/kg	IV	3 mg/Kg IV, 10 mg/Kg PO	Chemical Probes Portal	NVP-CRL-457
WCPXAGKUVIPMIY-TZQLILQPSA-N	Mouse	10	mg/kg	PO	3 mg/Kg IV, 10 mg/Kg PO	Chemical Probes Portal	NVP-CRL-457
WCPXAGKUVIPMIY-TZQLILQPSA-N	Dog	0.1	mg/kg	IV	0.1 mg/Kg IV, 0.3 mg/Kg PO	Chemical Probes Portal	NVP-CRL-457
WCPXAGKUVIPMIY-TZQLILQPSA-N	Dog	0.3	mg/kg	PO	0.1 mg/Kg IV, 0.3 mg/Kg PO	Chemical Probes Portal	NVP-CRL-457
WCPXAGKUVIPMIY-TZQLILQPSA-N	Rat	1	mg/kg	IV	1 mg/Kg IV, 3 mg/Kg PO	Chemical Probes Portal	NVP-CRL-457
WCPXAGKUVIPMIY-TZQLILQPSA-N	Rat	3	mg/kg	PO	1 mg/Kg IV, 3 mg/Kg PO	Chemical Probes Portal	NVP-CRL-457
VHSIAYLBCLUAFT-UHFFFAOYSA-N	Mouse	10	mg/kg		10 mg/Kg	Chemical Probes Portal	NAPHTHYRIDINONE
VHSIAYLBCLUAFT-UHFFFAOYSA-N	Rat	10	mg/kg		10 mg/Kg	Chemical Probes Portal	NAPHTHYRIDINONE
VHSIAYLBCLUAFT-UHFFFAOYSA-N	Dog	10	mg/kg		10 mg/Kg	Chemical Probes Portal	NAPHTHYRIDINONE
VHSIAYLBCLUAFT-UHFFFAOYSA-N	Monkey (Rheus)	10	mg/kg		10 mg/Kg	Chemical Probes Portal	NAPHTHYRIDINONE
AZXOTZCWQDJCLY-SJCJKPOMSA-N	Rat	1	mg/kg		1.0 mg/Kg	Chemical Probes Portal	PECAVAPTAN
AZXOTZCWQDJCLY-SJCJKPOMSA-N	Dog	0.5	mg/kg		0.5 mg/Kg	Chemical Probes Portal	PECAVAPTAN
APLVGTKXOIMODQ-IBGZPJMESA-N	Mouse	1	mg/kg	IV	1 mg/Kg IV, 5 mg/Kg PO	Chemical Probes Portal	FHT-2344
APLVGTKXOIMODQ-IBGZPJMESA-N	Mouse	5	mg/kg	PO	1 mg/Kg IV, 5 mg/Kg PO	Chemical Probes Portal	FHT-2344
HZRJHVDNTDBTOZ-QGZVFWFLSA-N	Mouse	0.3	mg/kg	IV	0.3 mg/Kg IV, up to 200 mg/Kg	Chemical Probes Portal	BAY-985
HZRJHVDNTDBTOZ-QGZVFWFLSA-N	Mouse	200	mg/kg		0.3 mg/Kg IV, up to 200 mg/Kg	Chemical Probes Portal	BAY-985
LHGUZCKPFXXVPV-GOSISDBHSA-N	Mouse	50	mg/kg		50-200 mg/kg	Chemical Probes Portal	CPI-169
QKKIWEILHCXECO-UHFFFAOYSA-N	Mouse	10	mg/kg		10 mg/kg	Chemical Probes Portal	URMC-099
KIEQQZZDWUNUQK-UHFFFAOYSA-N	Mouse	2	mg/kg		2mg/Kg	Chemical Probes Portal	GSK3484862
KIEQQZZDWUNUQK-UHFFFAOYSA-N	Mouse	2	mg/kg		2 mg/Kg	Chemical Probes Portal	GSK3484862
KIEQQZZDWUNUQK-UHFFFAOYSA-N	Mouse	30	mg/kg		30 mg/Kg	Chemical Probes Portal	GSK3484862
GCWIQUVXWZWCLE-INIZCTEOSA-N	Mouse	30	mg/kg	PO	30 mg/kg (oral), 10 mg/kg (SC)	Chemical Probes Portal	CPI-0610
GCWIQUVXWZWCLE-INIZCTEOSA-N	Mouse	10	mg/kg	SC	30 mg/kg (oral), 10 mg/kg (SC)	Chemical Probes Portal	CPI-0610
XASOHFCUIQARJT-UHFFFAOYSA-N	Mouse	1	mg/kg	IV	1 mg/Kg IV, 5 mg/Kg PO	Chemical Probes Portal	GPLG3970
XASOHFCUIQARJT-UHFFFAOYSA-N	Mouse	5	mg/kg	PO	1 mg/Kg IV, 5 mg/Kg PO	Chemical Probes Portal	GPLG3970
XASOHFCUIQARJT-UHFFFAOYSA-N	Rat	1	mg/kg	IV	1 mg/Kg IV, 5 mg/Kg PO	Chemical Probes Portal	GPLG3970
XASOHFCUIQARJT-UHFFFAOYSA-N	Rat	5	mg/kg	PO	1 mg/Kg IV, 5 mg/Kg PO	Chemical Probes Portal	GPLG3970
XASOHFCUIQARJT-UHFFFAOYSA-N	Dog	1	mg/kg	IV	1 mg/Kg IV, 5 mg/Kg PO	Chemical Probes Portal	GPLG3970
XASOHFCUIQARJT-UHFFFAOYSA-N	Dog	5	mg/kg	PO	1 mg/Kg IV, 5 mg/Kg PO	Chemical Probes Portal	GPLG3970
KFRGPUFONMCXQI-RUZDIDTESA-N	Mouse	1	mg/kg		1 mg/Kg	Chemical Probes Portal	GFB-12630
KFRGPUFONMCXQI-RUZDIDTESA-N	Mouse	10	mg/kg		10 mg/Kg	Chemical Probes Portal	GFB-12630
KFRGPUFONMCXQI-RUZDIDTESA-N	Rat	1	mg/kg		1 mg/Kg	Chemical Probes Portal	GFB-12630
KFRGPUFONMCXQI-RUZDIDTESA-N	Rat	3	mg/kg		3 mg/Kg	Chemical Probes Portal	GFB-12630
XKFTZKGMDDZMJI-HSZRJFAPSA-N	Mouse	10	mg/kg		10 mg/Kg	Chemical Probes Portal	Danusertib
HKROEBDHHKMNBZ-CHBKHGQFSA-N	Rat	30	umol/kg		30 μmol/kg	Chemical Probes Portal	A-079
HOTSVKDMIYWWIY-UHFFFAOYSA-N	Rat	1	mg/kg		1 mg/Kg	Chemical Probes Portal	mPGES1-IN-3
HOTSVKDMIYWWIY-UHFFFAOYSA-N	Rat	100	mg/kg		10, 30, 100 mg/Kg	Chemical Probes Portal	mPGES1-IN-3
HOTSVKDMIYWWIY-UHFFFAOYSA-N	Guinea Pig	100	mg/kg		100 mg/Kg	Chemical Probes Portal	mPGES1-IN-3
AECDBHGVIIRMOI-UHFFFAOYSA-N	Mouse	20	mg/kg		20-50 mg/kg	Chemical Probes Portal	NVP-AEW541
PTAMRJLIOCHJMQ-PYNGZGNASA-N	Rat	5	mg/kg		5 mg/Kg	Chemical Probes Portal	MZ1
PTAMRJLIOCHJMQ-PYNGZGNASA-N	Rat	5	mg/kg		5 mg/Kg	Chemical Probes Portal	MZ1
PTAMRJLIOCHJMQ-PYNGZGNASA-N	Mouse	5	mg/kg		5 mg/Kg	Chemical Probes Portal	MZ1
PTAMRJLIOCHJMQ-PYNGZGNASA-N	Mouse	5	mg/kg		5 mg/Kg	Chemical Probes Portal	MZ1
JGPJQFOROWSRRS-UHFFFAOYSA-N	Rat	11	uM/kg		11 uM/Kg	Chemical Probes Portal	APAFANT
QEASMQZYZCGOSA-UHFFFAOYSA-N	Mouse	0.5	mg/kg		0.5 mg/Kg	Chemical Probes Portal	AZ9567
QEASMQZYZCGOSA-UHFFFAOYSA-N	Mouse	1	mg/kg		1 mg/Kg	Chemical Probes Portal	AZ9567
QEASMQZYZCGOSA-UHFFFAOYSA-N	Rat	0.5	mg/kg		0.5 mg/Kg	Chemical Probes Portal	AZ9567
QEASMQZYZCGOSA-UHFFFAOYSA-N	Rat	1	mg/kg		1 mg/Kg	Chemical Probes Portal	AZ9567
VQINULODWGEVBB-UHFFFAOYSA-N	Mouse	20	mg/kg		20 mg/Kg	Chemical Probes Portal	YKL-05-099
GPXQUPCJIJBXHJ-UHFFFAOYSA-N	Mouse	5	mg/kg		5 mg/Kg	Chemical Probes Portal	SN-011
YHYKUSGACIYRML-KRWDZBQOSA-N	Rat	3	mg/kg		3 mg/Kg	Chemical Probes Portal	VERUBECESTAT
YHYKUSGACIYRML-KRWDZBQOSA-N	Rat	3	mg/kg		3 mg/Kg	Chemical Probes Portal	VERUBECESTAT
YHYKUSGACIYRML-KRWDZBQOSA-N	Monkey (Cynomolgus)	1	mg/kg		1 mg/Kg	Chemical Probes Portal	VERUBECESTAT
YHYKUSGACIYRML-KRWDZBQOSA-N	Monkey (Cynomolgus)	3	mg/kg		3 mg/Kg	Chemical Probes Portal	VERUBECESTAT
YHYKUSGACIYRML-KRWDZBQOSA-N	Dog	1	mg/kg		1 mg/Kg	Chemical Probes Portal	VERUBECESTAT
YHYKUSGACIYRML-KRWDZBQOSA-N	Dog	3	mg/kg		3 mg/Kg	Chemical Probes Portal	VERUBECESTAT
UWPFUBNCDABUEE-SIFUEBAJSA-N	Mouse	20	mg/kg		2.5, 5.0, 10 and 20 mg/Kg	Chemical Probes Portal	VVD-214
VLYNCWZASZUTNV-FCQUAONHSA-N	Rat	4.2	mg/kg	IV	4.20 mg/kg  IV, 0.42 mg/kg PO	Chemical Probes Portal	BI-5521
VLYNCWZASZUTNV-FCQUAONHSA-N	Rat	0.42	mg/kg	PO	4.20 mg/kg  IV, 0.42 mg/kg PO	Chemical Probes Portal	BI-5521
XKDHFIPNTTUSIA-UHFFFAOYSA-N	Mouse	5	uM/kg		5 uM/Kg	Chemical Probes Portal	BI-3231
XKDHFIPNTTUSIA-UHFFFAOYSA-N	Mouse	50	uM/kg		50 uM/Kg	Chemical Probes Portal	BI-3231
XKDHFIPNTTUSIA-UHFFFAOYSA-N	Mouse	80	uM/kg		80 uM/Kg	Chemical Probes Portal	BI-3231
ALGPVOJFIGPPPX-VIFPVBQESA-N	Mouse	10	mg/kg		10 mg/Kg	Chemical Probes Portal	TH9619
UOZVVPXKJGOFIG-UHFFFAOYSA-N	Mouse	50	mg/kg		50 mg/kg	Chemical Probes Portal	Takinib
MSYKRHVOOPPJKU-BDAKNGLRSA-N	Rat	10	mg/kg		10 mg/Kg	Chemical Probes Portal	BRIVARACETAM
GCVYFXYBQCKHCH-UHFFFAOYSA-N	Rat	0.5	mg/kg		0.5 mg/kg	Chemical Probes Portal	A1H7Z
GCVYFXYBQCKHCH-UHFFFAOYSA-N	Rat	1	mg/kg		1.0 mg/kg	Chemical Probes Portal	A1H7Z
JGLGMFHQGRAHAO-HXUWFJFHSA-N	Mouse	1	mg/kg		1 mg/Kg	Chemical Probes Portal	T-10418
JGLGMFHQGRAHAO-HXUWFJFHSA-N	Mouse	10	mg/kg		10 mg/Kg	Chemical Probes Portal	T-10418
GHNYLVIESIGHDJ-OAQYLSRUSA-N	Rat	1	mg/kg		1 mg/Kg	Chemical Probes Portal	GFB-12811
GHNYLVIESIGHDJ-OAQYLSRUSA-N	Rat	3	mg/kg		3 mg/Kg	Chemical Probes Portal	GFB-12811
GHNYLVIESIGHDJ-OAQYLSRUSA-N	Rat	10	mg/kg		10 mg/Kg	Chemical Probes Portal	GFB-12811
YHLQVQKZDZYMIP-MOPGFXCFSA-N	Rat	1	mg/kg		1 mg/Kg	Chemical Probes Portal	DS-1558
YHLQVQKZDZYMIP-MOPGFXCFSA-N	Rat	1	mg/kg		1 mg/Kg	Chemical Probes Portal	DS-1558
YHLQVQKZDZYMIP-MOPGFXCFSA-N	Dog	0.5	mg/kg		0.5 mg/Kg	Chemical Probes Portal	DS-1558
YHLQVQKZDZYMIP-MOPGFXCFSA-N	Dog	1	mg/kg		1 mg/Kg	Chemical Probes Portal	DS-1558
YHLQVQKZDZYMIP-MOPGFXCFSA-N	Monkey (Cynomolgus)	1	mg/kg		1 mg/Kg	Chemical Probes Portal	DS-1558
YHLQVQKZDZYMIP-MOPGFXCFSA-N	Monkey (Cynomolgus)	1	mg/kg		1 mg/Kg	Chemical Probes Portal	DS-1558
NDAZATDQFDPQBD-UHFFFAOYSA-N	Mouse	50	mg/kg		50 mg/Kg	Chemical Probes Portal	Luminespib
UCJZOKGUEJUNIO-IINYFYTJSA-N	Mouse	1	mg/kg		1 mg/Kg	Chemical Probes Portal	TNO155
UCJZOKGUEJUNIO-IINYFYTJSA-N	Mouse	5	mg/kg		5 mg/Kg	Chemical Probes Portal	TNO155
UCJZOKGUEJUNIO-IINYFYTJSA-N	Rat	1	mg/kg		1 mg/Kg	Chemical Probes Portal	TNO155
UCJZOKGUEJUNIO-IINYFYTJSA-N	Rat	5	mg/kg		5 mg/Kg	Chemical Probes Portal	TNO155
UCJZOKGUEJUNIO-IINYFYTJSA-N	Dog	0.2	mg/kg		0.2 mg/Kg	Chemical Probes Portal	TNO155
UCJZOKGUEJUNIO-IINYFYTJSA-N	Dog	1	mg/kg		1 mg/Kg	Chemical Probes Portal	TNO155
UCJZOKGUEJUNIO-IINYFYTJSA-N	Monkey (Cynomolgus)	0.3	mg/kg		0.3 mg/Kg	Chemical Probes Portal	TNO155
UCJZOKGUEJUNIO-IINYFYTJSA-N	Monkey (Cynomolgus)	1	mg/kg		1 mg/Kg	Chemical Probes Portal	TNO155
ZLVKIBLQXFILMA-IKGGRYGDSA-N	Mouse	1	mg/kg		1 mg/Kg	Chemical Probes Portal	EPZ-719
ZLVKIBLQXFILMA-IKGGRYGDSA-N	Mouse	30	mg/kg		30 mg/Kg	Chemical Probes Portal	EPZ-719
ZLVKIBLQXFILMA-IKGGRYGDSA-N	Mouse	100	mg/kg		100 mg/Kg	Chemical Probes Portal	EPZ-719
BUIJBFHGUQJYSD-XZOQPEGZSA-N	Mouse	10	mg/kg	IV	10 mg/Kg IV, 40 mg/Kg PO	Chemical Probes Portal	BI-113823
BUIJBFHGUQJYSD-XZOQPEGZSA-N	Mouse	40	mg/kg	PO	10 mg/Kg IV, 40 mg/Kg PO	Chemical Probes Portal	BI-113823
BUIJBFHGUQJYSD-XZOQPEGZSA-N	Rat	10	mg/kg	IV	10 mg/Kg IV and PO	Chemical Probes Portal	BI-113823
BLFBSGVUERKSST-UHFFFAOYSA-N	Mouse	10	mg/kg		10 mg/kg	Chemical Probes Portal	NVS-MELK8a
MOWXJLUYGFNTAL-DEOSSOPVSA-N	Mouse	0.2	mg/kg		0.2 mg/Kg	Chemical Probes Portal	NEDISERTIB
MOWXJLUYGFNTAL-DEOSSOPVSA-N	Mouse	0.5	mg/kg		0.5 mg/Kg	Chemical Probes Portal	NEDISERTIB
OMISHRJQMYQPMG-UHFFFAOYSA-N	Mouse	2	mg/kg		2 mg/Kg	Chemical Probes Portal	DKY709
OMISHRJQMYQPMG-UHFFFAOYSA-N	Mouse	3	mg/kg		3 mg/Kg	Chemical Probes Portal	DKY709
OMISHRJQMYQPMG-UHFFFAOYSA-N	Monkey (Cynomolgus)	0.3	mg/kg		0.3 mg/Kg	Chemical Probes Portal	DKY709
OMISHRJQMYQPMG-UHFFFAOYSA-N	Monkey (Cynomolgus)	1	mg/kg		1.0 mg/Kg	Chemical Probes Portal	DKY709
LTOAWFRZXVPHAJ-UHFFFAOYSA-N	Rat	10	mg/kg		10 mg/Kg	Chemical Probes Portal	RLX-33
AOTRIQLYUAFVSC-UHFFFAOYSA-N	Rat					Chemical Probes Portal	AZD0156
AOTRIQLYUAFVSC-UHFFFAOYSA-N	Dog					Chemical Probes Portal	AZD0156
AOTRIQLYUAFVSC-UHFFFAOYSA-N	Mouse	5	mg/kg		5 mg/Kg	Chemical Probes Portal	AZD0156
ATKHYZXUMVNCIO-UHFFFAOYSA-N	Rat	0.3	mg/kg	IV	0.3 mg/kg IV, 0.6 mg/kg PO	Chemical Probes Portal	BAY-8400
ATKHYZXUMVNCIO-UHFFFAOYSA-N	Rat	0.6	mg/kg	PO	0.3 mg/kg IV, 0.6 mg/kg PO	Chemical Probes Portal	BAY-8400
ATKHYZXUMVNCIO-UHFFFAOYSA-N	Mouse	0.3	mg/kg		0.3 mg/kg	Chemical Probes Portal	BAY-8400
WXRCLFFPZXJCLS-UHFFFAOYSA-N	Mouse	30	mg/kg		0.3, 3.0, 30.0 mg/Kg	Chemical Probes Portal	AZD9574
KLKKWCPJBTXWOV-UHFFFAOYSA-N	Mouse					Chemical Probes Portal	Ezeprogind
IPUJINDWAGRAHN-KNXBSLHKSA-N	Rat	1	mg/kg		1 mg/Kg	Chemical Probes Portal	AM-6494
IPUJINDWAGRAHN-KNXBSLHKSA-N	Rat	3	mg/kg		3 mg/Kg	Chemical Probes Portal	AM-6494
IPUJINDWAGRAHN-KNXBSLHKSA-N	Dog	1	mg/kg		1 mg/Kg	Chemical Probes Portal	AM-6494
IPUJINDWAGRAHN-KNXBSLHKSA-N	Dog	10	mg/kg		10 mg/Kg	Chemical Probes Portal	AM-6494
IPUJINDWAGRAHN-KNXBSLHKSA-N	Monkey (Cynomolgus)	1	mg/kg		1 mg/Kg	Chemical Probes Portal	AM-6494
IPUJINDWAGRAHN-KNXBSLHKSA-N	Monkey (Cynomolgus)	3	mg/kg		3 mg/Kg	Chemical Probes Portal	AM-6494
FMQWOAKTQPLQBR-SANMLTNESA-N	Rat	0.5	mg/kg		0.5 mg/Kg	Chemical Probes Portal	BAY-298
FMQWOAKTQPLQBR-SANMLTNESA-N	Rat	2	mg/kg		2.0 mg/Kg	Chemical Probes Portal	BAY-298
JOFQERPJMGKMMX-QGZVFWFLSA-N	Rat					Chemical Probes Portal	AR-C141990
IKPNRMYDOSNVAU-UHFFFAOYSA-N	Rat	1	mg/kg		1 mg/kg	Chemical Probes Portal	DNL343
IKPNRMYDOSNVAU-UHFFFAOYSA-N	Dog	0.5	mg/kg		0.5 mg/kg	Chemical Probes Portal	DNL343
IKPNRMYDOSNVAU-UHFFFAOYSA-N	Monkey (Cynomolgus)	0.5	mg/kg		0.5 mg/kg	Chemical Probes Portal	DNL343
OYDTWNVVTPPDDO-UHFFFAOYSA-N	Rat	1	mg/kg	IV	1 mg/Kg IV, 5 mg/Kg PO	Chemical Probes Portal	JRD-SIK1/2i-4
OYDTWNVVTPPDDO-UHFFFAOYSA-N	Rat	5	mg/kg	PO	1 mg/Kg IV, 5 mg/Kg PO	Chemical Probes Portal	JRD-SIK1/2i-4
OYDTWNVVTPPDDO-UHFFFAOYSA-N	Mouse	80	mg/kg		20 and 80 mg/Kg	Chemical Probes Portal	JRD-SIK1/2i-4
UEMPFKOYBHCUIG-QVIWBNHYSA-N	Mouse	3	mg/kg		3 mg/Kg	Chemical Probes Portal	UNC-8969
UEMPFKOYBHCUIG-QVIWBNHYSA-N	Mouse	3	mg/kg		3 mg/Kg	Chemical Probes Portal	UNC-8969
UEMPFKOYBHCUIG-QVIWBNHYSA-N	Mouse	5	mg/kg		5 mg/Kg	Chemical Probes Portal	UNC-8969
UEMPFKOYBHCUIG-QVIWBNHYSA-N	Mouse	10	mg/kg		10 mg/Kg	Chemical Probes Portal	UNC-8969
ILPWEAHQRAWJIU-OAHLLOKOSA-N	Mouse	3	mg/kg	IV	3 mg/Kg IV, 30 mg/Kg PO	Chemical Probes Portal	MRTX0902
ILPWEAHQRAWJIU-OAHLLOKOSA-N	Mouse	30	mg/kg	PO	3 mg/Kg IV, 30 mg/Kg PO	Chemical Probes Portal	MRTX0902
ILPWEAHQRAWJIU-OAHLLOKOSA-N	Rat	1	mg/kg	IV	1 mg/Kg IV, 10 mg/Kg PO	Chemical Probes Portal	MRTX0902
ILPWEAHQRAWJIU-OAHLLOKOSA-N	Rat	10	mg/kg	PO	1 mg/Kg IV, 10 mg/Kg PO	Chemical Probes Portal	MRTX0902
ILPWEAHQRAWJIU-OAHLLOKOSA-N	Dog	2	mg/kg	IV	2 mg/Kg IV, 10 mg/Kg PO	Chemical Probes Portal	MRTX0902
ILPWEAHQRAWJIU-OAHLLOKOSA-N	Dog	10	mg/kg	PO	2 mg/Kg IV, 10 mg/Kg PO	Chemical Probes Portal	MRTX0902
DVFCRTGTEXUFIN-GFCCVEGCSA-N	Mouse	10	mg/kg		1, 10 mg/Kg	Chemical Probes Portal	ABBV-CLS-484
HPBOMWKBZHYYGE-UHFFFAOYSA-N	Rat	10	mg/kg		10 mg/Kg	Chemical Probes Portal	WLB-89462
HPBOMWKBZHYYGE-UHFFFAOYSA-N	Rat	1	mg/kg		1 mg/Kg	Chemical Probes Portal	WLB-89462
JDUBGYFRJFOXQC-KRWDZBQOSA-N	Mouse					Chemical Probes Portal	CAPIVASERTIB
JDUBGYFRJFOXQC-KRWDZBQOSA-N	Rat					Chemical Probes Portal	CAPIVASERTIB
JDUBGYFRJFOXQC-KRWDZBQOSA-N	Dog					Chemical Probes Portal	CAPIVASERTIB
MCRHRRIGPAVFNY-SFHVURJKSA-N	Mouse	1	mg/kg	IV	1 mg/Kg IV, 5 mg/Kg PO	Chemical Probes Portal	CCT374705
MCRHRRIGPAVFNY-SFHVURJKSA-N	Mouse	5	mg/kg	PO	1 mg/Kg IV, 5 mg/Kg PO	Chemical Probes Portal	CCT374705
FXMIIWBGTCDJJQ-UHFFFAOYSA-N	Mouse	1	mg/kg		1 mg/Kg	Chemical Probes Portal	BAY-405
FXMIIWBGTCDJJQ-UHFFFAOYSA-N	Rat	1	mg/kg		1 mg/Kg	Chemical Probes Portal	BAY-405
FXMIIWBGTCDJJQ-UHFFFAOYSA-N	Rat	0.6	mg/kg		0.6 mg/Kg, 1 mg/Kg	Chemical Probes Portal	BAY-405
FXMIIWBGTCDJJQ-UHFFFAOYSA-N	Rat	1	mg/kg		0.6 mg/Kg, 1 mg/Kg	Chemical Probes Portal	BAY-405
FXMIIWBGTCDJJQ-UHFFFAOYSA-N	Dog	1	mg/kg		1 mg/Kg	Chemical Probes Portal	BAY-405
FXMIIWBGTCDJJQ-UHFFFAOYSA-N	Dog	1	mg/kg		1 mg/Kg	Chemical Probes Portal	BAY-405
HKXSBJJCHBFTMB-UHFFFAOYSA-N	Mouse	10	mg/kg		10 mg/Kg	Chemical Probes Portal	GPX4-IN-5
IYFCFYWXRIVCTH-OAHLLOKOSA-N	Mouse	1	mg/kg	IV	1 mg/Kg IV, 10 mg/Kg PO	Chemical Probes Portal	NIBR-LTSi
IYFCFYWXRIVCTH-OAHLLOKOSA-N	Mouse	10	mg/kg	PO	1 mg/Kg IV, 10 mg/Kg PO	Chemical Probes Portal	NIBR-LTSi
JOAFWIHZEBKYQK-OAHLLOKOSA-N	Rat	2	mg/kg		2 mg/Kg	Chemical Probes Portal	TYRA-300
JOAFWIHZEBKYQK-OAHLLOKOSA-N	Rat	10	mg/kg		10 mg/Kg	Chemical Probes Portal	TYRA-300
JOAFWIHZEBKYQK-OAHLLOKOSA-N	Dog	1	mg/kg		1 mg/Kg	Chemical Probes Portal	TYRA-300
JOAFWIHZEBKYQK-OAHLLOKOSA-N	Dog	10	mg/kg		10 mg/Kg	Chemical Probes Portal	TYRA-300
JOAFWIHZEBKYQK-OAHLLOKOSA-N	Monkey (Cynomolgus)	1	mg/kg		1 mg/Kg	Chemical Probes Portal	TYRA-300
JOAFWIHZEBKYQK-OAHLLOKOSA-N	Monkey (Cynomolgus)	10	mg/kg		10 mg/Kg	Chemical Probes Portal	TYRA-300
QJRFBKYETDVAJQ-ZEQKJWHPSA-N	Rat	5	mg/kg		5 mg/kg	Chemical Probes Portal	CRN04894
QJRFBKYETDVAJQ-ZEQKJWHPSA-N	Rat	10	mg/kg		10 mg/Kg	Chemical Probes Portal	CRN04894
QJRFBKYETDVAJQ-ZEQKJWHPSA-N	Dog	2.5	mg/kg		2.5 mg/Kg	Chemical Probes Portal	CRN04894
QJRFBKYETDVAJQ-ZEQKJWHPSA-N	Dog	5	mg/kg		5 mg/Kg	Chemical Probes Portal	CRN04894
FVZCFUKXGUUDBQ-ZWSMLAFMSA-N	Mouse	1	mg/kg		1 mg/Kg	Chemical Probes Portal	dWIZ1
FVZCFUKXGUUDBQ-ZWSMLAFMSA-N	Mouse	3	mg/kg		3 mg/Kg	Chemical Probes Portal	dWIZ1
FVZCFUKXGUUDBQ-ZWSMLAFMSA-N	Mouse	30	mg/kg		30 mg/Kg	Chemical Probes Portal	dWIZ1
YPPSMYLMSKHYAY-UHFFFAOYSA-N	Mouse	2.5	mg/kg		2.5 mg/kg	Chemical Probes Portal	AMG-PERK-44
FOLSZCLZVLICGG-GJYPPUQNSA-N	Mouse	1	mg/kg	IV	1 mg/kg IV, 15 mg/kg PO	Chemical Probes Portal	PF-07265028
FOLSZCLZVLICGG-GJYPPUQNSA-N	Mouse	15	mg/kg	PO	1 mg/kg IV, 15 mg/kg PO	Chemical Probes Portal	PF-07265028
FOLSZCLZVLICGG-GJYPPUQNSA-N	Monkey (Cynomolgus)	0.5	mg/kg	IV	0.5 mg/kg IV, 1 mg/kg PO	Chemical Probes Portal	PF-07265028
FOLSZCLZVLICGG-GJYPPUQNSA-N	Monkey (Cynomolgus)	1	mg/kg	PO	0.5 mg/kg IV, 1 mg/kg PO	Chemical Probes Portal	PF-07265028
AKCDDYGYIGPEKL-JQOQJDEVSA-N	Rat	40	mg/kg		10/40 mg/kg	Chemical Probes Portal	PF-06648671
AKCDDYGYIGPEKL-JQOQJDEVSA-N	Dog	5	mg/kg		5 mg/kg and 20 mg/kg	Chemical Probes Portal	PF-06648671
AKCDDYGYIGPEKL-JQOQJDEVSA-N	Dog	20	mg/kg		5 mg/kg and 20 mg/kg	Chemical Probes Portal	PF-06648671
HFOBENSCBRZVSP-NRFSWKIWSA-N	Mouse	1	mg/kg	IV	1 mg/Kg IV, 30 mg/Kg PO	Chemical Probes Portal	CA-170
HFOBENSCBRZVSP-NRFSWKIWSA-N	Mouse	30	mg/kg	PO	1 mg/Kg IV, 30 mg/Kg PO	Chemical Probes Portal	CA-170
XYKISMBNQVUKPW-GOSISDBHSA-N	Mouse	10	mg/kg		10 mg/Kg	Chemical Probes Portal	UCB9386
XYKISMBNQVUKPW-GOSISDBHSA-N	Mouse					Chemical Probes Portal	UCB9386
JJRRWLVKNLMRSA-UHFFFAOYSA-N	Mouse	5	mg/kg		5 mg/Kg	Chemical Probes Portal	MS8535
ZZFKEZYGYPWBGP-UHFFFAOYSA-N	Mouse	1	mg/kg		1 mg/Kg	Chemical Probes Portal	WEE1-IN-7
ZZFKEZYGYPWBGP-UHFFFAOYSA-N	Mouse	60	mg/kg		60 mg/Kg	Chemical Probes Portal	WEE1-IN-7
STQKUEFQEVDNLU-UHFFFAOYSA-N	Rat	10	mg/kg		10 mg/kg	Chemical Probes Portal	RO-275
MVYWULXPOKYILU-UHFFFAOYSA-N	Mouse	0.5	mg/kg	IV	0.5 mg/Kg IV, 30 mg/Kg PO	Chemical Probes Portal	MASTL-IN-1
MVYWULXPOKYILU-UHFFFAOYSA-N	Mouse	30	mg/kg	PO	0.5 mg/Kg IV, 30 mg/Kg PO	Chemical Probes Portal	MASTL-IN-1
OLEFHQBTXFCZON-HXUWFJFHSA-N	Mouse	0.5	mg/kg		0.5 mg/Kg	Chemical Probes Portal	JNJ-3738
OLEFHQBTXFCZON-HXUWFJFHSA-N	Mouse	5	mg/kg		5 mg/Kg	Chemical Probes Portal	JNJ-3738
OLEFHQBTXFCZON-HXUWFJFHSA-N	Rat	1	mg/kg		1 mg/Kg	Chemical Probes Portal	JNJ-3738
OLEFHQBTXFCZON-HXUWFJFHSA-N	Rat	5	mg/kg		5 mg/Kg	Chemical Probes Portal	JNJ-3738
OLEFHQBTXFCZON-HXUWFJFHSA-N	Dog	1	mg/kg		1 mg/Kg	Chemical Probes Portal	JNJ-3738
OLEFHQBTXFCZON-HXUWFJFHSA-N	Dog	5	mg/kg		5 mg/Kg	Chemical Probes Portal	JNJ-3738
WZMIWVZGYMKUDV-UHFFFAOYSA-N	Mouse	1	mg/kg	IV	1 mg/Kg IV, 5 mg/Kg PO	Chemical Probes Portal	JNJ-6204
WZMIWVZGYMKUDV-UHFFFAOYSA-N	Mouse	5	mg/kg	PO	1 mg/Kg IV, 5 mg/Kg PO	Chemical Probes Portal	JNJ-6204
LPQXZOJIUVOCAL-NRFANRHFSA-N	Mouse	0.3	mg/kg		0.3 mg/Kg	Chemical Probes Portal	BAY-9835
LPQXZOJIUVOCAL-NRFANRHFSA-N	Mouse	1	mg/kg		1.0 mg/Kg	Chemical Probes Portal	BAY-9835
LPQXZOJIUVOCAL-NRFANRHFSA-N	Rat	0.3	mg/kg		0.3 mg/Kg	Chemical Probes Portal	BAY-9835
LPQXZOJIUVOCAL-NRFANRHFSA-N	Rat	1	mg/kg		1 mg/Kg	Chemical Probes Portal	BAY-9835
LPQXZOJIUVOCAL-NRFANRHFSA-N	Dog	0.3	mg/kg		0.3 mg/Kg	Chemical Probes Portal	BAY-9835
LPQXZOJIUVOCAL-NRFANRHFSA-N	Dog	1	mg/kg		1 mg/Kg	Chemical Probes Portal	BAY-9835
YBXRSCXGRPSTMW-CYBMUJFWSA-N	Mouse					Chemical Probes Portal	ELIMUSERTIB
YBXRSCXGRPSTMW-CYBMUJFWSA-N	Rat					Chemical Probes Portal	ELIMUSERTIB
YBXRSCXGRPSTMW-CYBMUJFWSA-N	Dog					Chemical Probes Portal	ELIMUSERTIB
YBXRSCXGRPSTMW-CYBMUJFWSA-N	Mouse	4	mg/kg		4 mg/Kg	Chemical Probes Portal	ELIMUSERTIB
YBXRSCXGRPSTMW-CYBMUJFWSA-N	Mouse	4	mg/kg		4 mg/Kg	Chemical Probes Portal	ELIMUSERTIB
SCLLZBIBSFTLIN-INOGPEIASA-N	Mouse	30	mg/kg		30 mgKg	Chemical Probes Portal	MRTX1133
DNHPDWGIXIMXSA-CXNSMIOJSA-N	Rat	1	mg/kg		1-30 mg/Kg	Chemical Probes Portal	TENAPANOR
DNHPDWGIXIMXSA-CXNSMIOJSA-N	Mouse	1	mg/kg		1-10 mg/Kg	Chemical Probes Portal	TENAPANOR
MMJPVSDTLGFIQW-UHFFFAOYSA-N	Rat	1	mg/kg	IV	1 mg/Kg IV, 10 mg/Kg PO	Chemical Probes Portal	BI-4394
MMJPVSDTLGFIQW-UHFFFAOYSA-N	Rat	10	mg/kg	PO	1 mg/Kg IV, 10 mg/Kg PO	Chemical Probes Portal	BI-4394
KVMGAIOTUIGROS-AZUAARDMSA-N	Mouse	1	mg/kg		0.03, 0.1, 0.3 and 1 mg/kg	Chemical Probes Portal	TAK-861
ZGTWRRCZLAOQMY-UHFFFAOYSA-N	Mouse	1	mg/kg		1 mg/Kg	Chemical Probes Portal	XMU-MP-2
ZHXNIYGJAOPMSO-UHFFFAOYSA-N	Mouse	10	mg/kg		10 mg/Kg	Chemical Probes Portal	BMS-509744
ZHXNIYGJAOPMSO-UHFFFAOYSA-N	Mouse	20	mg/kg		20 mg/Kg	Chemical Probes Portal	BMS-509744
RXSCURXNWIHEAV-UHFFFAOYSA-N	Mouse	0.2	mg/kg		0.2 mg/Kg	Chemical Probes Portal	MDI-114215
RXSCURXNWIHEAV-UHFFFAOYSA-N	Mouse	30	mg/kg		30 mg/Kg	Chemical Probes Portal	MDI-114215
BJFSUDWKXGMUKA-UHFFFAOYSA-N	Mouse	180	mg/kg		180 mg/kg	Chemical Probes Portal	BI-9564
RNAMYOYQYRYFQY-UHFFFAOYSA-N	Mouse	5	mg/kg		5 mg/kg	Chemical Probes Portal	UNC0642
QOECJCJVIMVJGX-UHFFFAOYSA-N	Mouse	1	mg/mL		1 mg/mL	Chemical Probes Portal	UNC0638
DPJNKUOXBZSZAI-UHFFFAOYSA-N	Mouse	150	mg/kg		15, 50 or 150 mg/kg	Chemical Probes Portal	UNC1999
OTTJIRVZJJGFTK-SFHVURJKSA-N	Other	0.8	mg/kg		0.8 mg/kg (rat), 10-100 mg/kg (mouse)	Chemical Probes Portal	BAY-598
OTTJIRVZJJGFTK-SFHVURJKSA-N	Other	10	mg/kg		0.8 mg/kg (rat), 10-100 mg/kg (mouse)	Chemical Probes Portal	BAY-598
ZKXZLIFRWWKZRY-KRWDZBQOSA-N	Mouse	10	mg/kg		10 mg/kg, 2 mg/kg (IV)	Chemical Probes Portal	EPZ015666
ZKXZLIFRWWKZRY-KRWDZBQOSA-N	Mouse	2	mg/kg	IV	10 mg/kg, 2 mg/kg (IV)	Chemical Probes Portal	EPZ015666
PSOXOVKYGWBTPB-UHFFFAOYSA-N	Mouse	30	mg/kg		30 mg/Kg, 40 mg/Kg, 50 mg/Kg	Chemical Probes Portal	GSK2033
PSOXOVKYGWBTPB-UHFFFAOYSA-N	Mouse	40	mg/kg		30 mg/Kg, 40 mg/Kg, 50 mg/Kg	Chemical Probes Portal	GSK2033
PSOXOVKYGWBTPB-UHFFFAOYSA-N	Mouse	50	mg/kg		30 mg/Kg, 40 mg/Kg, 50 mg/Kg	Chemical Probes Portal	GSK2033
MPUQHZXIXSTTDU-QXGSTGNESA-N	Other	10	mg/kg		10-60 mg/kg	Chemical Probes Portal	Pevonedistat
DYIRSNMPIZZNBK-UHFFFAOYSA-N	Mouse	40	mg/kg		4 and 40 mg/kg	Chemical Probes Portal	EED226
DRLCSJFKKILATL-YWCVFVGNSA-N	Other	0.5	mg/kg		0.5 mg/kg (rat)	Chemical Probes Portal	AMG232
ZDNGJXBUEQNFBQ-GCJKJVERSA-N	Rat	35	umol/kg		35-50 µmol/kg	Chemical Probes Portal	KI-696
QJJXYPPXXYFBGM-LFZNUXCKSA-N	Rat	10	mg/kg		1, 2, 5, 10 mg/Kg	Chemical Probes Portal	Tacrolimus
YKNAKDFZAWQEEO-IBGZPJMESA-N	Mouse	3	mg/mL		3 mg/mL	Chemical Probes Portal	I-CBP112
QJZRFPJCWMNVAV-HHHXNRCGSA-N	Mouse					Chemical Probes Portal	ISPINESIB
QJZRFPJCWMNVAV-HHHXNRCGSA-N	Mouse					Chemical Probes Portal	ISPINESIB
JNAHVYVRKWKWKQ-CYBMUJFWSA-N	Other	10	mg/kg		10 mg/kg (mice), 5 mg/kg (rat)	Chemical Probes Portal	Veliparib
JNAHVYVRKWKWKQ-CYBMUJFWSA-N	Other	5	mg/kg		10 mg/kg (mice), 5 mg/kg (rat)	Chemical Probes Portal	Veliparib
FDLYAMZZIXQODN-UHFFFAOYSA-N	Other	10	mg/kg		10 mg/kg (mouse)  , 15 mg/kg (rat), 2.5 mg/kg (dog)	Chemical Probes Portal	Olaparib
FDLYAMZZIXQODN-UHFFFAOYSA-N	Other	15	mg/kg		10 mg/kg (mouse)  , 15 mg/kg (rat), 2.5 mg/kg (dog)	Chemical Probes Portal	Olaparib
FDLYAMZZIXQODN-UHFFFAOYSA-N	Other	2.5	mg/kg		10 mg/kg (mouse)  , 15 mg/kg (rat), 2.5 mg/kg (dog)	Chemical Probes Portal	Olaparib
PCHKPVIQAHNQLW-CQSZACIVSA-N	Other					Chemical Probes Portal	Niraparib
ULXXDDBFHOBEHA-CWDCEQMOSA-N	Mouse	20	mg/kg		20 mg/kg	Chemical Probes Portal	Afatinib
KXBDTLQSDKGAEB-UHFFFAOYSA-N	Other	50	mg/kg		50 mg/kg	Chemical Probes Portal	AVL-292
LGWDVWIZDPGCFG-UHFFFAOYSA-N	Mouse				2 (IV), 10 (PO) mg/Kg	Chemical Probes Portal	PZ2891
SQSZANZGUXWJEA-UHFFFAOYSA-N	Other	100	mg/kg		30, 60, 100 mg/Kg	Chemical Probes Portal	Gandotinib
GMPQGWXPDRNCBL-UHFFFAOYSA-N	Other	10	mg/kg		10 mg/kg	Chemical Probes Portal	eCF506
CYOHGALHFOKKQC-UHFFFAOYSA-N	Mouse	10	mg/kg		10-100 mg/kg	Chemical Probes Portal	Selumetinib
REVJNSVNICWODC-KIDMSAQOSA-N	Mouse	300	mg/kg		300 mg/kg (with extended release vehicle)	Chemical Probes Portal	A-395
DFBDRVGWBHBJNR-BBNFHIFMSA-N	Other	5	mg/kg		5-100 mg/Kg	Chemical Probes Portal	AZD9496
RRZVGDGTWNQAPW-UHFFFAOYSA-N	Mouse	5	mg/kg		5 mg/kg	Chemical Probes Portal	BAZ2-ICR
ITTRLTNMFYIYPA-UHFFFAOYSA-N	Other	1	mg/kg	IV	1 mg/Kg IV, 10-25 mg/Kg PO	Chemical Probes Portal	WZ4002
ITTRLTNMFYIYPA-UHFFFAOYSA-N	Other	10	mg/kg	PO	1 mg/Kg IV, 10-25 mg/Kg PO	Chemical Probes Portal	WZ4002
PMQUGSPFUBGJCZ-CHOKWEPUSA-N	Other	1	mg/kg	IV	1 mg/Kg IV, 5 mg/Kg PO	Chemical Probes Portal	CFI-402257
PMQUGSPFUBGJCZ-CHOKWEPUSA-N	Other	5	mg/kg	PO	1 mg/Kg IV, 5 mg/Kg PO	Chemical Probes Portal	CFI-402257
QKPUKWQKXUUTOK-UHFFFAOYSA-N	Other	80	mg/kg		80 mg/kg	Chemical Probes Portal	GPR40ant39
MFYLCAMJNGIULC-KCVUFLITSA-N	Other	0.5	mg/kg		0.5 mg/Kg, 16 mg/Kg, 25 mg/Kg	Chemical Probes Portal	AB680
MFYLCAMJNGIULC-KCVUFLITSA-N	Other	16	mg/kg		0.5 mg/Kg, 16 mg/Kg, 25 mg/Kg	Chemical Probes Portal	AB680
MFYLCAMJNGIULC-KCVUFLITSA-N	Other	25	mg/kg		0.5 mg/Kg, 16 mg/Kg, 25 mg/Kg	Chemical Probes Portal	AB680
PIEQDBPBBQPLPL-UHFFFAOYSA-N	Mouse	30	mg/kg		30 mg/Kg, 60 mg/Kg	Chemical Probes Portal	DO264
PIEQDBPBBQPLPL-UHFFFAOYSA-N	Mouse	60	mg/kg		30 mg/Kg, 60 mg/Kg	Chemical Probes Portal	DO264
UMUQEMHROZVOTF-LJQANCHMSA-N	Mouse	3	mg/kg		3 mg/kg	Chemical Probes Portal	NT-0796
VPQCHIWQHIOPQS-UHFFFAOYSA-N	Mouse	15	mg/kg	IV	15 mg/Kg IV, 30 mg/Kg IP	Chemical Probes Portal	AS-99
VPQCHIWQHIOPQS-UHFFFAOYSA-N	Mouse	30	mg/kg	IP	15 mg/Kg IV, 30 mg/Kg IP	Chemical Probes Portal	AS-99
HXBRBOYWXDLHDC-UHFFFAOYSA-N	Mouse	2	mg/kg		2 mg/Kg	Chemical Probes Portal	Borussertib
HXBRBOYWXDLHDC-UHFFFAOYSA-N	Mouse	20	mg/kg		20 mg/Kg	Chemical Probes Portal	Borussertib
HXBRBOYWXDLHDC-UHFFFAOYSA-N	Mouse	20	mg/kg		20 mg/Kg	Chemical Probes Portal	Borussertib
FQAXDSVNYVVQSE-UHFFFAOYSA-N	Other	30	mg/kg		5, 10, 30 mg/Kg	Chemical Probes Portal	HTL14242
VTFWALACVWFKNO-OCJYXSBASA-N	Rat	0.3	mg/kg		0.3 mg/kg	Chemical Probes Portal	BAY 2413555
VTFWALACVWFKNO-OCJYXSBASA-N	Rat	1	mg/kg		1.0 mg/kg	Chemical Probes Portal	BAY 2413555
VTFWALACVWFKNO-OCJYXSBASA-N	Dog	0.3	mg/kg		0.3 mg/kg	Chemical Probes Portal	BAY 2413555
VTFWALACVWFKNO-OCJYXSBASA-N	Dog	1	mg/kg		1.0 mg/kg	Chemical Probes Portal	BAY 2413555
VTFWALACVWFKNO-OCJYXSBASA-N	Monkey (Cynomolgus)	0.3	mg/kg		0.3 mg/kg	Chemical Probes Portal	BAY 2413555
VTFWALACVWFKNO-OCJYXSBASA-N	Monkey (Cynomolgus)	1	mg/kg		1 mg/Kg	Chemical Probes Portal	BAY 2413555
RJTJRVASUFIDQM-UHFFFAOYSA-N	Rat	2.5	mg/kg		2.5 mg/Kg	Chemical Probes Portal	MSD-M1PAM
RJTJRVASUFIDQM-UHFFFAOYSA-N	Rat	1	mg/kg		1 mg/Kg	Chemical Probes Portal	MSD-M1PAM
RJTJRVASUFIDQM-UHFFFAOYSA-N	Dog	1.5	mg/kg		1.5 mg/Kg	Chemical Probes Portal	MSD-M1PAM
MDGIEDNDSFMSLP-UHFFFAOYSA-N	Other	10	mg/kg		10 mg/Kg	Chemical Probes Portal	Ogerin
BHKDKKZMPODMIQ-UHFFFAOYSA-N	Other				1 IV, 3 PO mg/Kg (M), 0.5 IV, 3 PO mg/Kg (R), 0.1 IV, 0.3 PO mg/Kg (D)	Chemical Probes Portal	Roblitinib
NMQUSJQZQWKQBL-UHFFFAOYSA-N	Other	25	mg/kg		25 mg/Kg	Chemical Probes Portal	AC-4-130
LBVKEEFIPBQIMD-JTQLQIEISA-N	Other	3	mg/kg	IV	3 mg/Kg IV, 10 mg/Kg PO, Reviewer suggest 50-100 mg/Kg	Chemical Probes Portal	AZD1332
LBVKEEFIPBQIMD-JTQLQIEISA-N	Other	10	mg/kg	PO	3 mg/Kg IV, 10 mg/Kg PO, Reviewer suggest 50-100 mg/Kg	Chemical Probes Portal	AZD1332
LBVKEEFIPBQIMD-JTQLQIEISA-N	Other	50	mg/kg		3 mg/Kg IV, 10 mg/Kg PO, Reviewer suggest 50-100 mg/Kg	Chemical Probes Portal	AZD1332
FIVSJYGQAIEMOC-ZGNKEGEESA-N	Other	0.3	mg/kg		0.3 mg/kg, 1.0 mg/Kg IV, o.3 mg/Kg PO	Chemical Probes Portal	ROLAPITANT
FIVSJYGQAIEMOC-ZGNKEGEESA-N	Other	1	mg/kg	IV	0.3 mg/kg, 1.0 mg/Kg IV, o.3 mg/Kg PO	Chemical Probes Portal	ROLAPITANT
FIVSJYGQAIEMOC-ZGNKEGEESA-N	Other	3	mg/kg	PO	0.3 mg/kg, 1.0 mg/Kg IV, o.3 mg/Kg PO	Chemical Probes Portal	ROLAPITANT
WMOAPWVQPPIAFY-HSZRJFAPSA-N	Mouse	3	mg/kg		3 mg/Kg	Chemical Probes Portal	VIP36
JLNAZAXGWJVJEC-UHFFFAOYSA-N	Mouse	5	mg/kg		5 mg/Kg	Chemical Probes Portal	HM-279
JLNAZAXGWJVJEC-UHFFFAOYSA-N	Mouse	30	mg/kg		30 mg/Kg	Chemical Probes Portal	HM-279
JLNAZAXGWJVJEC-UHFFFAOYSA-N	Rat	1	mg/kg		1 mg/Kg	Chemical Probes Portal	HM-279
JLNAZAXGWJVJEC-UHFFFAOYSA-N	Rat	10	mg/kg		10 mg/Kg	Chemical Probes Portal	HM-279
JLNAZAXGWJVJEC-UHFFFAOYSA-N	Dog	1	mg/kg		1 mg/Kg	Chemical Probes Portal	HM-279
JLNAZAXGWJVJEC-UHFFFAOYSA-N	Dog	6.72	mg/kg		6.72 mg/Kg	Chemical Probes Portal	HM-279
YLGMPWWMPCGYBF-UHFFFAOYSA-N	Mouse					Chemical Probes Portal	AZ3246
YLGMPWWMPCGYBF-UHFFFAOYSA-N	Rat					Chemical Probes Portal	AZ3246
YLGMPWWMPCGYBF-UHFFFAOYSA-N	Dog					Chemical Probes Portal	AZ3246
YLGMPWWMPCGYBF-UHFFFAOYSA-N	Monkey (Cynomolgus)					Chemical Probes Portal	AZ3246
RGHLRMNPUGUZEY-UHFFFAOYSA-N	Rat					Chemical Probes Portal	CG211
RGHLRMNPUGUZEY-UHFFFAOYSA-N	Rat					Chemical Probes Portal	CG211
RGHLRMNPUGUZEY-UHFFFAOYSA-N	Mouse	25	mg/kg		25 mg/kg	Chemical Probes Portal	CG211
RDLSKDOSNKLEAQ-UHFFFAOYSA-N	Other				1 (IV), 5-30 (PO) mg/Kg	Chemical Probes Portal	PF470
KGSBEYKVWODBRD-ICSRJNTNSA-N	Mouse	10	mg/kg		10 mg/Kg	Chemical Probes Portal	CCG258747
XSQUJFKRXZMOKA-PAFIKIDNSA-N	Rat	1	mg/kg		1 mg/Kg	Chemical Probes Portal	VX548
XSQUJFKRXZMOKA-PAFIKIDNSA-N	Rat	2	mg/kg		2 mg/Kg	Chemical Probes Portal	VX548
XUZMWHLSFXCVMG-UHFFFAOYSA-N	Other	10	mg/kg		1, 3, 10 mg/Kg	Chemical Probes Portal	Baricitinib
SGSFONPFVRRJLS-UHFFFAOYSA-N	Rat	0.3	mg/kg		0.3 mg/Kg	Chemical Probes Portal	ONO-8430506
SGSFONPFVRRJLS-UHFFFAOYSA-N	Rat	1	mg/kg		1 mg/Kg	Chemical Probes Portal	ONO-8430506
SGSFONPFVRRJLS-UHFFFAOYSA-N	Mouse	1	mg/kg		1 mg/Kg	Chemical Probes Portal	ONO-8430506
SGSFONPFVRRJLS-UHFFFAOYSA-N	Dog	0.3	mg/kg		0.3 mg/Kg	Chemical Probes Portal	ONO-8430506
SGSFONPFVRRJLS-UHFFFAOYSA-N	Dog	1	mg/kg		1 mg/Kg	Chemical Probes Portal	ONO-8430506
SGSFONPFVRRJLS-UHFFFAOYSA-N	Monkey (Cynomolgus)	0.3	mg/kg		0.3 mg/Kg	Chemical Probes Portal	ONO-8430506
SGSFONPFVRRJLS-UHFFFAOYSA-N	Monkey (Cynomolgus)	1	mg/kg		1 mg/Kg	Chemical Probes Portal	ONO-8430506
XLOGLWKOHPIJLV-UHFFFAOYSA-N	Other	2	mg/kg	PO	2 mg/kg oral, 1 mg/kg IV crossover (mouse and rat)	Chemical Probes Portal	GSK583
XLOGLWKOHPIJLV-UHFFFAOYSA-N	Other	1	mg/kg	IV	2 mg/kg oral, 1 mg/kg IV crossover (mouse and rat)	Chemical Probes Portal	GSK583
LOGJQOUIVKBFGH-YBEGLDIGSA-N	Mouse	2	mg/kg		2-4 mg/Kg	Chemical Probes Portal	SU6656
JIFCFQDXHMUPGP-UHFFFAOYSA-N	Mouse	100	mg/kg		100 mg/kg	Chemical Probes Portal	CGI1746
NDEXUOWTGYUVGA-LJQANCHMSA-N	Other	40	mg/kg		4, 20, and 40 mg/kg (4 mg/kg)	Chemical Probes Portal	PF-477736
NDEXUOWTGYUVGA-LJQANCHMSA-N	Other	4	mg/kg		4, 20, and 40 mg/kg (4 mg/kg)	Chemical Probes Portal	PF-477736
MUOKSQABCJCOPU-UHFFFAOYSA-N	Mouse	75	mg/mL		75 mg/mL	Chemical Probes Portal	CX-4945
CMWRPDHVGMHLSZ-GFCCVEGCSA-N	Rat	3	mg/kg		3 mg/kg	Chemical Probes Portal	PF3644022
DADASRPKWOGKCU-FVTQAUBDSA-N	Other	2.4	mg/kg		2.4-20 mg/kg	Chemical Probes Portal	CFI-400945
HZASIAXCPXTISQ-NVXWUHKLSA-N	Other					Chemical Probes Portal	CCT241533
AUMDBEHGJRZSOO-UHFFFAOYSA-N	Other	100	mg/kg		100 mg/kg	Chemical Probes Portal	PF-4800567
STUWGJZDJHPWGZ-LBPRGKRZSA-N	Rat	1	mg/kg		1 mg/kg	Chemical Probes Portal	BYL-719
HTFNVAVTYILUCF-UHFFFAOYSA-N	Mouse	50	mg/kg		50 mg/kg	Chemical Probes Portal	AX15836
VEPKQEUBKLEPRA-UHFFFAOYSA-N	Other	40	mg/kg		40 mg/kg (43 mg/kg)	Chemical Probes Portal	VX-745
VEPKQEUBKLEPRA-UHFFFAOYSA-N	Other	43	mg/kg		40 mg/kg (43 mg/kg)	Chemical Probes Portal	VX-745
KDGFLJKFZUIJMX-UHFFFAOYSA-N	Mouse	6	mg/kg		6 mg/kg	Chemical Probes Portal	CH5424802
ZBCMHWUFWQFPLV-VVOJOOEHSA-N	Other	30	mg/kg		10, 20, and 30 mg/kg	Chemical Probes Portal	G-5555
IVUGFMLRJOCGAS-UHFFFAOYSA-N	Mouse	3.75	mg/kg		3.75-15 mg/kg	Chemical Probes Portal	AMG900
JCINBYQJBYJGDM-UHFFFAOYSA-N	Other	1	mg/kg		1-100 mg/kg	Chemical Probes Portal	BMS-911543
JUSFANSTBFGBAF-IRXDYDNUSA-N	Other	4	uM/kg		4 uM/kg (rat), 7.5-15 mg/kg (mouse)	Chemical Probes Portal	AZD2014
JUSFANSTBFGBAF-IRXDYDNUSA-N	Other	7.5	mg/kg		4 uM/kg (rat), 7.5-15 mg/kg (mouse)	Chemical Probes Portal	AZD2014
HXMGCTFLLWPVFM-GOSISDBHSA-N	Mouse					Chemical Probes Portal	Skepinone-L
DEZZLWQELQORIU-RELWKKBWSA-N	Mouse	25	mg/kg		25 mg/kg	Chemical Probes Portal	GDC-0879
IENLGMOXAQMNEH-CYBMUJFWSA-N	Mouse	25	mg/kg		25 - 150 mg/kg	Chemical Probes Portal	CCT244747
LHNIIDJUOCFXAP-UHFFFAOYSA-N	Mouse				75 ng/kg	Chemical Probes Portal	Pictilisib
MJSHVHLADKXCML-RQNOJGIXSA-N	Mouse	3	mg/mL		3 mg/mL	Chemical Probes Portal	UNC2025
AHYMHWXQRWRBKT-UHFFFAOYSA-N	Mouse	100	mg/kg		3, 10, 30, and 100 mg/kg	Chemical Probes Portal	EMD 1214063
VASPFLVEEOBQOS-UHFFFAOYSA-N	Rat	1	mg/kg		1 mg/Kg	Chemical Probes Portal	HTL-0041178
VASPFLVEEOBQOS-UHFFFAOYSA-N	Rat	3	mg/kg		3 mg/Kg	Chemical Probes Portal	HTL-0041178
VASPFLVEEOBQOS-UHFFFAOYSA-N	Mouse	1	mg/kg		1 mg/Kg	Chemical Probes Portal	HTL-0041178
VASPFLVEEOBQOS-UHFFFAOYSA-N	Mouse	3	mg/kg		3 mg/Kg	Chemical Probes Portal	HTL-0041178
VASPFLVEEOBQOS-UHFFFAOYSA-N	Monkey (Cynomolgus)	1	mg/kg		1 mg/Kg	Chemical Probes Portal	HTL-0041178
VASPFLVEEOBQOS-UHFFFAOYSA-N	Monkey (Cynomolgus)	3	mg/kg		3 mg/Kg	Chemical Probes Portal	HTL-0041178
AYCPARAPKDAOEN-LJQANCHMSA-N	Mouse	7.5	mg/kg		7.5-30 mg/kg	Chemical Probes Portal	PF-3758309
DEEOXSOLTLIWMG-UHFFFAOYSA-N	Other	10	mg/kg		10-100 mg/kg	Chemical Probes Portal	CP-673451
QAPAJIZPZGWAND-UHFFFAOYSA-N	Other	2	mg/kg		2 mg/kg	Chemical Probes Portal	XMD8-92
LQBVNQSMGBZMKD-UHFFFAOYSA-N	Other	12.5	mg/kg		12.5 mg/kg	Chemical Probes Portal	Venetoclax
SOYCFODXNRVBTI-UHFFFAOYSA-N	Other	5	mg/kg		5 mg/kg	Chemical Probes Portal	A-1155463
ZFBHXVOCZBPADE-SSEXGKCCSA-N	Other	25	mg/kg		25 mg/kg, Reviewer suggested dose: 6.25-25 mg/Kg IV	Chemical Probes Portal	S63845
ZFBHXVOCZBPADE-SSEXGKCCSA-N	Other	6.25	mg/kg	IV	25 mg/kg, Reviewer suggested dose: 6.25-25 mg/Kg IV	Chemical Probes Portal	S63845
GXTJETQFYHZHNB-GASCZTMLSA-N	Mouse	10	mg/kg		10 mg/Kg, 100 mg/Kg	Chemical Probes Portal	BI-3802
GXTJETQFYHZHNB-GASCZTMLSA-N	Mouse	100	mg/kg		10 mg/Kg, 100 mg/Kg	Chemical Probes Portal	BI-3802
QLXULUNLCRKWRD-UHFFFAOYSA-N	Other				2.9 (IV) mg/kg, 33 (PO) mg/kg	Chemical Probes Portal	WM-1119
ONIQOQHATWINJY-UHFFFAOYSA-N	Mouse	100	mg/kg		100 mg/Kg	Chemical Probes Portal	Cabozantinib
WBLVOWHFRUAMCP-UHFFFAOYSA-N	Rat	1	mg/kg		1 mg/Kg	Chemical Probes Portal	ML352
WBLVOWHFRUAMCP-UHFFFAOYSA-N	Mouse	1	mg/kg		1 mg/kg	Chemical Probes Portal	ML352
DTBGJTHCIGPRDA-UHFFFAOYSA-N	Mouse	30	mg/kg		30-50 mg/Kg	Chemical Probes Portal	STM2457
DKZYXHCYPUVGAF-JCNLHEQBSA-N	Other	1	mg/kg		1-20 mg/Kg	Chemical Probes Portal	OTSSP167
SXWMIXPJPNCXQQ-UHFFFAOYSA-N	Other	30	mg/kg		30 mg/Kg	Chemical Probes Portal	G749
BKWJAKQVGHWELA-UHFFFAOYSA-N	Other	20	mg/kg		5, 10, or 20 mg/kg, Reviewer suggest: 20 and 30 mg/Kg	Chemical Probes Portal	Adavosertib
BKWJAKQVGHWELA-UHFFFAOYSA-N	Other	30	mg/kg		5, 10, or 20 mg/kg, Reviewer suggest: 20 and 30 mg/Kg	Chemical Probes Portal	Adavosertib
IRTDIKMSKMREGO-OAHLLOKOSA-N	Other	1	mg/kg	IV	1 mg/Kg (IV), 10 mg/Kg (PO), 10 mg/Kg (IP)	Chemical Probes Portal	AZD-6482
IRTDIKMSKMREGO-OAHLLOKOSA-N	Other	10	mg/kg	PO	1 mg/Kg (IV), 10 mg/Kg (PO), 10 mg/Kg (IP)	Chemical Probes Portal	AZD-6482
IRTDIKMSKMREGO-OAHLLOKOSA-N	Other	10	mg/kg	IP	1 mg/Kg (IV), 10 mg/Kg (PO), 10 mg/Kg (IP)	Chemical Probes Portal	AZD-6482
CDOOFZZILLRUQH-GDLZYMKVSA-N	Other	30	mg/kg		30-100 mg/Kg	Chemical Probes Portal	GDC-0834
VMJFTOSOFDEKTM-UHFFFAOYSA-N	Other	100	mg/kg		10, 30, 100 mg/Kg	Chemical Probes Portal	MK-8033
WKIALOXOAZXGMG-UHFFFAOYSA-N	Other	0.1	mg/kg		0.1-10 mg/Kg	Chemical Probes Portal	AMG-337
KNLROUBMVYVLGX-UHFFFAOYSA-N	Other	40	mg/kg		40 mg/kg	Chemical Probes Portal	JAK3i
GSGDUDAFETZSPM-IATAILRESA-N	Mouse	1	mg/kg	IV	1 mg/kg IV, 5 mg/kg PO	Chemical Probes Portal	CCT373566
GSGDUDAFETZSPM-IATAILRESA-N	Mouse	5	mg/kg	PO	1 mg/kg IV, 5 mg/kg PO	Chemical Probes Portal	CCT373566
PWBHUSLMHZLGRN-UHFFFAOYSA-N	Other	2	mg/kg		2 mg/Kg (M, R); 1 mg/Kg (Cyno)	Chemical Probes Portal	CC-90009
PWBHUSLMHZLGRN-UHFFFAOYSA-N	Other	1	mg/kg		2 mg/Kg (M, R); 1 mg/Kg (Cyno)	Chemical Probes Portal	CC-90009
WCPTUQOMNJBIET-CALCHBBNSA-N	Other	25	mg/kg	IV	25 mg/kg IV (mouse)	Chemical Probes Portal	AZ6102
NWGMIELHSCQGOG-ZDUSSCGKSA-N	Other					Chemical Probes Portal	AZ0108
OHRDCQFCAWLDBP-SBUREZEXSA-N	Other	1	mg/kg		1-10 mg/Kg	Chemical Probes Portal	SB-612111
KKFFOOWORPUAJB-NVXWUHKLSA-N	Mouse	20	mg/kg		20 mg/Kg	Chemical Probes Portal	SOS1-IN-1-15
BNTAEJNPQLMGDJ-LLVKDONJSA-N	Other	30	mg/kg		30 mg/Kg, 10 mg/Kg, 5 mg/Kg	Chemical Probes Portal	TP-004
BNTAEJNPQLMGDJ-LLVKDONJSA-N	Other	10	mg/kg		30 mg/Kg, 10 mg/Kg, 5 mg/Kg	Chemical Probes Portal	TP-004
BNTAEJNPQLMGDJ-LLVKDONJSA-N	Other	5	mg/kg		30 mg/Kg, 10 mg/Kg, 5 mg/Kg	Chemical Probes Portal	TP-004
WXRGFPHDRFQODR-ICLZECGLSA-N	Mouse	50	mg/mL		50 mg/mL continuous infusion	Chemical Probes Portal	EPZ004777
NSQSAUGJQHDYNO-UHFFFAOYSA-N	Mouse	125	mg/kg		125-500 mg/kg	Chemical Probes Portal	EPZ-6438
LQTWDAYNGMMHLV-UHFFFAOYSA-N	Mouse	5	mg/kg	IV	5 mg/Kg IV, 10 mg/Kg PO, 75 mg/Kg IP	Chemical Probes Portal	JQEZ5
LQTWDAYNGMMHLV-UHFFFAOYSA-N	Mouse	10	mg/kg	PO	5 mg/Kg IV, 10 mg/Kg PO, 75 mg/Kg IP	Chemical Probes Portal	JQEZ5
LQTWDAYNGMMHLV-UHFFFAOYSA-N	Mouse	75	mg/kg	IP	5 mg/Kg IV, 10 mg/Kg PO, 75 mg/Kg IP	Chemical Probes Portal	JQEZ5
HPODOLXTMDHLLC-QGZVFWFLSA-N	Mouse	1	mg/kg	IV	1 mg/kg (IV), 100 mg/kg (PO)	Chemical Probes Portal	CPI-1205
HPODOLXTMDHLLC-QGZVFWFLSA-N	Mouse	100	mg/kg	PO	1 mg/kg (IV), 100 mg/kg (PO)	Chemical Probes Portal	CPI-1205
PTPNCCWOTBBVJR-UHFFFAOYSA-N	Mouse	10	ug		10 ug/Mouse	Chemical Probes Portal	GW1100
ATFQBBCQZKVZJN-QMMMGPOBSA-N	Rat	1	mg/kg		1 mg/Kg	Chemical Probes Portal	PF-06869206
ATFQBBCQZKVZJN-QMMMGPOBSA-N	Rat	5	mg/kg		5 mg/Kg	Chemical Probes Portal	PF-06869206
ATFQBBCQZKVZJN-QMMMGPOBSA-N	Rat	50	mg/kg		50 mg/Kg	Chemical Probes Portal	PF-06869206
ATFQBBCQZKVZJN-QMMMGPOBSA-N	Mouse	1	mg/kg		1 mg/Kg	Chemical Probes Portal	PF-06869206
ATFQBBCQZKVZJN-QMMMGPOBSA-N	Mouse	5	mg/kg		5 mg/Kg	Chemical Probes Portal	PF-06869206
ATFQBBCQZKVZJN-QMMMGPOBSA-N	Mouse	50	mg/kg		50 mg/Kg	Chemical Probes Portal	PF-06869206
QLPHOXTXAKOFMU-WBVHZDCISA-N	Mouse	100	mg/kg		100 mg/kg	Chemical Probes Portal	GSK2334470
VOVZXURTCKPRDQ-CQSZACIVSA-N	Other	30	mg/kg	PO	1 (M), 2(R), 1(D) mg/Kg IV, 30 (M), 30 (R), 15 (D) 30 mg/Kg PO	Chemical Probes Portal	Asciminib
IIQUYGWWHIHOCF-UHFFFAOYSA-N	Other	20	mg/kg		20 mg/kg	Chemical Probes Portal	GNF-5
OINGHOPGNMYCAB-INIZCTEOSA-N	Other					Chemical Probes Portal	NVS-PAK1-1
JBGYKRAZYDNCNV-UHFFFAOYSA-N	Mouse	10	mg/kg		10 - 50 mg/Kg	Chemical Probes Portal	BAY1125976
DMIDPTCQPIJYFE-UHFFFAOYSA-N	Mouse	30	mg/mL		30 mg/mL	Chemical Probes Portal	SGC707
HSVRUECLQUGTDS-UHFFFAOYSA-N	Other	10	mg/kg		10-200 mg/Kg	Chemical Probes Portal	AG-270
NVGROBHDOYRPAN-FPTDNZKUSA-N	Mouse	3	mg/kg		3 mg/Kg	Chemical Probes Portal	NVS-MALT1
NVGROBHDOYRPAN-FPTDNZKUSA-N	Mouse	1	mg/kg		1 mg/Kg	Chemical Probes Portal	NVS-MALT1
NVGROBHDOYRPAN-FPTDNZKUSA-N	Rat	3	mg/kg		3 mg/Kg	Chemical Probes Portal	NVS-MALT1
NVGROBHDOYRPAN-FPTDNZKUSA-N	Rat	1	mg/kg		1 mg/Kg	Chemical Probes Portal	NVS-MALT1
NVGROBHDOYRPAN-FPTDNZKUSA-N	Dog	0.3	mg/kg		0.3 mg/Kg	Chemical Probes Portal	NVS-MALT1
NVGROBHDOYRPAN-FPTDNZKUSA-N	Dog	0.1	mg/kg		0.1 mg/Kg	Chemical Probes Portal	NVS-MALT1
VKQBTIMLSDGNLG-QHCPKHFHSA-N	Rat	2	mg/kg		2 mg/Kg	Chemical Probes Portal	BAY-899
VKQBTIMLSDGNLG-QHCPKHFHSA-N	Rat	0.5	mg/kg		0.5 mg/Kg	Chemical Probes Portal	BAY-899
ZNNLBTZKUZBEKO-UHFFFAOYSA-N	Other	10	mg/kg		0.4, 1, 10 mg/Kg	Chemical Probes Portal	Glyburide
FAEKWTJYAYMJKF-QHCPKHFHSA-N	Rat	1	mg/kg		1 mg/kg	Chemical Probes Portal	Repaglinide
LYPAFUINURXJSG-AWEZNQCLSA-N	Other	5	mg/kg	PO	1.1 (R) - 1.2 (M) mg/Kg, 2.1 (R) - 1.9 (M) mg/Kg, Reviewer suggested 5-50 mg/Kg PO	Chemical Probes Portal	GSK2982772
JGWRKYUXBBNENE-UHFFFAOYSA-N	Mouse	1	mg/kg		1 mg/Kg	Chemical Probes Portal	PEXIDARTINIB
JGWRKYUXBBNENE-UHFFFAOYSA-N	Mouse	5	mg/kg		5 mg/Kg	Chemical Probes Portal	PEXIDARTINIB
JGWRKYUXBBNENE-UHFFFAOYSA-N	Mouse	50	mg/kg		50 mg/Kg	Chemical Probes Portal	PEXIDARTINIB
JGWRKYUXBBNENE-UHFFFAOYSA-N	Rat	1	mg/kg		1 mg/Kg	Chemical Probes Portal	PEXIDARTINIB
JGWRKYUXBBNENE-UHFFFAOYSA-N	Rat	30	mg/kg		30 mg/Kg	Chemical Probes Portal	PEXIDARTINIB
JGWRKYUXBBNENE-UHFFFAOYSA-N	Dog	1	mg/kg		1 mg/Kg	Chemical Probes Portal	PEXIDARTINIB
JGWRKYUXBBNENE-UHFFFAOYSA-N	Dog	30	mg/kg		30 mg/Kg	Chemical Probes Portal	PEXIDARTINIB
JGWRKYUXBBNENE-UHFFFAOYSA-N	Monkey (Cynomolgus)	1	mg/kg		1 mg/Kg	Chemical Probes Portal	PEXIDARTINIB
JGWRKYUXBBNENE-UHFFFAOYSA-N	Monkey (Cynomolgus)	160	mg/kg		160 mg/Kg	Chemical Probes Portal	PEXIDARTINIB
RZLXOEIALAVGKH-UHFFFAOYSA-N	Mouse	1	mg/kg	IV	1 mg/Kg IV, 5 mg/Kg PO	Chemical Probes Portal	HPK1-IN-3
RZLXOEIALAVGKH-UHFFFAOYSA-N	Mouse	5	mg/kg	PO	1 mg/Kg IV, 5 mg/Kg PO	Chemical Probes Portal	HPK1-IN-3
RZLXOEIALAVGKH-UHFFFAOYSA-N	Rat	1	mg/kg	IV	1 mg/Kg IV, 5 mg/Kg PO	Chemical Probes Portal	HPK1-IN-3
RZLXOEIALAVGKH-UHFFFAOYSA-N	Rat	5	mg/kg	PO	1 mg/Kg IV, 5 mg/Kg PO	Chemical Probes Portal	HPK1-IN-3
ZKIQFLSGMMYCGS-SANMLTNESA-N	Rat	30	mg/kg	IV	1, 10, 30 mg/Kg, 1.1 (IV), 2.2 (PO) mg/Kg	Chemical Probes Portal	1G244
NFHSJYKXENYICE-UHFFFAOYSA-N	Mouse	1	mg/kg		1 mg/Kg	Chemical Probes Portal	IOA-244
NFHSJYKXENYICE-UHFFFAOYSA-N	Mouse	5	mg/kg		5 mg/Kg	Chemical Probes Portal	IOA-244
NFHSJYKXENYICE-UHFFFAOYSA-N	Mouse	30	mg/kg		30 mg/Kg	Chemical Probes Portal	IOA-244
NFHSJYKXENYICE-UHFFFAOYSA-N	Rat	1	mg/kg		1 mg/Kg	Chemical Probes Portal	IOA-244
NFHSJYKXENYICE-UHFFFAOYSA-N	Rat	5	mg/kg		5 mg/Kg	Chemical Probes Portal	IOA-244
NFHSJYKXENYICE-UHFFFAOYSA-N	Rat	30	mg/kg		30 mg/Kg	Chemical Probes Portal	IOA-244
GOVYBPLHWIEHEJ-UHFFFAOYSA-N	Mouse	5	mg/kg	IV	5 mg/Kg IV, 30 mg/Kg Oral	Chemical Probes Portal	Tubastatin-A
GOVYBPLHWIEHEJ-UHFFFAOYSA-N	Mouse	30	mg/kg	PO	5 mg/Kg IV, 30 mg/Kg Oral	Chemical Probes Portal	Tubastatin-A
OJQMKCBWYCWFPU-UHFFFAOYSA-N	Rat	3	mg/kg		3 mg/Kg	Chemical Probes Portal	Selexipag
OJQMKCBWYCWFPU-UHFFFAOYSA-N	Rat	10	mg/kg		10 mg/Kg	Chemical Probes Portal	Selexipag
OJQMKCBWYCWFPU-UHFFFAOYSA-N	Dog	1	mg/kg		1 mg/kg	Chemical Probes Portal	Selexipag
OJQMKCBWYCWFPU-UHFFFAOYSA-N	Dog	3	mg/kg		3 mg/Kg	Chemical Probes Portal	Selexipag
OJQMKCBWYCWFPU-UHFFFAOYSA-N	Monkey (Cynomolgus)	1	mg/kg		1 mg/Kg	Chemical Probes Portal	Selexipag
WXTJCPHELGTTJU-FMKPAKJESA-N	Mouse	1	mg/kg		1 mg/kg	Chemical Probes Portal	AEP-IN-3
WXTJCPHELGTTJU-FMKPAKJESA-N	Mouse	20	mg/kg		20 mg/kg	Chemical Probes Portal	AEP-IN-3
JYYLVUFNAHSSFE-UHFFFAOYSA-N	Rat	5	mg/kg	IV	5 mg/Kg IV, PO	Chemical Probes Portal	PAMAPIMOD
JYYLVUFNAHSSFE-UHFFFAOYSA-N	Monkey (Cynomolgus)	5	mg/kg	IV	5 mg/Kg IV, PO	Chemical Probes Portal	PAMAPIMOD
JYYLVUFNAHSSFE-UHFFFAOYSA-N	Dog	5	mg/kg		5 mg/Kg	Chemical Probes Portal	PAMAPIMOD
HEAUOKZIVMZVQL-VWLOTQADSA-N	Rat	10	mg/kg		10 mg/kg	Chemical Probes Portal	ELAGOLIX
HEAUOKZIVMZVQL-VWLOTQADSA-N	Mouse					Chemical Probes Portal	ELAGOLIX
HEAUOKZIVMZVQL-VWLOTQADSA-N	Monkey (Rheus)					Chemical Probes Portal	ELAGOLIX
HEAUOKZIVMZVQL-VWLOTQADSA-N	Dog	50	mg/kg	PO	50 mg/Kg PO	Chemical Probes Portal	ELAGOLIX
ASRLBLHATMXGPC-UHFFFAOYSA-N	Mouse	5	mg/kg		5 mg/kg	Chemical Probes Portal	BI-7190
ASRLBLHATMXGPC-UHFFFAOYSA-N	Mouse	30	mg/kg		30 mg/Kg	Chemical Probes Portal	BI-7190
POKVQQVLRJLUAK-UHFFFAOYSA-N	Mouse	1	mg/kg	IV	1 mg/Kg IV, 5 mg/Kg PO	Chemical Probes Portal	RP-1664
POKVQQVLRJLUAK-UHFFFAOYSA-N	Mouse	5	mg/kg	PO	1 mg/Kg IV, 5 mg/Kg PO	Chemical Probes Portal	RP-1664
POKVQQVLRJLUAK-UHFFFAOYSA-N	Rat	1	mg/kg	IV	1.0 mg/Kg IV, 2.5 mg/Kg PO	Chemical Probes Portal	RP-1664
POKVQQVLRJLUAK-UHFFFAOYSA-N	Rat	2.5	mg/kg	PO	1.0 mg/Kg IV, 2.5 mg/Kg PO	Chemical Probes Portal	RP-1664
POKVQQVLRJLUAK-UHFFFAOYSA-N	Dog	0.5	mg/kg	IV	0.5 mg/Kg IV, 1.15 mg/Kg PO	Chemical Probes Portal	RP-1664
POKVQQVLRJLUAK-UHFFFAOYSA-N	Dog	1.15	mg/kg	PO	0.5 mg/Kg IV, 1.15 mg/Kg PO	Chemical Probes Portal	RP-1664
POKVQQVLRJLUAK-UHFFFAOYSA-N	Monkey (Cynomolgus)	5	mg/kg	IV	o.5 mg/Kg IV, 1.25 mg/Kg PO	Chemical Probes Portal	RP-1664
POKVQQVLRJLUAK-UHFFFAOYSA-N	Monkey (Cynomolgus)	1.25	mg/kg	PO	o.5 mg/Kg IV, 1.25 mg/Kg PO	Chemical Probes Portal	RP-1664
RKAFYSIKAVFVPS-UHFFFAOYSA-N	Mouse	3	mg/kg		3 mg/Kg	Chemical Probes Portal	SJ6986
RKAFYSIKAVFVPS-UHFFFAOYSA-N	Mouse	10	mg/kg		10 mg/Kg	Chemical Probes Portal	SJ6986
RKAFYSIKAVFVPS-UHFFFAOYSA-N	Mouse	1	mg/kg		1 mg/Kg	Chemical Probes Portal	SJ6986
RKAFYSIKAVFVPS-UHFFFAOYSA-N	Mouse	3	mg/kg		3 mg/Kg	Chemical Probes Portal	SJ6986
XVGSKZXXLKUEIO-MRXNPFEDSA-N	Mouse	2	mg/kg		2 mg/Kg	Chemical Probes Portal	TDI-11861
XVGSKZXXLKUEIO-MRXNPFEDSA-N	Mouse	10	mg/kg		10 mg/Kg	Chemical Probes Portal	TDI-11861
XVGSKZXXLKUEIO-MRXNPFEDSA-N	Mouse	50	mg/kg		50 mg/Kg	Chemical Probes Portal	TDI-11861
KTBSXLIQKWEBRB-UHFFFAOYSA-N	Mouse	80	mg		20, 40, and 80 mg/k	Chemical Probes Portal	ITACITINIB
HXYXHSDYBDFOFO-INIZCTEOSA-N	Mouse	1	mg/kg		1 mg/Kg	Chemical Probes Portal	CRT0273750
HXYXHSDYBDFOFO-INIZCTEOSA-N	Mouse	10	mg/kg		10 mg/Kg	Chemical Probes Portal	CRT0273750
HXYXHSDYBDFOFO-INIZCTEOSA-N	Rat	1	mg/kg	PO	1 mg/Kg followed  after 2 days of washout by a single oral dose of 3 mg/Kg	Chemical Probes Portal	CRT0273750
HXYXHSDYBDFOFO-INIZCTEOSA-N	Rat	3	mg/kg		1 mg/Kg followed  after 2 days of washout by a single oral dose of 3 mg/Kg	Chemical Probes Portal	CRT0273750
HHFWQMFTPDFWLM-UHFFFAOYSA-N	Rat	1	mg/kg		1 mg/Kg	Chemical Probes Portal	BCX-3607
HHFWQMFTPDFWLM-UHFFFAOYSA-N	Rat	5	mg/kg		5 mg/Kg	Chemical Probes Portal	BCX-3607
FSQGWBXWGNWEAV-CMDGGOBGSA-N	Mouse	1	mg/kg		1 mg/Kg	Chemical Probes Portal	GFH018
FSQGWBXWGNWEAV-CMDGGOBGSA-N	Mouse	5	mg/kg		5 mg/Kg	Chemical Probes Portal	GFH018
FSQGWBXWGNWEAV-CMDGGOBGSA-N	Mouse	75	mg/kg		75 mg/Kg	Chemical Probes Portal	GFH018
FSQGWBXWGNWEAV-CMDGGOBGSA-N	Rat	1	mg/kg		1 mg/Kg	Chemical Probes Portal	GFH018
FSQGWBXWGNWEAV-CMDGGOBGSA-N	Rat	30	mg/kg		30 mg/Kg	Chemical Probes Portal	GFH018
FSQGWBXWGNWEAV-CMDGGOBGSA-N	Dog	1	mg/kg		1 mg/Kg	Chemical Probes Portal	GFH018
FSQGWBXWGNWEAV-CMDGGOBGSA-N	Dog	5	mg/kg		5 mg/Kg	Chemical Probes Portal	GFH018
OXTSYWDBUVRXFF-GDLZYMKVSA-N	Dog	3	mg/kg		3 mg/Kg	Chemical Probes Portal	AZENOSERTIB
OXTSYWDBUVRXFF-GDLZYMKVSA-N	Dog	10	mg/kg		10 mg/Kg	Chemical Probes Portal	AZENOSERTIB
KRNAOFGYEFKHPB-ANJVHQHFSA-N	Rat	1	mg/kg		1 mg/Kg	Chemical Probes Portal	RIMEGEPANT
KRNAOFGYEFKHPB-ANJVHQHFSA-N	Rat	10	mg/kg		10 mg/Kg	Chemical Probes Portal	RIMEGEPANT
KRNAOFGYEFKHPB-ANJVHQHFSA-N	Monkey (Cynomolgus)	1	mg/kg		1 mg/Kg	Chemical Probes Portal	RIMEGEPANT
KRNAOFGYEFKHPB-ANJVHQHFSA-N	Monkey (Cynomolgus)	10	mg/kg		10 mg/Kg	Chemical Probes Portal	RIMEGEPANT
LBFYQISQYCGDDW-UHFFFAOYSA-N	Other	0.2	mg/kg	IV	0.2 mg/kg (IV), 0.5 mg/kg (PO)	Chemical Probes Portal	CCT251545
LBFYQISQYCGDDW-UHFFFAOYSA-N	Other	0.5	mg/kg	PO	0.2 mg/kg (IV), 0.5 mg/kg (PO)	Chemical Probes Portal	CCT251545
WBFSPPPOPIJCLF-UHFFFAOYSA-N	Rat					Chemical Probes Portal	BIIB129
WBFSPPPOPIJCLF-UHFFFAOYSA-N	Monkey (Cynomolgus)					Chemical Probes Portal	BIIB129
FUEYCNUHTBZPRF-SVBPBHIXSA-N	Rat	10	mg/kg		10.0 mg/kg	Chemical Probes Portal	D6-3
FUEYCNUHTBZPRF-SVBPBHIXSA-N	Rat	25	mg/kg		25.0 mg/kg	Chemical Probes Portal	D6-3
KDTQFQYXTWVBCC-UHFFFAOYSA-N	Rat	3	mg/kg		3 mg/Kg	Chemical Probes Portal	ONO-2920632
KDTQFQYXTWVBCC-UHFFFAOYSA-N	Mouse	3	mg/kg		3 mg/Kg	Chemical Probes Portal	ONO-2920632
KDTQFQYXTWVBCC-UHFFFAOYSA-N	Dog	0.1	mg/kg		0.1 mg/Kg	Chemical Probes Portal	ONO-2920632
GSLHDZCTAHKMDW-UHFFFAOYSA-N	Mouse	2	mg/kg		2 mg/Kg	Chemical Probes Portal	1-7a-B1
GSLHDZCTAHKMDW-UHFFFAOYSA-N	Mouse	30	mg/kg		30 mg/Kg	Chemical Probes Portal	1-7a-B1
GSLHDZCTAHKMDW-UHFFFAOYSA-N	Mouse	30	mg/kg		30 mg/Kg	Chemical Probes Portal	1-7a-B1
ODRITQGYYWHQGM-INIZCTEOSA-N	Mouse	0.2	mg/kg	IV	0.2 mg/Kg IV, 0.5 mg/Kg PO	Chemical Probes Portal	MSC2530818
ODRITQGYYWHQGM-INIZCTEOSA-N	Mouse	0.5	mg/kg	PO	0.2 mg/Kg IV, 0.5 mg/Kg PO	Chemical Probes Portal	MSC2530818
ODRITQGYYWHQGM-INIZCTEOSA-N	Rat	0.2	mg/kg	IV	0.2 mg/Kg IV, 0.5 mg/Kg PO	Chemical Probes Portal	MSC2530818
ODRITQGYYWHQGM-INIZCTEOSA-N	Rat	0.5	mg/kg	PO	0.2 mg/Kg IV, 0.5 mg/Kg PO	Chemical Probes Portal	MSC2530818
ODRITQGYYWHQGM-INIZCTEOSA-N	Dog	0.2	mg/kg	IV	0.2 mg/Kg IV, 0.5 mg/Kg PO	Chemical Probes Portal	MSC2530818
ODRITQGYYWHQGM-INIZCTEOSA-N	Dog	0.5	mg/kg	PO	0.2 mg/Kg IV, 0.5 mg/Kg PO	Chemical Probes Portal	MSC2530818
BODASLVEZBWITD-ACCUITESSA-N	Rat	5	mg/kg		5 mg/Kg	Chemical Probes Portal	CQ627
BODASLVEZBWITD-ACCUITESSA-N	Rat	10	mg/kg		10 mg/Kg	Chemical Probes Portal	CQ627
OYMNPJXKQVTQTR-UHFFFAOYSA-N	Mouse	10	mg/kg		10 mg/Kg	Chemical Probes Portal	SEW-2871
BXNMZRPTQFVRFA-QGZVFWFLSA-N	Rat	2	mg/kg		2-10 mg/Kg	Chemical Probes Portal	PF-05105679
BXNMZRPTQFVRFA-QGZVFWFLSA-N	Dog	20	mg/kg		20 mg/Kg	Chemical Probes Portal	PF-05105679
WCWUXEGQKLTGDX-LLVKDONJSA-N	Other	90	mg/kg		10, 60, 90 Mg/Kg	Chemical Probes Portal	Brivanib
HTCJUBZBSJQWBW-CQSZACIVSA-N	Rat	1	mg/kg		1 mg/Kg	Chemical Probes Portal	SELGANTOLIMOD
HTCJUBZBSJQWBW-CQSZACIVSA-N	Rat	5	mg/kg		5 mg/Kg	Chemical Probes Portal	SELGANTOLIMOD
HTCJUBZBSJQWBW-CQSZACIVSA-N	Dog	0.25	mg/kg		0.25 mg/Kg	Chemical Probes Portal	SELGANTOLIMOD
HTCJUBZBSJQWBW-CQSZACIVSA-N	Dog	0.5	mg/kg		0.5 mg/Kg	Chemical Probes Portal	SELGANTOLIMOD
HTCJUBZBSJQWBW-CQSZACIVSA-N	Monkey (Cynomolgus)	0.1	mg/kg		0.1 mg/Kg	Chemical Probes Portal	SELGANTOLIMOD
HTCJUBZBSJQWBW-CQSZACIVSA-N	Monkey (Cynomolgus)	3	mg/kg		3 mg/Kg	Chemical Probes Portal	SELGANTOLIMOD
HTCJUBZBSJQWBW-CQSZACIVSA-N	Other	3	mg/kg		3 mg/kg once weekly for 8 weeks	Chemical Probes Portal	SELGANTOLIMOD
VSOUDUXMPUHJEU-UHFFFAOYSA-N	Rat	2	mg/kg		2 mg/Kg	Chemical Probes Portal	MK-3697
VSOUDUXMPUHJEU-UHFFFAOYSA-N	Rat	5	mg/kg		5 mg/Kg	Chemical Probes Portal	MK-3697
VSOUDUXMPUHJEU-UHFFFAOYSA-N	Dog	1	mg/kg		1 mg/Kg	Chemical Probes Portal	MK-3697
VSOUDUXMPUHJEU-UHFFFAOYSA-N	Dog	3	mg/kg		3 mg/Kg	Chemical Probes Portal	MK-3697
VSOUDUXMPUHJEU-UHFFFAOYSA-N	Mouse	100	mg/kg		100 mg/Kg	Chemical Probes Portal	MK-3697
VSOUDUXMPUHJEU-UHFFFAOYSA-N	Rat	15	mg/kg		15 mg/Kg	Chemical Probes Portal	MK-3697
VSOUDUXMPUHJEU-UHFFFAOYSA-N	Dog	3	mg/kg		3 mg/Kg	Chemical Probes Portal	MK-3697
RSJAXPUYVJKAAA-JPGJPTAESA-N	Other	3	mg/kg		3 mg/Kg	Chemical Probes Portal	BIIE0246
ATALOFNDEOCMKK-OITMNORJSA-N	Other	0.3	mg/kg		0.3-3.0 mg/Kg	Chemical Probes Portal	APREPITANT
ATALOFNDEOCMKK-OITMNORJSA-N	Other	0.1	mg/kg		0.1-3.0 mg/Kg	Chemical Probes Portal	APREPITANT
ATALOFNDEOCMKK-OITMNORJSA-N	Rat	5	mg/kg		2 and 5 mg/Kg	Chemical Probes Portal	APREPITANT
ATALOFNDEOCMKK-OITMNORJSA-N	Dog	2	mg/kg		0.5, 2.0 mg/Kg	Chemical Probes Portal	APREPITANT
ATHZIFFSGSWIAU-UHFFFAOYSA-N	Mouse	30	mg/kg		30 mg/Kg	Chemical Probes Portal	PCS1055
UXZAJSZFFARTEI-YRPNKDGESA-N	Mouse	3	mg/kg		3 mg/Kg	Chemical Probes Portal	DANAVOREXTON
YHGBLECINAKBKX-UHFFFAOYSA-N	Rat	1	mg/kg		1.0 mg/Kg	Chemical Probes Portal	BAY 2686013
YHGBLECINAKBKX-UHFFFAOYSA-N	Rat	5	mg/kg		5.0 mg/Kg	Chemical Probes Portal	BAY 2686013
NCWQLHHDGDXIJN-UHFFFAOYSA-N	Mouse	50	mg/kg		50 mg/Kg BID	Chemical Probes Portal	IMARADENANT
OAEWNSKRLBVVBV-QSEAXJEQSA-N	Rat	5	mg/kg		5 mg/Kg	Chemical Probes Portal	ABT-546
OAEWNSKRLBVVBV-QSEAXJEQSA-N	Rat	10	mg/kg		10 mg/Kg	Chemical Probes Portal	ABT-546
OAEWNSKRLBVVBV-QSEAXJEQSA-N	Dog	5	mg/kg		5 mg/Kg	Chemical Probes Portal	ABT-546
OAEWNSKRLBVVBV-QSEAXJEQSA-N	Monkey (Cynomolgus)	5	mg/kg		5 mg/Kg	Chemical Probes Portal	ABT-546
QLOHOGRMRUDDPM-LBPRGKRZSA-N	Rat	0.5	mg/kg		0.5 mg/Kg	Chemical Probes Portal	CVN417
QLOHOGRMRUDDPM-LBPRGKRZSA-N	Rat	10	mg/kg		10 mg/Kg	Chemical Probes Portal	CVN417
QLOHOGRMRUDDPM-LBPRGKRZSA-N	Dog	1	mg/kg		1 mg/Kg	Chemical Probes Portal	CVN417
QLOHOGRMRUDDPM-LBPRGKRZSA-N	Dog	3	mg/kg		3 mg/Kg	Chemical Probes Portal	CVN417
PUKBOVABABRILL-YZNIXAGQSA-N	Mouse	0.5	mg/kg		0.5 mg/Kg	Chemical Probes Portal	AVACOPAN
PUKBOVABABRILL-YZNIXAGQSA-N	Rat	0.5	mg/kg		0.5 mg/Kg	Chemical Probes Portal	AVACOPAN
PUKBOVABABRILL-YZNIXAGQSA-N	Dog	0.5	mg/kg		0.5 mg/Kg	Chemical Probes Portal	AVACOPAN
PUKBOVABABRILL-YZNIXAGQSA-N	Mouse	2	mg/kg		2 mg/Kg	Chemical Probes Portal	AVACOPAN
PUKBOVABABRILL-YZNIXAGQSA-N	Mouse	30	mg/kg		30 mg/Kg	Chemical Probes Portal	AVACOPAN
PUKBOVABABRILL-YZNIXAGQSA-N	Rat	2	mg/kg		2 mg/Kg	Chemical Probes Portal	AVACOPAN
PUKBOVABABRILL-YZNIXAGQSA-N	Rat	30	mg/kg		30 mg/Kg	Chemical Probes Portal	AVACOPAN
PUKBOVABABRILL-YZNIXAGQSA-N	Monkey (Cynomolgus)	100	mg/kg		100 mg/Kg	Chemical Probes Portal	AVACOPAN
FJZNNKJZHQFMCK-LRDDRELGSA-N	Mouse	0.5	mg/kg		0.5 mg/Kg	Chemical Probes Portal	BMS-986235
FJZNNKJZHQFMCK-LRDDRELGSA-N	Mouse	1	mg/kg		1 mg/Kg	Chemical Probes Portal	BMS-986235
FJZNNKJZHQFMCK-LRDDRELGSA-N	Rat	1	mg/kg		1.0 mg/Kg	Chemical Probes Portal	BMS-986235
FJZNNKJZHQFMCK-LRDDRELGSA-N	Rat	1	mg/kg		1.0 mg/Kg	Chemical Probes Portal	BMS-986235
FJZNNKJZHQFMCK-LRDDRELGSA-N	Dog	1	mg/kg		1.0 mg/Kg	Chemical Probes Portal	BMS-986235
FJZNNKJZHQFMCK-LRDDRELGSA-N	Dog	1	mg/kg		1.0 mg/Kg	Chemical Probes Portal	BMS-986235
FJZNNKJZHQFMCK-LRDDRELGSA-N	Monkey (Cynomolgus)	1	mg/kg		1.0 mg/Kg	Chemical Probes Portal	BMS-986235
FJZNNKJZHQFMCK-LRDDRELGSA-N	Monkey (Cynomolgus)	3	mg/kg		3.0 mg/Kg	Chemical Probes Portal	BMS-986235
BZCALJIHZVNMGJ-HSZRJFAPSA-N	Other				1 IV, 3 PO mg/Kg Rat, 0.5 IV, 1 PO mg/Kg Dog	Chemical Probes Portal	Fasiglifam
KDFQABSFVYLGPM-QFIPXVFZSA-N	Rat	5	mg/kg		5 mg/Kg	Chemical Probes Portal	L-365260
KDFQABSFVYLGPM-QFIPXVFZSA-N	Dog	5	mg/kg		5 mg/Kg	Chemical Probes Portal	L-365260
KDFQABSFVYLGPM-QFIPXVFZSA-N	Monkey (Rheus)	5	mg/kg		5 mg/Kg	Chemical Probes Portal	L-365260
KDFQABSFVYLGPM-QFIPXVFZSA-N	Rat	5	mg/kg		5 mg/Kg	Chemical Probes Portal	L-365260
KDFQABSFVYLGPM-QFIPXVFZSA-N	Dog	5	mg/kg		5 mg/Kg	Chemical Probes Portal	L-365260
KDFQABSFVYLGPM-QFIPXVFZSA-N	Monkey (Rheus)	50	mg/kg		50 mg/Kg	Chemical Probes Portal	L-365260
PZGSYNNVPNLHQG-SANMLTNESA-N	Rat	0.5	mg/kg	IV	0.5 mg/kg IV, 2.0, 10 and 30 mg/kg PO	Chemical Probes Portal	BAY-784
PZGSYNNVPNLHQG-SANMLTNESA-N	Rat	30	mg/kg	PO	0.5 mg/kg IV, 2.0, 10 and 30 mg/kg PO	Chemical Probes Portal	BAY-784
PZGSYNNVPNLHQG-SANMLTNESA-N	Dog	0.5	mg/kg	IV	0.5 mg/kg IV, 2.0 mg/kg PO	Chemical Probes Portal	BAY-784
PZGSYNNVPNLHQG-SANMLTNESA-N	Dog	2	mg/kg	PO	0.5 mg/kg IV, 2.0 mg/kg PO	Chemical Probes Portal	BAY-784
PZGSYNNVPNLHQG-SANMLTNESA-N	Monkey (Cynomolgus)	0.5	mg/kg	IV	0.5 mg/kg IV, 2.0 and 20 mg/kg PO	Chemical Probes Portal	BAY-784
PZGSYNNVPNLHQG-SANMLTNESA-N	Monkey (Cynomolgus)	20	mg/kg	PO	0.5 mg/kg IV, 2.0 and 20 mg/kg PO	Chemical Probes Portal	BAY-784
OGJGQVFWEPNYSB-UHFFFAOYSA-N	Rat	3	mg/kg		3 mg/Kg	Chemical Probes Portal	L-745870
OGJGQVFWEPNYSB-UHFFFAOYSA-N	Rat	1	mg/kg		1 mg/Kg	Chemical Probes Portal	L-745870
VXNAMCLMCBLNOL-NFQMXDRXSA-N	Rat	1	mg/kg	IV	1 mg/Kg IV, 10 mg/Kg PO	Chemical Probes Portal	BI-2081
VXNAMCLMCBLNOL-NFQMXDRXSA-N	Rat	10	mg/kg	PO	1 mg/Kg IV, 10 mg/Kg PO	Chemical Probes Portal	BI-2081
HVVLGXULBVAFRZ-UHFFFAOYSA-N	Rat	0.3	mg/kg		0.3 mg/Kg	Chemical Probes Portal	BAY-6096
HVVLGXULBVAFRZ-UHFFFAOYSA-N	Dog	0.3	mg/kg		0.3 mg/Kg	Chemical Probes Portal	BAY-6096
HLCHESOMJVGDSJ-LOYHVIPDSA-N	Rat	1	mg/kg	IV	1 mg/Kg IV, 10 mg/Kg PO	Chemical Probes Portal	THIQ
HLCHESOMJVGDSJ-LOYHVIPDSA-N	Rat	10	mg/kg	PO	1 mg/Kg IV, 10 mg/Kg PO	Chemical Probes Portal	THIQ
HLCHESOMJVGDSJ-LOYHVIPDSA-N	Dog	0.2	mg/kg	IV	0.2 mg/Kg IV, 0.5 mg/Kg PO	Chemical Probes Portal	THIQ
HLCHESOMJVGDSJ-LOYHVIPDSA-N	Dog	0.5	mg/kg	PO	0.2 mg/Kg IV, 0.5 mg/Kg PO	Chemical Probes Portal	THIQ
VOSAWOSMGPKQEQ-OALUTQOASA-N	Mouse	10	mg/kg		10 mg/Kg	Chemical Probes Portal	Firazorexton
VOSAWOSMGPKQEQ-OALUTQOASA-N	Mouse	30	mg/kg		30 mg/Kg	Chemical Probes Portal	Firazorexton
VOSAWOSMGPKQEQ-OALUTQOASA-N	Mouse	3	mg/kg		3 mg/Kg	Chemical Probes Portal	Firazorexton
TYXSIXOYTBHZFA-UHFFFAOYSA-N	Other	10	mg/kg		10 to 30 mg/Kg in Rat	Chemical Probes Portal	TP-024
PMEQBGAGFZDWQX-UHFFFAOYSA-N	Rat	10	mg/kg		10 mg/Kg	Chemical Probes Portal	ML075
ZPCGODCPRDIFRQ-UHFFFAOYSA-N	Mouse	1	mg/kg	IV	1 mg/Kg IV, 5 mg/Kg PO	Chemical Probes Portal	GLPG4970
ZPCGODCPRDIFRQ-UHFFFAOYSA-N	Mouse	5	mg/kg	PO	1 mg/Kg IV, 5 mg/Kg PO	Chemical Probes Portal	GLPG4970
ZPCGODCPRDIFRQ-UHFFFAOYSA-N	Rat	1	mg/kg	IV	1 mg/Kg IV, 5 mg/Kg PO	Chemical Probes Portal	GLPG4970
ZPCGODCPRDIFRQ-UHFFFAOYSA-N	Rat	5	mg/kg	PO	1 mg/Kg IV, 5 mg/Kg PO	Chemical Probes Portal	GLPG4970
ZPCGODCPRDIFRQ-UHFFFAOYSA-N	Dog	1	mg/kg	IV	1 mg/Kg IV, 5 mg/Kg PO	Chemical Probes Portal	GLPG4970
ZPCGODCPRDIFRQ-UHFFFAOYSA-N	Dog	5	mg/kg	PO	1 mg/Kg IV, 5 mg/Kg PO	Chemical Probes Portal	GLPG4970
AFJRYPJIKHMNGL-UHFFFAOYSA-N	Rat	0.3	mg/kg		0.3 to 3 mg/kg	Chemical Probes Portal	RO4938581
AFJRYPJIKHMNGL-UHFFFAOYSA-N	Rat	0.1	mg/kg		0.1 mg/Kg	Chemical Probes Portal	RO4938581
AFJRYPJIKHMNGL-UHFFFAOYSA-N	Rat	0.1	mg/kg		0.1 mg/Kg	Chemical Probes Portal	RO4938581
LPORLBPACXEOET-UHFFFAOYSA-N	Rat	3	mg/kg		3 mg/Kg	Chemical Probes Portal	LP46
LPORLBPACXEOET-UHFFFAOYSA-N	Rat	7.5	mg/kg		7.5 mg/Kg	Chemical Probes Portal	LP46
LPORLBPACXEOET-UHFFFAOYSA-N	Rat	10	mg/kg		10 mg/Kg	Chemical Probes Portal	LP46
GQCXHIKRWBIQMD-AKJBCIBTSA-N	Rat	1	mg/kg		1 mg/Kg	Chemical Probes Portal	GIREDESTRANT
GQCXHIKRWBIQMD-AKJBCIBTSA-N	Dog	1	mg/kg		1 mg/Kg	Chemical Probes Portal	GIREDESTRANT
GQCXHIKRWBIQMD-AKJBCIBTSA-N	Monkey (Cynomolgus)	1	mg/kg		1 mg/Kg	Chemical Probes Portal	GIREDESTRANT
QAKJEKTXKXAPBP-MGCURZBSSA-N	Mouse	1	mg/kg		1 mg/Kg	Chemical Probes Portal	NK7-902
QAKJEKTXKXAPBP-MGCURZBSSA-N	Mouse	10	mg/kg		10 mg/Kg	Chemical Probes Portal	NK7-902
QAKJEKTXKXAPBP-MGCURZBSSA-N	Monkey (Cynomolgus)	1	mg/kg		1 mg/Kg	Chemical Probes Portal	NK7-902
QAKJEKTXKXAPBP-MGCURZBSSA-N	Monkey (Cynomolgus)	0.2	mg/kg		0.2 mg/Kg	Chemical Probes Portal	NK7-902
QAKJEKTXKXAPBP-MGCURZBSSA-N	Monkey (Cynomolgus)	2	mg/kg		2 mg/Kg	Chemical Probes Portal	NK7-902
ODOJVROSIRINJT-LJQANCHMSA-N	Rat	1	mg/kg		1 mg/Kg	Chemical Probes Portal	C3TD879
ODOJVROSIRINJT-LJQANCHMSA-N	Rat	10	mg/kg		10 mg/Kg	Chemical Probes Portal	C3TD879
ODOJVROSIRINJT-LJQANCHMSA-N	Mouse	30	mg/kg		30 mg/Kg	Chemical Probes Portal	C3TD879
ZUFHZMHKCFCIHV-JRFCFUNGSA-N	Rat	0.25	mg/kg		0.25 mg/Kg	Chemical Probes Portal	AXL-IN-68
ZUFHZMHKCFCIHV-JRFCFUNGSA-N	Rat	2	mg/kg		2.0 mg/Kg	Chemical Probes Portal	AXL-IN-68
OVUNRYUVDVWTTE-UHFFFAOYSA-N	Rat	10	mg/kg		10 mg/Kg	Chemical Probes Portal	JNJ-31020028
OVUNRYUVDVWTTE-UHFFFAOYSA-N	Rat	10	mg/kg		10 mg/Kg	Chemical Probes Portal	JNJ-31020028
OVUNRYUVDVWTTE-UHFFFAOYSA-N	Rat	1	mg/kg		1 mg/Kg	Chemical Probes Portal	JNJ-31020028
HUOLMBXGHHSYHC-QWQFASRJSA-N	Mouse	1	mg/kg		1 mg/Kg	Chemical Probes Portal	NX-1607
HUOLMBXGHHSYHC-QWQFASRJSA-N	Mouse	10	mg/kg		10 mg/Kg	Chemical Probes Portal	NX-1607
CEGVLCNHZDUFIJ-NSHDSACASA-N	Mouse	0.5	mg/kg	IV	0.5 mg/Kg IV, 1 mg/Kg PO	Chemical Probes Portal	AZD4144
CEGVLCNHZDUFIJ-NSHDSACASA-N	Mouse	1	mg/kg	PO	0.5 mg/Kg IV, 1 mg/Kg PO	Chemical Probes Portal	AZD4144
CEGVLCNHZDUFIJ-NSHDSACASA-N	Rat				0.5 IV, 1.0 PO mg/Kg	Chemical Probes Portal	AZD4144
ZVDNXHUSIKGTSF-UHFFFAOYSA-N	Mouse	3	mg/kg		3 mg/Kg	Chemical Probes Portal	Rentosertib
ZVDNXHUSIKGTSF-UHFFFAOYSA-N	Mouse	30	mg/kg		30 mg/Kg	Chemical Probes Portal	Rentosertib
ZVDNXHUSIKGTSF-UHFFFAOYSA-N	Dog	1	mg/kg		1 mg/Kg	Chemical Probes Portal	Rentosertib
ZVDNXHUSIKGTSF-UHFFFAOYSA-N	Dog	10	mg/kg		10 mg/Kg	Chemical Probes Portal	Rentosertib
QJWQAZTYFYCFQU-RMKNXTFCSA-N	Mouse	50	mg/kg		50 mg/Kg	Chemical Probes Portal	UNMCK90
NORRDWRSNUOCBV-XCIZWWPASA-N	Rat	1	mg/kg		1 mg/Kg	Chemical Probes Portal	CBPD-268
NORRDWRSNUOCBV-XCIZWWPASA-N	Rat	3	mg/kg		3 mg/Kg	Chemical Probes Portal	CBPD-268
NORRDWRSNUOCBV-XCIZWWPASA-N	Mouse	1	mg/kg		1 mg/Kg	Chemical Probes Portal	CBPD-268
NORRDWRSNUOCBV-XCIZWWPASA-N	Mouse	3	mg/kg		3 mg/Kg	Chemical Probes Portal	CBPD-268
BFMWIVWPPKENIN-AWEZNQCLSA-N	Mouse	0.2	mg/kg		0.2 mg/Kg	Chemical Probes Portal	ART5537
CLCTZVRHDOAUGJ-SYVGMNBRSA-N	Mouse	2	mg/kg		2 mg/Kg	Chemical Probes Portal	BAVDEGALUTAMIDE
CLCTZVRHDOAUGJ-SYVGMNBRSA-N	Mouse	5	mg/kg		5 mg/Kg	Chemical Probes Portal	BAVDEGALUTAMIDE
CLCTZVRHDOAUGJ-SYVGMNBRSA-N	Rat	2	mg/kg		2 mg/Kg	Chemical Probes Portal	BAVDEGALUTAMIDE
CLCTZVRHDOAUGJ-SYVGMNBRSA-N	Rat	5	mg/kg		5 mg/Kg	Chemical Probes Portal	BAVDEGALUTAMIDE
JNTJTCXFIXNXDV-VIFPVBQESA-N	Mouse				4.6 h	Chemical Probes Portal	BAY2666605
JNTJTCXFIXNXDV-VIFPVBQESA-N	Rat				15 h	Chemical Probes Portal	BAY2666605
JNTJTCXFIXNXDV-VIFPVBQESA-N	Dog					Chemical Probes Portal	BAY2666605
DTWUUAFTYSMNQX-GFCCVEGCSA-N	Rat	10	mg/kg		10 mg/Kg	Chemical Probes Portal	NVL-520
FZJKQMONKPFLEO-NZIMVQFPSA-N	Mouse	1	mg/kg		1 mg/Kg	Chemical Probes Portal	MD-4251
FZJKQMONKPFLEO-NZIMVQFPSA-N	Mouse	3	mg/kg		3 mg/Kg	Chemical Probes Portal	MD-4251
JFHROPTYMMSOLG-UHFFFAOYSA-N	Rat	1	mg/kg		1 mg/Kg	Chemical Probes Portal	GSK256066
JFHROPTYMMSOLG-UHFFFAOYSA-N	Rat					Chemical Probes Portal	GSK256066
BZJPCUQQPJJBTP-FGZHOGPDSA-N	Mouse	1	umol/kg	IV	1 umol/Kg IV, 10 umol/Kg PO, 2 umol/Kg IP	Chemical Probes Portal	BI-9508
BZJPCUQQPJJBTP-FGZHOGPDSA-N	Mouse	10	umol/kg	PO	1 umol/Kg IV, 10 umol/Kg PO, 2 umol/Kg IP	Chemical Probes Portal	BI-9508
BZJPCUQQPJJBTP-FGZHOGPDSA-N	Mouse	2	umol/kg	IP	1 umol/Kg IV, 10 umol/Kg PO, 2 umol/Kg IP	Chemical Probes Portal	BI-9508
ISQCXAWAHDJCRH-FKDRFZFOSA-N	Mouse				10 mf/Kg	Chemical Probes Portal	MD-265
ISQCXAWAHDJCRH-FKDRFZFOSA-N	Rat	5	mg/kg		5 mg/kg	Chemical Probes Portal	MD-265
ISQCXAWAHDJCRH-FKDRFZFOSA-N	Dog	2.5	mg/kg		2.5 mg/Kg	Chemical Probes Portal	MD-265
JBTHUOYYUUPUOZ-LIHPQFRDSA-N	Mouse	5	mg		5 mg/K	Chemical Probes Portal	ACBI2
JBTHUOYYUUPUOZ-LIHPQFRDSA-N	Mouse	30	mg/kg		30 mg/Kg	Chemical Probes Portal	ACBI2
PTARASCXNREVCH-UHFFFAOYSA-N	Mouse	1	mg/kg		1 mg/Kg	Chemical Probes Portal	DYR684
PTARASCXNREVCH-UHFFFAOYSA-N	Mouse	10	mg/kg		10 mg/Kg	Chemical Probes Portal	DYR684
PTARASCXNREVCH-UHFFFAOYSA-N	Mouse	10	mg/kg		10 mg/Kg	Chemical Probes Portal	DYR684
DYDFSGCLYIZSAQ-UHFFFAOYSA-N	Mouse	1	mg/kg	IV	1 mg/Kg IV, 5 mg/Kg PO	Chemical Probes Portal	JNJ-79883960
DYDFSGCLYIZSAQ-UHFFFAOYSA-N	Mouse	5	mg/kg	PO	1 mg/Kg IV, 5 mg/Kg PO	Chemical Probes Portal	JNJ-79883960
FIFRHLLUVCAOIK-SJCJKPOMSA-N	Mouse	0.2	mg/kg	IV	0.2 mg/Kg IV, 10, 30 mg/Kg PO	Chemical Probes Portal	MSC778
FIFRHLLUVCAOIK-SJCJKPOMSA-N	Mouse	30	mg/kg	PO	0.2 mg/Kg IV, 10, 30 mg/Kg PO	Chemical Probes Portal	MSC778
FIFRHLLUVCAOIK-SJCJKPOMSA-N	Rat	0.2	mg/kg	IV	0.2 mg/Kg IV, 10 mg/Kg PO	Chemical Probes Portal	MSC778
FIFRHLLUVCAOIK-SJCJKPOMSA-N	Rat	10	mg/kg	PO	0.2 mg/Kg IV, 10 mg/Kg PO	Chemical Probes Portal	MSC778
FIFRHLLUVCAOIK-SJCJKPOMSA-N	Dog	0.2	mg/kg	IV	0.2 mg/Kg IV, 16 mg/Kg PO	Chemical Probes Portal	MSC778
FIFRHLLUVCAOIK-SJCJKPOMSA-N	Dog	16	mg/kg	PO	0.2 mg/Kg IV, 16 mg/Kg PO	Chemical Probes Portal	MSC778
MMHYOHYLSFWJJB-ZDUSSCGKSA-N	Mouse	4.5	mg/kg	IV	4.5 mg/Kg IV, 2 mg/Kg PO	Chemical Probes Portal	BI-5121
MMHYOHYLSFWJJB-ZDUSSCGKSA-N	Mouse	2	mg/kg	PO	4.5 mg/Kg IV, 2 mg/Kg PO	Chemical Probes Portal	BI-5121
MMHYOHYLSFWJJB-ZDUSSCGKSA-N	Rat	4.5	mg/kg	IV	4.5 mg/Kg IV, PO	Chemical Probes Portal	BI-5121
YPXUKPNZQTWCRR-UHFFFAOYSA-N	Mouse	1	mg/kg		1 mg/Kg	Chemical Probes Portal	JNJ-7891118
YPXUKPNZQTWCRR-UHFFFAOYSA-N	Mouse	5	mg/kg		5 mg/Kg	Chemical Probes Portal	JNJ-7891118
YPXUKPNZQTWCRR-UHFFFAOYSA-N	Mouse	5	mg/kg		5 mg/Kg	Chemical Probes Portal	JNJ-7891118
YPXUKPNZQTWCRR-UHFFFAOYSA-N	Rat	1	mg/kg		1 mg/Kg	Chemical Probes Portal	JNJ-7891118
YPXUKPNZQTWCRR-UHFFFAOYSA-N	Rat	5	mg/kg		5 mg/Kg	Chemical Probes Portal	JNJ-7891118
YPXUKPNZQTWCRR-UHFFFAOYSA-N	Rat	5	mg/kg		5 mg/Kg	Chemical Probes Portal	JNJ-7891118
DJOZFERTDDZPJO-UHFFFAOYSA-N	Mouse	1	mg/kg		1 mg/Kg	Chemical Probes Portal	CPS-021
DJOZFERTDDZPJO-UHFFFAOYSA-N	Mouse	2	mg/kg		2 mg/Kg	Chemical Probes Portal	CPS-021
RGHSVQHKNJAFGR-QFIPXVFZSA-N	Mouse	30	mg/kg		30 mg/Kg	Chemical Probes Portal	FAH65E(-)
LDFDXTNMCGLUMQ-YGKODULZSA-N	Mouse	50	mg/kg		50 mg/Kg	Chemical Probes Portal	NU227326
RIEBAXQZOMUWKX-UHFFFAOYSA-N	Mouse	10	mg/kg		10 mg/Kg	Chemical Probes Portal	T-10430
RIEBAXQZOMUWKX-UHFFFAOYSA-N	Mouse	3	mg/kg		3 mg/kg	Chemical Probes Portal	T-10430
RIEBAXQZOMUWKX-UHFFFAOYSA-N	Mouse	10	mg/kg		10 mg/Kg	Chemical Probes Portal	T-10430
LPDOIXPRZOWBJV-HOCLYGCPSA-N	Rat	0.5	mg/kg	IV	0.5 mg/Kg IV, 5 mg/Kg PO	Chemical Probes Portal	BI-9787
LPDOIXPRZOWBJV-HOCLYGCPSA-N	Rat	5	mg/kg	PO	0.5 mg/Kg IV, 5 mg/Kg PO	Chemical Probes Portal	BI-9787
HGQYUHFFAIXWDI-GOSISDBHSA-N	Mouse	30	mg/kg		30 mg/Kg	Chemical Probes Portal	PLK4-IN-25
HGQYUHFFAIXWDI-GOSISDBHSA-N	Mouse	100	mg/kg		100 mg/Kg	Chemical Probes Portal	PLK4-IN-25
APEYSKGQWJKJAZ-LCLGPXMOSA-N	Mouse	5	mg/kg		5 mg/Kg	Chemical Probes Portal	MS6105
CLUWNSLFLMBFKA-RMCUFUCFSA-N	Mouse	50	mg/kg		50 mg/Kg	Chemical Probes Portal	MS8709
GPZKXLCJTKULAU-UHFFFAOYSA-N	Mouse	3	mg/kg		3 mg/kg	Chemical Probes Portal	QP73
GPZKXLCJTKULAU-UHFFFAOYSA-N	Mouse	5	mg/kg		5 mg/Kg	Chemical Probes Portal	QP73
GPZKXLCJTKULAU-UHFFFAOYSA-N	Mouse	30	mg/kg		30 mg/kg	Chemical Probes Portal	QP73
SVKZUEZCCKLNIM-UHFFFAOYSA-N	Mouse	20	mg/kg		20 mg/Kg	Chemical Probes Portal	BRD9-PROTAC-E5
LFCNOSRNWFMQLB-UHFFFAOYSA-N	Mouse	2	mg/kg		2 mg/Kg	Chemical Probes Portal	dCDK9-202
HKSBXNVKPFTBIG-WUEKOBJSSA-N	Mouse	5	mg/kg		5 mg/Kg	Chemical Probes Portal	XL01126
HKSBXNVKPFTBIG-WUEKOBJSSA-N	Mouse	30	mg/kg		30 mg/Kg	Chemical Probes Portal	XL01126
HKSBXNVKPFTBIG-WUEKOBJSSA-N	Mouse	30	mg/kg		30 mg/Kg	Chemical Probes Portal	XL01126
DQRZNYPHOWVXPQ-YDUPODKQSA-N	Mouse	2	mg/kg		2 mg/Kg	Chemical Probes Portal	ACBI3
DQRZNYPHOWVXPQ-YDUPODKQSA-N	Mouse	30	mg/kg		30 mg/Kg	Chemical Probes Portal	ACBI3
ZGSWGXNEXAXEGV-XFCHVEHOSA-N	Mouse	8	mg/kg		8 mg/Kg	Chemical Probes Portal	GSK215
DLQNQQYGRWMPES-LFHXKVDGSA-N	Mouse	2	mg/kg		2 mg/Kg	Chemical Probes Portal	APH02174
DLQNQQYGRWMPES-LFHXKVDGSA-N	Mouse	10	mg/kg		10 mg/Kg	Chemical Probes Portal	APH02174
DLQNQQYGRWMPES-LFHXKVDGSA-N	Rat	2	mg/kg		2 mg/Kg	Chemical Probes Portal	APH02174
DLQNQQYGRWMPES-LFHXKVDGSA-N	Rat	30	mg/kg		30 mg/Kg	Chemical Probes Portal	APH02174
DLQNQQYGRWMPES-LFHXKVDGSA-N	Dog	1	mg/kg		1 mg/Kg	Chemical Probes Portal	APH02174
DLQNQQYGRWMPES-LFHXKVDGSA-N	Dog	5	mg/kg		5 mg/Kg	Chemical Probes Portal	APH02174
DLQNQQYGRWMPES-LFHXKVDGSA-N	Monkey (Cynomolgus)	1	mg/kg		1 mg/Kg	Chemical Probes Portal	APH02174
DLQNQQYGRWMPES-LFHXKVDGSA-N	Monkey (Cynomolgus)	20	mg/kg		20 mg/Kg	Chemical Probes Portal	APH02174
OGAOHACYLUBWJQ-UHFFFAOYSA-N	Rat	2	mg/kg		2 mg/Kg	Chemical Probes Portal	SIAIS001
OGAOHACYLUBWJQ-UHFFFAOYSA-N	Rat	10	mg/kg		10 mg/Kg	Chemical Probes Portal	SIAIS001
USEHXUPBCSTAIO-RAUDMRIHSA-N	Mouse	3	mg/kg		3 mg/Kg	Chemical Probes Portal	JWZ-5-13
USEHXUPBCSTAIO-RAUDMRIHSA-N	Mouse	10	mg/kg		10 mg/Kg	Chemical Probes Portal	JWZ-5-13
DOVSNSDMRJVTMR-JOCHJYFZSA-N	Mouse	1	uM/kg		1 uM/Kg	Chemical Probes Portal	BI-5524
DOVSNSDMRJVTMR-JOCHJYFZSA-N	Rat	1	uM/kg		1 uM/Kg	Chemical Probes Portal	BI-5524
WFVKDTWKNVLGGS-UHFFFAOYSA-N	Mouse	2	mg/kg		2 mg/Kg	Chemical Probes Portal	BSJ-05-37
WFVKDTWKNVLGGS-UHFFFAOYSA-N	Mouse	10	mg/kg		10 mg/Kg	Chemical Probes Portal	BSJ-05-37
JTTGVFCANBFLCE-CJLVFECKSA-N	Rat	2	mg/kg		2 mg/Kg	Chemical Probes Portal	SIAIS630121
JTTGVFCANBFLCE-CJLVFECKSA-N	Rat	10	mg/kg		10 mg/Kg	Chemical Probes Portal	SIAIS630121
AYMGZLUKTNXEMY-UHFFFAOYSA-N	Mouse	50	mg/kg		50 mg/Kg	Chemical Probes Portal	MS4078
SWVYYNLRVIYURK-AREMUKBSSA-N	Mouse	50	mg/kg		10, 25, or 50 mg/kg	Chemical Probes Portal	FIDRISERTIB
AAZUPSFRSHFTGV-INIZCTEOSA-N	Mouse	10	mg/kg		10 mg/Kg	Chemical Probes Portal	VT104
LLCVDQHLYHBAHR-UHFFFAOYSA-N	Mouse	10	mg/kg		10 mg/Kg	Chemical Probes Portal	VT103
JALIPZPFONOAJA-ZKGBLMBJSA-N	Mouse	1	mg/kg		1 mg/Kg	Chemical Probes Portal	BMS-986458
JALIPZPFONOAJA-ZKGBLMBJSA-N	Mouse	30	mg/kg		30 mg/Kg	Chemical Probes Portal	BMS-986458
JALIPZPFONOAJA-ZKGBLMBJSA-N	Rat	1	mg/kg		1 mg/Kg	Chemical Probes Portal	BMS-986458
JALIPZPFONOAJA-ZKGBLMBJSA-N	Rat	10	mg/kg		10 mg/Kg	Chemical Probes Portal	BMS-986458
JALIPZPFONOAJA-ZKGBLMBJSA-N	Dog	1	mg/kg		1 mg/Kg	Chemical Probes Portal	BMS-986458
JALIPZPFONOAJA-ZKGBLMBJSA-N	Dog	3	mg/kg		3 mg/Kg	Chemical Probes Portal	BMS-986458
XJTIGGCBXFIZJV-UHFFFAOYSA-N	Mouse	10	mg/kg		10mg/kg	Chemical Probes Portal	VPS34-IN-4
ZORLJXWXFABTPZ-CTNGQTDRSA-N	Mouse	10	mg/kg		10 mg/Kg	Chemical Probes Portal	GSK778
ZZWWXIBKLBMSCS-FQEVSTJZSA-N	Rat	3	mg/kg		3 mg/kg	Chemical Probes Portal	FIRSOCOSTAT
FQWDVNSBYDXPIO-CQSZACIVSA-N	Mouse	1	mg/kg		1 mg/Kg	Chemical Probes Portal	GSK6853
FQWDVNSBYDXPIO-CQSZACIVSA-N	Mouse	3	mg/kg		3 mg/Kg	Chemical Probes Portal	GSK6853
FQWDVNSBYDXPIO-CQSZACIVSA-N	Mouse	3	mg/kg		3 mg/Kg	Chemical Probes Portal	GSK6853
BASFYRLYJAZPPL-UONOGXRCSA-N	Mouse	5	mg/kg		5 mg/kg	Chemical Probes Portal	GSK-LSD1
FHRKRGDHMCCDEO-LLVKDONJSA-N	Mouse				0.5 (IV), 1.0 (PO) mg/Kg	Chemical Probes Portal	GNE-064
QRYISIPABXJVOQ-AWEZNQCLSA-N	Rat	2	mg/kg		2 mg/Kg	Chemical Probes Portal	TDI-11055
QRYISIPABXJVOQ-AWEZNQCLSA-N	Rat	10	mg/kg		10 mg/Kg	Chemical Probes Portal	TDI-11055
UEUNDURNLYLSNB-HOTGVXAUSA-N	Mouse	1	mg/kg	IV	1 mg/Kg IV, 3 mg/Kg PO	Chemical Probes Portal	BMS-986278
UEUNDURNLYLSNB-HOTGVXAUSA-N	Mouse	3	mg/kg	PO	1 mg/Kg IV, 3 mg/Kg PO	Chemical Probes Portal	BMS-986278
UEUNDURNLYLSNB-HOTGVXAUSA-N	Rat	1	mg/kg	IV	1 mg/Kg IV, 3 mg/Kg PO	Chemical Probes Portal	BMS-986278
UEUNDURNLYLSNB-HOTGVXAUSA-N	Rat	3	mg/kg	PO	1 mg/Kg IV, 3 mg/Kg PO	Chemical Probes Portal	BMS-986278
UEUNDURNLYLSNB-HOTGVXAUSA-N	Monkey (Cynomolgus)	1	mg/kg	IV	1 mg/Kg IV, 3 mg/Kg PO	Chemical Probes Portal	BMS-986278
UEUNDURNLYLSNB-HOTGVXAUSA-N	Monkey (Cynomolgus)	3	mg/kg	PO	1 mg/Kg IV, 3 mg/Kg PO	Chemical Probes Portal	BMS-986278
AXNQNPVSVCEGTP-LALXJTNGSA-N	Mouse	2	mg/kg		2 mg/Kg	Chemical Probes Portal	BY13
AXNQNPVSVCEGTP-LALXJTNGSA-N	Mouse	4	mg/kg		4 mg/Kg	Chemical Probes Portal	BY13
AXNQNPVSVCEGTP-LALXJTNGSA-N	Mouse	20	mg/kg		20 mg/Kg	Chemical Probes Portal	BY13
PFEKWBKJUBCXDT-KGLIPLIRSA-N	Mouse	1	mg/kg		1 mg/Kg	Chemical Probes Portal	IMT1B
PFEKWBKJUBCXDT-KGLIPLIRSA-N	Mouse	10	mg/kg		10 mg/Kg	Chemical Probes Portal	IMT1B
MUYQEHKMQMHJNI-ZDUSSCGKSA-N	Rat	1	mg/kg	IV	1 mg/kg IV, 5 mg/kg PO	Chemical Probes Portal	BLU-654
MUYQEHKMQMHJNI-ZDUSSCGKSA-N	Rat	5	mg/kg	PO	1 mg/kg IV, 5 mg/kg PO	Chemical Probes Portal	BLU-654
MUYQEHKMQMHJNI-ZDUSSCGKSA-N	Monkey (Cynomolgus)	0.5	mg/kg		0.5 mg/Kg	Chemical Probes Portal	BLU-654
MUYQEHKMQMHJNI-ZDUSSCGKSA-N	Dog	0.5	mg/kg	IV	0.5 mg/kg IV, 1.5 mg/kg PO	Chemical Probes Portal	BLU-654
MUYQEHKMQMHJNI-ZDUSSCGKSA-N	Dog	1.5	mg/kg	PO	0.5 mg/kg IV, 1.5 mg/kg PO	Chemical Probes Portal	BLU-654
QKVFMAAIXZONRN-UHFFFAOYSA-N	Mouse	10	mg/kg		10 mg/Kg BID	Chemical Probes Portal	BAY-474
QKVFMAAIXZONRN-UHFFFAOYSA-N	Rat	10	mg/kg		10 mg/Kg BID	Chemical Probes Portal	BAY-474
QKVFMAAIXZONRN-UHFFFAOYSA-N	Dog	10	mg/kg		10 mg/Kg BID	Chemical Probes Portal	BAY-474
CEIIEALEIHQDBX-UHFFFAOYSA-N	Rat	1	mg/kg		1 mg/kg	Chemical Probes Portal	PNU-120596
FVICRBSEYSHKFY-JYQNNKODSA-N	Mouse	1	mg/kg		1 mg/Kg	Chemical Probes Portal	Daraxonrasib
FVICRBSEYSHKFY-JYQNNKODSA-N	Mouse	10	mg/kg		10 mg/Kg	Chemical Probes Portal	Daraxonrasib
FVICRBSEYSHKFY-JYQNNKODSA-N	Rat	1	mg/kg		1 mg/Kg	Chemical Probes Portal	Daraxonrasib
FVICRBSEYSHKFY-JYQNNKODSA-N	Rat	60	mg/kg		60 mg/Kg	Chemical Probes Portal	Daraxonrasib
FVICRBSEYSHKFY-JYQNNKODSA-N	Dog	1	mg/kg		1 mg/Kg	Chemical Probes Portal	Daraxonrasib
FVICRBSEYSHKFY-JYQNNKODSA-N	Dog	8	mg/kg		8 mg/Kg	Chemical Probes Portal	Daraxonrasib
FVICRBSEYSHKFY-JYQNNKODSA-N	Monkey (Cynomolgus)	1	mg/kg		1 mg/Kg	Chemical Probes Portal	Daraxonrasib
FVICRBSEYSHKFY-JYQNNKODSA-N	Monkey (Cynomolgus)	2.5	mg/kg		2.5 mg/Kg	Chemical Probes Portal	Daraxonrasib
BCFGMOOMADDAQU-UHFFFAOYSA-N	Mouse	30	mg/kg		30-100 mg/Kg	Chemical Probes Portal	Lapatinib
LPGBXHWIQNZEJB-UHFFFAOYSA-N	Mouse					Chemical Probes Portal	TUG-891
FMSIRMKLDQFQKI-UHFFFAOYSA-N	Mouse	30	mg/kg		30 mg/Kg	Chemical Probes Portal	HRX215
VDLHPYFVCAHCCZ-UHFFFAOYSA-N	Mouse	2	mg/kg		2 mg/Kg	Chemical Probes Portal	RPI-GLYT2-82
VDLHPYFVCAHCCZ-UHFFFAOYSA-N	Mouse	50	mg/kg		50 mg/Kg	Chemical Probes Portal	RPI-GLYT2-82
VDLHPYFVCAHCCZ-UHFFFAOYSA-N	Mouse	30	mg/kg		30 mg/Kg	Chemical Probes Portal	RPI-GLYT2-82
YXYBHRORJSDZTQ-UHFFFAOYSA-N	Mouse	5	mg/kg		5 mg/Kg	Chemical Probes Portal	NUAK1-IN-2
LIRYPHYGHXZJBZ-UHFFFAOYSA-N	Mouse	0.1	mg/kg		0.1-1 mg/Kg	Chemical Probes Portal	Trametinib
BUJWDBSVEVFQDP-UHFFFAOYSA-N	Rat	5	mg/kg		5 mg/Kg	Chemical Probes Portal	NURR1-Ant-29
ZABZNDRRLTXBHH-UHFFFAOYSA-N	Mouse	1	mg/kg	IV	1 mg/kg IV, 5 mg/kg PO	Chemical Probes Portal	ISM5939
ZABZNDRRLTXBHH-UHFFFAOYSA-N	Mouse	5	mg/kg	PO	1 mg/kg IV, 5 mg/kg PO	Chemical Probes Portal	ISM5939
ZABZNDRRLTXBHH-UHFFFAOYSA-N	Rat	1	mg/kg	IV	1 mg/kg IV, 5 mg/kg PO	Chemical Probes Portal	ISM5939
ZABZNDRRLTXBHH-UHFFFAOYSA-N	Rat	5	mg/kg	PO	1 mg/kg IV, 5 mg/kg PO	Chemical Probes Portal	ISM5939
ZABZNDRRLTXBHH-UHFFFAOYSA-N	Dog	1	mg/kg	IV	1 mg/kg IV, 5 mg/kg PO	Chemical Probes Portal	ISM5939
ZABZNDRRLTXBHH-UHFFFAOYSA-N	Dog	5	mg/kg	PO	1 mg/kg IV, 5 mg/kg PO	Chemical Probes Portal	ISM5939
LIOLIMKSCNQPLV-UHFFFAOYSA-N	Mouse	10	mg/kg		0.03, 0.1, 0.3, 1, 3, or 10 mg/kg, Reviewer suggested: 3, 10, and 30 mg/kg BID	Chemical Probes Portal	Capmatinib
LIOLIMKSCNQPLV-UHFFFAOYSA-N	Mouse	30	mg/kg		0.03, 0.1, 0.3, 1, 3, or 10 mg/kg, Reviewer suggested: 3, 10, and 30 mg/kg BID	Chemical Probes Portal	Capmatinib
VRQXRVAKPDCRCI-ZNMIVQPWSA-N	Other	100	mg/kg		30 or 100 mg/Kg	Chemical Probes Portal	PIM-447
HPJVZSVEIGCFJP-SFHVURJKSA-N	Rat	80	mg/kg		up to 80 mg/Kg	Chemical Probes Portal	TTBK1-IN-1
HPJVZSVEIGCFJP-SFHVURJKSA-N	Mouse	180	mg/kg		2.5, 7, 20, 60, and 180 mg/kg	Chemical Probes Portal	TTBK1-IN-1
NYNZQNWKBKUAII-KBXCAEBGSA-N	Mouse	30	mg/kg		30 mg/Kg BID	Chemical Probes Portal	LAROTRECTINIB
IBGLGMOPHJQDJB-IHRRRGAJSA-N	Rat	2	mg/kg		2 mg/Kg	Chemical Probes Portal	TANZISERTIB
IBGLGMOPHJQDJB-IHRRRGAJSA-N	Rat	10	mg/kg		10 mg/Kg	Chemical Probes Portal	TANZISERTIB
IBGLGMOPHJQDJB-IHRRRGAJSA-N	Dog	1	mg/kg		1 mg/Kg	Chemical Probes Portal	TANZISERTIB
IBGLGMOPHJQDJB-IHRRRGAJSA-N	Dog	10	mg/kg		10 mg/Kg	Chemical Probes Portal	TANZISERTIB
IBGLGMOPHJQDJB-IHRRRGAJSA-N	Monkey (Cynomolgus)	1	mg/kg		1 mg/Kg	Chemical Probes Portal	TANZISERTIB
IBGLGMOPHJQDJB-IHRRRGAJSA-N	Monkey (Cynomolgus)	10	mg/kg		10 mg/Kg	Chemical Probes Portal	TANZISERTIB
RHGZXPKHVAHQJO-BIIHCSGHSA-N	Rat				8.55 (IV), 20.3 (PO) μmol/kg	Chemical Probes Portal	CERALASERTIB
RHGZXPKHVAHQJO-BIIHCSGHSA-N	Dog				10.5 (IV), 15.1 (PO) μmol/kg	Chemical Probes Portal	CERALASERTIB
MWKYMZXCGYXLPL-ZDUSSCGKSA-N	Rat	1	mg/kg		1 mg/Kg	Chemical Probes Portal	LENIOLISIB
MWKYMZXCGYXLPL-ZDUSSCGKSA-N	Rat	3	mg/kg		3 mg/Kg	Chemical Probes Portal	LENIOLISIB
MWKYMZXCGYXLPL-ZDUSSCGKSA-N	Rat	30	mg/kg		30 mg/Kg	Chemical Probes Portal	LENIOLISIB
MWKYMZXCGYXLPL-ZDUSSCGKSA-N	Dog	0.1	mg/kg		0.1 mg/Kg	Chemical Probes Portal	LENIOLISIB
MWKYMZXCGYXLPL-ZDUSSCGKSA-N	Dog	0.3	mg/kg		0.3 mg/Kg	Chemical Probes Portal	LENIOLISIB
MWKYMZXCGYXLPL-ZDUSSCGKSA-N	Monkey (Cynomolgus)	0.1	mg/kg		0.1 mg/Kg	Chemical Probes Portal	LENIOLISIB
MWKYMZXCGYXLPL-ZDUSSCGKSA-N	Monkey (Cynomolgus)	0.3	mg/kg		0.3 mg/Kg	Chemical Probes Portal	LENIOLISIB
HKTBYUWLRDZAJK-UHFFFAOYSA-N	Mouse	1	mg/kg		1 mg/Kg	Chemical Probes Portal	Tomivosertib
HKTBYUWLRDZAJK-UHFFFAOYSA-N	Rat	10	mg/kg		10 mg/kg	Chemical Probes Portal	Tomivosertib
HKTBYUWLRDZAJK-UHFFFAOYSA-N	Monkey (Cynomolgus)	3	mg/kg		3mg/kg	Chemical Probes Portal	Tomivosertib
HKTBYUWLRDZAJK-UHFFFAOYSA-N	Dog	5	mg/kg		5 mg/kg	Chemical Probes Portal	Tomivosertib
HKTBYUWLRDZAJK-UHFFFAOYSA-N	Mouse	10	mg		10 mg/ Kg	Chemical Probes Portal	Tomivosertib
PRWSIEBRGXYXAJ-UHFFFAOYSA-N	Mouse	2	mg/kg		2 mg/Kg	Chemical Probes Portal	GSK2656157
PRWSIEBRGXYXAJ-UHFFFAOYSA-N	Mouse	13.4	mg/kg		13.4 mg/Kg	Chemical Probes Portal	GSK2656157
PRWSIEBRGXYXAJ-UHFFFAOYSA-N	Rat	2.2	mg/kg		2.2 mg/Kg	Chemical Probes Portal	GSK2656157
PRWSIEBRGXYXAJ-UHFFFAOYSA-N	Rat	4.3	mg/kg		4.3 mg/Kg	Chemical Probes Portal	GSK2656157
PRWSIEBRGXYXAJ-UHFFFAOYSA-N	Dog	2.9	mg/kg		2.9 mg/Kg	Chemical Probes Portal	GSK2656157
PRWSIEBRGXYXAJ-UHFFFAOYSA-N	Dog	5.2	mg/kg		5.2 mg/Kg	Chemical Probes Portal	GSK2656157
VPJXPDLMACOGIZ-UHFFFAOYSA-N	Mouse	0.2	mg/kg	IV	0.2 mg/Kg IV, 0.5 mg/Kg PO	Chemical Probes Portal	CCT251921
VPJXPDLMACOGIZ-UHFFFAOYSA-N	Mouse	0.5	mg/kg	PO	0.2 mg/Kg IV, 0.5 mg/Kg PO	Chemical Probes Portal	CCT251921
VPJXPDLMACOGIZ-UHFFFAOYSA-N	Rat	0.2	mg/kg	IV	0.2 mg/Kg IV, 0.5 mg/Kg PO	Chemical Probes Portal	CCT251921
VPJXPDLMACOGIZ-UHFFFAOYSA-N	Rat	0.5	mg/kg	PO	0.2 mg/Kg IV, 0.5 mg/Kg PO	Chemical Probes Portal	CCT251921
VPJXPDLMACOGIZ-UHFFFAOYSA-N	Dog	0.2	mg/kg	IV	0.2 mg/Kg IV, 0.5 mg/Kg PO	Chemical Probes Portal	CCT251921
VPJXPDLMACOGIZ-UHFFFAOYSA-N	Dog	0.5	mg/kg	PO	0.2 mg/Kg IV, 0.5 mg/Kg PO	Chemical Probes Portal	CCT251921
BWINBHTTZLVXGT-NVXWUHKLSA-N	Mouse	1	mg/kg	IV	1 mpk IV and 10 mpk PO	Chemical Probes Portal	TAK-279
BWINBHTTZLVXGT-NVXWUHKLSA-N	Mouse	10	mg/kg	PO	1 mpk IV and 10 mpk PO	Chemical Probes Portal	TAK-279
BWINBHTTZLVXGT-NVXWUHKLSA-N	Rat	1	mg/kg	IV	1 mpk IV and 10 mpk PO	Chemical Probes Portal	TAK-279
BWINBHTTZLVXGT-NVXWUHKLSA-N	Rat	10	mg/kg	PO	1 mpk IV and 10 mpk PO	Chemical Probes Portal	TAK-279
XISVSTPEXYIKJL-UHFFFAOYSA-N	Rat	2	mg/kg		2 mg/Kg	Chemical Probes Portal	AZD-7648
XISVSTPEXYIKJL-UHFFFAOYSA-N	Rat	5	mg/kg		5 mg/Kg	Chemical Probes Portal	AZD-7648
XISVSTPEXYIKJL-UHFFFAOYSA-N	Dog	1	mg/kg		1 mg/Kg	Chemical Probes Portal	AZD-7648
XISVSTPEXYIKJL-UHFFFAOYSA-N	Dog	2	mg/kg		2 mg/Kg	Chemical Probes Portal	AZD-7648
QVOGVAVHOLLLAZ-UHFFFAOYSA-N	Mouse	0.5	mg/kg		0.5 mg/Kg (d)	Chemical Probes Portal	BAY-1816032
OYKPWSZSBLRRPL-HOYKHHGWSA-N	Rat	1	mg/kg		1-30 mg/Kg	Chemical Probes Portal	MRL-SYKi
OYKPWSZSBLRRPL-HOYKHHGWSA-N	Dog	1	mg/kg		1-30 mg/Kg	Chemical Probes Portal	MRL-SYKi
