inchikey	xref_id	source_xref	raw	source_db	source
IQCKJUKAQJINMK-HUBRGWSESA-N	https://doi.org/	10.1038/ncomms2304	www.doi.org/10.1038/ncomms2304	Chemical Probes Portal	
IQCKJUKAQJINMK-HUBRGWSESA-N	https://pubmed.ncbi.nlm.nih.gov/	23250418	http://www.ncbi.nlm.nih.gov/pubmed/23250418	Chemical Probes Portal	
QMDKVNSQXPVCRD-RQNOJGIXSA-N	https://doi.org/	10.1021/acsmedchemlett.5b00071	www.doi.org/10.1021/acsmedchemlett.5b00071	Chemical Probes Portal	
QMDKVNSQXPVCRD-RQNOJGIXSA-N	https://pubmed.ncbi.nlm.nih.gov/	26101569	http://www.ncbi.nlm.nih.gov/pubmed/?term=26101569	Chemical Probes Portal	
WRUWGLUCNBMGPS-UHFFFAOYSA-N	https://doi.org/	10.1021/acs.jmedchem.5b00256	http://pubs.acs.org/doi/abs/10.1021/acs.jmedchem.5b00256	Chemical Probes Portal	
WRUWGLUCNBMGPS-UHFFFAOYSA-N	https://pubmed.ncbi.nlm.nih.gov/	25856009	https://www.ncbi.nlm.nih.gov/pubmed/25856009	Chemical Probes Portal	
ZHMXXVNQAFCXKK-QGZVFWFLSA-N	https://doi.org/	10.1016/j.bmcl.2011.10.029	www.doi.org/10.1016/j.bmcl.2011.10.029	Chemical Probes Portal	
ZHMXXVNQAFCXKK-QGZVFWFLSA-N	https://doi.org/	10.1124/jpet.111.189365	www.doi.org/10.1124/jpet.111.189365	Chemical Probes Portal	
ZHMXXVNQAFCXKK-QGZVFWFLSA-N	https://pubmed.ncbi.nlm.nih.gov/	22056746	https://pubmed.ncbi.nlm.nih.gov/22056746/	Chemical Probes Portal	
ZHMXXVNQAFCXKK-QGZVFWFLSA-N	https://pubmed.ncbi.nlm.nih.gov/	22128344	https://pubmed.ncbi.nlm.nih.gov/22128344/	Chemical Probes Portal	
TXGKRVFSSHPBAJ-JKSUJKDBSA-N	https://doi.org/	10.1124/jpet.111.188441	www.doi.org/10.1124/jpet.111.188441	Chemical Probes Portal	
TXGKRVFSSHPBAJ-JKSUJKDBSA-N	https://pubmed.ncbi.nlm.nih.gov/	22040680	http://www.ncbi.nlm.nih.gov/pubmed/22040680	Chemical Probes Portal	
SCELLOWTHJGVIC-BGYRXZFFSA-N	https://doi.org/	10.1158/1535-7163.MCT-09-0519	www.doi.org/10.1158/1535-7163.MCT-09-0519	Chemical Probes Portal	
SCELLOWTHJGVIC-BGYRXZFFSA-N	https://pubmed.ncbi.nlm.nih.gov/	19808981	http://www.ncbi.nlm.nih.gov/pubmed/19808981	Chemical Probes Portal	
XCFLWTZSJYBCPF-UHFFFAOYSA-N	https://doi.org/	10.1021/jm301020q	www.doi.org/10.1021/jm301020q	Chemical Probes Portal	
XCFLWTZSJYBCPF-UHFFFAOYSA-N	https://pubmed.ncbi.nlm.nih.gov/	22985112	http://www.ncbi.nlm.nih.gov/pubmed/22985112	Chemical Probes Portal	
ZYVXTMKTGDARKR-UHFFFAOYSA-N		http://www.biochemj.org/content/457/1/43.long	http://www.biochemj.org/content/457/1/43.long	Chemical Probes Portal	
ZYVXTMKTGDARKR-UHFFFAOYSA-N	https://pubmed.ncbi.nlm.nih.gov/	24134204	http://www.ncbi.nlm.nih.gov/pubmed/24134204	Chemical Probes Portal	
ZWNKKZSRANLVEW-UHFFFAOYSA-N		http://www.cell.com/cell-chemical-biology/abstract/S2451-9456(16)30085-X	http://www.cell.com/cell-chemical-biology/abstract/S2451-9456(16)30085-X	Chemical Probes Portal	
ZWNKKZSRANLVEW-UHFFFAOYSA-N		http://www.cell.com/cell-reports/abstract/S2211-1247(16)30362-X?_returnURL=http%3A%2F%2Flinkinghub.elsevier.com%2Fretrieve%2Fpii%2FS221112471630362X%3Fshowall%3Dtruehttp://www.cell.com/cell-reports/abstract/S2211-1247(16)30362-X?_returnURL=http%3A%2F%2Flinkinghub.elsevier.com%2Fretrieve%2Fpii%2FS221112471630362X%3F	http://www.cell.com/cell-reports/abstract/S2211-1247(16)30362-X?_returnURL=http%3A%2F%2Flinkinghub.elsevier.com%2Fretrieve%2Fpii%2FS221112471630362X%3Fshowall%3Dtruehttp://www.cell.com/cell-reports/abstract/S2211-1247(16)30362-X?_returnURL=http%3A%2F%2Flinkinghub.elsevier.com%2Fretrieve%2Fpii%2FS221112471630362X%3F	Chemical Probes Portal	
ZWNKKZSRANLVEW-UHFFFAOYSA-N	https://pubmed.ncbi.nlm.nih.gov/	27049670	https://www.ncbi.nlm.nih.gov/pubmed/27049670	Chemical Probes Portal	
ZWNKKZSRANLVEW-UHFFFAOYSA-N	https://pubmed.ncbi.nlm.nih.gov/	27149845	https://www.ncbi.nlm.nih.gov/pubmed/27149845	Chemical Probes Portal	
XSMSNFMDVXXHGJ-UHFFFAOYSA-N	https://doi.org/	10.1021/jm500228a	http://pubs.acs.org/doi/abs/10.1021/jm500228a	Chemical Probes Portal	
XSMSNFMDVXXHGJ-UHFFFAOYSA-N	https://pubmed.ncbi.nlm.nih.gov/	24779514	https://www.ncbi.nlm.nih.gov/pubmed/?term=24779514	Chemical Probes Portal	
ISOCDPQFIXDIMS-HSZRJFAPSA-N		http://www.sciencedirect.com/science/article/pii/S0960894X12012747	http://www.sciencedirect.com/science/article/pii/S0960894X12012747	Chemical Probes Portal	
ISOCDPQFIXDIMS-HSZRJFAPSA-N	https://pubmed.ncbi.nlm.nih.gov/	23127890	https://www.ncbi.nlm.nih.gov/pubmed/?term=23127890	Chemical Probes Portal	
GZFYZYBWLCYBMI-MYZJJQSMSA-N		https://elifesciences.org/content/4/e12177	https://elifesciences.org/content/4/e12177	Chemical Probes Portal	
GZFYZYBWLCYBMI-MYZJJQSMSA-N	https://pubmed.ncbi.nlm.nih.gov/	26646182	https://www.ncbi.nlm.nih.gov/pubmed/26646182	Chemical Probes Portal	
HHKGVQGXRGQBBA-UHFFFAOYSA-N	https://doi.org/	10.1021/jm061107l	http://pubs.acs.org/doi/abs/10.1021/jm061107l	Chemical Probes Portal	
HHKGVQGXRGQBBA-UHFFFAOYSA-N	https://pubmed.ncbi.nlm.nih.gov/	17253678	https://www.ncbi.nlm.nih.gov/pubmed/17253678	Chemical Probes Portal	
LTUGYAOMCKNTGG-UHFFFAOYSA-N	https://doi.org/	10.1021/ml5002932	http://pubs.acs.org/doi/abs/10.1021/ml5002932	Chemical Probes Portal	
LTUGYAOMCKNTGG-UHFFFAOYSA-N	https://pubmed.ncbi.nlm.nih.gov/	25408830	https://www.ncbi.nlm.nih.gov/pubmed/?term=25408830	Chemical Probes Portal	
UOVSZRTTWLJPHE-HNXAPSNLSA-N	https://doi.org/	10.1021/ml400359z	http://pubs.acs.org/doi/abs/10.1021/ml400359z	Chemical Probes Portal	
UOVSZRTTWLJPHE-HNXAPSNLSA-N	https://pubmed.ncbi.nlm.nih.gov/	24900784	https://www.ncbi.nlm.nih.gov/pubmed/24900784	Chemical Probes Portal	
HMKAZNCSHAJLSA-HIJQLYNKSA-N	https://doi.org/	10.1021/jm401767k	http://pubs.acs.org/doi/abs/10.1021/jm401767k	Chemical Probes Portal	
HMKAZNCSHAJLSA-HIJQLYNKSA-N	https://pubmed.ncbi.nlm.nih.gov/	24548297	https://www.ncbi.nlm.nih.gov/pubmed/24548297	Chemical Probes Portal	
CGCOPBXAGSCZNX-FNQJWKMRSA-N	https://doi.org/	10.1021/ml400359z	http://pubs.acs.org/doi/abs/10.1021/ml400359z	Chemical Probes Portal	
CGCOPBXAGSCZNX-FNQJWKMRSA-N	https://doi.org/	10.1016/j.bmc.2014.05.072	www.doi.org/10.1016/j.bmc.2014.05.072	Chemical Probes Portal	
CGCOPBXAGSCZNX-FNQJWKMRSA-N	https://pubmed.ncbi.nlm.nih.gov/	24900784	https://www.ncbi.nlm.nih.gov/pubmed/24900784	Chemical Probes Portal	
CGCOPBXAGSCZNX-FNQJWKMRSA-N	https://pubmed.ncbi.nlm.nih.gov/	24997575	https://www.ncbi.nlm.nih.gov/pubmed/24997575	Chemical Probes Portal	
ARYVAQSYRLZVQD-UHFFFAOYSA-N	https://doi.org/	10.1021/acs.jmedchem.5b00680	http://pubs.acs.org/doi/abs/10.1021/acs.jmedchem.5b00680	Chemical Probes Portal	
ARYVAQSYRLZVQD-UHFFFAOYSA-N	https://pubmed.ncbi.nlm.nih.gov/	26222319	https://www.ncbi.nlm.nih.gov/pubmed/26222319	Chemical Probes Portal	
LTYNXERAWVCPAH-OHRKNAERSA-N		https://www.nature.com/nature/journal/v436/n7048/full/nature03821.html	https://www.nature.com/nature/journal/v436/n7048/full/nature03821.html	Chemical Probes Portal	
LTYNXERAWVCPAH-OHRKNAERSA-N	https://pubmed.ncbi.nlm.nih.gov/	16015336	https://www.ncbi.nlm.nih.gov/pubmed/16015336	Chemical Probes Portal	
SAGZIBJAQGBRQA-UHFFFAOYSA-N	https://doi.org/	10.1038/sj.ki.5002717	www.doi.org/10.1038/sj.ki.5002717	Chemical Probes Portal	
SAGZIBJAQGBRQA-UHFFFAOYSA-N	https://doi.org/	10.1021/jm0509905	www.doi.org/10.1021/jm0509905	Chemical Probes Portal	
SAGZIBJAQGBRQA-UHFFFAOYSA-N	https://pubmed.ncbi.nlm.nih.gov/	18075500	https://www.ncbi.nlm.nih.gov/pubmed/18075500	Chemical Probes Portal	
SAGZIBJAQGBRQA-UHFFFAOYSA-N	https://pubmed.ncbi.nlm.nih.gov/	16570917	https://www.ncbi.nlm.nih.gov/pubmed/16570917	Chemical Probes Portal	
LPTGUSPVGHUCQF-UHFFFAOYSA-N	https://doi.org/	10.1021/acschembio.6b00896	doi.org/10.1021/acschembio.6b00896	Chemical Probes Portal	
ATUUNJCZCOMUKD-OKILXGFUSA-N	https://doi.org/	10.1021/acs.jmedchem.7b00045	www.doi.org/10.1021/acs.jmedchem.7b00045	Chemical Probes Portal	
ATUUNJCZCOMUKD-OKILXGFUSA-N	https://pubmed.ncbi.nlm.nih.gov/	28245354	https://www.ncbi.nlm.nih.gov/pubmed/28245354	Chemical Probes Portal	
AEENEMOEBJOKGN-UHFFFAOYSA-N	https://doi.org/	10.1021/acschembio.6b00896	DOI.ORG/10.1021/acschembio.6b00896	Chemical Probes Portal	
XKBSPAZCFAIBJL-OAHLLOKOSA-N	https://doi.org/	10.1038/nchembio.2334	www.doi.org/10.1038/nchembio.2334	Chemical Probes Portal	
XKBSPAZCFAIBJL-OAHLLOKOSA-N	https://doi.org/	10.1038/nchembio.2490	www.doi.org/10.1038/nchembio.2490	Chemical Probes Portal	
XKBSPAZCFAIBJL-OAHLLOKOSA-N	https://doi.org/	10.1038/nrd.2017.77	www.doi.org/10.1038/nrd.2017.77	Chemical Probes Portal	
XKBSPAZCFAIBJL-OAHLLOKOSA-N	https://pubmed.ncbi.nlm.nih.gov/	28288109	https://www.ncbi.nlm.nih.gov/pubmed/28288109	Chemical Probes Portal	
XKBSPAZCFAIBJL-OAHLLOKOSA-N	https://pubmed.ncbi.nlm.nih.gov/	29045379	https://www.ncbi.nlm.nih.gov/pubmed/29045379	Chemical Probes Portal	
XKBSPAZCFAIBJL-OAHLLOKOSA-N	https://pubmed.ncbi.nlm.nih.gov/	28417990	https://www.ncbi.nlm.nih.gov/pubmed/28417990	Chemical Probes Portal	
KMESAVNRPDKZCQ-UHFFFAOYSA-N	https://doi.org/	10.1016/j.bmcl.2010.09.095	https://doi.org/10.1016/j.bmcl.2010.09.095	Chemical Probes Portal	
KMESAVNRPDKZCQ-UHFFFAOYSA-N	https://doi.org/	10.1517/13543776.2010.484804	https://doi.org/10.1517/13543776.2010.484804	Chemical Probes Portal	
KMESAVNRPDKZCQ-UHFFFAOYSA-N	https://pubmed.ncbi.nlm.nih.gov/	20934334	https://pubmed.ncbi.nlm.nih.gov/20934334/	Chemical Probes Portal	
KMESAVNRPDKZCQ-UHFFFAOYSA-N	https://pubmed.ncbi.nlm.nih.gov/	20429668	https://pubmed.ncbi.nlm.nih.gov/20429668/	Chemical Probes Portal	
ZDOBSAPHUUUOHX-OSYLJGHBSA-N	https://doi.org/	10.1021/acsmedchemlett.7b00312	www.doi.org/10.1021/acsmedchemlett.7b00312	Chemical Probes Portal	
ZDOBSAPHUUUOHX-OSYLJGHBSA-N	https://pubmed.ncbi.nlm.nih.gov/	29259743	https://pubmed.ncbi.nlm.nih.gov/29259743/	Chemical Probes Portal	
BTSUNSRQYLVGIS-ADTYUTHVSA-N	https://doi.org/	10.1021/acs.jmedchem.0c00547	https://doi.org/10.1021/acs.jmedchem.0c00547	Chemical Probes Portal	
BTSUNSRQYLVGIS-ADTYUTHVSA-N	https://pubmed.ncbi.nlm.nih.gov/	32338903	https://pubmed.ncbi.nlm.nih.gov/32338903/	Chemical Probes Portal	
PROGRNRRJJYCNX-UHFFFAOYSA-N	https://doi.org/	10.1021/cb500851u	www.doi.org/10.1021/cb500851u	Chemical Probes Portal	
PROGRNRRJJYCNX-UHFFFAOYSA-N	https://doi.org/	10.1038/s41598-017-07787-4	www.doi.org/10.1038/s41598-017-07787-4	Chemical Probes Portal	
PROGRNRRJJYCNX-UHFFFAOYSA-N	https://doi.org/	10.1038/s41598-019-43894-0	www.doi.org/10.1038/s41598-019-43894-0	Chemical Probes Portal	
PROGRNRRJJYCNX-UHFFFAOYSA-N	https://pubmed.ncbi.nlm.nih.gov/	25750985	https://pubmed.ncbi.nlm.nih.gov/25750985/	Chemical Probes Portal	
PROGRNRRJJYCNX-UHFFFAOYSA-N	https://pubmed.ncbi.nlm.nih.gov/	28855578	https://pubmed.ncbi.nlm.nih.gov/28855578	Chemical Probes Portal	
PROGRNRRJJYCNX-UHFFFAOYSA-N	https://pubmed.ncbi.nlm.nih.gov/	31089242	https://pubmed.ncbi.nlm.nih.gov/31089242	Chemical Probes Portal	
JQNINBDKGLWYMU-GEAQBIRJSA-N	https://doi.org/	10.1158/2159-8290.CD-18-0387	www.doi.org/10.1158/2159-8290.CD-18-0387	Chemical Probes Portal	
JQNINBDKGLWYMU-GEAQBIRJSA-N	https://doi.org/	10.1158/1078-0432.CCR-19-1397	www.doi.org/10.1158/1078-0432.CCR-19-1397	Chemical Probes Portal	
JQNINBDKGLWYMU-GEAQBIRJSA-N	https://doi.org/	10.1016/j.blre.2020.100672	www.doi.org/10.1016/j.blre.2020.100672	Chemical Probes Portal	
JQNINBDKGLWYMU-GEAQBIRJSA-N	https://pubmed.ncbi.nlm.nih.gov/	30254093	https://pubmed.ncbi.nlm.nih.gov/30254093/	Chemical Probes Portal	
JQNINBDKGLWYMU-GEAQBIRJSA-N	https://pubmed.ncbi.nlm.nih.gov/	31937611	https://pubmed.ncbi.nlm.nih.gov/31937611/	Chemical Probes Portal	
JQNINBDKGLWYMU-GEAQBIRJSA-N	https://pubmed.ncbi.nlm.nih.gov/	32204955	https://pubmed.ncbi.nlm.nih.gov/32204955/	Chemical Probes Portal	
VSZRYLHBOKTNBO-UHFFFAOYSA-N	https://doi.org/	10.1371/journal.pone.0150976	https://doi.org/10.1371/journal.pone.0150976	Chemical Probes Portal	
VSZRYLHBOKTNBO-UHFFFAOYSA-N	https://doi.org/	10.1016/j.bmc.2015.06.003	https://doi.org/10.1016/j.bmc.2015.06.003	Chemical Probes Portal	
VSZRYLHBOKTNBO-UHFFFAOYSA-N	https://pubmed.ncbi.nlm.nih.gov/	26938273	https://pubmed.ncbi.nlm.nih.gov/26938273/	Chemical Probes Portal	
VSZRYLHBOKTNBO-UHFFFAOYSA-N	https://pubmed.ncbi.nlm.nih.gov/	26100443	https://pubmed.ncbi.nlm.nih.gov/26100443/	Chemical Probes Portal	
CGECJCJUHCZZGO-UHFFFAOYSA-N	https://doi.org/	10.1016/j.ejmech.2016.12.026	www.doi.org/10.1016/j.ejmech.2016.12.026	Chemical Probes Portal	
CGECJCJUHCZZGO-UHFFFAOYSA-N	https://pubmed.ncbi.nlm.nih.gov/	28039836	https://pubmed.ncbi.nlm.nih.gov/28039836/	Chemical Probes Portal	
OTKTZEZTFCAULO-DEOSSOPVSA-N	https://doi.org/	10.1021/acsmedchemlett.7b00450	www.doi.org/10.1021/acsmedchemlett.7b00450	Chemical Probes Portal	
OTKTZEZTFCAULO-DEOSSOPVSA-N		https://www.journaljpri.com/index.php/JPRI/article/view/19787	https://www.journaljpri.com/index.php/JPRI/article/view/19787	Chemical Probes Portal	
OTKTZEZTFCAULO-DEOSSOPVSA-N	https://pubmed.ncbi.nlm.nih.gov/	29456796	https://pubmed.ncbi.nlm.nih.gov/29456796/	Chemical Probes Portal	
XMNLWOQHMQRHDV-UHFFFAOYSA-N	https://doi.org/	10.1021/acs.jmedchem.8b00270	www.doi.org/10.1021/acs.jmedchem.8b00270	Chemical Probes Portal	
XMNLWOQHMQRHDV-UHFFFAOYSA-N	https://pubmed.ncbi.nlm.nih.gov/	29767973	https://pubmed.ncbi.nlm.nih.gov/29767973/	Chemical Probes Portal	
BATCTBJIJJEPHM-UHFFFAOYSA-N	https://doi.org/	10.1021/ml100190t	www.doi.org/10.1021/ml100190t	Chemical Probes Portal	
BATCTBJIJJEPHM-UHFFFAOYSA-N	https://pubmed.ncbi.nlm.nih.gov/	21666860	https://pubmed.ncbi.nlm.nih.gov/21666860/	Chemical Probes Portal	
QCQQONWEDCOTBV-UHFFFAOYSA-N	https://doi.org/	10.1021/acsmedchemlett.9b00568	www.doi.org/10.1021/acsmedchemlett.9b00568	Chemical Probes Portal	
QCQQONWEDCOTBV-UHFFFAOYSA-N	https://doi.org/	10.1126/scitranslmed.aaa4642	www.doi.org/10.1126/scitranslmed.aaa4642	Chemical Probes Portal	
QCQQONWEDCOTBV-UHFFFAOYSA-N	https://pubmed.ncbi.nlm.nih.gov/	33062160	https://pubmed.ncbi.nlm.nih.gov/33062160/	Chemical Probes Portal	
QCQQONWEDCOTBV-UHFFFAOYSA-N	https://pubmed.ncbi.nlm.nih.gov/	25787766	https://pubmed.ncbi.nlm.nih.gov/25787766/	Chemical Probes Portal	
BSISGUIVBKDTQO-QIKYYPRYSA-N	https://doi.org/	10.1021/acschembio.7b00708	www.doi.org/10.1021/acschembio.7b00708	Chemical Probes Portal	
BSISGUIVBKDTQO-QIKYYPRYSA-N	https://pubmed.ncbi.nlm.nih.gov/	29043777	https://pubmed.ncbi.nlm.nih.gov/29043777/	Chemical Probes Portal	
XUYMIRYNRKXKOR-HMHJJOSWSA-N	https://doi.org/	10.1002/cmdc.201700278	www.doi.org/10.1002/cmdc.201700278	Chemical Probes Portal	
XUYMIRYNRKXKOR-HMHJJOSWSA-N	https://doi.org/	10.1080/13543776.2017.1262350	www.doi.org/10.1080/13543776.2017.1262350	Chemical Probes Portal	
XUYMIRYNRKXKOR-HMHJJOSWSA-N	https://pubmed.ncbi.nlm.nih.gov/	28590087	https://pubmed.ncbi.nlm.nih.gov/28590087/	Chemical Probes Portal	
XUYMIRYNRKXKOR-HMHJJOSWSA-N	https://pubmed.ncbi.nlm.nih.gov/	27852111	https://pubmed.ncbi.nlm.nih.gov/27852111/	Chemical Probes Portal	
WUJVPELCYCESAP-UHFFFAOYSA-N	https://doi.org/	10.1038/nm.3614	www.doi.org/10.1038/nm.3614	Chemical Probes Portal	
WUJVPELCYCESAP-UHFFFAOYSA-N	https://pubmed.ncbi.nlm.nih.gov/	24997608	https://pubmed.ncbi.nlm.nih.gov/24997608/	Chemical Probes Portal	
ZLTQCDRXWXUYHJ-UHFFFAOYSA-N	https://doi.org/	10.1021/acs.jmedchem.6b01583	http://pubs.acs.org/doi/abs/10.1021/acs.jmedchem.6b01583	Chemical Probes Portal	
ZLTQCDRXWXUYHJ-UHFFFAOYSA-N	https://pubmed.ncbi.nlm.nih.gov/	28068087	https://www.ncbi.nlm.nih.gov/pubmed/28068087	Chemical Probes Portal	
NBTNHSGBRGTFJS-UHFFFAOYSA-N	https://doi.org/	10.1021/jm060435i	www.doi.org/10.1021/jm060435i	Chemical Probes Portal	
NBTNHSGBRGTFJS-UHFFFAOYSA-N	https://pubmed.ncbi.nlm.nih.gov/	16884310	http://www.ncbi.nlm.nih.gov/pubmed/16884310	Chemical Probes Portal	
SOXNKJCQBRQUMS-UHFFFAOYSA-N	https://doi.org/	10.1016/j.chembiol.2019.03.006	www.doi.org/10.1016/j.chembiol.2019.03.006	Chemical Probes Portal	
SOXNKJCQBRQUMS-UHFFFAOYSA-N	https://doi.org/	10.1038/s41557-018-0039-2	www.doi.org/10.1038/s41557-018-0039-2	Chemical Probes Portal	
SOXNKJCQBRQUMS-UHFFFAOYSA-N	https://pubmed.ncbi.nlm.nih.gov/	31006618	https://pubmed.ncbi.nlm.nih.gov/31006618/	Chemical Probes Portal	
SOXNKJCQBRQUMS-UHFFFAOYSA-N	https://pubmed.ncbi.nlm.nih.gov/	29760414	https://pubmed.ncbi.nlm.nih.gov/29760414/	Chemical Probes Portal	
KYWWJENKIMRJBI-UHFFFAOYSA-N	https://doi.org/	10.1186/1479-5876-6-59	www.doi.org/10.1186/1479-5876-6-59	Chemical Probes Portal	
KYWWJENKIMRJBI-UHFFFAOYSA-N	https://doi.org/	10.1194/jlr.M900037-JLR200	www.doi.org/10.1194/jlr.M900037-JLR200	Chemical Probes Portal	
KYWWJENKIMRJBI-UHFFFAOYSA-N	https://doi.org/	10.1093/eurheartj/ehr136	www.doi.org/10.1093/eurheartj/ehr136	Chemical Probes Portal	
KYWWJENKIMRJBI-UHFFFAOYSA-N	https://doi.org/	10.1016/j.ccell.2016.09.008	www.doi.org/10.1016/j.ccell.2016.09.008	Chemical Probes Portal	
KYWWJENKIMRJBI-UHFFFAOYSA-N	https://doi.org/	10.1021/jm800799q	www.doi.org/10.1021/jm800799q	Chemical Probes Portal	
KYWWJENKIMRJBI-UHFFFAOYSA-N	https://pubmed.ncbi.nlm.nih.gov/	18925943	https://pubmed.ncbi.nlm.nih.gov/18925943/	Chemical Probes Portal	
KYWWJENKIMRJBI-UHFFFAOYSA-N	https://pubmed.ncbi.nlm.nih.gov/	19318684	https://pubmed.ncbi.nlm.nih.gov/19318684/	Chemical Probes Portal	
KYWWJENKIMRJBI-UHFFFAOYSA-N	https://pubmed.ncbi.nlm.nih.gov/	21606082	https://pubmed.ncbi.nlm.nih.gov/21606082/	Chemical Probes Portal	
KYWWJENKIMRJBI-UHFFFAOYSA-N	https://pubmed.ncbi.nlm.nih.gov/	27746144	https://pubmed.ncbi.nlm.nih.gov/27746144/	Chemical Probes Portal	
KYWWJENKIMRJBI-UHFFFAOYSA-N	https://pubmed.ncbi.nlm.nih.gov/	18973288	https://pubmed.ncbi.nlm.nih.gov/18973288/	Chemical Probes Portal	
MPASHPJAIUOWCK-UHFFFAOYSA-N	https://doi.org/	10.1111/jnc.13877	www.doi.org/10.1111/jnc.13877	Chemical Probes Portal	
MPASHPJAIUOWCK-UHFFFAOYSA-N	https://pubmed.ncbi.nlm.nih.gov/	27787897	https://pubmed.ncbi.nlm.nih.gov/27787897/	Chemical Probes Portal	
JVCWPUFNLFSKFS-UHFFFAOYSA-N	https://doi.org/	10.1021/ml300214g	http://pubs.acs.org/doi/abs/10.1021/ml300214g	Chemical Probes Portal	
JVCWPUFNLFSKFS-UHFFFAOYSA-N	https://pubmed.ncbi.nlm.nih.gov/	24900421	https://www.ncbi.nlm.nih.gov/pubmed/?term=24900421	Chemical Probes Portal	
FYMVGXGSNIVSKY-NRFANRHFSA-N	https://doi.org/	10.1021/jacs.0c04527	www.doi.org/10.1021/jacs.0c04527	Chemical Probes Portal	
FYMVGXGSNIVSKY-NRFANRHFSA-N	https://pubmed.ncbi.nlm.nih.gov/	32579346	https://pubmed.ncbi.nlm.nih.gov/32579346/	Chemical Probes Portal	
KLGQSVMIPOVQAX-UHFFFAOYSA-N		http://www.nature.com/nature/journal/v461/n7264/full/nature08356.html	http://www.nature.com/nature/journal/v461/n7264/full/nature08356.html	Chemical Probes Portal	
KLGQSVMIPOVQAX-UHFFFAOYSA-N	https://doi.org/	10.1021/acs.jmedchem.6b00990	http://pubs.acs.org/doi/pdf/10.1021/acs.jmedchem.6b00990	Chemical Probes Portal	
KLGQSVMIPOVQAX-UHFFFAOYSA-N	https://pubmed.ncbi.nlm.nih.gov/	19759537	http://www.ncbi.nlm.nih.gov/pubmed/19759537	Chemical Probes Portal	
KLGQSVMIPOVQAX-UHFFFAOYSA-N	https://pubmed.ncbi.nlm.nih.gov/	28001384	https://www.ncbi.nlm.nih.gov/pubmed/?term=28001384	Chemical Probes Portal	
ZJZWZIXSGNFWQQ-UHFFFAOYSA-N		http://cancerres.aacrjournals.org/content/72/11/2822.long	http://cancerres.aacrjournals.org/content/72/11/2822.long	Chemical Probes Portal	
ZJZWZIXSGNFWQQ-UHFFFAOYSA-N		http://www.sciencedirect.com/science/article/pii/S0960894X15303310	http://www.sciencedirect.com/science/article/pii/S0960894X15303310	Chemical Probes Portal	
ZJZWZIXSGNFWQQ-UHFFFAOYSA-N	https://pubmed.ncbi.nlm.nih.gov/	22440753	http://www.ncbi.nlm.nih.gov/pubmed/22440753	Chemical Probes Portal	
ZJZWZIXSGNFWQQ-UHFFFAOYSA-N	https://pubmed.ncbi.nlm.nih.gov/	26706174	http://www.ncbi.nlm.nih.gov/pubmed/?term=26706174	Chemical Probes Portal	
KHWCPNJRJCNVRI-UHFFFAOYSA-N	https://doi.org/	10.1021/acs.jmedchem.5b00209	http://pubs.acs.org/doi/abs/10.1021/acs.jmedchem.5b00209	Chemical Probes Portal	
KHWCPNJRJCNVRI-UHFFFAOYSA-N	https://pubmed.ncbi.nlm.nih.gov/	25799074	http://www.ncbi.nlm.nih.gov/pubmed/25799074	Chemical Probes Portal	
ZGBAJMQHJDFTQJ-DEOSSOPVSA-N		http://www.bloodjournal.org/content/106/12/3948.long?sso-checked=true	http://www.bloodjournal.org/content/106/12/3948.long?sso-checked=true	Chemical Probes Portal	
ZGBAJMQHJDFTQJ-DEOSSOPVSA-N	https://pubmed.ncbi.nlm.nih.gov/	16105974	http://www.ncbi.nlm.nih.gov/pubmed/16105974	Chemical Probes Portal	
LVDRREOUMKACNJ-BKMJKUGQSA-N	https://doi.org/	10.1002/anie.201501394/abstract;jsessionid=4E4574D7F79F4604CC4AD2E5F443B79D.f01t03	http://onlinelibrary.wiley.com/doi/10.1002/anie.201501394/abstract;jsessionid=4E4574D7F79F4604CC4AD2E5F443B79D.f01t03	Chemical Probes Portal	
LVDRREOUMKACNJ-BKMJKUGQSA-N	https://pubmed.ncbi.nlm.nih.gov/	25864491	https://www.ncbi.nlm.nih.gov/pubmed/25864491	Chemical Probes Portal	
CXJCGSPAPOTTSF-VURMDHGXSA-N		http://www.sciencedirect.com/science/article/pii/S1074552110004448	http://www.sciencedirect.com/science/article/pii/S1074552110004448	Chemical Probes Portal	
CXJCGSPAPOTTSF-VURMDHGXSA-N	https://pubmed.ncbi.nlm.nih.gov/	21276940	http://www.ncbi.nlm.nih.gov/pubmed/21276940	Chemical Probes Portal	
TXEBNKKOLVBTFK-UHFFFAOYSA-N		http://cancerdiscovery.aacrjournals.org/content/5/4/424.long	http://cancerdiscovery.aacrjournals.org/content/5/4/424.long	Chemical Probes Portal	
TXEBNKKOLVBTFK-UHFFFAOYSA-N	https://pubmed.ncbi.nlm.nih.gov/	25776529	https://www.ncbi.nlm.nih.gov/pubmed/?term=25776529	Chemical Probes Portal	
CQCWHSDMJBAGDC-UHFFFAOYSA-N	https://doi.org/	10.1021/acs.jmedchem.7b00796	www.doi.org/10.1021/acs.jmedchem.7b00796	Chemical Probes Portal	
CQCWHSDMJBAGDC-UHFFFAOYSA-N	https://pubmed.ncbi.nlm.nih.gov/	28892380	https://pubmed.ncbi.nlm.nih.gov/28892380/	Chemical Probes Portal	
DSUZLJDXUJUTGI-LLVKDONJSA-N	https://doi.org/	10.1021/acs.jmedchem.7b01046	www.doi.org/10.1021/acs.jmedchem.7b01046	Chemical Probes Portal	
DSUZLJDXUJUTGI-LLVKDONJSA-N	https://doi.org/	10.1038/s41598-018-33453-4	www.doi.org/10.1038/s41598-018-33453-4	Chemical Probes Portal	
DSUZLJDXUJUTGI-LLVKDONJSA-N	https://pubmed.ncbi.nlm.nih.gov/	29072452	https://pubmed.ncbi.nlm.nih.gov/29072452/	Chemical Probes Portal	
DSUZLJDXUJUTGI-LLVKDONJSA-N	https://pubmed.ncbi.nlm.nih.gov/	30337562	https://pubmed.ncbi.nlm.nih.gov/30337562/	Chemical Probes Portal	
VWEDZTZAXHMZIL-UHFFFAOYSA-N	https://doi.org/	10.3389/fphar.2018.00017	www.doi.org/10.3389/fphar.2018.00017	Chemical Probes Portal	
VWEDZTZAXHMZIL-UHFFFAOYSA-N	https://doi.org/	10.1007/s00213-018-5118-y	www.doi.org/10.1007/s00213-018-5118-y	Chemical Probes Portal	
VWEDZTZAXHMZIL-UHFFFAOYSA-N	https://doi.org/	10.1007/s00213-014-3739-3	www.doi.org/10.1007/s00213-014-3739-3	Chemical Probes Portal	
VWEDZTZAXHMZIL-UHFFFAOYSA-N	https://doi.org/	10.1016/j.neuropharm.2016.03.038	www.doi.org/10.1016/j.neuropharm.2016.03.038	Chemical Probes Portal	
VWEDZTZAXHMZIL-UHFFFAOYSA-N	https://doi.org/	10.1124/jpet.117.239905	www.doi.org/10.1124/jpet.117.239905	Chemical Probes Portal	
VWEDZTZAXHMZIL-UHFFFAOYSA-N	https://doi.org/	10.1021/cn400216u	www.doi.org/10.1021/cn400216u	Chemical Probes Portal	
VWEDZTZAXHMZIL-UHFFFAOYSA-N	https://pubmed.ncbi.nlm.nih.gov/	29467649	https://pubmed.ncbi.nlm.nih.gov/29467649	Chemical Probes Portal	
VWEDZTZAXHMZIL-UHFFFAOYSA-N	https://pubmed.ncbi.nlm.nih.gov/	30448990	https://pubmed.ncbi.nlm.nih.gov/30448990	Chemical Probes Portal	
VWEDZTZAXHMZIL-UHFFFAOYSA-N	https://pubmed.ncbi.nlm.nih.gov/	25224567	https://pubmed.ncbi.nlm.nih.gov/25224567	Chemical Probes Portal	
VWEDZTZAXHMZIL-UHFFFAOYSA-N	https://pubmed.ncbi.nlm.nih.gov/	27020041	https://pubmed.ncbi.nlm.nih.gov/27020041	Chemical Probes Portal	
VWEDZTZAXHMZIL-UHFFFAOYSA-N	https://pubmed.ncbi.nlm.nih.gov/	28360333	https://pubmed.ncbi.nlm.nih.gov/28360333	Chemical Probes Portal	
VWEDZTZAXHMZIL-UHFFFAOYSA-N	https://pubmed.ncbi.nlm.nih.gov/	24397362	https://pubmed.ncbi.nlm.nih.gov/24397362/	Chemical Probes Portal	
PKCDDUHJAFVJJB-VLZXCDOPSA-N	https://doi.org/	10.4155/fmc.09.89?url_ver=Z39.88-2003&rfr_id=ori:rid:crossref.org&rfr_dat=cr_pub%3dwww.ncbi.nlm.nih.gov	http://www.future-science.com/doi/abs/10.4155/fmc.09.89?url_ver=Z39.88-2003&rfr_id=ori:rid:crossref.org&rfr_dat=cr_pub%3dwww.ncbi.nlm.nih.gov	Chemical Probes Portal	
PKCDDUHJAFVJJB-VLZXCDOPSA-N	https://pubmed.ncbi.nlm.nih.gov/	21425998	https://www.ncbi.nlm.nih.gov/pubmed/21425998	Chemical Probes Portal	
JGQPZPLJOBHHBK-UFXYQILXSA-N	https://doi.org/	10.1073/pnas.1712363115	www.doi.org/10.1073/pnas.1712363115	Chemical Probes Portal	
JGQPZPLJOBHHBK-UFXYQILXSA-N	https://doi.org/	10.1016/j.molcel.2017.06.004	www.doi.org/10.1016/j.molcel.2017.06.004	Chemical Probes Portal	
JGQPZPLJOBHHBK-UFXYQILXSA-N	https://doi.org/	10.1038/s41589-018-0055-y	www.doi/org/10.1038/s41589-018-0055-y	Chemical Probes Portal	
JGQPZPLJOBHHBK-UFXYQILXSA-N	https://pubmed.ncbi.nlm.nih.gov/	29764999	https://pubmed.ncbi.nlm.nih.gov/29764999/	Chemical Probes Portal	
JGQPZPLJOBHHBK-UFXYQILXSA-N	https://pubmed.ncbi.nlm.nih.gov/	28673542	https://pubmed.ncbi.nlm.nih.gov/28673542/	Chemical Probes Portal	
JGQPZPLJOBHHBK-UFXYQILXSA-N	https://pubmed.ncbi.nlm.nih.gov/	29892083	https://pubmed.ncbi.nlm.nih.gov/29892083/	Chemical Probes Portal	
XSMABFRQESMONQ-SFHVURJKSA-N	https://doi.org/	10.1021/acsmedchemlett.7b00220	www.doi.org/10.1021/acsmedchemlett.7b00220	Chemical Probes Portal	
XSMABFRQESMONQ-SFHVURJKSA-N	https://doi.org/	10.1158/0008-5472.CAN-17-1754	www.doi.org/10.1158/0008-5472.CAN-17-1754	Chemical Probes Portal	
XSMABFRQESMONQ-SFHVURJKSA-N	https://pubmed.ncbi.nlm.nih.gov/	28835804	https://pubmed.ncbi.nlm.nih.gov/28835804/	Chemical Probes Portal	
XSMABFRQESMONQ-SFHVURJKSA-N	https://pubmed.ncbi.nlm.nih.gov/	28883001	https://pubmed.ncbi.nlm.nih.gov/28883001/	Chemical Probes Portal	
NGEBYTLALFOQKI-HDJSIYSDSA-N	https://doi.org/	10.1016/j.bmcl.2012.04.117	www.doi.org/10.1016/j.bmcl.2012.04.117	Chemical Probes Portal	
NGEBYTLALFOQKI-HDJSIYSDSA-N	https://pubmed.ncbi.nlm.nih.gov/	22608962	https://pubmed.ncbi.nlm.nih.gov/22608962/	Chemical Probes Portal	
RENRQMCACQEWFC-UGKGYDQZSA-N	https://doi.org/	10.1073/pnas.1820892116	www.doi.org/10.1073/pnas.1820892116	Chemical Probes Portal	
RENRQMCACQEWFC-UGKGYDQZSA-N	https://doi.org/	10.1021/acs.jmedchem.9b01870	www.doi.org/10.1021/acs.jmedchem.9b01870	Chemical Probes Portal	
RENRQMCACQEWFC-UGKGYDQZSA-N	https://doi.org/	10.1053/j.seminhematol.2018.02.002	www.doi.org/10.1053/j.seminhematol.2018.02.002	Chemical Probes Portal	
RENRQMCACQEWFC-UGKGYDQZSA-N	https://pubmed.ncbi.nlm.nih.gov/	30926668	https://pubmed.ncbi.nlm.nih.gov/30926668/	Chemical Probes Portal	
RENRQMCACQEWFC-UGKGYDQZSA-N	https://pubmed.ncbi.nlm.nih.gov/	32073845	https://pubmed.ncbi.nlm.nih.gov/32073845/	Chemical Probes Portal	
RENRQMCACQEWFC-UGKGYDQZSA-N	https://pubmed.ncbi.nlm.nih.gov/	30032754	https://pubmed.ncbi.nlm.nih.gov/30032754/	Chemical Probes Portal	
JKCSCHXVWPSGBG-OPKPGBGESA-N	https://doi.org/	10.1021/acs.jmedchem.9b01530	www.doi.org/10.1021/acs.jmedchem.9b01530	Chemical Probes Portal	
JKCSCHXVWPSGBG-OPKPGBGESA-N	https://doi.org/	10.1016/j.ccell.2019.10.002	www.doi.org/10.1016/j.ccell.2019.10.002	Chemical Probes Portal	
JKCSCHXVWPSGBG-OPKPGBGESA-N	https://pubmed.ncbi.nlm.nih.gov/	31747516	https://pubmed.ncbi.nlm.nih.gov/31747516/	Chemical Probes Portal	
JKCSCHXVWPSGBG-OPKPGBGESA-N	https://pubmed.ncbi.nlm.nih.gov/	31715132	https://pubmed.ncbi.nlm.nih.gov/31715132/	Chemical Probes Portal	
MPMKMQHJHDHPBE-RUZDIDTESA-N	https://doi.org/	10.1021/jm5012885	www.doi.org/10.1021/jm5012885	Chemical Probes Portal	
MPMKMQHJHDHPBE-RUZDIDTESA-N	https://doi.org/	10.1074/jbc.M115.687939	www.doi.org/10.1074/jbc.M115.687939	Chemical Probes Portal	
MPMKMQHJHDHPBE-RUZDIDTESA-N	https://pubmed.ncbi.nlm.nih.gov/	25380412	https://pubmed.ncbi.nlm.nih.gov/25380412	Chemical Probes Portal	
MPMKMQHJHDHPBE-RUZDIDTESA-N	https://pubmed.ncbi.nlm.nih.gov/	26518871	https://pubmed.ncbi.nlm.nih.gov/26518871/	Chemical Probes Portal	
HNLHOKSDTBAERS-CWIPYCOQSA-N	https://doi.org/	10.1021/jm401911v	http://pubs.acs.org/doi/abs/10.1021/jm401911v	Chemical Probes Portal	
HNLHOKSDTBAERS-CWIPYCOQSA-N	https://pubmed.ncbi.nlm.nih.gov/	24601644	https://www.ncbi.nlm.nih.gov/pubmed/24601644	Chemical Probes Portal	
MXUSGDMIHGLCNC-HNNXBMFYSA-N	https://doi.org/	10.1021/acs.jmedchem.8b01196	www.doi.org/10.1021/acs.jmedchem.8b01196	Chemical Probes Portal	
MXUSGDMIHGLCNC-HNNXBMFYSA-N	https://doi.org/	10.1038/nature19796	www.doi.org/10.1038/nature19796	Chemical Probes Portal	
MXUSGDMIHGLCNC-HNNXBMFYSA-N	https://doi.org/	10.1038/nature19795	www.doi.org/10.1038/nature19795	Chemical Probes Portal	
MXUSGDMIHGLCNC-HNNXBMFYSA-N	https://pubmed.ncbi.nlm.nih.gov/	30289716	https://pubmed.ncbi.nlm.nih.gov/30289716/	Chemical Probes Portal	
MXUSGDMIHGLCNC-HNNXBMFYSA-N	https://pubmed.ncbi.nlm.nih.gov/	27595394	https://pubmed.ncbi.nlm.nih.gov/27595394/	Chemical Probes Portal	
MXUSGDMIHGLCNC-HNNXBMFYSA-N	https://pubmed.ncbi.nlm.nih.gov/	27595393	https://pubmed.ncbi.nlm.nih.gov/27595393/	Chemical Probes Portal	
LXRZVMYMQHNYJB-UNXOBOICSA-N	https://doi.org/	10.1021/acs.jmedchem.0c01491	www.doi.org/10.1021/acs.jmedchem.0c01491	Chemical Probes Portal	
LXRZVMYMQHNYJB-UNXOBOICSA-N	https://pubmed.ncbi.nlm.nih.gov/	33631934	https://pubmed.ncbi.nlm.nih.gov/33631934/	Chemical Probes Portal	
TXZPMHLMPKIUGK-UHFFFAOYSA-N	https://doi.org/	10.1158/0008-5472.CAN-12-3292	www.doi.org/10.1158/0008-5472.CAN-12-3292	Chemical Probes Portal	
TXZPMHLMPKIUGK-UHFFFAOYSA-N	https://pubmed.ncbi.nlm.nih.gov/	23576556	http://www.ncbi.nlm.nih.gov/pubmed/23576556	Chemical Probes Portal	
RUPXKSLKGSSZCP-UHFFFAOYSA-N	https://doi.org/	10.1021/ml100106c	www.doi.org/10.1021/ml100106c	Chemical Probes Portal	
RUPXKSLKGSSZCP-UHFFFAOYSA-N	https://doi.org/	10.1021/jm3002026	www.doi.org/10.1021/jm3002026	Chemical Probes Portal	
RUPXKSLKGSSZCP-UHFFFAOYSA-N	https://doi.org/	10.1007/s00210-013-0899-3	www.doi.org/10.1007/s00210-013-0899-3	Chemical Probes Portal	
RUPXKSLKGSSZCP-UHFFFAOYSA-N	https://pubmed.ncbi.nlm.nih.gov/	24900217	https://www.ncbi.nlm.nih.gov/pubmed/24900217	Chemical Probes Portal	
RUPXKSLKGSSZCP-UHFFFAOYSA-N	https://pubmed.ncbi.nlm.nih.gov/	22724451	https://pubmed.ncbi.nlm.nih.gov/22724451/	Chemical Probes Portal	
RUPXKSLKGSSZCP-UHFFFAOYSA-N	https://pubmed.ncbi.nlm.nih.gov/	23861168	https://pubmed.ncbi.nlm.nih.gov/23861168/	Chemical Probes Portal	
ONBSHRSJOPSEGS-INIZCTEOSA-N	https://doi.org/	10.1021/acs.jmedchem.8b01196	https://doi.org/10.1021/acs.jmedchem.8b01196	Chemical Probes Portal	
ONBSHRSJOPSEGS-INIZCTEOSA-N	https://doi.org/	10.1158/0008-5472.CAN-16-0473	https://doi.org/10.1158/0008-5472.CAN-16-0473	Chemical Probes Portal	
ONBSHRSJOPSEGS-INIZCTEOSA-N	https://pubmed.ncbi.nlm.nih.gov/	30289716	https://pubmed.ncbi.nlm.nih.gov/30289716/	Chemical Probes Portal	
ONBSHRSJOPSEGS-INIZCTEOSA-N	https://pubmed.ncbi.nlm.nih.gov/	27635045	https://pubmed.ncbi.nlm.nih.gov/27635045/	Chemical Probes Portal	
TVTXCJFHQKSQQM-LJQIRTBHSA-N	https://doi.org/	10.1021/jm400487c	http://pubs.acs.org/doi/abs/10.1021/jm400487c	Chemical Probes Portal	
TVTXCJFHQKSQQM-LJQIRTBHSA-N	https://pubmed.ncbi.nlm.nih.gov/	23808545	https://www.ncbi.nlm.nih.gov/pubmed/23808545	Chemical Probes Portal	
TVTXCJFHQKSQQM-LJQIRTBHSA-N	https://pubmed.ncbi.nlm.nih.gov/	26998348	https://www.ncbi.nlm.nih.gov/pubmed/26998348	Chemical Probes Portal	
GBJVVSCPOBPEIT-UHFFFAOYSA-N		http://www.bloodjournal.org/content/110/6/2034.long?sso-checked=true	http://www.bloodjournal.org/content/110/6/2034.long?sso-checked=true	Chemical Probes Portal	
GBJVVSCPOBPEIT-UHFFFAOYSA-N	https://doi.org/	10.1021/jm061335f	http://pubs.acs.org/doi/abs/10.1021/jm061335f	Chemical Probes Portal	
GBJVVSCPOBPEIT-UHFFFAOYSA-N	https://pubmed.ncbi.nlm.nih.gov/	17495131	http://www.ncbi.nlm.nih.gov/pubmed/17495131	Chemical Probes Portal	
GBJVVSCPOBPEIT-UHFFFAOYSA-N	https://pubmed.ncbi.nlm.nih.gov/	17373783	http://www.ncbi.nlm.nih.gov/pubmed/17373783	Chemical Probes Portal	
GBAKVEWPYUIGHN-UHFFFAOYSA-N	https://doi.org/	10.1016/j.chembiol.2010.10.011	www.doi.org/10.1016/j.chembiol.2010.10.011	Chemical Probes Portal	
GBAKVEWPYUIGHN-UHFFFAOYSA-N	https://pubmed.ncbi.nlm.nih.gov/	21168764	https://pubmed.ncbi.nlm.nih.gov/21168764/	Chemical Probes Portal	
NBOJHRYUGLRASX-UHFFFAOYSA-N		http://www.sciencedirect.com/science/article/pii/S1074552109000805	http://www.sciencedirect.com/science/article/pii/S1074552109000805	Chemical Probes Portal	
NBOJHRYUGLRASX-UHFFFAOYSA-N		http://www.ncbi.nlm.nih.gov/pmc/articles/PMC2692831	http://www.ncbi.nlm.nih.gov/pmc/articles/PMC2692831	Chemical Probes Portal	
DJOVLOYCGXNVPI-UHFFFAOYSA-N	https://doi.org/	10.1038/nchembio.1859	www.doi.org/10.1038/nchembio.1859	Chemical Probes Portal	
DJOVLOYCGXNVPI-UHFFFAOYSA-N	https://pubmed.ncbi.nlm.nih.gov/	26167872	http://www.ncbi.nlm.nih.gov/pubmed/26167872	Chemical Probes Portal	
WGJCHHJGGFCCRS-DEYDLUNASA-N	https://doi.org/	10.1038/s41467-017-00954-1	www.doi.org/10.1038/s41467-017-00954-1	Chemical Probes Portal	
WGJCHHJGGFCCRS-DEYDLUNASA-N	https://pubmed.ncbi.nlm.nih.gov/	29018234	https://www.ncbi.nlm.nih.gov/pubmed/29018234	Chemical Probes Portal	
QXCXMVYVUHVFLP-UHFFFAOYSA-N	https://doi.org/	10.1038/s41467-017-02293-7	www.doi.org/10.1038/s41467-017-02293-7	Chemical Probes Portal	
QXCXMVYVUHVFLP-UHFFFAOYSA-N	https://doi.org/	10.3390/cancers11091337	www.doi.org/10.3390/cancers11091337	Chemical Probes Portal	
QXCXMVYVUHVFLP-UHFFFAOYSA-N	https://pubmed.ncbi.nlm.nih.gov/	29343827	https://pubmed.ncbi.nlm.nih.gov/29343827	Chemical Probes Portal	
QXCXMVYVUHVFLP-UHFFFAOYSA-N	https://pubmed.ncbi.nlm.nih.gov/	31510016	https://pubmed.ncbi.nlm.nih.gov/31510016	Chemical Probes Portal	
KNOUWGGQMADIBV-KRWDZBQOSA-N	https://doi.org/	10.1021/acs.jmedchem.5b01898	http://pubs.acs.org/doi/abs/10.1021/acs.jmedchem.5b01898	Chemical Probes Portal	
KNOUWGGQMADIBV-KRWDZBQOSA-N	https://pubmed.ncbi.nlm.nih.gov/	26854747	https://www.ncbi.nlm.nih.gov/pubmed/?term=26854747	Chemical Probes Portal	
LUHCYAOYQIFNRN-UHFFFAOYSA-N	https://doi.org/	10.1016/j.chembiol.2018.11.006	www.doi.org/10.1016/j.chembiol.2018.11.006	Chemical Probes Portal	
LUHCYAOYQIFNRN-UHFFFAOYSA-N	https://pubmed.ncbi.nlm.nih.gov/	30595531	https://pubmed.ncbi.nlm.nih.gov/30595531/	Chemical Probes Portal	
IDKAKZRYYDCJDU-HBMMIIHUSA-N		http://cancerres.aacrjournals.org/content/74/20/5855.long	http://cancerres.aacrjournals.org/content/74/20/5855.long	Chemical Probes Portal	
IDKAKZRYYDCJDU-HBMMIIHUSA-N	https://pubmed.ncbi.nlm.nih.gov/	25145672	https://www.ncbi.nlm.nih.gov/pubmed/25145672	Chemical Probes Portal	
SGIWFELWJPNFDH-UHFFFAOYSA-N		http://science.sciencemag.org/content/289/5484/1524.long	http://science.sciencemag.org/content/289/5484/1524.long	Chemical Probes Portal	
SGIWFELWJPNFDH-UHFFFAOYSA-N		http://genesdev.cshlp.org/content/14/22/2831.full.pdf+html	http://genesdev.cshlp.org/content/14/22/2831.full.pdf+html	Chemical Probes Portal	
SGIWFELWJPNFDH-UHFFFAOYSA-N	https://doi.org/	10.1016/j.bmcl.2009.02.039	www.doi.org/10.1016/j.bmcl.2009.02.039	Chemical Probes Portal	
SGIWFELWJPNFDH-UHFFFAOYSA-N	https://doi.org/	10.1016/j.jpba.2020.113420	www.doi.org/10.1016/j.jpba.2020.113420	Chemical Probes Portal	
SGIWFELWJPNFDH-UHFFFAOYSA-N	https://pubmed.ncbi.nlm.nih.gov/	10968783	https://www.ncbi.nlm.nih.gov/pubmed/10968783	Chemical Probes Portal	
SGIWFELWJPNFDH-UHFFFAOYSA-N	https://pubmed.ncbi.nlm.nih.gov/	11090131	https://www.ncbi.nlm.nih.gov/pubmed/11090131	Chemical Probes Portal	
SGIWFELWJPNFDH-UHFFFAOYSA-N	https://pubmed.ncbi.nlm.nih.gov/	19264481	https://pubmed.ncbi.nlm.nih.gov/19264481/	Chemical Probes Portal	
SGIWFELWJPNFDH-UHFFFAOYSA-N	https://pubmed.ncbi.nlm.nih.gov/	32593849	https://pubmed.ncbi.nlm.nih.gov/32593849/	Chemical Probes Portal	
QADPYRIHXKWUSV-UHFFFAOYSA-N	https://doi.org/	10.1021/jm2006222	www.doi.org/10.1021/jm2006222	Chemical Probes Portal	
QADPYRIHXKWUSV-UHFFFAOYSA-N	https://pubmed.ncbi.nlm.nih.gov/	21936542	http://www.ncbi.nlm.nih.gov/pubmed/21936542	Chemical Probes Portal	
YYDUWLSETXNJJT-MTJSOVHGSA-N	https://doi.org/	10.1021/ml200261d	www.doi.org/10.1021/ml200261d	Chemical Probes Portal	
YYDUWLSETXNJJT-MTJSOVHGSA-N	https://doi.org/	10.1530/ERC-17-0201	www.doi.org/10.1530/ERC-17-0201	Chemical Probes Portal	
YYDUWLSETXNJJT-MTJSOVHGSA-N	https://pubmed.ncbi.nlm.nih.gov/	24900443	https://www.ncbi.nlm.nih.gov/pubmed/?term=24900443	Chemical Probes Portal	
YYDUWLSETXNJJT-MTJSOVHGSA-N	https://pubmed.ncbi.nlm.nih.gov/	29563190	https://pubmed.ncbi.nlm.nih.gov/29563190/	Chemical Probes Portal	
BLNNXJOEJRKHAM-UHFFFAOYSA-N	https://doi.org/	10.1038/s41586-020-2027-0	www.doi.org/10.1038/s41586-020-2027-0	Chemical Probes Portal	
BLNNXJOEJRKHAM-UHFFFAOYSA-N	https://pubmed.ncbi.nlm.nih.gov/	32040955	https://www.ncbi.nlm.nih.gov/pubmed/32040955	Chemical Probes Portal	
ZMNWFTYYYCSSTF-SOAUALDESA-N	https://doi.org/	10.1016/j.bmcl.2005.09.039	www.doi.org/10.1016/j.bmcl.2005.09.039	Chemical Probes Portal	
ZMNWFTYYYCSSTF-SOAUALDESA-N	https://doi.org/	10.1124/jpet.105.089169	www.doi.org/10.1124/jpet.105.089169	Chemical Probes Portal	
ZMNWFTYYYCSSTF-SOAUALDESA-N	https://pubmed.ncbi.nlm.nih.gov/	16216497	https://pubmed.ncbi.nlm.nih.gov/16216497/	Chemical Probes Portal	
ZMNWFTYYYCSSTF-SOAUALDESA-N	https://pubmed.ncbi.nlm.nih.gov/	16014572	https://pubmed.ncbi.nlm.nih.gov/16014572/	Chemical Probes Portal	
LXFOLMYKSYSZQS-XKHGBIBOSA-N	https://doi.org/	10.1182/blood-2013-04-497644	www.doi.org/10.1182/blood-2013-04-497644	Chemical Probes Portal	
LXFOLMYKSYSZQS-XKHGBIBOSA-N	https://pubmed.ncbi.nlm.nih.gov/	23801631	http://www.ncbi.nlm.nih.gov/pubmed/23801631	Chemical Probes Portal	
XQFINGFCBFHOPE-WXUXXXNLSA-N	https://doi.org/	10.1021/acsmedchemlett.5b00037	www.doi.org/10.1021/acsmedchemlett.5b00037	Chemical Probes Portal	
XQFINGFCBFHOPE-WXUXXXNLSA-N	https://pubmed.ncbi.nlm.nih.gov/	26005520	http://www.ncbi.nlm.nih.gov/pubmed/26005520	Chemical Probes Portal	
CGWBJJZOKGZCSJ-UHFFFAOYSA-N		http://www.cell.com/cell-chemical-biology/fulltext/S1074-5521(15)00420-2	http://www.cell.com/cell-chemical-biology/fulltext/S1074-5521(15)00420-2	Chemical Probes Portal	
CGWBJJZOKGZCSJ-UHFFFAOYSA-N	https://doi.org/	10.1021/acs.jmedchem.6b01022	http://pubs.acs.org/doi/abs/10.1021/acs.jmedchem.6b01022	Chemical Probes Portal	
CGWBJJZOKGZCSJ-UHFFFAOYSA-N	https://pubmed.ncbi.nlm.nih.gov/	26670081	https://www.ncbi.nlm.nih.gov/pubmed/26670081	Chemical Probes Portal	
CGWBJJZOKGZCSJ-UHFFFAOYSA-N	https://pubmed.ncbi.nlm.nih.gov/	27682507	https://www.ncbi.nlm.nih.gov/pubmed/27682507	Chemical Probes Portal	
AIOCFZJGGGEWDK-UHFFFAOYSA-N	https://doi.org/	10.1002/anie.201611281	www.doi.org/10.1002/anie.201611281	Chemical Probes Portal	
AIOCFZJGGGEWDK-UHFFFAOYSA-N	https://doi.org/	10.1021/acs.jmedchem.8b01413	www.doi.org/10.1021/acs.jmedchem.8b01413	Chemical Probes Portal	
AIOCFZJGGGEWDK-UHFFFAOYSA-N	https://pubmed.ncbi.nlm.nih.gov/	28418626	https://pubmed.ncbi.nlm.nih.gov/28418626/	Chemical Probes Portal	
RUBYHLPRZRMTJO-MOVYNIQHSA-N	https://doi.org/	10.1038/nchembio.2166	www.doi.org/10.1038/nchembio.2166	Chemical Probes Portal	
RUBYHLPRZRMTJO-MOVYNIQHSA-N	https://doi.org/	10.1016/j.bbrc.2019.10.052	www.doi.org/10.1016/j.bbrc.2019.10.052	Chemical Probes Portal	
RUBYHLPRZRMTJO-MOVYNIQHSA-N	https://pubmed.ncbi.nlm.nih.gov/	27571479	https://pubmed.ncbi.nlm.nih.gov/27571479/	Chemical Probes Portal	
RUBYHLPRZRMTJO-MOVYNIQHSA-N	https://pubmed.ncbi.nlm.nih.gov/	31615655	https://pubmed.ncbi.nlm.nih.gov/31615655/	Chemical Probes Portal	
RDALZZCKQFLGJP-UHFFFAOYSA-N	https://doi.org/	10.1021/acs.jmedchem.5b01346	www.doi.org/10.1021/acs.jmedchem.5b01346	Chemical Probes Portal	
RDALZZCKQFLGJP-UHFFFAOYSA-N	https://pubmed.ncbi.nlm.nih.gov/	26565666	https://pubmed.ncbi.nlm.nih.gov/26565666/	Chemical Probes Portal	
JBHLOPKIPKTRSU-UHFFFAOYSA-N	https://doi.org/	10.1016/j.bmcl.2012.07.072	www.doi.org/10.1016/j.bmcl.2012.07.072	Chemical Probes Portal	
JBHLOPKIPKTRSU-UHFFFAOYSA-N	https://doi.org/	10.1016/j.neuropharm.2012.06.013	www.doi.org/10.1016/j.neuropharm.2012.06.013	Chemical Probes Portal	
JBHLOPKIPKTRSU-UHFFFAOYSA-N	https://doi.org/	10.1007/s00213-016-4290-1	www.doi.org/10.1007/s00213-016-4290-1	Chemical Probes Portal	
JBHLOPKIPKTRSU-UHFFFAOYSA-N	https://pubmed.ncbi.nlm.nih.gov/	22892116	https://pubmed.ncbi.nlm.nih.gov/22892116/	Chemical Probes Portal	
JBHLOPKIPKTRSU-UHFFFAOYSA-N	https://pubmed.ncbi.nlm.nih.gov/	22750078	https://pubmed.ncbi.nlm.nih.gov/22750078	Chemical Probes Portal	
JBHLOPKIPKTRSU-UHFFFAOYSA-N	https://pubmed.ncbi.nlm.nih.gov/	27117142	https://pubmed.ncbi.nlm.nih.gov/27117142	Chemical Probes Portal	
LQSHXYHWYGKAMX-FQEVSTJZSA-N	https://doi.org/	10.1021/acs.jmedchem.8b00678	www.doi.org/10.1021/acs.jmedchem.8b00678	Chemical Probes Portal	
LQSHXYHWYGKAMX-FQEVSTJZSA-N	https://pubmed.ncbi.nlm.nih.gov/	29940120	https://pubmed.ncbi.nlm.nih.gov/29940120/	Chemical Probes Portal	
AQTPWCUIYUOEMG-INIZCTEOSA-N	https://doi.org/	10.1038/nchembio.1603	www.doi.org/10.1038/nchembio.1603	Chemical Probes Portal	
AQTPWCUIYUOEMG-INIZCTEOSA-N	https://doi.org/	10.1016/j.juro.2013.02.1903	https://doi.org/10.1016/j.juro.2013.02.1903	Chemical Probes Portal	
AQTPWCUIYUOEMG-INIZCTEOSA-N	https://pubmed.ncbi.nlm.nih.gov/	25086508	https://pubmed.ncbi.nlm.nih.gov/25086508/	Chemical Probes Portal	
JFGOILLZIAIYGA-UHFFFAOYSA-N	https://doi.org/	10.1021/acs.jmedchem.9b00946	www.doi.org/10.1021/acs.jmedchem.9b00946	Chemical Probes Portal	
JFGOILLZIAIYGA-UHFFFAOYSA-N	https://pubmed.ncbi.nlm.nih.gov/	31414801	https://pubmed.ncbi.nlm.nih.gov/31414801/	Chemical Probes Portal	
RPMGXDCRCWWCRY-JTQLQIEISA-N	https://doi.org/	10.1021/acschembio.7b00370	www.doi.org/10.1021/acschembio.7b00370	Chemical Probes Portal	
RPMGXDCRCWWCRY-JTQLQIEISA-N	https://doi.org/	10.1021/acs.jmedchem.7b01884	https://doi.org/10.1021/acs.jmedchem.7b01884	Chemical Probes Portal	
RPMGXDCRCWWCRY-JTQLQIEISA-N	https://pubmed.ncbi.nlm.nih.gov/	28679043	https://pubmed.ncbi.nlm.nih.gov/28679043/	Chemical Probes Portal	
RPMGXDCRCWWCRY-JTQLQIEISA-N	https://pubmed.ncbi.nlm.nih.gov/	29485874	https://pubmed.ncbi.nlm.nih.gov/29485874	Chemical Probes Portal	
RIJLVEAXPNLDTC-UHFFFAOYSA-N		http://www.jimmunol.org/content/191/7/3568.long	http://www.jimmunol.org/content/191/7/3568.long	Chemical Probes Portal	
RIJLVEAXPNLDTC-UHFFFAOYSA-N	https://doi.org/	10.1021/jm501262q	http://pubs.acs.org/doi/abs/10.1021/jm501262q	Chemical Probes Portal	
RIJLVEAXPNLDTC-UHFFFAOYSA-N	https://pubmed.ncbi.nlm.nih.gov/	24006460	https://www.ncbi.nlm.nih.gov/pubmed/?term=24006460	Chemical Probes Portal	
RIJLVEAXPNLDTC-UHFFFAOYSA-N	https://pubmed.ncbi.nlm.nih.gov/	25369270	https://www.ncbi.nlm.nih.gov/pubmed/25369270	Chemical Probes Portal	
HWGQMRYQVZSGDQ-HZPDHXFCSA-N		http://clincancerres.aacrjournals.org/content/19/18/5003.long	http://clincancerres.aacrjournals.org/content/19/18/5003.long	Chemical Probes Portal	
HWGQMRYQVZSGDQ-HZPDHXFCSA-N	https://doi.org/	10.1021/acs.jmedchem.6b00990	http://pubs.acs.org/doi/pdf/10.1021/acs.jmedchem.6b00990	Chemical Probes Portal	
HWGQMRYQVZSGDQ-HZPDHXFCSA-N		https://pubchem.ncbi.nlm.nih.gov/compound/44819241	https://pubchem.ncbi.nlm.nih.gov/compound/44819241	Chemical Probes Portal	
HWGQMRYQVZSGDQ-HZPDHXFCSA-N	https://pubmed.ncbi.nlm.nih.gov/	28001384	https://www.ncbi.nlm.nih.gov/pubmed/?term=28001384	Chemical Probes Portal	
SEDFZSHSBUXKAC-NIYFSFCBSA-N	https://doi.org/	10.1021/acsmedchemlett.0c00155	https://doi.org/10.1021/acsmedchemlett.0c00155	Chemical Probes Portal	
ZOPNBMMVVZRSGH-NRFANRHFSA-N	https://doi.org/	10.1016/j.bmcl.2011.10.118	www.doi.org/10.1016/j.bmcl.2011.10.118	Chemical Probes Portal	
ZOPNBMMVVZRSGH-NRFANRHFSA-N	https://doi.org/	10.1371/journal.pone.0046300	www.doi.org/10.1371/journal.pone.0046300	Chemical Probes Portal	
ZOPNBMMVVZRSGH-NRFANRHFSA-N	https://pubmed.ncbi.nlm.nih.gov/	22217876	https://pubmed.ncbi.nlm.nih.gov/22217876/	Chemical Probes Portal	
ZOPNBMMVVZRSGH-NRFANRHFSA-N	https://pubmed.ncbi.nlm.nih.gov/	23056280	https://pubmed.ncbi.nlm.nih.gov/23056280/	Chemical Probes Portal	
BWYBBMQLUKXECQ-GIVPXCGWSA-N	https://doi.org/	10.1021/jm050915u	www.doi.org/10.1021/jm050915u	Chemical Probes Portal	
BWYBBMQLUKXECQ-GIVPXCGWSA-N	https://doi.org/	10.1016/j.bone.2006.07.015	www.doi.org/10.1016/j.bone.2006.07.015	Chemical Probes Portal	
BWYBBMQLUKXECQ-GIVPXCGWSA-N	https://pubmed.ncbi.nlm.nih.gov/	16509577	https://pubmed.ncbi.nlm.nih.gov/16509577/	Chemical Probes Portal	
BWYBBMQLUKXECQ-GIVPXCGWSA-N	https://pubmed.ncbi.nlm.nih.gov/	16962401	https://pubmed.ncbi.nlm.nih.gov/16962401/	Chemical Probes Portal	
CVWXJKQAOSCOAB-UHFFFAOYSA-N	https://doi.org/	10.1182/blood-2009-05-222034	www.doi.org/10.1182/blood-2009-05-222034	Chemical Probes Portal	
CVWXJKQAOSCOAB-UHFFFAOYSA-N	https://pubmed.ncbi.nlm.nih.gov/	19654408	http://www.ncbi.nlm.nih.gov/pubmed/19654408	Chemical Probes Portal	
VRVJKILQRBSEAG-LFPIHBKWSA-N	https://doi.org/	10.1038/nature24028	www.doi.org/10.1038/nature24028	Chemical Probes Portal	
VRVJKILQRBSEAG-LFPIHBKWSA-N	https://doi.org/	10.1021/acs.biochem.7b01179	www.doi.org/10.1021/acs.biochem.7b01179	Chemical Probes Portal	
VRVJKILQRBSEAG-LFPIHBKWSA-N	https://doi.org/	10.1016/j.cell.2018.04.033	www.doi.org/10.1016/j.cell.2018.04.033	Chemical Probes Portal	
VRVJKILQRBSEAG-LFPIHBKWSA-N	https://pubmed.ncbi.nlm.nih.gov/	28953875	https://pubmed.ncbi.nlm.nih.gov/28953875	Chemical Probes Portal	
VRVJKILQRBSEAG-LFPIHBKWSA-N	https://pubmed.ncbi.nlm.nih.gov/	29244478	https://pubmed.ncbi.nlm.nih.gov/29244478	Chemical Probes Portal	
VRVJKILQRBSEAG-LFPIHBKWSA-N	https://pubmed.ncbi.nlm.nih.gov/	29804834	https://pubmed.ncbi.nlm.nih.gov/29804834	Chemical Probes Portal	
UQRCJCNVNUFYDX-UHFFFAOYSA-N	https://doi.org/	10.1111/j.1349-7006.2009.01343.x	www.doi.org/10.1111/j.1349-7006.2009.01343.x	Chemical Probes Portal	
UQRCJCNVNUFYDX-UHFFFAOYSA-N	https://pubmed.ncbi.nlm.nih.gov/	19832844	https://www.ncbi.nlm.nih.gov/pubmed/?term=19832844	Chemical Probes Portal	
LWXLECMNBTVASW-UHFFFAOYSA-N	https://doi.org/	10.1021/acs.jmedchem.7b00796	www.doi.org/10.1021/acs.jmedchem.7b00796	Chemical Probes Portal	
LWXLECMNBTVASW-UHFFFAOYSA-N	https://pubmed.ncbi.nlm.nih.gov/	28892380	https://pubmed.ncbi.nlm.nih.gov/28892380/	Chemical Probes Portal	
AILRADAXUVEEIR-UHFFFAOYSA-N	https://doi.org/	10.1021/acs.jmedchem.6b00306	www.doi.org/10.1021/acs.jmedchem.6b00306	Chemical Probes Portal	
AILRADAXUVEEIR-UHFFFAOYSA-N	https://doi.org/	10.1158/1078-0432.CCR-16-0569	www.doi.org/10.1158/1078-0432.CCR-16-0569	Chemical Probes Portal	
AILRADAXUVEEIR-UHFFFAOYSA-N	https://pubmed.ncbi.nlm.nih.gov/	27144831	https://pubmed.ncbi.nlm.nih.gov/27144831/	Chemical Probes Portal	
AILRADAXUVEEIR-UHFFFAOYSA-N	https://pubmed.ncbi.nlm.nih.gov/	27780853	https://pubmed.ncbi.nlm.nih.gov/27780853/	Chemical Probes Portal	
HUFOZJXAKZVRNJ-UHFFFAOYSA-N	https://doi.org/	10.1158/2159-8290.CD-13-0314	www.doi.org/10.1158/2159-8290.CD-13-0314	Chemical Probes Portal	
HUFOZJXAKZVRNJ-UHFFFAOYSA-N	https://doi.org/	10.1158/1535-7163.MCT-13-0966	www.doi.org/10.1158/1535-7163.MCT-13-0966	Chemical Probes Portal	
HUFOZJXAKZVRNJ-UHFFFAOYSA-N	https://pubmed.ncbi.nlm.nih.gov/	24065731	https://pubmed.ncbi.nlm.nih.gov/24065731/	Chemical Probes Portal	
HUFOZJXAKZVRNJ-UHFFFAOYSA-N	https://pubmed.ncbi.nlm.nih.gov/	24723450	https://pubmed.ncbi.nlm.nih.gov/24723450/	Chemical Probes Portal	
GHVMTHKJUAOZJP-CGTJXYLNSA-N	https://doi.org/	10.2174/1386207053258488	www.doi.org/10.2174/1386207053258488	Chemical Probes Portal	
GHVMTHKJUAOZJP-CGTJXYLNSA-N	https://doi.org/	10.1182/blood-2002-12-3775	www.doi.org/10.1182/blood-2002-12-3775	Chemical Probes Portal	
GHVMTHKJUAOZJP-CGTJXYLNSA-N	https://pubmed.ncbi.nlm.nih.gov/	15777180	https://pubmed.ncbi.nlm.nih.gov/15777180/	Chemical Probes Portal	
GHVMTHKJUAOZJP-CGTJXYLNSA-N	https://pubmed.ncbi.nlm.nih.gov/	12714508	https://pubmed.ncbi.nlm.nih.gov/12714508/	Chemical Probes Portal	
ZEGMEJVULDALSH-NSHDSACASA-N	https://doi.org/	10.1021/acs.jmedchem.0c01955	www.doi.org/10.1021/acs.jmedchem.0c01955	Chemical Probes Portal	
ZEGMEJVULDALSH-NSHDSACASA-N	https://pubmed.ncbi.nlm.nih.gov/	33592148	https://pubmed.ncbi.nlm.nih.gov/33592148/	Chemical Probes Portal	
SNCRCEGCQVMUBS-DNVCBOLYSA-N	https://doi.org/	10.1021/jm9015334	http://pubs.acs.org/doi/abs/10.1021/jm9015334	Chemical Probes Portal	
SNCRCEGCQVMUBS-DNVCBOLYSA-N	https://pubmed.ncbi.nlm.nih.gov/	19919087	https://www.ncbi.nlm.nih.gov/pubmed/?term=19919087	Chemical Probes Portal	
FNBUZGRPJLEIMO-UHFFFAOYSA-N	https://doi.org/	10.1021/acs.jmedchem.1c00448	https://dx.doi.org/10.1021/acs.jmedchem.1c00448.	Chemical Probes Portal	
OBSYBRPAKCASQB-AGQYDFLVSA-N	https://doi.org/	10.1073/pnas.182234399	www.doi.org/10.1073/pnas.182234399	Chemical Probes Portal	
OBSYBRPAKCASQB-AGQYDFLVSA-N	https://pubmed.ncbi.nlm.nih.gov/	12192085	http://www.ncbi.nlm.nih.gov/pubmed/12192085	Chemical Probes Portal	
ORDHXXHTBUZRCN-NTEUORMPSA-N	https://doi.org/	10.1021/acs.jmedchem.5b00132	https://dx.doi.org/10.1021/acs.jmedchem.5b00132	Chemical Probes Portal	
CUBDGLIBZGKXKQ-ZBLYBZFDSA-N	https://doi.org/	10.1021/acsmedchemlett.8b00213	www.doi.org/10.1021/acsmedchemlett.8b00213	Chemical Probes Portal	
CUBDGLIBZGKXKQ-ZBLYBZFDSA-N	https://doi.org/	10.1371/journal.pone.0046300	www.doi.org/10.1371/journal.pone.0046300	Chemical Probes Portal	
CUBDGLIBZGKXKQ-ZBLYBZFDSA-N	https://pubmed.ncbi.nlm.nih.gov/	30034614	https://pubmed.ncbi.nlm.nih.gov/30034614/	Chemical Probes Portal	
CUBDGLIBZGKXKQ-ZBLYBZFDSA-N	https://pubmed.ncbi.nlm.nih.gov/	23056280	https://pubmed.ncbi.nlm.nih.gov/23056280/	Chemical Probes Portal	
XPLWBHWPOUEOSJ-GSZYCOFVSA-N	https://pubmed.ncbi.nlm.nih.gov/	24900707	https://www.ncbi.nlm.nih.gov/pubmed/24900707	Chemical Probes Portal	
YSVWFFNZZGLLAI-XNTOLAJGSA-N	https://doi.org/	10.1021/jm401056w	https://dx.doi.org/10.1021/jm401056w	Chemical Probes Portal	
LPCWQWNRCGWRFC-UHFFFAOYSA-N	https://doi.org/	10.1038/nchembio.2377	www.doi.org/10.1038/nchembio.2377	Chemical Probes Portal	
LPCWQWNRCGWRFC-UHFFFAOYSA-N	https://pubmed.ncbi.nlm.nih.gov/	28504676	https://pubmed.ncbi.nlm.nih.gov/28504676/	Chemical Probes Portal	
JYTIXGYXBIBOMN-UHFFFAOYSA-N	https://doi.org/	10.1021/acs.jmedchem.9b01621	www.doi.org/10.1021/acs.jmedchem.9b01621	Chemical Probes Portal	
JYTIXGYXBIBOMN-UHFFFAOYSA-N	https://pubmed.ncbi.nlm.nih.gov/	31940200	https://pubmed.ncbi.nlm.nih.gov/31940200/	Chemical Probes Portal	
KLHOCHQJHXNKAS-UHFFFAOYSA-N	https://doi.org/	10.1021/acs.jmedchem.6b01055	http://pubs.acs.org/doi/abs/10.1021/acs.jmedchem.6b01055	Chemical Probes Portal	
KLHOCHQJHXNKAS-UHFFFAOYSA-N	https://pubmed.ncbi.nlm.nih.gov/	28004573	https://www.ncbi.nlm.nih.gov/pubmed/28004573	Chemical Probes Portal	
IFRGXKKQHBVPCQ-UHFFFAOYSA-N	https://doi.org/	10.1021/jm100060b	www.doi.org/10.1021/jm100060b	Chemical Probes Portal	
IFRGXKKQHBVPCQ-UHFFFAOYSA-N	https://doi.org/	10.1111/j.1349-7006.2011.02191.x	www.doi.org/10.1111/j.1349-7006.2011.02191.x	Chemical Probes Portal	
IFRGXKKQHBVPCQ-UHFFFAOYSA-N	https://pubmed.ncbi.nlm.nih.gov/	20662534	https://pubmed.ncbi.nlm.nih.gov/20662534/	Chemical Probes Portal	
IFRGXKKQHBVPCQ-UHFFFAOYSA-N	https://pubmed.ncbi.nlm.nih.gov/	22181674	https://pubmed.ncbi.nlm.nih.gov/22181674/	Chemical Probes Portal	
BKLJDIJJOOQUFG-UHFFFAOYSA-N	https://doi.org/	10.1002/cmdc.201600276	https://dx.doi.org/10.1002/cmdc.201600276	Chemical Probes Portal	
FYQFEJFTCLKXTQ-UHFFFAOYSA-N	https://doi.org/	10.1016/j.ccell.2015.05.007	www.doi.org/10.1016/j.ccell.2015.05.007	Chemical Probes Portal	
FYQFEJFTCLKXTQ-UHFFFAOYSA-N	https://doi.org/	10.1038/s41419-019-1654-6	www.doi.org/10.1038/s41419-019-1654-6	Chemical Probes Portal	
FYQFEJFTCLKXTQ-UHFFFAOYSA-N	https://pubmed.ncbi.nlm.nih.gov/	26120082	https://pubmed.ncbi.nlm.nih.gov/26120082/	Chemical Probes Portal	
FYQFEJFTCLKXTQ-UHFFFAOYSA-N	https://pubmed.ncbi.nlm.nih.gov/	31138790	https://pubmed.ncbi.nlm.nih.gov/31138790	Chemical Probes Portal	
RRELDGDKULRRDM-UHFFFAOYSA-N	https://doi.org/	10.1016/j.bmc.2017.07.037	https://dx.doi.org/10.1016/j.bmc.2017.07.037	Chemical Probes Portal	
IYHHRZBKXXKDDY-UHFFFAOYSA-N		http://www.biochemj.org/content/434/1/93	http://www.biochemj.org/content/434/1/93	Chemical Probes Portal	
IYHHRZBKXXKDDY-UHFFFAOYSA-N	https://pubmed.ncbi.nlm.nih.gov/	21138416	http://www.ncbi.nlm.nih.gov/pubmed/21138416	Chemical Probes Portal	
DYUTWRFEEOPXMN-UHFFFAOYSA-N	https://doi.org/	10.6019/CHEMBL4507313	https://dx.doi.org/10.6019/CHEMBL4507313	Chemical Probes Portal	
AUYCSWFYKYVCLD-HXUWFJFHSA-N	https://doi.org/	10.1021/acsmedchemlett.9b00380	https://dx.doi.org/10.1021/acsmedchemlett.9b00380	Chemical Probes Portal	
OEDSFMUSNZDJFD-UHFFFAOYSA-N	https://doi.org/	10.1038/s41586-020-1930-8	www.doi.org/10.1038/s41586-020-1930-8	Chemical Probes Portal	
OEDSFMUSNZDJFD-UHFFFAOYSA-N	https://doi.org/	10.1021/acs.jmedchem.0c00628	www.doi.org/10.1021/acs.jmedchem.0c00628	Chemical Probes Portal	
OEDSFMUSNZDJFD-UHFFFAOYSA-N	https://pubmed.ncbi.nlm.nih.gov/	31969702	https://www.ncbi.nlm.nih.gov/pubmed/31969702	Chemical Probes Portal	
OEDSFMUSNZDJFD-UHFFFAOYSA-N	https://pubmed.ncbi.nlm.nih.gov/	32324999	https://www.ncbi.nlm.nih.gov/pubmed/32324999	Chemical Probes Portal	
QMHRLXNEGYTSRV-UHFFFAOYSA-N	https://doi.org/	10.1021/jm300601d	https://dx.doi.org/10.1021/jm300601d	Chemical Probes Portal	
QMHRLXNEGYTSRV-UHFFFAOYSA-N	https://doi.org/	10.1124/jpet.114.217091	https://dx.doi.org/10.1124/jpet.114.217091	Chemical Probes Portal	
LQEHCKYYIXQEBM-FUKIBTTHSA-N	https://doi.org/	10.1042/CS103S107S	https://dx.doi.org/10.1042/CS103S107S	Chemical Probes Portal	
LQEHCKYYIXQEBM-FUKIBTTHSA-N	https://doi.org/	10.1042/CS103S112S	https://dx.doi.org/10.1042/CS103S112S	Chemical Probes Portal	
LQEHCKYYIXQEBM-FUKIBTTHSA-N	https://doi.org/	10.1042/CS103S112S	https://dx.doi.org/ 10.1042/CS103S112S	Chemical Probes Portal	
WEGLOYDTDILXDA-OAHLLOKOSA-N	https://doi.org/	10.1073/pnas.1812963116	https://dx.doi.org/10.1073/pnas.1812963116	Chemical Probes Portal	
CSJYMAFXYMYNCK-UHFFFAOYSA-N	https://doi.org/	10.1021/acs.jmedchem.9b01304	https://dx.doi.org/10.1021/acs.jmedchem.9b01304	Chemical Probes Portal	
ILHNIWOZZKIBNW-UHFFFAOYSA-N	https://pubmed.ncbi.nlm.nih.gov/	30991027	https://pubmed.ncbi.nlm.nih.gov/30991027	Chemical Probes Portal	
OAMLIJKKGZLNHE-UHFFFAOYSA-N	https://doi.org/	10.1021/acsmedchemlett.5b00054	https://dx.doi.org/10.1021/acsmedchemlett.5b00054	Chemical Probes Portal	
JTCAGRAKUAAYDY-OAHLLOKOSA-N	https://doi.org/	10.1016/j.bmcl.2010.11.015	https://dx.doi.org/10.1016/j.bmcl.2010.11.015	Chemical Probes Portal	
FSWFYCYPTDLKON-CMJOXMDJSA-N	https://doi.org/	10.1021/acs.jmedchem.1c00613	https://dx.doi.org/10.1021/acs.jmedchem.1c00613	Chemical Probes Portal	
SKZQFKBIJUXXCG-INIZCTEOSA-N	https://doi.org/	10.1016/j.bmcl.2021.128384	https://dx.doi.org/10.1016/j.bmcl.2021.128384	Chemical Probes Portal	
TVGAHWWPABTBCX-UHFFFAOYSA-N	https://doi.org/	10.1158/1535-7163.MCT-21-0361	https://dx.doi.org/10.1158/1535-7163.MCT-21-0361	Chemical Probes Portal	
FRBRZGLUFOZRGD-JVPBZIDWSA-N	https://doi.org/	10.1021/acs.jmedchem.0c00605	https://dx.doi.org/10.1021/acs.jmedchem.0c00605	Chemical Probes Portal	
PXQATVYJKMMHAU-UHFFFAOYSA-N	https://doi.org/	10.1016/j.bmcl.2018.12.024	https://dx.doi.org/10.1016/j.bmcl.2018.12.024	Chemical Probes Portal	
YNFDIGJKJPNFFD-SJORKVTESA-N	https://doi.org/	10.1016/j.bmcl.2011.07.083	https://dx.doi.org/10.1016/j.bmcl.2011.07.083	Chemical Probes Portal	
PCJVXTDIDUMIRR-QGZVFWFLSA-N	https://doi.org/	10.1021/jm400138z	https://dx.doi.org/10.1021/jm400138z	Chemical Probes Portal	
RPHDOVLXDYWDGF-UHFFFAOYSA-N	https://doi.org/	10.1126/science.aan5468	https://dx.doi.org/10.1126/science.aan5468	Chemical Probes Portal	
KVJFJJXCBRSCDY-UHFFFAOYSA-N	https://doi.org/	10.1038/s41586-019-1835-6	https://dx.doi.org/10.1038/s41586-019-1835-6	Chemical Probes Portal	
PGIVGIFOWOVINL-GOSISDBHSA-N	https://doi.org/	10.1002/cmdc.201500131	https://dx.doi.org/10.1002/cmdc.201500131	Chemical Probes Portal	
WZQLVEPIBAOOGF-RMMWZPCPSA-N	https://doi.org/	10.1021/acsmedchemlett.0c00247	https://dx.doi.org/10.1021/acsmedchemlett.0c00247	Chemical Probes Portal	
QZZCUOVXHPAQRQ-UHFFFAOYSA-N	https://doi.org/	10.1021/acs.jmedchem.0c00796	https://dx.doi.org/10.1021/acs.jmedchem.0c00796	Chemical Probes Portal	
JZTTUZXIQIRVAB-FZEVHQGJSA-N	https://doi.org/	10.1002/jlcr.3698	https://dx.doi.org/10.1002/jlcr.3698	Chemical Probes Portal	
ZLGNYFOIDAVMHY-MPKOGUQCSA-N	https://doi.org/	10.1021/acs.jmedchem.8b00909	www.doi.org/10.1021/acs.jmedchem.8b00909	Chemical Probes Portal	
ZLGNYFOIDAVMHY-MPKOGUQCSA-N	https://pubmed.ncbi.nlm.nih.gov/	30525597	https://pubmed.ncbi.nlm.nih.gov/30525597/	Chemical Probes Portal	
QULDDKSCVCJTPV-UHFFFAOYSA-N	https://doi.org/	10.1158/1535-7163.MCT-08-0758	www.doi.org/10.1158/1535-7163.MCT-08-0758	Chemical Probes Portal	
QULDDKSCVCJTPV-UHFFFAOYSA-N	https://doi.org/	10.1158/1078-0432.CCR-09-0213	www.doi.org/10.1158/1078-0432.CCR-09-0213	Chemical Probes Portal	
QULDDKSCVCJTPV-UHFFFAOYSA-N	https://doi.org/	10.1021/jm050752+	www.doi.org/10.1021/jm050752+	Chemical Probes Portal	
QULDDKSCVCJTPV-UHFFFAOYSA-N	https://pubmed.ncbi.nlm.nih.gov/	19372565	https://pubmed.ncbi.nlm.nih.gov/19372565/	Chemical Probes Portal	
QULDDKSCVCJTPV-UHFFFAOYSA-N	https://pubmed.ncbi.nlm.nih.gov/	19671844	https://pubmed.ncbi.nlm.nih.gov/19671844/	Chemical Probes Portal	
QULDDKSCVCJTPV-UHFFFAOYSA-N	https://pubmed.ncbi.nlm.nih.gov/	17488003	https://pubmed.ncbi.nlm.nih.gov/17488003/	Chemical Probes Portal	
BLVQHYHDYFTPDV-VCABWLAWSA-N		http://www.sciencedirect.com/science/article/pii/S1074552109002427	http://www.sciencedirect.com/science/article/pii/S1074552109002427	Chemical Probes Portal	
BLVQHYHDYFTPDV-VCABWLAWSA-N		http://www.pnas.org/content/110/7/2647.long	http://www.pnas.org/content/110/7/2647.long	Chemical Probes Portal	
BLVQHYHDYFTPDV-VCABWLAWSA-N		https://www.google.com/patents/WO2012016081A2?cl=en	https://www.google.com/patents/WO2012016081A2?cl=en	Chemical Probes Portal	
BLVQHYHDYFTPDV-VCABWLAWSA-N	https://pubmed.ncbi.nlm.nih.gov/	19778726	https://www.ncbi.nlm.nih.gov/pubmed/19778726	Chemical Probes Portal	
BLVQHYHDYFTPDV-VCABWLAWSA-N	https://pubmed.ncbi.nlm.nih.gov/	23297220	https://www.ncbi.nlm.nih.gov/pubmed/23297220	Chemical Probes Portal	
VLLFGVHGKLDDLW-SFHVURJKSA-N	https://doi.org/	10.1021/acs.jmedchem.0c01917	https://dx.doi.org/10.1021/acs.jmedchem.0c01917	Chemical Probes Portal	
UEMQPCYDWCSVCU-UHFFFAOYSA-N	https://doi.org/	10.1021/acs.jmedchem.7b00611	www.doi.org/10.1021/acs.jmedchem.7b00611	Chemical Probes Portal	
UEMQPCYDWCSVCU-UHFFFAOYSA-N	https://doi.org/	10.1021/acschembio.7b00481	www.doi.org/10.1021/acschembio.7b00481	Chemical Probes Portal	
UEMQPCYDWCSVCU-UHFFFAOYSA-N	https://pubmed.ncbi.nlm.nih.gov/	28714688	https://www.ncbi.nlm.nih.gov/pubmed/28714688	Chemical Probes Portal	
UEMQPCYDWCSVCU-UHFFFAOYSA-N	https://pubmed.ncbi.nlm.nih.gov/	28849908	https://www.ncbi.nlm.nih.gov/pubmed/28849908	Chemical Probes Portal	
XMBSZPZJLPTFMV-UHFFFAOYSA-N		http://www.nature.com/nature/journal/v464/n7289/pdf/nature08893.pdf	http://www.nature.com/nature/journal/v464/n7289/pdf/nature08893.pdf	Chemical Probes Portal	
XMBSZPZJLPTFMV-UHFFFAOYSA-N	https://doi.org/	10.1021/jm201091t	http://pubs.acs.org/doi/pdf/10.1021/jm201091t	Chemical Probes Portal	
XMBSZPZJLPTFMV-UHFFFAOYSA-N	https://pubmed.ncbi.nlm.nih.gov/	20360736	http://www.ncbi.nlm.nih.gov/pubmed/20360736	Chemical Probes Portal	
XMBSZPZJLPTFMV-UHFFFAOYSA-N	https://pubmed.ncbi.nlm.nih.gov/	22148754	http://www.ncbi.nlm.nih.gov/pubmed/22148754	Chemical Probes Portal	
WILMROCKORZEMQ-VJVIIGMYSA-N	https://doi.org/	10.1038/s41589-021-00900-9	https://dx.doi.org/10.1038/s41589-021-00900-9	Chemical Probes Portal	
FYICDSWKKFSYOM-UHFFFAOYSA-N		http://www.nature.com/nchembio/journal/v10/n12/abs/nchembio.1658.html	http://www.nature.com/nchembio/journal/v10/n12/abs/nchembio.1658.html	Chemical Probes Portal	
FYICDSWKKFSYOM-UHFFFAOYSA-N	https://pubmed.ncbi.nlm.nih.gov/	25326665	http://www.ncbi.nlm.nih.gov/pubmed/25326665	Chemical Probes Portal	
NBDJDKAXIGWAIM-XZOQPEGZSA-N	https://doi.org/	10.1002/anie.202017200	https://dx.doi.org/10.1002/anie.202017200	Chemical Probes Portal	
QYDASSGXBXGRBS-CKJXQJPGSA-N	https://doi.org/	10.1021/acsmedchemlett.6b00496	http://pubs.acs.org/doi/abs/10.1021/acsmedchemlett.6b00496	Chemical Probes Portal	
QYDASSGXBXGRBS-CKJXQJPGSA-N	https://pubmed.ncbi.nlm.nih.gov/	28435528	https://www.ncbi.nlm.nih.gov/pubmed/28435528	Chemical Probes Portal	
YQOLEILXOBUDMU-KRWDZBQOSA-N	https://doi.org/	10.1021/acs.jmedchem.0c00834	www.doi.org/10.1021/acs.jmedchem.0c00834	Chemical Probes Portal	
YQOLEILXOBUDMU-KRWDZBQOSA-N	https://pubmed.ncbi.nlm.nih.gov/	32969660	https://pubmed.ncbi.nlm.nih.gov/32969660/	Chemical Probes Portal	
JNSLBXJNVHYNNW-CXNSMIOJSA-N		http://www.nature.com/nchembio/journal/vaop/ncurrent/full/nchembio.2209.html	http://www.nature.com/nchembio/journal/vaop/ncurrent/full/nchembio.2209.html	Chemical Probes Portal	
JNSLBXJNVHYNNW-CXNSMIOJSA-N	https://pubmed.ncbi.nlm.nih.gov/	27775715	https://www.ncbi.nlm.nih.gov/pubmed/?term=27775715	Chemical Probes Portal	
GACOFEKSDCOVMV-RRYXBOBMSA-N	https://doi.org/	10.1002/anie.201411511/abstract	http://onlinelibrary.wiley.com/doi/10.1002/anie.201411511/abstract	Chemical Probes Portal	
GACOFEKSDCOVMV-RRYXBOBMSA-N	https://doi.org/	10.1371/journal.pone.0127498	http://journals.plos.org/plosone/article?id=10.1371/journal.pone.0127498	Chemical Probes Portal	
GACOFEKSDCOVMV-RRYXBOBMSA-N		http://www.jbc.org/content/early/2016/11/14/jbc.M116.755678.long	http://www.jbc.org/content/early/2016/11/14/jbc.M116.755678.long	Chemical Probes Portal	
GACOFEKSDCOVMV-RRYXBOBMSA-N	https://pubmed.ncbi.nlm.nih.gov/	25707820	https://www.ncbi.nlm.nih.gov/pubmed/25707820	Chemical Probes Portal	
GACOFEKSDCOVMV-RRYXBOBMSA-N	https://pubmed.ncbi.nlm.nih.gov/	26098886	https://www.ncbi.nlm.nih.gov/pubmed/26098886	Chemical Probes Portal	
GACOFEKSDCOVMV-RRYXBOBMSA-N	https://pubmed.ncbi.nlm.nih.gov/	27875305	https://www.ncbi.nlm.nih.gov/pubmed/27875305	Chemical Probes Portal	
SQNZDYHMCMIGGV-TZPPCSJFSA-N	https://doi.org/	10.1038/nchembio.2329	http://dx.doi.org/10.1038/nchembio.2329	Chemical Probes Portal	
SQNZDYHMCMIGGV-TZPPCSJFSA-N		http://europepmc.org/abstract/MED/28288108	http://europepmc.org/abstract/MED/28288108	Chemical Probes Portal	
RNQODBQYMXYMCT-SJORKVTESA-N	https://doi.org/	10.7554/eLife.34311	https://dx.doi.org/10.7554/eLife.34311	Chemical Probes Portal	
RFZQYGBLRIKROZ-PCLIKHOPSA-N	https://doi.org/	10.1016/j.bmc.2014.03.036	https://dx.doi.org/10.1016/j.bmc.2014.03.036	Chemical Probes Portal	
BPLVDYJDAVYLRQ-UHFFFAOYSA-N	https://doi.org/	10.6019/CHEMBL4800727	https://dx.doi.org/10.6019/CHEMBL4800727	Chemical Probes Portal	
UJLAWZDWDVHWOW-YPMHNXCESA-N	https://doi.org/	10.1126/science.1087061	www.doi.org/10.1126/science.1087061	Chemical Probes Portal	
UJLAWZDWDVHWOW-YPMHNXCESA-N	https://pubmed.ncbi.nlm.nih.gov/	14593182	http://www.ncbi.nlm.nih.gov/pubmed/14593182	Chemical Probes Portal	
WNEILUNVMHVMPH-UHFFFAOYSA-N	https://doi.org/	10.1158/1535-7163.MCT-15-0500	www.doi.org/10.1158/1535-7163.MCT-15-0500	Chemical Probes Portal	
WNEILUNVMHVMPH-UHFFFAOYSA-N	https://doi.org/	10.1021/acs.jmedchem.9b02035	www.doi.org/10.1021/acs.jmedchem.9b02035	Chemical Probes Portal	
WNEILUNVMHVMPH-UHFFFAOYSA-N	https://pubmed.ncbi.nlm.nih.gov/	26832791	https://pubmed.ncbi.nlm.nih.gov/26832791/	Chemical Probes Portal	
WNEILUNVMHVMPH-UHFFFAOYSA-N	https://pubmed.ncbi.nlm.nih.gov/	32338514	https://pubmed.ncbi.nlm.nih.gov/32338514/	Chemical Probes Portal	
NMJMRSQTDLRCRQ-UHFFFAOYSA-N		http://www.nature.com/nchembio/journal/v6/n5/full/nchembio.345.html	http://www.nature.com/nchembio/journal/v6/n5/full/nchembio.345.html	Chemical Probes Portal	
NMJMRSQTDLRCRQ-UHFFFAOYSA-N	https://pubmed.ncbi.nlm.nih.gov/	20383151	http://www.ncbi.nlm.nih.gov/pubmed/20383151	Chemical Probes Portal	
AEJOEPSMZCEYJN-HXUWFJFHSA-N	https://doi.org/	10.1016/0014-2999(88)90546-8	www.doi.org/10.1016/0014-2999(88)90546-8	Chemical Probes Portal	
AEJOEPSMZCEYJN-HXUWFJFHSA-N		http://www.sciencedirect.com/science/article/pii/S0960894X05003057	http://www.sciencedirect.com/science/article/pii/S0960894X05003057	Chemical Probes Portal	
AEJOEPSMZCEYJN-HXUWFJFHSA-N		http://www.sciencedirect.com/science/article/pii/S0960894X07014266	http://www.sciencedirect.com/science/article/pii/S0960894X07014266	Chemical Probes Portal	
AEJOEPSMZCEYJN-HXUWFJFHSA-N	https://pubmed.ncbi.nlm.nih.gov/	2850924	https://www.ncbi.nlm.nih.gov/pubmed/2850924	Chemical Probes Portal	
AEJOEPSMZCEYJN-HXUWFJFHSA-N	https://pubmed.ncbi.nlm.nih.gov/	8893842	https://www.ncbi.nlm.nih.gov/pubmed/8893842	Chemical Probes Portal	
AEJOEPSMZCEYJN-HXUWFJFHSA-N	https://pubmed.ncbi.nlm.nih.gov/	11086731	https://www.ncbi.nlm.nih.gov/pubmed/11086731	Chemical Probes Portal	
BFTKDWYIRJGJCA-CYBMUJFWSA-N	https://doi.org/	10.1021/acsmedchemlett.6b00075	http://pubs.acs.org/doi/abs/10.1021/acsmedchemlett.6b00075	Chemical Probes Portal	
BFTKDWYIRJGJCA-CYBMUJFWSA-N	https://pubmed.ncbi.nlm.nih.gov/	27190605	https://www.ncbi.nlm.nih.gov/pubmed/?term=27190605	Chemical Probes Portal	
OJKONCJPCULNOW-DYVFJYSZSA-N	https://doi.org/	10.1021/acs.jmedchem.0c00259	www.doi.org/10.1021/acs.jmedchem.0c00259	Chemical Probes Portal	
OJKONCJPCULNOW-DYVFJYSZSA-N	https://pubmed.ncbi.nlm.nih.gov/	32392056	https://pubmed.ncbi.nlm.nih.gov/32392056/	Chemical Probes Portal	
YDNOHCOYQVZOMC-UHFFFAOYSA-N	https://doi.org/	10.1038/nature13444	www.doi.org/10.1038/nature13444	Chemical Probes Portal	
YDNOHCOYQVZOMC-UHFFFAOYSA-N	https://pubmed.ncbi.nlm.nih.gov/	24919154	https://pubmed.ncbi.nlm.nih.gov/24919154/	Chemical Probes Portal	
OFWWWKWUCDUISA-UHFFFAOYSA-N	https://doi.org/	10.1021/acs.jmedchem.7b00306	http://pubs.acs.org/doi/abs/10.1021/acs.jmedchem.7b00306	Chemical Probes Portal	
OFWWWKWUCDUISA-UHFFFAOYSA-N	https://pubmed.ncbi.nlm.nih.gov/	28402630	https://www.ncbi.nlm.nih.gov/pubmed/28402630	Chemical Probes Portal	
CDQRIIUMNLMHRH-UHFFFAOYSA-N	https://pubmed.ncbi.nlm.nih.gov/	25192810	http://www.ncbi.nlm.nih.gov/pubmed/25192810	Chemical Probes Portal	
CHEANNSDVJOIBS-MHZLTWQESA-N	https://doi.org/	10.1021/ml300133f	www.doi.org/10.1021/ml300133f	Chemical Probes Portal	
CHEANNSDVJOIBS-MHZLTWQESA-N	https://doi.org/	10.1371/journal.pone.0046300	www.doi.org/10.1371/journal.pone.0046300	Chemical Probes Portal	
CHEANNSDVJOIBS-MHZLTWQESA-N	https://pubmed.ncbi.nlm.nih.gov/	24900539	https://pubmed.ncbi.nlm.nih.gov/24900539/	Chemical Probes Portal	
CHEANNSDVJOIBS-MHZLTWQESA-N	https://pubmed.ncbi.nlm.nih.gov/	23056280	https://pubmed.ncbi.nlm.nih.gov/23056280/	Chemical Probes Portal	
SFMJNHNUOVADRW-UHFFFAOYSA-N	https://doi.org/	10.1021/cb4000629	http://pubs.acs.org/doi/abs/10.1021/cb4000629	Chemical Probes Portal	
SFMJNHNUOVADRW-UHFFFAOYSA-N	https://pubmed.ncbi.nlm.nih.gov/	23594111	http://www.ncbi.nlm.nih.gov/pubmed/23594111	Chemical Probes Portal	
AOZPVMOOEJAZGK-UHFFFAOYSA-N	https://doi.org/	10.1021/cb400430t	http://pubs.acs.org/doi/abs/10.1021/cb400430t	Chemical Probes Portal	
AOZPVMOOEJAZGK-UHFFFAOYSA-N	https://pubmed.ncbi.nlm.nih.gov/	23899692	http://www.ncbi.nlm.nih.gov/pubmed/23899692	Chemical Probes Portal	
UMRRDXVUROEIKJ-JCXBGQGISA-N		http://www.nature.com/nchembio/journal/v12/n3/full/nchembio.2007.html	http://www.nature.com/nchembio/journal/v12/n3/full/nchembio.2007.html	Chemical Probes Portal	
UMRRDXVUROEIKJ-JCXBGQGISA-N	https://pubmed.ncbi.nlm.nih.gov/	26807715	http://www.ncbi.nlm.nih.gov/pubmed/26807715	Chemical Probes Portal	
QBGKPEROWUKSBK-QPPIDDCLSA-N	https://doi.org/	10.1021/ml4000657	http://pubs.acs.org/doi/abs/10.1021/ml4000657	Chemical Probes Portal	
QBGKPEROWUKSBK-QPPIDDCLSA-N		http://clincancerres.aacrjournals.org/content/22/5/1185.long	http://clincancerres.aacrjournals.org/content/22/5/1185.long	Chemical Probes Portal	
QBGKPEROWUKSBK-QPPIDDCLSA-N		http://cancerres.aacrjournals.org/content/73/8/2587.full-text.pdf	http://cancerres.aacrjournals.org/content/73/8/2587.full-text.pdf	Chemical Probes Portal	
QBGKPEROWUKSBK-QPPIDDCLSA-N	https://pubmed.ncbi.nlm.nih.gov/	24900694	https://www.ncbi.nlm.nih.gov/pubmed/24900694	Chemical Probes Portal	
QBGKPEROWUKSBK-QPPIDDCLSA-N	https://pubmed.ncbi.nlm.nih.gov/	26482041	https://www.ncbi.nlm.nih.gov/pubmed/26482041	Chemical Probes Portal	
QBGKPEROWUKSBK-QPPIDDCLSA-N	https://pubmed.ncbi.nlm.nih.gov/	23400593	https://www.ncbi.nlm.nih.gov/pubmed/23400593	Chemical Probes Portal	
NRSGWEVTVGZDFC-UHFFFAOYSA-N	https://doi.org/	10.1038/sj.bjp.0707484	www.doi.org/10.1038/sj.bjp.0707484	Chemical Probes Portal	
NRSGWEVTVGZDFC-UHFFFAOYSA-N	https://doi.org/	10.1002/cmdc.200800211	https://doi.org/10.1002/cmdc.200800211	Chemical Probes Portal	
NRSGWEVTVGZDFC-UHFFFAOYSA-N	https://pubmed.ncbi.nlm.nih.gov/	17934515	https://pubmed.ncbi.nlm.nih.gov/17934515/	Chemical Probes Portal	
NRSGWEVTVGZDFC-UHFFFAOYSA-N	https://pubmed.ncbi.nlm.nih.gov/	18973168	https://pubmed.ncbi.nlm.nih.gov/18973168/	Chemical Probes Portal	
HUUSXLKCTQDPGL-UHFFFAOYSA-N	https://doi.org/	10.1021/acsmedchemlett.6b00198	www.doi.org/10.1021/acsmedchemlett.6b00198	Chemical Probes Portal	
HUUSXLKCTQDPGL-UHFFFAOYSA-N	https://doi.org/	10.1038/nm.3806	www.doi.org/10.1038/nm.3806	Chemical Probes Portal	
HUUSXLKCTQDPGL-UHFFFAOYSA-N	https://doi.org/	10.1038/s41589-019-0278-6	www.doi.org/10.1038/s41589-019-0278-6	Chemical Probes Portal	
HUUSXLKCTQDPGL-UHFFFAOYSA-N	https://doi.org/	10.1038/s41589-019-0277-7	www.doi.org/10.1038/s41589-019-0277-7	Chemical Probes Portal	
HUUSXLKCTQDPGL-UHFFFAOYSA-N	https://pubmed.ncbi.nlm.nih.gov/	27994733	https://pubmed.ncbi.nlm.nih.gov/27994733/	Chemical Probes Portal	
HUUSXLKCTQDPGL-UHFFFAOYSA-N	https://pubmed.ncbi.nlm.nih.gov/	25686105	https://pubmed.ncbi.nlm.nih.gov/25686105/	Chemical Probes Portal	
HUUSXLKCTQDPGL-UHFFFAOYSA-N	https://pubmed.ncbi.nlm.nih.gov/	31086329	https://pubmed.ncbi.nlm.nih.gov/31086329/	Chemical Probes Portal	
HUUSXLKCTQDPGL-UHFFFAOYSA-N	https://pubmed.ncbi.nlm.nih.gov/	31086327	https://pubmed.ncbi.nlm.nih.gov/31086327/	Chemical Probes Portal	
ARBRHWRTXPWZGN-UHFFFAOYSA-N	https://doi.org/	10.1021/acs.jmedchem.2c00552	https://dx.doi.org/10.1021/acs.jmedchem.2c00552	Chemical Probes Portal	
PXVFFBGSTYQHRO-REQIQPEASA-N	https://doi.org/	10.1038/s41591-019-0668-z	www.doi.org/10.1038/s41591-019-0668-z	Chemical Probes Portal	
PXVFFBGSTYQHRO-REQIQPEASA-N	https://pubmed.ncbi.nlm.nih.gov/	31792461	https://pubmed.ncbi.nlm.nih.gov/31792461/	Chemical Probes Portal	
LIMCHOLAKDUZDS-XARBDFOFSA-N	https://doi.org/	10.1039/C8CC09541H	www.doi.org/10.1039/C8CC09541H	Chemical Probes Portal	
LIMCHOLAKDUZDS-XARBDFOFSA-N	https://pubmed.ncbi.nlm.nih.gov/	30672516	https://pubmed.ncbi.nlm.nih.gov/30672516/	Chemical Probes Portal	
QMGHHBHPDDAGGO-IIWOMYBWSA-N	https://doi.org/	10.1021/acs.jmedchem.7b00635	www.doi.org/10.1021/acs.jmedchem.7b00635	Chemical Probes Portal	
QMGHHBHPDDAGGO-IIWOMYBWSA-N	https://pubmed.ncbi.nlm.nih.gov/	28692295	https://pubmed.ncbi.nlm.nih.gov/28692295/	Chemical Probes Portal	
KPBNHDGDUADAGP-VAWYXSNFSA-N	https://pubmed.ncbi.nlm.nih.gov/	14612543	https://pubmed.ncbi.nlm.nih.gov/14612543	Chemical Probes Portal	
KPBNHDGDUADAGP-VAWYXSNFSA-N	https://doi.org/	10.3390/molecules27062011	https://dx.doi.org/10.3390/molecules27062011	Chemical Probes Portal	
JFOAJUGFHDCBJJ-UHFFFAOYSA-N	https://doi.org/	10.1016/j.bmcl.2011.05.122	https://dx.doi.org/10.1016/j.bmcl.2011.05.122	Chemical Probes Portal	
FNYGWXSATBUBER-UHFFFAOYSA-N	https://doi.org/	10.1126/science.1236062	www.doi.org/10.1126/science.1236062	Chemical Probes Portal	
FNYGWXSATBUBER-UHFFFAOYSA-N	https://pubmed.ncbi.nlm.nih.gov/	23558169	http://www.ncbi.nlm.nih.gov/pubmed/23558169	Chemical Probes Portal	
WVAKRQOMAINQPU-UHFFFAOYSA-N	https://doi.org/	10.1016/j.bmcl.2010.02.076	https://dx.doi.org/10.1016/j.bmcl.2010.02.076	Chemical Probes Portal	
WVAKRQOMAINQPU-UHFFFAOYSA-N	https://doi.org/	10.1016/j.cmet.2009.12.008	https://dx.doi.org/10.1016/j.cmet.2009.12.008	Chemical Probes Portal	
NAXSRXHZFIBFMI-UHFFFAOYSA-N	https://doi.org/	10.1021/jm0255116	http://pubs.acs.org/doi/abs/10.1021/jm0255116	Chemical Probes Portal	
NAXSRXHZFIBFMI-UHFFFAOYSA-N	https://pubmed.ncbi.nlm.nih.gov/	11985463	https://www.ncbi.nlm.nih.gov/pubmed/11985463	Chemical Probes Portal	
RZXMIHOUHYSGJO-UHFFFAOYSA-N	https://doi.org/	10.1021/jm401768t	http://pubs.acs.org/doi/abs/10.1021/jm401768t	Chemical Probes Portal	
RZXMIHOUHYSGJO-UHFFFAOYSA-N	https://pubmed.ncbi.nlm.nih.gov/	24432870	https://www.ncbi.nlm.nih.gov/pubmed/24432870	Chemical Probes Portal	
ZDBWLRLGUBSLPG-FDHYQTMZSA-N	https://doi.org/	10.1021/acs.jmedchem.5b01355	https://dx.doi.org/10.1021/acs.jmedchem.5b01355	Chemical Probes Portal	
ZDBWLRLGUBSLPG-FDHYQTMZSA-N	https://doi.org/	10.1038/nchembio.1699	https://dx.doi.org/10.1038/nchembio.1699	Chemical Probes Portal	
KSGZCKSNTAJOJS-DZBMUNJRSA-N		http://www.nature.com/nature/journal/v526/n7572/full/nature14904.html	http://www.nature.com/nature/journal/v526/n7572/full/nature14904.html	Chemical Probes Portal	
KSGZCKSNTAJOJS-DZBMUNJRSA-N	https://pubmed.ncbi.nlm.nih.gov/	26416749	http://www.ncbi.nlm.nih.gov/pubmed/26416749	Chemical Probes Portal	
JLFSBHQQXIAQEC-UHFFFAOYSA-N		http://www.impactjournals.com/oncotarget/index.php?journal=oncotarget&page=article&op=view&path[]=5846&pubmed-linkout=1	http://www.impactjournals.com/oncotarget/index.php?journal=oncotarget&page=article&op=view&path[]=5846&pubmed-linkout=1	Chemical Probes Portal	
JLFSBHQQXIAQEC-UHFFFAOYSA-N	https://pubmed.ncbi.nlm.nih.gov/	26513298	http://www.ncbi.nlm.nih.gov/pubmed/26513298	Chemical Probes Portal	
FWLMVFUGMHIOAA-UHFFFAOYSA-N	https://doi.org/	10.1093/jnci/djt210	https://dx.doi.org/10.1093/jnci/djt210	Chemical Probes Portal	
XYFPWWZEPKGCCK-GOSISDBHSA-N		http://www.pnas.org/content/107/29/13075.long	http://www.pnas.org/content/107/29/13075.long	Chemical Probes Portal	
XYFPWWZEPKGCCK-GOSISDBHSA-N	https://pubmed.ncbi.nlm.nih.gov/	20615965	https://www.ncbi.nlm.nih.gov/pubmed/20615965	Chemical Probes Portal	
LLVZBTWPGQVVLW-SNAWJCMRSA-N		http://cancerres.aacrjournals.org/content/67/20/9887.long	http://cancerres.aacrjournals.org/content/67/20/9887.long	Chemical Probes Portal	
LLVZBTWPGQVVLW-SNAWJCMRSA-N	https://pubmed.ncbi.nlm.nih.gov/	17942920	http://www.ncbi.nlm.nih.gov/pubmed/17942920	Chemical Probes Portal	
GJFCSAPFHAXMSF-UXBLZVDNSA-N	https://doi.org/	10.1016/j.chembiol.2011.11.010	www.doi.org/10.1016/j.chembiol.2011.11.010	Chemical Probes Portal	
GJFCSAPFHAXMSF-UXBLZVDNSA-N	https://pubmed.ncbi.nlm.nih.gov/	22284361	http://www.ncbi.nlm.nih.gov/pubmed/22284361	Chemical Probes Portal	
PNYRDVBFYVDJJI-UHFFFAOYSA-N	https://doi.org/	10.1074/jbc.M114.626861	www.doi.org/10.1074/jbc.M114.626861	Chemical Probes Portal	
PNYRDVBFYVDJJI-UHFFFAOYSA-N	https://pubmed.ncbi.nlm.nih.gov/	25825497	http://www.ncbi.nlm.nih.gov/pubmed/25825497	Chemical Probes Portal	
VUVUVNZRUGEAHB-CYBMUJFWSA-N	https://doi.org/	10.1038/nature10509	www.doi.org/10.1038/nature10509	Chemical Probes Portal	
VUVUVNZRUGEAHB-CYBMUJFWSA-N	https://pubmed.ncbi.nlm.nih.gov/	21964340	http://www.ncbi.nlm.nih.gov/pubmed/21964340	Chemical Probes Portal	
ALGHKWSXJUQNJJ-UHFFFAOYSA-N	https://doi.org/	10.1021/jm900773n	https://dx.doi.org/10.1021/jm900773n	Chemical Probes Portal	
QPTCYEYTAWEZNT-UHFFFAOYSA-N	https://doi.org/	10.1038/s41586-020-2027-0	www.doi.org/10.1038/s41586-020-2027-0	Chemical Probes Portal	
QPTCYEYTAWEZNT-UHFFFAOYSA-N	https://pubmed.ncbi.nlm.nih.gov/	32040955	https://www.ncbi.nlm.nih.gov/pubmed/32040955	Chemical Probes Portal	
HNCVDRFFJZJQRW-UHFFFAOYSA-N	https://doi.org/	10.1038/s41589-020-0592-z	www.doi.org/10.1038/s41589-020-0592-z	Chemical Probes Portal	
HNCVDRFFJZJQRW-UHFFFAOYSA-N	https://pubmed.ncbi.nlm.nih.gov/	32690945	https://pubmed.ncbi.nlm.nih.gov/32690945/	Chemical Probes Portal	
KSERXGMCDHOLSS-LJQANCHMSA-N	https://doi.org/	10.1021/acs.jmedchem.5b00466	https://dx.doi.org/10.1021/acs.jmedchem.5b00466	Chemical Probes Portal	
KSERXGMCDHOLSS-LJQANCHMSA-N	https://doi.org/	10.1016/j.jpba.2016.03.036	https://dx.doi.org/10.1016/j.jpba.2016.03.036	Chemical Probes Portal	
BIAVGWDGIJKWRM-FQEVSTJZSA-N	https://pubmed.ncbi.nlm.nih.gov/	9190866	https://pubmed.ncbi.nlm.nih.gov/9190866	Chemical Probes Portal	
WRCGBYNVBFVRTN-UHFFFAOYSA-N	https://doi.org/	10.1158/1535-7163.MCT-19-0957	https://dx.doi.org/10.1158/1535-7163.MCT-19-0957	Chemical Probes Portal	
XNULRSOGWPFPBL-REWPJTCUSA-N	https://doi.org/	10.1021/jm100505n	https://dx.doi.org/10.1021/jm100505n	Chemical Probes Portal	
ADZBMFGQQWPHMJ-RHSMWYFYSA-N	https://doi.org/	10.1038/nm.3337	https://dx.doi.org/10.1038/nm.3337	Chemical Probes Portal	
ADZBMFGQQWPHMJ-RHSMWYFYSA-N	https://doi.org/	10.4161/onci.26968	https://dx.doi.org/10.4161/onci.26968	Chemical Probes Portal	
KYOIGHSNTIJBPW-UHFFFAOYSA-N	https://pubmed.ncbi.nlm.nih.gov/	27779865	https://www.ncbi.nlm.nih.gov/pubmed/27779865	Chemical Probes Portal	
KYOIGHSNTIJBPW-UHFFFAOYSA-N	https://pubmed.ncbi.nlm.nih.gov/	27077078	https://www.ncbi.nlm.nih.gov/pubmed/27077078	Chemical Probes Portal	
ILOIOIGZFHGSMS-UHFFFAOYSA-N	https://doi.org/	10.1021/jm049614v	https://dx.doi.org/10.1021/jm049614v	Chemical Probes Portal	
ILOIOIGZFHGSMS-UHFFFAOYSA-N	https://doi.org/	10.1074/jbc.M606646200	https://dx.doi.org/10.1074/jbc.M606646200	Chemical Probes Portal	
ILOIOIGZFHGSMS-UHFFFAOYSA-N	https://doi.org/	10.1124/jpet.104.069401	https://dx.doi.org/10.1124/jpet.104.069401	Chemical Probes Portal	
FROGGFONBYACJB-KRWDZBQOSA-N	https://doi.org/	10.1021/jm300700v	https://dx.doi.org/10.1021/jm300700v	Chemical Probes Portal	
UQZCQKXJAXKZQH-LBPRGKRZSA-N	https://doi.org/	10.1016/j.ccell.2021.06.018	https://dx.doi.org/10.1016/j.ccell.2021.06.018	Chemical Probes Portal	
JZCWLJDSIRUGIN-UHFFFAOYSA-N	https://doi.org/	10.1038/cddis.2012.181	https://dx.doi.org/10.1038/cddis.2012.181	Chemical Probes Portal	
JZCWLJDSIRUGIN-UHFFFAOYSA-N	https://doi.org/	10.1158/0008-5472.CAN-13-3369	https://dx.doi.org/10.1158/0008-5472.CAN-13-3369	Chemical Probes Portal	
LCFFREMLXLZNHE-GBOLQPHISA-N	https://doi.org/	10.1021/acs.jmedchem.1c01170	https://dx.doi.org/10.1021/acs.jmedchem.1c01170	Chemical Probes Portal	
FUIYMYNYUHVDPT-HDJSIYSDSA-N	https://doi.org/	10.1021/jm801507v	https://dx.doi.org/10.1021/jm801507v	Chemical Probes Portal	
XOPYFXBZMVTEJF-PDACKIITSA-N		http://cancerres.aacrjournals.org/content/58/6/1111.long	http://cancerres.aacrjournals.org/content/58/6/1111.long	Chemical Probes Portal	
XOPYFXBZMVTEJF-PDACKIITSA-N		http://www.pnas.org/content/96/8/4256.long	http://www.pnas.org/content/96/8/4256.long	Chemical Probes Portal	
XOPYFXBZMVTEJF-PDACKIITSA-N	https://doi.org/	10.1021/bi983023n	http://pubs.acs.org.libproxy.lib.unc.edu/doi/abs/10.1021/bi983023n	Chemical Probes Portal	
XOPYFXBZMVTEJF-PDACKIITSA-N		https://link.springer.com/article/10.1007%2Fs002800050957	https://link.springer.com/article/10.1007%2Fs002800050957	Chemical Probes Portal	
XOPYFXBZMVTEJF-PDACKIITSA-N	https://doi.org/	10.1021/ja9717828	www.doi.org/10.1021/ja9717828	Chemical Probes Portal	
XOPYFXBZMVTEJF-PDACKIITSA-N	https://pubmed.ncbi.nlm.nih.gov/	9515790	https://www.ncbi.nlm.nih.gov/pubmed/9515790	Chemical Probes Portal	
XOPYFXBZMVTEJF-PDACKIITSA-N	https://pubmed.ncbi.nlm.nih.gov/	10200249	https://www.ncbi.nlm.nih.gov/pubmed/10200249	Chemical Probes Portal	
XOPYFXBZMVTEJF-PDACKIITSA-N	https://pubmed.ncbi.nlm.nih.gov/	10220336	https://www.ncbi.nlm.nih.gov/pubmed/10220336	Chemical Probes Portal	
XOPYFXBZMVTEJF-PDACKIITSA-N	https://pubmed.ncbi.nlm.nih.gov/	10412947	https://www.ncbi.nlm.nih.gov/pubmed/10412947	Chemical Probes Portal	
GRTDDIZIUSADLD-CRAIPNDOSA-N	https://doi.org/	10.1021/acs.jmedchem.2c00834	https://dx.doi.org/10.1021/acs.jmedchem.2c00834	Chemical Probes Portal	
OXQNLLVUVDAEHC-OAQYLSRUSA-N	https://doi.org/	10.1016/j.bmcl.2012.07.060	https://dx.doi.org/10.1016/j.bmcl.2012.07.060	Chemical Probes Portal	
PKNYXWMTHFMHKD-UHFFFAOYSA-N	https://doi.org/	10.1016/S0960-894X(01)00188-3	https://dx.doi.org/10.1016/S0960-894X(01)00188-3	Chemical Probes Portal	
HRJWSEPIRZRGCL-UHFFFAOYSA-N	https://doi.org/	10.1111/j.1476-5381.2010.00730.x	https://dx.doi.org/10.1111/j.1476-5381.2010.00730.x	Chemical Probes Portal	
KBFUQFVFYYBHBT-UHFFFAOYSA-N	https://doi.org/	10.1073/pnas.97.14.8151	https://dx.doi.org/10.1073/pnas.97.14.8151	Chemical Probes Portal	
OYUDYQMFVRHPIY-UHFFFAOYSA-N	https://doi.org/	10.1021/acs.jmedchem.1c02110	https://dx.doi.org/10.1021/acs.jmedchem.1c02110	Chemical Probes Portal	
USHQRIKZLHNPQR-JTQLQIEISA-N	https://doi.org/	10.1021/acs.jmedchem.1c00343	https://dx.doi.org/10.1021/acs.jmedchem.1c00343	Chemical Probes Portal	
PQUGCKBLVKJMNT-UHFFFAOYSA-N	https://doi.org/	10.1073/pnas.95.22.13313	https://dx.doi.org/10.1073/pnas.95.22.13313	Chemical Probes Portal	
PQUGCKBLVKJMNT-UHFFFAOYSA-N	https://pubmed.ncbi.nlm.nih.gov/	12935431	https://pubmed.ncbi.nlm.nih.gov/12935431	Chemical Probes Portal	
WWOOWAHTEXIWBO-QFRSUPTLSA-N	https://doi.org/	10.1021/acsmedchemlett.8b00014	https://dx.doi.org/10.1021/acsmedchemlett.8b00014	Chemical Probes Portal	
WULUGQONDYDNKY-UHFFFAOYSA-N	https://doi.org/	10.1021/acsmedchemlett.9b00480	https://dx.doi.org/10.1021/acsmedchemlett.9b00480	Chemical Probes Portal	
WULUGQONDYDNKY-UHFFFAOYSA-N	https://doi.org/	10.1158/1535-7163.MCT-19-0789	https://dx.doi.org/10.1158/1535-7163.MCT-19-0789	Chemical Probes Portal	
CJAQCMBWGUOBIX-ZUQRMPMESA-M	https://doi.org/	10.1523/JNEUROSCI.4742-12.2013	https://dx.doi.org/10.1523/JNEUROSCI.4742-12.2013	Chemical Probes Portal	
YEVOZZZLKJKCCD-UHFFFAOYSA-N	https://doi.org/	10.1021/ml300123a	https://dx.doi.org/10.1021/ml300123a	Chemical Probes Portal	
PRNXOFBDXNTIFG-FQEVSTJZSA-N	https://doi.org/	10.18632/oncotarget.18215	https://dx.doi.org/10.18632/oncotarget.18215	Chemical Probes Portal	
PRNXOFBDXNTIFG-FQEVSTJZSA-N	https://doi.org/	10.1007/s11095-019-2735-z	https://dx.doi.org/10.1007/s11095-019-2735-z	Chemical Probes Portal	
PQOOIERVZAXHBP-UHFFFAOYSA-N	https://doi.org/	10.1038/nchembio.1157	www.doi.org/10.1038/nchembio.1157	Chemical Probes Portal	
PQOOIERVZAXHBP-UHFFFAOYSA-N	https://pubmed.ncbi.nlm.nih.gov/	23292653	http://www.ncbi.nlm.nih.gov/pubmed/23292653	Chemical Probes Portal	
COOGVHJHSCBOQT-MRVPVSSYSA-N	https://doi.org/	10.1021/jm401727m	https://dx.doi.org/10.1021/jm401727m	Chemical Probes Portal	
DLNFTRSEHUWEGO-HUUCEWRRSA-N		https://pubmed.ncbi.nlm.nih.gov/not yet available	https://pubmed.ncbi.nlm.nih.gov/not yet available	Chemical Probes Portal	
LIIWIMDSZVNYHY-UHFFFAOYSA-N		http://www.nature.com/npp/journal/v39/n2/full/npp2013207a.html	http://www.nature.com/npp/journal/v39/n2/full/npp2013207a.html	Chemical Probes Portal	
LIIWIMDSZVNYHY-UHFFFAOYSA-N	https://pubmed.ncbi.nlm.nih.gov/	23954848	https://www.ncbi.nlm.nih.gov/pubmed/23954848	Chemical Probes Portal	
PDMXSCCBEBCTGX-UHFFFAOYSA-N	https://doi.org/	10.1016/j.bmc.2017.02.045	https://dx.doi.org/10.1016/j.bmc.2017.02.045	Chemical Probes Portal	
QBIGUDRHHJTXKG-UUWRZZSWSA-N	https://doi.org/	10.1038/s41598-021-90497-9	https://dx.doi.org/10.1038/s41598-021-90497-9	Chemical Probes Portal	
JYTISQGEFSHUIR-UHFFFAOYSA-N	https://doi.org/	10.1016/j.bmcl.2021.128208	https://dx.doi.org/10.1016/j.bmcl.2021.128208	Chemical Probes Portal	
GRXCLNMCJWKTAT-UHFFFAOYSA-N	https://doi.org/	10.1021/acs.jmedchem.5b01008	https://dx.doi.org/10.1021/acs.jmedchem.5b01008	Chemical Probes Portal	
VGRLXWFIXGZRMS-UHFFFAOYSA-N		https://pubmed.ncbi.nlm.nih.gov/not yet published	https://pubmed.ncbi.nlm.nih.gov/not yet published	Chemical Probes Portal	
PGKXDIMONUAMFR-AREMUKBSSA-N	https://doi.org/	10.1016/0024-3205(92)90352-p	https://dx.doi.org/10.1016/0024-3205(92)90352-p	Chemical Probes Portal	
PWKAYICUBVNJAZ-UHFFFAOYSA-N	https://doi.org/	10.1021/acs.jmedchem.0c01712	https://dx.doi.org/10.1021/acs.jmedchem.0c01712	Chemical Probes Portal	
MSTXJJGAXXJCBY-UHFFFAOYSA-N	https://doi.org/	10.1021/jm100814g	https://dx.doi.org/10.1021/jm100814g	Chemical Probes Portal	
VHSVKVWHYFBIFJ-HKZYLEAXSA-N	https://doi.org/	10.1038/nchembio775	https://dx.doi.org/10.1038/nchembio775	Chemical Probes Portal	
IVDUVEGCMXCMSO-FQEVSTJZSA-N	https://doi.org/	10.1038/nchembio.1427	https://dx.doi.org/10.1038/nchembio.1427	Chemical Probes Portal	
WOAOENGFAAUUGT-UHFFFAOYSA-N	https://doi.org/	10.1038/s41589-019-0310-x	https://dx.doi.org/10.1038/s41589-019-0310-x	Chemical Probes Portal	
HRJWTAWVFDCTGO-UHFFFAOYSA-N	https://doi.org/	10.1021/jm049768a	https://dx.doi.org/10.1021/jm049768a	Chemical Probes Portal	
HRJWTAWVFDCTGO-UHFFFAOYSA-N	https://doi.org/	10.1124/dmd.112.048488	https://dx.doi.org/10.1124/dmd.112.048488	Chemical Probes Portal	
BZZKEPGENYLQSC-FIBGUPNXSA-N	https://doi.org/	10.1021/acs.jmedchem.9b00444	https://dx.doi.org/10.1021/acs.jmedchem.9b00444	Chemical Probes Portal	
XUKUURHRXDUEBC-KAYWLYCHSA-N	https://doi.org/	10.1021/jm800001n	https://doi.org/10.1021/jm800001n	Chemical Probes Portal	
XUKUURHRXDUEBC-KAYWLYCHSA-N	https://doi.org/	10.1124/dmd.113.054783	https://doi.org/10.1124/dmd.113.054783	Chemical Probes Portal	
XUKUURHRXDUEBC-KAYWLYCHSA-N	https://pubmed.ncbi.nlm.nih.gov/	18412317	https://pubmed.ncbi.nlm.nih.gov/18412317/	Chemical Probes Portal	
XUKUURHRXDUEBC-KAYWLYCHSA-N	https://pubmed.ncbi.nlm.nih.gov/	24194513	https://pubmed.ncbi.nlm.nih.gov/24194513/	Chemical Probes Portal	
WDHOIABIERMLGY-CMJOXMDJSA-N	https://doi.org/	10.1021/acs.jmedchem.0c01163	https://doi.org/10.1021/acs.jmedchem.0c01163	Chemical Probes Portal	
WDHOIABIERMLGY-CMJOXMDJSA-N	https://pubmed.ncbi.nlm.nih.gov/	32910656	https://pubmed.ncbi.nlm.nih.gov/32910656/	Chemical Probes Portal	
YTINZZFBHWSAGL-NDEPHWFRSA-N	https://doi.org/	10.1021/acs.jmedchem.9b01928	https://dx.doi.org/10.1021/acs.jmedchem.9b01928	Chemical Probes Portal	
VNCIWNGCMAKKEO-UHFFFAOYSA-N	https://doi.org/	10.1021/acs.jmedchem.2c01106	https://dx.doi.org/10.1021/acs.jmedchem.2c01106	Chemical Probes Portal	
VRQMAABPASPXMW-HDICACEKSA-N	https://doi.org/	10.1158/0008-5472.CAN-11-3034	www.doi.org/10.1158/0008-5472.CAN-11-3034	Chemical Probes Portal	
VRQMAABPASPXMW-HDICACEKSA-N	https://pubmed.ncbi.nlm.nih.gov/	22369928	https://www.ncbi.nlm.nih.gov/pubmed/?term=22369928	Chemical Probes Portal	
AVKAVKZKOFSSMY-DEOSSOPVSA-N	https://doi.org/	10.1021/acs.jmedchem.9b00112	https://dx.doi.org/10.1021/acs.jmedchem.9b00112	Chemical Probes Portal	
QGNDVASWIHEXCL-AWEZNQCLSA-N	https://doi.org/	10.1002/anie.201810617	www.doi.org/10.1002/anie.201810617	Chemical Probes Portal	
QGNDVASWIHEXCL-AWEZNQCLSA-N	https://doi.org/	10.1101/2021.02.08.430291	www.doi.org/10.1101/2021.02.08.430291	Chemical Probes Portal	
QGNDVASWIHEXCL-AWEZNQCLSA-N	https://pubmed.ncbi.nlm.nih.gov/	30288907	https://pubmed.ncbi.nlm.nih.gov/30288907/	Chemical Probes Portal	
QCIJLRJBZDBVDB-UHFFFAOYSA-N	https://doi.org/	10.1021/ml5002932	https://dx.doi.org/10.1021/ml5002932	Chemical Probes Portal	
ZKIRTFGYQVXNGL-UHFFFAOYSA-N	https://doi.org/	10.1021/acsmedchemlett.7b00132	https://dx.doi.org/10.1021/acsmedchemlett.7b00132	Chemical Probes Portal	
AQTNUGRRZDRZIA-UHFFFAOYSA-N	https://doi.org/	10.1021/acs.jmedchem.0c01242	www.doi.org/10.1021/acs.jmedchem.0c01242	Chemical Probes Portal	
AQTNUGRRZDRZIA-UHFFFAOYSA-N	https://pubmed.ncbi.nlm.nih.gov/	33216538	https://pubmed.ncbi.nlm.nih.gov/33216538/	Chemical Probes Portal	
RZFJBSIAXYEPBX-UHFFFAOYSA-N	https://doi.org/	10.1016/j.bmcl.2012.08.107	https://dx.doi.org/10.1016/j.bmcl.2012.08.107	Chemical Probes Portal	
IXWUILRSNIQHDM-QGZVFWFLSA-N	https://doi.org/	10.1101/2021.02.08.430291	https://doi.org/10.1101/2021.02.08.430291	Chemical Probes Portal	
INAICWLVUAKEPB-QSTFCLMHSA-N		http://advances.sciencemag.org/content/1/10/e1500723	http://advances.sciencemag.org/content/1/10/e1500723	Chemical Probes Portal	
INAICWLVUAKEPB-QSTFCLMHSA-N	https://doi.org/	10.1021/acs.jmedchem.6b00012	http://pubs.acs.org/doi/abs/10.1021/acs.jmedchem.6b00012	Chemical Probes Portal	
INAICWLVUAKEPB-QSTFCLMHSA-N	https://doi.org/	10.1172/JCI123557	www.doi.org/10.1172/JCI123557	Chemical Probes Portal	
INAICWLVUAKEPB-QSTFCLMHSA-N	https://doi.org/	10.1158/0008-5472.CAN-14-3798	www.doi.org/10.1158/0008-5472.CAN-14-3798	Chemical Probes Portal	
INAICWLVUAKEPB-QSTFCLMHSA-N	https://pubmed.ncbi.nlm.nih.gov/	26702435	https://www.ncbi.nlm.nih.gov/pubmed/26702435	Chemical Probes Portal	
INAICWLVUAKEPB-QSTFCLMHSA-N	https://pubmed.ncbi.nlm.nih.gov/	27115555	https://www.ncbi.nlm.nih.gov/pubmed/27115555	Chemical Probes Portal	
INAICWLVUAKEPB-QSTFCLMHSA-N	https://pubmed.ncbi.nlm.nih.gov/	26139243	https://www.ncbi.nlm.nih.gov/pubmed/26139243	Chemical Probes Portal	
INAICWLVUAKEPB-QSTFCLMHSA-N	https://pubmed.ncbi.nlm.nih.gov/	30496141	https://www.ncbi.nlm.nih.gov/pubmed/30496141	Chemical Probes Portal	
GWGNPYYVGANHRJ-GDBMZVCRSA-N	https://doi.org/	10.3324/haematol.2018.213462	https://dx.doi.org/10.3324/haematol.2018.213462	Chemical Probes Portal	
AUOSKLDNVNGKRR-UHFFFAOYSA-N	https://doi.org/	10.1021/acs.jmedchem.8b01213	https://dx.doi.org/10.1021/acs.jmedchem.8b01213	Chemical Probes Portal	
KGXBCWANASZZQG-UHFFFAOYSA-N	https://doi.org/	10.1016/j.bmcl.2017.08.016	https://dx.doi.org/10.1016/j.bmcl.2017.08.016	Chemical Probes Portal	
ZRTFTZCKJUNZIU-HNNXBMFYSA-N	https://doi.org/	10.1101/2021.02.08.430291	www.doi.org/10.1101/2021.02.08.430291	Chemical Probes Portal	
CZKPAGLXQOQNEI-UHFFFAOYSA-N	https://doi.org/	10.1002/cmdc.201700196/abstract;jsessionid=E1DA8D079D35506DB622BB1A87D3121B.f02t01	http://onlinelibrary.wiley.com/doi/10.1002/cmdc.201700196/abstract;jsessionid=E1DA8D079D35506DB622BB1A87D3121B.f02t01	Chemical Probes Portal	
CZKPAGLXQOQNEI-UHFFFAOYSA-N	https://pubmed.ncbi.nlm.nih.gov/	28523727	https://www.ncbi.nlm.nih.gov/pubmed/28523727	Chemical Probes Portal	
JKJMWHULJIOKPJ-UHFFFAOYSA-N	https://doi.org/	10.1038/nchembio.1105	https://dx.doi.org/10.1038/nchembio.1105	Chemical Probes Portal	
TXJZRSRTYPUYRW-GHTZIAJQSA-N		http://www.sciencedirect.com/science/article/pii/S1074552108000835	http://www.sciencedirect.com/science/article/pii/S1074552108000835	Chemical Probes Portal	
TXJZRSRTYPUYRW-GHTZIAJQSA-N		http://www.cell.com/cell/abstract/S0092-8674(13)01544-4	http://www.cell.com/cell/abstract/S0092-8674(13)01544-4	Chemical Probes Portal	
TXJZRSRTYPUYRW-GHTZIAJQSA-N	https://pubmed.ncbi.nlm.nih.gov/	18355723	http://www.ncbi.nlm.nih.gov/pubmed/18355723	Chemical Probes Portal	
TXJZRSRTYPUYRW-GHTZIAJQSA-N	https://pubmed.ncbi.nlm.nih.gov/	24439385	http://www.ncbi.nlm.nih.gov/pubmed/24439385	Chemical Probes Portal	
ARYUXFNGXHNNDM-UHFFFAOYSA-N	https://doi.org/	10.1021/jm9005065	https://dx.doi.org/10.1021/jm9005065	Chemical Probes Portal	
WQAVGRAETZEADU-UHFFFAOYSA-N	https://doi.org/	10.1021/acs.jmedchem.1c01012	https://dx.doi.org/10.1021/acs.jmedchem.1c01012	Chemical Probes Portal	
MLJVGAYSVYMPSB-MSUKGTQXSA-N	https://doi.org/	10.1038/s41467-020-16271-z	https://dx.doi.org/10.1038/s41467-020-16271-z	Chemical Probes Portal	
CDJPHTNUARAVMH-SECBINFHSA-N	https://doi.org/	10.1021/acs.jmedchem.5b01528	https://pubs.acs.org/doi/10.1021/acs.jmedchem.5b01528	Chemical Probes Portal	
HFNKQEVNSGCOJV-OAHLLOKOSA-N		http://www.bloodjournal.org/content/early/2010/02/03/blood-2009-04-214957	http://www.bloodjournal.org/content/early/2010/02/03/blood-2009-04-214957	Chemical Probes Portal	
HFNKQEVNSGCOJV-OAHLLOKOSA-N	https://pubmed.ncbi.nlm.nih.gov/	20130243	http://www.ncbi.nlm.nih.gov/pubmed/20130243	Chemical Probes Portal	
OQFCHSFVWSLDAO-UHFFFAOYSA-N	https://doi.org/	10.1038/s41589-020-0506-0	https://dx.doi.org/10.1038/s41589-020-0506-0	Chemical Probes Portal	
WSEQXVZVJXJVFP-FQEVSTJZSA-N	https://doi.org/	10.1038/nature17629	https://dx.doi.org/10.1038/nature17629	Chemical Probes Portal	
WSEQXVZVJXJVFP-FQEVSTJZSA-N	https://doi.org/	10.1124/dmd.112.045682	https://dx.doi.org/10.1124/dmd.112.045682	Chemical Probes Portal	
AJBBEYXFRYFVNM-UHFFFAOYSA-N	https://doi.org/	10.1021/jm990421v	https://dx.doi.org/10.1021/jm990421v	Chemical Probes Portal	
HNOLTAKAPDKZRY-AWEZNQCLSA-N	https://doi.org/	10.1038/s41589-019-0225-6	https://dx.doi.org/10.1038/s41589-019-0225-6	Chemical Probes Portal	
KJDAGXLMHXUAGV-DGWLBADLSA-N	https://doi.org/	10.1038/nm.4474	www.doi.org/10.1038/nm.4474	Chemical Probes Portal	
KJDAGXLMHXUAGV-DGWLBADLSA-N	https://doi.org/	10.1016/j.str.2017.05.001	www.doi.org/10.1016/j.str.2017.05.001	Chemical Probes Portal	
KJDAGXLMHXUAGV-DGWLBADLSA-N	https://doi.org/	10.1038/s41375-018-0167-0	www.doi.org/10.1038/s41375-018-0167-0	Chemical Probes Portal	
KJDAGXLMHXUAGV-DGWLBADLSA-N	https://pubmed.ncbi.nlm.nih.gov/	29334375	https://pubmed.ncbi.nlm.nih.gov/29334375/	Chemical Probes Portal	
KJDAGXLMHXUAGV-DGWLBADLSA-N	https://pubmed.ncbi.nlm.nih.gov/	28578874	https://pubmed.ncbi.nlm.nih.gov/28578874	Chemical Probes Portal	
KJDAGXLMHXUAGV-DGWLBADLSA-N	https://pubmed.ncbi.nlm.nih.gov/	29884901	https://pubmed.ncbi.nlm.nih.gov/29884901	Chemical Probes Portal	
FLNYLINBEZROPL-NSOVKSMOSA-N	https://doi.org/	10.1021/jm2017072	https://dx.doi.org/10.1021/jm2017072	Chemical Probes Portal	
CMJJZRAAQMUAFH-INIZCTEOSA-N	https://doi.org/	10.1021/acs.jmedchem.6b00140	https://dx.doi.org/10.1021/acs.jmedchem.6b00140	Chemical Probes Portal	
MSIJJXOWLFOYIN-UHFFFAOYSA-N	https://doi.org/	10.1039/d0ob00506a	https://dx.doi.org/ 10.1039/d0ob00506a	Chemical Probes Portal	
FFLJVBPCONQSQW-UHFFFAOYSA-N		https://pubmed.ncbi.nlm.nih.gov/Peer Reviewed at SGC	https://pubmed.ncbi.nlm.nih.gov/Peer Reviewed at SGC	Chemical Probes Portal	
IESAJAZKMLPVIB-VXGBXAGGSA-N	https://doi.org/	10.1021/acs.jmedchem.2c01830	https://dx.doi.org/10.1021/acs.jmedchem.2c01830	Chemical Probes Portal	
PEMUGDMSUDYLHU-ZEQRLZLVSA-N	https://doi.org/	10.1021/acs.jmedchem.9b02052	https://doi.org/10.1021/acs.jmedchem.9b02052	Chemical Probes Portal	
PEMUGDMSUDYLHU-ZEQRLZLVSA-N	https://doi.org/	10.1158/2159-8290.CD-19-1167	www.doi.org/10.1158/2159-8290.CD-19-1167	Chemical Probes Portal	
PEMUGDMSUDYLHU-ZEQRLZLVSA-N	https://pubmed.ncbi.nlm.nih.gov/	32250617	https://pubmed.ncbi.nlm.nih.gov/32250617/	Chemical Probes Portal	
PEMUGDMSUDYLHU-ZEQRLZLVSA-N	https://pubmed.ncbi.nlm.nih.gov/	31658955	https://pubmed.ncbi.nlm.nih.gov/31658955/	Chemical Probes Portal	
NXQKSXLFSAEQCZ-SFHVURJKSA-N	https://doi.org/	10.1021/acs.jmedchem.9b01180	https://doi.org/10.1021/acs.jmedchem.9b01180	Chemical Probes Portal	
NXQKSXLFSAEQCZ-SFHVURJKSA-N	https://doi.org/	10.1038/s41586-019-1694-1	https://doi.org/10.1038/s41586-019-1694-1	Chemical Probes Portal	
NXQKSXLFSAEQCZ-SFHVURJKSA-N	https://pubmed.ncbi.nlm.nih.gov/	31820981	https://pubmed.ncbi.nlm.nih.gov/31820981/	Chemical Probes Portal	
NXQKSXLFSAEQCZ-SFHVURJKSA-N	https://pubmed.ncbi.nlm.nih.gov/	31666701	https://pubmed.ncbi.nlm.nih.gov/31666701/	Chemical Probes Portal	
CAPZLSKZPWSIKV-LJQANCHMSA-N		https://pubmed.ncbi.nlm.nih.gov/Peer reviewed at SGC	https://pubmed.ncbi.nlm.nih.gov/Peer reviewed at SGC	Chemical Probes Portal	
RIGHCDSORZCRDE-UHFFFAOYSA-N		https://pubmed.ncbi.nlm.nih.gov/Peer reviewed at SGC	https://pubmed.ncbi.nlm.nih.gov/Peer reviewed at SGC	Chemical Probes Portal	
RAXZSEGXMBWYQK-SNVBAGLBSA-N	https://doi.org/	10.7554/eLife.34311	https://dx.doi.org/10.7554/eLife.34311	Chemical Probes Portal	
MVCOAUNKQVWQHZ-UHFFFAOYSA-N	https://doi.org/	10.1021/jm030121k	https://dx.doi.org/10.1021/jm030121k	Chemical Probes Portal	
RHFIAUKMKYHHFA-UHFFFAOYSA-N	https://doi.org/	10.1021/jm5013984	www.doi.org/10.1021/jm5013984	Chemical Probes Portal	
RHFIAUKMKYHHFA-UHFFFAOYSA-N	https://doi.org/	10.1021/acs.jmedchem.5b01072	www.doi.org/10.1021/acs.jmedchem.5b01072	Chemical Probes Portal	
RHFIAUKMKYHHFA-UHFFFAOYSA-N	https://pubmed.ncbi.nlm.nih.gov/	25341110	https://pubmed.ncbi.nlm.nih.gov/25341110/	Chemical Probes Portal	
RHFIAUKMKYHHFA-UHFFFAOYSA-N	https://pubmed.ncbi.nlm.nih.gov/	26431428	https://pubmed.ncbi.nlm.nih.gov/26431428/	Chemical Probes Portal	
LUVOYGUFQRWXGQ-UHFFFAOYSA-N	https://doi.org/	10.1158/1538-7445.AM2022-2133	https://dx.doi.org/10.1158/1538-7445.AM2022-2133	Chemical Probes Portal	
MCLDWKVRXDHDEI-UHFFFAOYSA-N	https://doi.org/	10.7554/eLife.88206	https://dx.doi.org/10.7554/eLife.88206	Chemical Probes Portal	
VSMTYSWGHKYXOF-UHFFFAOYSA-N	https://doi.org/	10.1021/acsmedchemlett.1c00273	https://dx.doi.org/10.1021/acsmedchemlett.1c00273	Chemical Probes Portal	
NWTCZTAQSRLSCP-UHFFFAOYSA-N	https://doi.org/	10.7554/eLife.45457	https://dx.doi.org/10.7554/eLife.45457	Chemical Probes Portal	
DRSZMILOMUPIBJ-UHFFFAOYSA-N	https://doi.org/	10.1021/ml500240d	https://dx.doi.org/10.1021/ml500240d	Chemical Probes Portal	
ZLHFILGSQDJULK-UHFFFAOYSA-N	https://doi.org/	10.1021/cb100053q	https://dx.doi.org/10.1021/cb100053q	Chemical Probes Portal	
ZLHFILGSQDJULK-UHFFFAOYSA-N	https://doi.org/	10.1158/1078-0432.CCR-11-1536	https://dx.doi.org/10.1158/1078-0432.CCR-11-1536	Chemical Probes Portal	
CWLAIOPWFOOJHQ-QHCPKHFHSA-N	https://doi.org/	10.1021/acs.jmedchem.3c00393	https://dx.doi.org/10.1021/acs.jmedchem.3c00393	Chemical Probes Portal	
NCDZABJPWMBMIQ-INIZCTEOSA-N	https://doi.org/	10.1021/jm300592r	https://dx.doi.org/10.1021/jm300592r	Chemical Probes Portal	
XDJGNPSZQSWJCV-UHFFFAOYSA-N	https://doi.org/	10.1021/acs.jmedchem.6b01634	https://dx.doi.org/10.1021/acs.jmedchem.6b01634	Chemical Probes Portal	
UZWDCWONPYILKI-UHFFFAOYSA-N	https://doi.org/	10.1007/s10637-014-0120-7	https://dx.doi.org/10.1007/s10637-014-0120-7	Chemical Probes Portal	
QJZQFVRFJCGDKF-UHFFFAOYSA-N	https://doi.org/	10.1021/jm901771h	https://dx.doi.org/10.1021/jm901771h	Chemical Probes Portal	
YOVVNQKCSKSHKT-HNNXBMFYSA-N	https://doi.org/	10.1021/jm2009327	https://dx.doi.org/10.1021/jm2009327	Chemical Probes Portal	
GBLBJPZSROAGMF-RWYJCYHVSA-N	https://doi.org/	10.1016/j.bmcl.2021.128149	https://dx.doi.org/10.1016/j.bmcl.2021.128149	Chemical Probes Portal	
HWVNEWGKWRGSRK-UHFFFAOYSA-N	https://doi.org/	10.1016/s0960-894x(03)00207-5	https://dx.doi.org/10.1016/s0960-894x(03)00207-5	Chemical Probes Portal	
KVLFRAWTRWDEDF-IRXDYDNUSA-N	https://doi.org/	10.1158/0008-5472.CAN-09-1751	https://dx.doi.org/10.1158/0008-5472.CAN-09-1751	Chemical Probes Portal	
HFLMLZKGLUEWBU-UHFFFAOYSA-N	https://doi.org/	10.1021/ml200070g	https://dx.doi.org/10.1021/ml200070g	Chemical Probes Portal	
UKBQFBRPXKGJPY-INIZCTEOSA-N	https://doi.org/	10.1021/acs.jmedchem.2c01200	https://dx.doi.org/10.1021/acs.jmedchem.2c01200	Chemical Probes Portal	
OAZAPIKYVGRNCO-UHFFFAOYSA-N	https://doi.org/	10.1021/acs.jmedchem.1c02078	https://dx.doi.org/10.1021/acs.jmedchem.1c02078	Chemical Probes Portal	
RSMYFSPOTCDHHJ-GOSISDBHSA-N	https://doi.org/	10.1021/acs.jmedchem.6b00070	https://dx.doi.org/10.1021/acs.jmedchem.6b00070	Chemical Probes Portal	
GOOYSJIWTIHOGW-UHFFFAOYSA-N	https://doi.org/	10.1124/jpet.116.235333	https://dx.doi.org/10.1124/jpet.116.235333	Chemical Probes Portal	
JKDGKIBAOAFRPJ-ZBINZKHDSA-N	https://doi.org/	10.1021/acs.jmedchem.7b00231	https://dx.doi.org/10.1021/acs.jmedchem.7b00231	Chemical Probes Portal	
SJHNWSAWWOAWJH-MRXNPFEDSA-N	https://doi.org/	10.1021/acsmedchemlett.0c00255	https://dx.doi.org/10.1021/acsmedchemlett.0c00255	Chemical Probes Portal	
DJVYXMINSBMUHH-QAQDUYKDSA-N	https://doi.org/	10.1021/acs.jmedchem.7b01290	https://dx.doi.org/10.1021/acs.jmedchem.7b01290	Chemical Probes Portal	
CDQQWCLOMUMQMM-UHFFFAOYSA-N	https://doi.org/	10.1021/acs.jmedchem.7b01254	https://dx.doi.org/10.1021/acs.jmedchem.7b01254	Chemical Probes Portal	
RQFYFNAGNBUGFC-UHFFFAOYSA-N	https://doi.org/	10.1002/anie.201603797	https://dx.doi.org/10.1002/anie.201603797	Chemical Probes Portal	
COGUZYALRYMQTD-LJQANCHMSA-N	https://doi.org/	10.1021/acs.jmedchem.9b01929	https://dx.doi.org/10.1021/acs.jmedchem.9b01929	Chemical Probes Portal	
WQVPGYMGERDXLH-UHFFFAOYSA-N	https://doi.org/	10.1021/acsmedchemlett.0c00378	https://dx.doi.org/10.1021/acsmedchemlett.0c00378	Chemical Probes Portal	
IWMCPJZTADUIFX-UHFFFAOYSA-N	https://doi.org/	10.1038/nchembio.538	https://dx.doi.org/10.1038/nchembio.538	Chemical Probes Portal	
FWJRVGZWNDOOFH-OAHLLOKOSA-N	https://doi.org/	10.1038/nchembio804	https://dx.doi.org/10.1038/nchembio804	Chemical Probes Portal	
QJSFLEBIQZMJQF-UHFFFAOYSA-N	https://doi.org/	10.1016/j.ejmech.2021.113889	https://dx.doi.org/10.1016/j.ejmech.2021.113889	Chemical Probes Portal	
NIPTUMFVYBXSMZ-JOCHJYFZSA-N	https://doi.org/	10.1021/acs.jmedchem.0c02160	https://dx.doi.org/10.1021/acs.jmedchem.0c02160	Chemical Probes Portal	
WDBUEMWHXKHQNB-NNAUULPKSA-N	https://doi.org/	10.1002/anie.202101328	https://dx.doi.org/10.1002/anie.202101328	Chemical Probes Portal	
LWXOPXNDPRPGMJ-UHFFFAOYSA-N	https://doi.org/	10.1016/j.chembiol.2020.08.014	https://dx.doi.org/10.1016/j.chembiol.2020.08.014	Chemical Probes Portal	
KOZGEDUWAQFVAV-UHFFFAOYSA-N	https://doi.org/	10.1038/s41589-021-00898-0	https://dx.doi.org/10.1038/s41589-021-00898-0	Chemical Probes Portal	
DMUSMYYDKCXFKR-MRJIRHQNSA-N	https://doi.org/	10.1016/j.ejmech.2021.113481	https://dx.doi.org/10.1016/j.ejmech.2021.113481	Chemical Probes Portal	
VNSQFPFWUAZOTQ-UHFFFAOYSA-N	https://doi.org/	10.1016/j.chembiol.2023.07.005	https://dx.doi.org/10.1016/j.chembiol.2023.07.005	Chemical Probes Portal	
LXRBPWHQMGKMRT-GOSISDBHSA-N	https://doi.org/	10.1021/acs.jmedchem.2c01933	https://dx.doi.org/10.1021/acs.jmedchem.2c01933	Chemical Probes Portal	
XUOJHVFYSAMHNK-GWMXKSKGSA-N	https://doi.org/	10.1021/acs.jmedchem.3c00788	https://dx.doi.org/10.1021/acs.jmedchem.3c00788	Chemical Probes Portal	
IVOACCSOISMVBL-UHFFFAOYSA-N	https://doi.org/	10.1016/j.bmcl.2020.127243	https://dx.doi.org/10.1016/j.bmcl.2020.127243	Chemical Probes Portal	
HEUVRFNVTLGKMZ-SANMLTNESA-N	https://doi.org/	10.1158/1078-0432.CCR-04-2041	www.doi.org/10.1158/1078-0432.CCR-04-2041	Chemical Probes Portal	
HEUVRFNVTLGKMZ-SANMLTNESA-N	https://doi.org/	10.1158/1078-0432.CCR-04-2386	www.doi.org/10.1158/1078-0432.CCR-04-2386	Chemical Probes Portal	
HEUVRFNVTLGKMZ-SANMLTNESA-N	https://doi.org/	10.1016/j.healun.2004.06.006	www.doi.org/10.1016/j.healun.2004.06.006	Chemical Probes Portal	
HEUVRFNVTLGKMZ-SANMLTNESA-N	https://doi.org/	10.1126/science.1124875	www.doi.org/10.1126/science.1124875	Chemical Probes Portal	
HEUVRFNVTLGKMZ-SANMLTNESA-N	https://doi.org/	10.1097/00001813-200511000-00004	www.doi.org/10.1097/00001813-200511000-00004	Chemical Probes Portal	
HEUVRFNVTLGKMZ-SANMLTNESA-N	https://pubmed.ncbi.nlm.nih.gov/	15837760	https://pubmed.ncbi.nlm.nih.gov/15837760/	Chemical Probes Portal	
HEUVRFNVTLGKMZ-SANMLTNESA-N	https://pubmed.ncbi.nlm.nih.gov/	15930366	https://pubmed.ncbi.nlm.nih.gov/15930366/	Chemical Probes Portal	
HEUVRFNVTLGKMZ-SANMLTNESA-N	https://pubmed.ncbi.nlm.nih.gov/	16143263	https://pubmed.ncbi.nlm.nih.gov/16143263/	Chemical Probes Portal	
HEUVRFNVTLGKMZ-SANMLTNESA-N	https://pubmed.ncbi.nlm.nih.gov/	16484451	https://pubmed.ncbi.nlm.nih.gov/16484451/	Chemical Probes Portal	
HEUVRFNVTLGKMZ-SANMLTNESA-N	https://pubmed.ncbi.nlm.nih.gov/	16222147	https://pubmed.ncbi.nlm.nih.gov/16222147/	Chemical Probes Portal	
DNVXATUJJDPFDM-KRWDZBQOSA-N	https://doi.org/	10.1038/nature09504	www.doi.org/10.1038/nature09504	Chemical Probes Portal	
DNVXATUJJDPFDM-KRWDZBQOSA-N	https://pubmed.ncbi.nlm.nih.gov/	20871596	http://www.ncbi.nlm.nih.gov/pubmed/20871596	Chemical Probes Portal	
NZYTZRHHBAJPKN-UHFFFAOYSA-N	https://doi.org/	10.1038/s41467-019-13652-x	www.doi.org/10.1038/s41467-019-13652-x	Chemical Probes Portal	
NZYTZRHHBAJPKN-UHFFFAOYSA-N	https://pubmed.ncbi.nlm.nih.gov/	31848333	https://pubmed.ncbi.nlm.nih.gov/31848333	Chemical Probes Portal	
RCINICONZNJXQF-MZXODVADSA-N		https://www.nature.com/nature/journal/v277/n5698/abs/277665a0.html	https://www.nature.com/nature/journal/v277/n5698/abs/277665a0.html	Chemical Probes Portal	
RCINICONZNJXQF-MZXODVADSA-N		http://www.jbc.org/content/269/5/3132.long	http://www.jbc.org/content/269/5/3132.long	Chemical Probes Portal	
RCINICONZNJXQF-MZXODVADSA-N		http://www.cell.com/cell/fulltext/S0092-8674(14)00483-8?_returnURL=http%3A%2F%2Flinkinghub.elsevier.com%2Fretrieve%2Fpii%2FS0092867414004838%3Fshowall%3Dtrue	http://www.cell.com/cell/fulltext/S0092-8674(14)00483-8?_returnURL=http%3A%2F%2Flinkinghub.elsevier.com%2Fretrieve%2Fpii%2FS0092867414004838%3Fshowall%3Dtrue	Chemical Probes Portal	
RCINICONZNJXQF-MZXODVADSA-N		http://www.sciencedirect.com/science/article/pii/S0022283617300153	http://www.sciencedirect.com/science/article/pii/S0022283617300153	Chemical Probes Portal	
RCINICONZNJXQF-MZXODVADSA-N		http://www.pnas.org/content/96/8/4256.long	http://www.pnas.org/content/96/8/4256.long	Chemical Probes Portal	
RCINICONZNJXQF-MZXODVADSA-N	https://pubmed.ncbi.nlm.nih.gov/	423966	https://www.ncbi.nlm.nih.gov/pubmed/423966	Chemical Probes Portal	
RCINICONZNJXQF-MZXODVADSA-N	https://pubmed.ncbi.nlm.nih.gov/	7906266	https://www.ncbi.nlm.nih.gov/pubmed/7906266	Chemical Probes Portal	
RCINICONZNJXQF-MZXODVADSA-N	https://pubmed.ncbi.nlm.nih.gov/	24855948	https://www.ncbi.nlm.nih.gov/pubmed/24855948	Chemical Probes Portal	
RCINICONZNJXQF-MZXODVADSA-N	https://pubmed.ncbi.nlm.nih.gov/	28104363	https://www.ncbi.nlm.nih.gov/pubmed/28104363	Chemical Probes Portal	
RCINICONZNJXQF-MZXODVADSA-N	https://pubmed.ncbi.nlm.nih.gov/	9491787	https://www.ncbi.nlm.nih.gov/pubmed/9491787	Chemical Probes Portal	
RCINICONZNJXQF-MZXODVADSA-N	https://pubmed.ncbi.nlm.nih.gov/	10200249	https://www.ncbi.nlm.nih.gov/pubmed/10200249	Chemical Probes Portal	
BDYDINKSILYBOL-WMZHIEFXSA-N	https://doi.org/	10.1038/nchembio.1735	www.doi.org/10.1038/nchembio.1735	Chemical Probes Portal	
BDYDINKSILYBOL-WMZHIEFXSA-N	https://pubmed.ncbi.nlm.nih.gov/	25622091	http://www.ncbi.nlm.nih.gov/pubmed/25622091	Chemical Probes Portal	
DUCNNEYLFOQFSW-PMERELPUSA-N	https://doi.org/	10.1038/nchembio.1930	www.doi.org/10.1038/nchembio.1930	Chemical Probes Portal	
DUCNNEYLFOQFSW-PMERELPUSA-N	https://pubmed.ncbi.nlm.nih.gov/	26436839	http://www.ncbi.nlm.nih.gov/pubmed/26436839	Chemical Probes Portal	
RPBMXJHQYJLPDN-UHFFFAOYSA-N	https://doi.org/	10.1021/acs.jmedchem.9b01980	https://dx.doi.org/10.1021/acs.jmedchem.9b01980	Chemical Probes Portal	
RNEOHKZPZKEZCQ-UHFFFAOYSA-N	https://doi.org/	10.1021/acs.jmedchem.6b01379	https://dx.doi.org/10.1021/acs.jmedchem.6b01379	Chemical Probes Portal	
UYKVJQCPBDDIFD-ZSEKCTLFSA-N	https://doi.org/	10.1021/acsmedchemlett.9b00186	https://dx.doi.org/10.1021/acsmedchemlett.9b00186	Chemical Probes Portal	
RMCSKUADBRROSI-UHFFFAOYSA-N	https://doi.org/	10.1021/jm049039v	https://dx.doi.org/10.1021/jm049039v	Chemical Probes Portal	
RWRSKMSFZCQDMQ-UHFFFAOYSA-N	https://doi.org/	10.1021/acs.jmedchem.1c01942	https://dx.doi.org/10.1021/acs.jmedchem.1c01942	Chemical Probes Portal	
RIWTUJFFSTVYPW-UHFFFAOYSA-N	https://doi.org/	10.1021/acs.jmedchem.0c00395	https://dx.doi.org/10.1021/acs.jmedchem.0c00395	Chemical Probes Portal	
QARLNMDDSQMINK-BVRKHOPBSA-N	https://doi.org/	10.1158/2159-8290.CD-21-1156	https://dx.doi.org/10.1158/2159-8290.CD-21-1156	Chemical Probes Portal	
HKASDKLLEVWKJA-YADARESESA-N	https://doi.org/	10.1021/jm500431d	https://dx.doi.org/10.1021/jm500431d	Chemical Probes Portal	
MDUYWDNWFXSMJJ-XWLWVQCSSA-N	https://doi.org/	10.1021/acs.jmedchem.0c00944	https://dx.doi.org/10.1021/acs.jmedchem.0c00944	Chemical Probes Portal	
XRDVXQQZLHVEQZ-UHFFFAOYSA-N	https://doi.org/	10.1021/jm4008664	https://dx.doi.org/10.1021/jm4008664	Chemical Probes Portal	
MZBOZBMARIQZGX-GRRGFIRHSA-N	https://doi.org/	10.1021/jm4005708	http://pubs.acs.org/doi/abs/10.1021/jm4005708	Chemical Probes Portal	
MZBOZBMARIQZGX-GRRGFIRHSA-N	https://pubmed.ncbi.nlm.nih.gov/	23786219	https://www.ncbi.nlm.nih.gov/pubmed/23786219	Chemical Probes Portal	
LZNFQRSVDZCPTR-SCFUHWHPSA-N		http://pubs.rsc.org/is/content/articlelanding/2015/sc/c5sc01351h#!divAbstract	http://pubs.rsc.org/is/content/articlelanding/2015/sc/c5sc01351h#!divAbstract	Chemical Probes Portal	
LZNFQRSVDZCPTR-SCFUHWHPSA-N	https://doi.org/	10.1021/ja4099643	http://pubs.acs.org/doi/abs/10.1021/ja4099643	Chemical Probes Portal	
LZNFQRSVDZCPTR-SCFUHWHPSA-N	https://pubmed.ncbi.nlm.nih.gov/	24138456	https://www.ncbi.nlm.nih.gov/pubmed/24138456	Chemical Probes Portal	
UNRTVIQQMJRQLZ-UHFFFAOYSA-N	https://doi.org/	10.1038/s43018-023-00577-0	https://dx.doi.org/10.1038/s43018-023-00577-0	Chemical Probes Portal	
LQHDIGAYVSAVRJ-UHFFFAOYSA-N		http://www.nature.com/nchembio/journal/vaop/ncurrent/full/nchembio.2210.html	http://www.nature.com/nchembio/journal/vaop/ncurrent/full/nchembio.2210.html	Chemical Probes Portal	
LQHDIGAYVSAVRJ-UHFFFAOYSA-N	https://pubmed.ncbi.nlm.nih.gov/	27775716	https://www.ncbi.nlm.nih.gov/pubmed/?term=27775716	Chemical Probes Portal	
BWBUPDTUXQDHSX-AWEZNQCLSA-N	https://doi.org/	10.1021/acs.jmedchem.9b01803	https://dx.doi.org/10.1021/acs.jmedchem.9b01803	Chemical Probes Portal	
ZRHWCAFAIHTQKD-QGZVFWFLSA-N	https://doi.org/	10.1073/pnas.1015248108	https://dx.doi.org/ 10.1073/pnas.1015248108	Chemical Probes Portal	
CQAPXPSWLDAVEG-UHFFFAOYSA-N	https://doi.org/	10.1021/acs.jmedchem.1c02078	https://dx.doi.org/10.1021/acs.jmedchem.1c02078	Chemical Probes Portal	
YNVKFHIWFDRVNY-UHFFFAOYSA-N	https://doi.org/	10.1021/jm301258w	https://dx.doi.org/10.1021/jm301258w	Chemical Probes Portal	
OBJNFLYHUXWUPF-IZZDOVSWSA-N	https://doi.org/	10.1038/nature13393	www.doi.org/10.1038/nature13393	Chemical Probes Portal	
OBJNFLYHUXWUPF-IZZDOVSWSA-N	https://pubmed.ncbi.nlm.nih.gov/	25043025	http://www.ncbi.nlm.nih.gov/pubmed/25043025	Chemical Probes Portal	
QVQHWPLHUNEREE-UHFFFAOYSA-N	https://doi.org/	10.1021/acs.jmedchem.2c01693	https://dx.doi.org/10.1021/acs.jmedchem.2c01693	Chemical Probes Portal	
XVFDNRYZXDHTHT-PXAZEXFGSA-N	https://doi.org/	10.1158/2159-8290.CD-20-0142	https://dx.doi.org/10.1158/2159-8290.CD-20-0142	Chemical Probes Portal	
IVYQPSHHYIAUFO-VXKWHMMOSA-N	https://doi.org/	10.1124/jpet.108.139295	https://dx.doi.org/10.1124/jpet.108.139295	Chemical Probes Portal	
IVYQPSHHYIAUFO-VXKWHMMOSA-N	https://doi.org/	10.1124/jpet.107.134551	https://dx.doi.org/10.1124/jpet.107.134551	Chemical Probes Portal	
RVOZYMPVGIVNJX-UHFFFAOYSA-N	https://doi.org/	10.1021/acs.jmedchem.2c01267	https://dx.doi.org/10.1021/acs.jmedchem.2c01267	Chemical Probes Portal	
DFQGDHBGRSTTHX-UHFFFAOYSA-N	https://doi.org/	10.1021/jm2008369	https://dx.doi.org/10.1021/jm2008369	Chemical Probes Portal	
HNIFCPBQMKPRCX-UHFFFAOYSA-N	https://doi.org/	10.1016/j.bmcl.2009.11.097	https://dx.doi.org/10.1016/j.bmcl.2009.11.097	Chemical Probes Portal	
REQQVBGILUTQNN-UHFFFAOYSA-N	https://doi.org/	10.1021/acs.jmedchem.7b00032	https://dx.doi.org/10.1021/acs.jmedchem.7b00032	Chemical Probes Portal	
YJPWVCIGSHWNON-UHFFFAOYSA-N	https://doi.org/	10.1016/S0960-894X(98)00469-7	https://dx.doi.org/10.1016/S0960-894X(98)00469-7	Chemical Probes Portal	
YJPWVCIGSHWNON-UHFFFAOYSA-N	https://doi.org/	10.1124/jpet.109.165084	https://dx.doi.org/10.1124/jpet.109.165084	Chemical Probes Portal	
MCIACXAZCBVDEE-CUUWFGFTSA-N	https://doi.org/	10.1021/jm200049r	https://dx.doi.org/10.1021/jm200049r	Chemical Probes Portal	
TVMJSGGZULFVCZ-XMMPIXPASA-N	https://doi.org/	10.1038/sj.bjp.0702084	https://dx.doi.org/10.1038/sj.bjp.0702084	Chemical Probes Portal	
ZAGCLFXBHOXXEN-JPTLTNPLSA-N	https://doi.org/	10.1021/acs.jmedchem.8b01413	www.doi.org/10.1021/acs.jmedchem.8b01413	Chemical Probes Portal	
ZAGCLFXBHOXXEN-JPTLTNPLSA-N	https://pubmed.ncbi.nlm.nih.gov/	30540463	https://pubmed.ncbi.nlm.nih.gov/30540463/	Chemical Probes Portal	
YIHHYCIYAIVQKX-MBIULKOWSA-N	https://doi.org/	10.1158/1535-7163.MCT-21-0615	https://dx.doi.org/10.1158/1535-7163.MCT-21-0615	Chemical Probes Portal	
MSFPLTWUFWOKBX-IFXJQAMLSA-O	https://doi.org/	10.1002/anie.201610816/abstract	http://onlinelibrary.wiley.com/doi/10.1002/anie.201610816/abstract	Chemical Probes Portal	
MSFPLTWUFWOKBX-IFXJQAMLSA-O	https://pubmed.ncbi.nlm.nih.gov/	27966810	https://www.ncbi.nlm.nih.gov/pubmed/27966810	Chemical Probes Portal	
BBIPVJCGIASXJB-PKTZIBPZSA-N	https://doi.org/	10.1021/acs.jmedchem.5b01751	https://dx.doi.org/10.1021/acs.jmedchem.5b01751	Chemical Probes Portal	
BBIPVJCGIASXJB-PKTZIBPZSA-N	https://doi.org/	10.1007/s00213-016-4346-2	https://dx.doi.org/10.1007/s00213-016-4346-2	Chemical Probes Portal	
SPMVMDHWKHCIDT-UHFFFAOYSA-N	https://doi.org/	10.1158/0008-5472.CAN-05-4290	https://dx.doi.org/10.1158/0008-5472.CAN-05-4290	Chemical Probes Portal	
ZRPZPNYZFSJUPA-UHFFFAOYSA-N	https://doi.org/	10.1016/j.cell.2018.01.006	www.doi.org/10.1016/j.cell.2018.01.006	Chemical Probes Portal	
ZRPZPNYZFSJUPA-UHFFFAOYSA-N	https://doi.org/	10.1158/1078-0432.CCR-19-3523	www.doi.org/10.1158/1078-0432.CCR-19-3523	Chemical Probes Portal	
ZRPZPNYZFSJUPA-UHFFFAOYSA-N	https://doi.org/	10.1038/s41467-020-16309-2	www.doi.org/10.1038/s41467-020-16309-2	Chemical Probes Portal	
ZRPZPNYZFSJUPA-UHFFFAOYSA-N	https://pubmed.ncbi.nlm.nih.gov/	29373830	https://pubmed.ncbi.nlm.nih.gov/29373830	Chemical Probes Portal	
ZRPZPNYZFSJUPA-UHFFFAOYSA-N	https://pubmed.ncbi.nlm.nih.gov/	31776128	https://pubmed.ncbi.nlm.nih.gov/31776128	Chemical Probes Portal	
ZRPZPNYZFSJUPA-UHFFFAOYSA-N	https://pubmed.ncbi.nlm.nih.gov/	32499547	https://pubmed.ncbi.nlm.nih.gov/32499547	Chemical Probes Portal	
NDRFFOKFYGUOKD-ZDUSSCGKSA-N	https://doi.org/	10.1021/acsmedchemlett.2c00502	https://dx.doi.org/10.1021/acsmedchemlett.2c00502	Chemical Probes Portal	
PJKRNPPUSQSCHN-UHFFFAOYSA-N	https://doi.org/	10.1016/j.ejmech.2023.116038	https://dx.doi.org/10.1016/j.ejmech.2023.116038	Chemical Probes Portal	
BLSNYSFLZAWBIV-SFHVURJKSA-N	https://doi.org/	10.1038/nature24451	https://dx.doi.org/10.1038/nature24451	Chemical Probes Portal	
QGPXEIMWTKWHMH-DEOSSOPVSA-N	https://doi.org/	10.1021/jm501185j	https://dx.doi.org/10.1021/jm501185j	Chemical Probes Portal	
AAHNBILIYONQLX-UHFFFAOYSA-N	https://doi.org/	10.1016/j.bmcl.2015.06.032	https://dx.doi.org/10.1016/j.bmcl.2015.06.032	Chemical Probes Portal	
FRPJGTNLZNXQEX-UHFFFAOYSA-N	https://doi.org/	10.1073/pnas.0308292101	https://dx.doi.org/10.1073/pnas.0308292101	Chemical Probes Portal	
FRPJGTNLZNXQEX-UHFFFAOYSA-N	https://doi.org/	10.1021/jm030505a	https://dx.doi.org/10.1021/jm030505a	Chemical Probes Portal	
WDZVWDXOIGQJIO-UHFFFAOYSA-N	https://doi.org/	10.1016/j.bmcl.2005.10.009	https://dx.doi.org/10.1016/j.bmcl.2005.10.009	Chemical Probes Portal	
WDZVWDXOIGQJIO-UHFFFAOYSA-N	https://doi.org/	10.1124/jpet.105.100271	https://dx.doi.org/10.1124/jpet.105.100271	Chemical Probes Portal	
LWJGMYMNSNVCEM-UHFFFAOYSA-N	https://doi.org/	10.1111/j.1476-5381.2011.01495.x	https://dx.doi.org/10.1111/j.1476-5381.2011.01495.x	Chemical Probes Portal	
BEBDKSYNJJVZSO-SECBINFHSA-N	https://doi.org/	10.1016/j.bmc.2021.116576	https://dx.doi.org/10.1016/j.bmc.2021.116576	Chemical Probes Portal	
SWOIFXHMBKFCRM-UHFFFAOYSA-N	https://doi.org/	10.1002/anie.202217532	https://dx.doi.org/10.1002/anie.202217532	Chemical Probes Portal	
FOECKIWHCOYYFL-UHFFFAOYSA-N	https://doi.org/	10.1016/j.bmcl.2010.12.113	https://dx.doi.org/10.1016/j.bmcl.2010.12.113	Chemical Probes Portal	
UNSHMXUHOHBLIQ-UHFFFAOYSA-N	https://doi.org/	10.1021/acs.jmedchem.2c00441	https://dx.doi.org/10.1021/acs.jmedchem.2c00441	Chemical Probes Portal	
ZGBAPSHWPBXEKN-OPHFCASCSA-N		https://pubmed.ncbi.nlm.nih.gov/SGC	https://pubmed.ncbi.nlm.nih.gov/SGC	Chemical Probes Portal	
QVIWDCUKIZPUBD-WLRWWHNQSA-N	https://doi.org/	10.1038/s41589-021-00900-9	https://dx.doi.org/10.1038/s41589-021-00900-9	Chemical Probes Portal	
XFYUTGIEFKGWND-NRFANRHFSA-N	https://doi.org/	10.1021/jm500550e	www.doi.org/10.1021/jm500550e	Chemical Probes Portal	
XFYUTGIEFKGWND-NRFANRHFSA-N	https://pubmed.ncbi.nlm.nih.gov/	24918870	https://www.ncbi.nlm.nih.gov/pubmed/24918870	Chemical Probes Portal	
KIWKRCCIHSGWQS-VIFPVBQESA-N	https://doi.org/	10.1021/jacs.0c07726	https://dx.doi.org/10.1021/jacs.0c07726	Chemical Probes Portal	
OMZCMEYTWSXEPZ-UHFFFAOYSA-N	https://doi.org/	10.1021/jm990482t	www.doi.org/10.1021/jm990482t	Chemical Probes Portal	
OMZCMEYTWSXEPZ-UHFFFAOYSA-N	https://doi.org/	10.1016/j.bbrc.2011.09.118	www.doi.org/10.1016/j.bbrc.2011.09.118	Chemical Probes Portal	
OMZCMEYTWSXEPZ-UHFFFAOYSA-N	https://doi.org/	10.1016/s0093-7754(01)90285-4	www.doi.org/10.1016/s0093-7754(01)90285-4	Chemical Probes Portal	
OMZCMEYTWSXEPZ-UHFFFAOYSA-N	https://pubmed.ncbi.nlm.nih.gov/	10753475	https://pubmed.ncbi.nlm.nih.gov/10753475/	Chemical Probes Portal	
OMZCMEYTWSXEPZ-UHFFFAOYSA-N	https://pubmed.ncbi.nlm.nih.gov/	21982771	https://pubmed.ncbi.nlm.nih.gov/21982771/	Chemical Probes Portal	
OMZCMEYTWSXEPZ-UHFFFAOYSA-N	https://pubmed.ncbi.nlm.nih.gov/	11706399	https://pubmed.ncbi.nlm.nih.gov/11706399	Chemical Probes Portal	
BMLGZNVPWRUVNM-IBGZPJMESA-N	https://doi.org/	10.1021/ml400501x	www.doi.org/10.1021/ml400501x	Chemical Probes Portal	
BMLGZNVPWRUVNM-IBGZPJMESA-N	https://pubmed.ncbi.nlm.nih.gov/	24900872	https://www.ncbi.nlm.nih.gov/pubmed/24900872	Chemical Probes Portal	
DRIMIUYGTDAQOX-KRWDZBQOSA-N	https://doi.org/	10.1038/nchembio.140	https://dx.doi.org/10.1038/nchembio.140	Chemical Probes Portal	
LZSPYTNDRPEZBK-OXYJHPMESA-N		https://pubmed.ncbi.nlm.nih.gov/peer reviewed at SGC	https://pubmed.ncbi.nlm.nih.gov/peer reviewed at SGC	Chemical Probes Portal	
LZSPYTNDRPEZBK-OXYJHPMESA-N	https://doi.org/	10.6019/CHEMBL4630906	https://dx.doi.org/10.6019/CHEMBL4630906	Chemical Probes Portal	
FSELUFUYNUNZKD-UHFFFAOYSA-N	https://doi.org/	10.1016/j.ccell.2019.09.004	https://dx.doi.org/10.1016/j.ccell.2019.09.004	Chemical Probes Portal	
FSELUFUYNUNZKD-UHFFFAOYSA-N	https://doi.org/	10.1016/j.ccell.2019.09.004	https://dx.doi.org/ 10.1016/j.ccell.2019.09.004	Chemical Probes Portal	
CYFBRQHYEQKYHH-MRXNPFEDSA-N		https://pubmed.ncbi.nlm.nih.gov/peer reviewed at SGC	https://pubmed.ncbi.nlm.nih.gov/peer reviewed at SGC	Chemical Probes Portal	
CYFBRQHYEQKYHH-MRXNPFEDSA-N	https://doi.org/	10.6019/CHEMBL4800731	https://dx.doi.org/10.6019/CHEMBL4800731	Chemical Probes Portal	
AESXAJXKMUNYJP-ZWFIUULVSA-N	https://doi.org/	10.1016/j.bmcl.2011.12.117	https://dx.doi.org/10.1016/j.bmcl.2011.12.117	Chemical Probes Portal	
CSBKUBOVPUXFLO-MAVVKCOWSA-N	https://doi.org/	10.1126/scitranslmed.aaa4642	https://dx.doi.org/10.1126/scitranslmed.aaa4642	Chemical Probes Portal	
CLSNATLUIXZPMV-UHFFFAOYSA-N	https://doi.org/	10.1016/j.chembiol.2013.01.012	https://dx.doi.org/10.1016/j.chembiol.2013.01.012	Chemical Probes Portal	
CLSNATLUIXZPMV-UHFFFAOYSA-N	https://doi.org/	10.1124/jpet.116.233114	https://dx.doi.org/10.1124/jpet.116.233114	Chemical Probes Portal	
NTIFDLOQPKMIJK-AJTFRIOCSA-N	https://doi.org/	10.1021/ml300063m	https://dx.doi.org/10.1021/ml300063m	Chemical Probes Portal	
VERWOWGGCGHDQE-UHFFFAOYSA-N	https://doi.org/	10.1021/jm400402q	www.doi.org/10.1021/jm400402q	Chemical Probes Portal	
VERWOWGGCGHDQE-UHFFFAOYSA-N	https://pubmed.ncbi.nlm.nih.gov/	23742252	https://pubmed.ncbi.nlm.nih.gov/23742252/	Chemical Probes Portal	
NRJKIOCCERLIDG-GOSISDBHSA-N	https://doi.org/	10.1158/1535-7163.MCT-15-0500	www.doi.org/10.1158/1535-7163.MCT-15-0500	Chemical Probes Portal	
NRJKIOCCERLIDG-GOSISDBHSA-N	https://doi.org/	10.1021/acs.jmedchem.9b02035	www.doi.org/10.1021/acs.jmedchem.9b02035	Chemical Probes Portal	
NRJKIOCCERLIDG-GOSISDBHSA-N	https://pubmed.ncbi.nlm.nih.gov/	26832791	https://pubmed.ncbi.nlm.nih.gov/26832791/	Chemical Probes Portal	
NRJKIOCCERLIDG-GOSISDBHSA-N	https://pubmed.ncbi.nlm.nih.gov/	32338514	https://pubmed.ncbi.nlm.nih.gov/32338514/	Chemical Probes Portal	
BRJXJOWXAFLRTE-OAQYLSRUSA-N	https://doi.org/	10.1016/j.bmcl.2016.09.047	https://dx.doi.org/10.1016/j.bmcl.2016.09.047	Chemical Probes Portal	
XOQVZSSDIQQUGO-UHFFFAOYSA-N	https://doi.org/	10.1158/2159-8290.CD-23-0475	https://dx.doi.org/10.1158/2159-8290.CD-23-0475	Chemical Probes Portal	
URWYQGVSPQJGGB-DHUJRADRSA-N	https://doi.org/	10.1021/jm501915g	https://dx.doi.org/10.1021/jm501915g	Chemical Probes Portal	
HDZWHJYZJWLTAG-UHFFFAOYSA-N	https://doi.org/	10.1021/cb300541g	https://doi.org/10.1021/cb300541g	Chemical Probes Portal	
HDZWHJYZJWLTAG-UHFFFAOYSA-N	https://doi.org/	10.1016/j.molmet.2015.01.009	www.doi.org/10.1016/j.molmet.2015.01.009	Chemical Probes Portal	
HDZWHJYZJWLTAG-UHFFFAOYSA-N	https://doi.org/	10.1021/acsptsci.8b00003	www.doi.org/10.1021/acsptsci.8b00003	Chemical Probes Portal	
HDZWHJYZJWLTAG-UHFFFAOYSA-N	https://pubmed.ncbi.nlm.nih.gov/	23237488	https://pubmed.ncbi.nlm.nih.gov/23237488/	Chemical Probes Portal	
HDZWHJYZJWLTAG-UHFFFAOYSA-N	https://pubmed.ncbi.nlm.nih.gov/	25830098	https://pubmed.ncbi.nlm.nih.gov/25830098/	Chemical Probes Portal	
HDZWHJYZJWLTAG-UHFFFAOYSA-N	https://pubmed.ncbi.nlm.nih.gov/	31696159	https://pubmed.ncbi.nlm.nih.gov/31696159/	Chemical Probes Portal	
BJXYHBKEQFQVES-NWDGAFQWSA-N	https://doi.org/	10.1124/jpet.120.000275	https://dx.doi.org/10.1124/jpet.120.000275	Chemical Probes Portal	
BXKNUXDLZJPPBO-UHFFFAOYSA-N	https://doi.org/	10.1021/jm401395s	https://dx.doi.org/10.1021/jm401395s	Chemical Probes Portal	
WCPXAGKUVIPMIY-TZQLILQPSA-N	https://doi.org/	10.1021/acs.jmedchem.2c00267	https://dx.doi.org/10.1021/acs.jmedchem.2c00267	Chemical Probes Portal	
VHSIAYLBCLUAFT-UHFFFAOYSA-N	https://doi.org/	10.1016/j.bmcl.2005.10.028	https://dx.doi.org/10.1016/j.bmcl.2005.10.028	Chemical Probes Portal	
AZXOTZCWQDJCLY-SJCJKPOMSA-N	https://doi.org/	10.1097/FJC.0000000000000677	https://dx.doi.org/10.1097/FJC.0000000000000677	Chemical Probes Portal	
APLVGTKXOIMODQ-IBGZPJMESA-N		https://pubmed.ncbi.nlm.nih.gov/Peer reviewed at SGC	https://pubmed.ncbi.nlm.nih.gov/Peer reviewed at SGC	Chemical Probes Portal	
MHMPZSOMHQSWEN-UHFFFAOYSA-N	https://doi.org/	10.1021/acs.jmedchem.2c01886	https://dx.doi.org/10.1021/acs.jmedchem.2c01886	Chemical Probes Portal	
WGYWHJPQFQGLOQ-UHFFFAOYSA-N	https://doi.org/	10.1038/s41586-022-05204-z	https://dx.doi.org/10.1038/s41586-022-05204-z	Chemical Probes Portal	
TXIYVFVMXNFNRX-UHFFFAOYSA-N	https://doi.org/	10.3390/cells12020287	https://dx.doi.org/10.3390/cells12020287	Chemical Probes Portal	
MAHFVAHPQSLLJF-IBGZPJMESA-N	https://doi.org/	10.1021/acs.jmedchem.7b01647	https://dx.doi.org/10.1021/acs.jmedchem.7b01647	Chemical Probes Portal	
BNYXRPMABDQJJR-UHFFFAOYSA-N	https://doi.org/	10.1021/acs.jmedchem.0c01174	https://dx.doi.org/10.1021/acs.jmedchem.0c01174	Chemical Probes Portal	
PIJSEUOSRTYUJM-UHFFFAOYSA-N	https://doi.org/	10.1021/acs.jmedchem.3c02217	https://dx.doi.org/10.1021/acs.jmedchem.3c02217	Chemical Probes Portal	
UCBIQZUJJSVQHL-UHFFFAOYSA-N	https://doi.org/	10.1021/acsmedchemlett.9b00399	https://dx.doi.org/10.1021/acsmedchemlett.9b00399	Chemical Probes Portal	
WBFJDKLBAAHKIL-UHFFFAOYSA-N	https://doi.org/	10.1021/acs.jmedchem.2c01705	https://dx.doi.org/10.1021/acs.jmedchem.2c01705	Chemical Probes Portal	
DVIVLYHDLNAXAT-OAQYLSRUSA-N	https://doi.org/	10.1021/acs.jmedchem.1c01245	https://dx.doi.org/10.1021/acs.jmedchem.1c01245	Chemical Probes Portal	
HZRJHVDNTDBTOZ-QGZVFWFLSA-N	https://doi.org/	10.1021/acs.jmedchem.9b01460	www.doi.org/10.1021/acs.jmedchem.9b01460	Chemical Probes Portal	
HZRJHVDNTDBTOZ-QGZVFWFLSA-N	https://pubmed.ncbi.nlm.nih.gov/	31859507	https://www.ncbi.nlm.nih.gov/pubmed/31859507	Chemical Probes Portal	
LHGUZCKPFXXVPV-GOSISDBHSA-N		http://www.sciencedirect.com/science/article/pii/S1074552114003421	http://www.sciencedirect.com/science/article/pii/S1074552114003421	Chemical Probes Portal	
LHGUZCKPFXXVPV-GOSISDBHSA-N	https://pubmed.ncbi.nlm.nih.gov/	25457180	http://www.ncbi.nlm.nih.gov/pubmed/?term=25457180	Chemical Probes Portal	
QKKIWEILHCXECO-UHFFFAOYSA-N	https://doi.org/	10.1021/jm401094t	www.doi.org/10.1021/jm401094t	Chemical Probes Portal	
QKKIWEILHCXECO-UHFFFAOYSA-N	https://pubmed.ncbi.nlm.nih.gov/	24044867	http://www.ncbi.nlm.nih.gov/pubmed/24044867	Chemical Probes Portal	
KLGDKBPAEMOECW-UHFFFAOYSA-N	https://doi.org/	10.1021/jacs.2c05030	https://dx.doi.org/10.1021/jacs.2c05030	Chemical Probes Portal	
KIEQQZZDWUNUQK-UHFFFAOYSA-N	https://doi.org/	10.1093/narcan/zcad022	https://dx.doi.org/10.1093/narcan/zcad022	Chemical Probes Portal	
KIEQQZZDWUNUQK-UHFFFAOYSA-N	https://doi.org/	10.1038/s43018-021-00249-x	https://dx.doi.org/10.1038/s43018-021-00249-x	Chemical Probes Portal	
HLHNFJNSQZZUNW-MAEOIBBWSA-N	https://doi.org/	10.1038/s41589-024-01618-0	https://dx.doi.org/10.1038/s41589-024-01618-0	Chemical Probes Portal	
GCWIQUVXWZWCLE-INIZCTEOSA-N	https://doi.org/	10.1021/acs.jmedchem.5b01882	http://pubs.acs.org/doi/abs/10.1021/acs.jmedchem.5b01882	Chemical Probes Portal	
GCWIQUVXWZWCLE-INIZCTEOSA-N	https://pubmed.ncbi.nlm.nih.gov/	26815195	https://www.ncbi.nlm.nih.gov/pubmed/26815195	Chemical Probes Portal	
AUIFRJWXYUNPPV-QFIPXVFZSA-N	https://doi.org/	10.1021/ml500387y	https://dx.doi.org/10.1021/ml500387y	Chemical Probes Portal	
KHVVJKLNKLQLJZ-SFHVURJKSA-N	https://doi.org/	10.1021/acs.jmedchem.7b01647	https://dx.doi.org/10.1021/acs.jmedchem.7b01647	Chemical Probes Portal	
SAAYRHKJHDIDPH-UHFFFAOYSA-N	https://doi.org/	10.1021/acschembio.5b00655	https://dx.doi.org/10.1021/acschembio.5b00655	Chemical Probes Portal	
VGFHPNRWHOQLEB-UHFFFAOYSA-N	https://doi.org/	10.1016/j.crchbi.2022.100036	https://dx.doi.org/10.1016/j.crchbi.2022.100036	Chemical Probes Portal	
FHCSBLWRGCOVPT-UHFFFAOYSA-N	https://doi.org/	10.1021/jm201724m	https://dx.doi.org/10.1021/jm201724m	Chemical Probes Portal	
WQNRDXHKVSKUPI-UHFFFAOYSA-N	https://doi.org/	10.1021/acschembio.6b00250	https://dx.doi.org/10.1021/acschembio.6b00250	Chemical Probes Portal	
VUIITYLFSAXKIQ-UHFFFAOYSA-N	https://doi.org/	10.18632/oncotarget.24883	https://dx.doi.org/10.18632/oncotarget.24883	Chemical Probes Portal	
WQKXOAJVNFOHNZ-UHFFFAOYSA-N	https://doi.org/	10.1158/1535-7163.MCT-17-0077	https://dx.doi.org/10.1158/1535-7163.MCT-17-0077	Chemical Probes Portal	
KTACUAZSJJIUKD-QXONSOMPSA-N	https://doi.org/	10.1021/acs.jmedchem.0c02144	https://dx.doi.org/10.1021/acs.jmedchem.0c02144	Chemical Probes Portal	
IEFFSHLHNYVSEF-UHFFFAOYSA-N	https://doi.org/	10.1038/s41467-016-0008-7	https://dx.doi.org/10.1038/s41467-016-0008-7	Chemical Probes Portal	
LVEUPFUJRKZPEN-UHFFFAOYSA-N	https://doi.org/	10.1021/acschembio.0c00076	https://dx.doi.org/10.1021/acschembio.0c00076	Chemical Probes Portal	
DDKHTWASHUKHLD-UHFFFAOYSA-N	https://doi.org/	10.1021/ml5003376	https://dx.doi.org/10.1021/ml5003376	Chemical Probes Portal	
YCFFONJEHNSECY-UHFFFAOYSA-N	https://doi.org/	10.1021/acs.jmedchem.2c00173	https://dx.doi.org/10.1021/acs.jmedchem.2c00173	Chemical Probes Portal	
DZIHITUUUPJMOQ-UHFFFAOYSA-N	https://doi.org/	10.1039/D3MD00039G	https://dx.doi.org/10.1039/D3MD00039G	Chemical Probes Portal	
JRJKATLTRNXYCE-UHFFFAOYSA-N	https://doi.org/	10.1021/acsmedchemlett.5b00498	https://dx.doi.org/10.1021/acsmedchemlett.5b00498	Chemical Probes Portal	
IFSDAJWBUCMOAH-HNNXBMFYSA-N	https://doi.org/	10.1182/blood-2010-03-275305	https://dx.doi.org/10.1182/blood-2010-03-275305	Chemical Probes Portal	
BXDZOYLPNAIDOC-UHFFFAOYSA-N	https://doi.org/	10.1038/nchembio.2538	www.doi.org/10.1038/nchembio.2538	Chemical Probes Portal	
BXDZOYLPNAIDOC-UHFFFAOYSA-N	https://pubmed.ncbi.nlm.nih.gov/	29251720	https://pubmed.ncbi.nlm.nih.gov/29251720/	Chemical Probes Portal	
WGMNFJAFXXXRLZ-GEVKEYJPSA-N	https://doi.org/	10.1021/acs.jmedchem.1c00868	https://dx.doi.org/10.1021/acs.jmedchem.1c00868	Chemical Probes Portal	
OCQCKUTZHBQNEI-UHFFFAOYSA-N	https://doi.org/	10.1021/acschemneuro.3c00135	https://dx.doi.org/10.1021/acschemneuro.3c00135	Chemical Probes Portal	
PFZRXJIYAFANHP-IBGZPJMESA-N	https://doi.org/	10.1016/j.isci.2018.09.012	www.doi.org/10.1016/j.isci.2018.09.012	Chemical Probes Portal	
PFZRXJIYAFANHP-IBGZPJMESA-N	https://pubmed.ncbi.nlm.nih.gov/	30292171	https://pubmed.ncbi.nlm.nih.gov/30292171/	Chemical Probes Portal	
KGJVKYSVVOQPDL-UHFFFAOYSA-N	https://doi.org/	10.1158/2159-8290.CD-23-0954	https://dx.doi.org/10.1158/2159-8290.CD-23-0954	Chemical Probes Portal	
MRHRACKJKBOJEI-UHFFFAOYSA-N	https://doi.org/	10.1038/s41589-022-01015-5	https://dx.doi.org/10.1038/s41589-022-01015-5	Chemical Probes Portal	
ZOIBZSZLMJDVDQ-UHFFFAOYSA-N	https://doi.org/	10.1038/nchembio.1084	https://dx.doi.org/10.1038/nchembio.1084	Chemical Probes Portal	
XASOHFCUIQARJT-UHFFFAOYSA-N	https://doi.org/	10.1021/acs.jmedchem.3c02246	https://dx.doi.org/10.1021/acs.jmedchem.3c02246	Chemical Probes Portal	
JCSGFHVFHSKIJH-UHFFFAOYSA-N	https://doi.org/	10.1016/s1074-5521(00)00025-9	https://dx.doi.org/10.1016/s1074-5521(00)00025-9	Chemical Probes Portal	
HEVVNKYNJCSHFA-UHFFFAOYSA-N	https://doi.org/	10.1021/acsmedchemlett.2c00530	https://dx.doi.org/10.1021/acsmedchemlett.2c00530	Chemical Probes Portal	
KFRGPUFONMCXQI-RUZDIDTESA-N	https://doi.org/	10.1021/acs.jmedchem.1c02069	https://dx.doi.org/10.1021/acs.jmedchem.1c02069	Chemical Probes Portal	
XKFTZKGMDDZMJI-HSZRJFAPSA-N	https://doi.org/	10.1021/jm060897w	https://dx.doi.org/10.1021/jm060897w	Chemical Probes Portal	
QPGYAMIHXLCFTJ-UHFFFAOYSA-N	https://doi.org/	10.1038/nature05415	https://dx.doi.org/ 10.1038/nature05415	Chemical Probes Portal	
QPGYAMIHXLCFTJ-UHFFFAOYSA-N	https://doi.org/	10.1038/nature05415	https://dx.doi.org/10.1038/nature05415	Chemical Probes Portal	
HKROEBDHHKMNBZ-CHBKHGQFSA-N	https://doi.org/	10.1016/j.pain.2011.01.049	https://dx.doi.org/10.1016/j.pain.2011.01.049	Chemical Probes Portal	
DFQAJLQXPSPNJE-UHFFFAOYSA-N	https://doi.org/	10.1021/cb200305u	https://doi.org/10.1021/cb200305u	Chemical Probes Portal	
DFQAJLQXPSPNJE-UHFFFAOYSA-N	https://pubmed.ncbi.nlm.nih.gov/	21992004	https://pubmed.ncbi.nlm.nih.gov/21992004/	Chemical Probes Portal	
HOTSVKDMIYWWIY-UHFFFAOYSA-N	https://doi.org/	10.1016/j.bmcl.2016.10.079	https://dx.doi.org/10.1016/j.bmcl.2016.10.079	Chemical Probes Portal	
AECDBHGVIIRMOI-UHFFFAOYSA-N	https://doi.org/	10.1016/S1535-6108(04)00051-0	www.doi.org/10.1016/S1535-6108(04)00051-0	Chemical Probes Portal	
AECDBHGVIIRMOI-UHFFFAOYSA-N	https://pubmed.ncbi.nlm.nih.gov/	15050915	http://www.ncbi.nlm.nih.gov/pubmed/15050915	Chemical Probes Portal	
PTAMRJLIOCHJMQ-PYNGZGNASA-N	https://doi.org/	10.1021/acschembio.5b00216	http://pubs.acs.org/doi/abs/10.1021/acschembio.5b00216	Chemical Probes Portal	
PTAMRJLIOCHJMQ-PYNGZGNASA-N	https://pubmed.ncbi.nlm.nih.gov/	26035625	https://www.ncbi.nlm.nih.gov/pubmed/26035625	Chemical Probes Portal	
JGPJQFOROWSRRS-UHFFFAOYSA-N	https://pubmed.ncbi.nlm.nih.gov/	3598913	https://pubmed.ncbi.nlm.nih.gov/3598913	Chemical Probes Portal	
QEASMQZYZCGOSA-UHFFFAOYSA-N	https://doi.org/	10.1021/acs.jmedchem.3c01860	https://dx.doi.org/10.1021/acs.jmedchem.3c01860	Chemical Probes Portal	
VQINULODWGEVBB-UHFFFAOYSA-N	https://doi.org/	10.1021/acschembio.6b00217	https://dx.doi.org/10.1021/acschembio.6b00217	Chemical Probes Portal	
GPXQUPCJIJBXHJ-UHFFFAOYSA-N	https://doi.org/	10.1073/pnas.2105465118	https://dx.doi.org/10.1073/pnas.2105465118	Chemical Probes Portal	
YHYKUSGACIYRML-KRWDZBQOSA-N	https://doi.org/	10.1021/acs.jmedchem.6b00307	https://dx.doi.org/10.1021/acs.jmedchem.6b00307	Chemical Probes Portal	
UWPFUBNCDABUEE-SIFUEBAJSA-N	https://doi.org/	10.1038/s41586-024-07318-y	https://dx.doi.org/10.1038/s41586-024-07318-y	Chemical Probes Portal	
VLYNCWZASZUTNV-FCQUAONHSA-N	https://doi.org/	10.1002/cmdc.202300031	https://dx.doi.org/10.1002/cmdc.202300031	Chemical Probes Portal	
XKDHFIPNTTUSIA-UHFFFAOYSA-N	https://doi.org/	10.1021/acs.jmedchem.2c01884	https://dx.doi.org/10.1021/acs.jmedchem.2c01884	Chemical Probes Portal	
ALGPVOJFIGPPPX-VIFPVBQESA-N	https://doi.org/	10.1038/s42255-023-00771-5	https://dx.doi.org/10.1038/s42255-023-00771-5	Chemical Probes Portal	
ALGPVOJFIGPPPX-VIFPVBQESA-N	https://doi.org/	10.1038/s43018-022-00331-y	https://dx.doi.org/10.1038/s43018-022-00331-y	Chemical Probes Portal	
UOZVVPXKJGOFIG-UHFFFAOYSA-N	https://doi.org/	10.1016/j.chembiol.2017.07.011	https://dx.doi.org/10.1016/j.chembiol.2017.07.011	Chemical Probes Portal	
MSYKRHVOOPPJKU-BDAKNGLRSA-N	https://doi.org/	10.1021/jm030913e	https://dx.doi.org/10.1021/jm030913e	Chemical Probes Portal	
GCVYFXYBQCKHCH-UHFFFAOYSA-N	https://doi.org/	10.1021/acs.jmedchem.4c00215	https://dx.doi.org/10.1021/acs.jmedchem.4c00215	Chemical Probes Portal	
JGLGMFHQGRAHAO-HXUWFJFHSA-N	https://doi.org/	10.1021/acs.jmedchem.3c02164	https://dx.doi.org/10.1021/acs.jmedchem.3c02164	Chemical Probes Portal	
XKYVECRUZPCRQR-UHFFFAOYSA-N	https://doi.org/	10.1038/s41586-024-07350-y	https://dx.doi.org/10.1038/s41586-024-07350-y	Chemical Probes Portal	
GHNYLVIESIGHDJ-OAQYLSRUSA-N	https://doi.org/	10.1021/acs.jmedchem.1c02069	https://dx.doi.org/10.1021/acs.jmedchem.1c02069	Chemical Probes Portal	
YHLQVQKZDZYMIP-MOPGFXCFSA-N	https://doi.org/	10.1021/ml500391n	https://dx.doi.org/10.1021/ml500391n	Chemical Probes Portal	
NDAZATDQFDPQBD-UHFFFAOYSA-N	https://doi.org/	10.1158/0008-5472.CAN-07-5256	www.doi.org/10.1158/0008-5472.CAN-07-5256	Chemical Probes Portal	
NDAZATDQFDPQBD-UHFFFAOYSA-N	https://doi.org/	10.3109/10428194.2012.698278	www.doi.org/10.3109/10428194.2012.698278	Chemical Probes Portal	
NDAZATDQFDPQBD-UHFFFAOYSA-N	https://doi.org/	10.1021/jm701018h	www.doi.org/10.1021/jm701018h	Chemical Probes Portal	
NDAZATDQFDPQBD-UHFFFAOYSA-N	https://doi.org/	10.1021/jm9004708	www.doi.org/10.1021/jm9004708	Chemical Probes Portal	
NDAZATDQFDPQBD-UHFFFAOYSA-N	https://doi.org/	10.1186/bcr1996	www.doi.org/10.1186/bcr1996	Chemical Probes Portal	
NDAZATDQFDPQBD-UHFFFAOYSA-N	https://doi.org/	10.1158/1078-0432.CCR-05-0518	www.doi.org/10.1158/1078-0432.CCR-05-0518	Chemical Probes Portal	
NDAZATDQFDPQBD-UHFFFAOYSA-N	https://pubmed.ncbi.nlm.nih.gov/	18413753	https://www.ncbi.nlm.nih.gov/pubmed/18413753	Chemical Probes Portal	
NDAZATDQFDPQBD-UHFFFAOYSA-N	https://pubmed.ncbi.nlm.nih.gov/	22646928	https://www.ncbi.nlm.nih.gov/pubmed/22646928	Chemical Probes Portal	
NDAZATDQFDPQBD-UHFFFAOYSA-N	https://pubmed.ncbi.nlm.nih.gov/	22753713	https://www.ncbi.nlm.nih.gov/pubmed/22753713	Chemical Probes Portal	
NDAZATDQFDPQBD-UHFFFAOYSA-N	https://pubmed.ncbi.nlm.nih.gov/	18020435	https://www.ncbi.nlm.nih.gov/pubmed/18020435	Chemical Probes Portal	
NDAZATDQFDPQBD-UHFFFAOYSA-N	https://pubmed.ncbi.nlm.nih.gov/	20055425	https://www.ncbi.nlm.nih.gov/pubmed/20055425	Chemical Probes Portal	
NDAZATDQFDPQBD-UHFFFAOYSA-N	https://pubmed.ncbi.nlm.nih.gov/	18430202	https://www.ncbi.nlm.nih.gov/pubmed/18430202	Chemical Probes Portal	
NDAZATDQFDPQBD-UHFFFAOYSA-N	https://pubmed.ncbi.nlm.nih.gov/	16203796	https://www.ncbi.nlm.nih.gov/pubmed/16203796	Chemical Probes Portal	
UCJZOKGUEJUNIO-IINYFYTJSA-N	https://doi.org/	10.1021/acs.jmedchem.0c01170	https://dx.doi.org/10.1021/acs.jmedchem.0c01170	Chemical Probes Portal	
ZLVKIBLQXFILMA-IKGGRYGDSA-N	https://doi.org/	10.1021/acsmedchemlett.1c00272	https://dx.doi.org/10.1021/acsmedchemlett.1c00272	Chemical Probes Portal	
STPSLAZMEWZDAJ-AREMUKBSSA-N	https://doi.org/	10.1021/jacs.8b07328	https://dx.doi.org/10.1021/jacs.8b07328	Chemical Probes Portal	
JQLMEZBHIJSVKR-UHFFFAOYSA-N	https://doi.org/	10.3390/ijms232314834	https://dx.doi.org/10.3390/ijms232314834	Chemical Probes Portal	
VBYGXNURPHQSPG-MUUNZHRXSA-N	https://doi.org/	10.1016/j.celrep.2017.09.056	https://dx.doi.org/10.1016/j.celrep.2017.09.056	Chemical Probes Portal	
DZTGIRNXWSZBIM-QURGRASLSA-N	https://doi.org/	10.1021/jm401334s	https://dx.doi.org/10.1021/jm401334s	Chemical Probes Portal	
YLHSFRZHEMHKAF-UHFFFAOYSA-N	https://doi.org/	10.1021/acs.jmedchem.3c00314	https://dx.doi.org/10.1021/acs.jmedchem.3c00314	Chemical Probes Portal	
YDPMMWAOCCOULO-JBRSBNLGSA-N	https://doi.org/	10.1002/anie.201603928	https://dx.doi.org/10.1002/anie.201603928	Chemical Probes Portal	
SPDQRCUBFSRAFI-DOMZBBRYSA-N	https://doi.org/	10.1038/nchembio.1681	https://dx.doi.org/10.1038/nchembio.1681	Chemical Probes Portal	
DORZPJWJOBMQKC-UHFFFAOYSA-N	https://doi.org/	10.1021/acs.jmedchem.2c00697	https://dx.doi.org/10.1021/acs.jmedchem.2c00697	Chemical Probes Portal	
NDEORODKVUYMFQ-NHCUHLMSSA-N	https://doi.org/	10.1021/acs.jmedchem.0c00614	https://dx.doi.org/10.1021/acs.jmedchem.0c00614	Chemical Probes Portal	
CFUSHHQUUUZFAG-UHFFFAOYSA-N	https://doi.org/	10.1021/acschembio.1c00256	https://dx.doi.org/10.1021/acschembio.1c00256	Chemical Probes Portal	
IIKPYJZUOZRTIB-UHFFFAOYSA-N	https://doi.org/	10.1021/acsmedchemlett.4c00219	https://dx.doi.org/10.1021/acsmedchemlett.4c00219	Chemical Probes Portal	
WKDNQONLGXOZRG-HRNNMHKYSA-N	https://doi.org/	10.3233/JAD-150834	https://dx.doi.org/10.3233/JAD-150834	Chemical Probes Portal	
HEAGNKNMQVIVMM-UHFFFAOYSA-N	https://doi.org/	10.1016/j.ejmech.2021.113299	https://dx.doi.org/10.1016/j.ejmech.2021.113299	Chemical Probes Portal	
GPMTWAPXRJMXCC-UHFFFAOYSA-N	https://doi.org/	10.1021/acscentsci.0c01550	www.doi.org/10.1021/acscentsci.0c01550	Chemical Probes Portal	
GPMTWAPXRJMXCC-UHFFFAOYSA-N	https://pubmed.ncbi.nlm.nih.gov/	34079898	https://pubmed.ncbi.nlm.nih.gov/34079898/	Chemical Probes Portal	
JNAABFZPXJJMPX-UHFFFAOYSA-N	https://doi.org/	10.1021/acs.jmedchem.5b00606	https://dx.doi.org/10.1021/acs.jmedchem.5b00606	Chemical Probes Portal	
JWZAQUXBYYOGFA-UHFFFAOYSA-N	https://doi.org/	10.1021/acs.jmedchem.8b01108	https://dx.doi.org/10.1021/acs.jmedchem.8b01108	Chemical Probes Portal	
SZZJHKUNVBZYMT-RGULYWFUSA-N	https://doi.org/	10.1021/acschembio.4c00397	https://dx.doi.org/10.1021/acschembio.4c00397	Chemical Probes Portal	
GHKMIOAEPALCFS-UHFFFAOYSA-N	https://doi.org/	10.1021/acsmedchemlett.6b00209	https://dx.doi.org/10.1021/acsmedchemlett.6b00209	Chemical Probes Portal	
RTFQFPZKDYMMMJ-RIAKQDHQSA-N	https://doi.org/	10.1021/acschembio.9b00505	https://dx.doi.org/10.1021/acschembio.9b00505	Chemical Probes Portal	
YJOJMGTVKMABKQ-FIQOPJFZSA-N	https://doi.org/	10.1038/s41589-021-00765-y	https://dx.doi.org/10.1038/s41589-021-00765-y	Chemical Probes Portal	
YNDJPWSVYYRNTJ-MEXKHVBFSA-N	https://doi.org/	10.1016/j.bmc.2011.09.041	www.doi.org/10.1016/j.bmc.2011.09.041	Chemical Probes Portal	
YNDJPWSVYYRNTJ-MEXKHVBFSA-N	https://pubmed.ncbi.nlm.nih.gov/	22014751	https://pubmed.ncbi.nlm.nih.gov/22014751/	Chemical Probes Portal	
JECHBTRAPARMGI-KMIZWFMDSA-N	https://doi.org/	10.1021/acsmedchemlett.8b00011	https://dx.doi.org/10.1021/acsmedchemlett.8b00011	Chemical Probes Portal	
QUQTXFIMYFMULC-OGOZKGDESA-N	https://doi.org/	10.1038/s41589-018-0010-y	www.doi.org/10.1038/s41589-018-0010-y	Chemical Probes Portal	
QUQTXFIMYFMULC-OGOZKGDESA-N	https://pubmed.ncbi.nlm.nih.gov/	29507391	https://pubmed.ncbi.nlm.nih.gov/29507391/	Chemical Probes Portal	
ZSCOIFSUFMYZEZ-YSWDPXALSA-N	https://doi.org/	10.1016/j.chembiol.2017.09.009	www.doi.org/10.1016/j.chembiol.2017.09.009	Chemical Probes Portal	
ZSCOIFSUFMYZEZ-YSWDPXALSA-N	https://pubmed.ncbi.nlm.nih.gov/	29129716	https://pubmed.ncbi.nlm.nih.gov/29129716/	Chemical Probes Portal	
BQXUPNKLZNSUMC-YUQWMIPFSA-N	https://doi.org/	10.1021/acs.jmedchem.8b01572	https://dx.doi.org/10.1021/acs.jmedchem.8b01572	Chemical Probes Portal	
PACRWHUPEPCFHX-UHFFFAOYSA-N	https://doi.org/	10.1021/acs.jmedchem.9b00871	www.doi.org/10.1021/acs.jmedchem.9b00871	Chemical Probes Portal	
PACRWHUPEPCFHX-UHFFFAOYSA-N	https://pubmed.ncbi.nlm.nih.gov/	31330105	https://pubmed.ncbi.nlm.nih.gov/31330105/	Chemical Probes Portal	
ZUODKONSNNHSAJ-AMLBMYBGSA-N	https://doi.org/	10.1021/acs.jmedchem.0c01125	https://dx.doi.org/10.1021/acs.jmedchem.0c01125	Chemical Probes Portal	
XIRQUXILNXIWDI-UHFFFAOYSA-N	https://doi.org/	10.1021/acs.jmedchem.7b01655	www.doi.org/10.1021/acs.jmedchem.7b01655	Chemical Probes Portal	
XIRQUXILNXIWDI-UHFFFAOYSA-N	https://pubmed.ncbi.nlm.nih.gov/	29660984	https://pubmed.ncbi.nlm.nih.gov/29660984/	Chemical Probes Portal	
WMBSSRAFHKGIRA-UHFFFAOYSA-N	https://doi.org/	10.1016/j.chembiol.2020.04.003	https://doi.org/10.1016/j.chembiol.2020.04.003	Chemical Probes Portal	
WMBSSRAFHKGIRA-UHFFFAOYSA-N	https://pubmed.ncbi.nlm.nih.gov/	32386596	https://pubmed.ncbi.nlm.nih.gov/32386596/	Chemical Probes Portal	
LJGCXHMGIUJXDV-UHFFFAOYSA-N	https://doi.org/	10.1021/acs.jmedchem.4c00356	https://dx.doi.org/10.1021/acs.jmedchem.4c00356	Chemical Probes Portal	
HZHUKQLWLNDVDZ-IBDVCRJISA-N	https://doi.org/	10.7554/eLife.47110	https://dx.doi.org/10.7554/eLife.47110	Chemical Probes Portal	
XPEJZXWPKDAYFX-UHFFFAOYSA-N	https://doi.org/	10.1021/acs.jmedchem.9b00562	www.doi.org/10.1021/acs.jmedchem.9b00562	Chemical Probes Portal	
XPEJZXWPKDAYFX-UHFFFAOYSA-N	https://pubmed.ncbi.nlm.nih.gov/	31550156	https://pubmed.ncbi.nlm.nih.gov/31550156/	Chemical Probes Portal	
SYRVEVZSXHRXIX-KRWDZBQOSA-N	https://doi.org/	10.1016/j.bmcl.2012.09.054	https://dx.doi.org/10.1016/j.bmcl.2012.09.054	Chemical Probes Portal	
WAFNVKVWBPXGHK-QDUSTFBWSA-N	https://doi.org/	10.1016/j.bmc.2017.07.017	https://dx.doi.org/10.1016/j.bmc.2017.07.017	Chemical Probes Portal	
BUIJBFHGUQJYSD-XZOQPEGZSA-N	https://doi.org/	10.1371/journal.pone.0051151	https://dx.doi.org/10.1371/journal.pone.0051151	Chemical Probes Portal	
BLFBSGVUERKSST-UHFFFAOYSA-N	https://doi.org/	10.1021/acs.jmedchem.6b00052	https://dx.doi.org/10.1021/acs.jmedchem.6b00052	Chemical Probes Portal	
GRKYJLSMFYQHMP-APASRLOHSA-N	https://doi.org/	10.1038/s41467-023-44243-6	https://dx.doi.org/10.1038/s41467-023-44243-6	Chemical Probes Portal	
ZOJWMCDSTRTTOW-UHFFFAOYSA-N	https://doi.org/	10.1002/anie.202004087	https://dx.doi.org/10.1002/anie.202004087	Chemical Probes Portal	
MOWXJLUYGFNTAL-DEOSSOPVSA-N	https://doi.org/	10.1158/1535-7163.MCT-19-0734	https://dx.doi.org/10.1158/1535-7163.MCT-19-0734	Chemical Probes Portal	
BPLPIBNWDLPUKP-UHFFFAOYSA-N	https://doi.org/	10.1021/acs.jmedchem.1c00845	https://dx.doi.org/10.1021/acs.jmedchem.1c00845	Chemical Probes Portal	
SMVCNKJTRUVRLZ-UHFFFAOYSA-N	https://doi.org/	10.1038/s41467-024-46593-1	https://dx.doi.org/10.1038/s41467-024-46593-1	Chemical Probes Portal	
OMISHRJQMYQPMG-UHFFFAOYSA-N	https://doi.org/	10.1016/j.chembiol.2023.02.005	https://dx.doi.org/10.1016/j.chembiol.2023.02.005	Chemical Probes Portal	
LTOAWFRZXVPHAJ-UHFFFAOYSA-N	https://doi.org/	10.1021/acs.jmedchem.2c00508	https://dx.doi.org/10.1021/acs.jmedchem.2c00508	Chemical Probes Portal	
AOTRIQLYUAFVSC-UHFFFAOYSA-N	https://doi.org/	10.1021/acs.jmedchem.7b01896	https://dx.doi.org/10.1021/acs.jmedchem.7b01896	Chemical Probes Portal	
IPDMIUDPUBUHSU-INIZCTEOSA-N	https://doi.org/	10.1021/acs.jmedchem.2c02132	https://dx.doi.org/10.1021/acs.jmedchem.2c02132	Chemical Probes Portal	
ATKHYZXUMVNCIO-UHFFFAOYSA-N	https://doi.org/	10.1021/acs.jmedchem.1c00762	https://dx.doi.org/10.1021/acs.jmedchem.1c00762	Chemical Probes Portal	
WXRCLFFPZXJCLS-UHFFFAOYSA-N	https://doi.org/	10.1158/1078-0432.CCR-23-2094	https://dx.doi.org/10.1158/1078-0432.CCR-23-2094	Chemical Probes Portal	
KLKKWCPJBTXWOV-UHFFFAOYSA-N	https://doi.org/	10.1038/s41598-021-94708-1	https://dx.doi.org/10.1038/s41598-021-94708-1	Chemical Probes Portal	
IPUJINDWAGRAHN-KNXBSLHKSA-N	https://doi.org/	10.1021/acs.jmedchem.9b01034	https://dx.doi.org/10.1021/acs.jmedchem.9b01034	Chemical Probes Portal	
FMQWOAKTQPLQBR-SANMLTNESA-N	https://doi.org/	10.1021/acs.jmedchem.9b01382	https://dx.doi.org/10.1021/acs.jmedchem.9b01382	Chemical Probes Portal	
JOFQERPJMGKMMX-QGZVFWFLSA-N	https://doi.org/	10.1016/j.bmcl.2006.01.024	https://dx.doi.org/10.1016/j.bmcl.2006.01.024	Chemical Probes Portal	
JOFQERPJMGKMMX-QGZVFWFLSA-N	https://doi.org/	10.1111/j.1432-2277.2012.01579.x	https://dx.doi.org/10.1111/j.1432-2277.2012.01579.x	Chemical Probes Portal	
CRLZRGXSDBAEFD-UHFFFAOYSA-N		https://pubmed.ncbi.nlm.nih.gov/Peer reviewed at SGC	https://pubmed.ncbi.nlm.nih.gov/Peer reviewed at SGC	Chemical Probes Portal	
IKPNRMYDOSNVAU-UHFFFAOYSA-N	https://doi.org/	10.1021/acs.jmedchem.3c02422	https://dx.doi.org/10.1021/acs.jmedchem.3c02422	Chemical Probes Portal	
OYDTWNVVTPPDDO-UHFFFAOYSA-N	https://doi.org/	10.1073/pnas.2307086120	https://dx.doi.org/10.1073/pnas.2307086120	Chemical Probes Portal	
UEMPFKOYBHCUIG-QVIWBNHYSA-N	https://doi.org/	10.1021/acs.jmedchem.4c00148	https://dx.doi.org/10.1021/acs.jmedchem.4c00148	Chemical Probes Portal	
ILPWEAHQRAWJIU-OAHLLOKOSA-N	https://doi.org/	10.1021/acs.jmedchem.2c00741	https://dx.doi.org/10.1021/acs.jmedchem.2c00741	Chemical Probes Portal	
DVFCRTGTEXUFIN-GFCCVEGCSA-N	https://doi.org/	10.1038/s41586-023-06575-7	https://dx.doi.org/10.1038/s41586-023-06575-7	Chemical Probes Portal	
WAVPKLNVEGDDGC-LFIBNONCSA-N	https://doi.org/	10.1038/s42004-024-01177-4	https://dx.doi.org/10.1038/s42004-024-01177-4	Chemical Probes Portal	
LTWQQWSXYYXVGA-UHFFFAOYSA-N	https://doi.org/	10.1002/cmdc.201000216	https://dx.doi.org/10.1002/cmdc.201000216	Chemical Probes Portal	
KPABJHHKKJIDGX-JOCHJYFZSA-N	https://doi.org/	10.1016/j.chembiol.2019.02.012	https://dx.doi.org/10.1016/j.chembiol.2019.02.012	Chemical Probes Portal	
HPBOMWKBZHYYGE-UHFFFAOYSA-N	https://doi.org/	10.1021/acs.jmedchem.3c01060	https://dx.doi.org/10.1021/acs.jmedchem.3c01060	Chemical Probes Portal	
JDUBGYFRJFOXQC-KRWDZBQOSA-N	https://doi.org/	10.1021/jm301762v	https://dx.doi.org/10.1021/jm301762v	Chemical Probes Portal	
MCRHRRIGPAVFNY-SFHVURJKSA-N	https://doi.org/	10.1021/acs.jmedchem.3c00155	https://dx.doi.org/10.1021/acs.jmedchem.3c00155	Chemical Probes Portal	
FXMIIWBGTCDJJQ-UHFFFAOYSA-N	https://doi.org/	10.1021/acs.jmedchem.4c01325	https://dx.doi.org/10.1021/acs.jmedchem.4c01325	Chemical Probes Portal	
HKXSBJJCHBFTMB-UHFFFAOYSA-N	https://doi.org/	10.1021/acs.jmedchem.3c00967	https://dx.doi.org/10.1021/acs.jmedchem.3c00967	Chemical Probes Portal	
IRKXKBMGTVDZAJ-UHFFFAOYSA-N	https://doi.org/	10.1021/acs.jmedchem.3c02483	https://dx.doi.org/10.1021/acs.jmedchem.3c02483	Chemical Probes Portal	
VBTBURGKMCKOJC-UHFFFAOYSA-N	https://doi.org/	10.1016/j.ejmech.2022.114446	https://dx.doi.org/10.1016/j.ejmech.2022.114446	Chemical Probes Portal	
IYFCFYWXRIVCTH-OAHLLOKOSA-N	https://doi.org/	10.1016/j.stem.2024.03.003	https://dx.doi.org/10.1016/j.stem.2024.03.003	Chemical Probes Portal	
JOAFWIHZEBKYQK-OAHLLOKOSA-N	https://doi.org/	10.1021/acs.jmedchem.4c01531	https://dx.doi.org/10.1021/acs.jmedchem.4c01531	Chemical Probes Portal	
QJRFBKYETDVAJQ-ZEQKJWHPSA-N	https://doi.org/	10.1021/acsmedchemlett.3c00514	https://dx.doi.org/10.1021/acsmedchemlett.3c00514	Chemical Probes Portal	
FVZCFUKXGUUDBQ-ZWSMLAFMSA-N	https://doi.org/	10.1126/science.adk6129	https://dx.doi.org/10.1126/science.adk6129	Chemical Probes Portal	
YPPSMYLMSKHYAY-UHFFFAOYSA-N	https://doi.org/	10.1021/jm5017494	https://dx.doi.org/10.1021/jm5017494	Chemical Probes Portal	
XDPRKJSOJYMCMZ-UHFFFAOYSA-N	https://doi.org/	10.1021/acs.jmedchem.3c00665	https://dx.doi.org/ 10.1021/acs.jmedchem.3c00665	Chemical Probes Portal	
FOLSZCLZVLICGG-GJYPPUQNSA-N	https://doi.org/	10.1021/acs.jmedchem.4c01930	https://dx.doi.org/10.1021/acs.jmedchem.4c01930	Chemical Probes Portal	
AKCDDYGYIGPEKL-JQOQJDEVSA-N	https://doi.org/	10.1021/acs.jmedchem.4c00580	https://dx.doi.org/10.1021/acs.jmedchem.4c00580	Chemical Probes Portal	
CAOSCCRYLYQBES-UHFFFAOYSA-N	https://doi.org/	10.1007/s00204-015-1549-y	https://dx.doi.org/10.1007/s00204-015-1549-y	Chemical Probes Portal	
HFOBENSCBRZVSP-NRFSWKIWSA-N	https://doi.org/	10.1038/s42003-021-02191-1	https://dx.doi.org/10.1038/s42003-021-02191-1	Chemical Probes Portal	
XYKISMBNQVUKPW-GOSISDBHSA-N	https://doi.org/	10.1021/acs.jmedchem.4c01237	https://dx.doi.org/10.1021/acs.jmedchem.4c01237	Chemical Probes Portal	
GMZCYCKIXQZORP-UHFFFAOYSA-N	https://doi.org/	10.1021/ml5001245	https://dx.doi.org/10.1021/ml5001245	Chemical Probes Portal	
VDGNPEFFHQRGOP-UHFFFAOYSA-N	https://doi.org/	10.1158/0008-5472.CAN-24-0397	https://dx.doi.org/10.1158/0008-5472.CAN-24-0397	Chemical Probes Portal	
JJRRWLVKNLMRSA-UHFFFAOYSA-N	https://doi.org/	10.1021/acs.jmedchem.4c00121	https://dx.doi.org/10.1021/acs.jmedchem.4c00121	Chemical Probes Portal	
ZZFKEZYGYPWBGP-UHFFFAOYSA-N	https://doi.org/	10.1021/acs.jmedchem.3c02434	https://dx.doi.org/10.1021/acs.jmedchem.3c02434	Chemical Probes Portal	
STQKUEFQEVDNLU-UHFFFAOYSA-N	https://doi.org/	10.1016/j.chembiol.2023.11.004	https://dx.doi.org/10.1016/j.chembiol.2023.11.004	Chemical Probes Portal	
MVYWULXPOKYILU-UHFFFAOYSA-N	https://doi.org/	10.1021/acs.jmedchem.4c01659	https://dx.doi.org/10.1021/acs.jmedchem.4c01659	Chemical Probes Portal	
VZAFGXCWAWRULT-UONOGXRCSA-N	https://doi.org/	10.1021/acs.jmedchem.6b01566	http://pubs.acs.org/doi/abs/10.1021/acs.jmedchem.6b01566	Chemical Probes Portal	
VZAFGXCWAWRULT-UONOGXRCSA-N	https://pubmed.ncbi.nlm.nih.gov/	28002667	https://www.ncbi.nlm.nih.gov/pubmed/28002667	Chemical Probes Portal	
OLEFHQBTXFCZON-HXUWFJFHSA-N		https://pubmed.ncbi.nlm.nih.gov/Peer reviewed at SGC	https://pubmed.ncbi.nlm.nih.gov/Peer reviewed at SGC	Chemical Probes Portal	
WZMIWVZGYMKUDV-UHFFFAOYSA-N	https://doi.org/	10.1021/acsmedchemlett.3c00523	https://dx.doi.org/10.1021/acsmedchemlett.3c00523	Chemical Probes Portal	
LPQXZOJIUVOCAL-NRFANRHFSA-N	https://doi.org/	10.1021/acs.jmedchem.3c02036	https://dx.doi.org/10.1021/acs.jmedchem.3c02036	Chemical Probes Portal	
KHLKLLMMPVSSQY-UHFFFAOYSA-N	https://doi.org/	10.1021/acs.jmedchem.4c00072	https://dx.doi.org/10.1021/acs.jmedchem.4c00072	Chemical Probes Portal	
YBXRSCXGRPSTMW-CYBMUJFWSA-N	https://doi.org/	10.1021/acs.jmedchem.0c00369	https://dx.doi.org/10.1021/acs.jmedchem.0c00369	Chemical Probes Portal	
YBXRSCXGRPSTMW-CYBMUJFWSA-N	https://doi.org/	10.1007/s00280-022-04436-0	https://dx.doi.org/10.1007/s00280-022-04436-0	Chemical Probes Portal	
SCLLZBIBSFTLIN-INOGPEIASA-N	https://doi.org/	10.1021/acs.jmedchem.1c01688	https://dx.doi.org/10.1021/acs.jmedchem.1c01688	Chemical Probes Portal	
XVECNLUKQDKOST-UHFFFAOYSA-N	https://doi.org/	10.1038/s41598-020-73500-7	https://dx.doi.org/10.1038/s41598-020-73500-7	Chemical Probes Portal	
CKFRXCBNKKOFGO-IGEOTXOUSA-N	https://doi.org/	10.1177/24725552211019409	https://dx.doi.org/10.1177/24725552211019409	Chemical Probes Portal	
FFPHMUIGESPOTK-UHFFFAOYSA-N	https://doi.org/	10.1021/acsmedchemlett.9b00027	https://dx.doi.org/10.1021/acsmedchemlett.9b00027	Chemical Probes Portal	
DNHPDWGIXIMXSA-CXNSMIOJSA-N	https://doi.org/	10.1021/acsmedchemlett.2c00037	https://dx.doi.org/10.1021/acsmedchemlett.2c00037	Chemical Probes Portal	
DNHPDWGIXIMXSA-CXNSMIOJSA-N	https://doi.org/	10.1126/scitranslmed.3007790	https://dx.doi.org/10.1126/scitranslmed.3007790	Chemical Probes Portal	
MMJPVSDTLGFIQW-UHFFFAOYSA-N	https://doi.org/	10.1021/jm201129m	https://dx.doi.org/10.1021/jm201129m	Chemical Probes Portal	
KVMGAIOTUIGROS-AZUAARDMSA-N	https://doi.org/	10.1038/s41598-024-70594-1	https://dx.doi.org/10.1038/s41598-024-70594-1	Chemical Probes Portal	
ZGTWRRCZLAOQMY-UHFFFAOYSA-N	https://doi.org/	10.1158/0008-5472.CAN-16-1038	https://dx.doi.org/10.1158/0008-5472.CAN-16-1038	Chemical Probes Portal	
UFKFTBGGMLIIME-DEOSSOPVSA-N		https://pubmed.ncbi.nlm.nih.gov/Peer reviewed at SGC	https://pubmed.ncbi.nlm.nih.gov/Peer reviewed at SGC	Chemical Probes Portal	
ZHXNIYGJAOPMSO-UHFFFAOYSA-N	https://doi.org/	10.1021/bi049428r	https://dx.doi.org/10.1021/bi049428r	Chemical Probes Portal	
ZHXNIYGJAOPMSO-UHFFFAOYSA-N	https://doi.org/	10.1016/j.bmcl.2006.04.060	https://dx.doi.org/10.1016/j.bmcl.2006.04.060	Chemical Probes Portal	
HCDAVCLCBXIYPW-QGZVFWFLSA-N	https://doi.org/	10.1021/acs.jmedchem.9b00718	https://dx.doi.org/10.1021/acs.jmedchem.9b00718	Chemical Probes Portal	
MVULIYLBRNHLEE-LFHXYJAASA-N	https://doi.org/	10.1021/jacs.8b08008	https://dx.doi.org/10.1021/jacs.8b08008	Chemical Probes Portal	
RXSCURXNWIHEAV-UHFFFAOYSA-N	https://doi.org/	10.1021/acs.jmedchem.4c02694	https://dx.doi.org/10.1021/acs.jmedchem.4c02694	Chemical Probes Portal	
BOXZMOCGSKLDAH-OUZJXKGJSA-N	https://doi.org/	10.1021/acs.jmedchem.1c02179	https://dx.doi.org/10.1021/acs.jmedchem.1c02179	Chemical Probes Portal	
FYSWLIFIYIVHPI-DDWISSAJSA-N	https://doi.org/	10.1021/acs.jmedchem.6b01912	www.doi.org/10.1021/acs.jmedchem.6b01912	Chemical Probes Portal	
FYSWLIFIYIVHPI-DDWISSAJSA-N	https://pubmed.ncbi.nlm.nih.gov/	28595007	https://pubmed.ncbi.nlm.nih.gov/28595007/	Chemical Probes Portal	
KBTKRNXLECYGBY-NERSTHRASA-N	https://doi.org/	10.1016/j.chembiol.2023.07.010	https://dx.doi.org/10.1016/j.chembiol.2023.07.010	Chemical Probes Portal	
OFNZESNEBSQKSE-BQGOKDIQSA-N	https://doi.org/	10.1021/acs.jmedchem.1c00146	https://dx.doi.org/10.1021/acs.jmedchem.1c00146	Chemical Probes Portal	
GJCIYFAPQUEGNE-UHFFFAOYSA-N	https://doi.org/	10.1038/s41589-020-0609-7	https://dx.doi.org/10.1038/s41589-020-0609-7	Chemical Probes Portal	
AZBRPAQQOMDJLZ-UHFFFAOYSA-N	https://doi.org/	10.1021/acs.jmedchem.2c01843	https://dx.doi.org/10.1021/acs.jmedchem.2c01843	Chemical Probes Portal	
AWNXKZVIZARMME-UHFFFAOYSA-N	https://doi.org/	10.1042/BJ20140889	https://dx.doi.org/10.1042/BJ20140889	Chemical Probes Portal	
FSZPIAXLCCQFCM-FCQUAONHSA-N	https://doi.org/	10.1016/j.bbrc.2008.09.087	www.doi.org/10.1016/j.bbrc.2008.09.087	Chemical Probes Portal	
FSZPIAXLCCQFCM-FCQUAONHSA-N	https://pubmed.ncbi.nlm.nih.gov/	18834865	http://www.ncbi.nlm.nih.gov/pubmed/18834865	Chemical Probes Portal	
UZANYRRVDZSQGV-UHFFFAOYSA-N	https://doi.org/	10.1038/s41589-023-01459-3	https://dx.doi.org/10.1038/s41589-023-01459-3	Chemical Probes Portal	
YBMGNDPBARCLFT-UHFFFAOYSA-N	https://doi.org/	10.1021/jm8013458	https://dx.doi.org/10.1021/jm8013458	Chemical Probes Portal	
GEPYBHCJBORHCE-SFHVURJKSA-N	https://doi.org/	10.1021/ja412434f	www.doi.org/10.1021/ja412434f	Chemical Probes Portal	
GEPYBHCJBORHCE-SFHVURJKSA-N	https://doi.org/	10.1073/pnas.1501956112	www.doi.org/10.1073/pnas.1501956112	Chemical Probes Portal	
GEPYBHCJBORHCE-SFHVURJKSA-N	https://pubmed.ncbi.nlm.nih.gov/	24946055	http://www.ncbi.nlm.nih.gov/pubmed/?term=24946055	Chemical Probes Portal	
GEPYBHCJBORHCE-SFHVURJKSA-N	https://pubmed.ncbi.nlm.nih.gov/	26261308	http://www.ncbi.nlm.nih.gov/pubmed/?term=26261308	Chemical Probes Portal	
YTGYWPTWNBGCLG-UHFFFAOYSA-N	https://doi.org/	10.1021/acs.jmedchem.6b01786	https://dx.doi.org/10.1021/acs.jmedchem.6b01786	Chemical Probes Portal	
CCAWRGNYALGPQH-UHFFFAOYSA-N		http://science.sciencemag.org/content/340/6132/622.long	http://science.sciencemag.org/content/340/6132/622.long	Chemical Probes Portal	
CCAWRGNYALGPQH-UHFFFAOYSA-N	https://pubmed.ncbi.nlm.nih.gov/	23558173	https://www.ncbi.nlm.nih.gov/pubmed/23558173	Chemical Probes Portal	
JCKGSPAAPQRPBW-OAQYLSRUSA-N	https://doi.org/	10.1073/pnas.1407358111	www.doi.org/10.1073/pnas.1407358111	Chemical Probes Portal	
JCKGSPAAPQRPBW-OAQYLSRUSA-N	https://pubmed.ncbi.nlm.nih.gov/	25136132	http://www.ncbi.nlm.nih.gov/pubmed/25136132	Chemical Probes Portal	
BJFSUDWKXGMUKA-UHFFFAOYSA-N	https://doi.org/	10.1021/acs.jmedchem.5b01865	http://pubs.acs.org/doi/abs/10.1021/acs.jmedchem.5b01865	Chemical Probes Portal	
BJFSUDWKXGMUKA-UHFFFAOYSA-N	https://pubmed.ncbi.nlm.nih.gov/	26914985	http://www.ncbi.nlm.nih.gov/pubmed/?term=26914985	Chemical Probes Portal	
RNAMYOYQYRYFQY-UHFFFAOYSA-N	https://doi.org/	10.1021/jm401480r	http://pubs.acs.org/doi/abs/10.1021/jm401480r	Chemical Probes Portal	
RNAMYOYQYRYFQY-UHFFFAOYSA-N	https://pubmed.ncbi.nlm.nih.gov/	24102134	http://www.ncbi.nlm.nih.gov/pubmed/?term=24102134	Chemical Probes Portal	
QOECJCJVIMVJGX-UHFFFAOYSA-N	https://doi.org/	10.1021/jm401480r	www.doi.org/10.1021/jm401480r	Chemical Probes Portal	
QOECJCJVIMVJGX-UHFFFAOYSA-N	https://doi.org/	10.1038/nchembio.599	www.doi.org/10.1038/nchembio.599	Chemical Probes Portal	
QOECJCJVIMVJGX-UHFFFAOYSA-N	https://pubmed.ncbi.nlm.nih.gov/	24102134	http://www.ncbi.nlm.nih.gov/pubmed/24102134	Chemical Probes Portal	
QOECJCJVIMVJGX-UHFFFAOYSA-N	https://pubmed.ncbi.nlm.nih.gov/	21743462	http://www.ncbi.nlm.nih.gov/pubmed/21743462	Chemical Probes Portal	
DPJNKUOXBZSZAI-UHFFFAOYSA-N	https://doi.org/	10.1021/cb400133j	www.doi.org/10.1021/cb400133j	Chemical Probes Portal	
DPJNKUOXBZSZAI-UHFFFAOYSA-N	https://pubmed.ncbi.nlm.nih.gov/	23614352	http://www.ncbi.nlm.nih.gov/pubmed/23614352	Chemical Probes Portal	
WBKCKEHGXNWYMO-UHFFFAOYSA-N	https://doi.org/	10.1038/nature11262	www.doi.org/10.1038/nature11262	Chemical Probes Portal	
WBKCKEHGXNWYMO-UHFFFAOYSA-N	https://pubmed.ncbi.nlm.nih.gov/	22842901	http://www.ncbi.nlm.nih.gov/pubmed/22842901	Chemical Probes Portal	
BKCDJTRMYWSXMC-UHFFFAOYSA-N	https://doi.org/	10.1021/ml400496h	www.doi/org/10.1021/ml400496h	Chemical Probes Portal	
BKCDJTRMYWSXMC-UHFFFAOYSA-N	https://pubmed.ncbi.nlm.nih.gov/	24900801	http://www.ncbi.nlm.nih.gov/pubmed/24900801	Chemical Probes Portal	
TWKYXZSXXXKKJU-FQEVSTJZSA-N	https://doi.org/	10.1021/acsmedchemlett.5b00380	http://pubs.acs.org/doi/abs/10.1021/acsmedchemlett.5b00380	Chemical Probes Portal	
TWKYXZSXXXKKJU-FQEVSTJZSA-N	https://pubmed.ncbi.nlm.nih.gov/	26985292	https://www.ncbi.nlm.nih.gov/pubmed/?term=26985292	Chemical Probes Portal	
OTTJIRVZJJGFTK-SFHVURJKSA-N	https://doi.org/	10.1021/acs.jmedchem.5b01890	www.doi.org/10.1021/acs.jmedchem.5b01890	Chemical Probes Portal	
OTTJIRVZJJGFTK-SFHVURJKSA-N	https://pubmed.ncbi.nlm.nih.gov/	27075367	https://www.ncbi.nlm.nih.gov/pubmed/?term=27075367	Chemical Probes Portal	
ZKXZLIFRWWKZRY-KRWDZBQOSA-N	https://doi.org/	10.1021/acsmedchemlett.5b00380	https://dx.doi.org/10.1021/acsmedchemlett.5b00380	Chemical Probes Portal	
ABGOSOMRWSYAOB-UHFFFAOYSA-N	https://doi.org/	10.1038/nchembio.2282	www.doi.org/10.1038/nchembio.2282	Chemical Probes Portal	
ABGOSOMRWSYAOB-UHFFFAOYSA-N	https://pubmed.ncbi.nlm.nih.gov/	28114273	https://www.ncbi.nlm.nih.gov/pubmed/28114273	Chemical Probes Portal	
PSOXOVKYGWBTPB-UHFFFAOYSA-N	https://doi.org/	10.1021/jm901797p	www.doi.org/10.1021/jm901797p	Chemical Probes Portal	
PSOXOVKYGWBTPB-UHFFFAOYSA-N	https://pubmed.ncbi.nlm.nih.gov/	20345102	https://www.ncbi.nlm.nih.gov/pubmed/20345102	Chemical Probes Portal	
PSOXOVKYGWBTPB-UHFFFAOYSA-N	https://pubmed.ncbi.nlm.nih.gov/	27680310	https://pubmed.ncbi.nlm.nih.gov/27680310/	Chemical Probes Portal	
MPUQHZXIXSTTDU-QXGSTGNESA-N		http://www.sciencedirect.com/science/article/pii/S1097276509009551	http://www.sciencedirect.com/science/article/pii/S1097276509009551	Chemical Probes Portal	
MPUQHZXIXSTTDU-QXGSTGNESA-N		https://www.nature.com/nature/journal/v458/n7239/full/nature07884.html	https://www.nature.com/nature/journal/v458/n7239/full/nature07884.html	Chemical Probes Portal	
MPUQHZXIXSTTDU-QXGSTGNESA-N	https://pubmed.ncbi.nlm.nih.gov/	20129059	http://www.ncbi.nlm.nih.gov/pubmed/20129059	Chemical Probes Portal	
MPUQHZXIXSTTDU-QXGSTGNESA-N	https://pubmed.ncbi.nlm.nih.gov/	19360080	https://www.ncbi.nlm.nih.gov/pubmed/19360080	Chemical Probes Portal	
DYIRSNMPIZZNBK-UHFFFAOYSA-N		http://www.nature.com/nchembio/journal/vaop/ncurrent/full/nchembio.2304.html	http://www.nature.com/nchembio/journal/vaop/ncurrent/full/nchembio.2304.html	Chemical Probes Portal	
DYIRSNMPIZZNBK-UHFFFAOYSA-N	https://pubmed.ncbi.nlm.nih.gov/	28135235	https://www.ncbi.nlm.nih.gov/pubmed/28135235	Chemical Probes Portal	
DRLCSJFKKILATL-YWCVFVGNSA-N	https://doi.org/	10.1021/jm401753e	http://pubs.acs.org/doi/abs/10.1021/jm401753e	Chemical Probes Portal	
DRLCSJFKKILATL-YWCVFVGNSA-N	https://pubmed.ncbi.nlm.nih.gov/	24456472	https://www.ncbi.nlm.nih.gov/pubmed/24456472	Chemical Probes Portal	
HXZRMADPDYFMEB-FTTMEYFSSA-N		http://www.nature.com/nchembio/journal/v1/n7/full/nchembio748.html	http://www.nature.com/nchembio/journal/v1/n7/full/nchembio748.html	Chemical Probes Portal	
HXZRMADPDYFMEB-FTTMEYFSSA-N	https://doi.org/	10.1021/ja058319c	http://pubs.acs.org/doi/abs/10.1021/ja058319c	Chemical Probes Portal	
HXZRMADPDYFMEB-FTTMEYFSSA-N		http://www.pnas.org/content/105/11/4088.long	http://www.pnas.org/content/105/11/4088.long	Chemical Probes Portal	
HXZRMADPDYFMEB-FTTMEYFSSA-N	https://pubmed.ncbi.nlm.nih.gov/	16372404	https://www.ncbi.nlm.nih.gov/pubmed/16372404	Chemical Probes Portal	
HXZRMADPDYFMEB-FTTMEYFSSA-N	https://pubmed.ncbi.nlm.nih.gov/	16551075	https://www.ncbi.nlm.nih.gov/pubmed/16551075	Chemical Probes Portal	
HXZRMADPDYFMEB-FTTMEYFSSA-N	https://pubmed.ncbi.nlm.nih.gov/	18334642	https://www.ncbi.nlm.nih.gov/pubmed/18334642	Chemical Probes Portal	
QFJCIRLUMZQUOT-HPLJOQBZSA-N	https://doi.org/	10.1038/369756a0	www.doi.org/10.1038/369756a0	Chemical Probes Portal	
QFJCIRLUMZQUOT-HPLJOQBZSA-N	https://doi.org/	10.1074/jbc.274.7.4266	www.doi.org/10.1074/jbc.274.7.4266	Chemical Probes Portal	
QFJCIRLUMZQUOT-HPLJOQBZSA-N	https://pubmed.ncbi.nlm.nih.gov/	8008069	http://www.ncbi.nlm.nih.gov/pubmed/8008069	Chemical Probes Portal	
QFJCIRLUMZQUOT-HPLJOQBZSA-N	https://pubmed.ncbi.nlm.nih.gov/	9933627	http://www.ncbi.nlm.nih.gov/pubmed/9933627	Chemical Probes Portal	
ZDNGJXBUEQNFBQ-GCJKJVERSA-N	https://doi.org/	10.1021/acs.jmedchem.6b00228	http://pubs.acs.org/doi/abs/10.1021/acs.jmedchem.6b00228	Chemical Probes Portal	
ZDNGJXBUEQNFBQ-GCJKJVERSA-N	https://pubmed.ncbi.nlm.nih.gov/	27031670	https://www.ncbi.nlm.nih.gov/pubmed/27031670	Chemical Probes Portal	
QJJXYPPXXYFBGM-LFZNUXCKSA-N	https://doi.org/	10.1021/jm980307x	www.doi.org/10.1021/jm980307x	Chemical Probes Portal	
QJJXYPPXXYFBGM-LFZNUXCKSA-N	https://doi.org/	10.1073/pnas.89.9.3686	www.doi.org/10.1073/pnas.89.9.3686	Chemical Probes Portal	
QJJXYPPXXYFBGM-LFZNUXCKSA-N	https://doi.org/	10.2133/dmpk.22.328	www.doi.org/10.2133/dmpk.22.328	Chemical Probes Portal	
QJJXYPPXXYFBGM-LFZNUXCKSA-N	https://doi.org/	10.1021/jm031101l	www.doi.org/10.1021/jm031101l	Chemical Probes Portal	
QJJXYPPXXYFBGM-LFZNUXCKSA-N	https://pubmed.ncbi.nlm.nih.gov/	7530743	https://pubmed.ncbi.nlm.nih.gov/7530743/	Chemical Probes Portal	
QJJXYPPXXYFBGM-LFZNUXCKSA-N	https://pubmed.ncbi.nlm.nih.gov/	9857082	https://pubmed.ncbi.nlm.nih.gov/9857082/	Chemical Probes Portal	
QJJXYPPXXYFBGM-LFZNUXCKSA-N	https://pubmed.ncbi.nlm.nih.gov/	1373887	https://pubmed.ncbi.nlm.nih.gov/1373887/	Chemical Probes Portal	
QJJXYPPXXYFBGM-LFZNUXCKSA-N	https://pubmed.ncbi.nlm.nih.gov/	17965516	https://pubmed.ncbi.nlm.nih.gov/17965516/	Chemical Probes Portal	
QJJXYPPXXYFBGM-LFZNUXCKSA-N	https://pubmed.ncbi.nlm.nih.gov/	15369399	https://pubmed.ncbi.nlm.nih.gov/15369399/	Chemical Probes Portal	
YKNAKDFZAWQEEO-IBGZPJMESA-N	https://doi.org/	10.1158/0008-5472.CAN-15-0236	www.doi.org/10.1158/0008-5472.CAN-15-0236	Chemical Probes Portal	
YKNAKDFZAWQEEO-IBGZPJMESA-N	https://pubmed.ncbi.nlm.nih.gov/	26552700	http://www.ncbi.nlm.nih.gov/pubmed/26552700	Chemical Probes Portal	
QJZRFPJCWMNVAV-HHHXNRCGSA-N	https://doi.org/	10.1021/bi702061g	https://dx.doi.org/10.1021/bi702061g	Chemical Probes Portal	
QJZRFPJCWMNVAV-HHHXNRCGSA-N	https://doi.org/	10.1021/jm3014597	https://dx.doi.org/10.1021/jm3014597	Chemical Probes Portal	
JNAHVYVRKWKWKQ-CYBMUJFWSA-N		http://clincancerres.aacrjournals.org/content/13/9/2728.long	http://clincancerres.aacrjournals.org/content/13/9/2728.long	Chemical Probes Portal	
JNAHVYVRKWKWKQ-CYBMUJFWSA-N	https://doi.org/	10.1021/acs.jmedchem.6b00990	http://pubs.acs.org/doi/pdf/10.1021/acs.jmedchem.6b00990	Chemical Probes Portal	
JNAHVYVRKWKWKQ-CYBMUJFWSA-N		https://pubchem.ncbi.nlm.nih.gov/compound/11960529#section=Top	https://pubchem.ncbi.nlm.nih.gov/compound/11960529#section=Top	Chemical Probes Portal	
JNAHVYVRKWKWKQ-CYBMUJFWSA-N	https://pubmed.ncbi.nlm.nih.gov/	28001384	https://www.ncbi.nlm.nih.gov/pubmed/?term=28001384	Chemical Probes Portal	
FDLYAMZZIXQODN-UHFFFAOYSA-N	https://doi.org/	10.1021/jm8001263	http://pubs.acs.org/doi/abs/10.1021/jm8001263	Chemical Probes Portal	
FDLYAMZZIXQODN-UHFFFAOYSA-N	https://doi.org/	10.1021/acs.jmedchem.6b00990	http://pubs.acs.org/doi/pdf/10.1021/acs.jmedchem.6b00990	Chemical Probes Portal	
FDLYAMZZIXQODN-UHFFFAOYSA-N	https://pubmed.ncbi.nlm.nih.gov/	18800822	http://www.ncbi.nlm.nih.gov/pubmed/18800822	Chemical Probes Portal	
FDLYAMZZIXQODN-UHFFFAOYSA-N	https://pubmed.ncbi.nlm.nih.gov/	28001384	https://www.ncbi.nlm.nih.gov/pubmed/?term=28001384	Chemical Probes Portal	
PCHKPVIQAHNQLW-CQSZACIVSA-N	https://doi.org/	10.1021/jm901188v	http://pubs.acs.org/doi/abs/10.1021/jm901188v	Chemical Probes Portal	
PCHKPVIQAHNQLW-CQSZACIVSA-N	https://doi.org/	10.1021/acs.jmedchem.6b00990	http://pubs.acs.org/doi/pdf/10.1021/acs.jmedchem.6b00990	Chemical Probes Portal	
PCHKPVIQAHNQLW-CQSZACIVSA-N	https://pubmed.ncbi.nlm.nih.gov/	19873981	http://www.ncbi.nlm.nih.gov/pubmed/19873981	Chemical Probes Portal	
PCHKPVIQAHNQLW-CQSZACIVSA-N	https://pubmed.ncbi.nlm.nih.gov/	28001384	https://www.ncbi.nlm.nih.gov/pubmed/?term=28001384	Chemical Probes Portal	
ULXXDDBFHOBEHA-CWDCEQMOSA-N		http://www.nature.com/onc/journal/v27/n34/full/onc2008109a.html	http://www.nature.com/onc/journal/v27/n34/full/onc2008109a.html	Chemical Probes Portal	
ULXXDDBFHOBEHA-CWDCEQMOSA-N	https://pubmed.ncbi.nlm.nih.gov/	18408761	http://www.ncbi.nlm.nih.gov/pubmed/18408761	Chemical Probes Portal	
KXBDTLQSDKGAEB-UHFFFAOYSA-N	https://doi.org/	10.1124/jpet.113.203489	www.doi.org/10.1124/jpet.113.203489	Chemical Probes Portal	
KXBDTLQSDKGAEB-UHFFFAOYSA-N	https://pubmed.ncbi.nlm.nih.gov/	23709115	http://www.ncbi.nlm.nih.gov/pubmed/23709115	Chemical Probes Portal	
ZVWPOIUAPXDLMB-UHFFFAOYSA-N	https://doi.org/	10.1021/acschemneuro.7b00308	https://dx.doi.org/10.1021/acschemneuro.7b00308	Chemical Probes Portal	
LGWDVWIZDPGCFG-UHFFFAOYSA-N	https://doi.org/	10.1038/s41467-018-06703-2	www.doi.org/10.1038/s41467-018-06703-2	Chemical Probes Portal	
LGWDVWIZDPGCFG-UHFFFAOYSA-N	https://pubmed.ncbi.nlm.nih.gov/	30352999	https://pubmed.ncbi.nlm.nih.gov/30352999/	Chemical Probes Portal	
SQSZANZGUXWJEA-UHFFFAOYSA-N	https://doi.org/	10.1038/bcj.2013.6	www.doi.org/10.1038/bcj.2013.6	Chemical Probes Portal	
SQSZANZGUXWJEA-UHFFFAOYSA-N	https://pubmed.ncbi.nlm.nih.gov/	23584399	https://www.ncbi.nlm.nih.gov/pubmed/?term=23584399	Chemical Probes Portal	
IFWUBRBMMNTBRZ-UHFFFAOYSA-N	https://doi.org/	10.1021/acschembio.6b00609	http://pubs.acs.org/doi/abs/10.1021/acschembio.6b00609	Chemical Probes Portal	
IFWUBRBMMNTBRZ-UHFFFAOYSA-N	https://pubmed.ncbi.nlm.nih.gov/	27689388	https://www.ncbi.nlm.nih.gov/pubmed/27689388	Chemical Probes Portal	
GMPQGWXPDRNCBL-UHFFFAOYSA-N	https://doi.org/	10.1021/acs.jmedchem.6b00065	http://pubs.acs.org/doi/abs/10.1021/acs.jmedchem.6b00065	Chemical Probes Portal	
GMPQGWXPDRNCBL-UHFFFAOYSA-N	https://pubmed.ncbi.nlm.nih.gov/	27115835	https://www.ncbi.nlm.nih.gov/pubmed/?term=27115835	Chemical Probes Portal	
CYOHGALHFOKKQC-UHFFFAOYSA-N		http://clincancerres.aacrjournals.org/content/13/5/1576.long	http://clincancerres.aacrjournals.org/content/13/5/1576.long	Chemical Probes Portal	
CYOHGALHFOKKQC-UHFFFAOYSA-N	https://pubmed.ncbi.nlm.nih.gov/	17332304	http://www.ncbi.nlm.nih.gov/pubmed/17332304	Chemical Probes Portal	
REVJNSVNICWODC-KIDMSAQOSA-N	https://doi.org/	10.1038/nchembio.2306	www.doi.org/10.1038/nchembio.2306	Chemical Probes Portal	
REVJNSVNICWODC-KIDMSAQOSA-N	https://pubmed.ncbi.nlm.nih.gov/	28135237	https://www.ncbi.nlm.nih.gov/pubmed/28135237	Chemical Probes Portal	
NDVQUNZCNAMROD-RZUBCFFCSA-N	https://doi.org/	10.1038/ncomms13312	http://dx.doi.org/10.1038/ncomms13312	Chemical Probes Portal	
NDVQUNZCNAMROD-RZUBCFFCSA-N	https://pubmed.ncbi.nlm.nih.gov/	27811928	https://www.ncbi.nlm.nih.gov/pubmed/27811928	Chemical Probes Portal	
DFBDRVGWBHBJNR-BBNFHIFMSA-N	https://doi.org/	10.1021/acs.jmedchem.5b00984	www.doi.org/10.1021/acs.jmedchem.5b00984	Chemical Probes Portal	
DFBDRVGWBHBJNR-BBNFHIFMSA-N	https://doi.org/	10.1158/0008-5472.CAN-15-2357	www.doi.org/10.1158/0008-5472.CAN-15-2357	Chemical Probes Portal	
DFBDRVGWBHBJNR-BBNFHIFMSA-N	https://pubmed.ncbi.nlm.nih.gov/	26407012	https://pubmed.ncbi.nlm.nih.gov/26407012/	Chemical Probes Portal	
DFBDRVGWBHBJNR-BBNFHIFMSA-N	https://pubmed.ncbi.nlm.nih.gov/	27020862	https://pubmed.ncbi.nlm.nih.gov/27020862/	Chemical Probes Portal	
RRZVGDGTWNQAPW-UHFFFAOYSA-N	https://doi.org/	10.1021/jm501963e	http://pubs.acs.org/doi/10.1021/jm501963e	Chemical Probes Portal	
RRZVGDGTWNQAPW-UHFFFAOYSA-N	https://pubmed.ncbi.nlm.nih.gov/	25719566	http://www.ncbi.nlm.nih.gov/pubmed/?term=25719566	Chemical Probes Portal	
ITTRLTNMFYIYPA-UHFFFAOYSA-N		http://www.nature.com/nature/journal/v462/n7276/full/nature08622.html	http://www.nature.com/nature/journal/v462/n7276/full/nature08622.html	Chemical Probes Portal	
ITTRLTNMFYIYPA-UHFFFAOYSA-N	https://pubmed.ncbi.nlm.nih.gov/	20033049	https://www.ncbi.nlm.nih.gov/pubmed/?term=20033049	Chemical Probes Portal	
OIGNJSKKLXVSLS-VWUMJDOOSA-N	https://doi.org/	10.1021/jm010228c	https://dx.doi.org/10.1021/jm010228c	Chemical Probes Portal	
PMQUGSPFUBGJCZ-CHOKWEPUSA-N		http://www.pnas.org/content/114/12/3127	http://www.pnas.org/content/114/12/3127	Chemical Probes Portal	
PMQUGSPFUBGJCZ-CHOKWEPUSA-N	https://doi.org/	10.1021/acsmedchemlett.5b00485	http://pubs.acs.org/doi/abs/10.1021/acsmedchemlett.5b00485	Chemical Probes Portal	
PMQUGSPFUBGJCZ-CHOKWEPUSA-N	https://pubmed.ncbi.nlm.nih.gov/	27437075	https://www.ncbi.nlm.nih.gov/pubmed/27437075	Chemical Probes Portal	
PMQUGSPFUBGJCZ-CHOKWEPUSA-N	https://pubmed.ncbi.nlm.nih.gov/	28270606	https://www.ncbi.nlm.nih.gov/pubmed/28270606	Chemical Probes Portal	
QKPUKWQKXUUTOK-UHFFFAOYSA-N		http://pubs.rsc.org/en/Content/ArticleLanding/2015/MD/c5md00037h#!divAbstract	http://pubs.rsc.org/en/Content/ArticleLanding/2015/MD/c5md00037h#!divAbstract	Chemical Probes Portal	
MFYLCAMJNGIULC-KCVUFLITSA-N	https://doi.org/	10.1021/acs.jmedchem.0c00525	www.doi.org/10.1021/acs.jmedchem.0c00525	Chemical Probes Portal	
MFYLCAMJNGIULC-KCVUFLITSA-N	https://doi.org/	10.1021/acs.biochem.9b00448	www.doi.org/10.1021/acs.biochem.9b00448	Chemical Probes Portal	
MFYLCAMJNGIULC-KCVUFLITSA-N	https://pubmed.ncbi.nlm.nih.gov/	32614585	https://pubmed.ncbi.nlm.nih.gov/32614585/	Chemical Probes Portal	
MFYLCAMJNGIULC-KCVUFLITSA-N	https://pubmed.ncbi.nlm.nih.gov/	31334635	https://pubmed.ncbi.nlm.nih.gov/31334635/	Chemical Probes Portal	
PIEQDBPBBQPLPL-UHFFFAOYSA-N	https://doi.org/	10.1038/s41589-018-0155-8	www.doi.org/10.1038/s41589-018-0155-8	Chemical Probes Portal	
PIEQDBPBBQPLPL-UHFFFAOYSA-N	https://doi.org/	10.1021/acs.jmedchem.8b01958	www.doi.org/10.1021/acs.jmedchem.8b01958	Chemical Probes Portal	
PIEQDBPBBQPLPL-UHFFFAOYSA-N	https://doi.org/	10.1021/acschembio.0c00086	www.doi.org/10.1021/acschembio.0c00086	Chemical Probes Portal	
PIEQDBPBBQPLPL-UHFFFAOYSA-N	https://pubmed.ncbi.nlm.nih.gov/	30420694	https://pubmed.ncbi.nlm.nih.gov/30420694/	Chemical Probes Portal	
PIEQDBPBBQPLPL-UHFFFAOYSA-N	https://pubmed.ncbi.nlm.nih.gov/	30720278	https://pubmed.ncbi.nlm.nih.gov/30720278/	Chemical Probes Portal	
PIEQDBPBBQPLPL-UHFFFAOYSA-N	https://pubmed.ncbi.nlm.nih.gov/	32195565	https://pubmed.ncbi.nlm.nih.gov/32195565	Chemical Probes Portal	
UMUQEMHROZVOTF-LJQANCHMSA-N	https://doi.org/	10.1021/acs.jmedchem.3c01398	https://dx.doi.org/10.1021/acs.jmedchem.3c01398	Chemical Probes Portal	
BHUZLJOUHMBZQY-YXQOSMAKSA-N		http://www.pnas.org/content/100/8/4389.long	http://www.pnas.org/content/100/8/4389.long	Chemical Probes Portal	
BHUZLJOUHMBZQY-YXQOSMAKSA-N		http://www.cell.com/cell-chemical-biology/abstract/S1074-5521(03)00095-4	http://www.cell.com/cell-chemical-biology/abstract/S1074-5521(03)00095-4	Chemical Probes Portal	
BHUZLJOUHMBZQY-YXQOSMAKSA-N		http://www.nature.com/nchembio/journal/v6/n3/full/nchembio.313.html	http://www.nature.com/nchembio/journal/v6/n3/full/nchembio.313.html	Chemical Probes Portal	
BHUZLJOUHMBZQY-YXQOSMAKSA-N	https://pubmed.ncbi.nlm.nih.gov/	12677000	https://www.ncbi.nlm.nih.gov/pubmed/12677000	Chemical Probes Portal	
BHUZLJOUHMBZQY-YXQOSMAKSA-N	https://pubmed.ncbi.nlm.nih.gov/	12770821	https://www.ncbi.nlm.nih.gov/pubmed/12770821	Chemical Probes Portal	
BHUZLJOUHMBZQY-YXQOSMAKSA-N	https://pubmed.ncbi.nlm.nih.gov/	20139990	https://www.ncbi.nlm.nih.gov/pubmed/?term=20139990	Chemical Probes Portal	
VPQCHIWQHIOPQS-UHFFFAOYSA-N	https://doi.org/	10.1038/s41467-021-23152-6	www.doi.org/10.1038/s41467-021-23152-6	Chemical Probes Portal	
VPQCHIWQHIOPQS-UHFFFAOYSA-N	https://pubmed.ncbi.nlm.nih.gov/	33990599	https://pubmed.ncbi.nlm.nih.gov/33990599/	Chemical Probes Portal	
HXBRBOYWXDLHDC-UHFFFAOYSA-N	https://doi.org/	10.1158/0008-5472.CAN-18-2861	https://dx.doi.org/10.1158/0008-5472.CAN-18-2861	Chemical Probes Portal	
FQAXDSVNYVVQSE-UHFFFAOYSA-N	https://doi.org/	10.1021/acs.jmedchem.5b00892	www.doi.org/10.1021/acs.jmedchem.5b00892	Chemical Probes Portal	
FQAXDSVNYVVQSE-UHFFFAOYSA-N	https://pubmed.ncbi.nlm.nih.gov/	26225459	https://pubmed.ncbi.nlm.nih.gov/26225459/	Chemical Probes Portal	
VTFWALACVWFKNO-OCJYXSBASA-N	https://doi.org/	10.1021/acs.jmedchem.4c01590	https://dx.doi.org/10.1021/acs.jmedchem.4c01590	Chemical Probes Portal	
RJTJRVASUFIDQM-UHFFFAOYSA-N	https://doi.org/	10.1021/ml300280g	https://dx.doi.org/10.1021/ml300280g	Chemical Probes Portal	
RJTJRVASUFIDQM-UHFFFAOYSA-N	https://doi.org/	10.1124/jpet.115.226910	https://dx.doi.org/10.1124/jpet.115.226910	Chemical Probes Portal	
MDGIEDNDSFMSLP-UHFFFAOYSA-N	https://doi.org/	10.1038/nature15699	www.doi.org/10.1038/nature15699	Chemical Probes Portal	
MDGIEDNDSFMSLP-UHFFFAOYSA-N	https://pubmed.ncbi.nlm.nih.gov/	26550826	https://www.ncbi.nlm.nih.gov/pubmed/26550826	Chemical Probes Portal	
BHKDKKZMPODMIQ-UHFFFAOYSA-N	https://doi.org/	10.1021/acs.jmedchem.0c01019	www.doi.org/10.1021/acs.jmedchem.0c01019	Chemical Probes Portal	
BHKDKKZMPODMIQ-UHFFFAOYSA-N	https://pubmed.ncbi.nlm.nih.gov/	32930584	https://pubmed.ncbi.nlm.nih.gov/32930584/	Chemical Probes Portal	
NMQUSJQZQWKQBL-UHFFFAOYSA-N	https://doi.org/	10.1038/s41375-017-0005-9	www.doi.org/10.1038/s41375-017-0005-9	Chemical Probes Portal	
NMQUSJQZQWKQBL-UHFFFAOYSA-N	https://doi.org/	10.3390/cancers12041021	www.doi.org/10.3390/cancers12041021	Chemical Probes Portal	
NMQUSJQZQWKQBL-UHFFFAOYSA-N	https://doi.org/	10.1021/ml500165r	https://doi.org/10.1021/ml500165r	Chemical Probes Portal	
NMQUSJQZQWKQBL-UHFFFAOYSA-N	https://pubmed.ncbi.nlm.nih.gov/	29472718	https://pubmed.ncbi.nlm.nih.gov/29472718/	Chemical Probes Portal	
NMQUSJQZQWKQBL-UHFFFAOYSA-N	https://pubmed.ncbi.nlm.nih.gov/	32326377	https://pubmed.ncbi.nlm.nih.gov/32326377	Chemical Probes Portal	
NMQUSJQZQWKQBL-UHFFFAOYSA-N	https://pubmed.ncbi.nlm.nih.gov/	25419444	https://pubmed.ncbi.nlm.nih.gov/25419444	Chemical Probes Portal	
OSXFATOLZGZLSK-UHFFFAOYSA-N		http://www.cell.com/molecular-cell/abstract/S1097-2765(07)00040-8?_returnURL=http%3A%2F%2Flinkinghub.elsevier.com%2Fretrieve%2Fpii%2FS1097276507000408%3Fshowall%3Dtrue	http://www.cell.com/molecular-cell/abstract/S1097-2765(07)00040-8?_returnURL=http%3A%2F%2Flinkinghub.elsevier.com%2Fretrieve%2Fpii%2FS1097276507000408%3Fshowall%3Dtrue	Chemical Probes Portal	
OSXFATOLZGZLSK-UHFFFAOYSA-N	https://pubmed.ncbi.nlm.nih.gov/	17289593	http://www.ncbi.nlm.nih.gov/pubmed/?term=17289593	Chemical Probes Portal	
KMFLQPJJHQNKKF-UHFFFAOYSA-N	https://doi.org/	10.1124/molpharm.122.000633	https://dx.doi.org/10.1124/molpharm.122.000633	Chemical Probes Portal	
DUIHHZKTCSNTGM-UHFFFAOYSA-N		http://www.nature.com/nchembio/journal/v7/n7/full/nchembio.573.html	http://www.nature.com/nchembio/journal/v7/n7/full/nchembio.573.html	Chemical Probes Portal	
DUIHHZKTCSNTGM-UHFFFAOYSA-N	https://doi.org/	10.1021/jm101488z	http://pubs.acs.org/doi/abs/10.1021/jm101488z	Chemical Probes Portal	
DUIHHZKTCSNTGM-UHFFFAOYSA-N	https://pubmed.ncbi.nlm.nih.gov/	21490603	http://www.ncbi.nlm.nih.gov/pubmed/21490603	Chemical Probes Portal	
DUIHHZKTCSNTGM-UHFFFAOYSA-N	https://pubmed.ncbi.nlm.nih.gov/	21413798	http://www.ncbi.nlm.nih.gov/pubmed/21413798	Chemical Probes Portal	
LBVKEEFIPBQIMD-JTQLQIEISA-N	https://doi.org/	10.1021/jm800343j	www.doi.org/10.1021/jm800343j	Chemical Probes Portal	
LBVKEEFIPBQIMD-JTQLQIEISA-N	https://doi.org/	10.1158/1535-7163.MCT-09-0036	www.doi.org/10.1158/1535-7163.MCT-09-0036	Chemical Probes Portal	
LBVKEEFIPBQIMD-JTQLQIEISA-N	https://pubmed.ncbi.nlm.nih.gov/	18646745	https://pubmed.ncbi.nlm.nih.gov/18646745/	Chemical Probes Portal	
LBVKEEFIPBQIMD-JTQLQIEISA-N	https://pubmed.ncbi.nlm.nih.gov/	19509272	https://pubmed.ncbi.nlm.nih.gov/19509272/	Chemical Probes Portal	
FIVSJYGQAIEMOC-ZGNKEGEESA-N	https://doi.org/	10.1016/j.pbb.2012.03.021	https://dx.doi.org/10.1016/j.pbb.2012.03.021	Chemical Probes Portal	
WMOAPWVQPPIAFY-HSZRJFAPSA-N	https://doi.org/	10.1038/s41586-025-08618-7	https://dx.doi.org/10.1038/s41586-025-08618-7	Chemical Probes Portal	
YCBIMOYJAYMCOJ-CCEZHUSRSA-N	https://doi.org/	10.1038/s41467-025-57005-3	https://dx.doi.org/10.1038/s41467-025-57005-3	Chemical Probes Portal	
JLNAZAXGWJVJEC-UHFFFAOYSA-N	https://doi.org/	10.1021/acs.jmedchem.4c02293	https://dx.doi.org/10.1021/acs.jmedchem.4c02293	Chemical Probes Portal	
YLGMPWWMPCGYBF-UHFFFAOYSA-N	https://doi.org/	10.1021/acs.jmedchem.4c02631	https://dx.doi.org/10.1021/acs.jmedchem.4c02631	Chemical Probes Portal	
RGHLRMNPUGUZEY-UHFFFAOYSA-N	https://doi.org/	10.1021/acs.jmedchem.2c00271	https://dx.doi.org/10.1021/acs.jmedchem.2c00271	Chemical Probes Portal	
GYKNPXCQINZRLL-UHFFFAOYSA-N	https://doi.org/	10.1038/s41589-020-00652-y	https://dx.doi.org/10.1038/s41589-020-00652-y	Chemical Probes Portal	
RDLSKDOSNKLEAQ-UHFFFAOYSA-N	https://doi.org/	10.1021/jm401622k	www.doi.org/10.1021/jm401622k	Chemical Probes Portal	
RDLSKDOSNKLEAQ-UHFFFAOYSA-N	https://pubmed.ncbi.nlm.nih.gov/	24392688	https://pubmed.ncbi.nlm.nih.gov/24392688/	Chemical Probes Portal	
KGSBEYKVWODBRD-ICSRJNTNSA-N	https://doi.org/	10.1124/mol.119.118661	https://dx.doi.org/10.1124/mol.119.118661	Chemical Probes Portal	
XSQUJFKRXZMOKA-PAFIKIDNSA-N	https://doi.org/	10.1056/NEJMoa2209870	https://dx.doi.org/10.1056/NEJMoa2209870	Chemical Probes Portal	
XSQUJFKRXZMOKA-PAFIKIDNSA-N	https://doi.org/	10.1002/bdd.2387	https://dx.doi.org/10.1002/bdd.2387	Chemical Probes Portal	
ISNXAOFEMNFJCO-YUXAGFNASA-N	https://doi.org/	10.1038/s41589-021-00785-8	www.doi.org/10.1038/s41589-021-00785-8	Chemical Probes Portal	
ISNXAOFEMNFJCO-YUXAGFNASA-N	https://pubmed.ncbi.nlm.nih.gov/	33927411	https://pubmed.ncbi.nlm.nih.gov/33927411/	Chemical Probes Portal	
XUZMWHLSFXCVMG-UHFFFAOYSA-N	https://doi.org/	10.4049/jimmunol.0902819	www.doi.org/10.4049/jimmunol.0902819	Chemical Probes Portal	
XUZMWHLSFXCVMG-UHFFFAOYSA-N	https://doi.org/	10.1016/j.str.2015.12.015	www.doi.org/10.1016/j.str.2015.12.015	Chemical Probes Portal	
XUZMWHLSFXCVMG-UHFFFAOYSA-N	https://pubmed.ncbi.nlm.nih.gov/	20363976	https://pubmed.ncbi.nlm.nih.gov/20363976/	Chemical Probes Portal	
XUZMWHLSFXCVMG-UHFFFAOYSA-N	https://pubmed.ncbi.nlm.nih.gov/	26853940	https://pubmed.ncbi.nlm.nih.gov/26853940/	Chemical Probes Portal	
SGSFONPFVRRJLS-UHFFFAOYSA-N	https://doi.org/	10.1371/journal.pone.0093230	https://dx.doi.org/10.1371/journal.pone.0093230	Chemical Probes Portal	
SGSFONPFVRRJLS-UHFFFAOYSA-N	https://doi.org/	10.1021/acsmedchemlett.0c00200	https://dx.doi.org/10.1021/acsmedchemlett.0c00200	Chemical Probes Portal	
LGLHCXISMKHLIK-UHFFFAOYSA-N	https://doi.org/	10.1016/j.chembiol.2011.05.010	www.doi.org/10.1016/j.chembiol.2011.05.010	Chemical Probes Portal	
LGLHCXISMKHLIK-UHFFFAOYSA-N	https://doi.org/	10.1158/0008-5472.CAN-15-0817	www.doi.org/10.1158/0008-5472.CAN-15-0817	Chemical Probes Portal	
LGLHCXISMKHLIK-UHFFFAOYSA-N	https://pubmed.ncbi.nlm.nih.gov/	21802008	https://pubmed.ncbi.nlm.nih.gov/21802008/	Chemical Probes Portal	
LGLHCXISMKHLIK-UHFFFAOYSA-N	https://pubmed.ncbi.nlm.nih.gov/	26677978	https://pubmed.ncbi.nlm.nih.gov/26677978/	Chemical Probes Portal	
XLOGLWKOHPIJLV-UHFFFAOYSA-N	https://doi.org/	10.1021/acs.jmedchem.6b00211	http://pubs.acs.org/doi/abs/10.1021/acs.jmedchem.6b00211	Chemical Probes Portal	
XLOGLWKOHPIJLV-UHFFFAOYSA-N	https://pubmed.ncbi.nlm.nih.gov/	27109867	https://www.ncbi.nlm.nih.gov/pubmed/27109867	Chemical Probes Portal	
LOGJQOUIVKBFGH-YBEGLDIGSA-N	https://doi.org/	10.1128/mcb.20.23.9018-9027.2000	www.doi.org/10.1128/mcb.20.23.9018-9027.2000	Chemical Probes Portal	
LOGJQOUIVKBFGH-YBEGLDIGSA-N	https://doi.org/	10.3109/00207454.2013.879869	www.doi.org/10.3109/00207454.2013.879869	Chemical Probes Portal	
LOGJQOUIVKBFGH-YBEGLDIGSA-N	https://pubmed.ncbi.nlm.nih.gov/	11074000	https://pubmed.ncbi.nlm.nih.gov/11074000/	Chemical Probes Portal	
LOGJQOUIVKBFGH-YBEGLDIGSA-N	https://pubmed.ncbi.nlm.nih.gov/	24397498	https://pubmed.ncbi.nlm.nih.gov/24397498/	Chemical Probes Portal	
JIFCFQDXHMUPGP-UHFFFAOYSA-N		http://www.nature.com/nchembio/journal/v7/n1/full/nchembio.481.html	http://www.nature.com/nchembio/journal/v7/n1/full/nchembio.481.html	Chemical Probes Portal	
JIFCFQDXHMUPGP-UHFFFAOYSA-N	https://pubmed.ncbi.nlm.nih.gov/	21113169	http://www.ncbi.nlm.nih.gov/pubmed/21113169	Chemical Probes Portal	
NDEXUOWTGYUVGA-LJQANCHMSA-N		http://mct.aacrjournals.org/content/7/8/2394.long	http://mct.aacrjournals.org/content/7/8/2394.long	Chemical Probes Portal	
NDEXUOWTGYUVGA-LJQANCHMSA-N	https://pubmed.ncbi.nlm.nih.gov/	18723486	https://www.ncbi.nlm.nih.gov/pubmed/18723486	Chemical Probes Portal	
MUOKSQABCJCOPU-UHFFFAOYSA-N		http://cancerres.aacrjournals.org/content/70/24/10288.long	http://cancerres.aacrjournals.org/content/70/24/10288.long	Chemical Probes Portal	
MUOKSQABCJCOPU-UHFFFAOYSA-N		http://www.nature.com/leu/journal/v28/n1/full/leu2013232a.html	http://www.nature.com/leu/journal/v28/n1/full/leu2013232a.html	Chemical Probes Portal	
MUOKSQABCJCOPU-UHFFFAOYSA-N		http://cancerres.aacrjournals.org/content/70/24/10288.long	http://cancerres.aacrjournals.org/content/70/24/10288.long	Chemical Probes Portal	
MUOKSQABCJCOPU-UHFFFAOYSA-N	https://pubmed.ncbi.nlm.nih.gov/	21159648	http://www.ncbi.nlm.nih.gov/pubmed/21159648	Chemical Probes Portal	
MUOKSQABCJCOPU-UHFFFAOYSA-N	https://pubmed.ncbi.nlm.nih.gov/	21755459	https://www.ncbi.nlm.nih.gov/pubmed/?term=21755459	Chemical Probes Portal	
CMWRPDHVGMHLSZ-GFCCVEGCSA-N		http://jpet.aspetjournals.org/content/333/3/797.abstract	http://jpet.aspetjournals.org/content/333/3/797.abstract	Chemical Probes Portal	
CMWRPDHVGMHLSZ-GFCCVEGCSA-N	https://pubmed.ncbi.nlm.nih.gov/	20237073	http://www.ncbi.nlm.nih.gov/pubmed/20237073	Chemical Probes Portal	
DADASRPKWOGKCU-FVTQAUBDSA-N		http://www.sciencedirect.com/science/article/pii/S1535610814002219	http://www.sciencedirect.com/science/article/pii/S1535610814002219	Chemical Probes Portal	
DADASRPKWOGKCU-FVTQAUBDSA-N	https://pubmed.ncbi.nlm.nih.gov/	25043604	http://www.ncbi.nlm.nih.gov/pubmed/25043604	Chemical Probes Portal	
HZASIAXCPXTISQ-NVXWUHKLSA-N	https://doi.org/	10.1158/0008-5472.CAN-10-1252	www.doi.org/10.1158/0008-5472.CAN-10-1252	Chemical Probes Portal	
HZASIAXCPXTISQ-NVXWUHKLSA-N	https://pubmed.ncbi.nlm.nih.gov/	21239475	http://www.ncbi.nlm.nih.gov/pubmed/21239475	Chemical Probes Portal	
AUMDBEHGJRZSOO-UHFFFAOYSA-N	https://doi.org/	10.1124/jpet.109.151415	https://doi.org/10.1124/jpet.109.151415	Chemical Probes Portal	
AUMDBEHGJRZSOO-UHFFFAOYSA-N	https://pubmed.ncbi.nlm.nih.gov/	19458106	http://www.ncbi.nlm.nih.gov/pubmed/19458106	Chemical Probes Portal	
HDAJDNHIBCDLQF-RUZDIDTESA-N		http://cancerdiscovery.aacrjournals.org/content/early/2013/06/26/2159-8290.CD-13-0070	http://cancerdiscovery.aacrjournals.org/content/early/2013/06/26/2159-8290.CD-13-0070	Chemical Probes Portal	
HDAJDNHIBCDLQF-RUZDIDTESA-N	https://pubmed.ncbi.nlm.nih.gov/	23614898	http://www.ncbi.nlm.nih.gov/pubmed/23614898	Chemical Probes Portal	
LCVIRAZGMYMNNT-UHFFFAOYSA-N		http://mct.aacrjournals.org/content/9/1/157.long	http://mct.aacrjournals.org/content/9/1/157.long	Chemical Probes Portal	
LCVIRAZGMYMNNT-UHFFFAOYSA-N	https://pubmed.ncbi.nlm.nih.gov/	20053775	http://www.ncbi.nlm.nih.gov/pubmed/20053775	Chemical Probes Portal	
STUWGJZDJHPWGZ-LBPRGKRZSA-N	https://doi.org/	10.1016/j.bmcl.2013.05.007	www.doi.org/10.1016/j.bmcl.2013.05.007	Chemical Probes Portal	
STUWGJZDJHPWGZ-LBPRGKRZSA-N	https://pubmed.ncbi.nlm.nih.gov/	23726034	http://www.ncbi.nlm.nih.gov/pubmed/23726034	Chemical Probes Portal	
HTFNVAVTYILUCF-UHFFFAOYSA-N		http://www.pnas.org/content/113/42/11865	http://www.pnas.org/content/113/42/11865	Chemical Probes Portal	
HTFNVAVTYILUCF-UHFFFAOYSA-N	https://pubmed.ncbi.nlm.nih.gov/	27679845	https://www.ncbi.nlm.nih.gov/pubmed/?term=27679845	Chemical Probes Portal	
VEPKQEUBKLEPRA-UHFFFAOYSA-N		http://www.nature.com/nbt/journal/v26/n1/full/nbt1358.html	http://www.nature.com/nbt/journal/v26/n1/full/nbt1358.html	Chemical Probes Portal	
VEPKQEUBKLEPRA-UHFFFAOYSA-N	https://doi.org/	10.1021/ml2001455	http://pubs.acs.org/doi/abs/10.1021/ml2001455	Chemical Probes Portal	
VEPKQEUBKLEPRA-UHFFFAOYSA-N	https://pubmed.ncbi.nlm.nih.gov/	18183025	http://www.ncbi.nlm.nih.gov/pubmed/18183025	Chemical Probes Portal	
VEPKQEUBKLEPRA-UHFFFAOYSA-N	https://pubmed.ncbi.nlm.nih.gov/	24900264	http://www.ncbi.nlm.nih.gov/pubmed/24900264	Chemical Probes Portal	
KDGFLJKFZUIJMX-UHFFFAOYSA-N		http://www.sciencedirect.com/science/article/pii/S1535610811001486	http://www.sciencedirect.com/science/article/pii/S1535610811001486	Chemical Probes Portal	
KDGFLJKFZUIJMX-UHFFFAOYSA-N	https://pubmed.ncbi.nlm.nih.gov/	21575866	http://www.ncbi.nlm.nih.gov/pubmed/21575866	Chemical Probes Portal	
AHJRHEGDXFFMBM-UHFFFAOYSA-N		http://mct.aacrjournals.org/content/3/11/1427.long	http://mct.aacrjournals.org/content/3/11/1427.long	Chemical Probes Portal	
AHJRHEGDXFFMBM-UHFFFAOYSA-N	https://pubmed.ncbi.nlm.nih.gov/	15542782	http://www.ncbi.nlm.nih.gov/pubmed/15542782	Chemical Probes Portal	
ZBCMHWUFWQFPLV-VVOJOOEHSA-N	https://doi.org/	10.1021/acsmedchemlett.5b00398	http://pubs.acs.org/doi/abs/10.1021/acsmedchemlett.5b00398	Chemical Probes Portal	
ZBCMHWUFWQFPLV-VVOJOOEHSA-N	https://pubmed.ncbi.nlm.nih.gov/	26713112	https://www.ncbi.nlm.nih.gov/pubmed/?term=26713112	Chemical Probes Portal	
IVUGFMLRJOCGAS-UHFFFAOYSA-N	https://doi.org/	10.1158/0008-5472.CAN-10-3001	www.doi.org/10.1158/0008-5472.CAN-10-3001	Chemical Probes Portal	
IVUGFMLRJOCGAS-UHFFFAOYSA-N	https://pubmed.ncbi.nlm.nih.gov/	20935223	http://www.ncbi.nlm.nih.gov/pubmed/20935223	Chemical Probes Portal	
JCINBYQJBYJGDM-UHFFFAOYSA-N	https://doi.org/	10.1021/acsmedchemlett.5b00226	www.doi.org/10.1021/acsmedchemlett.5b00226	Chemical Probes Portal	
JCINBYQJBYJGDM-UHFFFAOYSA-N	https://pubmed.ncbi.nlm.nih.gov/	26288683	http://www.ncbi.nlm.nih.gov/pubmed/26288683	Chemical Probes Portal	
JUSFANSTBFGBAF-IRXDYDNUSA-N	https://doi.org/	10.1016/j.bmcl.2013.01.019	www.doi.org/10.1016/j.bmcl.2013.01.019	Chemical Probes Portal	
JUSFANSTBFGBAF-IRXDYDNUSA-N	https://doi.org/	10.1158/1535-7163.MCT-15-0365	www.doi.org/10.1158/1535-7163.MCT-15-0365	Chemical Probes Portal	
JUSFANSTBFGBAF-IRXDYDNUSA-N	https://pubmed.ncbi.nlm.nih.gov/	23375793	http://www.ncbi.nlm.nih.gov/pubmed/23375793	Chemical Probes Portal	
JUSFANSTBFGBAF-IRXDYDNUSA-N	https://pubmed.ncbi.nlm.nih.gov/	26358751	https://www.ncbi.nlm.nih.gov/pubmed/26358751	Chemical Probes Portal	
HXMGCTFLLWPVFM-GOSISDBHSA-N		http://www.nature.com/nchembio/journal/v8/n2/full/nchembio.761.html	http://www.nature.com/nchembio/journal/v8/n2/full/nchembio.761.html	Chemical Probes Portal	
HXMGCTFLLWPVFM-GOSISDBHSA-N	https://doi.org/	10.1021/jm300327h	http://pubs.acs.org/doi/abs/10.1021/jm300327h	Chemical Probes Portal	
HXMGCTFLLWPVFM-GOSISDBHSA-N	https://pubmed.ncbi.nlm.nih.gov/	22198732	https://www.ncbi.nlm.nih.gov/pubmed/22198732	Chemical Probes Portal	
HXMGCTFLLWPVFM-GOSISDBHSA-N	https://pubmed.ncbi.nlm.nih.gov/	22676210	https://www.ncbi.nlm.nih.gov/pubmed/22676210	Chemical Probes Portal	
DEZZLWQELQORIU-RELWKKBWSA-N		http://cancerres.aacrjournals.org/content/69/7/3042.long	http://cancerres.aacrjournals.org/content/69/7/3042.long	Chemical Probes Portal	
DEZZLWQELQORIU-RELWKKBWSA-N	https://pubmed.ncbi.nlm.nih.gov/	19276360	http://www.ncbi.nlm.nih.gov/pubmed/19276360	Chemical Probes Portal	
BCZUAADEACICHN-UHFFFAOYSA-N		www.doi.org/1158/1535-7163.MCT-09-0477	www.doi.org/1158/1535-7163.MCT-09-0477	Chemical Probes Portal	
BCZUAADEACICHN-UHFFFAOYSA-N	https://pubmed.ncbi.nlm.nih.gov/	19934279	http://www.ncbi.nlm.nih.gov/pubmed/19934279	Chemical Probes Portal	
AQGNHMOJWBZFQQ-UHFFFAOYSA-N	https://doi.org/	10.2337/diabetes.52.3.588	www.doi.org/10.2337/diabetes.52.3.588	Chemical Probes Portal	
AQGNHMOJWBZFQQ-UHFFFAOYSA-N	https://pubmed.ncbi.nlm.nih.gov/	12606497	http://www.ncbi.nlm.nih.gov/pubmed/12606497	Chemical Probes Portal	
IENLGMOXAQMNEH-CYBMUJFWSA-N		http://clincancerres.aacrjournals.org/content/18/20/5650.long	http://clincancerres.aacrjournals.org/content/18/20/5650.long	Chemical Probes Portal	
IENLGMOXAQMNEH-CYBMUJFWSA-N	https://doi.org/	10.1021/jm3012933	http://pubs.acs.org/doi/abs/10.1021/jm3012933	Chemical Probes Portal	
IENLGMOXAQMNEH-CYBMUJFWSA-N		http://mct.aacrjournals.org/content/early/2016/08/22/1535-7163.MCT-15-0998.long	http://mct.aacrjournals.org/content/early/2016/08/22/1535-7163.MCT-15-0998.long	Chemical Probes Portal	
IENLGMOXAQMNEH-CYBMUJFWSA-N		http://clincancerres.aacrjournals.org/content/18/20/5650.long	http://clincancerres.aacrjournals.org/content/18/20/5650.long	Chemical Probes Portal	
IENLGMOXAQMNEH-CYBMUJFWSA-N	https://doi.org/	10.1021/jm3012933	http://pubs.acs.org/doi/abs/10.1021/jm3012933	Chemical Probes Portal	
IENLGMOXAQMNEH-CYBMUJFWSA-N		http://mct.aacrjournals.org/content/early/2016/08/22/1535-7163.MCT-15-0998.long	http://mct.aacrjournals.org/content/early/2016/08/22/1535-7163.MCT-15-0998.long	Chemical Probes Portal	
LHNIIDJUOCFXAP-UHFFFAOYSA-N	https://doi.org/	10.1021/jm800295d	www.doi.org/10.1021/jm800295d	Chemical Probes Portal	
LHNIIDJUOCFXAP-UHFFFAOYSA-N	https://pubmed.ncbi.nlm.nih.gov/	18754654	http://www.ncbi.nlm.nih.gov/pubmed/18754654	Chemical Probes Portal	
PSICWGWNIOOULV-UHFFFAOYSA-N		http://pubs.rsc.org/en/content/articlelanding/md/2016/c5md00493d#!divAbstract	http://pubs.rsc.org/en/content/articlelanding/md/2016/c5md00493d#!divAbstract	Chemical Probes Portal	
UYUHRKLITDJEHB-UHFFFAOYSA-N	https://doi.org/	10.1073/pnas.1215450109	www.doi.org/10.1073/pnas.1215450109	Chemical Probes Portal	
UYUHRKLITDJEHB-UHFFFAOYSA-N	https://pubmed.ncbi.nlm.nih.gov/	23033494	http://www.ncbi.nlm.nih.gov/pubmed/23033494	Chemical Probes Portal	
MJSHVHLADKXCML-RQNOJGIXSA-N	https://doi.org/	10.1021/jm500749d	http://pubs.acs.org/doi/abs/10.1021/jm500749d	Chemical Probes Portal	
MJSHVHLADKXCML-RQNOJGIXSA-N	https://pubmed.ncbi.nlm.nih.gov/	25068800	https://www.ncbi.nlm.nih.gov/pubmed/?term=25068800	Chemical Probes Portal	
MYKOWOGZBMOVBJ-UHFFFAOYSA-N	https://doi.org/	10.1074/jbc.M201075200	www.doi.org/10.1074/jbc.M201075200	Chemical Probes Portal	
MYKOWOGZBMOVBJ-UHFFFAOYSA-N	https://pubmed.ncbi.nlm.nih.gov/	11867640	http://www.ncbi.nlm.nih.gov/pubmed/11867640	Chemical Probes Portal	
AHYMHWXQRWRBKT-UHFFFAOYSA-N	https://doi.org/	10.1158/1078-0432.CCR-12-3247	https://dx.doi.org/10.1158/1078-0432.CCR-12-3247	Chemical Probes Portal	
VASPFLVEEOBQOS-UHFFFAOYSA-N	https://doi.org/	10.1021/acsmedchemlett.3c00052	https://dx.doi.org/10.1021/acsmedchemlett.3c00052	Chemical Probes Portal	
AYCPARAPKDAOEN-LJQANCHMSA-N	https://doi.org/	10.1073/pnas.0911863107	www.doi.org/10.1073/pnas.0911863107	Chemical Probes Portal	
AYCPARAPKDAOEN-LJQANCHMSA-N	https://pubmed.ncbi.nlm.nih.gov/	20439741	http://www.ncbi.nlm.nih.gov/pubmed/20439741	Chemical Probes Portal	
DEEOXSOLTLIWMG-UHFFFAOYSA-N		http://cancerres.aacrjournals.org/content/65/3/957.long	http://cancerres.aacrjournals.org/content/65/3/957.long	Chemical Probes Portal	
DEEOXSOLTLIWMG-UHFFFAOYSA-N	https://pubmed.ncbi.nlm.nih.gov/	15705896	http://www.ncbi.nlm.nih.gov/pubmed/15705896	Chemical Probes Portal	
SCFMWQIQBVZOQR-UHFFFAOYSA-N	https://doi.org/	10.1158/1535-7163.MCT-10-0720	www.doi.org/10.1158/1535-7163.MCT-10-0720	Chemical Probes Portal	
SCFMWQIQBVZOQR-UHFFFAOYSA-N	https://doi.org/	10.1016/S0960-894X(03)00381-0	www.doi.org/10.1016/S0960-894X(03)00381-0	Chemical Probes Portal	
SCFMWQIQBVZOQR-UHFFFAOYSA-N	https://pubmed.ncbi.nlm.nih.gov/	21216932	http://www.ncbi.nlm.nih.gov/pubmed/21216932	Chemical Probes Portal	
SCFMWQIQBVZOQR-UHFFFAOYSA-N	https://pubmed.ncbi.nlm.nih.gov/	12824044	https://www.ncbi.nlm.nih.gov/pubmed/12824044	Chemical Probes Portal	
DTEKTGDVSARYDS-UHFFFAOYSA-N	https://doi.org/	10.1042/BJ20061088	www.doi.org/10.1042/BJ20061088	Chemical Probes Portal	
DTEKTGDVSARYDS-UHFFFAOYSA-N	https://pubmed.ncbi.nlm.nih.gov/	17040210	http://www.ncbi.nlm.nih.gov/pubmed/17040210	Chemical Probes Portal	
XQVVPGYIWAGRNI-JOCHJYFZSA-N	https://doi.org/	10.1016/j.cub.2006.12.037	www.doi.org/10.1016/j.cub.2006.12.037	Chemical Probes Portal	
XQVVPGYIWAGRNI-JOCHJYFZSA-N	https://pubmed.ncbi.nlm.nih.gov/	17291758	http://www.ncbi.nlm.nih.gov/pubmed/17291758	Chemical Probes Portal	
QAPAJIZPZGWAND-UHFFFAOYSA-N	https://doi.org/	10.1016/j.ccr.2010.08.008	www.doi.org/10.1016/j.ccr.2010.08.008	Chemical Probes Portal	
QAPAJIZPZGWAND-UHFFFAOYSA-N	https://pubmed.ncbi.nlm.nih.gov/	20832753	http://www.ncbi.nlm.nih.gov/pubmed/20832753	Chemical Probes Portal	
KTUFNOKKBVMGRW-UHFFFAOYSA-N	https://doi.org/	10.1038/nm0596-561	www.doi.org/10.1038/nm0596-561	Chemical Probes Portal	
KTUFNOKKBVMGRW-UHFFFAOYSA-N	https://pubmed.ncbi.nlm.nih.gov/	10910906	http://www.ncbi.nlm.nih.gov/pubmed/10910906	Chemical Probes Portal	
KTUFNOKKBVMGRW-UHFFFAOYSA-N	https://pubmed.ncbi.nlm.nih.gov/	8548747	http://www.ncbi.nlm.nih.gov/pubmed/8548747	Chemical Probes Portal	
KTUFNOKKBVMGRW-UHFFFAOYSA-N	https://pubmed.ncbi.nlm.nih.gov/	8616716	http://www.ncbi.nlm.nih.gov/pubmed/8616716	Chemical Probes Portal	
LQBVNQSMGBZMKD-UHFFFAOYSA-N		http://www.nature.com/nm/journal/v19/n2/full/nm.3048.html	http://www.nature.com/nm/journal/v19/n2/full/nm.3048.html	Chemical Probes Portal	
LQBVNQSMGBZMKD-UHFFFAOYSA-N	https://pubmed.ncbi.nlm.nih.gov/	23291630	http://www.ncbi.nlm.nih.gov/pubmed/23291630	Chemical Probes Portal	
SOYCFODXNRVBTI-UHFFFAOYSA-N	https://doi.org/	10.1021/ml5001867	http://pubs.acs.org/doi/abs/10.1021/ml5001867	Chemical Probes Portal	
SOYCFODXNRVBTI-UHFFFAOYSA-N	https://pubmed.ncbi.nlm.nih.gov/	25313317	https://www.ncbi.nlm.nih.gov/pubmed/25313317	Chemical Probes Portal	
JKMWZKPAXZBYEH-JWHWKPFMSA-N		https://www.nature.com/nchembio/journal/v9/n6/full/nchembio.1246.html	https://www.nature.com/nchembio/journal/v9/n6/full/nchembio.1246.html	Chemical Probes Portal	
JKMWZKPAXZBYEH-JWHWKPFMSA-N	https://pubmed.ncbi.nlm.nih.gov/	23603658	https://www.ncbi.nlm.nih.gov/pubmed/23603658	Chemical Probes Portal	
XMVAWGSQPHFXKU-UHFFFAOYSA-N		http://www.nature.com/cddis/journal/v6/n1/full/cddis2014561a.html	http://www.nature.com/cddis/journal/v6/n1/full/cddis2014561a.html	Chemical Probes Portal	
XMVAWGSQPHFXKU-UHFFFAOYSA-N	https://pubmed.ncbi.nlm.nih.gov/	25590800	https://www.ncbi.nlm.nih.gov/pubmed/25590800	Chemical Probes Portal	
ZFBHXVOCZBPADE-SSEXGKCCSA-N		https://www.nature.com/nature/journal/v538/n7626/full/nature19830.html	https://www.nature.com/nature/journal/v538/n7626/full/nature19830.html	Chemical Probes Portal	
ZFBHXVOCZBPADE-SSEXGKCCSA-N	https://doi.org/	10.1021/acs.jmedchem.0c01234	www.doi.org/10.1021/acs.jmedchem.0c01234	Chemical Probes Portal	
ZFBHXVOCZBPADE-SSEXGKCCSA-N	https://pubmed.ncbi.nlm.nih.gov/	27760111	https://www.ncbi.nlm.nih.gov/pubmed/27760111	Chemical Probes Portal	
ZFBHXVOCZBPADE-SSEXGKCCSA-N	https://pubmed.ncbi.nlm.nih.gov/	33146521	https://pubmed.ncbi.nlm.nih.gov/33146521/	Chemical Probes Portal	
SXQZEMXQTRNLRZ-HXUWFJFHSA-N	https://doi.org/	10.1038/s41589-023-01270-0	https://dx.doi.org/10.1038/s41589-023-01270-0	Chemical Probes Portal	
GXTJETQFYHZHNB-GASCZTMLSA-N	https://doi.org/	10.1016/j.celrep.2017.08.081	www.doi.org/10.1016/j.celrep.2017.08.081	Chemical Probes Portal	
GXTJETQFYHZHNB-GASCZTMLSA-N	https://doi.org/	10.1038/s41586-020-2925-1	www.doi.org/10.1038/s41586-020-2925-1	Chemical Probes Portal	
GXTJETQFYHZHNB-GASCZTMLSA-N	https://pubmed.ncbi.nlm.nih.gov/	28930682	https://pubmed.ncbi.nlm.nih.gov/28930682/	Chemical Probes Portal	
GXTJETQFYHZHNB-GASCZTMLSA-N	https://pubmed.ncbi.nlm.nih.gov/	33208943	https://pubmed.ncbi.nlm.nih.gov/33208943/	Chemical Probes Portal	
QLXULUNLCRKWRD-UHFFFAOYSA-N	https://doi.org/	10.1021/acs.jmedchem.9b02071	www.doi.org/10.1021/acs.jmedchem.9b02071	Chemical Probes Portal	
QLXULUNLCRKWRD-UHFFFAOYSA-N	https://doi.org/	10.1038/s41586-018-0387-5	www.doi.org/10.1038/s41586-018-0387-5	Chemical Probes Portal	
QLXULUNLCRKWRD-UHFFFAOYSA-N	https://pubmed.ncbi.nlm.nih.gov/	32118427	https://pubmed.ncbi.nlm.nih.gov/32118427	Chemical Probes Portal	
QLXULUNLCRKWRD-UHFFFAOYSA-N	https://pubmed.ncbi.nlm.nih.gov/	30069049	https://pubmed.ncbi.nlm.nih.gov/30069049	Chemical Probes Portal	
JWZSSEWMVYKYKW-UHFFFAOYSA-N	https://doi.org/	10.1021/jm301539x	https://doi.org/10.1021/jm301539x	Chemical Probes Portal	
JWZSSEWMVYKYKW-UHFFFAOYSA-N	https://doi.org/	10.1002/anie.201701185	https://doi.org/10.1002/anie.201701185	Chemical Probes Portal	
JWZSSEWMVYKYKW-UHFFFAOYSA-N	https://pubmed.ncbi.nlm.nih.gov/	23270382	https://www.ncbi.nlm.nih.gov/pubmed/23270382	Chemical Probes Portal	
JWZSSEWMVYKYKW-UHFFFAOYSA-N	https://pubmed.ncbi.nlm.nih.gov/	28397331	https://www.ncbi.nlm.nih.gov/pubmed/28397331	Chemical Probes Portal	
VYWRYBZVVSPTQN-SANMLTNESA-N	https://doi.org/	10.1158/2159-8290.CD-23-0944	https://dx.doi.org/10.1158/2159-8290.CD-23-0944	Chemical Probes Portal	
OZFFKOSQNBBYCA-UHFFFAOYSA-N	https://doi.org/	10.1007/s13402-020-00584-8	www.doi.org/10.1007/s13402-020-00584-8	Chemical Probes Portal	
OZFFKOSQNBBYCA-UHFFFAOYSA-N	https://pubmed.ncbi.nlm.nih.gov/	33492659	https://pubmed.ncbi.nlm.nih.gov/33492659/	Chemical Probes Portal	
ONIQOQHATWINJY-UHFFFAOYSA-N		http://mct.aacrjournals.org/content/10/12/2298.long	http://mct.aacrjournals.org/content/10/12/2298.long	Chemical Probes Portal	
ONIQOQHATWINJY-UHFFFAOYSA-N	https://pubmed.ncbi.nlm.nih.gov/	21926191	https://www.ncbi.nlm.nih.gov/pubmed/?term=21926191	Chemical Probes Portal	
WBLVOWHFRUAMCP-UHFFFAOYSA-N	https://doi.org/	10.1016/j.bmcl.2015.02.058	https://dx.doi.org/10.1016/j.bmcl.2015.02.058	Chemical Probes Portal	
WBLVOWHFRUAMCP-UHFFFAOYSA-N	https://doi.org/	10.1016/j.bmcl.2016.08.062	https://dx.doi.org/10.1016/j.bmcl.2016.08.062	Chemical Probes Portal	
DTBGJTHCIGPRDA-UHFFFAOYSA-N	https://doi.org/	10.1038/s41586-021-03536-w	www.doi.org/10.1038/s41586-021-03536-w	Chemical Probes Portal	
DTBGJTHCIGPRDA-UHFFFAOYSA-N	https://pubmed.ncbi.nlm.nih.gov/	33902106	https://pubmed.ncbi.nlm.nih.gov/33902106/	Chemical Probes Portal	
DKZYXHCYPUVGAF-JCNLHEQBSA-N	https://doi.org/	10.18632/oncotarget.790	www.doi.org/10.18632/oncotarget.790	Chemical Probes Portal	
DKZYXHCYPUVGAF-JCNLHEQBSA-N	https://pubmed.ncbi.nlm.nih.gov/	23283305	https://pubmed.ncbi.nlm.nih.gov/23283305/	Chemical Probes Portal	
SXWMIXPJPNCXQQ-UHFFFAOYSA-N		http://www.bloodjournal.org/content/123/14/2209.long?sso-checked=true	http://www.bloodjournal.org/content/123/14/2209.long?sso-checked=true	Chemical Probes Portal	
SXWMIXPJPNCXQQ-UHFFFAOYSA-N	https://pubmed.ncbi.nlm.nih.gov/	24532805	https://www.ncbi.nlm.nih.gov/pubmed/?term=24532805	Chemical Probes Portal	
BKWJAKQVGHWELA-UHFFFAOYSA-N	https://doi.org/	10.1158/1535-7163.MCT-09-0463	www.doi.org/10.1158/1535-7163.MCT-09-0463	Chemical Probes Portal	
BKWJAKQVGHWELA-UHFFFAOYSA-N	https://pubmed.ncbi.nlm.nih.gov/	19887545	https://pubmed.ncbi.nlm.nih.gov/19887545/	Chemical Probes Portal	
YKDZIFFKQUNVHH-UHFFFAOYSA-N	https://doi.org/	10.1016/j.chembiol.2020.12.013	www.doi.org/10.1016/j.chembiol.2020.12.013	Chemical Probes Portal	
YKDZIFFKQUNVHH-UHFFFAOYSA-N	https://pubmed.ncbi.nlm.nih.gov/	33484635	https://pubmed.ncbi.nlm.nih.gov/33484635/	Chemical Probes Portal	
GJYVLTPTDBQQCY-UHFFFAOYSA-N	https://doi.org/	10.3390/ijms21207549	www.doi.org/10.3390/ijms21207549	Chemical Probes Portal	
GJYVLTPTDBQQCY-UHFFFAOYSA-N	https://pubmed.ncbi.nlm.nih.gov/	33066143	https://pubmed.ncbi.nlm.nih.gov/33066143/	Chemical Probes Portal	
IRTDIKMSKMREGO-OAHLLOKOSA-N	https://doi.org/	10.1158/2159-8290.CD-12-0003	www.doi.org/10.1158/2159-8290.CD-12-0003	Chemical Probes Portal	
IRTDIKMSKMREGO-OAHLLOKOSA-N	https://doi.org/	10.1111/j.1538-7836.2012.04898.x	www.doi.org/10.1111/j.1538-7836.2012.04898.x	Chemical Probes Portal	
IRTDIKMSKMREGO-OAHLLOKOSA-N	https://pubmed.ncbi.nlm.nih.gov/	22588880	https://pubmed.ncbi.nlm.nih.gov/22588880/	Chemical Probes Portal	
IRTDIKMSKMREGO-OAHLLOKOSA-N	https://pubmed.ncbi.nlm.nih.gov/	22906130	https://pubmed.ncbi.nlm.nih.gov/22906130/	Chemical Probes Portal	
SUNXHXDJOIXABJ-NSHDSACASA-N		http://www.jbc.org/content/283/47/32334.long	http://www.jbc.org/content/283/47/32334.long	Chemical Probes Portal	
SUNXHXDJOIXABJ-NSHDSACASA-N	https://pubmed.ncbi.nlm.nih.gov/	18775810	https://www.ncbi.nlm.nih.gov/pubmed/?term=18775810	Chemical Probes Portal	
CDOOFZZILLRUQH-GDLZYMKVSA-N	https://doi.org/	10.1016/j.bmcl.2015.01.032	www.doi.org/10.1016/j.bmcl.2015.01.032	Chemical Probes Portal	
CDOOFZZILLRUQH-GDLZYMKVSA-N	https://doi.org/	10.1124/jpet.111.181545	www.doi.org/10.1124/jpet.111.181545	Chemical Probes Portal	
CDOOFZZILLRUQH-GDLZYMKVSA-N	https://doi.org/	10.1124/dmd.114.061804	www.doi.org/10.1124/dmd.114.061804	Chemical Probes Portal	
CDOOFZZILLRUQH-GDLZYMKVSA-N	https://pubmed.ncbi.nlm.nih.gov/	25701252	https://www.ncbi.nlm.nih.gov/pubmed/?term=25701252	Chemical Probes Portal	
CDOOFZZILLRUQH-GDLZYMKVSA-N	https://pubmed.ncbi.nlm.nih.gov/	21521773	https://pubmed.ncbi.nlm.nih.gov/21521773/	Chemical Probes Portal	
CDOOFZZILLRUQH-GDLZYMKVSA-N	https://pubmed.ncbi.nlm.nih.gov/	25845827	https://pubmed.ncbi.nlm.nih.gov/25845827/	Chemical Probes Portal	
VMJFTOSOFDEKTM-UHFFFAOYSA-N	https://doi.org/	10.1021/jm301619u	www.doi.org/10.1021/jm301619u	Chemical Probes Portal	
VMJFTOSOFDEKTM-UHFFFAOYSA-N	https://doi.org/	10.1097/JTO.0b013e318257cc89	www.doi.org/10.1097/JTO.0b013e318257cc89	Chemical Probes Portal	
VMJFTOSOFDEKTM-UHFFFAOYSA-N	https://pubmed.ncbi.nlm.nih.gov/	23379595	https://pubmed.ncbi.nlm.nih.gov/23379595/	Chemical Probes Portal	
VMJFTOSOFDEKTM-UHFFFAOYSA-N	https://pubmed.ncbi.nlm.nih.gov/	22617250	https://pubmed.ncbi.nlm.nih.gov/22617250/	Chemical Probes Portal	
WKIALOXOAZXGMG-UHFFFAOYSA-N	https://doi.org/	10.1158/1535-7163.MCT-15-0871	www.doi.org/10.1158/1535-7163.MCT-15-0871	Chemical Probes Portal	
WKIALOXOAZXGMG-UHFFFAOYSA-N	https://doi.org/	10.1021/acs.jmedchem.5b01716	www.doi.org/10.1021/acs.jmedchem.5b01716	Chemical Probes Portal	
WKIALOXOAZXGMG-UHFFFAOYSA-N	https://pubmed.ncbi.nlm.nih.gov/	27196782	https://www.ncbi.nlm.nih.gov/pubmed/?term=27196782	Chemical Probes Portal	
WKIALOXOAZXGMG-UHFFFAOYSA-N	https://pubmed.ncbi.nlm.nih.gov/	26812066	https://pubmed.ncbi.nlm.nih.gov/26812066/	Chemical Probes Portal	
XWQVQSXLXAXOPJ-QNGMFEMESA-N	https://doi.org/	10.1038/nchembio.2538	www.doi.org10.1038/nchembio.2538	Chemical Probes Portal	
XWQVQSXLXAXOPJ-QNGMFEMESA-N	https://pubmed.ncbi.nlm.nih.gov/	29251720	https://pubmed.ncbi.nlm.nih.gov/29251720/	Chemical Probes Portal	
KNLROUBMVYVLGX-UHFFFAOYSA-N		http://www.nature.com/nchembio/journal/v12/n5/full/nchembio.2056.html	http://www.nature.com/nchembio/journal/v12/n5/full/nchembio.2056.html	Chemical Probes Portal	
KNLROUBMVYVLGX-UHFFFAOYSA-N	https://pubmed.ncbi.nlm.nih.gov/	27018889	http://www.ncbi.nlm.nih.gov/pubmed/27018889	Chemical Probes Portal	
AUWUGRCKTQSGJY-HHHXNRCGSA-N	https://doi.org/	10.1021/jm401868d	http://pubs.acs.org/doi/abs/10.1021/jm401868d	Chemical Probes Portal	
AUWUGRCKTQSGJY-HHHXNRCGSA-N	https://pubmed.ncbi.nlm.nih.gov/	24472025	http://www.ncbi.nlm.nih.gov/pubmed/?term=24472025	Chemical Probes Portal	
IXZOHGPZAQLIBH-NRFANRHFSA-N	https://doi.org/	10.1021/acs.jmedchem.6b01921	https://dx.doi.org/10.1021/acs.jmedchem.6b01921	Chemical Probes Portal	
GSGDUDAFETZSPM-IATAILRESA-N	https://doi.org/	10.1021/acs.jmedchem.1c02175	https://dx.doi.org/10.1021/acs.jmedchem.1c02175	Chemical Probes Portal	
BANRYGZZIMCKNA-OYGJEQPESA-N	https://doi.org/	10.1021/acs.jmedchem.9b00846	www.doi.org/10.1021/acs.jmedchem.9b00846	Chemical Probes Portal	
BANRYGZZIMCKNA-OYGJEQPESA-N	https://pubmed.ncbi.nlm.nih.gov/	31560543	https://pubmed.ncbi.nlm.nih.gov/31560543/	Chemical Probes Portal	
PWBHUSLMHZLGRN-UHFFFAOYSA-N	https://doi.org/	10.1021/acs.jmedchem.0c01489	www.doi.org/10.1021/acs.jmedchem.0c01489	Chemical Probes Portal	
PWBHUSLMHZLGRN-UHFFFAOYSA-N	https://doi.org/	10.1182/blood.2020008676	www.doi.org/10.1182/blood.2020008676	Chemical Probes Portal	
PWBHUSLMHZLGRN-UHFFFAOYSA-N	https://pubmed.ncbi.nlm.nih.gov/	33591756	https://pubmed.ncbi.nlm.nih.gov/33591756/	Chemical Probes Portal	
PWBHUSLMHZLGRN-UHFFFAOYSA-N	https://pubmed.ncbi.nlm.nih.gov/	33197925	https://pubmed.ncbi.nlm.nih.gov/33197925/	Chemical Probes Portal	
WCPTUQOMNJBIET-CALCHBBNSA-N	https://doi.org/	10.1021/ml5003663	http://pubs.acs.org/doi/abs/10.1021/ml5003663	Chemical Probes Portal	
WCPTUQOMNJBIET-CALCHBBNSA-N	https://doi.org/	10.1021/acs.jmedchem.6b00990	http://pubs.acs.org/doi/pdf/10.1021/acs.jmedchem.6b00990	Chemical Probes Portal	
WCPTUQOMNJBIET-CALCHBBNSA-N	https://pubmed.ncbi.nlm.nih.gov/	25815142	http://www.ncbi.nlm.nih.gov/pubmed/?term=25815142	Chemical Probes Portal	
WCPTUQOMNJBIET-CALCHBBNSA-N	https://pubmed.ncbi.nlm.nih.gov/	28001384	https://www.ncbi.nlm.nih.gov/pubmed/?term=28001384	Chemical Probes Portal	
NWGMIELHSCQGOG-ZDUSSCGKSA-N		http://www.sciencedirect.com/science/article/pii/S0960894X15301888	http://www.sciencedirect.com/science/article/pii/S0960894X15301888	Chemical Probes Portal	
NWGMIELHSCQGOG-ZDUSSCGKSA-N	https://pubmed.ncbi.nlm.nih.gov/	26546219	http://www.ncbi.nlm.nih.gov/pubmed/26546219	Chemical Probes Portal	
FMTVWAGUJRUAKE-UHFFFAOYSA-N	https://doi.org/	10.1021/acschembio.5b00839	www.doi.org/10.1021/acschembio.5b00839	Chemical Probes Portal	
FMTVWAGUJRUAKE-UHFFFAOYSA-N	https://pubmed.ncbi.nlm.nih.gov/	26598975	http://www.ncbi.nlm.nih.gov/pubmed/26598975	Chemical Probes Portal	
OHRURASPPZQGQM-GCCNXGTGSA-N		http://www.sciencedirect.com/science/article/pii/S0014482798940277?via%3Dihub	http://www.sciencedirect.com/science/article/pii/S0014482798940277?via%3Dihub	Chemical Probes Portal	
OHRURASPPZQGQM-GCCNXGTGSA-N		http://cancerres.aacrjournals.org/content/62/17/4916.long	http://cancerres.aacrjournals.org/content/62/17/4916.long	Chemical Probes Portal	
OHRURASPPZQGQM-GCCNXGTGSA-N		http://www.nature.com/nchembio/journal/v6/n3/full/nchembio.313.html	http://www.nature.com/nchembio/journal/v6/n3/full/nchembio.313.html	Chemical Probes Portal	
OHRURASPPZQGQM-GCCNXGTGSA-N	https://pubmed.ncbi.nlm.nih.gov/	9633520	https://www.ncbi.nlm.nih.gov/pubmed/9633520	Chemical Probes Portal	
OHRURASPPZQGQM-GCCNXGTGSA-N	https://pubmed.ncbi.nlm.nih.gov/	12208741	https://www.ncbi.nlm.nih.gov/pubmed/12208741	Chemical Probes Portal	
OHRURASPPZQGQM-GCCNXGTGSA-N	https://pubmed.ncbi.nlm.nih.gov/	20139990	https://www.ncbi.nlm.nih.gov/pubmed/20139990	Chemical Probes Portal	
OHRDCQFCAWLDBP-SBUREZEXSA-N	https://doi.org/	10.1124/jpet.103.055848	www.doi.org/10.1124/jpet.103.055848	Chemical Probes Portal	
OHRDCQFCAWLDBP-SBUREZEXSA-N	https://doi.org/	10.1124/jpet.106.116764	www.doi.org/10.1124/jpet.106.116764	Chemical Probes Portal	
OHRDCQFCAWLDBP-SBUREZEXSA-N	https://doi.org/	10.1124/jpet.106.116780	www.doi.org/10.1124/jpet.106.116780	Chemical Probes Portal	
OHRDCQFCAWLDBP-SBUREZEXSA-N	https://pubmed.ncbi.nlm.nih.gov/	14593080	https://pubmed.ncbi.nlm.nih.gov/14593080/	Chemical Probes Portal	
OHRDCQFCAWLDBP-SBUREZEXSA-N	https://pubmed.ncbi.nlm.nih.gov/	17329552	https://pubmed.ncbi.nlm.nih.gov/17329552/	Chemical Probes Portal	
OHRDCQFCAWLDBP-SBUREZEXSA-N	https://pubmed.ncbi.nlm.nih.gov/	17329551	https://pubmed.ncbi.nlm.nih.gov/17329551/	Chemical Probes Portal	
KKFFOOWORPUAJB-NVXWUHKLSA-N	https://doi.org/	10.1021/acs.jmedchem.2c01517	https://dx.doi.org/10.1021/acs.jmedchem.2c01517	Chemical Probes Portal	
XCGYXEVLQIIEJH-UHFFFAOYSA-N	https://doi.org/	10.1016/j.celrep.2017.08.081	www.doi.org/10.1016/j.celrep.2017.08.081	Chemical Probes Portal	
XCGYXEVLQIIEJH-UHFFFAOYSA-N	https://doi.org/	10.1038/s41586-020-2925-1	www.doi.org/10.1038/s41586-020-2925-1	Chemical Probes Portal	
XCGYXEVLQIIEJH-UHFFFAOYSA-N	https://pubmed.ncbi.nlm.nih.gov/	28930682	https://pubmed.ncbi.nlm.nih.gov/28930682/	Chemical Probes Portal	
XCGYXEVLQIIEJH-UHFFFAOYSA-N	https://pubmed.ncbi.nlm.nih.gov/	33208943	https://pubmed.ncbi.nlm.nih.gov/33208943/	Chemical Probes Portal	
BNTAEJNPQLMGDJ-LLVKDONJSA-N	https://doi.org/	10.1016/j.bmcl.2016.04.072	https://doi.org/10.1016/j.bmcl.2016.04.072	Chemical Probes Portal	
BNTAEJNPQLMGDJ-LLVKDONJSA-N	https://doi.org/	10.1016/j.bmcl.2016.04.073	https://doi.org/10.1016/j.bmcl.2016.04.073	Chemical Probes Portal	
BNTAEJNPQLMGDJ-LLVKDONJSA-N	https://pubmed.ncbi.nlm.nih.gov/	27155900	https://pubmed.ncbi.nlm.nih.gov/27155900	Chemical Probes Portal	
BNTAEJNPQLMGDJ-LLVKDONJSA-N	https://pubmed.ncbi.nlm.nih.gov/	27136719	https://pubmed.ncbi.nlm.nih.gov/27136719	Chemical Probes Portal	
PFPSFENQCNMITC-MRXNPFEDSA-N		http://www.sciencedirect.com/science/article/pii/S1074552114003421	http://www.sciencedirect.com/science/article/pii/S1074552114003421	Chemical Probes Portal	
PFPSFENQCNMITC-MRXNPFEDSA-N	https://pubmed.ncbi.nlm.nih.gov/	25457180	http://www.ncbi.nlm.nih.gov/pubmed/?term=25457180	Chemical Probes Portal	
WXRGFPHDRFQODR-ICLZECGLSA-N		http://www.cell.com/cancer-cell/abstract/S1535-6108(11)00227-3	http://www.cell.com/cancer-cell/abstract/S1535-6108(11)00227-3	Chemical Probes Portal	
WXRGFPHDRFQODR-ICLZECGLSA-N	https://pubmed.ncbi.nlm.nih.gov/	21741596	http://www.ncbi.nlm.nih.gov/pubmed/?term=21741596	Chemical Probes Portal	
ULNXAWLQFZMIHX-UHFFFAOYSA-N	https://doi.org/	10.1021/ml3003346	www.doi.org/10.1021/ml3003346	Chemical Probes Portal	
ULNXAWLQFZMIHX-UHFFFAOYSA-N	https://pubmed.ncbi.nlm.nih.gov/	24900432	http://www.ncbi.nlm.nih.gov/pubmed/24900432	Chemical Probes Portal	
PFHDWRIVDDIFRP-UHFFFAOYSA-N		http://www.pnas.org/content/109/52/21360.long	http://www.pnas.org/content/109/52/21360.long	Chemical Probes Portal	
PFHDWRIVDDIFRP-UHFFFAOYSA-N	https://pubmed.ncbi.nlm.nih.gov/	23236167	http://www.ncbi.nlm.nih.gov/pubmed/?term=23236167	Chemical Probes Portal	
NSQSAUGJQHDYNO-UHFFFAOYSA-N		http://www.pnas.org/content/110/19/7922.long?tab=related	http://www.pnas.org/content/110/19/7922.long?tab=related	Chemical Probes Portal	
NSQSAUGJQHDYNO-UHFFFAOYSA-N	https://pubmed.ncbi.nlm.nih.gov/	23620515	http://www.ncbi.nlm.nih.gov/pubmed/?term=23620515	Chemical Probes Portal	
CACMCLIHCDTJHL-IDTAVKCVSA-N	https://doi.org/	10.1021/ml500467h	http://pubs.acs.org/doi/abs/10.1021/ml500467h	Chemical Probes Portal	
CACMCLIHCDTJHL-IDTAVKCVSA-N	https://pubmed.ncbi.nlm.nih.gov/	25893041	http://www.ncbi.nlm.nih.gov/pubmed/?term=25893041	Chemical Probes Portal	
XGVXKJKTISMIOW-ZDUSSCGKSA-N	https://doi.org/	10.1126/sciadv.aav3660	https://dx.doi.org/10.1126/sciadv.aav3660	Chemical Probes Portal	
LQTWDAYNGMMHLV-UHFFFAOYSA-N		http://cancerdiscovery.aacrjournals.org/content/early/2016/06/16/2159-8290.CD-16-0164.long	http://cancerdiscovery.aacrjournals.org/content/early/2016/06/16/2159-8290.CD-16-0164.long	Chemical Probes Portal	
LQTWDAYNGMMHLV-UHFFFAOYSA-N		http://www.ncbi.nlm.nih.gov/pubmed/?term=jqez5	http://www.ncbi.nlm.nih.gov/pubmed/?term=jqez5	Chemical Probes Portal	
LQTWDAYNGMMHLV-UHFFFAOYSA-N		http://www.ncbi.nlm.nih.gov/pubmed/?term=qi+j+and+sharpless	http://www.ncbi.nlm.nih.gov/pubmed/?term=qi+j+and+sharpless	Chemical Probes Portal	
HPODOLXTMDHLLC-QGZVFWFLSA-N	https://doi.org/	10.1021/acs.jmedchem.6b01315	http://pubs.acs.org/doi/abs/10.1021/acs.jmedchem.6b01315	Chemical Probes Portal	
HPODOLXTMDHLLC-QGZVFWFLSA-N	https://pubmed.ncbi.nlm.nih.gov/	27739677	https://www.ncbi.nlm.nih.gov/pubmed/27739677	Chemical Probes Portal	
PTPNCCWOTBBVJR-UHFFFAOYSA-N	https://doi.org/	10.1038/sj.bjp.0706770	www.doi.org/10.1038/sj.bjp.0706770	Chemical Probes Portal	
PTPNCCWOTBBVJR-UHFFFAOYSA-N	https://doi.org/	10.1371/journal.pone.0081563	www.doi.org/10.1371/journal.pone.0081563	Chemical Probes Portal	
PTPNCCWOTBBVJR-UHFFFAOYSA-N	https://pubmed.ncbi.nlm.nih.gov/	16702987	https://pubmed.ncbi.nlm.nih.gov/16702987	Chemical Probes Portal	
PTPNCCWOTBBVJR-UHFFFAOYSA-N	https://pubmed.ncbi.nlm.nih.gov/	24349089	https://pubmed.ncbi.nlm.nih.gov/24349089/	Chemical Probes Portal	
ATFQBBCQZKVZJN-QMMMGPOBSA-N	https://doi.org/	10.1021/acsmedchemlett.8b00013	www.doi.org/10.1021/acsmedchemlett.8b00013	Chemical Probes Portal	
ATFQBBCQZKVZJN-QMMMGPOBSA-N	https://doi.org/	10.1152/ajprenal.00146.2020	www.doi.org/10.1152/ajprenal.00146.2020	Chemical Probes Portal	
ATFQBBCQZKVZJN-QMMMGPOBSA-N	https://pubmed.ncbi.nlm.nih.gov/	29795756	https://pubmed.ncbi.nlm.nih.gov/29795756/	Chemical Probes Portal	
ATFQBBCQZKVZJN-QMMMGPOBSA-N	https://pubmed.ncbi.nlm.nih.gov/	32744087	https://pubmed.ncbi.nlm.nih.gov/32744087/	Chemical Probes Portal	
QLPHOXTXAKOFMU-WBVHZDCISA-N	https://doi.org/	10.1021/jm101527u	www.doi.org/10.1021/jm101527u	Chemical Probes Portal	
QLPHOXTXAKOFMU-WBVHZDCISA-N	https://pubmed.ncbi.nlm.nih.gov/	21341675	http://www.ncbi.nlm.nih.gov/pubmed/21341675	Chemical Probes Portal	
XKQLNDPUQSZBJW-QGHHPUGFSA-N	https://doi.org/	10.1038/s41589-018-0222-1	www.doi.org/10.1038/s41589-018-0222-1	Chemical Probes Portal	
XKQLNDPUQSZBJW-QGHHPUGFSA-N	https://pubmed.ncbi.nlm.nih.gov/	30692685	https://pubmed.ncbi.nlm.nih.gov/30692685/	Chemical Probes Portal	
VOVZXURTCKPRDQ-CQSZACIVSA-N	https://doi.org/	10.1038/nature21702	www.doi.org/10.1038/nature21702	Chemical Probes Portal	
VOVZXURTCKPRDQ-CQSZACIVSA-N	https://doi.org/	10.1182/blood.V124.21.398.398	www.doi.org/10.1182/blood.V124.21.398.398	Chemical Probes Portal	
VOVZXURTCKPRDQ-CQSZACIVSA-N	https://pubmed.ncbi.nlm.nih.gov/	28329763	https://pubmed.ncbi.nlm.nih.gov/28329763/	Chemical Probes Portal	
YHMDHAMZFMNMTF-MSOLQXFVSA-N	https://doi.org/	10.1038/s41467-021-23463-8	https://dx.doi.org/10.1038/s41467-021-23463-8	Chemical Probes Portal	
IIQUYGWWHIHOCF-UHFFFAOYSA-N	https://doi.org/	10.1038/nature08675	www.doi.org/10.1038/nature08675	Chemical Probes Portal	
IIQUYGWWHIHOCF-UHFFFAOYSA-N	https://pubmed.ncbi.nlm.nih.gov/	20072125	http://www.ncbi.nlm.nih.gov/pubmed/20072125	Chemical Probes Portal	
OINGHOPGNMYCAB-INIZCTEOSA-N	https://doi.org/	10.1021/acsmedchemlett.5b00102	http://pubs.acs.org/doi/abs/10.1021/acsmedchemlett.5b00102	Chemical Probes Portal	
OINGHOPGNMYCAB-INIZCTEOSA-N	https://pubmed.ncbi.nlm.nih.gov/	26191365	https://www.ncbi.nlm.nih.gov/pubmed/?term=26191365	Chemical Probes Portal	
JBGYKRAZYDNCNV-UHFFFAOYSA-N	https://doi.org/	10.1002/ijc.30457	www.doi.org/10.1002/ijc.30457	Chemical Probes Portal	
JBGYKRAZYDNCNV-UHFFFAOYSA-N	https://doi.org/	10.3390/cancers11121987	www.doi.org/10.3390/cancers11121987	Chemical Probes Portal	
JBGYKRAZYDNCNV-UHFFFAOYSA-N	https://pubmed.ncbi.nlm.nih.gov/	27699769	https://pubmed.ncbi.nlm.nih.gov/27699769/	Chemical Probes Portal	
JBGYKRAZYDNCNV-UHFFFAOYSA-N	https://pubmed.ncbi.nlm.nih.gov/	31835495	https://pubmed.ncbi.nlm.nih.gov/31835495/	Chemical Probes Portal	
DMIDPTCQPIJYFE-UHFFFAOYSA-N	https://doi.org/	10.1002/anie.201412154	www.doi.org/10.1002/anie.201412154	Chemical Probes Portal	
DMIDPTCQPIJYFE-UHFFFAOYSA-N	https://pubmed.ncbi.nlm.nih.gov/	25728001	http://www.ncbi.nlm.nih.gov/pubmed/25728001	Chemical Probes Portal	
HSVRUECLQUGTDS-UHFFFAOYSA-N	https://doi.org/	10.1021/acs.jmedchem.0c01895	www.doi.org/10.1021/acs.jmedchem.0c01895	Chemical Probes Portal	
HSVRUECLQUGTDS-UHFFFAOYSA-N	https://doi.org/	10.1016/j.ccell.2020.12.010	www.doi.org/10.1016/j.ccell.2020.12.010	Chemical Probes Portal	
HSVRUECLQUGTDS-UHFFFAOYSA-N	https://pubmed.ncbi.nlm.nih.gov/	33829783	https://pubmed.ncbi.nlm.nih.gov/33829783/	Chemical Probes Portal	
HSVRUECLQUGTDS-UHFFFAOYSA-N	https://pubmed.ncbi.nlm.nih.gov/	33450196	https://pubmed.ncbi.nlm.nih.gov/33450196/	Chemical Probes Portal	
VUIRVWPJNKZOSS-UHFFFAOYSA-N	https://doi.org/	10.1021/jm5010495	http://pubs.acs.org/doi/10.1021/jm5010495	Chemical Probes Portal	
VUIRVWPJNKZOSS-UHFFFAOYSA-N		http://www.nature.com/nchembio/journal/v10/n4/full/nchembio.1455.html	http://www.nature.com/nchembio/journal/v10/n4/full/nchembio.1455.html	Chemical Probes Portal	
VUIRVWPJNKZOSS-UHFFFAOYSA-N	https://pubmed.ncbi.nlm.nih.gov/	25229643	http://www.ncbi.nlm.nih.gov/pubmed/25229643	Chemical Probes Portal	
VUIRVWPJNKZOSS-UHFFFAOYSA-N	https://pubmed.ncbi.nlm.nih.gov/	24531842	https://www.ncbi.nlm.nih.gov/pubmed/24531842	Chemical Probes Portal	
XMWUCMFVDXDRDE-NRFANRHFSA-N	https://doi.org/	10.1021/ml500315b	http://pubs.acs.org/doi/abs/10.1021/ml500315b	Chemical Probes Portal	
XMWUCMFVDXDRDE-NRFANRHFSA-N	https://pubmed.ncbi.nlm.nih.gov/	25589933	https://www.ncbi.nlm.nih.gov/pubmed/25589933	Chemical Probes Portal	
VIQXILLOJLATEF-UHFFFAOYSA-N	https://doi.org/	10.1038/s41467-017-00833-9	www.doi.org/10.1038/s41467-017-00833-9	Chemical Probes Portal	
VIQXILLOJLATEF-UHFFFAOYSA-N	https://pubmed.ncbi.nlm.nih.gov/	28963528	https://pubmed.ncbi.nlm.nih.gov/28963528/	Chemical Probes Portal	
UJGTUKMAJVCBIS-UHFFFAOYSA-N	https://doi.org/	10.1038/nchembio.1313	www.doi.org/10.1038/nchembio.1313	Chemical Probes Portal	
UJGTUKMAJVCBIS-UHFFFAOYSA-N	https://pubmed.ncbi.nlm.nih.gov/	23892893	https://pubmed.ncbi.nlm.nih.gov/23892893/	Chemical Probes Portal	
ZPNTXOKOIHPCLI-UHFFFAOYSA-N	https://doi.org/	10.1021/acsmedchemlett.9b00381	https://dx.doi.org/10.1021/acsmedchemlett.9b00381	Chemical Probes Portal	
NVGROBHDOYRPAN-FPTDNZKUSA-N	https://doi.org/	10.1021/op200301h	https://dx.doi.org/10.1021/op200301h	Chemical Probes Portal	
VKQBTIMLSDGNLG-QHCPKHFHSA-N	https://doi.org/	10.1021/acs.jmedchem.9b01382	https://dx.doi.org/10.1021/acs.jmedchem.9b01382	Chemical Probes Portal	
ZNNLBTZKUZBEKO-UHFFFAOYSA-N	https://doi.org/	10.1016/j.metabol.2012.07.010	www.doi.org/10.1016/j.metabol.2012.07.010	Chemical Probes Portal	
ZNNLBTZKUZBEKO-UHFFFAOYSA-N	https://doi.org/	10.1016/s0026-0495(96)90297-8	www.doi.org/10.1016/s0026-0495(96)90297-8	Chemical Probes Portal	
ZNNLBTZKUZBEKO-UHFFFAOYSA-N	https://doi.org/	10.1016/0024-3205(93)90448-c	www.doi.org/10.1016/0024-3205(93)90448-c	Chemical Probes Portal	
ZNNLBTZKUZBEKO-UHFFFAOYSA-N	https://doi.org/	10.1016/j.metabol.2012.07.010	www.doi.org/10.1016/j.metabol.2012.07.010	Chemical Probes Portal	
ZNNLBTZKUZBEKO-UHFFFAOYSA-N	https://pubmed.ncbi.nlm.nih.gov/	2110566	https://www.ncbi.nlm.nih.gov/pubmed/2110566	Chemical Probes Portal	
ZNNLBTZKUZBEKO-UHFFFAOYSA-N	https://pubmed.ncbi.nlm.nih.gov/	2117388	https://www.ncbi.nlm.nih.gov/pubmed/2117388	Chemical Probes Portal	
ZNNLBTZKUZBEKO-UHFFFAOYSA-N	https://pubmed.ncbi.nlm.nih.gov/	6767639	https://www.ncbi.nlm.nih.gov/pubmed/6767639	Chemical Probes Portal	
FAEKWTJYAYMJKF-QHCPKHFHSA-N	https://doi.org/	10.2337/diabetes.51.9.2789	https://doi.org/10.2337/diabetes.51.9.2789	Chemical Probes Portal	
FAEKWTJYAYMJKF-QHCPKHFHSA-N	https://doi.org/	10.1016/j.bmcl.2004.07.059	https://doi.org/10.1016/j.bmcl.2004.07.059	Chemical Probes Portal	
FAEKWTJYAYMJKF-QHCPKHFHSA-N	https://doi.org/	10.2337/diabetes.47.3.345	https://doi.org/10.2337/diabetes.47.3.345	Chemical Probes Portal	
FAEKWTJYAYMJKF-QHCPKHFHSA-N	https://pubmed.ncbi.nlm.nih.gov/	12196472	https://www.ncbi.nlm.nih.gov/pubmed/12196472	Chemical Probes Portal	
FAEKWTJYAYMJKF-QHCPKHFHSA-N	https://pubmed.ncbi.nlm.nih.gov/	15380228	https://www.ncbi.nlm.nih.gov/pubmed/15380228	Chemical Probes Portal	
FAEKWTJYAYMJKF-QHCPKHFHSA-N	https://pubmed.ncbi.nlm.nih.gov/	9519738	https://www.ncbi.nlm.nih.gov/pubmed/9519738	Chemical Probes Portal	
LYPAFUINURXJSG-AWEZNQCLSA-N	https://doi.org/	10.1021/acs.jmedchem.6b01751	www.doi.org/10.1021/acs.jmedchem.6b01751	Chemical Probes Portal	
LYPAFUINURXJSG-AWEZNQCLSA-N	https://pubmed.ncbi.nlm.nih.gov/	28151659	https://pubmed.ncbi.nlm.nih.gov/28151659/	Chemical Probes Portal	
JGWRKYUXBBNENE-UHFFFAOYSA-N	https://doi.org/	10.1056/NEJMoa1411366	https://dx.doi.org/10.1056/NEJMoa1411366	Chemical Probes Portal	
RZLXOEIALAVGKH-UHFFFAOYSA-N	https://doi.org/	10.1021/acsmedchemlett.1c00096	https://dx.doi.org/10.1021/acsmedchemlett.1c00096	Chemical Probes Portal	
ZKIQFLSGMMYCGS-SANMLTNESA-N	https://doi.org/	10.1039/C5MD00454C	www.doi.org/10.1039/C5MD00454C	Chemical Probes Portal	
ZKIQFLSGMMYCGS-SANMLTNESA-N	https://doi.org/	10.1016/j.bcp.2009.03.032	www.doi.org/10.1016/j.bcp.2009.03.032	Chemical Probes Portal	
ZKIQFLSGMMYCGS-SANMLTNESA-N	https://doi.org/	10.1038/nchembio.2229	www.doi.org/10.1038/nchembio.2229	Chemical Probes Portal	
ZKIQFLSGMMYCGS-SANMLTNESA-N	https://pubmed.ncbi.nlm.nih.gov/	19439267	https://pubmed.ncbi.nlm.nih.gov/19439267/	Chemical Probes Portal	
ZKIQFLSGMMYCGS-SANMLTNESA-N	https://pubmed.ncbi.nlm.nih.gov/	27820798	https://pubmed.ncbi.nlm.nih.gov/27820798/	Chemical Probes Portal	
PMJIHLSCWIDGMD-UHFFFAOYSA-N	https://doi.org/	10.1074/jbc.M111.306472	https://dx.doi.org/10.1074/jbc.M111.306472	Chemical Probes Portal	
NIHAFOURWLZLFN-UHFFFAOYSA-N	https://doi.org/	10.1021/acschemneuro.3c00135	https://dx.doi.org/10.1021/acschemneuro.3c00135	Chemical Probes Portal	
KKMZWHRTQLNOCF-UHFFFAOYSA-N	https://doi.org/	10.1021/acs.jmedchem.0c00227	https://dx.doi.org/10.1021/acs.jmedchem.0c00227	Chemical Probes Portal	
NFHSJYKXENYICE-UHFFFAOYSA-N	https://doi.org/	10.1158/2767-9764.CRC-22-0477	https://dx.doi.org/10.1158/2767-9764.CRC-22-0477	Chemical Probes Portal	
GOVYBPLHWIEHEJ-UHFFFAOYSA-N	https://doi.org/	10.1021/ja102758v	http://pubs.acs.org/doi/abs/10.1021/ja102758v	Chemical Probes Portal	
GOVYBPLHWIEHEJ-UHFFFAOYSA-N		http://mcb.asm.org/content/31/10/2066	http://mcb.asm.org/content/31/10/2066	Chemical Probes Portal	
GOVYBPLHWIEHEJ-UHFFFAOYSA-N	https://doi.org/	10.1021/acs.jmedchem.8b01936	www.doi.org/10.1021/acs.jmedchem.8b01936	Chemical Probes Portal	
GOVYBPLHWIEHEJ-UHFFFAOYSA-N	https://doi.org/	10.1074/jbc.M117.803775	www.doi.org/10.1074/jbc.M117.803775	Chemical Probes Portal	
GOVYBPLHWIEHEJ-UHFFFAOYSA-N	https://pubmed.ncbi.nlm.nih.gov/	20614936	https://www.ncbi.nlm.nih.gov/pubmed/20614936	Chemical Probes Portal	
GOVYBPLHWIEHEJ-UHFFFAOYSA-N	https://pubmed.ncbi.nlm.nih.gov/	21444725	https://www.ncbi.nlm.nih.gov/pubmed/21444725	Chemical Probes Portal	
GOVYBPLHWIEHEJ-UHFFFAOYSA-N	https://pubmed.ncbi.nlm.nih.gov/	30964290	https://www.ncbi.nlm.nih.gov/pubmed/30964290	Chemical Probes Portal	
GOVYBPLHWIEHEJ-UHFFFAOYSA-N	https://pubmed.ncbi.nlm.nih.gov/	28887310	https://www.ncbi.nlm.nih.gov/pubmed/28887310	Chemical Probes Portal	
OJQMKCBWYCWFPU-UHFFFAOYSA-N	https://doi.org/	10.1021/acs.jmedchem.5b00698	https://dx.doi.org/10.1021/acs.jmedchem.5b00698	Chemical Probes Portal	
WXTJCPHELGTTJU-FMKPAKJESA-N	https://doi.org/	10.1021/acs.jmedchem.3c01804	https://dx.doi.org/10.1021/acs.jmedchem.3c01804	Chemical Probes Portal	
JYYLVUFNAHSSFE-UHFFFAOYSA-N	https://doi.org/	10.1021/jm101423y	https://dx.doi.org/10.1021/jm101423y	Chemical Probes Portal	
DNVFTXQYIYFQBW-UHFFFAOYSA-N	https://doi.org/	10.1016/j.chembiol.2010.02.007	https://dx.doi.org/10.1016/j.chembiol.2010.02.007	Chemical Probes Portal	
NDVITLLKZQXKGU-IBGZPJMESA-N	https://doi.org/	10.1097/CAD.0000000000001514	https://dx.doi.org/10.1097/CAD.0000000000001514	Chemical Probes Portal	
QYJLBHRAPDJOSO-NVXWUHKLSA-N	https://doi.org/	10.1016/j.ccell.2025.02.006	https://dx.doi.org/10.1016/j.ccell.2025.02.006	Chemical Probes Portal	
HEAUOKZIVMZVQL-VWLOTQADSA-N	https://doi.org/	10.1021/jm8006454	https://dx.doi.org/10.1021/jm8006454	Chemical Probes Portal	
ASRLBLHATMXGPC-UHFFFAOYSA-N	https://doi.org/	10.1002/cmdc.202200686	https://dx.doi.org/10.1002/cmdc.202200686	Chemical Probes Portal	
POKVQQVLRJLUAK-UHFFFAOYSA-N	https://doi.org/	10.1021/acs.jmedchem.5c00529	https://dx.doi.org/10.1021/acs.jmedchem.5c00529	Chemical Probes Portal	
RKAFYSIKAVFVPS-UHFFFAOYSA-N	https://doi.org/	10.1021/acs.jmedchem.0c01313	https://dx.doi.org/10.1021/acs.jmedchem.0c01313	Chemical Probes Portal	
RKAFYSIKAVFVPS-UHFFFAOYSA-N	https://doi.org/	10.1182/blood.2022017813	https://dx.doi.org/10.1182/blood.2022017813	Chemical Probes Portal	
XVGSKZXXLKUEIO-MRXNPFEDSA-N	https://doi.org/	10.1021/acs.jmedchem.2c01133	https://dx.doi.org/10.1021/acs.jmedchem.2c01133	Chemical Probes Portal	
NRHPFMQPXSSELC-QHCPKHFHSA-N	https://doi.org/	10.1016/j.mcpro.2023.100609	https://dx.doi.org/10.1016/j.mcpro.2023.100609	Chemical Probes Portal	
GJMZWYLOARVASY-NTCAYCPXSA-N		http://www.cell.com/cell-chemical-biology/abstract/S2451-9456(16)30386-5	http://www.cell.com/cell-chemical-biology/abstract/S2451-9456(16)30386-5	Chemical Probes Portal	
GJMZWYLOARVASY-NTCAYCPXSA-N	https://pubmed.ncbi.nlm.nih.gov/	27840070	https://www.ncbi.nlm.nih.gov/pubmed/27840070	Chemical Probes Portal	
KTBSXLIQKWEBRB-UHFFFAOYSA-N	https://doi.org/	10.1016/j.ejphar.2020.173505	https://dx.doi.org/10.1016/j.ejphar.2020.173505	Chemical Probes Portal	
HXYXHSDYBDFOFO-INIZCTEOSA-N	https://doi.org/	10.1016/j.bmcl.2016.10.036	https://dx.doi.org/10.1016/j.bmcl.2016.10.036	Chemical Probes Portal	
HHFWQMFTPDFWLM-UHFFFAOYSA-N	https://doi.org/	10.1016/j.ejmech.2025.117708	https://dx.doi.org/10.1016/j.ejmech.2025.117708	Chemical Probes Portal	
FSQGWBXWGNWEAV-CMDGGOBGSA-N	https://doi.org/	10.1021/acs.jmedchem.5c00121	https://dx.doi.org/10.1021/acs.jmedchem.5c00121	Chemical Probes Portal	
OXTSYWDBUVRXFF-GDLZYMKVSA-N	https://doi.org/	10.1021/acs.jmedchem.1c01121	https://dx.doi.org/10.1021/acs.jmedchem.1c01121	Chemical Probes Portal	
KRNAOFGYEFKHPB-ANJVHQHFSA-N	https://doi.org/	10.1021/jm3013147	https://dx.doi.org/10.1021/jm3013147	Chemical Probes Portal	
LBFYQISQYCGDDW-UHFFFAOYSA-N		http://www.nature.com/nchembio/journal/v11/n12/full/nchembio.1952.html	http://www.nature.com/nchembio/journal/v11/n12/full/nchembio.1952.html	Chemical Probes Portal	
LBFYQISQYCGDDW-UHFFFAOYSA-N	https://doi.org/	10.1021/jm501436m	http://pubs.acs.org/doi/abs/10.1021/jm501436m	Chemical Probes Portal	
LBFYQISQYCGDDW-UHFFFAOYSA-N	https://doi.org/	10.1021/acs.jmedchem.5b01685	http://pubs.acs.org/doi/abs/10.1021/acs.jmedchem.5b01685	Chemical Probes Portal	
LBFYQISQYCGDDW-UHFFFAOYSA-N	https://pubmed.ncbi.nlm.nih.gov/	26502155	https://www.ncbi.nlm.nih.gov/pubmed/26502155	Chemical Probes Portal	
LBFYQISQYCGDDW-UHFFFAOYSA-N	https://pubmed.ncbi.nlm.nih.gov/	25680029	https://www.ncbi.nlm.nih.gov/pubmed/25680029	Chemical Probes Portal	
LBFYQISQYCGDDW-UHFFFAOYSA-N	https://pubmed.ncbi.nlm.nih.gov/	26796641	https://www.ncbi.nlm.nih.gov/pubmed/26796641	Chemical Probes Portal	
WBFSPPPOPIJCLF-UHFFFAOYSA-N	https://doi.org/	10.1021/acs.jmedchem.4c00220	https://dx.doi.org/10.1021/acs.jmedchem.4c00220	Chemical Probes Portal	
XFBJUMZGUOUWSC-UHFFFAOYSA-N	https://doi.org/	10.1021/acs.jmedchem.5c00563	https://dx.doi.org/10.1021/acs.jmedchem.5c00563	Chemical Probes Portal	
JLIJJLLYTGASQX-UHFFFAOYSA-N	https://doi.org/	10.1016/j.ejmech.2023.115708	https://dx.doi.org/10.1016/j.ejmech.2023.115708	Chemical Probes Portal	
FUEYCNUHTBZPRF-SVBPBHIXSA-N	https://doi.org/	10.1021/acs.jmedchem.4c00656	https://dx.doi.org/10.1021/acs.jmedchem.4c00656	Chemical Probes Portal	
KDTQFQYXTWVBCC-UHFFFAOYSA-N	https://doi.org/	10.1021/acschemneuro.5c00032	https://dx.doi.org/10.1021/acschemneuro.5c00032	Chemical Probes Portal	
GSLHDZCTAHKMDW-UHFFFAOYSA-N	https://doi.org/	10.1021/acs.jmedchem.5c00472	https://dx.doi.org/10.1021/acs.jmedchem.5c00472	Chemical Probes Portal	
DXAQGYQVEJTSTD-UHFFFAOYSA-N	https://doi.org/	10.1021/acschemneuro.5c00032	https://dx.doi.org/10.1021/acschemneuro.5c00032	Chemical Probes Portal	
ODRITQGYYWHQGM-INIZCTEOSA-N	https://doi.org/	10.1021/acs.jmedchem.6b00597	https://dx.doi.org/10.1021/acs.jmedchem.6b00597	Chemical Probes Portal	
BODASLVEZBWITD-ACCUITESSA-N	https://doi.org/	10.1016/j.ejmech.2024.117166	https://dx.doi.org/10.1016/j.ejmech.2024.117166	Chemical Probes Portal	
XBWKVZHZUZNMJE-UHFFFAOYSA-N	https://doi.org/	10.1021/acs.jmedchem.3c01980	https://dx.doi.org/10.1021/acs.jmedchem.3c01980	Chemical Probes Portal	
OYMNPJXKQVTQTR-UHFFFAOYSA-N	https://doi.org/	10.1074/jbc.M311743200	https://dx.doi.org/10.1074/jbc.M311743200	Chemical Probes Portal	
BXNMZRPTQFVRFA-QGZVFWFLSA-N	https://doi.org/	10.1021/ml500479v	https://dx.doi.org/10.1021/ml500479v	Chemical Probes Portal	
WCWUXEGQKLTGDX-LLVKDONJSA-N	https://doi.org/	10.1021/jm051106d	www.di.org/10.1021/jm051106d	Chemical Probes Portal	
WCWUXEGQKLTGDX-LLVKDONJSA-N	https://doi.org/	10.1007/s00280-009-1002-0	www.doi.org/10.1007/s00280-009-1002-0	Chemical Probes Portal	
WCWUXEGQKLTGDX-LLVKDONJSA-N	https://pubmed.ncbi.nlm.nih.gov/	16570908	https://pubmed.ncbi.nlm.nih.gov/16570908/	Chemical Probes Portal	
WCWUXEGQKLTGDX-LLVKDONJSA-N	https://pubmed.ncbi.nlm.nih.gov/	19396600	https://pubmed.ncbi.nlm.nih.gov/19396600/	Chemical Probes Portal	
HTCJUBZBSJQWBW-CQSZACIVSA-N	https://doi.org/	10.1021/acs.jmedchem.0c00100	https://dx.doi.org/10.1021/acs.jmedchem.0c00100	Chemical Probes Portal	
HTCJUBZBSJQWBW-CQSZACIVSA-N	https://doi.org/	10.1002/hep.31255	https://dx.doi.org/10.1002/hep.31255	Chemical Probes Portal	
VSOUDUXMPUHJEU-UHFFFAOYSA-N	https://doi.org/	10.1016/j.bmcl.2014.08.041	https://dx.doi.org/10.1016/j.bmcl.2014.08.041	Chemical Probes Portal	
RSJAXPUYVJKAAA-JPGJPTAESA-N	https://doi.org/	10.1038/sj.bjp.0703162	www.doi.org/10.1038/sj.bjp.0703162	Chemical Probes Portal	
RSJAXPUYVJKAAA-JPGJPTAESA-N	https://doi.org/	10.1016/s0014-2999(99)00650-0	www.doi.org/10.1016/s0014-2999(99)00650-0	Chemical Probes Portal	
RSJAXPUYVJKAAA-JPGJPTAESA-N	https://pubmed.ncbi.nlm.nih.gov/	10725255	https://pubmed.ncbi.nlm.nih.gov/10725255/	Chemical Probes Portal	
RSJAXPUYVJKAAA-JPGJPTAESA-N	https://pubmed.ncbi.nlm.nih.gov/	10611450	https://pubmed.ncbi.nlm.nih.gov/10611450/	Chemical Probes Portal	
ATALOFNDEOCMKK-OITMNORJSA-N	https://doi.org/	10.1021/jm980299k	https://dx.doi.org/10.1021/jm980299k	Chemical Probes Portal	
ATALOFNDEOCMKK-OITMNORJSA-N	https://doi.org/	10.1021/jm990617v	https://dx.doi.org/10.1021/jm990617v	Chemical Probes Portal	
ATHZIFFSGSWIAU-UHFFFAOYSA-N	https://doi.org/	10.1016/j.ejphar.2016.04.022	https://dx.doi.org/10.1016/j.ejphar.2016.04.022	Chemical Probes Portal	
UXZAJSZFFARTEI-YRPNKDGESA-N	https://doi.org/	10.1016/j.pbb.2019.172794	https://dx.doi.org/10.1016/j.pbb.2019.172794	Chemical Probes Portal	
YHGBLECINAKBKX-UHFFFAOYSA-N	https://doi.org/	10.1124/molpharm.122.000662	https://dx.doi.org/10.1124/molpharm.122.000662	Chemical Probes Portal	
NCWQLHHDGDXIJN-UHFFFAOYSA-N	https://doi.org/	10.1136/jitc-2019-000417	https://dx.doi.org/10.1136/jitc-2019-000417	Chemical Probes Portal	
OAEWNSKRLBVVBV-QSEAXJEQSA-N	https://doi.org/	10.1016/s0014-2999(98)00891-7	https://dx.doi.org/10.1016/s0014-2999(98)00891-7	Chemical Probes Portal	
QLOHOGRMRUDDPM-LBPRGKRZSA-N	https://doi.org/	10.1021/acs.jmedchem.3c00630	https://dx.doi.org/10.1021/acs.jmedchem.3c00630	Chemical Probes Portal	
FOBFICSYUINKAA-XMMPIXPASA-N	https://doi.org/	10.1021/jm0108449	https://dx.doi.org/10.1021/jm0108449	Chemical Probes Portal	
PUKBOVABABRILL-YZNIXAGQSA-N	https://doi.org/	10.1371/journal.pone.0164646	https://dx.doi.org/10.1371/journal.pone.0164646	Chemical Probes Portal	
FJZNNKJZHQFMCK-LRDDRELGSA-N	https://doi.org/	10.1021/acs.jmedchem.9b02101	https://dx.doi.org/10.1021/acs.jmedchem.9b02101	Chemical Probes Portal	
BZCALJIHZVNMGJ-HSZRJFAPSA-N	https://doi.org/	10.1021/ml1000855	www.doi.org/10.1021/ml1000855	Chemical Probes Portal	
BZCALJIHZVNMGJ-HSZRJFAPSA-N	https://doi.org/	10.1124/jpet.111.183772	www.doi.org/10.1124/jpet.111.183772	Chemical Probes Portal	
BZCALJIHZVNMGJ-HSZRJFAPSA-N	https://pubmed.ncbi.nlm.nih.gov/	24900210	https://pubmed.ncbi.nlm.nih.gov/24900210/	Chemical Probes Portal	
BZCALJIHZVNMGJ-HSZRJFAPSA-N	https://pubmed.ncbi.nlm.nih.gov/	21752941	https://pubmed.ncbi.nlm.nih.gov/21752941/	Chemical Probes Portal	
KDFQABSFVYLGPM-QFIPXVFZSA-N	https://doi.org/	10.1021/jm00121a004	https://dx.doi.org/10.1021/jm00121a004	Chemical Probes Portal	
KDFQABSFVYLGPM-QFIPXVFZSA-N	https://pubmed.ncbi.nlm.nih.gov/	1355713	https://pubmed.ncbi.nlm.nih.gov/1355713	Chemical Probes Portal	
PZGSYNNVPNLHQG-SANMLTNESA-N	https://doi.org/	10.1021/acs.jmedchem.0c01076	https://dx.doi.org/10.1021/acs.jmedchem.0c01076	Chemical Probes Portal	
OGJGQVFWEPNYSB-UHFFFAOYSA-N	https://doi.org/	10.1021/jm9600712	https://dx.doi.org/10.1021/jm9600712	Chemical Probes Portal	
OGJGQVFWEPNYSB-UHFFFAOYSA-N	https://pubmed.ncbi.nlm.nih.gov/	9353380	https://pubmed.ncbi.nlm.nih.gov/9353380	Chemical Probes Portal	
AGVNHDNTFYHZNL-QGZVFWFLSA-N	https://doi.org/	10.1021/jm970519e	https://dx.doi.org/10.1021/jm970519e	Chemical Probes Portal	
VXNAMCLMCBLNOL-NFQMXDRXSA-N		https://pubmed.ncbi.nlm.nih.gov/Peer reviewed at SGC	https://pubmed.ncbi.nlm.nih.gov/Peer reviewed at SGC	Chemical Probes Portal	
HVVLGXULBVAFRZ-UHFFFAOYSA-N	https://doi.org/	10.1021/acs.jmedchem.2c01690	https://dx.doi.org/10.1021/acs.jmedchem.2c01690	Chemical Probes Portal	
HLCHESOMJVGDSJ-LOYHVIPDSA-N	https://doi.org/	10.1021/jm025539h	https://dx.doi.org/10.1021/jm025539h	Chemical Probes Portal	
VOSAWOSMGPKQEQ-OALUTQOASA-N	https://doi.org/	10.1124/jpet.122.001449	https://dx.doi.org/10.1124/jpet.122.001449	Chemical Probes Portal	
DTCZNKWBDTXEBS-UHFFFAOYSA-N	https://doi.org/	10.1021/acs.jmedchem.4c00293	https://dx.doi.org/10.1021/acs.jmedchem.4c00293	Chemical Probes Portal	
PTOIAAWZLUQTIO-GXFFZTMASA-N	https://doi.org/	10.1016/j.neuropharm.2014.12.004	https://dx.doi.org/10.1016/j.neuropharm.2014.12.004	Chemical Probes Portal	
TYXSIXOYTBHZFA-UHFFFAOYSA-N	https://doi.org/	10.1016/j.bmc.2017.03.064	https://doi.org/10.1016/j.bmc.2017.03.064	Chemical Probes Portal	
TYXSIXOYTBHZFA-UHFFFAOYSA-N	https://doi.org/	10.1124/jpet.117.242925	https://doi.org/10.1124/jpet.117.242925	Chemical Probes Portal	
TYXSIXOYTBHZFA-UHFFFAOYSA-N	https://pubmed.ncbi.nlm.nih.gov/	28433511	https://www.ncbi.nlm.nih.gov/pubmed/28433511	Chemical Probes Portal	
TYXSIXOYTBHZFA-UHFFFAOYSA-N	https://pubmed.ncbi.nlm.nih.gov/	28851764	https://www.ncbi.nlm.nih.gov/pubmed/28851764	Chemical Probes Portal	
PMEQBGAGFZDWQX-UHFFFAOYSA-N	https://doi.org/	10.1124/mol.109.058677	https://dx.doi.org/10.1124/mol.109.058677	Chemical Probes Portal	
PMEQBGAGFZDWQX-UHFFFAOYSA-N	https://doi.org/	10.1021/acschemneuro.9b00082	https://dx.doi.org/10.1021/acschemneuro.9b00082	Chemical Probes Portal	
ZPCGODCPRDIFRQ-UHFFFAOYSA-N	https://doi.org/	10.1021/acs.jmedchem.5c01401	https://dx.doi.org/10.1021/acs.jmedchem.5c01401	Chemical Probes Portal	
QXURFIGBRGWPQD-UHFFFAOYSA-N	https://doi.org/	10.1021/acs.jmedchem.8b01606	https://doi.org/10.1021/acs.jmedchem.8b01606	Chemical Probes Portal	
QXURFIGBRGWPQD-UHFFFAOYSA-N	https://pubmed.ncbi.nlm.nih.gov/	30563338	https://www.ncbi.nlm.nih.gov/pubmed/30563338	Chemical Probes Portal	
AFJRYPJIKHMNGL-UHFFFAOYSA-N	https://doi.org/	10.1016/j.bmcl.2009.08.053	https://dx.doi.org/10.1016/j.bmcl.2009.08.053	Chemical Probes Portal	
AFJRYPJIKHMNGL-UHFFFAOYSA-N	https://doi.org/	10.1016/j.bcp.2013.02.004	https://dx.doi.org/10.1016/j.bcp.2013.02.004	Chemical Probes Portal	
LPORLBPACXEOET-UHFFFAOYSA-N	https://doi.org/	10.1021/acs.jmedchem.5c01938	https://dx.doi.org/10.1021/acs.jmedchem.5c01938	Chemical Probes Portal	
GQCXHIKRWBIQMD-AKJBCIBTSA-N	https://doi.org/	10.1021/acs.jmedchem.1c00847	https://dx.doi.org/10.1021/acs.jmedchem.1c00847	Chemical Probes Portal	
QAKJEKTXKXAPBP-MGCURZBSSA-N	https://doi.org/	10.1016/j.chembiol.2025.06.005	https://dx.doi.org/10.1016/j.chembiol.2025.06.005	Chemical Probes Portal	
ODOJVROSIRINJT-LJQANCHMSA-N	https://doi.org/	10.1021/acs.jmedchem.3c01807	https://dx.doi.org/10.1021/acs.jmedchem.3c01807	Chemical Probes Portal	
ZUFHZMHKCFCIHV-JRFCFUNGSA-N	https://doi.org/	10.1021/acs.jmedchem.5c00238	https://dx.doi.org/10.1021/acs.jmedchem.5c00238	Chemical Probes Portal	
LTNDTFYBIKTRBQ-UHFFFAOYSA-N	https://doi.org/	10.1021/acs.jmedchem.5c00884	https://dx.doi.org/10.1021/acs.jmedchem.5c00884	Chemical Probes Portal	
OVUNRYUVDVWTTE-UHFFFAOYSA-N	https://doi.org/	10.1007/s00213-009-1726-x	https://dx.doi.org/10.1007/s00213-009-1726-x	Chemical Probes Portal	
HUOLMBXGHHSYHC-QWQFASRJSA-N	https://doi.org/	10.1038/s42003-023-05655-8	https://dx.doi.org/10.1038/s42003-023-05655-8	Chemical Probes Portal	
HUOLMBXGHHSYHC-QWQFASRJSA-N	https://doi.org/	10.1016/j.ejmech.2025.117488	https://dx.doi.org/10.1016/j.ejmech.2025.117488	Chemical Probes Portal	
CEGVLCNHZDUFIJ-NSHDSACASA-N	https://doi.org/	10.1021/acs.jmedchem.5c00781	https://dx.doi.org/10.1021/acs.jmedchem.5c00781	Chemical Probes Portal	
ZVDNXHUSIKGTSF-UHFFFAOYSA-N	https://doi.org/	10.1021/acs.jmedchem.4c01580	https://dx.doi.org/10.1021/acs.jmedchem.4c01580	Chemical Probes Portal	
QJWQAZTYFYCFQU-RMKNXTFCSA-N	https://doi.org/	10.1021/acs.jmedchem.3c00732	https://dx.doi.org/10.1021/acs.jmedchem.3c00732	Chemical Probes Portal	
NORRDWRSNUOCBV-XCIZWWPASA-N	https://doi.org/	10.1021/acs.jmedchem.3c02124	https://dx.doi.org/10.1021/acs.jmedchem.3c02124	Chemical Probes Portal	
BFMWIVWPPKENIN-AWEZNQCLSA-N	https://doi.org/	10.1021/acs.jmedchem.5c02593	https://dx.doi.org/10.1021/acs.jmedchem.5c02593	Chemical Probes Portal	
CLCTZVRHDOAUGJ-SYVGMNBRSA-N	https://doi.org/	10.1158/1535-7163.MCT-23-0655	https://dx.doi.org/10.1158/1535-7163.MCT-23-0655	Chemical Probes Portal	
CLCTZVRHDOAUGJ-SYVGMNBRSA-N	https://doi.org/	10.3390/molecules27061977	https://dx.doi.org/10.3390/molecules27061977	Chemical Probes Portal	
JNTJTCXFIXNXDV-VIFPVBQESA-N	https://doi.org/	10.1021/acsmedchemlett.4c00336	https://dx.doi.org/10.1021/acsmedchemlett.4c00336	Chemical Probes Portal	
DTWUUAFTYSMNQX-GFCCVEGCSA-N	https://doi.org/	10.1158/2159-8290.CD-22-0968	https://dx.doi.org/10.1158/2159-8290.CD-22-0968	Chemical Probes Portal	
FZJKQMONKPFLEO-NZIMVQFPSA-N	https://doi.org/	10.1021/acs.jmedchem.5c00809	https://dx.doi.org/10.1021/acs.jmedchem.5c00809	Chemical Probes Portal	
JFHROPTYMMSOLG-UHFFFAOYSA-N	https://doi.org/	10.1016/j.bmcl.2009.04.012	https://dx.doi.org/10.1016/j.bmcl.2009.04.012	Chemical Probes Portal	
BZJPCUQQPJJBTP-FGZHOGPDSA-N	https://doi.org/	10.1021/acs.jmedchem.4c00665	https://dx.doi.org/10.1021/acs.jmedchem.4c00665	Chemical Probes Portal	
OLAGZWUBPYQCBR-JSKJCRAUSA-N	https://doi.org/	10.1016/j.ejmech.2024.116843	https://dx.doi.org/10.1016/j.ejmech.2024.116843	Chemical Probes Portal	
KVDLSQZBDWJNSG-VINRIKPSSA-N	https://doi.org/	10.1016/j.immuni.2024.04.025	https://dx.doi.org/10.1016/j.immuni.2024.04.025	Chemical Probes Portal	
ISQCXAWAHDJCRH-FKDRFZFOSA-N	https://doi.org/	10.1021/acs.jmedchem.4c01818	https://dx.doi.org/10.1021/acs.jmedchem.4c01818	Chemical Probes Portal	
JBTHUOYYUUPUOZ-LIHPQFRDSA-N	https://doi.org/	10.1038/s41467-022-33430-6	https://dx.doi.org/10.1038/s41467-022-33430-6	Chemical Probes Portal	
PTARASCXNREVCH-UHFFFAOYSA-N	https://doi.org/	10.1021/acs.jmedchem.4c01130	https://dx.doi.org/10.1021/acs.jmedchem.4c01130	Chemical Probes Portal	
AJQAXIIJKPCAOP-XVNGORCSSA-N	https://doi.org/	10.1016/j.heliyon.2024.e37829	https://dx.doi.org/10.1016/j.heliyon.2024.e37829	Chemical Probes Portal	
PLCITURFVJNAFH-GUQHISFFSA-N		https://pubmed.ncbi.nlm.nih.gov/Peer reviewed at SGC	https://pubmed.ncbi.nlm.nih.gov/Peer reviewed at SGC	Chemical Probes Portal	
NIQFZCJNEODJTE-CSIWTOAPSA-N	https://doi.org/	10.1002/anie.202302364	https://dx.doi.org/10.1002/anie.202302364	Chemical Probes Portal	
DYDFSGCLYIZSAQ-UHFFFAOYSA-N	https://doi.org/	10.1038/s44321-024-00181-4	https://dx.doi.org/10.1038/s44321-024-00181-4	Chemical Probes Portal	
ANAOJSKQILNLRY-MWTRTKDXSA-N	https://doi.org/	10.1038/s41467-025-65847-0	https://dx.doi.org/10.1038/s41467-025-65847-0	Chemical Probes Portal	
FIFRHLLUVCAOIK-SJCJKPOMSA-N	https://doi.org/	10.1021/acs.jmedchem.5c01526	https://dx.doi.org/10.1021/acs.jmedchem.5c01526	Chemical Probes Portal	
MMHYOHYLSFWJJB-ZDUSSCGKSA-N		https://pubmed.ncbi.nlm.nih.gov/peer reviewed at SGC	https://pubmed.ncbi.nlm.nih.gov/peer reviewed at SGC	Chemical Probes Portal	
YPXUKPNZQTWCRR-UHFFFAOYSA-N	https://doi.org/	10.1021/acs.jmedchem.4c02751	https://dx.doi.org/10.1021/acs.jmedchem.4c02751	Chemical Probes Portal	
DJOZFERTDDZPJO-UHFFFAOYSA-N	https://doi.org/	10.1021/acs.jmedchem.5c00197	https://dx.doi.org/10.1021/acs.jmedchem.5c00197	Chemical Probes Portal	
YOOKRVNCYQFKCT-UHFFFAOYSA-N	https://doi.org/	10.1021/acs.jmedchem.5c01204	https://dx.doi.org/10.1021/acs.jmedchem.5c01204	Chemical Probes Portal	
RGHSVQHKNJAFGR-QFIPXVFZSA-N	https://doi.org/	10.1016/j.neurot.2025.e00610	https://dx.doi.org/10.1016/j.neurot.2025.e00610	Chemical Probes Portal	
XHMSDQXEIBTTBE-QFIPXVFZSA-N	https://doi.org/	10.1038/s41467-025-59919-4	https://dx.doi.org/10.1038/s41467-025-59919-4	Chemical Probes Portal	
FFUVDKANSJZSAK-JDXGNMNLSA-N	https://doi.org/	10.1038/s41467-024-51889-3	https://dx.doi.org/10.1038/s41467-024-51889-3	Chemical Probes Portal	
XRAUKWUDYSUHJM-LLVKDONJSA-N	https://doi.org/	10.1021/acs.jmedchem.4c02019	https://dx.doi.org/10.1021/acs.jmedchem.4c02019	Chemical Probes Portal	
IYFKRANQUJUTKF-UHFFFAOYSA-N	https://doi.org/	10.1021/acs.jmedchem.3c00274	https://dx.doi.org/10.1021/acs.jmedchem.3c00274	Chemical Probes Portal	
LDFDXTNMCGLUMQ-YGKODULZSA-N	https://doi.org/	10.1021/acs.jmedchem.5c00026	https://dx.doi.org/10.1021/acs.jmedchem.5c00026	Chemical Probes Portal	
RIEBAXQZOMUWKX-UHFFFAOYSA-N	https://doi.org/	10.1021/acs.jmedchem.4c01617	https://dx.doi.org/10.1021/acs.jmedchem.4c01617	Chemical Probes Portal	
LPDOIXPRZOWBJV-HOCLYGCPSA-N	https://doi.org/	10.1016/j.bmcl.2024.129930	https://dx.doi.org/10.1016/j.bmcl.2024.129930	Chemical Probes Portal	
HGQYUHFFAIXWDI-GOSISDBHSA-N	https://doi.org/	10.1021/acs.jmedchem.5c02200	https://dx.doi.org/10.1021/acs.jmedchem.5c02200	Chemical Probes Portal	
APEYSKGQWJKJAZ-LCLGPXMOSA-N	https://doi.org/	10.1021/acs.jmedchem.2c01505	https://dx.doi.org/10.1021/acs.jmedchem.2c01505	Chemical Probes Portal	
FHFUBRLTXZVOQX-UHFFFAOYSA-N	https://doi.org/	10.1021/acs.jmedchem.4c00836	https://dx.doi.org/10.1021/acs.jmedchem.4c00836	Chemical Probes Portal	
CLUWNSLFLMBFKA-RMCUFUCFSA-N	https://doi.org/	10.1021/acs.jmedchem.3c02394	https://dx.doi.org/10.1021/acs.jmedchem.3c02394	Chemical Probes Portal	
PWYJKWQDDHJXMJ-YKCITUTQSA-N	https://doi.org/	10.1021/acs.jmedchem.4c02201	https://dx.doi.org/10.1021/acs.jmedchem.4c02201	Chemical Probes Portal	
GPZKXLCJTKULAU-UHFFFAOYSA-N	https://doi.org/	10.1016/j.apsb.2024.07.016	https://dx.doi.org/10.1016/j.apsb.2024.07.016	Chemical Probes Portal	
BXCPYBFBMAWDDY-UHFFFAOYSA-N	https://doi.org/	10.1038/s41589-021-00742-5	https://dx.doi.org/10.1038/s41589-021-00742-5	Chemical Probes Portal	
SVKZUEZCCKLNIM-UHFFFAOYSA-N	https://doi.org/	10.1021/acs.jmedchem.4c00883	https://dx.doi.org/10.1021/acs.jmedchem.4c00883	Chemical Probes Portal	
LFCNOSRNWFMQLB-UHFFFAOYSA-N	https://doi.org/	10.1021/acs.jmedchem.5c01111	https://dx.doi.org/10.1021/acs.jmedchem.5c01111	Chemical Probes Portal	
HKSBXNVKPFTBIG-WUEKOBJSSA-N	https://doi.org/	10.1021/jacs.2c05499	https://dx.doi.org/10.1021/jacs.2c05499	Chemical Probes Portal	
LPKVYTQGJNTZKY-UHFFFAOYSA-N	https://doi.org/	10.1039/d3sc06558h	https://dx.doi.org/10.1039/d3sc06558h	Chemical Probes Portal	
DQRZNYPHOWVXPQ-YDUPODKQSA-N	https://doi.org/	10.1126/science.adm8684	https://dx.doi.org/10.1126/science.adm8684	Chemical Probes Portal	
REPLCRNGGWSKTN-JYQLQLLISA-N	https://doi.org/	10.1039/D2CC02094G	https://dx.doi.org/10.1039/D2CC02094G	Chemical Probes Portal	
ZOSWUNAJRAEGEW-YTIGDUPRSA-N	https://doi.org/	10.1021/acs.jmedchem.4c00761	https://dx.doi.org/10.1021/acs.jmedchem.4c00761	Chemical Probes Portal	
CSTHTJLTORVUST-UHFFFAOYSA-N	https://doi.org/	10.1038/s41589-024-01660-y	https://dx.doi.org/10.1038/s41589-024-01660-y	Chemical Probes Portal	
ZGSWGXNEXAXEGV-XFCHVEHOSA-N	https://doi.org/	10.1002/anie.202109237	https://dx.doi.org/10.1002/anie.202109237	Chemical Probes Portal	
PPNNFXIBKLCMTI-WXEAQWFJSA-N	https://doi.org/	10.1016/j.chembiol.2019.11.006	https://dx.doi.org/10.1016/j.chembiol.2019.11.006	Chemical Probes Portal	
DLQNQQYGRWMPES-LFHXKVDGSA-N	https://doi.org/	10.1021/acs.jmedchem.5c00711	https://dx.doi.org/10.1021/acs.jmedchem.5c00711	Chemical Probes Portal	
IPNTVOAQOGRLQB-JJMBTQCASA-N	https://doi.org/	10.1158/0008-5472.CAN-18-2918	https://dx.doi.org/10.1158/0008-5472.CAN-18-2918	Chemical Probes Portal	
IVARZBJJMMUJHI-SQKKEFIPSA-N	https://doi.org/	10.1038/s41589-019-0294-6	www.doi.org/10.1038/s41589-019-0294-6	Chemical Probes Portal	
IVARZBJJMMUJHI-SQKKEFIPSA-N	https://pubmed.ncbi.nlm.nih.gov/	31178587	https://pubmed.ncbi.nlm.nih.gov/31178587/	Chemical Probes Portal	
OGAOHACYLUBWJQ-UHFFFAOYSA-N	https://doi.org/	10.1016/j.ejmech.2021.113335	https://dx.doi.org/10.1016/j.ejmech.2021.113335	Chemical Probes Portal	
QGJQNPNZAYRDMS-OESUUHGFSA-N	https://doi.org/	10.1021/acs.jmedchem.3c00864	https://dx.doi.org/10.1021/acs.jmedchem.3c00864	Chemical Probes Portal	
USEHXUPBCSTAIO-RAUDMRIHSA-N	https://doi.org/	10.1016/j.ejmech.2024.116613	https://dx.doi.org/10.1016/j.ejmech.2024.116613	Chemical Probes Portal	
BOMRVPKXCINUMI-ZEGZQYLTSA-N	https://doi.org/	10.1021/acs.jmedchem.4c01009	https://dx.doi.org/10.1021/acs.jmedchem.4c01009	Chemical Probes Portal	
WFVKDTWKNVLGGS-UHFFFAOYSA-N	https://doi.org/	10.1016/j.chembiol.2023.03.007	https://dx.doi.org/10.1016/j.chembiol.2023.03.007	Chemical Probes Portal	
JTTGVFCANBFLCE-CJLVFECKSA-N	https://doi.org/	10.1016/j.chembiol.2022.10.007	https://dx.doi.org/10.1016/j.chembiol.2022.10.007	Chemical Probes Portal	
AYMGZLUKTNXEMY-UHFFFAOYSA-N	https://doi.org/	10.1016/j.ejmech.2018.03.071	https://dx.doi.org/10.1016/j.ejmech.2018.03.071	Chemical Probes Portal	
ROINLDWZNWCWJK-ZYIHSGTPSA-N	https://doi.org/	10.1016/j.ejmech.2022.115033	https://dx.doi.org/10.1016/j.ejmech.2022.115033	Chemical Probes Portal	
ZJJZBBBSQKVNHL-BYBNZYMESA-N	https://doi.org/	10.1021/jacs.9b13907	https://dx.doi.org/10.1021/jacs.9b13907	Chemical Probes Portal	
BOXPLNRWIHHHBO-CHCOZFFLSA-N	https://doi.org/	10.1016/j.chembiol.2022.09.004	https://dx.doi.org/10.1016/j.chembiol.2022.09.004	Chemical Probes Portal	
INXGMIWEZJNJOA-NVZKIFIHSA-N	https://doi.org/	10.1039/D0CC03243C	https://dx.doi.org/10.1039/D0CC03243C	Chemical Probes Portal	
RTNONCBKGZNCJS-LJLQSONVSA-N	https://doi.org/	10.1021/acs.jmedchem.9b01393	www.doi.org/10.1021/acs.jmedchem.9b01393	Chemical Probes Portal	
RTNONCBKGZNCJS-LJLQSONVSA-N	https://pubmed.ncbi.nlm.nih.gov/	31804827	https://pubmed.ncbi.nlm.nih.gov/31804827/	Chemical Probes Portal	
DUPAJELXESPTNF-PPZGWQTASA-N	https://doi.org/	10.1038/s42003-018-0105-8	www.doi.org/10.1038/s42003-018-0105-8	Chemical Probes Portal	
DUPAJELXESPTNF-PPZGWQTASA-N	https://pubmed.ncbi.nlm.nih.gov/	30271980	https://pubmed.ncbi.nlm.nih.gov/30271980/	Chemical Probes Portal	
SWVYYNLRVIYURK-AREMUKBSSA-N	https://doi.org/	10.1126/scitranslmed.abp8334	https://dx.doi.org/10.1126/scitranslmed.abp8334	Chemical Probes Portal	
AAZUPSFRSHFTGV-INIZCTEOSA-N	https://doi.org/	10.1158/1535-7163.MCT-20-0717	www.doi.org/10.1158/1535-7163.MCT-20-0717	Chemical Probes Portal	
AAZUPSFRSHFTGV-INIZCTEOSA-N	https://pubmed.ncbi.nlm.nih.gov/	33850002	https://pubmed.ncbi.nlm.nih.gov/33850002/	Chemical Probes Portal	
LLCVDQHLYHBAHR-UHFFFAOYSA-N	https://doi.org/	10.1158/1535-7163.MCT-20-0717	www.doi.org/10.1158/1535-7163.MCT-20-0717	Chemical Probes Portal	
LLCVDQHLYHBAHR-UHFFFAOYSA-N	https://pubmed.ncbi.nlm.nih.gov/	33850002	https://pubmed.ncbi.nlm.nih.gov/33850002/	Chemical Probes Portal	
JALIPZPFONOAJA-ZKGBLMBJSA-N	https://doi.org/	10.1021/acs.jmedchem.5c03123	https://dx.doi.org/10.1021/acs.jmedchem.5c03123	Chemical Probes Portal	
XJTIGGCBXFIZJV-UHFFFAOYSA-N	https://doi.org/	10.1021/acsmedchemlett.5b00335	https://dx.doi.org/10.1021/acsmedchemlett.5b00335	Chemical Probes Portal	
UCGWYCMPZXDHNR-UHFFFAOYSA-N	https://doi.org/	10.1021/cb300139y	http://pubs.acs.org/doi/abs/10.1021/cb300139y	Chemical Probes Portal	
UCGWYCMPZXDHNR-UHFFFAOYSA-N	https://pubmed.ncbi.nlm.nih.gov/	22536950	http://www.ncbi.nlm.nih.gov/pubmed/?term=22536950	Chemical Probes Portal	
ZORLJXWXFABTPZ-CTNGQTDRSA-N	https://doi.org/	10.1021/acs.jmedchem.0c00566	https://dx.doi.org/10.1021/acs.jmedchem.0c00566	Chemical Probes Portal	
ZZWWXIBKLBMSCS-FQEVSTJZSA-N	https://doi.org/	10.1073/pnas.1520686113	https://dx.doi.org/10.1073/pnas.1520686113	Chemical Probes Portal	
ZZWWXIBKLBMSCS-FQEVSTJZSA-N	https://doi.org/	10.1073/pnas.1520686113	https://dx.doi.org/https://doi.org/10.1073/pnas.1520686113	Chemical Probes Portal	
UVVQLQQNGHYTOL-JIVXZRRKSA-N	https://doi.org/	10.1021/acs.jmedchem.8b01826	https://dx.doi.org/10.1021/acs.jmedchem.8b01826	Chemical Probes Portal	
FQWDVNSBYDXPIO-CQSZACIVSA-N	https://doi.org/	10.1021/acsmedchemlett.6b00092	https://dx.doi.org/10.1021/acsmedchemlett.6b00092	Chemical Probes Portal	
BASFYRLYJAZPPL-UONOGXRCSA-N		http://www.sciencedirect.com/science/article/pii/S1535610815002123	http://www.sciencedirect.com/science/article/pii/S1535610815002123	Chemical Probes Portal	
BASFYRLYJAZPPL-UONOGXRCSA-N	https://pubmed.ncbi.nlm.nih.gov/	26175415	http://www.ncbi.nlm.nih.gov/pubmed/26175415	Chemical Probes Portal	
UJDFQDPAVQIQLB-UHFFFAOYSA-N		https://pubmed.ncbi.nlm.nih.gov/Peer Reviewed at SGC	https://pubmed.ncbi.nlm.nih.gov/Peer Reviewed at SGC	Chemical Probes Portal	
FHRKRGDHMCCDEO-LLVKDONJSA-N	https://doi.org/	10.1021/acs.jmedchem.2c00662	https://dx.doi.org/10.1021/acs.jmedchem.2c00662	Chemical Probes Portal	
QNZYMVMEVWRUCW-UHFFFAOYSA-N	https://doi.org/	10.1039/D5MD00144G	https://dx.doi.org/10.1039/D5MD00144G	Chemical Probes Portal	
QRYISIPABXJVOQ-AWEZNQCLSA-N	https://doi.org/	10.1021/acsmedchemlett.4c00016	https://dx.doi.org/10.1021/acsmedchemlett.4c00016	Chemical Probes Portal	
UEUNDURNLYLSNB-HOTGVXAUSA-N	https://doi.org/	10.1021/acs.jmedchem.1c01256	https://dx.doi.org/10.1021/acs.jmedchem.1c01256	Chemical Probes Portal	
AXNQNPVSVCEGTP-LALXJTNGSA-N	https://doi.org/	10.1021/acs.jmedchem.5c00425	https://dx.doi.org/10.1021/acs.jmedchem.5c00425	Chemical Probes Portal	
KDOQEEMQPHIANX-NFBKMPQASA-N	https://doi.org/	10.1021/acs.jmedchem.7b01339	https://dx.doi.org/10.1021/acs.jmedchem.7b01339	Chemical Probes Portal	
PFEKWBKJUBCXDT-KGLIPLIRSA-N	https://doi.org/	10.1038/s41586-020-03048-z	https://dx.doi.org/10.1038/s41586-020-03048-z	Chemical Probes Portal	
MUYQEHKMQMHJNI-ZDUSSCGKSA-N	https://doi.org/	10.1021/acs.jmedchem.5c03554	https://dx.doi.org/10.1021/acs.jmedchem.5c03554	Chemical Probes Portal	
ALNBIGSEWMWEGS-UHFFFAOYSA-N	https://doi.org/	10.1021/acs.jmedchem.5c03024	https://dx.doi.org/10.1021/acs.jmedchem.5c03024	Chemical Probes Portal	
CQFHGOWYJXQICA-FKDNKQOESA-N	https://doi.org/	10.1158/1535-7163.MCT-24-0306	https://dx.doi.org/10.1158/1535-7163.MCT-24-0306	Chemical Probes Portal	
AYGDOYFDJDUPSS-UHFFFAOYSA-N	https://doi.org/	10.1073/pnas.2009977117	https://dx.doi.org/10.1073/pnas.2009977117	Chemical Probes Portal	
QKVFMAAIXZONRN-UHFFFAOYSA-N	https://doi.org/	10.7554/eLife.34311	https://dx.doi.org/10.7554/eLife.34311	Chemical Probes Portal	
CEIIEALEIHQDBX-UHFFFAOYSA-N	https://doi.org/	10.1523/JNEUROSCI.5269-04.2005	https://dx.doi.org/10.1523/JNEUROSCI.5269-04.2005	Chemical Probes Portal	
MVPFPBIHUUHXGU-FSSWDIPSSA-N	https://doi.org/	10.1158/2326-6066.CIR-25-0156	https://dx.doi.org/10.1158/2326-6066.CIR-25-0156	Chemical Probes Portal	
DVGLTSTVSHOWJF-UHFFFAOYSA-N	https://doi.org/	10.1096/fj.202200313RR	https://dx.doi.org/10.1096/fj.202200313RR	Chemical Probes Portal	
VUOYAALVGSMUHC-UHFFFAOYSA-N	https://doi.org/	10.1042/BCJ20200592	https://dx.doi.org/10.1042/BCJ20200592	Chemical Probes Portal	
FVICRBSEYSHKFY-JYQNNKODSA-N	https://doi.org/	10.1021/acs.jmedchem.4c02314	https://dx.doi.org/10.1021/acs.jmedchem.4c02314	Chemical Probes Portal	
SDGJBAUIGHSMRI-UHFFFAOYSA-N	https://doi.org/	10.1042/BJ20131152	www.doi.org/10.1042/BJ20131152	Chemical Probes Portal	
SDGJBAUIGHSMRI-UHFFFAOYSA-N	https://pubmed.ncbi.nlm.nih.gov/	24171924	http://www.ncbi.nlm.nih.gov/pubmed/24171924	Chemical Probes Portal	
BCFGMOOMADDAQU-UHFFFAOYSA-N	https://pubmed.ncbi.nlm.nih.gov/	12467226	https://pubmed.ncbi.nlm.nih.gov/12467226/	Chemical Probes Portal	
LPGBXHWIQNZEJB-UHFFFAOYSA-N	https://doi.org/	10.1124/mol.113.087783	www.doi.org/10.1124/mol.113.087783	Chemical Probes Portal	
LPGBXHWIQNZEJB-UHFFFAOYSA-N	https://doi.org/	10.1021/jm300215x	www.doi.org/10.1021/jm300215x	Chemical Probes Portal	
LPGBXHWIQNZEJB-UHFFFAOYSA-N	https://pubmed.ncbi.nlm.nih.gov/	23979972	https://pubmed.ncbi.nlm.nih.gov/23979972	Chemical Probes Portal	
LPGBXHWIQNZEJB-UHFFFAOYSA-N	https://pubmed.ncbi.nlm.nih.gov/	22519963	https://pubmed.ncbi.nlm.nih.gov/22519963/	Chemical Probes Portal	
FMSIRMKLDQFQKI-UHFFFAOYSA-N	https://doi.org/	10.1016/j.cell.2024.02.023	https://dx.doi.org/10.1016/j.cell.2024.02.023	Chemical Probes Portal	
VDLHPYFVCAHCCZ-UHFFFAOYSA-N	https://doi.org/	10.1021/acs.jmedchem.5c03329	https://dx.doi.org/10.1021/acs.jmedchem.5c03329	Chemical Probes Portal	
VDLHPYFVCAHCCZ-UHFFFAOYSA-N	https://doi.org/	10.1038/s41467-026-69616-5	https://dx.doi.org/10.1038/s41467-026-69616-5	Chemical Probes Portal	
YXYBHRORJSDZTQ-UHFFFAOYSA-N	https://doi.org/	10.1021/acsmedchemlett.4c00579	https://dx.doi.org/10.1021/acsmedchemlett.4c00579	Chemical Probes Portal	
LIRYPHYGHXZJBZ-UHFFFAOYSA-N	https://doi.org/	10.1021/ml200004g	www.doi.org/10.1021/ml200004g	Chemical Probes Portal	
LIRYPHYGHXZJBZ-UHFFFAOYSA-N	https://doi.org/	10.3892/ijo.2011.1015	www.doi.org/10.3892/ijo.2011.1015	Chemical Probes Portal	
LIRYPHYGHXZJBZ-UHFFFAOYSA-N	https://doi.org/	10.1038/s41586-020-2760-4	www.doi.org/10.1038/s41586-020-2760-4	Chemical Probes Portal	
LIRYPHYGHXZJBZ-UHFFFAOYSA-N	https://doi.org/	10.18632/oncotarget.747	www.doi.org/10.18632/oncotarget.747	Chemical Probes Portal	
LIRYPHYGHXZJBZ-UHFFFAOYSA-N	https://pubmed.ncbi.nlm.nih.gov/	24900312	https://pubmed.ncbi.nlm.nih.gov/24900312	Chemical Probes Portal	
LIRYPHYGHXZJBZ-UHFFFAOYSA-N	https://pubmed.ncbi.nlm.nih.gov/	23237773	https://pubmed.ncbi.nlm.nih.gov/23237773	Chemical Probes Portal	
LIRYPHYGHXZJBZ-UHFFFAOYSA-N	https://pubmed.ncbi.nlm.nih.gov/	32927473	https://pubmed.ncbi.nlm.nih.gov/32927473/	Chemical Probes Portal	
LIRYPHYGHXZJBZ-UHFFFAOYSA-N	https://pubmed.ncbi.nlm.nih.gov/	21523318	https://pubmed.ncbi.nlm.nih.gov/21523318/	Chemical Probes Portal	
BUJWDBSVEVFQDP-UHFFFAOYSA-N	https://doi.org/	10.1021/acs.jmedchem.3c00415	https://dx.doi.org/10.1021/acs.jmedchem.3c00415	Chemical Probes Portal	
ZABZNDRRLTXBHH-UHFFFAOYSA-N	https://doi.org/	10.1038/s41467-025-59874-0	https://dx.doi.org/10.1038/s41467-025-59874-0	Chemical Probes Portal	
LIOLIMKSCNQPLV-UHFFFAOYSA-N	https://doi.org/	10.1158/1078-0432.CCR-11-1157	www.doi.org/10.1158/1078-0432.CCR-11-1157	Chemical Probes Portal	
LIOLIMKSCNQPLV-UHFFFAOYSA-N	https://doi.org/	10.1158/1078-0432.CCR-18-2814	www.doi.org/10.1158/1078-0432.CCR-18-2814	Chemical Probes Portal	
LIOLIMKSCNQPLV-UHFFFAOYSA-N	https://pubmed.ncbi.nlm.nih.gov/	21918175	https://pubmed.ncbi.nlm.nih.gov/21918175/	Chemical Probes Portal	
LIOLIMKSCNQPLV-UHFFFAOYSA-N	https://pubmed.ncbi.nlm.nih.gov/	30674502	https://pubmed.ncbi.nlm.nih.gov/30674502/	Chemical Probes Portal	
VRQXRVAKPDCRCI-ZNMIVQPWSA-N	https://doi.org/	10.1021/acs.jmedchem.5b01275	www.doi.org/10.1021/acs.jmedchem.5b01275	Chemical Probes Portal	
VRQXRVAKPDCRCI-ZNMIVQPWSA-N	https://pubmed.ncbi.nlm.nih.gov/	26505898	https://pubmed.ncbi.nlm.nih.gov/26505898/	Chemical Probes Portal	
HPJVZSVEIGCFJP-SFHVURJKSA-N	https://doi.org/	10.1021/acs.jmedchem.1c00382	https://dx.doi.org/10.1021/acs.jmedchem.1c00382	Chemical Probes Portal	
NYNZQNWKBKUAII-KBXCAEBGSA-N	https://doi.org/	10.1186/1744-8069-6-87	https://dx.doi.org/10.1186/1744-8069-6-87	Chemical Probes Portal	
IBGLGMOPHJQDJB-IHRRRGAJSA-N	https://doi.org/	10.1016/j.bmcl.2011.12.027	https://dx.doi.org/10.1016/j.bmcl.2011.12.027	Chemical Probes Portal	
RHGZXPKHVAHQJO-BIIHCSGHSA-N	https://doi.org/	10.1021/acs.jmedchem.8b01187	https://dx.doi.org/10.1021/acs.jmedchem.8b01187	Chemical Probes Portal	
MWKYMZXCGYXLPL-ZDUSSCGKSA-N	https://doi.org/	10.1021/acsmedchemlett.7b00293	https://dx.doi.org/10.1021/acsmedchemlett.7b00293	Chemical Probes Portal	
HKTBYUWLRDZAJK-UHFFFAOYSA-N	https://doi.org/	10.1021/acs.jmedchem.7b01795	www.doi.org/10.1021/acs.jmedchem.7b01795	Chemical Probes Portal	
HKTBYUWLRDZAJK-UHFFFAOYSA-N	https://pubmed.ncbi.nlm.nih.gov/	29526098	https://pubmed.ncbi.nlm.nih.gov/29526098/	Chemical Probes Portal	
LXDPQXXUVGVIND-UHFFFAOYSA-N	https://doi.org/	10.1038/s41589-023-01459-3	https://dx.doi.org/10.1038/s41589-023-01459-3	Chemical Probes Portal	
PRWSIEBRGXYXAJ-UHFFFAOYSA-N	https://doi.org/	10.1021/ml400228e	https://dx.doi.org/10.1021/ml400228e	Chemical Probes Portal	
VPJXPDLMACOGIZ-UHFFFAOYSA-N	https://doi.org/	10.1021/acs.jmedchem.5b01685	https://dx.doi.org/10.1021/acs.jmedchem.5b01685	Chemical Probes Portal	
BWINBHTTZLVXGT-NVXWUHKLSA-N	https://doi.org/	10.1021/acs.jmedchem.3c00600	https://dx.doi.org/10.1021/acs.jmedchem.3c00600	Chemical Probes Portal	
XISVSTPEXYIKJL-UHFFFAOYSA-N	https://doi.org/	10.1021/acs.jmedchem.9b01684	https://dx.doi.org/10.1021/acs.jmedchem.9b01684	Chemical Probes Portal	
PVKIFNZMYGMWPD-UHFFFAOYSA-N	https://doi.org/	10.1038/s41467-025-59432-8	https://dx.doi.org/10.1038/s41467-025-59432-8	Chemical Probes Portal	
HXNUFFCHRIWTRZ-UHFFFAOYSA-N	https://doi.org/	10.1021/acs.jmedchem.9b01227	www.doi.org/10.1021/acs.jmedchem.9b01227	Chemical Probes Portal	
HXNUFFCHRIWTRZ-UHFFFAOYSA-N	https://pubmed.ncbi.nlm.nih.gov/	31702918	https://pubmed.ncbi.nlm.nih.gov/31702918	Chemical Probes Portal	
QVOGVAVHOLLLAZ-UHFFFAOYSA-N	https://doi.org/	10.1158/1078-0432.CCR-18-0628	www.doi.org/10.1158/1078-0432.CCR-18-0628	Chemical Probes Portal	
QVOGVAVHOLLLAZ-UHFFFAOYSA-N	https://pubmed.ncbi.nlm.nih.gov/	30429199	https://pubmed.ncbi.nlm.nih.gov/30429199/	Chemical Probes Portal	
OYKPWSZSBLRRPL-HOYKHHGWSA-N	https://doi.org/	10.6019/CHEMBL4507285	https://dx.doi.org/10.6019/CHEMBL4507285	Chemical Probes Portal	
