inchikey	verdict	pains	toxicophore	rating_in_cell	rating_in_organism	rating_count	published_date	source_db	source
IQCKJUKAQJINMK-HUBRGWSESA-N	recommended	No	No	3.75	0	4	2015-10-02	Chemical Probes Portal	
QMDKVNSQXPVCRD-RQNOJGIXSA-N	recommended	No	No	2.6666666666666665	2.6666666666666665	3	2015-11-05	Chemical Probes Portal	
WRUWGLUCNBMGPS-UHFFFAOYSA-N	recommended	No	No	3	0	3	2016-07-29	Chemical Probes Portal	
ZHMXXVNQAFCXKK-QGZVFWFLSA-N	recommended	No	No	3	2	2	2021-02-02	Chemical Probes Portal	
TXGKRVFSSHPBAJ-JKSUJKDBSA-N	recommended	No	No	3.6666666666666665	3.6666666666666665	3	2015-12-10	Chemical Probes Portal	
SCELLOWTHJGVIC-BGYRXZFFSA-N	recommended	No	Yes	2	1.6666666666666667	3	2015-12-10	Chemical Probes Portal	
XCFLWTZSJYBCPF-UHFFFAOYSA-N	recommended	No	No	3	3	3	2015-12-10	Chemical Probes Portal	
ZYVXTMKTGDARKR-UHFFFAOYSA-N	recommended	No	No	3	0	3	2015-12-10	Chemical Probes Portal	
YHHFKWKMXWRVTJ-OQKWZONESA-N	unsuitable	No	Yes	0	0	0	2016-12-15	Chemical Probes Portal	
MOUNHKKCIGVIDI-UHFFFAOYSA-L	unsuitable	No	No	0	0	0	2017-03-07	Chemical Probes Portal	
XVBGRTMNFNMINE-UHFFFAOYSA-N	unsuitable	No	No	0	0	0	2016-12-15	Chemical Probes Portal	
OMKHWTRUYNAGFG-IEBDPFPHSA-N	unsuitable	No	No	0	0	0	2017-02-03	Chemical Probes Portal	
PZPPOCZWRGNKIR-PNVYSBBASA-N	unsuitable	No	Yes	0	0	0	2017-02-03	Chemical Probes Portal	
ZWNKKZSRANLVEW-UHFFFAOYSA-N	unsuitable	No	No	0	0	0	2020-12-05	Chemical Probes Portal	
UXXQOJXBIDBUAC-UHFFFAOYSA-N	unsuitable	No	No	0	0	0	2016-12-09	Chemical Probes Portal	
REFJWTPEDVJJIY-UHFFFAOYSA-N	unsuitable	Yes	Yes	0	0	0	2016-12-09	Chemical Probes Portal	
PIMQWRZWLQKKBJ-SFHVURJKSA-N	unsuitable	No	No	0	0	0	2016-12-09	Chemical Probes Portal	
WMBWREPUVVBILR-WIYYLYMNSA-N	unsuitable	Yes	Yes	0	0	0	2016-12-09	Chemical Probes Portal	
LUKBXSAWLPMMSZ-OWOJBTEDSA-N	unsuitable	No	No	0	0	0	2016-12-09	Chemical Probes Portal	
FIAFUQMPZJWCLV-UHFFFAOYSA-N	unsuitable	No	No	0	0	0	2016-12-09	Chemical Probes Portal	
ZEWQUBUPAILYHI-UHFFFAOYSA-N	unsuitable	No	No	0	0	0	2016-12-09	Chemical Probes Portal	
RRKRXIFOHFBLHY-YEZSYGFXSA-M	unsuitable	No	No	0	0	0	2016-12-09	Chemical Probes Portal	
AOJJSUZBOXZQNB-TZSSRYMLSA-N	unsuitable	Yes	Yes	0	0	0	2016-12-09	Chemical Probes Portal	
UHTHHESEBZOYNR-UHFFFAOYSA-N	unsuitable	No	No	0	0	0	2016-12-09	Chemical Probes Portal	
RITAVMQDGBJQJZ-FMIVXFBMSA-N	unsuitable	No	No	0	0	0	2016-12-09	Chemical Probes Portal	
UYJNQQDJUOUFQJ-UHFFFAOYSA-N	unsuitable	No	No	0	0	0	2016-12-09	Chemical Probes Portal	
VAARYSWULJUGST-UHFFFAOYSA-N	unsuitable	No	No	0	0	0	2016-12-09	Chemical Probes Portal	
ODPGGGTTYSGTGO-UHFFFAOYSA-N	unsuitable	No	No	0	0	0	2016-12-09	Chemical Probes Portal	
WAEXFXRVDQXREF-UHFFFAOYSA-N	unsuitable	No	Yes	0	0	0	2017-04-10	Chemical Probes Portal	
WINHZLLDWRZWRT-ATVHPVEESA-N	unsuitable	No	No	0	0	0	2016-12-09	Chemical Probes Portal	
HVXKQKFEHMGHSL-QKDCVEJESA-N	unsuitable	No	No	0	0	0	2016-12-09	Chemical Probes Portal	
VMWNQDUVQKEIOC-CYBMUJFWSA-N	unsuitable	Yes	Yes	0	0	0	2016-12-09	Chemical Probes Portal	
DYEFUKCXAQOFHX-UHFFFAOYSA-N	unsuitable	No	Yes	0	0	0	2016-12-09	Chemical Probes Portal	
IQPNAANSBPBGFQ-UHFFFAOYSA-N	unsuitable	Yes	Yes	0	0	0	2016-12-09	Chemical Probes Portal	
KZNIFHPLKGYRTM-UHFFFAOYSA-N	unsuitable	No	No	0	0	0	2016-12-09	Chemical Probes Portal	
ZIUSSTSXXLLKKK-KOBPDPAPSA-N	unsuitable	No	Yes	0	0	0	2016-12-09	Chemical Probes Portal	
IZEKFCXSFNUWAM-UHFFFAOYSA-N	unsuitable	No	No	0	0	0	2016-12-09	Chemical Probes Portal	
KTEIFNKAUNYNJU-GFCCVEGCSA-N	unsuitable	No	No	0	0	0	2016-12-09	Chemical Probes Portal	
IYIKLHRQXLHMJQ-UHFFFAOYSA-N	unsuitable	No	No	0	0	0	2016-12-09	Chemical Probes Portal	
MPVGZUGXCQEXTM-UHFFFAOYSA-N	unsuitable	No	No	0	0	0	2016-12-09	Chemical Probes Portal	
QDPVYZNVVQQULH-UHFFFAOYSA-N	unsuitable	No	No	0	0	0	2016-12-09	Chemical Probes Portal	
RTIXKCRFFJGDFG-UHFFFAOYSA-N	unsuitable	No	No	0	0	0	2016-12-09	Chemical Probes Portal	
QQWUGDVOUVUTOY-UHFFFAOYSA-N	unsuitable	No	No	0	0	0	2016-12-09	Chemical Probes Portal	
GUBJNPWVIUFSTR-UHFFFAOYSA-N	unsuitable	No	No	0	0	0	2016-12-09	Chemical Probes Portal	
WPHKIQPVPYJNAX-UHFFFAOYSA-N	unsuitable	No	No	0	0	0	2016-12-09	Chemical Probes Portal	
XZXHXSATPCNXJR-ZIADKAODSA-N	unsuitable	No	Yes	0	0	0	2016-12-09	Chemical Probes Portal	
MZDKLVOWGIOKTN-UHFFFAOYSA-N	unsuitable	No	No	0	0	0	2016-12-09	Chemical Probes Portal	
QQUXFYAWXPMDOE-UHFFFAOYSA-N	unsuitable	No	No	0	0	0	2016-12-09	Chemical Probes Portal	
SEJGTFPOEJWEGG-UHFFFAOYSA-N	unsuitable	No	No	0	0	0	2016-12-09	Chemical Probes Portal	
JOOXLOJCABQBSG-UHFFFAOYSA-N	unsuitable	No	No	0	0	0	2016-12-09	Chemical Probes Portal	
MVJMMLFMPWITEJ-UHFFFAOYSA-N	unsuitable	No	Yes	0	0	0	2016-12-09	Chemical Probes Portal	
CTNPALGJUAXMMC-PMFHANACSA-N	unsuitable	Yes	No	0	0	0	2016-12-09	Chemical Probes Portal	
KDKUVYLMPJIGKA-UHFFFAOYSA-N	unsuitable	No	No	0	0	0	2016-12-09	Chemical Probes Portal	
YYLKKYCXAOBSRM-JXMROGBWSA-N	unsuitable	No	No	0	0	0	2016-12-09	Chemical Probes Portal	
OWRXHGAFWZFFCW-UHFFFAOYSA-N	unsuitable	No	No	0	0	0	2016-12-09	Chemical Probes Portal	
JZTOUVBEZONDKA-UHFFFAOYSA-N	unsuitable	No	No	0	0	0	2016-12-09	Chemical Probes Portal	
RYYNGWLOYLRZLK-UHFFFAOYSA-N	unsuitable	No	No	0	0	0	2016-12-09	Chemical Probes Portal	
FUMCKNCUEAQHCV-XYPYZODXSA-N	unsuitable	No	No	0	0	0	2016-12-09	Chemical Probes Portal	
ZGZVRPRSFXRGCF-UHFFFAOYSA-N	unsuitable	No	No	0	0	0	2016-12-09	Chemical Probes Portal	
ZPEIMTDSQAKGNT-UHFFFAOYSA-N	unsuitable	No	No	0	0	0	2016-12-09	Chemical Probes Portal	
CGIGDMFJXJATDK-UHFFFAOYSA-N	unsuitable	No	No	0	0	0	2016-12-09	Chemical Probes Portal	
GCBJDOWIQHMCMR-UHFFFAOYSA-N	unsuitable	No	No	0	0	0	2016-12-09	Chemical Probes Portal	
KRIUNPBAQZGFQA-UHFFFAOYSA-N	unsuitable	No	Yes	0	0	0	2016-12-09	Chemical Probes Portal	
HJGFPNFAFSFDNN-UHFFFAOYSA-N	unsuitable	No	No	0	0	0	2016-12-09	Chemical Probes Portal	
BPNUQXPIQBZCMR-IBGZPJMESA-N	unsuitable	No	No	0	0	0	2016-12-08	Chemical Probes Portal	
RFAXLXKIAKIUDT-UHFFFAOYSA-N	unsuitable	No	Yes	0	0	0	2017-01-04	Chemical Probes Portal	
KRMDCWKBEZIMAB-UHFFFAOYSA-N	unsuitable	Yes	No	0	0	0	2016-12-09	Chemical Probes Portal	
DDLZLOKCJHBUHD-WAVHTBQISA-N	unsuitable	No	Yes	0	0	0	2016-12-09	Chemical Probes Portal	
UUADYKVKJIMIPA-UHFFFAOYSA-N	unsuitable	No	Yes	0	0	0	2016-12-09	Chemical Probes Portal	
KSOVGRCOLZZTPF-UHFFFAOYSA-N	unsuitable	Yes	No	0	0	0	2016-12-09	Chemical Probes Portal	
ZVWRFVCNQOECJS-UHFFFAOYSA-N	unsuitable	No	No	0	0	0	2016-12-09	Chemical Probes Portal	
VADOZMZXXRBXNY-UHFFFAOYSA-N	unsuitable	Yes	No	0	0	0	2016-12-09	Chemical Probes Portal	
UIARLYUEJFELEN-LROUJFHJSA-N	unsuitable	No	No	0	0	0	2016-12-09	Chemical Probes Portal	
BSFNGHCTZDCQBF-UHFFFAOYSA-N	unsuitable	No	No	0	0	0	2016-12-09	Chemical Probes Portal	
LYNBNVBMAGDJRW-UHFFFAOYSA-N	unsuitable	No	No	0	0	0	2016-12-09	Chemical Probes Portal	
GCYXEGSPUDSZJY-PTNGSMBKSA-N	unsuitable	Yes	Yes	0	0	0	2016-12-09	Chemical Probes Portal	
YMIJUBCSOKSFRU-UHFFFAOYSA-N	unsuitable	No	No	0	0	0	2016-12-09	Chemical Probes Portal	
KLBQZWRITKRQQV-UHFFFAOYSA-N	unsuitable	No	No	0	0	0	2016-12-09	Chemical Probes Portal	
GPSZYOIFQZPWEJ-UHFFFAOYSA-N	unsuitable	Yes	No	0	0	0	2016-12-09	Chemical Probes Portal	
BIIVYFLTOXDAOV-YVEFUNNKSA-N	unsuitable	No	No	0	0	0	2016-12-09	Chemical Probes Portal	
OUSFTKFNBAZUKL-UHFFFAOYSA-N	unsuitable	No	No	0	0	0	2016-12-09	Chemical Probes Portal	
JPYQFPGTGGLOMD-UHFFFAOYSA-N	unsuitable	No	No	0	0	0	2016-12-09	Chemical Probes Portal	
BQDHCGJUSXMIIS-UHFFFAOYSA-N	unsuitable	No	No	0	0	0	2016-12-09	Chemical Probes Portal	
AFSDNFLWKVMVRB-UHFFFAOYSA-N	unsuitable	Yes	Yes	0	0	0	2016-12-09	Chemical Probes Portal	
AYQYIBVVCJFCAE-KSEXSDGBSA-N	unsuitable	Yes	No	0	0	0	2016-12-13	Chemical Probes Portal	
XHBVYDAKJHETMP-UHFFFAOYSA-N	unsuitable	No	No	0	0	0	2016-12-15	Chemical Probes Portal	
XSMSNFMDVXXHGJ-UHFFFAOYSA-N	recommended	Yes	No	3.6666666666666665	3.3333333333333335	3	2021-02-17	Chemical Probes Portal	
SHPFDGWALWEPGS-UHFFFAOYSA-N	unsuitable	No	No	0	0	0	2017-03-02	Chemical Probes Portal	
MLKHXLFEYOOYEY-NVNXTCNLSA-N	unsuitable	Yes	No	0	0	0	2021-02-18	Chemical Probes Portal	
FMETVQKSDIOGPX-UHFFFAOYSA-N	unsuitable	No	No	0	0	0	2017-03-02	Chemical Probes Portal	
SXOZSDJHGMAEGZ-IGKKHSBFSA-N	unsuitable	No	No	0	0	0	2017-03-02	Chemical Probes Portal	
ISOCDPQFIXDIMS-HSZRJFAPSA-N	recommended	Yes	No	2.3333333333333335	2.6666666666666665	3	2021-01-07	Chemical Probes Portal	
BLQYVHBZHAISJM-CMDGGOBGSA-N	unsuitable	No	No	0	0	0	2017-02-01	Chemical Probes Portal	
CXQHYVUVSFXTMY-UHFFFAOYSA-N	unsuitable	No	No	0	0	0	2017-02-01	Chemical Probes Portal	
XZXHXSATPCNXJR-UHFFFAOYSA-N	unsuitable	No	Yes	0	0	0	2017-02-01	Chemical Probes Portal	
IFPPYSWJNWHOLQ-UHFFFAOYSA-N	unsuitable	No	No	0	0	0	2017-02-01	Chemical Probes Portal	
ZBNZXTGUTAYRHI-UHFFFAOYSA-N	unsuitable	No	No	0	0	0	2017-02-01	Chemical Probes Portal	
GCIKSSRWRFVXBI-UHFFFAOYSA-N	unsuitable	No	No	0	0	0	2017-02-01	Chemical Probes Portal	
JJWMRRNGWSITSQ-UHFFFAOYSA-N	unsuitable	No	No	0	0	0	2017-01-31	Chemical Probes Portal	
HAYYBYPASCDWEQ-UHFFFAOYSA-N	unsuitable	No	No	0	0	0	2017-02-01	Chemical Probes Portal	
GKEYKDOLBLYGRB-LGMDPLHJSA-N	unsuitable	No	No	0	0	0	2017-02-01	Chemical Probes Portal	
JLYAXFNOILIKPP-KXQOOQHDSA-N	unsuitable	No	Yes	0	0	0	2017-01-31	Chemical Probes Portal	
UQTPDWDAYHAZNT-AWEZNQCLSA-N	unsuitable	No	No	0	0	0	2017-02-01	Chemical Probes Portal	
WVXNSAVVKYZVOE-UHFFFAOYSA-N	unsuitable	No	No	0	0	0	2017-02-01	Chemical Probes Portal	
MLDQJTXFUGDVEO-UHFFFAOYSA-N	unsuitable	No	No	0	0	0	2017-02-01	Chemical Probes Portal	
UYJZZVDLGDDTCL-UHFFFAOYSA-N	unsuitable	No	No	0	0	0	2017-01-31	Chemical Probes Portal	
WVMANZPBOBRWCB-UHFFFAOYSA-N	unsuitable	No	No	0	0	0	2017-02-01	Chemical Probes Portal	
GZFYZYBWLCYBMI-MYZJJQSMSA-N	recommended	No	Yes	2.6666666666666665	2	3	2020-11-26	Chemical Probes Portal	
QYPJBTMRYKRTFG-UHFFFAOYSA-N	unsuitable	No	No	0	0	0	2017-03-13	Chemical Probes Portal	
HHKGVQGXRGQBBA-UHFFFAOYSA-N	recommended	No	No	2.6666666666666665	2.6666666666666665	3	2017-03-13	Chemical Probes Portal	
UUECJWRVDTUDCB-ISLYRVAYSA-N	unsuitable	Yes	Yes	0	0	0	2017-03-07	Chemical Probes Portal	
MDOJTZQKHMAPBK-UHFFFAOYSA-N	unsuitable	No	Yes	0	0	0	2017-03-02	Chemical Probes Portal	
LLEJIEBFSOEYIV-UHFFFAOYSA-N	unsuitable	No	No	0	0	0	2017-03-02	Chemical Probes Portal	
PBJKWGWHZVXBGU-UHFFFAOYSA-N	unsuitable	Yes	Yes	0	0	0	2017-03-02	Chemical Probes Portal	
SXJDCULZDFWMJC-UHFFFAOYSA-N	unsuitable	No	No	0	0	0	2017-03-02	Chemical Probes Portal	
HYTMVPCGCCQGST-JGUILPGDSA-N	unsuitable	Yes	Yes	0	0	0	2017-03-02	Chemical Probes Portal	
PQAPVTKIEGUPRN-UHFFFAOYSA-N	unsuitable	Yes	Yes	0	0	0	2017-03-02	Chemical Probes Portal	
WUGANDSUVKXMEC-UHFFFAOYSA-N	unsuitable	Yes	No	0	0	0	2017-03-02	Chemical Probes Portal	
YPSXFMHXRZAGTG-UHFFFAOYSA-N	unsuitable	No	Yes	0	0	0	2017-03-02	Chemical Probes Portal	
ILMNSCQOSGKTNZ-NKWVEPMBSA-N	unsuitable	No	Yes	0	0	0	2017-03-07	Chemical Probes Portal	
NAWIFPQLACUTSO-MXGDDHKLSA-N	unsuitable	No	Yes	0	0	0	2017-03-07	Chemical Probes Portal	
MUJOCHRZXRZONW-FOCLMDBBSA-N	unsuitable	No	Yes	0	0	0	2017-03-07	Chemical Probes Portal	
AELCINSCMGFISI-DTWKUNHWSA-N	unsuitable	No	No	0	0	0	2017-03-07	Chemical Probes Portal	
ZJZCTCNQTXBBFZ-PLMZOXRSSA-N	unsuitable	No	Yes	0	0	0	2017-03-07	Chemical Probes Portal	
YGSDEFSMJLZEOE-UHFFFAOYSA-M	unsuitable	No	No	0	0	0	2017-03-07	Chemical Probes Portal	
JAXSELKSZJMFSA-UHFFFAOYSA-N	unsuitable	No	No	0	0	0	2017-03-07	Chemical Probes Portal	
PAWIYAYFNXQGAP-UHFFFAOYSA-N	unsuitable	No	Yes	0	0	0	2017-03-07	Chemical Probes Portal	
FPOHNWQLNRZRFC-ZHACJKMWSA-N	unsuitable	Yes	Yes	0	0	0	2017-03-07	Chemical Probes Portal	
KGDMFBRXTHKRPA-GRCJMCHGSA-N	unsuitable	Yes	Yes	0	0	0	2017-03-07	Chemical Probes Portal	
PTJGLFIIZFVFJV-UHFFFAOYSA-N	unsuitable	No	Yes	0	0	0	2017-03-07	Chemical Probes Portal	
MUTBJZVSRNUIHA-UHFFFAOYSA-N	unsuitable	No	Yes	0	0	0	2017-03-07	Chemical Probes Portal	
IDQPVOFTURLJPT-UHFFFAOYSA-N	unsuitable	No	Yes	0	0	0	2017-03-07	Chemical Probes Portal	
GYKLFBYWXZYSOW-UHFFFAOYSA-N	unsuitable	No	Yes	0	0	0	2017-03-07	Chemical Probes Portal	
LTUGYAOMCKNTGG-UHFFFAOYSA-N	recommended	No	No	2.3333333333333335	0	3	2017-04-04	Chemical Probes Portal	
MIGJEXKBUJPKJF-UHFFFAOYSA-N	unsuitable	No	No	0	0	0	2017-04-04	Chemical Probes Portal	
RFTSSZJZXOSICM-GRSHGNNSSA-N	unsuitable	No	No	0	0	0	2017-03-02	Chemical Probes Portal	
QBKSWRVVCFFDOT-UHFFFAOYSA-N	unsuitable	Yes	Yes	0	0	0	2017-03-02	Chemical Probes Portal	
KLDXJTOLSGUMSJ-JGWLITMVSA-N	unsuitable	No	No	0	0	0	2017-03-02	Chemical Probes Portal	
UIFFUZWRFRDZJC-SBOOETFBSA-N	unsuitable	No	Yes	0	0	0	2017-03-02	Chemical Probes Portal	
PRDFBSVERLRRMY-UHFFFAOYSA-N	unsuitable	No	No	0	0	0	2017-03-02	Chemical Probes Portal	
RGGFUBMUOVFZEF-LDRVEFRDSA-N	unsuitable	Yes	Yes	0	0	0	2017-03-02	Chemical Probes Portal	
COHIEJLWRGREHV-XFFZJAGNSA-N	unsuitable	Yes	Yes	0	0	0	2017-03-02	Chemical Probes Portal	
YUYJEQHNWKQNBT-UHFFFAOYSA-N	unsuitable	No	No	0	0	0	2017-03-02	Chemical Probes Portal	
OUKYUETWWIPKQR-UHFFFAOYSA-N	unsuitable	No	No	0	0	0	2017-03-02	Chemical Probes Portal	
WUUGFSXJNOTRMR-IOSLPCCCSA-N	unsuitable	No	No	0	0	0	2017-03-07	Chemical Probes Portal	
LMXOHSDXUQEUSF-YECHIGJVSA-N	unsuitable	No	No	0	0	0	2017-03-07	Chemical Probes Portal	
IRSFLDGTOHBADP-UHFFFAOYSA-N	unsuitable	Yes	Yes	0	0	0	2017-03-07	Chemical Probes Portal	
VCMMXZQDRFWYSE-UHFFFAOYSA-N	unsuitable	Yes	Yes	0	0	0	2017-03-07	Chemical Probes Portal	
FECGNJPYVFEKOD-VMPITWQZSA-N	unsuitable	No	Yes	0	0	0	2017-03-07	Chemical Probes Portal	
YALNUENQHAQXEA-UHFFFAOYSA-N	unsuitable	No	Yes	0	0	0	2017-03-07	Chemical Probes Portal	
BWDQBBCUWLSASG-MDZDMXLPSA-N	unsuitable	No	Yes	0	0	0	2017-03-07	Chemical Probes Portal	
IVTKCTFTVKYWIQ-WEVVVXLNSA-N	unsuitable	No	Yes	0	0	0	2017-03-07	Chemical Probes Portal	
MAUCONCHVWBMHK-UHFFFAOYSA-N	unsuitable	No	Yes	0	0	0	2017-03-07	Chemical Probes Portal	
NCNRHFGMJRPRSK-MDZDMXLPSA-N	unsuitable	No	Yes	0	0	0	2017-03-07	Chemical Probes Portal	
JHDKZFFAIZKUCU-ZRDIBKRKSA-N	unsuitable	No	Yes	0	0	0	2017-03-07	Chemical Probes Portal	
JTDYUFSDZATMKU-UHFFFAOYSA-N	unsuitable	No	Yes	0	0	0	2017-03-07	Chemical Probes Portal	
RTKIYFITIVXBLE-QEQCGCAPSA-N	unsuitable	No	Yes	0	0	0	2017-03-07	Chemical Probes Portal	
MFBOGIVSZKQAPD-UHFFFAOYSA-M	unsuitable	No	No	0	0	0	2017-03-07	Chemical Probes Portal	
NIJJYAXOARWZEE-UHFFFAOYSA-N	unsuitable	No	Yes	0	0	0	2017-03-07	Chemical Probes Portal	
XHEFDIBZLJXQHF-UHFFFAOYSA-N	unsuitable	Yes	Yes	0	0	0	2017-03-07	Chemical Probes Portal	
CDRPUGZCRXZLFL-OWOJBTEDSA-N	unsuitable	Yes	Yes	0	0	0	2017-03-07	Chemical Probes Portal	
NETXMUIMUZJUTB-UHFFFAOYSA-N	unsuitable	No	No	0	0	0	2017-03-07	Chemical Probes Portal	
HUPFGZXOMWLGNK-UHFFFAOYSA-N	unsuitable	No	No	0	0	0	2017-03-20	Chemical Probes Portal	
XGALLCVXEZPNRQ-UHFFFAOYSA-N	unsuitable	No	No	0	0	0	2017-03-21	Chemical Probes Portal	
AYMYWHCQALZEGT-ORCRQEGFSA-N	unsuitable	Yes	Yes	0	0	0	2017-03-07	Chemical Probes Portal	
DXDRHHKMWQZJHT-FPYGCLRLSA-N	unsuitable	No	Yes	0	0	0	2017-03-07	Chemical Probes Portal	
KDPSGIFCBZTBEZ-UHFFFAOYSA-N	unsuitable	No	Yes	0	0	0	2017-03-07	Chemical Probes Portal	
ZZZYHIMVKOHVIH-MWFXHRFLSA-N	unsuitable	No	Yes	0	0	0	2017-03-17	Chemical Probes Portal	
QDKLRKZQSOQWJQ-SMDXAGPFSA-N	unsuitable	Yes	Yes	0	0	0	2017-03-20	Chemical Probes Portal	
AJRGHIGYPXNABY-UHFFFAOYSA-N	unsuitable	No	Yes	0	0	0	2017-04-10	Chemical Probes Portal	
JWOGUUIOCYMBPV-GMFLJSBRSA-N	unsuitable	No	No	0	0	0	2017-04-11	Chemical Probes Portal	
VAZAPHZUAVEOMC-UHFFFAOYSA-N	unsuitable	No	Yes	0	0	0	2017-04-11	Chemical Probes Portal	
DLVJMFOLJOOWFS-VJIFSZOSSA-N	unsuitable	No	Yes	0	0	0	2017-04-11	Chemical Probes Portal	
GNYCTMYOHGBSBI-KVUCBBCISA-N	unsuitable	No	Yes	0	0	0	2017-04-11	Chemical Probes Portal	
HRNLUBSXIHFDHP-UHFFFAOYSA-N	unsuitable	No	Yes	0	0	0	2017-04-11	Chemical Probes Portal	
INVTYAOGFAGBOE-UHFFFAOYSA-N	unsuitable	No	Yes	0	0	0	2017-04-11	Chemical Probes Portal	
DEZFNHCVIZBHBI-ZHACJKMWSA-N	unsuitable	No	No	0	0	0	2017-06-27	Chemical Probes Portal	
URWCXPXBBITYLR-UHFFFAOYSA-N	unsuitable	No	No	0	0	0	2017-07-08	Chemical Probes Portal	
PVRYEWOXWGDQHA-URLMMPGGSA-N	unsuitable	No	No	0	0	0	2017-06-02	Chemical Probes Portal	
UNXQGBMZYKHQCO-NVHWNKAKSA-N	unsuitable	No	No	0	0	0	2017-06-02	Chemical Probes Portal	
RLUGRMMSGGKTPV-UHFFFAOYSA-N	unsuitable	Yes	No	0	0	0	2017-06-02	Chemical Probes Portal	
UOVSZRTTWLJPHE-HNXAPSNLSA-N	recommended	No	No	4	4	2	2017-06-06	Chemical Probes Portal	
NNGMKDJOKUWNGN-NMMPVGNLSA-N	unsuitable	No	Yes	0	0	0	2017-04-11	Chemical Probes Portal	
IYDMGGPKSVWQRT-UHFFFAOYSA-N	unsuitable	No	No	0	0	0	2017-06-02	Chemical Probes Portal	
BDUHCSBCVGXTJM-WUFINQPMSA-N	unsuitable	No	No	0	0	0	2017-06-02	Chemical Probes Portal	
QZJRNGXHRQJBJH-UHFFFAOYSA-N	unsuitable	No	No	0	0	0	2017-06-02	Chemical Probes Portal	
FLEPRYJBTOPZTM-UKILVPOCSA-N	unsuitable	No	No	0	0	0	2017-06-02	Chemical Probes Portal	
HMKAZNCSHAJLSA-HIJQLYNKSA-N	unsuitable	No	No	0	0	0	2017-06-06	Chemical Probes Portal	
CGCOPBXAGSCZNX-FNQJWKMRSA-N	recommended	No	Yes	3	3.5	2	2017-06-06	Chemical Probes Portal	
ARYVAQSYRLZVQD-UHFFFAOYSA-N	recommended	No	No	3	3.5	2	2017-06-14	Chemical Probes Portal	
XZFYSTPLSPZNKJ-UHFFFAOYSA-N	unsuitable	Yes	No	0	0	0	2017-06-22	Chemical Probes Portal	
ZFEXNHYQHDJAGL-UHFFFAOYSA-N	unsuitable	No	No	0	0	0	2017-06-22	Chemical Probes Portal	
CGLMQIIIQWNAMG-UHFFFAOYSA-N	unsuitable	No	Yes	0	0	0	2017-06-22	Chemical Probes Portal	
XKTMIJODWOEBKO-UHFFFAOYSA-M	unsuitable	Yes	Yes	0	0	0	2017-06-22	Chemical Probes Portal	
ASUGUQWIHMTFJL-QGZVFWFLSA-N	unsuitable	No	No	0	0	0	2017-06-26	Chemical Probes Portal	
ZHEHVZXPFVXKEY-LYGOBDSISA-N	unsuitable	No	No	0	0	0	2017-06-27	Chemical Probes Portal	
VLULRUCCHYVXOH-UHFFFAOYSA-N	unsuitable	No	No	0	0	0	2017-07-18	Chemical Probes Portal	
LTYNXERAWVCPAH-OHRKNAERSA-N	recommended	No	Yes	2.3333333333333335	0	3	2017-06-23	Chemical Probes Portal	
YRRAGUMVDQQZIY-UHFFFAOYSA-N	unsuitable	Yes	Yes	0	0	0	2017-06-22	Chemical Probes Portal	
VWFIHGWHMXSTAO-UHFFFAOYSA-N	unsuitable	No	No	0	0	0	2017-06-22	Chemical Probes Portal	
JPOAXWSMFOLMQH-UWWJMHSNSA-N	unsuitable	No	No	0	0	0	2017-06-22	Chemical Probes Portal	
QKJRDUVFCNBDGG-YKXMQWBGSA-N	unsuitable	No	Yes	0	0	0	2017-06-22	Chemical Probes Portal	
BGLPECHZZQDNCD-UHFFFAOYSA-N	unsuitable	Yes	No	0	0	0	2017-06-26	Chemical Probes Portal	
HWXVIOGONBBTBY-ONEGZZNKSA-N	unsuitable	No	No	0	0	0	2017-06-26	Chemical Probes Portal	
SAGZIBJAQGBRQA-UHFFFAOYSA-N	recommended	No	No	2.5	3	2	2021-02-05	Chemical Probes Portal	
PNMYJIOQIAEYQL-UHFFFAOYSA-N	unsuitable	No	No	0	0	0	2017-07-08	Chemical Probes Portal	
KTEIFNKAUNYNJU-LBPRGKRZSA-N	unsuitable	No	No	0	0	0	2017-07-08	Chemical Probes Portal	
AVZCPICCWKMZDT-UHFFFAOYSA-N	unsuitable	No	No	0	0	0	2017-07-08	Chemical Probes Portal	
KWUZCAVKPCRJPO-UHFFFAOYSA-N	unsuitable	No	No	0	0	0	2017-07-08	Chemical Probes Portal	
TZALECNALKOBPY-UHFFFAOYSA-N	unsuitable	Yes	No	0	0	0	2017-07-08	Chemical Probes Portal	
RYCBSFIKWACFBY-UHFFFAOYSA-N	unsuitable	No	No	0	0	0	2017-07-08	Chemical Probes Portal	
JVDOKQYTTYUYDV-UHFFFAOYSA-N	unsuitable	Yes	No	0	0	0	2017-07-08	Chemical Probes Portal	
HHFBDROWDBDFBR-UHFFFAOYSA-N	unsuitable	No	No	0	0	0	2017-07-08	Chemical Probes Portal	
ZIMMTPFXOMAJTQ-UHFFFAOYSA-N	unsuitable	No	No	0	0	0	2017-07-08	Chemical Probes Portal	
ZZUZYEMRHCMVTB-UHFFFAOYSA-N	unsuitable	No	No	0	0	0	2017-07-08	Chemical Probes Portal	
HAGVCKULCLQGRF-UHFFFAOYSA-N	unsuitable	Yes	No	0	0	0	2017-07-08	Chemical Probes Portal	
IMUKUMUNZJILCG-UHFFFAOYSA-N	unsuitable	No	No	0	0	0	2017-07-08	Chemical Probes Portal	
MMBSCBVEHMETSA-GDAWTGGTSA-N	unsuitable	Yes	No	0	0	0	2017-07-08	Chemical Probes Portal	
LUYWAGVRXKSNLL-DEOSSOPVSA-N	unsuitable	No	No	0	0	0	2017-07-08	Chemical Probes Portal	
FDQXEDMRIBACLZ-UHFFFAOYSA-N	unsuitable	No	No	0	0	0	2017-07-08	Chemical Probes Portal	
GNFSYBNDPOBXLJ-PLNGDYQASA-N	unsuitable	No	Yes	0	0	0	2017-07-08	Chemical Probes Portal	
HWTVYWVFOWWESR-GFCCVEGCSA-N	unsuitable	No	No	0	0	0	2017-07-08	Chemical Probes Portal	
HRYKZAKEAVZGJD-UHFFFAOYSA-N	unsuitable	No	No	0	0	0	2017-07-08	Chemical Probes Portal	
VBHDTUSGPSUCNL-KRWDZBQOSA-N	unsuitable	No	No	0	0	0	2017-07-08	Chemical Probes Portal	
HWTVYWVFOWWESR-LBPRGKRZSA-N	unsuitable	No	No	0	0	0	2017-07-08	Chemical Probes Portal	
NMZRTRAYSHQMPR-UHFFFAOYSA-N	unsuitable	No	No	0	0	0	2017-07-08	Chemical Probes Portal	
ZHXIMGYEMBZGOI-UHFFFAOYSA-N	unsuitable	No	No	0	0	0	2017-07-08	Chemical Probes Portal	
DTMHAFMUJHYVGK-UHFFFAOYSA-N	unsuitable	No	No	0	0	0	2017-07-08	Chemical Probes Portal	
KXSIHXHEHABEJX-UHFFFAOYSA-N	unsuitable	No	No	0	0	0	2017-07-08	Chemical Probes Portal	
IJAPPYDYQCXOEF-UHFFFAOYSA-N	unsuitable	No	No	0	0	0	2017-07-08	Chemical Probes Portal	
ZLYVTQGSZRQZLA-UHFFFAOYSA-N	unsuitable	No	No	0	0	0	2017-07-08	Chemical Probes Portal	
NVVWVYYHTKCIAE-UHFFFAOYSA-N	unsuitable	No	No	0	0	0	2017-07-08	Chemical Probes Portal	
GLBZSOQDAOLMGC-UHFFFAOYSA-N	unsuitable	No	No	0	0	0	2017-07-08	Chemical Probes Portal	
AXRCEOKUDYDWLF-UHFFFAOYSA-N	unsuitable	No	Yes	0	0	0	2017-07-08	Chemical Probes Portal	
VHBFFQKBGNRLFZ-UHFFFAOYSA-N	unsuitable	No	No	0	0	0	2017-07-08	Chemical Probes Portal	
WHTVZRBIWZFKQO-UHFFFAOYSA-N	unsuitable	No	No	0	0	0	2017-07-08	Chemical Probes Portal	
PPOQMSJVMJCEAI-UHFFFAOYSA-N	unsuitable	No	No	0	0	0	2017-07-08	Chemical Probes Portal	
GNFSYBNDPOBXLJ-SNAWJCMRSA-N	unsuitable	No	Yes	0	0	0	2017-07-08	Chemical Probes Portal	
NZSKSXWSNJEOQY-UHFFFAOYSA-N	unsuitable	No	No	0	0	0	2017-07-08	Chemical Probes Portal	
INPZIMSQNZGLHQ-JTQLQIEISA-N	unsuitable	No	No	0	0	0	2017-07-08	Chemical Probes Portal	
YAXDRRKYLDEMKO-INIZCTEOSA-N	unsuitable	No	No	0	0	0	2017-07-08	Chemical Probes Portal	
XFDUHJPVQKIXHO-UHFFFAOYSA-N	unsuitable	No	No	0	0	0	2017-07-08	Chemical Probes Portal	
YWPMKTWUFVOFPL-UHFFFAOYSA-N	unsuitable	No	No	0	0	0	2017-07-08	Chemical Probes Portal	
ISZWRZGKEWQACU-UHFFFAOYSA-N	unsuitable	No	No	0	0	0	2017-07-08	Chemical Probes Portal	
PVFGJHYLIHMCQD-UHFFFAOYSA-N	unsuitable	Yes	Yes	0	0	0	2017-07-08	Chemical Probes Portal	
SQVXWIUVAILQRH-UHFFFAOYSA-N	unsuitable	No	No	0	0	0	2017-07-08	Chemical Probes Portal	
ZGSXEXBYLJIOGF-ALFLXDJESA-N	unsuitable	No	Yes	0	0	0	2017-07-08	Chemical Probes Portal	
PISBNXWDAGANOP-UHFFFAOYSA-N	unsuitable	No	No	0	0	0	2017-07-08	Chemical Probes Portal	
HGEPGGJUGUMFHT-UHFFFAOYSA-N	unsuitable	No	No	0	0	0	2017-07-08	Chemical Probes Portal	
YQSZNYLPVBOGPO-UHFFFAOYSA-N	unsuitable	No	No	0	0	0	2017-07-08	Chemical Probes Portal	
SDXBGOVSVBZDFL-UHFFFAOYSA-N	unsuitable	No	Yes	0	0	0	2017-07-08	Chemical Probes Portal	
UVSVTDVJQAJIFG-VURMDHGXSA-N	unsuitable	No	Yes	0	0	0	2017-07-08	Chemical Probes Portal	
ZRWNRAJCPNLYAK-UHFFFAOYSA-N	unsuitable	No	No	0	0	0	2017-07-08	Chemical Probes Portal	
SQCWABLHLAOJBR-UHFFFAOYSA-N	unsuitable	No	No	0	0	0	2017-07-08	Chemical Probes Portal	
LPTGUSPVGHUCQF-UHFFFAOYSA-N	unsuitable	No	No	0	0	0	2020-03-05	Chemical Probes Portal	
ATUUNJCZCOMUKD-OKILXGFUSA-N	recommended	No	No	3	2.5	2	2020-05-17	Chemical Probes Portal	
AEENEMOEBJOKGN-UHFFFAOYSA-N	unsuitable	No	No	0	0	0	2020-03-05	Chemical Probes Portal	
XKBSPAZCFAIBJL-OAHLLOKOSA-N	recommended	No	No	3	0	1	2020-05-29	Chemical Probes Portal	
KMESAVNRPDKZCQ-UHFFFAOYSA-N	recommended	No	No	4	4	1	2020-05-24	Chemical Probes Portal	
ZDOBSAPHUUUOHX-OSYLJGHBSA-N	recommended	No	No	3.6666666666666665	3.6666666666666665	3	2020-05-24	Chemical Probes Portal	
BTSUNSRQYLVGIS-ADTYUTHVSA-N	recommended	No	Yes	2.3333333333333335	2	3	2020-07-09	Chemical Probes Portal	
PROGRNRRJJYCNX-UHFFFAOYSA-N	recommended	No	No	2	0	2	2020-07-16	Chemical Probes Portal	
JQNINBDKGLWYMU-GEAQBIRJSA-N	recommended	No	No	3	2.5	2	2020-07-10	Chemical Probes Portal	
VSZRYLHBOKTNBO-UHFFFAOYSA-N	recommended	No	No	2	3	1	2020-09-24	Chemical Probes Portal	
CGECJCJUHCZZGO-UHFFFAOYSA-N	recommended	No	No	3	2.5	2	2020-10-22	Chemical Probes Portal	
OTKTZEZTFCAULO-DEOSSOPVSA-N	recommended	No	No	3	3	2	2020-10-23	Chemical Probes Portal	
XMNLWOQHMQRHDV-UHFFFAOYSA-N	recommended	No	No	2	2	2	2020-10-22	Chemical Probes Portal	
BATCTBJIJJEPHM-UHFFFAOYSA-N	recommended	No	No	2	4	1	2020-11-30	Chemical Probes Portal	
AYUNIORJHRXIBJ-TXHRRWQRSA-N	unsuitable	Yes	Yes	0	0	0	2020-12-02	Chemical Probes Portal	
QCQQONWEDCOTBV-UHFFFAOYSA-N	recommended	No	Yes	2	2	2	2021-02-01	Chemical Probes Portal	
BSISGUIVBKDTQO-QIKYYPRYSA-N	recommended	No	No	3	0	3	2021-03-28	Chemical Probes Portal	
XUYMIRYNRKXKOR-HMHJJOSWSA-N	recommended	No	No	3	3	2	2021-05-20	Chemical Probes Portal	
CYPYTURSJDMMMP-WVCUSYJESA-N	unsuitable	No	Yes	0	0	0	2021-05-27	Chemical Probes Portal	
XUSDVLHKNBOGJY-UHFFFAOYSA-N	unsuitable	No	Yes	0	0	0	2021-05-27	Chemical Probes Portal	
JYZJYKOZGGEXSX-UHFFFAOYSA-N	unsuitable	No	Yes	0	0	0	2021-05-27	Chemical Probes Portal	
WUJVPELCYCESAP-UHFFFAOYSA-N	recommended	No	No	2.6666666666666665	2	3	2021-10-06	Chemical Probes Portal	
ZLTQCDRXWXUYHJ-UHFFFAOYSA-N	recommended	No	No	1.6666666666666667	2.5	3	2017-01-30	Chemical Probes Portal	
NBTNHSGBRGTFJS-UHFFFAOYSA-N	recommended	Yes	No	1.8	1.3333333333333333	5	2015-12-10	Chemical Probes Portal	
SOXNKJCQBRQUMS-UHFFFAOYSA-N	recommended	No	No	3	2	3	2021-05-18	Chemical Probes Portal	
KYWWJENKIMRJBI-UHFFFAOYSA-N	recommended	No	No	2.5	4	2	2020-07-16	Chemical Probes Portal	
MPASHPJAIUOWCK-UHFFFAOYSA-N	recommended	No	No	3	3	1	2020-06-15	Chemical Probes Portal	
JVCWPUFNLFSKFS-UHFFFAOYSA-N	recommended	No	No	2	2	2	2020-11-27	Chemical Probes Portal	
FYMVGXGSNIVSKY-NRFANRHFSA-N	recommended	No	Yes	3.3333333333333335	0	3	2021-06-22	Chemical Probes Portal	
KLGQSVMIPOVQAX-UHFFFAOYSA-N	recommended	No	No	1.3333333333333333	0	3	2016-07-29	Chemical Probes Portal	
ZJZWZIXSGNFWQQ-UHFFFAOYSA-N	recommended	No	No	1	1	3	2016-07-29	Chemical Probes Portal	
KHWCPNJRJCNVRI-UHFFFAOYSA-N	recommended	No	No	2.3333333333333335	2	3	2016-07-29	Chemical Probes Portal	
ZGBAJMQHJDFTQJ-DEOSSOPVSA-N	recommended	No	No	2.75	2.5	4	2015-12-10	Chemical Probes Portal	
LVDRREOUMKACNJ-BKMJKUGQSA-N	recommended	No	No	2	0	3	2016-07-29	Chemical Probes Portal	
CXJCGSPAPOTTSF-VURMDHGXSA-N	recommended	No	Yes	3	2	3	2015-12-10	Chemical Probes Portal	
TXEBNKKOLVBTFK-UHFFFAOYSA-N	recommended	No	Yes	3.6666666666666665	4	3	2017-03-14	Chemical Probes Portal	
CQCWHSDMJBAGDC-UHFFFAOYSA-N	recommended	Yes	No	4	4	2	2020-11-25	Chemical Probes Portal	
DSUZLJDXUJUTGI-LLVKDONJSA-N	recommended	No	No	4	4	1	2020-10-22	Chemical Probes Portal	
VWEDZTZAXHMZIL-UHFFFAOYSA-N	recommended	Yes	No	4	3.6666666666666665	3	2020-06-17	Chemical Probes Portal	
PKCDDUHJAFVJJB-VLZXCDOPSA-N	recommended	No	No	4	4	3	2017-06-27	Chemical Probes Portal	
JGQPZPLJOBHHBK-UFXYQILXSA-N	recommended	No	Yes	4	3.6666666666666665	3	2020-11-23	Chemical Probes Portal	
XSMABFRQESMONQ-SFHVURJKSA-N	recommended	No	No	4	4	3	2020-10-22	Chemical Probes Portal	
NGEBYTLALFOQKI-HDJSIYSDSA-N	recommended	No	No	4	4	3	2020-10-23	Chemical Probes Portal	
RENRQMCACQEWFC-UGKGYDQZSA-N	recommended	No	No	4	4	1	2020-07-10	Chemical Probes Portal	
JKCSCHXVWPSGBG-OPKPGBGESA-N	recommended	No	Yes	4	4	2	2020-06-04	Chemical Probes Portal	
MPMKMQHJHDHPBE-RUZDIDTESA-N	recommended	No	No	4	4	1	2021-01-12	Chemical Probes Portal	
HNLHOKSDTBAERS-CWIPYCOQSA-N	recommended	No	No	4	4	3	2017-06-06	Chemical Probes Portal	
MXUSGDMIHGLCNC-HNNXBMFYSA-N	recommended	No	Yes	4	4	1	2020-07-28	Chemical Probes Portal	
LXRZVMYMQHNYJB-UNXOBOICSA-N	recommended	No	No	4	4	2	2021-03-16	Chemical Probes Portal	
TXZPMHLMPKIUGK-UHFFFAOYSA-N	recommended	No	No	4	4	3	2015-07-16	Chemical Probes Portal	
RUPXKSLKGSSZCP-UHFFFAOYSA-N	recommended	No	No	3.5	3.5	2	2021-01-12	Chemical Probes Portal	
ONBSHRSJOPSEGS-INIZCTEOSA-N	recommended	No	No	3.6666666666666665	3.6666666666666665	3	2020-09-23	Chemical Probes Portal	
TVTXCJFHQKSQQM-LJQIRTBHSA-N	recommended	No	No	3.6666666666666665	3.6666666666666665	3	2017-06-06	Chemical Probes Portal	
GBJVVSCPOBPEIT-UHFFFAOYSA-N	recommended	No	Yes	3.6666666666666665	3.6666666666666665	3	2015-12-10	Chemical Probes Portal	
GBAKVEWPYUIGHN-UHFFFAOYSA-N	recommended	No	No	4	2	2	2020-05-25	Chemical Probes Portal	
NBOJHRYUGLRASX-UHFFFAOYSA-N	recommended	No	No	4	2	1	2020-11-30	Chemical Probes Portal	
DJOVLOYCGXNVPI-UHFFFAOYSA-N	recommended	No	No	4	2	3	2015-10-02	Chemical Probes Portal	
WGJCHHJGGFCCRS-DEYDLUNASA-N	recommended	No	No	4	0	3	2020-03-05	Chemical Probes Portal	
QXCXMVYVUHVFLP-UHFFFAOYSA-N	recommended	No	No	4	0	2	2020-06-12	Chemical Probes Portal	
KNOUWGGQMADIBV-KRWDZBQOSA-N	recommended	No	No	4	0	3	2017-02-16	Chemical Probes Portal	
LUHCYAOYQIFNRN-UHFFFAOYSA-N	recommended	No	Yes	4	0	3	2020-11-12	Chemical Probes Portal	
IDKAKZRYYDCJDU-HBMMIIHUSA-N	recommended	No	No	3.75	3.75	4	2017-06-06	Chemical Probes Portal	
SGIWFELWJPNFDH-UHFFFAOYSA-N	recommended	No	No	3.6666666666666665	4	3	2017-07-18	Chemical Probes Portal	
QADPYRIHXKWUSV-UHFFFAOYSA-N	recommended	Yes	No	3.6666666666666665	3.3333333333333335	3	2015-12-10	Chemical Probes Portal	
YYDUWLSETXNJJT-MTJSOVHGSA-N	recommended	No	No	3.6666666666666665	3	3	2020-11-17	Chemical Probes Portal	
BLNNXJOEJRKHAM-UHFFFAOYSA-N	recommended	No	No	3.6666666666666665	3.3333333333333335	3	2020-05-29	Chemical Probes Portal	
ZMNWFTYYYCSSTF-SOAUALDESA-N	recommended	No	No	3.6666666666666665	3.3333333333333335	3	2020-11-25	Chemical Probes Portal	
LXFOLMYKSYSZQS-XKHGBIBOSA-N	recommended	No	No	3.6666666666666665	3.3333333333333335	3	2015-10-02	Chemical Probes Portal	
XQFINGFCBFHOPE-WXUXXXNLSA-N	recommended	No	No	3.6666666666666665	4	3	2015-10-02	Chemical Probes Portal	
CGWBJJZOKGZCSJ-UHFFFAOYSA-N	recommended	No	No	3.6666666666666665	0	3	2017-03-13	Chemical Probes Portal	
AIOCFZJGGGEWDK-UHFFFAOYSA-N	recommended	No	Yes	3.6666666666666665	0	3	2020-11-30	Chemical Probes Portal	
RUBYHLPRZRMTJO-MOVYNIQHSA-N	recommended	No	Yes	3.6666666666666665	0	3	2020-10-14	Chemical Probes Portal	
RDALZZCKQFLGJP-UHFFFAOYSA-N	recommended	No	No	3.6666666666666665	3.6666666666666665	3	2021-05-26	Chemical Probes Portal	
JBHLOPKIPKTRSU-UHFFFAOYSA-N	recommended	No	Yes	3.5	4	2	2020-05-26	Chemical Probes Portal	
LQSHXYHWYGKAMX-FQEVSTJZSA-N	recommended	No	No	3.5	3.5	2	2020-10-27	Chemical Probes Portal	
AQTPWCUIYUOEMG-INIZCTEOSA-N	recommended	No	No	3.5	2.5	2	2020-10-21	Chemical Probes Portal	
JFGOILLZIAIYGA-UHFFFAOYSA-N	recommended	No	Yes	3.5	2.5	2	2021-02-18	Chemical Probes Portal	
RPMGXDCRCWWCRY-JTQLQIEISA-N	recommended	No	No	3.5	4	2	2020-05-24	Chemical Probes Portal	
RIJLVEAXPNLDTC-UHFFFAOYSA-N	recommended	No	No	3.3333333333333335	3.6666666666666665	3	2017-02-10	Chemical Probes Portal	
HWGQMRYQVZSGDQ-HZPDHXFCSA-N	recommended	No	No	3.3333333333333335	3.6666666666666665	3	2016-07-29	Chemical Probes Portal	
SEDFZSHSBUXKAC-NIYFSFCBSA-N	recommended	No	No	3.3333333333333335	3	3	2020-06-23	Chemical Probes Portal	
ZOPNBMMVVZRSGH-NRFANRHFSA-N	recommended	No	No	3.3333333333333335	3.3333333333333335	3	2021-01-21	Chemical Probes Portal	
BWYBBMQLUKXECQ-GIVPXCGWSA-N	recommended	No	No	3.3333333333333335	3.3333333333333335	3	2020-10-27	Chemical Probes Portal	
CVWXJKQAOSCOAB-UHFFFAOYSA-N	recommended	No	No	3.3333333333333335	4	3	2015-12-10	Chemical Probes Portal	
VRVJKILQRBSEAG-LFPIHBKWSA-N	recommended	No	No	3.3333333333333335	3	3	2020-05-20	Chemical Probes Portal	
UQRCJCNVNUFYDX-UHFFFAOYSA-N	recommended	No	No	0	0	0	2021-04-28	Chemical Probes Portal	
LWXLECMNBTVASW-UHFFFAOYSA-N	recommended	Yes	No	4	3	1	2020-11-25	Chemical Probes Portal	
AILRADAXUVEEIR-UHFFFAOYSA-N	recommended	No	Yes	0	0	0	2021-02-16	Chemical Probes Portal	
HUFOZJXAKZVRNJ-UHFFFAOYSA-N	recommended	No	Yes	0	0	0	2021-01-07	Chemical Probes Portal	
GHVMTHKJUAOZJP-CGTJXYLNSA-N	recommended	No	Yes	0	0	0	2021-06-22	Chemical Probes Portal	
ZEGMEJVULDALSH-NSHDSACASA-N	recommended	No	No	0	0	0	2021-03-16	Chemical Probes Portal	
SNCRCEGCQVMUBS-DNVCBOLYSA-N	recommended	No	No	0	0	0	2017-07-20	Chemical Probes Portal	
FNBUZGRPJLEIMO-UHFFFAOYSA-N	recommended	No	No	0	0	0	2021-11-19	Chemical Probes Portal	
OBSYBRPAKCASQB-AGQYDFLVSA-N	recommended	No	No	3	3	3	2015-07-16	Chemical Probes Portal	
ORDHXXHTBUZRCN-NTEUORMPSA-N	recommended	No	No	0	0	0	2021-11-06	Chemical Probes Portal	
CUBDGLIBZGKXKQ-ZBLYBZFDSA-N	recommended	No	No	3	3	2	2021-03-26	Chemical Probes Portal	
XPLWBHWPOUEOSJ-GSZYCOFVSA-N	recommended	No	No	3	3	1	2017-07-27	Chemical Probes Portal	
YSVWFFNZZGLLAI-XNTOLAJGSA-N	recommended	No	Yes	0	0	0	2021-12-01	Chemical Probes Portal	
LPCWQWNRCGWRFC-UHFFFAOYSA-N	recommended	No	Yes	3	0	1	2020-06-17	Chemical Probes Portal	
JYTIXGYXBIBOMN-UHFFFAOYSA-N	recommended	No	No	4	4	1	2021-01-30	Chemical Probes Portal	
KLHOCHQJHXNKAS-UHFFFAOYSA-N	recommended	No	No	3.6666666666666665	3	3	2017-01-17	Chemical Probes Portal	
IFRGXKKQHBVPCQ-UHFFFAOYSA-N	recommended	No	No	3	3	1	2020-12-02	Chemical Probes Portal	
BKLJDIJJOOQUFG-UHFFFAOYSA-N	recommended	No	No	3.5	3	2	2021-04-19	Chemical Probes Portal	
FYQFEJFTCLKXTQ-UHFFFAOYSA-N	recommended	No	No	3	2.5	2	2020-07-16	Chemical Probes Portal	
RRELDGDKULRRDM-UHFFFAOYSA-N	recommended	No	No	0	0	0	2022-01-14	Chemical Probes Portal	
IYHHRZBKXXKDDY-UHFFFAOYSA-N	recommended	No	No	0	0	0	2022-01-26	Chemical Probes Portal	
DYUTWRFEEOPXMN-UHFFFAOYSA-N	recommended	No	No	0	0	0	2022-02-10	Chemical Probes Portal	
AUYCSWFYKYVCLD-HXUWFJFHSA-N	recommended	Yes	No	0	0	0	2022-02-10	Chemical Probes Portal	
OEDSFMUSNZDJFD-UHFFFAOYSA-N	recommended	No	No	3.3333333333333335	3.3333333333333335	3	2020-04-29	Chemical Probes Portal	
QMHRLXNEGYTSRV-UHFFFAOYSA-N	recommended	No	No	3	4	2	2021-04-12	Chemical Probes Portal	
LQEHCKYYIXQEBM-FUKIBTTHSA-N	recommended	No	No	4	4	1	2022-02-08	Chemical Probes Portal	
WEGLOYDTDILXDA-OAHLLOKOSA-N	recommended	No	No	3	0	1	2022-01-14	Chemical Probes Portal	
CSJYMAFXYMYNCK-UHFFFAOYSA-N	recommended	No	No	4	4	1	2022-01-14	Chemical Probes Portal	
ILHNIWOZZKIBNW-UHFFFAOYSA-N	recommended	No	Yes	2.5	2.5	2	2021-12-20	Chemical Probes Portal	
OAMLIJKKGZLNHE-UHFFFAOYSA-N	recommended	No	No	0	0	0	2021-12-14	Chemical Probes Portal	
JTCAGRAKUAAYDY-OAHLLOKOSA-N	recommended	Yes	No	0	0	0	2021-12-13	Chemical Probes Portal	
FSWFYCYPTDLKON-CMJOXMDJSA-N	recommended	No	No	0	0	0	2021-11-22	Chemical Probes Portal	
SKZQFKBIJUXXCG-INIZCTEOSA-N	recommended	No	No	0	0	0	2021-11-22	Chemical Probes Portal	
TVGAHWWPABTBCX-UHFFFAOYSA-N	recommended	No	No	0	0	0	2021-11-22	Chemical Probes Portal	
FRBRZGLUFOZRGD-JVPBZIDWSA-N	recommended	No	No	4	3	1	2022-02-11	Chemical Probes Portal	
PXQATVYJKMMHAU-UHFFFAOYSA-N	recommended	No	No	3	4	1	2022-02-01	Chemical Probes Portal	
YNFDIGJKJPNFFD-SJORKVTESA-N	recommended	No	No	4	4	2	2022-01-31	Chemical Probes Portal	
PCJVXTDIDUMIRR-QGZVFWFLSA-N	recommended	No	No	0	0	0	2022-02-20	Chemical Probes Portal	
RPHDOVLXDYWDGF-UHFFFAOYSA-N	recommended	No	No	4	2.5	2	2022-02-08	Chemical Probes Portal	
KVJFJJXCBRSCDY-UHFFFAOYSA-N	recommended	No	Yes	3	1.5	2	2022-01-21	Chemical Probes Portal	
PGIVGIFOWOVINL-GOSISDBHSA-N	recommended	No	No	2	2	1	2022-01-21	Chemical Probes Portal	
WZQLVEPIBAOOGF-RMMWZPCPSA-N	recommended	No	No	3.5	3.5	2	2022-02-11	Chemical Probes Portal	
QZZCUOVXHPAQRQ-UHFFFAOYSA-N	recommended	No	No	4	4	2	2022-02-11	Chemical Probes Portal	
JZTTUZXIQIRVAB-FZEVHQGJSA-N	recommended	No	No	4	3	2	2022-03-09	Chemical Probes Portal	
ZLGNYFOIDAVMHY-MPKOGUQCSA-N	recommended	No	No	3.6666666666666665	3.6666666666666665	3	2020-11-24	Chemical Probes Portal	
QULDDKSCVCJTPV-UHFFFAOYSA-N	recommended	No	No	3.5	3	2	2020-12-01	Chemical Probes Portal	
BLVQHYHDYFTPDV-VCABWLAWSA-N	recommended	No	Yes	3	3	3	2017-04-10	Chemical Probes Portal	
VLLFGVHGKLDDLW-SFHVURJKSA-N	recommended	No	No	2.5	3	2	2022-03-19	Chemical Probes Portal	
UEMQPCYDWCSVCU-UHFFFAOYSA-N	recommended	No	No	3	2.3333333333333335	3	2017-07-25	Chemical Probes Portal	
XMBSZPZJLPTFMV-UHFFFAOYSA-N	recommended	No	No	0	0	0	2021-02-02	Chemical Probes Portal	
WILMROCKORZEMQ-VJVIIGMYSA-N	recommended	No	No	4	0	1	2022-01-21	Chemical Probes Portal	
FYICDSWKKFSYOM-UHFFFAOYSA-N	recommended	No	Yes	1.6666666666666667	0	3	2015-12-10	Chemical Probes Portal	
NBDJDKAXIGWAIM-XZOQPEGZSA-N	recommended	No	No	3.3333333333333335	0	3	2021-12-20	Chemical Probes Portal	
QYDASSGXBXGRBS-CKJXQJPGSA-N	recommended	No	Yes	3.6666666666666665	3.3333333333333335	3	2017-06-21	Chemical Probes Portal	
YQOLEILXOBUDMU-KRWDZBQOSA-N	recommended	No	No	4	4	1	2021-03-01	Chemical Probes Portal	
JNSLBXJNVHYNNW-CXNSMIOJSA-N	recommended	No	No	4	4	3	2016-11-04	Chemical Probes Portal	
GACOFEKSDCOVMV-RRYXBOBMSA-N	recommended	No	Yes	2	1	3	2017-01-31	Chemical Probes Portal	
SQNZDYHMCMIGGV-TZPPCSJFSA-N	recommended	No	No	4	2	3	2020-03-05	Chemical Probes Portal	
RNQODBQYMXYMCT-SJORKVTESA-N	recommended	No	No	4	0	1	2022-06-08	Chemical Probes Portal	
RFZQYGBLRIKROZ-PCLIKHOPSA-N	recommended	No	Yes	0	0	0	2022-06-16	Chemical Probes Portal	
BPLVDYJDAVYLRQ-UHFFFAOYSA-N	recommended	No	No	2.5	2.5	2	2022-06-08	Chemical Probes Portal	
UJLAWZDWDVHWOW-YPMHNXCESA-N	recommended	No	No	3.6666666666666665	3.5	3	2015-12-10	Chemical Probes Portal	
WNEILUNVMHVMPH-UHFFFAOYSA-N	recommended	No	No	3	3	2	2021-02-05	Chemical Probes Portal	
NMJMRSQTDLRCRQ-UHFFFAOYSA-N	recommended	No	No	2.6666666666666665	2	3	2015-12-10	Chemical Probes Portal	
AEJOEPSMZCEYJN-HXUWFJFHSA-N	recommended	No	No	3	2.6666666666666665	3	2017-08-09	Chemical Probes Portal	
BFTKDWYIRJGJCA-CYBMUJFWSA-N	recommended	No	No	2.3333333333333335	0	3	2017-04-25	Chemical Probes Portal	
OJKONCJPCULNOW-DYVFJYSZSA-N	recommended	No	No	3.6666666666666665	3	3	2021-01-29	Chemical Probes Portal	
YDNOHCOYQVZOMC-UHFFFAOYSA-N	recommended	No	No	3	2.5	2	2020-12-17	Chemical Probes Portal	
OFWWWKWUCDUISA-UHFFFAOYSA-N	recommended	No	No	2.3333333333333335	1	3	2017-05-11	Chemical Probes Portal	
CDQRIIUMNLMHRH-UHFFFAOYSA-N	recommended	No	No	3	2	2	2017-08-09	Chemical Probes Portal	
CHEANNSDVJOIBS-MHZLTWQESA-N	recommended	No	No	2.5	3	2	2021-01-21	Chemical Probes Portal	
SFMJNHNUOVADRW-UHFFFAOYSA-N	recommended	No	Yes	3	0	3	2015-12-10	Chemical Probes Portal	
AOZPVMOOEJAZGK-UHFFFAOYSA-N	recommended	No	No	2.6666666666666665	2	3	2015-12-10	Chemical Probes Portal	
UMRRDXVUROEIKJ-JCXBGQGISA-N	recommended	No	No	2.6666666666666665	0	3	2016-09-09	Chemical Probes Portal	
QBGKPEROWUKSBK-QPPIDDCLSA-N	recommended	No	No	3	3.5	2	2017-06-06	Chemical Probes Portal	
NRSGWEVTVGZDFC-UHFFFAOYSA-N	recommended	No	No	3	3	3	2020-06-06	Chemical Probes Portal	
HUUSXLKCTQDPGL-UHFFFAOYSA-N	recommended	No	No	3	3	2	2020-07-10	Chemical Probes Portal	
ARBRHWRTXPWZGN-UHFFFAOYSA-N	recommended	Yes	No	0	0	0	2022-07-28	Chemical Probes Portal	
PXVFFBGSTYQHRO-REQIQPEASA-N	recommended	No	Yes	3.6666666666666665	3.6666666666666665	3	2020-12-03	Chemical Probes Portal	
LIMCHOLAKDUZDS-XARBDFOFSA-N	recommended	No	Yes	3.3333333333333335	2	3	2020-12-17	Chemical Probes Portal	
QMGHHBHPDDAGGO-IIWOMYBWSA-N	recommended	No	No	3	0	3	2020-11-12	Chemical Probes Portal	
KPBNHDGDUADAGP-VAWYXSNFSA-N	recommended	No	Yes	0	0	0	2022-07-04	Chemical Probes Portal	
JFOAJUGFHDCBJJ-UHFFFAOYSA-N	recommended	No	No	2	2	1	2022-06-15	Chemical Probes Portal	
FNYGWXSATBUBER-UHFFFAOYSA-N	recommended	No	No	2	2.5	3	2015-11-10	Chemical Probes Portal	
WVAKRQOMAINQPU-UHFFFAOYSA-N	recommended	No	No	3	3	1	2022-08-03	Chemical Probes Portal	
NAXSRXHZFIBFMI-UHFFFAOYSA-N	recommended	No	No	3	3.6666666666666665	3	2017-07-18	Chemical Probes Portal	
RZXMIHOUHYSGJO-UHFFFAOYSA-N	recommended	No	No	2.6666666666666665	0	3	2017-05-30	Chemical Probes Portal	
ZDBWLRLGUBSLPG-FDHYQTMZSA-N	recommended	No	No	0	0	0	2022-09-20	Chemical Probes Portal	
KSGZCKSNTAJOJS-DZBMUNJRSA-N	recommended	No	No	1.6666666666666667	1.5	3	2016-09-09	Chemical Probes Portal	
JLFSBHQQXIAQEC-UHFFFAOYSA-N	recommended	No	No	3	3	3	2016-07-29	Chemical Probes Portal	
FWLMVFUGMHIOAA-UHFFFAOYSA-N	recommended	No	No	2	2	1	2022-03-16	Chemical Probes Portal	
XYFPWWZEPKGCCK-GOSISDBHSA-N	recommended	No	Yes	0	0	0	2021-06-10	Chemical Probes Portal	
LLVZBTWPGQVVLW-SNAWJCMRSA-N	recommended	No	No	4	4	3	2015-12-10	Chemical Probes Portal	
GJFCSAPFHAXMSF-UXBLZVDNSA-N	recommended	No	Yes	3.3333333333333335	2	3	2015-12-10	Chemical Probes Portal	
PNYRDVBFYVDJJI-UHFFFAOYSA-N	recommended	No	No	2	0	3	2015-10-02	Chemical Probes Portal	
VUVUVNZRUGEAHB-CYBMUJFWSA-N	recommended	No	No	2.6666666666666665	4	3	2015-07-16	Chemical Probes Portal	
ALGHKWSXJUQNJJ-UHFFFAOYSA-N	recommended	No	No	3	3	1	2022-08-03	Chemical Probes Portal	
QPTCYEYTAWEZNT-UHFFFAOYSA-N	recommended	No	No	3.5	3	2	2020-05-29	Chemical Probes Portal	
HNCVDRFFJZJQRW-UHFFFAOYSA-N	recommended	No	No	3.6666666666666665	2	3	2020-11-16	Chemical Probes Portal	
KSERXGMCDHOLSS-LJQANCHMSA-N	recommended	No	No	0	0	0	2022-06-08	Chemical Probes Portal	
BIAVGWDGIJKWRM-FQEVSTJZSA-N	recommended	No	No	0	0	0	2022-10-20	Chemical Probes Portal	
WRCGBYNVBFVRTN-UHFFFAOYSA-N	recommended	No	No	0	0	0	2022-03-19	Chemical Probes Portal	
XNULRSOGWPFPBL-REWPJTCUSA-N	recommended	No	No	4	3	1	2022-05-24	Chemical Probes Portal	
ADZBMFGQQWPHMJ-RHSMWYFYSA-N	recommended	No	No	0	0	0	2022-09-23	Chemical Probes Portal	
KYOIGHSNTIJBPW-UHFFFAOYSA-N	recommended	No	No	2.6666666666666665	0	3	2020-07-07	Chemical Probes Portal	
ILOIOIGZFHGSMS-UHFFFAOYSA-N	recommended	No	No	3	0	1	2022-08-03	Chemical Probes Portal	
FROGGFONBYACJB-KRWDZBQOSA-N	recommended	No	No	2	2	2	2022-06-08	Chemical Probes Portal	
UQZCQKXJAXKZQH-LBPRGKRZSA-N	recommended	No	No	4	4	1	2022-10-05	Chemical Probes Portal	
JZCWLJDSIRUGIN-UHFFFAOYSA-N	recommended	No	No	0	0	0	2022-06-08	Chemical Probes Portal	
LCFFREMLXLZNHE-GBOLQPHISA-N	recommended	No	Yes	0	0	0	2022-06-08	Chemical Probes Portal	
FUIYMYNYUHVDPT-HDJSIYSDSA-N	recommended	No	No	3	3	1	2022-06-08	Chemical Probes Portal	
XOPYFXBZMVTEJF-PDACKIITSA-N	recommended	No	Yes	3	0	3	2017-07-17	Chemical Probes Portal	
CSWHYHPUEDNIQY-UHFFFAOYSA-N	unsuitable	No	No	0	0	0	2022-09-21	Chemical Probes Portal	
PHCFSFBQEROREL-BQBZGAKWSA-N	unsuitable	No	Yes	0	0	0	2021-03-29	Chemical Probes Portal	
WGKGADVPRVLHHZ-ZHRMCQFGSA-N	unsuitable	No	No	0	0	0	2022-09-21	Chemical Probes Portal	
QMGUOJYZJKLOLH-UHFFFAOYSA-N	unsuitable	No	Yes	0	0	0	2017-07-20	Chemical Probes Portal	
GRTDDIZIUSADLD-CRAIPNDOSA-N	recommended	No	No	4	4	2	2022-10-21	Chemical Probes Portal	
OXQNLLVUVDAEHC-OAQYLSRUSA-N	recommended	No	No	3	0	1	2022-11-21	Chemical Probes Portal	
PKNYXWMTHFMHKD-UHFFFAOYSA-N	recommended	No	No	3	3	2	2022-11-07	Chemical Probes Portal	
HRJWSEPIRZRGCL-UHFFFAOYSA-N	recommended	No	No	2.5	0	2	2022-11-07	Chemical Probes Portal	
KBFUQFVFYYBHBT-UHFFFAOYSA-N	recommended	No	No	3.5	0	2	2022-11-03	Chemical Probes Portal	
OYUDYQMFVRHPIY-UHFFFAOYSA-N	recommended	No	Yes	2	4	1	2022-08-03	Chemical Probes Portal	
USHQRIKZLHNPQR-JTQLQIEISA-N	recommended	No	No	4	4	2	2022-10-21	Chemical Probes Portal	
PQUGCKBLVKJMNT-UHFFFAOYSA-N	recommended	No	No	4	3	1	2022-07-12	Chemical Probes Portal	
QGZYDVAGYRLSKP-UHFFFAOYSA-N	unsuitable	No	Yes	0	0	0	2023-01-12	Chemical Probes Portal	
WWOOWAHTEXIWBO-QFRSUPTLSA-N	recommended	No	No	4	4	1	2022-12-20	Chemical Probes Portal	
WULUGQONDYDNKY-UHFFFAOYSA-N	recommended	No	No	0	0	0	2023-01-26	Chemical Probes Portal	
CJAQCMBWGUOBIX-ZUQRMPMESA-M	recommended	No	Yes	3	0	1	2022-11-15	Chemical Probes Portal	
YEVOZZZLKJKCCD-UHFFFAOYSA-N	recommended	No	No	4	3	1	2022-11-09	Chemical Probes Portal	
PRNXOFBDXNTIFG-FQEVSTJZSA-N	recommended	No	No	3	3	1	2023-01-26	Chemical Probes Portal	
PQOOIERVZAXHBP-UHFFFAOYSA-N	recommended	No	No	4	3	3	2015-10-02	Chemical Probes Portal	
COOGVHJHSCBOQT-MRVPVSSYSA-N	recommended	No	No	0	0	0	2022-09-20	Chemical Probes Portal	
DLNFTRSEHUWEGO-HUUCEWRRSA-N	recommended	No	No	3	3	2	2022-03-25	Chemical Probes Portal	
LIIWIMDSZVNYHY-UHFFFAOYSA-N	recommended	No	Yes	3	2.6666666666666665	3	2017-04-10	Chemical Probes Portal	
PDMXSCCBEBCTGX-UHFFFAOYSA-N	recommended	No	Yes	2	2	1	2022-10-05	Chemical Probes Portal	
QBIGUDRHHJTXKG-UUWRZZSWSA-N	recommended	No	No	0	0	0	2022-03-25	Chemical Probes Portal	
JYTISQGEFSHUIR-UHFFFAOYSA-N	recommended	No	No	3	0	2	2022-03-22	Chemical Probes Portal	
GRXCLNMCJWKTAT-UHFFFAOYSA-N	recommended	No	No	0	0	0	2022-07-08	Chemical Probes Portal	
VGRLXWFIXGZRMS-UHFFFAOYSA-N	recommended	No	No	0	0	0	2022-03-25	Chemical Probes Portal	
PGKXDIMONUAMFR-AREMUKBSSA-N	recommended	No	No	0	0	0	2022-08-03	Chemical Probes Portal	
PWKAYICUBVNJAZ-UHFFFAOYSA-N	recommended	No	No	0	0	0	2022-03-25	Chemical Probes Portal	
MSTXJJGAXXJCBY-UHFFFAOYSA-N	recommended	No	No	3.5	3	2	2022-08-03	Chemical Probes Portal	
VHSVKVWHYFBIFJ-HKZYLEAXSA-N	recommended	Yes	No	0	0	0	2023-02-13	Chemical Probes Portal	
IVDUVEGCMXCMSO-FQEVSTJZSA-N	recommended	No	No	4	3	1	2023-01-24	Chemical Probes Portal	
WOAOENGFAAUUGT-UHFFFAOYSA-N	recommended	No	No	4	0	1	2023-01-23	Chemical Probes Portal	
HRJWTAWVFDCTGO-UHFFFAOYSA-N	recommended	No	Yes	2	1	1	2023-01-24	Chemical Probes Portal	
BZZKEPGENYLQSC-FIBGUPNXSA-N	recommended	No	No	4	3.5	2	2023-01-25	Chemical Probes Portal	
XUKUURHRXDUEBC-KAYWLYCHSA-N	recommended	No	No	0	0	0	2017-07-19	Chemical Probes Portal	
WDHOIABIERMLGY-CMJOXMDJSA-N	recommended	No	No	0	0	0	2021-08-11	Chemical Probes Portal	
YTINZZFBHWSAGL-NDEPHWFRSA-N	recommended	No	No	3	3	2	2022-10-21	Chemical Probes Portal	
VNCIWNGCMAKKEO-UHFFFAOYSA-N	recommended	No	No	3.6666666666666665	0	3	2023-01-26	Chemical Probes Portal	
OBKXEAXTFZPCHS-UHFFFAOYSA-N	unsuitable	No	No	0	0	0	2023-03-31	Chemical Probes Portal	
VRQMAABPASPXMW-HDICACEKSA-N	recommended	No	No	3.5	4	2	2020-12-03	Chemical Probes Portal	
AVKAVKZKOFSSMY-DEOSSOPVSA-N	recommended	No	No	3	0	2	2023-01-25	Chemical Probes Portal	
QGNDVASWIHEXCL-AWEZNQCLSA-N	recommended	No	No	3.5	0	2	2021-03-16	Chemical Probes Portal	
QCIJLRJBZDBVDB-UHFFFAOYSA-N	recommended	No	No	3.3333333333333335	0	3	2022-06-13	Chemical Probes Portal	
ZKIRTFGYQVXNGL-UHFFFAOYSA-N	recommended	No	No	3.5	0	2	2023-01-26	Chemical Probes Portal	
AQTNUGRRZDRZIA-UHFFFAOYSA-N	recommended	No	No	3.6666666666666665	0	3	2021-02-26	Chemical Probes Portal	
RZFJBSIAXYEPBX-UHFFFAOYSA-N	recommended	No	No	3	0	3	2022-10-17	Chemical Probes Portal	
IXWUILRSNIQHDM-QGZVFWFLSA-N	recommended	No	No	3	0	1	2021-03-16	Chemical Probes Portal	
INAICWLVUAKEPB-QSTFCLMHSA-N	recommended	No	Yes	3.3333333333333335	2	3	2017-03-07	Chemical Probes Portal	
GWGNPYYVGANHRJ-GDBMZVCRSA-N	recommended	No	No	2	0	1	2017-07-20	Chemical Probes Portal	
AUOSKLDNVNGKRR-UHFFFAOYSA-N	recommended	No	No	3	0	3	2022-06-08	Chemical Probes Portal	
KGXBCWANASZZQG-UHFFFAOYSA-N	recommended	No	No	3.6666666666666665	0	3	2022-12-20	Chemical Probes Portal	
ZRTFTZCKJUNZIU-HNNXBMFYSA-N	recommended	No	No	3.6666666666666665	0	3	2021-03-16	Chemical Probes Portal	
CZKPAGLXQOQNEI-UHFFFAOYSA-N	recommended	No	Yes	1	1	3	2017-06-27	Chemical Probes Portal	
JKJMWHULJIOKPJ-UHFFFAOYSA-N	recommended	No	No	3	2	1	2023-02-13	Chemical Probes Portal	
TXJZRSRTYPUYRW-GHTZIAJQSA-N	recommended	Yes	Yes	2.25	2	4	2016-10-14	Chemical Probes Portal	
DGEZNRSVGBDHLK-UHFFFAOYSA-N	unsuitable	No	No	0	0	0	2023-05-09	Chemical Probes Portal	
ARYUXFNGXHNNDM-UHFFFAOYSA-N	recommended	No	No	2.6666666666666665	1.6666666666666667	3	2023-02-13	Chemical Probes Portal	
WQAVGRAETZEADU-UHFFFAOYSA-N	recommended	No	No	4	4	2	2022-08-22	Chemical Probes Portal	
MLJVGAYSVYMPSB-MSUKGTQXSA-N	recommended	Yes	Yes	3	0	1	2023-05-18	Chemical Probes Portal	
CDJPHTNUARAVMH-SECBINFHSA-N	recommended	No	No	3.6666666666666665	3.6666666666666665	3	2020-01-31	Chemical Probes Portal	
HFNKQEVNSGCOJV-OAHLLOKOSA-N	recommended	No	No	4	4	3	2015-12-10	Chemical Probes Portal	
OQFCHSFVWSLDAO-UHFFFAOYSA-N	recommended	No	No	4	4	1	2023-02-13	Chemical Probes Portal	
WSEQXVZVJXJVFP-FQEVSTJZSA-N	recommended	No	No	4	4	2	2022-06-14	Chemical Probes Portal	
AJBBEYXFRYFVNM-UHFFFAOYSA-N	recommended	No	No	0	0	0	2022-07-07	Chemical Probes Portal	
HNOLTAKAPDKZRY-AWEZNQCLSA-N	recommended	No	No	3	0	1	2022-10-05	Chemical Probes Portal	
KJDAGXLMHXUAGV-DGWLBADLSA-N	recommended	No	Yes	3.3333333333333335	3.3333333333333335	3	2020-11-17	Chemical Probes Portal	
FLNYLINBEZROPL-NSOVKSMOSA-N	recommended	No	No	2.3333333333333335	0	3	2023-02-08	Chemical Probes Portal	
GSCPDZHWVNUUFI-UHFFFAOYSA-N	unsuitable	No	No	0	0	0	2017-02-01	Chemical Probes Portal	
CMJJZRAAQMUAFH-INIZCTEOSA-N	recommended	No	No	3	4	1	2023-05-18	Chemical Probes Portal	
MSIJJXOWLFOYIN-UHFFFAOYSA-N	recommended	No	Yes	3	0	1	2023-05-18	Chemical Probes Portal	
FFLJVBPCONQSQW-UHFFFAOYSA-N	recommended	No	No	2.5	2.5	2	2023-05-18	Chemical Probes Portal	
IESAJAZKMLPVIB-VXGBXAGGSA-N	recommended	No	No	3	3	2	2022-02-20	Chemical Probes Portal	
PEMUGDMSUDYLHU-ZEQRLZLVSA-N	recommended	No	Yes	4	4	3	2020-06-10	Chemical Probes Portal	
NXQKSXLFSAEQCZ-SFHVURJKSA-N	recommended	No	Yes	4	4	3	2020-06-10	Chemical Probes Portal	
CAPZLSKZPWSIKV-LJQANCHMSA-N	recommended	No	No	3	0	1	2023-06-12	Chemical Probes Portal	
RIGHCDSORZCRDE-UHFFFAOYSA-N	recommended	No	No	3	2.5	2	2023-05-18	Chemical Probes Portal	
RAXZSEGXMBWYQK-SNVBAGLBSA-N	recommended	No	No	3	2	3	2022-01-31	Chemical Probes Portal	
MVCOAUNKQVWQHZ-UHFFFAOYSA-N	recommended	No	No	1.5	1.5	2	2022-06-08	Chemical Probes Portal	
RHFIAUKMKYHHFA-UHFFFAOYSA-N	recommended	No	No	3	3	3	2021-02-03	Chemical Probes Portal	
LUVOYGUFQRWXGQ-UHFFFAOYSA-N	recommended	Yes	No	0	0	0	2023-10-04	Chemical Probes Portal	
MCLDWKVRXDHDEI-UHFFFAOYSA-N	recommended	No	No	0	0	0	2023-10-04	Chemical Probes Portal	
VSMTYSWGHKYXOF-UHFFFAOYSA-N	recommended	No	No	2	2	1	2023-08-10	Chemical Probes Portal	
NWTCZTAQSRLSCP-UHFFFAOYSA-N	recommended	No	Yes	2.3333333333333335	0	3	2023-08-10	Chemical Probes Portal	
DRSZMILOMUPIBJ-UHFFFAOYSA-N	recommended	No	No	3	2.5	2	2023-08-10	Chemical Probes Portal	
ZLHFILGSQDJULK-UHFFFAOYSA-N	recommended	No	No	0	0	0	2023-08-10	Chemical Probes Portal	
CWLAIOPWFOOJHQ-QHCPKHFHSA-N	recommended	No	No	2.3333333333333335	2	3	2023-08-10	Chemical Probes Portal	
NCDZABJPWMBMIQ-INIZCTEOSA-N	recommended	No	No	3	0	1	2023-08-10	Chemical Probes Portal	
XDJGNPSZQSWJCV-UHFFFAOYSA-N	recommended	No	No	2	1.5	2	2023-06-14	Chemical Probes Portal	
UZWDCWONPYILKI-UHFFFAOYSA-N	recommended	No	No	2.5	3	2	2023-06-12	Chemical Probes Portal	
QJZQFVRFJCGDKF-UHFFFAOYSA-N	recommended	No	No	3.3333333333333335	3.6666666666666665	3	2023-06-12	Chemical Probes Portal	
YOVVNQKCSKSHKT-HNNXBMFYSA-N	recommended	No	No	3	3	2	2023-06-12	Chemical Probes Portal	
GBLBJPZSROAGMF-RWYJCYHVSA-N	recommended	No	No	0	0	0	2023-05-17	Chemical Probes Portal	
HWVNEWGKWRGSRK-UHFFFAOYSA-N	recommended	No	No	0	0	0	2023-05-15	Chemical Probes Portal	
KVLFRAWTRWDEDF-IRXDYDNUSA-N	recommended	No	No	4	4	2	2023-04-02	Chemical Probes Portal	
HFLMLZKGLUEWBU-UHFFFAOYSA-N	recommended	No	No	4	3	1	2023-10-09	Chemical Probes Portal	
UKBQFBRPXKGJPY-INIZCTEOSA-N	recommended	No	No	4	4	2	2023-10-09	Chemical Probes Portal	
OAZAPIKYVGRNCO-UHFFFAOYSA-N	recommended	No	No	1	0	1	2023-10-06	Chemical Probes Portal	
RSMYFSPOTCDHHJ-GOSISDBHSA-N	recommended	No	No	3.5	3	2	2023-03-02	Chemical Probes Portal	
GOOYSJIWTIHOGW-UHFFFAOYSA-N	recommended	No	No	3	2.5	2	2023-03-01	Chemical Probes Portal	
JKDGKIBAOAFRPJ-ZBINZKHDSA-N	recommended	No	No	3	2	1	2023-03-01	Chemical Probes Portal	
SJHNWSAWWOAWJH-MRXNPFEDSA-N	recommended	No	No	3	3	1	2023-03-01	Chemical Probes Portal	
DJVYXMINSBMUHH-QAQDUYKDSA-N	recommended	No	No	3	2	2	2023-03-01	Chemical Probes Portal	
CDQQWCLOMUMQMM-UHFFFAOYSA-N	recommended	Yes	Yes	0	0	0	2023-02-13	Chemical Probes Portal	
RQFYFNAGNBUGFC-UHFFFAOYSA-N	recommended	No	No	3.6666666666666665	3	3	2023-01-25	Chemical Probes Portal	
COGUZYALRYMQTD-LJQANCHMSA-N	recommended	No	Yes	4	3	1	2023-01-25	Chemical Probes Portal	
WQVPGYMGERDXLH-UHFFFAOYSA-N	recommended	No	Yes	2.5	3	2	2023-01-25	Chemical Probes Portal	
IWMCPJZTADUIFX-UHFFFAOYSA-N	recommended	No	No	3	3	1	2023-01-24	Chemical Probes Portal	
FWJRVGZWNDOOFH-OAHLLOKOSA-N	recommended	No	Yes	0	0	0	2023-01-24	Chemical Probes Portal	
QJSFLEBIQZMJQF-UHFFFAOYSA-N	recommended	No	Yes	2	0	2	2023-01-24	Chemical Probes Portal	
NIPTUMFVYBXSMZ-JOCHJYFZSA-N	recommended	No	No	4	0	2	2023-01-23	Chemical Probes Portal	
WDBUEMWHXKHQNB-NNAUULPKSA-N	recommended	Yes	Yes	4	4	2	2022-12-21	Chemical Probes Portal	
LWXOPXNDPRPGMJ-UHFFFAOYSA-N	recommended	No	Yes	2.5	0	2	2022-12-21	Chemical Probes Portal	
KOZGEDUWAQFVAV-UHFFFAOYSA-N	recommended	No	No	4	0	3	2022-12-20	Chemical Probes Portal	
DMUSMYYDKCXFKR-MRJIRHQNSA-N	recommended	No	Yes	2	2	1	2022-11-22	Chemical Probes Portal	
VNSQFPFWUAZOTQ-UHFFFAOYSA-N	recommended	No	No	3.3333333333333335	3	3	2023-10-06	Chemical Probes Portal	
LXRBPWHQMGKMRT-GOSISDBHSA-N	recommended	No	No	4	0	2	2023-06-12	Chemical Probes Portal	
XUOJHVFYSAMHNK-GWMXKSKGSA-N	recommended	No	No	3	3	1	2023-10-09	Chemical Probes Portal	
IVOACCSOISMVBL-UHFFFAOYSA-N	recommended	No	No	4	4	2	2023-10-06	Chemical Probes Portal	
HEUVRFNVTLGKMZ-SANMLTNESA-N	recommended	No	No	2.5	3.5	2	2020-05-21	Chemical Probes Portal	
DNVXATUJJDPFDM-KRWDZBQOSA-N	recommended	No	No	4	3	3	2015-07-13	Chemical Probes Portal	
NZYTZRHHBAJPKN-UHFFFAOYSA-N	recommended	No	No	3.5	0	2	2020-05-29	Chemical Probes Portal	
RCINICONZNJXQF-MZXODVADSA-N	recommended	No	No	4	4	1	2017-06-10	Chemical Probes Portal	
BDYDINKSILYBOL-WMZHIEFXSA-N	recommended	No	No	3.6666666666666665	2	3	2015-11-09	Chemical Probes Portal	
DUCNNEYLFOQFSW-PMERELPUSA-N	recommended	No	No	3	2.5	2	2015-11-10	Chemical Probes Portal	
RPBMXJHQYJLPDN-UHFFFAOYSA-N	recommended	No	No	3.5	0	2	2022-07-01	Chemical Probes Portal	
RNEOHKZPZKEZCQ-UHFFFAOYSA-N	recommended	No	Yes	2	0	1	2023-11-03	Chemical Probes Portal	
UYKVJQCPBDDIFD-ZSEKCTLFSA-N	recommended	No	No	0	0	0	2023-10-31	Chemical Probes Portal	
RMCSKUADBRROSI-UHFFFAOYSA-N	recommended	No	No	4	0	1	2022-08-03	Chemical Probes Portal	
RWRSKMSFZCQDMQ-UHFFFAOYSA-N	recommended	Yes	No	0	0	0	2023-06-30	Chemical Probes Portal	
RIWTUJFFSTVYPW-UHFFFAOYSA-N	recommended	No	No	3	2.3333333333333335	3	2022-06-08	Chemical Probes Portal	
QARLNMDDSQMINK-BVRKHOPBSA-N	recommended	No	No	0	0	0	2022-10-07	Chemical Probes Portal	
HKASDKLLEVWKJA-YADARESESA-N	recommended	No	No	2	3	2	2022-06-08	Chemical Probes Portal	
MDUYWDNWFXSMJJ-XWLWVQCSSA-N	recommended	No	No	0	0	0	2023-10-11	Chemical Probes Portal	
XRDVXQQZLHVEQZ-UHFFFAOYSA-N	recommended	No	No	4	3	1	2023-10-13	Chemical Probes Portal	
MZBOZBMARIQZGX-GRRGFIRHSA-N	recommended	No	No	3	3	3	2017-06-06	Chemical Probes Portal	
LZNFQRSVDZCPTR-SCFUHWHPSA-N	recommended	No	No	2	2	3	2016-07-29	Chemical Probes Portal	
UNRTVIQQMJRQLZ-UHFFFAOYSA-N	recommended	No	No	3	3	1	2023-07-25	Chemical Probes Portal	
LQHDIGAYVSAVRJ-UHFFFAOYSA-N	recommended	No	No	3.3333333333333335	2	3	2016-12-12	Chemical Probes Portal	
BWBUPDTUXQDHSX-AWEZNQCLSA-N	recommended	No	No	3	3	2	2023-11-01	Chemical Probes Portal	
ZRHWCAFAIHTQKD-QGZVFWFLSA-N	recommended	No	No	4	2	1	2023-10-16	Chemical Probes Portal	
CQAPXPSWLDAVEG-UHFFFAOYSA-N	recommended	No	No	3	3	1	2023-10-11	Chemical Probes Portal	
YNVKFHIWFDRVNY-UHFFFAOYSA-N	recommended	No	No	3	3	1	2023-10-31	Chemical Probes Portal	
OBJNFLYHUXWUPF-IZZDOVSWSA-N	recommended	No	Yes	3.3333333333333335	3	3	2015-12-10	Chemical Probes Portal	
QVQHWPLHUNEREE-UHFFFAOYSA-N	recommended	No	No	3	3	2	2023-10-31	Chemical Probes Portal	
XVFDNRYZXDHTHT-PXAZEXFGSA-N	recommended	No	No	4	4	3	2022-06-08	Chemical Probes Portal	
IVYQPSHHYIAUFO-VXKWHMMOSA-N	recommended	No	No	3.5	0	2	2023-11-03	Chemical Probes Portal	
RVOZYMPVGIVNJX-UHFFFAOYSA-N	recommended	No	No	2	2	1	2023-10-04	Chemical Probes Portal	
DFQGDHBGRSTTHX-UHFFFAOYSA-N	recommended	No	No	3.3333333333333335	3.3333333333333335	3	2023-10-31	Chemical Probes Portal	
HNIFCPBQMKPRCX-UHFFFAOYSA-N	recommended	No	No	2.6666666666666665	2.6666666666666665	3	2023-10-31	Chemical Probes Portal	
REQQVBGILUTQNN-UHFFFAOYSA-N	recommended	No	No	0	0	0	2023-12-20	Chemical Probes Portal	
YJPWVCIGSHWNON-UHFFFAOYSA-N	recommended	No	No	4	4	2	2023-10-31	Chemical Probes Portal	
MCIACXAZCBVDEE-CUUWFGFTSA-N	recommended	No	No	4	4	2	2023-10-16	Chemical Probes Portal	
TVMJSGGZULFVCZ-XMMPIXPASA-N	recommended	No	Yes	3	3	1	2022-12-20	Chemical Probes Portal	
ZAGCLFXBHOXXEN-JPTLTNPLSA-N	recommended	No	Yes	3.6666666666666665	0	3	2020-11-12	Chemical Probes Portal	
YIHHYCIYAIVQKX-MBIULKOWSA-N	recommended	No	No	0	0	0	2024-01-18	Chemical Probes Portal	
MSFPLTWUFWOKBX-IFXJQAMLSA-O	recommended	No	No	2.5	2	6	2017-03-13	Chemical Probes Portal	
BBIPVJCGIASXJB-PKTZIBPZSA-N	recommended	No	No	3	3.6666666666666665	3	2022-06-08	Chemical Probes Portal	
SPMVMDHWKHCIDT-UHFFFAOYSA-N	recommended	No	No	2	2	2	2023-08-10	Chemical Probes Portal	
ZRPZPNYZFSJUPA-UHFFFAOYSA-N	recommended	No	Yes	2	2	1	2020-06-11	Chemical Probes Portal	
TUCIOBMMDDOEMM-RIYZIHGNSA-N	unsuitable	Yes	Yes	0	0	0	2024-02-19	Chemical Probes Portal	
NDRFFOKFYGUOKD-ZDUSSCGKSA-N	recommended	No	No	0	0	0	2024-02-19	Chemical Probes Portal	
HKSZLNNOFSGOKW-FYTWVXJKSA-N	unsuitable	No	No	0	0	0	2016-12-09	Chemical Probes Portal	
OPQRFPHLZZPCCH-PGMHBOJBSA-N	unsuitable	No	Yes	0	0	0	2023-06-19	Chemical Probes Portal	
PJKRNPPUSQSCHN-UHFFFAOYSA-N	recommended	No	No	3.6666666666666665	3.6666666666666665	3	2024-01-18	Chemical Probes Portal	
BLSNYSFLZAWBIV-SFHVURJKSA-N	recommended	No	No	3.5	0	2	2024-03-18	Chemical Probes Portal	
QGPXEIMWTKWHMH-DEOSSOPVSA-N	recommended	No	No	0	0	0	2021-12-01	Chemical Probes Portal	
AAHNBILIYONQLX-UHFFFAOYSA-N	recommended	No	No	0	0	0	2021-12-01	Chemical Probes Portal	
FRPJGTNLZNXQEX-UHFFFAOYSA-N	recommended	No	No	0	0	0	2021-12-01	Chemical Probes Portal	
WDZVWDXOIGQJIO-UHFFFAOYSA-N	recommended	No	Yes	0	0	0	2021-12-01	Chemical Probes Portal	
LWJGMYMNSNVCEM-UHFFFAOYSA-N	recommended	No	No	0	0	0	2021-12-01	Chemical Probes Portal	
BEBDKSYNJJVZSO-SECBINFHSA-N	recommended	No	No	0	0	0	2023-12-21	Chemical Probes Portal	
SWOIFXHMBKFCRM-UHFFFAOYSA-N	recommended	Yes	No	0	0	0	2023-05-18	Chemical Probes Portal	
FOECKIWHCOYYFL-UHFFFAOYSA-N	recommended	No	No	0	0	0	2021-12-07	Chemical Probes Portal	
UNSHMXUHOHBLIQ-UHFFFAOYSA-N	recommended	No	No	0	0	0	2021-12-15	Chemical Probes Portal	
ZGBAPSHWPBXEKN-OPHFCASCSA-N	recommended	No	No	0	0	0	2021-12-15	Chemical Probes Portal	
QVIWDCUKIZPUBD-WLRWWHNQSA-N	recommended	No	No	0	0	0	2022-01-21	Chemical Probes Portal	
XFYUTGIEFKGWND-NRFANRHFSA-N	recommended	No	No	0	0	0	2020-12-03	Chemical Probes Portal	
KIWKRCCIHSGWQS-VIFPVBQESA-N	recommended	Yes	Yes	0	0	0	2022-01-14	Chemical Probes Portal	
OMZCMEYTWSXEPZ-UHFFFAOYSA-N	recommended	No	Yes	0	0	0	2021-01-18	Chemical Probes Portal	
BMLGZNVPWRUVNM-IBGZPJMESA-N	recommended	No	No	0	0	0	2021-01-21	Chemical Probes Portal	
DRIMIUYGTDAQOX-KRWDZBQOSA-N	recommended	No	No	0	0	0	2023-10-16	Chemical Probes Portal	
LZSPYTNDRPEZBK-OXYJHPMESA-N	recommended	No	No	0	0	0	2022-02-09	Chemical Probes Portal	
FSELUFUYNUNZKD-UHFFFAOYSA-N	recommended	No	No	0	0	0	2023-02-24	Chemical Probes Portal	
CYFBRQHYEQKYHH-MRXNPFEDSA-N	recommended	No	No	0	0	0	2022-06-08	Chemical Probes Portal	
AESXAJXKMUNYJP-ZWFIUULVSA-N	recommended	No	No	0	0	0	2023-10-13	Chemical Probes Portal	
CSBKUBOVPUXFLO-MAVVKCOWSA-N	recommended	No	No	0	0	0	2022-02-09	Chemical Probes Portal	
CLSNATLUIXZPMV-UHFFFAOYSA-N	recommended	No	No	0	0	0	2022-06-13	Chemical Probes Portal	
NTIFDLOQPKMIJK-AJTFRIOCSA-N	recommended	No	No	0	0	0	2022-06-13	Chemical Probes Portal	
VERWOWGGCGHDQE-UHFFFAOYSA-N	recommended	No	No	0	0	0	2021-02-16	Chemical Probes Portal	
NRJKIOCCERLIDG-GOSISDBHSA-N	recommended	No	No	0	0	0	2021-02-05	Chemical Probes Portal	
BRJXJOWXAFLRTE-OAQYLSRUSA-N	recommended	No	No	0	0	0	2022-05-23	Chemical Probes Portal	
XOQVZSSDIQQUGO-UHFFFAOYSA-N	recommended	No	Yes	0	0	0	2023-10-06	Chemical Probes Portal	
URWYQGVSPQJGGB-DHUJRADRSA-N	recommended	No	No	0	0	0	2022-05-18	Chemical Probes Portal	
HDZWHJYZJWLTAG-UHFFFAOYSA-N	recommended	No	No	0	0	0	2020-07-16	Chemical Probes Portal	
BJXYHBKEQFQVES-NWDGAFQWSA-N	recommended	No	No	0	0	0	2022-03-19	Chemical Probes Portal	
BXKNUXDLZJPPBO-UHFFFAOYSA-N	recommended	No	No	0	0	0	2022-06-15	Chemical Probes Portal	
WCPXAGKUVIPMIY-TZQLILQPSA-N	recommended	No	No	0	0	0	2022-06-08	Chemical Probes Portal	
VHSIAYLBCLUAFT-UHFFFAOYSA-N	recommended	No	No	0	0	0	2021-12-19	Chemical Probes Portal	
AZXOTZCWQDJCLY-SJCJKPOMSA-N	recommended	No	No	3	3	3	2024-03-26	Chemical Probes Portal	
APLVGTKXOIMODQ-IBGZPJMESA-N	recommended	No	No	0	0	0	2024-03-03	Chemical Probes Portal	
MHMPZSOMHQSWEN-UHFFFAOYSA-N	recommended	No	No	0	0	0	2023-08-10	Chemical Probes Portal	
WGYWHJPQFQGLOQ-UHFFFAOYSA-N	recommended	No	No	3	0	2	2022-09-21	Chemical Probes Portal	
TXIYVFVMXNFNRX-UHFFFAOYSA-N	recommended	Yes	No	3	0	3	2022-03-25	Chemical Probes Portal	
MAHFVAHPQSLLJF-IBGZPJMESA-N	recommended	No	No	2	0	2	2022-06-08	Chemical Probes Portal	
BNYXRPMABDQJJR-UHFFFAOYSA-N	recommended	No	No	3.6666666666666665	0	3	2022-06-08	Chemical Probes Portal	
PIJSEUOSRTYUJM-UHFFFAOYSA-N	recommended	No	No	3.3333333333333335	0	3	2024-03-26	Chemical Probes Portal	
UCBIQZUJJSVQHL-UHFFFAOYSA-N	recommended	No	No	2	0	2	2022-11-21	Chemical Probes Portal	
WBFJDKLBAAHKIL-UHFFFAOYSA-N	recommended	No	No	3.5	0	2	2022-03-25	Chemical Probes Portal	
DVIVLYHDLNAXAT-OAQYLSRUSA-N	recommended	No	No	3	0	1	2021-11-22	Chemical Probes Portal	
HZRJHVDNTDBTOZ-QGZVFWFLSA-N	recommended	No	No	3	2.5	2	2020-05-16	Chemical Probes Portal	
LHGUZCKPFXXVPV-GOSISDBHSA-N	recommended	No	No	4	2.5	2	2016-08-08	Chemical Probes Portal	
QKKIWEILHCXECO-UHFFFAOYSA-N	recommended	Yes	No	1.3333333333333333	1.3333333333333333	3	2015-12-10	Chemical Probes Portal	
KLGDKBPAEMOECW-UHFFFAOYSA-N	recommended	No	Yes	3.5	0	2	2024-04-11	Chemical Probes Portal	
KIEQQZZDWUNUQK-UHFFFAOYSA-N	recommended	No	No	4	4	2	2023-04-26	Chemical Probes Portal	
HLHNFJNSQZZUNW-MAEOIBBWSA-N	recommended	No	No	3	0	2	2022-03-25	Chemical Probes Portal	
GCWIQUVXWZWCLE-INIZCTEOSA-N	recommended	No	No	4	4	3	2017-04-24	Chemical Probes Portal	
AUIFRJWXYUNPPV-QFIPXVFZSA-N	recommended	No	No	2.5	0	2	2022-01-31	Chemical Probes Portal	
KHVVJKLNKLQLJZ-SFHVURJKSA-N	recommended	No	No	4	0	2	2022-02-20	Chemical Probes Portal	
SAAYRHKJHDIDPH-UHFFFAOYSA-N	recommended	No	No	3	0	2	2023-02-13	Chemical Probes Portal	
VGFHPNRWHOQLEB-UHFFFAOYSA-N	recommended	No	No	3.5	0	2	2023-05-19	Chemical Probes Portal	
FHCSBLWRGCOVPT-UHFFFAOYSA-N	recommended	No	No	3	0	1	2023-01-24	Chemical Probes Portal	
WQNRDXHKVSKUPI-UHFFFAOYSA-N	recommended	No	No	2	0	1	2023-01-24	Chemical Probes Portal	
VUIITYLFSAXKIQ-UHFFFAOYSA-N	recommended	No	No	3.5	0	2	2022-07-21	Chemical Probes Portal	
WQKXOAJVNFOHNZ-UHFFFAOYSA-N	recommended	No	No	3	0	3	2022-07-28	Chemical Probes Portal	
KTACUAZSJJIUKD-QXONSOMPSA-N	recommended	No	No	3	0	1	2022-02-17	Chemical Probes Portal	
IEFFSHLHNYVSEF-UHFFFAOYSA-N	recommended	No	No	3	0	1	2021-12-14	Chemical Probes Portal	
LVEUPFUJRKZPEN-UHFFFAOYSA-N	recommended	No	No	2	0	1	2022-01-14	Chemical Probes Portal	
DDKHTWASHUKHLD-UHFFFAOYSA-N	recommended	No	No	2	0	2	2023-11-01	Chemical Probes Portal	
YCFFONJEHNSECY-UHFFFAOYSA-N	recommended	No	No	4	0	1	2022-03-25	Chemical Probes Portal	
DZIHITUUUPJMOQ-UHFFFAOYSA-N	recommended	Yes	No	3	0	1	2023-06-12	Chemical Probes Portal	
JRJKATLTRNXYCE-UHFFFAOYSA-N	recommended	No	No	3	0	1	2022-06-08	Chemical Probes Portal	
IFSDAJWBUCMOAH-HNNXBMFYSA-N	recommended	No	No	3.6666666666666665	0	3	2023-06-12	Chemical Probes Portal	
BXDZOYLPNAIDOC-UHFFFAOYSA-N	recommended	No	Yes	3.5	0	4	2020-11-12	Chemical Probes Portal	
WGMNFJAFXXXRLZ-GEVKEYJPSA-N	recommended	No	No	3	0	1	2021-12-19	Chemical Probes Portal	
OCQCKUTZHBQNEI-UHFFFAOYSA-N	recommended	No	No	3	0	1	2023-10-04	Chemical Probes Portal	
PFZRXJIYAFANHP-IBGZPJMESA-N	recommended	No	No	3	0	3	2020-06-17	Chemical Probes Portal	
KGJVKYSVVOQPDL-UHFFFAOYSA-N	recommended	No	No	3	0	2	2024-05-31	Chemical Probes Portal	
MRHRACKJKBOJEI-UHFFFAOYSA-N	recommended	No	Yes	3	0	2	2022-06-08	Chemical Probes Portal	
ZOIBZSZLMJDVDQ-UHFFFAOYSA-N	recommended	No	No	3.5	0	2	2023-01-26	Chemical Probes Portal	
XASOHFCUIQARJT-UHFFFAOYSA-N	recommended	No	No	4	4	1	2024-05-10	Chemical Probes Portal	
JCSGFHVFHSKIJH-UHFFFAOYSA-N	recommended	No	Yes	2.3333333333333335	0	3	2023-01-24	Chemical Probes Portal	
HEVVNKYNJCSHFA-UHFFFAOYSA-N	recommended	No	No	2	0	2	2023-05-18	Chemical Probes Portal	
KFRGPUFONMCXQI-RUZDIDTESA-N	recommended	No	No	4	3	1	2024-05-31	Chemical Probes Portal	
XKFTZKGMDDZMJI-HSZRJFAPSA-N	recommended	No	No	0	0	0	2022-06-08	Chemical Probes Portal	
QPGYAMIHXLCFTJ-UHFFFAOYSA-N	recommended	No	No	0	0	0	2022-07-22	Chemical Probes Portal	
HKROEBDHHKMNBZ-CHBKHGQFSA-N	recommended	No	Yes	0	0	0	2021-12-01	Chemical Probes Portal	
DFQAJLQXPSPNJE-UHFFFAOYSA-N	recommended	Yes	No	3.6666666666666665	3	3	2020-10-14	Chemical Probes Portal	
HOTSVKDMIYWWIY-UHFFFAOYSA-N	recommended	No	No	0	0	0	2024-07-10	Chemical Probes Portal	
AECDBHGVIIRMOI-UHFFFAOYSA-N	recommended	Yes	No	3.5	3	2	2015-12-10	Chemical Probes Portal	
PTAMRJLIOCHJMQ-PYNGZGNASA-N	recommended	No	No	3.6	0	5	2016-11-18	Chemical Probes Portal	
JGPJQFOROWSRRS-UHFFFAOYSA-N	recommended	No	No	0	3	1	2024-05-31	Chemical Probes Portal	
QEASMQZYZCGOSA-UHFFFAOYSA-N	recommended	No	No	0	0	0	2024-07-15	Chemical Probes Portal	
VQINULODWGEVBB-UHFFFAOYSA-N	recommended	No	No	0	0	0	2024-07-15	Chemical Probes Portal	
GPXQUPCJIJBXHJ-UHFFFAOYSA-N	recommended	No	Yes	3	3	1	2023-04-02	Chemical Probes Portal	
YHYKUSGACIYRML-KRWDZBQOSA-N	recommended	No	No	0	0	0	2024-07-16	Chemical Probes Portal	
UWPFUBNCDABUEE-SIFUEBAJSA-N	recommended	No	Yes	3	3	1	2024-07-10	Chemical Probes Portal	
VLYNCWZASZUTNV-FCQUAONHSA-N	recommended	No	Yes	3	3	2	2024-06-07	Chemical Probes Portal	
XKDHFIPNTTUSIA-UHFFFAOYSA-N	recommended	No	No	4	4	1	2023-10-04	Chemical Probes Portal	
ALGPVOJFIGPPPX-VIFPVBQESA-N	recommended	No	No	4	3	1	2024-07-16	Chemical Probes Portal	
UOZVVPXKJGOFIG-UHFFFAOYSA-N	recommended	No	No	0	0	0	2024-08-08	Chemical Probes Portal	
PCOXPBOKDABARQ-UHFFFAOYSA-N	unsuitable	No	Yes	0	0	0	2024-08-14	Chemical Probes Portal	
YXEWPGYLMHXLPS-UHFFFAOYSA-N	unsuitable	No	Yes	0	0	0	2024-08-14	Chemical Probes Portal	
MSYKRHVOOPPJKU-BDAKNGLRSA-N	recommended	No	No	3.5	3	2	2024-07-10	Chemical Probes Portal	
GCVYFXYBQCKHCH-UHFFFAOYSA-N	recommended	No	No	2	2	2	2024-07-30	Chemical Probes Portal	
JGLGMFHQGRAHAO-HXUWFJFHSA-N	recommended	No	No	3.3333333333333335	2.6666666666666665	3	2024-07-10	Chemical Probes Portal	
XKYVECRUZPCRQR-UHFFFAOYSA-N	recommended	No	No	4	0	2	2024-07-15	Chemical Probes Portal	
GHNYLVIESIGHDJ-OAQYLSRUSA-N	recommended	No	No	2.5	3	2	2024-05-31	Chemical Probes Portal	
YHLQVQKZDZYMIP-MOPGFXCFSA-N	recommended	No	No	4	4	1	2017-07-21	Chemical Probes Portal	
NDAZATDQFDPQBD-UHFFFAOYSA-N	recommended	No	No	4	3.6666666666666665	3	2020-05-11	Chemical Probes Portal	
UCJZOKGUEJUNIO-IINYFYTJSA-N	recommended	No	No	3	3	1	2022-10-05	Chemical Probes Portal	
ZLVKIBLQXFILMA-IKGGRYGDSA-N	recommended	No	No	3	3	1	2024-07-16	Chemical Probes Portal	
STPSLAZMEWZDAJ-AREMUKBSSA-N	recommended	No	No	3	0	1	2023-06-12	Chemical Probes Portal	
JQLMEZBHIJSVKR-UHFFFAOYSA-N	recommended	No	No	3	0	2	2024-03-03	Chemical Probes Portal	
VBYGXNURPHQSPG-MUUNZHRXSA-N	recommended	No	Yes	3	0	2	2023-03-02	Chemical Probes Portal	
DZTGIRNXWSZBIM-QURGRASLSA-N	recommended	Yes	Yes	3	0	1	2020-12-03	Chemical Probes Portal	
YLHSFRZHEMHKAF-UHFFFAOYSA-N	recommended	No	No	3	0	1	2023-05-18	Chemical Probes Portal	
YDPMMWAOCCOULO-JBRSBNLGSA-N	recommended	No	No	3	0	2	2021-03-28	Chemical Probes Portal	
SPDQRCUBFSRAFI-DOMZBBRYSA-N	recommended	No	No	3.6666666666666665	0	3	2022-07-11	Chemical Probes Portal	
DORZPJWJOBMQKC-UHFFFAOYSA-N	recommended	No	No	3	0	1	2023-05-18	Chemical Probes Portal	
NDEORODKVUYMFQ-NHCUHLMSSA-N	recommended	No	No	3	0	1	2022-02-11	Chemical Probes Portal	
CFUSHHQUUUZFAG-UHFFFAOYSA-N	recommended	No	No	4	0	1	2024-07-16	Chemical Probes Portal	
IIKPYJZUOZRTIB-UHFFFAOYSA-N	recommended	No	No	3	0	1	2024-09-18	Chemical Probes Portal	
WKDNQONLGXOZRG-HRNNMHKYSA-N	recommended	No	No	3.5	0	2	2024-07-16	Chemical Probes Portal	
HEAGNKNMQVIVMM-UHFFFAOYSA-N	recommended	No	No	3	0	3	2023-05-18	Chemical Probes Portal	
GPMTWAPXRJMXCC-UHFFFAOYSA-N	recommended	No	No	3	0	1	2021-06-10	Chemical Probes Portal	
JNAABFZPXJJMPX-UHFFFAOYSA-N	recommended	No	No	4	0	1	2021-12-14	Chemical Probes Portal	
JWZAQUXBYYOGFA-UHFFFAOYSA-N	recommended	No	No	2	0	2	2021-11-24	Chemical Probes Portal	
WMCOYUSJXXCHFH-UHFFFAOYSA-N	unsuitable	No	No	0	0	0	2024-08-14	Chemical Probes Portal	
SZZJHKUNVBZYMT-RGULYWFUSA-N	recommended	No	No	0	0	0	2024-10-18	Chemical Probes Portal	
GHKMIOAEPALCFS-UHFFFAOYSA-N	recommended	No	No	3	0	3	2022-11-22	Chemical Probes Portal	
RTFQFPZKDYMMMJ-RIAKQDHQSA-N	recommended	No	No	3	0	2	2024-03-18	Chemical Probes Portal	
YJOJMGTVKMABKQ-FIQOPJFZSA-N	recommended	No	Yes	3	0	3	2022-12-20	Chemical Probes Portal	
YNDJPWSVYYRNTJ-MEXKHVBFSA-N	recommended	No	Yes	1	0	2	2021-06-10	Chemical Probes Portal	
JECHBTRAPARMGI-KMIZWFMDSA-N	recommended	No	Yes	2	0	2	2022-02-21	Chemical Probes Portal	
QUQTXFIMYFMULC-OGOZKGDESA-N	recommended	No	No	3	0	3	2020-11-13	Chemical Probes Portal	
ZSCOIFSUFMYZEZ-YSWDPXALSA-N	recommended	No	No	3.3333333333333335	0	3	2021-01-15	Chemical Probes Portal	
BQXUPNKLZNSUMC-YUQWMIPFSA-N	recommended	No	No	3.5	0	2	2022-03-07	Chemical Probes Portal	
PACRWHUPEPCFHX-UHFFFAOYSA-N	recommended	No	Yes	3	0	3	2020-12-01	Chemical Probes Portal	
ZUODKONSNNHSAJ-AMLBMYBGSA-N	recommended	No	Yes	4	0	3	2023-10-09	Chemical Probes Portal	
XIRQUXILNXIWDI-UHFFFAOYSA-N	recommended	No	Yes	3	0	2	2020-11-12	Chemical Probes Portal	
WMBSSRAFHKGIRA-UHFFFAOYSA-N	recommended	No	Yes	3	0	2	2020-05-29	Chemical Probes Portal	
LJGCXHMGIUJXDV-UHFFFAOYSA-N	recommended	No	No	2.5	0	2	2024-07-11	Chemical Probes Portal	
HZHUKQLWLNDVDZ-IBDVCRJISA-N	recommended	Yes	Yes	3	0	3	2023-01-26	Chemical Probes Portal	
XPEJZXWPKDAYFX-UHFFFAOYSA-N	recommended	No	No	3	0	2	2020-12-17	Chemical Probes Portal	
SYRVEVZSXHRXIX-KRWDZBQOSA-N	recommended	No	No	0	0	0	2024-11-16	Chemical Probes Portal	
WAFNVKVWBPXGHK-QDUSTFBWSA-N	recommended	No	No	0	0	0	2024-11-16	Chemical Probes Portal	
BUIJBFHGUQJYSD-XZOQPEGZSA-N	recommended	No	No	0	0	0	2024-11-16	Chemical Probes Portal	
BLFBSGVUERKSST-UHFFFAOYSA-N	recommended	Yes	No	3	0	1	2024-08-06	Chemical Probes Portal	
GRKYJLSMFYQHMP-APASRLOHSA-N	recommended	No	No	3.6666666666666665	0	3	2024-01-18	Chemical Probes Portal	
ZOJWMCDSTRTTOW-UHFFFAOYSA-N	recommended	No	Yes	2	0	3	2024-05-10	Chemical Probes Portal	
MOWXJLUYGFNTAL-DEOSSOPVSA-N	recommended	No	No	3	3	1	2024-03-26	Chemical Probes Portal	
BPLPIBNWDLPUKP-UHFFFAOYSA-N	recommended	No	No	3.3333333333333335	0	3	2022-03-25	Chemical Probes Portal	
SMVCNKJTRUVRLZ-UHFFFAOYSA-N	recommended	No	No	2	0	2	2024-05-10	Chemical Probes Portal	
OMISHRJQMYQPMG-UHFFFAOYSA-N	recommended	No	No	4	4	1	2024-01-26	Chemical Probes Portal	
LTOAWFRZXVPHAJ-UHFFFAOYSA-N	recommended	No	No	0	0	0	2024-03-18	Chemical Probes Portal	
AOTRIQLYUAFVSC-UHFFFAOYSA-N	recommended	No	No	3.6666666666666665	3.3333333333333335	3	2024-01-18	Chemical Probes Portal	
IPDMIUDPUBUHSU-INIZCTEOSA-N	recommended	No	No	3	0	2	2023-06-30	Chemical Probes Portal	
ATKHYZXUMVNCIO-UHFFFAOYSA-N	recommended	No	No	2.5	1.5	2	2024-01-18	Chemical Probes Portal	
WXRCLFFPZXJCLS-UHFFFAOYSA-N	recommended	No	No	4	4	1	2024-01-18	Chemical Probes Portal	
KLKKWCPJBTXWOV-UHFFFAOYSA-N	recommended	No	No	2.5	2.5	2	2024-03-03	Chemical Probes Portal	
IPUJINDWAGRAHN-KNXBSLHKSA-N	recommended	No	No	3.5	3.5	2	2024-03-03	Chemical Probes Portal	
FMQWOAKTQPLQBR-SANMLTNESA-N	recommended	No	No	3.5	3.5	2	2024-01-18	Chemical Probes Portal	
JOFQERPJMGKMMX-QGZVFWFLSA-N	recommended	No	No	3	3	1	2023-10-16	Chemical Probes Portal	
CRLZRGXSDBAEFD-UHFFFAOYSA-N	recommended	No	No	0	0	0	2024-02-28	Chemical Probes Portal	
IKPNRMYDOSNVAU-UHFFFAOYSA-N	recommended	No	No	4	4	1	2024-05-10	Chemical Probes Portal	
OYDTWNVVTPPDDO-UHFFFAOYSA-N	recommended	No	No	3	3	1	2024-01-18	Chemical Probes Portal	
UEMPFKOYBHCUIG-QVIWBNHYSA-N	recommended	No	No	0	0	0	2024-05-31	Chemical Probes Portal	
ILPWEAHQRAWJIU-OAHLLOKOSA-N	recommended	No	No	4	4	1	2023-12-21	Chemical Probes Portal	
DVFCRTGTEXUFIN-GFCCVEGCSA-N	recommended	No	No	4	4	1	2023-12-21	Chemical Probes Portal	
WAVPKLNVEGDDGC-LFIBNONCSA-N	recommended	No	Yes	2	0	1	2024-05-31	Chemical Probes Portal	
LTWQQWSXYYXVGA-UHFFFAOYSA-N	recommended	No	No	0	0	0	2023-12-22	Chemical Probes Portal	
KPABJHHKKJIDGX-JOCHJYFZSA-N	recommended	No	Yes	3	0	3	2023-12-21	Chemical Probes Portal	
HPBOMWKBZHYYGE-UHFFFAOYSA-N	recommended	No	No	0	0	0	2023-12-20	Chemical Probes Portal	
JDUBGYFRJFOXQC-KRWDZBQOSA-N	recommended	No	No	1.5	1	2	2023-11-22	Chemical Probes Portal	
MCRHRRIGPAVFNY-SFHVURJKSA-N	recommended	No	No	0	0	0	2024-10-18	Chemical Probes Portal	
FXMIIWBGTCDJJQ-UHFFFAOYSA-N	recommended	No	No	0	0	0	2024-10-18	Chemical Probes Portal	
HKXSBJJCHBFTMB-UHFFFAOYSA-N	recommended	No	Yes	2.3333333333333335	2	3	2023-10-06	Chemical Probes Portal	
IRKXKBMGTVDZAJ-UHFFFAOYSA-N	recommended	No	Yes	4	0	2	2024-05-10	Chemical Probes Portal	
VBTBURGKMCKOJC-UHFFFAOYSA-N	recommended	No	No	2	0	2	2023-10-09	Chemical Probes Portal	
IYFCFYWXRIVCTH-OAHLLOKOSA-N	recommended	No	No	3	3	1	2024-05-10	Chemical Probes Portal	
JOAFWIHZEBKYQK-OAHLLOKOSA-N	recommended	No	No	0	0	0	2024-10-17	Chemical Probes Portal	
QJRFBKYETDVAJQ-ZEQKJWHPSA-N	recommended	No	No	3	3	1	2024-05-10	Chemical Probes Portal	
FVZCFUKXGUUDBQ-ZWSMLAFMSA-N	recommended	No	No	4	2	2	2024-07-10	Chemical Probes Portal	
YPPSMYLMSKHYAY-UHFFFAOYSA-N	recommended	Yes	No	3.5	2.5	2	2024-08-06	Chemical Probes Portal	
XDPRKJSOJYMCMZ-UHFFFAOYSA-N	recommended	No	Yes	1.6666666666666667	0	3	2024-10-29	Chemical Probes Portal	
HUQKUJNSVHEHIH-UHFFFAOYSA-N	unsuitable	No	No	0	0	0	2024-12-12	Chemical Probes Portal	
LMXYVLFTZRPNRV-KMKOMSMNSA-N	unsuitable	No	No	0	0	0	2024-12-12	Chemical Probes Portal	
GPKLWRHHVIBYEO-KMKOMSMNSA-N	unsuitable	Yes	Yes	0	0	0	2024-12-12	Chemical Probes Portal	
FOLSZCLZVLICGG-GJYPPUQNSA-N	recommended	No	No	0	0	0	2024-12-12	Chemical Probes Portal	
AKCDDYGYIGPEKL-JQOQJDEVSA-N	recommended	No	No	4	4	1	2024-11-13	Chemical Probes Portal	
CAOSCCRYLYQBES-UHFFFAOYSA-N	recommended	No	No	0	0	0	2024-12-12	Chemical Probes Portal	
HFOBENSCBRZVSP-NRFSWKIWSA-N	recommended	No	No	3.5	4	2	2024-10-03	Chemical Probes Portal	
XYKISMBNQVUKPW-GOSISDBHSA-N	recommended	No	No	2	2	1	2024-12-12	Chemical Probes Portal	
GMZCYCKIXQZORP-UHFFFAOYSA-N	recommended	No	No	3	0	3	2024-08-06	Chemical Probes Portal	
VDGNPEFFHQRGOP-UHFFFAOYSA-N	recommended	No	No	3	0	1	2025-01-08	Chemical Probes Portal	
JJRRWLVKNLMRSA-UHFFFAOYSA-N	recommended	No	No	2.5	2	2	2024-05-10	Chemical Probes Portal	
ZZFKEZYGYPWBGP-UHFFFAOYSA-N	recommended	Yes	No	3	3	2	2024-07-10	Chemical Probes Portal	
STQKUEFQEVDNLU-UHFFFAOYSA-N	recommended	No	Yes	3	3	1	2024-11-18	Chemical Probes Portal	
MVYWULXPOKYILU-UHFFFAOYSA-N	recommended	No	No	3.3333333333333335	3.3333333333333335	3	2024-12-12	Chemical Probes Portal	
VZAFGXCWAWRULT-UONOGXRCSA-N	recommended	No	No	3.8	2.3333333333333335	5	2017-03-13	Chemical Probes Portal	
OLEFHQBTXFCZON-HXUWFJFHSA-N	recommended	No	No	4	4	2	2024-11-16	Chemical Probes Portal	
WZMIWVZGYMKUDV-UHFFFAOYSA-N	recommended	No	No	4	3	1	2023-05-18	Chemical Probes Portal	
LPQXZOJIUVOCAL-NRFANRHFSA-N	recommended	No	No	0	3	1	2024-11-16	Chemical Probes Portal	
KHLKLLMMPVSSQY-UHFFFAOYSA-N	recommended	No	No	0	0	0	2025-02-03	Chemical Probes Portal	
YBXRSCXGRPSTMW-CYBMUJFWSA-N	recommended	No	No	0	0	0	2024-01-18	Chemical Probes Portal	
SCLLZBIBSFTLIN-INOGPEIASA-N	recommended	No	No	4	4	2	2023-04-24	Chemical Probes Portal	
XVECNLUKQDKOST-UHFFFAOYSA-N	recommended	No	No	0	0	0	2023-02-13	Chemical Probes Portal	
CKFRXCBNKKOFGO-IGEOTXOUSA-N	recommended	No	No	4	0	2	2023-01-23	Chemical Probes Portal	
FFPHMUIGESPOTK-UHFFFAOYSA-N	recommended	No	No	4	0	1	2022-06-08	Chemical Probes Portal	
DNHPDWGIXIMXSA-CXNSMIOJSA-N	recommended	No	No	0	4	1	2022-05-31	Chemical Probes Portal	
MMJPVSDTLGFIQW-UHFFFAOYSA-N	recommended	No	No	4	4	1	2022-02-10	Chemical Probes Portal	
KVMGAIOTUIGROS-AZUAARDMSA-N	recommended	No	No	0	4	1	2025-01-22	Chemical Probes Portal	
ZGTWRRCZLAOQMY-UHFFFAOYSA-N	recommended	No	No	0	0	0	2025-02-07	Chemical Probes Portal	
UFKFTBGGMLIIME-DEOSSOPVSA-N	recommended	No	No	3	0	1	2025-01-21	Chemical Probes Portal	
ZHXNIYGJAOPMSO-UHFFFAOYSA-N	recommended	No	No	2	2	1	2025-01-22	Chemical Probes Portal	
HCDAVCLCBXIYPW-QGZVFWFLSA-N	recommended	No	No	4	0	1	2025-02-04	Chemical Probes Portal	
MVULIYLBRNHLEE-LFHXYJAASA-N	recommended	No	No	3.6666666666666665	0	3	2025-01-22	Chemical Probes Portal	
RXSCURXNWIHEAV-UHFFFAOYSA-N	recommended	No	No	3	3	1	2025-01-21	Chemical Probes Portal	
BOXZMOCGSKLDAH-OUZJXKGJSA-N	recommended	No	Yes	2	0	1	2025-01-22	Chemical Probes Portal	
FYSWLIFIYIVHPI-DDWISSAJSA-N	recommended	No	No	2.6666666666666665	0	3	2020-11-25	Chemical Probes Portal	
KBTKRNXLECYGBY-NERSTHRASA-N	recommended	No	Yes	3.25	0	4	2023-10-05	Chemical Probes Portal	
OFNZESNEBSQKSE-BQGOKDIQSA-N	recommended	No	No	3.3333333333333335	0	3	2022-03-22	Chemical Probes Portal	
GJCIYFAPQUEGNE-UHFFFAOYSA-N	recommended	No	Yes	3.6666666666666665	0	3	2025-01-22	Chemical Probes Portal	
AZBRPAQQOMDJLZ-UHFFFAOYSA-N	recommended	No	Yes	3	0	1	2025-01-22	Chemical Probes Portal	
AWNXKZVIZARMME-UHFFFAOYSA-N	recommended	No	Yes	3.5	0	2	2024-10-17	Chemical Probes Portal	
FSZPIAXLCCQFCM-FCQUAONHSA-N	recommended	No	Yes	3	4	3	2015-12-10	Chemical Probes Portal	
UZANYRRVDZSQGV-UHFFFAOYSA-N	recommended	No	No	3	0	1	2024-12-12	Chemical Probes Portal	
YBMGNDPBARCLFT-UHFFFAOYSA-N	recommended	No	No	3	0	1	2025-03-04	Chemical Probes Portal	
GEPYBHCJBORHCE-SFHVURJKSA-N	recommended	No	No	3.3333333333333335	0	3	2015-11-03	Chemical Probes Portal	
YTGYWPTWNBGCLG-UHFFFAOYSA-N	recommended	No	No	3	0	1	2025-01-21	Chemical Probes Portal	
CCAWRGNYALGPQH-UHFFFAOYSA-N	recommended	No	No	2	1	3	2017-03-14	Chemical Probes Portal	
JCKGSPAAPQRPBW-OAQYLSRUSA-N	recommended	No	No	4	0	3	2015-10-02	Chemical Probes Portal	
BJFSUDWKXGMUKA-UHFFFAOYSA-N	recommended	No	No	3	3	3	2016-07-29	Chemical Probes Portal	
RNAMYOYQYRYFQY-UHFFFAOYSA-N	recommended	No	No	4	2.6666666666666665	3	2016-08-08	Chemical Probes Portal	
QOECJCJVIMVJGX-UHFFFAOYSA-N	recommended	No	No	2.75	3	4	2015-10-02	Chemical Probes Portal	
DPJNKUOXBZSZAI-UHFFFAOYSA-N	recommended	No	No	3.3333333333333335	2	3	2015-10-02	Chemical Probes Portal	
WBKCKEHGXNWYMO-UHFFFAOYSA-N	recommended	No	No	3.3333333333333335	3	3	2015-11-04	Chemical Probes Portal	
BKCDJTRMYWSXMC-UHFFFAOYSA-N	recommended	No	No	4	2.5	3	2015-10-02	Chemical Probes Portal	
TWKYXZSXXXKKJU-FQEVSTJZSA-N	recommended	No	No	3.3333333333333335	4	3	2016-01-25	Chemical Probes Portal	
OTTJIRVZJJGFTK-SFHVURJKSA-N	recommended	No	Yes	4	4	3	2015-11-09	Chemical Probes Portal	
ZKXZLIFRWWKZRY-KRWDZBQOSA-N	recommended	No	No	4	4	3	2016-01-25	Chemical Probes Portal	
ABGOSOMRWSYAOB-UHFFFAOYSA-N	recommended	No	No	4	3	3	2015-11-09	Chemical Probes Portal	
PSOXOVKYGWBTPB-UHFFFAOYSA-N	recommended	No	No	0	0	0	2017-07-27	Chemical Probes Portal	
MPUQHZXIXSTTDU-QXGSTGNESA-N	recommended	Yes	No	3	3	3	2017-06-06	Chemical Probes Portal	
DYIRSNMPIZZNBK-UHFFFAOYSA-N	recommended	No	No	3.75	3.6666666666666665	4	2017-03-30	Chemical Probes Portal	
DRLCSJFKKILATL-YWCVFVGNSA-N	recommended	No	No	4	3.6666666666666665	3	2017-06-06	Chemical Probes Portal	
HXZRMADPDYFMEB-FTTMEYFSSA-N	recommended	No	Yes	3	1	3	2017-06-27	Chemical Probes Portal	
QFJCIRLUMZQUOT-HPLJOQBZSA-N	recommended	No	No	3.3333333333333335	3	3	2015-12-10	Chemical Probes Portal	
ZDNGJXBUEQNFBQ-GCJKJVERSA-N	recommended	No	No	3.3333333333333335	3.5	3	2017-06-01	Chemical Probes Portal	
QJJXYPPXXYFBGM-LFZNUXCKSA-N	recommended	No	No	3.5	3.5	2	2021-02-04	Chemical Probes Portal	
YKNAKDFZAWQEEO-IBGZPJMESA-N	recommended	No	No	3	2	3	2015-11-03	Chemical Probes Portal	
QJZRFPJCWMNVAV-HHHXNRCGSA-N	recommended	No	No	0	0	0	2023-11-03	Chemical Probes Portal	
JNAHVYVRKWKWKQ-CYBMUJFWSA-N	recommended	No	No	4	4	3	2016-07-29	Chemical Probes Portal	
FDLYAMZZIXQODN-UHFFFAOYSA-N	recommended	No	No	3	3	3	2016-07-29	Chemical Probes Portal	
PCHKPVIQAHNQLW-CQSZACIVSA-N	recommended	No	No	4	3.6666666666666665	3	2016-07-29	Chemical Probes Portal	
ULXXDDBFHOBEHA-CWDCEQMOSA-N	recommended	No	Yes	2.6666666666666665	3.3333333333333335	3	2015-12-10	Chemical Probes Portal	
KXBDTLQSDKGAEB-UHFFFAOYSA-N	recommended	No	Yes	2.6666666666666665	3.5	3	2015-12-10	Chemical Probes Portal	
ZVWPOIUAPXDLMB-UHFFFAOYSA-N	recommended	No	No	0	0	0	2021-03-29	Chemical Probes Portal	
LGWDVWIZDPGCFG-UHFFFAOYSA-N	recommended	No	No	4	4	1	2021-04-19	Chemical Probes Portal	
SQSZANZGUXWJEA-UHFFFAOYSA-N	recommended	No	No	3	3	3	2021-02-17	Chemical Probes Portal	
IFWUBRBMMNTBRZ-UHFFFAOYSA-N	recommended	No	No	3.3333333333333335	1	3	2016-10-18	Chemical Probes Portal	
GMPQGWXPDRNCBL-UHFFFAOYSA-N	recommended	No	No	3	3	4	2017-02-23	Chemical Probes Portal	
CYOHGALHFOKKQC-UHFFFAOYSA-N	recommended	No	No	3.3333333333333335	3	3	2015-12-10	Chemical Probes Portal	
REVJNSVNICWODC-KIDMSAQOSA-N	recommended	Yes	No	3.6666666666666665	3	3	2017-01-31	Chemical Probes Portal	
NDVQUNZCNAMROD-RZUBCFFCSA-N	recommended	No	No	3.6666666666666665	0	3	2016-11-15	Chemical Probes Portal	
DFBDRVGWBHBJNR-BBNFHIFMSA-N	recommended	Yes	Yes	4	3.3333333333333335	3	2020-12-02	Chemical Probes Portal	
RRZVGDGTWNQAPW-UHFFFAOYSA-N	recommended	No	No	3	2	3	2016-07-29	Chemical Probes Portal	
ITTRLTNMFYIYPA-UHFFFAOYSA-N	recommended	No	Yes	3	3	3	2020-11-25	Chemical Probes Portal	
OIGNJSKKLXVSLS-VWUMJDOOSA-N	recommended	No	Yes	1	0	1	2017-07-20	Chemical Probes Portal	
PMQUGSPFUBGJCZ-CHOKWEPUSA-N	recommended	No	No	4	4	2	2021-02-02	Chemical Probes Portal	
QKPUKWQKXUUTOK-UHFFFAOYSA-N	recommended	No	No	2.3333333333333335	2	3	2017-05-10	Chemical Probes Portal	
MFYLCAMJNGIULC-KCVUFLITSA-N	recommended	No	Yes	3.6666666666666665	3.6666666666666665	3	2020-07-09	Chemical Probes Portal	
PIEQDBPBBQPLPL-UHFFFAOYSA-N	recommended	No	Yes	3.5	3.5	2	2020-06-16	Chemical Probes Portal	
UMUQEMHROZVOTF-LJQANCHMSA-N	recommended	No	No	3	3	2	2024-07-16	Chemical Probes Portal	
BHUZLJOUHMBZQY-YXQOSMAKSA-N	recommended	No	Yes	3.3333333333333335	3	3	2017-04-10	Chemical Probes Portal	
VPQCHIWQHIOPQS-UHFFFAOYSA-N	recommended	No	Yes	4	3.3333333333333335	3	2021-05-25	Chemical Probes Portal	
HXBRBOYWXDLHDC-UHFFFAOYSA-N	recommended	No	No	3	3	1	2022-02-11	Chemical Probes Portal	
FQAXDSVNYVVQSE-UHFFFAOYSA-N	recommended	No	No	4	4	1	2021-03-05	Chemical Probes Portal	
VTFWALACVWFKNO-OCJYXSBASA-N	recommended	No	No	4	4	2	2024-11-15	Chemical Probes Portal	
RJTJRVASUFIDQM-UHFFFAOYSA-N	recommended	No	No	0	0	0	2021-12-19	Chemical Probes Portal	
MDGIEDNDSFMSLP-UHFFFAOYSA-N	recommended	No	No	3	3	1	2020-05-29	Chemical Probes Portal	
BHKDKKZMPODMIQ-UHFFFAOYSA-N	recommended	No	No	4	0	1	2021-02-01	Chemical Probes Portal	
NMQUSJQZQWKQBL-UHFFFAOYSA-N	recommended	No	No	2.3333333333333335	2	3	2020-05-27	Chemical Probes Portal	
OSXFATOLZGZLSK-UHFFFAOYSA-N	recommended	No	No	1.6666666666666667	1.5	3	2016-08-08	Chemical Probes Portal	
KMFLQPJJHQNKKF-UHFFFAOYSA-N	recommended	No	No	4	0	1	2023-06-30	Chemical Probes Portal	
DUIHHZKTCSNTGM-UHFFFAOYSA-N	recommended	No	No	2.6666666666666665	0	3	2015-12-10	Chemical Probes Portal	
LBVKEEFIPBQIMD-JTQLQIEISA-N	recommended	No	No	4	4	2	2021-02-22	Chemical Probes Portal	
FIVSJYGQAIEMOC-ZGNKEGEESA-N	recommended	No	No	0	0	0	2025-03-17	Chemical Probes Portal	
WMOAPWVQPPIAFY-HSZRJFAPSA-N	recommended	No	No	0	0	0	2025-03-17	Chemical Probes Portal	
YCBIMOYJAYMCOJ-CCEZHUSRSA-N	recommended	No	Yes	0	0	0	2025-03-28	Chemical Probes Portal	
JLNAZAXGWJVJEC-UHFFFAOYSA-N	recommended	No	No	0	0	0	2025-03-28	Chemical Probes Portal	
YLGMPWWMPCGYBF-UHFFFAOYSA-N	recommended	No	No	3.5	4	2	2025-03-17	Chemical Probes Portal	
RGHLRMNPUGUZEY-UHFFFAOYSA-N	recommended	Yes	No	3	2	1	2025-03-17	Chemical Probes Portal	
GYKNPXCQINZRLL-UHFFFAOYSA-N	recommended	No	Yes	3	0	1	2024-10-25	Chemical Probes Portal	
RDLSKDOSNKLEAQ-UHFFFAOYSA-N	recommended	No	No	4	4	1	2021-03-05	Chemical Probes Portal	
KGSBEYKVWODBRD-ICSRJNTNSA-N	recommended	No	No	3	2	1	2025-02-07	Chemical Probes Portal	
XSQUJFKRXZMOKA-PAFIKIDNSA-N	recommended	No	No	4	3.3333333333333335	3	2024-05-10	Chemical Probes Portal	
ISNXAOFEMNFJCO-YUXAGFNASA-N	recommended	No	No	3	0	1	2021-06-10	Chemical Probes Portal	
XUZMWHLSFXCVMG-UHFFFAOYSA-N	recommended	No	No	2	2	1	2021-02-16	Chemical Probes Portal	
SGSFONPFVRRJLS-UHFFFAOYSA-N	recommended	No	No	0	4	1	2025-03-17	Chemical Probes Portal	
LGLHCXISMKHLIK-UHFFFAOYSA-N	recommended	No	No	2	0	3	2020-10-13	Chemical Probes Portal	
XLOGLWKOHPIJLV-UHFFFAOYSA-N	recommended	No	No	3.6666666666666665	3.3333333333333335	3	2017-03-09	Chemical Probes Portal	
LOGJQOUIVKBFGH-YBEGLDIGSA-N	recommended	No	No	1	1	3	2021-01-06	Chemical Probes Portal	
JIFCFQDXHMUPGP-UHFFFAOYSA-N	recommended	No	No	4	4	3	2015-12-10	Chemical Probes Portal	
NDEXUOWTGYUVGA-LJQANCHMSA-N	recommended	No	No	3.6666666666666665	3.6666666666666665	3	2015-12-10	Chemical Probes Portal	
MUOKSQABCJCOPU-UHFFFAOYSA-N	recommended	No	No	3.5	3	2	2015-12-10	Chemical Probes Portal	
CMWRPDHVGMHLSZ-GFCCVEGCSA-N	recommended	No	No	3.3333333333333335	2.3333333333333335	3	2015-12-10	Chemical Probes Portal	
DADASRPKWOGKCU-FVTQAUBDSA-N	recommended	No	No	1.6666666666666667	1.6666666666666667	3	2015-12-10	Chemical Probes Portal	
HZASIAXCPXTISQ-NVXWUHKLSA-N	recommended	No	No	3.6666666666666665	2	3	2015-12-10	Chemical Probes Portal	
AUMDBEHGJRZSOO-UHFFFAOYSA-N	recommended	No	No	2	1	3	2015-12-10	Chemical Probes Portal	
HDAJDNHIBCDLQF-RUZDIDTESA-N	recommended	No	No	4	3.3333333333333335	3	2015-12-10	Chemical Probes Portal	
LCVIRAZGMYMNNT-UHFFFAOYSA-N	recommended	No	No	4	4	3	2015-12-10	Chemical Probes Portal	
STUWGJZDJHPWGZ-LBPRGKRZSA-N	recommended	No	No	4	4	3	2015-12-10	Chemical Probes Portal	
HTFNVAVTYILUCF-UHFFFAOYSA-N	recommended	No	No	4	2	3	2016-12-05	Chemical Probes Portal	
VEPKQEUBKLEPRA-UHFFFAOYSA-N	recommended	No	No	4	3.6666666666666665	3	2015-12-10	Chemical Probes Portal	
KDGFLJKFZUIJMX-UHFFFAOYSA-N	recommended	No	No	4	4	3	2015-12-10	Chemical Probes Portal	
AHJRHEGDXFFMBM-UHFFFAOYSA-N	recommended	No	No	4	3	3	2015-12-10	Chemical Probes Portal	
ZBCMHWUFWQFPLV-VVOJOOEHSA-N	recommended	No	No	3.6666666666666665	2.6666666666666665	3	2016-11-29	Chemical Probes Portal	
IVUGFMLRJOCGAS-UHFFFAOYSA-N	recommended	No	No	3.6666666666666665	3.6666666666666665	3	2015-12-10	Chemical Probes Portal	
JCINBYQJBYJGDM-UHFFFAOYSA-N	recommended	Yes	No	3.6666666666666665	3.6666666666666665	3	2016-07-29	Chemical Probes Portal	
JUSFANSTBFGBAF-IRXDYDNUSA-N	recommended	No	No	3.6666666666666665	4	3	2015-12-10	Chemical Probes Portal	
HXMGCTFLLWPVFM-GOSISDBHSA-N	recommended	No	No	3.6666666666666665	3	3	2017-03-15	Chemical Probes Portal	
DEZZLWQELQORIU-RELWKKBWSA-N	recommended	No	Yes	3.6666666666666665	2.5	3	2015-12-10	Chemical Probes Portal	
BCZUAADEACICHN-UHFFFAOYSA-N	recommended	No	No	3.6666666666666665	3.6666666666666665	3	2015-12-10	Chemical Probes Portal	
AQGNHMOJWBZFQQ-UHFFFAOYSA-N	recommended	No	No	3.6666666666666665	4	3	2015-07-16	Chemical Probes Portal	
IENLGMOXAQMNEH-CYBMUJFWSA-N	recommended	No	No	3.3333333333333335	3	3	2016-09-09	Chemical Probes Portal	
LHNIIDJUOCFXAP-UHFFFAOYSA-N	recommended	No	No	3.25	3	4	2015-12-10	Chemical Probes Portal	
PSICWGWNIOOULV-UHFFFAOYSA-N	recommended	No	Yes	3	0	3	2016-10-17	Chemical Probes Portal	
UYUHRKLITDJEHB-UHFFFAOYSA-N	recommended	Yes	No	3	1.6666666666666667	3	2015-12-10	Chemical Probes Portal	
MJSHVHLADKXCML-RQNOJGIXSA-N	recommended	Yes	No	3	3	3	2017-04-06	Chemical Probes Portal	
MYKOWOGZBMOVBJ-UHFFFAOYSA-N	recommended	No	No	2.6666666666666665	0	3	2015-12-10	Chemical Probes Portal	
AHYMHWXQRWRBKT-UHFFFAOYSA-N	recommended	No	No	0	0	0	2025-04-30	Chemical Probes Portal	
VASPFLVEEOBQOS-UHFFFAOYSA-N	recommended	No	No	0	0	0	2025-04-30	Chemical Probes Portal	
AYCPARAPKDAOEN-LJQANCHMSA-N	recommended	No	No	2.5	2.5	4	2015-12-10	Chemical Probes Portal	
DEEOXSOLTLIWMG-UHFFFAOYSA-N	recommended	No	No	2.3333333333333335	2.5	3	2015-12-10	Chemical Probes Portal	
SCFMWQIQBVZOQR-UHFFFAOYSA-N	recommended	No	No	2	2	3	2015-12-10	Chemical Probes Portal	
DTEKTGDVSARYDS-UHFFFAOYSA-N	recommended	No	No	2	1	3	2015-12-10	Chemical Probes Portal	
XQVVPGYIWAGRNI-JOCHJYFZSA-N	recommended	No	No	2	2	3	2015-12-10	Chemical Probes Portal	
QAPAJIZPZGWAND-UHFFFAOYSA-N	recommended	Yes	No	1.6666666666666667	3	3	2015-12-10	Chemical Probes Portal	
KTUFNOKKBVMGRW-UHFFFAOYSA-N	recommended	No	No	1	1	3	2015-12-10	Chemical Probes Portal	
LQBVNQSMGBZMKD-UHFFFAOYSA-N	recommended	No	No	4	4	3	2017-03-07	Chemical Probes Portal	
SOYCFODXNRVBTI-UHFFFAOYSA-N	recommended	No	No	3	2.6666666666666665	3	2017-04-04	Chemical Probes Portal	
JKMWZKPAXZBYEH-JWHWKPFMSA-N	recommended	No	Yes	3	1	1	2017-06-22	Chemical Probes Portal	
XMVAWGSQPHFXKU-UHFFFAOYSA-N	recommended	Yes	No	2.6666666666666665	1.5	3	2017-04-04	Chemical Probes Portal	
ZFBHXVOCZBPADE-SSEXGKCCSA-N	recommended	No	No	4	3	4	2017-04-24	Chemical Probes Portal	
SXQZEMXQTRNLRZ-HXUWFJFHSA-N	recommended	No	Yes	3	0	2	2023-05-18	Chemical Probes Portal	
GXTJETQFYHZHNB-GASCZTMLSA-N	recommended	No	No	4	3	3	2021-01-20	Chemical Probes Portal	
QLXULUNLCRKWRD-UHFFFAOYSA-N	recommended	No	Yes	3	3	2	2020-07-09	Chemical Probes Portal	
JWZSSEWMVYKYKW-UHFFFAOYSA-N	recommended	No	No	3.5	0	2	2020-05-17	Chemical Probes Portal	
VYWRYBZVVSPTQN-SANMLTNESA-N	recommended	No	No	4	0	1	2024-12-12	Chemical Probes Portal	
OZFFKOSQNBBYCA-UHFFFAOYSA-N	recommended	No	No	3.3333333333333335	0	3	2020-08-03	Chemical Probes Portal	
ONIQOQHATWINJY-UHFFFAOYSA-N	recommended	No	No	0	0	0	2021-02-17	Chemical Probes Portal	
WBLVOWHFRUAMCP-UHFFFAOYSA-N	recommended	No	No	0	0	0	2022-07-06	Chemical Probes Portal	
DTBGJTHCIGPRDA-UHFFFAOYSA-N	recommended	No	No	3.6666666666666665	3.3333333333333335	3	2021-05-06	Chemical Probes Portal	
DKZYXHCYPUVGAF-JCNLHEQBSA-N	recommended	No	No	1.5	2	2	2015-12-10	Chemical Probes Portal	
SXWMIXPJPNCXQQ-UHFFFAOYSA-N	recommended	No	No	2	2	3	2020-11-27	Chemical Probes Portal	
BKWJAKQVGHWELA-UHFFFAOYSA-N	recommended	Yes	No	2.5	3	2	2020-10-26	Chemical Probes Portal	
YKDZIFFKQUNVHH-UHFFFAOYSA-N	recommended	No	No	3	0	2	2021-01-30	Chemical Probes Portal	
GJYVLTPTDBQQCY-UHFFFAOYSA-N	recommended	No	No	3	2	2	2021-01-30	Chemical Probes Portal	
IRTDIKMSKMREGO-OAHLLOKOSA-N	recommended	No	No	3	3.3333333333333335	3	2020-10-26	Chemical Probes Portal	
SUNXHXDJOIXABJ-NSHDSACASA-N	recommended	No	No	3.3333333333333335	0	3	2020-11-27	Chemical Probes Portal	
CDOOFZZILLRUQH-GDLZYMKVSA-N	recommended	No	No	3	3	3	2020-11-17	Chemical Probes Portal	
VMJFTOSOFDEKTM-UHFFFAOYSA-N	recommended	No	No	3.5	3.5	2	2020-11-26	Chemical Probes Portal	
WKIALOXOAZXGMG-UHFFFAOYSA-N	recommended	No	No	3.6666666666666665	4	3	2020-11-26	Chemical Probes Portal	
XWQVQSXLXAXOPJ-QNGMFEMESA-N	recommended	No	No	4	0	2	2021-05-11	Chemical Probes Portal	
KNLROUBMVYVLGX-UHFFFAOYSA-N	recommended	No	Yes	2.3333333333333335	2.3333333333333335	3	2016-09-09	Chemical Probes Portal	
AUWUGRCKTQSGJY-HHHXNRCGSA-N	recommended	No	No	2.3333333333333335	2	3	2016-08-08	Chemical Probes Portal	
IXZOHGPZAQLIBH-NRFANRHFSA-N	recommended	No	No	0	0	0	2023-01-17	Chemical Probes Portal	
GSGDUDAFETZSPM-IATAILRESA-N	recommended	No	No	0	0	0	2025-03-04	Chemical Probes Portal	
BANRYGZZIMCKNA-OYGJEQPESA-N	recommended	No	No	3	0	1	2020-11-24	Chemical Probes Portal	
PWBHUSLMHZLGRN-UHFFFAOYSA-N	recommended	No	Yes	3.5	3.5	2	2021-03-15	Chemical Probes Portal	
WCPTUQOMNJBIET-CALCHBBNSA-N	recommended	No	No	3	3	3	2016-07-29	Chemical Probes Portal	
NWGMIELHSCQGOG-ZDUSSCGKSA-N	recommended	No	No	2.6666666666666665	2	3	2016-07-29	Chemical Probes Portal	
FMTVWAGUJRUAKE-UHFFFAOYSA-N	recommended	No	No	4	0	3	2015-11-05	Chemical Probes Portal	
OHRURASPPZQGQM-GCCNXGTGSA-N	recommended	No	No	3.6666666666666665	3	3	2017-04-11	Chemical Probes Portal	
OHRDCQFCAWLDBP-SBUREZEXSA-N	recommended	No	No	3.6666666666666665	3.6666666666666665	3	2020-10-23	Chemical Probes Portal	
KKFFOOWORPUAJB-NVXWUHKLSA-N	recommended	No	No	3.5	3.5	2	2024-01-18	Chemical Probes Portal	
XCGYXEVLQIIEJH-UHFFFAOYSA-N	recommended	No	No	3	0	3	2021-01-20	Chemical Probes Portal	
BNTAEJNPQLMGDJ-LLVKDONJSA-N	recommended	No	No	2.5	2.5	2	2020-06-23	Chemical Probes Portal	
PFPSFENQCNMITC-MRXNPFEDSA-N	recommended	No	No	4	2.3333333333333335	3	2016-08-08	Chemical Probes Portal	
WXRGFPHDRFQODR-ICLZECGLSA-N	recommended	No	No	4	1	4	2016-08-08	Chemical Probes Portal	
ULNXAWLQFZMIHX-UHFFFAOYSA-N	recommended	No	No	4	0	3	2015-10-02	Chemical Probes Portal	
PFHDWRIVDDIFRP-UHFFFAOYSA-N	recommended	No	No	3.6666666666666665	2	3	2016-08-08	Chemical Probes Portal	
NSQSAUGJQHDYNO-UHFFFAOYSA-N	recommended	No	No	3.3333333333333335	2.3333333333333335	3	2016-08-08	Chemical Probes Portal	
CACMCLIHCDTJHL-IDTAVKCVSA-N	recommended	No	No	2	1	3	2016-08-08	Chemical Probes Portal	
XGVXKJKTISMIOW-ZDUSSCGKSA-N	recommended	No	No	4	0	1	2025-02-07	Chemical Probes Portal	
LQTWDAYNGMMHLV-UHFFFAOYSA-N	recommended	No	No	2	2.3333333333333335	3	2016-07-29	Chemical Probes Portal	
HPODOLXTMDHLLC-QGZVFWFLSA-N	recommended	No	No	3	2.6666666666666665	3	2017-07-06	Chemical Probes Portal	
PTPNCCWOTBBVJR-UHFFFAOYSA-N	recommended	No	No	4	3	1	2021-01-22	Chemical Probes Portal	
ATFQBBCQZKVZJN-QMMMGPOBSA-N	recommended	No	No	3	3	2	2020-10-20	Chemical Probes Portal	
QLPHOXTXAKOFMU-WBVHZDCISA-N	recommended	No	No	4	2.6666666666666665	3	2015-12-10	Chemical Probes Portal	
XKQLNDPUQSZBJW-QGHHPUGFSA-N	recommended	No	No	4	0	1	2020-06-17	Chemical Probes Portal	
VOVZXURTCKPRDQ-CQSZACIVSA-N	recommended	No	No	4	4	3	2020-11-23	Chemical Probes Portal	
YHMDHAMZFMNMTF-MSOLQXFVSA-N	recommended	No	No	4	0	1	2022-07-21	Chemical Probes Portal	
IIQUYGWWHIHOCF-UHFFFAOYSA-N	recommended	No	No	3.6666666666666665	3.3333333333333335	3	2015-12-10	Chemical Probes Portal	
OINGHOPGNMYCAB-INIZCTEOSA-N	recommended	No	No	3.6666666666666665	1.3333333333333333	3	2016-11-29	Chemical Probes Portal	
JBGYKRAZYDNCNV-UHFFFAOYSA-N	recommended	No	No	3.6666666666666665	3.6666666666666665	3	2020-08-10	Chemical Probes Portal	
DMIDPTCQPIJYFE-UHFFFAOYSA-N	recommended	No	No	3.6666666666666665	2.5	3	2015-10-02	Chemical Probes Portal	
HSVRUECLQUGTDS-UHFFFAOYSA-N	recommended	No	No	3.6666666666666665	3.6666666666666665	3	2021-05-20	Chemical Probes Portal	
VUIRVWPJNKZOSS-UHFFFAOYSA-N	recommended	No	No	3.3333333333333335	0	3	2016-10-14	Chemical Probes Portal	
XMWUCMFVDXDRDE-NRFANRHFSA-N	recommended	No	No	3.3333333333333335	3	3	2016-12-08	Chemical Probes Portal	
VIQXILLOJLATEF-UHFFFAOYSA-N	recommended	No	No	2.5	0	2	2020-11-05	Chemical Probes Portal	
UJGTUKMAJVCBIS-UHFFFAOYSA-N	recommended	No	No	2	0	2	2021-06-10	Chemical Probes Portal	
ZPNTXOKOIHPCLI-UHFFFAOYSA-N	recommended	No	No	2	0	3	2022-06-08	Chemical Probes Portal	
NVGROBHDOYRPAN-FPTDNZKUSA-N	recommended	No	No	0	0	0	2021-12-19	Chemical Probes Portal	
VKQBTIMLSDGNLG-QHCPKHFHSA-N	recommended	No	No	0	0	0	2021-12-19	Chemical Probes Portal	
ZNNLBTZKUZBEKO-UHFFFAOYSA-N	recommended	No	No	3	3.5	2	2017-08-09	Chemical Probes Portal	
FAEKWTJYAYMJKF-QHCPKHFHSA-N	recommended	No	No	2.5	3	2	2017-08-09	Chemical Probes Portal	
LYPAFUINURXJSG-AWEZNQCLSA-N	recommended	No	No	4	3.3333333333333335	3	2020-10-21	Chemical Probes Portal	
JGWRKYUXBBNENE-UHFFFAOYSA-N	recommended	No	No	3	3	1	2022-10-05	Chemical Probes Portal	
RZLXOEIALAVGKH-UHFFFAOYSA-N	recommended	No	No	0	0	0	2022-10-05	Chemical Probes Portal	
ZKIQFLSGMMYCGS-SANMLTNESA-N	recommended	No	No	4	3	1	2021-03-29	Chemical Probes Portal	
PMJIHLSCWIDGMD-UHFFFAOYSA-N	recommended	No	No	2	0	3	2024-04-03	Chemical Probes Portal	
NIHAFOURWLZLFN-UHFFFAOYSA-N	recommended	No	No	3.5	0	2	2023-12-20	Chemical Probes Portal	
KKMZWHRTQLNOCF-UHFFFAOYSA-N	recommended	No	No	2.6666666666666665	0	3	2023-02-13	Chemical Probes Portal	
NFHSJYKXENYICE-UHFFFAOYSA-N	recommended	No	No	0	0	0	2025-04-30	Chemical Probes Portal	
GOVYBPLHWIEHEJ-UHFFFAOYSA-N	recommended	Yes	Yes	3	3	2	2017-07-20	Chemical Probes Portal	
OJQMKCBWYCWFPU-UHFFFAOYSA-N	recommended	No	No	4	4	1	2025-04-30	Chemical Probes Portal	
WXTJCPHELGTTJU-FMKPAKJESA-N	recommended	No	No	3.5	3	2	2025-02-17	Chemical Probes Portal	
JYYLVUFNAHSSFE-UHFFFAOYSA-N	recommended	No	No	3	3.5	2	2025-04-30	Chemical Probes Portal	
DNVFTXQYIYFQBW-UHFFFAOYSA-N	recommended	No	Yes	3	0	1	2023-02-13	Chemical Probes Portal	
NDVITLLKZQXKGU-IBGZPJMESA-N	recommended	No	No	2.5	0	2	2025-03-24	Chemical Probes Portal	
QYJLBHRAPDJOSO-NVXWUHKLSA-N	recommended	No	No	3	0	1	2025-03-17	Chemical Probes Portal	
HEAUOKZIVMZVQL-VWLOTQADSA-N	recommended	No	No	4	4	1	2025-04-30	Chemical Probes Portal	
ASRLBLHATMXGPC-UHFFFAOYSA-N	recommended	No	No	4	0	1	2025-05-02	Chemical Probes Portal	
POKVQQVLRJLUAK-UHFFFAOYSA-N	recommended	No	No	3.6666666666666665	3.6666666666666665	3	2025-05-26	Chemical Probes Portal	
RKAFYSIKAVFVPS-UHFFFAOYSA-N	recommended	No	Yes	4	4	1	2025-03-17	Chemical Probes Portal	
XVGSKZXXLKUEIO-MRXNPFEDSA-N	recommended	No	No	3	3	2	2025-03-17	Chemical Probes Portal	
NRHPFMQPXSSELC-QHCPKHFHSA-N	recommended	No	No	3	0	1	2025-05-16	Chemical Probes Portal	
GJMZWYLOARVASY-NTCAYCPXSA-N	recommended	No	Yes	4	0	3	2017-04-24	Chemical Probes Portal	
KTBSXLIQKWEBRB-UHFFFAOYSA-N	recommended	No	No	3	3	2	2025-04-30	Chemical Probes Portal	
HXYXHSDYBDFOFO-INIZCTEOSA-N	recommended	No	No	0	4	1	2025-04-30	Chemical Probes Portal	
HHFWQMFTPDFWLM-UHFFFAOYSA-N	recommended	No	No	0	1	1	2025-07-31	Chemical Probes Portal	
FSQGWBXWGNWEAV-CMDGGOBGSA-N	recommended	No	Yes	0	0	0	2025-08-01	Chemical Probes Portal	
OXTSYWDBUVRXFF-GDLZYMKVSA-N	recommended	Yes	No	0	0	0	2025-08-04	Chemical Probes Portal	
KRNAOFGYEFKHPB-ANJVHQHFSA-N	recommended	No	No	4	4	1	2025-02-07	Chemical Probes Portal	
LBFYQISQYCGDDW-UHFFFAOYSA-N	recommended	No	No	4	3.3333333333333335	3	2017-01-13	Chemical Probes Portal	
WBFSPPPOPIJCLF-UHFFFAOYSA-N	recommended	No	Yes	3	3	1	2025-08-04	Chemical Probes Portal	
XFBJUMZGUOUWSC-UHFFFAOYSA-N	recommended	No	Yes	3	0	1	2025-08-01	Chemical Probes Portal	
JLIJJLLYTGASQX-UHFFFAOYSA-N	recommended	No	No	3	0	2	2025-08-01	Chemical Probes Portal	
FUEYCNUHTBZPRF-SVBPBHIXSA-N	recommended	No	Yes	4	4	1	2025-08-14	Chemical Probes Portal	
KDTQFQYXTWVBCC-UHFFFAOYSA-N	recommended	No	No	0	0	0	2025-08-24	Chemical Probes Portal	
GSLHDZCTAHKMDW-UHFFFAOYSA-N	recommended	No	No	3	3	1	2025-08-01	Chemical Probes Portal	
DXAQGYQVEJTSTD-UHFFFAOYSA-N	recommended	No	No	4	1.5	2	2025-08-04	Chemical Probes Portal	
ODRITQGYYWHQGM-INIZCTEOSA-N	recommended	No	No	0	0	0	2025-09-05	Chemical Probes Portal	
BODASLVEZBWITD-ACCUITESSA-N	recommended	Yes	Yes	2	1	1	2025-03-17	Chemical Probes Portal	
XBWKVZHZUZNMJE-UHFFFAOYSA-N	recommended	No	No	3.6666666666666665	0	3	2024-02-19	Chemical Probes Portal	
OYMNPJXKQVTQTR-UHFFFAOYSA-N	recommended	No	No	2.5	1	2	2022-11-07	Chemical Probes Portal	
BXNMZRPTQFVRFA-QGZVFWFLSA-N	recommended	No	No	4	3	1	2022-01-21	Chemical Probes Portal	
WCWUXEGQKLTGDX-LLVKDONJSA-N	recommended	No	No	2	2	1	2021-02-16	Chemical Probes Portal	
HTCJUBZBSJQWBW-CQSZACIVSA-N	recommended	No	No	3.5	4	3	2022-10-07	Chemical Probes Portal	
VSOUDUXMPUHJEU-UHFFFAOYSA-N	recommended	No	No	4	4	2	2023-12-22	Chemical Probes Portal	
RSJAXPUYVJKAAA-JPGJPTAESA-N	recommended	No	No	3.5	2.5	2	2021-03-12	Chemical Probes Portal	
ATALOFNDEOCMKK-OITMNORJSA-N	recommended	No	No	3.5	3.5	2	2023-11-03	Chemical Probes Portal	
ATHZIFFSGSWIAU-UHFFFAOYSA-N	recommended	No	No	2.5	1.5	2	2023-10-16	Chemical Probes Portal	
UXZAJSZFFARTEI-YRPNKDGESA-N	recommended	No	No	3.5	3	3	2022-03-19	Chemical Probes Portal	
YHGBLECINAKBKX-UHFFFAOYSA-N	recommended	No	No	3	2	2	2024-05-31	Chemical Probes Portal	
NCWQLHHDGDXIJN-UHFFFAOYSA-N	recommended	No	Yes	4	4	2	2022-10-05	Chemical Probes Portal	
OAEWNSKRLBVVBV-QSEAXJEQSA-N	recommended	No	No	3.5	3	2	2022-01-14	Chemical Probes Portal	
QLOHOGRMRUDDPM-LBPRGKRZSA-N	recommended	No	No	2	3	2	2023-10-09	Chemical Probes Portal	
FOBFICSYUINKAA-XMMPIXPASA-N	recommended	No	No	3	0	3	2023-11-03	Chemical Probes Portal	
PUKBOVABABRILL-YZNIXAGQSA-N	recommended	No	No	4	4	3	2022-10-07	Chemical Probes Portal	
FJZNNKJZHQFMCK-LRDDRELGSA-N	recommended	No	No	2.5	2.3333333333333335	3	2024-03-03	Chemical Probes Portal	
BZCALJIHZVNMGJ-HSZRJFAPSA-N	recommended	No	No	3.3333333333333335	3.6666666666666665	3	2021-01-12	Chemical Probes Portal	
KDFQABSFVYLGPM-QFIPXVFZSA-N	recommended	No	No	3	3	2	2022-06-15	Chemical Probes Portal	
PZGSYNNVPNLHQG-SANMLTNESA-N	recommended	No	No	3.6666666666666665	3	3	2022-01-31	Chemical Probes Portal	
OGJGQVFWEPNYSB-UHFFFAOYSA-N	recommended	No	No	3	2.6666666666666665	3	2022-07-04	Chemical Probes Portal	
AGVNHDNTFYHZNL-QGZVFWFLSA-N	recommended	No	No	3	0	2	2023-10-16	Chemical Probes Portal	
VXNAMCLMCBLNOL-NFQMXDRXSA-N	recommended	No	No	4	2	2	2024-01-18	Chemical Probes Portal	
HVVLGXULBVAFRZ-UHFFFAOYSA-N	recommended	No	No	3.5	3.5	2	2024-03-18	Chemical Probes Portal	
HLCHESOMJVGDSJ-LOYHVIPDSA-N	recommended	No	No	3.5	2.5	2	2022-07-01	Chemical Probes Portal	
VOSAWOSMGPKQEQ-OALUTQOASA-N	recommended	No	No	4	3.3333333333333335	3	2023-08-10	Chemical Probes Portal	
DTCZNKWBDTXEBS-UHFFFAOYSA-N	recommended	No	No	4	0	2	2024-07-10	Chemical Probes Portal	
PTOIAAWZLUQTIO-GXFFZTMASA-N	recommended	No	No	3.3333333333333335	0	3	2025-03-17	Chemical Probes Portal	
TYXSIXOYTBHZFA-UHFFFAOYSA-N	recommended	No	No	3	3.5	2	2020-05-29	Chemical Probes Portal	
PMEQBGAGFZDWQX-UHFFFAOYSA-N	recommended	No	Yes	3	2	2	2022-11-24	Chemical Probes Portal	
ZPCGODCPRDIFRQ-UHFFFAOYSA-N	recommended	No	No	0	0	0	2025-11-17	Chemical Probes Portal	
CZQHHVNHHHRRDU-UHFFFAOYSA-N	unsuitable	No	No	0	0	0	2016-12-15	Chemical Probes Portal	
QXURFIGBRGWPQD-UHFFFAOYSA-N	recommended	No	No	3.5	0	2	2020-05-17	Chemical Probes Portal	
AFJRYPJIKHMNGL-UHFFFAOYSA-N	recommended	No	No	4	4	1	2025-11-17	Chemical Probes Portal	
LPORLBPACXEOET-UHFFFAOYSA-N	recommended	No	No	0	0	0	2025-12-05	Chemical Probes Portal	
GQCXHIKRWBIQMD-AKJBCIBTSA-N	recommended	Yes	No	4	4	1	2025-12-05	Chemical Probes Portal	
QAKJEKTXKXAPBP-MGCURZBSSA-N	recommended	No	No	4	4	2	2025-08-14	Chemical Probes Portal	
ODOJVROSIRINJT-LJQANCHMSA-N	recommended	No	No	3.5	3.5	2	2024-02-28	Chemical Probes Portal	
ZUFHZMHKCFCIHV-JRFCFUNGSA-N	recommended	No	No	3	3	1	2025-06-02	Chemical Probes Portal	
LTNDTFYBIKTRBQ-UHFFFAOYSA-N	recommended	No	Yes	2.5	0	2	2025-07-31	Chemical Probes Portal	
OVUNRYUVDVWTTE-UHFFFAOYSA-N	recommended	Yes	No	4	4	2	2025-11-11	Chemical Probes Portal	
HUOLMBXGHHSYHC-QWQFASRJSA-N	recommended	No	No	3	0	2	2025-11-27	Chemical Probes Portal	
CEGVLCNHZDUFIJ-NSHDSACASA-N	recommended	No	No	4	3	2	2025-11-27	Chemical Probes Portal	
ZVDNXHUSIKGTSF-UHFFFAOYSA-N	recommended	Yes	No	3	4	1	2025-11-17	Chemical Probes Portal	
QJWQAZTYFYCFQU-RMKNXTFCSA-N	recommended	No	Yes	1.5	1.5	2	2023-11-01	Chemical Probes Portal	
NORRDWRSNUOCBV-XCIZWWPASA-N	recommended	Yes	No	3	3	1	2025-12-22	Chemical Probes Portal	
BFMWIVWPPKENIN-AWEZNQCLSA-N	recommended	No	No	4	0	1	2025-12-18	Chemical Probes Portal	
CLCTZVRHDOAUGJ-SYVGMNBRSA-N	recommended	No	Yes	4	4	1	2025-12-22	Chemical Probes Portal	
JNTJTCXFIXNXDV-VIFPVBQESA-N	recommended	No	No	4	4	1	2025-12-22	Chemical Probes Portal	
DTWUUAFTYSMNQX-GFCCVEGCSA-N	recommended	No	No	3.5	3.5	2	2025-11-27	Chemical Probes Portal	
FZJKQMONKPFLEO-NZIMVQFPSA-N	recommended	No	No	3.6666666666666665	3.3333333333333335	3	2025-11-27	Chemical Probes Portal	
JFHROPTYMMSOLG-UHFFFAOYSA-N	recommended	No	No	3	2	1	2021-02-15	Chemical Probes Portal	
BZJPCUQQPJJBTP-FGZHOGPDSA-N	recommended	No	No	3.6666666666666665	2.6666666666666665	3	2024-08-08	Chemical Probes Portal	
OLAGZWUBPYQCBR-JSKJCRAUSA-N	recommended	Yes	Yes	3	0	1	2024-10-30	Chemical Probes Portal	
KVDLSQZBDWJNSG-VINRIKPSSA-N	recommended	No	Yes	4	0	1	2024-10-19	Chemical Probes Portal	
ISQCXAWAHDJCRH-FKDRFZFOSA-N	recommended	No	No	3	3	2	2024-11-15	Chemical Probes Portal	
JBTHUOYYUUPUOZ-LIHPQFRDSA-N	recommended	No	Yes	3.5	3	2	2024-11-15	Chemical Probes Portal	
PTARASCXNREVCH-UHFFFAOYSA-N	recommended	Yes	No	3	3	1	2024-10-19	Chemical Probes Portal	
AJQAXIIJKPCAOP-XVNGORCSSA-N	recommended	No	No	3	0	3	2024-10-18	Chemical Probes Portal	
PLCITURFVJNAFH-GUQHISFFSA-N	recommended	No	No	3.5	0	2	2023-05-18	Chemical Probes Portal	
NIQFZCJNEODJTE-CSIWTOAPSA-N	recommended	No	No	4	0	2	2025-01-22	Chemical Probes Portal	
DYDFSGCLYIZSAQ-UHFFFAOYSA-N	recommended	No	No	3.5	3.5	2	2025-11-26	Chemical Probes Portal	
ANAOJSKQILNLRY-MWTRTKDXSA-N	recommended	No	No	2	0	2	2025-12-05	Chemical Probes Portal	
FIFRHLLUVCAOIK-SJCJKPOMSA-N	recommended	No	No	4	3	1	2025-11-17	Chemical Probes Portal	
MMHYOHYLSFWJJB-ZDUSSCGKSA-N	recommended	No	No	0	0	0	2025-09-18	Chemical Probes Portal	
YPXUKPNZQTWCRR-UHFFFAOYSA-N	recommended	No	No	3.5	3	2	2025-09-18	Chemical Probes Portal	
DJOZFERTDDZPJO-UHFFFAOYSA-N	recommended	No	Yes	3	3	2	2025-05-28	Chemical Probes Portal	
YOOKRVNCYQFKCT-UHFFFAOYSA-N	recommended	No	Yes	4	0	2	2025-08-04	Chemical Probes Portal	
RGHSVQHKNJAFGR-QFIPXVFZSA-N	recommended	No	No	3	3	2	2025-08-01	Chemical Probes Portal	
XHMSDQXEIBTTBE-QFIPXVFZSA-N	recommended	No	No	3	0	1	2025-05-27	Chemical Probes Portal	
FFUVDKANSJZSAK-JDXGNMNLSA-N	recommended	No	No	3	0	2	2024-10-17	Chemical Probes Portal	
XRAUKWUDYSUHJM-LLVKDONJSA-N	recommended	No	No	0	0	0	2024-11-22	Chemical Probes Portal	
IYFKRANQUJUTKF-UHFFFAOYSA-N	recommended	No	No	3	0	3	2025-01-22	Chemical Probes Portal	
LDFDXTNMCGLUMQ-YGKODULZSA-N	recommended	No	No	0	0	0	2025-02-14	Chemical Probes Portal	
RIEBAXQZOMUWKX-UHFFFAOYSA-N	recommended	No	No	3.3333333333333335	2.6666666666666665	3	2025-01-21	Chemical Probes Portal	
LPDOIXPRZOWBJV-HOCLYGCPSA-N	recommended	No	No	0	0	0	2024-10-17	Chemical Probes Portal	
HGQYUHFFAIXWDI-GOSISDBHSA-N	recommended	No	No	2.5	2.5	2	2025-12-05	Chemical Probes Portal	
APEYSKGQWJKJAZ-LCLGPXMOSA-N	recommended	No	Yes	1.5	1.5	2	2025-01-22	Chemical Probes Portal	
FHFUBRLTXZVOQX-UHFFFAOYSA-N	recommended	No	Yes	2	0	3	2024-10-30	Chemical Probes Portal	
CLUWNSLFLMBFKA-RMCUFUCFSA-N	recommended	No	Yes	3	3	2	2024-05-10	Chemical Probes Portal	
PWYJKWQDDHJXMJ-YKCITUTQSA-N	recommended	No	No	3	0	1	2025-01-21	Chemical Probes Portal	
GPZKXLCJTKULAU-UHFFFAOYSA-N	recommended	No	No	2	2	2	2025-01-21	Chemical Probes Portal	
BXCPYBFBMAWDDY-UHFFFAOYSA-N	recommended	No	Yes	2.6666666666666665	0	3	2025-01-21	Chemical Probes Portal	
SVKZUEZCCKLNIM-UHFFFAOYSA-N	recommended	No	No	3.5	3	2	2024-07-11	Chemical Probes Portal	
LFCNOSRNWFMQLB-UHFFFAOYSA-N	recommended	No	Yes	2.6666666666666665	3	3	2025-11-17	Chemical Probes Portal	
HKSBXNVKPFTBIG-WUEKOBJSSA-N	recommended	No	Yes	3.5	2.5	2	2023-04-02	Chemical Probes Portal	
LPKVYTQGJNTZKY-UHFFFAOYSA-N	recommended	No	Yes	1.3333333333333333	0	3	2024-10-30	Chemical Probes Portal	
DQRZNYPHOWVXPQ-YDUPODKQSA-N	recommended	No	No	3.3333333333333335	3	3	2025-10-09	Chemical Probes Portal	
REPLCRNGGWSKTN-JYQLQLLISA-N	recommended	No	No	3	0	3	2022-08-03	Chemical Probes Portal	
ZOSWUNAJRAEGEW-YTIGDUPRSA-N	recommended	No	Yes	4	0	2	2024-07-10	Chemical Probes Portal	
CSTHTJLTORVUST-UHFFFAOYSA-N	recommended	No	No	3	0	2	2025-04-30	Chemical Probes Portal	
ZGSWGXNEXAXEGV-XFCHVEHOSA-N	recommended	No	No	3.5	4	2	2025-12-22	Chemical Probes Portal	
PPNNFXIBKLCMTI-WXEAQWFJSA-N	recommended	No	No	3.3333333333333335	0	3	2022-03-08	Chemical Probes Portal	
DLQNQQYGRWMPES-LFHXKVDGSA-N	recommended	No	No	3	4	1	2025-06-22	Chemical Probes Portal	
IPNTVOAQOGRLQB-JJMBTQCASA-N	recommended	No	No	2.5	0	2	2022-03-08	Chemical Probes Portal	
IVARZBJJMMUJHI-SQKKEFIPSA-N	recommended	No	Yes	3.6666666666666665	0	3	2021-11-04	Chemical Probes Portal	
OGAOHACYLUBWJQ-UHFFFAOYSA-N	recommended	No	No	4	3.5	2	2022-03-08	Chemical Probes Portal	
QGJQNPNZAYRDMS-OESUUHGFSA-N	recommended	No	No	3	0	2	2023-12-21	Chemical Probes Portal	
USEHXUPBCSTAIO-RAUDMRIHSA-N	recommended	No	No	4	4	2	2024-07-16	Chemical Probes Portal	
BOMRVPKXCINUMI-ZEGZQYLTSA-N	recommended	No	Yes	4	0	2	2025-12-22	Chemical Probes Portal	
DOVSNSDMRJVTMR-JOCHJYFZSA-N	recommended	No	No	4	3.3333333333333335	3	2023-05-17	Chemical Probes Portal	
WFVKDTWKNVLGGS-UHFFFAOYSA-N	recommended	No	Yes	4	3	1	2025-01-22	Chemical Probes Portal	
JTTGVFCANBFLCE-CJLVFECKSA-N	recommended	No	Yes	3	0	1	2025-01-22	Chemical Probes Portal	
AYMGZLUKTNXEMY-UHFFFAOYSA-N	recommended	No	Yes	2	2	1	2022-03-08	Chemical Probes Portal	
ROINLDWZNWCWJK-ZYIHSGTPSA-N	recommended	No	No	4	0	2	2025-12-22	Chemical Probes Portal	
ZJJZBBBSQKVNHL-BYBNZYMESA-N	recommended	No	Yes	3.3333333333333335	0	3	2022-02-25	Chemical Probes Portal	
BOXPLNRWIHHHBO-CHCOZFFLSA-N	recommended	No	No	4	0	3	2024-01-18	Chemical Probes Portal	
INXGMIWEZJNJOA-NVZKIFIHSA-N	recommended	No	Yes	1.5	0	2	2024-11-15	Chemical Probes Portal	
RTNONCBKGZNCJS-LJLQSONVSA-N	recommended	No	No	2.5	0	2	2020-11-30	Chemical Probes Portal	
DUPAJELXESPTNF-PPZGWQTASA-N	recommended	No	Yes	3	0	2	2020-11-30	Chemical Probes Portal	
SWVYYNLRVIYURK-AREMUKBSSA-N	recommended	No	No	2	2	1	2024-10-18	Chemical Probes Portal	
AAZUPSFRSHFTGV-INIZCTEOSA-N	recommended	No	No	4	4	2	2021-05-26	Chemical Probes Portal	
LLCVDQHLYHBAHR-UHFFFAOYSA-N	recommended	No	No	3	3	3	2021-05-26	Chemical Probes Portal	
JALIPZPFONOAJA-ZKGBLMBJSA-N	recommended	No	No	4	4	1	2026-02-22	Chemical Probes Portal	
XJTIGGCBXFIZJV-UHFFFAOYSA-N	recommended	No	No	3	4	1	2026-01-28	Chemical Probes Portal	
UCGWYCMPZXDHNR-UHFFFAOYSA-N	recommended	No	No	2	0	1	2017-07-19	Chemical Probes Portal	
ZORLJXWXFABTPZ-CTNGQTDRSA-N	recommended	No	No	4	4	1	2022-02-10	Chemical Probes Portal	
ZZWWXIBKLBMSCS-FQEVSTJZSA-N	recommended	No	No	4	4	1	2026-02-13	Chemical Probes Portal	
UVVQLQQNGHYTOL-JIVXZRRKSA-N	recommended	No	No	3	0	2	2026-01-23	Chemical Probes Portal	
FQWDVNSBYDXPIO-CQSZACIVSA-N	recommended	No	No	4	3	1	2023-02-13	Chemical Probes Portal	
BASFYRLYJAZPPL-UONOGXRCSA-N	recommended	No	No	3	1	1	2015-11-12	Chemical Probes Portal	
UJDFQDPAVQIQLB-UHFFFAOYSA-N	recommended	No	No	4	0	2	2025-09-18	Chemical Probes Portal	
FHRKRGDHMCCDEO-LLVKDONJSA-N	recommended	No	No	3	0	1	2023-12-22	Chemical Probes Portal	
QNZYMVMEVWRUCW-UHFFFAOYSA-N	recommended	No	No	3	0	2	2025-09-18	Chemical Probes Portal	
QRYISIPABXJVOQ-AWEZNQCLSA-N	recommended	No	No	2	3	1	2025-03-17	Chemical Probes Portal	
UEUNDURNLYLSNB-HOTGVXAUSA-N	recommended	No	No	3.5	3	2	2026-02-18	Chemical Probes Portal	
AXNQNPVSVCEGTP-LALXJTNGSA-N	recommended	No	Yes	4	3	2	2025-08-01	Chemical Probes Portal	
KDOQEEMQPHIANX-NFBKMPQASA-N	recommended	No	No	2.5	0	2	2022-02-10	Chemical Probes Portal	
PFEKWBKJUBCXDT-KGLIPLIRSA-N	recommended	No	No	0	0	0	2026-03-30	Chemical Probes Portal	
MUYQEHKMQMHJNI-ZDUSSCGKSA-N	recommended	No	No	0	0	0	2026-03-30	Chemical Probes Portal	
ALNBIGSEWMWEGS-UHFFFAOYSA-N	recommended	No	No	4	0	3	2026-01-13	Chemical Probes Portal	
CQFHGOWYJXQICA-FKDNKQOESA-N	recommended	No	No	3.5	0	2	2026-02-18	Chemical Probes Portal	
AYGDOYFDJDUPSS-UHFFFAOYSA-N	recommended	No	No	3	0	2	2022-08-02	Chemical Probes Portal	
QKVFMAAIXZONRN-UHFFFAOYSA-N	recommended	No	No	3	2	2	2022-01-31	Chemical Probes Portal	
CEIIEALEIHQDBX-UHFFFAOYSA-N	recommended	No	No	3	3	2	2025-03-17	Chemical Probes Portal	
MVPFPBIHUUHXGU-FSSWDIPSSA-N	recommended	No	No	0	0	0	2025-08-04	Chemical Probes Portal	
DVGLTSTVSHOWJF-UHFFFAOYSA-N	recommended	No	No	3	0	2	2026-03-30	Chemical Probes Portal	
VUOYAALVGSMUHC-UHFFFAOYSA-N	recommended	No	No	3.5	0	2	2023-01-24	Chemical Probes Portal	
FVICRBSEYSHKFY-JYQNNKODSA-N	recommended	No	No	4	4	1	2026-02-03	Chemical Probes Portal	
SDGJBAUIGHSMRI-UHFFFAOYSA-N	recommended	No	No	2.75	2	4	2015-12-10	Chemical Probes Portal	
BCFGMOOMADDAQU-UHFFFAOYSA-N	recommended	No	No	0	0	0	2021-01-19	Chemical Probes Portal	
LPGBXHWIQNZEJB-UHFFFAOYSA-N	recommended	No	No	3	0	1	2017-07-21	Chemical Probes Portal	
FMSIRMKLDQFQKI-UHFFFAOYSA-N	recommended	No	No	3	4	1	2024-04-03	Chemical Probes Portal	
VDLHPYFVCAHCCZ-UHFFFAOYSA-N	recommended	No	No	2	3	1	2026-05-12	Chemical Probes Portal	
YXYBHRORJSDZTQ-UHFFFAOYSA-N	recommended	No	No	3	3	1	2026-04-27	Chemical Probes Portal	
LIRYPHYGHXZJBZ-UHFFFAOYSA-N	recommended	No	No	4	4	1	2015-12-10	Chemical Probes Portal	
BUJWDBSVEVFQDP-UHFFFAOYSA-N	recommended	No	No	3	2	1	2026-04-26	Chemical Probes Portal	
ZABZNDRRLTXBHH-UHFFFAOYSA-N	recommended	No	No	0	4	1	2026-05-12	Chemical Probes Portal	
LIOLIMKSCNQPLV-UHFFFAOYSA-N	recommended	No	No	4	4	2	2020-10-26	Chemical Probes Portal	
VRQXRVAKPDCRCI-ZNMIVQPWSA-N	recommended	No	No	3.5	3.5	2	2021-02-24	Chemical Probes Portal	
HPJVZSVEIGCFJP-SFHVURJKSA-N	recommended	No	No	4	3	2	2023-05-11	Chemical Probes Portal	
NYNZQNWKBKUAII-KBXCAEBGSA-N	recommended	No	No	3.5	3	2	2023-05-17	Chemical Probes Portal	
IBGLGMOPHJQDJB-IHRRRGAJSA-N	recommended	No	No	3.5	3.5	2	2025-04-30	Chemical Probes Portal	
RHGZXPKHVAHQJO-BIIHCSGHSA-N	recommended	No	Yes	4	4	2	2024-01-18	Chemical Probes Portal	
MWKYMZXCGYXLPL-ZDUSSCGKSA-N	recommended	No	No	3.5	3.5	2	2022-02-21	Chemical Probes Portal	
HKTBYUWLRDZAJK-UHFFFAOYSA-N	recommended	No	No	4	4	3	2021-06-26	Chemical Probes Portal	
LXDPQXXUVGVIND-UHFFFAOYSA-N	recommended	No	No	3	0	2	2024-12-12	Chemical Probes Portal	
PRWSIEBRGXYXAJ-UHFFFAOYSA-N	recommended	No	No	3.6666666666666665	3.6666666666666665	3	2022-10-14	Chemical Probes Portal	
VPJXPDLMACOGIZ-UHFFFAOYSA-N	recommended	No	No	3.3333333333333335	3.3333333333333335	3	2025-09-18	Chemical Probes Portal	
BWINBHTTZLVXGT-NVXWUHKLSA-N	recommended	No	No	3.5	3.5	2	2024-10-19	Chemical Probes Portal	
XISVSTPEXYIKJL-UHFFFAOYSA-N	recommended	No	No	4	4	2	2022-03-19	Chemical Probes Portal	
PVKIFNZMYGMWPD-UHFFFAOYSA-N	recommended	No	No	3	0	2	2025-05-26	Chemical Probes Portal	
HXNUFFCHRIWTRZ-UHFFFAOYSA-N	recommended	No	No	4	2	3	2020-06-02	Chemical Probes Portal	
QVOGVAVHOLLLAZ-UHFFFAOYSA-N	recommended	No	No	4	3.6666666666666665	3	2020-07-20	Chemical Probes Portal	
OYKPWSZSBLRRPL-HOYKHHGWSA-N	recommended	No	No	3.5	3.5	2	2022-02-11	Chemical Probes Portal	
