inchikey	xref_id	source_xref	raw
IQCKJUKAQJINMK-HUBRGWSESA-N	https://doi.org/	10.1038/ncomms2304	www.doi.org/10.1038/ncomms2304
IQCKJUKAQJINMK-HUBRGWSESA-N	https://pubmed.ncbi.nlm.nih.gov/	23250418	http://www.ncbi.nlm.nih.gov/pubmed/23250418
QMDKVNSQXPVCRD-RQNOJGIXSA-N	https://doi.org/	10.1021/acsmedchemlett.5b00071	www.doi.org/10.1021/acsmedchemlett.5b00071
QMDKVNSQXPVCRD-RQNOJGIXSA-N	https://pubmed.ncbi.nlm.nih.gov/	26101569	http://www.ncbi.nlm.nih.gov/pubmed/?term=26101569
WRUWGLUCNBMGPS-UHFFFAOYSA-N	https://doi.org/	10.1021/acs.jmedchem.5b00256	http://pubs.acs.org/doi/abs/10.1021/acs.jmedchem.5b00256
WRUWGLUCNBMGPS-UHFFFAOYSA-N	https://pubmed.ncbi.nlm.nih.gov/	25856009	https://www.ncbi.nlm.nih.gov/pubmed/25856009
ZHMXXVNQAFCXKK-QGZVFWFLSA-N	https://doi.org/	10.1016/j.bmcl.2011.10.029	www.doi.org/10.1016/j.bmcl.2011.10.029
ZHMXXVNQAFCXKK-QGZVFWFLSA-N	https://doi.org/	10.1124/jpet.111.189365	www.doi.org/10.1124/jpet.111.189365
ZHMXXVNQAFCXKK-QGZVFWFLSA-N	https://pubmed.ncbi.nlm.nih.gov/	22056746	https://pubmed.ncbi.nlm.nih.gov/22056746/
ZHMXXVNQAFCXKK-QGZVFWFLSA-N	https://pubmed.ncbi.nlm.nih.gov/	22128344	https://pubmed.ncbi.nlm.nih.gov/22128344/
TXGKRVFSSHPBAJ-JKSUJKDBSA-N	https://doi.org/	10.1124/jpet.111.188441	www.doi.org/10.1124/jpet.111.188441
TXGKRVFSSHPBAJ-JKSUJKDBSA-N	https://pubmed.ncbi.nlm.nih.gov/	22040680	http://www.ncbi.nlm.nih.gov/pubmed/22040680
SCELLOWTHJGVIC-BGYRXZFFSA-N	https://doi.org/	10.1158/1535-7163.MCT-09-0519	www.doi.org/10.1158/1535-7163.MCT-09-0519
SCELLOWTHJGVIC-BGYRXZFFSA-N	https://pubmed.ncbi.nlm.nih.gov/	19808981	http://www.ncbi.nlm.nih.gov/pubmed/19808981
XCFLWTZSJYBCPF-UHFFFAOYSA-N	https://doi.org/	10.1021/jm301020q	www.doi.org/10.1021/jm301020q
XCFLWTZSJYBCPF-UHFFFAOYSA-N	https://pubmed.ncbi.nlm.nih.gov/	22985112	http://www.ncbi.nlm.nih.gov/pubmed/22985112
ZYVXTMKTGDARKR-UHFFFAOYSA-N		http://www.biochemj.org/content/457/1/43.long	http://www.biochemj.org/content/457/1/43.long
ZYVXTMKTGDARKR-UHFFFAOYSA-N	https://pubmed.ncbi.nlm.nih.gov/	24134204	http://www.ncbi.nlm.nih.gov/pubmed/24134204
ZWNKKZSRANLVEW-UHFFFAOYSA-N		http://www.cell.com/cell-chemical-biology/abstract/S2451-9456(16)30085-X	http://www.cell.com/cell-chemical-biology/abstract/S2451-9456(16)30085-X
ZWNKKZSRANLVEW-UHFFFAOYSA-N		http://www.cell.com/cell-reports/abstract/S2211-1247(16)30362-X?_returnURL=http%3A%2F%2Flinkinghub.elsevier.com%2Fretrieve%2Fpii%2FS221112471630362X%3Fshowall%3Dtruehttp://www.cell.com/cell-reports/abstract/S2211-1247(16)30362-X?_returnURL=http%3A%2F%2Flinkinghub.elsevier.com%2Fretrieve%2Fpii%2FS221112471630362X%3F	http://www.cell.com/cell-reports/abstract/S2211-1247(16)30362-X?_returnURL=http%3A%2F%2Flinkinghub.elsevier.com%2Fretrieve%2Fpii%2FS221112471630362X%3Fshowall%3Dtruehttp://www.cell.com/cell-reports/abstract/S2211-1247(16)30362-X?_returnURL=http%3A%2F%2Flinkinghub.elsevier.com%2Fretrieve%2Fpii%2FS221112471630362X%3F
ZWNKKZSRANLVEW-UHFFFAOYSA-N	https://pubmed.ncbi.nlm.nih.gov/	27049670	https://www.ncbi.nlm.nih.gov/pubmed/27049670
ZWNKKZSRANLVEW-UHFFFAOYSA-N	https://pubmed.ncbi.nlm.nih.gov/	27149845	https://www.ncbi.nlm.nih.gov/pubmed/27149845
XSMSNFMDVXXHGJ-UHFFFAOYSA-N	https://doi.org/	10.1021/jm500228a	http://pubs.acs.org/doi/abs/10.1021/jm500228a
XSMSNFMDVXXHGJ-UHFFFAOYSA-N	https://pubmed.ncbi.nlm.nih.gov/	24779514	https://www.ncbi.nlm.nih.gov/pubmed/?term=24779514
ISOCDPQFIXDIMS-HSZRJFAPSA-N		http://www.sciencedirect.com/science/article/pii/S0960894X12012747	http://www.sciencedirect.com/science/article/pii/S0960894X12012747
ISOCDPQFIXDIMS-HSZRJFAPSA-N	https://pubmed.ncbi.nlm.nih.gov/	23127890	https://www.ncbi.nlm.nih.gov/pubmed/?term=23127890
GZFYZYBWLCYBMI-MYZJJQSMSA-N		https://elifesciences.org/content/4/e12177	https://elifesciences.org/content/4/e12177
GZFYZYBWLCYBMI-MYZJJQSMSA-N	https://pubmed.ncbi.nlm.nih.gov/	26646182	https://www.ncbi.nlm.nih.gov/pubmed/26646182
HHKGVQGXRGQBBA-UHFFFAOYSA-N	https://doi.org/	10.1021/jm061107l	http://pubs.acs.org/doi/abs/10.1021/jm061107l
HHKGVQGXRGQBBA-UHFFFAOYSA-N	https://pubmed.ncbi.nlm.nih.gov/	17253678	https://www.ncbi.nlm.nih.gov/pubmed/17253678
LTUGYAOMCKNTGG-UHFFFAOYSA-N	https://doi.org/	10.1021/ml5002932	http://pubs.acs.org/doi/abs/10.1021/ml5002932
LTUGYAOMCKNTGG-UHFFFAOYSA-N	https://pubmed.ncbi.nlm.nih.gov/	25408830	https://www.ncbi.nlm.nih.gov/pubmed/?term=25408830
UOVSZRTTWLJPHE-HNXAPSNLSA-N	https://doi.org/	10.1021/ml400359z	http://pubs.acs.org/doi/abs/10.1021/ml400359z
UOVSZRTTWLJPHE-HNXAPSNLSA-N	https://pubmed.ncbi.nlm.nih.gov/	24900784	https://www.ncbi.nlm.nih.gov/pubmed/24900784
HMKAZNCSHAJLSA-HIJQLYNKSA-N	https://doi.org/	10.1021/jm401767k	http://pubs.acs.org/doi/abs/10.1021/jm401767k
HMKAZNCSHAJLSA-HIJQLYNKSA-N	https://pubmed.ncbi.nlm.nih.gov/	24548297	https://www.ncbi.nlm.nih.gov/pubmed/24548297
CGCOPBXAGSCZNX-FNQJWKMRSA-N	https://doi.org/	10.1021/ml400359z	http://pubs.acs.org/doi/abs/10.1021/ml400359z
CGCOPBXAGSCZNX-FNQJWKMRSA-N	https://doi.org/	10.1016/j.bmc.2014.05.072	www.doi.org/10.1016/j.bmc.2014.05.072
CGCOPBXAGSCZNX-FNQJWKMRSA-N	https://pubmed.ncbi.nlm.nih.gov/	24900784	https://www.ncbi.nlm.nih.gov/pubmed/24900784
CGCOPBXAGSCZNX-FNQJWKMRSA-N	https://pubmed.ncbi.nlm.nih.gov/	24997575	https://www.ncbi.nlm.nih.gov/pubmed/24997575
ARYVAQSYRLZVQD-UHFFFAOYSA-N	https://doi.org/	10.1021/acs.jmedchem.5b00680	http://pubs.acs.org/doi/abs/10.1021/acs.jmedchem.5b00680
ARYVAQSYRLZVQD-UHFFFAOYSA-N	https://pubmed.ncbi.nlm.nih.gov/	26222319	https://www.ncbi.nlm.nih.gov/pubmed/26222319
LTYNXERAWVCPAH-OHRKNAERSA-N		https://www.nature.com/nature/journal/v436/n7048/full/nature03821.html	https://www.nature.com/nature/journal/v436/n7048/full/nature03821.html
LTYNXERAWVCPAH-OHRKNAERSA-N	https://pubmed.ncbi.nlm.nih.gov/	16015336	https://www.ncbi.nlm.nih.gov/pubmed/16015336
SAGZIBJAQGBRQA-UHFFFAOYSA-N	https://doi.org/	10.1038/sj.ki.5002717	www.doi.org/10.1038/sj.ki.5002717
SAGZIBJAQGBRQA-UHFFFAOYSA-N	https://doi.org/	10.1021/jm0509905	www.doi.org/10.1021/jm0509905
SAGZIBJAQGBRQA-UHFFFAOYSA-N	https://pubmed.ncbi.nlm.nih.gov/	18075500	https://www.ncbi.nlm.nih.gov/pubmed/18075500
SAGZIBJAQGBRQA-UHFFFAOYSA-N	https://pubmed.ncbi.nlm.nih.gov/	16570917	https://www.ncbi.nlm.nih.gov/pubmed/16570917
LPTGUSPVGHUCQF-UHFFFAOYSA-N	https://doi.org/	10.1021/acschembio.6b00896	doi.org/10.1021/acschembio.6b00896
ATUUNJCZCOMUKD-OKILXGFUSA-N	https://doi.org/	10.1021/acs.jmedchem.7b00045	www.doi.org/10.1021/acs.jmedchem.7b00045
ATUUNJCZCOMUKD-OKILXGFUSA-N	https://pubmed.ncbi.nlm.nih.gov/	28245354	https://www.ncbi.nlm.nih.gov/pubmed/28245354
AEENEMOEBJOKGN-UHFFFAOYSA-N	https://doi.org/	10.1021/acschembio.6b00896	DOI.ORG/10.1021/acschembio.6b00896
XKBSPAZCFAIBJL-OAHLLOKOSA-N	https://doi.org/	10.1038/nchembio.2334	www.doi.org/10.1038/nchembio.2334
XKBSPAZCFAIBJL-OAHLLOKOSA-N	https://doi.org/	10.1038/nchembio.2490	www.doi.org/10.1038/nchembio.2490
XKBSPAZCFAIBJL-OAHLLOKOSA-N	https://doi.org/	10.1038/nrd.2017.77	www.doi.org/10.1038/nrd.2017.77
XKBSPAZCFAIBJL-OAHLLOKOSA-N	https://pubmed.ncbi.nlm.nih.gov/	28288109	https://www.ncbi.nlm.nih.gov/pubmed/28288109
XKBSPAZCFAIBJL-OAHLLOKOSA-N	https://pubmed.ncbi.nlm.nih.gov/	29045379	https://www.ncbi.nlm.nih.gov/pubmed/29045379
XKBSPAZCFAIBJL-OAHLLOKOSA-N	https://pubmed.ncbi.nlm.nih.gov/	28417990	https://www.ncbi.nlm.nih.gov/pubmed/28417990
KMESAVNRPDKZCQ-UHFFFAOYSA-N	https://doi.org/	10.1016/j.bmcl.2010.09.095	https://doi.org/10.1016/j.bmcl.2010.09.095
KMESAVNRPDKZCQ-UHFFFAOYSA-N	https://doi.org/	10.1517/13543776.2010.484804	https://doi.org/10.1517/13543776.2010.484804
KMESAVNRPDKZCQ-UHFFFAOYSA-N	https://pubmed.ncbi.nlm.nih.gov/	20934334	https://pubmed.ncbi.nlm.nih.gov/20934334/
KMESAVNRPDKZCQ-UHFFFAOYSA-N	https://pubmed.ncbi.nlm.nih.gov/	20429668	https://pubmed.ncbi.nlm.nih.gov/20429668/
ZDOBSAPHUUUOHX-OSYLJGHBSA-N	https://doi.org/	10.1021/acsmedchemlett.7b00312	www.doi.org/10.1021/acsmedchemlett.7b00312
ZDOBSAPHUUUOHX-OSYLJGHBSA-N	https://pubmed.ncbi.nlm.nih.gov/	29259743	https://pubmed.ncbi.nlm.nih.gov/29259743/
BTSUNSRQYLVGIS-ADTYUTHVSA-N	https://doi.org/	10.1021/acs.jmedchem.0c00547	https://doi.org/10.1021/acs.jmedchem.0c00547
BTSUNSRQYLVGIS-ADTYUTHVSA-N	https://pubmed.ncbi.nlm.nih.gov/	32338903	https://pubmed.ncbi.nlm.nih.gov/32338903/
PROGRNRRJJYCNX-UHFFFAOYSA-N	https://doi.org/	10.1021/cb500851u	www.doi.org/10.1021/cb500851u
PROGRNRRJJYCNX-UHFFFAOYSA-N	https://doi.org/	10.1038/s41598-017-07787-4	www.doi.org/10.1038/s41598-017-07787-4
PROGRNRRJJYCNX-UHFFFAOYSA-N	https://doi.org/	10.1038/s41598-019-43894-0	www.doi.org/10.1038/s41598-019-43894-0
PROGRNRRJJYCNX-UHFFFAOYSA-N	https://pubmed.ncbi.nlm.nih.gov/	25750985	https://pubmed.ncbi.nlm.nih.gov/25750985/
PROGRNRRJJYCNX-UHFFFAOYSA-N	https://pubmed.ncbi.nlm.nih.gov/	28855578	https://pubmed.ncbi.nlm.nih.gov/28855578
PROGRNRRJJYCNX-UHFFFAOYSA-N	https://pubmed.ncbi.nlm.nih.gov/	31089242	https://pubmed.ncbi.nlm.nih.gov/31089242
JQNINBDKGLWYMU-GEAQBIRJSA-N	https://doi.org/	10.1158/2159-8290.CD-18-0387	www.doi.org/10.1158/2159-8290.CD-18-0387
JQNINBDKGLWYMU-GEAQBIRJSA-N	https://doi.org/	10.1158/1078-0432.CCR-19-1397	www.doi.org/10.1158/1078-0432.CCR-19-1397
JQNINBDKGLWYMU-GEAQBIRJSA-N	https://doi.org/	10.1016/j.blre.2020.100672	www.doi.org/10.1016/j.blre.2020.100672
JQNINBDKGLWYMU-GEAQBIRJSA-N	https://pubmed.ncbi.nlm.nih.gov/	30254093	https://pubmed.ncbi.nlm.nih.gov/30254093/
JQNINBDKGLWYMU-GEAQBIRJSA-N	https://pubmed.ncbi.nlm.nih.gov/	31937611	https://pubmed.ncbi.nlm.nih.gov/31937611/
JQNINBDKGLWYMU-GEAQBIRJSA-N	https://pubmed.ncbi.nlm.nih.gov/	32204955	https://pubmed.ncbi.nlm.nih.gov/32204955/
VSZRYLHBOKTNBO-UHFFFAOYSA-N	https://doi.org/	10.1371/journal.pone.0150976	https://doi.org/10.1371/journal.pone.0150976
VSZRYLHBOKTNBO-UHFFFAOYSA-N	https://doi.org/	10.1016/j.bmc.2015.06.003	https://doi.org/10.1016/j.bmc.2015.06.003
VSZRYLHBOKTNBO-UHFFFAOYSA-N	https://pubmed.ncbi.nlm.nih.gov/	26938273	https://pubmed.ncbi.nlm.nih.gov/26938273/
VSZRYLHBOKTNBO-UHFFFAOYSA-N	https://pubmed.ncbi.nlm.nih.gov/	26100443	https://pubmed.ncbi.nlm.nih.gov/26100443/
CGECJCJUHCZZGO-UHFFFAOYSA-N	https://doi.org/	10.1016/j.ejmech.2016.12.026	www.doi.org/10.1016/j.ejmech.2016.12.026
CGECJCJUHCZZGO-UHFFFAOYSA-N	https://pubmed.ncbi.nlm.nih.gov/	28039836	https://pubmed.ncbi.nlm.nih.gov/28039836/
OTKTZEZTFCAULO-DEOSSOPVSA-N	https://doi.org/	10.1021/acsmedchemlett.7b00450	www.doi.org/10.1021/acsmedchemlett.7b00450
OTKTZEZTFCAULO-DEOSSOPVSA-N		https://www.journaljpri.com/index.php/JPRI/article/view/19787	https://www.journaljpri.com/index.php/JPRI/article/view/19787
OTKTZEZTFCAULO-DEOSSOPVSA-N	https://pubmed.ncbi.nlm.nih.gov/	29456796	https://pubmed.ncbi.nlm.nih.gov/29456796/
XMNLWOQHMQRHDV-UHFFFAOYSA-N	https://doi.org/	10.1021/acs.jmedchem.8b00270	www.doi.org/10.1021/acs.jmedchem.8b00270
XMNLWOQHMQRHDV-UHFFFAOYSA-N	https://pubmed.ncbi.nlm.nih.gov/	29767973	https://pubmed.ncbi.nlm.nih.gov/29767973/
BATCTBJIJJEPHM-UHFFFAOYSA-N	https://doi.org/	10.1021/ml100190t	www.doi.org/10.1021/ml100190t
BATCTBJIJJEPHM-UHFFFAOYSA-N	https://pubmed.ncbi.nlm.nih.gov/	21666860	https://pubmed.ncbi.nlm.nih.gov/21666860/
QCQQONWEDCOTBV-UHFFFAOYSA-N	https://doi.org/	10.1021/acsmedchemlett.9b00568	www.doi.org/10.1021/acsmedchemlett.9b00568
QCQQONWEDCOTBV-UHFFFAOYSA-N	https://doi.org/	10.1126/scitranslmed.aaa4642	www.doi.org/10.1126/scitranslmed.aaa4642
QCQQONWEDCOTBV-UHFFFAOYSA-N	https://pubmed.ncbi.nlm.nih.gov/	33062160	https://pubmed.ncbi.nlm.nih.gov/33062160/
QCQQONWEDCOTBV-UHFFFAOYSA-N	https://pubmed.ncbi.nlm.nih.gov/	25787766	https://pubmed.ncbi.nlm.nih.gov/25787766/
BSISGUIVBKDTQO-QIKYYPRYSA-N	https://doi.org/	10.1021/acschembio.7b00708	www.doi.org/10.1021/acschembio.7b00708
BSISGUIVBKDTQO-QIKYYPRYSA-N	https://pubmed.ncbi.nlm.nih.gov/	29043777	https://pubmed.ncbi.nlm.nih.gov/29043777/
XUYMIRYNRKXKOR-HMHJJOSWSA-N	https://doi.org/	10.1002/cmdc.201700278	www.doi.org/10.1002/cmdc.201700278
XUYMIRYNRKXKOR-HMHJJOSWSA-N	https://doi.org/	10.1080/13543776.2017.1262350	www.doi.org/10.1080/13543776.2017.1262350
XUYMIRYNRKXKOR-HMHJJOSWSA-N	https://pubmed.ncbi.nlm.nih.gov/	28590087	https://pubmed.ncbi.nlm.nih.gov/28590087/
XUYMIRYNRKXKOR-HMHJJOSWSA-N	https://pubmed.ncbi.nlm.nih.gov/	27852111	https://pubmed.ncbi.nlm.nih.gov/27852111/
WUJVPELCYCESAP-UHFFFAOYSA-N	https://doi.org/	10.1038/nm.3614	www.doi.org/10.1038/nm.3614
WUJVPELCYCESAP-UHFFFAOYSA-N	https://pubmed.ncbi.nlm.nih.gov/	24997608	https://pubmed.ncbi.nlm.nih.gov/24997608/
ZLTQCDRXWXUYHJ-UHFFFAOYSA-N	https://doi.org/	10.1021/acs.jmedchem.6b01583	http://pubs.acs.org/doi/abs/10.1021/acs.jmedchem.6b01583
ZLTQCDRXWXUYHJ-UHFFFAOYSA-N	https://pubmed.ncbi.nlm.nih.gov/	28068087	https://www.ncbi.nlm.nih.gov/pubmed/28068087
NBTNHSGBRGTFJS-UHFFFAOYSA-N	https://doi.org/	10.1021/jm060435i	www.doi.org/10.1021/jm060435i
NBTNHSGBRGTFJS-UHFFFAOYSA-N	https://pubmed.ncbi.nlm.nih.gov/	16884310	http://www.ncbi.nlm.nih.gov/pubmed/16884310
SOXNKJCQBRQUMS-UHFFFAOYSA-N	https://doi.org/	10.1016/j.chembiol.2019.03.006	www.doi.org/10.1016/j.chembiol.2019.03.006
SOXNKJCQBRQUMS-UHFFFAOYSA-N	https://doi.org/	10.1038/s41557-018-0039-2	www.doi.org/10.1038/s41557-018-0039-2
SOXNKJCQBRQUMS-UHFFFAOYSA-N	https://pubmed.ncbi.nlm.nih.gov/	31006618	https://pubmed.ncbi.nlm.nih.gov/31006618/
SOXNKJCQBRQUMS-UHFFFAOYSA-N	https://pubmed.ncbi.nlm.nih.gov/	29760414	https://pubmed.ncbi.nlm.nih.gov/29760414/
KYWWJENKIMRJBI-UHFFFAOYSA-N	https://doi.org/	10.1186/1479-5876-6-59	www.doi.org/10.1186/1479-5876-6-59
KYWWJENKIMRJBI-UHFFFAOYSA-N	https://doi.org/	10.1194/jlr.M900037-JLR200	www.doi.org/10.1194/jlr.M900037-JLR200
KYWWJENKIMRJBI-UHFFFAOYSA-N	https://doi.org/	10.1093/eurheartj/ehr136	www.doi.org/10.1093/eurheartj/ehr136
KYWWJENKIMRJBI-UHFFFAOYSA-N	https://doi.org/	10.1016/j.ccell.2016.09.008	www.doi.org/10.1016/j.ccell.2016.09.008
KYWWJENKIMRJBI-UHFFFAOYSA-N	https://doi.org/	10.1021/jm800799q	www.doi.org/10.1021/jm800799q
KYWWJENKIMRJBI-UHFFFAOYSA-N	https://pubmed.ncbi.nlm.nih.gov/	18925943	https://pubmed.ncbi.nlm.nih.gov/18925943/
KYWWJENKIMRJBI-UHFFFAOYSA-N	https://pubmed.ncbi.nlm.nih.gov/	19318684	https://pubmed.ncbi.nlm.nih.gov/19318684/
KYWWJENKIMRJBI-UHFFFAOYSA-N	https://pubmed.ncbi.nlm.nih.gov/	21606082	https://pubmed.ncbi.nlm.nih.gov/21606082/
KYWWJENKIMRJBI-UHFFFAOYSA-N	https://pubmed.ncbi.nlm.nih.gov/	27746144	https://pubmed.ncbi.nlm.nih.gov/27746144/
KYWWJENKIMRJBI-UHFFFAOYSA-N	https://pubmed.ncbi.nlm.nih.gov/	18973288	https://pubmed.ncbi.nlm.nih.gov/18973288/
MPASHPJAIUOWCK-UHFFFAOYSA-N	https://doi.org/	10.1111/jnc.13877	www.doi.org/10.1111/jnc.13877
MPASHPJAIUOWCK-UHFFFAOYSA-N	https://pubmed.ncbi.nlm.nih.gov/	27787897	https://pubmed.ncbi.nlm.nih.gov/27787897/
JVCWPUFNLFSKFS-UHFFFAOYSA-N	https://doi.org/	10.1021/ml300214g	http://pubs.acs.org/doi/abs/10.1021/ml300214g
JVCWPUFNLFSKFS-UHFFFAOYSA-N	https://pubmed.ncbi.nlm.nih.gov/	24900421	https://www.ncbi.nlm.nih.gov/pubmed/?term=24900421
FYMVGXGSNIVSKY-NRFANRHFSA-N	https://doi.org/	10.1021/jacs.0c04527	www.doi.org/10.1021/jacs.0c04527
FYMVGXGSNIVSKY-NRFANRHFSA-N	https://pubmed.ncbi.nlm.nih.gov/	32579346	https://pubmed.ncbi.nlm.nih.gov/32579346/
KLGQSVMIPOVQAX-UHFFFAOYSA-N		http://www.nature.com/nature/journal/v461/n7264/full/nature08356.html	http://www.nature.com/nature/journal/v461/n7264/full/nature08356.html
KLGQSVMIPOVQAX-UHFFFAOYSA-N	https://doi.org/	10.1021/acs.jmedchem.6b00990	http://pubs.acs.org/doi/pdf/10.1021/acs.jmedchem.6b00990
KLGQSVMIPOVQAX-UHFFFAOYSA-N	https://pubmed.ncbi.nlm.nih.gov/	19759537	http://www.ncbi.nlm.nih.gov/pubmed/19759537
KLGQSVMIPOVQAX-UHFFFAOYSA-N	https://pubmed.ncbi.nlm.nih.gov/	28001384	https://www.ncbi.nlm.nih.gov/pubmed/?term=28001384
ZJZWZIXSGNFWQQ-UHFFFAOYSA-N		http://cancerres.aacrjournals.org/content/72/11/2822.long	http://cancerres.aacrjournals.org/content/72/11/2822.long
ZJZWZIXSGNFWQQ-UHFFFAOYSA-N		http://www.sciencedirect.com/science/article/pii/S0960894X15303310	http://www.sciencedirect.com/science/article/pii/S0960894X15303310
ZJZWZIXSGNFWQQ-UHFFFAOYSA-N	https://pubmed.ncbi.nlm.nih.gov/	22440753	http://www.ncbi.nlm.nih.gov/pubmed/22440753
ZJZWZIXSGNFWQQ-UHFFFAOYSA-N	https://pubmed.ncbi.nlm.nih.gov/	26706174	http://www.ncbi.nlm.nih.gov/pubmed/?term=26706174
KHWCPNJRJCNVRI-UHFFFAOYSA-N	https://doi.org/	10.1021/acs.jmedchem.5b00209	http://pubs.acs.org/doi/abs/10.1021/acs.jmedchem.5b00209
KHWCPNJRJCNVRI-UHFFFAOYSA-N	https://pubmed.ncbi.nlm.nih.gov/	25799074	http://www.ncbi.nlm.nih.gov/pubmed/25799074
ZGBAJMQHJDFTQJ-DEOSSOPVSA-N		http://www.bloodjournal.org/content/106/12/3948.long?sso-checked=true	http://www.bloodjournal.org/content/106/12/3948.long?sso-checked=true
ZGBAJMQHJDFTQJ-DEOSSOPVSA-N	https://pubmed.ncbi.nlm.nih.gov/	16105974	http://www.ncbi.nlm.nih.gov/pubmed/16105974
LVDRREOUMKACNJ-BKMJKUGQSA-N	https://doi.org/	10.1002/anie.201501394/abstract;jsessionid=4E4574D7F79F4604CC4AD2E5F443B79D.f01t03	http://onlinelibrary.wiley.com/doi/10.1002/anie.201501394/abstract;jsessionid=4E4574D7F79F4604CC4AD2E5F443B79D.f01t03
LVDRREOUMKACNJ-BKMJKUGQSA-N	https://pubmed.ncbi.nlm.nih.gov/	25864491	https://www.ncbi.nlm.nih.gov/pubmed/25864491
CXJCGSPAPOTTSF-VURMDHGXSA-N		http://www.sciencedirect.com/science/article/pii/S1074552110004448	http://www.sciencedirect.com/science/article/pii/S1074552110004448
CXJCGSPAPOTTSF-VURMDHGXSA-N	https://pubmed.ncbi.nlm.nih.gov/	21276940	http://www.ncbi.nlm.nih.gov/pubmed/21276940
TXEBNKKOLVBTFK-UHFFFAOYSA-N		http://cancerdiscovery.aacrjournals.org/content/5/4/424.long	http://cancerdiscovery.aacrjournals.org/content/5/4/424.long
TXEBNKKOLVBTFK-UHFFFAOYSA-N	https://pubmed.ncbi.nlm.nih.gov/	25776529	https://www.ncbi.nlm.nih.gov/pubmed/?term=25776529
CQCWHSDMJBAGDC-UHFFFAOYSA-N	https://doi.org/	10.1021/acs.jmedchem.7b00796	www.doi.org/10.1021/acs.jmedchem.7b00796
CQCWHSDMJBAGDC-UHFFFAOYSA-N	https://pubmed.ncbi.nlm.nih.gov/	28892380	https://pubmed.ncbi.nlm.nih.gov/28892380/
DSUZLJDXUJUTGI-LLVKDONJSA-N	https://doi.org/	10.1021/acs.jmedchem.7b01046	www.doi.org/10.1021/acs.jmedchem.7b01046
DSUZLJDXUJUTGI-LLVKDONJSA-N	https://doi.org/	10.1038/s41598-018-33453-4	www.doi.org/10.1038/s41598-018-33453-4
DSUZLJDXUJUTGI-LLVKDONJSA-N	https://pubmed.ncbi.nlm.nih.gov/	29072452	https://pubmed.ncbi.nlm.nih.gov/29072452/
DSUZLJDXUJUTGI-LLVKDONJSA-N	https://pubmed.ncbi.nlm.nih.gov/	30337562	https://pubmed.ncbi.nlm.nih.gov/30337562/
VWEDZTZAXHMZIL-UHFFFAOYSA-N	https://doi.org/	10.3389/fphar.2018.00017	www.doi.org/10.3389/fphar.2018.00017
VWEDZTZAXHMZIL-UHFFFAOYSA-N	https://doi.org/	10.1007/s00213-018-5118-y	www.doi.org/10.1007/s00213-018-5118-y
VWEDZTZAXHMZIL-UHFFFAOYSA-N	https://doi.org/	10.1007/s00213-014-3739-3	www.doi.org/10.1007/s00213-014-3739-3
VWEDZTZAXHMZIL-UHFFFAOYSA-N	https://doi.org/	10.1016/j.neuropharm.2016.03.038	www.doi.org/10.1016/j.neuropharm.2016.03.038
VWEDZTZAXHMZIL-UHFFFAOYSA-N	https://doi.org/	10.1124/jpet.117.239905	www.doi.org/10.1124/jpet.117.239905
VWEDZTZAXHMZIL-UHFFFAOYSA-N	https://doi.org/	10.1021/cn400216u	www.doi.org/10.1021/cn400216u
VWEDZTZAXHMZIL-UHFFFAOYSA-N	https://pubmed.ncbi.nlm.nih.gov/	29467649	https://pubmed.ncbi.nlm.nih.gov/29467649
VWEDZTZAXHMZIL-UHFFFAOYSA-N	https://pubmed.ncbi.nlm.nih.gov/	30448990	https://pubmed.ncbi.nlm.nih.gov/30448990
VWEDZTZAXHMZIL-UHFFFAOYSA-N	https://pubmed.ncbi.nlm.nih.gov/	25224567	https://pubmed.ncbi.nlm.nih.gov/25224567
VWEDZTZAXHMZIL-UHFFFAOYSA-N	https://pubmed.ncbi.nlm.nih.gov/	27020041	https://pubmed.ncbi.nlm.nih.gov/27020041
VWEDZTZAXHMZIL-UHFFFAOYSA-N	https://pubmed.ncbi.nlm.nih.gov/	28360333	https://pubmed.ncbi.nlm.nih.gov/28360333
VWEDZTZAXHMZIL-UHFFFAOYSA-N	https://pubmed.ncbi.nlm.nih.gov/	24397362	https://pubmed.ncbi.nlm.nih.gov/24397362/
PKCDDUHJAFVJJB-VLZXCDOPSA-N	https://doi.org/	10.4155/fmc.09.89?url_ver=Z39.88-2003&rfr_id=ori:rid:crossref.org&rfr_dat=cr_pub%3dwww.ncbi.nlm.nih.gov	http://www.future-science.com/doi/abs/10.4155/fmc.09.89?url_ver=Z39.88-2003&rfr_id=ori:rid:crossref.org&rfr_dat=cr_pub%3dwww.ncbi.nlm.nih.gov
PKCDDUHJAFVJJB-VLZXCDOPSA-N	https://pubmed.ncbi.nlm.nih.gov/	21425998	https://www.ncbi.nlm.nih.gov/pubmed/21425998
JGQPZPLJOBHHBK-UFXYQILXSA-N	https://doi.org/	10.1073/pnas.1712363115	www.doi.org/10.1073/pnas.1712363115
JGQPZPLJOBHHBK-UFXYQILXSA-N	https://doi.org/	10.1016/j.molcel.2017.06.004	www.doi.org/10.1016/j.molcel.2017.06.004
JGQPZPLJOBHHBK-UFXYQILXSA-N	https://doi.org/	10.1038/s41589-018-0055-y	www.doi/org/10.1038/s41589-018-0055-y
JGQPZPLJOBHHBK-UFXYQILXSA-N	https://pubmed.ncbi.nlm.nih.gov/	29764999	https://pubmed.ncbi.nlm.nih.gov/29764999/
JGQPZPLJOBHHBK-UFXYQILXSA-N	https://pubmed.ncbi.nlm.nih.gov/	28673542	https://pubmed.ncbi.nlm.nih.gov/28673542/
JGQPZPLJOBHHBK-UFXYQILXSA-N	https://pubmed.ncbi.nlm.nih.gov/	29892083	https://pubmed.ncbi.nlm.nih.gov/29892083/
XSMABFRQESMONQ-SFHVURJKSA-N	https://doi.org/	10.1021/acsmedchemlett.7b00220	www.doi.org/10.1021/acsmedchemlett.7b00220
XSMABFRQESMONQ-SFHVURJKSA-N	https://doi.org/	10.1158/0008-5472.CAN-17-1754	www.doi.org/10.1158/0008-5472.CAN-17-1754
XSMABFRQESMONQ-SFHVURJKSA-N	https://pubmed.ncbi.nlm.nih.gov/	28835804	https://pubmed.ncbi.nlm.nih.gov/28835804/
XSMABFRQESMONQ-SFHVURJKSA-N	https://pubmed.ncbi.nlm.nih.gov/	28883001	https://pubmed.ncbi.nlm.nih.gov/28883001/
NGEBYTLALFOQKI-HDJSIYSDSA-N	https://doi.org/	10.1016/j.bmcl.2012.04.117	www.doi.org/10.1016/j.bmcl.2012.04.117
NGEBYTLALFOQKI-HDJSIYSDSA-N	https://pubmed.ncbi.nlm.nih.gov/	22608962	https://pubmed.ncbi.nlm.nih.gov/22608962/
RENRQMCACQEWFC-UGKGYDQZSA-N	https://doi.org/	10.1073/pnas.1820892116	www.doi.org/10.1073/pnas.1820892116
RENRQMCACQEWFC-UGKGYDQZSA-N	https://doi.org/	10.1021/acs.jmedchem.9b01870	www.doi.org/10.1021/acs.jmedchem.9b01870
RENRQMCACQEWFC-UGKGYDQZSA-N	https://doi.org/	10.1053/j.seminhematol.2018.02.002	www.doi.org/10.1053/j.seminhematol.2018.02.002
RENRQMCACQEWFC-UGKGYDQZSA-N	https://pubmed.ncbi.nlm.nih.gov/	30926668	https://pubmed.ncbi.nlm.nih.gov/30926668/
RENRQMCACQEWFC-UGKGYDQZSA-N	https://pubmed.ncbi.nlm.nih.gov/	32073845	https://pubmed.ncbi.nlm.nih.gov/32073845/
RENRQMCACQEWFC-UGKGYDQZSA-N	https://pubmed.ncbi.nlm.nih.gov/	30032754	https://pubmed.ncbi.nlm.nih.gov/30032754/
JKCSCHXVWPSGBG-OPKPGBGESA-N	https://doi.org/	10.1021/acs.jmedchem.9b01530	www.doi.org/10.1021/acs.jmedchem.9b01530
JKCSCHXVWPSGBG-OPKPGBGESA-N	https://doi.org/	10.1016/j.ccell.2019.10.002	www.doi.org/10.1016/j.ccell.2019.10.002
JKCSCHXVWPSGBG-OPKPGBGESA-N	https://pubmed.ncbi.nlm.nih.gov/	31747516	https://pubmed.ncbi.nlm.nih.gov/31747516/
JKCSCHXVWPSGBG-OPKPGBGESA-N	https://pubmed.ncbi.nlm.nih.gov/	31715132	https://pubmed.ncbi.nlm.nih.gov/31715132/
MPMKMQHJHDHPBE-RUZDIDTESA-N	https://doi.org/	10.1021/jm5012885	www.doi.org/10.1021/jm5012885
MPMKMQHJHDHPBE-RUZDIDTESA-N	https://doi.org/	10.1074/jbc.M115.687939	www.doi.org/10.1074/jbc.M115.687939
MPMKMQHJHDHPBE-RUZDIDTESA-N	https://pubmed.ncbi.nlm.nih.gov/	25380412	https://pubmed.ncbi.nlm.nih.gov/25380412
MPMKMQHJHDHPBE-RUZDIDTESA-N	https://pubmed.ncbi.nlm.nih.gov/	26518871	https://pubmed.ncbi.nlm.nih.gov/26518871/
HNLHOKSDTBAERS-CWIPYCOQSA-N	https://doi.org/	10.1021/jm401911v	http://pubs.acs.org/doi/abs/10.1021/jm401911v
HNLHOKSDTBAERS-CWIPYCOQSA-N	https://pubmed.ncbi.nlm.nih.gov/	24601644	https://www.ncbi.nlm.nih.gov/pubmed/24601644
MXUSGDMIHGLCNC-HNNXBMFYSA-N	https://doi.org/	10.1021/acs.jmedchem.8b01196	www.doi.org/10.1021/acs.jmedchem.8b01196
MXUSGDMIHGLCNC-HNNXBMFYSA-N	https://doi.org/	10.1038/nature19796	www.doi.org/10.1038/nature19796
MXUSGDMIHGLCNC-HNNXBMFYSA-N	https://doi.org/	10.1038/nature19795	www.doi.org/10.1038/nature19795
MXUSGDMIHGLCNC-HNNXBMFYSA-N	https://pubmed.ncbi.nlm.nih.gov/	30289716	https://pubmed.ncbi.nlm.nih.gov/30289716/
MXUSGDMIHGLCNC-HNNXBMFYSA-N	https://pubmed.ncbi.nlm.nih.gov/	27595394	https://pubmed.ncbi.nlm.nih.gov/27595394/
MXUSGDMIHGLCNC-HNNXBMFYSA-N	https://pubmed.ncbi.nlm.nih.gov/	27595393	https://pubmed.ncbi.nlm.nih.gov/27595393/
LXRZVMYMQHNYJB-UNXOBOICSA-N	https://doi.org/	10.1021/acs.jmedchem.0c01491	www.doi.org/10.1021/acs.jmedchem.0c01491
LXRZVMYMQHNYJB-UNXOBOICSA-N	https://pubmed.ncbi.nlm.nih.gov/	33631934	https://pubmed.ncbi.nlm.nih.gov/33631934/
TXZPMHLMPKIUGK-UHFFFAOYSA-N	https://doi.org/	10.1158/0008-5472.CAN-12-3292	www.doi.org/10.1158/0008-5472.CAN-12-3292
TXZPMHLMPKIUGK-UHFFFAOYSA-N	https://pubmed.ncbi.nlm.nih.gov/	23576556	http://www.ncbi.nlm.nih.gov/pubmed/23576556
RUPXKSLKGSSZCP-UHFFFAOYSA-N	https://doi.org/	10.1021/ml100106c	www.doi.org/10.1021/ml100106c
RUPXKSLKGSSZCP-UHFFFAOYSA-N	https://doi.org/	10.1021/jm3002026	www.doi.org/10.1021/jm3002026
RUPXKSLKGSSZCP-UHFFFAOYSA-N	https://doi.org/	10.1007/s00210-013-0899-3	www.doi.org/10.1007/s00210-013-0899-3
RUPXKSLKGSSZCP-UHFFFAOYSA-N	https://pubmed.ncbi.nlm.nih.gov/	24900217	https://www.ncbi.nlm.nih.gov/pubmed/24900217
RUPXKSLKGSSZCP-UHFFFAOYSA-N	https://pubmed.ncbi.nlm.nih.gov/	22724451	https://pubmed.ncbi.nlm.nih.gov/22724451/
RUPXKSLKGSSZCP-UHFFFAOYSA-N	https://pubmed.ncbi.nlm.nih.gov/	23861168	https://pubmed.ncbi.nlm.nih.gov/23861168/
ONBSHRSJOPSEGS-INIZCTEOSA-N	https://doi.org/	10.1021/acs.jmedchem.8b01196	https://doi.org/10.1021/acs.jmedchem.8b01196
ONBSHRSJOPSEGS-INIZCTEOSA-N	https://doi.org/	10.1158/0008-5472.CAN-16-0473	https://doi.org/10.1158/0008-5472.CAN-16-0473
ONBSHRSJOPSEGS-INIZCTEOSA-N	https://pubmed.ncbi.nlm.nih.gov/	30289716	https://pubmed.ncbi.nlm.nih.gov/30289716/
ONBSHRSJOPSEGS-INIZCTEOSA-N	https://pubmed.ncbi.nlm.nih.gov/	27635045	https://pubmed.ncbi.nlm.nih.gov/27635045/
TVTXCJFHQKSQQM-LJQIRTBHSA-N	https://doi.org/	10.1021/jm400487c	http://pubs.acs.org/doi/abs/10.1021/jm400487c
TVTXCJFHQKSQQM-LJQIRTBHSA-N	https://pubmed.ncbi.nlm.nih.gov/	23808545	https://www.ncbi.nlm.nih.gov/pubmed/23808545
TVTXCJFHQKSQQM-LJQIRTBHSA-N	https://pubmed.ncbi.nlm.nih.gov/	26998348	https://www.ncbi.nlm.nih.gov/pubmed/26998348
GBJVVSCPOBPEIT-UHFFFAOYSA-N		http://www.bloodjournal.org/content/110/6/2034.long?sso-checked=true	http://www.bloodjournal.org/content/110/6/2034.long?sso-checked=true
GBJVVSCPOBPEIT-UHFFFAOYSA-N	https://doi.org/	10.1021/jm061335f	http://pubs.acs.org/doi/abs/10.1021/jm061335f
GBJVVSCPOBPEIT-UHFFFAOYSA-N	https://pubmed.ncbi.nlm.nih.gov/	17495131	http://www.ncbi.nlm.nih.gov/pubmed/17495131
GBJVVSCPOBPEIT-UHFFFAOYSA-N	https://pubmed.ncbi.nlm.nih.gov/	17373783	http://www.ncbi.nlm.nih.gov/pubmed/17373783
GBAKVEWPYUIGHN-UHFFFAOYSA-N	https://doi.org/	10.1016/j.chembiol.2010.10.011	www.doi.org/10.1016/j.chembiol.2010.10.011
GBAKVEWPYUIGHN-UHFFFAOYSA-N	https://pubmed.ncbi.nlm.nih.gov/	21168764	https://pubmed.ncbi.nlm.nih.gov/21168764/
NBOJHRYUGLRASX-UHFFFAOYSA-N		http://www.sciencedirect.com/science/article/pii/S1074552109000805	http://www.sciencedirect.com/science/article/pii/S1074552109000805
NBOJHRYUGLRASX-UHFFFAOYSA-N		http://www.ncbi.nlm.nih.gov/pmc/articles/PMC2692831	http://www.ncbi.nlm.nih.gov/pmc/articles/PMC2692831
DJOVLOYCGXNVPI-UHFFFAOYSA-N	https://doi.org/	10.1038/nchembio.1859	www.doi.org/10.1038/nchembio.1859
DJOVLOYCGXNVPI-UHFFFAOYSA-N	https://pubmed.ncbi.nlm.nih.gov/	26167872	http://www.ncbi.nlm.nih.gov/pubmed/26167872
WGJCHHJGGFCCRS-DEYDLUNASA-N	https://doi.org/	10.1038/s41467-017-00954-1	www.doi.org/10.1038/s41467-017-00954-1
WGJCHHJGGFCCRS-DEYDLUNASA-N	https://pubmed.ncbi.nlm.nih.gov/	29018234	https://www.ncbi.nlm.nih.gov/pubmed/29018234
QXCXMVYVUHVFLP-UHFFFAOYSA-N	https://doi.org/	10.1038/s41467-017-02293-7	www.doi.org/10.1038/s41467-017-02293-7
QXCXMVYVUHVFLP-UHFFFAOYSA-N	https://doi.org/	10.3390/cancers11091337	www.doi.org/10.3390/cancers11091337
QXCXMVYVUHVFLP-UHFFFAOYSA-N	https://pubmed.ncbi.nlm.nih.gov/	29343827	https://pubmed.ncbi.nlm.nih.gov/29343827
QXCXMVYVUHVFLP-UHFFFAOYSA-N	https://pubmed.ncbi.nlm.nih.gov/	31510016	https://pubmed.ncbi.nlm.nih.gov/31510016
KNOUWGGQMADIBV-KRWDZBQOSA-N	https://doi.org/	10.1021/acs.jmedchem.5b01898	http://pubs.acs.org/doi/abs/10.1021/acs.jmedchem.5b01898
KNOUWGGQMADIBV-KRWDZBQOSA-N	https://pubmed.ncbi.nlm.nih.gov/	26854747	https://www.ncbi.nlm.nih.gov/pubmed/?term=26854747
LUHCYAOYQIFNRN-UHFFFAOYSA-N	https://doi.org/	10.1016/j.chembiol.2018.11.006	www.doi.org/10.1016/j.chembiol.2018.11.006
LUHCYAOYQIFNRN-UHFFFAOYSA-N	https://pubmed.ncbi.nlm.nih.gov/	30595531	https://pubmed.ncbi.nlm.nih.gov/30595531/
IDKAKZRYYDCJDU-HBMMIIHUSA-N		http://cancerres.aacrjournals.org/content/74/20/5855.long	http://cancerres.aacrjournals.org/content/74/20/5855.long
IDKAKZRYYDCJDU-HBMMIIHUSA-N	https://pubmed.ncbi.nlm.nih.gov/	25145672	https://www.ncbi.nlm.nih.gov/pubmed/25145672
SGIWFELWJPNFDH-UHFFFAOYSA-N		http://science.sciencemag.org/content/289/5484/1524.long	http://science.sciencemag.org/content/289/5484/1524.long
SGIWFELWJPNFDH-UHFFFAOYSA-N		http://genesdev.cshlp.org/content/14/22/2831.full.pdf+html	http://genesdev.cshlp.org/content/14/22/2831.full.pdf+html
SGIWFELWJPNFDH-UHFFFAOYSA-N	https://doi.org/	10.1016/j.bmcl.2009.02.039	www.doi.org/10.1016/j.bmcl.2009.02.039
SGIWFELWJPNFDH-UHFFFAOYSA-N	https://doi.org/	10.1016/j.jpba.2020.113420	www.doi.org/10.1016/j.jpba.2020.113420
SGIWFELWJPNFDH-UHFFFAOYSA-N	https://pubmed.ncbi.nlm.nih.gov/	10968783	https://www.ncbi.nlm.nih.gov/pubmed/10968783
SGIWFELWJPNFDH-UHFFFAOYSA-N	https://pubmed.ncbi.nlm.nih.gov/	11090131	https://www.ncbi.nlm.nih.gov/pubmed/11090131
SGIWFELWJPNFDH-UHFFFAOYSA-N	https://pubmed.ncbi.nlm.nih.gov/	19264481	https://pubmed.ncbi.nlm.nih.gov/19264481/
SGIWFELWJPNFDH-UHFFFAOYSA-N	https://pubmed.ncbi.nlm.nih.gov/	32593849	https://pubmed.ncbi.nlm.nih.gov/32593849/
QADPYRIHXKWUSV-UHFFFAOYSA-N	https://doi.org/	10.1021/jm2006222	www.doi.org/10.1021/jm2006222
QADPYRIHXKWUSV-UHFFFAOYSA-N	https://pubmed.ncbi.nlm.nih.gov/	21936542	http://www.ncbi.nlm.nih.gov/pubmed/21936542
YYDUWLSETXNJJT-MTJSOVHGSA-N	https://doi.org/	10.1021/ml200261d	www.doi.org/10.1021/ml200261d
YYDUWLSETXNJJT-MTJSOVHGSA-N	https://doi.org/	10.1530/ERC-17-0201	www.doi.org/10.1530/ERC-17-0201
YYDUWLSETXNJJT-MTJSOVHGSA-N	https://pubmed.ncbi.nlm.nih.gov/	24900443	https://www.ncbi.nlm.nih.gov/pubmed/?term=24900443
YYDUWLSETXNJJT-MTJSOVHGSA-N	https://pubmed.ncbi.nlm.nih.gov/	29563190	https://pubmed.ncbi.nlm.nih.gov/29563190/
BLNNXJOEJRKHAM-UHFFFAOYSA-N	https://doi.org/	10.1038/s41586-020-2027-0	www.doi.org/10.1038/s41586-020-2027-0
BLNNXJOEJRKHAM-UHFFFAOYSA-N	https://pubmed.ncbi.nlm.nih.gov/	32040955	https://www.ncbi.nlm.nih.gov/pubmed/32040955
ZMNWFTYYYCSSTF-SOAUALDESA-N	https://doi.org/	10.1016/j.bmcl.2005.09.039	www.doi.org/10.1016/j.bmcl.2005.09.039
ZMNWFTYYYCSSTF-SOAUALDESA-N	https://doi.org/	10.1124/jpet.105.089169	www.doi.org/10.1124/jpet.105.089169
ZMNWFTYYYCSSTF-SOAUALDESA-N	https://pubmed.ncbi.nlm.nih.gov/	16216497	https://pubmed.ncbi.nlm.nih.gov/16216497/
ZMNWFTYYYCSSTF-SOAUALDESA-N	https://pubmed.ncbi.nlm.nih.gov/	16014572	https://pubmed.ncbi.nlm.nih.gov/16014572/
LXFOLMYKSYSZQS-XKHGBIBOSA-N	https://doi.org/	10.1182/blood-2013-04-497644	www.doi.org/10.1182/blood-2013-04-497644
LXFOLMYKSYSZQS-XKHGBIBOSA-N	https://pubmed.ncbi.nlm.nih.gov/	23801631	http://www.ncbi.nlm.nih.gov/pubmed/23801631
XQFINGFCBFHOPE-WXUXXXNLSA-N	https://doi.org/	10.1021/acsmedchemlett.5b00037	www.doi.org/10.1021/acsmedchemlett.5b00037
XQFINGFCBFHOPE-WXUXXXNLSA-N	https://pubmed.ncbi.nlm.nih.gov/	26005520	http://www.ncbi.nlm.nih.gov/pubmed/26005520
CGWBJJZOKGZCSJ-UHFFFAOYSA-N		http://www.cell.com/cell-chemical-biology/fulltext/S1074-5521(15)00420-2	http://www.cell.com/cell-chemical-biology/fulltext/S1074-5521(15)00420-2
CGWBJJZOKGZCSJ-UHFFFAOYSA-N	https://doi.org/	10.1021/acs.jmedchem.6b01022	http://pubs.acs.org/doi/abs/10.1021/acs.jmedchem.6b01022
CGWBJJZOKGZCSJ-UHFFFAOYSA-N	https://pubmed.ncbi.nlm.nih.gov/	26670081	https://www.ncbi.nlm.nih.gov/pubmed/26670081
CGWBJJZOKGZCSJ-UHFFFAOYSA-N	https://pubmed.ncbi.nlm.nih.gov/	27682507	https://www.ncbi.nlm.nih.gov/pubmed/27682507
AIOCFZJGGGEWDK-UHFFFAOYSA-N	https://doi.org/	10.1002/anie.201611281	www.doi.org/10.1002/anie.201611281
AIOCFZJGGGEWDK-UHFFFAOYSA-N	https://doi.org/	10.1021/acs.jmedchem.8b01413	www.doi.org/10.1021/acs.jmedchem.8b01413
AIOCFZJGGGEWDK-UHFFFAOYSA-N	https://pubmed.ncbi.nlm.nih.gov/	28418626	https://pubmed.ncbi.nlm.nih.gov/28418626/
RUBYHLPRZRMTJO-MOVYNIQHSA-N	https://doi.org/	10.1038/nchembio.2166	www.doi.org/10.1038/nchembio.2166
RUBYHLPRZRMTJO-MOVYNIQHSA-N	https://doi.org/	10.1016/j.bbrc.2019.10.052	www.doi.org/10.1016/j.bbrc.2019.10.052
RUBYHLPRZRMTJO-MOVYNIQHSA-N	https://pubmed.ncbi.nlm.nih.gov/	27571479	https://pubmed.ncbi.nlm.nih.gov/27571479/
RUBYHLPRZRMTJO-MOVYNIQHSA-N	https://pubmed.ncbi.nlm.nih.gov/	31615655	https://pubmed.ncbi.nlm.nih.gov/31615655/
RDALZZCKQFLGJP-UHFFFAOYSA-N	https://doi.org/	10.1021/acs.jmedchem.5b01346	www.doi.org/10.1021/acs.jmedchem.5b01346
RDALZZCKQFLGJP-UHFFFAOYSA-N	https://pubmed.ncbi.nlm.nih.gov/	26565666	https://pubmed.ncbi.nlm.nih.gov/26565666/
JBHLOPKIPKTRSU-UHFFFAOYSA-N	https://doi.org/	10.1016/j.bmcl.2012.07.072	www.doi.org/10.1016/j.bmcl.2012.07.072
JBHLOPKIPKTRSU-UHFFFAOYSA-N	https://doi.org/	10.1016/j.neuropharm.2012.06.013	www.doi.org/10.1016/j.neuropharm.2012.06.013
JBHLOPKIPKTRSU-UHFFFAOYSA-N	https://doi.org/	10.1007/s00213-016-4290-1	www.doi.org/10.1007/s00213-016-4290-1
JBHLOPKIPKTRSU-UHFFFAOYSA-N	https://pubmed.ncbi.nlm.nih.gov/	22892116	https://pubmed.ncbi.nlm.nih.gov/22892116/
JBHLOPKIPKTRSU-UHFFFAOYSA-N	https://pubmed.ncbi.nlm.nih.gov/	22750078	https://pubmed.ncbi.nlm.nih.gov/22750078
JBHLOPKIPKTRSU-UHFFFAOYSA-N	https://pubmed.ncbi.nlm.nih.gov/	27117142	https://pubmed.ncbi.nlm.nih.gov/27117142
LQSHXYHWYGKAMX-FQEVSTJZSA-N	https://doi.org/	10.1021/acs.jmedchem.8b00678	www.doi.org/10.1021/acs.jmedchem.8b00678
LQSHXYHWYGKAMX-FQEVSTJZSA-N	https://pubmed.ncbi.nlm.nih.gov/	29940120	https://pubmed.ncbi.nlm.nih.gov/29940120/
AQTPWCUIYUOEMG-INIZCTEOSA-N	https://doi.org/	10.1038/nchembio.1603	www.doi.org/10.1038/nchembio.1603
AQTPWCUIYUOEMG-INIZCTEOSA-N	https://doi.org/	10.1016/j.juro.2013.02.1903	https://doi.org/10.1016/j.juro.2013.02.1903
AQTPWCUIYUOEMG-INIZCTEOSA-N	https://pubmed.ncbi.nlm.nih.gov/	25086508	https://pubmed.ncbi.nlm.nih.gov/25086508/
JFGOILLZIAIYGA-UHFFFAOYSA-N	https://doi.org/	10.1021/acs.jmedchem.9b00946	www.doi.org/10.1021/acs.jmedchem.9b00946
JFGOILLZIAIYGA-UHFFFAOYSA-N	https://pubmed.ncbi.nlm.nih.gov/	31414801	https://pubmed.ncbi.nlm.nih.gov/31414801/
RPMGXDCRCWWCRY-JTQLQIEISA-N	https://doi.org/	10.1021/acschembio.7b00370	www.doi.org/10.1021/acschembio.7b00370
RPMGXDCRCWWCRY-JTQLQIEISA-N	https://doi.org/	10.1021/acs.jmedchem.7b01884	https://doi.org/10.1021/acs.jmedchem.7b01884
RPMGXDCRCWWCRY-JTQLQIEISA-N	https://pubmed.ncbi.nlm.nih.gov/	28679043	https://pubmed.ncbi.nlm.nih.gov/28679043/
RPMGXDCRCWWCRY-JTQLQIEISA-N	https://pubmed.ncbi.nlm.nih.gov/	29485874	https://pubmed.ncbi.nlm.nih.gov/29485874
RIJLVEAXPNLDTC-UHFFFAOYSA-N		http://www.jimmunol.org/content/191/7/3568.long	http://www.jimmunol.org/content/191/7/3568.long
RIJLVEAXPNLDTC-UHFFFAOYSA-N	https://doi.org/	10.1021/jm501262q	http://pubs.acs.org/doi/abs/10.1021/jm501262q
RIJLVEAXPNLDTC-UHFFFAOYSA-N	https://pubmed.ncbi.nlm.nih.gov/	24006460	https://www.ncbi.nlm.nih.gov/pubmed/?term=24006460
RIJLVEAXPNLDTC-UHFFFAOYSA-N	https://pubmed.ncbi.nlm.nih.gov/	25369270	https://www.ncbi.nlm.nih.gov/pubmed/25369270
HWGQMRYQVZSGDQ-HZPDHXFCSA-N		http://clincancerres.aacrjournals.org/content/19/18/5003.long	http://clincancerres.aacrjournals.org/content/19/18/5003.long
HWGQMRYQVZSGDQ-HZPDHXFCSA-N	https://doi.org/	10.1021/acs.jmedchem.6b00990	http://pubs.acs.org/doi/pdf/10.1021/acs.jmedchem.6b00990
HWGQMRYQVZSGDQ-HZPDHXFCSA-N		https://pubchem.ncbi.nlm.nih.gov/compound/44819241	https://pubchem.ncbi.nlm.nih.gov/compound/44819241
HWGQMRYQVZSGDQ-HZPDHXFCSA-N	https://pubmed.ncbi.nlm.nih.gov/	28001384	https://www.ncbi.nlm.nih.gov/pubmed/?term=28001384
SEDFZSHSBUXKAC-NIYFSFCBSA-N	https://doi.org/	10.1021/acsmedchemlett.0c00155	https://doi.org/10.1021/acsmedchemlett.0c00155
ZOPNBMMVVZRSGH-NRFANRHFSA-N	https://doi.org/	10.1016/j.bmcl.2011.10.118	www.doi.org/10.1016/j.bmcl.2011.10.118
ZOPNBMMVVZRSGH-NRFANRHFSA-N	https://doi.org/	10.1371/journal.pone.0046300	www.doi.org/10.1371/journal.pone.0046300
ZOPNBMMVVZRSGH-NRFANRHFSA-N	https://pubmed.ncbi.nlm.nih.gov/	22217876	https://pubmed.ncbi.nlm.nih.gov/22217876/
ZOPNBMMVVZRSGH-NRFANRHFSA-N	https://pubmed.ncbi.nlm.nih.gov/	23056280	https://pubmed.ncbi.nlm.nih.gov/23056280/
BWYBBMQLUKXECQ-GIVPXCGWSA-N	https://doi.org/	10.1021/jm050915u	www.doi.org/10.1021/jm050915u
BWYBBMQLUKXECQ-GIVPXCGWSA-N	https://doi.org/	10.1016/j.bone.2006.07.015	www.doi.org/10.1016/j.bone.2006.07.015
BWYBBMQLUKXECQ-GIVPXCGWSA-N	https://pubmed.ncbi.nlm.nih.gov/	16509577	https://pubmed.ncbi.nlm.nih.gov/16509577/
BWYBBMQLUKXECQ-GIVPXCGWSA-N	https://pubmed.ncbi.nlm.nih.gov/	16962401	https://pubmed.ncbi.nlm.nih.gov/16962401/
CVWXJKQAOSCOAB-UHFFFAOYSA-N	https://doi.org/	10.1182/blood-2009-05-222034	www.doi.org/10.1182/blood-2009-05-222034
CVWXJKQAOSCOAB-UHFFFAOYSA-N	https://pubmed.ncbi.nlm.nih.gov/	19654408	http://www.ncbi.nlm.nih.gov/pubmed/19654408
VRVJKILQRBSEAG-LFPIHBKWSA-N	https://doi.org/	10.1038/nature24028	www.doi.org/10.1038/nature24028
VRVJKILQRBSEAG-LFPIHBKWSA-N	https://doi.org/	10.1021/acs.biochem.7b01179	www.doi.org/10.1021/acs.biochem.7b01179
VRVJKILQRBSEAG-LFPIHBKWSA-N	https://doi.org/	10.1016/j.cell.2018.04.033	www.doi.org/10.1016/j.cell.2018.04.033
VRVJKILQRBSEAG-LFPIHBKWSA-N	https://pubmed.ncbi.nlm.nih.gov/	28953875	https://pubmed.ncbi.nlm.nih.gov/28953875
VRVJKILQRBSEAG-LFPIHBKWSA-N	https://pubmed.ncbi.nlm.nih.gov/	29244478	https://pubmed.ncbi.nlm.nih.gov/29244478
VRVJKILQRBSEAG-LFPIHBKWSA-N	https://pubmed.ncbi.nlm.nih.gov/	29804834	https://pubmed.ncbi.nlm.nih.gov/29804834
UQRCJCNVNUFYDX-UHFFFAOYSA-N	https://doi.org/	10.1111/j.1349-7006.2009.01343.x	www.doi.org/10.1111/j.1349-7006.2009.01343.x
UQRCJCNVNUFYDX-UHFFFAOYSA-N	https://pubmed.ncbi.nlm.nih.gov/	19832844	https://www.ncbi.nlm.nih.gov/pubmed/?term=19832844
LWXLECMNBTVASW-UHFFFAOYSA-N	https://doi.org/	10.1021/acs.jmedchem.7b00796	www.doi.org/10.1021/acs.jmedchem.7b00796
LWXLECMNBTVASW-UHFFFAOYSA-N	https://pubmed.ncbi.nlm.nih.gov/	28892380	https://pubmed.ncbi.nlm.nih.gov/28892380/
AILRADAXUVEEIR-UHFFFAOYSA-N	https://doi.org/	10.1021/acs.jmedchem.6b00306	www.doi.org/10.1021/acs.jmedchem.6b00306
AILRADAXUVEEIR-UHFFFAOYSA-N	https://doi.org/	10.1158/1078-0432.CCR-16-0569	www.doi.org/10.1158/1078-0432.CCR-16-0569
AILRADAXUVEEIR-UHFFFAOYSA-N	https://pubmed.ncbi.nlm.nih.gov/	27144831	https://pubmed.ncbi.nlm.nih.gov/27144831/
AILRADAXUVEEIR-UHFFFAOYSA-N	https://pubmed.ncbi.nlm.nih.gov/	27780853	https://pubmed.ncbi.nlm.nih.gov/27780853/
HUFOZJXAKZVRNJ-UHFFFAOYSA-N	https://doi.org/	10.1158/2159-8290.CD-13-0314	www.doi.org/10.1158/2159-8290.CD-13-0314
HUFOZJXAKZVRNJ-UHFFFAOYSA-N	https://doi.org/	10.1158/1535-7163.MCT-13-0966	www.doi.org/10.1158/1535-7163.MCT-13-0966
HUFOZJXAKZVRNJ-UHFFFAOYSA-N	https://pubmed.ncbi.nlm.nih.gov/	24065731	https://pubmed.ncbi.nlm.nih.gov/24065731/
HUFOZJXAKZVRNJ-UHFFFAOYSA-N	https://pubmed.ncbi.nlm.nih.gov/	24723450	https://pubmed.ncbi.nlm.nih.gov/24723450/
GHVMTHKJUAOZJP-CGTJXYLNSA-N	https://doi.org/	10.2174/1386207053258488	www.doi.org/10.2174/1386207053258488
GHVMTHKJUAOZJP-CGTJXYLNSA-N	https://doi.org/	10.1182/blood-2002-12-3775	www.doi.org/10.1182/blood-2002-12-3775
GHVMTHKJUAOZJP-CGTJXYLNSA-N	https://pubmed.ncbi.nlm.nih.gov/	15777180	https://pubmed.ncbi.nlm.nih.gov/15777180/
GHVMTHKJUAOZJP-CGTJXYLNSA-N	https://pubmed.ncbi.nlm.nih.gov/	12714508	https://pubmed.ncbi.nlm.nih.gov/12714508/
ZEGMEJVULDALSH-NSHDSACASA-N	https://doi.org/	10.1021/acs.jmedchem.0c01955	www.doi.org/10.1021/acs.jmedchem.0c01955
ZEGMEJVULDALSH-NSHDSACASA-N	https://pubmed.ncbi.nlm.nih.gov/	33592148	https://pubmed.ncbi.nlm.nih.gov/33592148/
SNCRCEGCQVMUBS-DNVCBOLYSA-N	https://doi.org/	10.1021/jm9015334	http://pubs.acs.org/doi/abs/10.1021/jm9015334
SNCRCEGCQVMUBS-DNVCBOLYSA-N	https://pubmed.ncbi.nlm.nih.gov/	19919087	https://www.ncbi.nlm.nih.gov/pubmed/?term=19919087
FNBUZGRPJLEIMO-UHFFFAOYSA-N	https://doi.org/	10.1021/acs.jmedchem.1c00448	https://dx.doi.org/10.1021/acs.jmedchem.1c00448.
OBSYBRPAKCASQB-AGQYDFLVSA-N	https://doi.org/	10.1073/pnas.182234399	www.doi.org/10.1073/pnas.182234399
OBSYBRPAKCASQB-AGQYDFLVSA-N	https://pubmed.ncbi.nlm.nih.gov/	12192085	http://www.ncbi.nlm.nih.gov/pubmed/12192085
ORDHXXHTBUZRCN-NTEUORMPSA-N	https://doi.org/	10.1021/acs.jmedchem.5b00132	https://dx.doi.org/10.1021/acs.jmedchem.5b00132
CUBDGLIBZGKXKQ-ZBLYBZFDSA-N	https://doi.org/	10.1021/acsmedchemlett.8b00213	www.doi.org/10.1021/acsmedchemlett.8b00213
CUBDGLIBZGKXKQ-ZBLYBZFDSA-N	https://doi.org/	10.1371/journal.pone.0046300	www.doi.org/10.1371/journal.pone.0046300
CUBDGLIBZGKXKQ-ZBLYBZFDSA-N	https://pubmed.ncbi.nlm.nih.gov/	30034614	https://pubmed.ncbi.nlm.nih.gov/30034614/
CUBDGLIBZGKXKQ-ZBLYBZFDSA-N	https://pubmed.ncbi.nlm.nih.gov/	23056280	https://pubmed.ncbi.nlm.nih.gov/23056280/
XPLWBHWPOUEOSJ-GSZYCOFVSA-N	https://pubmed.ncbi.nlm.nih.gov/	24900707	https://www.ncbi.nlm.nih.gov/pubmed/24900707
YSVWFFNZZGLLAI-XNTOLAJGSA-N	https://doi.org/	10.1021/jm401056w	https://dx.doi.org/10.1021/jm401056w
LPCWQWNRCGWRFC-UHFFFAOYSA-N	https://doi.org/	10.1038/nchembio.2377	www.doi.org/10.1038/nchembio.2377
LPCWQWNRCGWRFC-UHFFFAOYSA-N	https://pubmed.ncbi.nlm.nih.gov/	28504676	https://pubmed.ncbi.nlm.nih.gov/28504676/
JYTIXGYXBIBOMN-UHFFFAOYSA-N	https://doi.org/	10.1021/acs.jmedchem.9b01621	www.doi.org/10.1021/acs.jmedchem.9b01621
JYTIXGYXBIBOMN-UHFFFAOYSA-N	https://pubmed.ncbi.nlm.nih.gov/	31940200	https://pubmed.ncbi.nlm.nih.gov/31940200/
KLHOCHQJHXNKAS-UHFFFAOYSA-N	https://doi.org/	10.1021/acs.jmedchem.6b01055	http://pubs.acs.org/doi/abs/10.1021/acs.jmedchem.6b01055
KLHOCHQJHXNKAS-UHFFFAOYSA-N	https://pubmed.ncbi.nlm.nih.gov/	28004573	https://www.ncbi.nlm.nih.gov/pubmed/28004573
IFRGXKKQHBVPCQ-UHFFFAOYSA-N	https://doi.org/	10.1021/jm100060b	www.doi.org/10.1021/jm100060b
IFRGXKKQHBVPCQ-UHFFFAOYSA-N	https://doi.org/	10.1111/j.1349-7006.2011.02191.x	www.doi.org/10.1111/j.1349-7006.2011.02191.x
IFRGXKKQHBVPCQ-UHFFFAOYSA-N	https://pubmed.ncbi.nlm.nih.gov/	20662534	https://pubmed.ncbi.nlm.nih.gov/20662534/
IFRGXKKQHBVPCQ-UHFFFAOYSA-N	https://pubmed.ncbi.nlm.nih.gov/	22181674	https://pubmed.ncbi.nlm.nih.gov/22181674/
BKLJDIJJOOQUFG-UHFFFAOYSA-N	https://doi.org/	10.1002/cmdc.201600276	https://dx.doi.org/10.1002/cmdc.201600276
FYQFEJFTCLKXTQ-UHFFFAOYSA-N	https://doi.org/	10.1016/j.ccell.2015.05.007	www.doi.org/10.1016/j.ccell.2015.05.007
FYQFEJFTCLKXTQ-UHFFFAOYSA-N	https://doi.org/	10.1038/s41419-019-1654-6	www.doi.org/10.1038/s41419-019-1654-6
FYQFEJFTCLKXTQ-UHFFFAOYSA-N	https://pubmed.ncbi.nlm.nih.gov/	26120082	https://pubmed.ncbi.nlm.nih.gov/26120082/
FYQFEJFTCLKXTQ-UHFFFAOYSA-N	https://pubmed.ncbi.nlm.nih.gov/	31138790	https://pubmed.ncbi.nlm.nih.gov/31138790
RRELDGDKULRRDM-UHFFFAOYSA-N	https://doi.org/	10.1016/j.bmc.2017.07.037	https://dx.doi.org/10.1016/j.bmc.2017.07.037
IYHHRZBKXXKDDY-UHFFFAOYSA-N		http://www.biochemj.org/content/434/1/93	http://www.biochemj.org/content/434/1/93
IYHHRZBKXXKDDY-UHFFFAOYSA-N	https://pubmed.ncbi.nlm.nih.gov/	21138416	http://www.ncbi.nlm.nih.gov/pubmed/21138416
DYUTWRFEEOPXMN-UHFFFAOYSA-N	https://doi.org/	10.6019/CHEMBL4507313	https://dx.doi.org/10.6019/CHEMBL4507313
AUYCSWFYKYVCLD-HXUWFJFHSA-N	https://doi.org/	10.1021/acsmedchemlett.9b00380	https://dx.doi.org/10.1021/acsmedchemlett.9b00380
OEDSFMUSNZDJFD-UHFFFAOYSA-N	https://doi.org/	10.1038/s41586-020-1930-8	www.doi.org/10.1038/s41586-020-1930-8
OEDSFMUSNZDJFD-UHFFFAOYSA-N	https://doi.org/	10.1021/acs.jmedchem.0c00628	www.doi.org/10.1021/acs.jmedchem.0c00628
OEDSFMUSNZDJFD-UHFFFAOYSA-N	https://pubmed.ncbi.nlm.nih.gov/	31969702	https://www.ncbi.nlm.nih.gov/pubmed/31969702
OEDSFMUSNZDJFD-UHFFFAOYSA-N	https://pubmed.ncbi.nlm.nih.gov/	32324999	https://www.ncbi.nlm.nih.gov/pubmed/32324999
QMHRLXNEGYTSRV-UHFFFAOYSA-N	https://doi.org/	10.1021/jm300601d	https://dx.doi.org/10.1021/jm300601d
QMHRLXNEGYTSRV-UHFFFAOYSA-N	https://doi.org/	10.1124/jpet.114.217091	https://dx.doi.org/10.1124/jpet.114.217091
LQEHCKYYIXQEBM-FUKIBTTHSA-N	https://doi.org/	10.1042/CS103S107S	https://dx.doi.org/10.1042/CS103S107S
LQEHCKYYIXQEBM-FUKIBTTHSA-N	https://doi.org/	10.1042/CS103S112S	https://dx.doi.org/10.1042/CS103S112S
LQEHCKYYIXQEBM-FUKIBTTHSA-N	https://doi.org/	10.1042/CS103S112S	https://dx.doi.org/ 10.1042/CS103S112S
WEGLOYDTDILXDA-OAHLLOKOSA-N	https://doi.org/	10.1073/pnas.1812963116	https://dx.doi.org/10.1073/pnas.1812963116
CSJYMAFXYMYNCK-UHFFFAOYSA-N	https://doi.org/	10.1021/acs.jmedchem.9b01304	https://dx.doi.org/10.1021/acs.jmedchem.9b01304
ILHNIWOZZKIBNW-UHFFFAOYSA-N	https://pubmed.ncbi.nlm.nih.gov/	30991027	https://pubmed.ncbi.nlm.nih.gov/30991027
OAMLIJKKGZLNHE-UHFFFAOYSA-N	https://doi.org/	10.1021/acsmedchemlett.5b00054	https://dx.doi.org/10.1021/acsmedchemlett.5b00054
JTCAGRAKUAAYDY-OAHLLOKOSA-N	https://doi.org/	10.1016/j.bmcl.2010.11.015	https://dx.doi.org/10.1016/j.bmcl.2010.11.015
FSWFYCYPTDLKON-CMJOXMDJSA-N	https://doi.org/	10.1021/acs.jmedchem.1c00613	https://dx.doi.org/10.1021/acs.jmedchem.1c00613
SKZQFKBIJUXXCG-INIZCTEOSA-N	https://doi.org/	10.1016/j.bmcl.2021.128384	https://dx.doi.org/10.1016/j.bmcl.2021.128384
TVGAHWWPABTBCX-UHFFFAOYSA-N	https://doi.org/	10.1158/1535-7163.MCT-21-0361	https://dx.doi.org/10.1158/1535-7163.MCT-21-0361
FRBRZGLUFOZRGD-JVPBZIDWSA-N	https://doi.org/	10.1021/acs.jmedchem.0c00605	https://dx.doi.org/10.1021/acs.jmedchem.0c00605
PXQATVYJKMMHAU-UHFFFAOYSA-N	https://doi.org/	10.1016/j.bmcl.2018.12.024	https://dx.doi.org/10.1016/j.bmcl.2018.12.024
YNFDIGJKJPNFFD-SJORKVTESA-N	https://doi.org/	10.1016/j.bmcl.2011.07.083	https://dx.doi.org/10.1016/j.bmcl.2011.07.083
PCJVXTDIDUMIRR-QGZVFWFLSA-N	https://doi.org/	10.1021/jm400138z	https://dx.doi.org/10.1021/jm400138z
RPHDOVLXDYWDGF-UHFFFAOYSA-N	https://doi.org/	10.1126/science.aan5468	https://dx.doi.org/10.1126/science.aan5468
KVJFJJXCBRSCDY-UHFFFAOYSA-N	https://doi.org/	10.1038/s41586-019-1835-6	https://dx.doi.org/10.1038/s41586-019-1835-6
PGIVGIFOWOVINL-GOSISDBHSA-N	https://doi.org/	10.1002/cmdc.201500131	https://dx.doi.org/10.1002/cmdc.201500131
WZQLVEPIBAOOGF-RMMWZPCPSA-N	https://doi.org/	10.1021/acsmedchemlett.0c00247	https://dx.doi.org/10.1021/acsmedchemlett.0c00247
QZZCUOVXHPAQRQ-UHFFFAOYSA-N	https://doi.org/	10.1021/acs.jmedchem.0c00796	https://dx.doi.org/10.1021/acs.jmedchem.0c00796
JZTTUZXIQIRVAB-FZEVHQGJSA-N	https://doi.org/	10.1002/jlcr.3698	https://dx.doi.org/10.1002/jlcr.3698
ZLGNYFOIDAVMHY-MPKOGUQCSA-N	https://doi.org/	10.1021/acs.jmedchem.8b00909	www.doi.org/10.1021/acs.jmedchem.8b00909
ZLGNYFOIDAVMHY-MPKOGUQCSA-N	https://pubmed.ncbi.nlm.nih.gov/	30525597	https://pubmed.ncbi.nlm.nih.gov/30525597/
QULDDKSCVCJTPV-UHFFFAOYSA-N	https://doi.org/	10.1158/1535-7163.MCT-08-0758	www.doi.org/10.1158/1535-7163.MCT-08-0758
QULDDKSCVCJTPV-UHFFFAOYSA-N	https://doi.org/	10.1158/1078-0432.CCR-09-0213	www.doi.org/10.1158/1078-0432.CCR-09-0213
QULDDKSCVCJTPV-UHFFFAOYSA-N	https://doi.org/	10.1021/jm050752+	www.doi.org/10.1021/jm050752+
QULDDKSCVCJTPV-UHFFFAOYSA-N	https://pubmed.ncbi.nlm.nih.gov/	19372565	https://pubmed.ncbi.nlm.nih.gov/19372565/
QULDDKSCVCJTPV-UHFFFAOYSA-N	https://pubmed.ncbi.nlm.nih.gov/	19671844	https://pubmed.ncbi.nlm.nih.gov/19671844/
QULDDKSCVCJTPV-UHFFFAOYSA-N	https://pubmed.ncbi.nlm.nih.gov/	17488003	https://pubmed.ncbi.nlm.nih.gov/17488003/
BLVQHYHDYFTPDV-VCABWLAWSA-N		http://www.sciencedirect.com/science/article/pii/S1074552109002427	http://www.sciencedirect.com/science/article/pii/S1074552109002427
BLVQHYHDYFTPDV-VCABWLAWSA-N		http://www.pnas.org/content/110/7/2647.long	http://www.pnas.org/content/110/7/2647.long
BLVQHYHDYFTPDV-VCABWLAWSA-N		https://www.google.com/patents/WO2012016081A2?cl=en	https://www.google.com/patents/WO2012016081A2?cl=en
BLVQHYHDYFTPDV-VCABWLAWSA-N	https://pubmed.ncbi.nlm.nih.gov/	19778726	https://www.ncbi.nlm.nih.gov/pubmed/19778726
BLVQHYHDYFTPDV-VCABWLAWSA-N	https://pubmed.ncbi.nlm.nih.gov/	23297220	https://www.ncbi.nlm.nih.gov/pubmed/23297220
VLLFGVHGKLDDLW-SFHVURJKSA-N	https://doi.org/	10.1021/acs.jmedchem.0c01917	https://dx.doi.org/10.1021/acs.jmedchem.0c01917
UEMQPCYDWCSVCU-UHFFFAOYSA-N	https://doi.org/	10.1021/acs.jmedchem.7b00611	www.doi.org/10.1021/acs.jmedchem.7b00611
UEMQPCYDWCSVCU-UHFFFAOYSA-N	https://doi.org/	10.1021/acschembio.7b00481	www.doi.org/10.1021/acschembio.7b00481
UEMQPCYDWCSVCU-UHFFFAOYSA-N	https://pubmed.ncbi.nlm.nih.gov/	28714688	https://www.ncbi.nlm.nih.gov/pubmed/28714688
UEMQPCYDWCSVCU-UHFFFAOYSA-N	https://pubmed.ncbi.nlm.nih.gov/	28849908	https://www.ncbi.nlm.nih.gov/pubmed/28849908
XMBSZPZJLPTFMV-UHFFFAOYSA-N		http://www.nature.com/nature/journal/v464/n7289/pdf/nature08893.pdf	http://www.nature.com/nature/journal/v464/n7289/pdf/nature08893.pdf
XMBSZPZJLPTFMV-UHFFFAOYSA-N	https://doi.org/	10.1021/jm201091t	http://pubs.acs.org/doi/pdf/10.1021/jm201091t
XMBSZPZJLPTFMV-UHFFFAOYSA-N	https://pubmed.ncbi.nlm.nih.gov/	20360736	http://www.ncbi.nlm.nih.gov/pubmed/20360736
XMBSZPZJLPTFMV-UHFFFAOYSA-N	https://pubmed.ncbi.nlm.nih.gov/	22148754	http://www.ncbi.nlm.nih.gov/pubmed/22148754
WILMROCKORZEMQ-VJVIIGMYSA-N	https://doi.org/	10.1038/s41589-021-00900-9	https://dx.doi.org/10.1038/s41589-021-00900-9
FYICDSWKKFSYOM-UHFFFAOYSA-N		http://www.nature.com/nchembio/journal/v10/n12/abs/nchembio.1658.html	http://www.nature.com/nchembio/journal/v10/n12/abs/nchembio.1658.html
FYICDSWKKFSYOM-UHFFFAOYSA-N	https://pubmed.ncbi.nlm.nih.gov/	25326665	http://www.ncbi.nlm.nih.gov/pubmed/25326665
NBDJDKAXIGWAIM-XZOQPEGZSA-N	https://doi.org/	10.1002/anie.202017200	https://dx.doi.org/10.1002/anie.202017200
QYDASSGXBXGRBS-CKJXQJPGSA-N	https://doi.org/	10.1021/acsmedchemlett.6b00496	http://pubs.acs.org/doi/abs/10.1021/acsmedchemlett.6b00496
QYDASSGXBXGRBS-CKJXQJPGSA-N	https://pubmed.ncbi.nlm.nih.gov/	28435528	https://www.ncbi.nlm.nih.gov/pubmed/28435528
YQOLEILXOBUDMU-KRWDZBQOSA-N	https://doi.org/	10.1021/acs.jmedchem.0c00834	www.doi.org/10.1021/acs.jmedchem.0c00834
YQOLEILXOBUDMU-KRWDZBQOSA-N	https://pubmed.ncbi.nlm.nih.gov/	32969660	https://pubmed.ncbi.nlm.nih.gov/32969660/
JNSLBXJNVHYNNW-CXNSMIOJSA-N		http://www.nature.com/nchembio/journal/vaop/ncurrent/full/nchembio.2209.html	http://www.nature.com/nchembio/journal/vaop/ncurrent/full/nchembio.2209.html
JNSLBXJNVHYNNW-CXNSMIOJSA-N	https://pubmed.ncbi.nlm.nih.gov/	27775715	https://www.ncbi.nlm.nih.gov/pubmed/?term=27775715
GACOFEKSDCOVMV-RRYXBOBMSA-N	https://doi.org/	10.1002/anie.201411511/abstract	http://onlinelibrary.wiley.com/doi/10.1002/anie.201411511/abstract
GACOFEKSDCOVMV-RRYXBOBMSA-N	https://doi.org/	10.1371/journal.pone.0127498	http://journals.plos.org/plosone/article?id=10.1371/journal.pone.0127498
GACOFEKSDCOVMV-RRYXBOBMSA-N		http://www.jbc.org/content/early/2016/11/14/jbc.M116.755678.long	http://www.jbc.org/content/early/2016/11/14/jbc.M116.755678.long
GACOFEKSDCOVMV-RRYXBOBMSA-N	https://pubmed.ncbi.nlm.nih.gov/	25707820	https://www.ncbi.nlm.nih.gov/pubmed/25707820
GACOFEKSDCOVMV-RRYXBOBMSA-N	https://pubmed.ncbi.nlm.nih.gov/	26098886	https://www.ncbi.nlm.nih.gov/pubmed/26098886
GACOFEKSDCOVMV-RRYXBOBMSA-N	https://pubmed.ncbi.nlm.nih.gov/	27875305	https://www.ncbi.nlm.nih.gov/pubmed/27875305
SQNZDYHMCMIGGV-TZPPCSJFSA-N	https://doi.org/	10.1038/nchembio.2329	http://dx.doi.org/10.1038/nchembio.2329
SQNZDYHMCMIGGV-TZPPCSJFSA-N		http://europepmc.org/abstract/MED/28288108	http://europepmc.org/abstract/MED/28288108
RNQODBQYMXYMCT-SJORKVTESA-N	https://doi.org/	10.7554/eLife.34311	https://dx.doi.org/10.7554/eLife.34311
RFZQYGBLRIKROZ-PCLIKHOPSA-N	https://doi.org/	10.1016/j.bmc.2014.03.036	https://dx.doi.org/10.1016/j.bmc.2014.03.036
BPLVDYJDAVYLRQ-UHFFFAOYSA-N	https://doi.org/	10.6019/CHEMBL4800727	https://dx.doi.org/10.6019/CHEMBL4800727
UJLAWZDWDVHWOW-YPMHNXCESA-N	https://doi.org/	10.1126/science.1087061	www.doi.org/10.1126/science.1087061
UJLAWZDWDVHWOW-YPMHNXCESA-N	https://pubmed.ncbi.nlm.nih.gov/	14593182	http://www.ncbi.nlm.nih.gov/pubmed/14593182
WNEILUNVMHVMPH-UHFFFAOYSA-N	https://doi.org/	10.1158/1535-7163.MCT-15-0500	www.doi.org/10.1158/1535-7163.MCT-15-0500
WNEILUNVMHVMPH-UHFFFAOYSA-N	https://doi.org/	10.1021/acs.jmedchem.9b02035	www.doi.org/10.1021/acs.jmedchem.9b02035
WNEILUNVMHVMPH-UHFFFAOYSA-N	https://pubmed.ncbi.nlm.nih.gov/	26832791	https://pubmed.ncbi.nlm.nih.gov/26832791/
WNEILUNVMHVMPH-UHFFFAOYSA-N	https://pubmed.ncbi.nlm.nih.gov/	32338514	https://pubmed.ncbi.nlm.nih.gov/32338514/
NMJMRSQTDLRCRQ-UHFFFAOYSA-N		http://www.nature.com/nchembio/journal/v6/n5/full/nchembio.345.html	http://www.nature.com/nchembio/journal/v6/n5/full/nchembio.345.html
NMJMRSQTDLRCRQ-UHFFFAOYSA-N	https://pubmed.ncbi.nlm.nih.gov/	20383151	http://www.ncbi.nlm.nih.gov/pubmed/20383151
AEJOEPSMZCEYJN-HXUWFJFHSA-N	https://doi.org/	10.1016/0014-2999(88)90546-8	www.doi.org/10.1016/0014-2999(88)90546-8
AEJOEPSMZCEYJN-HXUWFJFHSA-N		http://www.sciencedirect.com/science/article/pii/S0960894X05003057	http://www.sciencedirect.com/science/article/pii/S0960894X05003057
AEJOEPSMZCEYJN-HXUWFJFHSA-N		http://www.sciencedirect.com/science/article/pii/S0960894X07014266	http://www.sciencedirect.com/science/article/pii/S0960894X07014266
AEJOEPSMZCEYJN-HXUWFJFHSA-N	https://pubmed.ncbi.nlm.nih.gov/	2850924	https://www.ncbi.nlm.nih.gov/pubmed/2850924
AEJOEPSMZCEYJN-HXUWFJFHSA-N	https://pubmed.ncbi.nlm.nih.gov/	8893842	https://www.ncbi.nlm.nih.gov/pubmed/8893842
AEJOEPSMZCEYJN-HXUWFJFHSA-N	https://pubmed.ncbi.nlm.nih.gov/	11086731	https://www.ncbi.nlm.nih.gov/pubmed/11086731
BFTKDWYIRJGJCA-CYBMUJFWSA-N	https://doi.org/	10.1021/acsmedchemlett.6b00075	http://pubs.acs.org/doi/abs/10.1021/acsmedchemlett.6b00075
BFTKDWYIRJGJCA-CYBMUJFWSA-N	https://pubmed.ncbi.nlm.nih.gov/	27190605	https://www.ncbi.nlm.nih.gov/pubmed/?term=27190605
OJKONCJPCULNOW-DYVFJYSZSA-N	https://doi.org/	10.1021/acs.jmedchem.0c00259	www.doi.org/10.1021/acs.jmedchem.0c00259
OJKONCJPCULNOW-DYVFJYSZSA-N	https://pubmed.ncbi.nlm.nih.gov/	32392056	https://pubmed.ncbi.nlm.nih.gov/32392056/
YDNOHCOYQVZOMC-UHFFFAOYSA-N	https://doi.org/	10.1038/nature13444	www.doi.org/10.1038/nature13444
YDNOHCOYQVZOMC-UHFFFAOYSA-N	https://pubmed.ncbi.nlm.nih.gov/	24919154	https://pubmed.ncbi.nlm.nih.gov/24919154/
OFWWWKWUCDUISA-UHFFFAOYSA-N	https://doi.org/	10.1021/acs.jmedchem.7b00306	http://pubs.acs.org/doi/abs/10.1021/acs.jmedchem.7b00306
OFWWWKWUCDUISA-UHFFFAOYSA-N	https://pubmed.ncbi.nlm.nih.gov/	28402630	https://www.ncbi.nlm.nih.gov/pubmed/28402630
CDQRIIUMNLMHRH-UHFFFAOYSA-N	https://pubmed.ncbi.nlm.nih.gov/	25192810	http://www.ncbi.nlm.nih.gov/pubmed/25192810
CHEANNSDVJOIBS-MHZLTWQESA-N	https://doi.org/	10.1021/ml300133f	www.doi.org/10.1021/ml300133f
CHEANNSDVJOIBS-MHZLTWQESA-N	https://doi.org/	10.1371/journal.pone.0046300	www.doi.org/10.1371/journal.pone.0046300
CHEANNSDVJOIBS-MHZLTWQESA-N	https://pubmed.ncbi.nlm.nih.gov/	24900539	https://pubmed.ncbi.nlm.nih.gov/24900539/
CHEANNSDVJOIBS-MHZLTWQESA-N	https://pubmed.ncbi.nlm.nih.gov/	23056280	https://pubmed.ncbi.nlm.nih.gov/23056280/
SFMJNHNUOVADRW-UHFFFAOYSA-N	https://doi.org/	10.1021/cb4000629	http://pubs.acs.org/doi/abs/10.1021/cb4000629
SFMJNHNUOVADRW-UHFFFAOYSA-N	https://pubmed.ncbi.nlm.nih.gov/	23594111	http://www.ncbi.nlm.nih.gov/pubmed/23594111
AOZPVMOOEJAZGK-UHFFFAOYSA-N	https://doi.org/	10.1021/cb400430t	http://pubs.acs.org/doi/abs/10.1021/cb400430t
AOZPVMOOEJAZGK-UHFFFAOYSA-N	https://pubmed.ncbi.nlm.nih.gov/	23899692	http://www.ncbi.nlm.nih.gov/pubmed/23899692
UMRRDXVUROEIKJ-JCXBGQGISA-N		http://www.nature.com/nchembio/journal/v12/n3/full/nchembio.2007.html	http://www.nature.com/nchembio/journal/v12/n3/full/nchembio.2007.html
UMRRDXVUROEIKJ-JCXBGQGISA-N	https://pubmed.ncbi.nlm.nih.gov/	26807715	http://www.ncbi.nlm.nih.gov/pubmed/26807715
QBGKPEROWUKSBK-QPPIDDCLSA-N	https://doi.org/	10.1021/ml4000657	http://pubs.acs.org/doi/abs/10.1021/ml4000657
QBGKPEROWUKSBK-QPPIDDCLSA-N		http://clincancerres.aacrjournals.org/content/22/5/1185.long	http://clincancerres.aacrjournals.org/content/22/5/1185.long
QBGKPEROWUKSBK-QPPIDDCLSA-N		http://cancerres.aacrjournals.org/content/73/8/2587.full-text.pdf	http://cancerres.aacrjournals.org/content/73/8/2587.full-text.pdf
QBGKPEROWUKSBK-QPPIDDCLSA-N	https://pubmed.ncbi.nlm.nih.gov/	24900694	https://www.ncbi.nlm.nih.gov/pubmed/24900694
QBGKPEROWUKSBK-QPPIDDCLSA-N	https://pubmed.ncbi.nlm.nih.gov/	26482041	https://www.ncbi.nlm.nih.gov/pubmed/26482041
QBGKPEROWUKSBK-QPPIDDCLSA-N	https://pubmed.ncbi.nlm.nih.gov/	23400593	https://www.ncbi.nlm.nih.gov/pubmed/23400593
NRSGWEVTVGZDFC-UHFFFAOYSA-N	https://doi.org/	10.1038/sj.bjp.0707484	www.doi.org/10.1038/sj.bjp.0707484
NRSGWEVTVGZDFC-UHFFFAOYSA-N	https://doi.org/	10.1002/cmdc.200800211	https://doi.org/10.1002/cmdc.200800211
NRSGWEVTVGZDFC-UHFFFAOYSA-N	https://pubmed.ncbi.nlm.nih.gov/	17934515	https://pubmed.ncbi.nlm.nih.gov/17934515/
NRSGWEVTVGZDFC-UHFFFAOYSA-N	https://pubmed.ncbi.nlm.nih.gov/	18973168	https://pubmed.ncbi.nlm.nih.gov/18973168/
HUUSXLKCTQDPGL-UHFFFAOYSA-N	https://doi.org/	10.1021/acsmedchemlett.6b00198	www.doi.org/10.1021/acsmedchemlett.6b00198
HUUSXLKCTQDPGL-UHFFFAOYSA-N	https://doi.org/	10.1038/nm.3806	www.doi.org/10.1038/nm.3806
HUUSXLKCTQDPGL-UHFFFAOYSA-N	https://doi.org/	10.1038/s41589-019-0278-6	www.doi.org/10.1038/s41589-019-0278-6
HUUSXLKCTQDPGL-UHFFFAOYSA-N	https://doi.org/	10.1038/s41589-019-0277-7	www.doi.org/10.1038/s41589-019-0277-7
HUUSXLKCTQDPGL-UHFFFAOYSA-N	https://pubmed.ncbi.nlm.nih.gov/	27994733	https://pubmed.ncbi.nlm.nih.gov/27994733/
HUUSXLKCTQDPGL-UHFFFAOYSA-N	https://pubmed.ncbi.nlm.nih.gov/	25686105	https://pubmed.ncbi.nlm.nih.gov/25686105/
HUUSXLKCTQDPGL-UHFFFAOYSA-N	https://pubmed.ncbi.nlm.nih.gov/	31086329	https://pubmed.ncbi.nlm.nih.gov/31086329/
HUUSXLKCTQDPGL-UHFFFAOYSA-N	https://pubmed.ncbi.nlm.nih.gov/	31086327	https://pubmed.ncbi.nlm.nih.gov/31086327/
ARBRHWRTXPWZGN-UHFFFAOYSA-N	https://doi.org/	10.1021/acs.jmedchem.2c00552	https://dx.doi.org/10.1021/acs.jmedchem.2c00552
PXVFFBGSTYQHRO-REQIQPEASA-N	https://doi.org/	10.1038/s41591-019-0668-z	www.doi.org/10.1038/s41591-019-0668-z
PXVFFBGSTYQHRO-REQIQPEASA-N	https://pubmed.ncbi.nlm.nih.gov/	31792461	https://pubmed.ncbi.nlm.nih.gov/31792461/
LIMCHOLAKDUZDS-XARBDFOFSA-N	https://doi.org/	10.1039/C8CC09541H	www.doi.org/10.1039/C8CC09541H
LIMCHOLAKDUZDS-XARBDFOFSA-N	https://pubmed.ncbi.nlm.nih.gov/	30672516	https://pubmed.ncbi.nlm.nih.gov/30672516/
QMGHHBHPDDAGGO-IIWOMYBWSA-N	https://doi.org/	10.1021/acs.jmedchem.7b00635	www.doi.org/10.1021/acs.jmedchem.7b00635
QMGHHBHPDDAGGO-IIWOMYBWSA-N	https://pubmed.ncbi.nlm.nih.gov/	28692295	https://pubmed.ncbi.nlm.nih.gov/28692295/
KPBNHDGDUADAGP-VAWYXSNFSA-N	https://pubmed.ncbi.nlm.nih.gov/	14612543	https://pubmed.ncbi.nlm.nih.gov/14612543
KPBNHDGDUADAGP-VAWYXSNFSA-N	https://doi.org/	10.3390/molecules27062011	https://dx.doi.org/10.3390/molecules27062011
JFOAJUGFHDCBJJ-UHFFFAOYSA-N	https://doi.org/	10.1016/j.bmcl.2011.05.122	https://dx.doi.org/10.1016/j.bmcl.2011.05.122
FNYGWXSATBUBER-UHFFFAOYSA-N	https://doi.org/	10.1126/science.1236062	www.doi.org/10.1126/science.1236062
FNYGWXSATBUBER-UHFFFAOYSA-N	https://pubmed.ncbi.nlm.nih.gov/	23558169	http://www.ncbi.nlm.nih.gov/pubmed/23558169
WVAKRQOMAINQPU-UHFFFAOYSA-N	https://doi.org/	10.1016/j.bmcl.2010.02.076	https://dx.doi.org/10.1016/j.bmcl.2010.02.076
WVAKRQOMAINQPU-UHFFFAOYSA-N	https://doi.org/	10.1016/j.cmet.2009.12.008	https://dx.doi.org/10.1016/j.cmet.2009.12.008
NAXSRXHZFIBFMI-UHFFFAOYSA-N	https://doi.org/	10.1021/jm0255116	http://pubs.acs.org/doi/abs/10.1021/jm0255116
NAXSRXHZFIBFMI-UHFFFAOYSA-N	https://pubmed.ncbi.nlm.nih.gov/	11985463	https://www.ncbi.nlm.nih.gov/pubmed/11985463
RZXMIHOUHYSGJO-UHFFFAOYSA-N	https://doi.org/	10.1021/jm401768t	http://pubs.acs.org/doi/abs/10.1021/jm401768t
RZXMIHOUHYSGJO-UHFFFAOYSA-N	https://pubmed.ncbi.nlm.nih.gov/	24432870	https://www.ncbi.nlm.nih.gov/pubmed/24432870
ZDBWLRLGUBSLPG-FDHYQTMZSA-N	https://doi.org/	10.1021/acs.jmedchem.5b01355	https://dx.doi.org/10.1021/acs.jmedchem.5b01355
ZDBWLRLGUBSLPG-FDHYQTMZSA-N	https://doi.org/	10.1038/nchembio.1699	https://dx.doi.org/10.1038/nchembio.1699
KSGZCKSNTAJOJS-DZBMUNJRSA-N		http://www.nature.com/nature/journal/v526/n7572/full/nature14904.html	http://www.nature.com/nature/journal/v526/n7572/full/nature14904.html
KSGZCKSNTAJOJS-DZBMUNJRSA-N	https://pubmed.ncbi.nlm.nih.gov/	26416749	http://www.ncbi.nlm.nih.gov/pubmed/26416749
JLFSBHQQXIAQEC-UHFFFAOYSA-N		http://www.impactjournals.com/oncotarget/index.php?journal=oncotarget&page=article&op=view&path[]=5846&pubmed-linkout=1	http://www.impactjournals.com/oncotarget/index.php?journal=oncotarget&page=article&op=view&path[]=5846&pubmed-linkout=1
JLFSBHQQXIAQEC-UHFFFAOYSA-N	https://pubmed.ncbi.nlm.nih.gov/	26513298	http://www.ncbi.nlm.nih.gov/pubmed/26513298
FWLMVFUGMHIOAA-UHFFFAOYSA-N	https://doi.org/	10.1093/jnci/djt210	https://dx.doi.org/10.1093/jnci/djt210
XYFPWWZEPKGCCK-GOSISDBHSA-N		http://www.pnas.org/content/107/29/13075.long	http://www.pnas.org/content/107/29/13075.long
XYFPWWZEPKGCCK-GOSISDBHSA-N	https://pubmed.ncbi.nlm.nih.gov/	20615965	https://www.ncbi.nlm.nih.gov/pubmed/20615965
LLVZBTWPGQVVLW-SNAWJCMRSA-N		http://cancerres.aacrjournals.org/content/67/20/9887.long	http://cancerres.aacrjournals.org/content/67/20/9887.long
LLVZBTWPGQVVLW-SNAWJCMRSA-N	https://pubmed.ncbi.nlm.nih.gov/	17942920	http://www.ncbi.nlm.nih.gov/pubmed/17942920
GJFCSAPFHAXMSF-UXBLZVDNSA-N	https://doi.org/	10.1016/j.chembiol.2011.11.010	www.doi.org/10.1016/j.chembiol.2011.11.010
GJFCSAPFHAXMSF-UXBLZVDNSA-N	https://pubmed.ncbi.nlm.nih.gov/	22284361	http://www.ncbi.nlm.nih.gov/pubmed/22284361
PNYRDVBFYVDJJI-UHFFFAOYSA-N	https://doi.org/	10.1074/jbc.M114.626861	www.doi.org/10.1074/jbc.M114.626861
PNYRDVBFYVDJJI-UHFFFAOYSA-N	https://pubmed.ncbi.nlm.nih.gov/	25825497	http://www.ncbi.nlm.nih.gov/pubmed/25825497
VUVUVNZRUGEAHB-CYBMUJFWSA-N	https://doi.org/	10.1038/nature10509	www.doi.org/10.1038/nature10509
VUVUVNZRUGEAHB-CYBMUJFWSA-N	https://pubmed.ncbi.nlm.nih.gov/	21964340	http://www.ncbi.nlm.nih.gov/pubmed/21964340
ALGHKWSXJUQNJJ-UHFFFAOYSA-N	https://doi.org/	10.1021/jm900773n	https://dx.doi.org/10.1021/jm900773n
QPTCYEYTAWEZNT-UHFFFAOYSA-N	https://doi.org/	10.1038/s41586-020-2027-0	www.doi.org/10.1038/s41586-020-2027-0
QPTCYEYTAWEZNT-UHFFFAOYSA-N	https://pubmed.ncbi.nlm.nih.gov/	32040955	https://www.ncbi.nlm.nih.gov/pubmed/32040955
HNCVDRFFJZJQRW-UHFFFAOYSA-N	https://doi.org/	10.1038/s41589-020-0592-z	www.doi.org/10.1038/s41589-020-0592-z
HNCVDRFFJZJQRW-UHFFFAOYSA-N	https://pubmed.ncbi.nlm.nih.gov/	32690945	https://pubmed.ncbi.nlm.nih.gov/32690945/
KSERXGMCDHOLSS-LJQANCHMSA-N	https://doi.org/	10.1021/acs.jmedchem.5b00466	https://dx.doi.org/10.1021/acs.jmedchem.5b00466
KSERXGMCDHOLSS-LJQANCHMSA-N	https://doi.org/	10.1016/j.jpba.2016.03.036	https://dx.doi.org/10.1016/j.jpba.2016.03.036
BIAVGWDGIJKWRM-FQEVSTJZSA-N	https://pubmed.ncbi.nlm.nih.gov/	9190866	https://pubmed.ncbi.nlm.nih.gov/9190866
WRCGBYNVBFVRTN-UHFFFAOYSA-N	https://doi.org/	10.1158/1535-7163.MCT-19-0957	https://dx.doi.org/10.1158/1535-7163.MCT-19-0957
XNULRSOGWPFPBL-REWPJTCUSA-N	https://doi.org/	10.1021/jm100505n	https://dx.doi.org/10.1021/jm100505n
ADZBMFGQQWPHMJ-RHSMWYFYSA-N	https://doi.org/	10.1038/nm.3337	https://dx.doi.org/10.1038/nm.3337
ADZBMFGQQWPHMJ-RHSMWYFYSA-N	https://doi.org/	10.4161/onci.26968	https://dx.doi.org/10.4161/onci.26968
KYOIGHSNTIJBPW-UHFFFAOYSA-N	https://pubmed.ncbi.nlm.nih.gov/	27779865	https://www.ncbi.nlm.nih.gov/pubmed/27779865
KYOIGHSNTIJBPW-UHFFFAOYSA-N	https://pubmed.ncbi.nlm.nih.gov/	27077078	https://www.ncbi.nlm.nih.gov/pubmed/27077078
ILOIOIGZFHGSMS-UHFFFAOYSA-N	https://doi.org/	10.1021/jm049614v	https://dx.doi.org/10.1021/jm049614v
ILOIOIGZFHGSMS-UHFFFAOYSA-N	https://doi.org/	10.1074/jbc.M606646200	https://dx.doi.org/10.1074/jbc.M606646200
ILOIOIGZFHGSMS-UHFFFAOYSA-N	https://doi.org/	10.1124/jpet.104.069401	https://dx.doi.org/10.1124/jpet.104.069401
FROGGFONBYACJB-KRWDZBQOSA-N	https://doi.org/	10.1021/jm300700v	https://dx.doi.org/10.1021/jm300700v
UQZCQKXJAXKZQH-LBPRGKRZSA-N	https://doi.org/	10.1016/j.ccell.2021.06.018	https://dx.doi.org/10.1016/j.ccell.2021.06.018
JZCWLJDSIRUGIN-UHFFFAOYSA-N	https://doi.org/	10.1038/cddis.2012.181	https://dx.doi.org/10.1038/cddis.2012.181
JZCWLJDSIRUGIN-UHFFFAOYSA-N	https://doi.org/	10.1158/0008-5472.CAN-13-3369	https://dx.doi.org/10.1158/0008-5472.CAN-13-3369
LCFFREMLXLZNHE-GBOLQPHISA-N	https://doi.org/	10.1021/acs.jmedchem.1c01170	https://dx.doi.org/10.1021/acs.jmedchem.1c01170
FUIYMYNYUHVDPT-HDJSIYSDSA-N	https://doi.org/	10.1021/jm801507v	https://dx.doi.org/10.1021/jm801507v
XOPYFXBZMVTEJF-PDACKIITSA-N		http://cancerres.aacrjournals.org/content/58/6/1111.long	http://cancerres.aacrjournals.org/content/58/6/1111.long
XOPYFXBZMVTEJF-PDACKIITSA-N		http://www.pnas.org/content/96/8/4256.long	http://www.pnas.org/content/96/8/4256.long
XOPYFXBZMVTEJF-PDACKIITSA-N	https://doi.org/	10.1021/bi983023n	http://pubs.acs.org.libproxy.lib.unc.edu/doi/abs/10.1021/bi983023n
XOPYFXBZMVTEJF-PDACKIITSA-N		https://link.springer.com/article/10.1007%2Fs002800050957	https://link.springer.com/article/10.1007%2Fs002800050957
XOPYFXBZMVTEJF-PDACKIITSA-N	https://doi.org/	10.1021/ja9717828	www.doi.org/10.1021/ja9717828
XOPYFXBZMVTEJF-PDACKIITSA-N	https://pubmed.ncbi.nlm.nih.gov/	9515790	https://www.ncbi.nlm.nih.gov/pubmed/9515790
XOPYFXBZMVTEJF-PDACKIITSA-N	https://pubmed.ncbi.nlm.nih.gov/	10200249	https://www.ncbi.nlm.nih.gov/pubmed/10200249
XOPYFXBZMVTEJF-PDACKIITSA-N	https://pubmed.ncbi.nlm.nih.gov/	10220336	https://www.ncbi.nlm.nih.gov/pubmed/10220336
XOPYFXBZMVTEJF-PDACKIITSA-N	https://pubmed.ncbi.nlm.nih.gov/	10412947	https://www.ncbi.nlm.nih.gov/pubmed/10412947
GRTDDIZIUSADLD-CRAIPNDOSA-N	https://doi.org/	10.1021/acs.jmedchem.2c00834	https://dx.doi.org/10.1021/acs.jmedchem.2c00834
OXQNLLVUVDAEHC-OAQYLSRUSA-N	https://doi.org/	10.1016/j.bmcl.2012.07.060	https://dx.doi.org/10.1016/j.bmcl.2012.07.060
PKNYXWMTHFMHKD-UHFFFAOYSA-N	https://doi.org/	10.1016/S0960-894X(01)00188-3	https://dx.doi.org/10.1016/S0960-894X(01)00188-3
HRJWSEPIRZRGCL-UHFFFAOYSA-N	https://doi.org/	10.1111/j.1476-5381.2010.00730.x	https://dx.doi.org/10.1111/j.1476-5381.2010.00730.x
KBFUQFVFYYBHBT-UHFFFAOYSA-N	https://doi.org/	10.1073/pnas.97.14.8151	https://dx.doi.org/10.1073/pnas.97.14.8151
OYUDYQMFVRHPIY-UHFFFAOYSA-N	https://doi.org/	10.1021/acs.jmedchem.1c02110	https://dx.doi.org/10.1021/acs.jmedchem.1c02110
USHQRIKZLHNPQR-JTQLQIEISA-N	https://doi.org/	10.1021/acs.jmedchem.1c00343	https://dx.doi.org/10.1021/acs.jmedchem.1c00343
PQUGCKBLVKJMNT-UHFFFAOYSA-N	https://doi.org/	10.1073/pnas.95.22.13313	https://dx.doi.org/10.1073/pnas.95.22.13313
PQUGCKBLVKJMNT-UHFFFAOYSA-N	https://pubmed.ncbi.nlm.nih.gov/	12935431	https://pubmed.ncbi.nlm.nih.gov/12935431
WWOOWAHTEXIWBO-QFRSUPTLSA-N	https://doi.org/	10.1021/acsmedchemlett.8b00014	https://dx.doi.org/10.1021/acsmedchemlett.8b00014
WULUGQONDYDNKY-UHFFFAOYSA-N	https://doi.org/	10.1021/acsmedchemlett.9b00480	https://dx.doi.org/10.1021/acsmedchemlett.9b00480
WULUGQONDYDNKY-UHFFFAOYSA-N	https://doi.org/	10.1158/1535-7163.MCT-19-0789	https://dx.doi.org/10.1158/1535-7163.MCT-19-0789
CJAQCMBWGUOBIX-ZUQRMPMESA-M	https://doi.org/	10.1523/JNEUROSCI.4742-12.2013	https://dx.doi.org/10.1523/JNEUROSCI.4742-12.2013
YEVOZZZLKJKCCD-UHFFFAOYSA-N	https://doi.org/	10.1021/ml300123a	https://dx.doi.org/10.1021/ml300123a
PRNXOFBDXNTIFG-FQEVSTJZSA-N	https://doi.org/	10.18632/oncotarget.18215	https://dx.doi.org/10.18632/oncotarget.18215
PRNXOFBDXNTIFG-FQEVSTJZSA-N	https://doi.org/	10.1007/s11095-019-2735-z	https://dx.doi.org/10.1007/s11095-019-2735-z
PQOOIERVZAXHBP-UHFFFAOYSA-N	https://doi.org/	10.1038/nchembio.1157	www.doi.org/10.1038/nchembio.1157
PQOOIERVZAXHBP-UHFFFAOYSA-N	https://pubmed.ncbi.nlm.nih.gov/	23292653	http://www.ncbi.nlm.nih.gov/pubmed/23292653
COOGVHJHSCBOQT-MRVPVSSYSA-N	https://doi.org/	10.1021/jm401727m	https://dx.doi.org/10.1021/jm401727m
DLNFTRSEHUWEGO-HUUCEWRRSA-N		https://pubmed.ncbi.nlm.nih.gov/not yet available	https://pubmed.ncbi.nlm.nih.gov/not yet available
LIIWIMDSZVNYHY-UHFFFAOYSA-N		http://www.nature.com/npp/journal/v39/n2/full/npp2013207a.html	http://www.nature.com/npp/journal/v39/n2/full/npp2013207a.html
LIIWIMDSZVNYHY-UHFFFAOYSA-N	https://pubmed.ncbi.nlm.nih.gov/	23954848	https://www.ncbi.nlm.nih.gov/pubmed/23954848
PDMXSCCBEBCTGX-UHFFFAOYSA-N	https://doi.org/	10.1016/j.bmc.2017.02.045	https://dx.doi.org/10.1016/j.bmc.2017.02.045
QBIGUDRHHJTXKG-UUWRZZSWSA-N	https://doi.org/	10.1038/s41598-021-90497-9	https://dx.doi.org/10.1038/s41598-021-90497-9
JYTISQGEFSHUIR-UHFFFAOYSA-N	https://doi.org/	10.1016/j.bmcl.2021.128208	https://dx.doi.org/10.1016/j.bmcl.2021.128208
GRXCLNMCJWKTAT-UHFFFAOYSA-N	https://doi.org/	10.1021/acs.jmedchem.5b01008	https://dx.doi.org/10.1021/acs.jmedchem.5b01008
VGRLXWFIXGZRMS-UHFFFAOYSA-N		https://pubmed.ncbi.nlm.nih.gov/not yet published	https://pubmed.ncbi.nlm.nih.gov/not yet published
PGKXDIMONUAMFR-AREMUKBSSA-N	https://doi.org/	10.1016/0024-3205(92)90352-p	https://dx.doi.org/10.1016/0024-3205(92)90352-p
PWKAYICUBVNJAZ-UHFFFAOYSA-N	https://doi.org/	10.1021/acs.jmedchem.0c01712	https://dx.doi.org/10.1021/acs.jmedchem.0c01712
MSTXJJGAXXJCBY-UHFFFAOYSA-N	https://doi.org/	10.1021/jm100814g	https://dx.doi.org/10.1021/jm100814g
VHSVKVWHYFBIFJ-HKZYLEAXSA-N	https://doi.org/	10.1038/nchembio775	https://dx.doi.org/10.1038/nchembio775
IVDUVEGCMXCMSO-FQEVSTJZSA-N	https://doi.org/	10.1038/nchembio.1427	https://dx.doi.org/10.1038/nchembio.1427
WOAOENGFAAUUGT-UHFFFAOYSA-N	https://doi.org/	10.1038/s41589-019-0310-x	https://dx.doi.org/10.1038/s41589-019-0310-x
HRJWTAWVFDCTGO-UHFFFAOYSA-N	https://doi.org/	10.1021/jm049768a	https://dx.doi.org/10.1021/jm049768a
HRJWTAWVFDCTGO-UHFFFAOYSA-N	https://doi.org/	10.1124/dmd.112.048488	https://dx.doi.org/10.1124/dmd.112.048488
BZZKEPGENYLQSC-FIBGUPNXSA-N	https://doi.org/	10.1021/acs.jmedchem.9b00444	https://dx.doi.org/10.1021/acs.jmedchem.9b00444
XUKUURHRXDUEBC-KAYWLYCHSA-N	https://doi.org/	10.1021/jm800001n	https://doi.org/10.1021/jm800001n
XUKUURHRXDUEBC-KAYWLYCHSA-N	https://doi.org/	10.1124/dmd.113.054783	https://doi.org/10.1124/dmd.113.054783
XUKUURHRXDUEBC-KAYWLYCHSA-N	https://pubmed.ncbi.nlm.nih.gov/	18412317	https://pubmed.ncbi.nlm.nih.gov/18412317/
XUKUURHRXDUEBC-KAYWLYCHSA-N	https://pubmed.ncbi.nlm.nih.gov/	24194513	https://pubmed.ncbi.nlm.nih.gov/24194513/
WDHOIABIERMLGY-CMJOXMDJSA-N	https://doi.org/	10.1021/acs.jmedchem.0c01163	https://doi.org/10.1021/acs.jmedchem.0c01163
WDHOIABIERMLGY-CMJOXMDJSA-N	https://pubmed.ncbi.nlm.nih.gov/	32910656	https://pubmed.ncbi.nlm.nih.gov/32910656/
YTINZZFBHWSAGL-NDEPHWFRSA-N	https://doi.org/	10.1021/acs.jmedchem.9b01928	https://dx.doi.org/10.1021/acs.jmedchem.9b01928
VNCIWNGCMAKKEO-UHFFFAOYSA-N	https://doi.org/	10.1021/acs.jmedchem.2c01106	https://dx.doi.org/10.1021/acs.jmedchem.2c01106
VRQMAABPASPXMW-HDICACEKSA-N	https://doi.org/	10.1158/0008-5472.CAN-11-3034	www.doi.org/10.1158/0008-5472.CAN-11-3034
VRQMAABPASPXMW-HDICACEKSA-N	https://pubmed.ncbi.nlm.nih.gov/	22369928	https://www.ncbi.nlm.nih.gov/pubmed/?term=22369928
AVKAVKZKOFSSMY-DEOSSOPVSA-N	https://doi.org/	10.1021/acs.jmedchem.9b00112	https://dx.doi.org/10.1021/acs.jmedchem.9b00112
QGNDVASWIHEXCL-AWEZNQCLSA-N	https://doi.org/	10.1002/anie.201810617	www.doi.org/10.1002/anie.201810617
QGNDVASWIHEXCL-AWEZNQCLSA-N	https://doi.org/	10.1101/2021.02.08.430291	www.doi.org/10.1101/2021.02.08.430291
QGNDVASWIHEXCL-AWEZNQCLSA-N	https://pubmed.ncbi.nlm.nih.gov/	30288907	https://pubmed.ncbi.nlm.nih.gov/30288907/
QCIJLRJBZDBVDB-UHFFFAOYSA-N	https://doi.org/	10.1021/ml5002932	https://dx.doi.org/10.1021/ml5002932
ZKIRTFGYQVXNGL-UHFFFAOYSA-N	https://doi.org/	10.1021/acsmedchemlett.7b00132	https://dx.doi.org/10.1021/acsmedchemlett.7b00132
AQTNUGRRZDRZIA-UHFFFAOYSA-N	https://doi.org/	10.1021/acs.jmedchem.0c01242	www.doi.org/10.1021/acs.jmedchem.0c01242
AQTNUGRRZDRZIA-UHFFFAOYSA-N	https://pubmed.ncbi.nlm.nih.gov/	33216538	https://pubmed.ncbi.nlm.nih.gov/33216538/
RZFJBSIAXYEPBX-UHFFFAOYSA-N	https://doi.org/	10.1016/j.bmcl.2012.08.107	https://dx.doi.org/10.1016/j.bmcl.2012.08.107
IXWUILRSNIQHDM-QGZVFWFLSA-N	https://doi.org/	10.1101/2021.02.08.430291	https://doi.org/10.1101/2021.02.08.430291
INAICWLVUAKEPB-QSTFCLMHSA-N		http://advances.sciencemag.org/content/1/10/e1500723	http://advances.sciencemag.org/content/1/10/e1500723
INAICWLVUAKEPB-QSTFCLMHSA-N	https://doi.org/	10.1021/acs.jmedchem.6b00012	http://pubs.acs.org/doi/abs/10.1021/acs.jmedchem.6b00012
INAICWLVUAKEPB-QSTFCLMHSA-N	https://doi.org/	10.1172/JCI123557	www.doi.org/10.1172/JCI123557
INAICWLVUAKEPB-QSTFCLMHSA-N	https://doi.org/	10.1158/0008-5472.CAN-14-3798	www.doi.org/10.1158/0008-5472.CAN-14-3798
INAICWLVUAKEPB-QSTFCLMHSA-N	https://pubmed.ncbi.nlm.nih.gov/	26702435	https://www.ncbi.nlm.nih.gov/pubmed/26702435
INAICWLVUAKEPB-QSTFCLMHSA-N	https://pubmed.ncbi.nlm.nih.gov/	27115555	https://www.ncbi.nlm.nih.gov/pubmed/27115555
INAICWLVUAKEPB-QSTFCLMHSA-N	https://pubmed.ncbi.nlm.nih.gov/	26139243	https://www.ncbi.nlm.nih.gov/pubmed/26139243
INAICWLVUAKEPB-QSTFCLMHSA-N	https://pubmed.ncbi.nlm.nih.gov/	30496141	https://www.ncbi.nlm.nih.gov/pubmed/30496141
GWGNPYYVGANHRJ-GDBMZVCRSA-N	https://doi.org/	10.3324/haematol.2018.213462	https://dx.doi.org/10.3324/haematol.2018.213462
AUOSKLDNVNGKRR-UHFFFAOYSA-N	https://doi.org/	10.1021/acs.jmedchem.8b01213	https://dx.doi.org/10.1021/acs.jmedchem.8b01213
KGXBCWANASZZQG-UHFFFAOYSA-N	https://doi.org/	10.1016/j.bmcl.2017.08.016	https://dx.doi.org/10.1016/j.bmcl.2017.08.016
ZRTFTZCKJUNZIU-HNNXBMFYSA-N	https://doi.org/	10.1101/2021.02.08.430291	www.doi.org/10.1101/2021.02.08.430291
CZKPAGLXQOQNEI-UHFFFAOYSA-N	https://doi.org/	10.1002/cmdc.201700196/abstract;jsessionid=E1DA8D079D35506DB622BB1A87D3121B.f02t01	http://onlinelibrary.wiley.com/doi/10.1002/cmdc.201700196/abstract;jsessionid=E1DA8D079D35506DB622BB1A87D3121B.f02t01
CZKPAGLXQOQNEI-UHFFFAOYSA-N	https://pubmed.ncbi.nlm.nih.gov/	28523727	https://www.ncbi.nlm.nih.gov/pubmed/28523727
JKJMWHULJIOKPJ-UHFFFAOYSA-N	https://doi.org/	10.1038/nchembio.1105	https://dx.doi.org/10.1038/nchembio.1105
TXJZRSRTYPUYRW-GHTZIAJQSA-N		http://www.sciencedirect.com/science/article/pii/S1074552108000835	http://www.sciencedirect.com/science/article/pii/S1074552108000835
TXJZRSRTYPUYRW-GHTZIAJQSA-N		http://www.cell.com/cell/abstract/S0092-8674(13)01544-4	http://www.cell.com/cell/abstract/S0092-8674(13)01544-4
TXJZRSRTYPUYRW-GHTZIAJQSA-N	https://pubmed.ncbi.nlm.nih.gov/	18355723	http://www.ncbi.nlm.nih.gov/pubmed/18355723
TXJZRSRTYPUYRW-GHTZIAJQSA-N	https://pubmed.ncbi.nlm.nih.gov/	24439385	http://www.ncbi.nlm.nih.gov/pubmed/24439385
ARYUXFNGXHNNDM-UHFFFAOYSA-N	https://doi.org/	10.1021/jm9005065	https://dx.doi.org/10.1021/jm9005065
WQAVGRAETZEADU-UHFFFAOYSA-N	https://doi.org/	10.1021/acs.jmedchem.1c01012	https://dx.doi.org/10.1021/acs.jmedchem.1c01012
MLJVGAYSVYMPSB-MSUKGTQXSA-N	https://doi.org/	10.1038/s41467-020-16271-z	https://dx.doi.org/10.1038/s41467-020-16271-z
CDJPHTNUARAVMH-SECBINFHSA-N	https://doi.org/	10.1021/acs.jmedchem.5b01528	https://pubs.acs.org/doi/10.1021/acs.jmedchem.5b01528
HFNKQEVNSGCOJV-OAHLLOKOSA-N		http://www.bloodjournal.org/content/early/2010/02/03/blood-2009-04-214957	http://www.bloodjournal.org/content/early/2010/02/03/blood-2009-04-214957
HFNKQEVNSGCOJV-OAHLLOKOSA-N	https://pubmed.ncbi.nlm.nih.gov/	20130243	http://www.ncbi.nlm.nih.gov/pubmed/20130243
OQFCHSFVWSLDAO-UHFFFAOYSA-N	https://doi.org/	10.1038/s41589-020-0506-0	https://dx.doi.org/10.1038/s41589-020-0506-0
WSEQXVZVJXJVFP-FQEVSTJZSA-N	https://doi.org/	10.1038/nature17629	https://dx.doi.org/10.1038/nature17629
WSEQXVZVJXJVFP-FQEVSTJZSA-N	https://doi.org/	10.1124/dmd.112.045682	https://dx.doi.org/10.1124/dmd.112.045682
AJBBEYXFRYFVNM-UHFFFAOYSA-N	https://doi.org/	10.1021/jm990421v	https://dx.doi.org/10.1021/jm990421v
HNOLTAKAPDKZRY-AWEZNQCLSA-N	https://doi.org/	10.1038/s41589-019-0225-6	https://dx.doi.org/10.1038/s41589-019-0225-6
KJDAGXLMHXUAGV-DGWLBADLSA-N	https://doi.org/	10.1038/nm.4474	www.doi.org/10.1038/nm.4474
KJDAGXLMHXUAGV-DGWLBADLSA-N	https://doi.org/	10.1016/j.str.2017.05.001	www.doi.org/10.1016/j.str.2017.05.001
KJDAGXLMHXUAGV-DGWLBADLSA-N	https://doi.org/	10.1038/s41375-018-0167-0	www.doi.org/10.1038/s41375-018-0167-0
KJDAGXLMHXUAGV-DGWLBADLSA-N	https://pubmed.ncbi.nlm.nih.gov/	29334375	https://pubmed.ncbi.nlm.nih.gov/29334375/
KJDAGXLMHXUAGV-DGWLBADLSA-N	https://pubmed.ncbi.nlm.nih.gov/	28578874	https://pubmed.ncbi.nlm.nih.gov/28578874
KJDAGXLMHXUAGV-DGWLBADLSA-N	https://pubmed.ncbi.nlm.nih.gov/	29884901	https://pubmed.ncbi.nlm.nih.gov/29884901
FLNYLINBEZROPL-NSOVKSMOSA-N	https://doi.org/	10.1021/jm2017072	https://dx.doi.org/10.1021/jm2017072
CMJJZRAAQMUAFH-INIZCTEOSA-N	https://doi.org/	10.1021/acs.jmedchem.6b00140	https://dx.doi.org/10.1021/acs.jmedchem.6b00140
MSIJJXOWLFOYIN-UHFFFAOYSA-N	https://doi.org/	10.1039/d0ob00506a	https://dx.doi.org/ 10.1039/d0ob00506a
FFLJVBPCONQSQW-UHFFFAOYSA-N		https://pubmed.ncbi.nlm.nih.gov/Peer Reviewed at SGC	https://pubmed.ncbi.nlm.nih.gov/Peer Reviewed at SGC
IESAJAZKMLPVIB-VXGBXAGGSA-N	https://doi.org/	10.1021/acs.jmedchem.2c01830	https://dx.doi.org/10.1021/acs.jmedchem.2c01830
PEMUGDMSUDYLHU-ZEQRLZLVSA-N	https://doi.org/	10.1021/acs.jmedchem.9b02052	https://doi.org/10.1021/acs.jmedchem.9b02052
PEMUGDMSUDYLHU-ZEQRLZLVSA-N	https://doi.org/	10.1158/2159-8290.CD-19-1167	www.doi.org/10.1158/2159-8290.CD-19-1167
PEMUGDMSUDYLHU-ZEQRLZLVSA-N	https://pubmed.ncbi.nlm.nih.gov/	32250617	https://pubmed.ncbi.nlm.nih.gov/32250617/
PEMUGDMSUDYLHU-ZEQRLZLVSA-N	https://pubmed.ncbi.nlm.nih.gov/	31658955	https://pubmed.ncbi.nlm.nih.gov/31658955/
NXQKSXLFSAEQCZ-SFHVURJKSA-N	https://doi.org/	10.1021/acs.jmedchem.9b01180	https://doi.org/10.1021/acs.jmedchem.9b01180
NXQKSXLFSAEQCZ-SFHVURJKSA-N	https://doi.org/	10.1038/s41586-019-1694-1	https://doi.org/10.1038/s41586-019-1694-1
NXQKSXLFSAEQCZ-SFHVURJKSA-N	https://pubmed.ncbi.nlm.nih.gov/	31820981	https://pubmed.ncbi.nlm.nih.gov/31820981/
NXQKSXLFSAEQCZ-SFHVURJKSA-N	https://pubmed.ncbi.nlm.nih.gov/	31666701	https://pubmed.ncbi.nlm.nih.gov/31666701/
CAPZLSKZPWSIKV-LJQANCHMSA-N		https://pubmed.ncbi.nlm.nih.gov/Peer reviewed at SGC	https://pubmed.ncbi.nlm.nih.gov/Peer reviewed at SGC
RIGHCDSORZCRDE-UHFFFAOYSA-N		https://pubmed.ncbi.nlm.nih.gov/Peer reviewed at SGC	https://pubmed.ncbi.nlm.nih.gov/Peer reviewed at SGC
RAXZSEGXMBWYQK-SNVBAGLBSA-N	https://doi.org/	10.7554/eLife.34311	https://dx.doi.org/10.7554/eLife.34311
MVCOAUNKQVWQHZ-UHFFFAOYSA-N	https://doi.org/	10.1021/jm030121k	https://dx.doi.org/10.1021/jm030121k
RHFIAUKMKYHHFA-UHFFFAOYSA-N	https://doi.org/	10.1021/jm5013984	www.doi.org/10.1021/jm5013984
RHFIAUKMKYHHFA-UHFFFAOYSA-N	https://doi.org/	10.1021/acs.jmedchem.5b01072	www.doi.org/10.1021/acs.jmedchem.5b01072
RHFIAUKMKYHHFA-UHFFFAOYSA-N	https://pubmed.ncbi.nlm.nih.gov/	25341110	https://pubmed.ncbi.nlm.nih.gov/25341110/
RHFIAUKMKYHHFA-UHFFFAOYSA-N	https://pubmed.ncbi.nlm.nih.gov/	26431428	https://pubmed.ncbi.nlm.nih.gov/26431428/
LUVOYGUFQRWXGQ-UHFFFAOYSA-N	https://doi.org/	10.1158/1538-7445.AM2022-2133	https://dx.doi.org/10.1158/1538-7445.AM2022-2133
MCLDWKVRXDHDEI-UHFFFAOYSA-N	https://doi.org/	10.7554/eLife.88206	https://dx.doi.org/10.7554/eLife.88206
VSMTYSWGHKYXOF-UHFFFAOYSA-N	https://doi.org/	10.1021/acsmedchemlett.1c00273	https://dx.doi.org/10.1021/acsmedchemlett.1c00273
NWTCZTAQSRLSCP-UHFFFAOYSA-N	https://doi.org/	10.7554/eLife.45457	https://dx.doi.org/10.7554/eLife.45457
DRSZMILOMUPIBJ-UHFFFAOYSA-N	https://doi.org/	10.1021/ml500240d	https://dx.doi.org/10.1021/ml500240d
ZLHFILGSQDJULK-UHFFFAOYSA-N	https://doi.org/	10.1021/cb100053q	https://dx.doi.org/10.1021/cb100053q
ZLHFILGSQDJULK-UHFFFAOYSA-N	https://doi.org/	10.1158/1078-0432.CCR-11-1536	https://dx.doi.org/10.1158/1078-0432.CCR-11-1536
CWLAIOPWFOOJHQ-QHCPKHFHSA-N	https://doi.org/	10.1021/acs.jmedchem.3c00393	https://dx.doi.org/10.1021/acs.jmedchem.3c00393
NCDZABJPWMBMIQ-INIZCTEOSA-N	https://doi.org/	10.1021/jm300592r	https://dx.doi.org/10.1021/jm300592r
XDJGNPSZQSWJCV-UHFFFAOYSA-N	https://doi.org/	10.1021/acs.jmedchem.6b01634	https://dx.doi.org/10.1021/acs.jmedchem.6b01634
UZWDCWONPYILKI-UHFFFAOYSA-N	https://doi.org/	10.1007/s10637-014-0120-7	https://dx.doi.org/10.1007/s10637-014-0120-7
QJZQFVRFJCGDKF-UHFFFAOYSA-N	https://doi.org/	10.1021/jm901771h	https://dx.doi.org/10.1021/jm901771h
YOVVNQKCSKSHKT-HNNXBMFYSA-N	https://doi.org/	10.1021/jm2009327	https://dx.doi.org/10.1021/jm2009327
GBLBJPZSROAGMF-RWYJCYHVSA-N	https://doi.org/	10.1016/j.bmcl.2021.128149	https://dx.doi.org/10.1016/j.bmcl.2021.128149
HWVNEWGKWRGSRK-UHFFFAOYSA-N	https://doi.org/	10.1016/s0960-894x(03)00207-5	https://dx.doi.org/10.1016/s0960-894x(03)00207-5
KVLFRAWTRWDEDF-IRXDYDNUSA-N	https://doi.org/	10.1158/0008-5472.CAN-09-1751	https://dx.doi.org/10.1158/0008-5472.CAN-09-1751
HFLMLZKGLUEWBU-UHFFFAOYSA-N	https://doi.org/	10.1021/ml200070g	https://dx.doi.org/10.1021/ml200070g
UKBQFBRPXKGJPY-INIZCTEOSA-N	https://doi.org/	10.1021/acs.jmedchem.2c01200	https://dx.doi.org/10.1021/acs.jmedchem.2c01200
OAZAPIKYVGRNCO-UHFFFAOYSA-N	https://doi.org/	10.1021/acs.jmedchem.1c02078	https://dx.doi.org/10.1021/acs.jmedchem.1c02078
RSMYFSPOTCDHHJ-GOSISDBHSA-N	https://doi.org/	10.1021/acs.jmedchem.6b00070	https://dx.doi.org/10.1021/acs.jmedchem.6b00070
GOOYSJIWTIHOGW-UHFFFAOYSA-N	https://doi.org/	10.1124/jpet.116.235333	https://dx.doi.org/10.1124/jpet.116.235333
JKDGKIBAOAFRPJ-ZBINZKHDSA-N	https://doi.org/	10.1021/acs.jmedchem.7b00231	https://dx.doi.org/10.1021/acs.jmedchem.7b00231
SJHNWSAWWOAWJH-MRXNPFEDSA-N	https://doi.org/	10.1021/acsmedchemlett.0c00255	https://dx.doi.org/10.1021/acsmedchemlett.0c00255
DJVYXMINSBMUHH-QAQDUYKDSA-N	https://doi.org/	10.1021/acs.jmedchem.7b01290	https://dx.doi.org/10.1021/acs.jmedchem.7b01290
CDQQWCLOMUMQMM-UHFFFAOYSA-N	https://doi.org/	10.1021/acs.jmedchem.7b01254	https://dx.doi.org/10.1021/acs.jmedchem.7b01254
RQFYFNAGNBUGFC-UHFFFAOYSA-N	https://doi.org/	10.1002/anie.201603797	https://dx.doi.org/10.1002/anie.201603797
COGUZYALRYMQTD-LJQANCHMSA-N	https://doi.org/	10.1021/acs.jmedchem.9b01929	https://dx.doi.org/10.1021/acs.jmedchem.9b01929
WQVPGYMGERDXLH-UHFFFAOYSA-N	https://doi.org/	10.1021/acsmedchemlett.0c00378	https://dx.doi.org/10.1021/acsmedchemlett.0c00378
IWMCPJZTADUIFX-UHFFFAOYSA-N	https://doi.org/	10.1038/nchembio.538	https://dx.doi.org/10.1038/nchembio.538
FWJRVGZWNDOOFH-OAHLLOKOSA-N	https://doi.org/	10.1038/nchembio804	https://dx.doi.org/10.1038/nchembio804
QJSFLEBIQZMJQF-UHFFFAOYSA-N	https://doi.org/	10.1016/j.ejmech.2021.113889	https://dx.doi.org/10.1016/j.ejmech.2021.113889
NIPTUMFVYBXSMZ-JOCHJYFZSA-N	https://doi.org/	10.1021/acs.jmedchem.0c02160	https://dx.doi.org/10.1021/acs.jmedchem.0c02160
WDBUEMWHXKHQNB-NNAUULPKSA-N	https://doi.org/	10.1002/anie.202101328	https://dx.doi.org/10.1002/anie.202101328
LWXOPXNDPRPGMJ-UHFFFAOYSA-N	https://doi.org/	10.1016/j.chembiol.2020.08.014	https://dx.doi.org/10.1016/j.chembiol.2020.08.014
KOZGEDUWAQFVAV-UHFFFAOYSA-N	https://doi.org/	10.1038/s41589-021-00898-0	https://dx.doi.org/10.1038/s41589-021-00898-0
DMUSMYYDKCXFKR-MRJIRHQNSA-N	https://doi.org/	10.1016/j.ejmech.2021.113481	https://dx.doi.org/10.1016/j.ejmech.2021.113481
VNSQFPFWUAZOTQ-UHFFFAOYSA-N	https://doi.org/	10.1016/j.chembiol.2023.07.005	https://dx.doi.org/10.1016/j.chembiol.2023.07.005
LXRBPWHQMGKMRT-GOSISDBHSA-N	https://doi.org/	10.1021/acs.jmedchem.2c01933	https://dx.doi.org/10.1021/acs.jmedchem.2c01933
XUOJHVFYSAMHNK-GWMXKSKGSA-N	https://doi.org/	10.1021/acs.jmedchem.3c00788	https://dx.doi.org/10.1021/acs.jmedchem.3c00788
IVOACCSOISMVBL-UHFFFAOYSA-N	https://doi.org/	10.1016/j.bmcl.2020.127243	https://dx.doi.org/10.1016/j.bmcl.2020.127243
HEUVRFNVTLGKMZ-SANMLTNESA-N	https://doi.org/	10.1158/1078-0432.CCR-04-2041	www.doi.org/10.1158/1078-0432.CCR-04-2041
HEUVRFNVTLGKMZ-SANMLTNESA-N	https://doi.org/	10.1158/1078-0432.CCR-04-2386	www.doi.org/10.1158/1078-0432.CCR-04-2386
HEUVRFNVTLGKMZ-SANMLTNESA-N	https://doi.org/	10.1016/j.healun.2004.06.006	www.doi.org/10.1016/j.healun.2004.06.006
HEUVRFNVTLGKMZ-SANMLTNESA-N	https://doi.org/	10.1126/science.1124875	www.doi.org/10.1126/science.1124875
HEUVRFNVTLGKMZ-SANMLTNESA-N	https://doi.org/	10.1097/00001813-200511000-00004	www.doi.org/10.1097/00001813-200511000-00004
HEUVRFNVTLGKMZ-SANMLTNESA-N	https://pubmed.ncbi.nlm.nih.gov/	15837760	https://pubmed.ncbi.nlm.nih.gov/15837760/
HEUVRFNVTLGKMZ-SANMLTNESA-N	https://pubmed.ncbi.nlm.nih.gov/	15930366	https://pubmed.ncbi.nlm.nih.gov/15930366/
HEUVRFNVTLGKMZ-SANMLTNESA-N	https://pubmed.ncbi.nlm.nih.gov/	16143263	https://pubmed.ncbi.nlm.nih.gov/16143263/
HEUVRFNVTLGKMZ-SANMLTNESA-N	https://pubmed.ncbi.nlm.nih.gov/	16484451	https://pubmed.ncbi.nlm.nih.gov/16484451/
HEUVRFNVTLGKMZ-SANMLTNESA-N	https://pubmed.ncbi.nlm.nih.gov/	16222147	https://pubmed.ncbi.nlm.nih.gov/16222147/
DNVXATUJJDPFDM-KRWDZBQOSA-N	https://doi.org/	10.1038/nature09504	www.doi.org/10.1038/nature09504
DNVXATUJJDPFDM-KRWDZBQOSA-N	https://pubmed.ncbi.nlm.nih.gov/	20871596	http://www.ncbi.nlm.nih.gov/pubmed/20871596
NZYTZRHHBAJPKN-UHFFFAOYSA-N	https://doi.org/	10.1038/s41467-019-13652-x	www.doi.org/10.1038/s41467-019-13652-x
NZYTZRHHBAJPKN-UHFFFAOYSA-N	https://pubmed.ncbi.nlm.nih.gov/	31848333	https://pubmed.ncbi.nlm.nih.gov/31848333
RCINICONZNJXQF-MZXODVADSA-N		https://www.nature.com/nature/journal/v277/n5698/abs/277665a0.html	https://www.nature.com/nature/journal/v277/n5698/abs/277665a0.html
RCINICONZNJXQF-MZXODVADSA-N		http://www.jbc.org/content/269/5/3132.long	http://www.jbc.org/content/269/5/3132.long
RCINICONZNJXQF-MZXODVADSA-N		http://www.cell.com/cell/fulltext/S0092-8674(14)00483-8?_returnURL=http%3A%2F%2Flinkinghub.elsevier.com%2Fretrieve%2Fpii%2FS0092867414004838%3Fshowall%3Dtrue	http://www.cell.com/cell/fulltext/S0092-8674(14)00483-8?_returnURL=http%3A%2F%2Flinkinghub.elsevier.com%2Fretrieve%2Fpii%2FS0092867414004838%3Fshowall%3Dtrue
RCINICONZNJXQF-MZXODVADSA-N		http://www.sciencedirect.com/science/article/pii/S0022283617300153	http://www.sciencedirect.com/science/article/pii/S0022283617300153
RCINICONZNJXQF-MZXODVADSA-N		http://www.pnas.org/content/96/8/4256.long	http://www.pnas.org/content/96/8/4256.long
RCINICONZNJXQF-MZXODVADSA-N	https://pubmed.ncbi.nlm.nih.gov/	423966	https://www.ncbi.nlm.nih.gov/pubmed/423966
RCINICONZNJXQF-MZXODVADSA-N	https://pubmed.ncbi.nlm.nih.gov/	7906266	https://www.ncbi.nlm.nih.gov/pubmed/7906266
RCINICONZNJXQF-MZXODVADSA-N	https://pubmed.ncbi.nlm.nih.gov/	24855948	https://www.ncbi.nlm.nih.gov/pubmed/24855948
RCINICONZNJXQF-MZXODVADSA-N	https://pubmed.ncbi.nlm.nih.gov/	28104363	https://www.ncbi.nlm.nih.gov/pubmed/28104363
RCINICONZNJXQF-MZXODVADSA-N	https://pubmed.ncbi.nlm.nih.gov/	9491787	https://www.ncbi.nlm.nih.gov/pubmed/9491787
RCINICONZNJXQF-MZXODVADSA-N	https://pubmed.ncbi.nlm.nih.gov/	10200249	https://www.ncbi.nlm.nih.gov/pubmed/10200249
BDYDINKSILYBOL-WMZHIEFXSA-N	https://doi.org/	10.1038/nchembio.1735	www.doi.org/10.1038/nchembio.1735
BDYDINKSILYBOL-WMZHIEFXSA-N	https://pubmed.ncbi.nlm.nih.gov/	25622091	http://www.ncbi.nlm.nih.gov/pubmed/25622091
DUCNNEYLFOQFSW-PMERELPUSA-N	https://doi.org/	10.1038/nchembio.1930	www.doi.org/10.1038/nchembio.1930
DUCNNEYLFOQFSW-PMERELPUSA-N	https://pubmed.ncbi.nlm.nih.gov/	26436839	http://www.ncbi.nlm.nih.gov/pubmed/26436839
RPBMXJHQYJLPDN-UHFFFAOYSA-N	https://doi.org/	10.1021/acs.jmedchem.9b01980	https://dx.doi.org/10.1021/acs.jmedchem.9b01980
RNEOHKZPZKEZCQ-UHFFFAOYSA-N	https://doi.org/	10.1021/acs.jmedchem.6b01379	https://dx.doi.org/10.1021/acs.jmedchem.6b01379
UYKVJQCPBDDIFD-ZSEKCTLFSA-N	https://doi.org/	10.1021/acsmedchemlett.9b00186	https://dx.doi.org/10.1021/acsmedchemlett.9b00186
RMCSKUADBRROSI-UHFFFAOYSA-N	https://doi.org/	10.1021/jm049039v	https://dx.doi.org/10.1021/jm049039v
RWRSKMSFZCQDMQ-UHFFFAOYSA-N	https://doi.org/	10.1021/acs.jmedchem.1c01942	https://dx.doi.org/10.1021/acs.jmedchem.1c01942
RIWTUJFFSTVYPW-UHFFFAOYSA-N	https://doi.org/	10.1021/acs.jmedchem.0c00395	https://dx.doi.org/10.1021/acs.jmedchem.0c00395
QARLNMDDSQMINK-BVRKHOPBSA-N	https://doi.org/	10.1158/2159-8290.CD-21-1156	https://dx.doi.org/10.1158/2159-8290.CD-21-1156
HKASDKLLEVWKJA-YADARESESA-N	https://doi.org/	10.1021/jm500431d	https://dx.doi.org/10.1021/jm500431d
MDUYWDNWFXSMJJ-XWLWVQCSSA-N	https://doi.org/	10.1021/acs.jmedchem.0c00944	https://dx.doi.org/10.1021/acs.jmedchem.0c00944
XRDVXQQZLHVEQZ-UHFFFAOYSA-N	https://doi.org/	10.1021/jm4008664	https://dx.doi.org/10.1021/jm4008664
MZBOZBMARIQZGX-GRRGFIRHSA-N	https://doi.org/	10.1021/jm4005708	http://pubs.acs.org/doi/abs/10.1021/jm4005708
MZBOZBMARIQZGX-GRRGFIRHSA-N	https://pubmed.ncbi.nlm.nih.gov/	23786219	https://www.ncbi.nlm.nih.gov/pubmed/23786219
LZNFQRSVDZCPTR-SCFUHWHPSA-N		http://pubs.rsc.org/is/content/articlelanding/2015/sc/c5sc01351h#!divAbstract	http://pubs.rsc.org/is/content/articlelanding/2015/sc/c5sc01351h#!divAbstract
LZNFQRSVDZCPTR-SCFUHWHPSA-N	https://doi.org/	10.1021/ja4099643	http://pubs.acs.org/doi/abs/10.1021/ja4099643
LZNFQRSVDZCPTR-SCFUHWHPSA-N	https://pubmed.ncbi.nlm.nih.gov/	24138456	https://www.ncbi.nlm.nih.gov/pubmed/24138456
UNRTVIQQMJRQLZ-UHFFFAOYSA-N	https://doi.org/	10.1038/s43018-023-00577-0	https://dx.doi.org/10.1038/s43018-023-00577-0
LQHDIGAYVSAVRJ-UHFFFAOYSA-N		http://www.nature.com/nchembio/journal/vaop/ncurrent/full/nchembio.2210.html	http://www.nature.com/nchembio/journal/vaop/ncurrent/full/nchembio.2210.html
LQHDIGAYVSAVRJ-UHFFFAOYSA-N	https://pubmed.ncbi.nlm.nih.gov/	27775716	https://www.ncbi.nlm.nih.gov/pubmed/?term=27775716
BWBUPDTUXQDHSX-AWEZNQCLSA-N	https://doi.org/	10.1021/acs.jmedchem.9b01803	https://dx.doi.org/10.1021/acs.jmedchem.9b01803
ZRHWCAFAIHTQKD-QGZVFWFLSA-N	https://doi.org/	10.1073/pnas.1015248108	https://dx.doi.org/ 10.1073/pnas.1015248108
CQAPXPSWLDAVEG-UHFFFAOYSA-N	https://doi.org/	10.1021/acs.jmedchem.1c02078	https://dx.doi.org/10.1021/acs.jmedchem.1c02078
YNVKFHIWFDRVNY-UHFFFAOYSA-N	https://doi.org/	10.1021/jm301258w	https://dx.doi.org/10.1021/jm301258w
OBJNFLYHUXWUPF-IZZDOVSWSA-N	https://doi.org/	10.1038/nature13393	www.doi.org/10.1038/nature13393
OBJNFLYHUXWUPF-IZZDOVSWSA-N	https://pubmed.ncbi.nlm.nih.gov/	25043025	http://www.ncbi.nlm.nih.gov/pubmed/25043025
QVQHWPLHUNEREE-UHFFFAOYSA-N	https://doi.org/	10.1021/acs.jmedchem.2c01693	https://dx.doi.org/10.1021/acs.jmedchem.2c01693
XVFDNRYZXDHTHT-PXAZEXFGSA-N	https://doi.org/	10.1158/2159-8290.CD-20-0142	https://dx.doi.org/10.1158/2159-8290.CD-20-0142
IVYQPSHHYIAUFO-VXKWHMMOSA-N	https://doi.org/	10.1124/jpet.108.139295	https://dx.doi.org/10.1124/jpet.108.139295
IVYQPSHHYIAUFO-VXKWHMMOSA-N	https://doi.org/	10.1124/jpet.107.134551	https://dx.doi.org/10.1124/jpet.107.134551
RVOZYMPVGIVNJX-UHFFFAOYSA-N	https://doi.org/	10.1021/acs.jmedchem.2c01267	https://dx.doi.org/10.1021/acs.jmedchem.2c01267
DFQGDHBGRSTTHX-UHFFFAOYSA-N	https://doi.org/	10.1021/jm2008369	https://dx.doi.org/10.1021/jm2008369
HNIFCPBQMKPRCX-UHFFFAOYSA-N	https://doi.org/	10.1016/j.bmcl.2009.11.097	https://dx.doi.org/10.1016/j.bmcl.2009.11.097
REQQVBGILUTQNN-UHFFFAOYSA-N	https://doi.org/	10.1021/acs.jmedchem.7b00032	https://dx.doi.org/10.1021/acs.jmedchem.7b00032
YJPWVCIGSHWNON-UHFFFAOYSA-N	https://doi.org/	10.1016/S0960-894X(98)00469-7	https://dx.doi.org/10.1016/S0960-894X(98)00469-7
YJPWVCIGSHWNON-UHFFFAOYSA-N	https://doi.org/	10.1124/jpet.109.165084	https://dx.doi.org/10.1124/jpet.109.165084
MCIACXAZCBVDEE-CUUWFGFTSA-N	https://doi.org/	10.1021/jm200049r	https://dx.doi.org/10.1021/jm200049r
TVMJSGGZULFVCZ-XMMPIXPASA-N	https://doi.org/	10.1038/sj.bjp.0702084	https://dx.doi.org/10.1038/sj.bjp.0702084
ZAGCLFXBHOXXEN-JPTLTNPLSA-N	https://doi.org/	10.1021/acs.jmedchem.8b01413	www.doi.org/10.1021/acs.jmedchem.8b01413
ZAGCLFXBHOXXEN-JPTLTNPLSA-N	https://pubmed.ncbi.nlm.nih.gov/	30540463	https://pubmed.ncbi.nlm.nih.gov/30540463/
YIHHYCIYAIVQKX-MBIULKOWSA-N	https://doi.org/	10.1158/1535-7163.MCT-21-0615	https://dx.doi.org/10.1158/1535-7163.MCT-21-0615
MSFPLTWUFWOKBX-IFXJQAMLSA-O	https://doi.org/	10.1002/anie.201610816/abstract	http://onlinelibrary.wiley.com/doi/10.1002/anie.201610816/abstract
MSFPLTWUFWOKBX-IFXJQAMLSA-O	https://pubmed.ncbi.nlm.nih.gov/	27966810	https://www.ncbi.nlm.nih.gov/pubmed/27966810
BBIPVJCGIASXJB-PKTZIBPZSA-N	https://doi.org/	10.1021/acs.jmedchem.5b01751	https://dx.doi.org/10.1021/acs.jmedchem.5b01751
BBIPVJCGIASXJB-PKTZIBPZSA-N	https://doi.org/	10.1007/s00213-016-4346-2	https://dx.doi.org/10.1007/s00213-016-4346-2
SPMVMDHWKHCIDT-UHFFFAOYSA-N	https://doi.org/	10.1158/0008-5472.CAN-05-4290	https://dx.doi.org/10.1158/0008-5472.CAN-05-4290
ZRPZPNYZFSJUPA-UHFFFAOYSA-N	https://doi.org/	10.1016/j.cell.2018.01.006	www.doi.org/10.1016/j.cell.2018.01.006
ZRPZPNYZFSJUPA-UHFFFAOYSA-N	https://doi.org/	10.1158/1078-0432.CCR-19-3523	www.doi.org/10.1158/1078-0432.CCR-19-3523
ZRPZPNYZFSJUPA-UHFFFAOYSA-N	https://doi.org/	10.1038/s41467-020-16309-2	www.doi.org/10.1038/s41467-020-16309-2
ZRPZPNYZFSJUPA-UHFFFAOYSA-N	https://pubmed.ncbi.nlm.nih.gov/	29373830	https://pubmed.ncbi.nlm.nih.gov/29373830
ZRPZPNYZFSJUPA-UHFFFAOYSA-N	https://pubmed.ncbi.nlm.nih.gov/	31776128	https://pubmed.ncbi.nlm.nih.gov/31776128
ZRPZPNYZFSJUPA-UHFFFAOYSA-N	https://pubmed.ncbi.nlm.nih.gov/	32499547	https://pubmed.ncbi.nlm.nih.gov/32499547
NDRFFOKFYGUOKD-ZDUSSCGKSA-N	https://doi.org/	10.1021/acsmedchemlett.2c00502	https://dx.doi.org/10.1021/acsmedchemlett.2c00502
PJKRNPPUSQSCHN-UHFFFAOYSA-N	https://doi.org/	10.1016/j.ejmech.2023.116038	https://dx.doi.org/10.1016/j.ejmech.2023.116038
BLSNYSFLZAWBIV-SFHVURJKSA-N	https://doi.org/	10.1038/nature24451	https://dx.doi.org/10.1038/nature24451
QGPXEIMWTKWHMH-DEOSSOPVSA-N	https://doi.org/	10.1021/jm501185j	https://dx.doi.org/10.1021/jm501185j
AAHNBILIYONQLX-UHFFFAOYSA-N	https://doi.org/	10.1016/j.bmcl.2015.06.032	https://dx.doi.org/10.1016/j.bmcl.2015.06.032
FRPJGTNLZNXQEX-UHFFFAOYSA-N	https://doi.org/	10.1073/pnas.0308292101	https://dx.doi.org/10.1073/pnas.0308292101
FRPJGTNLZNXQEX-UHFFFAOYSA-N	https://doi.org/	10.1021/jm030505a	https://dx.doi.org/10.1021/jm030505a
WDZVWDXOIGQJIO-UHFFFAOYSA-N	https://doi.org/	10.1016/j.bmcl.2005.10.009	https://dx.doi.org/10.1016/j.bmcl.2005.10.009
WDZVWDXOIGQJIO-UHFFFAOYSA-N	https://doi.org/	10.1124/jpet.105.100271	https://dx.doi.org/10.1124/jpet.105.100271
LWJGMYMNSNVCEM-UHFFFAOYSA-N	https://doi.org/	10.1111/j.1476-5381.2011.01495.x	https://dx.doi.org/10.1111/j.1476-5381.2011.01495.x
BEBDKSYNJJVZSO-SECBINFHSA-N	https://doi.org/	10.1016/j.bmc.2021.116576	https://dx.doi.org/10.1016/j.bmc.2021.116576
SWOIFXHMBKFCRM-UHFFFAOYSA-N	https://doi.org/	10.1002/anie.202217532	https://dx.doi.org/10.1002/anie.202217532
FOECKIWHCOYYFL-UHFFFAOYSA-N	https://doi.org/	10.1016/j.bmcl.2010.12.113	https://dx.doi.org/10.1016/j.bmcl.2010.12.113
UNSHMXUHOHBLIQ-UHFFFAOYSA-N	https://doi.org/	10.1021/acs.jmedchem.2c00441	https://dx.doi.org/10.1021/acs.jmedchem.2c00441
ZGBAPSHWPBXEKN-OPHFCASCSA-N		https://pubmed.ncbi.nlm.nih.gov/SGC	https://pubmed.ncbi.nlm.nih.gov/SGC
QVIWDCUKIZPUBD-WLRWWHNQSA-N	https://doi.org/	10.1038/s41589-021-00900-9	https://dx.doi.org/10.1038/s41589-021-00900-9
XFYUTGIEFKGWND-NRFANRHFSA-N	https://doi.org/	10.1021/jm500550e	www.doi.org/10.1021/jm500550e
XFYUTGIEFKGWND-NRFANRHFSA-N	https://pubmed.ncbi.nlm.nih.gov/	24918870	https://www.ncbi.nlm.nih.gov/pubmed/24918870
KIWKRCCIHSGWQS-VIFPVBQESA-N	https://doi.org/	10.1021/jacs.0c07726	https://dx.doi.org/10.1021/jacs.0c07726
OMZCMEYTWSXEPZ-UHFFFAOYSA-N	https://doi.org/	10.1021/jm990482t	www.doi.org/10.1021/jm990482t
OMZCMEYTWSXEPZ-UHFFFAOYSA-N	https://doi.org/	10.1016/j.bbrc.2011.09.118	www.doi.org/10.1016/j.bbrc.2011.09.118
OMZCMEYTWSXEPZ-UHFFFAOYSA-N	https://doi.org/	10.1016/s0093-7754(01)90285-4	www.doi.org/10.1016/s0093-7754(01)90285-4
OMZCMEYTWSXEPZ-UHFFFAOYSA-N	https://pubmed.ncbi.nlm.nih.gov/	10753475	https://pubmed.ncbi.nlm.nih.gov/10753475/
OMZCMEYTWSXEPZ-UHFFFAOYSA-N	https://pubmed.ncbi.nlm.nih.gov/	21982771	https://pubmed.ncbi.nlm.nih.gov/21982771/
OMZCMEYTWSXEPZ-UHFFFAOYSA-N	https://pubmed.ncbi.nlm.nih.gov/	11706399	https://pubmed.ncbi.nlm.nih.gov/11706399
BMLGZNVPWRUVNM-IBGZPJMESA-N	https://doi.org/	10.1021/ml400501x	www.doi.org/10.1021/ml400501x
BMLGZNVPWRUVNM-IBGZPJMESA-N	https://pubmed.ncbi.nlm.nih.gov/	24900872	https://www.ncbi.nlm.nih.gov/pubmed/24900872
DRIMIUYGTDAQOX-KRWDZBQOSA-N	https://doi.org/	10.1038/nchembio.140	https://dx.doi.org/10.1038/nchembio.140
LZSPYTNDRPEZBK-OXYJHPMESA-N		https://pubmed.ncbi.nlm.nih.gov/peer reviewed at SGC	https://pubmed.ncbi.nlm.nih.gov/peer reviewed at SGC
LZSPYTNDRPEZBK-OXYJHPMESA-N	https://doi.org/	10.6019/CHEMBL4630906	https://dx.doi.org/10.6019/CHEMBL4630906
FSELUFUYNUNZKD-UHFFFAOYSA-N	https://doi.org/	10.1016/j.ccell.2019.09.004	https://dx.doi.org/10.1016/j.ccell.2019.09.004
FSELUFUYNUNZKD-UHFFFAOYSA-N	https://doi.org/	10.1016/j.ccell.2019.09.004	https://dx.doi.org/ 10.1016/j.ccell.2019.09.004
CYFBRQHYEQKYHH-MRXNPFEDSA-N		https://pubmed.ncbi.nlm.nih.gov/peer reviewed at SGC	https://pubmed.ncbi.nlm.nih.gov/peer reviewed at SGC
CYFBRQHYEQKYHH-MRXNPFEDSA-N	https://doi.org/	10.6019/CHEMBL4800731	https://dx.doi.org/10.6019/CHEMBL4800731
AESXAJXKMUNYJP-ZWFIUULVSA-N	https://doi.org/	10.1016/j.bmcl.2011.12.117	https://dx.doi.org/10.1016/j.bmcl.2011.12.117
CSBKUBOVPUXFLO-MAVVKCOWSA-N	https://doi.org/	10.1126/scitranslmed.aaa4642	https://dx.doi.org/10.1126/scitranslmed.aaa4642
CLSNATLUIXZPMV-UHFFFAOYSA-N	https://doi.org/	10.1016/j.chembiol.2013.01.012	https://dx.doi.org/10.1016/j.chembiol.2013.01.012
CLSNATLUIXZPMV-UHFFFAOYSA-N	https://doi.org/	10.1124/jpet.116.233114	https://dx.doi.org/10.1124/jpet.116.233114
NTIFDLOQPKMIJK-AJTFRIOCSA-N	https://doi.org/	10.1021/ml300063m	https://dx.doi.org/10.1021/ml300063m
VERWOWGGCGHDQE-UHFFFAOYSA-N	https://doi.org/	10.1021/jm400402q	www.doi.org/10.1021/jm400402q
VERWOWGGCGHDQE-UHFFFAOYSA-N	https://pubmed.ncbi.nlm.nih.gov/	23742252	https://pubmed.ncbi.nlm.nih.gov/23742252/
NRJKIOCCERLIDG-GOSISDBHSA-N	https://doi.org/	10.1158/1535-7163.MCT-15-0500	www.doi.org/10.1158/1535-7163.MCT-15-0500
NRJKIOCCERLIDG-GOSISDBHSA-N	https://doi.org/	10.1021/acs.jmedchem.9b02035	www.doi.org/10.1021/acs.jmedchem.9b02035
NRJKIOCCERLIDG-GOSISDBHSA-N	https://pubmed.ncbi.nlm.nih.gov/	26832791	https://pubmed.ncbi.nlm.nih.gov/26832791/
NRJKIOCCERLIDG-GOSISDBHSA-N	https://pubmed.ncbi.nlm.nih.gov/	32338514	https://pubmed.ncbi.nlm.nih.gov/32338514/
BRJXJOWXAFLRTE-OAQYLSRUSA-N	https://doi.org/	10.1016/j.bmcl.2016.09.047	https://dx.doi.org/10.1016/j.bmcl.2016.09.047
XOQVZSSDIQQUGO-UHFFFAOYSA-N	https://doi.org/	10.1158/2159-8290.CD-23-0475	https://dx.doi.org/10.1158/2159-8290.CD-23-0475
URWYQGVSPQJGGB-DHUJRADRSA-N	https://doi.org/	10.1021/jm501915g	https://dx.doi.org/10.1021/jm501915g
HDZWHJYZJWLTAG-UHFFFAOYSA-N	https://doi.org/	10.1021/cb300541g	https://doi.org/10.1021/cb300541g
HDZWHJYZJWLTAG-UHFFFAOYSA-N	https://doi.org/	10.1016/j.molmet.2015.01.009	www.doi.org/10.1016/j.molmet.2015.01.009
HDZWHJYZJWLTAG-UHFFFAOYSA-N	https://doi.org/	10.1021/acsptsci.8b00003	www.doi.org/10.1021/acsptsci.8b00003
HDZWHJYZJWLTAG-UHFFFAOYSA-N	https://pubmed.ncbi.nlm.nih.gov/	23237488	https://pubmed.ncbi.nlm.nih.gov/23237488/
HDZWHJYZJWLTAG-UHFFFAOYSA-N	https://pubmed.ncbi.nlm.nih.gov/	25830098	https://pubmed.ncbi.nlm.nih.gov/25830098/
HDZWHJYZJWLTAG-UHFFFAOYSA-N	https://pubmed.ncbi.nlm.nih.gov/	31696159	https://pubmed.ncbi.nlm.nih.gov/31696159/
BJXYHBKEQFQVES-NWDGAFQWSA-N	https://doi.org/	10.1124/jpet.120.000275	https://dx.doi.org/10.1124/jpet.120.000275
BXKNUXDLZJPPBO-UHFFFAOYSA-N	https://doi.org/	10.1021/jm401395s	https://dx.doi.org/10.1021/jm401395s
WCPXAGKUVIPMIY-TZQLILQPSA-N	https://doi.org/	10.1021/acs.jmedchem.2c00267	https://dx.doi.org/10.1021/acs.jmedchem.2c00267
VHSIAYLBCLUAFT-UHFFFAOYSA-N	https://doi.org/	10.1016/j.bmcl.2005.10.028	https://dx.doi.org/10.1016/j.bmcl.2005.10.028
AZXOTZCWQDJCLY-SJCJKPOMSA-N	https://doi.org/	10.1097/FJC.0000000000000677	https://dx.doi.org/10.1097/FJC.0000000000000677
APLVGTKXOIMODQ-IBGZPJMESA-N		https://pubmed.ncbi.nlm.nih.gov/Peer reviewed at SGC	https://pubmed.ncbi.nlm.nih.gov/Peer reviewed at SGC
MHMPZSOMHQSWEN-UHFFFAOYSA-N	https://doi.org/	10.1021/acs.jmedchem.2c01886	https://dx.doi.org/10.1021/acs.jmedchem.2c01886
WGYWHJPQFQGLOQ-UHFFFAOYSA-N	https://doi.org/	10.1038/s41586-022-05204-z	https://dx.doi.org/10.1038/s41586-022-05204-z
TXIYVFVMXNFNRX-UHFFFAOYSA-N	https://doi.org/	10.3390/cells12020287	https://dx.doi.org/10.3390/cells12020287
MAHFVAHPQSLLJF-IBGZPJMESA-N	https://doi.org/	10.1021/acs.jmedchem.7b01647	https://dx.doi.org/10.1021/acs.jmedchem.7b01647
BNYXRPMABDQJJR-UHFFFAOYSA-N	https://doi.org/	10.1021/acs.jmedchem.0c01174	https://dx.doi.org/10.1021/acs.jmedchem.0c01174
PIJSEUOSRTYUJM-UHFFFAOYSA-N	https://doi.org/	10.1021/acs.jmedchem.3c02217	https://dx.doi.org/10.1021/acs.jmedchem.3c02217
UCBIQZUJJSVQHL-UHFFFAOYSA-N	https://doi.org/	10.1021/acsmedchemlett.9b00399	https://dx.doi.org/10.1021/acsmedchemlett.9b00399
WBFJDKLBAAHKIL-UHFFFAOYSA-N	https://doi.org/	10.1021/acs.jmedchem.2c01705	https://dx.doi.org/10.1021/acs.jmedchem.2c01705
DVIVLYHDLNAXAT-OAQYLSRUSA-N	https://doi.org/	10.1021/acs.jmedchem.1c01245	https://dx.doi.org/10.1021/acs.jmedchem.1c01245
HZRJHVDNTDBTOZ-QGZVFWFLSA-N	https://doi.org/	10.1021/acs.jmedchem.9b01460	www.doi.org/10.1021/acs.jmedchem.9b01460
HZRJHVDNTDBTOZ-QGZVFWFLSA-N	https://pubmed.ncbi.nlm.nih.gov/	31859507	https://www.ncbi.nlm.nih.gov/pubmed/31859507
LHGUZCKPFXXVPV-GOSISDBHSA-N		http://www.sciencedirect.com/science/article/pii/S1074552114003421	http://www.sciencedirect.com/science/article/pii/S1074552114003421
LHGUZCKPFXXVPV-GOSISDBHSA-N	https://pubmed.ncbi.nlm.nih.gov/	25457180	http://www.ncbi.nlm.nih.gov/pubmed/?term=25457180
QKKIWEILHCXECO-UHFFFAOYSA-N	https://doi.org/	10.1021/jm401094t	www.doi.org/10.1021/jm401094t
QKKIWEILHCXECO-UHFFFAOYSA-N	https://pubmed.ncbi.nlm.nih.gov/	24044867	http://www.ncbi.nlm.nih.gov/pubmed/24044867
KLGDKBPAEMOECW-UHFFFAOYSA-N	https://doi.org/	10.1021/jacs.2c05030	https://dx.doi.org/10.1021/jacs.2c05030
KIEQQZZDWUNUQK-UHFFFAOYSA-N	https://doi.org/	10.1093/narcan/zcad022	https://dx.doi.org/10.1093/narcan/zcad022
KIEQQZZDWUNUQK-UHFFFAOYSA-N	https://doi.org/	10.1038/s43018-021-00249-x	https://dx.doi.org/10.1038/s43018-021-00249-x
HLHNFJNSQZZUNW-MAEOIBBWSA-N	https://doi.org/	10.1038/s41589-024-01618-0	https://dx.doi.org/10.1038/s41589-024-01618-0
GCWIQUVXWZWCLE-INIZCTEOSA-N	https://doi.org/	10.1021/acs.jmedchem.5b01882	http://pubs.acs.org/doi/abs/10.1021/acs.jmedchem.5b01882
GCWIQUVXWZWCLE-INIZCTEOSA-N	https://pubmed.ncbi.nlm.nih.gov/	26815195	https://www.ncbi.nlm.nih.gov/pubmed/26815195
AUIFRJWXYUNPPV-QFIPXVFZSA-N	https://doi.org/	10.1021/ml500387y	https://dx.doi.org/10.1021/ml500387y
KHVVJKLNKLQLJZ-SFHVURJKSA-N	https://doi.org/	10.1021/acs.jmedchem.7b01647	https://dx.doi.org/10.1021/acs.jmedchem.7b01647
SAAYRHKJHDIDPH-UHFFFAOYSA-N	https://doi.org/	10.1021/acschembio.5b00655	https://dx.doi.org/10.1021/acschembio.5b00655
VGFHPNRWHOQLEB-UHFFFAOYSA-N	https://doi.org/	10.1016/j.crchbi.2022.100036	https://dx.doi.org/10.1016/j.crchbi.2022.100036
FHCSBLWRGCOVPT-UHFFFAOYSA-N	https://doi.org/	10.1021/jm201724m	https://dx.doi.org/10.1021/jm201724m
WQNRDXHKVSKUPI-UHFFFAOYSA-N	https://doi.org/	10.1021/acschembio.6b00250	https://dx.doi.org/10.1021/acschembio.6b00250
VUIITYLFSAXKIQ-UHFFFAOYSA-N	https://doi.org/	10.18632/oncotarget.24883	https://dx.doi.org/10.18632/oncotarget.24883
WQKXOAJVNFOHNZ-UHFFFAOYSA-N	https://doi.org/	10.1158/1535-7163.MCT-17-0077	https://dx.doi.org/10.1158/1535-7163.MCT-17-0077
KTACUAZSJJIUKD-QXONSOMPSA-N	https://doi.org/	10.1021/acs.jmedchem.0c02144	https://dx.doi.org/10.1021/acs.jmedchem.0c02144
IEFFSHLHNYVSEF-UHFFFAOYSA-N	https://doi.org/	10.1038/s41467-016-0008-7	https://dx.doi.org/10.1038/s41467-016-0008-7
LVEUPFUJRKZPEN-UHFFFAOYSA-N	https://doi.org/	10.1021/acschembio.0c00076	https://dx.doi.org/10.1021/acschembio.0c00076
DDKHTWASHUKHLD-UHFFFAOYSA-N	https://doi.org/	10.1021/ml5003376	https://dx.doi.org/10.1021/ml5003376
YCFFONJEHNSECY-UHFFFAOYSA-N	https://doi.org/	10.1021/acs.jmedchem.2c00173	https://dx.doi.org/10.1021/acs.jmedchem.2c00173
DZIHITUUUPJMOQ-UHFFFAOYSA-N	https://doi.org/	10.1039/D3MD00039G	https://dx.doi.org/10.1039/D3MD00039G
JRJKATLTRNXYCE-UHFFFAOYSA-N	https://doi.org/	10.1021/acsmedchemlett.5b00498	https://dx.doi.org/10.1021/acsmedchemlett.5b00498
IFSDAJWBUCMOAH-HNNXBMFYSA-N	https://doi.org/	10.1182/blood-2010-03-275305	https://dx.doi.org/10.1182/blood-2010-03-275305
BXDZOYLPNAIDOC-UHFFFAOYSA-N	https://doi.org/	10.1038/nchembio.2538	www.doi.org/10.1038/nchembio.2538
BXDZOYLPNAIDOC-UHFFFAOYSA-N	https://pubmed.ncbi.nlm.nih.gov/	29251720	https://pubmed.ncbi.nlm.nih.gov/29251720/
WGMNFJAFXXXRLZ-GEVKEYJPSA-N	https://doi.org/	10.1021/acs.jmedchem.1c00868	https://dx.doi.org/10.1021/acs.jmedchem.1c00868
OCQCKUTZHBQNEI-UHFFFAOYSA-N	https://doi.org/	10.1021/acschemneuro.3c00135	https://dx.doi.org/10.1021/acschemneuro.3c00135
PFZRXJIYAFANHP-IBGZPJMESA-N	https://doi.org/	10.1016/j.isci.2018.09.012	www.doi.org/10.1016/j.isci.2018.09.012
PFZRXJIYAFANHP-IBGZPJMESA-N	https://pubmed.ncbi.nlm.nih.gov/	30292171	https://pubmed.ncbi.nlm.nih.gov/30292171/
KGJVKYSVVOQPDL-UHFFFAOYSA-N	https://doi.org/	10.1158/2159-8290.CD-23-0954	https://dx.doi.org/10.1158/2159-8290.CD-23-0954
MRHRACKJKBOJEI-UHFFFAOYSA-N	https://doi.org/	10.1038/s41589-022-01015-5	https://dx.doi.org/10.1038/s41589-022-01015-5
ZOIBZSZLMJDVDQ-UHFFFAOYSA-N	https://doi.org/	10.1038/nchembio.1084	https://dx.doi.org/10.1038/nchembio.1084
XASOHFCUIQARJT-UHFFFAOYSA-N	https://doi.org/	10.1021/acs.jmedchem.3c02246	https://dx.doi.org/10.1021/acs.jmedchem.3c02246
JCSGFHVFHSKIJH-UHFFFAOYSA-N	https://doi.org/	10.1016/s1074-5521(00)00025-9	https://dx.doi.org/10.1016/s1074-5521(00)00025-9
HEVVNKYNJCSHFA-UHFFFAOYSA-N	https://doi.org/	10.1021/acsmedchemlett.2c00530	https://dx.doi.org/10.1021/acsmedchemlett.2c00530
KFRGPUFONMCXQI-RUZDIDTESA-N	https://doi.org/	10.1021/acs.jmedchem.1c02069	https://dx.doi.org/10.1021/acs.jmedchem.1c02069
XKFTZKGMDDZMJI-HSZRJFAPSA-N	https://doi.org/	10.1021/jm060897w	https://dx.doi.org/10.1021/jm060897w
QPGYAMIHXLCFTJ-UHFFFAOYSA-N	https://doi.org/	10.1038/nature05415	https://dx.doi.org/ 10.1038/nature05415
QPGYAMIHXLCFTJ-UHFFFAOYSA-N	https://doi.org/	10.1038/nature05415	https://dx.doi.org/10.1038/nature05415
HKROEBDHHKMNBZ-CHBKHGQFSA-N	https://doi.org/	10.1016/j.pain.2011.01.049	https://dx.doi.org/10.1016/j.pain.2011.01.049
DFQAJLQXPSPNJE-UHFFFAOYSA-N	https://doi.org/	10.1021/cb200305u	https://doi.org/10.1021/cb200305u
DFQAJLQXPSPNJE-UHFFFAOYSA-N	https://pubmed.ncbi.nlm.nih.gov/	21992004	https://pubmed.ncbi.nlm.nih.gov/21992004/
HOTSVKDMIYWWIY-UHFFFAOYSA-N	https://doi.org/	10.1016/j.bmcl.2016.10.079	https://dx.doi.org/10.1016/j.bmcl.2016.10.079
AECDBHGVIIRMOI-UHFFFAOYSA-N	https://doi.org/	10.1016/S1535-6108(04)00051-0	www.doi.org/10.1016/S1535-6108(04)00051-0
AECDBHGVIIRMOI-UHFFFAOYSA-N	https://pubmed.ncbi.nlm.nih.gov/	15050915	http://www.ncbi.nlm.nih.gov/pubmed/15050915
PTAMRJLIOCHJMQ-PYNGZGNASA-N	https://doi.org/	10.1021/acschembio.5b00216	http://pubs.acs.org/doi/abs/10.1021/acschembio.5b00216
PTAMRJLIOCHJMQ-PYNGZGNASA-N	https://pubmed.ncbi.nlm.nih.gov/	26035625	https://www.ncbi.nlm.nih.gov/pubmed/26035625
JGPJQFOROWSRRS-UHFFFAOYSA-N	https://pubmed.ncbi.nlm.nih.gov/	3598913	https://pubmed.ncbi.nlm.nih.gov/3598913
QEASMQZYZCGOSA-UHFFFAOYSA-N	https://doi.org/	10.1021/acs.jmedchem.3c01860	https://dx.doi.org/10.1021/acs.jmedchem.3c01860
VQINULODWGEVBB-UHFFFAOYSA-N	https://doi.org/	10.1021/acschembio.6b00217	https://dx.doi.org/10.1021/acschembio.6b00217
GPXQUPCJIJBXHJ-UHFFFAOYSA-N	https://doi.org/	10.1073/pnas.2105465118	https://dx.doi.org/10.1073/pnas.2105465118
YHYKUSGACIYRML-KRWDZBQOSA-N	https://doi.org/	10.1021/acs.jmedchem.6b00307	https://dx.doi.org/10.1021/acs.jmedchem.6b00307
UWPFUBNCDABUEE-SIFUEBAJSA-N	https://doi.org/	10.1038/s41586-024-07318-y	https://dx.doi.org/10.1038/s41586-024-07318-y
VLYNCWZASZUTNV-FCQUAONHSA-N	https://doi.org/	10.1002/cmdc.202300031	https://dx.doi.org/10.1002/cmdc.202300031
XKDHFIPNTTUSIA-UHFFFAOYSA-N	https://doi.org/	10.1021/acs.jmedchem.2c01884	https://dx.doi.org/10.1021/acs.jmedchem.2c01884
ALGPVOJFIGPPPX-VIFPVBQESA-N	https://doi.org/	10.1038/s42255-023-00771-5	https://dx.doi.org/10.1038/s42255-023-00771-5
ALGPVOJFIGPPPX-VIFPVBQESA-N	https://doi.org/	10.1038/s43018-022-00331-y	https://dx.doi.org/10.1038/s43018-022-00331-y
UOZVVPXKJGOFIG-UHFFFAOYSA-N	https://doi.org/	10.1016/j.chembiol.2017.07.011	https://dx.doi.org/10.1016/j.chembiol.2017.07.011
MSYKRHVOOPPJKU-BDAKNGLRSA-N	https://doi.org/	10.1021/jm030913e	https://dx.doi.org/10.1021/jm030913e
GCVYFXYBQCKHCH-UHFFFAOYSA-N	https://doi.org/	10.1021/acs.jmedchem.4c00215	https://dx.doi.org/10.1021/acs.jmedchem.4c00215
JGLGMFHQGRAHAO-HXUWFJFHSA-N	https://doi.org/	10.1021/acs.jmedchem.3c02164	https://dx.doi.org/10.1021/acs.jmedchem.3c02164
XKYVECRUZPCRQR-UHFFFAOYSA-N	https://doi.org/	10.1038/s41586-024-07350-y	https://dx.doi.org/10.1038/s41586-024-07350-y
GHNYLVIESIGHDJ-OAQYLSRUSA-N	https://doi.org/	10.1021/acs.jmedchem.1c02069	https://dx.doi.org/10.1021/acs.jmedchem.1c02069
YHLQVQKZDZYMIP-MOPGFXCFSA-N	https://doi.org/	10.1021/ml500391n	https://dx.doi.org/10.1021/ml500391n
NDAZATDQFDPQBD-UHFFFAOYSA-N	https://doi.org/	10.1158/0008-5472.CAN-07-5256	www.doi.org/10.1158/0008-5472.CAN-07-5256
NDAZATDQFDPQBD-UHFFFAOYSA-N	https://doi.org/	10.3109/10428194.2012.698278	www.doi.org/10.3109/10428194.2012.698278
NDAZATDQFDPQBD-UHFFFAOYSA-N	https://doi.org/	10.1021/jm701018h	www.doi.org/10.1021/jm701018h
NDAZATDQFDPQBD-UHFFFAOYSA-N	https://doi.org/	10.1021/jm9004708	www.doi.org/10.1021/jm9004708
NDAZATDQFDPQBD-UHFFFAOYSA-N	https://doi.org/	10.1186/bcr1996	www.doi.org/10.1186/bcr1996
NDAZATDQFDPQBD-UHFFFAOYSA-N	https://doi.org/	10.1158/1078-0432.CCR-05-0518	www.doi.org/10.1158/1078-0432.CCR-05-0518
NDAZATDQFDPQBD-UHFFFAOYSA-N	https://pubmed.ncbi.nlm.nih.gov/	18413753	https://www.ncbi.nlm.nih.gov/pubmed/18413753
NDAZATDQFDPQBD-UHFFFAOYSA-N	https://pubmed.ncbi.nlm.nih.gov/	22646928	https://www.ncbi.nlm.nih.gov/pubmed/22646928
NDAZATDQFDPQBD-UHFFFAOYSA-N	https://pubmed.ncbi.nlm.nih.gov/	22753713	https://www.ncbi.nlm.nih.gov/pubmed/22753713
NDAZATDQFDPQBD-UHFFFAOYSA-N	https://pubmed.ncbi.nlm.nih.gov/	18020435	https://www.ncbi.nlm.nih.gov/pubmed/18020435
NDAZATDQFDPQBD-UHFFFAOYSA-N	https://pubmed.ncbi.nlm.nih.gov/	20055425	https://www.ncbi.nlm.nih.gov/pubmed/20055425
NDAZATDQFDPQBD-UHFFFAOYSA-N	https://pubmed.ncbi.nlm.nih.gov/	18430202	https://www.ncbi.nlm.nih.gov/pubmed/18430202
NDAZATDQFDPQBD-UHFFFAOYSA-N	https://pubmed.ncbi.nlm.nih.gov/	16203796	https://www.ncbi.nlm.nih.gov/pubmed/16203796
UCJZOKGUEJUNIO-IINYFYTJSA-N	https://doi.org/	10.1021/acs.jmedchem.0c01170	https://dx.doi.org/10.1021/acs.jmedchem.0c01170
ZLVKIBLQXFILMA-IKGGRYGDSA-N	https://doi.org/	10.1021/acsmedchemlett.1c00272	https://dx.doi.org/10.1021/acsmedchemlett.1c00272
STPSLAZMEWZDAJ-AREMUKBSSA-N	https://doi.org/	10.1021/jacs.8b07328	https://dx.doi.org/10.1021/jacs.8b07328
JQLMEZBHIJSVKR-UHFFFAOYSA-N	https://doi.org/	10.3390/ijms232314834	https://dx.doi.org/10.3390/ijms232314834
VBYGXNURPHQSPG-MUUNZHRXSA-N	https://doi.org/	10.1016/j.celrep.2017.09.056	https://dx.doi.org/10.1016/j.celrep.2017.09.056
DZTGIRNXWSZBIM-QURGRASLSA-N	https://doi.org/	10.1021/jm401334s	https://dx.doi.org/10.1021/jm401334s
YLHSFRZHEMHKAF-UHFFFAOYSA-N	https://doi.org/	10.1021/acs.jmedchem.3c00314	https://dx.doi.org/10.1021/acs.jmedchem.3c00314
YDPMMWAOCCOULO-JBRSBNLGSA-N	https://doi.org/	10.1002/anie.201603928	https://dx.doi.org/10.1002/anie.201603928
SPDQRCUBFSRAFI-DOMZBBRYSA-N	https://doi.org/	10.1038/nchembio.1681	https://dx.doi.org/10.1038/nchembio.1681
DORZPJWJOBMQKC-UHFFFAOYSA-N	https://doi.org/	10.1021/acs.jmedchem.2c00697	https://dx.doi.org/10.1021/acs.jmedchem.2c00697
NDEORODKVUYMFQ-NHCUHLMSSA-N	https://doi.org/	10.1021/acs.jmedchem.0c00614	https://dx.doi.org/10.1021/acs.jmedchem.0c00614
CFUSHHQUUUZFAG-UHFFFAOYSA-N	https://doi.org/	10.1021/acschembio.1c00256	https://dx.doi.org/10.1021/acschembio.1c00256
IIKPYJZUOZRTIB-UHFFFAOYSA-N	https://doi.org/	10.1021/acsmedchemlett.4c00219	https://dx.doi.org/10.1021/acsmedchemlett.4c00219
WKDNQONLGXOZRG-HRNNMHKYSA-N	https://doi.org/	10.3233/JAD-150834	https://dx.doi.org/10.3233/JAD-150834
HEAGNKNMQVIVMM-UHFFFAOYSA-N	https://doi.org/	10.1016/j.ejmech.2021.113299	https://dx.doi.org/10.1016/j.ejmech.2021.113299
GPMTWAPXRJMXCC-UHFFFAOYSA-N	https://doi.org/	10.1021/acscentsci.0c01550	www.doi.org/10.1021/acscentsci.0c01550
GPMTWAPXRJMXCC-UHFFFAOYSA-N	https://pubmed.ncbi.nlm.nih.gov/	34079898	https://pubmed.ncbi.nlm.nih.gov/34079898/
JNAABFZPXJJMPX-UHFFFAOYSA-N	https://doi.org/	10.1021/acs.jmedchem.5b00606	https://dx.doi.org/10.1021/acs.jmedchem.5b00606
JWZAQUXBYYOGFA-UHFFFAOYSA-N	https://doi.org/	10.1021/acs.jmedchem.8b01108	https://dx.doi.org/10.1021/acs.jmedchem.8b01108
SZZJHKUNVBZYMT-RGULYWFUSA-N	https://doi.org/	10.1021/acschembio.4c00397	https://dx.doi.org/10.1021/acschembio.4c00397
GHKMIOAEPALCFS-UHFFFAOYSA-N	https://doi.org/	10.1021/acsmedchemlett.6b00209	https://dx.doi.org/10.1021/acsmedchemlett.6b00209
RTFQFPZKDYMMMJ-RIAKQDHQSA-N	https://doi.org/	10.1021/acschembio.9b00505	https://dx.doi.org/10.1021/acschembio.9b00505
YJOJMGTVKMABKQ-FIQOPJFZSA-N	https://doi.org/	10.1038/s41589-021-00765-y	https://dx.doi.org/10.1038/s41589-021-00765-y
YNDJPWSVYYRNTJ-MEXKHVBFSA-N	https://doi.org/	10.1016/j.bmc.2011.09.041	www.doi.org/10.1016/j.bmc.2011.09.041
YNDJPWSVYYRNTJ-MEXKHVBFSA-N	https://pubmed.ncbi.nlm.nih.gov/	22014751	https://pubmed.ncbi.nlm.nih.gov/22014751/
JECHBTRAPARMGI-KMIZWFMDSA-N	https://doi.org/	10.1021/acsmedchemlett.8b00011	https://dx.doi.org/10.1021/acsmedchemlett.8b00011
QUQTXFIMYFMULC-OGOZKGDESA-N	https://doi.org/	10.1038/s41589-018-0010-y	www.doi.org/10.1038/s41589-018-0010-y
QUQTXFIMYFMULC-OGOZKGDESA-N	https://pubmed.ncbi.nlm.nih.gov/	29507391	https://pubmed.ncbi.nlm.nih.gov/29507391/
ZSCOIFSUFMYZEZ-YSWDPXALSA-N	https://doi.org/	10.1016/j.chembiol.2017.09.009	www.doi.org/10.1016/j.chembiol.2017.09.009
ZSCOIFSUFMYZEZ-YSWDPXALSA-N	https://pubmed.ncbi.nlm.nih.gov/	29129716	https://pubmed.ncbi.nlm.nih.gov/29129716/
BQXUPNKLZNSUMC-YUQWMIPFSA-N	https://doi.org/	10.1021/acs.jmedchem.8b01572	https://dx.doi.org/10.1021/acs.jmedchem.8b01572
PACRWHUPEPCFHX-UHFFFAOYSA-N	https://doi.org/	10.1021/acs.jmedchem.9b00871	www.doi.org/10.1021/acs.jmedchem.9b00871
PACRWHUPEPCFHX-UHFFFAOYSA-N	https://pubmed.ncbi.nlm.nih.gov/	31330105	https://pubmed.ncbi.nlm.nih.gov/31330105/
ZUODKONSNNHSAJ-AMLBMYBGSA-N	https://doi.org/	10.1021/acs.jmedchem.0c01125	https://dx.doi.org/10.1021/acs.jmedchem.0c01125
XIRQUXILNXIWDI-UHFFFAOYSA-N	https://doi.org/	10.1021/acs.jmedchem.7b01655	www.doi.org/10.1021/acs.jmedchem.7b01655
XIRQUXILNXIWDI-UHFFFAOYSA-N	https://pubmed.ncbi.nlm.nih.gov/	29660984	https://pubmed.ncbi.nlm.nih.gov/29660984/
WMBSSRAFHKGIRA-UHFFFAOYSA-N	https://doi.org/	10.1016/j.chembiol.2020.04.003	https://doi.org/10.1016/j.chembiol.2020.04.003
WMBSSRAFHKGIRA-UHFFFAOYSA-N	https://pubmed.ncbi.nlm.nih.gov/	32386596	https://pubmed.ncbi.nlm.nih.gov/32386596/
LJGCXHMGIUJXDV-UHFFFAOYSA-N	https://doi.org/	10.1021/acs.jmedchem.4c00356	https://dx.doi.org/10.1021/acs.jmedchem.4c00356
HZHUKQLWLNDVDZ-IBDVCRJISA-N	https://doi.org/	10.7554/eLife.47110	https://dx.doi.org/10.7554/eLife.47110
XPEJZXWPKDAYFX-UHFFFAOYSA-N	https://doi.org/	10.1021/acs.jmedchem.9b00562	www.doi.org/10.1021/acs.jmedchem.9b00562
XPEJZXWPKDAYFX-UHFFFAOYSA-N	https://pubmed.ncbi.nlm.nih.gov/	31550156	https://pubmed.ncbi.nlm.nih.gov/31550156/
SYRVEVZSXHRXIX-KRWDZBQOSA-N	https://doi.org/	10.1016/j.bmcl.2012.09.054	https://dx.doi.org/10.1016/j.bmcl.2012.09.054
WAFNVKVWBPXGHK-QDUSTFBWSA-N	https://doi.org/	10.1016/j.bmc.2017.07.017	https://dx.doi.org/10.1016/j.bmc.2017.07.017
BUIJBFHGUQJYSD-XZOQPEGZSA-N	https://doi.org/	10.1371/journal.pone.0051151	https://dx.doi.org/10.1371/journal.pone.0051151
BLFBSGVUERKSST-UHFFFAOYSA-N	https://doi.org/	10.1021/acs.jmedchem.6b00052	https://dx.doi.org/10.1021/acs.jmedchem.6b00052
GRKYJLSMFYQHMP-APASRLOHSA-N	https://doi.org/	10.1038/s41467-023-44243-6	https://dx.doi.org/10.1038/s41467-023-44243-6
ZOJWMCDSTRTTOW-UHFFFAOYSA-N	https://doi.org/	10.1002/anie.202004087	https://dx.doi.org/10.1002/anie.202004087
MOWXJLUYGFNTAL-DEOSSOPVSA-N	https://doi.org/	10.1158/1535-7163.MCT-19-0734	https://dx.doi.org/10.1158/1535-7163.MCT-19-0734
BPLPIBNWDLPUKP-UHFFFAOYSA-N	https://doi.org/	10.1021/acs.jmedchem.1c00845	https://dx.doi.org/10.1021/acs.jmedchem.1c00845
SMVCNKJTRUVRLZ-UHFFFAOYSA-N	https://doi.org/	10.1038/s41467-024-46593-1	https://dx.doi.org/10.1038/s41467-024-46593-1
OMISHRJQMYQPMG-UHFFFAOYSA-N	https://doi.org/	10.1016/j.chembiol.2023.02.005	https://dx.doi.org/10.1016/j.chembiol.2023.02.005
LTOAWFRZXVPHAJ-UHFFFAOYSA-N	https://doi.org/	10.1021/acs.jmedchem.2c00508	https://dx.doi.org/10.1021/acs.jmedchem.2c00508
AOTRIQLYUAFVSC-UHFFFAOYSA-N	https://doi.org/	10.1021/acs.jmedchem.7b01896	https://dx.doi.org/10.1021/acs.jmedchem.7b01896
IPDMIUDPUBUHSU-INIZCTEOSA-N	https://doi.org/	10.1021/acs.jmedchem.2c02132	https://dx.doi.org/10.1021/acs.jmedchem.2c02132
ATKHYZXUMVNCIO-UHFFFAOYSA-N	https://doi.org/	10.1021/acs.jmedchem.1c00762	https://dx.doi.org/10.1021/acs.jmedchem.1c00762
WXRCLFFPZXJCLS-UHFFFAOYSA-N	https://doi.org/	10.1158/1078-0432.CCR-23-2094	https://dx.doi.org/10.1158/1078-0432.CCR-23-2094
KLKKWCPJBTXWOV-UHFFFAOYSA-N	https://doi.org/	10.1038/s41598-021-94708-1	https://dx.doi.org/10.1038/s41598-021-94708-1
IPUJINDWAGRAHN-KNXBSLHKSA-N	https://doi.org/	10.1021/acs.jmedchem.9b01034	https://dx.doi.org/10.1021/acs.jmedchem.9b01034
FMQWOAKTQPLQBR-SANMLTNESA-N	https://doi.org/	10.1021/acs.jmedchem.9b01382	https://dx.doi.org/10.1021/acs.jmedchem.9b01382
JOFQERPJMGKMMX-QGZVFWFLSA-N	https://doi.org/	10.1016/j.bmcl.2006.01.024	https://dx.doi.org/10.1016/j.bmcl.2006.01.024
JOFQERPJMGKMMX-QGZVFWFLSA-N	https://doi.org/	10.1111/j.1432-2277.2012.01579.x	https://dx.doi.org/10.1111/j.1432-2277.2012.01579.x
CRLZRGXSDBAEFD-UHFFFAOYSA-N		https://pubmed.ncbi.nlm.nih.gov/Peer reviewed at SGC	https://pubmed.ncbi.nlm.nih.gov/Peer reviewed at SGC
IKPNRMYDOSNVAU-UHFFFAOYSA-N	https://doi.org/	10.1021/acs.jmedchem.3c02422	https://dx.doi.org/10.1021/acs.jmedchem.3c02422
OYDTWNVVTPPDDO-UHFFFAOYSA-N	https://doi.org/	10.1073/pnas.2307086120	https://dx.doi.org/10.1073/pnas.2307086120
UEMPFKOYBHCUIG-QVIWBNHYSA-N	https://doi.org/	10.1021/acs.jmedchem.4c00148	https://dx.doi.org/10.1021/acs.jmedchem.4c00148
ILPWEAHQRAWJIU-OAHLLOKOSA-N	https://doi.org/	10.1021/acs.jmedchem.2c00741	https://dx.doi.org/10.1021/acs.jmedchem.2c00741
DVFCRTGTEXUFIN-GFCCVEGCSA-N	https://doi.org/	10.1038/s41586-023-06575-7	https://dx.doi.org/10.1038/s41586-023-06575-7
WAVPKLNVEGDDGC-LFIBNONCSA-N	https://doi.org/	10.1038/s42004-024-01177-4	https://dx.doi.org/10.1038/s42004-024-01177-4
LTWQQWSXYYXVGA-UHFFFAOYSA-N	https://doi.org/	10.1002/cmdc.201000216	https://dx.doi.org/10.1002/cmdc.201000216
KPABJHHKKJIDGX-JOCHJYFZSA-N	https://doi.org/	10.1016/j.chembiol.2019.02.012	https://dx.doi.org/10.1016/j.chembiol.2019.02.012
HPBOMWKBZHYYGE-UHFFFAOYSA-N	https://doi.org/	10.1021/acs.jmedchem.3c01060	https://dx.doi.org/10.1021/acs.jmedchem.3c01060
JDUBGYFRJFOXQC-KRWDZBQOSA-N	https://doi.org/	10.1021/jm301762v	https://dx.doi.org/10.1021/jm301762v
MCRHRRIGPAVFNY-SFHVURJKSA-N	https://doi.org/	10.1021/acs.jmedchem.3c00155	https://dx.doi.org/10.1021/acs.jmedchem.3c00155
FXMIIWBGTCDJJQ-UHFFFAOYSA-N	https://doi.org/	10.1021/acs.jmedchem.4c01325	https://dx.doi.org/10.1021/acs.jmedchem.4c01325
HKXSBJJCHBFTMB-UHFFFAOYSA-N	https://doi.org/	10.1021/acs.jmedchem.3c00967	https://dx.doi.org/10.1021/acs.jmedchem.3c00967
IRKXKBMGTVDZAJ-UHFFFAOYSA-N	https://doi.org/	10.1021/acs.jmedchem.3c02483	https://dx.doi.org/10.1021/acs.jmedchem.3c02483
VBTBURGKMCKOJC-UHFFFAOYSA-N	https://doi.org/	10.1016/j.ejmech.2022.114446	https://dx.doi.org/10.1016/j.ejmech.2022.114446
IYFCFYWXRIVCTH-OAHLLOKOSA-N	https://doi.org/	10.1016/j.stem.2024.03.003	https://dx.doi.org/10.1016/j.stem.2024.03.003
JOAFWIHZEBKYQK-OAHLLOKOSA-N	https://doi.org/	10.1021/acs.jmedchem.4c01531	https://dx.doi.org/10.1021/acs.jmedchem.4c01531
QJRFBKYETDVAJQ-ZEQKJWHPSA-N	https://doi.org/	10.1021/acsmedchemlett.3c00514	https://dx.doi.org/10.1021/acsmedchemlett.3c00514
FVZCFUKXGUUDBQ-ZWSMLAFMSA-N	https://doi.org/	10.1126/science.adk6129	https://dx.doi.org/10.1126/science.adk6129
YPPSMYLMSKHYAY-UHFFFAOYSA-N	https://doi.org/	10.1021/jm5017494	https://dx.doi.org/10.1021/jm5017494
XDPRKJSOJYMCMZ-UHFFFAOYSA-N	https://doi.org/	10.1021/acs.jmedchem.3c00665	https://dx.doi.org/ 10.1021/acs.jmedchem.3c00665
FOLSZCLZVLICGG-GJYPPUQNSA-N	https://doi.org/	10.1021/acs.jmedchem.4c01930	https://dx.doi.org/10.1021/acs.jmedchem.4c01930
AKCDDYGYIGPEKL-JQOQJDEVSA-N	https://doi.org/	10.1021/acs.jmedchem.4c00580	https://dx.doi.org/10.1021/acs.jmedchem.4c00580
CAOSCCRYLYQBES-UHFFFAOYSA-N	https://doi.org/	10.1007/s00204-015-1549-y	https://dx.doi.org/10.1007/s00204-015-1549-y
HFOBENSCBRZVSP-NRFSWKIWSA-N	https://doi.org/	10.1038/s42003-021-02191-1	https://dx.doi.org/10.1038/s42003-021-02191-1
XYKISMBNQVUKPW-GOSISDBHSA-N	https://doi.org/	10.1021/acs.jmedchem.4c01237	https://dx.doi.org/10.1021/acs.jmedchem.4c01237
GMZCYCKIXQZORP-UHFFFAOYSA-N	https://doi.org/	10.1021/ml5001245	https://dx.doi.org/10.1021/ml5001245
VDGNPEFFHQRGOP-UHFFFAOYSA-N	https://doi.org/	10.1158/0008-5472.CAN-24-0397	https://dx.doi.org/10.1158/0008-5472.CAN-24-0397
JJRRWLVKNLMRSA-UHFFFAOYSA-N	https://doi.org/	10.1021/acs.jmedchem.4c00121	https://dx.doi.org/10.1021/acs.jmedchem.4c00121
ZZFKEZYGYPWBGP-UHFFFAOYSA-N	https://doi.org/	10.1021/acs.jmedchem.3c02434	https://dx.doi.org/10.1021/acs.jmedchem.3c02434
STQKUEFQEVDNLU-UHFFFAOYSA-N	https://doi.org/	10.1016/j.chembiol.2023.11.004	https://dx.doi.org/10.1016/j.chembiol.2023.11.004
MVYWULXPOKYILU-UHFFFAOYSA-N	https://doi.org/	10.1021/acs.jmedchem.4c01659	https://dx.doi.org/10.1021/acs.jmedchem.4c01659
VZAFGXCWAWRULT-UONOGXRCSA-N	https://doi.org/	10.1021/acs.jmedchem.6b01566	http://pubs.acs.org/doi/abs/10.1021/acs.jmedchem.6b01566
VZAFGXCWAWRULT-UONOGXRCSA-N	https://pubmed.ncbi.nlm.nih.gov/	28002667	https://www.ncbi.nlm.nih.gov/pubmed/28002667
OLEFHQBTXFCZON-HXUWFJFHSA-N		https://pubmed.ncbi.nlm.nih.gov/Peer reviewed at SGC	https://pubmed.ncbi.nlm.nih.gov/Peer reviewed at SGC
WZMIWVZGYMKUDV-UHFFFAOYSA-N	https://doi.org/	10.1021/acsmedchemlett.3c00523	https://dx.doi.org/10.1021/acsmedchemlett.3c00523
LPQXZOJIUVOCAL-NRFANRHFSA-N	https://doi.org/	10.1021/acs.jmedchem.3c02036	https://dx.doi.org/10.1021/acs.jmedchem.3c02036
KHLKLLMMPVSSQY-UHFFFAOYSA-N	https://doi.org/	10.1021/acs.jmedchem.4c00072	https://dx.doi.org/10.1021/acs.jmedchem.4c00072
YBXRSCXGRPSTMW-CYBMUJFWSA-N	https://doi.org/	10.1021/acs.jmedchem.0c00369	https://dx.doi.org/10.1021/acs.jmedchem.0c00369
YBXRSCXGRPSTMW-CYBMUJFWSA-N	https://doi.org/	10.1007/s00280-022-04436-0	https://dx.doi.org/10.1007/s00280-022-04436-0
SCLLZBIBSFTLIN-INOGPEIASA-N	https://doi.org/	10.1021/acs.jmedchem.1c01688	https://dx.doi.org/10.1021/acs.jmedchem.1c01688
XVECNLUKQDKOST-UHFFFAOYSA-N	https://doi.org/	10.1038/s41598-020-73500-7	https://dx.doi.org/10.1038/s41598-020-73500-7
CKFRXCBNKKOFGO-IGEOTXOUSA-N	https://doi.org/	10.1177/24725552211019409	https://dx.doi.org/10.1177/24725552211019409
FFPHMUIGESPOTK-UHFFFAOYSA-N	https://doi.org/	10.1021/acsmedchemlett.9b00027	https://dx.doi.org/10.1021/acsmedchemlett.9b00027
DNHPDWGIXIMXSA-CXNSMIOJSA-N	https://doi.org/	10.1021/acsmedchemlett.2c00037	https://dx.doi.org/10.1021/acsmedchemlett.2c00037
DNHPDWGIXIMXSA-CXNSMIOJSA-N	https://doi.org/	10.1126/scitranslmed.3007790	https://dx.doi.org/10.1126/scitranslmed.3007790
MMJPVSDTLGFIQW-UHFFFAOYSA-N	https://doi.org/	10.1021/jm201129m	https://dx.doi.org/10.1021/jm201129m
KVMGAIOTUIGROS-AZUAARDMSA-N	https://doi.org/	10.1038/s41598-024-70594-1	https://dx.doi.org/10.1038/s41598-024-70594-1
ZGTWRRCZLAOQMY-UHFFFAOYSA-N	https://doi.org/	10.1158/0008-5472.CAN-16-1038	https://dx.doi.org/10.1158/0008-5472.CAN-16-1038
UFKFTBGGMLIIME-DEOSSOPVSA-N		https://pubmed.ncbi.nlm.nih.gov/Peer reviewed at SGC	https://pubmed.ncbi.nlm.nih.gov/Peer reviewed at SGC
ZHXNIYGJAOPMSO-UHFFFAOYSA-N	https://doi.org/	10.1021/bi049428r	https://dx.doi.org/10.1021/bi049428r
ZHXNIYGJAOPMSO-UHFFFAOYSA-N	https://doi.org/	10.1016/j.bmcl.2006.04.060	https://dx.doi.org/10.1016/j.bmcl.2006.04.060
HCDAVCLCBXIYPW-QGZVFWFLSA-N	https://doi.org/	10.1021/acs.jmedchem.9b00718	https://dx.doi.org/10.1021/acs.jmedchem.9b00718
MVULIYLBRNHLEE-LFHXYJAASA-N	https://doi.org/	10.1021/jacs.8b08008	https://dx.doi.org/10.1021/jacs.8b08008
RXSCURXNWIHEAV-UHFFFAOYSA-N	https://doi.org/	10.1021/acs.jmedchem.4c02694	https://dx.doi.org/10.1021/acs.jmedchem.4c02694
BOXZMOCGSKLDAH-OUZJXKGJSA-N	https://doi.org/	10.1021/acs.jmedchem.1c02179	https://dx.doi.org/10.1021/acs.jmedchem.1c02179
FYSWLIFIYIVHPI-DDWISSAJSA-N	https://doi.org/	10.1021/acs.jmedchem.6b01912	www.doi.org/10.1021/acs.jmedchem.6b01912
FYSWLIFIYIVHPI-DDWISSAJSA-N	https://pubmed.ncbi.nlm.nih.gov/	28595007	https://pubmed.ncbi.nlm.nih.gov/28595007/
KBTKRNXLECYGBY-NERSTHRASA-N	https://doi.org/	10.1016/j.chembiol.2023.07.010	https://dx.doi.org/10.1016/j.chembiol.2023.07.010
OFNZESNEBSQKSE-BQGOKDIQSA-N	https://doi.org/	10.1021/acs.jmedchem.1c00146	https://dx.doi.org/10.1021/acs.jmedchem.1c00146
GJCIYFAPQUEGNE-UHFFFAOYSA-N	https://doi.org/	10.1038/s41589-020-0609-7	https://dx.doi.org/10.1038/s41589-020-0609-7
AZBRPAQQOMDJLZ-UHFFFAOYSA-N	https://doi.org/	10.1021/acs.jmedchem.2c01843	https://dx.doi.org/10.1021/acs.jmedchem.2c01843
AWNXKZVIZARMME-UHFFFAOYSA-N	https://doi.org/	10.1042/BJ20140889	https://dx.doi.org/10.1042/BJ20140889
FSZPIAXLCCQFCM-FCQUAONHSA-N	https://doi.org/	10.1016/j.bbrc.2008.09.087	www.doi.org/10.1016/j.bbrc.2008.09.087
FSZPIAXLCCQFCM-FCQUAONHSA-N	https://pubmed.ncbi.nlm.nih.gov/	18834865	http://www.ncbi.nlm.nih.gov/pubmed/18834865
UZANYRRVDZSQGV-UHFFFAOYSA-N	https://doi.org/	10.1038/s41589-023-01459-3	https://dx.doi.org/10.1038/s41589-023-01459-3
YBMGNDPBARCLFT-UHFFFAOYSA-N	https://doi.org/	10.1021/jm8013458	https://dx.doi.org/10.1021/jm8013458
GEPYBHCJBORHCE-SFHVURJKSA-N	https://doi.org/	10.1021/ja412434f	www.doi.org/10.1021/ja412434f
GEPYBHCJBORHCE-SFHVURJKSA-N	https://doi.org/	10.1073/pnas.1501956112	www.doi.org/10.1073/pnas.1501956112
GEPYBHCJBORHCE-SFHVURJKSA-N	https://pubmed.ncbi.nlm.nih.gov/	24946055	http://www.ncbi.nlm.nih.gov/pubmed/?term=24946055
GEPYBHCJBORHCE-SFHVURJKSA-N	https://pubmed.ncbi.nlm.nih.gov/	26261308	http://www.ncbi.nlm.nih.gov/pubmed/?term=26261308
YTGYWPTWNBGCLG-UHFFFAOYSA-N	https://doi.org/	10.1021/acs.jmedchem.6b01786	https://dx.doi.org/10.1021/acs.jmedchem.6b01786
CCAWRGNYALGPQH-UHFFFAOYSA-N		http://science.sciencemag.org/content/340/6132/622.long	http://science.sciencemag.org/content/340/6132/622.long
CCAWRGNYALGPQH-UHFFFAOYSA-N	https://pubmed.ncbi.nlm.nih.gov/	23558173	https://www.ncbi.nlm.nih.gov/pubmed/23558173
JCKGSPAAPQRPBW-OAQYLSRUSA-N	https://doi.org/	10.1073/pnas.1407358111	www.doi.org/10.1073/pnas.1407358111
JCKGSPAAPQRPBW-OAQYLSRUSA-N	https://pubmed.ncbi.nlm.nih.gov/	25136132	http://www.ncbi.nlm.nih.gov/pubmed/25136132
BJFSUDWKXGMUKA-UHFFFAOYSA-N	https://doi.org/	10.1021/acs.jmedchem.5b01865	http://pubs.acs.org/doi/abs/10.1021/acs.jmedchem.5b01865
BJFSUDWKXGMUKA-UHFFFAOYSA-N	https://pubmed.ncbi.nlm.nih.gov/	26914985	http://www.ncbi.nlm.nih.gov/pubmed/?term=26914985
RNAMYOYQYRYFQY-UHFFFAOYSA-N	https://doi.org/	10.1021/jm401480r	http://pubs.acs.org/doi/abs/10.1021/jm401480r
RNAMYOYQYRYFQY-UHFFFAOYSA-N	https://pubmed.ncbi.nlm.nih.gov/	24102134	http://www.ncbi.nlm.nih.gov/pubmed/?term=24102134
QOECJCJVIMVJGX-UHFFFAOYSA-N	https://doi.org/	10.1021/jm401480r	www.doi.org/10.1021/jm401480r
QOECJCJVIMVJGX-UHFFFAOYSA-N	https://doi.org/	10.1038/nchembio.599	www.doi.org/10.1038/nchembio.599
QOECJCJVIMVJGX-UHFFFAOYSA-N	https://pubmed.ncbi.nlm.nih.gov/	24102134	http://www.ncbi.nlm.nih.gov/pubmed/24102134
QOECJCJVIMVJGX-UHFFFAOYSA-N	https://pubmed.ncbi.nlm.nih.gov/	21743462	http://www.ncbi.nlm.nih.gov/pubmed/21743462
DPJNKUOXBZSZAI-UHFFFAOYSA-N	https://doi.org/	10.1021/cb400133j	www.doi.org/10.1021/cb400133j
DPJNKUOXBZSZAI-UHFFFAOYSA-N	https://pubmed.ncbi.nlm.nih.gov/	23614352	http://www.ncbi.nlm.nih.gov/pubmed/23614352
WBKCKEHGXNWYMO-UHFFFAOYSA-N	https://doi.org/	10.1038/nature11262	www.doi.org/10.1038/nature11262
WBKCKEHGXNWYMO-UHFFFAOYSA-N	https://pubmed.ncbi.nlm.nih.gov/	22842901	http://www.ncbi.nlm.nih.gov/pubmed/22842901
BKCDJTRMYWSXMC-UHFFFAOYSA-N	https://doi.org/	10.1021/ml400496h	www.doi/org/10.1021/ml400496h
BKCDJTRMYWSXMC-UHFFFAOYSA-N	https://pubmed.ncbi.nlm.nih.gov/	24900801	http://www.ncbi.nlm.nih.gov/pubmed/24900801
TWKYXZSXXXKKJU-FQEVSTJZSA-N	https://doi.org/	10.1021/acsmedchemlett.5b00380	http://pubs.acs.org/doi/abs/10.1021/acsmedchemlett.5b00380
TWKYXZSXXXKKJU-FQEVSTJZSA-N	https://pubmed.ncbi.nlm.nih.gov/	26985292	https://www.ncbi.nlm.nih.gov/pubmed/?term=26985292
OTTJIRVZJJGFTK-SFHVURJKSA-N	https://doi.org/	10.1021/acs.jmedchem.5b01890	www.doi.org/10.1021/acs.jmedchem.5b01890
OTTJIRVZJJGFTK-SFHVURJKSA-N	https://pubmed.ncbi.nlm.nih.gov/	27075367	https://www.ncbi.nlm.nih.gov/pubmed/?term=27075367
ZKXZLIFRWWKZRY-KRWDZBQOSA-N	https://doi.org/	10.1021/acsmedchemlett.5b00380	https://dx.doi.org/10.1021/acsmedchemlett.5b00380
ABGOSOMRWSYAOB-UHFFFAOYSA-N	https://doi.org/	10.1038/nchembio.2282	www.doi.org/10.1038/nchembio.2282
ABGOSOMRWSYAOB-UHFFFAOYSA-N	https://pubmed.ncbi.nlm.nih.gov/	28114273	https://www.ncbi.nlm.nih.gov/pubmed/28114273
PSOXOVKYGWBTPB-UHFFFAOYSA-N	https://doi.org/	10.1021/jm901797p	www.doi.org/10.1021/jm901797p
PSOXOVKYGWBTPB-UHFFFAOYSA-N	https://pubmed.ncbi.nlm.nih.gov/	20345102	https://www.ncbi.nlm.nih.gov/pubmed/20345102
PSOXOVKYGWBTPB-UHFFFAOYSA-N	https://pubmed.ncbi.nlm.nih.gov/	27680310	https://pubmed.ncbi.nlm.nih.gov/27680310/
MPUQHZXIXSTTDU-QXGSTGNESA-N		http://www.sciencedirect.com/science/article/pii/S1097276509009551	http://www.sciencedirect.com/science/article/pii/S1097276509009551
MPUQHZXIXSTTDU-QXGSTGNESA-N		https://www.nature.com/nature/journal/v458/n7239/full/nature07884.html	https://www.nature.com/nature/journal/v458/n7239/full/nature07884.html
MPUQHZXIXSTTDU-QXGSTGNESA-N	https://pubmed.ncbi.nlm.nih.gov/	20129059	http://www.ncbi.nlm.nih.gov/pubmed/20129059
MPUQHZXIXSTTDU-QXGSTGNESA-N	https://pubmed.ncbi.nlm.nih.gov/	19360080	https://www.ncbi.nlm.nih.gov/pubmed/19360080
DYIRSNMPIZZNBK-UHFFFAOYSA-N		http://www.nature.com/nchembio/journal/vaop/ncurrent/full/nchembio.2304.html	http://www.nature.com/nchembio/journal/vaop/ncurrent/full/nchembio.2304.html
DYIRSNMPIZZNBK-UHFFFAOYSA-N	https://pubmed.ncbi.nlm.nih.gov/	28135235	https://www.ncbi.nlm.nih.gov/pubmed/28135235
DRLCSJFKKILATL-YWCVFVGNSA-N	https://doi.org/	10.1021/jm401753e	http://pubs.acs.org/doi/abs/10.1021/jm401753e
DRLCSJFKKILATL-YWCVFVGNSA-N	https://pubmed.ncbi.nlm.nih.gov/	24456472	https://www.ncbi.nlm.nih.gov/pubmed/24456472
HXZRMADPDYFMEB-FTTMEYFSSA-N		http://www.nature.com/nchembio/journal/v1/n7/full/nchembio748.html	http://www.nature.com/nchembio/journal/v1/n7/full/nchembio748.html
HXZRMADPDYFMEB-FTTMEYFSSA-N	https://doi.org/	10.1021/ja058319c	http://pubs.acs.org/doi/abs/10.1021/ja058319c
HXZRMADPDYFMEB-FTTMEYFSSA-N		http://www.pnas.org/content/105/11/4088.long	http://www.pnas.org/content/105/11/4088.long
HXZRMADPDYFMEB-FTTMEYFSSA-N	https://pubmed.ncbi.nlm.nih.gov/	16372404	https://www.ncbi.nlm.nih.gov/pubmed/16372404
HXZRMADPDYFMEB-FTTMEYFSSA-N	https://pubmed.ncbi.nlm.nih.gov/	16551075	https://www.ncbi.nlm.nih.gov/pubmed/16551075
HXZRMADPDYFMEB-FTTMEYFSSA-N	https://pubmed.ncbi.nlm.nih.gov/	18334642	https://www.ncbi.nlm.nih.gov/pubmed/18334642
QFJCIRLUMZQUOT-HPLJOQBZSA-N	https://doi.org/	10.1038/369756a0	www.doi.org/10.1038/369756a0
QFJCIRLUMZQUOT-HPLJOQBZSA-N	https://doi.org/	10.1074/jbc.274.7.4266	www.doi.org/10.1074/jbc.274.7.4266
QFJCIRLUMZQUOT-HPLJOQBZSA-N	https://pubmed.ncbi.nlm.nih.gov/	8008069	http://www.ncbi.nlm.nih.gov/pubmed/8008069
QFJCIRLUMZQUOT-HPLJOQBZSA-N	https://pubmed.ncbi.nlm.nih.gov/	9933627	http://www.ncbi.nlm.nih.gov/pubmed/9933627
ZDNGJXBUEQNFBQ-GCJKJVERSA-N	https://doi.org/	10.1021/acs.jmedchem.6b00228	http://pubs.acs.org/doi/abs/10.1021/acs.jmedchem.6b00228
ZDNGJXBUEQNFBQ-GCJKJVERSA-N	https://pubmed.ncbi.nlm.nih.gov/	27031670	https://www.ncbi.nlm.nih.gov/pubmed/27031670
QJJXYPPXXYFBGM-LFZNUXCKSA-N	https://doi.org/	10.1021/jm980307x	www.doi.org/10.1021/jm980307x
QJJXYPPXXYFBGM-LFZNUXCKSA-N	https://doi.org/	10.1073/pnas.89.9.3686	www.doi.org/10.1073/pnas.89.9.3686
QJJXYPPXXYFBGM-LFZNUXCKSA-N	https://doi.org/	10.2133/dmpk.22.328	www.doi.org/10.2133/dmpk.22.328
QJJXYPPXXYFBGM-LFZNUXCKSA-N	https://doi.org/	10.1021/jm031101l	www.doi.org/10.1021/jm031101l
QJJXYPPXXYFBGM-LFZNUXCKSA-N	https://pubmed.ncbi.nlm.nih.gov/	7530743	https://pubmed.ncbi.nlm.nih.gov/7530743/
QJJXYPPXXYFBGM-LFZNUXCKSA-N	https://pubmed.ncbi.nlm.nih.gov/	9857082	https://pubmed.ncbi.nlm.nih.gov/9857082/
QJJXYPPXXYFBGM-LFZNUXCKSA-N	https://pubmed.ncbi.nlm.nih.gov/	1373887	https://pubmed.ncbi.nlm.nih.gov/1373887/
QJJXYPPXXYFBGM-LFZNUXCKSA-N	https://pubmed.ncbi.nlm.nih.gov/	17965516	https://pubmed.ncbi.nlm.nih.gov/17965516/
QJJXYPPXXYFBGM-LFZNUXCKSA-N	https://pubmed.ncbi.nlm.nih.gov/	15369399	https://pubmed.ncbi.nlm.nih.gov/15369399/
YKNAKDFZAWQEEO-IBGZPJMESA-N	https://doi.org/	10.1158/0008-5472.CAN-15-0236	www.doi.org/10.1158/0008-5472.CAN-15-0236
YKNAKDFZAWQEEO-IBGZPJMESA-N	https://pubmed.ncbi.nlm.nih.gov/	26552700	http://www.ncbi.nlm.nih.gov/pubmed/26552700
QJZRFPJCWMNVAV-HHHXNRCGSA-N	https://doi.org/	10.1021/bi702061g	https://dx.doi.org/10.1021/bi702061g
QJZRFPJCWMNVAV-HHHXNRCGSA-N	https://doi.org/	10.1021/jm3014597	https://dx.doi.org/10.1021/jm3014597
JNAHVYVRKWKWKQ-CYBMUJFWSA-N		http://clincancerres.aacrjournals.org/content/13/9/2728.long	http://clincancerres.aacrjournals.org/content/13/9/2728.long
JNAHVYVRKWKWKQ-CYBMUJFWSA-N	https://doi.org/	10.1021/acs.jmedchem.6b00990	http://pubs.acs.org/doi/pdf/10.1021/acs.jmedchem.6b00990
JNAHVYVRKWKWKQ-CYBMUJFWSA-N		https://pubchem.ncbi.nlm.nih.gov/compound/11960529#section=Top	https://pubchem.ncbi.nlm.nih.gov/compound/11960529#section=Top
JNAHVYVRKWKWKQ-CYBMUJFWSA-N	https://pubmed.ncbi.nlm.nih.gov/	28001384	https://www.ncbi.nlm.nih.gov/pubmed/?term=28001384
FDLYAMZZIXQODN-UHFFFAOYSA-N	https://doi.org/	10.1021/jm8001263	http://pubs.acs.org/doi/abs/10.1021/jm8001263
FDLYAMZZIXQODN-UHFFFAOYSA-N	https://doi.org/	10.1021/acs.jmedchem.6b00990	http://pubs.acs.org/doi/pdf/10.1021/acs.jmedchem.6b00990
FDLYAMZZIXQODN-UHFFFAOYSA-N	https://pubmed.ncbi.nlm.nih.gov/	18800822	http://www.ncbi.nlm.nih.gov/pubmed/18800822
FDLYAMZZIXQODN-UHFFFAOYSA-N	https://pubmed.ncbi.nlm.nih.gov/	28001384	https://www.ncbi.nlm.nih.gov/pubmed/?term=28001384
PCHKPVIQAHNQLW-CQSZACIVSA-N	https://doi.org/	10.1021/jm901188v	http://pubs.acs.org/doi/abs/10.1021/jm901188v
PCHKPVIQAHNQLW-CQSZACIVSA-N	https://doi.org/	10.1021/acs.jmedchem.6b00990	http://pubs.acs.org/doi/pdf/10.1021/acs.jmedchem.6b00990
PCHKPVIQAHNQLW-CQSZACIVSA-N	https://pubmed.ncbi.nlm.nih.gov/	19873981	http://www.ncbi.nlm.nih.gov/pubmed/19873981
PCHKPVIQAHNQLW-CQSZACIVSA-N	https://pubmed.ncbi.nlm.nih.gov/	28001384	https://www.ncbi.nlm.nih.gov/pubmed/?term=28001384
ULXXDDBFHOBEHA-CWDCEQMOSA-N		http://www.nature.com/onc/journal/v27/n34/full/onc2008109a.html	http://www.nature.com/onc/journal/v27/n34/full/onc2008109a.html
ULXXDDBFHOBEHA-CWDCEQMOSA-N	https://pubmed.ncbi.nlm.nih.gov/	18408761	http://www.ncbi.nlm.nih.gov/pubmed/18408761
KXBDTLQSDKGAEB-UHFFFAOYSA-N	https://doi.org/	10.1124/jpet.113.203489	www.doi.org/10.1124/jpet.113.203489
KXBDTLQSDKGAEB-UHFFFAOYSA-N	https://pubmed.ncbi.nlm.nih.gov/	23709115	http://www.ncbi.nlm.nih.gov/pubmed/23709115
ZVWPOIUAPXDLMB-UHFFFAOYSA-N	https://doi.org/	10.1021/acschemneuro.7b00308	https://dx.doi.org/10.1021/acschemneuro.7b00308
LGWDVWIZDPGCFG-UHFFFAOYSA-N	https://doi.org/	10.1038/s41467-018-06703-2	www.doi.org/10.1038/s41467-018-06703-2
LGWDVWIZDPGCFG-UHFFFAOYSA-N	https://pubmed.ncbi.nlm.nih.gov/	30352999	https://pubmed.ncbi.nlm.nih.gov/30352999/
SQSZANZGUXWJEA-UHFFFAOYSA-N	https://doi.org/	10.1038/bcj.2013.6	www.doi.org/10.1038/bcj.2013.6
SQSZANZGUXWJEA-UHFFFAOYSA-N	https://pubmed.ncbi.nlm.nih.gov/	23584399	https://www.ncbi.nlm.nih.gov/pubmed/?term=23584399
IFWUBRBMMNTBRZ-UHFFFAOYSA-N	https://doi.org/	10.1021/acschembio.6b00609	http://pubs.acs.org/doi/abs/10.1021/acschembio.6b00609
IFWUBRBMMNTBRZ-UHFFFAOYSA-N	https://pubmed.ncbi.nlm.nih.gov/	27689388	https://www.ncbi.nlm.nih.gov/pubmed/27689388
GMPQGWXPDRNCBL-UHFFFAOYSA-N	https://doi.org/	10.1021/acs.jmedchem.6b00065	http://pubs.acs.org/doi/abs/10.1021/acs.jmedchem.6b00065
GMPQGWXPDRNCBL-UHFFFAOYSA-N	https://pubmed.ncbi.nlm.nih.gov/	27115835	https://www.ncbi.nlm.nih.gov/pubmed/?term=27115835
CYOHGALHFOKKQC-UHFFFAOYSA-N		http://clincancerres.aacrjournals.org/content/13/5/1576.long	http://clincancerres.aacrjournals.org/content/13/5/1576.long
CYOHGALHFOKKQC-UHFFFAOYSA-N	https://pubmed.ncbi.nlm.nih.gov/	17332304	http://www.ncbi.nlm.nih.gov/pubmed/17332304
REVJNSVNICWODC-KIDMSAQOSA-N	https://doi.org/	10.1038/nchembio.2306	www.doi.org/10.1038/nchembio.2306
REVJNSVNICWODC-KIDMSAQOSA-N	https://pubmed.ncbi.nlm.nih.gov/	28135237	https://www.ncbi.nlm.nih.gov/pubmed/28135237
NDVQUNZCNAMROD-RZUBCFFCSA-N	https://doi.org/	10.1038/ncomms13312	http://dx.doi.org/10.1038/ncomms13312
NDVQUNZCNAMROD-RZUBCFFCSA-N	https://pubmed.ncbi.nlm.nih.gov/	27811928	https://www.ncbi.nlm.nih.gov/pubmed/27811928
DFBDRVGWBHBJNR-BBNFHIFMSA-N	https://doi.org/	10.1021/acs.jmedchem.5b00984	www.doi.org/10.1021/acs.jmedchem.5b00984
DFBDRVGWBHBJNR-BBNFHIFMSA-N	https://doi.org/	10.1158/0008-5472.CAN-15-2357	www.doi.org/10.1158/0008-5472.CAN-15-2357
DFBDRVGWBHBJNR-BBNFHIFMSA-N	https://pubmed.ncbi.nlm.nih.gov/	26407012	https://pubmed.ncbi.nlm.nih.gov/26407012/
DFBDRVGWBHBJNR-BBNFHIFMSA-N	https://pubmed.ncbi.nlm.nih.gov/	27020862	https://pubmed.ncbi.nlm.nih.gov/27020862/
RRZVGDGTWNQAPW-UHFFFAOYSA-N	https://doi.org/	10.1021/jm501963e	http://pubs.acs.org/doi/10.1021/jm501963e
RRZVGDGTWNQAPW-UHFFFAOYSA-N	https://pubmed.ncbi.nlm.nih.gov/	25719566	http://www.ncbi.nlm.nih.gov/pubmed/?term=25719566
ITTRLTNMFYIYPA-UHFFFAOYSA-N		http://www.nature.com/nature/journal/v462/n7276/full/nature08622.html	http://www.nature.com/nature/journal/v462/n7276/full/nature08622.html
ITTRLTNMFYIYPA-UHFFFAOYSA-N	https://pubmed.ncbi.nlm.nih.gov/	20033049	https://www.ncbi.nlm.nih.gov/pubmed/?term=20033049
OIGNJSKKLXVSLS-VWUMJDOOSA-N	https://doi.org/	10.1021/jm010228c	https://dx.doi.org/10.1021/jm010228c
PMQUGSPFUBGJCZ-CHOKWEPUSA-N		http://www.pnas.org/content/114/12/3127	http://www.pnas.org/content/114/12/3127
PMQUGSPFUBGJCZ-CHOKWEPUSA-N	https://doi.org/	10.1021/acsmedchemlett.5b00485	http://pubs.acs.org/doi/abs/10.1021/acsmedchemlett.5b00485
PMQUGSPFUBGJCZ-CHOKWEPUSA-N	https://pubmed.ncbi.nlm.nih.gov/	27437075	https://www.ncbi.nlm.nih.gov/pubmed/27437075
PMQUGSPFUBGJCZ-CHOKWEPUSA-N	https://pubmed.ncbi.nlm.nih.gov/	28270606	https://www.ncbi.nlm.nih.gov/pubmed/28270606
QKPUKWQKXUUTOK-UHFFFAOYSA-N		http://pubs.rsc.org/en/Content/ArticleLanding/2015/MD/c5md00037h#!divAbstract	http://pubs.rsc.org/en/Content/ArticleLanding/2015/MD/c5md00037h#!divAbstract
MFYLCAMJNGIULC-KCVUFLITSA-N	https://doi.org/	10.1021/acs.jmedchem.0c00525	www.doi.org/10.1021/acs.jmedchem.0c00525
MFYLCAMJNGIULC-KCVUFLITSA-N	https://doi.org/	10.1021/acs.biochem.9b00448	www.doi.org/10.1021/acs.biochem.9b00448
MFYLCAMJNGIULC-KCVUFLITSA-N	https://pubmed.ncbi.nlm.nih.gov/	32614585	https://pubmed.ncbi.nlm.nih.gov/32614585/
MFYLCAMJNGIULC-KCVUFLITSA-N	https://pubmed.ncbi.nlm.nih.gov/	31334635	https://pubmed.ncbi.nlm.nih.gov/31334635/
PIEQDBPBBQPLPL-UHFFFAOYSA-N	https://doi.org/	10.1038/s41589-018-0155-8	www.doi.org/10.1038/s41589-018-0155-8
PIEQDBPBBQPLPL-UHFFFAOYSA-N	https://doi.org/	10.1021/acs.jmedchem.8b01958	www.doi.org/10.1021/acs.jmedchem.8b01958
PIEQDBPBBQPLPL-UHFFFAOYSA-N	https://doi.org/	10.1021/acschembio.0c00086	www.doi.org/10.1021/acschembio.0c00086
PIEQDBPBBQPLPL-UHFFFAOYSA-N	https://pubmed.ncbi.nlm.nih.gov/	30420694	https://pubmed.ncbi.nlm.nih.gov/30420694/
PIEQDBPBBQPLPL-UHFFFAOYSA-N	https://pubmed.ncbi.nlm.nih.gov/	30720278	https://pubmed.ncbi.nlm.nih.gov/30720278/
PIEQDBPBBQPLPL-UHFFFAOYSA-N	https://pubmed.ncbi.nlm.nih.gov/	32195565	https://pubmed.ncbi.nlm.nih.gov/32195565
UMUQEMHROZVOTF-LJQANCHMSA-N	https://doi.org/	10.1021/acs.jmedchem.3c01398	https://dx.doi.org/10.1021/acs.jmedchem.3c01398
BHUZLJOUHMBZQY-YXQOSMAKSA-N		http://www.pnas.org/content/100/8/4389.long	http://www.pnas.org/content/100/8/4389.long
BHUZLJOUHMBZQY-YXQOSMAKSA-N		http://www.cell.com/cell-chemical-biology/abstract/S1074-5521(03)00095-4	http://www.cell.com/cell-chemical-biology/abstract/S1074-5521(03)00095-4
BHUZLJOUHMBZQY-YXQOSMAKSA-N		http://www.nature.com/nchembio/journal/v6/n3/full/nchembio.313.html	http://www.nature.com/nchembio/journal/v6/n3/full/nchembio.313.html
BHUZLJOUHMBZQY-YXQOSMAKSA-N	https://pubmed.ncbi.nlm.nih.gov/	12677000	https://www.ncbi.nlm.nih.gov/pubmed/12677000
BHUZLJOUHMBZQY-YXQOSMAKSA-N	https://pubmed.ncbi.nlm.nih.gov/	12770821	https://www.ncbi.nlm.nih.gov/pubmed/12770821
BHUZLJOUHMBZQY-YXQOSMAKSA-N	https://pubmed.ncbi.nlm.nih.gov/	20139990	https://www.ncbi.nlm.nih.gov/pubmed/?term=20139990
VPQCHIWQHIOPQS-UHFFFAOYSA-N	https://doi.org/	10.1038/s41467-021-23152-6	www.doi.org/10.1038/s41467-021-23152-6
VPQCHIWQHIOPQS-UHFFFAOYSA-N	https://pubmed.ncbi.nlm.nih.gov/	33990599	https://pubmed.ncbi.nlm.nih.gov/33990599/
HXBRBOYWXDLHDC-UHFFFAOYSA-N	https://doi.org/	10.1158/0008-5472.CAN-18-2861	https://dx.doi.org/10.1158/0008-5472.CAN-18-2861
FQAXDSVNYVVQSE-UHFFFAOYSA-N	https://doi.org/	10.1021/acs.jmedchem.5b00892	www.doi.org/10.1021/acs.jmedchem.5b00892
FQAXDSVNYVVQSE-UHFFFAOYSA-N	https://pubmed.ncbi.nlm.nih.gov/	26225459	https://pubmed.ncbi.nlm.nih.gov/26225459/
VTFWALACVWFKNO-OCJYXSBASA-N	https://doi.org/	10.1021/acs.jmedchem.4c01590	https://dx.doi.org/10.1021/acs.jmedchem.4c01590
RJTJRVASUFIDQM-UHFFFAOYSA-N	https://doi.org/	10.1021/ml300280g	https://dx.doi.org/10.1021/ml300280g
RJTJRVASUFIDQM-UHFFFAOYSA-N	https://doi.org/	10.1124/jpet.115.226910	https://dx.doi.org/10.1124/jpet.115.226910
MDGIEDNDSFMSLP-UHFFFAOYSA-N	https://doi.org/	10.1038/nature15699	www.doi.org/10.1038/nature15699
MDGIEDNDSFMSLP-UHFFFAOYSA-N	https://pubmed.ncbi.nlm.nih.gov/	26550826	https://www.ncbi.nlm.nih.gov/pubmed/26550826
BHKDKKZMPODMIQ-UHFFFAOYSA-N	https://doi.org/	10.1021/acs.jmedchem.0c01019	www.doi.org/10.1021/acs.jmedchem.0c01019
BHKDKKZMPODMIQ-UHFFFAOYSA-N	https://pubmed.ncbi.nlm.nih.gov/	32930584	https://pubmed.ncbi.nlm.nih.gov/32930584/
NMQUSJQZQWKQBL-UHFFFAOYSA-N	https://doi.org/	10.1038/s41375-017-0005-9	www.doi.org/10.1038/s41375-017-0005-9
NMQUSJQZQWKQBL-UHFFFAOYSA-N	https://doi.org/	10.3390/cancers12041021	www.doi.org/10.3390/cancers12041021
NMQUSJQZQWKQBL-UHFFFAOYSA-N	https://doi.org/	10.1021/ml500165r	https://doi.org/10.1021/ml500165r
NMQUSJQZQWKQBL-UHFFFAOYSA-N	https://pubmed.ncbi.nlm.nih.gov/	29472718	https://pubmed.ncbi.nlm.nih.gov/29472718/
NMQUSJQZQWKQBL-UHFFFAOYSA-N	https://pubmed.ncbi.nlm.nih.gov/	32326377	https://pubmed.ncbi.nlm.nih.gov/32326377
NMQUSJQZQWKQBL-UHFFFAOYSA-N	https://pubmed.ncbi.nlm.nih.gov/	25419444	https://pubmed.ncbi.nlm.nih.gov/25419444
OSXFATOLZGZLSK-UHFFFAOYSA-N		http://www.cell.com/molecular-cell/abstract/S1097-2765(07)00040-8?_returnURL=http%3A%2F%2Flinkinghub.elsevier.com%2Fretrieve%2Fpii%2FS1097276507000408%3Fshowall%3Dtrue	http://www.cell.com/molecular-cell/abstract/S1097-2765(07)00040-8?_returnURL=http%3A%2F%2Flinkinghub.elsevier.com%2Fretrieve%2Fpii%2FS1097276507000408%3Fshowall%3Dtrue
OSXFATOLZGZLSK-UHFFFAOYSA-N	https://pubmed.ncbi.nlm.nih.gov/	17289593	http://www.ncbi.nlm.nih.gov/pubmed/?term=17289593
KMFLQPJJHQNKKF-UHFFFAOYSA-N	https://doi.org/	10.1124/molpharm.122.000633	https://dx.doi.org/10.1124/molpharm.122.000633
DUIHHZKTCSNTGM-UHFFFAOYSA-N		http://www.nature.com/nchembio/journal/v7/n7/full/nchembio.573.html	http://www.nature.com/nchembio/journal/v7/n7/full/nchembio.573.html
DUIHHZKTCSNTGM-UHFFFAOYSA-N	https://doi.org/	10.1021/jm101488z	http://pubs.acs.org/doi/abs/10.1021/jm101488z
DUIHHZKTCSNTGM-UHFFFAOYSA-N	https://pubmed.ncbi.nlm.nih.gov/	21490603	http://www.ncbi.nlm.nih.gov/pubmed/21490603
DUIHHZKTCSNTGM-UHFFFAOYSA-N	https://pubmed.ncbi.nlm.nih.gov/	21413798	http://www.ncbi.nlm.nih.gov/pubmed/21413798
LBVKEEFIPBQIMD-JTQLQIEISA-N	https://doi.org/	10.1021/jm800343j	www.doi.org/10.1021/jm800343j
LBVKEEFIPBQIMD-JTQLQIEISA-N	https://doi.org/	10.1158/1535-7163.MCT-09-0036	www.doi.org/10.1158/1535-7163.MCT-09-0036
LBVKEEFIPBQIMD-JTQLQIEISA-N	https://pubmed.ncbi.nlm.nih.gov/	18646745	https://pubmed.ncbi.nlm.nih.gov/18646745/
LBVKEEFIPBQIMD-JTQLQIEISA-N	https://pubmed.ncbi.nlm.nih.gov/	19509272	https://pubmed.ncbi.nlm.nih.gov/19509272/
FIVSJYGQAIEMOC-ZGNKEGEESA-N	https://doi.org/	10.1016/j.pbb.2012.03.021	https://dx.doi.org/10.1016/j.pbb.2012.03.021
WMOAPWVQPPIAFY-HSZRJFAPSA-N	https://doi.org/	10.1038/s41586-025-08618-7	https://dx.doi.org/10.1038/s41586-025-08618-7
YCBIMOYJAYMCOJ-CCEZHUSRSA-N	https://doi.org/	10.1038/s41467-025-57005-3	https://dx.doi.org/10.1038/s41467-025-57005-3
JLNAZAXGWJVJEC-UHFFFAOYSA-N	https://doi.org/	10.1021/acs.jmedchem.4c02293	https://dx.doi.org/10.1021/acs.jmedchem.4c02293
YLGMPWWMPCGYBF-UHFFFAOYSA-N	https://doi.org/	10.1021/acs.jmedchem.4c02631	https://dx.doi.org/10.1021/acs.jmedchem.4c02631
RGHLRMNPUGUZEY-UHFFFAOYSA-N	https://doi.org/	10.1021/acs.jmedchem.2c00271	https://dx.doi.org/10.1021/acs.jmedchem.2c00271
GYKNPXCQINZRLL-UHFFFAOYSA-N	https://doi.org/	10.1038/s41589-020-00652-y	https://dx.doi.org/10.1038/s41589-020-00652-y
RDLSKDOSNKLEAQ-UHFFFAOYSA-N	https://doi.org/	10.1021/jm401622k	www.doi.org/10.1021/jm401622k
RDLSKDOSNKLEAQ-UHFFFAOYSA-N	https://pubmed.ncbi.nlm.nih.gov/	24392688	https://pubmed.ncbi.nlm.nih.gov/24392688/
KGSBEYKVWODBRD-ICSRJNTNSA-N	https://doi.org/	10.1124/mol.119.118661	https://dx.doi.org/10.1124/mol.119.118661
XSQUJFKRXZMOKA-PAFIKIDNSA-N	https://doi.org/	10.1056/NEJMoa2209870	https://dx.doi.org/10.1056/NEJMoa2209870
XSQUJFKRXZMOKA-PAFIKIDNSA-N	https://doi.org/	10.1002/bdd.2387	https://dx.doi.org/10.1002/bdd.2387
ISNXAOFEMNFJCO-YUXAGFNASA-N	https://doi.org/	10.1038/s41589-021-00785-8	www.doi.org/10.1038/s41589-021-00785-8
ISNXAOFEMNFJCO-YUXAGFNASA-N	https://pubmed.ncbi.nlm.nih.gov/	33927411	https://pubmed.ncbi.nlm.nih.gov/33927411/
XUZMWHLSFXCVMG-UHFFFAOYSA-N	https://doi.org/	10.4049/jimmunol.0902819	www.doi.org/10.4049/jimmunol.0902819
XUZMWHLSFXCVMG-UHFFFAOYSA-N	https://doi.org/	10.1016/j.str.2015.12.015	www.doi.org/10.1016/j.str.2015.12.015
XUZMWHLSFXCVMG-UHFFFAOYSA-N	https://pubmed.ncbi.nlm.nih.gov/	20363976	https://pubmed.ncbi.nlm.nih.gov/20363976/
XUZMWHLSFXCVMG-UHFFFAOYSA-N	https://pubmed.ncbi.nlm.nih.gov/	26853940	https://pubmed.ncbi.nlm.nih.gov/26853940/
SGSFONPFVRRJLS-UHFFFAOYSA-N	https://doi.org/	10.1371/journal.pone.0093230	https://dx.doi.org/10.1371/journal.pone.0093230
SGSFONPFVRRJLS-UHFFFAOYSA-N	https://doi.org/	10.1021/acsmedchemlett.0c00200	https://dx.doi.org/10.1021/acsmedchemlett.0c00200
LGLHCXISMKHLIK-UHFFFAOYSA-N	https://doi.org/	10.1016/j.chembiol.2011.05.010	www.doi.org/10.1016/j.chembiol.2011.05.010
LGLHCXISMKHLIK-UHFFFAOYSA-N	https://doi.org/	10.1158/0008-5472.CAN-15-0817	www.doi.org/10.1158/0008-5472.CAN-15-0817
LGLHCXISMKHLIK-UHFFFAOYSA-N	https://pubmed.ncbi.nlm.nih.gov/	21802008	https://pubmed.ncbi.nlm.nih.gov/21802008/
LGLHCXISMKHLIK-UHFFFAOYSA-N	https://pubmed.ncbi.nlm.nih.gov/	26677978	https://pubmed.ncbi.nlm.nih.gov/26677978/
XLOGLWKOHPIJLV-UHFFFAOYSA-N	https://doi.org/	10.1021/acs.jmedchem.6b00211	http://pubs.acs.org/doi/abs/10.1021/acs.jmedchem.6b00211
XLOGLWKOHPIJLV-UHFFFAOYSA-N	https://pubmed.ncbi.nlm.nih.gov/	27109867	https://www.ncbi.nlm.nih.gov/pubmed/27109867
LOGJQOUIVKBFGH-YBEGLDIGSA-N	https://doi.org/	10.1128/mcb.20.23.9018-9027.2000	www.doi.org/10.1128/mcb.20.23.9018-9027.2000
LOGJQOUIVKBFGH-YBEGLDIGSA-N	https://doi.org/	10.3109/00207454.2013.879869	www.doi.org/10.3109/00207454.2013.879869
LOGJQOUIVKBFGH-YBEGLDIGSA-N	https://pubmed.ncbi.nlm.nih.gov/	11074000	https://pubmed.ncbi.nlm.nih.gov/11074000/
LOGJQOUIVKBFGH-YBEGLDIGSA-N	https://pubmed.ncbi.nlm.nih.gov/	24397498	https://pubmed.ncbi.nlm.nih.gov/24397498/
JIFCFQDXHMUPGP-UHFFFAOYSA-N		http://www.nature.com/nchembio/journal/v7/n1/full/nchembio.481.html	http://www.nature.com/nchembio/journal/v7/n1/full/nchembio.481.html
JIFCFQDXHMUPGP-UHFFFAOYSA-N	https://pubmed.ncbi.nlm.nih.gov/	21113169	http://www.ncbi.nlm.nih.gov/pubmed/21113169
NDEXUOWTGYUVGA-LJQANCHMSA-N		http://mct.aacrjournals.org/content/7/8/2394.long	http://mct.aacrjournals.org/content/7/8/2394.long
NDEXUOWTGYUVGA-LJQANCHMSA-N	https://pubmed.ncbi.nlm.nih.gov/	18723486	https://www.ncbi.nlm.nih.gov/pubmed/18723486
MUOKSQABCJCOPU-UHFFFAOYSA-N		http://cancerres.aacrjournals.org/content/70/24/10288.long	http://cancerres.aacrjournals.org/content/70/24/10288.long
MUOKSQABCJCOPU-UHFFFAOYSA-N		http://www.nature.com/leu/journal/v28/n1/full/leu2013232a.html	http://www.nature.com/leu/journal/v28/n1/full/leu2013232a.html
MUOKSQABCJCOPU-UHFFFAOYSA-N		http://cancerres.aacrjournals.org/content/70/24/10288.long	http://cancerres.aacrjournals.org/content/70/24/10288.long
MUOKSQABCJCOPU-UHFFFAOYSA-N	https://pubmed.ncbi.nlm.nih.gov/	21159648	http://www.ncbi.nlm.nih.gov/pubmed/21159648
MUOKSQABCJCOPU-UHFFFAOYSA-N	https://pubmed.ncbi.nlm.nih.gov/	21755459	https://www.ncbi.nlm.nih.gov/pubmed/?term=21755459
CMWRPDHVGMHLSZ-GFCCVEGCSA-N		http://jpet.aspetjournals.org/content/333/3/797.abstract	http://jpet.aspetjournals.org/content/333/3/797.abstract
CMWRPDHVGMHLSZ-GFCCVEGCSA-N	https://pubmed.ncbi.nlm.nih.gov/	20237073	http://www.ncbi.nlm.nih.gov/pubmed/20237073
DADASRPKWOGKCU-FVTQAUBDSA-N		http://www.sciencedirect.com/science/article/pii/S1535610814002219	http://www.sciencedirect.com/science/article/pii/S1535610814002219
DADASRPKWOGKCU-FVTQAUBDSA-N	https://pubmed.ncbi.nlm.nih.gov/	25043604	http://www.ncbi.nlm.nih.gov/pubmed/25043604
HZASIAXCPXTISQ-NVXWUHKLSA-N	https://doi.org/	10.1158/0008-5472.CAN-10-1252	www.doi.org/10.1158/0008-5472.CAN-10-1252
HZASIAXCPXTISQ-NVXWUHKLSA-N	https://pubmed.ncbi.nlm.nih.gov/	21239475	http://www.ncbi.nlm.nih.gov/pubmed/21239475
AUMDBEHGJRZSOO-UHFFFAOYSA-N	https://doi.org/	10.1124/jpet.109.151415	https://doi.org/10.1124/jpet.109.151415
AUMDBEHGJRZSOO-UHFFFAOYSA-N	https://pubmed.ncbi.nlm.nih.gov/	19458106	http://www.ncbi.nlm.nih.gov/pubmed/19458106
HDAJDNHIBCDLQF-RUZDIDTESA-N		http://cancerdiscovery.aacrjournals.org/content/early/2013/06/26/2159-8290.CD-13-0070	http://cancerdiscovery.aacrjournals.org/content/early/2013/06/26/2159-8290.CD-13-0070
HDAJDNHIBCDLQF-RUZDIDTESA-N	https://pubmed.ncbi.nlm.nih.gov/	23614898	http://www.ncbi.nlm.nih.gov/pubmed/23614898
LCVIRAZGMYMNNT-UHFFFAOYSA-N		http://mct.aacrjournals.org/content/9/1/157.long	http://mct.aacrjournals.org/content/9/1/157.long
LCVIRAZGMYMNNT-UHFFFAOYSA-N	https://pubmed.ncbi.nlm.nih.gov/	20053775	http://www.ncbi.nlm.nih.gov/pubmed/20053775
STUWGJZDJHPWGZ-LBPRGKRZSA-N	https://doi.org/	10.1016/j.bmcl.2013.05.007	www.doi.org/10.1016/j.bmcl.2013.05.007
STUWGJZDJHPWGZ-LBPRGKRZSA-N	https://pubmed.ncbi.nlm.nih.gov/	23726034	http://www.ncbi.nlm.nih.gov/pubmed/23726034
HTFNVAVTYILUCF-UHFFFAOYSA-N		http://www.pnas.org/content/113/42/11865	http://www.pnas.org/content/113/42/11865
HTFNVAVTYILUCF-UHFFFAOYSA-N	https://pubmed.ncbi.nlm.nih.gov/	27679845	https://www.ncbi.nlm.nih.gov/pubmed/?term=27679845
VEPKQEUBKLEPRA-UHFFFAOYSA-N		http://www.nature.com/nbt/journal/v26/n1/full/nbt1358.html	http://www.nature.com/nbt/journal/v26/n1/full/nbt1358.html
VEPKQEUBKLEPRA-UHFFFAOYSA-N	https://doi.org/	10.1021/ml2001455	http://pubs.acs.org/doi/abs/10.1021/ml2001455
VEPKQEUBKLEPRA-UHFFFAOYSA-N	https://pubmed.ncbi.nlm.nih.gov/	18183025	http://www.ncbi.nlm.nih.gov/pubmed/18183025
VEPKQEUBKLEPRA-UHFFFAOYSA-N	https://pubmed.ncbi.nlm.nih.gov/	24900264	http://www.ncbi.nlm.nih.gov/pubmed/24900264
KDGFLJKFZUIJMX-UHFFFAOYSA-N		http://www.sciencedirect.com/science/article/pii/S1535610811001486	http://www.sciencedirect.com/science/article/pii/S1535610811001486
KDGFLJKFZUIJMX-UHFFFAOYSA-N	https://pubmed.ncbi.nlm.nih.gov/	21575866	http://www.ncbi.nlm.nih.gov/pubmed/21575866
AHJRHEGDXFFMBM-UHFFFAOYSA-N		http://mct.aacrjournals.org/content/3/11/1427.long	http://mct.aacrjournals.org/content/3/11/1427.long
AHJRHEGDXFFMBM-UHFFFAOYSA-N	https://pubmed.ncbi.nlm.nih.gov/	15542782	http://www.ncbi.nlm.nih.gov/pubmed/15542782
ZBCMHWUFWQFPLV-VVOJOOEHSA-N	https://doi.org/	10.1021/acsmedchemlett.5b00398	http://pubs.acs.org/doi/abs/10.1021/acsmedchemlett.5b00398
ZBCMHWUFWQFPLV-VVOJOOEHSA-N	https://pubmed.ncbi.nlm.nih.gov/	26713112	https://www.ncbi.nlm.nih.gov/pubmed/?term=26713112
IVUGFMLRJOCGAS-UHFFFAOYSA-N	https://doi.org/	10.1158/0008-5472.CAN-10-3001	www.doi.org/10.1158/0008-5472.CAN-10-3001
IVUGFMLRJOCGAS-UHFFFAOYSA-N	https://pubmed.ncbi.nlm.nih.gov/	20935223	http://www.ncbi.nlm.nih.gov/pubmed/20935223
JCINBYQJBYJGDM-UHFFFAOYSA-N	https://doi.org/	10.1021/acsmedchemlett.5b00226	www.doi.org/10.1021/acsmedchemlett.5b00226
JCINBYQJBYJGDM-UHFFFAOYSA-N	https://pubmed.ncbi.nlm.nih.gov/	26288683	http://www.ncbi.nlm.nih.gov/pubmed/26288683
JUSFANSTBFGBAF-IRXDYDNUSA-N	https://doi.org/	10.1016/j.bmcl.2013.01.019	www.doi.org/10.1016/j.bmcl.2013.01.019
JUSFANSTBFGBAF-IRXDYDNUSA-N	https://doi.org/	10.1158/1535-7163.MCT-15-0365	www.doi.org/10.1158/1535-7163.MCT-15-0365
JUSFANSTBFGBAF-IRXDYDNUSA-N	https://pubmed.ncbi.nlm.nih.gov/	23375793	http://www.ncbi.nlm.nih.gov/pubmed/23375793
JUSFANSTBFGBAF-IRXDYDNUSA-N	https://pubmed.ncbi.nlm.nih.gov/	26358751	https://www.ncbi.nlm.nih.gov/pubmed/26358751
HXMGCTFLLWPVFM-GOSISDBHSA-N		http://www.nature.com/nchembio/journal/v8/n2/full/nchembio.761.html	http://www.nature.com/nchembio/journal/v8/n2/full/nchembio.761.html
HXMGCTFLLWPVFM-GOSISDBHSA-N	https://doi.org/	10.1021/jm300327h	http://pubs.acs.org/doi/abs/10.1021/jm300327h
HXMGCTFLLWPVFM-GOSISDBHSA-N	https://pubmed.ncbi.nlm.nih.gov/	22198732	https://www.ncbi.nlm.nih.gov/pubmed/22198732
HXMGCTFLLWPVFM-GOSISDBHSA-N	https://pubmed.ncbi.nlm.nih.gov/	22676210	https://www.ncbi.nlm.nih.gov/pubmed/22676210
DEZZLWQELQORIU-RELWKKBWSA-N		http://cancerres.aacrjournals.org/content/69/7/3042.long	http://cancerres.aacrjournals.org/content/69/7/3042.long
DEZZLWQELQORIU-RELWKKBWSA-N	https://pubmed.ncbi.nlm.nih.gov/	19276360	http://www.ncbi.nlm.nih.gov/pubmed/19276360
BCZUAADEACICHN-UHFFFAOYSA-N		www.doi.org/1158/1535-7163.MCT-09-0477	www.doi.org/1158/1535-7163.MCT-09-0477
BCZUAADEACICHN-UHFFFAOYSA-N	https://pubmed.ncbi.nlm.nih.gov/	19934279	http://www.ncbi.nlm.nih.gov/pubmed/19934279
AQGNHMOJWBZFQQ-UHFFFAOYSA-N	https://doi.org/	10.2337/diabetes.52.3.588	www.doi.org/10.2337/diabetes.52.3.588
AQGNHMOJWBZFQQ-UHFFFAOYSA-N	https://pubmed.ncbi.nlm.nih.gov/	12606497	http://www.ncbi.nlm.nih.gov/pubmed/12606497
IENLGMOXAQMNEH-CYBMUJFWSA-N		http://clincancerres.aacrjournals.org/content/18/20/5650.long	http://clincancerres.aacrjournals.org/content/18/20/5650.long
IENLGMOXAQMNEH-CYBMUJFWSA-N	https://doi.org/	10.1021/jm3012933	http://pubs.acs.org/doi/abs/10.1021/jm3012933
IENLGMOXAQMNEH-CYBMUJFWSA-N		http://mct.aacrjournals.org/content/early/2016/08/22/1535-7163.MCT-15-0998.long	http://mct.aacrjournals.org/content/early/2016/08/22/1535-7163.MCT-15-0998.long
IENLGMOXAQMNEH-CYBMUJFWSA-N		http://clincancerres.aacrjournals.org/content/18/20/5650.long	http://clincancerres.aacrjournals.org/content/18/20/5650.long
IENLGMOXAQMNEH-CYBMUJFWSA-N	https://doi.org/	10.1021/jm3012933	http://pubs.acs.org/doi/abs/10.1021/jm3012933
IENLGMOXAQMNEH-CYBMUJFWSA-N		http://mct.aacrjournals.org/content/early/2016/08/22/1535-7163.MCT-15-0998.long	http://mct.aacrjournals.org/content/early/2016/08/22/1535-7163.MCT-15-0998.long
LHNIIDJUOCFXAP-UHFFFAOYSA-N	https://doi.org/	10.1021/jm800295d	www.doi.org/10.1021/jm800295d
LHNIIDJUOCFXAP-UHFFFAOYSA-N	https://pubmed.ncbi.nlm.nih.gov/	18754654	http://www.ncbi.nlm.nih.gov/pubmed/18754654
PSICWGWNIOOULV-UHFFFAOYSA-N		http://pubs.rsc.org/en/content/articlelanding/md/2016/c5md00493d#!divAbstract	http://pubs.rsc.org/en/content/articlelanding/md/2016/c5md00493d#!divAbstract
UYUHRKLITDJEHB-UHFFFAOYSA-N	https://doi.org/	10.1073/pnas.1215450109	www.doi.org/10.1073/pnas.1215450109
UYUHRKLITDJEHB-UHFFFAOYSA-N	https://pubmed.ncbi.nlm.nih.gov/	23033494	http://www.ncbi.nlm.nih.gov/pubmed/23033494
MJSHVHLADKXCML-RQNOJGIXSA-N	https://doi.org/	10.1021/jm500749d	http://pubs.acs.org/doi/abs/10.1021/jm500749d
MJSHVHLADKXCML-RQNOJGIXSA-N	https://pubmed.ncbi.nlm.nih.gov/	25068800	https://www.ncbi.nlm.nih.gov/pubmed/?term=25068800
MYKOWOGZBMOVBJ-UHFFFAOYSA-N	https://doi.org/	10.1074/jbc.M201075200	www.doi.org/10.1074/jbc.M201075200
MYKOWOGZBMOVBJ-UHFFFAOYSA-N	https://pubmed.ncbi.nlm.nih.gov/	11867640	http://www.ncbi.nlm.nih.gov/pubmed/11867640
AHYMHWXQRWRBKT-UHFFFAOYSA-N	https://doi.org/	10.1158/1078-0432.CCR-12-3247	https://dx.doi.org/10.1158/1078-0432.CCR-12-3247
VASPFLVEEOBQOS-UHFFFAOYSA-N	https://doi.org/	10.1021/acsmedchemlett.3c00052	https://dx.doi.org/10.1021/acsmedchemlett.3c00052
AYCPARAPKDAOEN-LJQANCHMSA-N	https://doi.org/	10.1073/pnas.0911863107	www.doi.org/10.1073/pnas.0911863107
AYCPARAPKDAOEN-LJQANCHMSA-N	https://pubmed.ncbi.nlm.nih.gov/	20439741	http://www.ncbi.nlm.nih.gov/pubmed/20439741
DEEOXSOLTLIWMG-UHFFFAOYSA-N		http://cancerres.aacrjournals.org/content/65/3/957.long	http://cancerres.aacrjournals.org/content/65/3/957.long
DEEOXSOLTLIWMG-UHFFFAOYSA-N	https://pubmed.ncbi.nlm.nih.gov/	15705896	http://www.ncbi.nlm.nih.gov/pubmed/15705896
SCFMWQIQBVZOQR-UHFFFAOYSA-N	https://doi.org/	10.1158/1535-7163.MCT-10-0720	www.doi.org/10.1158/1535-7163.MCT-10-0720
SCFMWQIQBVZOQR-UHFFFAOYSA-N	https://doi.org/	10.1016/S0960-894X(03)00381-0	www.doi.org/10.1016/S0960-894X(03)00381-0
SCFMWQIQBVZOQR-UHFFFAOYSA-N	https://pubmed.ncbi.nlm.nih.gov/	21216932	http://www.ncbi.nlm.nih.gov/pubmed/21216932
SCFMWQIQBVZOQR-UHFFFAOYSA-N	https://pubmed.ncbi.nlm.nih.gov/	12824044	https://www.ncbi.nlm.nih.gov/pubmed/12824044
DTEKTGDVSARYDS-UHFFFAOYSA-N	https://doi.org/	10.1042/BJ20061088	www.doi.org/10.1042/BJ20061088
DTEKTGDVSARYDS-UHFFFAOYSA-N	https://pubmed.ncbi.nlm.nih.gov/	17040210	http://www.ncbi.nlm.nih.gov/pubmed/17040210
XQVVPGYIWAGRNI-JOCHJYFZSA-N	https://doi.org/	10.1016/j.cub.2006.12.037	www.doi.org/10.1016/j.cub.2006.12.037
XQVVPGYIWAGRNI-JOCHJYFZSA-N	https://pubmed.ncbi.nlm.nih.gov/	17291758	http://www.ncbi.nlm.nih.gov/pubmed/17291758
QAPAJIZPZGWAND-UHFFFAOYSA-N	https://doi.org/	10.1016/j.ccr.2010.08.008	www.doi.org/10.1016/j.ccr.2010.08.008
QAPAJIZPZGWAND-UHFFFAOYSA-N	https://pubmed.ncbi.nlm.nih.gov/	20832753	http://www.ncbi.nlm.nih.gov/pubmed/20832753
KTUFNOKKBVMGRW-UHFFFAOYSA-N	https://doi.org/	10.1038/nm0596-561	www.doi.org/10.1038/nm0596-561
KTUFNOKKBVMGRW-UHFFFAOYSA-N	https://pubmed.ncbi.nlm.nih.gov/	10910906	http://www.ncbi.nlm.nih.gov/pubmed/10910906
KTUFNOKKBVMGRW-UHFFFAOYSA-N	https://pubmed.ncbi.nlm.nih.gov/	8548747	http://www.ncbi.nlm.nih.gov/pubmed/8548747
KTUFNOKKBVMGRW-UHFFFAOYSA-N	https://pubmed.ncbi.nlm.nih.gov/	8616716	http://www.ncbi.nlm.nih.gov/pubmed/8616716
LQBVNQSMGBZMKD-UHFFFAOYSA-N		http://www.nature.com/nm/journal/v19/n2/full/nm.3048.html	http://www.nature.com/nm/journal/v19/n2/full/nm.3048.html
LQBVNQSMGBZMKD-UHFFFAOYSA-N	https://pubmed.ncbi.nlm.nih.gov/	23291630	http://www.ncbi.nlm.nih.gov/pubmed/23291630
SOYCFODXNRVBTI-UHFFFAOYSA-N	https://doi.org/	10.1021/ml5001867	http://pubs.acs.org/doi/abs/10.1021/ml5001867
SOYCFODXNRVBTI-UHFFFAOYSA-N	https://pubmed.ncbi.nlm.nih.gov/	25313317	https://www.ncbi.nlm.nih.gov/pubmed/25313317
JKMWZKPAXZBYEH-JWHWKPFMSA-N		https://www.nature.com/nchembio/journal/v9/n6/full/nchembio.1246.html	https://www.nature.com/nchembio/journal/v9/n6/full/nchembio.1246.html
JKMWZKPAXZBYEH-JWHWKPFMSA-N	https://pubmed.ncbi.nlm.nih.gov/	23603658	https://www.ncbi.nlm.nih.gov/pubmed/23603658
XMVAWGSQPHFXKU-UHFFFAOYSA-N		http://www.nature.com/cddis/journal/v6/n1/full/cddis2014561a.html	http://www.nature.com/cddis/journal/v6/n1/full/cddis2014561a.html
XMVAWGSQPHFXKU-UHFFFAOYSA-N	https://pubmed.ncbi.nlm.nih.gov/	25590800	https://www.ncbi.nlm.nih.gov/pubmed/25590800
ZFBHXVOCZBPADE-SSEXGKCCSA-N		https://www.nature.com/nature/journal/v538/n7626/full/nature19830.html	https://www.nature.com/nature/journal/v538/n7626/full/nature19830.html
ZFBHXVOCZBPADE-SSEXGKCCSA-N	https://doi.org/	10.1021/acs.jmedchem.0c01234	www.doi.org/10.1021/acs.jmedchem.0c01234
ZFBHXVOCZBPADE-SSEXGKCCSA-N	https://pubmed.ncbi.nlm.nih.gov/	27760111	https://www.ncbi.nlm.nih.gov/pubmed/27760111
ZFBHXVOCZBPADE-SSEXGKCCSA-N	https://pubmed.ncbi.nlm.nih.gov/	33146521	https://pubmed.ncbi.nlm.nih.gov/33146521/
SXQZEMXQTRNLRZ-HXUWFJFHSA-N	https://doi.org/	10.1038/s41589-023-01270-0	https://dx.doi.org/10.1038/s41589-023-01270-0
GXTJETQFYHZHNB-GASCZTMLSA-N	https://doi.org/	10.1016/j.celrep.2017.08.081	www.doi.org/10.1016/j.celrep.2017.08.081
GXTJETQFYHZHNB-GASCZTMLSA-N	https://doi.org/	10.1038/s41586-020-2925-1	www.doi.org/10.1038/s41586-020-2925-1
GXTJETQFYHZHNB-GASCZTMLSA-N	https://pubmed.ncbi.nlm.nih.gov/	28930682	https://pubmed.ncbi.nlm.nih.gov/28930682/
GXTJETQFYHZHNB-GASCZTMLSA-N	https://pubmed.ncbi.nlm.nih.gov/	33208943	https://pubmed.ncbi.nlm.nih.gov/33208943/
QLXULUNLCRKWRD-UHFFFAOYSA-N	https://doi.org/	10.1021/acs.jmedchem.9b02071	www.doi.org/10.1021/acs.jmedchem.9b02071
QLXULUNLCRKWRD-UHFFFAOYSA-N	https://doi.org/	10.1038/s41586-018-0387-5	www.doi.org/10.1038/s41586-018-0387-5
QLXULUNLCRKWRD-UHFFFAOYSA-N	https://pubmed.ncbi.nlm.nih.gov/	32118427	https://pubmed.ncbi.nlm.nih.gov/32118427
QLXULUNLCRKWRD-UHFFFAOYSA-N	https://pubmed.ncbi.nlm.nih.gov/	30069049	https://pubmed.ncbi.nlm.nih.gov/30069049
JWZSSEWMVYKYKW-UHFFFAOYSA-N	https://doi.org/	10.1021/jm301539x	https://doi.org/10.1021/jm301539x
JWZSSEWMVYKYKW-UHFFFAOYSA-N	https://doi.org/	10.1002/anie.201701185	https://doi.org/10.1002/anie.201701185
JWZSSEWMVYKYKW-UHFFFAOYSA-N	https://pubmed.ncbi.nlm.nih.gov/	23270382	https://www.ncbi.nlm.nih.gov/pubmed/23270382
JWZSSEWMVYKYKW-UHFFFAOYSA-N	https://pubmed.ncbi.nlm.nih.gov/	28397331	https://www.ncbi.nlm.nih.gov/pubmed/28397331
VYWRYBZVVSPTQN-SANMLTNESA-N	https://doi.org/	10.1158/2159-8290.CD-23-0944	https://dx.doi.org/10.1158/2159-8290.CD-23-0944
OZFFKOSQNBBYCA-UHFFFAOYSA-N	https://doi.org/	10.1007/s13402-020-00584-8	www.doi.org/10.1007/s13402-020-00584-8
OZFFKOSQNBBYCA-UHFFFAOYSA-N	https://pubmed.ncbi.nlm.nih.gov/	33492659	https://pubmed.ncbi.nlm.nih.gov/33492659/
ONIQOQHATWINJY-UHFFFAOYSA-N		http://mct.aacrjournals.org/content/10/12/2298.long	http://mct.aacrjournals.org/content/10/12/2298.long
ONIQOQHATWINJY-UHFFFAOYSA-N	https://pubmed.ncbi.nlm.nih.gov/	21926191	https://www.ncbi.nlm.nih.gov/pubmed/?term=21926191
WBLVOWHFRUAMCP-UHFFFAOYSA-N	https://doi.org/	10.1016/j.bmcl.2015.02.058	https://dx.doi.org/10.1016/j.bmcl.2015.02.058
WBLVOWHFRUAMCP-UHFFFAOYSA-N	https://doi.org/	10.1016/j.bmcl.2016.08.062	https://dx.doi.org/10.1016/j.bmcl.2016.08.062
DTBGJTHCIGPRDA-UHFFFAOYSA-N	https://doi.org/	10.1038/s41586-021-03536-w	www.doi.org/10.1038/s41586-021-03536-w
DTBGJTHCIGPRDA-UHFFFAOYSA-N	https://pubmed.ncbi.nlm.nih.gov/	33902106	https://pubmed.ncbi.nlm.nih.gov/33902106/
DKZYXHCYPUVGAF-JCNLHEQBSA-N	https://doi.org/	10.18632/oncotarget.790	www.doi.org/10.18632/oncotarget.790
DKZYXHCYPUVGAF-JCNLHEQBSA-N	https://pubmed.ncbi.nlm.nih.gov/	23283305	https://pubmed.ncbi.nlm.nih.gov/23283305/
SXWMIXPJPNCXQQ-UHFFFAOYSA-N		http://www.bloodjournal.org/content/123/14/2209.long?sso-checked=true	http://www.bloodjournal.org/content/123/14/2209.long?sso-checked=true
SXWMIXPJPNCXQQ-UHFFFAOYSA-N	https://pubmed.ncbi.nlm.nih.gov/	24532805	https://www.ncbi.nlm.nih.gov/pubmed/?term=24532805
BKWJAKQVGHWELA-UHFFFAOYSA-N	https://doi.org/	10.1158/1535-7163.MCT-09-0463	www.doi.org/10.1158/1535-7163.MCT-09-0463
BKWJAKQVGHWELA-UHFFFAOYSA-N	https://pubmed.ncbi.nlm.nih.gov/	19887545	https://pubmed.ncbi.nlm.nih.gov/19887545/
YKDZIFFKQUNVHH-UHFFFAOYSA-N	https://doi.org/	10.1016/j.chembiol.2020.12.013	www.doi.org/10.1016/j.chembiol.2020.12.013
YKDZIFFKQUNVHH-UHFFFAOYSA-N	https://pubmed.ncbi.nlm.nih.gov/	33484635	https://pubmed.ncbi.nlm.nih.gov/33484635/
GJYVLTPTDBQQCY-UHFFFAOYSA-N	https://doi.org/	10.3390/ijms21207549	www.doi.org/10.3390/ijms21207549
GJYVLTPTDBQQCY-UHFFFAOYSA-N	https://pubmed.ncbi.nlm.nih.gov/	33066143	https://pubmed.ncbi.nlm.nih.gov/33066143/
IRTDIKMSKMREGO-OAHLLOKOSA-N	https://doi.org/	10.1158/2159-8290.CD-12-0003	www.doi.org/10.1158/2159-8290.CD-12-0003
IRTDIKMSKMREGO-OAHLLOKOSA-N	https://doi.org/	10.1111/j.1538-7836.2012.04898.x	www.doi.org/10.1111/j.1538-7836.2012.04898.x
IRTDIKMSKMREGO-OAHLLOKOSA-N	https://pubmed.ncbi.nlm.nih.gov/	22588880	https://pubmed.ncbi.nlm.nih.gov/22588880/
IRTDIKMSKMREGO-OAHLLOKOSA-N	https://pubmed.ncbi.nlm.nih.gov/	22906130	https://pubmed.ncbi.nlm.nih.gov/22906130/
SUNXHXDJOIXABJ-NSHDSACASA-N		http://www.jbc.org/content/283/47/32334.long	http://www.jbc.org/content/283/47/32334.long
SUNXHXDJOIXABJ-NSHDSACASA-N	https://pubmed.ncbi.nlm.nih.gov/	18775810	https://www.ncbi.nlm.nih.gov/pubmed/?term=18775810
CDOOFZZILLRUQH-GDLZYMKVSA-N	https://doi.org/	10.1016/j.bmcl.2015.01.032	www.doi.org/10.1016/j.bmcl.2015.01.032
CDOOFZZILLRUQH-GDLZYMKVSA-N	https://doi.org/	10.1124/jpet.111.181545	www.doi.org/10.1124/jpet.111.181545
CDOOFZZILLRUQH-GDLZYMKVSA-N	https://doi.org/	10.1124/dmd.114.061804	www.doi.org/10.1124/dmd.114.061804
CDOOFZZILLRUQH-GDLZYMKVSA-N	https://pubmed.ncbi.nlm.nih.gov/	25701252	https://www.ncbi.nlm.nih.gov/pubmed/?term=25701252
CDOOFZZILLRUQH-GDLZYMKVSA-N	https://pubmed.ncbi.nlm.nih.gov/	21521773	https://pubmed.ncbi.nlm.nih.gov/21521773/
CDOOFZZILLRUQH-GDLZYMKVSA-N	https://pubmed.ncbi.nlm.nih.gov/	25845827	https://pubmed.ncbi.nlm.nih.gov/25845827/
VMJFTOSOFDEKTM-UHFFFAOYSA-N	https://doi.org/	10.1021/jm301619u	www.doi.org/10.1021/jm301619u
VMJFTOSOFDEKTM-UHFFFAOYSA-N	https://doi.org/	10.1097/JTO.0b013e318257cc89	www.doi.org/10.1097/JTO.0b013e318257cc89
VMJFTOSOFDEKTM-UHFFFAOYSA-N	https://pubmed.ncbi.nlm.nih.gov/	23379595	https://pubmed.ncbi.nlm.nih.gov/23379595/
VMJFTOSOFDEKTM-UHFFFAOYSA-N	https://pubmed.ncbi.nlm.nih.gov/	22617250	https://pubmed.ncbi.nlm.nih.gov/22617250/
WKIALOXOAZXGMG-UHFFFAOYSA-N	https://doi.org/	10.1158/1535-7163.MCT-15-0871	www.doi.org/10.1158/1535-7163.MCT-15-0871
WKIALOXOAZXGMG-UHFFFAOYSA-N	https://doi.org/	10.1021/acs.jmedchem.5b01716	www.doi.org/10.1021/acs.jmedchem.5b01716
WKIALOXOAZXGMG-UHFFFAOYSA-N	https://pubmed.ncbi.nlm.nih.gov/	27196782	https://www.ncbi.nlm.nih.gov/pubmed/?term=27196782
WKIALOXOAZXGMG-UHFFFAOYSA-N	https://pubmed.ncbi.nlm.nih.gov/	26812066	https://pubmed.ncbi.nlm.nih.gov/26812066/
XWQVQSXLXAXOPJ-QNGMFEMESA-N	https://doi.org/	10.1038/nchembio.2538	www.doi.org10.1038/nchembio.2538
XWQVQSXLXAXOPJ-QNGMFEMESA-N	https://pubmed.ncbi.nlm.nih.gov/	29251720	https://pubmed.ncbi.nlm.nih.gov/29251720/
KNLROUBMVYVLGX-UHFFFAOYSA-N		http://www.nature.com/nchembio/journal/v12/n5/full/nchembio.2056.html	http://www.nature.com/nchembio/journal/v12/n5/full/nchembio.2056.html
KNLROUBMVYVLGX-UHFFFAOYSA-N	https://pubmed.ncbi.nlm.nih.gov/	27018889	http://www.ncbi.nlm.nih.gov/pubmed/27018889
AUWUGRCKTQSGJY-HHHXNRCGSA-N	https://doi.org/	10.1021/jm401868d	http://pubs.acs.org/doi/abs/10.1021/jm401868d
AUWUGRCKTQSGJY-HHHXNRCGSA-N	https://pubmed.ncbi.nlm.nih.gov/	24472025	http://www.ncbi.nlm.nih.gov/pubmed/?term=24472025
IXZOHGPZAQLIBH-NRFANRHFSA-N	https://doi.org/	10.1021/acs.jmedchem.6b01921	https://dx.doi.org/10.1021/acs.jmedchem.6b01921
GSGDUDAFETZSPM-IATAILRESA-N	https://doi.org/	10.1021/acs.jmedchem.1c02175	https://dx.doi.org/10.1021/acs.jmedchem.1c02175
BANRYGZZIMCKNA-OYGJEQPESA-N	https://doi.org/	10.1021/acs.jmedchem.9b00846	www.doi.org/10.1021/acs.jmedchem.9b00846
BANRYGZZIMCKNA-OYGJEQPESA-N	https://pubmed.ncbi.nlm.nih.gov/	31560543	https://pubmed.ncbi.nlm.nih.gov/31560543/
PWBHUSLMHZLGRN-UHFFFAOYSA-N	https://doi.org/	10.1021/acs.jmedchem.0c01489	www.doi.org/10.1021/acs.jmedchem.0c01489
PWBHUSLMHZLGRN-UHFFFAOYSA-N	https://doi.org/	10.1182/blood.2020008676	www.doi.org/10.1182/blood.2020008676
PWBHUSLMHZLGRN-UHFFFAOYSA-N	https://pubmed.ncbi.nlm.nih.gov/	33591756	https://pubmed.ncbi.nlm.nih.gov/33591756/
PWBHUSLMHZLGRN-UHFFFAOYSA-N	https://pubmed.ncbi.nlm.nih.gov/	33197925	https://pubmed.ncbi.nlm.nih.gov/33197925/
WCPTUQOMNJBIET-CALCHBBNSA-N	https://doi.org/	10.1021/ml5003663	http://pubs.acs.org/doi/abs/10.1021/ml5003663
WCPTUQOMNJBIET-CALCHBBNSA-N	https://doi.org/	10.1021/acs.jmedchem.6b00990	http://pubs.acs.org/doi/pdf/10.1021/acs.jmedchem.6b00990
WCPTUQOMNJBIET-CALCHBBNSA-N	https://pubmed.ncbi.nlm.nih.gov/	25815142	http://www.ncbi.nlm.nih.gov/pubmed/?term=25815142
WCPTUQOMNJBIET-CALCHBBNSA-N	https://pubmed.ncbi.nlm.nih.gov/	28001384	https://www.ncbi.nlm.nih.gov/pubmed/?term=28001384
NWGMIELHSCQGOG-ZDUSSCGKSA-N		http://www.sciencedirect.com/science/article/pii/S0960894X15301888	http://www.sciencedirect.com/science/article/pii/S0960894X15301888
NWGMIELHSCQGOG-ZDUSSCGKSA-N	https://pubmed.ncbi.nlm.nih.gov/	26546219	http://www.ncbi.nlm.nih.gov/pubmed/26546219
FMTVWAGUJRUAKE-UHFFFAOYSA-N	https://doi.org/	10.1021/acschembio.5b00839	www.doi.org/10.1021/acschembio.5b00839
FMTVWAGUJRUAKE-UHFFFAOYSA-N	https://pubmed.ncbi.nlm.nih.gov/	26598975	http://www.ncbi.nlm.nih.gov/pubmed/26598975
OHRURASPPZQGQM-GCCNXGTGSA-N		http://www.sciencedirect.com/science/article/pii/S0014482798940277?via%3Dihub	http://www.sciencedirect.com/science/article/pii/S0014482798940277?via%3Dihub
OHRURASPPZQGQM-GCCNXGTGSA-N		http://cancerres.aacrjournals.org/content/62/17/4916.long	http://cancerres.aacrjournals.org/content/62/17/4916.long
OHRURASPPZQGQM-GCCNXGTGSA-N		http://www.nature.com/nchembio/journal/v6/n3/full/nchembio.313.html	http://www.nature.com/nchembio/journal/v6/n3/full/nchembio.313.html
OHRURASPPZQGQM-GCCNXGTGSA-N	https://pubmed.ncbi.nlm.nih.gov/	9633520	https://www.ncbi.nlm.nih.gov/pubmed/9633520
OHRURASPPZQGQM-GCCNXGTGSA-N	https://pubmed.ncbi.nlm.nih.gov/	12208741	https://www.ncbi.nlm.nih.gov/pubmed/12208741
OHRURASPPZQGQM-GCCNXGTGSA-N	https://pubmed.ncbi.nlm.nih.gov/	20139990	https://www.ncbi.nlm.nih.gov/pubmed/20139990
OHRDCQFCAWLDBP-SBUREZEXSA-N	https://doi.org/	10.1124/jpet.103.055848	www.doi.org/10.1124/jpet.103.055848
OHRDCQFCAWLDBP-SBUREZEXSA-N	https://doi.org/	10.1124/jpet.106.116764	www.doi.org/10.1124/jpet.106.116764
OHRDCQFCAWLDBP-SBUREZEXSA-N	https://doi.org/	10.1124/jpet.106.116780	www.doi.org/10.1124/jpet.106.116780
OHRDCQFCAWLDBP-SBUREZEXSA-N	https://pubmed.ncbi.nlm.nih.gov/	14593080	https://pubmed.ncbi.nlm.nih.gov/14593080/
OHRDCQFCAWLDBP-SBUREZEXSA-N	https://pubmed.ncbi.nlm.nih.gov/	17329552	https://pubmed.ncbi.nlm.nih.gov/17329552/
OHRDCQFCAWLDBP-SBUREZEXSA-N	https://pubmed.ncbi.nlm.nih.gov/	17329551	https://pubmed.ncbi.nlm.nih.gov/17329551/
KKFFOOWORPUAJB-NVXWUHKLSA-N	https://doi.org/	10.1021/acs.jmedchem.2c01517	https://dx.doi.org/10.1021/acs.jmedchem.2c01517
XCGYXEVLQIIEJH-UHFFFAOYSA-N	https://doi.org/	10.1016/j.celrep.2017.08.081	www.doi.org/10.1016/j.celrep.2017.08.081
XCGYXEVLQIIEJH-UHFFFAOYSA-N	https://doi.org/	10.1038/s41586-020-2925-1	www.doi.org/10.1038/s41586-020-2925-1
XCGYXEVLQIIEJH-UHFFFAOYSA-N	https://pubmed.ncbi.nlm.nih.gov/	28930682	https://pubmed.ncbi.nlm.nih.gov/28930682/
XCGYXEVLQIIEJH-UHFFFAOYSA-N	https://pubmed.ncbi.nlm.nih.gov/	33208943	https://pubmed.ncbi.nlm.nih.gov/33208943/
BNTAEJNPQLMGDJ-LLVKDONJSA-N	https://doi.org/	10.1016/j.bmcl.2016.04.072	https://doi.org/10.1016/j.bmcl.2016.04.072
BNTAEJNPQLMGDJ-LLVKDONJSA-N	https://doi.org/	10.1016/j.bmcl.2016.04.073	https://doi.org/10.1016/j.bmcl.2016.04.073
BNTAEJNPQLMGDJ-LLVKDONJSA-N	https://pubmed.ncbi.nlm.nih.gov/	27155900	https://pubmed.ncbi.nlm.nih.gov/27155900
BNTAEJNPQLMGDJ-LLVKDONJSA-N	https://pubmed.ncbi.nlm.nih.gov/	27136719	https://pubmed.ncbi.nlm.nih.gov/27136719
PFPSFENQCNMITC-MRXNPFEDSA-N		http://www.sciencedirect.com/science/article/pii/S1074552114003421	http://www.sciencedirect.com/science/article/pii/S1074552114003421
PFPSFENQCNMITC-MRXNPFEDSA-N	https://pubmed.ncbi.nlm.nih.gov/	25457180	http://www.ncbi.nlm.nih.gov/pubmed/?term=25457180
WXRGFPHDRFQODR-ICLZECGLSA-N		http://www.cell.com/cancer-cell/abstract/S1535-6108(11)00227-3	http://www.cell.com/cancer-cell/abstract/S1535-6108(11)00227-3
WXRGFPHDRFQODR-ICLZECGLSA-N	https://pubmed.ncbi.nlm.nih.gov/	21741596	http://www.ncbi.nlm.nih.gov/pubmed/?term=21741596
ULNXAWLQFZMIHX-UHFFFAOYSA-N	https://doi.org/	10.1021/ml3003346	www.doi.org/10.1021/ml3003346
ULNXAWLQFZMIHX-UHFFFAOYSA-N	https://pubmed.ncbi.nlm.nih.gov/	24900432	http://www.ncbi.nlm.nih.gov/pubmed/24900432
PFHDWRIVDDIFRP-UHFFFAOYSA-N		http://www.pnas.org/content/109/52/21360.long	http://www.pnas.org/content/109/52/21360.long
PFHDWRIVDDIFRP-UHFFFAOYSA-N	https://pubmed.ncbi.nlm.nih.gov/	23236167	http://www.ncbi.nlm.nih.gov/pubmed/?term=23236167
NSQSAUGJQHDYNO-UHFFFAOYSA-N		http://www.pnas.org/content/110/19/7922.long?tab=related	http://www.pnas.org/content/110/19/7922.long?tab=related
NSQSAUGJQHDYNO-UHFFFAOYSA-N	https://pubmed.ncbi.nlm.nih.gov/	23620515	http://www.ncbi.nlm.nih.gov/pubmed/?term=23620515
CACMCLIHCDTJHL-IDTAVKCVSA-N	https://doi.org/	10.1021/ml500467h	http://pubs.acs.org/doi/abs/10.1021/ml500467h
CACMCLIHCDTJHL-IDTAVKCVSA-N	https://pubmed.ncbi.nlm.nih.gov/	25893041	http://www.ncbi.nlm.nih.gov/pubmed/?term=25893041
XGVXKJKTISMIOW-ZDUSSCGKSA-N	https://doi.org/	10.1126/sciadv.aav3660	https://dx.doi.org/10.1126/sciadv.aav3660
LQTWDAYNGMMHLV-UHFFFAOYSA-N		http://cancerdiscovery.aacrjournals.org/content/early/2016/06/16/2159-8290.CD-16-0164.long	http://cancerdiscovery.aacrjournals.org/content/early/2016/06/16/2159-8290.CD-16-0164.long
LQTWDAYNGMMHLV-UHFFFAOYSA-N		http://www.ncbi.nlm.nih.gov/pubmed/?term=jqez5	http://www.ncbi.nlm.nih.gov/pubmed/?term=jqez5
LQTWDAYNGMMHLV-UHFFFAOYSA-N		http://www.ncbi.nlm.nih.gov/pubmed/?term=qi+j+and+sharpless	http://www.ncbi.nlm.nih.gov/pubmed/?term=qi+j+and+sharpless
HPODOLXTMDHLLC-QGZVFWFLSA-N	https://doi.org/	10.1021/acs.jmedchem.6b01315	http://pubs.acs.org/doi/abs/10.1021/acs.jmedchem.6b01315
HPODOLXTMDHLLC-QGZVFWFLSA-N	https://pubmed.ncbi.nlm.nih.gov/	27739677	https://www.ncbi.nlm.nih.gov/pubmed/27739677
PTPNCCWOTBBVJR-UHFFFAOYSA-N	https://doi.org/	10.1038/sj.bjp.0706770	www.doi.org/10.1038/sj.bjp.0706770
PTPNCCWOTBBVJR-UHFFFAOYSA-N	https://doi.org/	10.1371/journal.pone.0081563	www.doi.org/10.1371/journal.pone.0081563
PTPNCCWOTBBVJR-UHFFFAOYSA-N	https://pubmed.ncbi.nlm.nih.gov/	16702987	https://pubmed.ncbi.nlm.nih.gov/16702987
PTPNCCWOTBBVJR-UHFFFAOYSA-N	https://pubmed.ncbi.nlm.nih.gov/	24349089	https://pubmed.ncbi.nlm.nih.gov/24349089/
ATFQBBCQZKVZJN-QMMMGPOBSA-N	https://doi.org/	10.1021/acsmedchemlett.8b00013	www.doi.org/10.1021/acsmedchemlett.8b00013
ATFQBBCQZKVZJN-QMMMGPOBSA-N	https://doi.org/	10.1152/ajprenal.00146.2020	www.doi.org/10.1152/ajprenal.00146.2020
ATFQBBCQZKVZJN-QMMMGPOBSA-N	https://pubmed.ncbi.nlm.nih.gov/	29795756	https://pubmed.ncbi.nlm.nih.gov/29795756/
ATFQBBCQZKVZJN-QMMMGPOBSA-N	https://pubmed.ncbi.nlm.nih.gov/	32744087	https://pubmed.ncbi.nlm.nih.gov/32744087/
QLPHOXTXAKOFMU-WBVHZDCISA-N	https://doi.org/	10.1021/jm101527u	www.doi.org/10.1021/jm101527u
QLPHOXTXAKOFMU-WBVHZDCISA-N	https://pubmed.ncbi.nlm.nih.gov/	21341675	http://www.ncbi.nlm.nih.gov/pubmed/21341675
XKQLNDPUQSZBJW-QGHHPUGFSA-N	https://doi.org/	10.1038/s41589-018-0222-1	www.doi.org/10.1038/s41589-018-0222-1
XKQLNDPUQSZBJW-QGHHPUGFSA-N	https://pubmed.ncbi.nlm.nih.gov/	30692685	https://pubmed.ncbi.nlm.nih.gov/30692685/
VOVZXURTCKPRDQ-CQSZACIVSA-N	https://doi.org/	10.1038/nature21702	www.doi.org/10.1038/nature21702
VOVZXURTCKPRDQ-CQSZACIVSA-N	https://doi.org/	10.1182/blood.V124.21.398.398	www.doi.org/10.1182/blood.V124.21.398.398
VOVZXURTCKPRDQ-CQSZACIVSA-N	https://pubmed.ncbi.nlm.nih.gov/	28329763	https://pubmed.ncbi.nlm.nih.gov/28329763/
YHMDHAMZFMNMTF-MSOLQXFVSA-N	https://doi.org/	10.1038/s41467-021-23463-8	https://dx.doi.org/10.1038/s41467-021-23463-8
IIQUYGWWHIHOCF-UHFFFAOYSA-N	https://doi.org/	10.1038/nature08675	www.doi.org/10.1038/nature08675
IIQUYGWWHIHOCF-UHFFFAOYSA-N	https://pubmed.ncbi.nlm.nih.gov/	20072125	http://www.ncbi.nlm.nih.gov/pubmed/20072125
OINGHOPGNMYCAB-INIZCTEOSA-N	https://doi.org/	10.1021/acsmedchemlett.5b00102	http://pubs.acs.org/doi/abs/10.1021/acsmedchemlett.5b00102
OINGHOPGNMYCAB-INIZCTEOSA-N	https://pubmed.ncbi.nlm.nih.gov/	26191365	https://www.ncbi.nlm.nih.gov/pubmed/?term=26191365
JBGYKRAZYDNCNV-UHFFFAOYSA-N	https://doi.org/	10.1002/ijc.30457	www.doi.org/10.1002/ijc.30457
JBGYKRAZYDNCNV-UHFFFAOYSA-N	https://doi.org/	10.3390/cancers11121987	www.doi.org/10.3390/cancers11121987
JBGYKRAZYDNCNV-UHFFFAOYSA-N	https://pubmed.ncbi.nlm.nih.gov/	27699769	https://pubmed.ncbi.nlm.nih.gov/27699769/
JBGYKRAZYDNCNV-UHFFFAOYSA-N	https://pubmed.ncbi.nlm.nih.gov/	31835495	https://pubmed.ncbi.nlm.nih.gov/31835495/
DMIDPTCQPIJYFE-UHFFFAOYSA-N	https://doi.org/	10.1002/anie.201412154	www.doi.org/10.1002/anie.201412154
DMIDPTCQPIJYFE-UHFFFAOYSA-N	https://pubmed.ncbi.nlm.nih.gov/	25728001	http://www.ncbi.nlm.nih.gov/pubmed/25728001
HSVRUECLQUGTDS-UHFFFAOYSA-N	https://doi.org/	10.1021/acs.jmedchem.0c01895	www.doi.org/10.1021/acs.jmedchem.0c01895
HSVRUECLQUGTDS-UHFFFAOYSA-N	https://doi.org/	10.1016/j.ccell.2020.12.010	www.doi.org/10.1016/j.ccell.2020.12.010
HSVRUECLQUGTDS-UHFFFAOYSA-N	https://pubmed.ncbi.nlm.nih.gov/	33829783	https://pubmed.ncbi.nlm.nih.gov/33829783/
HSVRUECLQUGTDS-UHFFFAOYSA-N	https://pubmed.ncbi.nlm.nih.gov/	33450196	https://pubmed.ncbi.nlm.nih.gov/33450196/
VUIRVWPJNKZOSS-UHFFFAOYSA-N	https://doi.org/	10.1021/jm5010495	http://pubs.acs.org/doi/10.1021/jm5010495
VUIRVWPJNKZOSS-UHFFFAOYSA-N		http://www.nature.com/nchembio/journal/v10/n4/full/nchembio.1455.html	http://www.nature.com/nchembio/journal/v10/n4/full/nchembio.1455.html
VUIRVWPJNKZOSS-UHFFFAOYSA-N	https://pubmed.ncbi.nlm.nih.gov/	25229643	http://www.ncbi.nlm.nih.gov/pubmed/25229643
VUIRVWPJNKZOSS-UHFFFAOYSA-N	https://pubmed.ncbi.nlm.nih.gov/	24531842	https://www.ncbi.nlm.nih.gov/pubmed/24531842
XMWUCMFVDXDRDE-NRFANRHFSA-N	https://doi.org/	10.1021/ml500315b	http://pubs.acs.org/doi/abs/10.1021/ml500315b
XMWUCMFVDXDRDE-NRFANRHFSA-N	https://pubmed.ncbi.nlm.nih.gov/	25589933	https://www.ncbi.nlm.nih.gov/pubmed/25589933
VIQXILLOJLATEF-UHFFFAOYSA-N	https://doi.org/	10.1038/s41467-017-00833-9	www.doi.org/10.1038/s41467-017-00833-9
VIQXILLOJLATEF-UHFFFAOYSA-N	https://pubmed.ncbi.nlm.nih.gov/	28963528	https://pubmed.ncbi.nlm.nih.gov/28963528/
UJGTUKMAJVCBIS-UHFFFAOYSA-N	https://doi.org/	10.1038/nchembio.1313	www.doi.org/10.1038/nchembio.1313
UJGTUKMAJVCBIS-UHFFFAOYSA-N	https://pubmed.ncbi.nlm.nih.gov/	23892893	https://pubmed.ncbi.nlm.nih.gov/23892893/
ZPNTXOKOIHPCLI-UHFFFAOYSA-N	https://doi.org/	10.1021/acsmedchemlett.9b00381	https://dx.doi.org/10.1021/acsmedchemlett.9b00381
NVGROBHDOYRPAN-FPTDNZKUSA-N	https://doi.org/	10.1021/op200301h	https://dx.doi.org/10.1021/op200301h
VKQBTIMLSDGNLG-QHCPKHFHSA-N	https://doi.org/	10.1021/acs.jmedchem.9b01382	https://dx.doi.org/10.1021/acs.jmedchem.9b01382
ZNNLBTZKUZBEKO-UHFFFAOYSA-N	https://doi.org/	10.1016/j.metabol.2012.07.010	www.doi.org/10.1016/j.metabol.2012.07.010
ZNNLBTZKUZBEKO-UHFFFAOYSA-N	https://doi.org/	10.1016/s0026-0495(96)90297-8	www.doi.org/10.1016/s0026-0495(96)90297-8
ZNNLBTZKUZBEKO-UHFFFAOYSA-N	https://doi.org/	10.1016/0024-3205(93)90448-c	www.doi.org/10.1016/0024-3205(93)90448-c
ZNNLBTZKUZBEKO-UHFFFAOYSA-N	https://doi.org/	10.1016/j.metabol.2012.07.010	www.doi.org/10.1016/j.metabol.2012.07.010
ZNNLBTZKUZBEKO-UHFFFAOYSA-N	https://pubmed.ncbi.nlm.nih.gov/	2110566	https://www.ncbi.nlm.nih.gov/pubmed/2110566
ZNNLBTZKUZBEKO-UHFFFAOYSA-N	https://pubmed.ncbi.nlm.nih.gov/	2117388	https://www.ncbi.nlm.nih.gov/pubmed/2117388
ZNNLBTZKUZBEKO-UHFFFAOYSA-N	https://pubmed.ncbi.nlm.nih.gov/	6767639	https://www.ncbi.nlm.nih.gov/pubmed/6767639
FAEKWTJYAYMJKF-QHCPKHFHSA-N	https://doi.org/	10.2337/diabetes.51.9.2789	https://doi.org/10.2337/diabetes.51.9.2789
FAEKWTJYAYMJKF-QHCPKHFHSA-N	https://doi.org/	10.1016/j.bmcl.2004.07.059	https://doi.org/10.1016/j.bmcl.2004.07.059
FAEKWTJYAYMJKF-QHCPKHFHSA-N	https://doi.org/	10.2337/diabetes.47.3.345	https://doi.org/10.2337/diabetes.47.3.345
FAEKWTJYAYMJKF-QHCPKHFHSA-N	https://pubmed.ncbi.nlm.nih.gov/	12196472	https://www.ncbi.nlm.nih.gov/pubmed/12196472
FAEKWTJYAYMJKF-QHCPKHFHSA-N	https://pubmed.ncbi.nlm.nih.gov/	15380228	https://www.ncbi.nlm.nih.gov/pubmed/15380228
FAEKWTJYAYMJKF-QHCPKHFHSA-N	https://pubmed.ncbi.nlm.nih.gov/	9519738	https://www.ncbi.nlm.nih.gov/pubmed/9519738
LYPAFUINURXJSG-AWEZNQCLSA-N	https://doi.org/	10.1021/acs.jmedchem.6b01751	www.doi.org/10.1021/acs.jmedchem.6b01751
LYPAFUINURXJSG-AWEZNQCLSA-N	https://pubmed.ncbi.nlm.nih.gov/	28151659	https://pubmed.ncbi.nlm.nih.gov/28151659/
JGWRKYUXBBNENE-UHFFFAOYSA-N	https://doi.org/	10.1056/NEJMoa1411366	https://dx.doi.org/10.1056/NEJMoa1411366
RZLXOEIALAVGKH-UHFFFAOYSA-N	https://doi.org/	10.1021/acsmedchemlett.1c00096	https://dx.doi.org/10.1021/acsmedchemlett.1c00096
ZKIQFLSGMMYCGS-SANMLTNESA-N	https://doi.org/	10.1039/C5MD00454C	www.doi.org/10.1039/C5MD00454C
ZKIQFLSGMMYCGS-SANMLTNESA-N	https://doi.org/	10.1016/j.bcp.2009.03.032	www.doi.org/10.1016/j.bcp.2009.03.032
ZKIQFLSGMMYCGS-SANMLTNESA-N	https://doi.org/	10.1038/nchembio.2229	www.doi.org/10.1038/nchembio.2229
ZKIQFLSGMMYCGS-SANMLTNESA-N	https://pubmed.ncbi.nlm.nih.gov/	19439267	https://pubmed.ncbi.nlm.nih.gov/19439267/
ZKIQFLSGMMYCGS-SANMLTNESA-N	https://pubmed.ncbi.nlm.nih.gov/	27820798	https://pubmed.ncbi.nlm.nih.gov/27820798/
PMJIHLSCWIDGMD-UHFFFAOYSA-N	https://doi.org/	10.1074/jbc.M111.306472	https://dx.doi.org/10.1074/jbc.M111.306472
NIHAFOURWLZLFN-UHFFFAOYSA-N	https://doi.org/	10.1021/acschemneuro.3c00135	https://dx.doi.org/10.1021/acschemneuro.3c00135
KKMZWHRTQLNOCF-UHFFFAOYSA-N	https://doi.org/	10.1021/acs.jmedchem.0c00227	https://dx.doi.org/10.1021/acs.jmedchem.0c00227
NFHSJYKXENYICE-UHFFFAOYSA-N	https://doi.org/	10.1158/2767-9764.CRC-22-0477	https://dx.doi.org/10.1158/2767-9764.CRC-22-0477
GOVYBPLHWIEHEJ-UHFFFAOYSA-N	https://doi.org/	10.1021/ja102758v	http://pubs.acs.org/doi/abs/10.1021/ja102758v
GOVYBPLHWIEHEJ-UHFFFAOYSA-N		http://mcb.asm.org/content/31/10/2066	http://mcb.asm.org/content/31/10/2066
GOVYBPLHWIEHEJ-UHFFFAOYSA-N	https://doi.org/	10.1021/acs.jmedchem.8b01936	www.doi.org/10.1021/acs.jmedchem.8b01936
GOVYBPLHWIEHEJ-UHFFFAOYSA-N	https://doi.org/	10.1074/jbc.M117.803775	www.doi.org/10.1074/jbc.M117.803775
GOVYBPLHWIEHEJ-UHFFFAOYSA-N	https://pubmed.ncbi.nlm.nih.gov/	20614936	https://www.ncbi.nlm.nih.gov/pubmed/20614936
GOVYBPLHWIEHEJ-UHFFFAOYSA-N	https://pubmed.ncbi.nlm.nih.gov/	21444725	https://www.ncbi.nlm.nih.gov/pubmed/21444725
GOVYBPLHWIEHEJ-UHFFFAOYSA-N	https://pubmed.ncbi.nlm.nih.gov/	30964290	https://www.ncbi.nlm.nih.gov/pubmed/30964290
GOVYBPLHWIEHEJ-UHFFFAOYSA-N	https://pubmed.ncbi.nlm.nih.gov/	28887310	https://www.ncbi.nlm.nih.gov/pubmed/28887310
OJQMKCBWYCWFPU-UHFFFAOYSA-N	https://doi.org/	10.1021/acs.jmedchem.5b00698	https://dx.doi.org/10.1021/acs.jmedchem.5b00698
WXTJCPHELGTTJU-FMKPAKJESA-N	https://doi.org/	10.1021/acs.jmedchem.3c01804	https://dx.doi.org/10.1021/acs.jmedchem.3c01804
JYYLVUFNAHSSFE-UHFFFAOYSA-N	https://doi.org/	10.1021/jm101423y	https://dx.doi.org/10.1021/jm101423y
DNVFTXQYIYFQBW-UHFFFAOYSA-N	https://doi.org/	10.1016/j.chembiol.2010.02.007	https://dx.doi.org/10.1016/j.chembiol.2010.02.007
NDVITLLKZQXKGU-IBGZPJMESA-N	https://doi.org/	10.1097/CAD.0000000000001514	https://dx.doi.org/10.1097/CAD.0000000000001514
QYJLBHRAPDJOSO-NVXWUHKLSA-N	https://doi.org/	10.1016/j.ccell.2025.02.006	https://dx.doi.org/10.1016/j.ccell.2025.02.006
HEAUOKZIVMZVQL-VWLOTQADSA-N	https://doi.org/	10.1021/jm8006454	https://dx.doi.org/10.1021/jm8006454
ASRLBLHATMXGPC-UHFFFAOYSA-N	https://doi.org/	10.1002/cmdc.202200686	https://dx.doi.org/10.1002/cmdc.202200686
POKVQQVLRJLUAK-UHFFFAOYSA-N	https://doi.org/	10.1021/acs.jmedchem.5c00529	https://dx.doi.org/10.1021/acs.jmedchem.5c00529
RKAFYSIKAVFVPS-UHFFFAOYSA-N	https://doi.org/	10.1021/acs.jmedchem.0c01313	https://dx.doi.org/10.1021/acs.jmedchem.0c01313
RKAFYSIKAVFVPS-UHFFFAOYSA-N	https://doi.org/	10.1182/blood.2022017813	https://dx.doi.org/10.1182/blood.2022017813
XVGSKZXXLKUEIO-MRXNPFEDSA-N	https://doi.org/	10.1021/acs.jmedchem.2c01133	https://dx.doi.org/10.1021/acs.jmedchem.2c01133
NRHPFMQPXSSELC-QHCPKHFHSA-N	https://doi.org/	10.1016/j.mcpro.2023.100609	https://dx.doi.org/10.1016/j.mcpro.2023.100609
GJMZWYLOARVASY-NTCAYCPXSA-N		http://www.cell.com/cell-chemical-biology/abstract/S2451-9456(16)30386-5	http://www.cell.com/cell-chemical-biology/abstract/S2451-9456(16)30386-5
GJMZWYLOARVASY-NTCAYCPXSA-N	https://pubmed.ncbi.nlm.nih.gov/	27840070	https://www.ncbi.nlm.nih.gov/pubmed/27840070
KTBSXLIQKWEBRB-UHFFFAOYSA-N	https://doi.org/	10.1016/j.ejphar.2020.173505	https://dx.doi.org/10.1016/j.ejphar.2020.173505
HXYXHSDYBDFOFO-INIZCTEOSA-N	https://doi.org/	10.1016/j.bmcl.2016.10.036	https://dx.doi.org/10.1016/j.bmcl.2016.10.036
HHFWQMFTPDFWLM-UHFFFAOYSA-N	https://doi.org/	10.1016/j.ejmech.2025.117708	https://dx.doi.org/10.1016/j.ejmech.2025.117708
FSQGWBXWGNWEAV-CMDGGOBGSA-N	https://doi.org/	10.1021/acs.jmedchem.5c00121	https://dx.doi.org/10.1021/acs.jmedchem.5c00121
OXTSYWDBUVRXFF-GDLZYMKVSA-N	https://doi.org/	10.1021/acs.jmedchem.1c01121	https://dx.doi.org/10.1021/acs.jmedchem.1c01121
KRNAOFGYEFKHPB-ANJVHQHFSA-N	https://doi.org/	10.1021/jm3013147	https://dx.doi.org/10.1021/jm3013147
LBFYQISQYCGDDW-UHFFFAOYSA-N		http://www.nature.com/nchembio/journal/v11/n12/full/nchembio.1952.html	http://www.nature.com/nchembio/journal/v11/n12/full/nchembio.1952.html
LBFYQISQYCGDDW-UHFFFAOYSA-N	https://doi.org/	10.1021/jm501436m	http://pubs.acs.org/doi/abs/10.1021/jm501436m
LBFYQISQYCGDDW-UHFFFAOYSA-N	https://doi.org/	10.1021/acs.jmedchem.5b01685	http://pubs.acs.org/doi/abs/10.1021/acs.jmedchem.5b01685
LBFYQISQYCGDDW-UHFFFAOYSA-N	https://pubmed.ncbi.nlm.nih.gov/	26502155	https://www.ncbi.nlm.nih.gov/pubmed/26502155
LBFYQISQYCGDDW-UHFFFAOYSA-N	https://pubmed.ncbi.nlm.nih.gov/	25680029	https://www.ncbi.nlm.nih.gov/pubmed/25680029
LBFYQISQYCGDDW-UHFFFAOYSA-N	https://pubmed.ncbi.nlm.nih.gov/	26796641	https://www.ncbi.nlm.nih.gov/pubmed/26796641
WBFSPPPOPIJCLF-UHFFFAOYSA-N	https://doi.org/	10.1021/acs.jmedchem.4c00220	https://dx.doi.org/10.1021/acs.jmedchem.4c00220
XFBJUMZGUOUWSC-UHFFFAOYSA-N	https://doi.org/	10.1021/acs.jmedchem.5c00563	https://dx.doi.org/10.1021/acs.jmedchem.5c00563
JLIJJLLYTGASQX-UHFFFAOYSA-N	https://doi.org/	10.1016/j.ejmech.2023.115708	https://dx.doi.org/10.1016/j.ejmech.2023.115708
FUEYCNUHTBZPRF-SVBPBHIXSA-N	https://doi.org/	10.1021/acs.jmedchem.4c00656	https://dx.doi.org/10.1021/acs.jmedchem.4c00656
KDTQFQYXTWVBCC-UHFFFAOYSA-N	https://doi.org/	10.1021/acschemneuro.5c00032	https://dx.doi.org/10.1021/acschemneuro.5c00032
GSLHDZCTAHKMDW-UHFFFAOYSA-N	https://doi.org/	10.1021/acs.jmedchem.5c00472	https://dx.doi.org/10.1021/acs.jmedchem.5c00472
DXAQGYQVEJTSTD-UHFFFAOYSA-N	https://doi.org/	10.1021/acschemneuro.5c00032	https://dx.doi.org/10.1021/acschemneuro.5c00032
ODRITQGYYWHQGM-INIZCTEOSA-N	https://doi.org/	10.1021/acs.jmedchem.6b00597	https://dx.doi.org/10.1021/acs.jmedchem.6b00597
BODASLVEZBWITD-ACCUITESSA-N	https://doi.org/	10.1016/j.ejmech.2024.117166	https://dx.doi.org/10.1016/j.ejmech.2024.117166
XBWKVZHZUZNMJE-UHFFFAOYSA-N	https://doi.org/	10.1021/acs.jmedchem.3c01980	https://dx.doi.org/10.1021/acs.jmedchem.3c01980
OYMNPJXKQVTQTR-UHFFFAOYSA-N	https://doi.org/	10.1074/jbc.M311743200	https://dx.doi.org/10.1074/jbc.M311743200
BXNMZRPTQFVRFA-QGZVFWFLSA-N	https://doi.org/	10.1021/ml500479v	https://dx.doi.org/10.1021/ml500479v
WCWUXEGQKLTGDX-LLVKDONJSA-N	https://doi.org/	10.1021/jm051106d	www.di.org/10.1021/jm051106d
WCWUXEGQKLTGDX-LLVKDONJSA-N	https://doi.org/	10.1007/s00280-009-1002-0	www.doi.org/10.1007/s00280-009-1002-0
WCWUXEGQKLTGDX-LLVKDONJSA-N	https://pubmed.ncbi.nlm.nih.gov/	16570908	https://pubmed.ncbi.nlm.nih.gov/16570908/
WCWUXEGQKLTGDX-LLVKDONJSA-N	https://pubmed.ncbi.nlm.nih.gov/	19396600	https://pubmed.ncbi.nlm.nih.gov/19396600/
HTCJUBZBSJQWBW-CQSZACIVSA-N	https://doi.org/	10.1021/acs.jmedchem.0c00100	https://dx.doi.org/10.1021/acs.jmedchem.0c00100
HTCJUBZBSJQWBW-CQSZACIVSA-N	https://doi.org/	10.1002/hep.31255	https://dx.doi.org/10.1002/hep.31255
VSOUDUXMPUHJEU-UHFFFAOYSA-N	https://doi.org/	10.1016/j.bmcl.2014.08.041	https://dx.doi.org/10.1016/j.bmcl.2014.08.041
RSJAXPUYVJKAAA-JPGJPTAESA-N	https://doi.org/	10.1038/sj.bjp.0703162	www.doi.org/10.1038/sj.bjp.0703162
RSJAXPUYVJKAAA-JPGJPTAESA-N	https://doi.org/	10.1016/s0014-2999(99)00650-0	www.doi.org/10.1016/s0014-2999(99)00650-0
RSJAXPUYVJKAAA-JPGJPTAESA-N	https://pubmed.ncbi.nlm.nih.gov/	10725255	https://pubmed.ncbi.nlm.nih.gov/10725255/
RSJAXPUYVJKAAA-JPGJPTAESA-N	https://pubmed.ncbi.nlm.nih.gov/	10611450	https://pubmed.ncbi.nlm.nih.gov/10611450/
ATALOFNDEOCMKK-OITMNORJSA-N	https://doi.org/	10.1021/jm980299k	https://dx.doi.org/10.1021/jm980299k
ATALOFNDEOCMKK-OITMNORJSA-N	https://doi.org/	10.1021/jm990617v	https://dx.doi.org/10.1021/jm990617v
ATHZIFFSGSWIAU-UHFFFAOYSA-N	https://doi.org/	10.1016/j.ejphar.2016.04.022	https://dx.doi.org/10.1016/j.ejphar.2016.04.022
UXZAJSZFFARTEI-YRPNKDGESA-N	https://doi.org/	10.1016/j.pbb.2019.172794	https://dx.doi.org/10.1016/j.pbb.2019.172794
YHGBLECINAKBKX-UHFFFAOYSA-N	https://doi.org/	10.1124/molpharm.122.000662	https://dx.doi.org/10.1124/molpharm.122.000662
NCWQLHHDGDXIJN-UHFFFAOYSA-N	https://doi.org/	10.1136/jitc-2019-000417	https://dx.doi.org/10.1136/jitc-2019-000417
OAEWNSKRLBVVBV-QSEAXJEQSA-N	https://doi.org/	10.1016/s0014-2999(98)00891-7	https://dx.doi.org/10.1016/s0014-2999(98)00891-7
QLOHOGRMRUDDPM-LBPRGKRZSA-N	https://doi.org/	10.1021/acs.jmedchem.3c00630	https://dx.doi.org/10.1021/acs.jmedchem.3c00630
FOBFICSYUINKAA-XMMPIXPASA-N	https://doi.org/	10.1021/jm0108449	https://dx.doi.org/10.1021/jm0108449
PUKBOVABABRILL-YZNIXAGQSA-N	https://doi.org/	10.1371/journal.pone.0164646	https://dx.doi.org/10.1371/journal.pone.0164646
FJZNNKJZHQFMCK-LRDDRELGSA-N	https://doi.org/	10.1021/acs.jmedchem.9b02101	https://dx.doi.org/10.1021/acs.jmedchem.9b02101
BZCALJIHZVNMGJ-HSZRJFAPSA-N	https://doi.org/	10.1021/ml1000855	www.doi.org/10.1021/ml1000855
BZCALJIHZVNMGJ-HSZRJFAPSA-N	https://doi.org/	10.1124/jpet.111.183772	www.doi.org/10.1124/jpet.111.183772
BZCALJIHZVNMGJ-HSZRJFAPSA-N	https://pubmed.ncbi.nlm.nih.gov/	24900210	https://pubmed.ncbi.nlm.nih.gov/24900210/
BZCALJIHZVNMGJ-HSZRJFAPSA-N	https://pubmed.ncbi.nlm.nih.gov/	21752941	https://pubmed.ncbi.nlm.nih.gov/21752941/
KDFQABSFVYLGPM-QFIPXVFZSA-N	https://doi.org/	10.1021/jm00121a004	https://dx.doi.org/10.1021/jm00121a004
KDFQABSFVYLGPM-QFIPXVFZSA-N	https://pubmed.ncbi.nlm.nih.gov/	1355713	https://pubmed.ncbi.nlm.nih.gov/1355713
PZGSYNNVPNLHQG-SANMLTNESA-N	https://doi.org/	10.1021/acs.jmedchem.0c01076	https://dx.doi.org/10.1021/acs.jmedchem.0c01076
OGJGQVFWEPNYSB-UHFFFAOYSA-N	https://doi.org/	10.1021/jm9600712	https://dx.doi.org/10.1021/jm9600712
OGJGQVFWEPNYSB-UHFFFAOYSA-N	https://pubmed.ncbi.nlm.nih.gov/	9353380	https://pubmed.ncbi.nlm.nih.gov/9353380
AGVNHDNTFYHZNL-QGZVFWFLSA-N	https://doi.org/	10.1021/jm970519e	https://dx.doi.org/10.1021/jm970519e
VXNAMCLMCBLNOL-NFQMXDRXSA-N		https://pubmed.ncbi.nlm.nih.gov/Peer reviewed at SGC	https://pubmed.ncbi.nlm.nih.gov/Peer reviewed at SGC
HVVLGXULBVAFRZ-UHFFFAOYSA-N	https://doi.org/	10.1021/acs.jmedchem.2c01690	https://dx.doi.org/10.1021/acs.jmedchem.2c01690
HLCHESOMJVGDSJ-LOYHVIPDSA-N	https://doi.org/	10.1021/jm025539h	https://dx.doi.org/10.1021/jm025539h
VOSAWOSMGPKQEQ-OALUTQOASA-N	https://doi.org/	10.1124/jpet.122.001449	https://dx.doi.org/10.1124/jpet.122.001449
DTCZNKWBDTXEBS-UHFFFAOYSA-N	https://doi.org/	10.1021/acs.jmedchem.4c00293	https://dx.doi.org/10.1021/acs.jmedchem.4c00293
PTOIAAWZLUQTIO-GXFFZTMASA-N	https://doi.org/	10.1016/j.neuropharm.2014.12.004	https://dx.doi.org/10.1016/j.neuropharm.2014.12.004
TYXSIXOYTBHZFA-UHFFFAOYSA-N	https://doi.org/	10.1016/j.bmc.2017.03.064	https://doi.org/10.1016/j.bmc.2017.03.064
TYXSIXOYTBHZFA-UHFFFAOYSA-N	https://doi.org/	10.1124/jpet.117.242925	https://doi.org/10.1124/jpet.117.242925
TYXSIXOYTBHZFA-UHFFFAOYSA-N	https://pubmed.ncbi.nlm.nih.gov/	28433511	https://www.ncbi.nlm.nih.gov/pubmed/28433511
TYXSIXOYTBHZFA-UHFFFAOYSA-N	https://pubmed.ncbi.nlm.nih.gov/	28851764	https://www.ncbi.nlm.nih.gov/pubmed/28851764
PMEQBGAGFZDWQX-UHFFFAOYSA-N	https://doi.org/	10.1124/mol.109.058677	https://dx.doi.org/10.1124/mol.109.058677
PMEQBGAGFZDWQX-UHFFFAOYSA-N	https://doi.org/	10.1021/acschemneuro.9b00082	https://dx.doi.org/10.1021/acschemneuro.9b00082
ZPCGODCPRDIFRQ-UHFFFAOYSA-N	https://doi.org/	10.1021/acs.jmedchem.5c01401	https://dx.doi.org/10.1021/acs.jmedchem.5c01401
QXURFIGBRGWPQD-UHFFFAOYSA-N	https://doi.org/	10.1021/acs.jmedchem.8b01606	https://doi.org/10.1021/acs.jmedchem.8b01606
QXURFIGBRGWPQD-UHFFFAOYSA-N	https://pubmed.ncbi.nlm.nih.gov/	30563338	https://www.ncbi.nlm.nih.gov/pubmed/30563338
AFJRYPJIKHMNGL-UHFFFAOYSA-N	https://doi.org/	10.1016/j.bmcl.2009.08.053	https://dx.doi.org/10.1016/j.bmcl.2009.08.053
AFJRYPJIKHMNGL-UHFFFAOYSA-N	https://doi.org/	10.1016/j.bcp.2013.02.004	https://dx.doi.org/10.1016/j.bcp.2013.02.004
LPORLBPACXEOET-UHFFFAOYSA-N	https://doi.org/	10.1021/acs.jmedchem.5c01938	https://dx.doi.org/10.1021/acs.jmedchem.5c01938
GQCXHIKRWBIQMD-AKJBCIBTSA-N	https://doi.org/	10.1021/acs.jmedchem.1c00847	https://dx.doi.org/10.1021/acs.jmedchem.1c00847
QAKJEKTXKXAPBP-MGCURZBSSA-N	https://doi.org/	10.1016/j.chembiol.2025.06.005	https://dx.doi.org/10.1016/j.chembiol.2025.06.005
ODOJVROSIRINJT-LJQANCHMSA-N	https://doi.org/	10.1021/acs.jmedchem.3c01807	https://dx.doi.org/10.1021/acs.jmedchem.3c01807
ZUFHZMHKCFCIHV-JRFCFUNGSA-N	https://doi.org/	10.1021/acs.jmedchem.5c00238	https://dx.doi.org/10.1021/acs.jmedchem.5c00238
LTNDTFYBIKTRBQ-UHFFFAOYSA-N	https://doi.org/	10.1021/acs.jmedchem.5c00884	https://dx.doi.org/10.1021/acs.jmedchem.5c00884
OVUNRYUVDVWTTE-UHFFFAOYSA-N	https://doi.org/	10.1007/s00213-009-1726-x	https://dx.doi.org/10.1007/s00213-009-1726-x
HUOLMBXGHHSYHC-QWQFASRJSA-N	https://doi.org/	10.1038/s42003-023-05655-8	https://dx.doi.org/10.1038/s42003-023-05655-8
HUOLMBXGHHSYHC-QWQFASRJSA-N	https://doi.org/	10.1016/j.ejmech.2025.117488	https://dx.doi.org/10.1016/j.ejmech.2025.117488
CEGVLCNHZDUFIJ-NSHDSACASA-N	https://doi.org/	10.1021/acs.jmedchem.5c00781	https://dx.doi.org/10.1021/acs.jmedchem.5c00781
ZVDNXHUSIKGTSF-UHFFFAOYSA-N	https://doi.org/	10.1021/acs.jmedchem.4c01580	https://dx.doi.org/10.1021/acs.jmedchem.4c01580
QJWQAZTYFYCFQU-RMKNXTFCSA-N	https://doi.org/	10.1021/acs.jmedchem.3c00732	https://dx.doi.org/10.1021/acs.jmedchem.3c00732
NORRDWRSNUOCBV-XCIZWWPASA-N	https://doi.org/	10.1021/acs.jmedchem.3c02124	https://dx.doi.org/10.1021/acs.jmedchem.3c02124
BFMWIVWPPKENIN-AWEZNQCLSA-N	https://doi.org/	10.1021/acs.jmedchem.5c02593	https://dx.doi.org/10.1021/acs.jmedchem.5c02593
CLCTZVRHDOAUGJ-SYVGMNBRSA-N	https://doi.org/	10.1158/1535-7163.MCT-23-0655	https://dx.doi.org/10.1158/1535-7163.MCT-23-0655
CLCTZVRHDOAUGJ-SYVGMNBRSA-N	https://doi.org/	10.3390/molecules27061977	https://dx.doi.org/10.3390/molecules27061977
JNTJTCXFIXNXDV-VIFPVBQESA-N	https://doi.org/	10.1021/acsmedchemlett.4c00336	https://dx.doi.org/10.1021/acsmedchemlett.4c00336
DTWUUAFTYSMNQX-GFCCVEGCSA-N	https://doi.org/	10.1158/2159-8290.CD-22-0968	https://dx.doi.org/10.1158/2159-8290.CD-22-0968
FZJKQMONKPFLEO-NZIMVQFPSA-N	https://doi.org/	10.1021/acs.jmedchem.5c00809	https://dx.doi.org/10.1021/acs.jmedchem.5c00809
JFHROPTYMMSOLG-UHFFFAOYSA-N	https://doi.org/	10.1016/j.bmcl.2009.04.012	https://dx.doi.org/10.1016/j.bmcl.2009.04.012
BZJPCUQQPJJBTP-FGZHOGPDSA-N	https://doi.org/	10.1021/acs.jmedchem.4c00665	https://dx.doi.org/10.1021/acs.jmedchem.4c00665
OLAGZWUBPYQCBR-JSKJCRAUSA-N	https://doi.org/	10.1016/j.ejmech.2024.116843	https://dx.doi.org/10.1016/j.ejmech.2024.116843
KVDLSQZBDWJNSG-VINRIKPSSA-N	https://doi.org/	10.1016/j.immuni.2024.04.025	https://dx.doi.org/10.1016/j.immuni.2024.04.025
ISQCXAWAHDJCRH-FKDRFZFOSA-N	https://doi.org/	10.1021/acs.jmedchem.4c01818	https://dx.doi.org/10.1021/acs.jmedchem.4c01818
JBTHUOYYUUPUOZ-LIHPQFRDSA-N	https://doi.org/	10.1038/s41467-022-33430-6	https://dx.doi.org/10.1038/s41467-022-33430-6
PTARASCXNREVCH-UHFFFAOYSA-N	https://doi.org/	10.1021/acs.jmedchem.4c01130	https://dx.doi.org/10.1021/acs.jmedchem.4c01130
AJQAXIIJKPCAOP-XVNGORCSSA-N	https://doi.org/	10.1016/j.heliyon.2024.e37829	https://dx.doi.org/10.1016/j.heliyon.2024.e37829
PLCITURFVJNAFH-GUQHISFFSA-N		https://pubmed.ncbi.nlm.nih.gov/Peer reviewed at SGC	https://pubmed.ncbi.nlm.nih.gov/Peer reviewed at SGC
NIQFZCJNEODJTE-CSIWTOAPSA-N	https://doi.org/	10.1002/anie.202302364	https://dx.doi.org/10.1002/anie.202302364
DYDFSGCLYIZSAQ-UHFFFAOYSA-N	https://doi.org/	10.1038/s44321-024-00181-4	https://dx.doi.org/10.1038/s44321-024-00181-4
ANAOJSKQILNLRY-MWTRTKDXSA-N	https://doi.org/	10.1038/s41467-025-65847-0	https://dx.doi.org/10.1038/s41467-025-65847-0
FIFRHLLUVCAOIK-SJCJKPOMSA-N	https://doi.org/	10.1021/acs.jmedchem.5c01526	https://dx.doi.org/10.1021/acs.jmedchem.5c01526
MMHYOHYLSFWJJB-ZDUSSCGKSA-N		https://pubmed.ncbi.nlm.nih.gov/peer reviewed at SGC	https://pubmed.ncbi.nlm.nih.gov/peer reviewed at SGC
YPXUKPNZQTWCRR-UHFFFAOYSA-N	https://doi.org/	10.1021/acs.jmedchem.4c02751	https://dx.doi.org/10.1021/acs.jmedchem.4c02751
DJOZFERTDDZPJO-UHFFFAOYSA-N	https://doi.org/	10.1021/acs.jmedchem.5c00197	https://dx.doi.org/10.1021/acs.jmedchem.5c00197
YOOKRVNCYQFKCT-UHFFFAOYSA-N	https://doi.org/	10.1021/acs.jmedchem.5c01204	https://dx.doi.org/10.1021/acs.jmedchem.5c01204
RGHSVQHKNJAFGR-QFIPXVFZSA-N	https://doi.org/	10.1016/j.neurot.2025.e00610	https://dx.doi.org/10.1016/j.neurot.2025.e00610
XHMSDQXEIBTTBE-QFIPXVFZSA-N	https://doi.org/	10.1038/s41467-025-59919-4	https://dx.doi.org/10.1038/s41467-025-59919-4
FFUVDKANSJZSAK-JDXGNMNLSA-N	https://doi.org/	10.1038/s41467-024-51889-3	https://dx.doi.org/10.1038/s41467-024-51889-3
XRAUKWUDYSUHJM-LLVKDONJSA-N	https://doi.org/	10.1021/acs.jmedchem.4c02019	https://dx.doi.org/10.1021/acs.jmedchem.4c02019
IYFKRANQUJUTKF-UHFFFAOYSA-N	https://doi.org/	10.1021/acs.jmedchem.3c00274	https://dx.doi.org/10.1021/acs.jmedchem.3c00274
LDFDXTNMCGLUMQ-YGKODULZSA-N	https://doi.org/	10.1021/acs.jmedchem.5c00026	https://dx.doi.org/10.1021/acs.jmedchem.5c00026
RIEBAXQZOMUWKX-UHFFFAOYSA-N	https://doi.org/	10.1021/acs.jmedchem.4c01617	https://dx.doi.org/10.1021/acs.jmedchem.4c01617
LPDOIXPRZOWBJV-HOCLYGCPSA-N	https://doi.org/	10.1016/j.bmcl.2024.129930	https://dx.doi.org/10.1016/j.bmcl.2024.129930
HGQYUHFFAIXWDI-GOSISDBHSA-N	https://doi.org/	10.1021/acs.jmedchem.5c02200	https://dx.doi.org/10.1021/acs.jmedchem.5c02200
APEYSKGQWJKJAZ-LCLGPXMOSA-N	https://doi.org/	10.1021/acs.jmedchem.2c01505	https://dx.doi.org/10.1021/acs.jmedchem.2c01505
FHFUBRLTXZVOQX-UHFFFAOYSA-N	https://doi.org/	10.1021/acs.jmedchem.4c00836	https://dx.doi.org/10.1021/acs.jmedchem.4c00836
CLUWNSLFLMBFKA-RMCUFUCFSA-N	https://doi.org/	10.1021/acs.jmedchem.3c02394	https://dx.doi.org/10.1021/acs.jmedchem.3c02394
PWYJKWQDDHJXMJ-YKCITUTQSA-N	https://doi.org/	10.1021/acs.jmedchem.4c02201	https://dx.doi.org/10.1021/acs.jmedchem.4c02201
GPZKXLCJTKULAU-UHFFFAOYSA-N	https://doi.org/	10.1016/j.apsb.2024.07.016	https://dx.doi.org/10.1016/j.apsb.2024.07.016
BXCPYBFBMAWDDY-UHFFFAOYSA-N	https://doi.org/	10.1038/s41589-021-00742-5	https://dx.doi.org/10.1038/s41589-021-00742-5
SVKZUEZCCKLNIM-UHFFFAOYSA-N	https://doi.org/	10.1021/acs.jmedchem.4c00883	https://dx.doi.org/10.1021/acs.jmedchem.4c00883
LFCNOSRNWFMQLB-UHFFFAOYSA-N	https://doi.org/	10.1021/acs.jmedchem.5c01111	https://dx.doi.org/10.1021/acs.jmedchem.5c01111
HKSBXNVKPFTBIG-WUEKOBJSSA-N	https://doi.org/	10.1021/jacs.2c05499	https://dx.doi.org/10.1021/jacs.2c05499
LPKVYTQGJNTZKY-UHFFFAOYSA-N	https://doi.org/	10.1039/d3sc06558h	https://dx.doi.org/10.1039/d3sc06558h
DQRZNYPHOWVXPQ-YDUPODKQSA-N	https://doi.org/	10.1126/science.adm8684	https://dx.doi.org/10.1126/science.adm8684
REPLCRNGGWSKTN-JYQLQLLISA-N	https://doi.org/	10.1039/D2CC02094G	https://dx.doi.org/10.1039/D2CC02094G
ZOSWUNAJRAEGEW-YTIGDUPRSA-N	https://doi.org/	10.1021/acs.jmedchem.4c00761	https://dx.doi.org/10.1021/acs.jmedchem.4c00761
CSTHTJLTORVUST-UHFFFAOYSA-N	https://doi.org/	10.1038/s41589-024-01660-y	https://dx.doi.org/10.1038/s41589-024-01660-y
ZGSWGXNEXAXEGV-XFCHVEHOSA-N	https://doi.org/	10.1002/anie.202109237	https://dx.doi.org/10.1002/anie.202109237
PPNNFXIBKLCMTI-WXEAQWFJSA-N	https://doi.org/	10.1016/j.chembiol.2019.11.006	https://dx.doi.org/10.1016/j.chembiol.2019.11.006
DLQNQQYGRWMPES-LFHXKVDGSA-N	https://doi.org/	10.1021/acs.jmedchem.5c00711	https://dx.doi.org/10.1021/acs.jmedchem.5c00711
IPNTVOAQOGRLQB-JJMBTQCASA-N	https://doi.org/	10.1158/0008-5472.CAN-18-2918	https://dx.doi.org/10.1158/0008-5472.CAN-18-2918
IVARZBJJMMUJHI-SQKKEFIPSA-N	https://doi.org/	10.1038/s41589-019-0294-6	www.doi.org/10.1038/s41589-019-0294-6
IVARZBJJMMUJHI-SQKKEFIPSA-N	https://pubmed.ncbi.nlm.nih.gov/	31178587	https://pubmed.ncbi.nlm.nih.gov/31178587/
OGAOHACYLUBWJQ-UHFFFAOYSA-N	https://doi.org/	10.1016/j.ejmech.2021.113335	https://dx.doi.org/10.1016/j.ejmech.2021.113335
QGJQNPNZAYRDMS-OESUUHGFSA-N	https://doi.org/	10.1021/acs.jmedchem.3c00864	https://dx.doi.org/10.1021/acs.jmedchem.3c00864
USEHXUPBCSTAIO-RAUDMRIHSA-N	https://doi.org/	10.1016/j.ejmech.2024.116613	https://dx.doi.org/10.1016/j.ejmech.2024.116613
BOMRVPKXCINUMI-ZEGZQYLTSA-N	https://doi.org/	10.1021/acs.jmedchem.4c01009	https://dx.doi.org/10.1021/acs.jmedchem.4c01009
WFVKDTWKNVLGGS-UHFFFAOYSA-N	https://doi.org/	10.1016/j.chembiol.2023.03.007	https://dx.doi.org/10.1016/j.chembiol.2023.03.007
JTTGVFCANBFLCE-CJLVFECKSA-N	https://doi.org/	10.1016/j.chembiol.2022.10.007	https://dx.doi.org/10.1016/j.chembiol.2022.10.007
AYMGZLUKTNXEMY-UHFFFAOYSA-N	https://doi.org/	10.1016/j.ejmech.2018.03.071	https://dx.doi.org/10.1016/j.ejmech.2018.03.071
ROINLDWZNWCWJK-ZYIHSGTPSA-N	https://doi.org/	10.1016/j.ejmech.2022.115033	https://dx.doi.org/10.1016/j.ejmech.2022.115033
ZJJZBBBSQKVNHL-BYBNZYMESA-N	https://doi.org/	10.1021/jacs.9b13907	https://dx.doi.org/10.1021/jacs.9b13907
BOXPLNRWIHHHBO-CHCOZFFLSA-N	https://doi.org/	10.1016/j.chembiol.2022.09.004	https://dx.doi.org/10.1016/j.chembiol.2022.09.004
INXGMIWEZJNJOA-NVZKIFIHSA-N	https://doi.org/	10.1039/D0CC03243C	https://dx.doi.org/10.1039/D0CC03243C
RTNONCBKGZNCJS-LJLQSONVSA-N	https://doi.org/	10.1021/acs.jmedchem.9b01393	www.doi.org/10.1021/acs.jmedchem.9b01393
RTNONCBKGZNCJS-LJLQSONVSA-N	https://pubmed.ncbi.nlm.nih.gov/	31804827	https://pubmed.ncbi.nlm.nih.gov/31804827/
DUPAJELXESPTNF-PPZGWQTASA-N	https://doi.org/	10.1038/s42003-018-0105-8	www.doi.org/10.1038/s42003-018-0105-8
DUPAJELXESPTNF-PPZGWQTASA-N	https://pubmed.ncbi.nlm.nih.gov/	30271980	https://pubmed.ncbi.nlm.nih.gov/30271980/
SWVYYNLRVIYURK-AREMUKBSSA-N	https://doi.org/	10.1126/scitranslmed.abp8334	https://dx.doi.org/10.1126/scitranslmed.abp8334
AAZUPSFRSHFTGV-INIZCTEOSA-N	https://doi.org/	10.1158/1535-7163.MCT-20-0717	www.doi.org/10.1158/1535-7163.MCT-20-0717
AAZUPSFRSHFTGV-INIZCTEOSA-N	https://pubmed.ncbi.nlm.nih.gov/	33850002	https://pubmed.ncbi.nlm.nih.gov/33850002/
LLCVDQHLYHBAHR-UHFFFAOYSA-N	https://doi.org/	10.1158/1535-7163.MCT-20-0717	www.doi.org/10.1158/1535-7163.MCT-20-0717
LLCVDQHLYHBAHR-UHFFFAOYSA-N	https://pubmed.ncbi.nlm.nih.gov/	33850002	https://pubmed.ncbi.nlm.nih.gov/33850002/
JALIPZPFONOAJA-ZKGBLMBJSA-N	https://doi.org/	10.1021/acs.jmedchem.5c03123	https://dx.doi.org/10.1021/acs.jmedchem.5c03123
XJTIGGCBXFIZJV-UHFFFAOYSA-N	https://doi.org/	10.1021/acsmedchemlett.5b00335	https://dx.doi.org/10.1021/acsmedchemlett.5b00335
UCGWYCMPZXDHNR-UHFFFAOYSA-N	https://doi.org/	10.1021/cb300139y	http://pubs.acs.org/doi/abs/10.1021/cb300139y
UCGWYCMPZXDHNR-UHFFFAOYSA-N	https://pubmed.ncbi.nlm.nih.gov/	22536950	http://www.ncbi.nlm.nih.gov/pubmed/?term=22536950
ZORLJXWXFABTPZ-CTNGQTDRSA-N	https://doi.org/	10.1021/acs.jmedchem.0c00566	https://dx.doi.org/10.1021/acs.jmedchem.0c00566
ZZWWXIBKLBMSCS-FQEVSTJZSA-N	https://doi.org/	10.1073/pnas.1520686113	https://dx.doi.org/10.1073/pnas.1520686113
ZZWWXIBKLBMSCS-FQEVSTJZSA-N	https://doi.org/	10.1073/pnas.1520686113	https://dx.doi.org/https://doi.org/10.1073/pnas.1520686113
UVVQLQQNGHYTOL-JIVXZRRKSA-N	https://doi.org/	10.1021/acs.jmedchem.8b01826	https://dx.doi.org/10.1021/acs.jmedchem.8b01826
FQWDVNSBYDXPIO-CQSZACIVSA-N	https://doi.org/	10.1021/acsmedchemlett.6b00092	https://dx.doi.org/10.1021/acsmedchemlett.6b00092
BASFYRLYJAZPPL-UONOGXRCSA-N		http://www.sciencedirect.com/science/article/pii/S1535610815002123	http://www.sciencedirect.com/science/article/pii/S1535610815002123
BASFYRLYJAZPPL-UONOGXRCSA-N	https://pubmed.ncbi.nlm.nih.gov/	26175415	http://www.ncbi.nlm.nih.gov/pubmed/26175415
UJDFQDPAVQIQLB-UHFFFAOYSA-N		https://pubmed.ncbi.nlm.nih.gov/Peer Reviewed at SGC	https://pubmed.ncbi.nlm.nih.gov/Peer Reviewed at SGC
FHRKRGDHMCCDEO-LLVKDONJSA-N	https://doi.org/	10.1021/acs.jmedchem.2c00662	https://dx.doi.org/10.1021/acs.jmedchem.2c00662
QNZYMVMEVWRUCW-UHFFFAOYSA-N	https://doi.org/	10.1039/D5MD00144G	https://dx.doi.org/10.1039/D5MD00144G
QRYISIPABXJVOQ-AWEZNQCLSA-N	https://doi.org/	10.1021/acsmedchemlett.4c00016	https://dx.doi.org/10.1021/acsmedchemlett.4c00016
UEUNDURNLYLSNB-HOTGVXAUSA-N	https://doi.org/	10.1021/acs.jmedchem.1c01256	https://dx.doi.org/10.1021/acs.jmedchem.1c01256
AXNQNPVSVCEGTP-LALXJTNGSA-N	https://doi.org/	10.1021/acs.jmedchem.5c00425	https://dx.doi.org/10.1021/acs.jmedchem.5c00425
KDOQEEMQPHIANX-NFBKMPQASA-N	https://doi.org/	10.1021/acs.jmedchem.7b01339	https://dx.doi.org/10.1021/acs.jmedchem.7b01339
PFEKWBKJUBCXDT-KGLIPLIRSA-N	https://doi.org/	10.1038/s41586-020-03048-z	https://dx.doi.org/10.1038/s41586-020-03048-z
MUYQEHKMQMHJNI-ZDUSSCGKSA-N	https://doi.org/	10.1021/acs.jmedchem.5c03554	https://dx.doi.org/10.1021/acs.jmedchem.5c03554
ALNBIGSEWMWEGS-UHFFFAOYSA-N	https://doi.org/	10.1021/acs.jmedchem.5c03024	https://dx.doi.org/10.1021/acs.jmedchem.5c03024
CQFHGOWYJXQICA-FKDNKQOESA-N	https://doi.org/	10.1158/1535-7163.MCT-24-0306	https://dx.doi.org/10.1158/1535-7163.MCT-24-0306
AYGDOYFDJDUPSS-UHFFFAOYSA-N	https://doi.org/	10.1073/pnas.2009977117	https://dx.doi.org/10.1073/pnas.2009977117
QKVFMAAIXZONRN-UHFFFAOYSA-N	https://doi.org/	10.7554/eLife.34311	https://dx.doi.org/10.7554/eLife.34311
CEIIEALEIHQDBX-UHFFFAOYSA-N	https://doi.org/	10.1523/JNEUROSCI.5269-04.2005	https://dx.doi.org/10.1523/JNEUROSCI.5269-04.2005
MVPFPBIHUUHXGU-FSSWDIPSSA-N	https://doi.org/	10.1158/2326-6066.CIR-25-0156	https://dx.doi.org/10.1158/2326-6066.CIR-25-0156
DVGLTSTVSHOWJF-UHFFFAOYSA-N	https://doi.org/	10.1096/fj.202200313RR	https://dx.doi.org/10.1096/fj.202200313RR
VUOYAALVGSMUHC-UHFFFAOYSA-N	https://doi.org/	10.1042/BCJ20200592	https://dx.doi.org/10.1042/BCJ20200592
FVICRBSEYSHKFY-JYQNNKODSA-N	https://doi.org/	10.1021/acs.jmedchem.4c02314	https://dx.doi.org/10.1021/acs.jmedchem.4c02314
SDGJBAUIGHSMRI-UHFFFAOYSA-N	https://doi.org/	10.1042/BJ20131152	www.doi.org/10.1042/BJ20131152
SDGJBAUIGHSMRI-UHFFFAOYSA-N	https://pubmed.ncbi.nlm.nih.gov/	24171924	http://www.ncbi.nlm.nih.gov/pubmed/24171924
BCFGMOOMADDAQU-UHFFFAOYSA-N	https://pubmed.ncbi.nlm.nih.gov/	12467226	https://pubmed.ncbi.nlm.nih.gov/12467226/
LPGBXHWIQNZEJB-UHFFFAOYSA-N	https://doi.org/	10.1124/mol.113.087783	www.doi.org/10.1124/mol.113.087783
LPGBXHWIQNZEJB-UHFFFAOYSA-N	https://doi.org/	10.1021/jm300215x	www.doi.org/10.1021/jm300215x
LPGBXHWIQNZEJB-UHFFFAOYSA-N	https://pubmed.ncbi.nlm.nih.gov/	23979972	https://pubmed.ncbi.nlm.nih.gov/23979972
LPGBXHWIQNZEJB-UHFFFAOYSA-N	https://pubmed.ncbi.nlm.nih.gov/	22519963	https://pubmed.ncbi.nlm.nih.gov/22519963/
FMSIRMKLDQFQKI-UHFFFAOYSA-N	https://doi.org/	10.1016/j.cell.2024.02.023	https://dx.doi.org/10.1016/j.cell.2024.02.023
VDLHPYFVCAHCCZ-UHFFFAOYSA-N	https://doi.org/	10.1021/acs.jmedchem.5c03329	https://dx.doi.org/10.1021/acs.jmedchem.5c03329
VDLHPYFVCAHCCZ-UHFFFAOYSA-N	https://doi.org/	10.1038/s41467-026-69616-5	https://dx.doi.org/10.1038/s41467-026-69616-5
YXYBHRORJSDZTQ-UHFFFAOYSA-N	https://doi.org/	10.1021/acsmedchemlett.4c00579	https://dx.doi.org/10.1021/acsmedchemlett.4c00579
LIRYPHYGHXZJBZ-UHFFFAOYSA-N	https://doi.org/	10.1021/ml200004g	www.doi.org/10.1021/ml200004g
LIRYPHYGHXZJBZ-UHFFFAOYSA-N	https://doi.org/	10.3892/ijo.2011.1015	www.doi.org/10.3892/ijo.2011.1015
LIRYPHYGHXZJBZ-UHFFFAOYSA-N	https://doi.org/	10.1038/s41586-020-2760-4	www.doi.org/10.1038/s41586-020-2760-4
LIRYPHYGHXZJBZ-UHFFFAOYSA-N	https://doi.org/	10.18632/oncotarget.747	www.doi.org/10.18632/oncotarget.747
LIRYPHYGHXZJBZ-UHFFFAOYSA-N	https://pubmed.ncbi.nlm.nih.gov/	24900312	https://pubmed.ncbi.nlm.nih.gov/24900312
LIRYPHYGHXZJBZ-UHFFFAOYSA-N	https://pubmed.ncbi.nlm.nih.gov/	23237773	https://pubmed.ncbi.nlm.nih.gov/23237773
LIRYPHYGHXZJBZ-UHFFFAOYSA-N	https://pubmed.ncbi.nlm.nih.gov/	32927473	https://pubmed.ncbi.nlm.nih.gov/32927473/
LIRYPHYGHXZJBZ-UHFFFAOYSA-N	https://pubmed.ncbi.nlm.nih.gov/	21523318	https://pubmed.ncbi.nlm.nih.gov/21523318/
BUJWDBSVEVFQDP-UHFFFAOYSA-N	https://doi.org/	10.1021/acs.jmedchem.3c00415	https://dx.doi.org/10.1021/acs.jmedchem.3c00415
ZABZNDRRLTXBHH-UHFFFAOYSA-N	https://doi.org/	10.1038/s41467-025-59874-0	https://dx.doi.org/10.1038/s41467-025-59874-0
LIOLIMKSCNQPLV-UHFFFAOYSA-N	https://doi.org/	10.1158/1078-0432.CCR-11-1157	www.doi.org/10.1158/1078-0432.CCR-11-1157
LIOLIMKSCNQPLV-UHFFFAOYSA-N	https://doi.org/	10.1158/1078-0432.CCR-18-2814	www.doi.org/10.1158/1078-0432.CCR-18-2814
LIOLIMKSCNQPLV-UHFFFAOYSA-N	https://pubmed.ncbi.nlm.nih.gov/	21918175	https://pubmed.ncbi.nlm.nih.gov/21918175/
LIOLIMKSCNQPLV-UHFFFAOYSA-N	https://pubmed.ncbi.nlm.nih.gov/	30674502	https://pubmed.ncbi.nlm.nih.gov/30674502/
VRQXRVAKPDCRCI-ZNMIVQPWSA-N	https://doi.org/	10.1021/acs.jmedchem.5b01275	www.doi.org/10.1021/acs.jmedchem.5b01275
VRQXRVAKPDCRCI-ZNMIVQPWSA-N	https://pubmed.ncbi.nlm.nih.gov/	26505898	https://pubmed.ncbi.nlm.nih.gov/26505898/
HPJVZSVEIGCFJP-SFHVURJKSA-N	https://doi.org/	10.1021/acs.jmedchem.1c00382	https://dx.doi.org/10.1021/acs.jmedchem.1c00382
NYNZQNWKBKUAII-KBXCAEBGSA-N	https://doi.org/	10.1186/1744-8069-6-87	https://dx.doi.org/10.1186/1744-8069-6-87
IBGLGMOPHJQDJB-IHRRRGAJSA-N	https://doi.org/	10.1016/j.bmcl.2011.12.027	https://dx.doi.org/10.1016/j.bmcl.2011.12.027
RHGZXPKHVAHQJO-BIIHCSGHSA-N	https://doi.org/	10.1021/acs.jmedchem.8b01187	https://dx.doi.org/10.1021/acs.jmedchem.8b01187
MWKYMZXCGYXLPL-ZDUSSCGKSA-N	https://doi.org/	10.1021/acsmedchemlett.7b00293	https://dx.doi.org/10.1021/acsmedchemlett.7b00293
HKTBYUWLRDZAJK-UHFFFAOYSA-N	https://doi.org/	10.1021/acs.jmedchem.7b01795	www.doi.org/10.1021/acs.jmedchem.7b01795
HKTBYUWLRDZAJK-UHFFFAOYSA-N	https://pubmed.ncbi.nlm.nih.gov/	29526098	https://pubmed.ncbi.nlm.nih.gov/29526098/
LXDPQXXUVGVIND-UHFFFAOYSA-N	https://doi.org/	10.1038/s41589-023-01459-3	https://dx.doi.org/10.1038/s41589-023-01459-3
PRWSIEBRGXYXAJ-UHFFFAOYSA-N	https://doi.org/	10.1021/ml400228e	https://dx.doi.org/10.1021/ml400228e
VPJXPDLMACOGIZ-UHFFFAOYSA-N	https://doi.org/	10.1021/acs.jmedchem.5b01685	https://dx.doi.org/10.1021/acs.jmedchem.5b01685
BWINBHTTZLVXGT-NVXWUHKLSA-N	https://doi.org/	10.1021/acs.jmedchem.3c00600	https://dx.doi.org/10.1021/acs.jmedchem.3c00600
XISVSTPEXYIKJL-UHFFFAOYSA-N	https://doi.org/	10.1021/acs.jmedchem.9b01684	https://dx.doi.org/10.1021/acs.jmedchem.9b01684
PVKIFNZMYGMWPD-UHFFFAOYSA-N	https://doi.org/	10.1038/s41467-025-59432-8	https://dx.doi.org/10.1038/s41467-025-59432-8
HXNUFFCHRIWTRZ-UHFFFAOYSA-N	https://doi.org/	10.1021/acs.jmedchem.9b01227	www.doi.org/10.1021/acs.jmedchem.9b01227
HXNUFFCHRIWTRZ-UHFFFAOYSA-N	https://pubmed.ncbi.nlm.nih.gov/	31702918	https://pubmed.ncbi.nlm.nih.gov/31702918
QVOGVAVHOLLLAZ-UHFFFAOYSA-N	https://doi.org/	10.1158/1078-0432.CCR-18-0628	www.doi.org/10.1158/1078-0432.CCR-18-0628
QVOGVAVHOLLLAZ-UHFFFAOYSA-N	https://pubmed.ncbi.nlm.nih.gov/	30429199	https://pubmed.ncbi.nlm.nih.gov/30429199/
OYKPWSZSBLRRPL-HOYKHHGWSA-N	https://doi.org/	10.6019/CHEMBL4507285	https://dx.doi.org/10.6019/CHEMBL4507285
