inchikey	smiles	name
IQCKJUKAQJINMK-HUBRGWSESA-N	CC(C)N(CCCNC(=O)Nc1ccc(C(C)(C)C)cc1)C[C@H]1O[C@@H](n2cc(Br)c3c(N)ncnc32)[C@H](O)[C@@H]1O	SGC0946
QMDKVNSQXPVCRD-RQNOJGIXSA-N	CNCCN(C)Cc1c[nH]nc1-c1ccc(O[C@H]2C[C@H](OCCC3CCOCC3)C2)cc1	EPZ020411
WRUWGLUCNBMGPS-UHFFFAOYSA-N	CCn1cc(-c2cccc(C(F)(F)F)c2)c2sc(C(=N)NC3CCS(=O)(=O)CC3)cc2c1=O	I-BRD9
ZHMXXVNQAFCXKK-QGZVFWFLSA-N	C[C@@H]1CCNC(=O)c2cc3ccc(C(=O)Nc4nc5ccccc5n4CCCN(C)C)cc3n21	BIX-02565
TXGKRVFSSHPBAJ-JKSUJKDBSA-N	NC(=O)c1cnc(N[C@@H]2CCCC[C@@H]2N)nc1Nc1cccc(-n2nccn2)c1	PRT062607
SCELLOWTHJGVIC-BGYRXZFFSA-N	C[C@H]1CN(CC(=O)Nc2ccc3c(c2)Cc2cccc(-c4cc(=O)cc(N5CCOCC5)o4)c2S3)C[C@@H](C)O1	KU-60019
XCFLWTZSJYBCPF-UHFFFAOYSA-N	CCNc1nc(Nc2cc(F)c(C(=O)N3CCOCC3)cc2OC)ncc1C(F)(F)F	GNE7915
ZYVXTMKTGDARKR-UHFFFAOYSA-N	COc1cc(N2CCN(C)CC2)ccc1Nc1nccc(-c2cn(C)c3cnccc23)n1	AZ191
YHHFKWKMXWRVTJ-OQKWZONESA-N	Clc1ccc(N/N=C(\c2ccccc2)c2ccccn2)nc1	JIB-04
MOUNHKKCIGVIDI-UHFFFAOYSA-L	O=C(Nc1ccc2c(O)cc(S(=O)(=O)[O-])cc2c1)Nc1ccc2c(O)cc(S(=O)(=O)[O-])cc2c1.[Na+].[Na+]	AMI-1
XVBGRTMNFNMINE-UHFFFAOYSA-N	CCOc1cc(C(=O)N2CCC(N3CCN(C)CC3)CC2)ccc1Nc1ncc2c(n1)N(C1CCCC1)c1ccccc1C(=O)N2C	XMD17-109
OMKHWTRUYNAGFG-IEBDPFPHSA-N	Nc1nccc2c1ncn2[C@@H]1C=C(CO)[C@@H](O)[C@H]1O	DZNep
PZPPOCZWRGNKIR-PNVYSBBASA-N	CN1C(=O)[C@@]23C[C@]4([C@]56C[C@@]78SS[C@@](CO)(C(=O)N7[C@H]5Nc5ccccc56)N(C)C8=O)c5ccccc5N[C@@H]4N2C(=O)[C@]1(CO)SS3	Chaetocin
ZWNKKZSRANLVEW-UHFFFAOYSA-N	Nc1nc(N)c2nc(-c3cccc(Cl)c3)c(N)nc2n1	Epiblastin A
UXXQOJXBIDBUAC-UHFFFAOYSA-N	COc1cc2c(N3CCN(C(=O)Nc4ccc(OC(C)C)cc4)CC3)ncnc2cc1OCCCN1CCCCC1	Tandutinib
REFJWTPEDVJJIY-UHFFFAOYSA-N	O=c1c(O)c(-c2ccc(O)c(O)c2)oc2cc(O)cc(O)c12	Quercetin
PIMQWRZWLQKKBJ-SFHVURJKSA-N	CCc1cnn2c(NCc3ccc[n+]([O-])c3)cc(N3CCCC[C@H]3CCO)nc12	Dinaciclib
WMBWREPUVVBILR-WIYYLYMNSA-N	O=C(O[C@@H]1Cc2c(O)cc(O)cc2O[C@@H]1c1cc(O)c(O)c(O)c1)c1cc(O)c(O)c(O)c1	Epigallocatechin-3-gallate (ECGC)
LUKBXSAWLPMMSZ-OWOJBTEDSA-N	Oc1ccc(/C=C/c2cc(O)cc(O)c2)cc1	Resveratrol
FIAFUQMPZJWCLV-UHFFFAOYSA-N	Cc1ccc(C(=O)Nc2ccc(S(=O)(=O)O)c3cc(S(=O)(=O)O)cc(S(=O)(=O)O)c23)cc1NC(=O)c1cccc(NC(=O)Nc2cccc(C(=O)Nc3cc(C(=O)Nc4ccc(S(=O)(=O)O)c5cc(S(=O)(=O)O)cc(S(=O)(=O)O)c45)ccc3C)c2)c1	Suramin
ZEWQUBUPAILYHI-UHFFFAOYSA-N	CN1CCN(CCCN2c3ccccc3Sc3ccc(C(F)(F)F)cc32)CC1	Trifluoperazine
RRKRXIFOHFBLHY-YEZSYGFXSA-M	CN(CCC(Oc1ccc(C(F)(F)F)cc1)c1ccccc1)[C@@H]1O[C@H](C(=O)[O-])[C@@H](O)[C@H](O)[C@H]1O.[Na+]	Fluoxetine glucuronide
AOJJSUZBOXZQNB-TZSSRYMLSA-N	COc1cccc2c1C(=O)c1c(O)c3c(c(O)c1C2=O)C[C@@](O)(C(=O)CO)C[C@@H]3O[C@H]1C[C@H](N)[C@H](O)[C@H](C)O1	Doxorubicin
UHTHHESEBZOYNR-UHFFFAOYSA-N	COc1cc2c(Nc3ccc(Br)cc3F)ncnc2cc1OCC1CCN(C)CC1	Vandetanib
RITAVMQDGBJQJZ-FMIVXFBMSA-N	CNC(=O)c1ccccc1Sc1ccc2c(/C=C/c3ccccn3)n[nH]c2c1	Axitinib
UYJNQQDJUOUFQJ-UHFFFAOYSA-N	CNC(=O)c1ccccc1Nc1nc(Nc2ccc(N3CCOCC3)cc2OC)ncc1Cl	NVP-TAE 226
VAARYSWULJUGST-UHFFFAOYSA-N	CSc1cccc(Nc2ncc3cc(-c4c(Cl)cccc4Cl)c(=O)n(C)c3n2)c1	PD173955
ODPGGGTTYSGTGO-UHFFFAOYSA-N	CCN1CCN(Cc2ccc(NC(=O)Nc3ccc(Oc4cc(NC)ncn4)cc3)cc2C(F)(F)F)CC1	AST 487
WAEXFXRVDQXREF-UHFFFAOYSA-N	O=C(CCCCCCC(=O)Nc1ccccc1)NO	Vorinostat
WINHZLLDWRZWRT-ATVHPVEESA-N	CCN(CC)CCNC(=O)c1c(C)[nH]c(/C=C2\C(=O)Nc3ccc(F)cc32)c1C	Sunitinib
HVXKQKFEHMGHSL-QKDCVEJESA-N	COc1cc2c(Nc3ccc(Cl)c(Cl)c3F)ncnc2cc1OC[C@@H]1C[C@@H]2CN(C)C[C@@H]2C1	XL-647
VMWNQDUVQKEIOC-CYBMUJFWSA-N	CN1CCc2cccc3c2[C@H]1Cc1ccc(O)c(O)c1-3	Apomorphine
DYEFUKCXAQOFHX-UHFFFAOYSA-N	O=c1c2ccccc2[se]n1-c1ccccc1	Ebselen
IQPNAANSBPBGFQ-UHFFFAOYSA-N	O=c1cc(-c2ccc(O)c(O)c2)oc2cc(O)cc(O)c12	Digitoflavone
KZNIFHPLKGYRTM-UHFFFAOYSA-N	O=c1cc(-c2ccc(O)cc2)oc2cc(O)cc(O)c12	Apigenin
ZIUSSTSXXLLKKK-KOBPDPAPSA-N	COc1cc(/C=C/C(=O)/C=C(O)/C=C/c2ccc(O)c(OC)c2)ccc1O	Curcumin
IZEKFCXSFNUWAM-UHFFFAOYSA-N	OCCN(CCO)c1nc(N2CCCCC2)c2nc(N(CCO)CCO)nc(N3CCCCC3)c2n1	Dipyridamole
KTEIFNKAUNYNJU-GFCCVEGCSA-N	C[C@@H](Oc1cc(-c2cnn(C3CCNCC3)c2)cnc1N)c1c(Cl)ccc(F)c1Cl	Crizotinib
IYIKLHRQXLHMJQ-UHFFFAOYSA-N	CCCCc1oc2ccccc2c1C(=O)c1cc(I)c(OCCN(CC)CC)c(I)c1	Amiodarone
MPVGZUGXCQEXTM-UHFFFAOYSA-N	Cc1ccc(F)c(NC(=O)Nc2ccc(-c3cccc4[nH]nc(N)c34)cc2)c1	Linifanib
QDPVYZNVVQQULH-UHFFFAOYSA-N	CC(O)C(=O)O.CN1CCN(c2ccc3nc(-c4c(N)c5c(F)cccc5[nH]c4=O)[nH]c3c2)CC1.O	Dovitinib lactate
RTIXKCRFFJGDFG-UHFFFAOYSA-N	O=c1cc(-c2ccccc2)oc2cc(O)cc(O)c12	5,7-Dihydroxyflavone
QQWUGDVOUVUTOY-UHFFFAOYSA-N	COc1cc(N2CCC(N3CCN(C)CC3)CC2)ccc1Nc1ncc(Cl)c(Nc2ccccc2S(=O)(=O)C(C)C)n1	NVP-TAE684
GUBJNPWVIUFSTR-UHFFFAOYSA-N	CN(C)CC(=O)N1CCC(c2ccc(NC(=O)c3nc(C#N)c[nH]3)c(C3=CCCCC3)c2)CC1	JNJ-28312141
WPHKIQPVPYJNAX-UHFFFAOYSA-N	Nc1ncc(-c2cnn(CCO)c2)c2scc(-c3ccc(NC(=O)Nc4cccc(F)c4)cc3)c12	Ilorasertib
XZXHXSATPCNXJR-ZIADKAODSA-N	COC(=O)c1ccc2c(c1)NC(=O)/C2=C(\Nc1ccc(N(C)C(=O)CN2CCN(C)CC2)cc1)c1ccccc1	Intedanib
MZDKLVOWGIOKTN-UHFFFAOYSA-N	CN(c1ncccc1CNc1nc(Nc2ccc3c(c2)CC(=O)N3)ncc1C(F)(F)F)S(C)(=O)=O	PF-562271
QQUXFYAWXPMDOE-UHFFFAOYSA-N	O=C1Cc2c([nH]c3ccc(Br)cc23)-c2ccccc2N1	Kenpaullone
SEJGTFPOEJWEGG-UHFFFAOYSA-N	COc1cc2c(Oc3ccc(NC(=O)C4(C(=O)NC5=CCC(F)C=C5)CC4)cc3F)ccnc2cc1OCCCN1CCOCC1	CHEMBL1908393
JOOXLOJCABQBSG-UHFFFAOYSA-N	Cc1cnc(Nc2ccc(OCCN3CCCC3)cc2)nc1Nc1cccc(S(=O)(=O)NC(C)(C)C)c1	Fedratinib
MVJMMLFMPWITEJ-UHFFFAOYSA-N	N#CCOc1ccc(Nc2nc(Nc3cccc(S(N)(=O)=O)c3)ncc2Br)cc1	Kinome_1198
CTNPALGJUAXMMC-PMFHANACSA-N	Cc1[nH]c(/C=C2\C(=O)Nc3ccc(F)cc32)c(C)c1C(=O)NC[C@H](O)CN1CCOCC1	SU14813
KDKUVYLMPJIGKA-UHFFFAOYSA-N	Nc1nc(Nc2ccc(S(N)(=O)=O)cc2)nn1C(=O)c1c(F)cccc1F	JNJ-7706621
YYLKKYCXAOBSRM-JXMROGBWSA-N	O=C(c1ccc(/C=C/c2n[nH]c3ccccc23)cc1)N1CCNCC1	KW-2449
OWRXHGAFWZFFCW-UHFFFAOYSA-N	CNS(=O)(=O)c1ccccc1Nc1nc(Nc2cc(OC)c(OC)c(OC)c2)ncc1Cl	Kinome_1194
JZTOUVBEZONDKA-UHFFFAOYSA-N	Cc1cccc(Nc2nc(NC3CCCCC3N)cnc2C(N)=O)c1	Kinome_2079
RYYNGWLOYLRZLK-UHFFFAOYSA-N	CC(=O)NCC(=O)N1C2CCC1c1cc(Nc3ncc(C(F)(F)F)c(NC4CCC4)n3)ccc12	PF-03814735
FUMCKNCUEAQHCV-XYPYZODXSA-N	O[C@H]1CC[C@H](Nc2nc(Cl)cc(-c3c[nH]c4ncccc34)n2)CC1	CHEMBL2062936
ZGZVRPRSFXRGCF-UHFFFAOYSA-N	COc1ccc(C(=O)Nc2n[nH]c3ccc(-c4cn(Cc5ccccc5)nn4)cc23)cc1OC	Kinome_1054
ZPEIMTDSQAKGNT-UHFFFAOYSA-N	CN(C)CCCN1c2ccccc2Sc2ccc(Cl)cc21	Chlorpromazine
CGIGDMFJXJATDK-UHFFFAOYSA-N	COc1ccc2c(c1)c(CC(=O)O)c(C)n2C(=O)c1ccc(Cl)cc1	Indometacin
GCBJDOWIQHMCMR-UHFFFAOYSA-N	O=C(O)c1ccccc1Nc1ccnc(Nc2ccc3[nH]ncc3c2)n1	Kinome_1199
KRIUNPBAQZGFQA-UHFFFAOYSA-N	Oc1c2ccccc2c2c3c(cccc13)N=N2	ZINC04335977
HJGFPNFAFSFDNN-UHFFFAOYSA-N	C#Cc1cccc(Nc2nc3cc(C(=O)O)ccc3c3cncnc23)c1	CX5011
BPNUQXPIQBZCMR-IBGZPJMESA-N	Cc1n[nH]c2ccc(-c3cncc(OC[C@@H](N)Cc4ccccc4)c3)cc12	A-674563
RFAXLXKIAKIUDT-UHFFFAOYSA-N	Oc1ccc2ccccc2c1SSc1c(O)ccc2ccccc12	IPA-3
KRMDCWKBEZIMAB-UHFFFAOYSA-N	CN(C)CCC=C1c2ccccc2CCc2ccccc21	Amitriptyline
DDLZLOKCJHBUHD-WAVHTBQISA-N	O=C1Nc2cc(Br)ccc2/C1=C1/Nc2ccccc2/C1=N\O	6-Bromoindirubin-3'-oxime
UUADYKVKJIMIPA-UHFFFAOYSA-N	Cl.Cn1cc(C2=C(c3cn(C4CCN(Cc5ccccn5)CC4)c4ccccc34)C(=O)NC2=O)c2ccccc21	Enzastaurin hydrochloride
KSOVGRCOLZZTPF-UHFFFAOYSA-N	Cc1cc(Nc2ncc(F)c(NC3C4C=CC(C4)C3C(N)=O)n2)ccc1N1CCN(C)CC1	Kinome_635
ZVWRFVCNQOECJS-UHFFFAOYSA-N	Cc1cnc(Nc2cccc(S(N)(=O)=O)c2)nc1Nc1ccc(OCC(N)=O)cc1	Kinome_1202
VADOZMZXXRBXNY-UHFFFAOYSA-N	CN1CCN(c2ccc(Nc3ncc4cc(C#N)c(=O)n(C5CCCC5)c4n3)cc2)CC1	CHEMBL3115681
UIARLYUEJFELEN-LROUJFHJSA-N	C[C@]12O[C@H](C[C@]1(O)CO)n1c3ccccc3c3c4c(c5c6ccccc6n2c5c31)CNC4=O	Lestaurtinib
BSFNGHCTZDCQBF-UHFFFAOYSA-N	NC(COc1cncc(-c2ccc3c(c2)C(=Cc2ccco2)C(=O)N3)c1)Cc1c[nH]c2ccccc12	Kinome_1901
LYNBNVBMAGDJRW-UHFFFAOYSA-N	O=C(O)c1ccccc1Nc1ccnc(Nc2cccc(O)c2)n1	4-anilinopyrimidine 8c
GCYXEGSPUDSZJY-PTNGSMBKSA-N	O=C1Nc2ccc3ncsc3c2/C1=C/Nc1ccc(S(=O)(=O)Nc2ccccn2)cc1	Gw8510
YMIJUBCSOKSFRU-UHFFFAOYSA-N	O=C(O)c1ccccc1Nc1ccnc(Nc2ccc3cn[nH]c3c2)n1	4-anilinopyrimidine 15a
KLBQZWRITKRQQV-UHFFFAOYSA-N	CSc1ccc2c(c1)N(CCC1CCCCN1C)c1ccccc1S2	Thioridazine
GPSZYOIFQZPWEJ-UHFFFAOYSA-N	Cc1nc(N)sc1-c1ccnc(Nc2ccc(N3CCOCC3)cc2)n1	CYC-116
BIIVYFLTOXDAOV-YVEFUNNKSA-N	CN1CC[C@H](c2c(O)cc(O)c3c(=O)cc(-c4ccccc4Cl)oc23)[C@H](O)C1	Flavopiridol
OUSFTKFNBAZUKL-UHFFFAOYSA-N	CC(C)(C)c1cnc(CSc2cnc(NC(=O)C3CCNCC3)s2)o1	BMS-387032
JPYQFPGTGGLOMD-UHFFFAOYSA-N	NC(=O)c1ccc2c(c1)nc(Nc1cccc(Cl)c1)c1ccncc12	CHEMBL1649761
BQDHCGJUSXMIIS-UHFFFAOYSA-N	COc1cc(Nc2ncc([N+](=O)[O-])c(Nc3ccccc3C(N)=O)n2)cc(OC)c1OC.Cl	SCHEMBL3814469
AFSDNFLWKVMVRB-UHFFFAOYSA-N	O=c1oc2c(O)c(O)cc3c(=O)oc4c(O)c(O)cc1c4c23	Ellagic acid
AYQYIBVVCJFCAE-KSEXSDGBSA-N	CC1=NN(c2ccc(C(=O)O)cc2)C(=O)/C1=C\Cc1ccc(Cc2cc(C)c(C)cc2[N+](=O)[O-])o1	C646
XHBVYDAKJHETMP-UHFFFAOYSA-N	c1cc(-c2cnn3cc(-c4ccc(OCCN5CCCCC5)cc4)cnc23)ccn1	Dorsomorphin
XSMSNFMDVXXHGJ-UHFFFAOYSA-N	c1cn2cc(-c3ccc4cn[nH]c4c3)nc(Nc3ccc(N4CCOCC4)cc3)c2n1	Entospletinib
SHPFDGWALWEPGS-UHFFFAOYSA-N	COc1cc(Oc2ccnc3cc(OC)c(OC)cc23)ccc1NC(=O)NC(C)c1nccs1	Ki-20227
MLKHXLFEYOOYEY-NVNXTCNLSA-N	Cn1cc(/C=C2\C(=O)Nc3ccc(S(N)(=O)=O)cc32)c2ccccc21	K00564a
FMETVQKSDIOGPX-UHFFFAOYSA-N	Nc1ncnc2c1c(-c1ccc(Oc3ccccc3)cc1)cn2C1CCCC1	Lck inhibitor
SXOZSDJHGMAEGZ-IGKKHSBFSA-N	CC(=O)O[C@H]1[C@H](C)O[C@@H](Oc2c(-c3ccc(O)cc3)oc3cc(O)cc(O)c3c2=O)[C@H](O)[C@@H]1OC(C)=O	SL0101
ISOCDPQFIXDIMS-HSZRJFAPSA-N	O=C(Nc1ccc(-c2ccnc(Nc3ccc(N4CCOCC4)cc3)n2)cc1)[C@H]1CCCN1	XL019
BLQYVHBZHAISJM-CMDGGOBGSA-N	Cc1cc(Nc2cc(N3CCN(C)CC3)nc(/C=C/c3ccccc3)n2)n[nH]1	ENMD-2076
CXQHYVUVSFXTMY-UHFFFAOYSA-N	COc1cc2c(Oc3ccc(NC(=O)C4(C(=O)Nc5ccc(F)cc5)CC4)cc3F)ccnc2cc1OCCCN1CCOCC1	Foretinib
XZXHXSATPCNXJR-UHFFFAOYSA-N	COC(=O)c1ccc2c(c1)NC(=O)C2=C(Nc1ccc(N(C)C(=O)CN2CCN(C)CC2)cc1)c1ccccc1	Ninetedanib
IFPPYSWJNWHOLQ-UHFFFAOYSA-N	CCN(CC)CCOc1ccc(Nc2ncc3cc(-c4c(Cl)cccc4Cl)c(=O)n(C)c3n2)cc1	PD166285
ZBNZXTGUTAYRHI-UHFFFAOYSA-N	Cc1nc(Nc2ncc(C(=O)Nc3c(C)cccc3Cl)s2)cc(N2CCN(CCO)CC2)n1	Dasatinib
GCIKSSRWRFVXBI-UHFFFAOYSA-N	Cc1cc(Nc2cc(N3CCN(C)CC3)nc(Sc3ccc(NC(=O)C4CC4)cc3)n2)n[nH]1	Tozasertib
JJWMRRNGWSITSQ-UHFFFAOYSA-N	O=C(COc1cccc2c(=O)[nH]ccc12)c1ccccc1	UPF1069
HAYYBYPASCDWEQ-UHFFFAOYSA-N	CN1CCN(c2ccc(C(=O)Nc3n[nH]c4ccc(Cc5cc(F)cc(F)c5)cc34)c(NC3CCOCC3)c2)CC1	Entrectinib
GKEYKDOLBLYGRB-LGMDPLHJSA-N	CCN(CC)CCN1CCc2[nH]c(/C=C3\C(=O)Nc4ccc(F)cc43)c(C)c2C1=O	Famitinib
JLYAXFNOILIKPP-KXQOOQHDSA-N	CC1(C)CCC(c2ccc(Cl)cc2)=C(CN2CCN(c3ccc(C(=O)NS(=O)(=O)c4ccc(N[C@H](CCN5CCOCC5)CSc5ccccc5)c(S(=O)(=O)C(F)(F)F)c4)cc3)CC2)C1	Navitoclax
UQTPDWDAYHAZNT-AWEZNQCLSA-N	C[C@H](Nc1cc(-c2cnn(C)c2)cc(Nc2cnccn2)n1)c1ccc(F)cc1	NS-018
WVXNSAVVKYZVOE-UHFFFAOYSA-N	CNC(=O)c1cc(Oc2ccc(NC(=O)Nc3cc(C(C)(C)C)nn3-c3ccc4ncccc4c3)c(F)c2)ccn1	Rebastinib
MLDQJTXFUGDVEO-UHFFFAOYSA-N	CNC(=O)c1cc(Oc2ccc(NC(=O)Nc3ccc(Cl)c(C(F)(F)F)c3)cc2)ccn1	Sorafenib
UYJZZVDLGDDTCL-UHFFFAOYSA-N	CN(C)CC(=O)Nc1ccc2[nH]c(=O)c3ccccc3c2c1	PJ34
WVMANZPBOBRWCB-UHFFFAOYSA-N	CCCCc1c(-c2ccc(OC)cc2)[nH]c2nccnc12	Aloisine
GZFYZYBWLCYBMI-MYZJJQSMSA-N	CCN(CC)CCO[C@H]1CC[C@@]2(C)C(=CC[C@H]3[C@@H]4CCC(=O)[C@@]4(C)CC[C@@H]32)C1.Cl	U18666A
QYPJBTMRYKRTFG-UHFFFAOYSA-N	O=C(c1ccccc1O)c1[nH]c(Cl)c(Cl)c1-n1c(C(=O)c2ccccc2O)cc(Cl)c1Cl	Maritoclax
HHKGVQGXRGQBBA-UHFFFAOYSA-N	CNc1ncnc(-c2cccnc2Oc2ccc(F)c(C(=O)Nc3cc(C(F)(F)F)ccc3N(C)CCCN(C)C)c2)n1	2-MT 63
UUECJWRVDTUDCB-ISLYRVAYSA-N	Cc1cc(/N=N/c2cc(S(=O)(=O)O)c(C)cc2C)c(N)cc1O	Ischemin
MDOJTZQKHMAPBK-UHFFFAOYSA-N	NC(=O)c1ccc(I)c([N+](=O)[O-])c1	Iniparib
LLEJIEBFSOEYIV-UHFFFAOYSA-N	COc1ccc2c(c[n+](C)c3c4cc5c(cc4ccc23)OCO5)c1OC	Chelerythrine
PBJKWGWHZVXBGU-UHFFFAOYSA-N	Cc1cc2c(C(C)C)c(O)c(O)cc2c(O)c1-c1c(C)cc2c(C(C)C)c(O)c(O)cc2c1O	Apogossypol
SXJDCULZDFWMJC-UHFFFAOYSA-N	CCOC(=O)C1=C(N)Oc2ccc(Br)cc2C1C(C#N)C(=O)OCC	HA14-1
HYTMVPCGCCQGST-JGUILPGDSA-N	CCOc1ccc2nc3cc(/N=N/c4ccc(N)nc4N)ccc3c(N)c2c1.Cl	BXI-61
PQAPVTKIEGUPRN-UHFFFAOYSA-N	CC(C)c1ccccc1Cc1cc(C(=O)Nc2ccc(S(=O)(=O)c3ccccc3C(C)(C)C)cc2)c(O)c(O)c1O	TW37
WUGANDSUVKXMEC-UHFFFAOYSA-N	O=C(O)CSc1cc(NS(=O)(=O)c2ccc(Br)cc2)c2ccccc2c1O	UMI-77
YPSXFMHXRZAGTG-UHFFFAOYSA-N	COc1ccc(N=O)c(CCc2cc(OC)ccc2N=O)c1	Bcl-2 Inhibitor
ILMNSCQOSGKTNZ-NKWVEPMBSA-N	Nc1ncnc2c1ncn2[C@@H](C=O)O[C@@H](C=O)CO	Adenosine dialdehyde
NAWIFPQLACUTSO-MXGDDHKLSA-N	Nc1ncnc2c1ncn2[C@@H]1O/C(=C\F)[C@@H](O)[C@@H]1O	MDL 28842
MUJOCHRZXRZONW-FOCLMDBBSA-N	COC(=O)/C=C/C(=O)N(O)CCCCNCc1ccc(COC(=O)Nc2cccc3ccccc23)cc1	Methylstat
AELCINSCMGFISI-DTWKUNHWSA-N	N[C@@H]1C[C@H]1c1ccccc1	Tranylcypromine
ZJZCTCNQTXBBFZ-PLMZOXRSSA-N	C/C(=C(\CCO)SCCC(=O)c1ccc(C)cc1)N(C=O)Cc1cnc(C)nc1N.Cl	MB-3
YGSDEFSMJLZEOE-UHFFFAOYSA-M	O=C([O-])c1ccccc1O	Salicylate
JAXSELKSZJMFSA-UHFFFAOYSA-N	O=C(O)CCC(=O)Nc1ccc(Cc2ccncc2)cc1	APHA
PAWIYAYFNXQGAP-UHFFFAOYSA-N	Cn1cc(CNCC2CCN(c3ncc(C(=O)NO)cn3)CC2)c2ccccc21	Quisinostat
FPOHNWQLNRZRFC-ZHACJKMWSA-N	Cc1[nH]c2ccccc2c1CCNCc1ccc(/C=C/C(=O)NO)cc1	Panobinostat
KGDMFBRXTHKRPA-GRCJMCHGSA-N	O=C(/C=C/c1ccc(C(=O)N/N=C/c2ccc(O)c(O)c2O)cc1)NO	Pandacostat
PTJGLFIIZFVFJV-UHFFFAOYSA-N	O=C(CCCCCCC(=O)Nc1cccnc1)NO	Pyroxamide
MUTBJZVSRNUIHA-UHFFFAOYSA-N	O=C(NO)c1cnc(N2CCN(S(=O)(=O)c3ccc4ccccc4c3)CC2)nc1	R306465
IDQPVOFTURLJPT-UHFFFAOYSA-N	O=C(CCCCCCC(=O)NO)NO	SBHA
GYKLFBYWXZYSOW-UHFFFAOYSA-N	CCCC(=O)OCOC(=O)C(C)(C)C	Pivanex
LTUGYAOMCKNTGG-UHFFFAOYSA-N	COc1ccccc1C(=O)Nc1cc2c(cc1N1CCCCC1)n(C)c(=O)n2C	GSK-5959
MIGJEXKBUJPKJF-UHFFFAOYSA-N	CC(=O)n1c2c(c3ccccc31)CCCC2=O	MS7972
RFTSSZJZXOSICM-GRSHGNNSSA-N	COC1=CC(c2cc3ccccc3[nH]2)=N/C1=C\c1[nH]c(C)cc1C	Obatoclax
QBKSWRVVCFFDOT-UHFFFAOYSA-N	Cc1cc2c(C(C)C)c(O)c(O)c(C=O)c2c(O)c1-c1c(C)cc2c(C(C)C)c(O)c(O)c(C=O)c2c1O	Gossypol
KLDXJTOLSGUMSJ-JGWLITMVSA-N	O[C@H]1CO[C@@H]2[C@H](O)CO[C@H]12	AT-101
UIFFUZWRFRDZJC-SBOOETFBSA-N	CCCCCC[C@H]1C(=O)O[C@H](C)[C@H](NC(=O)c2cccc(NC=O)c2O)C(=O)O[C@@H](C)[C@@H]1OC(=O)CC(C)C	Antimycin A
PRDFBSVERLRRMY-UHFFFAOYSA-N	CCOc1ccc(-c2nc3cc(-c4nc5cc(N6CCN(C)CC6)ccc5[nH]4)ccc3[nH]2)cc1	BXI-72
RGGFUBMUOVFZEF-LDRVEFRDSA-N	Cc1cs/c(=N\C2CCCCC2)n1/N=C/c1ccc(O)c(O)c1O	MIM1
COHIEJLWRGREHV-XFFZJAGNSA-N	CC(C)C(C(=O)O)N1C(=O)/C(=C/c2ccc(Br)cc2)SC1=S	BH3I-1
YUYJEQHNWKQNBT-UHFFFAOYSA-N	Oc1c(F)cc(-c2cnccc2-c2ccc(N3CCOCC3)cc2)cc1F	LJI308
OUKYUETWWIPKQR-UHFFFAOYSA-N	CN1CCN(CCOc2cc(OC3CCOCC3)c3c(Nc4c(Cl)ccc5c4OCO5)ncnc3c2)CC1	Saracatinib
WUUGFSXJNOTRMR-IOSLPCCCSA-N	CSC[C@H]1O[C@@H](n2cnc3c(N)ncnc32)[C@H](O)[C@@H]1O	5-methyl thioadenosine
LMXOHSDXUQEUSF-YECHIGJVSA-N	Nc1ncnc2c1ncn2[C@@H]1O[C@H](C[C@@H](N)CC[C@H](N)C(=O)O)[C@@H](O)[C@H]1O	Sinefungin
IRSFLDGTOHBADP-UHFFFAOYSA-N	CCCCCCCCCCCC1=C(O)C(=O)C=C(O)C1=O	Embelin
VCMMXZQDRFWYSE-UHFFFAOYSA-N	CC1=CC(=O)c2c(O)cccc2C1=O	Plumbagin
FECGNJPYVFEKOD-VMPITWQZSA-N	CN(C)Cc1ccc(S(=O)(=O)n2ccc(/C=C/C(=O)NO)c2)cc1	Resminostat
YALNUENQHAQXEA-UHFFFAOYSA-N	CCN(CC)Cc1ccc2cc(COC(=O)Nc3ccc(C(=O)NO)cc3)ccc2c1	Givinostat
BWDQBBCUWLSASG-MDZDMXLPSA-N	O=C(/C=C/c1ccc(CN(CCO)CCc2c[nH]c3ccccc23)cc1)NO	Dacinostat
IVTKCTFTVKYWIQ-WEVVVXLNSA-N	O=C(/C=C/C#Cc1ccc(NS(=O)(=O)c2ccccc2)cc1)NO	Oxamflatin
MAUCONCHVWBMHK-UHFFFAOYSA-N	CN(C)Cc1c(C(=O)NCCOc2ccc(C(=O)NO)cc2)oc2ccccc12	Abexinostat
NCNRHFGMJRPRSK-MDZDMXLPSA-N	O=C(/C=C/c1cccc(S(=O)(=O)Nc2ccccc2)c1)NO	Belinostat
JHDKZFFAIZKUCU-ZRDIBKRKSA-N	CCCCc1nc2cc(/C=C/C(=O)NO)ccc2n1CCN(CC)CC	Pracinostat
JTDYUFSDZATMKU-UHFFFAOYSA-N	O=C(CCCCCN1C(=O)c2cccc3cccc(c23)C1=O)NO	Scriptaid
RTKIYFITIVXBLE-QEQCGCAPSA-N	CC(/C=C/C(=O)NO)=C\[C@@H](C)C(=O)c1ccc(N(C)C)cc1	Trichostatin A
MFBOGIVSZKQAPD-UHFFFAOYSA-M	CCCC(=O)[O-].[Na+]	Butyrate
NIJJYAXOARWZEE-UHFFFAOYSA-N	CCCC(CCC)C(=O)O	Valproic acid
XHEFDIBZLJXQHF-UHFFFAOYSA-N	O=c1c(O)c(-c2ccc(O)c(O)c2)oc2cc(O)ccc12	Fisetin
CDRPUGZCRXZLFL-OWOJBTEDSA-N	Oc1cc(O)cc(/C=C/c2ccc(O)c(O)c2)c1	Piceatannol
NETXMUIMUZJUTB-UHFFFAOYSA-N	COc1cc(OC)c2c(=O)[nH]c(-c3cc(C)c(OCCO)c(C)c3)nc2c1	Apabetalone
HUPFGZXOMWLGNK-UHFFFAOYSA-N	O=C(O)c1cc(-c2ccc(F)cc2F)ccc1O	Diflusinal
XGALLCVXEZPNRQ-UHFFFAOYSA-N	COc1cc2ncnc(Nc3ccc(F)c(Cl)c3)c2cc1OCCCN1CCOCC1	Gefitinib
AYMYWHCQALZEGT-ORCRQEGFSA-N	O=C(/C=C/c1ccc(O)c(O)c1)c1ccc(O)cc1O	Butein
DXDRHHKMWQZJHT-FPYGCLRLSA-N	O=C(/C=C/c1ccc(O)cc1)c1ccc(O)cc1O	Isoliquiritigenin
KDPSGIFCBZTBEZ-UHFFFAOYSA-N	Cn1c(=S)n(CCSc2nc3ccccc3[nH]2)c2ccccc21	BIC1
ZZZYHIMVKOHVIH-MWFXHRFLSA-N	COC(=O)[C@@]12OC[C@@]34[C@H]1[C@@H](OC(=O)C=C(C)C)C(=O)O[C@@H]3C[C@H]1C(C)=C(O)C(=O)C[C@]1(C)[C@H]4[C@@H](O)[C@@H]2O	Brusatol
QDKLRKZQSOQWJQ-SMDXAGPFSA-N	C=C(C)[C@@H](CC=C(C)C)C[C@@]12C[C@@H](CC=C(C)C)C(C)(C)[C@@](CC=C(C)C)(C(=O)C(C(=O)c3ccc(O)c(O)c3)=C1O)C2=O	Garcinol
AJRGHIGYPXNABY-UHFFFAOYSA-N	COc1ccc(Cn2ccc3ccc(C(=O)NO)cc32)cc1	PCI-34051
JWOGUUIOCYMBPV-GMFLJSBRSA-N	CCC(=O)CCCCC[C@@H]1NC(=O)[C@H]2CCCCN2C(=O)[C@H]([C@@H](C)CC)NC(=O)[C@H](Cc2cn(OC)c3ccccc23)NC1=O	Apicidin
VAZAPHZUAVEOMC-UHFFFAOYSA-N	CC(=O)Nc1ccc(C(=O)Nc2ccccc2N)cc1	CI-994
DLVJMFOLJOOWFS-VJIFSZOSSA-N	C=C[C@@H](O)[C@@H]1O[C@H]1/C=C/[C@@H]1O[C@@H]1[C@@H](C)O	Depudecin
GNYCTMYOHGBSBI-KVUCBBCISA-N	C[C@@H]1NC(=O)[C@H]2CCCN2C(=O)[C@H](CCCCCC(=O)C2CO2)NC(=O)[C@@H](C)NC1=O	HC Toxin
HRNLUBSXIHFDHP-UHFFFAOYSA-N	Nc1ccccc1NC(=O)c1ccc(CNc2nccc(-c3cccnc3)n2)cc1	Mocetinostat
INVTYAOGFAGBOE-UHFFFAOYSA-N	Nc1ccccc1NC(=O)c1ccc(CNC(=O)OCc2cccnc2)cc1	Entinostat
DEZFNHCVIZBHBI-ZHACJKMWSA-N	CC(=O)c1c(O)c(C)c(O)c(Cc2c(O)c3c(c(C(=O)/C=C/c4ccccc4)c2O)OC(C)(C)C=C3)c1O	Rottlerin
URWCXPXBBITYLR-UHFFFAOYSA-N	CNc1cc(-c2cccc(Cl)c2Cl)nc(N)n1	TH287
PVRYEWOXWGDQHA-URLMMPGGSA-N	CCOc1cc(OC)ccc1C1=N[C@@H](c2ccc(Br)cc2)[C@@H](c2ccc(Br)cc2)N1C(=O)N1CCN(CCO)CC1	Nutlin-2
UNXQGBMZYKHQCO-NVHWNKAKSA-N	CC(C)(C)C[C@H]1N[C@@H](C(=O)NCC[C@H](O)CO)[C@H](c2cccc(Cl)c2)[C@@]12C(=O)Nc1cc(Cl)c(F)cc12	MI-219
RLUGRMMSGGKTPV-UHFFFAOYSA-N	Nc1sc(-c2ccc(Cl)cc2)c(-c2ccc(Cl)cc2)c1C(=O)NC1CCCCC1	MCL0527-3
UOVSZRTTWLJPHE-HNXAPSNLSA-N	COc1cc(C(N)=O)ccc1NC(=O)[C@@H]1N[C@@H](CC(C)(C)C)[C@@]2(C(=O)Nc3cc(Cl)sc32)[C@H]1c1cccc(Cl)c1F	RO5353
NNGMKDJOKUWNGN-NMMPVGNLSA-N	Cl.N#C[C@@H]1CS[C@H]2C[C@](N)(C3CCCC3)C(=O)N21	4-PBHA
IYDMGGPKSVWQRT-UHFFFAOYSA-N	COc1ccc(C2=NC(c3ccc(Cl)cc3)C(c3ccc(Cl)cc3)N2C(=O)N2CCN(C(C)=O)CC2)c(OC(C)C)c1	Nutlin-1
BDUHCSBCVGXTJM-WUFINQPMSA-N	COc1ccc(C2=N[C@@H](c3ccc(Cl)cc3)[C@@H](c3ccc(Cl)cc3)N2C(=O)N2CCNC(=O)C2)c(OC(C)C)c1	Nutlin-3A
QZJRNGXHRQJBJH-UHFFFAOYSA-N	O=C(O)c1[nH]c2cc(Cl)ccc2c1-c1c(-c2ccccc2)ncn1Cc1ccc(Cl)cc1	PB12
FLEPRYJBTOPZTM-UKILVPOCSA-N	CC(C)C[C@@]1(C(=O)NCCc2ccncc2)N=CN(CC2CC2)[C@H]1c1ccc(Cl)cc1	PB11
HMKAZNCSHAJLSA-HIJQLYNKSA-N	CC(C)(C)S(=O)(=O)C[C@H](C1CC1)N1C(=O)[C@@](C)(CC(=O)O)C[C@H](c2cccc(Cl)c2)[C@H]1c1ccc(Cl)cc1	AM-8735
CGCOPBXAGSCZNX-FNQJWKMRSA-N	COc1cc(C(N)=O)ccc1NC(=O)[C@@H]1N[C@@H](CC(C)(C)C)[C@@]2(C(=O)Nc3cc(Cl)ncc32)[C@H]1c1cccc(Cl)c1F	RO2468
ARYVAQSYRLZVQD-UHFFFAOYSA-N	NC(=O)c1cc(F)cc2c1C(=O)N(C1CCN(C3CCC(F)(F)CC3)CC1)C2	NMS-P118
XZFYSTPLSPZNKJ-UHFFFAOYSA-N	Cc1ccc(C)n1-c1ccc(C(=O)ON2C(=O)CCC2=O)cc1	RH02007
ZFEXNHYQHDJAGL-UHFFFAOYSA-N	CCC1=C(c2cc(Cl)c3ccccc3c2OCC(=O)O)OC(CC)(C(=O)c2cc(Cl)c3ccccc3c2OCC(=O)O)CC1	NSC83143
CGLMQIIIQWNAMG-UHFFFAOYSA-N	CCOC(=O)C1C(O)=C(P(=O)(C2=C(O)C(C(=O)OCC)C(c3ccc(OC(C)=O)cc3)C(C(=O)O)C2=O)N(CCCl)CCCl)C(=O)C(C(=O)O)C1c1ccc(OC(C)=O)cc1	NSC135098
XKTMIJODWOEBKO-UHFFFAOYSA-M	CCN(Cc1cccc(S(=O)(=O)[O-])c1)c1ccc(C(=C2C=CC(=[N+](CC)Cc3cccc(S(=O)(=O)[O-])c3)C=C2)c2ccccc2)cc1.[Na+]	Acid Green 3
ASUGUQWIHMTFJL-QGZVFWFLSA-N	CC[C@@](C)(Nc1ccnc(-c2c[nH]c3ncccc23)n1)C(=O)NCC(F)(F)F	Decernotinib
ZHEHVZXPFVXKEY-LYGOBDSISA-N	CCCCCCOC(=O)[C@]1(O)C[C@H]2O[C@]1(C)n1c3ccccc3c3c4c(c5c6ccccc6n2c5c31)C(=O)NC4	KT5720
VLULRUCCHYVXOH-UHFFFAOYSA-N	Cc1ccccc1CN1C(=O)C2=C(CCN(Cc3ccccc3)C2)N2CCN=C12	ONC201
LTYNXERAWVCPAH-OHRKNAERSA-N	CC(C)C[C@@H]1NC(=O)[C@H](Cc2ccccc2)N(C)C(=O)[C@H](CC(C)C)NC(=O)[C@H](CC(C)C)N(C)C(=O)[C@H](CC(C)C)NC(=O)[C@@H](C)OC(=O)[C@H](C)N(C)C1=O	Cotransin
YRRAGUMVDQQZIY-UHFFFAOYSA-N	O=c1c(O)c(-c2ccc(O)c(O)c2)oc2c(O)c(O)cc(O)c12	Gossypetin
VWFIHGWHMXSTAO-UHFFFAOYSA-N	C=CCn1c(S)nnc1CSc1ccccc1[N+](=O)[O-]	DSHS00884
JPOAXWSMFOLMQH-UWWJMHSNSA-N	O=C(O)c1cc(N=C2C=CC(=C(c3ccccc3)c3ccc(Nc4ccc(Cl)c(C(=O)O)c4)cc3)C=C2)ccc1Cl	NSC117907
QKJRDUVFCNBDGG-YKXMQWBGSA-N	C=CC1=C(C)C(=O)N/C1=C\c1[nH]c(Cc2[nH]c(/C=C3/NC(=O)C(C(C)SC(C)=O)=C3C)cc2CCC(=O)O)c(CCC(=O)O)c1C	NSC216029
BGLPECHZZQDNCD-UHFFFAOYSA-N	CCS(=O)(=O)N1CCN(c2ccc(Nc3ncc(C(N)=O)c(NC4CC4)n3)cc2)CC1	Cerdulatinib
HWXVIOGONBBTBY-ONEGZZNKSA-N	C1=C/COCc2cc(ccc2OCCN2CCCC2)Nc2nccc(n2)-c2cccc(c2)COC/1	Pacritinib
SAGZIBJAQGBRQA-UHFFFAOYSA-N	O=C(NC1CCOCC1)c1ccc(-c2cc(-c3c[nH]nc3-c3ccccn3)ccn2)cc1	GW788388
PNMYJIOQIAEYQL-UHFFFAOYSA-N	Nc1nc(NC2CC2)cc(-c2cccc(Cl)c2Cl)n1	TH588
KTEIFNKAUNYNJU-LBPRGKRZSA-N	C[C@H](Oc1cc(-c2cnn(C3CCNCC3)c2)cnc1N)c1c(Cl)ccc(F)c1Cl	S-crizotinib
AVZCPICCWKMZDT-UHFFFAOYSA-N	O=C(O)CCNc1cc(N2CCc3ccccc3CC2)nc(-c2ccccn2)n1	GSK-J1
KWUZCAVKPCRJPO-UHFFFAOYSA-N	CCNc1ccc(-c2nc3ccc(C)cc3s2)cc1	Thio-2
TZALECNALKOBPY-UHFFFAOYSA-N	Cc1ccc2c(sc(-c3ccc4c(c3)sc(-c3ccc(N(C)C)cc3)[n+]4C)[n+]2C)c1S(=O)(=O)[O-]	Thioflavin S
RYCBSFIKWACFBY-UHFFFAOYSA-N	CCn1c(=O)c(-c2ccc(-c3cncc(C)n3)cc2Cl)cc2cnc(NCCC3CCN(C)CC3)nc21	FRAX1036
JVDOKQYTTYUYDV-UHFFFAOYSA-N	Cc1cnc(Nc2ccc(N3CCN(C)CC3)cc2)nc1Nc1cccc(S(=O)(=O)NC(C)(C)C)c1	TG10129
HHFBDROWDBDFBR-UHFFFAOYSA-N	O=C(O)c1ccc(Nc2ncc3c(n2)-c2ccc(Cl)cc2C(c2c(F)cccc2F)=NC3)cc1	MLN8054
ZIMMTPFXOMAJTQ-UHFFFAOYSA-N	COc1ccc(-c2nc(-c3cc(C(F)(F)F)cc(C(F)(F)F)c3)n(Cc3ccc(C(N)=O)cc3)c2-c2ccc(OC)cc2)cc1	Apoptozole
ZZUZYEMRHCMVTB-UHFFFAOYSA-N	NS(=O)(=O)C#Cc1ccccc1	Pifithrin-mu
HAGVCKULCLQGRF-UHFFFAOYSA-N	Br.Cc1ccc(C(=O)Cn2c3c(sc2=N)CCCC3)cc1	Pifithrin-alpha
IMUKUMUNZJILCG-UHFFFAOYSA-N	Cc1ccc(-c2cn3c4c(sc3n2)CCCC4)cc1	Pifithrin-beta
MMBSCBVEHMETSA-GDAWTGGTSA-N	CCC1C/C(=C\c2cccnc2)C(=O)/C(=C/c2cccnc2)C1	MCB-613
LUYWAGVRXKSNLL-DEOSSOPVSA-N	CC1(C)OC(=O)N(c2ccc(C(=O)Nc3cccc4cccnc34)cc2)[C@H]1c1ccccc1	K4F
FDQXEDMRIBACLZ-UHFFFAOYSA-N	NC(=O)c1cccc(NC(=O)C2=C(C(=O)O)CCC2)c1	CHEMBL3414768
GNFSYBNDPOBXLJ-PLNGDYQASA-N	NC(=O)c1cccc(NC(=O)/C=C\C(=O)O)c1	CHEMBL2179989
HWTVYWVFOWWESR-GFCCVEGCSA-N	C[C@@H](NC(=O)CCc1nc2ccccc2c(=O)[nH]1)c1ccccn1	CHEMBL3092538
HRYKZAKEAVZGJD-UHFFFAOYSA-N	Cc1nc2c(c(=O)[nH]1)CSCC2	CHEMBL483348
VBHDTUSGPSUCNL-KRWDZBQOSA-N	COC(=O)[C@H](Cc1ccccc1)NC(=O)CCc1nc2ccccc2c(=O)[nH]1	CHEMBL3092523
HWTVYWVFOWWESR-LBPRGKRZSA-N	C[C@H](NC(=O)CCc1nc2ccccc2c(=O)[nH]1)c1ccccn1	CHEMBL3092539
NMZRTRAYSHQMPR-UHFFFAOYSA-N	O=C1NCCc2ccc(Cl)cc21	CHEMBL3416132
ZHXIMGYEMBZGOI-UHFFFAOYSA-N	O=c1cc(-c2ccc(F)cc2)oc2ccccc12	NSC-93392
DTMHAFMUJHYVGK-UHFFFAOYSA-N	CN1CCCc2c1cc(-c1ccccc1)[nH]c2=O	CHEMBL3589281
KXSIHXHEHABEJX-UHFFFAOYSA-N	CCCN1CCC(c2nc3cccc(C(N)=O)c3[nH]2)CC1	A-620223
IJAPPYDYQCXOEF-UHFFFAOYSA-N	Oc1nncc2ccccc12	Phthalazinone
ZLYVTQGSZRQZLA-UHFFFAOYSA-N	O=c1[nH]c2cc(CN3CCCC3)ccc2n2cccc12	GJW
NVVWVYYHTKCIAE-UHFFFAOYSA-N	COc1cccc(-c2nc3c(C(N)=O)cccc3[nH]2)c1	BZC
GLBZSOQDAOLMGC-UHFFFAOYSA-N	COc1ccc2c(Oc3ccc(NC(=O)c4c(C)n(CC(C)(C)O)n(-c5ccccc5)c4=O)nc3)ccnc2c1	AMG-458
AXRCEOKUDYDWLF-UHFFFAOYSA-N	Cn1cc(C2=C(c3cn(C4CCN(Cc5ccccn5)CC4)c4ccccc34)C(=O)NC2=O)c2ccccc21	Enzastaurin
VHBFFQKBGNRLFZ-UHFFFAOYSA-N	O=c1cc(-c2ccccc2)oc2ccccc12	Flavone
WHTVZRBIWZFKQO-UHFFFAOYSA-N	CCN(CC)CCCC(C)Nc1ccnc2cc(Cl)ccc12	Chloroquine
PPOQMSJVMJCEAI-UHFFFAOYSA-N	Cc1cc(=O)[nH]c2cc(-c3ccccc3F)ccc12	AJ4
GNFSYBNDPOBXLJ-SNAWJCMRSA-N	NC(=O)c1cccc(NC(=O)/C=C/C(=O)O)c1	CHEMBL2179988
NZSKSXWSNJEOQY-UHFFFAOYSA-N	O=c1[nH]c(N2CCN(Cc3ccncc3)CC2)nc2c1CCCC2	CHEMBL3593715
INPZIMSQNZGLHQ-JTQLQIEISA-N	CC[C@@H](CO)NC(=O)CCc1nc2ccccc2c(=O)[nH]1	CHEMBL3092521
YAXDRRKYLDEMKO-INIZCTEOSA-N	CC[C@H](NC(=O)CCc1nc2ccccc2c(=O)[nH]1)c1ccccc1	CHEMBL3092544
XFDUHJPVQKIXHO-UHFFFAOYSA-N	Nc1cccc(C(=O)O)c1	3-Aminobenzoic Acid
YWPMKTWUFVOFPL-UHFFFAOYSA-N	O=C1NCCc2ccccc21	CHEMBL1688212
ISZWRZGKEWQACU-UHFFFAOYSA-N	O=c1cc(-c2cccc(O)c2)oc2ccccc12	NSC-22356
PVFGJHYLIHMCQD-UHFFFAOYSA-N	O=c1cc(-c2ccc(O)c(O)c2)oc2cc(O)ccc12	CHEMBL301624
SQVXWIUVAILQRH-UHFFFAOYSA-N	COc1ccc(-c2cc(=O)c3ccc(O)cc3o2)cc1	NSC-123414
ZGSXEXBYLJIOGF-ALFLXDJESA-N	O=C(Nc1cccc2cccnc12)c1ccc(N2C(=O)[C@H]3[C@H]4C=C[C@H](C4)[C@H]3C2=O)cc1	IWR-1
PISBNXWDAGANOP-UHFFFAOYSA-N	CN(C)Cc1ccc(-c2cc3cccc4c3n2CCNC4=O)cc1	AG-014376
HGEPGGJUGUMFHT-UHFFFAOYSA-N	O=C(c1cc(Cc2n[nH]c(=O)c3ccccc23)ccc1F)N1CCCNCC1	KU-0058948
YQSZNYLPVBOGPO-UHFFFAOYSA-N	O=C1CCC(=O)N1c1cc(Cc2n[nH]c(=O)c3ccccc23)ccc1F	KU-58684
SDXBGOVSVBZDFL-UHFFFAOYSA-N	NCc1ccc2[nH]c3c4c(c5c(c3c2c1)C(=O)NC5=O)CCC4	CEP-6800
UVSVTDVJQAJIFG-VURMDHGXSA-N	C/C(O)=C(\C#N)C(=O)Nc1cc(Br)ccc1Br	LFM-A13
ZRWNRAJCPNLYAK-UHFFFAOYSA-N	NC(=O)c1ccc(Br)cc1	4-Bromo-Benzamide
SQCWABLHLAOJBR-UHFFFAOYSA-N	CN1CCN(c2nc3c(c(=O)[nH]2)CCCC3)CC1	WLH
LPTGUSPVGHUCQF-UHFFFAOYSA-N	C=CCNCC(=O)N1CCc2sccc2C1COc1ccc(Cl)c(C)c1	RUSKI-41
ATUUNJCZCOMUKD-OKILXGFUSA-N	C[C@H]1CN(c2cc(-c3n[nH]c4ccc(OC5(C)CC5)cc34)ncn2)C[C@@H](C)O1	MLi-2
AEENEMOEBJOKGN-UHFFFAOYSA-N	CCC(C)CNCC(=O)N1CCc2sccc2C1COc1cccc(C)c1	RUSKI-43
XKBSPAZCFAIBJL-OAHLLOKOSA-N	CN(C)[C@@H]1CCN(c2cc(-c3ccccc3)nc3ccnn23)C1	(R)-Zinc-3573
KMESAVNRPDKZCQ-UHFFFAOYSA-N	CCOCCn1cc(C(=O)Nc2ccc(-n3nc(-c4cccnc4)cc3C(F)(F)F)cn2)ccc1=O	BI-1935
ZDOBSAPHUUUOHX-OSYLJGHBSA-N	O=C(NC[C@H]1[C@@H]2CN(C(=O)OCc3cc(C(F)(F)F)cc(C(F)(F)F)c3)C[C@H]12)c1ccc2[nH]nnc2c1	BI-2545
BTSUNSRQYLVGIS-ADTYUTHVSA-N	COC(=O)N[C@H]1CCC[C@@H]1[C@](CN1CCC1)(c1cccc(F)c1)C1CCN(CC2CN(c3ccc(S(=O)(=O)C4CN(C(=O)/C=C/CN5CCCCC5)C4)cc3)C2)CC1	M-808
PROGRNRRJJYCNX-UHFFFAOYSA-N	COc1ccc(C(CC(=O)N2CCCC2)c2c(OC)cc(OC)c3c(-c4ccccc4)cc(=O)oc23)cc1	CMLD-2
JQNINBDKGLWYMU-GEAQBIRJSA-N	CO[C@H]1/C=C/C[C@H](C)[C@@H](C)S(=O)(=O)NC(=O)c2ccc3c(c2)N(C[C@@H]2CC[C@H]21)C[C@@]1(CCCc2cc(Cl)ccc21)CO3	AMG 176
VSZRYLHBOKTNBO-UHFFFAOYSA-N	Cn1nc(C(F)(F)F)cc1-c1cnc(N2CCc3cc(S(=O)(=O)Nc4c(F)cc(Cl)cc4F)cc(N4CCCC4=O)c32)nc1	TP-020
CGECJCJUHCZZGO-UHFFFAOYSA-N	CN(C)CCn1cc(-c2ccn3c(-c4ccc(C(N)=O)c(OCc5cccc(F)c5)c4)cnc3c2)cn1	MBM-55
OTKTZEZTFCAULO-DEOSSOPVSA-N	O=C(O)C[C@]1(CC(F)(F)F)CCc2cc(-c3cnc(NC(=O)Nc4ccc(F)c(F)c4)cn3)ccc2C1=O	GSK2973980A
XMNLWOQHMQRHDV-UHFFFAOYSA-N	CS(=O)(=O)N1CCN(C(=O)c2cnc3ccc(F)cc3c2N2CCC(C#N)(c3ccccc3)CC2)CC1	NCT-505
BATCTBJIJJEPHM-UHFFFAOYSA-N	O=C(Nc1cccnn1)N1CCC(=Cc2cccc(Oc3ccc(C(F)(F)F)cn3)c2)CC1	PF-04457845
AYUNIORJHRXIBJ-TXHRRWQRSA-N	C=CCNC1=C2C[C@@H](C)C[C@H](OC)[C@H](O)[C@@H](C)/C=C(\C)[C@H](OC(N)=O)[C@@H](OC)/C=C\C=C(/C)C(=O)NC(=CC1=O)C2=O	Tanespimycin (17-AAG)
QCQQONWEDCOTBV-UHFFFAOYSA-N	Cc1c(-c2ccc(N3CCc4cccc(C(=O)Nc5nc6ccccc6s5)c4C3)nc2C(=O)O)cnn1CC12CC3CC(CC(C3)C1)C2	A-1331852
BSISGUIVBKDTQO-QIKYYPRYSA-N	COc1cc(Cl)c(C(=O)N[C@@H](CN[C@H]2CC[C@@H](N)CC2)Cc2ccc(C#N)cc2)cc1-c1ccc(CN[C@H](C)c2ccc(C)cc2)o1	BAY-850
XUYMIRYNRKXKOR-HMHJJOSWSA-N	CCS(=O)(=O)c1ccc(CNC(=O)c2cnc3c(c2)CN(C[C@H]2CC[C@H](C(F)(F)F)CC2)[C@H]3C(C)C)nc1	Vimirogant
CYPYTURSJDMMMP-WVCUSYJESA-N	O=C(/C=C/c1ccccc1)/C=C/c1ccccc1.O=C(/C=C/c1ccccc1)/C=C/c1ccccc1.O=C(/C=C/c1ccccc1)/C=C/c1ccccc1.[Pd].[Pd]	Tris-DBA palladium
XUSDVLHKNBOGJY-UHFFFAOYSA-N	CCCCCCCCCCCCCC(=O)NC(CO)C(O)c1ccc([N+](=O)[O-])cc1	D-NMAPPD
JYZJYKOZGGEXSX-UHFFFAOYSA-N	CCCCCCCCCCCCC(O)C(=O)O	2-hydroxymyristic acid
WUJVPELCYCESAP-UHFFFAOYSA-N	O=C(O)CC1CCC2(CC1)CCN(c1cc(OC(F)(F)F)ccc1Cl)CC2	GPR120-IN-1
ZLTQCDRXWXUYHJ-UHFFFAOYSA-N	[C-]#[N+]c1ccc(S(=O)(=O)Nc2ccc3c(c2)cc(C)c(=O)n3C)cc1	NI-42
NBTNHSGBRGTFJS-UHFFFAOYSA-N	COc1ccc(N(C(=O)Oc2c(C)cccc2C)c2ccnc(Nc3ccc(N4CCN(C)CC4)cc3)n2)c(OC)c1	WH-4-023
SOXNKJCQBRQUMS-UHFFFAOYSA-N	Cc1nn(C)c(C)c1CCOc1c(-c2ccc3c(c2)c(CN(C)C)nn3C)ccc(F)c1F	IMP-1088
KYWWJENKIMRJBI-UHFFFAOYSA-N	Fc1ccc(-c2c3cccc(C(F)(F)F)c3nn2Cc2ccc(F)cc2Cl)cc1	LXR-623
MPASHPJAIUOWCK-UHFFFAOYSA-N	Cc1cc(C)c(-n2ccn3nc(-c4cccnc4)cc23)cc1NC(=O)c1cc(C#N)cc(S(F)(F)(F)(F)F)c1	BAY-826
JVCWPUFNLFSKFS-UHFFFAOYSA-N	CCN1C(C)(C)CC(Oc2ccc(C(=O)Nc3ccc(NC(=O)Nc4cc(C(C)(C)C)on4)cc3)nc2)CC1(C)C	AC710
FYMVGXGSNIVSKY-NRFANRHFSA-N	C#Cc1cnc2[nH]cc(-c3cccc4c3CCN4C(=O)[C@@H]3CCCN3C#N)c2c1	IMP-1710
KLGQSVMIPOVQAX-UHFFFAOYSA-N	Oc1nc(-c2ccc(C(F)(F)F)cc2)nc2c1CSCC2	XAV939
ZJZWZIXSGNFWQQ-UHFFFAOYSA-N	COc1ccc(C2(CNC(=O)c3ccc(NC(=O)c4ccco4)cc3)CCOCC2)cc1	JW55
KHWCPNJRJCNVRI-UHFFFAOYSA-N	CCCOc1ccn2c(C(C)=O)cc(-c3ccccc3S(C)(=O)=O)c2c1	GSK2801
ZGBAJMQHJDFTQJ-DEOSSOPVSA-N	Cc1ccc(NC(=O)c2ccc(CN3CC[C@H](N(C)C)C3)c(C(F)(F)F)c2)cc1Nc1nccc(-c2cncnc2)n1	Bafetinib
LVDRREOUMKACNJ-BKMJKUGQSA-N	Cc1cc(=O)n(C)c2cc(N3C(=O)CC[C@H](NS(=O)(=O)CC(C)C)[C@H]3c3ccc(Cl)cc3)ccc12	LP99
CXJCGSPAPOTTSF-VURMDHGXSA-N	CCOC(=O)c1c(/C(C#N)=C\N)c2ccc(Cl)c(Cl)c2n1C	KH-CB19
TXEBNKKOLVBTFK-UHFFFAOYSA-N	C=CC(=O)Nc1cccc(C)c1Nc1ncc2cc(-c3c(Cl)c(OC)cc(OC)c3Cl)ccc2n1	BLU9931
CQCWHSDMJBAGDC-UHFFFAOYSA-N	CNC(=O)N1CCc2c(c(N3CCCc4cc(-c5cnn(C)c5)c(C(F)F)cc43)nn2C2CCOCC2)C1	GNE-781
DSUZLJDXUJUTGI-LLVKDONJSA-N	O=c1[nH]ccc2cc(F)c(NS(=O)(=O)c3ccc(N4CC[C@@H](O)C4)s3)cc12	LSN-3213128
VWEDZTZAXHMZIL-UHFFFAOYSA-N	COc1cc(CCNCc2ccccc2O)c(OC)cc1C#N	25CN-NBOH
PKCDDUHJAFVJJB-VLZXCDOPSA-N	C[C@]1(O)C[C@@H](c2nc(-c3ccc4ccc(-c5ccccc5)nc4c3)c3c(N)nccn32)C1	Linsitinib
JGQPZPLJOBHHBK-UFXYQILXSA-N	Cc1sc2c(c1C)C(c1ccc(Cl)cc1)=N[C@@H](CC(=O)NCCCCCCCCNC(=O)COc1cccc3c1C(=O)N(C1CCC(=O)NC1=O)C3=O)c1nnc(C)n1-2	dBET6
XSMABFRQESMONQ-SFHVURJKSA-N	CN(c1ccccc1)c1ccc2c(c1)CCC[C@H]2CNc1cnccc1C(=O)O	QC6352
NGEBYTLALFOQKI-HDJSIYSDSA-N	O=C(O)C[C@H]1CC[C@H](c2ccc(NC(=O)c3nnc(Nc4ccc(F)c(F)c4)o3)cc2)CC1	AZD3988
RENRQMCACQEWFC-UGKGYDQZSA-N	CCO[C@H]1CCN(Cc2c(OC)cc(C)c3[nH]ccc23)[C@H](c2ccc(C(=O)O)cc2)C1	LNP-023
JKCSCHXVWPSGBG-OPKPGBGESA-N	NC(=O)CC[C@H](NC(=O)[C@@H]1CC[C@@H]2CCN(C(=O)CCCCCC#Cc3cccc4c3CN(C3CCC(=O)NC3=O)C4=O)C[C@H](NC(=O)c3cc4cc(C(F)(F)P(=O)(O)O)ccc4[nH]3)C(=O)N12)C(=O)NC(c1ccccc1)c1ccccc1	SD-36
MPMKMQHJHDHPBE-RUZDIDTESA-N	C[C@]1(C(=O)N(CCCC(=O)O)Cc2cccc(Cl)c2)CCN1C(=O)c1csc2ccccc12	GLPG0974
HNLHOKSDTBAERS-CWIPYCOQSA-N	CC(C)(C)S(=O)(=O)C[C@H](C1CC1)N1C(=O)[C@@](C)(Cc2ncc(CC(=O)O)s2)C[C@H](c2cccc(Cl)c2)[C@H]1c1ccc(Cl)c(F)c1	AM-6761
MXUSGDMIHGLCNC-HNNXBMFYSA-N	N#Cc1cc(F)cc(Oc2ccc(S(=O)(=O)C(F)F)c3c2CC(F)(F)[C@H]3O)c1	PT2399
LXRZVMYMQHNYJB-UNXOBOICSA-N	Cc1sc(C(=O)c2cncnc2N[C@H]2C[C@H](O)[C@@H](COS(N)(=O)=O)C2)cc1[C@@H]1NCCc2ccc(Cl)cc21	TAK-981
TXZPMHLMPKIUGK-UHFFFAOYSA-N	COc1ccccc1S(=O)(=O)Nc1ccc2c(c1)CN(C)C(=O)N2	PFI-1
RUPXKSLKGSSZCP-UHFFFAOYSA-N	Cc1ccccc1-c1cccc(CNc2ccc(CCC(=O)O)cc2)c1	TUG-469
ONBSHRSJOPSEGS-INIZCTEOSA-N	CS(=O)(=O)c1ccc(Oc2cc(F)cc(C#N)c2)c2c1[C@H](O)C(F)(F)C2	PT2385
TVTXCJFHQKSQQM-LJQIRTBHSA-N	COc1cc(C(=O)O)ccc1NC(=O)[C@@H]1N[C@@H](CC(C)(C)C)[C@](C#N)(c2ccc(Cl)cc2F)[C@H]1c1cccc(Cl)c1F	RG7388
GBJVVSCPOBPEIT-UHFFFAOYSA-N	CCN(CCCOc1ccc2c(Nc3cc(CC(=O)Nc4cccc(F)c4)[nH]n3)ncnc2c1)CCOP(=O)(O)O	AZD1152
GBAKVEWPYUIGHN-UHFFFAOYSA-N	O=c1nc(-c2ccccn2)sc2ccccc12	BTZO-1
NBOJHRYUGLRASX-UHFFFAOYSA-N	O=C(Nc1cccnc1)N1CCC(Cc2cccc(Oc3ccc(C(F)(F)F)cn3)c2)CC1	PF-3845
DJOVLOYCGXNVPI-UHFFFAOYSA-N	CN1CCN(c2ccc(-c3cccc(CN4CCOCC4)c3)cc2NC(=O)c2c[nH]c(=O)cc2C(F)(F)F)CC1	OICR-9429
WGJCHHJGGFCCRS-DEYDLUNASA-N	Cc1ncsc1-c1ccc(CNC(=O)[C@@H]2C[C@@H](O)CN2C(=O)[C@@H](NC(=O)COCCOCCOCCOCCOCCOCC(=O)N[C@H](C(=O)N2C[C@H](O)C[C@H]2C(=O)NCc2ccc(-c3scnc3C)cc2)C(C)(C)C)C(C)(C)C)cc1	CM11
QXCXMVYVUHVFLP-UHFFFAOYSA-N	Cn1c(=O)c2c(nc(N3CCNCC3)n2Cc2nnc(-c3ccc(Cl)c(Cl)c3)o2)n(C)c1=O	TH5427
KNOUWGGQMADIBV-KRWDZBQOSA-N	CN1C(=O)[C@@H](NC(=O)c2cc(Cc3ccccc3)on2)COc2ccccc21	GSK481
LUHCYAOYQIFNRN-UHFFFAOYSA-N	CC(=O)c1c(C)c2cnc(Nc3ccc(N4CCN(CCOCCOCCOCCNC(=O)COc5cccc6c5C(=O)N(C5CCC(=O)NC5=O)C6=O)CC4)cn3)nc2n(C2CCCC2)c1=O	BSJ-03-123
IDKAKZRYYDCJDU-HBMMIIHUSA-N	CC(C)(C)C[C@@H]1N[C@@H](C(=O)N[C@H]2CC[C@H](O)CC2)[C@H](c2cccc(Cl)c2F)[C@]12C(=O)Nc1cc(Cl)ccc12	MI-77301
SGIWFELWJPNFDH-UHFFFAOYSA-N	O=S(=O)(c1ccccc1)N(CC(F)(F)F)c1ccc(C(O)(C(F)(F)F)C(F)(F)F)cc1	T0901317
QADPYRIHXKWUSV-UHFFFAOYSA-N	CCN1CCN(c2ccc(Nc3cc(N(C)C(=O)Nc4c(Cl)c(OC)cc(OC)c4Cl)ncn3)cc2)CC1	BGJ-398
YYDUWLSETXNJJT-MTJSOVHGSA-N	Cc1ccc(NC(=O)Nc2cc(C(F)(F)F)ccc2F)cc1Nc1ccc2c(c1)NC(=O)/C2=C\c1ccc[nH]1	GNF-5837
BLNNXJOEJRKHAM-UHFFFAOYSA-N	COc1ccc(Br)c(CNc2cccnc2)c1	UCSF4226
ZMNWFTYYYCSSTF-SOAUALDESA-N	COc1cc(-c2nn([C@H]3CC[C@H](N4CCN(C(C)=O)CC4)CC3)c3ncnc(N)c23)ccc1NC(=O)c1cc2ccccc2n1C	A-770041
LXFOLMYKSYSZQS-XKHGBIBOSA-N	CC(C)N(C[C@H]1O[C@@H](n2cnc3c(N)ncnc32)[C@H](O)[C@@H]1O)C1CC(CCc2nc3cc(C(C)(C)C)ccc3[nH]2)C1	EPZ-5676
XQFINGFCBFHOPE-WXUXXXNLSA-N	CCN(c1cc(C#CCN2CCOCC2)cc(C(=O)NCc2c(C)cc(C)[nH]c2=O)c1C)[C@H]1CC[C@H](N(C)CCOC)CC1	EPZ011989
CGWBJJZOKGZCSJ-UHFFFAOYSA-N	CCCOc1ccc(CCc2nc3cc(-c4c(C)noc4C)ccc3n2CCN2CCOCC2)cc1	PF-CBP1
AIOCFZJGGGEWDK-UHFFFAOYSA-N	COc1cc(-c2cn(C)c(=O)c3cnccc23)cc(OC)c1CN(C)CC(=O)NCCOCCOCCNc1cccc2c1C(=O)N(C1CCC(=O)NC1=O)C2=O	dBRD9
RUBYHLPRZRMTJO-MOVYNIQHSA-N	CN(C)C/C=C/C(=O)Nc1ccc(C(=O)N2CCC[C@@H](Nc3ncc(Cl)c(-c4c[nH]c5ccccc45)n3)C2)cc1	THZ531
RDALZZCKQFLGJP-UHFFFAOYSA-N	Cc1cc2c(C(N)=O)cccc2n1-c1nc2c(c(NCc3ccccc3)n1)COCC2	CB-5083
JBHLOPKIPKTRSU-UHFFFAOYSA-N	COCCOc1nc(-c2ccc(Cl)nc2)nc2c1CN(C(=O)c1ncn3ccccc13)CC2	THPP-1
LQSHXYHWYGKAMX-FQEVSTJZSA-N	COc1cc(C(N)=O)nc(-c2cccc(C#C[C@]3(O)CCN(C)C3=O)c2)c1	NIK-SMI1
AQTPWCUIYUOEMG-INIZCTEOSA-N	O=C(C1CC1)N1CC[C@@H](Cc2n[nH]c(=O)n2-c2ccc(-c3ccc4occc4c3)cc2)C1	GSK2194069
JFGOILLZIAIYGA-UHFFFAOYSA-N	O=C(NCCc1cc(C(=O)NO)no1)c1ccc(Cl)c(Cl)c1	SS-208
RPMGXDCRCWWCRY-JTQLQIEISA-N	CCNC(=O)c1cc2c(N3CCOC[C@@H]3C)ccnc2[nH]1	BAY-707
RIJLVEAXPNLDTC-UHFFFAOYSA-N	O=C(Nc1nc2cccc(-c3ccc(CN4CCS(=O)(=O)CC4)cc3)n2n1)C1CC1	Filgotinib
HWGQMRYQVZSGDQ-HZPDHXFCSA-N	Cn1ncnc1[C@H]1c2n[nH]c(=O)c3cc(F)cc(c23)N[C@@H]1c1ccc(F)cc1	Talazoparib
SEDFZSHSBUXKAC-NIYFSFCBSA-N	C[C@H](CN[C@@H](C(=O)Nc1ccc(-c2cnn(C)c2)cn1)c1ccccc1)c1ccc(C#N)cc1	CPI-1612
ZOPNBMMVVZRSGH-NRFANRHFSA-N	CC#C[C@@H](CC(=O)O)c1ccc(OCc2cccc(-c3ccc(C(F)(F)F)cc3)c2)cc1	AMG-837
BWYBBMQLUKXECQ-GIVPXCGWSA-N	CC(C)C[C@H](NC(=O)c1cc2ccccc2o1)C(=O)N[C@H]1CC[C@@H](C)N(S(=O)(=O)c2ccccn2)CC1=O	Relacatib
CVWXJKQAOSCOAB-UHFFFAOYSA-N	CC(C)(C)c1cc(NC(=O)Nc2ccc(-c3cn4c(n3)sc3cc(OCCN5CCOCC5)ccc34)cc2)no1	AC220
VRVJKILQRBSEAG-LFPIHBKWSA-N	CNC(=O)Nc1ccc2c(c1)CC[C@@]21OC(=O)N(CC(=O)N(Cc2ccc(F)cc2)[C@@H](C)C(F)(F)F)C1=O	A-485
UQRCJCNVNUFYDX-UHFFFAOYSA-N	CN1CCN(C2CCN(C(=O)Nc3cc(Oc4ccc(NC(=O)C5(C(=O)Nc6ccc(F)cc6)CC5)c(F)c4)ccn3)CC2)CC1	Golvatinib
LWXLECMNBTVASW-UHFFFAOYSA-N	CC(=O)N1CCc2c(c(N3CCCc4cc(-c5cnn(C)c5)c(C(F)F)cc43)nn2C2CCOCC2)C1	GNE-049
AILRADAXUVEEIR-UHFFFAOYSA-N	COc1cc(N2CCC(N3CCN(C)CC3)CC2)ccc1Nc1ncc(Cl)c(Nc2ccccc2P(C)(C)=O)n1	Brigatinib
HUFOZJXAKZVRNJ-UHFFFAOYSA-N	C=CC(=O)Nc1cccc(Nc2nc(Nc3ccc(N4CCN(C(C)=O)CC4)cc3OC)ncc2C(F)(F)F)c1	Rociletinib
GHVMTHKJUAOZJP-CGTJXYLNSA-N	CNC(=O)[C@@H](NC(=O)[C@H](CCCc1ccccc1)[C@H](C)N(O)C=O)C(C)(C)C	GI254023X
ZEGMEJVULDALSH-NSHDSACASA-N	N[C@@H](CC(=O)O)Cn1nnc(-c2ccc(Oc3ncc(Cl)cc3F)cc2)n1	LYS006
SNCRCEGCQVMUBS-DNVCBOLYSA-N	C[C@@H]1CN(Cc2ccc3nccnc3c2)C[C@H]1c1nc2c(cnn2C2CCCC2)c(=O)[nH]1	PF-4181366
FNBUZGRPJLEIMO-UHFFFAOYSA-N	CCOc1ccc(S(=O)(=O)Nc2ccc(Cl)cc2C#Cc2cnc(C(=O)O)cc2OC)c2ncccc12	MSC-4381
OBSYBRPAKCASQB-AGQYDFLVSA-N	COC(=O)[C@@H]1C[C@H](OC(C)=O)C(=O)[C@H]2[C@@]1(C)CC[C@H]1C(=O)O[C@H](c3ccoc3)C[C@]21C	Salvinorin-A
ORDHXXHTBUZRCN-NTEUORMPSA-N	CC(C)(O)c1ccccc1-c1ccc2[nH]c(/C=C/c3ccc(C(F)(F)F)cc3)nc2c1	MAVATREP
CUBDGLIBZGKXKQ-ZBLYBZFDSA-N	CC[C@H](CC(=O)O)c1cccc(OCc2ccc(-c3cc(OC)ccc3F)c([C@@H]3CCCC3(C)C)c2)c1F	AM-6226
XPLWBHWPOUEOSJ-GSZYCOFVSA-N	COc1ccc(F)c(-c2ccc(COc3ccc4c(c3)[C@]3(CC4)C[C@H]3C(=O)O)cc2[C@@H]2CCCC2(C)C)c1	AM-5262
YSVWFFNZZGLLAI-XNTOLAJGSA-N	CNC(=N)NCCC[C@H](NC(=O)[C@H](CC(C)C)NC(=O)NNC(=O)[C@H](Cc1ccccc1)NC(=O)[C@H](CO)NC(=O)[C@H](CC(N)=O)NC(=O)[C@@H](Cc1ccncc1)NC(=O)[C@H](N)Cc1ccc(O)cc1)C(=O)N[C@@H](Cc1ccccc1)C(N)=O	KISS1-305
LPCWQWNRCGWRFC-UHFFFAOYSA-N	O=C(c1ccc(C(=O)N2CCC(CCN3CCCC3)CC2)c(Nc2ccc(OCN3CCCC3)cc2)c1)N1CCC(CCN2CCCC2)CC1	EML631
JYTIXGYXBIBOMN-UHFFFAOYSA-N	Cn1nc(C(=O)N(Cc2ccccc2)Cc2ccc(C(=O)O)cc2)c2c1-c1cc(Cl)ccc1OC2	Nidufexor
KLHOCHQJHXNKAS-UHFFFAOYSA-N	Cc1ccc(NC(=O)c2ccc3c(c2)OCCO3)cc1NC(=O)c1ccc2nc(OCCN3CCCC3)ccc2c1	CCT251236
IFRGXKKQHBVPCQ-UHFFFAOYSA-N	CC(C)c1cc(C(=O)N2Cc3ccc(CN4CCN(C)CC4)cc3C2)c(O)cc1O	Onalespib
BKLJDIJJOOQUFG-UHFFFAOYSA-N	Cc1c(NC(=O)c2cc(C(N)=O)nc3cc(F)ccc23)c(C(F)(F)F)nn1Cc1ccc(C#N)cc1	BAY-876
FYQFEJFTCLKXTQ-UHFFFAOYSA-N	Cc1cc(C)c(S(=O)(=O)N(CCc2cccc(Br)c2)Cc2ccc(-c3cccc(S(C)(=O)=O)c3)cc2)c(C)c1	SR9243
RRELDGDKULRRDM-UHFFFAOYSA-N	O=C1CCc2cc(Nc3cc(OC4CCOCC4)c([N+](=O)[O-])cc3Cl)ccc2N1	TP-021
IYHHRZBKXXKDDY-UHFFFAOYSA-N	CCC(F)(F)c1cc(N2CCC(S(C)(=O)=O)CC2)nc2sc(C(N)=O)c(N)c12	BI 605906
DYUTWRFEEOPXMN-UHFFFAOYSA-N	C1=CC2NC(CN3CCC(c4nc(-c5cc6ccccc6o5)cs4)CC3)=NC2N=C1	BAY-179
AUYCSWFYKYVCLD-HXUWFJFHSA-N	CC(C)(O)[C@H](F)CN1Cc2cc(NC(=O)c3cnn4cccnc34)c(N3CCOCC3)cc2C1=O	GNE-2256
OEDSFMUSNZDJFD-UHFFFAOYSA-N	CCNC(=O)c1cc2c(-c3cc(C(C)(C)O)ccc3Oc3c(C)cc(F)cc3C)cn(C)c(=O)c2[nH]1	ABBV-744
QMHRLXNEGYTSRV-UHFFFAOYSA-N	CC(=O)N1CCC(c2ccc(C(=O)NC(=N)N)cc2C(F)(F)F)CC1	BI-9627
LQEHCKYYIXQEBM-FUKIBTTHSA-N	CCCOc1ccc([C@H]2[C@H](C(=O)O)[C@@H](c3ccc4c(c3)OCO4)CN2CC(=O)Nc2c(CC)cccc2CC)cc1	A-192621
WEGLOYDTDILXDA-OAHLLOKOSA-N	CNCc1ccccc1-c1csc([C@@H](C)Nc2nc(C)nc3cc(OC)c(OC)cc23)c1	BAY-293
CSJYMAFXYMYNCK-UHFFFAOYSA-N	NS(=O)(=O)c1cc(NC(=O)Cc2ccccc2)ccc1Oc1cccc(Cl)c1	BAY-1797
ILHNIWOZZKIBNW-UHFFFAOYSA-N	Cc1noc(C)c1-c1cc(Cl)c(Nc2ccccc2C(=O)NO)c(Cl)c1	FB23-2
OAMLIJKKGZLNHE-UHFFFAOYSA-N	CC(C)(O)c1cncc(-c2nc3ccc(F)cc3n2C2CC2)c1	MSD-CYP11B2
JTCAGRAKUAAYDY-OAHLLOKOSA-N	CN([C@@H]1CCc2c(CC(=O)O)c3ccccc3n2C1)S(=O)(=O)c1ccc(F)cc1	MK-7246
FSWFYCYPTDLKON-CMJOXMDJSA-N	C[C@@H]1CCC[C@H](n2cnc(-c3cc(Cl)ccc3-n3cc(Cl)nn3)cc2=O)c2cc(ccn2)-c2c(cnn2C(F)F)NC1=O	MILVEXIAN
SKZQFKBIJUXXCG-INIZCTEOSA-N	C[C@@H](Cn1c(=O)nc(Nc2ccc(Oc3ccccn3)cc2)n(Cc2ccc(Cl)cc2)c1=O)C(=O)O	Sivopixant
TVGAHWWPABTBCX-UHFFFAOYSA-N	Cc1nc(-c2cnc(NC(C)C)n(C)c2=O)ccc1Oc1ccnc(-c2cnn(C)c2)c1	Vimseltinib
FRBRZGLUFOZRGD-JVPBZIDWSA-N	CC(=O)Nc1c(F)cc(C(=O)N[C@H]2CC[C@H](O)CC2)cc1O[C@@H](C)c1ccccc1	GSK046
PXQATVYJKMMHAU-UHFFFAOYSA-N	CS(=O)(=O)c1cc(C2(NC(=O)c3cncc4c3cnn4-c3ccc(F)cc3)CC2)ccn1	BI-639667
YNFDIGJKJPNFFD-SJORKVTESA-N	CCC(=O)N[C@H]1CC[C@@H](C(=O)N(C)c2ccc(-c3nc4ccccc4o3)cc2)C1	BI-99179
PCJVXTDIDUMIRR-QGZVFWFLSA-N	CC[C@H](CC(=O)O)n1c(=O)c2ncccc2n(Cc2cn(C)c3cc(C)cc(C)c23)c1=O	BI-1942
RPHDOVLXDYWDGF-UHFFFAOYSA-N	Cc1ccc2[nH]c(CNCCCOc3ccccc3)cc(=O)c2c1	UCSF924
KVJFJJXCBRSCDY-UHFFFAOYSA-N	Cc1cc(-c2ccccc2)cc(C(=O)NNS(=O)(=O)c2cccc(O)c2)c1F	WM-3835
PGIVGIFOWOVINL-GOSISDBHSA-N	CC(=O)C1=C(C)N(c2cccc(C(F)(F)F)c2)C(=O)N[C@@H]1c1ccc(C#N)nc1	BAY-678
WZQLVEPIBAOOGF-RMMWZPCPSA-N	CNC(=O)c1cc(C(=O)N[C@@H]2[C@H]3COC[C@H]32)cc2c1O[C@H](CF)[C@H]2c1ccccc1	GSK973
QZZCUOVXHPAQRQ-UHFFFAOYSA-N	CNC(=O)c1cc(C(=O)NC2CC2)cn(Cc2ccccc2)c1=O	GSK620
JZTTUZXIQIRVAB-FZEVHQGJSA-N	C[C@H](NC(=O)c1cnc2n1[C@](C)(Cc1ccc(C#N)cc1)C(=O)N2c1cc(Cl)c(F)c(Cl)c1)C(=O)NC1(c2ccccn2)CC1	BI 1950
ZLGNYFOIDAVMHY-MPKOGUQCSA-N	O=C1CCC(N2Cc3c(C#CCCCNC(=O)c4ccc(NC(=O)[C@@H]5NC6(CCCCC6)[C@@]6(C(=O)Nc7cc(Cl)ccc76)[C@H]5c5cccc(Cl)c5F)cc4)cccc3C2=O)C(=O)N1	MD-224
QULDDKSCVCJTPV-UHFFFAOYSA-N	COc1c(C)cnc(Cn2cnc3c(Cl)nc(N)nc32)c1C	BIIB021
BLVQHYHDYFTPDV-VCABWLAWSA-N	Nc1cc(F)ccc1NC(=O)/C=C/c1cnn(C/C=C/c2ccccc2)c1	RGFP966
VLLFGVHGKLDDLW-SFHVURJKSA-N	C[C@@]1(c2cc(NC(=O)c3ccc(C#N)cn3)ccc2F)C=CSC(N)=N1	ATABECESTAT
UEMQPCYDWCSVCU-UHFFFAOYSA-N	COc1cc(C#N)ccc1S(=O)(=O)Nc1ccc2c(c1)cc(C)c(=O)n2C	NI-57
XMBSZPZJLPTFMV-UHFFFAOYSA-N	Cc1nn(C)c(C)c1NS(=O)(=O)c1c(Cl)cc(-c2ccnc(N3CCNCC3)c2)cc1Cl	DDD85646
WILMROCKORZEMQ-VJVIIGMYSA-N	COC[C@@H](C[C@H]1O[C@@](O)([C@H](O)[C@@H]2C[C@H](OC)[C@@H](O)CC/C=C(C)/C=C/[C@@H](O[C@@H]3O[C@@H](C)[C@H](OC)[C@@H](O)[C@@H]3O)[C@H](C)/C=C(C)/C=C(C)/C=C(\C)C(=O)O2)[C@H](C)[C@@H](O)[C@H]1C)OC1C[C@](C)(O)[C@@H](O[C@H]2C[C@@H](OC)[C@H](O)[C@@H](C)O2)[C@H](C)O1	Apoptolidin
FYICDSWKKFSYOM-UHFFFAOYSA-N	C=CC(=O)Nc1cc(-c2nn(C3CCC(N4CCN(C(C)=O)CC4)CC3)c3ncnc(N)c23)ccc1Oc1ccccc1	TX1-85-1
NBDJDKAXIGWAIM-XZOQPEGZSA-N	C=CCn1c(N[C@@H]2C[C@H](c3ccc(OCc4ccccc4)cc3)CN(C)C2)nc2cc[nH]c2c1=O	(R,R)-59
QYDASSGXBXGRBS-CKJXQJPGSA-N	C[C@]1(C(=O)[C@H](Cc2ccccc2)NC(=O)[C@H](CO)NC(=O)c2cccc(=O)[nH]2)CO1	KZR-504
YQOLEILXOBUDMU-KRWDZBQOSA-N	Cc1c(N2CCCC2)nc2ccc(Br)cc2c1C(=O)NC[C@H](CCC(=O)O)c1ccccc1Cl	BAY-6672
JNSLBXJNVHYNNW-CXNSMIOJSA-N	Cc1sc2c(c1C)C(c1ccc(Cl)cc1)=N[C@@H](CC(=O)NCCOCCOCCOCCOCCOCCOCCOCCNC(=O)C[C@@H]1N=C(c3ccc(Cl)cc3)c3c(sc(C)c3C)-n3c(C)nnc31)c1nnc(C)n1-2	MT1
GACOFEKSDCOVMV-RRYXBOBMSA-N	CC(C)[C@@]12C[C@@H](OC(=O)CO)[C@@](C)(O1)[C@@H]1CC[C@@H](C)[C@H]1[C@@H]2OC(=O)/C=C/c1ccccc1	Englerin-A
SQNZDYHMCMIGGV-TZPPCSJFSA-N	CC(=O)N[C@H](C(=O)N1C[C@H](O)C[C@H]1C(=O)NCc1ccc(-c2scnc2C)cc1)C(C)(C)SCCCCCCNC(=O)C[C@@H]1N=C(c2ccc(Cl)cc2)c2c(sc(C)c2C)-n2c(C)nnc21	AT1
RNQODBQYMXYMCT-SJORKVTESA-N	O=C(N1CCS(=O)(=O)CC1)N1C[C@H](c2ccc(OC(F)(F)F)cc2)C[C@H](c2nc(C3CC3)no2)C1	BAY-386
RFZQYGBLRIKROZ-PCLIKHOPSA-N	Cc1cccc(/C=N/Nc2cc(N3CCOCC3)n3nc(-c4ccncc4)cc3n2)c1	APY0201
BPLVDYJDAVYLRQ-UHFFFAOYSA-N	COCCc1ccc(-c2c(C)nc3c(N4CCOCC4)ccnn23)cn1	JNJ-42396302
UJLAWZDWDVHWOW-YPMHNXCESA-N	C[C@@H]1CCN(C(=O)CC#N)C[C@@H]1N(C)c1ncnc2[nH]ccc12	Tofacitinib
WNEILUNVMHVMPH-UHFFFAOYSA-N	COc1ccc(Oc2cc(NCCC(F)(F)F)c3ncc(-c4ccc(C(=O)NC5CC5)c(C)c4)n3n2)c(F)c1F	BAY1217389
NMJMRSQTDLRCRQ-UHFFFAOYSA-N	COc1cc(N2CCC(O)CC2)ccc1Nc1cc(Nc2ccccc2S(=O)(=O)C(C)C)c2cc[nH]c2n1	MPS1-IN-1
AEJOEPSMZCEYJN-HXUWFJFHSA-N	CN(C(=O)Cc1ccc(Cl)c(Cl)c1)[C@H](CN1CCCC1)c1ccccc1	ICI-199441
BFTKDWYIRJGJCA-CYBMUJFWSA-N	C[C@@H]1CC(=O)Nc2cccc(-c3ccc4c(c3)c(-c3cnn(C)c3)nn4C)c2N1	CPI-637
OJKONCJPCULNOW-DYVFJYSZSA-N	Cn1nccc1[C@H]1CCCC[C@@H]1Oc1cc(F)c(S(=O)(=O)Nc2ccncn2)cc1Cl	DS-1971a
YDNOHCOYQVZOMC-UHFFFAOYSA-N	Fc1ccc2[nH]ccc2c1-c1nc(N2CCOCC2)c2sc(CN3CCN(CC4CC4)CC3)cc2n1	PI-3065
OFWWWKWUCDUISA-UHFFFAOYSA-N	Cc1cc2c(cc1N1C(=O)c3cccc4c(CCCO)ccc(c34)C1=O)n(C)c(=O)n2C	BAY-299
CDQRIIUMNLMHRH-UHFFFAOYSA-N	COc1cccc(CNC(=O)c2nc3scc(COCc4ccc(C(=O)O)cc4)c3c(=O)[nH]2)c1	T-26c
CHEANNSDVJOIBS-MHZLTWQESA-N	COc1ccc(F)c(-c2ccc(COc3cccc([C@@H](CC(=O)O)C4CC4)c3)cc2C2=CCCC2(C)C)c1	AM-1638
SFMJNHNUOVADRW-UHFFFAOYSA-N	C=CC(=O)Nc1cc(-n2c(=O)ccc3cnc4ccc(-c5ccc(NS(C)(=O)=O)cc5)cc4c32)ccc1C	BMX-IN-1
AOZPVMOOEJAZGK-UHFFFAOYSA-N	CCN1CCN(Cc2ccc(C(=O)Nc3ccc(C)c(Oc4ccc5c(c4)CC(=O)N5)c3)cc2C(F)(F)F)CC1	DDR1-IN-1
UMRRDXVUROEIKJ-JCXBGQGISA-N	CCN(CC)CCCC[C@H](NC(=O)[C@H](CC(C)C)NC(=O)[C@H](C)NC(=O)[C@H](Cc1ccccc1)NC(=O)c1ccc(C(C)(C)C)cc1)C(=O)N[C@@H](CO)C(=O)OC	UNC3866
QBGKPEROWUKSBK-QPPIDDCLSA-N	CCOc1cc(C(C)(C)C)ccc1C1=N[C@@](C)(c2ccc(Cl)cc2)[C@@](C)(c2ccc(Cl)cc2)N1C(=O)N1CCN(CCCS(C)(=O)=O)CC1	RG7112
NRSGWEVTVGZDFC-UHFFFAOYSA-N	Cc1c[nH]c2nccc(Oc3c(F)cc(Nc4cc(Cl)nc(N)n4)cc3F)c12	BAY-549
HUUSXLKCTQDPGL-UHFFFAOYSA-N	CC(C)(O)c1coc(S(=O)(=O)NC(=O)Nc2c3c(cc4c2CCC4)CCC3)c1	MCC950
ARBRHWRTXPWZGN-UHFFFAOYSA-N	Cc1cc2c(C(N)=O)c(N)n(-c3c(C)ccc(O)c3C)c2nc1C	RP-6306
PXVFFBGSTYQHRO-REQIQPEASA-N	Cc1ncsc1-c1ccc([C@H](C)NC(=O)[C@@H]2C[C@@H](O)CN2C(=O)[C@@H](NC(=O)CCCCCC(=O)N2CCN(CC[C@H](CSc3ccccc3)Nc3ccc(S(=O)(=O)NC(=O)c4ccc(N5CCN(CC6=C(c7ccc(Cl)cc7)CCC(C)(C)C6)CC5)cc4)cc3S(=O)(=O)C(F)(F)F)CC2)C(C)(C)C)cc1	DT2216
LIMCHOLAKDUZDS-XARBDFOFSA-N	Cc1ncsc1-c1ccc(CNC(=O)[C@@H]2C[C@@H](O)CN2C(=O)[C@@H](NC(=O)CCCCOCCCCCOCCCCCCNc2cccc3c2C(=O)N(C2CCC(=O)NC2=O)C3=O)C(C)(C)C)cc1	CRBN-6-5-5-VHL
QMGHHBHPDDAGGO-IIWOMYBWSA-N	Cc1ncsc1-c1ccc(CNC(=O)[C@@H]2C[C@@H](O)CN2C(=O)[C@@H](NC(=O)COCCCOCCCCOCCCOc2ccc(Nc3ncc(Br)c(NCCCN(C)C(=O)C4CCC4)n3)cc2)C(C)(C)C)cc1	TBK1 PROTAC 3i
KPBNHDGDUADAGP-VAWYXSNFSA-N	O=C(/C=C/c1cccnc1)NCCCCC1CCN(C(=O)c2ccccc2)CC1	DAPORINAD
JFOAJUGFHDCBJJ-UHFFFAOYSA-N	CCc1cccc(CC)c1NC(=O)c1nn(C)c2c1CCc1cnc(Nc3ccc(C(=O)NC4CCN(C)CC4)cc3OC(F)(F)F)nc1-2	NMS-P715
FNYGWXSATBUBER-UHFFFAOYSA-N	Cc1ccccc1C(C(=O)NC1CCCCC1)N(C(=O)Cn1ccnc1C)c1cccc(F)c1	AGI-5198
WVAKRQOMAINQPU-UHFFFAOYSA-N	CCC(C)(C)Cc1c[nH]c(CCc2ccc(-c3ccccn3)cc2)n1	AK120413
NAXSRXHZFIBFMI-UHFFFAOYSA-N	O=C(O)Cc1cccc(OCCCN(Cc2cccc(C(F)(F)F)c2Cl)CC(c2ccccc2)c2ccccc2)c1	GW3965
RZXMIHOUHYSGJO-UHFFFAOYSA-N	COCCNc1nc2ccc(C#CC3(O)CCCCC3)cc2n1-c1ccnc(N)n1	GNE-2861
ZDBWLRLGUBSLPG-FDHYQTMZSA-N	COc1ccc(CC[C@@H](OC(=O)[C@@H]2CCCCN2C(=O)[C@H](c2cc(OC)c(OC)c(OC)c2)C2CCCCC2)c2cccc(OCCN3CCOCC3)c2)cc1OC	SAFit2
KSGZCKSNTAJOJS-DZBMUNJRSA-N	CN(C)[C@H]1C[C@@]23CC[C@@]4(O2)C(=CC[C@]2(C)[C@@H](c5ccc6ccncc6c5)CC[C@@H]42)C=C3[C@@H](O)[C@@H]1O	Cortistatin-A
JLFSBHQQXIAQEC-UHFFFAOYSA-N	O=c1[nH]nc2[nH]c(CN3Cc4ccccc4C3)nc3cccc1c32	E7449
FWLMVFUGMHIOAA-UHFFFAOYSA-N	CNC(=O)c1ccc(Nc2ncc(C(F)(F)F)c(NCc3nccnc3N(C)S(C)(=O)=O)n2)cc1	Defactinib
XYFPWWZEPKGCCK-GOSISDBHSA-N	C=CC(=O)N1CCC[C@@H](n2nc(-c3ccc(Oc4ccccc4)cc3)c3c(N)ncnc32)C1	Ibrutinib
LLVZBTWPGQVVLW-SNAWJCMRSA-N	COCC(=O)NC/C=C/c1ccc2ncnc(Nc3ccc(Oc4ccc(C)nc4)c(C)c3)c2c1	CP-724714
GJFCSAPFHAXMSF-UXBLZVDNSA-N	Cc1cc(NC(=O)c2cccc(NC(=O)/C=C/CN(C)C)c2)ccc1Nc1nccc(-c2cccnc2)n1	JNK-IN-8
PNYRDVBFYVDJJI-UHFFFAOYSA-N	Cc1cn(CCN2CCN(c3ccccc3-c3cc(C#N)cc(C(=O)NCCCN4CCCC4)c3)CC2)c2ccccc12	LLY-507
VUVUVNZRUGEAHB-CYBMUJFWSA-N	COc1cc2c(cc1-c1c(C)noc1C)ncc1[nH]c(=O)n([C@H](C)c3ccccn3)c12	I-BET151
ALGHKWSXJUQNJJ-UHFFFAOYSA-N	CCN(CC)C(=O)c1ccc(C2=CC3(CCNCC3)Oc3ccccc32)c(O)c1	ADL-5747
QPTCYEYTAWEZNT-UHFFFAOYSA-N	Clc1ccc(CNc2cccc(-c3ncn[nH]3)c2)c(Br)c1	UCSF7447
HNCVDRFFJZJQRW-UHFFFAOYSA-N	O=C(c1ccc2[nH]ccc2c1)N1CCN(S(=O)(=O)c2ccc3[nH]c(=O)oc3c2)CC1	TH1760
KSERXGMCDHOLSS-LJQANCHMSA-N	CC(C)Nc1cc(-c2c[nH]c(C(=O)N[C@H](CO)c3cccc(Cl)c3)c2)c(Cl)cn1	ULIXERTINIB
BIAVGWDGIJKWRM-FQEVSTJZSA-N	CC[C@H](NC(=O)c1c(O)c(-c2ccccc2)nc2ccccc12)c1ccccc1	Talnetant
WRCGBYNVBFVRTN-UHFFFAOYSA-N	COc1ccc(-c2cc(/N=c3\ccnc(N4CCOCC4)[nH]3)on2)cc1	BO-264
XNULRSOGWPFPBL-REWPJTCUSA-N	N#Cc1ccc(N2N=C3c4ccc(C(=O)O)cc4CC[C@@H]3[C@@H]2C2CCCC2)cc1Cl	PF-03882845
ADZBMFGQQWPHMJ-RHSMWYFYSA-N	CNC(=O)c1cc(Oc2ccc3nc(N[C@@H]4CCCC[C@H]4O)sc3c2)ccn1	Sotuletinib
KYOIGHSNTIJBPW-UHFFFAOYSA-N	CCC(C)CNCC(=O)N1CCc2sccc2C1c1cccc(C)n1	RUSKI-201
ILOIOIGZFHGSMS-UHFFFAOYSA-N	O=C(CCCCCCc1ccccc1)c1ncc(-c2ccccn2)o1	OL-135
FROGGFONBYACJB-KRWDZBQOSA-N	CC[C@H](C(=O)Nc1ccccc1N1CCCC1)c1ccccc1	ML252
UQZCQKXJAXKZQH-LBPRGKRZSA-N	C[C@@H](COCCC(=O)N1CCN(c2ncc(C(F)(F)F)cn2)CC1)Nc1cn[nH]c(=O)c1C(F)(F)F	RBN-2397
JZCWLJDSIRUGIN-UHFFFAOYSA-N	CNCc1ccc(-c2cc(-c3nc(-c4ccc(S(=O)(=O)C(C)C)cc4)cnc3N)on2)cc1	BERZOSERTIB
LCFFREMLXLZNHE-GBOLQPHISA-N	CC(C)(/C=C(\C#N)C(=O)N1CCC[C@@H](n2nc(-c3ccc(Oc4ccccc4)cc3F)c3c(N)ncnc32)C1)N1CCN(C2COC2)CC1	RILZABRUTINIB
FUIYMYNYUHVDPT-HDJSIYSDSA-N	CC1(C)Oc2ncnc(N)c2N=C1c1ccc([C@H]2CC[C@H](CC(=O)O)CC2)cc1	T863
XOPYFXBZMVTEJF-PDACKIITSA-N	CO[C@]12C=C[C@](C)(O1)[C@@H](OC(=O)/C=C/c1cn(C)cn1)C[C@H]1C(C)=CC[C@H](C(C)C)[C@H]1/C=C\2CO[C@@H]1OC[C@@H](O)[C@@H](O)[C@@H]1OC(C)=O	Eleutherobin
CSWHYHPUEDNIQY-UHFFFAOYSA-N	COc1ccc(C(=O)N2c3ccccc3Sc3ccc(Cl)cc32)cc1	iHAP1
PHCFSFBQEROREL-BQBZGAKWSA-N	CC[C@H](N)C(=O)N1CCC[C@H]1B(O)O	Talabostat
WGKGADVPRVLHHZ-ZHRMCQFGSA-N	O=S(=O)(N[C@@H]1CCC[C@H](N2c3ccccc3Oc3ccccc32)[C@H]1O)c1ccc(OC(F)(F)F)cc1	DT-061
QMGUOJYZJKLOLH-UHFFFAOYSA-N	CN(C)CCCn1cc(C2=C(c3c[nH]c4ccccc34)C(=O)NC2=O)c2ccccc21	GF109203X
GRTDDIZIUSADLD-CRAIPNDOSA-N	COC(=O)NCCCn1nc([C@@H](C)N(C(=O)[C@H]2CNCCO2)C2CC2)c2ccc(C)nc21	SPH3127
OXQNLLVUVDAEHC-OAQYLSRUSA-N	COc1ccc(-c2csc(NC(=O)[C@H]3CCCCN3S(=O)(=O)c3ccc(C)cc3)n2)cc1	ML277
PKNYXWMTHFMHKD-UHFFFAOYSA-N	CC(C)(Sc1ccc(CCN(CCCCC2CCCCC2)C(=O)NC2CCCCC2)cc1)C(=O)O	GW7647
HRJWSEPIRZRGCL-UHFFFAOYSA-N	O=C(O)c1ccc(OCCCc2ccc(OCCCCOC3CCCCC3)cc2)c(C(=O)NC2CCCC(C(=O)O)C2)c1	HAMI3379
KBFUQFVFYYBHBT-UHFFFAOYSA-N	Clc1ccccc1C(c1ccccc1)(c1ccccc1)n1cccn1	TRAM-34
OYUDYQMFVRHPIY-UHFFFAOYSA-N	CCOP(=O)(Cn1ccc(NC(=O)c2cc(Oc3cnc(C(=O)N4CCC4)cn3)cc(OC(C)C)c2)n1)OCC	BMS-820132
USHQRIKZLHNPQR-JTQLQIEISA-N	COc1nc(C(=O)NC[C@](C)(O)C(F)(F)F)c(N)cc1C(F)(F)F	ICENTICAFTOR
PQUGCKBLVKJMNT-UHFFFAOYSA-N	COc1ccc(-n2nc(C(F)(F)F)cc2-c2ccc(Cl)cc2)cc1	SC-560
QGZYDVAGYRLSKP-UHFFFAOYSA-N	O/N=C(\O)CCCCCC/N=C(\O)c1cnc(N(c2ccccc2)c2ccccc2)nc1	Ricolinostat
WWOOWAHTEXIWBO-QFRSUPTLSA-N	Nc1ncnc2c1ccn2[C@@H]1O[C@H]([C@H](O)c2ccccc2)[C@@H](O)[C@H]1O	LLY-283
WULUGQONDYDNKY-UHFFFAOYSA-N	CN(C)C(=O)Cn1cc(-c2ccc(-c3cncc4ccccc34)cc2)cn1	BI-1347
CJAQCMBWGUOBIX-ZUQRMPMESA-M	Cc1c(P(=S)(c2ccccc2)c2ccccc2)n2ccccc2[n+]1C/C=C/c1ccccc1.[Br-]	ML154
YEVOZZZLKJKCCD-UHFFFAOYSA-N	CNc1nc(Nc2ccc(C(=O)N3CCOCC3)cc2OC)ncc1Cl	HG-10-102-01
PRNXOFBDXNTIFG-FQEVSTJZSA-N	Cc1[nH]nc(C(F)(F)F)c1Cc1sc2c(c1C(=O)N1C[C@](C)(O)CO1)c(=O)n(C)c(=O)n2C(C)C	AZD3965
PQOOIERVZAXHBP-UHFFFAOYSA-N	O=C(c1ccc(C(=O)N2CCC(N3CCCC3)CC2)c(Nc2ccccc2)c1)N1CCC(N2CCCC2)CC1	UNC1215
COOGVHJHSCBOQT-MRVPVSSYSA-N	CC(C)c1cc(N2CC[C@@H](N)C2)nc(N)n1	JNJ-39758979
DLNFTRSEHUWEGO-HUUCEWRRSA-N	O=C(Cc1ccccc1)Nc1nnc(N2C[C@H]3C[C@@H]2CN3c2cccnn2)s1	A-446
LIIWIMDSZVNYHY-UHFFFAOYSA-N	O=C(NO)c1cnc(NC2(c3ccccc3)CC2)nc1	ACY-738
PDMXSCCBEBCTGX-UHFFFAOYSA-N	O=C(Nc1ccc(Cl)cc1B(O)O)c1ccc(Oc2ccc(C(F)(F)F)cc2)nc1	HSL-IN-1
QBIGUDRHHJTXKG-UUWRZZSWSA-N	COc1nc2ccc([C@@](O)(c3ccccc3)C3CCN(C(C)=O)CC3)cc2c(Cl)c1Cc1ccc(-n2cccn2)cc1	JNJ-54119936
JYTISQGEFSHUIR-UHFFFAOYSA-N	Cc1c(Nc2ccc(S(=O)(=O)N3CCN(C)CC3)cc2F)nc2ccc(-c3cnn(C4CC4)c3)cn2c1=O	NVS-BPTF-1
GRXCLNMCJWKTAT-UHFFFAOYSA-N	COc1cccc(CC(=O)N2Cc3ccc(S(=O)(=O)Nc4cnn(C5CCC5)n4)cc3C2)c1	PF-06471553
VGRLXWFIXGZRMS-UHFFFAOYSA-N	O=C(c1cnc(NCc2cnccn2)nc1)N1CCC2(CCOCC2)C1	PFI-653
PGKXDIMONUAMFR-AREMUKBSSA-N	CC(=O)NC1(c2ccccc2)CCN(CC[C@H](CN(C)C(=O)c2ccccc2)c2ccc(Cl)c(Cl)c2)CC1	SAREDUTANT
PWKAYICUBVNJAZ-UHFFFAOYSA-N	CC1CCN(c2ccnc(NCc3cn(C)cn3)n2)CC1	TP-040
MSTXJJGAXXJCBY-UHFFFAOYSA-N	O=C(NCCN1CCC2(CC1)C(=O)NCN2c1cccc(F)c1)c1ccc2ccccc2c1	VU0364739
VHSVKVWHYFBIFJ-HKZYLEAXSA-N	CC(=O)c1ccc2c(c1)[C@@H]1C=CC[C@@H]1[C@H](c1cc3c(cc1Br)OCO3)N2	LNS8801
IVDUVEGCMXCMSO-FQEVSTJZSA-N	Cc1ncc(Cl)cc1NCc1ccc(C(=O)N[C@@H](CC2CCCC2)C(=O)NC2CC2)s1	GSK2830371
WOAOENGFAAUUGT-UHFFFAOYSA-N	Cc1cc(CN)cc(C)c1-c1ncn(C)c1-c1ccnc2cc(F)ccc12	BI-9321
HRJWTAWVFDCTGO-UHFFFAOYSA-N	O=C1NC(=O)C(c2cnc3ccccn23)=C1c1cn2c3c(cc(F)cc13)CN(C(=O)N1CCCCC1)CC2	LY2090314
BZZKEPGENYLQSC-FIBGUPNXSA-N	[2H]C([2H])([2H])NC(=O)c1nnc(NC(=O)C2CC2)cc1Nc1cccc(-c2ncn(C)n2)c1OC	DEUCRAVACITINIB
XUKUURHRXDUEBC-KAYWLYCHSA-N	CC(C)c1c(C(=O)Nc2ccccc2)c(-c2ccccc2)c(-c2ccc(F)cc2)n1CC[C@@H](O)C[C@@H](O)CC(=O)O	Atorvastatin
WDHOIABIERMLGY-CMJOXMDJSA-N	C[C@@H]1Cc2c(ccc3[nH]ncc23)[C@@H](c2ccc(NC3CN(CCCF)C3)cn2)N1CC(F)(F)F	AZD9833
YTINZZFBHWSAGL-NDEPHWFRSA-N	N#Cc1ccc(N2CCN(Cc3ccc(COc4cccc5c4CN([C@H]4CCC(=O)NC4=O)C5=O)cc3)CC2)c(F)c1	MEZIGDOMIDE
VNCIWNGCMAKKEO-UHFFFAOYSA-N	CCCCN(Cc1ccccc1)C(=O)c1ccc(S(=O)(=O)Nc2ccccc2)cc1	TH257
OBKXEAXTFZPCHS-UHFFFAOYSA-N	O=C(O)CCCc1ccccc1	Phenylbutyrate
VRQMAABPASPXMW-HDICACEKSA-N	COc1cc(CCc2cc(NC(=O)c3ccc(N4C[C@H](C)N[C@H](C)C4)cc3)[nH]n2)cc(OC)c1	AZD4547
AVKAVKZKOFSSMY-DEOSSOPVSA-N	Cc1cc2c(ncn2C2(C)CN(C(=O)c3ccn(CC4CCN([C@H]5C=CCCCC5)CC4)c3)C2)c(N)n1	PFI-5
QGNDVASWIHEXCL-AWEZNQCLSA-N	C[C@H]1CCCN1Cc1nc2cc(NC(=O)c3ccc4c(cnn4C)c3)ccc2[nH]1	SGC-iMLLT
QCIJLRJBZDBVDB-UHFFFAOYSA-N	COc1ccccc1C(=O)Nc1cc2c(cc1N1CCCC1)n(C)c(=O)n2C	PFI-4
ZKIRTFGYQVXNGL-UHFFFAOYSA-N	C=CCn1cc(C(=O)N(C)C2CCN(c3cc(-c4cccc(OC)c4)ncn3)CC2)c2cc[nH]c2c1=O	GNE-886
AQTNUGRRZDRZIA-UHFFFAOYSA-N	CC(C)(C)OC(=O)N1CCN(c2cc(-c3ccccc3O)nnc2N)CC1	SGC-SMARCA-BRDVIII
RZFJBSIAXYEPBX-UHFFFAOYSA-N	CCN(CC)S(=O)(=O)c1cc(Nc2nccc(-c3ccnc(-c4ccc(NC(=O)NC)cc4)c3)n2)ccc1Cl	SMG1i
IXWUILRSNIQHDM-QGZVFWFLSA-N	CN(C)C(=O)c1ccc(-c2cc(C(=O)N[C@@H]3CCc4ccccc43)no2)cc1O	PFI-6
INAICWLVUAKEPB-QSTFCLMHSA-N	O=C(/C=C/N1C[C@H]2C[C@@H]1CN2c1ccccn1)c1ccccc1O	PFI-3
GWGNPYYVGANHRJ-GDBMZVCRSA-N	C[C@@H]1CN(Cc2ncccn2)C[C@H]1c1cn2c(C3CCOCC3)ncc2c(=O)[nH]1	IMR-687
AUOSKLDNVNGKRR-UHFFFAOYSA-N	COc1cc(Nc2ccnc3ccc(Br)cc23)cc(OC)c1OC	SGC-GAK-1
KGXBCWANASZZQG-UHFFFAOYSA-N	CCC(=O)Nc1ccc(C(=O)Nc2ccc(Nc3ncc4c(n3)N(C)c3ccc(C)cc3C(=O)N4C)cc2)cc1	FMF-03-145-1
ZRTFTZCKJUNZIU-HNNXBMFYSA-N	C[C@H]1CCCN1Cc1nc2cc(NC(=O)c3ccc4cnccc4c3)ccc2[nH]1	NVS-MLLT-1
CZKPAGLXQOQNEI-UHFFFAOYSA-N	CCCCCCCCCCCCC(=O)c1c(O)c(OC)c(OC)[nH]c1=O	TTT20171
JKJMWHULJIOKPJ-UHFFFAOYSA-N	O=C(N1CCCCC1Cc1ccccc1)n1cc(-c2ccc(-c3ccccc3)cc2)nn1	KT109
TXJZRSRTYPUYRW-GHTZIAJQSA-N	COC(=O)c1ccc([C@@H]2c3[nH]c4ccccc4c3C[C@@H](C(=O)OC)N2C(=O)CCl)cc1	RSL3
DGEZNRSVGBDHLK-UHFFFAOYSA-N	c1cnc2c(c1)ccc1cccnc12	PHENANTHROLINE
ARYUXFNGXHNNDM-UHFFFAOYSA-N	COc1cc(NC(=O)c2ccccn2)ccc1Cl	VU0361737
WQAVGRAETZEADU-UHFFFAOYSA-N	CCc1cc2ncc(CN3CCN(c4ccc(C(=O)NC)nc4)CC3)cc2[nH]c1=O	AZD5305
MLJVGAYSVYMPSB-MSUKGTQXSA-N	CC1=C(C)C(=O)C(C(C)(C)CC(=O)N(CCCCSC[C@H]2O[C@@H](n3cnc4c(N)ncnc43)[C@H](O)[C@@H]2O)Cc2cccc(-c3ccc(Cl)cc3)c2)=C(C)C1=O	SGC3027
CDJPHTNUARAVMH-SECBINFHSA-N	C[C@H](c1cccc(C#N)c1)n1cc(Cl)cc(C(N)=O)c1=N	(R)-9s
HFNKQEVNSGCOJV-OAHLLOKOSA-N	N#CC[C@H](C1CCCC1)n1cc(-c2ncnc3[nH]ccc23)cn1	Ruxolitinib
OQFCHSFVWSLDAO-UHFFFAOYSA-N	COc1cc(N2CCN(C)CC2)ccc1Nc1ncc2c(n1)N(C)c1ccccc1C(=O)N2CC(F)(F)F	DCLK1-IN-1
WSEQXVZVJXJVFP-FQEVSTJZSA-N	CN(C)CCC[C@@]1(c2ccc(F)cc2)OCc2cc(C#N)ccc21	ESCITALOPRAM
AJBBEYXFRYFVNM-UHFFFAOYSA-N	CCCn1c(=O)c2[nH]c(-c3ccc(OCC(=O)Nc4ccc(C#N)cc4)cc3)nc2n(CCC)c1=O	MRS 1754
HNOLTAKAPDKZRY-AWEZNQCLSA-N	CC(C)[C@@H]1CN(c2nc(Nc3cc(C(C)(C)C)[nH]n3)c3cc[nH]c3n2)CCN1	Spastazolin
KJDAGXLMHXUAGV-DGWLBADLSA-N	NS(=O)(=O)OC[C@H]1C[C@@H](Nc2ccnc3cc(-c4cccc(SC(F)(F)F)c4)nn23)[C@H](O)[C@@H]1O	TAK-243
FLNYLINBEZROPL-NSOVKSMOSA-N	COc1ccccc1CN[C@H]1C2CCN(CC2)[C@H]1C(c1ccccc1)c1ccccc1	CP-96345
GSCPDZHWVNUUFI-UHFFFAOYSA-N	NC(=O)c1cccc(N)c1	3-AMINOBENZAMIDE
CMJJZRAAQMUAFH-INIZCTEOSA-N	Cc1cn(-c2cc(NC(=O)c3ccc4c(c3)CN(c3cncnc3)C[C@@H]4C)cc(C(F)(F)F)c2)cn1	DDR-TRK-1
MSIJJXOWLFOYIN-UHFFFAOYSA-N	CN(C)CCCOc1ccc(-c2cc(NCCCn3cccn3)nc(S(C)(=O)=O)n2)cc1	TP-238
FFLJVBPCONQSQW-UHFFFAOYSA-N	c1ccc2c(-c3coc4cc(-c5ccc(N6CCNCC6)cc5)cnc34)ccnc2c1	MU1700
IESAJAZKMLPVIB-VXGBXAGGSA-N	O[C@]1(C(F)(F)F)CCCC[C@H]1Nc1ccc(F)cc1	BAY-390
PEMUGDMSUDYLHU-ZEQRLZLVSA-N	C=C(F)C(=O)N1CCN(c2nc(OC[C@@H]3CCCN3C)nc3c2CCN(c2cccc4cccc(Cl)c24)C3)C[C@@H]1CC#N	MRTX849
NXQKSXLFSAEQCZ-SFHVURJKSA-N	C=CC(=O)N1CCN(c2nc(=O)n(-c3c(C)ccnc3C(C)C)c3nc(-c4c(O)cccc4F)c(F)cc23)[C@@H](C)C1	AMG-510
CAPZLSKZPWSIKV-LJQANCHMSA-N	Cn1cnc2ncnc(N3CC[C@@]4(CCN(c5ccc(C(F)(F)F)c(Cl)c5)C4)C3)c21	MRK952
RIGHCDSORZCRDE-UHFFFAOYSA-N	O=C(NCCCn1ccnc1)c1cc2nc(-c3ccccc3)cc(-c3ccccc3)n2n1	JNJ-9350
RAXZSEGXMBWYQK-SNVBAGLBSA-N	C[C@@H](NC(=O)Nc1cc2[nH]ncc2c(CO)n1)c1ccccc1	ERKi
MVCOAUNKQVWQHZ-UHFFFAOYSA-N	Cc1ccc(-n2nc(C(C)(C)C)cc2NC(=O)Nc2ccc(OCCN3CCOCC3)c3ccccc23)cc1	DORAMAPIMOD
RHFIAUKMKYHHFA-UHFFFAOYSA-N	N#Cc1ccnc(Nc2cc(C3CCN(C4COC4)CC3)cc(N3CCC(F)(F)C3)n2)c1	GNE-3511
LUVOYGUFQRWXGQ-UHFFFAOYSA-N	COCCOCCn1nc(C)c2c1CSCc1cc(n(C)n1)CCc1cc(c3ccc(F)cc3c1)OCCCn1c(C(=O)O)c(C)c3c-2c(Cl)ccc31	JNJ-4355
MCLDWKVRXDHDEI-UHFFFAOYSA-N	CC(C)c1cnc(CSc2cnc(NC(=O)C3CCNCC3)s2)o1	SGC-CAF382-1
VSMTYSWGHKYXOF-UHFFFAOYSA-N	Cc1c(Cc2ccccc2)c(-c2cc(Cl)nc(N)n2)nn1C	TDI-10229
NWTCZTAQSRLSCP-UHFFFAOYSA-N	O=C(CCc1ccc2c(c1)[nH]c1ccncc12)NCCOCCOCCNc1cccc2c1C(=O)N(C1CCC(=O)NC1=O)C2=O	QC-01-175
DRSZMILOMUPIBJ-UHFFFAOYSA-N	CNc1nc(NCc2ccc(NS(C)(=O)=O)cc2Cl)cc(-c2ccccn2)n1	TC-G-1008
ZLHFILGSQDJULK-UHFFFAOYSA-N	COc1cc(Nc2ncc3c(n2)-c2ccc(Cl)cc2C(c2c(F)cccc2OC)=NC3)ccc1C(=O)O	ALISERTIB
CWLAIOPWFOOJHQ-QHCPKHFHSA-N	CNC(=O)Oc1cc(F)c2nc(-c3ccc4ccccc4c3)n(-c3ccnc(N[C@H]4CCCN(C(=O)C5CC5)C4)n3)c2c1	JNK3-IN-8
NCDZABJPWMBMIQ-INIZCTEOSA-N	CCCSc1nc(N2CCC[C@@H](CC(=O)O)C2)ccc1C(=O)NC1CCCCC1	AZD-4017
XDJGNPSZQSWJCV-UHFFFAOYSA-N	CCc1cc(O)c(F)cc1-c1ccc2c(-c3nc4c([nH]3)CCN(C(=O)c3cnc(N5CCCCC5)cn3)C4)n[nH]c2c1	PF-06263276
UZWDCWONPYILKI-UHFFFAOYSA-N	CCN1CCN(Cc2ccc(Nc3ncc(F)c(-c4cc(F)c5nc(C)n(C(C)C)c5c4)n3)nc2)CC1	ABEMACICLIB
QJZQFVRFJCGDKF-UHFFFAOYSA-N	Cc1sc(C)c(C(=O)NC2(c3ccc(C(=O)O)cc3)CC2)c1Cc1ccc(C(F)(F)F)cc1	MK-2894
YOVVNQKCSKSHKT-HNNXBMFYSA-N	Cc1c(CN2CCN(C(=O)[C@H](C)O)CC2)sc2c(N3CCOCC3)nc(-c3cnc(N)nc3)nc12	APITOLISIB
GBLBJPZSROAGMF-RWYJCYHVSA-N	CO[C@]1(C(=O)N[C@@H](C)c2ccc(-n3cc(F)cn3)nc2)CC[C@H](c2nc(C)cc(Nc3cc(C)[nH]n3)n2)CC1	PRALSETINIB
HWVNEWGKWRGSRK-UHFFFAOYSA-N	Cc1cc(SCc2sc(-c3ccc(C(F)(F)F)c(F)c3)nc2C)ccc1OCC(=O)O	GW0742
KVLFRAWTRWDEDF-IRXDYDNUSA-N	COc1ccc(-c2ccc3c(N4CCOC[C@@H]4C)nc(N4CCOC[C@@H]4C)nc3n2)cc1CO	AZD8055
HFLMLZKGLUEWBU-UHFFFAOYSA-N	CSc1ccccc1Nc1nc(N2CCNCC2)nc2c(NCC3CC3)ncnc12	KHK-IN-1
UKBQFBRPXKGJPY-INIZCTEOSA-N	CCOc1cccnc1Oc1cncc(-c2ncc(C(=O)N[C@H]3CCOC3)cn2)c1	Ervogastat
OAZAPIKYVGRNCO-UHFFFAOYSA-N	CC(C)(O)c1ccc(N2Cc3c(ccnc3-c3ccc(F)cc3OCC(F)(F)F)C2=O)cc1	TP-060
RSMYFSPOTCDHHJ-GOSISDBHSA-N	COc1nnc2ccc(N3CCC(c4ccc(OCCN5CCN(C)C(=O)[C@H]5C)cc4)CC3)nn12	AZD5153
GOOYSJIWTIHOGW-UHFFFAOYSA-N	COc1ncccc1-c1cnn2ccc(N3CCN(C(=O)OC(C)C)CC3)nc12	LP-935509
JKDGKIBAOAFRPJ-ZBINZKHDSA-N	CC[C@H]1[C@@H](COc2nccc3cc(C(N)=O)c(OC)cc23)NC(=O)[C@H]1F	ZIMLOVISERTIB
SJHNWSAWWOAWJH-MRXNPFEDSA-N	Cc1cc(-c2nc(C(=O)Nc3cc4oc(N5CCOCC5)nc4nc3N3CC[C@@H](O)C3)co2)ccn1	Emavusertib
DJVYXMINSBMUHH-QAQDUYKDSA-N	c1nc(N[C@H]2CC[C@H](N3CCOCC3)CC2)c2c(C3CCOCC3)c[nH]c2n1	IRAK4-IN-28
CDQQWCLOMUMQMM-UHFFFAOYSA-N	N#Cc1c(-c2cccs2)nc(SCc2cccc(C(=O)NO)c2)[nH]c1=O	TES-1025
RQFYFNAGNBUGFC-UHFFFAOYSA-N	COc1ccc(-c2ocnc2C(=O)NCCCn2cncn2)cc1Cl	PF-367
COGUZYALRYMQTD-LJQANCHMSA-N	C=CC(=O)Nc1ccc(C(=O)N2CCC[C@@H](Nc3ncc(SCc4ncc(C(C)(C)C)o4)s3)C2)cc1	MFH290
WQVPGYMGERDXLH-UHFFFAOYSA-N	C=CC(=O)Nc1cccc(C(=O)Nc2ccc(NC(=O)c3cccc(-c4ccn[nH]4)n3)cc2)c1	JH-X-119-01
IWMCPJZTADUIFX-UHFFFAOYSA-N	COc1cc(C(=O)N2CCC(N3CCN(C)CC3)CC2)ccc1Nc1ncc2c(n1)N(C)c1ccccc1C(=O)N2C	LRRK2-IN1
FWJRVGZWNDOOFH-OAHLLOKOSA-N	CCCCCCc1cccc(NC(=O)[C@H](N)CCP(=O)(O)O)c1	ML5
QJSFLEBIQZMJQF-UHFFFAOYSA-N	Nc1ncc(-c2ccc(S(=O)(=O)N3CCN(CCCCc4cn(CCOCCOCCOCCOCCOCCNc5cccc6c5C(=O)N(C5CCC(=O)NC5=O)C6=O)nn4)CC3)cc2)nc1C(=O)Nc1cccnc1	PT-65
NIPTUMFVYBXSMZ-JOCHJYFZSA-N	Cc1cc(C)cc([C@@H]2c3cc(C)ccc3NC(=O)CN2C(=O)c2ccc(Br)s2)c1	SGC6870
WDBUEMWHXKHQNB-NNAUULPKSA-N	COc1cc(OC)c(Cl)c(/N=C(\O)N(C)c2cc(Nc3ccc(N4CCN(C/C(O)=N/[C@H](C(=O)N5C[C@H](O)C[C@H]5/C(O)=N\[C@H](C)c5ccc(-c6scnc6C)cc5)C(C)(C)C)CC4)cc3)ncn2)c1Cl	DGY-09-192
LWXOPXNDPRPGMJ-UHFFFAOYSA-N	C=C/C(O)=N/c1ccccc1Nc1ncnc2[nH]cc(Cl)c12	BSJ-04-122
KOZGEDUWAQFVAV-UHFFFAOYSA-N	O=C1COc2cc(C(=O)N(Cc3ccc(C(=O)Nc4ccncn4)cc3)C3CC3)ccc2N1	UNC6934
DMUSMYYDKCXFKR-MRJIRHQNSA-N	CN(C)C/C=C/C(=O)Nc1ccc(O[C@@H]2CCC[C@@H](Nc3ncc(Cl)c(-c4c[nH]c5ccccc45)n3)C2)cc1	BSJ-01-175
VNSQFPFWUAZOTQ-UHFFFAOYSA-N	COc1cccc(OC)c1S(=O)(=O)Nc1noc2cc(Cn3cccn3)cc(OC)c12	PF-9363
LXRBPWHQMGKMRT-GOSISDBHSA-N	CC(C)C[C@@H](NC(=O)C1(C(F)(F)F)CCCCC1)C(=O)Nc1nnc(Cc2ccc(C#N)cc2)s1	BAY-805
XUOJHVFYSAMHNK-GWMXKSKGSA-N	Nc1ncc(-c2cn(C34CC(F)(C3)C4)c([C@@H](O)C(F)(F)F)n2)cc1OC(F)(F)F	IACS-52825
IVOACCSOISMVBL-UHFFFAOYSA-N	O=C(c1ccc2c(ccn2-c2ccc(F)cc2)c1)N1CC(N2CCN(C(=O)c3nccs3)CC2)C1	JNJ-42226314
HEUVRFNVTLGKMZ-SANMLTNESA-N	Cn1cncc1[C@](O)(COc1ccc(C#N)cc1-c1ccc(OC(F)(F)F)cc1)c1ccc(C#N)cc1	ABT-100
DNVXATUJJDPFDM-KRWDZBQOSA-N	Cc1sc2c(c1C)C(c1ccc(Cl)cc1)=N[C@@H](CC(=O)OC(C)(C)C)c1nnc(C)n1-2	JQ1
NZYTZRHHBAJPKN-UHFFFAOYSA-N	COc1cc(OC)cc(-c2noc(N3CCN(C)C4(CCN(c5ccnc(C)c5)CC4)C3)n2)c1	MRK-740
RCINICONZNJXQF-MZXODVADSA-N	CC(=O)O[C@H]1C(=O)[C@]2(C)[C@@H](O)C[C@H]3OC[C@@]3(OC(C)=O)[C@H]2[C@H](OC(=O)c2ccccc2)[C@]2(O)C[C@H](OC(=O)[C@H](O)[C@@H](NC(=O)c3ccccc3)c3ccccc3)C(C)=C1C2(C)C	Taxol
BDYDINKSILYBOL-WMZHIEFXSA-N	COc1cc(C(=O)N2CC[C@@H](O)[C@@H](N)C2)cc2nc(-c3cc4ccccc4n3CC3CC3)n(C)c12	GSK484
DUCNNEYLFOQFSW-PMERELPUSA-N	COc1c(C)cc(NC(=O)c2nn(Cc3ccc(F)cc3)c3c2CN(C(=O)c2ccc[nH]2)C[C@]3(C)C(N)=O)cc1C	GSK864
RPBMXJHQYJLPDN-UHFFFAOYSA-N	CC(=O)c1cc(-c2cc(C(=O)NC3CC3)ccc2C)c2ncccn12	TP-472
RNEOHKZPZKEZCQ-UHFFFAOYSA-N	O=C(NCCc1nccs1)c1cnc2c(SSc3cccc4cc(C(=O)NCCc5nccs5)cnc34)cccc2c1	Capzimin
UYKVJQCPBDDIFD-ZSEKCTLFSA-N	COCc1nnc(N2C[C@@H]3C[C@]3(c3ccc(F)cc3Cl)C2)n1-c1ccc(OC)nc1	SHR1653
RMCSKUADBRROSI-UHFFFAOYSA-N	Cc1ccc2c(OCCN3CCN(Cc4cccc5cccnc45)CC3)cccc2n1	SB-714786
RWRSKMSFZCQDMQ-UHFFFAOYSA-N	Clc1ccc(Oc2ccc(Nc3ncnc4[nH]ccc34)cc2)cc1	TTBK1-IN-2
RIWTUJFFSTVYPW-UHFFFAOYSA-N	COc1cc(-c2cncc(-c3ccc(N4CCN(C(C)C)CC4)cc3)c2C)cc(F)c1C(N)=O	M4K2234
QARLNMDDSQMINK-BVRKHOPBSA-N	Cc1c(Nc2nccc3cc(CN4CC[C@@H](O)C4)cnc23)cccc1-c1cccc(-c2nc3cc(CN4CC[C@@H](C(=O)O)C4)cc(C#N)c3o2)c1C	INCB085660
HKASDKLLEVWKJA-YADARESESA-N	CC(C)c1nc2c(c3c1[C@@H](c1ccc(C(F)(F)F)cc1)OC31CCOCC1)[C@@H](O)CC(C)(C)C2	BI-5756
MDUYWDNWFXSMJJ-XWLWVQCSSA-N	C[C@H]1CCN1c1nc(N2C[C@H]3[C@H](CC(=O)O)[C@H]3C2)cc(C(F)(F)F)n1	PF-06835919
XRDVXQQZLHVEQZ-UHFFFAOYSA-N	O=C(NCc1ccc(S(=O)(=O)c2cc(F)cc(F)c2)cc1)c1ccc2nccn2c1	GNE-617
MZBOZBMARIQZGX-GRRGFIRHSA-N	CC(C)(C)C[C@@H]1N[C@@H](C(=O)N[C@H]2C[C@@](C)(O)C2)[C@H](c2cccc(Cl)c2F)[C@]12C(=O)Nc1cc(Cl)ccc12	MI-888
LZNFQRSVDZCPTR-SCFUHWHPSA-N	C#Cc1cccc(Nc2ncnc3c2ncn3[C@@H]2O[C@H](COS(N)(=O)=O)[C@@H](O)[C@H]2O)c1	ABPA3
UNRTVIQQMJRQLZ-UHFFFAOYSA-N	Cc1nccnc1-c1nn2c(=O)cc(-c3ccc(C4CCCCC4)cc3)[nH]c2c1C(=O)N1CC(CF)C1	GNE-7883
LQHDIGAYVSAVRJ-UHFFFAOYSA-N	COc1nnc2ccc(N(C)CCOc3ccc(C4CCN(c5ccc6nnc(OC)n6n5)CC4)cc3)nn12	BiBET
BWBUPDTUXQDHSX-AWEZNQCLSA-N	CC(C)c1cc(Nc2nc(N3CCC[C@H](N)C3)ncc2C(N)=O)cc(C(C)C)n1	CS640
ZRHWCAFAIHTQKD-QGZVFWFLSA-N	COC(=O)N1C(=O)[C@@](c2ccccc2)(C2CCCC2)N1C(=O)OC	ABL127
CQAPXPSWLDAVEG-UHFFFAOYSA-N	CC(C)(O)c1ccc(NC(=O)c2ccnn(-c3ccccc3OCC(F)(F)F)c2=O)cc1	T-690
YNVKFHIWFDRVNY-UHFFFAOYSA-N	Oc1cccc(CCN(CCc2ccccc2)CC2CCC2)c1	HS665
OBJNFLYHUXWUPF-IZZDOVSWSA-N	CN(C)C/C=C/C(=O)Nc1ccc(C(=O)Nc2cccc(Nc3ncc(Cl)c(-c4c[nH]c5ccccc45)n3)c2)cc1	THZ1
QVQHWPLHUNEREE-UHFFFAOYSA-N	Cc1cc2c(Nc3ccc(S(C)(=O)=O)cc3)ncnc2s1	ARUK2001607
XVFDNRYZXDHTHT-PXAZEXFGSA-N	COc1cc2nc(C)nc(N[C@H](C)c3cc(N)cc(C(F)(F)F)c3)c2cc1O[C@H]1CCOC1	BI-3406
IVYQPSHHYIAUFO-VXKWHMMOSA-N	CC(C)C[C@H](NC(=O)c1cc2ccccc2s1)C(=O)N1CCN(C(=O)[C@H](CO)NS(=O)(=O)c2ccc(Cl)cc2Cl)CC1	GSK1016790A
RVOZYMPVGIVNJX-UHFFFAOYSA-N	CCCC1CNCc2c1[nH]c(=O)c(C#N)c2N1CCC2(CC1)CC2.Cl	BAY-7081
DFQGDHBGRSTTHX-UHFFFAOYSA-N	CCOc1ccc(-c2ccc(Cn3c(CC(C)(C)C(=O)O)c(SC(C)(C)C)c4cc(OCc5ccc(C)cn5)ccc43)cc2)cn1	FIBOFLAPON
HNIFCPBQMKPRCX-UHFFFAOYSA-N	COCc1nnc(N2CC(Oc3ccc(F)cc3Cl)C2)n1-c1ccc(OC)nc1	PF-3274167
REQQVBGILUTQNN-UHFFFAOYSA-N	CCc1nc2c(C)cc(N3CCN(CC(=O)N4CC(O)C4)CC3)cn2c1N(C)c1nc(-c2ccc(F)cc2)c(C#N)s1	ZIRITAXESTAT
YJPWVCIGSHWNON-UHFFFAOYSA-N	O=C(NCCCCN1CCN(c2cccc(Cl)c2Cl)CC1)c1ccc2c(c1)Cc1ccccc1-2	NGB2904
MCIACXAZCBVDEE-CUUWFGFTSA-N	CCOc1ccc(Cc2cc([C@]34OC[C@](CO)(O3)[C@@H](O)[C@H](O)[C@H]4O)ccc2Cl)cc1	ERTUGLIFLOZIN
TVMJSGGZULFVCZ-XMMPIXPASA-N	N=C(N)NCCC[C@@H](/N=C(\O)C(c1ccccc1)c1ccccc1)/C(O)=N/Cc1ccc(CNC(=N)O)cc1	BIBO3304
ZAGCLFXBHOXXEN-JPTLTNPLSA-N	COc1cc(-c2cn(C)c(=O)c3cnccc23)cc(OC)c1CN1CCN(CCCCCOc2cc(-c3scnc3C)ccc2CNC(=O)[C@@H]2C[C@@H](O)CN2C(=O)[C@@H](NC(=O)C2(F)CC2)C(C)(C)C)CC1	VZ185
YIHHYCIYAIVQKX-MBIULKOWSA-N	C[C@@H]1COCCN1c1cc([C@]2(O)C[C@H]3CC[C@@H](C2)O3)c2cnn(-c3cc[nH]n3)c2n1	CAMONSERTIB
MSFPLTWUFWOKBX-IFXJQAMLSA-O	Cc1[nH]nc2c3ccccc3c(N[C@@H](C)[C@H](c3ccccc3)N(C)C)n[n+]12	L-Moses
BBIPVJCGIASXJB-PKTZIBPZSA-N	CN1C(=O)c2c(nn(Cc3ccc(-c4cccc(F)n4)cc3)c2Nc2ccccc2)N2C1=N[C@@H]1CCC[C@@H]12	ITI-214
SPMVMDHWKHCIDT-UHFFFAOYSA-N	COc1cc2nccc(Oc3ccc(NC(=O)Nc4cc(C)on4)c(Cl)c3)c2cc1OC	TIVOZANIB
ZRPZPNYZFSJUPA-UHFFFAOYSA-N	C=CC(=O)N1CCN(c2ncnc3c(F)c(-c4c(O)cccc4F)c(Cl)cc23)CC1	ARS-1620
TUCIOBMMDDOEMM-RIYZIHGNSA-N	N#CC(=C\c1ccc(O)c(O)c1)/C(O)=N/Cc1ccccc1	AG490
NDRFFOKFYGUOKD-ZDUSSCGKSA-N	C[C@H]1COCCN1c1cc(NC(=O)Cn2cc(-c3cc(Cl)c(O)c(C(N)=O)c3)c3c(=O)n(C)cnc32)c(Cl)cn1	OICR11029
HKSZLNNOFSGOKW-FYTWVXJKSA-N	CN[C@@H]1C[C@H]2O[C@@](C)([C@@H]1OC)n1c3ccccc3c3c4c(c5c6ccccc6n2c5c31)C(=O)NC4	Staurosporine
OPQRFPHLZZPCCH-PGMHBOJBSA-N	CC(=O)O/N=C1\C(=O)N(Cc2cc(Cl)ccc2Cl)c2ccc(Cl)cc21	LDN-57444
PJKRNPPUSQSCHN-UHFFFAOYSA-N	CCn1c(CNC(=O)c2nc(Cl)cnc2N)[n+](CC)c2ccc(C(=O)N(C)CCN(C)C)cc21.[Cl-]	BI-8668
BLSNYSFLZAWBIV-SFHVURJKSA-N	O=C(C[C@@H](C(F)F)n1ccc(F)n1)N1CCC(O)(Cn2cnc3c(cnn3-c3ccc(F)cc3)c2=O)CC1	FT671
QGPXEIMWTKWHMH-DEOSSOPVSA-N	CN(C)C(=O)Cn1cc(-c2nc([C@@](C)(c3ccc(-c4cnc(N)nc4)cc3)C3CC3)no2)cn1	BI-665915
AAHNBILIYONQLX-UHFFFAOYSA-N	COc1cc(-c2cn(C3CCc4c(F)cccc4N(CC(F)(F)F)C3=O)nn2)ccc1-n1cnc(C)c1	GSM1
FRPJGTNLZNXQEX-UHFFFAOYSA-N	c1ccc(N2CCN(Cc3nc4ccccc4[nH]3)CC2)nc1	ABT-724
WDZVWDXOIGQJIO-UHFFFAOYSA-N	O=S(=O)(NC1CCC(c2cc(F)ccc2F)(S(=O)(=O)c2ccc(Cl)cc2)CC1)C(F)(F)F	MRK-560
LWJGMYMNSNVCEM-UHFFFAOYSA-N	COc1ccc2cc(OCC3(C(=O)O)CN(C(=O)c4ccc(F)cc4)C3)ccc2c1	PF-04418948
BEBDKSYNJJVZSO-SECBINFHSA-N	Cc1cn([C@H](C)CC#N)c(=O)c2cc(Cn3nc(C(F)F)cc3Cl)nn12	TP-050
SWOIFXHMBKFCRM-UHFFFAOYSA-N	CN1CCC(F)(Cn2cnc(-c3ccc(F)cn3)c2-c2ccnc3[nH]ccc23)CC1	MU1742
FOECKIWHCOYYFL-UHFFFAOYSA-N	O=C(O)c1cc(-c2ccc(C3CCNCC3)cc2)c2ccc(-c3ccc(C(F)(F)F)cc3)cc2c1	PPTN
UNSHMXUHOHBLIQ-UHFFFAOYSA-N	Cc1ccccc1Oc1cc(-n2c(=O)cc(C(F)(F)F)[nH]c2=O)c2ccccc2c1Cl	BAY-069
ZGBAPSHWPBXEKN-OPHFCASCSA-N	O=C(c1ccc(OCCC2CCOCC2)cc1)[C@H]1CC[C@@H](Cn2nnc3ccccc3c2=O)[C@@H]1C(=O)O	BAY-7598
QVIWDCUKIZPUBD-WLRWWHNQSA-N	COCCC[C@H]1O[C@@](O)([C@H](C)[C@@H]2C[C@H](OC)[C@H](O)/C=C(C)\C=C(C)/C=C(/C)[C@@H](O[C@@H]3O[C@@H](C)[C@H](O)[C@@H](O)[C@@H]3O)[C@H](C)/C=C(C)\C=C(OC)/C=C(/C)C(=O)O2)[C@H](OC)[C@@H](O)[C@]1(C)O[C@H]1C[C@H](O)[C@H](O[C@H]2C[C@@](C)(O)[C@H](O)[C@@H](C)O2)[C@@H](C)O1	Ammocidin-A
XFYUTGIEFKGWND-NRFANRHFSA-N	CN(C)CC[C@@H](c1ccccc1)n1cc(NC(=O)c2n[nH]c3c2CCC(C)(C)C3)cn1	GNE-9822
KIWKRCCIHSGWQS-VIFPVBQESA-N	N#CN1CC[C@H](C(=O)Nc2nc3c(s2)CN(C(=O)CN=[N+]=[N-])CC3)C1	8RK64
OMZCMEYTWSXEPZ-UHFFFAOYSA-N	C=CC(=O)Nc1cc2c(Nc3ccc(F)c(Cl)c3)ncnc2cc1OCCCN1CCOCC1	Canertinib
BMLGZNVPWRUVNM-IBGZPJMESA-N	Cc1nc(-c2ccc(C(F)(F)F)cc2)sc1COc1ccc([C@H](CC(=O)O)c2ccon2)cc1	AM-4668
DRIMIUYGTDAQOX-KRWDZBQOSA-N	C[C@@H](CN1CCC(n2c(=O)[nH]c3cc(Cl)ccc32)CC1)NC(=O)c1ccc2ccccc2c1	VU69
LZSPYTNDRPEZBK-OXYJHPMESA-N	CCOc1cc(N2C3COCC2CN(C(=O)[C@H]2C[C@H](O)CN2c2ccc(Cl)cc2)C3)ccc1Cl	BAY-3153
FSELUFUYNUNZKD-UHFFFAOYSA-N	Cn1cc(-n2cnc3c(NCc4nc5cc(Cl)c(Cl)cc5[nH]4)nc(N4CCOCC4)nc32)cn1	SR-4835
CYFBRQHYEQKYHH-MRXNPFEDSA-N	CC(=O)Nc1ncc(CN2CCC[C@H](Cc3cc(C)nc(C)c3)C2)s1	JNJ-65355394
AESXAJXKMUNYJP-ZWFIUULVSA-N	CCN(C(=O)Cc1ccc(S(C)(=O)=O)cc1)C1CCN(CC[C@@H](c2cc(F)cc(F)c2)C2CCC(S(C)(=O)=O)CC2)CC1	AZD-5672
CSBKUBOVPUXFLO-MAVVKCOWSA-N	CO[C@H]1CC[C@H](CNc2ccc(S(=O)(=O)NC(=O)c3ccc(N4CCN(CC5=C(c6ccc(Cl)cc6)CC(C)(C)CC5)CC4)cc3Oc3cnc4[nH]ccc4c3)cc2[N+](=O)[O-])CC1	A-1211212
CLSNATLUIXZPMV-UHFFFAOYSA-N	O=C(N1CCC(C(c2ccc3c(c2)OCO3)c2ccc3c(c2)OCO3)CC1)n1cncn1	JJKK-048
NTIFDLOQPKMIJK-AJTFRIOCSA-N	Cc1nc([C@]2(c3cnn(C)c3)N[C@@H](c3nc(-c4ccc(F)cc4)c[nH]3)Cc3c2[nH]c2ccccc32)no1	MK-4256
VERWOWGGCGHDQE-UHFFFAOYSA-N	Cc1cc(Nc2ncc(Cl)c(Nc3ccccc3S(=O)(=O)C(C)C)n2)c(OC(C)C)cc1C1CCNCC1	Ceritinib
NRJKIOCCERLIDG-GOSISDBHSA-N	COc1cc(S(C)(=O)=O)ccc1Nc1nc2ccc(-c3ccc(NC(=O)[C@H](C)c4ccc(F)cc4)cc3)cn2n1	Empesertib
BRJXJOWXAFLRTE-OAQYLSRUSA-N	CC1CCN(C(=O)[C@@H](CCn2cccc2C#N)NS(=O)(=O)c2cccc3[nH]ccc23)CC1	BI-6901
XOQVZSSDIQQUGO-UHFFFAOYSA-N	C=C(C)C(=O)Nc1ccc(-c2c(-c3ccc(Oc4nccc(C)n4)c(F)c3)c3c(N)ncnc3n2C)cc1	Lirafugratinib
URWYQGVSPQJGGB-DHUJRADRSA-N	COc1cc(NC(=O)CCN2CCC(OC(=O)Nc3ccccc3-c3ccccc3)CC2)c(Cl)cc1CNC[C@H](O)c1ccc(O)c2[nH]c(=O)ccc12	BATEFENTEROL
HDZWHJYZJWLTAG-UHFFFAOYSA-N	CCOC(=O)c1ccc(CN(Cc2ccc(-c3cccc(S(C)(=O)=O)c3)cc2)S(=O)(=O)c2c(C)cc(C)cc2C)o1	SR9238
BJXYHBKEQFQVES-NWDGAFQWSA-N	N#Cc1ccc(N2C[C@@H](C(F)(F)F)C[C@@H](N)C2)c2cccnc12	M5049
BXKNUXDLZJPPBO-UHFFFAOYSA-N	Cn1cc(-c2cc3cnc(Nc4ccc(-c5cncn5C)cc4Cl)cc3n2C(=O)OC(C)(C)C)cn1	CCT251455
WCPXAGKUVIPMIY-TZQLILQPSA-N	C[C@H]1OC(=O)C(c2cc(-c3cnc(N)nc3C(F)(F)F)nc(N3CCOCC3)n2)[C@H]1CO	NVP-CRL-457
VHSIAYLBCLUAFT-UHFFFAOYSA-N	CC(=O)Nc1c(C(C)=O)c(=O)n(C)c2nc(-c3ccc(Cl)cc3Cl)c(-c3ccc(Cl)cc3)cc12	NAPHTHYRIDINONE
AZXOTZCWQDJCLY-SJCJKPOMSA-N	C[C@H](O)c1nc(Cn2nc(-c3ccc(Cl)cc3)n(C[C@H](O)C(F)(F)F)c2=O)nn1-c1cccc(Cl)c1	PECAVAPTAN
APLVGTKXOIMODQ-IBGZPJMESA-N	COC[C@H](NC(=O)c1ccn(S(C)(=O)=O)c1)C(=O)Nc1nc(-c2cccc(-c3ccn(C)n3)c2)cs1	FHT-2344
MHMPZSOMHQSWEN-UHFFFAOYSA-N	COc1cnc(Nc2cccc(S(N)(=O)=O)c2)nc1N1CCN(c2ccccc2)C(=O)C1	CDD-1653
WGYWHJPQFQGLOQ-UHFFFAOYSA-N	CC(CN(C)C)c1ccc(-c2c(O)ccc3[nH]c(=O)c4sccc4c23)cc1	OTS964
TXIYVFVMXNFNRX-UHFFFAOYSA-N	Cc1cccc(-c2cnc3occ(-c4ccc(C(=O)O)c(C5CCCC5)c4)c3c2)c1	SGC-CAMKK2-1
MAHFVAHPQSLLJF-IBGZPJMESA-N	CN1C(=O)[C@@H](N2CCc3cn(Cc4ccccc4)nc3C2=O)COc2ccccc21	TP-030-1
BNYXRPMABDQJJR-UHFFFAOYSA-N	O=C(O)CSc1ncnc2cc(-c3cc4ccccc4s3)sc12	SGC-STK-17B-1
PIJSEUOSRTYUJM-UHFFFAOYSA-N	Cc1cccc(-c2ccc(-c3cc4cnc(NC(CO)CO)nc4n(CCCCN)c3=O)c(Cl)c2)n1	MR24
UCBIQZUJJSVQHL-UHFFFAOYSA-N	CCN(CC)S(=O)(=O)Nc1cccc(-c2ccc3c(NC(=O)C4CC4)n[nH]c3c2)c1	SGC-AAK1-1
WBFJDKLBAAHKIL-UHFFFAOYSA-N	CN(c1ncccc1CNc1ccnc(-c2nc3c(F)c(Cl)ccc3[nH]2)n1)S(C)(=O)=O	MSC1186
DVIVLYHDLNAXAT-OAQYLSRUSA-N	CC[C@@H](Nc1c(C#N)c(-c2ccc(-c3cccc(C)c3F)cc2)nc2cnccc12)C(=O)O	BAY-091
HZRJHVDNTDBTOZ-QGZVFWFLSA-N	C[C@H](c1ccnc(Nc2nc3ccc(-c4cc(N(C)C)ncn4)cc3[nH]2)c1)N1CCN(C(=O)CC(F)(F)F)CC1	BAY-985
LHGUZCKPFXXVPV-GOSISDBHSA-N	CCS(=O)(=O)N1CCC([C@@H](C)n2c(C)c(C(=O)NCc3c(OC)cc(C)[nH]c3=O)c3ccccc32)CC1	CPI-169
QKKIWEILHCXECO-UHFFFAOYSA-N	CN1CCN(Cc2ccc(-c3cnc4[nH]cc(-c5ccc6[nH]ccc6c5)c4c3)cc2)CC1	URMC-099
KLGDKBPAEMOECW-UHFFFAOYSA-N	CN(CCCC(=O)NO)CCNC(=O)c1cccc2ccccc12	DKFZ-748
KIEQQZZDWUNUQK-UHFFFAOYSA-N	CCc1c(C#N)c(SC(C(N)=O)c2ccccc2)nc(N(C)C)c1C#N	GSK3484862
HLHNFJNSQZZUNW-MAEOIBBWSA-N	O=C(CNCc1cc2ccccc2[nH]1)N[C@H]1CC[C@@H](c2nc3ccccc3[nH]2)CC1	PFI-7
GCWIQUVXWZWCLE-INIZCTEOSA-N	Cc1noc2c1-c1ccccc1C(c1ccc(Cl)cc1)=N[C@H]2CC(N)=O	CPI-0610
AUIFRJWXYUNPPV-QFIPXVFZSA-N	CCS(=O)(=O)c1cc2cc(C[C@](O)(CC(C)(C)c3ccc(F)cc3C(N)=O)C(F)(F)F)[nH]c2cn1	BI-653048
KHVVJKLNKLQLJZ-SFHVURJKSA-N	CN1C(=O)[C@@H](N2CCc3c(nn(Cc4ccccc4)c3Br)C2=O)COc2ccccc21	TP-030-2
SAAYRHKJHDIDPH-UHFFFAOYSA-N	Cc1ccc(C(=O)Nc2cccc(C(F)(F)F)c2)cc1Nc1cncc(C(N)=O)c1	ALW-II-49-7
VGFHPNRWHOQLEB-UHFFFAOYSA-N	Nc1ncc2c(n1)-c1c([nH]c3ccc(C4=CCOCC4)cc13)CCC2	SGC-PI5P4Kg/MYLK-1
FHCSBLWRGCOVPT-UHFFFAOYSA-N	CN1CCN(S(=O)(=O)c2ccc(-c3cnc(N)c(C(=O)Nc4cccnc4)n3)cc2)CC1	AZ2858
WQNRDXHKVSKUPI-UHFFFAOYSA-N	Cc1cc(-n2c(=O)ccc3c[nH]c4nccc-4c32)ccc1F	STK16-IN-1
VUIITYLFSAXKIQ-UHFFFAOYSA-N	CNCCN1CCC(c2cc(CN(C)C(=O)c3cccc(Oc4ccccc4)c3)ccn2)CC1	TP-064
WQKXOAJVNFOHNZ-UHFFFAOYSA-N	O=C(CNC(=O)c1ccc(-c2ccccc2)cc1)NC1CCCc2ccccc21	TAO Kinase inhibitor 1
KTACUAZSJJIUKD-QXONSOMPSA-N	CNc1cc2c(cn1)cc(-c1ccc(-c3ncccc3F)cc1Cl)c(=O)n2C[C@H]1OC[C@H](N)CO1	MRIA9
IEFFSHLHNYVSEF-UHFFFAOYSA-N	CN1CCN(C(=O)C(C)(C)c2ccc(C(=O)Nc3cn4cc(-c5ccncc5)ccc4n3)cc2)CC1	T3-CLK
LVEUPFUJRKZPEN-UHFFFAOYSA-N	Cc1cnc(-c2cc(Cl)ccc2F)cc1-n1c(=O)n(CC(N)=O)c2cnccc21	TP-008
DDKHTWASHUKHLD-UHFFFAOYSA-N	Nc1n[nH]c2nc(-c3ccc(NS(=O)(=O)c4cc(Cl)ccc4F)cc3)cnc12	SGK1-IN-1
YCFFONJEHNSECY-UHFFFAOYSA-N	CC(C)(C)NC(=O)c1ccc2cc1OCCOCCNc1ccn3ncc-2c3n1	CK156
DZIHITUUUPJMOQ-UHFFFAOYSA-N	COc1ccc(Nc2ncnc3c2ccn3-c2ccc(C)c(C)c2)cc1Cl	ARUK2002821
JRJKATLTRNXYCE-UHFFFAOYSA-N	CN(C)CCCn1cc(-c2ccc3c(c2)-c2[nH]c4cc(-c5cn[nH]c5)ccc4c2C3=O)cn1	JH-IX-179
IFSDAJWBUCMOAH-HNNXBMFYSA-N	CC[C@H](Nc1ncnc2[nH]cnc12)c1nc2cccc(F)c2c(=O)n1-c1ccccc1	Idelalisib
BXDZOYLPNAIDOC-UHFFFAOYSA-N	CC(C)(C)c1cnc(CSc2cnc(NC(=O)C3CCN(CC(=O)NCCOCCOCCOCCNc4cccc5c4C(=O)N(C4CCC(=O)NC4=O)C5=O)CC3)s2)o1	THAL-SNS-032
WGMNFJAFXXXRLZ-GEVKEYJPSA-N	CS(=O)(=O)N1CCCC(NC(=O)[C@H](CCC2CCCCC2)NC(=O)c2ccc(CNC(=O)c3cnc4ccccn34)cc2)C1	SR-302
OCQCKUTZHBQNEI-UHFFFAOYSA-N	O=C(NCC1CCOCC1)c1n[nH]cc1NC(=O)c1c(F)cccc1F	SGC-GSK3-1
PFZRXJIYAFANHP-IBGZPJMESA-N	O=C(N[C@@H](C1CC1)C(F)(F)F)c1cc(-c2cnn3cc(-c4ccc(F)cc4)cnc23)cs1	ULK-101
KGJVKYSVVOQPDL-UHFFFAOYSA-N	NS(=O)(=O)c1ccc(Nc2ncc3cc4n(c3n2)C2(CCCCC2)C(=O)NN4)cc1	INX-315
MRHRACKJKBOJEI-UHFFFAOYSA-N	COc1ccc(C(=O)NO)cc1NC(=O)c1ccc(-c2ccccc2)cc1	TH65
ZOIBZSZLMJDVDQ-UHFFFAOYSA-N	Cc1cc(C)c(CNC(=O)c2cc(-c3ccc(CN4CCOCC4)cc3)cc3c2cnn3C2CCCC2)c(O)n1	EPZ005687
XASOHFCUIQARJT-UHFFFAOYSA-N	COc1cc(-c2cnc3cc(OCCN4CCOCC4)ccn23)cc2c1C(=O)N(CC(F)(F)F)CC2	GPLG3970
JCSGFHVFHSKIJH-UHFFFAOYSA-N	Cn1cc(C2=C(c3ccc(Cl)cc3Cl)C(=O)NC2=O)c2ccccc21	SB-216763
HEVVNKYNJCSHFA-UHFFFAOYSA-N	O=C(O)c1ccc2c(c1)nc(NCc1ccccc1)c1ncncc12	SGC-CK2-2
KFRGPUFONMCXQI-RUZDIDTESA-N	CN1CCC([C@@](C)(O)c2ccc3cnc(Nc4cc(N5CCOCC5)ncc4F)cc3n2)CC1	GFB-12630
XKFTZKGMDDZMJI-HSZRJFAPSA-N	CO[C@@H](C(=O)N1Cc2n[nH]c(NC(=O)c3ccc(N4CCN(C)CC4)cc3)c2C1)c1ccccc1	Danusertib
QPGYAMIHXLCFTJ-UHFFFAOYSA-N	COc1nc(-c2ccc3c(c2)OCO3)n(-c2ccc(NC(=O)CSc3ccccc3)cc2)n1	SecinH3
HKROEBDHHKMNBZ-CHBKHGQFSA-N	CCC(=N\O)/C(C)=C/c1ccc(F)cc1	A-079
DFQAJLQXPSPNJE-UHFFFAOYSA-N	CN1C(=O)c2ccccc2N(C)c2nc(Nc3ccc(N4CCC(O)CC4)cc3)ncc21	XMD-12
HOTSVKDMIYWWIY-UHFFFAOYSA-N	Cn1c(Nc2c(F)cccc2Cl)nc2cc(C(=O)Nc3cc(F)cc(C(F)(F)F)c3)c3c(c21)OCCO3	mPGES1-IN-3
AECDBHGVIIRMOI-UHFFFAOYSA-N	Nc1ncnc2c1c(-c1cccc(OCc3ccccc3)c1)cn2C1CC(CN2CCC2)C1	NVP-AEW541
PTAMRJLIOCHJMQ-PYNGZGNASA-N	Cc1ncsc1-c1ccc(CNC(=O)[C@@H]2C[C@@H](O)CN2C(=O)[C@@H](NC(=O)COCCOCCOCCNC(=O)C[C@@H]2N=C(c3ccc(Cl)cc3)c3c(sc(C)c3C)-n3c(C)nnc32)C(C)(C)C)cc1	MZ1
JGPJQFOROWSRRS-UHFFFAOYSA-N	Cc1nnc2n1-c1sc(CCC(=O)N3CCOCC3)cc1C(c1ccccc1Cl)=NC2	APAFANT
QEASMQZYZCGOSA-UHFFFAOYSA-N	Cn1cc2cc(-c3cc4n[nH]c(C5CC5)c4n(-c4ccc(OC(F)F)cc4)c3=O)ccc2n1	AZ9567
VQINULODWGEVBB-UHFFFAOYSA-N	COc1ccc(N2C(=O)N(c3c(C)cccc3Cl)Cc3cnc(Nc4ccc(C5CCN(C)CC5)cc4OC)nc32)nc1	YKL-05-099
GPXQUPCJIJBXHJ-UHFFFAOYSA-N	O=C(Nc1ccc(O)c(NS(=O)(=O)c2ccc(F)cc2)c1)c1ccc(-c2ccccc2)cc1	SN-011
YHYKUSGACIYRML-KRWDZBQOSA-N	CN1C(=N)N[C@](C)(c2cc(NC(=O)c3ccc(F)cn3)ccc2F)CS1(=O)=O	VERUBECESTAT
UWPFUBNCDABUEE-SIFUEBAJSA-N	CC(F)(F)c1ncc(C(=O)N[C@H](/C=C/S(C)(=O)=O)C2CC2)c(Oc2ccccc2)n1	VVD-214
VLYNCWZASZUTNV-FCQUAONHSA-N	CC(=O)c1ccc2c(c1)/C(=C(/NC1CCN(C)CC1)c1ccc3c(c1)OCO3)C(=O)N2	BI-5521
XKDHFIPNTTUSIA-UHFFFAOYSA-N	CCn1c(=O)c(C)cn(Cc2nnc(-c3ccc(F)c(O)c3F)s2)c1=O	BI-3231
ALGPVOJFIGPPPX-VIFPVBQESA-N	Nc1nc(=O)c(CC(=O)Nc2cnc(C(=O)N[C@@H](CCC(=O)O)C(=O)O)c(F)c2)c(N)[nH]1	TH9619
UOZVVPXKJGOFIG-UHFFFAOYSA-N	CCCn1c(/N=C(\O)c2cccc(C(=N)O)c2)nc2ccccc21	Takinib
PCOXPBOKDABARQ-UHFFFAOYSA-N	CC(C)(CN1C(=O)C(Cl)=C(Cl)C1=O)CN1C(=O)C(Cl)=C(Cl)C1=O	NSC617145
YXEWPGYLMHXLPS-UHFFFAOYSA-N	CCC(=O)OCN1C(=O)C=CC1=O	NSC19630
MSYKRHVOOPPJKU-BDAKNGLRSA-N	CCC[C@@H]1CC(=O)N([C@@H](CC)C(N)=O)C1	BRIVARACETAM
GCVYFXYBQCKHCH-UHFFFAOYSA-N	Cc1ccc(CN2CCCCC2)cc1-c1noc(C)c1-c1ccc2c(c1)OCC(=O)N2	A1H7Z
JGLGMFHQGRAHAO-HXUWFJFHSA-N	O=C(N[C@H](Cc1ccccc1)C(=O)O)c1cccc(OCc2cccnc2)c1	T-10418
XKYVECRUZPCRQR-UHFFFAOYSA-N	CCc1c(N2CCN(C(=O)c3ncnc(C)c3O)CC2)c(=O)n2nc(C3=CCOCC3)nc2n1CC(=O)Nc1ccc(C(F)(F)F)cc1Cl	HRO761
GHNYLVIESIGHDJ-OAQYLSRUSA-N	CN1CCC([C@@](C)(O)c2ccc3cnc(Nc4cc(C(F)(F)F)ncc4F)cc3n2)CC1	GFB-12811
YHLQVQKZDZYMIP-MOPGFXCFSA-N	CCO[C@@H](CC(=O)O)c1ccc(O[C@@H]2CCc3c2cccc3C(F)(F)F)cc1	DS-1558
NDAZATDQFDPQBD-UHFFFAOYSA-N	CCNC(=O)c1noc(-c2cc(C(C)C)c(O)cc2O)c1-c1ccc(CN2CCOCC2)cc1	Luminespib
UCJZOKGUEJUNIO-IINYFYTJSA-N	C[C@@H]1OCC2(CCN(c3cnc(Sc4ccnc(N)c4Cl)c(N)n3)CC2)[C@@H]1N	TNO155
ZLVKIBLQXFILMA-IKGGRYGDSA-N	Cc1ccc(F)c2cc(C(=O)N[C@@H]3CCC[C@H](N4CC[C@H](N(C)S(C)(=O)=O)C4)C3)[nH]c12	EPZ-719
STPSLAZMEWZDAJ-AREMUKBSSA-N	CCOC(=O)CN(Cc1cccs1)C(=O)[C@H](NS(=O)(=O)c1cc2ccc(=O)[nH]c2cc1Cl)c1ccccc1OC	OSMI-4
JQLMEZBHIJSVKR-UHFFFAOYSA-N	CC(C)(C)OC(=O)Nc1ccc(CNc2nccc(Nc3cc(C(=O)OC(C)(C)C)[nH]n3)n2)cc1	JA397
VBYGXNURPHQSPG-MUUNZHRXSA-N	C=CC(=O)Nc1ccc(C(=O)Nc2cccc(Nc3n[nH]c4c3CN(C(=O)N[C@H](CN(C)C)c3ccccc3)C4(C)C)c2)cc1	YKL-01-116
DZTGIRNXWSZBIM-QURGRASLSA-N	Cc1cc(/N=N/c2ccc(S(=O)(=O)Nc3ccccn3)cc2)c(N)cc1O	MS436
YLHSFRZHEMHKAF-UHFFFAOYSA-N	COc1ccccc1CNC(=O)Cn1c(CCC(=O)O)nc2c(Cl)cccc2c1=O	SGC-UBD253
YDPMMWAOCCOULO-JBRSBNLGSA-N	CO[C@H]1CNC[C@@H](OCC2CCC(F)(F)CC2)[C@@H]1Nc1ncc(-c2cncc(C)c2)c2cc(C)c(=O)[nH]c12	GSK8814
SPDQRCUBFSRAFI-DOMZBBRYSA-N	C[C@@H]1COCCN1c1cc(=O)n2c(n1)N(Cc1cncc(Cl)c1)[C@H](C(F)(F)F)CC2	SAR405
DORZPJWJOBMQKC-UHFFFAOYSA-N	CN(C)CC#Cc1ccc2[nH]c3c(c2c1)-c1nc(N)ncc1CCC3	SGC-PIKFYVE-1
NDEORODKVUYMFQ-NHCUHLMSSA-N	Cc1cc2c(-c3ccco3)cnc(N[C@@H]3CCN(C)C[C@H]3C(=O)NC3CCCCC3)c2[nH]c1=O	GSK789
CFUSHHQUUUZFAG-UHFFFAOYSA-N	COc1cc(CN2CC(N)C2)cc(OC)c1-c1cn(C)c(=O)c2cc(F)ccc12	DN02
IIKPYJZUOZRTIB-UHFFFAOYSA-N	CC(C)CS(=O)(=O)NCc1cccc(-c2ccc3c(NC(=O)C4CC4)n[nH]c3c2)c1	SGC-CDKL2/AAK1/BMP2K-1
WKDNQONLGXOZRG-HRNNMHKYSA-N	CC#Cc1cncc(-c2ccc3c(c2)[C@@]2(N=C(C)C(N)=N2)[C@]2(CC[C@H](OC)CC2)C3)c1	AZD3293
HEAGNKNMQVIVMM-UHFFFAOYSA-N	Cn1cc(-c2ccc3occ(-c4cccc(-c5ccncc5)c4)c3n2)cn1	MU1210
GPMTWAPXRJMXCC-UHFFFAOYSA-N	O=C(NC1CCC1)c1ccc2nc(-c3cccc(NS(=O)(=O)NCCN4CCCCC4)c3)cn2c1	SR-0813
JNAABFZPXJJMPX-UHFFFAOYSA-N	Cc1c(Oc2c(F)cccc2F)c(OC(C)C)nn1-c1ncc(C2CC2)cc1F	IPP/CNRS-A017
JWZAQUXBYYOGFA-UHFFFAOYSA-N	Cc1cc(Cn2c(N3CC4(CNC4)C3)nc3c(N4CCN(C)CC4)cc(Cl)cc32)cc(C)c1F	VUBI1
WMCOYUSJXXCHFH-UHFFFAOYSA-N	O=C(Nc1ccc(F)c(C(F)(F)F)c1)Nc1nnc(-c2ccncc2)s1	ML216
SZZJHKUNVBZYMT-RGULYWFUSA-N	CNC(=O)[C@H]1CCCN1Cc1ccc2nc(-c3cccc(Oc4ccc(Cl)cc4)c3)n([C@@H](CC(=O)Nc3cc(NS(C)(=O)=O)ccc3C)c3ccccc3Br)c2c1	PF-3166
GHKMIOAEPALCFS-UHFFFAOYSA-N	Cc1ccc2c(c1)C(=O)N(C)c1cnc(Nc3cccc(S(=O)(=O)N4CCC(O)CC4)c3)nc1N2C	FMF-02-063-1
RTFQFPZKDYMMMJ-RIAKQDHQSA-N	Cc1ccc(F)c(S(=O)(=O)Nc2ccc(-c3nc(OC[C@H]4CN(CCCCCCOCCOCCOCC(=O)N[C@H](C(=O)N5C[C@H](O)C[C@H]5C(=O)NCc5ccc(-c6scnc6C)cc5)C(C)(C)C)CCO4)c4cn[nH]c4n3)cc2)c1	SGK3-PROTAC1
YJOJMGTVKMABKQ-FIQOPJFZSA-N	CC(C)S(=O)(=O)c1ccccc1Nc1nc(N[C@@H]2CCCN(CCCCCCCNC(=O)COc3cccc4c3C(=O)N(C3CCC(=O)NC3=O)C4=O)C2)ncc1Cl	BSJ-4-116
YNDJPWSVYYRNTJ-MEXKHVBFSA-N	CC(C)C[C@H](NC(=O)[C@@H](O)[C@H](N)Cc1ccccc1)C(=O)NCCOCCOCCOCC(=O)O[C@H]1CC[C@H]2[C@@H]3CC[C@H]4CC(=O)CC[C@]4(C)[C@H]3CC[C@]12C	PROTAC-AR-Degrader-4
JECHBTRAPARMGI-KMIZWFMDSA-N	CN(C(=O)CCOCCOCCOCCOCCNc1cccc2c1C(=O)N(C1CCC(=O)NC1=O)C2=O)[C@H]1CC[C@@]2(C)C(CC[C@@H]3C2CC[C@]2(C)[C@@H](c4ccc5ccncc5c4)CC[C@@H]32)C1	JH-XI-10-02
QUQTXFIMYFMULC-OGOZKGDESA-N	CCCOc1cccc(Oc2cc3c(cc2NS(=O)(=O)c2cccc(C(=O)NCCOCCOCCOCC(=O)N[C@H](C(=O)N4C[C@H](O)C[C@H]4C(=O)NCc4ccc(-c5scnc5C)cc4)C(C)(C)C)c2)n(C)c(=O)n3C)c1	dTRIM24
ZSCOIFSUFMYZEZ-YSWDPXALSA-N	Cc1ncsc1-c1ccc(CNC(=O)[C@@H]2C[C@@H](O)CN2C(=O)[C@@H](NC(=O)COCCOCCOc2ccc(-c3ccc4ncnc(Nc5ccc(OCc6cccc(F)c6)c(Cl)c5)c4c3)cc2)C(C)(C)C)cc1	SJF1528
BQXUPNKLZNSUMC-YUQWMIPFSA-N	CCN(CCCCCOCC(=O)N[C@H](C(=O)N1C[C@H](O)C[C@H]1C(=O)N[C@@H](C)c1ccc(-c2scnc2C)cc1)C(C)(C)C)CCOc1ccc(C(=O)c2c(-c3ccc(O)cc3)sc3cc(O)ccc23)cc1	ERD-308
PACRWHUPEPCFHX-UHFFFAOYSA-N	CC(=O)c1c(C)c2cnc(Nc3ccc(N4CCN(Cc5cn(CCOCCNc6cccc7c6C(=O)N(C6CCC(=O)NC6=O)C7=O)nn5)CC4)cn3)nc2n(C2CCCC2)c1=O	CP-10
ZUODKONSNNHSAJ-AMLBMYBGSA-N	CC(C)c1ccn2ncnc(N[C@H]3CC[C@@H](N4CCN(C(=O)CCC(=O)N5CCC(CCN6CCN(c7ccc8c(c7)C(=O)N(C7CCC(=O)NC7=O)C8=O)CC6)CC5)CC4)CC3)c12	IRAK3-PROTAC 23
XIRQUXILNXIWDI-UHFFFAOYSA-N	Cc1cc(Nc2ncc(Cl)c(Nc3ccccc3S(=O)(=O)C(C)C)n2)c(OC(C)C)cc1C1CCN(CCOCCOCCNC(=O)CNc2cccc3c2C(=O)N(C2CCC(=O)NC2=O)C3=O)CC1	TL13-112
WMBSSRAFHKGIRA-UHFFFAOYSA-N	Cc1cc(-c2ccc(C(=O)NCCOCCOCCOCCOCCNc3cccc4c3C(=O)N(C3CCC(=O)NC3=O)C4=O)cc2N2CCC(c3[nH]cnc3C)CC2)ccc1F	d9A-2
LJGCXHMGIUJXDV-UHFFFAOYSA-N	CC1(C)CCC2(C(=O)NCCCCCCOCCOCCOCCOCCCCCC(=O)Nc3cccc4c3C(=O)N(C3CCC(=O)NC3=O)C4=O)CCC3(C)C(=CCC4C5(C)CCC(O)C(C)(C)C5CCC43C)C2C1	PTPN1-Degrader-75
HZHUKQLWLNDVDZ-IBDVCRJISA-N	COc1ccc(CCNC(=O)[C@H](CC[C@H](CNCc2ccccc2)C[C@H]2O[C@@H](n3cnc4c(N)ncnc43)[C@H](O)[C@@H]2O)NC(=O)CC(C)(C)C2=C(C)C(=O)C(C)=C(C)C2=O)cc1	SKI-73
XPEJZXWPKDAYFX-UHFFFAOYSA-N	CC1(C)C(N)=Nc2cc(OCCCN3Cc4ccc(OCCc5cn(CC(=O)N6CCC(CCN7CCCC7)CC6)nn5)cc4C3)c(OCC3CC3)cc21	VinSpinIn
SYRVEVZSXHRXIX-KRWDZBQOSA-N	CCC(C)(C)CC[C@H](NC(=O)N1CCOCC1)C(=O)NC1(C#N)CCN(C)CC1	BI-1915
WAFNVKVWBPXGHK-QDUSTFBWSA-N	CC(C)C[C@@H]1C[C@H](C)[C@@]2(C(=O)Nc3ccc(F)cc32)N1C(=O)c1cn(C)cn1	TP-061
BUIJBFHGUQJYSD-XZOQPEGZSA-N	COc1cc(C)c(S(=O)(=O)N(C)CCOCC(=O)N(C)[C@H]2CCC[C@@H](N3CCN(C)CC3)C2)c(C)c1	BI-113823
BLFBSGVUERKSST-UHFFFAOYSA-N	CN1CCN(c2ccc(-n3cc(-c4ccncc4OCC4CCNCC4)cn3)cc2)CC1	NVS-MELK8a
GRKYJLSMFYQHMP-APASRLOHSA-N	Nc1nc(Cl)nc2c1c(-c1nn(Cc3ccccc3)cc1Cl)cn2[C@@H]1C[C@H](c2cccc(CN3CCC3)c2)[C@@H](O)[C@H]1O	KMI169
ZOJWMCDSTRTTOW-UHFFFAOYSA-N	Cc1cc(S(=O)(=O)NCCOCCOCCOCCOCCNc2cccc3c2C(=O)N(C2CCC(=O)NC2=O)C3=O)ccc1Nc1ncc(Br)c(Nc2cccc(F)c2C(N)=O)n1	TMX-2172
MOWXJLUYGFNTAL-DEOSSOPVSA-N	COc1ccc([C@@H](O)c2cc(-c3ncnc4cc(N5CCOCC5)ccc34)c(F)cc2Cl)nn1	NEDISERTIB
BPLPIBNWDLPUKP-UHFFFAOYSA-N	Cc1cc(Br)c(CNc2ncc(C(=O)NCCCN3CCOC3=O)c(NC3CCCC3)n2)cc1Br	NR162
SMVCNKJTRUVRLZ-UHFFFAOYSA-N	CN(C(=O)Oc1c(N2CCN(CCO)C2=O)cc(C(F)(F)F)cc1C(F)(F)F)c1ccc(F)cc1	RTx-161
OMISHRJQMYQPMG-UHFFFAOYSA-N	O=C1CCC(N2Cc3cc(C4CCN(Cc5ccccc5)CC4)ccc3C2=O)C(=O)N1	DKY709
LTOAWFRZXVPHAJ-UHFFFAOYSA-N	O=C(Nc1ccc(-c2nc(-c3ccc(Cl)cc3)no2)cc1)C1CC(=O)N(Cc2ccco2)C1	RLX-33
AOTRIQLYUAFVSC-UHFFFAOYSA-N	CN(C)CCCOc1ccc(-c2ccc3ncc4c(c3c2)n(C2CCOCC2)c(=O)n4C)cn1	AZD0156
IPDMIUDPUBUHSU-INIZCTEOSA-N	NC(=O)C[C@H](NC(=O)c1c[nH]nc1-c1ccc(Cl)cc1F)c1ccc(F)c(Cl)c1	OICR-8268
ATKHYZXUMVNCIO-UHFFFAOYSA-N	FC(F)c1cncc(-c2ccc3ncc4nnc(C5=CCCOCC5)n4c3c2)c1	BAY-8400
WXRCLFFPZXJCLS-UHFFFAOYSA-N	CNC(=O)c1ccc(N2CCN(Cc3ccc4nc(C)c(=O)[nH]c4c3F)CC2)c(F)n1	AZD9574
KLKKWCPJBTXWOV-UHFFFAOYSA-N	CC(C)CN(CCCN1CCN(CCCNc2nc3ccccc3[nH]2)CC1)CC(C)C	Ezeprogind
IPUJINDWAGRAHN-KNXBSLHKSA-N	C#CCOc1cnc(C(=O)Nc2cc(F)c(F)c([C@@]3(C)N=C(N)S[C@@]4(COC)C[C@H]43)c2)cn1	AM-6494
FMQWOAKTQPLQBR-SANMLTNESA-N	O=C(Nc1ccc(Oc2ccc(F)cc2)cc1)N1CCc2ncccc2[C@@H]1c1ccc(Cl)cc1	BAY-298
JOFQERPJMGKMMX-QGZVFWFLSA-N	CC(C)Cn1c(=O)n(C)c(=O)c2c(C(=O)N3CC[C@@H](O)C3)c(Cc3ccnc4ccccc34)sc21	AR-C141990
CRLZRGXSDBAEFD-UHFFFAOYSA-N	O=C(O)C1CC1c1nc(-c2ccccc2)c(-c2cc(C(F)(F)F)cc(C(F)(F)F)c2)o1	JP3000
IKPNRMYDOSNVAU-UHFFFAOYSA-N	O=C(COc1ccc(Cl)cc1)NC12CC(c3nnc(C4CC(OC(F)(F)F)C4)o3)(C1)C2	DNL343
OYDTWNVVTPPDDO-UHFFFAOYSA-N	CN1CC(Oc2cnc(C#N)cc2-c2ccn3nc(NC(=O)C4CC4)cc3c2)C1	JRD-SIK1/2i-4
UEMPFKOYBHCUIG-QVIWBNHYSA-N	CCN(CC)CCNC(=O)[C@H]1CC[C@H](NC(=O)c2cnc3nc2Nc2ccc(C)c(c2)OC/C=C\CN3)CC1	UNC-8969
ILPWEAHQRAWJIU-OAHLLOKOSA-N	Cc1c(C#N)cccc1[C@@H](C)Nc1nnc(C)c2cnc(N3CCOCC3)cc12	MRTX0902
DVFCRTGTEXUFIN-GFCCVEGCSA-N	CC(C)CCN[C@@H]1CCc2cc(O)c(N3CC(=O)NS3(=O)=O)c(F)c2C1	ABBV-CLS-484
WAVPKLNVEGDDGC-LFIBNONCSA-N	O=C(O)/C=C/c1cc(C(=O)NCc2ccc(OCc3cn(CCOCCOCC(=O)Nc4cccc5c4CN(C4CCC(=O)NC4=O)C5=O)nn3)cc2)cc(-c2ccccc2)c1	AKR1C3-PROTAC-5
LTWQQWSXYYXVGA-UHFFFAOYSA-N	O=C(Nc1ccccc1C(=O)Nc1ccc(CCO)cc1)c1ccc([N+](=O)[O-])cc1	KS176
KPABJHHKKJIDGX-JOCHJYFZSA-N	C=CC(=O)Nc1ccc(C(=O)Nc2[nH]nc3c2CN(C(=O)N[C@H](CN(C)C)c2ccccc2)C3(C)C)cc1	YKL-5-124
HPBOMWKBZHYYGE-UHFFFAOYSA-N	CCc1ncc(-c2cc(C)no2)c(C2CCN(CC(=O)N3CCOCC3)CC2)n1	WLB-89462
JDUBGYFRJFOXQC-KRWDZBQOSA-N	NC1(C(=O)N[C@@H](CCO)c2ccc(Cl)cc2)CCN(c2ncnc3[nH]ccc23)CC1	CAPIVASERTIB
MCRHRRIGPAVFNY-SFHVURJKSA-N	Cn1c(=O)c2c(c3cc(Nc4ccnc(F)c4Cl)ccc31)N[C@@H](C1CC1)C(F)(F)CO2	CCT374705
FXMIIWBGTCDJJQ-UHFFFAOYSA-N	Fc1cc(NC2=NCC3(CCOCC3)CO2)cc(F)c1Oc1ccnc2[nH]cc(C3(C(F)(F)F)CC3)c12	BAY-405
HKXSBJJCHBFTMB-UHFFFAOYSA-N	COc1cc(N(C(=O)CCl)c2ccc3c(c2)OCCO3)cc(OC)c1F	GPX4-IN-5
IRKXKBMGTVDZAJ-UHFFFAOYSA-N	COc1cc(OC)c(Cl)c(-c2ccc3nc(Nc4nc(Cl)ccc4[N+](=O)[O-])ncc3c2)c1Cl	FGFR4-IN-8B
VBTBURGKMCKOJC-UHFFFAOYSA-N	O=C(O)c1cc(O)n(-c2cccc(C(F)(F)F)c2)n1	ALKBH5-IN-1
IYFCFYWXRIVCTH-OAHLLOKOSA-N	c1cc(Nc2ccc(O[C@@H]3CCCNC3)cc2)c2cc[nH]c2n1	NIBR-LTSi
JOAFWIHZEBKYQK-OAHLLOKOSA-N	C[C@@H](Oc1ccc2[nH]nc(-c3ccc(N4CC5(C4)CN(S(C)(=O)=O)C5)nc3)c2c1)c1c(Cl)cncc1Cl	TYRA-300
QJRFBKYETDVAJQ-ZEQKJWHPSA-N	CCOc1ccccc1-c1ccc(N2CCN(C(=O)C3(C(F)(F)F)CCC3)C[C@H]2CC)c(C(=O)N[C@@H]2CN3CCC2CC3)n1	CRN04894
FVZCFUKXGUUDBQ-ZWSMLAFMSA-N	CCN1CCCC[C@H]1[C@H](C)Oc1ccc2c(c1)CN(C1CCC(=O)NC1=O)C2=O	dWIZ1
YPPSMYLMSKHYAY-UHFFFAOYSA-N	Cc1ccc2cc(-c3c(C)ccc(C(=O)c4c(-c5ccccc5)n(C)n(-c5ccccc5)c4=O)c3N)ccc2n1	AMG-PERK-44
XDPRKJSOJYMCMZ-UHFFFAOYSA-N	COc1ccc(C(=O)N2CCC3(CCN(C(=O)CCCCCCCOc4cccc(Nc5[nH]nc(-c6ccc(NS(=O)(=O)C(F)F)cc6)c5C(N)=O)c4)CC3)CC2)cc1N1CCC(=O)NC1=O	MLKL Degrader 1
HUQKUJNSVHEHIH-UHFFFAOYSA-N	O=c1cc(-c2ccccc2)c2c(O)cc(O)cc2o1	AN2
LMXYVLFTZRPNRV-KMKOMSMNSA-N	O=C1Nc2ccc(I)cc2/C1=C/c1cc(Br)c(O)c(Br)c1	GW-5074
GPKLWRHHVIBYEO-KMKOMSMNSA-N	O=C1Nc2ccc(Br)cc2/C1=C/c1cc(O)c(O)c(Br)c1	AN1
FOLSZCLZVLICGG-GJYPPUQNSA-N	CC[C@H](N)c1nc(N2CCC[C@H]2C)cc2c1CN(c1cccc(-c3nnc4n3[C@@H](C)CC4)n1)C2=O	PF-07265028
AKCDDYGYIGPEKL-JQOQJDEVSA-N	Cc1cn(-c2ccc3n(c2=O)CCN([C@@H](C)[C@@H]2CC[C@H](c4cc(F)c(Cl)cc4C(F)(F)F)O2)C3=O)cn1	PF-06648671
CAOSCCRYLYQBES-UHFFFAOYSA-N	O=C(O)CNC(=O)c1c(O)c2ccccc2n(Cc2ccccc2)c1=O	IOX2
HFOBENSCBRZVSP-NRFSWKIWSA-N	C[C@@H](O)[C@H](NC(=O)N[C@@H](CC(N)=O)c1nc([C@H](N)CO)no1)C(=O)O	CA-170
XYKISMBNQVUKPW-GOSISDBHSA-N	C[C@H](c1ccccc1)n1c(=O)c(N2CC3(CN(C)C3)C2)nc2cnc(-c3cnc4cccnn34)cc21	UCB9386
GMZCYCKIXQZORP-UHFFFAOYSA-N	COc1cc(-c2cn[nH]c2)ccc1C(=O)Nc1ccc2c(c1)CCNCC2	JNJ-47117096
VDGNPEFFHQRGOP-UHFFFAOYSA-N	Cc1cccnc1-c1csc(C(=O)Nc2cc(Cl)cc(NS(C)(=O)=O)c2)c1	ATX968
JJRRWLVKNLMRSA-UHFFFAOYSA-N	COc1cc2c(N3CCCC3)nc(NCCN(C)C)nc2cc1OCCCN1Cc2ccccc2C1	MS8535
ZZFKEZYGYPWBGP-UHFFFAOYSA-N	C=CCn1c(=O)c2cnc(Nc3ccc(N4CCN(C)CC4)cc3)nc2n1-c1cccc(-c2cnccn2)n1	WEE1-IN-7
STQKUEFQEVDNLU-UHFFFAOYSA-N	Cc1c(C#Cc2nc(C(N)=O)n(-c3cccnc3)c2C)ccnc1Cl	RO-275
MVYWULXPOKYILU-UHFFFAOYSA-N	CCC(N)(CC)c1ccnc(Nc2cc3cc(-c4cnnn4C)nc(N)c3cn2)c1	MASTL-IN-1
VZAFGXCWAWRULT-UONOGXRCSA-N	CN1C[C@H](Nc2cnn(C)c(=O)c2Br)C[C@H](c2ccccc2)C1	GSK4027
OLEFHQBTXFCZON-HXUWFJFHSA-N	CC#CC(=O)N1CC(N2CCC(c3cc(C)c4c(c3)Nc3ncnc(N5CCS(=O)(=O)CC5)c3[C@@H](C)O4)CC2)C1	JNJ-3738
WZMIWVZGYMKUDV-UHFFFAOYSA-N		JNJ-6204
LPQXZOJIUVOCAL-NRFANRHFSA-N	Cn1nccc1[C@]1(CNC(=O)c2ccc(F)c(F)c2-c2ccc(C(F)(F)F)cc2)NC(=O)NC1=O	BAY-9835
KHLKLLMMPVSSQY-UHFFFAOYSA-N	CN1CCC(n2nc(-c3ccc(Oc4ccccc4)cc3)c3c(N)ncnc32)CC1	NUDT5-IN-9
YBXRSCXGRPSTMW-CYBMUJFWSA-N	C[C@@H]1COCCN1c1cc(-c2ccnn2C)c2ccnc(-c3ccn[nH]3)c2n1	ELIMUSERTIB
SCLLZBIBSFTLIN-INOGPEIASA-N	C#Cc1c(F)ccc2cc(O)cc(-c3ncc4c(N5C[C@H]6CC[C@@H](C5)N6)nc(OC[C@@]56CCCN5C[C@H](F)C6)nc4c3F)c12	MRTX1133
XVECNLUKQDKOST-UHFFFAOYSA-N	CCCS(=O)(=O)c1nc(-c2ccc3c(ccn3C3CC(C)(C)NC(C)(C)C3)c2)c/c(=N\C2CC2)[nH]1	NVS-CECR2-1
CKFRXCBNKKOFGO-IGEOTXOUSA-N	C[C@H]1CC(=O)Nc2cc(C(=O)NCCC3CC3)ccc2N1C(=O)N1CC2CC2C1	BAY-6035
FFPHMUIGESPOTK-UHFFFAOYSA-N	Cc1nn(CC(F)(F)F)cc1Nc1ncc(Br)c(NCc2ccc(S(N)(=O)=O)cc2)n1	GSK8612
DNHPDWGIXIMXSA-CXNSMIOJSA-N	CN1Cc2c(Cl)cc(Cl)cc2[C@H](c2cccc(S(=O)(=O)NCCOCCOCCNC(=O)NCCCCNC(=O)NCCOCCOCCNS(=O)(=O)c3cccc([C@@H]4CN(C)Cc5c(Cl)cc(Cl)cc54)c3)c2)C1	TENAPANOR
MMJPVSDTLGFIQW-UHFFFAOYSA-N	CCOC(=O)c1cc2cc(-c3cc(C(=O)NCc4ccc(C(=O)O)cc4)nn3C)ccc2[nH]1	BI-4394
KVMGAIOTUIGROS-AZUAARDMSA-N	CCS(=O)(=O)N[C@@H]1[C@H](Cc2cccc(-c3cc(F)cc(F)c3)c2F)N(C(=O)C(C)(C)O)CC1(F)F	TAK-861
ZGTWRRCZLAOQMY-UHFFFAOYSA-N	Cc1ccc(NC(=O)c2cccc(C(F)(F)F)c2)cc1N1Cc2cnc(Nc3ccc(N4CCC(O)CC4)nc3)nc2N(C)C1	XMU-MP-2
UFKFTBGGMLIIME-DEOSSOPVSA-N	CCC[C@H](NC(=O)c1cc(Cn2ccnc2)cc(-c2cn(CC)nc2C(F)(F)F)c1)C(=O)N1CCc2sccc2C1	LH168
ZHXNIYGJAOPMSO-UHFFFAOYSA-N	COc1cc(C)c(Sc2cnc(NC(=O)c3ccc(CNC(C)C(C)(C)C)cc3)s2)cc1C(=O)N1CCN(C(C)=O)CC1	BMS-509744
HCDAVCLCBXIYPW-QGZVFWFLSA-N	CCOC(=O)CS(=O)(=O)c1ccc([C@@H](CO)NC(=O)c2cc3c(Cl)c(Cl)c(C)cc3n2C)cc1	BI-4916
MVULIYLBRNHLEE-LFHXYJAASA-N	Cc1ncsc1-c1ccc(CNC(=O)[C@@H]2C[C@@H](O)CN2C(=O)[C@@H](NC(=O)CCOCCOc2ccc(Nc3ncc(C(F)(F)F)c(NCc4cccc(N(C)S(C)(=O)=O)c4)n3)cc2)C(C)(C)C)cc1	PROTAC FAK degrader 1
RXSCURXNWIHEAV-UHFFFAOYSA-N	O=C(c1ccc(S(=O)(=O)Nc2ccccc2)cc1)N(Cc1ccc(NCCO)cc1)CC1CC1	MDI-114215
BOXZMOCGSKLDAH-OUZJXKGJSA-N	Cc1ncsc1-c1ccc(CNC(=O)[C@@H]2C[C@@H](O)CN2C(=O)[C@@H](NC(=O)COCCCCCCCCCOCC(=O)Nc2ccc(C(=O)Nc3ccccc3N)cc2)C(C)(C)C)cc1	JPS016
FYSWLIFIYIVHPI-DDWISSAJSA-N	CC(=O)N1c2ccc(-c3ccc(C(=O)NCCOCCOCCOCC(=O)N[C@H](C(=O)N4C[C@H](O)C[C@H]4C(=O)NCc4ccc(-c5scnc5C)cc4)C(C)(C)C)cc3)cc2[C@H](Nc2ccc(Cl)cc2)C[C@@H]1C	MZP-54
KBTKRNXLECYGBY-NERSTHRASA-N	CCCNNC(=O)c1ccc(N2CCN(CCCCCCCC(=O)N[C@H](C(=O)N3C[C@H](O)C[C@H]3C(=O)N[C@@H](C)c3ccc(-c4scnc4C)cc3)C(C)(C)C)CC2)cc1	YX968
OFNZESNEBSQKSE-BQGOKDIQSA-N	Cc1ncsc1-c1ccc(CNC(=O)[C@@H]2C[C@@H](O)CN2C(=O)[C@@H](NC(=O)CCCCNC(=O)c2ccc(-c3ccc(N4CCN(C)CC4)c(NC(=O)c4c[nH]c(=O)cc4C(F)(F)F)c3)cc2)C(C)(C)C)cc1	Homer
GJCIYFAPQUEGNE-UHFFFAOYSA-N	CCCS(=O)(=O)Nc1ccc(F)c(-n2cc(-c3cncnc3)c3nc(N(C)C4CCN(C(=O)CCOCCOCCOCCOCCNc5cccc6c5C(=O)N(C5CCC(=O)NC5=O)C6=O)CC4)ccc32)c1F	P4B
AZBRPAQQOMDJLZ-UHFFFAOYSA-N	NS(=O)(=O)c1ccc(C(=O)NCCCCCCCCCCCCNc2cccc3c2C(=O)N(C2CCC(=O)NC2=O)C3=O)cc1	hCAII Degrader 11
AWNXKZVIZARMME-UHFFFAOYSA-N	CC(C)(O)CNc1ncc(-c2ccnc(Nc3ccnc(Cl)c3)n2)c(CC2CC2)n1	VPS34-IN-1
FSZPIAXLCCQFCM-FCQUAONHSA-N	CN(C)Cc1cccc(N/C(=C2\C(=O)Nc3cc(C(N)=O)ccc32)c2ccccc2)c1	BIX-02188
UZANYRRVDZSQGV-UHFFFAOYSA-N	CCn1c(-c2nonc2N)nc2c(C#CC(C)(C)O)nc(OCCN)cc21	GSK902056A
YBMGNDPBARCLFT-UHFFFAOYSA-N		UCPH-101
GEPYBHCJBORHCE-SFHVURJKSA-N	COc1ccc(CCc2nc3cc(-c4c(C)noc4C)ccc3n2C[C@H](C)N2CCOCC2)cc1Cl	SGC-CBP30
YTGYWPTWNBGCLG-UHFFFAOYSA-N	COc1ccc(-c2nn3c(-c4cccs4)nnc3s2)cc1OC	ZINC4511851
CCAWRGNYALGPQH-UHFFFAOYSA-N	O=C(Nc1cccc(C(F)(F)F)c1)Nc1cc(S(=O)(=O)NC2CC2)ccc1-c1ccsc1	AGI-6780
JCKGSPAAPQRPBW-OAQYLSRUSA-N	O=C([C@@H](Cc1cccc(C(F)(F)F)c1)NS(=O)(=O)c1cc(F)c2c(c1)CCNC2)N1CCCC1	(R)-PFI-2
BJFSUDWKXGMUKA-UHFFFAOYSA-N	COc1cc(-c2cn(C)c(=O)c3cnccc23)c(OC)cc1CN(C)C	BI-9564
RNAMYOYQYRYFQY-UHFFFAOYSA-N	COc1cc2c(NC3CCN(C(C)C)CC3)nc(N3CCC(F)(F)CC3)nc2cc1OCCCN1CCCC1	UNC0642
QOECJCJVIMVJGX-UHFFFAOYSA-N	COc1cc2c(NC3CCN(C(C)C)CC3)nc(C3CCCCC3)nc2cc1OCCCN1CCCC1	UNC0638
DPJNKUOXBZSZAI-UHFFFAOYSA-N	CCCc1cc(C)[nH]c(=O)c1CNC(=O)c1cc(-c2ccc(N3CCN(C(C)C)CC3)nc2)cc2c1cnn2C(C)C	UNC1999
WBKCKEHGXNWYMO-UHFFFAOYSA-N	CCOC(=O)CCNc1cc(N2CCc3ccccc3CC2)nc(-c2ccccn2)n1	GSK-J4
BKCDJTRMYWSXMC-UHFFFAOYSA-N	COc1cc2c(cc1OCCCN1CCCC1)N=C(N)C21CCC1	A-366
TWKYXZSXXXKKJU-FQEVSTJZSA-N	O=C(NC[C@H](O)CN1CCc2ccccc2C1)c1ccnc(NC2CCC2)c1	GSK591
OTTJIRVZJJGFTK-SFHVURJKSA-N	CCN(C(=O)CO)[C@H]1CN(/C(=N\C#N)Nc2cccc(OC(F)F)c2)N=C1c1ccc(Cl)c(Cl)c1	BAY-598
ZKXZLIFRWWKZRY-KRWDZBQOSA-N	O=C(NC[C@H](O)CN1CCc2ccccc2C1)c1cc(NC2COC2)ncn1	EPZ015666
ABGOSOMRWSYAOB-UHFFFAOYSA-N	Clc1cc2c(NC3CCCC3)nnc(-c3ccncc3)c2cc1Cl	A-196
PSOXOVKYGWBTPB-UHFFFAOYSA-N	Cc1cc(C)c(S(=O)(=O)N(Cc2ccc(-c3cccc(S(C)(=O)=O)c3)cc2)Cc2ccc(C(F)(F)F)o2)c(C)c1	GSK2033
MPUQHZXIXSTTDU-QXGSTGNESA-N	NS(=O)(=O)OC[C@@H]1C[C@@H](n2ccc3c(N[C@H]4CCc5ccccc54)ncnc32)C[C@@H]1O	Pevonedistat
DYIRSNMPIZZNBK-UHFFFAOYSA-N	CS(=O)(=O)c1ccc(-c2cnc(NCc3ccco3)n3cnnc23)cc1	EED226
DRLCSJFKKILATL-YWCVFVGNSA-N	CC(C)[C@@H](CS(=O)(=O)C(C)C)N1C(=O)[C@@](C)(CC(=O)O)C[C@H](c2cccc(Cl)c2)[C@H]1c1ccc(Cl)cc1	AMG232
HXZRMADPDYFMEB-FTTMEYFSSA-N	C/C=C/C(=O)C[C@H]1CC[C@H](C)[C@H](CC(=O)NC[C@H](O)[C@H](C)C(=O)NCCC[C@H]2O[C@@]3(CCC[C@H](CC[C@H](C)/C=C(\C)[C@H](C)O)O3)CC[C@@H]2C)O1	Bistramide A
QFJCIRLUMZQUOT-HPLJOQBZSA-N	CO[C@H]1C[C@@H]2CC[C@@H](C)[C@@](O)(O2)C(=O)C(=O)N2CCCC[C@H]2C(=O)O[C@H]([C@H](C)C[C@@H]2CC[C@@H](O)[C@H](OC)C2)CC(=O)[C@H](C)/C=C(\C)[C@@H](O)[C@@H](OC)C(=O)[C@H](C)C[C@H](C)/C=C/C=C/C=C/1C	Rapamycin
ZDNGJXBUEQNFBQ-GCJKJVERSA-N	COc1cc([C@@H](CC(=O)O)c2ccc(C)c(CN3C[C@@H](C)Oc4ccccc4S3(=O)=O)c2)cc2nnn(C)c12	KI-696
QJJXYPPXXYFBGM-LFZNUXCKSA-N	C=CC[C@@H]1/C=C(\C)C[C@H](C)C[C@H](OC)[C@H]2O[C@@](O)(C(=O)C(=O)N3CCCC[C@H]3C(=O)O[C@H](/C(C)=C/[C@@H]3CC[C@@H](O)[C@H](OC)C3)[C@H](C)[C@@H](O)CC1=O)[C@H](C)C[C@@H]2OC	Tacrolimus
YKNAKDFZAWQEEO-IBGZPJMESA-N	CCC(=O)N1CCOc2c(cc(-c3ccc(OC)c(OC)c3)cc2OC[C@H]2CCCN(C)C2)C1	I-CBP112
QJZRFPJCWMNVAV-HHHXNRCGSA-N	Cc1ccc(C(=O)N(CCCN)[C@@H](c2nc3cc(Cl)ccc3c(=O)n2Cc2ccccc2)C(C)C)cc1	ISPINESIB
JNAHVYVRKWKWKQ-CYBMUJFWSA-N	C[C@]1(c2nc3cccc(C(N)=O)c3[nH]2)CCCN1	Veliparib
FDLYAMZZIXQODN-UHFFFAOYSA-N	O=C(c1cc(Cc2n[nH]c(=O)c3ccccc23)ccc1F)N1CCN(C(=O)C2CC2)CC1	Olaparib
PCHKPVIQAHNQLW-CQSZACIVSA-N	NC(=O)c1cccc2cn(-c3ccc([C@@H]4CCCNC4)cc3)nc12	Niraparib
ULXXDDBFHOBEHA-CWDCEQMOSA-N	CN(C)C/C=C/C(=O)Nc1cc2c(Nc3ccc(F)c(Cl)c3)ncnc2cc1O[C@H]1CCOC1	Afatinib
KXBDTLQSDKGAEB-UHFFFAOYSA-N	C=CC(=O)Nc1cccc(Nc2nc(Nc3ccc(OCCOC)cc3)ncc2F)c1	AVL-292
ZVWPOIUAPXDLMB-UHFFFAOYSA-N	COc1ccc2[nH]c(=O)c(C(c3nnnn3CCc3ccccc3)N3CCN(C4CCCCC4)CC3)cc2c1	GT949
LGWDVWIZDPGCFG-UHFFFAOYSA-N	CC(C)c1ccc(CC(=O)N2CCN(c3ccc(C#N)nn3)CC2)cc1	PZ2891
SQSZANZGUXWJEA-UHFFFAOYSA-N	Cc1cc(Nc2cc(CN3CCOCC3)c3nc(C)c(Cc4ccc(Cl)cc4F)n3n2)n[nH]1	Gandotinib
IFWUBRBMMNTBRZ-UHFFFAOYSA-N	Cc1cc(Cn2c(=O)n(Cc3cnc(C)s3)c(=O)c3cc(S(=O)(=O)NC4(C)CC4)ccc32)n(C)n1	PDD00017273
GMPQGWXPDRNCBL-UHFFFAOYSA-N	COc1cc(-c2nn(CCN3CCC(N(C)C)CC3)c3ncnc(N)c23)ccc1NC(=O)OC(C)(C)C	eCF506
CYOHGALHFOKKQC-UHFFFAOYSA-N	Cn1cnc2c(F)c(Nc3ccc(Br)cc3Cl)c(C(=O)NOCCO)cc21	Selumetinib
REVJNSVNICWODC-KIDMSAQOSA-N	CN(C)[C@H]1CN(C2CCc3cccc(F)c32)C[C@@H]1c1ccc(N2CCN(S(C)(=O)=O)CC2)cc1	A-395
NDVQUNZCNAMROD-RZUBCFFCSA-N	Cc1ncsc1-c1ccc(CNC(=O)[C@@H]2C[C@@H](O)CN2C(=O)[C@@H](NC(=O)C2(C#N)CC2)C(C)(C)C)cc1	VH298
DFBDRVGWBHBJNR-BBNFHIFMSA-N	C[C@@H]1Cc2c([nH]c3ccccc23)[C@@H](c2c(F)cc(/C=C/C(=O)O)cc2F)N1CC(C)(C)F	AZD9496
RRZVGDGTWNQAPW-UHFFFAOYSA-N	Cn1cc(CCn2cnc(-c3cnn(C)c3)c2-c2ccc(C#N)cc2)cn1	BAZ2-ICR
ITTRLTNMFYIYPA-UHFFFAOYSA-N	C=CC(=O)Nc1cccc(Oc2nc(Nc3ccc(N4CCN(C)CC4)cc3OC)ncc2Cl)c1	WZ4002
OIGNJSKKLXVSLS-VWUMJDOOSA-N	C[C@]12C[C@H](O)[C@H]3[C@@H](CCC4=CC(=O)C=C[C@@]43C)[C@@H]1CC[C@]2(O)C(=O)CO	Prednisolone
PMQUGSPFUBGJCZ-CHOKWEPUSA-N	Cc1cc(-c2cnn3c(NC[C@H]4C[C@@](C)(O)C4)cc(Oc4cccnc4)nc23)ccc1C(=O)NC1CC1	CFI-402257
QKPUKWQKXUUTOK-UHFFFAOYSA-N	CC1(C#N)CN(c2cc(COc3ccc(F)c(F)c3F)nc(-c3ccccn3)n2)C1	GPR40ant39
MFYLCAMJNGIULC-KCVUFLITSA-N	C[C@H](Nc1cc(Cl)nc2c1cnn2[C@@H]1O[C@H](COP(=O)(O)CP(=O)(O)O)[C@@H](O)[C@H]1O)c1ccccc1F	AB680
PIEQDBPBBQPLPL-UHFFFAOYSA-N	FC(F)(F)Oc1ccc(Oc2ccnc(N3CCC(NC(=S)Nc4cccnc4)CC3)c2Cl)c(Cl)c1	DO264
UMUQEMHROZVOTF-LJQANCHMSA-N	CC(C)OC(=O)[C@@H](Cc1ncccn1)OC(=O)Nc1c2c(cc3c1CCC3)CCC2	NT-0796
BHUZLJOUHMBZQY-YXQOSMAKSA-N	O=C(CCCCCCC(=O)Nc1ccc([C@@H]2O[C@H](c3ccc(CO)cc3)C[C@H](CSc3nc(-c4ccccc4)c(-c4ccccc4)o3)O2)cc1)NO	Tubacin
VPQCHIWQHIOPQS-UHFFFAOYSA-N	CN1CC(C(=O)NCc2ccc3c(-c4cccc(C(N)=S)c4)cn(C4CCN(S(=O)(=O)C(F)(F)F)CC4)c3c2)C1	AS-99
HXBRBOYWXDLHDC-UHFFFAOYSA-N	C=C/C(O)=N/c1ccc2nc(O)n(C3CCN(Cc4ccc(-c5nc6ccnc(O)c6cc5-c5ccccc5)cc4)CC3)c2c1	Borussertib
FQAXDSVNYVVQSE-UHFFFAOYSA-N	N#Cc1cc(Cl)cc(-c2cc(-c3ccc(F)cn3)ncn2)c1	HTL14242
VTFWALACVWFKNO-OCJYXSBASA-N	C[C@H](NC(=O)c1cn(-c2c(F)cc(F)cc2F)c2nc(N3C[C@@H](O)[C@H](O)C3)c(F)cc2c1=O)C(F)(F)C(F)(F)F	BAY 2413555
RJTJRVASUFIDQM-UHFFFAOYSA-N	N#CC1(c2ccccn2)CCN(Cc2cc(C(=O)O)c(=O)n3ccccc23)CC1	MSD-M1PAM
MDGIEDNDSFMSLP-UHFFFAOYSA-N	Nc1nc(NCc2ccccc2)nc(-c2ccccc2CO)n1	Ogerin
BHKDKKZMPODMIQ-UHFFFAOYSA-N	COCCNc1cc(NC(=O)N2CCCc3cc(CN4CCN(C)CC4=O)c(C=O)nc32)ncc1C#N	Roblitinib
NMQUSJQZQWKQBL-UHFFFAOYSA-N	CC(C)(C)c1cc(CN(C(=O)CN(Cc2ccc(Cl)cc2)S(=O)(=O)c2c(F)c(F)c(F)c(F)c2F)c2ccc(C(=O)O)cc2)cc(C(C)(C)C)c1	AC-4-130
OSXFATOLZGZLSK-UHFFFAOYSA-N	COc1cc2nc(N3CCCN(C)CC3)nc(NC3CCN(Cc4ccccc4)CC3)c2cc1OC	BIX-01294
KMFLQPJJHQNKKF-UHFFFAOYSA-N	Cc1ccc(C(=O)Nc2nc(-c3ccco3)c(C(=O)C3CCOCC3)s2)cn1	KW-6356
DUIHHZKTCSNTGM-UHFFFAOYSA-N	CS(=O)(=O)c1ccc(-c2cnc(N)c(C(=O)Nc3ccccc3)n2)cc1	VE-821
LBVKEEFIPBQIMD-JTQLQIEISA-N	CC(C)Oc1cc(Nc2nc(N[C@@H](C)c3ccc(F)cn3)ncc2Cl)[nH]n1	AZD1332
FIVSJYGQAIEMOC-ZGNKEGEESA-N		ROLAPITANT
WMOAPWVQPPIAFY-HSZRJFAPSA-N	COC(=O)[C@@H](NC(=O)c1nn(Cc2ccc(F)cc2)c2cc(OCCCCNC(=N)N)ccc12)C(C)(C)C	VIP36
YCBIMOYJAYMCOJ-CCEZHUSRSA-N		UNC100013
JLNAZAXGWJVJEC-UHFFFAOYSA-N	CC#CCn1cc(N(c2nc(C(N)=O)c(-c3cc(C(=O)N(C)C)c[nH]3)s2)C2CC2)cn1	HM-279
YLGMPWWMPCGYBF-UHFFFAOYSA-N	Cc1nn(CC(F)(F)F)cc1Nc1nc(C2CC2)c(-c2cncc3c2ncn3C)nc1C(N)=O	AZ3246
RGHLRMNPUGUZEY-UHFFFAOYSA-N		CG211
GYKNPXCQINZRLL-UHFFFAOYSA-N	COc1cc(Nc2ncc3c(n2)-c2ccc(Cl)cc2C(c2c(F)cccc2OC)=NC3)ccc1C(=O)NCCOCCOCCNC(=O)COc1cccc2c1C(=O)N(C1CCC(=O)NC1=O)C2=O	JB170
RDLSKDOSNKLEAQ-UHFFFAOYSA-N	Cc1ccncc1-c1nn(C)c2nc(OCc3ccccn3)cnc12	PF470
KGSBEYKVWODBRD-ICSRJNTNSA-N	O=C(NCc1[nH]nc2ccccc12)c1cc([C@@H]2CCNC[C@H]2COc2ccc3c(c2)OCO3)ccc1F	CCG258747
XSQUJFKRXZMOKA-PAFIKIDNSA-N	COc1c([C@H]2[C@H](C(=O)Nc3ccnc(C(N)=O)c3)O[C@@](C)(C(F)(F)F)[C@H]2C)ccc(F)c1F	VX548
ISNXAOFEMNFJCO-YUXAGFNASA-N	C[C@H]1CN(Cc2ccc(C(F)(F)F)cc2N2[C@H]3CC[C@@H]2CN(CC(=O)O)C3)CCN1C(=O)n1ccc(S(=O)(=O)N(C)C)n1	ABD957
XUZMWHLSFXCVMG-UHFFFAOYSA-N	CCS(=O)(=O)N1CC(CC#N)(n2cc(-c3ncnc4[nH]ccc34)cn2)C1	Baricitinib
SGSFONPFVRRJLS-UHFFFAOYSA-N		ONO-8430506
LGLHCXISMKHLIK-UHFFFAOYSA-N	COc1cc(N2CCN(C)CC2)ccc1Nc1ncc2c(n1)N(C)c1ccccc1C(=O)N2	XMD8-87
XLOGLWKOHPIJLV-UHFFFAOYSA-N	CC(C)(C)S(=O)(=O)c1ccc2nccc(Nc3n[nH]c4ccc(F)cc34)c2c1	GSK583
LOGJQOUIVKBFGH-YBEGLDIGSA-N	CN(C)S(=O)(=O)c1ccc2c(c1)/C(=C/c1cc3c([nH]1)CCCC3)C(=O)N2	SU6656
JIFCFQDXHMUPGP-UHFFFAOYSA-N	Cc1c(NC(=O)c2ccc(C(C)(C)C)cc2)cccc1-c1cn(C)c(=O)c(Nc2ccc(C(=O)N3CCOCC3)cc2)n1	CGI1746
NDEXUOWTGYUVGA-LJQANCHMSA-N	Cn1cc(-c2[nH]c3cc(NC(=O)[C@H](N)C4CCCCC4)cc4c(=O)[nH]ncc2c34)cn1	PF-477736
MUOKSQABCJCOPU-UHFFFAOYSA-N	O=C(O)c1ccc2c(c1)nc(Nc1cccc(Cl)c1)c1ccncc12	CX-4945
CMWRPDHVGMHLSZ-GFCCVEGCSA-N	Cc1ccc(-c2ccc3c(ccc4sc5c(c43)NC[C@@H](C)NC5=O)n2)cn1	PF3644022
DADASRPKWOGKCU-FVTQAUBDSA-N	COc1ccc2c(c1)[C@]1(C[C@H]1c1ccc3c(/C=C/c4ccc(CN5C[C@H](C)O[C@H](C)C5)cc4)n[nH]c3c1)C(=O)N2	CFI-400945
HZASIAXCPXTISQ-NVXWUHKLSA-N	COc1cc2nc(-c3cc(F)ccc3O)nc(N[C@@H]3CNC[C@H]3C(C)(C)O)c2cc1OC	CCT241533
AUMDBEHGJRZSOO-UHFFFAOYSA-N	Nc1ncnc2c1c(COc1cccc(Cl)c1)nn2C1CCOCC1	PF-4800567
HDAJDNHIBCDLQF-RUZDIDTESA-N	O=C(Nc1ccc2[nH]nc(-c3ccncc3)c2c1)[C@@H]1CCN(CC(=O)N2CCN(c3ccc(-c4ncccn4)cc3)CC2)C1	SCH772984
LCVIRAZGMYMNNT-UHFFFAOYSA-N	O=C(O)C1(Cc2cccc(Nc3nccs3)n2)CCC(Oc2cccc(Cl)c2F)CC1	MK-5108
STUWGJZDJHPWGZ-LBPRGKRZSA-N	Cc1nc(NC(=O)N2CCC[C@H]2C(N)=O)sc1-c1ccnc(C(C)(C)C(F)(F)F)c1	BYL-719
HTFNVAVTYILUCF-UHFFFAOYSA-N	CCOc1cc(C(=O)N2CCC(N3CCN(C)CC3)CC2)ccc1Nc1ncc2c(n1)N(S(C)(=O)=O)c1ccccc1C(=O)N2C	AX15836
VEPKQEUBKLEPRA-UHFFFAOYSA-N	O=c1ncn2nc(Sc3ccc(F)cc3F)ccc2c1-c1c(Cl)cccc1Cl	VX-745
KDGFLJKFZUIJMX-UHFFFAOYSA-N	CCc1cc2c(cc1N1CCC(N3CCOCC3)CC1)C(C)(C)c1[nH]c3cc(C#N)ccc3c1C2=O	CH5424802
AHJRHEGDXFFMBM-UHFFFAOYSA-N	CC(=O)c1c(C)c2cnc(Nc3ccc(N4CCNCC4)cn3)nc2n(C2CCCC2)c1=O	PALBOCICLIB
ZBCMHWUFWQFPLV-VVOJOOEHSA-N	CNc1ncc2cc(-c3ccc(-c4cccc(C)n4)cc3Cl)c(=O)n(C[C@H]3OC[C@H](N)CO3)c2n1	G-5555
IVUGFMLRJOCGAS-UHFFFAOYSA-N	Cc1csc(-c2nnc(Nc3ccc(Oc4ncccc4-c4ccnc(N)n4)cc3)c3ccccc23)c1	AMG900
JCINBYQJBYJGDM-UHFFFAOYSA-N	CCn1c(C(=O)N(C2CC2)C2CC2)cc2c3c(ncn3C)c(Nc3cc(C)n(C)n3)nc21	BMS-911543
JUSFANSTBFGBAF-IRXDYDNUSA-N	CNC(=O)c1cccc(-c2ccc3c(N4CCOC[C@@H]4C)nc(N4CCOC[C@@H]4C)nc3n2)c1	AZD2014
HXMGCTFLLWPVFM-GOSISDBHSA-N	O=C1c2ccc(Nc3ccc(F)cc3F)cc2CCc2ccc(OC[C@H](O)CO)cc21	Skepinone-L
DEZZLWQELQORIU-RELWKKBWSA-N	OCCn1cc(-c2ccc3c(c2)CC/C3=N\O)c(-c2ccncc2)n1	GDC-0879
BCZUAADEACICHN-UHFFFAOYSA-N	Cn1cc(-c2ccc3nnc(Sc4ccc5ncccc5c4)n3n2)cn1	SGX-523
AQGNHMOJWBZFQQ-UHFFFAOYSA-N	Cc1c[nH]c(-c2cnc(NCCNc3ccc(C#N)cn3)nc2-c2ccc(Cl)cc2Cl)n1	CHIR-99021
IENLGMOXAQMNEH-CYBMUJFWSA-N	COc1cc(Nc2cnc(C#N)c(O[C@H](C)CN(C)C)n2)ncc1-c1cnn(C)c1	CCT244747
LHNIIDJUOCFXAP-UHFFFAOYSA-N	CS(=O)(=O)N1CCN(Cc2cc3nc(-c4cccc5[nH]ncc45)nc(N4CCOCC4)c3s2)CC1	Pictilisib
PSICWGWNIOOULV-UHFFFAOYSA-N	CCOC(Cn1nc(-c2ccc3oc(N)nc3c2)c2c(N)ncnc21)OCC	eCF309
UYUHRKLITDJEHB-UHFFFAOYSA-N	COc1ccc(N(C(=O)Nc2c(C)cccc2C)c2cc(Nc3ccc(N4CCN(C)CC4)cc3)ncn2)c(OC)c1	HG-9-91-01
MJSHVHLADKXCML-RQNOJGIXSA-N	CCCCNc1ncc2c(-c3ccc(CN4CCN(C)CC4)cc3)cn([C@H]3CC[C@H](O)CC3)c2n1	UNC2025
MYKOWOGZBMOVBJ-UHFFFAOYSA-N	O=C(O)c1ccc2c3c1cccc3c(=O)n1c3ccccc3nc21	STO609
AHYMHWXQRWRBKT-UHFFFAOYSA-N		EMD 1214063
VASPFLVEEOBQOS-UHFFFAOYSA-N		HTL-0041178
AYCPARAPKDAOEN-LJQANCHMSA-N	Cc1nc(Nc2[nH]nc3c2CN(C(=O)N[C@H](CN(C)C)c2ccccc2)C3(C)C)c2sccc2n1	PF-3758309
DEEOXSOLTLIWMG-UHFFFAOYSA-N	COCCOc1ccc2c(c1)ncn2-c1ccc2cccc(N3CCC(N)CC3)c2n1	CP-673451
SCFMWQIQBVZOQR-UHFFFAOYSA-N	CCCCOc1c(C(=O)c2c(F)cc(C)cc2F)c[nH]c2nncc1-2	BMS-265246
DTEKTGDVSARYDS-UHFFFAOYSA-N	CC(C)CCN1c2nc(Nc3cc(F)c(O)c(F)c3)ncc2N(C)C(=O)C1C	BI-D1870
XQVVPGYIWAGRNI-JOCHJYFZSA-N	CC[C@@H]1C(=O)N(C)c2cnc(Nc3ccc(C(=O)NC4CCN(C)CC4)cc3OC)nc2N1C1CCCC1	BI2536
QAPAJIZPZGWAND-UHFFFAOYSA-N	CCOc1cc(N2CCC(O)CC2)ccc1Nc1ncc2c(n1)N(C)c1ccccc1C(=O)N2C	XMD8-92
KTUFNOKKBVMGRW-UHFFFAOYSA-N	Cc1ccc(NC(=O)c2ccc(CN3CCN(C)CC3)cc2)cc1Nc1nccc(-c2cccnc2)n1	Imatinib
LQBVNQSMGBZMKD-UHFFFAOYSA-N	CC1(C)CCC(CN2CCN(c3ccc(C(=O)NS(=O)(=O)c4ccc(NCC5CCOCC5)c([N+](=O)[O-])c4)c(Oc4cnc5[nH]ccc5c4)c3)CC2)=C(c2ccc(Cl)cc2)C1	Venetoclax
SOYCFODXNRVBTI-UHFFFAOYSA-N	CN(C)CC#Cc1ccc(OCCCc2sc(N3CCc4cccc(C(=O)Nc5nc6ccccc6s5)c4C3)nc2C(=O)O)c(F)c1	A-1155463
JKMWZKPAXZBYEH-JWHWKPFMSA-N	NCc1ccc(OCCCc2sc(-c3ccc4c(c3)/C(=N/Nc3nc5ccccc5s3)CCC4)nc2C(=O)O)cc1	WEHI-539
XMVAWGSQPHFXKU-UHFFFAOYSA-N	Cc1nn(C)c(COc2ccc(N3CCN(S(=O)(=O)N(C)C)CC3)cc2)c1-c1cccc2c(CCCOc3cccc4ccccc34)c(C(=O)O)n(CCN3CCOCC3)c12	A-1210477
ZFBHXVOCZBPADE-SSEXGKCCSA-N	Cc1c(-c2c(-c3ccc(F)o3)sc3ncnc(O[C@H](Cc4ccccc4OCc4ccnn4CC(F)(F)F)C(=O)O)c23)ccc(OCCN2CCN(C)CC2)c1Cl	S63845
SXQZEMXQTRNLRZ-HXUWFJFHSA-N	COc1ccc(CNC(=O)[C@H]2CN(C(=O)CCl)CCN2S(=O)(=O)c2ccc(OC)cc2)cc1	(R)-SKBG-1
GXTJETQFYHZHNB-GASCZTMLSA-N	CNC(=O)COc1cc2cc(Nc3nc(N4C[C@@H](C)C[C@@H](C)C4)ncc3Cl)ccc2n(C)c1=O	BI-3802
QLXULUNLCRKWRD-UHFFFAOYSA-N	O=C(NNS(=O)(=O)c1ccccc1F)c1cc(F)cc(-c2ccccn2)c1	WM-1119
JWZSSEWMVYKYKW-UHFFFAOYSA-N	O=C(NCCN1CCOCC1)c1ccc2c(c1)C(=O)c1ccc(Nc3ccc(F)c(NC(=O)c4ccccc4)c3)cc1CC2	FS-694
VYWRYBZVVSPTQN-SANMLTNESA-N	N#Cc1c(-c2cc(NC(=O)c3cc(F)cc(C(F)(F)F)c3)c3c(c2)C(=O)N[C@H]3c2cc(F)ccc2Cl)ccc2ncnn12	RLY-2608
OZFFKOSQNBBYCA-UHFFFAOYSA-N	CCc1ccccc1C(=O)Nc1n[nH]c2c(C)c(F)c(C3C(C#N)=C(C)N(C)C(C)=C3C#N)cc12	BAY-3827
ONIQOQHATWINJY-UHFFFAOYSA-N	COc1cc2nccc(Oc3ccc(NC(=O)C4(C(=O)Nc5ccc(F)cc5)CC4)cc3)c2cc1OC	Cabozantinib
WBLVOWHFRUAMCP-UHFFFAOYSA-N	COc1ccc(C(=O)NCc2cc(C(C)C)no2)cc1OC1CCN(C)CC1	ML352
DTBGJTHCIGPRDA-UHFFFAOYSA-N	O=C(NCc1cn2cc(NCCC3CCCCC3)ccc2n1)c1cc(=O)n2ccccc2n1	STM2457
DKZYXHCYPUVGAF-JCNLHEQBSA-N	CC(=O)c1cnc2ccc(-c3cc(Cl)c(O)c(Cl)c3)nc2c1N[C@H]1CC[C@H](CN(C)C)CC1	OTSSP167
SXWMIXPJPNCXQQ-UHFFFAOYSA-N	CN1CCC(Nc2nc(Nc3ccc(Oc4ccccc4)cc3)c3c(=O)[nH]cc(Br)c3n2)CC1	G749
BKWJAKQVGHWELA-UHFFFAOYSA-N	C=CCn1c(=O)c2cnc(Nc3ccc(N4CCN(C)CC4)cc3)nc2n1-c1cccc(C(C)(C)O)n1	Adavosertib
YKDZIFFKQUNVHH-UHFFFAOYSA-N	CCC(=O)Nc1cc(Nc2cc(NC3CC3)n3ncc(C#N)c3n2)ccc1C	SGC-CK2-1
GJYVLTPTDBQQCY-UHFFFAOYSA-N	COc1cc(Nc2nccc(-c3cnn4nc(OC)ccc34)n2)cc(C(F)(F)F)c1	SGC-CLK-1
IRTDIKMSKMREGO-OAHLLOKOSA-N	Cc1cc([C@@H](C)Nc2ccccc2C(=O)O)c2nc(N3CCOCC3)cc(=O)n2c1	AZD-6482
SUNXHXDJOIXABJ-NSHDSACASA-N	Cc1cc(Nc2nc(N[C@@H](C)c3ccc(F)cc3)c(C#N)cc2F)n[nH]1	AZ-960
CDOOFZZILLRUQH-GDLZYMKVSA-N	Cc1c(NC(=O)c2cc3c(s2)CCCC3)cccc1-c1cn(C)c(=O)c(Nc2ccc([C@@H]3C(=O)N(C)CCN3C)cc2)n1	GDC-0834
VMJFTOSOFDEKTM-UHFFFAOYSA-N	Cn1cc(-c2cnc3ccc4ccc(CS(=O)(=O)NCc5ccccn5)cc4c(=O)c3c2)cn1	MK-8033
WKIALOXOAZXGMG-UHFFFAOYSA-N	C=C1c2cc(OCCOC)cnc2C=CN1C(C)c1nnc2c(F)cc(-c3cnn(C)c3)cn12	AMG-337
XWQVQSXLXAXOPJ-QNGMFEMESA-N	COC[C@@H](C)NC1CCC(Nc2cc(-c3cccc(NCC4(C#N)CCOCC4)n3)c(Cl)cn2)CC1	NVP-2
KNLROUBMVYVLGX-UHFFFAOYSA-N	C=CC(=O)Nc1ccc(F)c(-c2ncnc3[nH]cc(C(=O)OCC)c23)c1	JAK3i
AUWUGRCKTQSGJY-HHHXNRCGSA-N	N#Cc1ccc(OCCCN2CCC([C@@](N)(c3ccccc3)C3CCCC3)CC2)cc1	MIV-6R
IXZOHGPZAQLIBH-NRFANRHFSA-N	O=C1CC[C@H](N2Cc3c(OCc4ccc(CN5CCOCC5)cc4)cccc3C2=O)C(=O)N1	IBERDOMIDE
GSGDUDAFETZSPM-IATAILRESA-N		CCT373566
BANRYGZZIMCKNA-OYGJEQPESA-N	O=C1CCC(N2Cc3c(CCCCCNC(=O)[C@@H]4NC5(CCCCC5)[C@@]5(C(=O)Nc6cc(Cl)ccc65)[C@H]4c4cccc(Cl)c4F)cccc3C2=O)C(=O)N1	MG-277
PWBHUSLMHZLGRN-UHFFFAOYSA-N	O=C1CCC(N2Cc3cc(CNC(=O)C(F)(F)c4ccc(Cl)cc4)ccc3C2=O)C(=O)N1	CC-90009
WCPTUQOMNJBIET-CALCHBBNSA-N	Cc1cc(N2C[C@H](C)N[C@H](C)C2)ncc1-c1ccc(-c2nc(=O)c3ccn(C)c3[nH]2)cc1	AZ6102
NWGMIELHSCQGOG-ZDUSSCGKSA-N	C[C@H]1Cn2c(nnc2C(C)(F)F)CN1C(=O)c1cccc(C(F)(F)c2n[nH]c(=O)c3ccccc23)c1	AZ0108
FMTVWAGUJRUAKE-UHFFFAOYSA-N	CC(C)Oc1ccc(-c2c[nH]cc2CN(C)CCN)cc1	MS023
OHRURASPPZQGQM-GCCNXGTGSA-N	C/C=C1\NC(=O)[C@H]2CSSCC/C=C/[C@H](CC(=O)N[C@H](C(C)C)C(=O)N2)OC(=O)[C@H](C(C)C)NC1=O	Romidepsin
OHRDCQFCAWLDBP-SBUREZEXSA-N	Cc1cccc2c1CC[C@H](CN1CCC(c3c(Cl)cccc3Cl)CC1)C[C@@H]2O	SB-612111
KKFFOOWORPUAJB-NVXWUHKLSA-N	Cc1nc(N[C@H](C)c2cccc(C(F)F)c2F)c2cc3c(cc2n1)OC[C@H]1CN(C(=O)C2(C#N)CC2)CCN31	SOS1-IN-1-15
XCGYXEVLQIIEJH-UHFFFAOYSA-N	CNC(=O)COc1cc2cc(Nc3nc(N4CCC(C(=O)N(C)C)CC4)ncc3Cl)cc(OC)c2n(C)c1=O	BI-3812
BNTAEJNPQLMGDJ-LLVKDONJSA-N	Cc1nc(N2CC[C@@H](O)C2)ncc1-c1cc(C(F)(F)F)cc2[nH]ncc12	TP-004
PFPSFENQCNMITC-MRXNPFEDSA-N	COc1cc(C)[nH]c(=O)c1CNC(=O)c1c(C)n([C@H](C)C2CCOCC2)c2ccccc12	CPI-360
WXRGFPHDRFQODR-ICLZECGLSA-N	CC(C)N(CCCNC(=O)Nc1ccc(C(C)(C)C)cc1)C[C@H]1O[C@@H](n2ccc3c(N)ncnc32)[C@H](O)[C@@H]1O	EPZ004777
ULNXAWLQFZMIHX-UHFFFAOYSA-N	CCCc1cc(C)[nH]c(=O)c1CNC(=O)c1cc(-c2ccnc(N3CCN(C)CC3)c2)cc2c1cnn2C(C)C	GSK343
PFHDWRIVDDIFRP-UHFFFAOYSA-N	CCC(CC)n1ccc2c(C(=O)NCc3c(C)cc(C)[nH]c3=O)cc(C#N)cc21	EI1
NSQSAUGJQHDYNO-UHFFFAOYSA-N	CCN(c1cc(-c2ccc(CN3CCOCC3)cc2)cc(C(=O)NCc2c(C)cc(C)[nH]c2=O)c1C)C1CCOCC1	EPZ-6438
CACMCLIHCDTJHL-IDTAVKCVSA-N	CCNC(=O)NCCSC[C@H]1O[C@@H](n2cnc3c(N)ncnc32)[C@H](O)[C@@H]1O	DS-437
XGVXKJKTISMIOW-ZDUSSCGKSA-N	Cc1n[nH]cc1-c1cc2nc([C@@H]3CC4CCN3CC4)[nH]c(=O)c2s1	SIMUROSERTIB
LQTWDAYNGMMHLV-UHFFFAOYSA-N	CCCc1cc(C)[nH]c(=O)c1CNC(=O)c1cc(-c2ccc(N3CCN(C)CC3)nc2)nc2c1cnn2C(C)C	JQEZ5
HPODOLXTMDHLLC-QGZVFWFLSA-N	COc1cc(C)[nH]c(=O)c1CNC(=O)c1c(C)n([C@H](C)C2CCN(CC(F)(F)F)CC2)c2ccccc12	CPI-1205
PTPNCCWOTBBVJR-UHFFFAOYSA-N	CCOC(=O)c1ccc(-n2cc(Cc3cnc(OCC)nc3)c(=O)nc2SCc2ccc(F)cc2)cc1	GW1100
ATFQBBCQZKVZJN-QMMMGPOBSA-N	Cc1[nH]c2c(N3CCO[C@H](CO)C3)c(C#N)c(C(F)(F)F)nc2c1Cl	PF-06869206
QLPHOXTXAKOFMU-WBVHZDCISA-N	CNc1nc(-c2ccc3c(N)n[nH]c3c2)cc(N2C[C@@H](C(=O)NC3CCCCC3)CC[C@H]2C)n1	GSK2334470
XKQLNDPUQSZBJW-QGHHPUGFSA-N	CO[C@H](C)[C@H](OC)c1c(NC(=O)Nc2cnc(-n3nccn3)c(Cl)c2)cnc2cc(Cl)nn12	MLT-748
VOVZXURTCKPRDQ-CQSZACIVSA-N	O=C(Nc1ccc(OC(F)(F)Cl)cc1)c1cnc(N2CC[C@@H](O)C2)c(-c2cc[nH]n2)c1	Asciminib
YHMDHAMZFMNMTF-MSOLQXFVSA-N	Cc1cccc(N(C)C(=O)[C@@H]2[C@H](O)CCN2c2nc(C)cc(C(F)(F)F)c2C#N)c1	ART558
IIQUYGWWHIHOCF-UHFFFAOYSA-N	O=C(NCCO)c1cccc(-c2cc(Nc3ccc(OC(F)(F)F)cc3)ncn2)c1	GNF-5
OINGHOPGNMYCAB-INIZCTEOSA-N	CC(C)NC(=O)N1CC[C@H](NC2=Nc3cc(F)ccc3N(CC(F)F)c3ccc(Cl)cc32)C1	NVS-PAK1-1
JBGYKRAZYDNCNV-UHFFFAOYSA-N	NC(=O)c1ccc2nc(-c3ccc(C4(N)CCC4)cc3)c(-c3ccccc3)n2n1	BAY1125976
DMIDPTCQPIJYFE-UHFFFAOYSA-N	O=C(NCC(=O)N1CCCC1)Nc1ccc2cnccc2c1	SGC707
HSVRUECLQUGTDS-UHFFFAOYSA-N	COc1ccc(-c2c(Nc3ccccn3)[nH]c3c(C4=CCCCC4)c(-c4ccccc4)nn3c2=O)cc1	AG-270
VUIRVWPJNKZOSS-UHFFFAOYSA-N	Cc1cnc(-c2ccccc2C(C)C)nc1NCc1ccc(-n2ccnn2)cc1	ML323
XMWUCMFVDXDRDE-NRFANRHFSA-N	Cc1ccc2c(NS(=O)(=O)c3ccccc3Cl)cccc2c1Oc1ncccc1-c1ccnc(N[C@H]2CCCNC2)n1	AMG-18
VIQXILLOJLATEF-UHFFFAOYSA-N	Cc1nn(-c2nc3ccc(Cl)c(Cl)c3[nH]2)c(O)c1C1OC(=O)c2ccccc21	RU.521
UJGTUKMAJVCBIS-UHFFFAOYSA-N	Cc1cc(OCc2nnc(SC3CCCC3)n2-c2cccnc2)ccc1-c1ccc(S(C)(=O)=O)cc1	NMS-873
ZPNTXOKOIHPCLI-UHFFFAOYSA-N	CN1CCN(c2ccc(Oc3ccc4c(c3)C(=O)N(Cc3ccccc3)c3cc(F)ccc3N4)cc2)CC1	DDC-03-024-01
NVGROBHDOYRPAN-FPTDNZKUSA-N	CO[C@@H](C)c1c(Nc2ccc([C@H](N(C)C(=O)C3CCS(=O)(=O)CC3)C(F)(F)F)cc2)cnc2cc(Cl)nn12	NVS-MALT1
VKQBTIMLSDGNLG-QHCPKHFHSA-N	O=C(Nc1cnc(Oc2ccc(F)cc2)nc1)N1CCc2ncccc2[C@@H]1c1ccc(F)cc1	BAY-899
ZNNLBTZKUZBEKO-UHFFFAOYSA-N	COc1ccc(Cl)cc1C(=O)NCCc1ccc(S(=O)(=O)NC(=O)NC2CCCCC2)cc1	Glyburide
FAEKWTJYAYMJKF-QHCPKHFHSA-N	CCOc1cc(CC(=O)N[C@@H](CC(C)C)c2ccccc2N2CCCCC2)ccc1C(=O)O	Repaglinide
LYPAFUINURXJSG-AWEZNQCLSA-N	CN1C(=O)[C@@H](NC(=O)c2n[nH]c(Cc3ccccc3)n2)COc2ccccc21	GSK2982772
JGWRKYUXBBNENE-UHFFFAOYSA-N	FC(F)(F)c1ccc(CNc2ccc(Cc3c[nH]c4ncc(Cl)cc34)cn2)cn1	PEXIDARTINIB
RZLXOEIALAVGKH-UHFFFAOYSA-N	COc1cc2c(cc1Nc1ncc(C(N)=O)c(Nc3c(F)cccc3C(F)(F)F)n1)CN(C)CC2	HPK1-IN-3
ZKIQFLSGMMYCGS-SANMLTNESA-N	N[C@@H](CC(=O)N1CCN(C(c2ccc(F)cc2)c2ccc(F)cc2)CC1)C(=O)N1Cc2ccccc2C1	1G244
PMJIHLSCWIDGMD-UHFFFAOYSA-N	O=c1sn(-c2cccc3ccccc23)c(=O)n1Cc1ccccc1	TIDEGLUSIB
NIHAFOURWLZLFN-UHFFFAOYSA-N	O=C(Nc1cn[nH]c1C(=O)NC1CCNCC1)c1cc(F)cc(F)c1	SGC-CDKL5_GSK3
KKMZWHRTQLNOCF-UHFFFAOYSA-N	CS(=O)(=O)Nc1ccc(-c2cncc(-c3cccc4[nH]ccc34)c2)cc1	TM-04-176-01
NFHSJYKXENYICE-UHFFFAOYSA-N		IOA-244
GOVYBPLHWIEHEJ-UHFFFAOYSA-N	CN1CCc2c(c3ccccc3n2Cc2ccc(C(=O)NO)cc2)C1	Tubastatin-A
OJQMKCBWYCWFPU-UHFFFAOYSA-N		Selexipag
WXTJCPHELGTTJU-FMKPAKJESA-N		AEP-IN-3
JYYLVUFNAHSSFE-UHFFFAOYSA-N	Cn1c(=O)c(Oc2ccc(F)cc2F)cc2cnc(NC(CCO)CCO)nc21	PAMAPIMOD
DNVFTXQYIYFQBW-UHFFFAOYSA-N	C=CC(=O)Nc1cccc(CN2C(=O)N(c3c(Cl)c(OC)cc(OC)c3Cl)Cc3cnc(NCCCCN(CC)CC)nc32)c1	FIIN-1
NDVITLLKZQXKGU-IBGZPJMESA-N	CC(C)c1ccc(N(C)c2ccc3c(c2)OCC[C@H]3CNc2cnccc2C(=O)O)cc1	TACH101
QYJLBHRAPDJOSO-NVXWUHKLSA-N		Atirmociclib
HEAUOKZIVMZVQL-VWLOTQADSA-N		ELAGOLIX
ASRLBLHATMXGPC-UHFFFAOYSA-N	COc1cc(-c2cn(C)c(=O)c(C)c2C)ccc1C1(N2CCN(C)CC2)CC1	BI-7190
POKVQQVLRJLUAK-UHFFFAOYSA-N	Cc1cc(Nc2nc(N(C)c3c(F)cc(S(C)(=O)=O)cc3F)nc(-c3cn(C)cn3)c2C2CC2)n[nH]1	RP-1664
RKAFYSIKAVFVPS-UHFFFAOYSA-N		SJ6986
XVGSKZXXLKUEIO-MRXNPFEDSA-N		TDI-11861
NRHPFMQPXSSELC-QHCPKHFHSA-N	CC(C)(C)NS(=O)(=O)c1ccc(NC(=O)[C@H](Cc2ccccc2)NC(=O)c2ccc(F)cc2)cc1	USP30inh
GJMZWYLOARVASY-NTCAYCPXSA-N	CN(C)C(=O)/C(C#N)=C/c1ccc(-c2nc3cnc4[nH]ccc4c3n2C2CCCCC2)o1	FM-381
KTBSXLIQKWEBRB-UHFFFAOYSA-N	C1CN(CCC1N2CC(C2)(CC#N)N3C=C(C=N3)C4=C5C=CNC5=NC=N4)C(=O)C6=C(C(=NC=C6)C(F)(F)F)F	ITACITINIB
HXYXHSDYBDFOFO-INIZCTEOSA-N		CRT0273750
HHFWQMFTPDFWLM-UHFFFAOYSA-N	[H]/N=C(\N)c1ccc(NCc2cc(C=C)ccc2-c2ccc(C(=O)NCC(C)C)cc2C(=O)O)nc1	BCX-3607
FSQGWBXWGNWEAV-CMDGGOBGSA-N	Cc1cccc(-c2nn3c(c2-c2ccc4ncnn4c2/C=C/C(N)=O)CCC3)n1	GFH018
OXTSYWDBUVRXFF-GDLZYMKVSA-N		AZENOSERTIB
KRNAOFGYEFKHPB-ANJVHQHFSA-N		RIMEGEPANT
LBFYQISQYCGDDW-UHFFFAOYSA-N	Cn1cc(-c2ccc(-c3cncc(Cl)c3N3CCC4(CCNC4=O)CC3)cc2)cn1	CCT251545
WBFSPPPOPIJCLF-UHFFFAOYSA-N		BIIB129
XFBJUMZGUOUWSC-UHFFFAOYSA-N	CCCCCCCCC(=O)c1cccc2oc(-c3cc(OC)ccc3OC(=O)N3CCCC3)cc12	hCES2A-IN-9d
JLIJJLLYTGASQX-UHFFFAOYSA-N	CCCCCCC(=O)c1c(C)ccc2oc(-c3cc(OC)ccc3O)cc12	LC-20W
FUEYCNUHTBZPRF-SVBPBHIXSA-N	O=C(N[C@@H](Cc1ccc(F)cc1)C(=O)N[C@@H](Cc1ccccc1)C(=O)CCl)c1cccc2ccccc12	D6-3
KDTQFQYXTWVBCC-UHFFFAOYSA-N	O=C(NCc1ccc(OC(F)(F)F)cc1F)c1ccc2ncnn2c1	ONO-2920632
GSLHDZCTAHKMDW-UHFFFAOYSA-N	CC(C)Oc1cc(F)ccc1-c1ccnc(NC(=O)Nc2cccc(C(=O)N3CCN(C)CC3)c2)c1	1-7a-B1
DXAQGYQVEJTSTD-UHFFFAOYSA-N	O=C(NCc1ccc(OC(F)(F)F)cc1Cl)c1ccn2cnnc2c1	ONO-6830634
ODRITQGYYWHQGM-INIZCTEOSA-N	Cc1n[nH]c2ncc(C(=O)N3CCC[C@H]3c3ccc(Cl)cc3)cc12	MSC2530818
BODASLVEZBWITD-ACCUITESSA-N	COc1ccc(-c2ccc3[nH]c(=O)c4nnn(-c5ccc(N6CCN(C(=O)/C=C/C(=O)c7ccc(F)cc7)CC6)c(C(F)(F)F)c5)c4c3c2)cn1	CQ627
XBWKVZHZUZNMJE-UHFFFAOYSA-N	O=C1NCCCCCNc2nc(c3ccccc3n2)Nc2cc1[nH]n2	JA310
OYMNPJXKQVTQTR-UHFFFAOYSA-N	FC(F)(F)c1cccc(-c2noc(-c3cc(-c4ccccc4)c(C(F)(F)F)s3)n2)c1	SEW-2871
BXNMZRPTQFVRFA-QGZVFWFLSA-N	C[C@H](c1ccc(F)cc1)N(Cc1cccc(C(=O)O)c1)C(=O)c1cnc2ccccc2c1	PF-05105679
WCWUXEGQKLTGDX-LLVKDONJSA-N	Cc1cc2c(F)c(Oc3ncnn4cc(OC[C@@H](C)O)c(C)c34)ccc2[nH]1	Brivanib
HTCJUBZBSJQWBW-CQSZACIVSA-N	CCCC[C@](C)(CO)Nc1nc(N)nc2cc(F)cnc12	SELGANTOLIMOD
VSOUDUXMPUHJEU-UHFFFAOYSA-N	COc1ccc(CNC(=O)c2cc(-c3cncc(C)c3)ncc2-c2nccs2)nc1OC	MK-3697
RSJAXPUYVJKAAA-JPGJPTAESA-N	N=C(N)NCCC[C@H](NC(=O)CC1(CC(=O)N2CCN(C3c4ccccc4NC(=O)c4ccccc43)CC2)CCCC1)C(=O)NCCn1c(=O)n(-c2ccccc2)n(-c2ccccc2)c1=O	BIIE0246
ATALOFNDEOCMKK-OITMNORJSA-N	C[C@@H](O[C@H]1OCCN(Cc2n[nH]c(=O)[nH]2)[C@H]1c1ccc(F)cc1)c1cc(C(F)(F)F)cc(C(F)(F)F)c1	APREPITANT
ATHZIFFSGSWIAU-UHFFFAOYSA-N	c1ccc(CN2CCC(CCNc3cc4c(nn3)-c3ccccc3CCC4)CC2)cc1	PCS1055
UXZAJSZFFARTEI-YRPNKDGESA-N	COC(=O)N1CCC[C@H](NS(C)(=O)=O)[C@@H]1CO[C@H]1CC[C@@H](c2ccccc2)CC1	DANAVOREXTON
YHGBLECINAKBKX-UHFFFAOYSA-N	NCC(=O)Nc1ccc(OCc2cc(C(F)(F)F)cc(C(F)(F)F)c2)cc1	BAY 2686013
NCWQLHHDGDXIJN-UHFFFAOYSA-N	Cc1cc(-c2nnc(N)nc2-c2ccc(F)cc2)cc(Cl)n1	IMARADENANT
OAEWNSKRLBVVBV-QSEAXJEQSA-N	CCCCN(CCCC)C(=O)CN1C[C@H](c2cc(OC)c3c(c2)OCO3)[C@@H](C(=O)O)[C@@H]1CC(C)(C)CCC	ABT-546
QLOHOGRMRUDDPM-LBPRGKRZSA-N	COc1ccc(-c2cc(C(=O)N[C@H]3CCCN(C)C3)nn2C)c(Cl)c1	CVN417
FOBFICSYUINKAA-XMMPIXPASA-N	CCCCC1(CCCC)N[C@@H](c2nc(-c3ccccc3)c[nH]2)Cc2c1[nH]c1ccccc21	BN-81644
PUKBOVABABRILL-YZNIXAGQSA-N	Cc1ccc(NC(=O)[C@H]2CCCN(C(=O)c3c(C)cccc3F)[C@H]2c2ccc(NC3CCCC3)cc2)cc1C(F)(F)F	AVACOPAN
FJZNNKJZHQFMCK-LRDDRELGSA-N	COc1cc(F)c([C@@H]2CNC(=O)[C@H]2NC(=O)Nc2ccccc2)c(F)c1	BMS-986235
BZCALJIHZVNMGJ-HSZRJFAPSA-N	Cc1cc(OCCCS(C)(=O)=O)cc(C)c1-c1cccc(COc2ccc3c(c2)OC[C@H]3CC(=O)O)c1	Fasiglifam
KDFQABSFVYLGPM-QFIPXVFZSA-N	Cc1cccc(NC(=O)N[C@@H]2N=C(c3ccccc3)c3ccccc3N(C)C2=O)c1	L-365260
PZGSYNNVPNLHQG-SANMLTNESA-N	O=C(NCc1ncc(C(F)(F)F)cc1Cl)c1ccc2c(c1)C1(CCS(=O)(=O)CC1)[C@H](C1CC1)N2S(=O)(=O)c1ccc(F)cc1	BAY-784
OGJGQVFWEPNYSB-UHFFFAOYSA-N	Clc1ccc(N2CCN(Cc3c[nH]c4ncccc34)CC2)cc1	L-745870
AGVNHDNTFYHZNL-QGZVFWFLSA-N	Cc1cccc(S(=O)(=O)N(C)[C@H](C)CCN2CCC(C)CC2)c1	SB-258719
VXNAMCLMCBLNOL-NFQMXDRXSA-N	Cc1cc(OCCC(C)(C)O)cc(C)c1-c1ccc(F)c2c1CC[C@H]2Oc1ccc2c(c1)OC[C@H]2CC(=O)O	BI-2081
HVVLGXULBVAFRZ-UHFFFAOYSA-N	CNc1cc[n+](CCNC(=O)c2ccn3c(-c4c(C)noc4C)cnc3c2)cc1.[Cl-]	BAY-6096
HLCHESOMJVGDSJ-LOYHVIPDSA-N	O=C(N[C@H](Cc1ccc(Cl)cc1)C(=O)N1CCC(Cn2cncn2)(C2CCCCC2)CC1)[C@H]1Cc2ccccc2CN1	THIQ
VOSAWOSMGPKQEQ-OALUTQOASA-N	CC(C)(O)C(=O)N1CC[C@H](NS(C)(=O)=O)[C@@H]1Cc1cccc(-c2cc(F)cc(F)c2)c1F	Firazorexton
DTCZNKWBDTXEBS-UHFFFAOYSA-N	Cc1cc(C)c2c(n1)CN(C(=O)CC1CN(c3ccnc(C(F)(F)F)c3)C1)C2	Emraclidine
PTOIAAWZLUQTIO-GXFFZTMASA-N	CCC(=O)NC[C@@H]1C[C@H]1c1cccc2c1CCO2	TASIMELTEON
TYXSIXOYTBHZFA-UHFFFAOYSA-N	Cc1cc(-n2nc(Cc3cc(F)cc(C(F)(F)F)c3)nc2C)ccc1C(N)=O	TP-024
PMEQBGAGFZDWQX-UHFFFAOYSA-N	CCOc1ccc(NC(=S)N2CCC(C(O)(c3ccccc3)c3ccccc3)CC2)cc1	ML075
ZPCGODCPRDIFRQ-UHFFFAOYSA-N	COc1cc(-c2cc(-c3ccc4c(c3)CN(C)C(C)(C)C4)cnc2N)cc2c1C(=O)N(CC(F)(F)F)CC2	GLPG4970
CZQHHVNHHHRRDU-UHFFFAOYSA-N	O=c1cc(N2CCOCC2)oc2c(-c3ccccc3)cccc12	LY294002
QXURFIGBRGWPQD-UHFFFAOYSA-N	CN1CCN(c2cnc3c(C4CCN(C(=O)c5ccc(OC(F)(F)F)cc5N)CC4)ncnc3c2)CC1	BAY-885
AFJRYPJIKHMNGL-UHFFFAOYSA-N	FC(F)c1ncn2c1Cn1ncnc1-c1cc(Br)ccc1-2	RO4938581
LPORLBPACXEOET-UHFFFAOYSA-N	CN1CCN(c2cccc(Nc3ncc(F)c(-c4ccc5cnn(C)c5c4)n3)c2)CC1	LP46
GQCXHIKRWBIQMD-AKJBCIBTSA-N	C[C@@H]1Cc2c([nH]c3ccccc23)[C@@H](c2c(F)cc(NC3CN(CCCF)C3)cc2F)N1CC(F)(F)CO	GIREDESTRANT
QAKJEKTXKXAPBP-MGCURZBSSA-N	CCN[C@@H]1CC[C@H]2CC[C@@H]1N2c1ccc2c(c1)C(=O)N(C1CCC(=O)NC1=O)C2=O	NK7-902
ODOJVROSIRINJT-LJQANCHMSA-N	CC1=CC2=C(C=CN=C2N1)C3=C(C=C(C=C3)NC(=O)[C@@H](CC(C)(C)C)N)C	C3TD879
ZUFHZMHKCFCIHV-JRFCFUNGSA-N	CN(C)C(=O)c1ccc(-c2n[nH]c3ncc(-c4ccc5c(c4)CC[C@@H](N4C6COCC4C6)CC5)cc23)cc1	AXL-IN-68
LTNDTFYBIKTRBQ-UHFFFAOYSA-N	C=CC(=O)Nc1cccc(C(=O)Nc2cccc(-n3cc(NC(=O)Nc4cccc5ccccc45)cn3)c2)c1	JNK2_3 COV56d
OVUNRYUVDVWTTE-UHFFFAOYSA-N	CCN(CC)C(=O)C(c1ccccc1)N1CCN(c2ccc(NC(=O)c3ccccc3-c3cccnc3)cc2F)CC1	JNJ-31020028
HUOLMBXGHHSYHC-QWQFASRJSA-N	C[C@H]1CCCN(Cc2cc3c(c(C(F)(F)F)c2)CN(c2cccc([C@]4(c5nncn5C)C[C@@H](C)C4)c2)C3=O)C1	NX-1607
CEGVLCNHZDUFIJ-NSHDSACASA-N	OC[C@@H](O)CNc1nnc(-c2ccc(C(F)(F)F)cc2O)c2ccccc12	AZD4144
ZVDNXHUSIKGTSF-UHFFFAOYSA-N	CC(C)n1cnc(-c2ccc(F)cc2)c1-c1ncc(C(=O)Nc2ccc(N3CCN(C)CC3)cc2)[nH]1	Rentosertib
QJWQAZTYFYCFQU-RMKNXTFCSA-N	Cc1ccc(CNC(=O)c2cc(/C=C/C(=O)O)cc(-c3ccc4ncnn4c3)c2)cc1	UNMCK90
NORRDWRSNUOCBV-XCIZWWPASA-N	CC(=O)N1CCc2c(c(N3CCCc4cc(-c5cnn(C)c5)c(C(F)F)cc43)nn2[C@H]2CC[C@H](CN3Cc4cc5c(cc4C3)C(=O)N(C3CCC(=O)NC3=O)C5=O)CC2)C1	CBPD-268
BFMWIVWPPKENIN-AWEZNQCLSA-N	C[C@@H](C1=CC=CC=C1)N2CN(N3C=CC(=O)C(=C3C2=O)O)C4=NC=C(C5=C4C=NC=C5)Cl	ART5537
CLCTZVRHDOAUGJ-SYVGMNBRSA-N	N#Cc1ccc(O[C@H]2CC[C@H](NC(=O)c3ccc(N4CCC(CN5CCN(c6cc7c(cc6F)C(=O)N(C6CCC(=O)NC6=O)C7=O)CC5)CC4)nn3)CC2)cc1Cl	BAVDEGALUTAMIDE
JNTJTCXFIXNXDV-VIFPVBQESA-N	C[C@@H]1OC(=O)NN=C1c1ccc(-c2ccc(F)cc2)c(C(F)(F)F)c1	BAY2666605
DTWUUAFTYSMNQX-GFCCVEGCSA-N	CCn1ncc2c1-c1cnc(N)c(c1)O[C@H](C)c1cc(F)ccc1-c1nn(C)nc1C2	NVL-520
FZJKQMONKPFLEO-NZIMVQFPSA-N	Cn1nc(C2CCC(=O)NC2=O)c2ccc(N3CCN(C[C@H]4CC[C@H](NC(=O)[C@@H]5NC6(CCCCC6)[C@@]6(C(=O)Nc7cc(Cl)ccc76)[C@H]5c5cccc(Cl)c5F)CC4)CC3)cc21	MD-4251
JFHROPTYMMSOLG-UHFFFAOYSA-N	COc1cccc(Nc2c(C(N)=O)cnc3c(C)cc(S(=O)(=O)c4cccc(C(=O)N(C)C)c4)cc23)c1	GSK256066
BZJPCUQQPJJBTP-FGZHOGPDSA-N	CC(C)Oc1ccc(-c2ccc(N(CCOC(F)F)C(=O)[C@@H]3C[C@H]3c3ccncn3)c3c2cnn3C)cc1	BI-9508
OLAGZWUBPYQCBR-JSKJCRAUSA-N	Cc1ncsc1-c1ccc(CNC(=O)[C@@H]2C[C@@H](O)CN2C(=O)[C@@H](NC(=O)CCCCCCCNc2cc(N3CCC4(CC3)CN(c3cc(F)c(CN5CCC(C)(C)CC5)cc3F)CC(=O)N4)ncn2)C(C)(C)C)cc1	KH12
KVDLSQZBDWJNSG-VINRIKPSSA-N	Cc1ncc(-c2ccc3nc(NC(=O)CCCCCCCCCCC(=O)N[C@H](C(=O)N4C[C@H](O)C[C@H]4C(=O)NCc4ccc(-c5scnc5C)cc4)C(C)(C)C)sc3c2)cc1NC(=O)OC1CCCCC1	R1-ICR-5
ISQCXAWAHDJCRH-FKDRFZFOSA-N	O=C1CCC(N2Cc3c(C#CC4CCN(C(=O)[C@H]5CC[C@H](NC(=O)[C@@H]6NC7(CCCCC7)[C@@]7(C(=O)Nc8cc(Cl)ccc87)[C@H]6c6cccc(Cl)c6F)CC5)CC4)cccc3C2=O)C(=O)N1	MD-265
JBTHUOYYUUPUOZ-LIHPQFRDSA-N	Cc1ncsc1-c1ccc([C@H](CC[C@H](C)CCN2CCC(c3ccc4c(c3)n(C3CCCC3)c3nc(=O)c5c(Br)cccc5n43)CC2)NC(=O)[C@@H]2C[C@@H](O)CN2C(=O)[C@@H](NC(=O)C2(F)CC2)C(C)(C)C)cc1	ACBI2
PTARASCXNREVCH-UHFFFAOYSA-N	Cc1nc2ccc(-c3ccnc(N)c3)nc2n1-c1ccc(N2CCN(CC#Cc3ccc(N4CCC(C(=O)N5CCC(n6cc(CNc7cccc8c7C(=O)N(C7CCC(=O)NC7=O)C8=O)cn6)CC5)CC4)nc3)CC2)c(F)c1	DYR684
AJQAXIIJKPCAOP-XVNGORCSSA-N	C[C@H](NC(=O)c1ccc2c(Oc3ccc(C(F)(F)F)cc3)cccc2c1)c1cccc(CN2CCN(c3ccc4c(c3)CN(C3CCC(=O)NC3=O)C4=O)CC2)n1	HC278
PLCITURFVJNAFH-GUQHISFFSA-N	Cc1cn([C@@H]2O[C@H](CSCCCCNCc3cccnc3C(C)(C)C)[C@@H](O)[C@H]2O)c2ncnc(N)c12	MRK-990
NIQFZCJNEODJTE-CSIWTOAPSA-N	Cc1ncsc1-c1ccc([C@H](C)NC(=O)[C@@H]2C[C@@H](O)CN2C(=O)[C@@H](NC(=O)CCCCCC(=O)N2CCC3(CC2)CCN(c2cncc(Nc4ncc(Cl)c(-c5cccc(-c6ccccc6)c5)n4)c2)C3=O)C(C)(C)C)cc1	TMX-4153
DYDFSGCLYIZSAQ-UHFFFAOYSA-N	CN(C)c1nn(CC(=O)Nc2ccc3nncn3n2)c(=O)c2ccc(C(F)(F)F)cc12	JNJ-79883960
ANAOJSKQILNLRY-MWTRTKDXSA-N	C=CC[C@@H]1c2cc(OC)c(OC)cc2CN2CCc3cc4c(cc3[C@H]12)OCO4	PSFL1911
FIFRHLLUVCAOIK-SJCJKPOMSA-N	C[C@H](Oc1nn2c(c(O)c1=O)C(=O)N1CCOC[C@@H]1C2)c1ccc2ccc(Cl)cc2c1	MSC778
MMHYOHYLSFWJJB-ZDUSSCGKSA-N	CCN(C(=O)c1cccc(F)c1-c1ncccn1)[C@@H](C)CNc1ncc(C(F)(F)F)cn1	BI-5121
YPXUKPNZQTWCRR-UHFFFAOYSA-N	Cc1nc(C(=O)NCc2cccnc2)cnc1OCC(F)(F)c1cc(Cl)ccn1	JNJ-7891118
DJOZFERTDDZPJO-UHFFFAOYSA-N	Nc1nccc(-n2cc(C(=O)N3CCN(CCCCCCCC(=O)N4CCN(CCNc5cccc6c5C(=O)N(C5CCC(=O)NC5=O)C6=O)CC4)CC3)c3ccc(C#CC4(O)CCCCC4)cc32)n1	CPS-021
YOOKRVNCYQFKCT-UHFFFAOYSA-N	C=CC(=O)Nc1ccc(-n2nc(C(F)F)cc2-c2cnc(NC(=O)C(C)C)s2)cc1	SM311
RGHSVQHKNJAFGR-QFIPXVFZSA-N	Cc1cc([C@]2(c3cccc(-c4cncnc4)c3)N=C(N)N(C)C2=O)ccc1OC(F)F	FAH65E(-)
XHMSDQXEIBTTBE-QFIPXVFZSA-N	N[C@H](C(=O)N1CCCC1)C1CCN(c2nccc3c(-c4ncc(Cl)cc4Cl)cccc23)CC1	PAD-PF2
FFUVDKANSJZSAK-JDXGNMNLSA-N	CO[C@H](C(=O)N1Cc2c(-c3ccc(C(=O)N4CCCc5ccccc54)cc3)cnn2C[C@H]1C(C)C)c1cnn(C)c1	BIO-2007817
XRAUKWUDYSUHJM-LLVKDONJSA-N	CCS(=O)(=O)c1nc(S(=O)(=O)c2ccccc2Cl)c(N2CCN(C)C(=O)[C@H]2C)s1	KEAP-IN-23
IYFKRANQUJUTKF-UHFFFAOYSA-N	O=C(CNc1cccc(-c2cc(-c3ccc4c(c3)OCO4)[nH]n2)c1)NCCOCCOCCOCCNc1cccc2c1C(=O)N(C1CCC(=O)NC1=O)C2=O	alphaSyn PROTAC 2b
LDFDXTNMCGLUMQ-YGKODULZSA-N	C[C@@H](C(=O)Nc1cccc(OC2CCN(C(=O)CN3CCC(N4CCN(c5ccc6c(c5)C(=O)N(C5CCC(=O)NC5=O)C6=O)CC4)CC3)CC2)c1)[C@H]1CC[C@@H](c2ccnc3ccc(F)cc32)CC1	NU227326
RIEBAXQZOMUWKX-UHFFFAOYSA-N	CCCCC(=O)N1CC2(C1)CN(c1ccccc1-c1nnn[nH]1)C2	T-10430
LPDOIXPRZOWBJV-HOCLYGCPSA-N	CSc1ccc(C[C@H](C)C(=O)O)cc1Nc1nc(N2CC[C@H](N(C)C)C2)cc(C(F)F)c1C#N	BI-9787
HGQYUHFFAIXWDI-GOSISDBHSA-N	O=C(Nc1c[nH]nc1-c1cc2c(cn1)cnn2CC(F)(F)F)N1CC[C@](O)(C(F)(F)F)CC12CC2	PLK4-IN-25
APEYSKGQWJKJAZ-LCLGPXMOSA-N	Cc1ncsc1-c1ccc(CNC(=O)[C@@H]2C[C@@H](O)CN2C(=O)[C@@H](NC(=O)CCCCCCCCCCCC(=O)NCCCCC#Cc2cccc(-c3nn(-c4nc(C(=O)O)cs4)c(CC4CC4)c3Cc3ccc(S(N)(=O)=O)cc3)c2)C(C)(C)C)cc1	MS6105
FHFUBRLTXZVOQX-UHFFFAOYSA-N	CCCCCCNNC(=O)c1ccc(CNC(=O)CN2CCC(c3ccc(NC4CCC(=O)NC4=O)cc3)CC2)cc1	CZH-Z16
CLUWNSLFLMBFKA-RMCUFUCFSA-N	COc1cc2c(NC3CCN(CCCC(=O)NCCCCCCCCCCCC(=O)N[C@H](C(=O)N4C[C@H](O)C[C@H]4C(=O)NCc4ccc(-c5scnc5C)cc4)C(C)(C)C)CC3)nc(N3CCC(F)(F)CC3)nc2cc1OCCCN1CCCC1	MS8709
PWYJKWQDDHJXMJ-YKCITUTQSA-N	Cc1ncsc1-c1ccc(CNC(=O)[C@@H]2C[C@@H](O)CN2C(=O)[C@@H](NC(=O)CCCCCCC(=O)N2CCC(F)(Cn3cnc(-c4ccc(F)cn4)c3-c3ccnc4[nH]ccc34)CC2)C(C)(C)C)cc1	AH078
GPZKXLCJTKULAU-UHFFFAOYSA-N	Cc1noc(C)c1-c1cc(F)c(Nc2ccccc2C(=O)N2CCC3(CC2)CC(Nc2ccc4c(c2)C(=O)N(C2CCC(=O)NC2=O)C4=O)C3)c(Cl)c1	QP73
BXCPYBFBMAWDDY-UHFFFAOYSA-N	Cc1ccsc1C(=O)n1nc(Nc2ccc(S(=O)(=O)NCCOCc3cn(CCOCCOCCNc4cccc5c4C(=O)N(C4CCC(=O)NC4=O)C5=O)nn3)cc2)nc1N	CPS2
SVKZUEZCCKLNIM-UHFFFAOYSA-N	COc1cc(-c2cn(C)c(=O)c3ccccc23)cc(OC)c1CN1CCC(CN2CCC(c3ccc4c5c(cccc35)C(=O)N4C3CCC(=O)NC3=O)CC2)CC1	BRD9-PROTAC-E5
LFCNOSRNWFMQLB-UHFFFAOYSA-N	CC(C)(C)c1cnc(CSc2cnc(NC(=O)C3CCN(C(=O)CCCCCCCN4Cc5cc6c(cc5C4)C(=O)N(C4CCC(=O)NC4=O)C6=O)CC3)s2)o1	dCDK9-202
HKSBXNVKPFTBIG-WUEKOBJSSA-N	CNc1nc(Nc2ccc(C(=O)N3CCN(CC4CCC(CSC(C)(C)[C@H](NC(=O)C5(F)CC5)C(=O)N5C[C@H](O)C[C@H]5C(=O)NCc5ccc(-c6scnc6C)cc5)CC4)CC3)cc2OC)ncc1Cl	XL01126
LPKVYTQGJNTZKY-UHFFFAOYSA-N	CC(C)(CNC(=O)CCC(=O)NCCCCCCCCCCCCNc1ccc2c(c1)C(=O)N(C1CCC(=O)NC1=O)C2=O)CN(C(=O)CCl)C1CCS(=O)(=O)C1	PID-34
DQRZNYPHOWVXPQ-YDUPODKQSA-N	Cc1ncsc1-c1ccc([C@H](CO)NC(=O)[C@@H]2C[C@@H](O)CN2C(=O)[C@H](C(C)C)n2cc(OCCCCN3CCCN(c4nccc(-c5noc([C@@]6(C)CCCc7sc(N)c(C#N)c76)n5)n4)[C@@H](C)C3)nn2)cc1	ACBI3
REPLCRNGGWSKTN-JYQLQLLISA-N	C[C@H](CC(=O)N1CCC(O)(Cn2cnc3cc(NC(=O)CCC4CCN(C(=O)C5CCN(c6ccc7c(c6)C(=O)N(C6CCC(=O)NC6=O)C7=O)CC5)CC4)ccc3c2=O)CC1)c1ccccc1	CST967
ZOSWUNAJRAEGEW-YTIGDUPRSA-N	CCCCCCNNC(=O)c1ccc(N2CCN(CCCCCCCC(=O)N[C@H](C(=O)N3C[C@H](O)C[C@H]3C(=O)N[C@@H](C)c3ccc(-c4scnc4C)cc3)C(C)(C)C)CC2)cc1	YX862
CSTHTJLTORVUST-UHFFFAOYSA-N	NCCCCCC(=O)N1CCc2cc(NC(=O)c3ccc(CN(C(=O)c4ccc5c(c4)OCC(=O)N5)C4CC4)cc3)ccc2C1	UNC8732
ZGSWGXNEXAXEGV-XFCHVEHOSA-N	CNC(=O)c1ccccc1Nc1cc(Nc2ccc(N3CCN(CC(=O)N[C@H](C(=O)N4C[C@H](O)C[C@H]4C(=O)N[C@@H](C)c4ccc(-c5scnc5C)cc4)C(C)(C)C)CC3)cc2OC)ncc1C(F)(F)F	GSK215
PPNNFXIBKLCMTI-WXEAQWFJSA-N	Cc1ncsc1-c1ccc(CNC(=O)[C@@H]2C[C@@H](O)CN2C(=O)[C@@H](NC(=O)CCCNC(=O)c2ccc(-c3cnc(NCc4ccco4)n4cnnc34)cc2)C(C)(C)C)cc1	UNC6852
DLQNQQYGRWMPES-LFHXKVDGSA-N	Cn1c(=O)n(C2CCC(=O)NC2=O)c2cccc(C#CCO[C@H]3CC[C@H](CN4CCC5(CC4)Cc4cc(NC(=O)c6coc7cccnc67)c(N6CCC(CO)CC6)cc4O5)CC3)c21	APH02174
IPNTVOAQOGRLQB-JJMBTQCASA-N	COc1cc(C(=O)NCCOCCOCCOCCNC(=O)C[C@@H]2N=C(c3ccc(Cl)cc3)c3c(sc(C)c3C)-n3c(C)nnc32)ccc1NC(=O)[C@@H]1N[C@@H](CC(C)(C)C)[C@](C#N)(c2ccc(Cl)cc2F)[C@H]1c1cccc(Cl)c1F	A1874
IVARZBJJMMUJHI-SQKKEFIPSA-N	Cc1ncsc1-c1ccc(CNC(=O)[C@@H]2C[C@@H](O)CN2C(=O)[C@@H](NC(=O)C2(F)CC2)C(C)(C)C)c(OCCOc2ccc(CN3CCN(c4cc(-c5ccccc5O)nnc4N)CC3)cc2)c1	ACBI1
OGAOHACYLUBWJQ-UHFFFAOYSA-N	CCc1cc2c(cc1N1CCC(N3CCN(CCCC#Cc4cccc5c4CN(C4CCC(=O)NC4=O)C5=O)CC3)CC1)C(C)(C)c1[nH]c3cc(C#N)ccc3c1C2=O	SIAIS001
QGJQNPNZAYRDMS-OESUUHGFSA-N	COc1cc(N2CCN(CCCCCCC(=O)N[C@H](C(=O)N3C[C@H](O)C[C@H]3C(=O)N[C@@H](C)c3ccc(-c4scnc4C)cc3)C(C)(C)C)CC2)ccc1Nc1ncc2c(n1)N(C)c1ccccc1C(=O)N2C	PPM-3
USEHXUPBCSTAIO-RAUDMRIHSA-N	Cc1ncsc1-c1ccc([C@H](C)NC(=O)[C@@H]2C[C@@H](O)CN2C(=O)[C@@H](NC(=O)CCCC#Cc2ccc(C(=O)Nc3n[nH]c4c3CN(C(=O)N[C@H](CN(C)C)c3ccccc3)C4(C)C)cc2)C(C)(C)C)cc1	JWZ-5-13
BOMRVPKXCINUMI-ZEGZQYLTSA-N	CC(C)(C)[C@H](NC(=O)c1cc2cc(C(F)(F)P(=O)(O)O)ccc2s1)C(=O)N1C[C@@H](OCCCCCC#Cc2cccc3c2CN([C@@H]2CCC(=O)NC2=O)C3=O)C[C@H]1C(=O)N1CCO[C@H](c2ccccc2)C1	AK-1690
DOVSNSDMRJVTMR-JOCHJYFZSA-N	CC(C)(O)CNC(=O)N1C(=O)N(c2cccc(C(F)(F)F)c2)C2=C(C(=O)CC2)[C@H]1c1ccc(C#N)cc1	BI-5524
WFVKDTWKNVLGGS-UHFFFAOYSA-N	COc1cc(C)c(Sc2cnc(NC(=O)c3ccc(N4CCN(CCCCCCCNC(=O)COc5cccc6c5C(=O)N(C5CCC(=O)NC5=O)C6=O)CC4)cc3)s2)cc1C(=O)N1CCN(C(C)=O)CC1	BSJ-05-37
JTTGVFCANBFLCE-CJLVFECKSA-N	O=C(/C=C/c1cccnc1)NCCCCC1CCN(C(=O)c2ccc(N3CCN(CCCCCCC#Cc4cccc5c4CN(C4CCC(=O)NC4=O)C5=O)CC3)cc2)CC1	SIAIS630121
AYMGZLUKTNXEMY-UHFFFAOYSA-N	Cc1cc(Nc2ncc(Cl)c(Nc3ccccc3S(=O)(=O)C(C)C)n2)c(OC(C)C)cc1C1CCN(CC(=O)NCCNc2cccc3c2C(=O)N(C2CCC(=O)NC2=O)C3=O)CC1	MS4078
ROINLDWZNWCWJK-ZYIHSGTPSA-N	O=C(COc1cccc2c1C(=O)N(C1CCC(=O)NC1=O)C2=O)NCCOCCOCCOCCNC(=O)[C@]1(Cc2cccc(Nc3nccs3)n2)CC[C@@H](Oc2cccc(Cl)c2F)CC1	SK2188
ZJJZBBBSQKVNHL-BYBNZYMESA-N	Nc1ncnc2c1c(-c1ccc(Oc3ccccc3)cc1)nn2[C@@H]1CCCN(C(=O)/C=C/CCCCOCCOCCOCCOCCOc2cccc3c2C(=O)N(C2CCC(=O)NC2=O)C3=O)C1	IR-2
BOXPLNRWIHHHBO-CHCOZFFLSA-N	Cc1ncsc1-c1ccc([C@H](C)NC(=O)[C@@H]2C[C@@H](O)CN2C(=O)[C@@H](NC(=O)CCCCCN2CCN(c3ccc4c(C5CCN(C(=O)c6ccc(OC(F)(F)F)cc6N)CC5)ncnc4c3)CC2)C(C)(C)C)cc1	INY-06-061
INXGMIWEZJNJOA-NVZKIFIHSA-N	CCCNNC(=O)c1ccc(-c2ccc(NC(=O)CCCCCCC(=O)N[C@H](C(=O)N3C[C@H](O)C[C@H]3C(=O)N[C@@H](C)c3ccc(-c4scnc4C)cc3)C(C)(C)C)cc2)cc1	XZ9002
RTNONCBKGZNCJS-LJLQSONVSA-N	Cc1cc([C@H](C(=O)N2C[C@H](O)C[C@H]2C(=O)N[C@@H](CC(=O)N2CCC(C#Cc3ccc(C(=O)N[C@H]4C(C)(C)[C@H](Oc5ccc(C#N)c(Cl)c5)C4(C)C)cc3)CC2)c2ccccc2)C(C)C)on1	ARD-266
DUPAJELXESPTNF-PPZGWQTASA-N	Cc1ncsc1-c1ccc(CNC(=O)[C@@H]2C[C@@H](O)CN2C(=O)[C@@H](NC(=O)COCCCCOc2ccc(-c3ccc(N4C(=S)N(c5ccc(C#N)c(C(F)(F)F)c5)C(=O)C4(C)C)cc3)cc2)C(C)(C)C)cc1	ARCC-4
SWVYYNLRVIYURK-AREMUKBSSA-N	CCOC1(c2ccc(-c3cc4c(N5CCN(C(=O)O[C@@H]6CCOC6)CC5)ccnn4c3)nc2)CCN(C(C)C)CC1	FIDRISERTIB
AAZUPSFRSHFTGV-INIZCTEOSA-N	C[C@H](NC(=O)c1ccc2c(-c3ccc(C(F)(F)F)cc3)cccc2c1)c1ccccn1	VT104
LLCVDQHLYHBAHR-UHFFFAOYSA-N	CNS(=O)(=O)c1ccc(Nc2ccc(C(F)(F)F)cc2)c(-c2cn(C)cn2)c1	VT103
JALIPZPFONOAJA-ZKGBLMBJSA-N	C[C@@H]1CN(CC[C@H]1NC2=CC3=C(C=C2)C(=NN3C)C4CCC(=O)NC4=O)C5=NC=C(C(=N5)NC6=CC7=C(C=C6)N(C(=O)C7)C)Cl	BMS-986458
XJTIGGCBXFIZJV-UHFFFAOYSA-N	CC(C)(O)CNc1ncc(-c2ccnc(Nc3ccncc3)n2)c(CC2CC2)n1	VPS34-IN-4
UCGWYCMPZXDHNR-UHFFFAOYSA-N	COC(=O)c1ccc2c(c1)nc(NC(=O)c1ccccc1)n2CCCc1ccccc1	BRD4770
ZORLJXWXFABTPZ-CTNGQTDRSA-N	COCc1nc2cnc3cc(-c4c(C)noc4C)c(OC[C@H]4CCNC4)cc3c2n1[C@H](C)c1ccccc1	GSK778
ZZWWXIBKLBMSCS-FQEVSTJZSA-N	COc1ccccc1[C@H](Cn1c(=O)n(C(C)(C)C(=O)O)c(=O)c2c(C)c(-c3ncco3)sc21)OC1CCOCC1	FIRSOCOSTAT
UVVQLQQNGHYTOL-JIVXZRRKSA-N	COc1cc(C(=O)NCCOCCOCCOCC(=O)N[C@H](C(=O)N2C[C@H](O)C[C@H]2C(=O)NCc2ccc(-c3scnc3C)cc2)C(C)(C)C)ccc1Nc1ncc(C(F)(F)F)c(Oc2cccc3c2C(=O)CC3)n1	BI-0319
FQWDVNSBYDXPIO-CQSZACIVSA-N	COc1ccccc1C(=O)Nc1cc2c(cc1N1CCNC[C@H]1C)n(C)c(=O)n2C	GSK6853
BASFYRLYJAZPPL-UONOGXRCSA-N	c1ccc([C@@H]2C[C@H]2NC2CCNCC2)cc1	GSK-LSD1
UJDFQDPAVQIQLB-UHFFFAOYSA-N	Cc1c(OCc2cn(CCCCC(=O)Nc3ncc(-c4cc(C(F)F)nn4-c4c(Cl)cccc4Cl)s3)nn2)cccc1N1CCC(=O)NC1=O	THNAN69
FHRKRGDHMCCDEO-LLVKDONJSA-N	CC(=O)N1CCN(c2cc(-c3ccccc3O)nnc2N)C[C@H]1C	GNE-064
QNZYMVMEVWRUCW-UHFFFAOYSA-N	Cc1cc(C)nc(SCC(=O)Nc2cccc(COc3ccc(NC(=O)c4cnn(C)c4)c(Cl)c3)c2)n1	RW-78
QRYISIPABXJVOQ-AWEZNQCLSA-N		TDI-11055
UEUNDURNLYLSNB-HOTGVXAUSA-N	CCCN(C)C(=O)OCc1c(-c2ccc(O[C@H]3CCC[C@H](C(=O)O)C3)c(C)n2)nnn1C	BMS-986278
AXNQNPVSVCEGTP-LALXJTNGSA-N	C/C(=N\Nc1nc2ccccc2n1C1CN(C2CCN(c3cccc4c3C(=O)N(C3CCC(=O)NC3=O)C4=O)CC2)C1)c1ccccn1	BY13
KDOQEEMQPHIANX-NFBKMPQASA-N	COc1ccc2c(c1)O[C@@H](c1ccc(OC)c(OC)c1)C[C@H]2NC(=O)C1(c2ccc3c(c2)OC(F)(F)O3)CC1	A-1596586
PFEKWBKJUBCXDT-KGLIPLIRSA-N	C[C@@H](Oc1ccc2c(-c3ccc(F)cc3Cl)cc(=O)oc2c1)C(=O)N1CCC[C@H](C(=O)O)C1	IMT1B
MUYQEHKMQMHJNI-ZDUSSCGKSA-N	C[C@@H](C1=NC(=CC(=N1)NC2=NC=C(C(=C2)OC(C)C)C3=CN(N=C3)CC(C)(C)O)N)F	BLU-654
ALNBIGSEWMWEGS-UHFFFAOYSA-N	COC1=C(C(=CC=C1)F)C2=NCC3=CN=C(N=C3C4=C2C=C(C=C4)Cl)CC5=CC(=C(C=C5)C(=O)NCCCCCOCCCCCOC6=CC=C(C=C6)N7CCC(=O)NC7=O)OC	CCT400028
CQFHGOWYJXQICA-FKDNKQOESA-N	CN1C2=C(C=CC(=C2)C3CCN(CC3)C(=O)C4CCC(CC4)NC(=O)[C@H]5[C@@H]([C@@]6(C7=C(C=C(C=C7)Cl)NC6=O)C8(N5)CCCCC8)C9=C(C(=CC=C9)Cl)F)N(C1=O)C1CCC(=O)NC1=O	KT-253
AYGDOYFDJDUPSS-UHFFFAOYSA-N	O=C(O)c1cccnc1Nc1c(Cl)ccc(OCc2ccccc2)c1Cl	AK-42
QKVFMAAIXZONRN-UHFFFAOYSA-N	CC1=C(C#N)C(c2ccc3[nH]nc(C)c3c2)C(C#N)=C(C)N1	BAY-474
CEIIEALEIHQDBX-UHFFFAOYSA-N	COc1cc(OC)c(NC(=O)Nc2cc(C)on2)cc1Cl	PNU-120596
MVPFPBIHUUHXGU-FSSWDIPSSA-N	CC[C@H]1CN([C@@H](CC)c2ccc(C(F)(F)F)cc2)[C@H](CC)CN1c1nc(=O)n(C)c2ccc(C#N)nc12	BMS-986408
DVGLTSTVSHOWJF-UHFFFAOYSA-N	CC1=C(C=C(C=C1)N2C3=C(C(CC(=O)N3)C(=O)C4=CC=C(S4)C)C(=N2)C)Cl	S9-A13
VUOYAALVGSMUHC-UHFFFAOYSA-N	O=C(NCc1ccc(F)cc1)C1CCN(S(=O)(=O)c2cc(Cl)cc(Cl)c2)CC1	BI01383298
FVICRBSEYSHKFY-JYQNNKODSA-N	CCn1c(-c2cc(N3CCN(C)CC3)cnc2[C@H](C)OC)c2c3cc(ccc31)-c1csc(n1)C[C@H](NC(=O)[C@H]1C[C@@H]1C)C(=O)N1CCC[C@H](N1)C(=O)OCC(C)(C)C2	Daraxonrasib
SDGJBAUIGHSMRI-UHFFFAOYSA-N	CCC(=O)Nc1cccc(Oc2nc(Nc3ccc(N4CCN(C)CC4)cc3OC)ncc2Cl)c1	WZ4003
BCFGMOOMADDAQU-UHFFFAOYSA-N	CS(=O)(=O)CCNCc1ccc(-c2ccc3ncnc(Nc4ccc(OCc5cccc(F)c5)c(Cl)c4)c3c2)o1	Lapatinib
LPGBXHWIQNZEJB-UHFFFAOYSA-N	Cc1ccc(-c2ccc(F)cc2COc2ccc(CCC(=O)O)cc2)cc1	TUG-891
FMSIRMKLDQFQKI-UHFFFAOYSA-N	CCCS(=O)(=O)Nc1c(F)cc(C(=O)C2=NNC3NC=C(c4ccncc4)C=C23)cc1F	HRX215
VDLHPYFVCAHCCZ-UHFFFAOYSA-N	CN(C)C1(CCOCC1)CNC(=O)C2=CC3=C(C=C2)N(CC3)C(=O)C4=CC=CC=C4	RPI-GLYT2-82
YXYBHRORJSDZTQ-UHFFFAOYSA-N	CN1C2CC1CN(C2)C3=CC=C(C=C3)NC4=NC=C5C=CN(C5=N4)CC6CCOCC6	NUAK1-IN-2
LIRYPHYGHXZJBZ-UHFFFAOYSA-N	CC(=O)Nc1cccc(-n2c(=O)n(C3CC3)c(=O)c3c(Nc4ccc(I)cc4F)n(C)c(=O)c(C)c32)c1	Trametinib
BUJWDBSVEVFQDP-UHFFFAOYSA-N	C#CCOc1cccc(-c2ccc(NC(=O)C3=C(C(=O)O)CCC3)c(F)c2)c1	NURR1-Ant-29
ZABZNDRRLTXBHH-UHFFFAOYSA-N	COc1ncc2nc(C)n(Cc3ncc(S(N)(=O)=O)cc3F)c2c1-c1ccccc1	ISM5939
LIOLIMKSCNQPLV-UHFFFAOYSA-N	CNC(=O)c1ccc(-c2cnc3ncc(Cc4ccc5ncccc5c4)n3n2)cc1F	Capmatinib
VRQXRVAKPDCRCI-ZNMIVQPWSA-N	C[C@@H]1C[C@H](N)C[C@H](c2ccncc2NC(=O)c2ccc(F)c(-c3c(F)cccc3F)n2)C1	PIM-447
HPJVZSVEIGCFJP-SFHVURJKSA-N	CC[C@](C)(O)C#Cc1cc2c(ccn2-c2cc(OC)nc(N)n2)cn1	TTBK1-IN-1
NYNZQNWKBKUAII-KBXCAEBGSA-N	O=C(Nc1cnn2ccc(N3CCC[C@@H]3c3cc(F)ccc3F)nc12)N1CC[C@H](O)C1	LAROTRECTINIB
IBGLGMOPHJQDJB-IHRRRGAJSA-N		TANZISERTIB
RHGZXPKHVAHQJO-BIIHCSGHSA-N	C[C@@H]1COCCN1c1cc(C2([S@](C)(=N)=O)CC2)nc(C2CCNC3NCCC32)n1	CERALASERTIB
MWKYMZXCGYXLPL-ZDUSSCGKSA-N	CCC(=O)N1CC[C@H](Nc2ncnc3c2CN(c2cnc(OC)c(C(F)(F)F)c2)CC3)C1	LENIOLISIB
HKTBYUWLRDZAJK-UHFFFAOYSA-N	Cc1cc(Nc2cc(N)ncn2)c(=O)n2c1C(=O)NC21CCCCC1	Tomivosertib
LXDPQXXUVGVIND-UHFFFAOYSA-N	COc1cc(Nc2ncc3c(C)nc(-c4cc5ccccc5[nH]4)n3n2)cc(OC)c1OC	GW869516X
PRWSIEBRGXYXAJ-UHFFFAOYSA-N	Cc1cccc(CC(=O)N2CCc3c2ccc(-c2cn(C)c4ncnc(N)c24)c3F)n1	GSK2656157
VPJXPDLMACOGIZ-UHFFFAOYSA-N	Cn1ncc2cc(-c3cnc(N)c(Cl)c3N3CCC4(CCNC4=O)CC3)ccc21	CCT251921
BWINBHTTZLVXGT-NVXWUHKLSA-N	CNc1cc(Nc2cccn(-c3ccccn3)c2=O)nc2c(C(=O)N[C@@H]3CC[C@H]3OC)cnn12	TAK-279
XISVSTPEXYIKJL-UHFFFAOYSA-N	Cc1cc2ncnn2cc1Nc1ncc2c(n1)n(C1CCOCC1)c(=O)n2C	AZD-7648
PVKIFNZMYGMWPD-UHFFFAOYSA-N	CC(C)S(=O)(=O)c1ccc2nccc(Nc3ccc4sc(C5CCCC5)nc4c3)c2c1	LK01003
HXNUFFCHRIWTRZ-UHFFFAOYSA-N	Nc1c(C(=O)NCc2ccc(C(=O)NCCCC3CCCCC3)cc2)cnn1-c1ccccc1	SR-318
QVOGVAVHOLLLAZ-UHFFFAOYSA-N	COc1cnccc1Nc1nc(-c2nn(Cc3c(F)cc(OCCO)cc3F)c3ccccc23)ncc1OC	BAY-1816032
OYKPWSZSBLRRPL-HOYKHHGWSA-N	Cc1cc(Nc2nccc(C)n2)cc(-c2cnc([C@@]3(O)CC[C@H](C(=O)O)C(C)(C)C3)s2)c1	MRL-SYKi
