id	inchikey	organism	dose_value	dose_unit	route	dose_raw	source_id
1	QMDKVNSQXPVCRD-RQNOJGIXSA-N	Other	5	mg/mL		5 mg/mL	2
2	ZHMXXVNQAFCXKK-QGZVFWFLSA-N	Other				1,3, 10 (IV) mg/Kg; , 30, 100, 300 (PO) mg/Kg	4
3	TXGKRVFSSHPBAJ-JKSUJKDBSA-N	Other	30	mg/kg		30 mg/kg	5
4	XCFLWTZSJYBCPF-UHFFFAOYSA-N	Other	0.5	mg/kg		0.5 mg/kg	7
5	XSMSNFMDVXXHGJ-UHFFFAOYSA-N	Other				0.4 (IV), 1 (PO) mg/Kg	9
6	ISOCDPQFIXDIMS-HSZRJFAPSA-N	Other	30	mg/kg		30-300 mg/Kg	10
7	GZFYZYBWLCYBMI-MYZJJQSMSA-N	Other	10	mg/kg		10 mg/Kg	11
8	HHKGVQGXRGQBBA-UHFFFAOYSA-N	Other	1	mg/kg	IV	1 mg/kg (IV), 10 mg/kg (oral)	12
9	HHKGVQGXRGQBBA-UHFFFAOYSA-N	Other	10	mg/kg	PO	1 mg/kg (IV), 10 mg/kg (oral)	12
10	UOVSZRTTWLJPHE-HNXAPSNLSA-N	Other	10	mg/kg	PO	10 mg/kg (oral)	14
11	CGCOPBXAGSCZNX-FNQJWKMRSA-N	Other	10	mg/kg		10 mg/Kg QD	15
12	ARYVAQSYRLZVQD-UHFFFAOYSA-N	Other	10	mg/kg		10 mg/kg	16
13	SAGZIBJAQGBRQA-UHFFFAOYSA-N	Other	2	mg/kg		2 mg/kg, 4 mg/kg	18
14	SAGZIBJAQGBRQA-UHFFFAOYSA-N	Other	4	mg/kg		2 mg/kg, 4 mg/kg	18
15	ATUUNJCZCOMUKD-OKILXGFUSA-N	Other	30	mg/kg	PO	30 mg/Kg Oral, 2 mg/Kg IV	19
16	ATUUNJCZCOMUKD-OKILXGFUSA-N	Other	2	mg/kg	IV	30 mg/Kg Oral, 2 mg/Kg IV	19
17	KMESAVNRPDKZCQ-UHFFFAOYSA-N	Other	1.2	mg/kg	IV	1.2 mg/Kg IV, 3 mg/Kg PO	21
18	KMESAVNRPDKZCQ-UHFFFAOYSA-N	Other	3	mg/kg	PO	1.2 mg/Kg IV, 3 mg/Kg PO	21
19	ZDOBSAPHUUUOHX-OSYLJGHBSA-N	Other	10	mg/kg	PO	10 mg/Kg PO, 1 mg/Kg IV	22
20	ZDOBSAPHUUUOHX-OSYLJGHBSA-N	Other	1	mg/kg	IV	10 mg/Kg PO, 1 mg/Kg IV	22
21	BTSUNSRQYLVGIS-ADTYUTHVSA-N	Other	10	mg/kg		10 mg/Kg (not effective), 25 mg/Kg	23
22	BTSUNSRQYLVGIS-ADTYUTHVSA-N	Other	25	mg/kg		10 mg/Kg (not effective), 25 mg/Kg	23
23	JQNINBDKGLWYMU-GEAQBIRJSA-N	Other	60	mg/kg		30 and 60 mg/Kg , 50 and 100 mg/Kg	25
24	JQNINBDKGLWYMU-GEAQBIRJSA-N	Other	100	mg/kg		30 and 60 mg/Kg , 50 and 100 mg/Kg	25
25	VSZRYLHBOKTNBO-UHFFFAOYSA-N	Other	10	mg/kg		0.1-1-3-10-30 mg/Kg	26
26	CGECJCJUHCZZGO-UHFFFAOYSA-N	Other	1	mg/kg		1 mg/Kg	27
27	OTKTZEZTFCAULO-DEOSSOPVSA-N	Other	10	mg/kg		1, 3, 10 mg/Kg	28
28	XMNLWOQHMQRHDV-UHFFFAOYSA-N	Other	2	mg/kg	IV	2 mg/Kg IV, 10 mg/Kg PO	29
29	XMNLWOQHMQRHDV-UHFFFAOYSA-N	Other	10	mg/kg	PO	2 mg/Kg IV, 10 mg/Kg PO	29
30	BATCTBJIJJEPHM-UHFFFAOYSA-N	Other	1	mg/kg	PO	1 mg/Kg PO, 0.5 mg/Kg IV	30
31	BATCTBJIJJEPHM-UHFFFAOYSA-N	Other	0.5	mg/kg	IV	1 mg/Kg PO, 0.5 mg/Kg IV	30
32	QCQQONWEDCOTBV-UHFFFAOYSA-N	Other	5	mg/kg		5-30 mg/Kg	31
33	XUYMIRYNRKXKOR-HMHJJOSWSA-N	Other	15	mg/kg		15-100 mg/Kg	33
34	WUJVPELCYCESAP-UHFFFAOYSA-N	Other	30	mg/kg		30 mg/Kg	34
35	ZLTQCDRXWXUYHJ-UHFFFAOYSA-N	Mouse	3	mg/kg	PO	3 mg/kg (oral), 1 mg/kg (IV)	35
36	ZLTQCDRXWXUYHJ-UHFFFAOYSA-N	Mouse	1	mg/kg	IV	3 mg/kg (oral), 1 mg/kg (IV)	35
37	NBTNHSGBRGTFJS-UHFFFAOYSA-N	Rat	5	mg/kg		5 mg/kg	36
38	KYWWJENKIMRJBI-UHFFFAOYSA-N	Other	50	mg/kg		30 (r), 50 (m) mg/kg/day, 15, 50 mg/Kg (R), 20, 60, and 120 mg/kg/day (ham), 50 mg/Kg (mon)Rab	38
39	KYWWJENKIMRJBI-UHFFFAOYSA-N	Other	120	mg/kg/day		30 (r), 50 (m) mg/kg/day, 15, 50 mg/Kg (R), 20, 60, and 120 mg/kg/day (ham), 50 mg/Kg (mon)Rab	38
40	KYWWJENKIMRJBI-UHFFFAOYSA-N	Other	50	mg/kg		30 (r), 50 (m) mg/kg/day, 15, 50 mg/Kg (R), 20, 60, and 120 mg/kg/day (ham), 50 mg/Kg (mon)Rab	38
41	MPASHPJAIUOWCK-UHFFFAOYSA-N	Rat	100	mg/kg		25, 50, 100 mg/Kg	39
42	JVCWPUFNLFSKFS-UHFFFAOYSA-N	Mouse	30	mg/kg		3, 10, 30 mg/Kg	40
43	KHWCPNJRJCNVRI-UHFFFAOYSA-N	Mouse	30	mg/kg		30 mg/kg	44
44	ZGBAJMQHJDFTQJ-DEOSSOPVSA-N	Mouse	30	mg/kg		30 mg/kg	45
45	TXEBNKKOLVBTFK-UHFFFAOYSA-N	Other	100	mg/kg		10, 30 and 100 mg/kg	48
46	CQCWHSDMJBAGDC-UHFFFAOYSA-N	Other	1	mg/kg	IV	1 mg/Kg IV, 5 mg/Kg PO, 5-10-30 mg/Kg PO BID, Reviewer suggested: max 30 mg/Kg	49
47	CQCWHSDMJBAGDC-UHFFFAOYSA-N	Other	5	mg/kg	PO	1 mg/Kg IV, 5 mg/Kg PO, 5-10-30 mg/Kg PO BID, Reviewer suggested: max 30 mg/Kg	49
48	CQCWHSDMJBAGDC-UHFFFAOYSA-N	Other	10	mg/kg	PO	1 mg/Kg IV, 5 mg/Kg PO, 5-10-30 mg/Kg PO BID, Reviewer suggested: max 30 mg/Kg	49
49	CQCWHSDMJBAGDC-UHFFFAOYSA-N	Other	10	mg/kg		1 mg/Kg IV, 5 mg/Kg PO, 5-10-30 mg/Kg PO BID, Reviewer suggested: max 30 mg/Kg	49
50	DSUZLJDXUJUTGI-LLVKDONJSA-N	Mouse	1	mg/kg	IV	1 mg/Kg (IV), 10 mg/Kg (PO)	50
51	DSUZLJDXUJUTGI-LLVKDONJSA-N	Mouse	10	mg/kg	PO	1 mg/Kg (IV), 10 mg/Kg (PO)	50
52	VWEDZTZAXHMZIL-UHFFFAOYSA-N	Mouse	0.1	mg/kg		0.1 to 10 mg/Kg	51
53	PKCDDUHJAFVJJB-VLZXCDOPSA-N	Other	5	mg/kg		5 mg/kg, 50-75 mg/Kg Oral (Reviewer Suggested)	52
54	PKCDDUHJAFVJJB-VLZXCDOPSA-N	Other	50	mg/kg	PO	5 mg/kg, 50-75 mg/Kg Oral (Reviewer Suggested)	52
55	JGQPZPLJOBHHBK-UFXYQILXSA-N	Mouse	10	mg/kg		10 mg/Kg, Reviewers suggest: 7.5 mg/Kg BID	53
56	JGQPZPLJOBHHBK-UFXYQILXSA-N	Mouse	7.5	mg/kg		10 mg/Kg, Reviewers suggest: 7.5 mg/Kg BID	53
57	XSMABFRQESMONQ-SFHVURJKSA-N	Mouse	50	mg/kg		5 , 10, 25, 50 mg/Kg	54
58	NGEBYTLALFOQKI-HDJSIYSDSA-N	Other	20	mg/kg		0.5 (M), 2 (R), 1 (D) mg/kg IV, 1 (M), 5 (R), 1 (D) mg/kg PO, Reviewer suggest: 20 mg/Kg (M), 0.5-5 mg/Kg (R)	55
59	NGEBYTLALFOQKI-HDJSIYSDSA-N	Other	0.5	mg/kg		0.5 (M), 2 (R), 1 (D) mg/kg IV, 1 (M), 5 (R), 1 (D) mg/kg PO, Reviewer suggest: 20 mg/Kg (M), 0.5-5 mg/Kg (R)	55
60	RENRQMCACQEWFC-UGKGYDQZSA-N	Other	1	mg/kg		1 to 30 mg/Kg (R), 0.1 to 10 mg/Kg (D), 1 (IV), 10 (PO) mg/Kg (m)	56
61	RENRQMCACQEWFC-UGKGYDQZSA-N	Other	0.1	mg/kg	IV	1 to 30 mg/Kg (R), 0.1 to 10 mg/Kg (D), 1 (IV), 10 (PO) mg/Kg (m)	56
62	JKCSCHXVWPSGBG-OPKPGBGESA-N	Mouse	25	mg/kg		25 mg/Kg, 50 mg/Kg, 100 mg/Kg	57
63	JKCSCHXVWPSGBG-OPKPGBGESA-N	Mouse	50	mg/kg		25 mg/Kg, 50 mg/Kg, 100 mg/Kg	57
64	JKCSCHXVWPSGBG-OPKPGBGESA-N	Mouse	100	mg/kg		25 mg/Kg, 50 mg/Kg, 100 mg/Kg	57
65	MPMKMQHJHDHPBE-RUZDIDTESA-N	Rat	1	mg/kg	IV	1 mg/Kg IV, 5-30 mg/Kg PO	58
66	MPMKMQHJHDHPBE-RUZDIDTESA-N	Rat	5	mg/kg	PO	1 mg/Kg IV, 5-30 mg/Kg PO	58
67	HNLHOKSDTBAERS-CWIPYCOQSA-N	Other	0.5	mg/kg	IV	0.5 mg/Kg (IV), 5 mg/Kg (PO)	59
68	HNLHOKSDTBAERS-CWIPYCOQSA-N	Other	5	mg/kg	PO	0.5 mg/Kg (IV), 5 mg/Kg (PO)	59
69	MXUSGDMIHGLCNC-HNNXBMFYSA-N	Other	10	mg/kg	PO	10 mg/Kg PO, 3 mg/Kg IV	60
70	MXUSGDMIHGLCNC-HNNXBMFYSA-N	Other	3	mg/kg	IV	10 mg/Kg PO, 3 mg/Kg IV	60
71	LXRZVMYMQHNYJB-UNXOBOICSA-N	Rat				1 (IV), 10 (PO) mg/Kg	61
72	RUPXKSLKGSSZCP-UHFFFAOYSA-N	Mouse	10	mg/kg		10 mg/Kg	63
73	ONBSHRSJOPSEGS-INIZCTEOSA-N	Other	3	mg/kg	IV	3 mg/Kg (IV), 10 mg/Kg (PO)	64
74	ONBSHRSJOPSEGS-INIZCTEOSA-N	Other	10	mg/kg	PO	3 mg/Kg (IV), 10 mg/Kg (PO)	64
75	TVTXCJFHQKSQQM-LJQIRTBHSA-N	Mouse	50	mg/kg	PO	50 mg/kg (oral); 5 mg/kg (IV)	65
76	TVTXCJFHQKSQQM-LJQIRTBHSA-N	Mouse	5	mg/kg	IV	50 mg/kg (oral); 5 mg/kg (IV)	65
77	GBJVVSCPOBPEIT-UHFFFAOYSA-N	Mouse	150	mg/kg		150 mg/kg	66
78	NBOJHRYUGLRASX-UHFFFAOYSA-N	Other	10	mg/kg	IP	10 mg/Kg IP, 1-30 mg/Kg PO	68
79	NBOJHRYUGLRASX-UHFFFAOYSA-N	Other	1	mg/kg	PO	10 mg/Kg IP, 1-30 mg/Kg PO	68
80	IDKAKZRYYDCJDU-HBMMIIHUSA-N	Mouse	25	mg/kg		25-200 mg/kg	74
81	SGIWFELWJPNFDH-UHFFFAOYSA-N	Mouse	10	mg/kg	PO	10 mg/Kg PO, 20 mg/Kg IP, 50 mg/Kg IP	75
82	SGIWFELWJPNFDH-UHFFFAOYSA-N	Mouse	20	mg/kg	IP	10 mg/Kg PO, 20 mg/Kg IP, 50 mg/Kg IP	75
83	SGIWFELWJPNFDH-UHFFFAOYSA-N	Mouse	50	mg/kg	IP	10 mg/Kg PO, 20 mg/Kg IP, 50 mg/Kg IP	75
84	QADPYRIHXKWUSV-UHFFFAOYSA-N	Mouse				5 IV, 20 PO mg/Kg	76
85	YYDUWLSETXNJJT-MTJSOVHGSA-N	Other	50	mg/kg		50-100 mg/Kg	77
86	BLNNXJOEJRKHAM-UHFFFAOYSA-N	Mouse	30	ug		30 ug	78
87	ZMNWFTYYYCSSTF-SOAUALDESA-N	Other	10	mg/kg	PO	10 mg/Kg PO, 5 mg/Kg IV	79
88	ZMNWFTYYYCSSTF-SOAUALDESA-N	Other	5	mg/kg	IV	10 mg/Kg PO, 5 mg/Kg IV	79
89	LXFOLMYKSYSZQS-XKHGBIBOSA-N	Other	20	mg/kg		20 mg/kg (mice), 1 mg/kg (rat)	80
90	LXFOLMYKSYSZQS-XKHGBIBOSA-N	Other	1	mg/kg		20 mg/kg (mice), 1 mg/kg (rat)	80
91	XQFINGFCBFHOPE-WXUXXXNLSA-N	Other	30	mg/kg		30 mg/kg - 300 mg/kg (R), 125 - 1000 mg/kg (M)	81
92	XQFINGFCBFHOPE-WXUXXXNLSA-N	Other	300	mg/kg		30 mg/kg - 300 mg/kg (R), 125 - 1000 mg/kg (M)	81
93	XQFINGFCBFHOPE-WXUXXXNLSA-N	Other	125	mg/kg		30 mg/kg - 300 mg/kg (R), 125 - 1000 mg/kg (M)	81
94	RDALZZCKQFLGJP-UHFFFAOYSA-N	Mouse				3 (IV)- 100 (PO) mg/Kg	85
95	JBHLOPKIPKTRSU-UHFFFAOYSA-N	Other	1	mg/kg		1-10 mg/Kg	86
96	LQSHXYHWYGKAMX-FQEVSTJZSA-N	Other	5	mg/kg		5 mg/Kg, Reviewer suggests higher than 100-200 mg/Kg PO	87
97	LQSHXYHWYGKAMX-FQEVSTJZSA-N	Other	100	mg/kg	PO	5 mg/Kg, Reviewer suggests higher than 100-200 mg/Kg PO	87
98	AQTPWCUIYUOEMG-INIZCTEOSA-N	Mouse	3	mg/kg		3 mg/Kg	88
99	JFGOILLZIAIYGA-UHFFFAOYSA-N	Mouse	25	mg/kg		25 mg/Kg	89
100	RPMGXDCRCWWCRY-JTQLQIEISA-N	Other	25	mg/kg		25 mg/Kg, 250 mg/Kg	90
101	RPMGXDCRCWWCRY-JTQLQIEISA-N	Other	250	mg/kg		25 mg/Kg, 250 mg/Kg	90
102	RIJLVEAXPNLDTC-UHFFFAOYSA-N	Rat	1	mg/kg	IV	1 mg/kg (IV); 5 mg/kg (oral)	91
103	RIJLVEAXPNLDTC-UHFFFAOYSA-N	Rat	5	mg/kg	PO	1 mg/kg (IV); 5 mg/kg (oral)	91
104	HWGQMRYQVZSGDQ-HZPDHXFCSA-N	Mouse	1	mg/kg		1 mg/kg	92
105	SEDFZSHSBUXKAC-NIYFSFCBSA-N	Other	1	mg/kg	IV	1.0 mg/Kg IV, 5.0 mg/Kg PO (M), 0.5 mg/Kg IV, 1.0 mg/Kg PO (D), 1.0 mg/Kg IV, 5.0 mg/Kg PO (R)	1211
106	SEDFZSHSBUXKAC-NIYFSFCBSA-N	Other	5	mg/kg	PO	1.0 mg/Kg IV, 5.0 mg/Kg PO (M), 0.5 mg/Kg IV, 1.0 mg/Kg PO (D), 1.0 mg/Kg IV, 5.0 mg/Kg PO (R)	1211
107	SEDFZSHSBUXKAC-NIYFSFCBSA-N	Other	0.5	mg/kg	IV	1.0 mg/Kg IV, 5.0 mg/Kg PO (M), 0.5 mg/Kg IV, 1.0 mg/Kg PO (D), 1.0 mg/Kg IV, 5.0 mg/Kg PO (R)	1211
108	SEDFZSHSBUXKAC-NIYFSFCBSA-N	Other	1	mg/kg	PO	1.0 mg/Kg IV, 5.0 mg/Kg PO (M), 0.5 mg/Kg IV, 1.0 mg/Kg PO (D), 1.0 mg/Kg IV, 5.0 mg/Kg PO (R)	1211
109	SEDFZSHSBUXKAC-NIYFSFCBSA-N	Other	1	mg/kg	IV	1.0 mg/Kg IV, 5.0 mg/Kg PO (M), 0.5 mg/Kg IV, 1.0 mg/Kg PO (D), 1.0 mg/Kg IV, 5.0 mg/Kg PO (R)	1211
110	SEDFZSHSBUXKAC-NIYFSFCBSA-N	Other	5	mg/kg	PO	1.0 mg/Kg IV, 5.0 mg/Kg PO (M), 0.5 mg/Kg IV, 1.0 mg/Kg PO (D), 1.0 mg/Kg IV, 5.0 mg/Kg PO (R)	1211
111	ZOPNBMMVVZRSGH-NRFANRHFSA-N	Other				0.8 (M), 0.5 (R) 0.5 (D) 0.5 (C) mg/Kg IV, 5 (M), 0.5 (R) 2 (D) 0.5 (C) mg/Kg PO	94
112	BWYBBMQLUKXECQ-GIVPXCGWSA-N	Other	3	mg/kg		1-2 (IV), 2-4 (PO) mg/Kg, Reviewer Suggest 3-30 mg/Kg	95
113	CVWXJKQAOSCOAB-UHFFFAOYSA-N	Mouse	10	mg/mL		10 mg/mL	96
114	VRVJKILQRBSEAG-LFPIHBKWSA-N	Mouse	500	mg/kg		50, 100, 200, 500 mg/kg	97
115	UQRCJCNVNUFYDX-UHFFFAOYSA-N	Mouse	50	mg/kg		50-200 mg/Kg	98
116	LWXLECMNBTVASW-UHFFFAOYSA-N	Other	1	mg/kg	IV	1 mg/Kg IV, 5 mg/Kg PO	99
117	LWXLECMNBTVASW-UHFFFAOYSA-N	Other	5	mg/kg	PO	1 mg/Kg IV, 5 mg/Kg PO	99
118	AILRADAXUVEEIR-UHFFFAOYSA-N	Other	10	mg/kg		3, 10 mg/Kg	100
119	HUFOZJXAKZVRNJ-UHFFFAOYSA-N	Mouse	3	mg/kg		3-100 mg/Kg	101
120	GHVMTHKJUAOZJP-CGTJXYLNSA-N	Other	100	mg/kg		100 mg/Kg	102
121	ZEGMEJVULDALSH-NSHDSACASA-N	Other				0.1, 1, 3 (IV) mg/Kg, 0.3, 3, 10 (PO) mg/Kg	103
122	SNCRCEGCQVMUBS-DNVCBOLYSA-N	Rat	10	mg/kg		10 mg/kg	104
123	ORDHXXHTBUZRCN-NTEUORMPSA-N	Rat	10	mg/kg		10 mg/Kg	1212
124	ORDHXXHTBUZRCN-NTEUORMPSA-N	Rat	2	mg/kg		2 mg/Kg	1212
125	ORDHXXHTBUZRCN-NTEUORMPSA-N	Mouse	10	mg/kg		10 mg/Kg	1212
126	ORDHXXHTBUZRCN-NTEUORMPSA-N	Mouse	2	mg/kg		2 mg/Kg	1212
127	ORDHXXHTBUZRCN-NTEUORMPSA-N	Dog	10	mg/kg		10 mg/Kg	1212
128	ORDHXXHTBUZRCN-NTEUORMPSA-N	Dog	2	mg/kg		2 mg/Kg	1212
129	ORDHXXHTBUZRCN-NTEUORMPSA-N	Monkey (Rheus)	10	mg/kg		10 mg/Kg	1212
130	ORDHXXHTBUZRCN-NTEUORMPSA-N	Monkey (Rheus)	2	mg/kg		2 mg/Kg	1212
131	CUBDGLIBZGKXKQ-ZBLYBZFDSA-N	Rat	0.5	mg/kg		0.5 mg/kg	108
132	CUBDGLIBZGKXKQ-ZBLYBZFDSA-N	Rat	2	mg/kg		2 mg/Kg	108
133	CUBDGLIBZGKXKQ-ZBLYBZFDSA-N	Dog	0.5	mg/kg		0.5 mg/Kg	108
134	CUBDGLIBZGKXKQ-ZBLYBZFDSA-N	Dog	2	mg/kg		2 mg/Kg	108
135	CUBDGLIBZGKXKQ-ZBLYBZFDSA-N	Monkey (Cynomolgus)	0.5	mg/kg		0.5 mg/Kg	108
136	CUBDGLIBZGKXKQ-ZBLYBZFDSA-N	Monkey (Cynomolgus)	10	mg/kg		10 mg/Kg	108
137	XPLWBHWPOUEOSJ-GSZYCOFVSA-N	Rat	0.5	mg/kg		0.5 mg/Kg	1213
138	XPLWBHWPOUEOSJ-GSZYCOFVSA-N	Rat	2	mg/kg		2 mg/Kg	1213
139	XPLWBHWPOUEOSJ-GSZYCOFVSA-N	Monkey (Cynomolgus)	0.5	mg/kg		0.5 mg/Kg	1213
140	XPLWBHWPOUEOSJ-GSZYCOFVSA-N	Monkey (Cynomolgus)	2	mg/kg		2 mg/Kg	1213
141	YSVWFFNZZGLLAI-XNTOLAJGSA-N	Rat	30	nM/kg		30 nM/kg	1214
142	JYTIXGYXBIBOMN-UHFFFAOYSA-N	Other	3	mg/kg	PO	IV: 3 mg/Kg PO: 10 mg/kg (M) IV: 5 mg/kg / PO: 10 mg/kg (R), IV: 0.5 mg/kg / PO: 2 mg/kg (D)	112
143	JYTIXGYXBIBOMN-UHFFFAOYSA-N	Other	10	mg/kg	IV	IV: 3 mg/Kg PO: 10 mg/kg (M) IV: 5 mg/kg / PO: 10 mg/kg (R), IV: 0.5 mg/kg / PO: 2 mg/kg (D)	112
144	JYTIXGYXBIBOMN-UHFFFAOYSA-N	Other	5	mg/kg	PO	IV: 3 mg/Kg PO: 10 mg/kg (M) IV: 5 mg/kg / PO: 10 mg/kg (R), IV: 0.5 mg/kg / PO: 2 mg/kg (D)	112
145	JYTIXGYXBIBOMN-UHFFFAOYSA-N	Other	10	mg/kg	IV	IV: 3 mg/Kg PO: 10 mg/kg (M) IV: 5 mg/kg / PO: 10 mg/kg (R), IV: 0.5 mg/kg / PO: 2 mg/kg (D)	112
146	JYTIXGYXBIBOMN-UHFFFAOYSA-N	Other	0.5	mg/kg	PO	IV: 3 mg/Kg PO: 10 mg/kg (M) IV: 5 mg/kg / PO: 10 mg/kg (R), IV: 0.5 mg/kg / PO: 2 mg/kg (D)	112
147	JYTIXGYXBIBOMN-UHFFFAOYSA-N	Other	2	mg/kg		IV: 3 mg/Kg PO: 10 mg/kg (M) IV: 5 mg/kg / PO: 10 mg/kg (R), IV: 0.5 mg/kg / PO: 2 mg/kg (D)	112
148	KLHOCHQJHXNKAS-UHFFFAOYSA-N	Mouse	20	mg/kg		20 mg/kg	113
149	IFRGXKKQHBVPCQ-UHFFFAOYSA-N	Mouse	2	mg/kg		2-60 mg/Kg	114
150	BKLJDIJJOOQUFG-UHFFFAOYSA-N	Rat	0.3	mg/kg		0.3 mg/Kg	1215
151	BKLJDIJJOOQUFG-UHFFFAOYSA-N	Rat	0.6	mg/kg		0.6 mg/Kg	1215
152	BKLJDIJJOOQUFG-UHFFFAOYSA-N	Dog	0.1	mg/kg		0.1 mg/Kg	1215
153	BKLJDIJJOOQUFG-UHFFFAOYSA-N	Dog	0.2	mg/kg		0.2 mg/Kg	1215
154	FYQFEJFTCLKXTQ-UHFFFAOYSA-N	Mouse	60	mg/kg/day		30, 60 mg/Kg/day	116
155	RRELDGDKULRRDM-UHFFFAOYSA-N	Mouse	0.1	mg/kg	IV	0.1 mg/kg IV, 1 mg/kg PO	1216
156	RRELDGDKULRRDM-UHFFFAOYSA-N	Mouse	1	mg/kg	PO	0.1 mg/kg IV, 1 mg/kg PO	1216
157	IYHHRZBKXXKDDY-UHFFFAOYSA-N	Mouse	1	mg/kg	IV	1 mg/Kg IV, 10 mg/Kg PO	118
158	IYHHRZBKXXKDDY-UHFFFAOYSA-N	Mouse	10	mg/kg	PO	1 mg/Kg IV, 10 mg/Kg PO	118
159	IYHHRZBKXXKDDY-UHFFFAOYSA-N	Rat	1	mg/kg	IV	1 mg/Kg IV, 10 mg/Kg PO	118
160	IYHHRZBKXXKDDY-UHFFFAOYSA-N	Rat	10	mg/kg	PO	1 mg/Kg IV, 10 mg/Kg PO	118
161	IYHHRZBKXXKDDY-UHFFFAOYSA-N	Dog	1	mg/kg	IV	1 mg/Kg IV, 10 mg/Kg PO	118
162	IYHHRZBKXXKDDY-UHFFFAOYSA-N	Dog	10	mg/kg	PO	1 mg/Kg IV, 10 mg/Kg PO	118
163	IYHHRZBKXXKDDY-UHFFFAOYSA-N	Monkey (Cynomolgus)	1	mg/kg	IV	1 mg/Kg IV, 10 mg/Kg PO	118
164	IYHHRZBKXXKDDY-UHFFFAOYSA-N	Monkey (Cynomolgus)	10	mg/kg	PO	1 mg/Kg IV, 10 mg/Kg PO	118
165	DYUTWRFEEOPXMN-UHFFFAOYSA-N	Rat	0.2	mg/kg		0.2 mg/Kg	1217
166	DYUTWRFEEOPXMN-UHFFFAOYSA-N	Rat	0.6	mg/kg		0.6 mg/Kg	1217
167	AUYCSWFYKYVCLD-HXUWFJFHSA-N	Mouse	1	mg/kg	IV	1 mg/Kg IV and PO	1218
168	AUYCSWFYKYVCLD-HXUWFJFHSA-N	Rat	1	mg/kg	IV	1 mg/Kg IV and PO	1218
169	AUYCSWFYKYVCLD-HXUWFJFHSA-N	Dog	1	mg/kg	IV	1 mg/Kg IV and PO	1218
170	AUYCSWFYKYVCLD-HXUWFJFHSA-N	Monkey (Cynomolgus)	1	mg/kg	IV	1 mg/Kg IV and PO	1218
171	OEDSFMUSNZDJFD-UHFFFAOYSA-N	Mouse	1	mg/kg		1 mg/kg	121
172	QMHRLXNEGYTSRV-UHFFFAOYSA-N	Rat	1	mg/kg	IV	1 mg/Kg IV, 5 mg/Kg PO	122
173	QMHRLXNEGYTSRV-UHFFFAOYSA-N	Rat	5	mg/kg	PO	1 mg/Kg IV, 5 mg/Kg PO	122
174	QMHRLXNEGYTSRV-UHFFFAOYSA-N	Dog	1	mg/kg	IV	1 mg/Kg IV, 5 mg/Kg PO	122
175	QMHRLXNEGYTSRV-UHFFFAOYSA-N	Dog	5	mg/kg	PO	1 mg/Kg IV, 5 mg/Kg PO	122
176	QMHRLXNEGYTSRV-UHFFFAOYSA-N	Rat					122
177	LQEHCKYYIXQEBM-FUKIBTTHSA-N	Rat	5	mg/kg	IV	5 mg/Kg IV, 10 mg/Kg PO	123
178	LQEHCKYYIXQEBM-FUKIBTTHSA-N	Rat	10	mg/kg	PO	5 mg/Kg IV, 10 mg/Kg PO	123
179	LQEHCKYYIXQEBM-FUKIBTTHSA-N	Dog	5	mg/kg	IV	5 mg/Kg IV, 10 mg/Kg PO	123
180	LQEHCKYYIXQEBM-FUKIBTTHSA-N	Dog	10	mg/kg	PO	5 mg/Kg IV, 10 mg/Kg PO	123
181	LQEHCKYYIXQEBM-FUKIBTTHSA-N	Monkey (Cynomolgus)	5	mg/kg	IV	5 mg/Kg IV, 10 mg/Kg PO	123
182	LQEHCKYYIXQEBM-FUKIBTTHSA-N	Monkey (Cynomolgus)	10	mg/kg	PO	5 mg/Kg IV, 10 mg/Kg PO	123
183	CSJYMAFXYMYNCK-UHFFFAOYSA-N	Rat	1	mg/kg		1 mg/Kg	1219
184	CSJYMAFXYMYNCK-UHFFFAOYSA-N	Rat	2	mg/kg		2 mg/kg	1219
185	ILHNIWOZZKIBNW-UHFFFAOYSA-N	Rat	3	mg/kg		3 mg/kg	1220
186	OAMLIJKKGZLNHE-UHFFFAOYSA-N	Rat	1	mg/kg		1 mg/kg	1221
187	OAMLIJKKGZLNHE-UHFFFAOYSA-N	Monkey (Rheus)	0.5	mg/kg		0.5 mg/Kg	1221
188	JTCAGRAKUAAYDY-OAHLLOKOSA-N	Rat	5	mg/kg	PO	5 mg/Kg PO, 1 mg/Kg IV	1222
189	JTCAGRAKUAAYDY-OAHLLOKOSA-N	Rat	1	mg/kg	IV	5 mg/Kg PO, 1 mg/Kg IV	1222
190	JTCAGRAKUAAYDY-OAHLLOKOSA-N	Dog	5	mg/kg	PO	5 mg/Kg PO, 1 mg/Kg IV	1222
191	JTCAGRAKUAAYDY-OAHLLOKOSA-N	Dog	1	mg/kg	IV	5 mg/Kg PO, 1 mg/Kg IV	1222
192	FSWFYCYPTDLKON-CMJOXMDJSA-N	Rat				0.52 (IV), 1.04 (PO) mg/Kg	1223
193	FSWFYCYPTDLKON-CMJOXMDJSA-N	Monkey (Cynomolgus)				0.50 (IV), 1.50 (PO) mg/Kg	1223
194	FSWFYCYPTDLKON-CMJOXMDJSA-N	Other					1223
195	SKZQFKBIJUXXCG-INIZCTEOSA-N	Rat	1	mg/kg		1 mg/kg	1224
196	SKZQFKBIJUXXCG-INIZCTEOSA-N	Rat	3	mg/kg		3 mg/Kg	1224
197	TVGAHWWPABTBCX-UHFFFAOYSA-N	Mouse	10	mg/kg		10 mg/Kg	1225
198	TVGAHWWPABTBCX-UHFFFAOYSA-N	Mouse	3	mg/kg		3 mg/Kg	1225
199	TVGAHWWPABTBCX-UHFFFAOYSA-N	Mouse	1	mg/kg		1 mg/Kg	1225
200	FRBRZGLUFOZRGD-JVPBZIDWSA-N	Rat	1	mg/kg		1 mg/Kg	1226
201	FRBRZGLUFOZRGD-JVPBZIDWSA-N	Rat	3	mg/kg		3 mg/Kg	1226
202	FRBRZGLUFOZRGD-JVPBZIDWSA-N	Dog	0.5	mg/kg		0.5 mg/Kg	1226
203	FRBRZGLUFOZRGD-JVPBZIDWSA-N	Dog	1	mg/kg		1 mg/Kg	1226
204	PXQATVYJKMMHAU-UHFFFAOYSA-N	Rat					1227
205	PXQATVYJKMMHAU-UHFFFAOYSA-N	Dog					1227
206	PXQATVYJKMMHAU-UHFFFAOYSA-N	Monkey (Cynomolgus)					1227
207	YNFDIGJKJPNFFD-SJORKVTESA-N	Rat	4	mg/kg		4 mg/kg	1228
208	RPHDOVLXDYWDGF-UHFFFAOYSA-N	Mouse	10	mg/kg		10 mg/kg	1229
209	KVJFJJXCBRSCDY-UHFFFAOYSA-N	Mouse	100	mg/kg		100 mg/Kg BID	1230
210	PGIVGIFOWOVINL-GOSISDBHSA-N	Rat	0.3	mg/kg		0.3 mg/Kg	1231
211	WZQLVEPIBAOOGF-RMMWZPCPSA-N	Rat	1	mg/kg		1 mg/Kg	1232
212	WZQLVEPIBAOOGF-RMMWZPCPSA-N	Rat	3	mg/kg		3 mg/Kg	1232
213	WZQLVEPIBAOOGF-RMMWZPCPSA-N	Dog	1	mg/kg		1 mg/Kg	1232
214	WZQLVEPIBAOOGF-RMMWZPCPSA-N	Dog	2	mg/kg		2 mg/Kg	1232
215	QZZCUOVXHPAQRQ-UHFFFAOYSA-N	Rat	1	mg/kg		1 mg/Kg	1233
216	QZZCUOVXHPAQRQ-UHFFFAOYSA-N	Rat	3	mg/kg		3 mg/Kg	1233
217	QZZCUOVXHPAQRQ-UHFFFAOYSA-N	Dog	0.5	mg/kg		0.5 mg/Kg	1233
218	QZZCUOVXHPAQRQ-UHFFFAOYSA-N	Dog	1	mg/kg		1.0 mg/Kg	1233
219	JZTTUZXIQIRVAB-FZEVHQGJSA-N	Mouse	3	mg/kg		3 mg/Kg	1234
220	JZTTUZXIQIRVAB-FZEVHQGJSA-N	Mouse	3	mg/kg		3 mg/Kg	1234
221	ZLGNYFOIDAVMHY-MPKOGUQCSA-N	Mouse	25	mg/kg	IV	25 mg/Kg IV once weekly, 10 mg/Kg 3 times weekly, 25 mg/Kg 5 days a week for 2 weeks, 50 mg/Kg every other day for 3 weeks	142
222	ZLGNYFOIDAVMHY-MPKOGUQCSA-N	Mouse	10	mg/kg		25 mg/Kg IV once weekly, 10 mg/Kg 3 times weekly, 25 mg/Kg 5 days a week for 2 weeks, 50 mg/Kg every other day for 3 weeks	142
223	ZLGNYFOIDAVMHY-MPKOGUQCSA-N	Mouse	25	mg/kg		25 mg/Kg IV once weekly, 10 mg/Kg 3 times weekly, 25 mg/Kg 5 days a week for 2 weeks, 50 mg/Kg every other day for 3 weeks	142
224	ZLGNYFOIDAVMHY-MPKOGUQCSA-N	Mouse	50	mg/kg		25 mg/Kg IV once weekly, 10 mg/Kg 3 times weekly, 25 mg/Kg 5 days a week for 2 weeks, 50 mg/Kg every other day for 3 weeks	142
225	QULDDKSCVCJTPV-UHFFFAOYSA-N	Mouse	125	mg/kg		31, 62.5, 125 mg/Kg, 75, 150 mg/Kg, 100 mg/Kg	143
226	QULDDKSCVCJTPV-UHFFFAOYSA-N	Mouse	150	mg/kg		31, 62.5, 125 mg/Kg, 75, 150 mg/Kg, 100 mg/Kg	143
227	QULDDKSCVCJTPV-UHFFFAOYSA-N	Mouse	100	mg/kg		31, 62.5, 125 mg/Kg, 75, 150 mg/Kg, 100 mg/Kg	143
228	BLVQHYHDYFTPDV-VCABWLAWSA-N	Other	10	mg/mL		10 mg/mL	144
229	VLLFGVHGKLDDLW-SFHVURJKSA-N	Rat	0.3	mg		0.3 mg /Kg	1235
230	VLLFGVHGKLDDLW-SFHVURJKSA-N	Rat	1	mg/kg		1 mg/Kg	1235
231	VLLFGVHGKLDDLW-SFHVURJKSA-N	Dog	0.3	mg/kg		0.3 mg/Kg	1235
232	VLLFGVHGKLDDLW-SFHVURJKSA-N	Dog	1	mg/kg		1 mg/Kg	1235
233	VLLFGVHGKLDDLW-SFHVURJKSA-N	Monkey (Cynomolgus)	0.3	mg/kg		0.3 mg/Kg	1235
234	VLLFGVHGKLDDLW-SFHVURJKSA-N	Monkey (Cynomolgus)	0.3	mg/kg		0.3 mg/Kg	1235
235	UEMQPCYDWCSVCU-UHFFFAOYSA-N	Mouse	3	mg/kg	PO	3 mg/kg (oral), 1 mg/kg (IV)	146
236	UEMQPCYDWCSVCU-UHFFFAOYSA-N	Mouse	1	mg/kg	IV	3 mg/kg (oral), 1 mg/kg (IV)	146
237	XMBSZPZJLPTFMV-UHFFFAOYSA-N	Mouse	3	mg/kg	IV	3 mg/Kg IV, 10 mg/Kg PO, up to 50 mg/Kg	147
238	XMBSZPZJLPTFMV-UHFFFAOYSA-N	Mouse	10	mg/kg	PO	3 mg/Kg IV, 10 mg/Kg PO, up to 50 mg/Kg	147
239	XMBSZPZJLPTFMV-UHFFFAOYSA-N	Mouse	50	mg/kg		3 mg/Kg IV, 10 mg/Kg PO, up to 50 mg/Kg	147
240	QYDASSGXBXGRBS-CKJXQJPGSA-N	Other	1	mg/kg		1 mg/kg and 30 mg/kg	151
241	QYDASSGXBXGRBS-CKJXQJPGSA-N	Other	30	mg/kg		1 mg/kg and 30 mg/kg	151
242	YQOLEILXOBUDMU-KRWDZBQOSA-N	Other	3	mg/kg		3-30 mg/Kg	152
243	JNSLBXJNVHYNNW-CXNSMIOJSA-N	Mouse	50	mg/kg		50 mg/kg	153
244	RNQODBQYMXYMCT-SJORKVTESA-N	Other					1236
245	RFZQYGBLRIKROZ-PCLIKHOPSA-N	Mouse	3	mg/kg		3 mg/Kg	1237
246	RFZQYGBLRIKROZ-PCLIKHOPSA-N	Mouse	10	mg/kg		10 mg/Kg	1237
247	RFZQYGBLRIKROZ-PCLIKHOPSA-N	Mouse	30	mg/kg		30 mg/Kg	1237
248	BPLVDYJDAVYLRQ-UHFFFAOYSA-N	Rat	10	mg/kg		10 mg/Kg	1238
249	WNEILUNVMHVMPH-UHFFFAOYSA-N	Other	8	mg/kg		0.5, 1, 2, 4, 8 mg/Kg	160
250	AEJOEPSMZCEYJN-HXUWFJFHSA-N	Other	10	mg/kg		10 mg/kg	162
251	OJKONCJPCULNOW-DYVFJYSZSA-N	Other	100	mg/kg		1, 3, 10, 100 mg/Kg	164
252	YDNOHCOYQVZOMC-UHFFFAOYSA-N	Other	75	mg/kg		75 mg/Kg	165
253	OFWWWKWUCDUISA-UHFFFAOYSA-N	Rat					166
254	CDQRIIUMNLMHRH-UHFFFAOYSA-N	Other	10	mg/kg	PO	10 mg/kg (oral); 1 mg/kg (IV)	1239
255	CDQRIIUMNLMHRH-UHFFFAOYSA-N	Other	1	mg/kg	IV	10 mg/kg (oral); 1 mg/kg (IV)	1239
256	CHEANNSDVJOIBS-MHZLTWQESA-N	Other	1	mg/kg	IV	1 mg/kg, iv; 5 mg/kg, po (M), 0.5 mg/kg, iv; 2 mg/kg, po (R), 0.5 mg/kg, iv; 2 mg/kg, po (C), up to 100 mg/Kg po	168
257	CHEANNSDVJOIBS-MHZLTWQESA-N	Other	5	mg/kg	PO	1 mg/kg, iv; 5 mg/kg, po (M), 0.5 mg/kg, iv; 2 mg/kg, po (R), 0.5 mg/kg, iv; 2 mg/kg, po (C), up to 100 mg/Kg po	168
258	CHEANNSDVJOIBS-MHZLTWQESA-N	Other	0.5	mg/kg	IV	1 mg/kg, iv; 5 mg/kg, po (M), 0.5 mg/kg, iv; 2 mg/kg, po (R), 0.5 mg/kg, iv; 2 mg/kg, po (C), up to 100 mg/Kg po	168
259	CHEANNSDVJOIBS-MHZLTWQESA-N	Other	2	mg/kg	PO	1 mg/kg, iv; 5 mg/kg, po (M), 0.5 mg/kg, iv; 2 mg/kg, po (R), 0.5 mg/kg, iv; 2 mg/kg, po (C), up to 100 mg/Kg po	168
260	CHEANNSDVJOIBS-MHZLTWQESA-N	Other	0.5	mg/kg	IV	1 mg/kg, iv; 5 mg/kg, po (M), 0.5 mg/kg, iv; 2 mg/kg, po (R), 0.5 mg/kg, iv; 2 mg/kg, po (C), up to 100 mg/Kg po	168
261	CHEANNSDVJOIBS-MHZLTWQESA-N	Other	2	mg/kg	PO	1 mg/kg, iv; 5 mg/kg, po (M), 0.5 mg/kg, iv; 2 mg/kg, po (R), 0.5 mg/kg, iv; 2 mg/kg, po (C), up to 100 mg/Kg po	168
262	CHEANNSDVJOIBS-MHZLTWQESA-N	Other	100	mg/kg	PO	1 mg/kg, iv; 5 mg/kg, po (M), 0.5 mg/kg, iv; 2 mg/kg, po (R), 0.5 mg/kg, iv; 2 mg/kg, po (C), up to 100 mg/Kg po	168
263	QBGKPEROWUKSBK-QPPIDDCLSA-N	Other	50	mg/kg		50 mg/kg	172
264	NRSGWEVTVGZDFC-UHFFFAOYSA-N	Other	1	mg/kg		1 mg/Kg, 3 mg/Kg, 10 mg/Kg, 0.1-0.3 mg/Kg IV	173
265	NRSGWEVTVGZDFC-UHFFFAOYSA-N	Other	3	mg/kg		1 mg/Kg, 3 mg/Kg, 10 mg/Kg, 0.1-0.3 mg/Kg IV	173
266	NRSGWEVTVGZDFC-UHFFFAOYSA-N	Other	10	mg/kg		1 mg/Kg, 3 mg/Kg, 10 mg/Kg, 0.1-0.3 mg/Kg IV	173
267	NRSGWEVTVGZDFC-UHFFFAOYSA-N	Other	0.1	mg/kg	IV	1 mg/Kg, 3 mg/Kg, 10 mg/Kg, 0.1-0.3 mg/Kg IV	173
268	HUUSXLKCTQDPGL-UHFFFAOYSA-N	Other	3	mg/kg	IV	3 mg/Kg (IV), 20 mg/Kg (PO)	174
269	HUUSXLKCTQDPGL-UHFFFAOYSA-N	Other	20	mg/kg	PO	3 mg/Kg (IV), 20 mg/Kg (PO)	174
270	ARBRHWRTXPWZGN-UHFFFAOYSA-N	Rat	1	mg/kg	IV	1 mg/Kg IV, 2.5 or 5 mg/Kg PO	1240
271	ARBRHWRTXPWZGN-UHFFFAOYSA-N	Rat	5	mg/kg	PO	1 mg/Kg IV, 2.5 or 5 mg/Kg PO	1240
272	PXVFFBGSTYQHRO-REQIQPEASA-N	Other	7.5	mg/kg		7.5-15 mg/Kg	176
273	KPBNHDGDUADAGP-VAWYXSNFSA-N	Mouse	5	mg/kg		5 mg/Kg	179
274	KPBNHDGDUADAGP-VAWYXSNFSA-N	Mouse	10	mg/kg		10 mg/Kg	179
275	KPBNHDGDUADAGP-VAWYXSNFSA-N	Mouse	30	mg/kg		30 mg/Kg	179
276	JFOAJUGFHDCBJJ-UHFFFAOYSA-N	Mouse	10	mg/kg		10 mg/Kg	1241
277	JFOAJUGFHDCBJJ-UHFFFAOYSA-N	Mouse	10	mg/kg		10 mg/Kg	1241
278	FNYGWXSATBUBER-UHFFFAOYSA-N	Mouse	150	mg/kg		150 mg/kg, 450 mg/kg	181
279	FNYGWXSATBUBER-UHFFFAOYSA-N	Mouse	450	mg/kg		150 mg/kg, 450 mg/kg	181
280	WVAKRQOMAINQPU-UHFFFAOYSA-N	Mouse	2	mg/kg		2 mg/Kg	182
281	WVAKRQOMAINQPU-UHFFFAOYSA-N	Mouse	10	mg/kg		10 mg/Kg	182
282	WVAKRQOMAINQPU-UHFFFAOYSA-N	Rat	1	mg/kg		1 mg/Kg	182
283	WVAKRQOMAINQPU-UHFFFAOYSA-N	Rat	4	mg/kg		4 mg/Kg	182
284	NAXSRXHZFIBFMI-UHFFFAOYSA-N	Mouse	10	mg/kg		10 mg/kg	183
285	ZDBWLRLGUBSLPG-FDHYQTMZSA-N	Mouse	10	mg/kg		10 mg/Kg	185
286	KSGZCKSNTAJOJS-DZBMUNJRSA-N	Mouse	1	mg/kg		1 mg/kg (PK study), 0.16 mg/kg once-daily (efficacy study)	186
287	KSGZCKSNTAJOJS-DZBMUNJRSA-N	Mouse	0.16	mg/kg		1 mg/kg (PK study), 0.16 mg/kg once-daily (efficacy study)	186
288	JLFSBHQQXIAQEC-UHFFFAOYSA-N	Mouse	30	mg/kg		30-100 mg/kg	187
289	FWLMVFUGMHIOAA-UHFFFAOYSA-N	Rat	12.5	mg/kg		12.5-50 mg/Kg	1242
290	FWLMVFUGMHIOAA-UHFFFAOYSA-N	Dog	12.5	mg/kg		12.5-50 mg/Kg	1242
291	XYFPWWZEPKGCCK-GOSISDBHSA-N	Mouse	3.31	mg/kg		3.31 mg/Kg	189
292	XYFPWWZEPKGCCK-GOSISDBHSA-N	Mouse	14.2	mg/kg		14.2 mg/Kg	189
293	LLVZBTWPGQVVLW-SNAWJCMRSA-N	Mouse	2.5	mg/kg		2.5 mg/kg	190
294	VUVUVNZRUGEAHB-CYBMUJFWSA-N	Mouse	3	mg/mL		3 mg/mL	193
295	ALGHKWSXJUQNJJ-UHFFFAOYSA-N	Rat	2.5	mg/kg		2.5 mg/Kg	1243
296	ALGHKWSXJUQNJJ-UHFFFAOYSA-N	Rat	10	mg/kg		10 mg/Kg	1243
297	ALGHKWSXJUQNJJ-UHFFFAOYSA-N	Dog	1	mg/kg		1.0 mg/Kg	1243
298	ALGHKWSXJUQNJJ-UHFFFAOYSA-N	Dog	3	mg/kg		3.0 mg/Kg	1243
299	QPTCYEYTAWEZNT-UHFFFAOYSA-N	Mouse	30	ug		30 ug	195
300	KSERXGMCDHOLSS-LJQANCHMSA-N	Mouse	1	mg/kg		1 mg/Kg	197
301	KSERXGMCDHOLSS-LJQANCHMSA-N	Mouse	10	mg/kg		10 mg/Kg	197
302	BIAVGWDGIJKWRM-FQEVSTJZSA-N	Rat	0.1	mg/kg		6.9 ± 0.1 mg/Kg	1244
303	BIAVGWDGIJKWRM-FQEVSTJZSA-N	Dog	0.02	mg/kg		0.93 ± 0.02 mg/Kg	1244
304	BIAVGWDGIJKWRM-FQEVSTJZSA-N	Rat	0	mg/kg		8.0 ± 0.0 mg/Kg	1244
305	BIAVGWDGIJKWRM-FQEVSTJZSA-N	Dog				4.2 ± 0.2	1244
306	WRCGBYNVBFVRTN-UHFFFAOYSA-N	Mouse	25	mg/kg		25 mg/Kg	1245
307	XNULRSOGWPFPBL-REWPJTCUSA-N	Rat	2	mg/kg		2 mg/Kg	1246
308	XNULRSOGWPFPBL-REWPJTCUSA-N	Rat	2	mg/kg		2 mg/Kg	1246
309	ADZBMFGQQWPHMJ-RHSMWYFYSA-N	Mouse	200	mg/kg		200 mg/Kg	201
310	ILOIOIGZFHGSMS-UHFFFAOYSA-N	Mouse	10	mg/kg		10 mg/Kg	203
311	FROGGFONBYACJB-KRWDZBQOSA-N	Rat	10	mg/kg		10 mg/Kg	1247
312	UQZCQKXJAXKZQH-LBPRGKRZSA-N	Mouse	300	mg/kg		3, 10, 30, 300 mg/Kg	1248
313	JZCWLJDSIRUGIN-UHFFFAOYSA-N	Mouse	60	mg/kg		60 mg/Kg	206
314	LCFFREMLXLZNHE-GBOLQPHISA-N	Rat	2	mg/kg	IV	2 mg/Kg IV, 20 mg/Kg PO	1249
315	LCFFREMLXLZNHE-GBOLQPHISA-N	Rat	20	mg/kg	PO	2 mg/Kg IV, 20 mg/Kg PO	1249
316	FUIYMYNYUHVDPT-HDJSIYSDSA-N	Rat	1	mg/kg		1-3 mg/Kg	1250
317	FUIYMYNYUHVDPT-HDJSIYSDSA-N	Dog	1	mg/kg		1-3 mg/Kg	1250
318	GRTDDIZIUSADLD-CRAIPNDOSA-N	Rat	3	mg/kg		3 mg/Kg	1251
319	GRTDDIZIUSADLD-CRAIPNDOSA-N	Rat	3	mg/kg		3 mg/Kg	1251
320	GRTDDIZIUSADLD-CRAIPNDOSA-N	Monkey (Cynomolgus)	3	mg/kg		3 mg/Kg	1251
321	GRTDDIZIUSADLD-CRAIPNDOSA-N	Monkey (Cynomolgus)	3	mg/kg		3 mg/Kg	1251
322	OXQNLLVUVDAEHC-OAQYLSRUSA-N	Other					1252
323	PKNYXWMTHFMHKD-UHFFFAOYSA-N	Rat	3	mg/kg		3 mg/Kg BID	1253
324	PKNYXWMTHFMHKD-UHFFFAOYSA-N	Other	3	mg/kg		3 mg/Kg BID	1253
325	OYUDYQMFVRHPIY-UHFFFAOYSA-N	Mouse	2.5	mg/kg		2.5 mg/Kg	1254
326	OYUDYQMFVRHPIY-UHFFFAOYSA-N	Mouse	5	mg/kg		5 mg/Kg	1254
327	OYUDYQMFVRHPIY-UHFFFAOYSA-N	Rat	2.5	mg/kg		2.5 mg/Kg	1254
328	OYUDYQMFVRHPIY-UHFFFAOYSA-N	Rat	5	mg/kg		5 mg/Kg	1254
329	OYUDYQMFVRHPIY-UHFFFAOYSA-N	Dog	3	mg/kg		3 mg/Kg	1254
330	OYUDYQMFVRHPIY-UHFFFAOYSA-N	Dog	3	mg/kg		3 mg/Kg	1254
331	OYUDYQMFVRHPIY-UHFFFAOYSA-N	Monkey (Cynomolgus)	3	mg/kg		3 mg/Kg	1254
332	OYUDYQMFVRHPIY-UHFFFAOYSA-N	Monkey (Cynomolgus)	3	mg/kg		3 mg/Kg	1254
333	USHQRIKZLHNPQR-JTQLQIEISA-N	Rat	1	mg/kg	IV	1 mg/Kg IV, 3 mg/Kg PO	1255
334	USHQRIKZLHNPQR-JTQLQIEISA-N	Rat	3	mg/kg	PO	1 mg/Kg IV, 3 mg/Kg PO	1255
335	USHQRIKZLHNPQR-JTQLQIEISA-N	Dog	0.46	mg/kg	IV	0.46 mg/kg IV, 3 mg/kg PO	1255
336	USHQRIKZLHNPQR-JTQLQIEISA-N	Dog	3	mg/kg	PO	0.46 mg/kg IV, 3 mg/kg PO	1255
337	USHQRIKZLHNPQR-JTQLQIEISA-N	Monkey (Cynomolgus)	0.1	mg/kg	IV	0.1 mg/Kg IV, 10 mg/Kg PO	1255
338	USHQRIKZLHNPQR-JTQLQIEISA-N	Monkey (Cynomolgus)	10	mg/kg	PO	0.1 mg/Kg IV, 10 mg/Kg PO	1255
339	PQUGCKBLVKJMNT-UHFFFAOYSA-N	Rat	10	mg/kg		10 mg/Kg	217
340	PQUGCKBLVKJMNT-UHFFFAOYSA-N	Rat	10	mg/kg		10 mg/Kg	217
341	WWOOWAHTEXIWBO-QFRSUPTLSA-N	Mouse	10	mg/kg		10 mg/Kg	1256
342	WULUGQONDYDNKY-UHFFFAOYSA-N	Mouse	1	mg/kg	IV	1 mg/Kg IV, 10 mg/Kg PO	219
343	WULUGQONDYDNKY-UHFFFAOYSA-N	Mouse	10	mg/kg	PO	1 mg/Kg IV, 10 mg/Kg PO	219
344	WULUGQONDYDNKY-UHFFFAOYSA-N	Rat	3	mg/kg	IV	3 mg/Kg IV, 10 mg/Kg PO	219
345	WULUGQONDYDNKY-UHFFFAOYSA-N	Rat	10	mg/kg	PO	3 mg/Kg IV, 10 mg/Kg PO	219
346	YEVOZZZLKJKCCD-UHFFFAOYSA-N	Mouse	10	mg/kg		10 mg/kg	1257
347	YEVOZZZLKJKCCD-UHFFFAOYSA-N	Mouse	1	mg/kg		1 mg/Kg	1257
348	YEVOZZZLKJKCCD-UHFFFAOYSA-N	Mouse	100	mg/kg		3, 10, 30, 50, and 100 mg/kg	1257
349	PRNXOFBDXNTIFG-FQEVSTJZSA-N	Mouse	10	mg/kg		10 mg/Kg	222
350	PRNXOFBDXNTIFG-FQEVSTJZSA-N	Mouse	100	mg/kg		100 mg/Kg	222
351	COOGVHJHSCBOQT-MRVPVSSYSA-N	Rat	2	mg/kg		2 mg/Kg	1258
352	COOGVHJHSCBOQT-MRVPVSSYSA-N	Rat	10	mg/kg		10 mg/Kg	1258
353	COOGVHJHSCBOQT-MRVPVSSYSA-N	Mouse	2	mg/kg		2 mg/Kg	1258
354	COOGVHJHSCBOQT-MRVPVSSYSA-N	Mouse	5	mg/kg		5 mg/Kg	1258
355	COOGVHJHSCBOQT-MRVPVSSYSA-N	Dog	2	mg/kg		2 mg/Kg	1258
356	COOGVHJHSCBOQT-MRVPVSSYSA-N	Dog	10	mg/kg		10 mg/Kg	1258
357	DLNFTRSEHUWEGO-HUUCEWRRSA-N	Mouse	50	mg/kg		50-200 mg/Kg BID	225
358	LIIWIMDSZVNYHY-UHFFFAOYSA-N	Other	5	mg/kg		5 mg/kg	226
359	PDMXSCCBEBCTGX-UHFFFAOYSA-N	Rat	3	mg/kg		3 mg/Kg	1259
360	QBIGUDRHHJTXKG-UUWRZZSWSA-N	Mouse	100	mg/kg		3, 10, 30, 100 mg/kg BID or 60 mg/kg QD	1260
361	QBIGUDRHHJTXKG-UUWRZZSWSA-N	Mouse	60	mg/kg		3, 10, 30, 100 mg/kg BID or 60 mg/kg QD	1260
362	QBIGUDRHHJTXKG-UUWRZZSWSA-N	Rat	1	mg/kg		1 mg/kg	1260
363	QBIGUDRHHJTXKG-UUWRZZSWSA-N	Rat	5	mg/kg		5 mg/kg	1260
364	GRXCLNMCJWKTAT-UHFFFAOYSA-N	Mouse	1	mg/kg		1 mg/Kg	1261
365	GRXCLNMCJWKTAT-UHFFFAOYSA-N	Mouse	5	mg/kg		5 mg/kg	1261
366	VGRLXWFIXGZRMS-UHFFFAOYSA-N	Rat	2	mg/kg	IV	2 mg/kg IV, 10 mg/kg PO	231
367	VGRLXWFIXGZRMS-UHFFFAOYSA-N	Rat	10	mg/kg	PO	2 mg/kg IV, 10 mg/kg PO	231
368	PGKXDIMONUAMFR-AREMUKBSSA-N	Guinea Pig					1262
369	PGKXDIMONUAMFR-AREMUKBSSA-N	Guinea Pig					1262
370	PWKAYICUBVNJAZ-UHFFFAOYSA-N	Mouse	30	mg/kg		30 mg/Kg	1263
371	MSTXJJGAXXJCBY-UHFFFAOYSA-N	Rat	1	mg/kg		1 mg/Kg	1264
372	MSTXJJGAXXJCBY-UHFFFAOYSA-N	Rat	10	mg/kg		10 mg/Kg	1264
373	IVDUVEGCMXCMSO-FQEVSTJZSA-N	Mouse	150	mg/kg		150 mg/Kg	1265
374	HRJWTAWVFDCTGO-UHFFFAOYSA-N	Rat	5	mg/kg		5 mg/Kg	238
375	HRJWTAWVFDCTGO-UHFFFAOYSA-N	Dog	5	mg/kg		5 mg/Kg	238
376	BZZKEPGENYLQSC-FIBGUPNXSA-N	Mouse	1	mg/kg		1 mg/Kg	1266
377	BZZKEPGENYLQSC-FIBGUPNXSA-N	Mouse	10	mg/kg		10 mg/Kg	1266
378	BZZKEPGENYLQSC-FIBGUPNXSA-N	Dog	2	mg/kg		2 mg/Kg	1266
379	BZZKEPGENYLQSC-FIBGUPNXSA-N	Dog	10	mg/kg		10 mg/Kg	1266
380	BZZKEPGENYLQSC-FIBGUPNXSA-N	Monkey (Cynomolgus)	2	mg/kg		2 mg/Kg	1266
381	BZZKEPGENYLQSC-FIBGUPNXSA-N	Monkey (Cynomolgus)	10	mg/kg		10 mg/Kg	1266
382	XUKUURHRXDUEBC-KAYWLYCHSA-N	Mouse	10	mg/kg	IV	10 mg/kg (IV), 300 mg/kg (PO)	240
383	XUKUURHRXDUEBC-KAYWLYCHSA-N	Mouse	300	mg/kg	PO	10 mg/kg (IV), 300 mg/kg (PO)	240
384	WDHOIABIERMLGY-CMJOXMDJSA-N	Other				2/5 IV/PO mg/Kg (M), 0.5/1 IV/PO mg/Kg (R)	241
385	YTINZZFBHWSAGL-NDEPHWFRSA-N	Rat	2	mg/kg		2 mg/Kg	1267
386	YTINZZFBHWSAGL-NDEPHWFRSA-N	Rat	10	mg/kg		10 mg/Kg	1267
387	YTINZZFBHWSAGL-NDEPHWFRSA-N	Monkey (Cynomolgus)	3	mg/kg		3 mg/Kg	1267
388	VRQMAABPASPXMW-HDICACEKSA-N						244
389	JKJMWHULJIOKPJ-UHFFFAOYSA-N	Mouse	0.1	mg/kg		0.1 - 10 mg/Kg	1268
390	TXJZRSRTYPUYRW-GHTZIAJQSA-N	Other	100	mg/kg		100 mg/kg	258
391	ARYUXFNGXHNNDM-UHFFFAOYSA-N	Rat	10	mg/kg		10 mg/Kg	1269
392	WQAVGRAETZEADU-UHFFFAOYSA-N	Mouse	0.03	mg/kg		10, 1, 0.1, and 0.03 mg/kg	1270
393	WQAVGRAETZEADU-UHFFFAOYSA-N	Rat	0.03	mg/kg		10, 1, 0.1, and 0.03 mg/kg	1270
394	WQAVGRAETZEADU-UHFFFAOYSA-N	Dog	0.03	mg/kg		10, 1, 0.1, and 0.03 mg/kg	1270
395	WQAVGRAETZEADU-UHFFFAOYSA-N	Monkey (Cynomolgus)	0.03	mg/kg		10, 1, 0.1, and 0.03 mg/kg	1270
396	CDJPHTNUARAVMH-SECBINFHSA-N	Rat	1	mg/kg		1 mg/kg	1271
397	HFNKQEVNSGCOJV-OAHLLOKOSA-N	Mouse	90	mg/kg		90 mg/kg	263
398	OQFCHSFVWSLDAO-UHFFFAOYSA-N	Mouse	10	mg/kg		10 mg/Kg	1272
399	OQFCHSFVWSLDAO-UHFFFAOYSA-N	Mouse	2	mg/kg		2 mg/Kg	1272
400	WSEQXVZVJXJVFP-FQEVSTJZSA-N	Rat	1.6	mg/kg		1.6 mg/Kg	265
401	KJDAGXLMHXUAGV-DGWLBADLSA-N	Mouse	25	mg/kg		12.5, 18.8, 25 mg/Kg	268
402	CMJJZRAAQMUAFH-INIZCTEOSA-N	Mouse	4	mg/kg		4 mg/Kg	1273
403	CMJJZRAAQMUAFH-INIZCTEOSA-N	Mouse	1	mg/kg		1 mg/Kg	1273
404	CMJJZRAAQMUAFH-INIZCTEOSA-N	Rat	20	mg/kg		20 mg/Kg	1273
405	CMJJZRAAQMUAFH-INIZCTEOSA-N	Rat	4	mg/kg		4 mg/Kg	1273
406	FFLJVBPCONQSQW-UHFFFAOYSA-N	Mouse	20	mg/kg		20 mg/Kg	272
407	IESAJAZKMLPVIB-VXGBXAGGSA-N	Rat	30	mg/kg		30-90 mg/Kg	1274
408	PEMUGDMSUDYLHU-ZEQRLZLVSA-N	Other	3	mg/kg	IV	3 mg/Kg IV, 3 to 100 mg/Kg PO	274
409	PEMUGDMSUDYLHU-ZEQRLZLVSA-N	Other	3	mg/kg	PO	3 mg/Kg IV, 3 to 100 mg/Kg PO	274
410	NXQKSXLFSAEQCZ-SFHVURJKSA-N	Other	1	mg/kg	IV	1 mg/Kg IV, 10 mg/Kg PO, Reviewer suggest 30 and 100 mg/Kg PO	275
411	NXQKSXLFSAEQCZ-SFHVURJKSA-N	Other	10	mg/kg	PO	1 mg/Kg IV, 10 mg/Kg PO, Reviewer suggest 30 and 100 mg/Kg PO	275
412	NXQKSXLFSAEQCZ-SFHVURJKSA-N	Other	100	mg/kg	PO	1 mg/Kg IV, 10 mg/Kg PO, Reviewer suggest 30 and 100 mg/Kg PO	275
413	RIGHCDSORZCRDE-UHFFFAOYSA-N	Mouse	2	mg/kg	IV	2 mg/Kg IV, 10 mg/Kg	277
414	RIGHCDSORZCRDE-UHFFFAOYSA-N	Mouse	10	mg/kg		2 mg/Kg IV, 10 mg/Kg	277
415	RAXZSEGXMBWYQK-SNVBAGLBSA-N	Rat	1	mg/kg	PO	1 mg/Kg PO, 0.5 mg/Kg IV	1275
416	RAXZSEGXMBWYQK-SNVBAGLBSA-N	Rat	0.5	mg/kg	IV	1 mg/Kg PO, 0.5 mg/Kg IV	1275
417	RAXZSEGXMBWYQK-SNVBAGLBSA-N	Dog	0.5	mg/kg	PO	0.5 mg/Kg PO, 0.25 mg/Kg IV	1275
418	RAXZSEGXMBWYQK-SNVBAGLBSA-N	Dog	0.25	mg/kg	IV	0.5 mg/Kg PO, 0.25 mg/Kg IV	1275
419	MVCOAUNKQVWQHZ-UHFFFAOYSA-N	Mouse	1	mg/kg	IV	1 mg/Kg (IV), 10 mg/Kg (PO)	1276
420	MVCOAUNKQVWQHZ-UHFFFAOYSA-N	Mouse	10	mg/kg	PO	1 mg/Kg (IV), 10 mg/Kg (PO)	1276
421	MVCOAUNKQVWQHZ-UHFFFAOYSA-N	Rat	1	mg/kg	IV	1 mg/Kg (IV), 10 mg/Kg (PO)	1276
422	MVCOAUNKQVWQHZ-UHFFFAOYSA-N	Rat	10	mg/kg	PO	1 mg/Kg (IV), 10 mg/Kg (PO)	1276
423	RHFIAUKMKYHHFA-UHFFFAOYSA-N	Other	0.4	mg/kg	IV	0.4-1 mg/kg (IV), 5 mg/Kg (PO)	279
424	RHFIAUKMKYHHFA-UHFFFAOYSA-N	Other	5	mg/kg	PO	0.4-1 mg/kg (IV), 5 mg/Kg (PO)	279
425	LUVOYGUFQRWXGQ-UHFFFAOYSA-N	Mouse	1	mg/kg		1 mg/Kg	1277
426	LUVOYGUFQRWXGQ-UHFFFAOYSA-N	Rat	1	mg/kg		1 mg/Kg	1277
427	MCLDWKVRXDHDEI-UHFFFAOYSA-N	Mouse	2.29	mg/kg		2.29 mg/kg	1278
428	VSMTYSWGHKYXOF-UHFFFAOYSA-N	Mouse	20	mg/kg		20 mg/kg	1279
429	VSMTYSWGHKYXOF-UHFFFAOYSA-N	Mouse	20	mg/kg		20 mg/Kg	1279
430	DRSZMILOMUPIBJ-UHFFFAOYSA-N	Mouse	100	mg/kg		10, 30. 100 mg/Kg	1280
431	ZLHFILGSQDJULK-UHFFFAOYSA-N	Mouse	30	mg/kg		5, 10, 30 mg/Kg	285
432	CWLAIOPWFOOJHQ-QHCPKHFHSA-N	Mouse	3	mg/kg		3 mg/Kg	1281
433	NCDZABJPWMBMIQ-INIZCTEOSA-N	Mouse					1282
434	NCDZABJPWMBMIQ-INIZCTEOSA-N	Rat					1282
435	NCDZABJPWMBMIQ-INIZCTEOSA-N	Dog					1282
436	XDJGNPSZQSWJCV-UHFFFAOYSA-N	Rat	0.5	mg/kg		0.5 mg/kg	1283
437	XDJGNPSZQSWJCV-UHFFFAOYSA-N	Rat	1	mg/kg		1 mg/Kg	1283
438	XDJGNPSZQSWJCV-UHFFFAOYSA-N	Dog	0.1	mg/kg		0.1 mg/Kg	1283
439	UZWDCWONPYILKI-UHFFFAOYSA-N	Mouse	12.5	mg/kg		>12.5 mg/Kg	1284
440	QJZQFVRFJCGDKF-UHFFFAOYSA-N	Mouse	5	mg/kg	IV	5 mg/Kg IV, 20 mg/Kg PO	1285
441	QJZQFVRFJCGDKF-UHFFFAOYSA-N	Mouse	20	mg/kg	PO	5 mg/Kg IV, 20 mg/Kg PO	1285
442	QJZQFVRFJCGDKF-UHFFFAOYSA-N	Rat	5	mg/kg	IV	5 mg/Kg IV, 20 mg/Kg	1285
443	QJZQFVRFJCGDKF-UHFFFAOYSA-N	Rat	20	mg/kg		5 mg/Kg IV, 20 mg/Kg	1285
444	QJZQFVRFJCGDKF-UHFFFAOYSA-N	Dog	1	mg/kg	IV	1 mg/Kg IV, 5 mg/Kg PO	1285
445	QJZQFVRFJCGDKF-UHFFFAOYSA-N	Dog	5	mg/kg	PO	1 mg/Kg IV, 5 mg/Kg PO	1285
446	QJZQFVRFJCGDKF-UHFFFAOYSA-N	Monkey (Cynomolgus)	1	mg/kg	IV	1 mg/Kg IV, 5 mg/Kg PO	1285
447	QJZQFVRFJCGDKF-UHFFFAOYSA-N	Monkey (Cynomolgus)	5	mg/kg	PO	1 mg/Kg IV, 5 mg/Kg PO	1285
448	YOVVNQKCSKSHKT-HNNXBMFYSA-N	Mouse	1	mg/kg		1 mg/Kg	1286
449	YOVVNQKCSKSHKT-HNNXBMFYSA-N	Mouse	5	mg/kg		5 mg/Kg	1286
450	YOVVNQKCSKSHKT-HNNXBMFYSA-N	Mouse	50	mg/kg		50 mg/Kg	1286
451	GBLBJPZSROAGMF-RWYJCYHVSA-N	Mouse	10	mg/kg		10 mg/Kg	1287
452	KVLFRAWTRWDEDF-IRXDYDNUSA-N	Mouse	10	mg/kg		2.5 and 10 mg/Kg	1288
453	HFLMLZKGLUEWBU-UHFFFAOYSA-N	Rat	10	mg/kg		10 mg/Kg	1289
454	UKBQFBRPXKGJPY-INIZCTEOSA-N	Rat	1	mg/kg		1 mg/Kg	1290
455	UKBQFBRPXKGJPY-INIZCTEOSA-N	Rat	5	mg/kg		5 mg/Kg	1290
456	UKBQFBRPXKGJPY-INIZCTEOSA-N	Monkey (Cynomolgus)	1	mg/kg		1 mg/Kg	1290
457	UKBQFBRPXKGJPY-INIZCTEOSA-N	Monkey (Cynomolgus)	5	mg/kg		5 mg/Kg	1290
458	OAZAPIKYVGRNCO-UHFFFAOYSA-N	Mouse	0.5	mg/kg		0.5 mg/Kg	1291
459	OAZAPIKYVGRNCO-UHFFFAOYSA-N	Mouse	5	mg/kg		5 mg/Kg	1291
460	RSMYFSPOTCDHHJ-GOSISDBHSA-N	Rat				unknown	1292
461	RSMYFSPOTCDHHJ-GOSISDBHSA-N	Dog				unknown	1292
462	GOOYSJIWTIHOGW-UHFFFAOYSA-N	Mouse	10	mg/kg		10 mg/Kg	1293
463	GOOYSJIWTIHOGW-UHFFFAOYSA-N	Rat	10	mg/kg		10 mg/Kg	1293
464	JKDGKIBAOAFRPJ-ZBINZKHDSA-N	Rat	1	mg/kg		1 mg/Kg	1294
465	JKDGKIBAOAFRPJ-ZBINZKHDSA-N	Rat	5	mg/kg		5 mg/Kg	1294
466	JKDGKIBAOAFRPJ-ZBINZKHDSA-N	Dog	1	mg/kg		1 mg/Kg	1294
467	JKDGKIBAOAFRPJ-ZBINZKHDSA-N	Dog	5	mg/kg		5 mg/Kg	1294
468	JKDGKIBAOAFRPJ-ZBINZKHDSA-N	Dog	1	mg/kg		1 mg/Kg	1294
469	JKDGKIBAOAFRPJ-ZBINZKHDSA-N	Dog	5	mg/kg		5 mg/Kg	1294
470	SJHNWSAWWOAWJH-MRXNPFEDSA-N	Mouse	3	mg/kg		3 mg/Kg	1295
471	SJHNWSAWWOAWJH-MRXNPFEDSA-N	Mouse	10	mg/kg		10 mg/Kg	1295
472	SJHNWSAWWOAWJH-MRXNPFEDSA-N	Rat	3	mg/kg		3 mg/Kg	1295
473	SJHNWSAWWOAWJH-MRXNPFEDSA-N	Rat	10	mg/kg		10 mg/Kg	1295
474	SJHNWSAWWOAWJH-MRXNPFEDSA-N	Dog	1	mg/kg		1 mg/Kg	1295
475	SJHNWSAWWOAWJH-MRXNPFEDSA-N	Dog	10	mg/kg		10 mg/Kg	1295
476	DJVYXMINSBMUHH-QAQDUYKDSA-N	Rat	2	mg/kg		2 mg/kg	1296
477	DJVYXMINSBMUHH-QAQDUYKDSA-N	Rat	5	mg/kg		5 mg/kg	1296
478	DJVYXMINSBMUHH-QAQDUYKDSA-N	Dog	1	mg/kg		1 mg/kg	1296
479	CDQQWCLOMUMQMM-UHFFFAOYSA-N	Mouse	0.5	mg/kg		0.5 mg/Kg	1297
480	CDQQWCLOMUMQMM-UHFFFAOYSA-N	Mouse	5	mg/kg		5 mg/Kg	1297
481	RQFYFNAGNBUGFC-UHFFFAOYSA-N	Rat	50	mg/kg		50 mg/Kg	1298
482	COGUZYALRYMQTD-LJQANCHMSA-N	Mouse	1	mg/kg		1 mg/Kg	1299
483	COGUZYALRYMQTD-LJQANCHMSA-N	Mouse	5	mg/kg		5 mgKg	1299
484	COGUZYALRYMQTD-LJQANCHMSA-N	Mouse	10	mg/kg		10 mg/Kg	1299
485	WQVPGYMGERDXLH-UHFFFAOYSA-N	Mouse	5	mg/kg		5 mg/kg	1300
486	IWMCPJZTADUIFX-UHFFFAOYSA-N	Mouse	1	mg/kg		1 mg/Kg	1301
487	IWMCPJZTADUIFX-UHFFFAOYSA-N	Mouse	10	mg/kg		10 mg/Kg	1301
488	FWJRVGZWNDOOFH-OAHLLOKOSA-N	Rat	1	mg/kg		1 mg/Kg	1302
489	WDBUEMWHXKHQNB-NNAUULPKSA-N	Mouse	1	mg/kg		1 mg/Kg	1303
490	WDBUEMWHXKHQNB-NNAUULPKSA-N	Mouse	3	mg/kg		3 mg/Kg	1303
491	WDBUEMWHXKHQNB-NNAUULPKSA-N	Mouse	10	mg/kg		10 mg/Kg	1303
492	DMUSMYYDKCXFKR-MRJIRHQNSA-N	Mouse	3	mg/kg		3 mg/Kg	1304
493	DMUSMYYDKCXFKR-MRJIRHQNSA-N	Mouse	10	mg/kg		10 mg/Kg	1304
494	VNSQFPFWUAZOTQ-UHFFFAOYSA-N	Mouse	1	mg/kg		1.0 mg/Kg	1305
495	VNSQFPFWUAZOTQ-UHFFFAOYSA-N	Mouse	1	mg/kg		1 mg/Kg	1305
496	XUOJHVFYSAMHNK-GWMXKSKGSA-N	Mouse	10	mg/kg	IV	0.3/10 mpk IV/PO	1306
497	XUOJHVFYSAMHNK-GWMXKSKGSA-N	Rat	3	mg/kg	IV	1/3 mpk IV/PO	1306
498	XUOJHVFYSAMHNK-GWMXKSKGSA-N	Dog	1	mg/kg	IV	0.3/1 mpk IV/PO	1306
499	XUOJHVFYSAMHNK-GWMXKSKGSA-N	Monkey (Cynomolgus)	1	mg/kg	IV	0.3/1 mpk IV/PO	1306
500	IVOACCSOISMVBL-UHFFFAOYSA-N	Rat	10	mg/kg		10 mg/Kg	1307
501	IVOACCSOISMVBL-UHFFFAOYSA-N	Dog	10	mg/kg		10 mg/Kg	1307
502	IVOACCSOISMVBL-UHFFFAOYSA-N	Monkey (Cynomolgus)	10	mg/kg		10 mg/Kg	1307
503	HEUVRFNVTLGKMZ-SANMLTNESA-N	Other	5	mg/kg		5 mg/kg (Rat), 2.5 mg/kg (Dog), up to 25 mg/kg (PO)	319
504	HEUVRFNVTLGKMZ-SANMLTNESA-N	Other	2.5	mg/kg		5 mg/kg (Rat), 2.5 mg/kg (Dog), up to 25 mg/kg (PO)	319
505	HEUVRFNVTLGKMZ-SANMLTNESA-N	Other	25	mg/kg	PO	5 mg/kg (Rat), 2.5 mg/kg (Dog), up to 25 mg/kg (PO)	319
506	DNVXATUJJDPFDM-KRWDZBQOSA-N	Mouse	50	mg/kg		50 mg/kg	320
507	RCINICONZNJXQF-MZXODVADSA-N	Other	2	mg/kg		2-36 mg/kg	322
508	DUCNNEYLFOQFSW-PMERELPUSA-N	Other	150	mg/kg		150 mg/kg	324
509	UYKVJQCPBDDIFD-ZSEKCTLFSA-N	Rat	2	mg/kg		2 mg/Kg	1308
510	UYKVJQCPBDDIFD-ZSEKCTLFSA-N	Rat	1	mg/kg		1 mg/Kg	1308
511	UYKVJQCPBDDIFD-ZSEKCTLFSA-N	Mouse	1	mg/kg		1 mg/Kg	1308
512	UYKVJQCPBDDIFD-ZSEKCTLFSA-N	Dog	1	mg/kg		1 mg/Kg	1308
513	UYKVJQCPBDDIFD-ZSEKCTLFSA-N	Mouse	4	mg/kg		4 mg/Kg	1308
514	UYKVJQCPBDDIFD-ZSEKCTLFSA-N	Rat	30	mg/kg		30 mg/Kg	1308
515	UYKVJQCPBDDIFD-ZSEKCTLFSA-N	Dog	2	mg/kg		2 mg/Kg	1308
516	UYKVJQCPBDDIFD-ZSEKCTLFSA-N	Dog	20	mg/kg		20 mg/Kg	1308
517	RWRSKMSFZCQDMQ-UHFFFAOYSA-N	Mouse	5	mg/kg		5 mg/Kg	1309
518	RWRSKMSFZCQDMQ-UHFFFAOYSA-N	Mouse	10	mg/kg		10 mg/Kg	1309
519	RIWTUJFFSTVYPW-UHFFFAOYSA-N	Mouse	10	mg/kg		10 mg/Kg	1310
520	QARLNMDDSQMINK-BVRKHOPBSA-N	Mouse	200	mg/kg		2, 20, 200 mg/Kg	1311
521	HKASDKLLEVWKJA-YADARESESA-N	Mouse	10	uM/kg		10 uM/Kg	1312
522	HKASDKLLEVWKJA-YADARESESA-N	Mouse	1	uM/kg		1 uM/Kg	1312
523	MDUYWDNWFXSMJJ-XWLWVQCSSA-N	Rat	1	mg/kg		1 mg/Kg	1313
524	MDUYWDNWFXSMJJ-XWLWVQCSSA-N	Rat	5	mg/kg		5 mg/Kg	1313
525	MDUYWDNWFXSMJJ-XWLWVQCSSA-N	Dog	1	mg/kg		1 mg/Kg	1313
526	MDUYWDNWFXSMJJ-XWLWVQCSSA-N	Dog	5	mg/kg		5 mg/Kg	1313
527	XRDVXQQZLHVEQZ-UHFFFAOYSA-N	Mouse	5	mg/kg		5 mg/Kg	1314
528	XRDVXQQZLHVEQZ-UHFFFAOYSA-N	Mouse	10	mg/kg		10 mg/Kg	1314
529	MZBOZBMARIQZGX-GRRGFIRHSA-N	Other	25	mg/kg		25 mg/kg (rat)	335
530	UNRTVIQQMJRQLZ-UHFFFAOYSA-N	Mouse	250	mg/kg		250 mg/Kg	1315
531	BWBUPDTUXQDHSX-AWEZNQCLSA-N	Mouse	2	mg/kg		2 mg/Kg	1316
532	BWBUPDTUXQDHSX-AWEZNQCLSA-N	Mouse	10	mg/kg		10 mg/Kg	1316
533	BWBUPDTUXQDHSX-AWEZNQCLSA-N	Mouse	20	mg/kg		20 mg/Kg	1316
534	BWBUPDTUXQDHSX-AWEZNQCLSA-N	Mouse	40	mg/kg		40 mg/Kg	1316
535	BWBUPDTUXQDHSX-AWEZNQCLSA-N	Rat	2	mg/kg		2 mg/Kg	1316
536	BWBUPDTUXQDHSX-AWEZNQCLSA-N	Rat	10	mg/kg		10 mg/Kg	1316
537	ZRHWCAFAIHTQKD-QGZVFWFLSA-N	Mouse	50	mg/kg		50 mg/Kg	1317
538	CQAPXPSWLDAVEG-UHFFFAOYSA-N	Mouse	0.5	mg/kg		0.5 mg/Kg	1318
539	CQAPXPSWLDAVEG-UHFFFAOYSA-N	Mouse	5	mg/kg		5 mg/Kg	1318
540	YNVKFHIWFDRVNY-UHFFFAOYSA-N	Mouse	2.5	mg/kg		2.5 mg/kg	1319
541	QVQHWPLHUNEREE-UHFFFAOYSA-N	Mouse	5	mg/kg		5 mg/Kg	1320
542	XVFDNRYZXDHTHT-PXAZEXFGSA-N	Mouse					1321
543	XVFDNRYZXDHTHT-PXAZEXFGSA-N	Rat					1321
544	IVYQPSHHYIAUFO-VXKWHMMOSA-N	Other					345
545	RVOZYMPVGIVNJX-UHFFFAOYSA-N	Rat	0.3	mg/kg	IV	0.3 mg/Kg IV, 10 mg/Kg PO	1322
546	RVOZYMPVGIVNJX-UHFFFAOYSA-N	Rat	10	mg/kg	PO	0.3 mg/Kg IV, 10 mg/Kg PO	1322
547	RVOZYMPVGIVNJX-UHFFFAOYSA-N	Dog	0.3	mg/kg	IV	0.3 mg/Kg IV, 10 mg/Kg PO	1322
548	RVOZYMPVGIVNJX-UHFFFAOYSA-N	Dog	10	mg/kg	PO	0.3 mg/Kg IV, 10 mg/Kg PO	1322
549	DFQGDHBGRSTTHX-UHFFFAOYSA-N	Rat	2	mg/kg	IV	2 mg/Kg IV, 10 mg/Kg PO	1323
550	DFQGDHBGRSTTHX-UHFFFAOYSA-N	Rat	10	mg/kg	PO	2 mg/Kg IV, 10 mg/Kg PO	1323
551	HNIFCPBQMKPRCX-UHFFFAOYSA-N	Rat	2	mg/kg		2 mg/Kg	1324
552	HNIFCPBQMKPRCX-UHFFFAOYSA-N	Dog	0.2	mg/kg		0.2 mg/Kg	1324
553	REQQVBGILUTQNN-UHFFFAOYSA-N	Mouse	3	mg/kg		3 mg/Kg	1325
554	REQQVBGILUTQNN-UHFFFAOYSA-N	Mouse	10	mg/kg		10 mg/Kg	1325
555	REQQVBGILUTQNN-UHFFFAOYSA-N	Mouse	30	mg/kg		30 mg/Kg	1325
556	YJPWVCIGSHWNON-UHFFFAOYSA-N	Rat	10	mg/kg		10 mg/kg	350
557	YJPWVCIGSHWNON-UHFFFAOYSA-N	Rat	10	mg/kg		10 mg/Kg	350
558	MCIACXAZCBVDEE-CUUWFGFTSA-N	Rat	2	mg/kg		2 mg/Kg	1326
559	MCIACXAZCBVDEE-CUUWFGFTSA-N	Rat	5	mg/kg		5.0 mg/Kg	1326
560	TVMJSGGZULFVCZ-XMMPIXPASA-N	Rat	30	ug		30 µg	1327
561	YIHHYCIYAIVQKX-MBIULKOWSA-N	Mouse	3	mg/kg		3 mg/Kg	1328
562	MSFPLTWUFWOKBX-IFXJQAMLSA-O	Mouse	10	mg/kg		10 mg/kg	355
563	BBIPVJCGIASXJB-PKTZIBPZSA-N	Rat	1	mg/kg		1 mg/Kg	356
564	BBIPVJCGIASXJB-PKTZIBPZSA-N	Rat	9.75	mg/kg		9.75 mg/Kg	356
565	BBIPVJCGIASXJB-PKTZIBPZSA-N	Mouse	10	mg/kg		10 mg/Kg	356
566	SPMVMDHWKHCIDT-UHFFFAOYSA-N	Rat	0.04	mg/kg		0.04 mg/Kg	1329
567	SPMVMDHWKHCIDT-UHFFFAOYSA-N	Rat	0.2	mg/kg		0.2 mg/Kg	1329
568	SPMVMDHWKHCIDT-UHFFFAOYSA-N	Rat	1	mg/kg		1 mg/Kg	1329
569	SPMVMDHWKHCIDT-UHFFFAOYSA-N	Rat	5	mg/mL		5 mg/mL	1329
570	ZRPZPNYZFSJUPA-UHFFFAOYSA-N	Mouse	50	mg/kg		50 mg/Kg, 200 mg/Kg	358
571	ZRPZPNYZFSJUPA-UHFFFAOYSA-N	Mouse	200	mg/kg		50 mg/Kg, 200 mg/Kg	358
572	NDRFFOKFYGUOKD-ZDUSSCGKSA-N	Mouse	1	mg/kg	IV	1 mg/Kg IV, 10 mg/Kg PO	1330
573	NDRFFOKFYGUOKD-ZDUSSCGKSA-N	Mouse	10	mg/kg	PO	1 mg/Kg IV, 10 mg/Kg PO	1330
574	PJKRNPPUSQSCHN-UHFFFAOYSA-N	Mouse	0.5	umol/kg		0.5 umol/kg	1331
575	PJKRNPPUSQSCHN-UHFFFAOYSA-N	Rat	0.5	umol/kg		0.5 umol/Kg	1331
576	QGPXEIMWTKWHMH-DEOSSOPVSA-N	Rat	1	mg/kg	IV	1 mg/kg IV, 10 mg/kg PO	1332
577	QGPXEIMWTKWHMH-DEOSSOPVSA-N	Rat	10	mg/kg	PO	1 mg/kg IV, 10 mg/kg PO	1332
578	QGPXEIMWTKWHMH-DEOSSOPVSA-N	Dog	1	mg/kg	IV	1 mg/kg IV, 10 mg/kg PO	1332
579	QGPXEIMWTKWHMH-DEOSSOPVSA-N	Dog	10	mg/kg	PO	1 mg/kg IV, 10 mg/kg PO	1332
580	QGPXEIMWTKWHMH-DEOSSOPVSA-N	Monkey (Cynomolgus)	1	mg/kg	IV	1 mg/kg IV, 10 mg/kg PO	1332
581	QGPXEIMWTKWHMH-DEOSSOPVSA-N	Monkey (Cynomolgus)	10	mg/kg	PO	1 mg/kg IV, 10 mg/kg PO	1332
582	AAHNBILIYONQLX-UHFFFAOYSA-N	Rat				1 IV, 2 PO mg/Kg	1333
583	AAHNBILIYONQLX-UHFFFAOYSA-N	Dog				0.2 IV; 0.5 PO mg/Kg	1333
584	FRPJGTNLZNXQEX-UHFFFAOYSA-N	Rat	0.03	umol/kg		0.03 umol/Kg	364
585	WDZVWDXOIGQJIO-UHFFFAOYSA-N	Rat	1	mg/kg	IV	1 mg/kg IV, 5 mg/Kg PO	365
586	WDZVWDXOIGQJIO-UHFFFAOYSA-N	Rat	5	mg/kg	PO	1 mg/kg IV, 5 mg/Kg PO	365
587	LWJGMYMNSNVCEM-UHFFFAOYSA-N	Mouse	0.1	mg/kg		0.1 - 10 mg/Kg	1334
588	LWJGMYMNSNVCEM-UHFFFAOYSA-N	Rat	1	mg/kg		1 - 10 mg/Kg	1334
589	BEBDKSYNJJVZSO-SECBINFHSA-N	Rat	1	mg/kg	IV	1 mg/Kg IV, 10 mg/Kg PO	1335
590	BEBDKSYNJJVZSO-SECBINFHSA-N	Rat	10	mg/kg	PO	1 mg/Kg IV, 10 mg/Kg PO	1335
591	SWOIFXHMBKFCRM-UHFFFAOYSA-N	Mouse	20	mg/kg		20 mg/Kg	1336
592	SWOIFXHMBKFCRM-UHFFFAOYSA-N	Mouse	20	mg/kg		20 mg/Kg	1336
593	FOECKIWHCOYYFL-UHFFFAOYSA-N	Mouse	25	mg/kg		25 - 75 mg/kg	1337
594	UNSHMXUHOHBLIQ-UHFFFAOYSA-N	Rat	0.3	mg/kg		0.3 mg/Kg	1338
595	UNSHMXUHOHBLIQ-UHFFFAOYSA-N	Rat	0.6	mg/kg		0.6 mg/Kg	1338
596	UNSHMXUHOHBLIQ-UHFFFAOYSA-N	Mouse	100	mg/kg		25, 50, 100 mg/Kg	1338
597	ZGBAPSHWPBXEKN-OPHFCASCSA-N	Mouse	0.3	mg/kg		0.3 mg/Kg	371
598	ZGBAPSHWPBXEKN-OPHFCASCSA-N	Mouse	5	mg/kg		5 mg/Kg	371
599	QVIWDCUKIZPUBD-WLRWWHNQSA-N	Mouse	100	mg/kg		100 mg/kg	1339
600	XFYUTGIEFKGWND-NRFANRHFSA-N	Other				1 IV, 5-50 PO mg/Kg	372
601	KIWKRCCIHSGWQS-VIFPVBQESA-N	Other				5 uM	1340
602	OMZCMEYTWSXEPZ-UHFFFAOYSA-N	Mouse	20	mg/kg		20-80 mg/kg	374
603	BMLGZNVPWRUVNM-IBGZPJMESA-N	Other	0.5	mg/kg	IP	0.5 mg/Kg IP, 2 mg/Kg PO	375
604	BMLGZNVPWRUVNM-IBGZPJMESA-N	Other	2	mg/kg	PO	0.5 mg/Kg IP, 2 mg/Kg PO	375
605	LZSPYTNDRPEZBK-OXYJHPMESA-N	Rat	10	mg/kg		10 mg/Kg	377
606	FSELUFUYNUNZKD-UHFFFAOYSA-N	Mouse	20	mg/kg		20 mg/Kg	1341
607	CYFBRQHYEQKYHH-MRXNPFEDSA-N	Mouse	100	mg/kg		100 mg/Kg	379
608	AESXAJXKMUNYJP-ZWFIUULVSA-N	Rat	1	mg/kg		1-2 mg/Kg	1342
609	AESXAJXKMUNYJP-ZWFIUULVSA-N	Rat	2	mg/kg		2-5 mg/Kg	1342
610	AESXAJXKMUNYJP-ZWFIUULVSA-N	Dog	1	mg/kg		1-2 mg/Kg	1342
611	AESXAJXKMUNYJP-ZWFIUULVSA-N	Dog	2	mg/kg		2-5 mg/Kg	1342
612	CSBKUBOVPUXFLO-MAVVKCOWSA-N	Mouse	50	mg/kg/day		50 mg/Kg/day	1343
613	CLSNATLUIXZPMV-UHFFFAOYSA-N	Mouse	0.5	mg/kg		0.5-2 mg/Kg	382
614	NTIFDLOQPKMIJK-AJTFRIOCSA-N	Mouse	4	mg/kg	IV	4 mg/Kg IV, 10 mg/Kg PO	1344
615	NTIFDLOQPKMIJK-AJTFRIOCSA-N	Mouse	10	mg/kg	PO	4 mg/Kg IV, 10 mg/Kg PO	1344
616	NTIFDLOQPKMIJK-AJTFRIOCSA-N	Rat	1	mg/kg	IV	1 mg/Kg IV, 2 mg/Kg PO	1344
617	NTIFDLOQPKMIJK-AJTFRIOCSA-N	Rat	2	mg/kg	PO	1 mg/Kg IV, 2 mg/Kg PO	1344
618	NTIFDLOQPKMIJK-AJTFRIOCSA-N	Dog	1	mg/kg	IV	1 mg/Kg IV, 2 mg/Kg PO	1344
619	NTIFDLOQPKMIJK-AJTFRIOCSA-N	Dog	2	mg/kg	PO	1 mg/Kg IV, 2 mg/Kg PO	1344
620	NTIFDLOQPKMIJK-AJTFRIOCSA-N	Monkey (Rheus)	1	mg/kg	IV	1 mg/Kg IV, 2 mg/Kg PO	1344
621	NTIFDLOQPKMIJK-AJTFRIOCSA-N	Monkey (Rheus)	2	mg/kg	PO	1 mg/Kg IV, 2 mg/Kg PO	1344
622	VERWOWGGCGHDQE-UHFFFAOYSA-N	Other				"5 IV, 20 PO (M); 3 IV, 10 PO (R); 5 IV, 20 PO (D);	5 IV, 60 PO (C) mg/Kg"	384
623	NRJKIOCCERLIDG-GOSISDBHSA-N	Other	2	mg/kg		0.5, 1, 2 mg/Kg	385
624	BRJXJOWXAFLRTE-OAQYLSRUSA-N	Mouse	100	mg/kg		100 mg/Kg	1345
625	XOQVZSSDIQQUGO-UHFFFAOYSA-N	Mouse	30	mg/kg		30 mg/kg twice daily	1346
626	URWYQGVSPQJGGB-DHUJRADRSA-N	Rat	0.25	mg/kg		0.25 mg/Kg	1347
627	HDZWHJYZJWLTAG-UHFFFAOYSA-N	Mouse	30	mg/kg/day		30 mg/Kg/Day	389
628	BJXYHBKEQFQVES-NWDGAFQWSA-N	Mouse	1	mg/kg		1 mg/Kg	1348
629	BJXYHBKEQFQVES-NWDGAFQWSA-N	Rat	1	mg/kg		1 mg/Kg	1348
630	BJXYHBKEQFQVES-NWDGAFQWSA-N	Dog	1	mg/kg		1 mg/Kg	1348
631	BXKNUXDLZJPPBO-UHFFFAOYSA-N	Mouse	5	mg/kg		5 mg/Kg	1349
632	BXKNUXDLZJPPBO-UHFFFAOYSA-N	Rat	5	mg/kg		5 mg/Kg	1349
633	WCPXAGKUVIPMIY-TZQLILQPSA-N	Mouse	3	mg/kg	IV	3 mg/Kg IV, 10 mg/Kg PO	1350
634	WCPXAGKUVIPMIY-TZQLILQPSA-N	Mouse	10	mg/kg	PO	3 mg/Kg IV, 10 mg/Kg PO	1350
635	WCPXAGKUVIPMIY-TZQLILQPSA-N	Dog	0.1	mg/kg	IV	0.1 mg/Kg IV, 0.3 mg/Kg PO	1350
636	WCPXAGKUVIPMIY-TZQLILQPSA-N	Dog	0.3	mg/kg	PO	0.1 mg/Kg IV, 0.3 mg/Kg PO	1350
637	WCPXAGKUVIPMIY-TZQLILQPSA-N	Rat	1	mg/kg	IV	1 mg/Kg IV, 3 mg/Kg PO	1350
638	WCPXAGKUVIPMIY-TZQLILQPSA-N	Rat	3	mg/kg	PO	1 mg/Kg IV, 3 mg/Kg PO	1350
639	VHSIAYLBCLUAFT-UHFFFAOYSA-N	Mouse	10	mg/kg		10 mg/Kg	1351
640	VHSIAYLBCLUAFT-UHFFFAOYSA-N	Rat	10	mg/kg		10 mg/Kg	1351
641	VHSIAYLBCLUAFT-UHFFFAOYSA-N	Dog	10	mg/kg		10 mg/Kg	1351
642	VHSIAYLBCLUAFT-UHFFFAOYSA-N	Monkey (Rheus)	10	mg/kg		10 mg/Kg	1351
643	AZXOTZCWQDJCLY-SJCJKPOMSA-N	Rat	1	mg/kg		1.0 mg/Kg	1352
644	AZXOTZCWQDJCLY-SJCJKPOMSA-N	Dog	0.5	mg/kg		0.5 mg/Kg	1352
645	APLVGTKXOIMODQ-IBGZPJMESA-N	Mouse	1	mg/kg	IV	1 mg/Kg IV, 5 mg/Kg PO	395
646	APLVGTKXOIMODQ-IBGZPJMESA-N	Mouse	5	mg/kg	PO	1 mg/Kg IV, 5 mg/Kg PO	395
647	HZRJHVDNTDBTOZ-QGZVFWFLSA-N	Mouse	0.3	mg/kg	IV	0.3 mg/Kg IV, up to 200 mg/Kg	405
648	HZRJHVDNTDBTOZ-QGZVFWFLSA-N	Mouse	200	mg/kg		0.3 mg/Kg IV, up to 200 mg/Kg	405
649	LHGUZCKPFXXVPV-GOSISDBHSA-N	Mouse	50	mg/kg		50-200 mg/kg	406
650	QKKIWEILHCXECO-UHFFFAOYSA-N	Mouse	10	mg/kg		10 mg/kg	407
651	KIEQQZZDWUNUQK-UHFFFAOYSA-N	Mouse	2	mg/kg		2mg/Kg	409
652	KIEQQZZDWUNUQK-UHFFFAOYSA-N	Mouse	2	mg/kg		2 mg/Kg	409
653	KIEQQZZDWUNUQK-UHFFFAOYSA-N	Mouse	30	mg/kg		30 mg/Kg	409
654	GCWIQUVXWZWCLE-INIZCTEOSA-N	Mouse	30	mg/kg	PO	30 mg/kg (oral), 10 mg/kg (SC)	411
655	GCWIQUVXWZWCLE-INIZCTEOSA-N	Mouse	10	mg/kg	SC	30 mg/kg (oral), 10 mg/kg (SC)	411
656	XASOHFCUIQARJT-UHFFFAOYSA-N	Mouse	1	mg/kg	IV	1 mg/Kg IV, 5 mg/Kg PO	1353
657	XASOHFCUIQARJT-UHFFFAOYSA-N	Mouse	5	mg/kg	PO	1 mg/Kg IV, 5 mg/Kg PO	1353
658	XASOHFCUIQARJT-UHFFFAOYSA-N	Rat	1	mg/kg	IV	1 mg/Kg IV, 5 mg/Kg PO	1353
659	XASOHFCUIQARJT-UHFFFAOYSA-N	Rat	5	mg/kg	PO	1 mg/Kg IV, 5 mg/Kg PO	1353
660	XASOHFCUIQARJT-UHFFFAOYSA-N	Dog	1	mg/kg	IV	1 mg/Kg IV, 5 mg/Kg PO	1353
661	XASOHFCUIQARJT-UHFFFAOYSA-N	Dog	5	mg/kg	PO	1 mg/Kg IV, 5 mg/Kg PO	1353
662	KFRGPUFONMCXQI-RUZDIDTESA-N	Mouse	1	mg/kg		1 mg/Kg	1354
663	KFRGPUFONMCXQI-RUZDIDTESA-N	Mouse	10	mg/kg		10 mg/Kg	1354
664	KFRGPUFONMCXQI-RUZDIDTESA-N	Rat	1	mg/kg		1 mg/Kg	1354
665	KFRGPUFONMCXQI-RUZDIDTESA-N	Rat	3	mg/kg		3 mg/Kg	1354
666	XKFTZKGMDDZMJI-HSZRJFAPSA-N	Mouse	10	mg/kg		10 mg/Kg	1355
667	HKROEBDHHKMNBZ-CHBKHGQFSA-N	Rat	30	umol/kg		30 μmol/kg	1356
668	HOTSVKDMIYWWIY-UHFFFAOYSA-N	Rat	1	mg/kg		1 mg/Kg	1357
669	HOTSVKDMIYWWIY-UHFFFAOYSA-N	Rat	100	mg/kg		10, 30, 100 mg/Kg	1357
670	HOTSVKDMIYWWIY-UHFFFAOYSA-N	Guinea Pig	100	mg/kg		100 mg/Kg	1357
671	AECDBHGVIIRMOI-UHFFFAOYSA-N	Mouse	20	mg/kg		20-50 mg/kg	443
672	PTAMRJLIOCHJMQ-PYNGZGNASA-N	Rat	5	mg/kg		5 mg/Kg	444
673	PTAMRJLIOCHJMQ-PYNGZGNASA-N	Rat	5	mg/kg		5 mg/Kg	444
674	PTAMRJLIOCHJMQ-PYNGZGNASA-N	Mouse	5	mg/kg		5 mg/Kg	444
675	PTAMRJLIOCHJMQ-PYNGZGNASA-N	Mouse	5	mg/kg		5 mg/Kg	444
676	JGPJQFOROWSRRS-UHFFFAOYSA-N	Rat	11	uM/kg		11 uM/Kg	1358
677	QEASMQZYZCGOSA-UHFFFAOYSA-N	Mouse	0.5	mg/kg		0.5 mg/Kg	1359
678	QEASMQZYZCGOSA-UHFFFAOYSA-N	Mouse	1	mg/kg		1 mg/Kg	1359
679	QEASMQZYZCGOSA-UHFFFAOYSA-N	Rat	0.5	mg/kg		0.5 mg/Kg	1359
680	QEASMQZYZCGOSA-UHFFFAOYSA-N	Rat	1	mg/kg		1 mg/Kg	1359
681	VQINULODWGEVBB-UHFFFAOYSA-N	Mouse	20	mg/kg		20 mg/Kg	1360
682	GPXQUPCJIJBXHJ-UHFFFAOYSA-N	Mouse	5	mg/kg		5 mg/Kg	1361
683	YHYKUSGACIYRML-KRWDZBQOSA-N	Rat	3	mg/kg		3 mg/Kg	1362
684	YHYKUSGACIYRML-KRWDZBQOSA-N	Rat	3	mg/kg		3 mg/Kg	1362
685	YHYKUSGACIYRML-KRWDZBQOSA-N	Monkey (Cynomolgus)	1	mg/kg		1 mg/Kg	1362
686	YHYKUSGACIYRML-KRWDZBQOSA-N	Monkey (Cynomolgus)	3	mg/kg		3 mg/Kg	1362
687	YHYKUSGACIYRML-KRWDZBQOSA-N	Dog	1	mg/kg		1 mg/Kg	1362
688	YHYKUSGACIYRML-KRWDZBQOSA-N	Dog	3	mg/kg		3 mg/Kg	1362
689	UWPFUBNCDABUEE-SIFUEBAJSA-N	Mouse	20	mg/kg		2.5, 5.0, 10 and 20 mg/Kg	1363
690	VLYNCWZASZUTNV-FCQUAONHSA-N	Rat	4.2	mg/kg	IV	4.20 mg/kg  IV, 0.42 mg/kg PO	1364
691	VLYNCWZASZUTNV-FCQUAONHSA-N	Rat	0.42	mg/kg	PO	4.20 mg/kg  IV, 0.42 mg/kg PO	1364
692	XKDHFIPNTTUSIA-UHFFFAOYSA-N	Mouse	5	uM/kg		5 uM/Kg	1365
693	XKDHFIPNTTUSIA-UHFFFAOYSA-N	Mouse	50	uM/kg		50 uM/Kg	1365
694	XKDHFIPNTTUSIA-UHFFFAOYSA-N	Mouse	80	uM/kg		80 uM/Kg	1365
695	ALGPVOJFIGPPPX-VIFPVBQESA-N	Mouse	10	mg/kg		10 mg/Kg	453
696	UOZVVPXKJGOFIG-UHFFFAOYSA-N	Mouse	50	mg/kg		50 mg/kg	1366
697	MSYKRHVOOPPJKU-BDAKNGLRSA-N	Rat	10	mg/kg		10 mg/Kg	1367
698	GCVYFXYBQCKHCH-UHFFFAOYSA-N	Rat	0.5	mg/kg		0.5 mg/kg	1368
699	GCVYFXYBQCKHCH-UHFFFAOYSA-N	Rat	1	mg/kg		1.0 mg/kg	1368
700	JGLGMFHQGRAHAO-HXUWFJFHSA-N	Mouse	1	mg/kg		1 mg/Kg	1369
701	JGLGMFHQGRAHAO-HXUWFJFHSA-N	Mouse	10	mg/kg		10 mg/Kg	1369
702	GHNYLVIESIGHDJ-OAQYLSRUSA-N	Rat	1	mg/kg		1 mg/Kg	1370
703	GHNYLVIESIGHDJ-OAQYLSRUSA-N	Rat	3	mg/kg		3 mg/Kg	1370
704	GHNYLVIESIGHDJ-OAQYLSRUSA-N	Rat	10	mg/kg		10 mg/Kg	1370
705	YHLQVQKZDZYMIP-MOPGFXCFSA-N	Rat	1	mg/kg		1 mg/Kg	1371
706	YHLQVQKZDZYMIP-MOPGFXCFSA-N	Rat	1	mg/kg		1 mg/Kg	1371
707	YHLQVQKZDZYMIP-MOPGFXCFSA-N	Dog	0.5	mg/kg		0.5 mg/Kg	1371
708	YHLQVQKZDZYMIP-MOPGFXCFSA-N	Dog	1	mg/kg		1 mg/Kg	1371
709	YHLQVQKZDZYMIP-MOPGFXCFSA-N	Monkey (Cynomolgus)	1	mg/kg		1 mg/Kg	1371
710	YHLQVQKZDZYMIP-MOPGFXCFSA-N	Monkey (Cynomolgus)	1	mg/kg		1 mg/Kg	1371
711	NDAZATDQFDPQBD-UHFFFAOYSA-N	Mouse	50	mg/kg		50 mg/Kg	460
712	UCJZOKGUEJUNIO-IINYFYTJSA-N	Mouse	1	mg/kg		1 mg/Kg	1372
713	UCJZOKGUEJUNIO-IINYFYTJSA-N	Mouse	5	mg/kg		5 mg/Kg	1372
714	UCJZOKGUEJUNIO-IINYFYTJSA-N	Rat	1	mg/kg		1 mg/Kg	1372
715	UCJZOKGUEJUNIO-IINYFYTJSA-N	Rat	5	mg/kg		5 mg/Kg	1372
716	UCJZOKGUEJUNIO-IINYFYTJSA-N	Dog	0.2	mg/kg		0.2 mg/Kg	1372
717	UCJZOKGUEJUNIO-IINYFYTJSA-N	Dog	1	mg/kg		1 mg/Kg	1372
718	UCJZOKGUEJUNIO-IINYFYTJSA-N	Monkey (Cynomolgus)	0.3	mg/kg		0.3 mg/Kg	1372
719	UCJZOKGUEJUNIO-IINYFYTJSA-N	Monkey (Cynomolgus)	1	mg/kg		1 mg/Kg	1372
720	ZLVKIBLQXFILMA-IKGGRYGDSA-N	Mouse	1	mg/kg		1 mg/Kg	1373
721	ZLVKIBLQXFILMA-IKGGRYGDSA-N	Mouse	30	mg/kg		30 mg/Kg	1373
722	ZLVKIBLQXFILMA-IKGGRYGDSA-N	Mouse	100	mg/kg		100 mg/Kg	1373
723	BUIJBFHGUQJYSD-XZOQPEGZSA-N	Mouse	10	mg/kg	IV	10 mg/Kg IV, 40 mg/Kg PO	1374
724	BUIJBFHGUQJYSD-XZOQPEGZSA-N	Mouse	40	mg/kg	PO	10 mg/Kg IV, 40 mg/Kg PO	1374
725	BUIJBFHGUQJYSD-XZOQPEGZSA-N	Rat	10	mg/kg	IV	10 mg/Kg IV and PO	1374
726	BLFBSGVUERKSST-UHFFFAOYSA-N	Mouse	10	mg/kg		10 mg/kg	1375
727	MOWXJLUYGFNTAL-DEOSSOPVSA-N	Mouse	0.2	mg/kg		0.2 mg/Kg	1376
728	MOWXJLUYGFNTAL-DEOSSOPVSA-N	Mouse	0.5	mg/kg		0.5 mg/Kg	1376
729	OMISHRJQMYQPMG-UHFFFAOYSA-N	Mouse	2	mg/kg		2 mg/Kg	1377
730	OMISHRJQMYQPMG-UHFFFAOYSA-N	Mouse	3	mg/kg		3 mg/Kg	1377
731	OMISHRJQMYQPMG-UHFFFAOYSA-N	Monkey (Cynomolgus)	0.3	mg/kg		0.3 mg/Kg	1377
732	OMISHRJQMYQPMG-UHFFFAOYSA-N	Monkey (Cynomolgus)	1	mg/kg		1.0 mg/Kg	1377
733	LTOAWFRZXVPHAJ-UHFFFAOYSA-N	Rat	10	mg/kg		10 mg/Kg	1378
734	AOTRIQLYUAFVSC-UHFFFAOYSA-N	Rat					1379
735	AOTRIQLYUAFVSC-UHFFFAOYSA-N	Dog					1379
736	AOTRIQLYUAFVSC-UHFFFAOYSA-N	Mouse	5	mg/kg		5 mg/Kg	1379
737	ATKHYZXUMVNCIO-UHFFFAOYSA-N	Rat	0.3	mg/kg	IV	0.3 mg/kg IV, 0.6 mg/kg PO	1380
738	ATKHYZXUMVNCIO-UHFFFAOYSA-N	Rat	0.6	mg/kg	PO	0.3 mg/kg IV, 0.6 mg/kg PO	1380
739	ATKHYZXUMVNCIO-UHFFFAOYSA-N	Mouse	0.3	mg/kg		0.3 mg/kg	1380
740	WXRCLFFPZXJCLS-UHFFFAOYSA-N	Mouse	30	mg/kg		0.3, 3.0, 30.0 mg/Kg	1381
741	KLKKWCPJBTXWOV-UHFFFAOYSA-N	Mouse					1382
742	IPUJINDWAGRAHN-KNXBSLHKSA-N	Rat	1	mg/kg		1 mg/Kg	1383
743	IPUJINDWAGRAHN-KNXBSLHKSA-N	Rat	3	mg/kg		3 mg/Kg	1383
744	IPUJINDWAGRAHN-KNXBSLHKSA-N	Dog	1	mg/kg		1 mg/Kg	1383
745	IPUJINDWAGRAHN-KNXBSLHKSA-N	Dog	10	mg/kg		10 mg/Kg	1383
746	IPUJINDWAGRAHN-KNXBSLHKSA-N	Monkey (Cynomolgus)	1	mg/kg		1 mg/Kg	1383
747	IPUJINDWAGRAHN-KNXBSLHKSA-N	Monkey (Cynomolgus)	3	mg/kg		3 mg/Kg	1383
748	FMQWOAKTQPLQBR-SANMLTNESA-N	Rat	0.5	mg/kg		0.5 mg/Kg	1384
749	FMQWOAKTQPLQBR-SANMLTNESA-N	Rat	2	mg/kg		2.0 mg/Kg	1384
750	JOFQERPJMGKMMX-QGZVFWFLSA-N	Rat					512
751	IKPNRMYDOSNVAU-UHFFFAOYSA-N	Rat	1	mg/kg		1 mg/kg	1385
752	IKPNRMYDOSNVAU-UHFFFAOYSA-N	Dog	0.5	mg/kg		0.5 mg/kg	1385
753	IKPNRMYDOSNVAU-UHFFFAOYSA-N	Monkey (Cynomolgus)	0.5	mg/kg		0.5 mg/kg	1385
754	OYDTWNVVTPPDDO-UHFFFAOYSA-N	Rat	1	mg/kg	IV	1 mg/Kg IV, 5 mg/Kg PO	1386
755	OYDTWNVVTPPDDO-UHFFFAOYSA-N	Rat	5	mg/kg	PO	1 mg/Kg IV, 5 mg/Kg PO	1386
756	OYDTWNVVTPPDDO-UHFFFAOYSA-N	Mouse	80	mg/kg		20 and 80 mg/Kg	1386
757	UEMPFKOYBHCUIG-QVIWBNHYSA-N	Mouse	3	mg/kg		3 mg/Kg	1387
758	UEMPFKOYBHCUIG-QVIWBNHYSA-N	Mouse	3	mg/kg		3 mg/Kg	1387
759	UEMPFKOYBHCUIG-QVIWBNHYSA-N	Mouse	5	mg/kg		5 mg/Kg	1387
760	UEMPFKOYBHCUIG-QVIWBNHYSA-N	Mouse	10	mg/kg		10 mg/Kg	1387
761	ILPWEAHQRAWJIU-OAHLLOKOSA-N	Mouse	3	mg/kg	IV	3 mg/Kg IV, 30 mg/Kg PO	1388
762	ILPWEAHQRAWJIU-OAHLLOKOSA-N	Mouse	30	mg/kg	PO	3 mg/Kg IV, 30 mg/Kg PO	1388
763	ILPWEAHQRAWJIU-OAHLLOKOSA-N	Rat	1	mg/kg	IV	1 mg/Kg IV, 10 mg/Kg PO	1388
764	ILPWEAHQRAWJIU-OAHLLOKOSA-N	Rat	10	mg/kg	PO	1 mg/Kg IV, 10 mg/Kg PO	1388
765	ILPWEAHQRAWJIU-OAHLLOKOSA-N	Dog	2	mg/kg	IV	2 mg/Kg IV, 10 mg/Kg PO	1388
766	ILPWEAHQRAWJIU-OAHLLOKOSA-N	Dog	10	mg/kg	PO	2 mg/Kg IV, 10 mg/Kg PO	1388
767	DVFCRTGTEXUFIN-GFCCVEGCSA-N	Mouse	10	mg/kg		1, 10 mg/Kg	1389
768	HPBOMWKBZHYYGE-UHFFFAOYSA-N	Rat	10	mg/kg		10 mg/Kg	1390
769	HPBOMWKBZHYYGE-UHFFFAOYSA-N	Rat	1	mg/kg		1 mg/Kg	1390
770	JDUBGYFRJFOXQC-KRWDZBQOSA-N	Mouse					1391
771	JDUBGYFRJFOXQC-KRWDZBQOSA-N	Rat					1391
772	JDUBGYFRJFOXQC-KRWDZBQOSA-N	Dog					1391
773	MCRHRRIGPAVFNY-SFHVURJKSA-N	Mouse	1	mg/kg	IV	1 mg/Kg IV, 5 mg/Kg PO	1392
774	MCRHRRIGPAVFNY-SFHVURJKSA-N	Mouse	5	mg/kg	PO	1 mg/Kg IV, 5 mg/Kg PO	1392
775	FXMIIWBGTCDJJQ-UHFFFAOYSA-N	Mouse	1	mg/kg		1 mg/Kg	1393
776	FXMIIWBGTCDJJQ-UHFFFAOYSA-N	Rat	1	mg/kg		1 mg/Kg	1393
777	FXMIIWBGTCDJJQ-UHFFFAOYSA-N	Rat	0.6	mg/kg		0.6 mg/Kg, 1 mg/Kg	1393
778	FXMIIWBGTCDJJQ-UHFFFAOYSA-N	Rat	1	mg/kg		0.6 mg/Kg, 1 mg/Kg	1393
779	FXMIIWBGTCDJJQ-UHFFFAOYSA-N	Dog	1	mg/kg		1 mg/Kg	1393
780	FXMIIWBGTCDJJQ-UHFFFAOYSA-N	Dog	1	mg/kg		1 mg/Kg	1393
781	HKXSBJJCHBFTMB-UHFFFAOYSA-N	Mouse	10	mg/kg		10 mg/Kg	1394
782	IYFCFYWXRIVCTH-OAHLLOKOSA-N	Mouse	1	mg/kg	IV	1 mg/Kg IV, 10 mg/Kg PO	1395
783	IYFCFYWXRIVCTH-OAHLLOKOSA-N	Mouse	10	mg/kg	PO	1 mg/Kg IV, 10 mg/Kg PO	1395
784	JOAFWIHZEBKYQK-OAHLLOKOSA-N	Rat	2	mg/kg		2 mg/Kg	1396
785	JOAFWIHZEBKYQK-OAHLLOKOSA-N	Rat	10	mg/kg		10 mg/Kg	1396
786	JOAFWIHZEBKYQK-OAHLLOKOSA-N	Dog	1	mg/kg		1 mg/Kg	1396
787	JOAFWIHZEBKYQK-OAHLLOKOSA-N	Dog	10	mg/kg		10 mg/Kg	1396
788	JOAFWIHZEBKYQK-OAHLLOKOSA-N	Monkey (Cynomolgus)	1	mg/kg		1 mg/Kg	1396
789	JOAFWIHZEBKYQK-OAHLLOKOSA-N	Monkey (Cynomolgus)	10	mg/kg		10 mg/Kg	1396
790	QJRFBKYETDVAJQ-ZEQKJWHPSA-N	Rat	5	mg/kg		5 mg/kg	1397
791	QJRFBKYETDVAJQ-ZEQKJWHPSA-N	Rat	10	mg/kg		10 mg/Kg	1397
792	QJRFBKYETDVAJQ-ZEQKJWHPSA-N	Dog	2.5	mg/kg		2.5 mg/Kg	1397
793	QJRFBKYETDVAJQ-ZEQKJWHPSA-N	Dog	5	mg/kg		5 mg/Kg	1397
794	FVZCFUKXGUUDBQ-ZWSMLAFMSA-N	Mouse	1	mg/kg		1 mg/Kg	1398
795	FVZCFUKXGUUDBQ-ZWSMLAFMSA-N	Mouse	3	mg/kg		3 mg/Kg	1398
796	FVZCFUKXGUUDBQ-ZWSMLAFMSA-N	Mouse	30	mg/kg		30 mg/Kg	1398
797	YPPSMYLMSKHYAY-UHFFFAOYSA-N	Mouse	2.5	mg/kg		2.5 mg/kg	1399
798	FOLSZCLZVLICGG-GJYPPUQNSA-N	Mouse	1	mg/kg	IV	1 mg/kg IV, 15 mg/kg PO	1400
799	FOLSZCLZVLICGG-GJYPPUQNSA-N	Mouse	15	mg/kg	PO	1 mg/kg IV, 15 mg/kg PO	1400
800	FOLSZCLZVLICGG-GJYPPUQNSA-N	Monkey (Cynomolgus)	0.5	mg/kg	IV	0.5 mg/kg IV, 1 mg/kg PO	1400
801	FOLSZCLZVLICGG-GJYPPUQNSA-N	Monkey (Cynomolgus)	1	mg/kg	PO	0.5 mg/kg IV, 1 mg/kg PO	1400
802	AKCDDYGYIGPEKL-JQOQJDEVSA-N	Rat	40	mg/kg		10/40 mg/kg	1401
803	AKCDDYGYIGPEKL-JQOQJDEVSA-N	Dog	5	mg/kg		5 mg/kg and 20 mg/kg	1401
804	AKCDDYGYIGPEKL-JQOQJDEVSA-N	Dog	20	mg/kg		5 mg/kg and 20 mg/kg	1401
805	HFOBENSCBRZVSP-NRFSWKIWSA-N	Mouse	1	mg/kg	IV	1 mg/Kg IV, 30 mg/Kg PO	1402
806	HFOBENSCBRZVSP-NRFSWKIWSA-N	Mouse	30	mg/kg	PO	1 mg/Kg IV, 30 mg/Kg PO	1402
807	XYKISMBNQVUKPW-GOSISDBHSA-N	Mouse	10	mg/kg		10 mg/Kg	1403
808	XYKISMBNQVUKPW-GOSISDBHSA-N	Mouse					1403
809	JJRRWLVKNLMRSA-UHFFFAOYSA-N	Mouse	5	mg/kg		5 mg/Kg	1404
810	ZZFKEZYGYPWBGP-UHFFFAOYSA-N	Mouse	1	mg/kg		1 mg/Kg	1405
811	ZZFKEZYGYPWBGP-UHFFFAOYSA-N	Mouse	60	mg/kg		60 mg/Kg	1405
812	STQKUEFQEVDNLU-UHFFFAOYSA-N	Rat	10	mg/kg		10 mg/kg	1406
813	MVYWULXPOKYILU-UHFFFAOYSA-N	Mouse	0.5	mg/kg	IV	0.5 mg/Kg IV, 30 mg/Kg PO	1407
814	MVYWULXPOKYILU-UHFFFAOYSA-N	Mouse	30	mg/kg	PO	0.5 mg/Kg IV, 30 mg/Kg PO	1407
815	OLEFHQBTXFCZON-HXUWFJFHSA-N	Mouse	0.5	mg/kg		0.5 mg/Kg	547
816	OLEFHQBTXFCZON-HXUWFJFHSA-N	Mouse	5	mg/kg		5 mg/Kg	547
817	OLEFHQBTXFCZON-HXUWFJFHSA-N	Rat	1	mg/kg		1 mg/Kg	547
818	OLEFHQBTXFCZON-HXUWFJFHSA-N	Rat	5	mg/kg		5 mg/Kg	547
819	OLEFHQBTXFCZON-HXUWFJFHSA-N	Dog	1	mg/kg		1 mg/Kg	547
820	OLEFHQBTXFCZON-HXUWFJFHSA-N	Dog	5	mg/kg		5 mg/Kg	547
821	WZMIWVZGYMKUDV-UHFFFAOYSA-N	Mouse	1	mg/kg	IV	1 mg/Kg IV, 5 mg/Kg PO	1408
822	WZMIWVZGYMKUDV-UHFFFAOYSA-N	Mouse	5	mg/kg	PO	1 mg/Kg IV, 5 mg/Kg PO	1408
823	LPQXZOJIUVOCAL-NRFANRHFSA-N	Mouse	0.3	mg/kg		0.3 mg/Kg	1409
824	LPQXZOJIUVOCAL-NRFANRHFSA-N	Mouse	1	mg/kg		1.0 mg/Kg	1409
825	LPQXZOJIUVOCAL-NRFANRHFSA-N	Rat	0.3	mg/kg		0.3 mg/Kg	1409
826	LPQXZOJIUVOCAL-NRFANRHFSA-N	Rat	1	mg/kg		1 mg/Kg	1409
827	LPQXZOJIUVOCAL-NRFANRHFSA-N	Dog	0.3	mg/kg		0.3 mg/Kg	1409
828	LPQXZOJIUVOCAL-NRFANRHFSA-N	Dog	1	mg/kg		1 mg/Kg	1409
829	YBXRSCXGRPSTMW-CYBMUJFWSA-N	Mouse					551
830	YBXRSCXGRPSTMW-CYBMUJFWSA-N	Rat					551
831	YBXRSCXGRPSTMW-CYBMUJFWSA-N	Dog					551
832	YBXRSCXGRPSTMW-CYBMUJFWSA-N	Mouse	4	mg/kg		4 mg/Kg	551
833	YBXRSCXGRPSTMW-CYBMUJFWSA-N	Mouse	4	mg/kg		4 mg/Kg	551
834	SCLLZBIBSFTLIN-INOGPEIASA-N	Mouse	30	mg/kg		30 mgKg	1410
835	DNHPDWGIXIMXSA-CXNSMIOJSA-N	Rat	1	mg/kg		1-30 mg/Kg	556
836	DNHPDWGIXIMXSA-CXNSMIOJSA-N	Mouse	1	mg/kg		1-10 mg/Kg	556
837	MMJPVSDTLGFIQW-UHFFFAOYSA-N	Rat	1	mg/kg	IV	1 mg/Kg IV, 10 mg/Kg PO	1411
838	MMJPVSDTLGFIQW-UHFFFAOYSA-N	Rat	10	mg/kg	PO	1 mg/Kg IV, 10 mg/Kg PO	1411
839	KVMGAIOTUIGROS-AZUAARDMSA-N	Mouse	1	mg/kg		0.03, 0.1, 0.3 and 1 mg/kg	1412
840	ZGTWRRCZLAOQMY-UHFFFAOYSA-N	Mouse	1	mg/kg		1 mg/Kg	1413
841	ZHXNIYGJAOPMSO-UHFFFAOYSA-N	Mouse	10	mg/kg		10 mg/Kg	561
842	ZHXNIYGJAOPMSO-UHFFFAOYSA-N	Mouse	20	mg/kg		20 mg/Kg	561
843	RXSCURXNWIHEAV-UHFFFAOYSA-N	Mouse	0.2	mg/kg		0.2 mg/Kg	1414
844	RXSCURXNWIHEAV-UHFFFAOYSA-N	Mouse	30	mg/kg		30 mg/Kg	1414
845	BJFSUDWKXGMUKA-UHFFFAOYSA-N	Mouse	180	mg/kg		180 mg/kg	579
846	RNAMYOYQYRYFQY-UHFFFAOYSA-N	Mouse	5	mg/kg		5 mg/kg	580
847	QOECJCJVIMVJGX-UHFFFAOYSA-N	Mouse	1	mg/mL		1 mg/mL	581
848	DPJNKUOXBZSZAI-UHFFFAOYSA-N	Mouse	150	mg/kg		15, 50 or 150 mg/kg	582
849	OTTJIRVZJJGFTK-SFHVURJKSA-N	Other	0.8	mg/kg		0.8 mg/kg (rat), 10-100 mg/kg (mouse)	586
850	OTTJIRVZJJGFTK-SFHVURJKSA-N	Other	10	mg/kg		0.8 mg/kg (rat), 10-100 mg/kg (mouse)	586
851	ZKXZLIFRWWKZRY-KRWDZBQOSA-N	Mouse	10	mg/kg		10 mg/kg, 2 mg/kg (IV)	1415
852	ZKXZLIFRWWKZRY-KRWDZBQOSA-N	Mouse	2	mg/kg	IV	10 mg/kg, 2 mg/kg (IV)	1415
853	PSOXOVKYGWBTPB-UHFFFAOYSA-N	Mouse	30	mg/kg		30 mg/Kg, 40 mg/Kg, 50 mg/Kg	589
854	PSOXOVKYGWBTPB-UHFFFAOYSA-N	Mouse	40	mg/kg		30 mg/Kg, 40 mg/Kg, 50 mg/Kg	589
855	PSOXOVKYGWBTPB-UHFFFAOYSA-N	Mouse	50	mg/kg		30 mg/Kg, 40 mg/Kg, 50 mg/Kg	589
856	MPUQHZXIXSTTDU-QXGSTGNESA-N	Other	10	mg/kg		10-60 mg/kg	590
857	DYIRSNMPIZZNBK-UHFFFAOYSA-N	Mouse	40	mg/kg		4 and 40 mg/kg	591
858	DRLCSJFKKILATL-YWCVFVGNSA-N	Other	0.5	mg/kg		0.5 mg/kg (rat)	592
859	ZDNGJXBUEQNFBQ-GCJKJVERSA-N	Rat	35	umol/kg		35-50 µmol/kg	595
860	QJJXYPPXXYFBGM-LFZNUXCKSA-N	Rat	10	mg/kg		1, 2, 5, 10 mg/Kg	596
861	YKNAKDFZAWQEEO-IBGZPJMESA-N	Mouse	3	mg/mL		3 mg/mL	597
862	QJZRFPJCWMNVAV-HHHXNRCGSA-N	Mouse					598
863	QJZRFPJCWMNVAV-HHHXNRCGSA-N	Mouse					598
864	JNAHVYVRKWKWKQ-CYBMUJFWSA-N	Other	10	mg/kg		10 mg/kg (mice), 5 mg/kg (rat)	599
865	JNAHVYVRKWKWKQ-CYBMUJFWSA-N	Other	5	mg/kg		10 mg/kg (mice), 5 mg/kg (rat)	599
866	FDLYAMZZIXQODN-UHFFFAOYSA-N	Other	10	mg/kg		10 mg/kg (mouse)  , 15 mg/kg (rat), 2.5 mg/kg (dog)	600
867	FDLYAMZZIXQODN-UHFFFAOYSA-N	Other	15	mg/kg		10 mg/kg (mouse)  , 15 mg/kg (rat), 2.5 mg/kg (dog)	600
868	FDLYAMZZIXQODN-UHFFFAOYSA-N	Other	2.5	mg/kg		10 mg/kg (mouse)  , 15 mg/kg (rat), 2.5 mg/kg (dog)	600
869	PCHKPVIQAHNQLW-CQSZACIVSA-N	Other					601
870	ULXXDDBFHOBEHA-CWDCEQMOSA-N	Mouse	20	mg/kg		20 mg/kg	602
871	KXBDTLQSDKGAEB-UHFFFAOYSA-N	Other	50	mg/kg		50 mg/kg	603
872	LGWDVWIZDPGCFG-UHFFFAOYSA-N	Mouse				2 (IV), 10 (PO) mg/Kg	605
873	SQSZANZGUXWJEA-UHFFFAOYSA-N	Other	100	mg/kg		30, 60, 100 mg/Kg	606
874	GMPQGWXPDRNCBL-UHFFFAOYSA-N	Other	10	mg/kg		10 mg/kg	608
875	CYOHGALHFOKKQC-UHFFFAOYSA-N	Mouse	10	mg/kg		10-100 mg/kg	609
876	REVJNSVNICWODC-KIDMSAQOSA-N	Mouse	300	mg/kg		300 mg/kg (with extended release vehicle)	610
877	DFBDRVGWBHBJNR-BBNFHIFMSA-N	Other	5	mg/kg		5-100 mg/Kg	612
878	RRZVGDGTWNQAPW-UHFFFAOYSA-N	Mouse	5	mg/kg		5 mg/kg	613
879	ITTRLTNMFYIYPA-UHFFFAOYSA-N	Other	1	mg/kg	IV	1 mg/Kg IV, 10-25 mg/Kg PO	614
880	ITTRLTNMFYIYPA-UHFFFAOYSA-N	Other	10	mg/kg	PO	1 mg/Kg IV, 10-25 mg/Kg PO	614
881	PMQUGSPFUBGJCZ-CHOKWEPUSA-N	Other	1	mg/kg	IV	1 mg/Kg IV, 5 mg/Kg PO	616
882	PMQUGSPFUBGJCZ-CHOKWEPUSA-N	Other	5	mg/kg	PO	1 mg/Kg IV, 5 mg/Kg PO	616
883	QKPUKWQKXUUTOK-UHFFFAOYSA-N	Other	80	mg/kg		80 mg/kg	617
884	MFYLCAMJNGIULC-KCVUFLITSA-N	Other	0.5	mg/kg		0.5 mg/Kg, 16 mg/Kg, 25 mg/Kg	618
885	MFYLCAMJNGIULC-KCVUFLITSA-N	Other	16	mg/kg		0.5 mg/Kg, 16 mg/Kg, 25 mg/Kg	618
886	MFYLCAMJNGIULC-KCVUFLITSA-N	Other	25	mg/kg		0.5 mg/Kg, 16 mg/Kg, 25 mg/Kg	618
887	PIEQDBPBBQPLPL-UHFFFAOYSA-N	Mouse	30	mg/kg		30 mg/Kg, 60 mg/Kg	619
888	PIEQDBPBBQPLPL-UHFFFAOYSA-N	Mouse	60	mg/kg		30 mg/Kg, 60 mg/Kg	619
889	UMUQEMHROZVOTF-LJQANCHMSA-N	Mouse	3	mg/kg		3 mg/kg	1416
890	VPQCHIWQHIOPQS-UHFFFAOYSA-N	Mouse	15	mg/kg	IV	15 mg/Kg IV, 30 mg/Kg IP	622
891	VPQCHIWQHIOPQS-UHFFFAOYSA-N	Mouse	30	mg/kg	IP	15 mg/Kg IV, 30 mg/Kg IP	622
892	HXBRBOYWXDLHDC-UHFFFAOYSA-N	Mouse	2	mg/kg		2 mg/Kg	1417
893	HXBRBOYWXDLHDC-UHFFFAOYSA-N	Mouse	20	mg/kg		20 mg/Kg	1417
894	HXBRBOYWXDLHDC-UHFFFAOYSA-N	Mouse	20	mg/kg		20 mg/Kg	1417
895	FQAXDSVNYVVQSE-UHFFFAOYSA-N	Other	30	mg/kg		5, 10, 30 mg/Kg	624
896	VTFWALACVWFKNO-OCJYXSBASA-N	Rat	0.3	mg/kg		0.3 mg/kg	1418
897	VTFWALACVWFKNO-OCJYXSBASA-N	Rat	1	mg/kg		1.0 mg/kg	1418
898	VTFWALACVWFKNO-OCJYXSBASA-N	Dog	0.3	mg/kg		0.3 mg/kg	1418
899	VTFWALACVWFKNO-OCJYXSBASA-N	Dog	1	mg/kg		1.0 mg/kg	1418
900	VTFWALACVWFKNO-OCJYXSBASA-N	Monkey (Cynomolgus)	0.3	mg/kg		0.3 mg/kg	1418
901	VTFWALACVWFKNO-OCJYXSBASA-N	Monkey (Cynomolgus)	1	mg/kg		1 mg/Kg	1418
902	RJTJRVASUFIDQM-UHFFFAOYSA-N	Rat	2.5	mg/kg		2.5 mg/Kg	626
903	RJTJRVASUFIDQM-UHFFFAOYSA-N	Rat	1	mg/kg		1 mg/Kg	626
904	RJTJRVASUFIDQM-UHFFFAOYSA-N	Dog	1.5	mg/kg		1.5 mg/Kg	626
905	MDGIEDNDSFMSLP-UHFFFAOYSA-N	Other	10	mg/kg		10 mg/Kg	627
906	BHKDKKZMPODMIQ-UHFFFAOYSA-N	Other				1 IV, 3 PO mg/Kg (M), 0.5 IV, 3 PO mg/Kg (R), 0.1 IV, 0.3 PO mg/Kg (D)	628
907	NMQUSJQZQWKQBL-UHFFFAOYSA-N	Other	25	mg/kg		25 mg/Kg	629
908	LBVKEEFIPBQIMD-JTQLQIEISA-N	Other	3	mg/kg	IV	3 mg/Kg IV, 10 mg/Kg PO, Reviewer suggest 50-100 mg/Kg	633
909	LBVKEEFIPBQIMD-JTQLQIEISA-N	Other	10	mg/kg	PO	3 mg/Kg IV, 10 mg/Kg PO, Reviewer suggest 50-100 mg/Kg	633
910	LBVKEEFIPBQIMD-JTQLQIEISA-N	Other	50	mg/kg		3 mg/Kg IV, 10 mg/Kg PO, Reviewer suggest 50-100 mg/Kg	633
911	FIVSJYGQAIEMOC-ZGNKEGEESA-N	Other	0.3	mg/kg		0.3 mg/kg, 1.0 mg/Kg IV, o.3 mg/Kg PO	1419
912	FIVSJYGQAIEMOC-ZGNKEGEESA-N	Other	1	mg/kg	IV	0.3 mg/kg, 1.0 mg/Kg IV, o.3 mg/Kg PO	1419
913	FIVSJYGQAIEMOC-ZGNKEGEESA-N	Other	3	mg/kg	PO	0.3 mg/kg, 1.0 mg/Kg IV, o.3 mg/Kg PO	1419
914	WMOAPWVQPPIAFY-HSZRJFAPSA-N	Mouse	3	mg/kg		3 mg/Kg	1420
915	JLNAZAXGWJVJEC-UHFFFAOYSA-N	Mouse	5	mg/kg		5 mg/Kg	1421
916	JLNAZAXGWJVJEC-UHFFFAOYSA-N	Mouse	30	mg/kg		30 mg/Kg	1421
917	JLNAZAXGWJVJEC-UHFFFAOYSA-N	Rat	1	mg/kg		1 mg/Kg	1421
918	JLNAZAXGWJVJEC-UHFFFAOYSA-N	Rat	10	mg/kg		10 mg/Kg	1421
919	JLNAZAXGWJVJEC-UHFFFAOYSA-N	Dog	1	mg/kg		1 mg/Kg	1421
920	JLNAZAXGWJVJEC-UHFFFAOYSA-N	Dog	6.72	mg/kg		6.72 mg/Kg	1421
921	YLGMPWWMPCGYBF-UHFFFAOYSA-N	Mouse					1422
922	YLGMPWWMPCGYBF-UHFFFAOYSA-N	Rat					1422
923	YLGMPWWMPCGYBF-UHFFFAOYSA-N	Dog					1422
924	YLGMPWWMPCGYBF-UHFFFAOYSA-N	Monkey (Cynomolgus)					1422
925	RGHLRMNPUGUZEY-UHFFFAOYSA-N	Rat					1423
926	RGHLRMNPUGUZEY-UHFFFAOYSA-N	Rat					1423
927	RGHLRMNPUGUZEY-UHFFFAOYSA-N	Mouse	25	mg/kg		25 mg/kg	1423
928	RDLSKDOSNKLEAQ-UHFFFAOYSA-N	Other				1 (IV), 5-30 (PO) mg/Kg	641
929	KGSBEYKVWODBRD-ICSRJNTNSA-N	Mouse	10	mg/kg		10 mg/Kg	1424
930	XSQUJFKRXZMOKA-PAFIKIDNSA-N	Rat	1	mg/kg		1 mg/Kg	643
931	XSQUJFKRXZMOKA-PAFIKIDNSA-N	Rat	2	mg/kg		2 mg/Kg	643
932	XUZMWHLSFXCVMG-UHFFFAOYSA-N	Other	10	mg/kg		1, 3, 10 mg/Kg	645
933	SGSFONPFVRRJLS-UHFFFAOYSA-N	Rat	0.3	mg/kg		0.3 mg/Kg	646
934	SGSFONPFVRRJLS-UHFFFAOYSA-N	Rat	1	mg/kg		1 mg/Kg	646
935	SGSFONPFVRRJLS-UHFFFAOYSA-N	Mouse	1	mg/kg		1 mg/Kg	646
936	SGSFONPFVRRJLS-UHFFFAOYSA-N	Dog	0.3	mg/kg		0.3 mg/Kg	646
937	SGSFONPFVRRJLS-UHFFFAOYSA-N	Dog	1	mg/kg		1 mg/Kg	646
938	SGSFONPFVRRJLS-UHFFFAOYSA-N	Monkey (Cynomolgus)	0.3	mg/kg		0.3 mg/Kg	646
939	SGSFONPFVRRJLS-UHFFFAOYSA-N	Monkey (Cynomolgus)	1	mg/kg		1 mg/Kg	646
940	XLOGLWKOHPIJLV-UHFFFAOYSA-N	Other	2	mg/kg	PO	2 mg/kg oral, 1 mg/kg IV crossover (mouse and rat)	648
941	XLOGLWKOHPIJLV-UHFFFAOYSA-N	Other	1	mg/kg	IV	2 mg/kg oral, 1 mg/kg IV crossover (mouse and rat)	648
942	LOGJQOUIVKBFGH-YBEGLDIGSA-N	Mouse	2	mg/kg		2-4 mg/Kg	649
943	JIFCFQDXHMUPGP-UHFFFAOYSA-N	Mouse	100	mg/kg		100 mg/kg	650
944	NDEXUOWTGYUVGA-LJQANCHMSA-N	Other	40	mg/kg		4, 20, and 40 mg/kg (4 mg/kg)	651
945	NDEXUOWTGYUVGA-LJQANCHMSA-N	Other	4	mg/kg		4, 20, and 40 mg/kg (4 mg/kg)	651
946	MUOKSQABCJCOPU-UHFFFAOYSA-N	Mouse	75	mg/mL		75 mg/mL	652
947	CMWRPDHVGMHLSZ-GFCCVEGCSA-N	Rat	3	mg/kg		3 mg/kg	653
948	DADASRPKWOGKCU-FVTQAUBDSA-N	Other	2.4	mg/kg		2.4-20 mg/kg	654
949	HZASIAXCPXTISQ-NVXWUHKLSA-N	Other					655
950	AUMDBEHGJRZSOO-UHFFFAOYSA-N	Other	100	mg/kg		100 mg/kg	656
951	STUWGJZDJHPWGZ-LBPRGKRZSA-N	Rat	1	mg/kg		1 mg/kg	659
952	HTFNVAVTYILUCF-UHFFFAOYSA-N	Mouse	50	mg/kg		50 mg/kg	660
953	VEPKQEUBKLEPRA-UHFFFAOYSA-N	Other	40	mg/kg		40 mg/kg (43 mg/kg)	661
954	VEPKQEUBKLEPRA-UHFFFAOYSA-N	Other	43	mg/kg		40 mg/kg (43 mg/kg)	661
955	KDGFLJKFZUIJMX-UHFFFAOYSA-N	Mouse	6	mg/kg		6 mg/kg	662
956	ZBCMHWUFWQFPLV-VVOJOOEHSA-N	Other	30	mg/kg		10, 20, and 30 mg/kg	664
957	IVUGFMLRJOCGAS-UHFFFAOYSA-N	Mouse	3.75	mg/kg		3.75-15 mg/kg	665
958	JCINBYQJBYJGDM-UHFFFAOYSA-N	Other	1	mg/kg		1-100 mg/kg	666
959	JUSFANSTBFGBAF-IRXDYDNUSA-N	Other	4	uM/kg		4 uM/kg (rat), 7.5-15 mg/kg (mouse)	667
960	JUSFANSTBFGBAF-IRXDYDNUSA-N	Other	7.5	mg/kg		4 uM/kg (rat), 7.5-15 mg/kg (mouse)	667
961	HXMGCTFLLWPVFM-GOSISDBHSA-N	Mouse					668
962	DEZZLWQELQORIU-RELWKKBWSA-N	Mouse	25	mg/kg		25 mg/kg	669
963	IENLGMOXAQMNEH-CYBMUJFWSA-N	Mouse	25	mg/kg		25 - 150 mg/kg	672
964	LHNIIDJUOCFXAP-UHFFFAOYSA-N	Mouse				75 ng/kg	673
965	MJSHVHLADKXCML-RQNOJGIXSA-N	Mouse	3	mg/mL		3 mg/mL	676
966	AHYMHWXQRWRBKT-UHFFFAOYSA-N	Mouse	100	mg/kg		3, 10, 30, and 100 mg/kg	1425
967	VASPFLVEEOBQOS-UHFFFAOYSA-N	Rat	1	mg/kg		1 mg/Kg	1426
968	VASPFLVEEOBQOS-UHFFFAOYSA-N	Rat	3	mg/kg		3 mg/Kg	1426
969	VASPFLVEEOBQOS-UHFFFAOYSA-N	Mouse	1	mg/kg		1 mg/Kg	1426
970	VASPFLVEEOBQOS-UHFFFAOYSA-N	Mouse	3	mg/kg		3 mg/Kg	1426
971	VASPFLVEEOBQOS-UHFFFAOYSA-N	Monkey (Cynomolgus)	1	mg/kg		1 mg/Kg	1426
972	VASPFLVEEOBQOS-UHFFFAOYSA-N	Monkey (Cynomolgus)	3	mg/kg		3 mg/Kg	1426
973	AYCPARAPKDAOEN-LJQANCHMSA-N	Mouse	7.5	mg/kg		7.5-30 mg/kg	680
974	DEEOXSOLTLIWMG-UHFFFAOYSA-N	Other	10	mg/kg		10-100 mg/kg	681
975	QAPAJIZPZGWAND-UHFFFAOYSA-N	Other	2	mg/kg		2 mg/kg	685
976	LQBVNQSMGBZMKD-UHFFFAOYSA-N	Other	12.5	mg/kg		12.5 mg/kg	687
977	SOYCFODXNRVBTI-UHFFFAOYSA-N	Other	5	mg/kg		5 mg/kg	688
978	ZFBHXVOCZBPADE-SSEXGKCCSA-N	Other	25	mg/kg		25 mg/kg, Reviewer suggested dose: 6.25-25 mg/Kg IV	691
979	ZFBHXVOCZBPADE-SSEXGKCCSA-N	Other	6.25	mg/kg	IV	25 mg/kg, Reviewer suggested dose: 6.25-25 mg/Kg IV	691
980	GXTJETQFYHZHNB-GASCZTMLSA-N	Mouse	10	mg/kg		10 mg/Kg, 100 mg/Kg	693
981	GXTJETQFYHZHNB-GASCZTMLSA-N	Mouse	100	mg/kg		10 mg/Kg, 100 mg/Kg	693
982	QLXULUNLCRKWRD-UHFFFAOYSA-N	Other				2.9 (IV) mg/kg, 33 (PO) mg/kg	694
983	ONIQOQHATWINJY-UHFFFAOYSA-N	Mouse	100	mg/kg		100 mg/Kg	698
984	WBLVOWHFRUAMCP-UHFFFAOYSA-N	Rat	1	mg/kg		1 mg/Kg	699
985	WBLVOWHFRUAMCP-UHFFFAOYSA-N	Mouse	1	mg/kg		1 mg/kg	699
986	DTBGJTHCIGPRDA-UHFFFAOYSA-N	Mouse	30	mg/kg		30-50 mg/Kg	700
987	DKZYXHCYPUVGAF-JCNLHEQBSA-N	Other	1	mg/kg		1-20 mg/Kg	701
988	SXWMIXPJPNCXQQ-UHFFFAOYSA-N	Other	30	mg/kg		30 mg/Kg	702
989	BKWJAKQVGHWELA-UHFFFAOYSA-N	Other	20	mg/kg		5, 10, or 20 mg/kg, Reviewer suggest: 20 and 30 mg/Kg	703
990	BKWJAKQVGHWELA-UHFFFAOYSA-N	Other	30	mg/kg		5, 10, or 20 mg/kg, Reviewer suggest: 20 and 30 mg/Kg	703
991	IRTDIKMSKMREGO-OAHLLOKOSA-N	Other	1	mg/kg	IV	1 mg/Kg (IV), 10 mg/Kg (PO), 10 mg/Kg (IP)	706
992	IRTDIKMSKMREGO-OAHLLOKOSA-N	Other	10	mg/kg	PO	1 mg/Kg (IV), 10 mg/Kg (PO), 10 mg/Kg (IP)	706
993	IRTDIKMSKMREGO-OAHLLOKOSA-N	Other	10	mg/kg	IP	1 mg/Kg (IV), 10 mg/Kg (PO), 10 mg/Kg (IP)	706
994	CDOOFZZILLRUQH-GDLZYMKVSA-N	Other	30	mg/kg		30-100 mg/Kg	708
995	VMJFTOSOFDEKTM-UHFFFAOYSA-N	Other	100	mg/kg		10, 30, 100 mg/Kg	709
996	WKIALOXOAZXGMG-UHFFFAOYSA-N	Other	0.1	mg/kg		0.1-10 mg/Kg	710
997	KNLROUBMVYVLGX-UHFFFAOYSA-N	Other	40	mg/kg		40 mg/kg	712
998	GSGDUDAFETZSPM-IATAILRESA-N	Mouse	1	mg/kg	IV	1 mg/kg IV, 5 mg/kg PO	1427
999	GSGDUDAFETZSPM-IATAILRESA-N	Mouse	5	mg/kg	PO	1 mg/kg IV, 5 mg/kg PO	1427
1000	PWBHUSLMHZLGRN-UHFFFAOYSA-N	Other	2	mg/kg		2 mg/Kg (M, R); 1 mg/Kg (Cyno)	717
1001	PWBHUSLMHZLGRN-UHFFFAOYSA-N	Other	1	mg/kg		2 mg/Kg (M, R); 1 mg/Kg (Cyno)	717
1002	WCPTUQOMNJBIET-CALCHBBNSA-N	Other	25	mg/kg	IV	25 mg/kg IV (mouse)	718
1003	NWGMIELHSCQGOG-ZDUSSCGKSA-N	Other					719
1004	OHRDCQFCAWLDBP-SBUREZEXSA-N	Other	1	mg/kg		1-10 mg/Kg	722
1005	KKFFOOWORPUAJB-NVXWUHKLSA-N	Mouse	20	mg/kg		20 mg/Kg	1428
1006	BNTAEJNPQLMGDJ-LLVKDONJSA-N	Other	30	mg/kg		30 mg/Kg, 10 mg/Kg, 5 mg/Kg	725
1007	BNTAEJNPQLMGDJ-LLVKDONJSA-N	Other	10	mg/kg		30 mg/Kg, 10 mg/Kg, 5 mg/Kg	725
1008	BNTAEJNPQLMGDJ-LLVKDONJSA-N	Other	5	mg/kg		30 mg/Kg, 10 mg/Kg, 5 mg/Kg	725
1009	WXRGFPHDRFQODR-ICLZECGLSA-N	Mouse	50	mg/mL		50 mg/mL continuous infusion	727
1010	NSQSAUGJQHDYNO-UHFFFAOYSA-N	Mouse	125	mg/kg		125-500 mg/kg	730
1011	LQTWDAYNGMMHLV-UHFFFAOYSA-N	Mouse	5	mg/kg	IV	5 mg/Kg IV, 10 mg/Kg PO, 75 mg/Kg IP	733
1012	LQTWDAYNGMMHLV-UHFFFAOYSA-N	Mouse	10	mg/kg	PO	5 mg/Kg IV, 10 mg/Kg PO, 75 mg/Kg IP	733
1013	LQTWDAYNGMMHLV-UHFFFAOYSA-N	Mouse	75	mg/kg	IP	5 mg/Kg IV, 10 mg/Kg PO, 75 mg/Kg IP	733
1014	HPODOLXTMDHLLC-QGZVFWFLSA-N	Mouse	1	mg/kg	IV	1 mg/kg (IV), 100 mg/kg (PO)	734
1015	HPODOLXTMDHLLC-QGZVFWFLSA-N	Mouse	100	mg/kg	PO	1 mg/kg (IV), 100 mg/kg (PO)	734
1016	PTPNCCWOTBBVJR-UHFFFAOYSA-N	Mouse	10	ug		10 ug/Mouse	735
1017	ATFQBBCQZKVZJN-QMMMGPOBSA-N	Rat	1	mg/kg		1 mg/Kg	736
1018	ATFQBBCQZKVZJN-QMMMGPOBSA-N	Rat	5	mg/kg		5 mg/Kg	736
1019	ATFQBBCQZKVZJN-QMMMGPOBSA-N	Rat	50	mg/kg		50 mg/Kg	736
1020	ATFQBBCQZKVZJN-QMMMGPOBSA-N	Mouse	1	mg/kg		1 mg/Kg	736
1021	ATFQBBCQZKVZJN-QMMMGPOBSA-N	Mouse	5	mg/kg		5 mg/Kg	736
1022	ATFQBBCQZKVZJN-QMMMGPOBSA-N	Mouse	50	mg/kg		50 mg/Kg	736
1023	QLPHOXTXAKOFMU-WBVHZDCISA-N	Mouse	100	mg/kg		100 mg/kg	737
1024	VOVZXURTCKPRDQ-CQSZACIVSA-N	Other	30	mg/kg	PO	1 (M), 2(R), 1(D) mg/Kg IV, 30 (M), 30 (R), 15 (D) 30 mg/Kg PO	739
1025	IIQUYGWWHIHOCF-UHFFFAOYSA-N	Other	20	mg/kg		20 mg/kg	741
1026	OINGHOPGNMYCAB-INIZCTEOSA-N	Other					742
1027	JBGYKRAZYDNCNV-UHFFFAOYSA-N	Mouse	10	mg/kg		10 - 50 mg/Kg	743
1028	DMIDPTCQPIJYFE-UHFFFAOYSA-N	Mouse	30	mg/mL		30 mg/mL	744
1029	HSVRUECLQUGTDS-UHFFFAOYSA-N	Other	10	mg/kg		10-200 mg/Kg	745
1030	NVGROBHDOYRPAN-FPTDNZKUSA-N	Mouse	3	mg/kg		3 mg/Kg	1429
1031	NVGROBHDOYRPAN-FPTDNZKUSA-N	Mouse	1	mg/kg		1 mg/Kg	1429
1032	NVGROBHDOYRPAN-FPTDNZKUSA-N	Rat	3	mg/kg		3 mg/Kg	1429
1033	NVGROBHDOYRPAN-FPTDNZKUSA-N	Rat	1	mg/kg		1 mg/Kg	1429
1034	NVGROBHDOYRPAN-FPTDNZKUSA-N	Dog	0.3	mg/kg		0.3 mg/Kg	1429
1035	NVGROBHDOYRPAN-FPTDNZKUSA-N	Dog	0.1	mg/kg		0.1 mg/Kg	1429
1036	VKQBTIMLSDGNLG-QHCPKHFHSA-N	Rat	2	mg/kg		2 mg/Kg	1430
1037	VKQBTIMLSDGNLG-QHCPKHFHSA-N	Rat	0.5	mg/kg		0.5 mg/Kg	1430
1038	ZNNLBTZKUZBEKO-UHFFFAOYSA-N	Other	10	mg/kg		0.4, 1, 10 mg/Kg	752
1039	FAEKWTJYAYMJKF-QHCPKHFHSA-N	Rat	1	mg/kg		1 mg/kg	753
1040	LYPAFUINURXJSG-AWEZNQCLSA-N	Other	5	mg/kg	PO	1.1 (R) - 1.2 (M) mg/Kg, 2.1 (R) - 1.9 (M) mg/Kg, Reviewer suggested 5-50 mg/Kg PO	754
1041	JGWRKYUXBBNENE-UHFFFAOYSA-N	Mouse	1	mg/kg		1 mg/Kg	1431
1042	JGWRKYUXBBNENE-UHFFFAOYSA-N	Mouse	5	mg/kg		5 mg/Kg	1431
1043	JGWRKYUXBBNENE-UHFFFAOYSA-N	Mouse	50	mg/kg		50 mg/Kg	1431
1044	JGWRKYUXBBNENE-UHFFFAOYSA-N	Rat	1	mg/kg		1 mg/Kg	1431
1045	JGWRKYUXBBNENE-UHFFFAOYSA-N	Rat	30	mg/kg		30 mg/Kg	1431
1046	JGWRKYUXBBNENE-UHFFFAOYSA-N	Dog	1	mg/kg		1 mg/Kg	1431
1047	JGWRKYUXBBNENE-UHFFFAOYSA-N	Dog	30	mg/kg		30 mg/Kg	1431
1048	JGWRKYUXBBNENE-UHFFFAOYSA-N	Monkey (Cynomolgus)	1	mg/kg		1 mg/Kg	1431
1049	JGWRKYUXBBNENE-UHFFFAOYSA-N	Monkey (Cynomolgus)	160	mg/kg		160 mg/Kg	1431
1050	RZLXOEIALAVGKH-UHFFFAOYSA-N	Mouse	1	mg/kg	IV	1 mg/Kg IV, 5 mg/Kg PO	1432
1051	RZLXOEIALAVGKH-UHFFFAOYSA-N	Mouse	5	mg/kg	PO	1 mg/Kg IV, 5 mg/Kg PO	1432
1052	RZLXOEIALAVGKH-UHFFFAOYSA-N	Rat	1	mg/kg	IV	1 mg/Kg IV, 5 mg/Kg PO	1432
1053	RZLXOEIALAVGKH-UHFFFAOYSA-N	Rat	5	mg/kg	PO	1 mg/Kg IV, 5 mg/Kg PO	1432
1054	ZKIQFLSGMMYCGS-SANMLTNESA-N	Rat	30	mg/kg	IV	1, 10, 30 mg/Kg, 1.1 (IV), 2.2 (PO) mg/Kg	757
1055	NFHSJYKXENYICE-UHFFFAOYSA-N	Mouse	1	mg/kg		1 mg/Kg	1433
1056	NFHSJYKXENYICE-UHFFFAOYSA-N	Mouse	5	mg/kg		5 mg/Kg	1433
1057	NFHSJYKXENYICE-UHFFFAOYSA-N	Mouse	30	mg/kg		30 mg/Kg	1433
1058	NFHSJYKXENYICE-UHFFFAOYSA-N	Rat	1	mg/kg		1 mg/Kg	1433
1059	NFHSJYKXENYICE-UHFFFAOYSA-N	Rat	5	mg/kg		5 mg/Kg	1433
1060	NFHSJYKXENYICE-UHFFFAOYSA-N	Rat	30	mg/kg		30 mg/Kg	1433
1061	GOVYBPLHWIEHEJ-UHFFFAOYSA-N	Mouse	5	mg/kg	IV	5 mg/Kg IV, 30 mg/Kg Oral	761
1062	GOVYBPLHWIEHEJ-UHFFFAOYSA-N	Mouse	30	mg/kg	PO	5 mg/Kg IV, 30 mg/Kg Oral	761
1063	OJQMKCBWYCWFPU-UHFFFAOYSA-N	Rat	3	mg/kg		3 mg/Kg	1434
1064	OJQMKCBWYCWFPU-UHFFFAOYSA-N	Rat	10	mg/kg		10 mg/Kg	1434
1065	OJQMKCBWYCWFPU-UHFFFAOYSA-N	Dog	1	mg/kg		1 mg/kg	1434
1066	OJQMKCBWYCWFPU-UHFFFAOYSA-N	Dog	3	mg/kg		3 mg/Kg	1434
1067	OJQMKCBWYCWFPU-UHFFFAOYSA-N	Monkey (Cynomolgus)	1	mg/kg		1 mg/Kg	1434
1068	WXTJCPHELGTTJU-FMKPAKJESA-N	Mouse	1	mg/kg		1 mg/kg	1435
1069	WXTJCPHELGTTJU-FMKPAKJESA-N	Mouse	20	mg/kg		20 mg/kg	1435
1070	JYYLVUFNAHSSFE-UHFFFAOYSA-N	Rat	5	mg/kg	IV	5 mg/Kg IV, PO	1436
1071	JYYLVUFNAHSSFE-UHFFFAOYSA-N	Monkey (Cynomolgus)	5	mg/kg	IV	5 mg/Kg IV, PO	1436
1072	JYYLVUFNAHSSFE-UHFFFAOYSA-N	Dog	5	mg/kg		5 mg/Kg	1436
1073	HEAUOKZIVMZVQL-VWLOTQADSA-N	Rat	10	mg/kg		10 mg/kg	1437
1074	HEAUOKZIVMZVQL-VWLOTQADSA-N	Mouse					1437
1075	HEAUOKZIVMZVQL-VWLOTQADSA-N	Monkey (Rheus)					1437
1076	HEAUOKZIVMZVQL-VWLOTQADSA-N	Dog	50	mg/kg	PO	50 mg/Kg PO	1437
1077	ASRLBLHATMXGPC-UHFFFAOYSA-N	Mouse	5	mg/kg		5 mg/kg	1438
1078	ASRLBLHATMXGPC-UHFFFAOYSA-N	Mouse	30	mg/kg		30 mg/Kg	1438
1079	POKVQQVLRJLUAK-UHFFFAOYSA-N	Mouse	1	mg/kg	IV	1 mg/Kg IV, 5 mg/Kg PO	1439
1080	POKVQQVLRJLUAK-UHFFFAOYSA-N	Mouse	5	mg/kg	PO	1 mg/Kg IV, 5 mg/Kg PO	1439
1081	POKVQQVLRJLUAK-UHFFFAOYSA-N	Rat	1	mg/kg	IV	1.0 mg/Kg IV, 2.5 mg/Kg PO	1439
1082	POKVQQVLRJLUAK-UHFFFAOYSA-N	Rat	2.5	mg/kg	PO	1.0 mg/Kg IV, 2.5 mg/Kg PO	1439
1083	POKVQQVLRJLUAK-UHFFFAOYSA-N	Dog	0.5	mg/kg	IV	0.5 mg/Kg IV, 1.15 mg/Kg PO	1439
1084	POKVQQVLRJLUAK-UHFFFAOYSA-N	Dog	1.15	mg/kg	PO	0.5 mg/Kg IV, 1.15 mg/Kg PO	1439
1085	POKVQQVLRJLUAK-UHFFFAOYSA-N	Monkey (Cynomolgus)	5	mg/kg	IV	o.5 mg/Kg IV, 1.25 mg/Kg PO	1439
1086	POKVQQVLRJLUAK-UHFFFAOYSA-N	Monkey (Cynomolgus)	1.25	mg/kg	PO	o.5 mg/Kg IV, 1.25 mg/Kg PO	1439
1087	RKAFYSIKAVFVPS-UHFFFAOYSA-N	Mouse	3	mg/kg		3 mg/Kg	771
1088	RKAFYSIKAVFVPS-UHFFFAOYSA-N	Mouse	10	mg/kg		10 mg/Kg	771
1089	RKAFYSIKAVFVPS-UHFFFAOYSA-N	Mouse	1	mg/kg		1 mg/Kg	771
1090	RKAFYSIKAVFVPS-UHFFFAOYSA-N	Mouse	3	mg/kg		3 mg/Kg	771
1091	XVGSKZXXLKUEIO-MRXNPFEDSA-N	Mouse	2	mg/kg		2 mg/Kg	1440
1092	XVGSKZXXLKUEIO-MRXNPFEDSA-N	Mouse	10	mg/kg		10 mg/Kg	1440
1093	XVGSKZXXLKUEIO-MRXNPFEDSA-N	Mouse	50	mg/kg		50 mg/Kg	1440
1094	KTBSXLIQKWEBRB-UHFFFAOYSA-N	Mouse	80	mg		20, 40, and 80 mg/k	1441
1095	HXYXHSDYBDFOFO-INIZCTEOSA-N	Mouse	1	mg/kg		1 mg/Kg	1442
1096	HXYXHSDYBDFOFO-INIZCTEOSA-N	Mouse	10	mg/kg		10 mg/Kg	1442
1097	HXYXHSDYBDFOFO-INIZCTEOSA-N	Rat	1	mg/kg	PO	1 mg/Kg followed  after 2 days of washout by a single oral dose of 3 mg/Kg	1442
1098	HXYXHSDYBDFOFO-INIZCTEOSA-N	Rat	3	mg/kg		1 mg/Kg followed  after 2 days of washout by a single oral dose of 3 mg/Kg	1442
1099	HHFWQMFTPDFWLM-UHFFFAOYSA-N	Rat	1	mg/kg		1 mg/Kg	1443
1100	HHFWQMFTPDFWLM-UHFFFAOYSA-N	Rat	5	mg/kg		5 mg/Kg	1443
1101	FSQGWBXWGNWEAV-CMDGGOBGSA-N	Mouse	1	mg/kg		1 mg/Kg	1444
1102	FSQGWBXWGNWEAV-CMDGGOBGSA-N	Mouse	5	mg/kg		5 mg/Kg	1444
1103	FSQGWBXWGNWEAV-CMDGGOBGSA-N	Mouse	75	mg/kg		75 mg/Kg	1444
1104	FSQGWBXWGNWEAV-CMDGGOBGSA-N	Rat	1	mg/kg		1 mg/Kg	1444
1105	FSQGWBXWGNWEAV-CMDGGOBGSA-N	Rat	30	mg/kg		30 mg/Kg	1444
1106	FSQGWBXWGNWEAV-CMDGGOBGSA-N	Dog	1	mg/kg		1 mg/Kg	1444
1107	FSQGWBXWGNWEAV-CMDGGOBGSA-N	Dog	5	mg/kg		5 mg/Kg	1444
1108	OXTSYWDBUVRXFF-GDLZYMKVSA-N	Dog	3	mg/kg		3 mg/Kg	1445
1109	OXTSYWDBUVRXFF-GDLZYMKVSA-N	Dog	10	mg/kg		10 mg/Kg	1445
1110	KRNAOFGYEFKHPB-ANJVHQHFSA-N	Rat	1	mg/kg		1 mg/Kg	1446
1111	KRNAOFGYEFKHPB-ANJVHQHFSA-N	Rat	10	mg/kg		10 mg/Kg	1446
1112	KRNAOFGYEFKHPB-ANJVHQHFSA-N	Monkey (Cynomolgus)	1	mg/kg		1 mg/Kg	1446
1113	KRNAOFGYEFKHPB-ANJVHQHFSA-N	Monkey (Cynomolgus)	10	mg/kg		10 mg/Kg	1446
1114	LBFYQISQYCGDDW-UHFFFAOYSA-N	Other	0.2	mg/kg	IV	0.2 mg/kg (IV), 0.5 mg/kg (PO)	781
1115	LBFYQISQYCGDDW-UHFFFAOYSA-N	Other	0.5	mg/kg	PO	0.2 mg/kg (IV), 0.5 mg/kg (PO)	781
1116	WBFSPPPOPIJCLF-UHFFFAOYSA-N	Rat					1447
1117	WBFSPPPOPIJCLF-UHFFFAOYSA-N	Monkey (Cynomolgus)					1447
1118	FUEYCNUHTBZPRF-SVBPBHIXSA-N	Rat	10	mg/kg		10.0 mg/kg	1448
1119	FUEYCNUHTBZPRF-SVBPBHIXSA-N	Rat	25	mg/kg		25.0 mg/kg	1448
1120	KDTQFQYXTWVBCC-UHFFFAOYSA-N	Rat	3	mg/kg		3 mg/Kg	1449
1121	KDTQFQYXTWVBCC-UHFFFAOYSA-N	Mouse	3	mg/kg		3 mg/Kg	1449
1122	KDTQFQYXTWVBCC-UHFFFAOYSA-N	Dog	0.1	mg/kg		0.1 mg/Kg	1449
1123	GSLHDZCTAHKMDW-UHFFFAOYSA-N	Mouse	2	mg/kg		2 mg/Kg	1450
1124	GSLHDZCTAHKMDW-UHFFFAOYSA-N	Mouse	30	mg/kg		30 mg/Kg	1450
1125	GSLHDZCTAHKMDW-UHFFFAOYSA-N	Mouse	30	mg/kg		30 mg/Kg	1450
1126	ODRITQGYYWHQGM-INIZCTEOSA-N	Mouse	0.2	mg/kg	IV	0.2 mg/Kg IV, 0.5 mg/Kg PO	1451
1127	ODRITQGYYWHQGM-INIZCTEOSA-N	Mouse	0.5	mg/kg	PO	0.2 mg/Kg IV, 0.5 mg/Kg PO	1451
1128	ODRITQGYYWHQGM-INIZCTEOSA-N	Rat	0.2	mg/kg	IV	0.2 mg/Kg IV, 0.5 mg/Kg PO	1451
1129	ODRITQGYYWHQGM-INIZCTEOSA-N	Rat	0.5	mg/kg	PO	0.2 mg/Kg IV, 0.5 mg/Kg PO	1451
1130	ODRITQGYYWHQGM-INIZCTEOSA-N	Dog	0.2	mg/kg	IV	0.2 mg/Kg IV, 0.5 mg/Kg PO	1451
1131	ODRITQGYYWHQGM-INIZCTEOSA-N	Dog	0.5	mg/kg	PO	0.2 mg/Kg IV, 0.5 mg/Kg PO	1451
1132	BODASLVEZBWITD-ACCUITESSA-N	Rat	5	mg/kg		5 mg/Kg	1452
1133	BODASLVEZBWITD-ACCUITESSA-N	Rat	10	mg/kg		10 mg/Kg	1452
1134	OYMNPJXKQVTQTR-UHFFFAOYSA-N	Mouse	10	mg/kg		10 mg/Kg	1453
1135	BXNMZRPTQFVRFA-QGZVFWFLSA-N	Rat	2	mg/kg		2-10 mg/Kg	1454
1136	BXNMZRPTQFVRFA-QGZVFWFLSA-N	Dog	20	mg/kg		20 mg/Kg	1454
1137	WCWUXEGQKLTGDX-LLVKDONJSA-N	Other	90	mg/kg		10, 60, 90 Mg/Kg	793
1138	HTCJUBZBSJQWBW-CQSZACIVSA-N	Rat	1	mg/kg		1 mg/Kg	794
1139	HTCJUBZBSJQWBW-CQSZACIVSA-N	Rat	5	mg/kg		5 mg/Kg	794
1140	HTCJUBZBSJQWBW-CQSZACIVSA-N	Dog	0.25	mg/kg		0.25 mg/Kg	794
1141	HTCJUBZBSJQWBW-CQSZACIVSA-N	Dog	0.5	mg/kg		0.5 mg/Kg	794
1142	HTCJUBZBSJQWBW-CQSZACIVSA-N	Monkey (Cynomolgus)	0.1	mg/kg		0.1 mg/Kg	794
1143	HTCJUBZBSJQWBW-CQSZACIVSA-N	Monkey (Cynomolgus)	3	mg/kg		3 mg/Kg	794
1144	HTCJUBZBSJQWBW-CQSZACIVSA-N	Other	3	mg/kg		3 mg/kg once weekly for 8 weeks	794
1145	VSOUDUXMPUHJEU-UHFFFAOYSA-N	Rat	2	mg/kg		2 mg/Kg	1455
1146	VSOUDUXMPUHJEU-UHFFFAOYSA-N	Rat	5	mg/kg		5 mg/Kg	1455
1147	VSOUDUXMPUHJEU-UHFFFAOYSA-N	Dog	1	mg/kg		1 mg/Kg	1455
1148	VSOUDUXMPUHJEU-UHFFFAOYSA-N	Dog	3	mg/kg		3 mg/Kg	1455
1149	VSOUDUXMPUHJEU-UHFFFAOYSA-N	Mouse	100	mg/kg		100 mg/Kg	1455
1150	VSOUDUXMPUHJEU-UHFFFAOYSA-N	Rat	15	mg/kg		15 mg/Kg	1455
1151	VSOUDUXMPUHJEU-UHFFFAOYSA-N	Dog	3	mg/kg		3 mg/Kg	1455
1152	RSJAXPUYVJKAAA-JPGJPTAESA-N	Other	3	mg/kg		3 mg/Kg	796
1153	ATALOFNDEOCMKK-OITMNORJSA-N	Other	0.3	mg/kg		0.3-3.0 mg/Kg	797
1154	ATALOFNDEOCMKK-OITMNORJSA-N	Other	0.1	mg/kg		0.1-3.0 mg/Kg	797
1155	ATALOFNDEOCMKK-OITMNORJSA-N	Rat	5	mg/kg		2 and 5 mg/Kg	797
1156	ATALOFNDEOCMKK-OITMNORJSA-N	Dog	2	mg/kg		0.5, 2.0 mg/Kg	797
1157	ATHZIFFSGSWIAU-UHFFFAOYSA-N	Mouse	30	mg/kg		30 mg/Kg	1456
1158	UXZAJSZFFARTEI-YRPNKDGESA-N	Mouse	3	mg/kg		3 mg/Kg	1457
1159	YHGBLECINAKBKX-UHFFFAOYSA-N	Rat	1	mg/kg		1.0 mg/Kg	1458
1160	YHGBLECINAKBKX-UHFFFAOYSA-N	Rat	5	mg/kg		5.0 mg/Kg	1458
1161	NCWQLHHDGDXIJN-UHFFFAOYSA-N	Mouse	50	mg/kg		50 mg/Kg BID	1459
1162	OAEWNSKRLBVVBV-QSEAXJEQSA-N	Rat	5	mg/kg		5 mg/Kg	1460
1163	OAEWNSKRLBVVBV-QSEAXJEQSA-N	Rat	10	mg/kg		10 mg/Kg	1460
1164	OAEWNSKRLBVVBV-QSEAXJEQSA-N	Dog	5	mg/kg		5 mg/Kg	1460
1165	OAEWNSKRLBVVBV-QSEAXJEQSA-N	Monkey (Cynomolgus)	5	mg/kg		5 mg/Kg	1460
1166	QLOHOGRMRUDDPM-LBPRGKRZSA-N	Rat	0.5	mg/kg		0.5 mg/Kg	1461
1167	QLOHOGRMRUDDPM-LBPRGKRZSA-N	Rat	10	mg/kg		10 mg/Kg	1461
1168	QLOHOGRMRUDDPM-LBPRGKRZSA-N	Dog	1	mg/kg		1 mg/Kg	1461
1169	QLOHOGRMRUDDPM-LBPRGKRZSA-N	Dog	3	mg/kg		3 mg/Kg	1461
1170	PUKBOVABABRILL-YZNIXAGQSA-N	Mouse	0.5	mg/kg		0.5 mg/Kg	1462
1171	PUKBOVABABRILL-YZNIXAGQSA-N	Rat	0.5	mg/kg		0.5 mg/Kg	1462
1172	PUKBOVABABRILL-YZNIXAGQSA-N	Dog	0.5	mg/kg		0.5 mg/Kg	1462
1173	PUKBOVABABRILL-YZNIXAGQSA-N	Mouse	2	mg/kg		2 mg/Kg	1462
1174	PUKBOVABABRILL-YZNIXAGQSA-N	Mouse	30	mg/kg		30 mg/Kg	1462
1175	PUKBOVABABRILL-YZNIXAGQSA-N	Rat	2	mg/kg		2 mg/Kg	1462
1176	PUKBOVABABRILL-YZNIXAGQSA-N	Rat	30	mg/kg		30 mg/Kg	1462
1177	PUKBOVABABRILL-YZNIXAGQSA-N	Monkey (Cynomolgus)	100	mg/kg		100 mg/Kg	1462
1178	FJZNNKJZHQFMCK-LRDDRELGSA-N	Mouse	0.5	mg/kg		0.5 mg/Kg	1463
1179	FJZNNKJZHQFMCK-LRDDRELGSA-N	Mouse	1	mg/kg		1 mg/Kg	1463
1180	FJZNNKJZHQFMCK-LRDDRELGSA-N	Rat	1	mg/kg		1.0 mg/Kg	1463
1181	FJZNNKJZHQFMCK-LRDDRELGSA-N	Rat	1	mg/kg		1.0 mg/Kg	1463
1182	FJZNNKJZHQFMCK-LRDDRELGSA-N	Dog	1	mg/kg		1.0 mg/Kg	1463
1183	FJZNNKJZHQFMCK-LRDDRELGSA-N	Dog	1	mg/kg		1.0 mg/Kg	1463
1184	FJZNNKJZHQFMCK-LRDDRELGSA-N	Monkey (Cynomolgus)	1	mg/kg		1.0 mg/Kg	1463
1185	FJZNNKJZHQFMCK-LRDDRELGSA-N	Monkey (Cynomolgus)	3	mg/kg		3.0 mg/Kg	1463
1186	BZCALJIHZVNMGJ-HSZRJFAPSA-N	Other				1 IV, 3 PO mg/Kg Rat, 0.5 IV, 1 PO mg/Kg Dog	807
1187	KDFQABSFVYLGPM-QFIPXVFZSA-N	Rat	5	mg/kg		5 mg/Kg	808
1188	KDFQABSFVYLGPM-QFIPXVFZSA-N	Dog	5	mg/kg		5 mg/Kg	808
1189	KDFQABSFVYLGPM-QFIPXVFZSA-N	Monkey (Rheus)	5	mg/kg		5 mg/Kg	808
1190	KDFQABSFVYLGPM-QFIPXVFZSA-N	Rat	5	mg/kg		5 mg/Kg	808
1191	KDFQABSFVYLGPM-QFIPXVFZSA-N	Dog	5	mg/kg		5 mg/Kg	808
1192	KDFQABSFVYLGPM-QFIPXVFZSA-N	Monkey (Rheus)	50	mg/kg		50 mg/Kg	808
1193	PZGSYNNVPNLHQG-SANMLTNESA-N	Rat	0.5	mg/kg	IV	0.5 mg/kg IV, 2.0, 10 and 30 mg/kg PO	1464
1194	PZGSYNNVPNLHQG-SANMLTNESA-N	Rat	30	mg/kg	PO	0.5 mg/kg IV, 2.0, 10 and 30 mg/kg PO	1464
1195	PZGSYNNVPNLHQG-SANMLTNESA-N	Dog	0.5	mg/kg	IV	0.5 mg/kg IV, 2.0 mg/kg PO	1464
1196	PZGSYNNVPNLHQG-SANMLTNESA-N	Dog	2	mg/kg	PO	0.5 mg/kg IV, 2.0 mg/kg PO	1464
1197	PZGSYNNVPNLHQG-SANMLTNESA-N	Monkey (Cynomolgus)	0.5	mg/kg	IV	0.5 mg/kg IV, 2.0 and 20 mg/kg PO	1464
1198	PZGSYNNVPNLHQG-SANMLTNESA-N	Monkey (Cynomolgus)	20	mg/kg	PO	0.5 mg/kg IV, 2.0 and 20 mg/kg PO	1464
1199	OGJGQVFWEPNYSB-UHFFFAOYSA-N	Rat	3	mg/kg		3 mg/Kg	810
1200	OGJGQVFWEPNYSB-UHFFFAOYSA-N	Rat	1	mg/kg		1 mg/Kg	810
1201	VXNAMCLMCBLNOL-NFQMXDRXSA-N	Rat	1	mg/kg	IV	1 mg/Kg IV, 10 mg/Kg PO	812
1202	VXNAMCLMCBLNOL-NFQMXDRXSA-N	Rat	10	mg/kg	PO	1 mg/Kg IV, 10 mg/Kg PO	812
1203	HVVLGXULBVAFRZ-UHFFFAOYSA-N	Rat	0.3	mg/kg		0.3 mg/Kg	1465
1204	HVVLGXULBVAFRZ-UHFFFAOYSA-N	Dog	0.3	mg/kg		0.3 mg/Kg	1465
1205	HLCHESOMJVGDSJ-LOYHVIPDSA-N	Rat	1	mg/kg	IV	1 mg/Kg IV, 10 mg/Kg PO	1466
1206	HLCHESOMJVGDSJ-LOYHVIPDSA-N	Rat	10	mg/kg	PO	1 mg/Kg IV, 10 mg/Kg PO	1466
1207	HLCHESOMJVGDSJ-LOYHVIPDSA-N	Dog	0.2	mg/kg	IV	0.2 mg/Kg IV, 0.5 mg/Kg PO	1466
1208	HLCHESOMJVGDSJ-LOYHVIPDSA-N	Dog	0.5	mg/kg	PO	0.2 mg/Kg IV, 0.5 mg/Kg PO	1466
1209	VOSAWOSMGPKQEQ-OALUTQOASA-N	Mouse	10	mg/kg		10 mg/Kg	1467
1210	VOSAWOSMGPKQEQ-OALUTQOASA-N	Mouse	30	mg/kg		30 mg/Kg	1467
1211	VOSAWOSMGPKQEQ-OALUTQOASA-N	Mouse	3	mg/kg		3 mg/Kg	1467
1212	TYXSIXOYTBHZFA-UHFFFAOYSA-N	Other	10	mg/kg		10 to 30 mg/Kg in Rat	818
1213	PMEQBGAGFZDWQX-UHFFFAOYSA-N	Rat	10	mg/kg		10 mg/Kg	819
1214	ZPCGODCPRDIFRQ-UHFFFAOYSA-N	Mouse	1	mg/kg	IV	1 mg/Kg IV, 5 mg/Kg PO	1468
1215	ZPCGODCPRDIFRQ-UHFFFAOYSA-N	Mouse	5	mg/kg	PO	1 mg/Kg IV, 5 mg/Kg PO	1468
1216	ZPCGODCPRDIFRQ-UHFFFAOYSA-N	Rat	1	mg/kg	IV	1 mg/Kg IV, 5 mg/Kg PO	1468
1217	ZPCGODCPRDIFRQ-UHFFFAOYSA-N	Rat	5	mg/kg	PO	1 mg/Kg IV, 5 mg/Kg PO	1468
1218	ZPCGODCPRDIFRQ-UHFFFAOYSA-N	Dog	1	mg/kg	IV	1 mg/Kg IV, 5 mg/Kg PO	1468
1219	ZPCGODCPRDIFRQ-UHFFFAOYSA-N	Dog	5	mg/kg	PO	1 mg/Kg IV, 5 mg/Kg PO	1468
1220	AFJRYPJIKHMNGL-UHFFFAOYSA-N	Rat	0.3	mg/kg		0.3 to 3 mg/kg	822
1221	AFJRYPJIKHMNGL-UHFFFAOYSA-N	Rat	0.1	mg/kg		0.1 mg/Kg	822
1222	AFJRYPJIKHMNGL-UHFFFAOYSA-N	Rat	0.1	mg/kg		0.1 mg/Kg	822
1223	LPORLBPACXEOET-UHFFFAOYSA-N	Rat	3	mg/kg		3 mg/Kg	1469
1224	LPORLBPACXEOET-UHFFFAOYSA-N	Rat	7.5	mg/kg		7.5 mg/Kg	1469
1225	LPORLBPACXEOET-UHFFFAOYSA-N	Rat	10	mg/kg		10 mg/Kg	1469
1226	GQCXHIKRWBIQMD-AKJBCIBTSA-N	Rat	1	mg/kg		1 mg/Kg	1470
1227	GQCXHIKRWBIQMD-AKJBCIBTSA-N	Dog	1	mg/kg		1 mg/Kg	1470
1228	GQCXHIKRWBIQMD-AKJBCIBTSA-N	Monkey (Cynomolgus)	1	mg/kg		1 mg/Kg	1470
1229	QAKJEKTXKXAPBP-MGCURZBSSA-N	Mouse	1	mg/kg		1 mg/Kg	1471
1230	QAKJEKTXKXAPBP-MGCURZBSSA-N	Mouse	10	mg/kg		10 mg/Kg	1471
1231	QAKJEKTXKXAPBP-MGCURZBSSA-N	Monkey (Cynomolgus)	1	mg/kg		1 mg/Kg	1471
1232	QAKJEKTXKXAPBP-MGCURZBSSA-N	Monkey (Cynomolgus)	0.2	mg/kg		0.2 mg/Kg	1471
1233	QAKJEKTXKXAPBP-MGCURZBSSA-N	Monkey (Cynomolgus)	2	mg/kg		2 mg/Kg	1471
1234	ODOJVROSIRINJT-LJQANCHMSA-N	Rat	1	mg/kg		1 mg/Kg	1472
1235	ODOJVROSIRINJT-LJQANCHMSA-N	Rat	10	mg/kg		10 mg/Kg	1472
1236	ODOJVROSIRINJT-LJQANCHMSA-N	Mouse	30	mg/kg		30 mg/Kg	1472
1237	ZUFHZMHKCFCIHV-JRFCFUNGSA-N	Rat	0.25	mg/kg		0.25 mg/Kg	1473
1238	ZUFHZMHKCFCIHV-JRFCFUNGSA-N	Rat	2	mg/kg		2.0 mg/Kg	1473
1239	OVUNRYUVDVWTTE-UHFFFAOYSA-N	Rat	10	mg/kg		10 mg/Kg	1474
1240	OVUNRYUVDVWTTE-UHFFFAOYSA-N	Rat	10	mg/kg		10 mg/Kg	1474
1241	OVUNRYUVDVWTTE-UHFFFAOYSA-N	Rat	1	mg/kg		1 mg/Kg	1474
1242	HUOLMBXGHHSYHC-QWQFASRJSA-N	Mouse	1	mg/kg		1 mg/Kg	830
1243	HUOLMBXGHHSYHC-QWQFASRJSA-N	Mouse	10	mg/kg		10 mg/Kg	830
1244	CEGVLCNHZDUFIJ-NSHDSACASA-N	Mouse	0.5	mg/kg	IV	0.5 mg/Kg IV, 1 mg/Kg PO	1475
1245	CEGVLCNHZDUFIJ-NSHDSACASA-N	Mouse	1	mg/kg	PO	0.5 mg/Kg IV, 1 mg/Kg PO	1475
1246	CEGVLCNHZDUFIJ-NSHDSACASA-N	Rat				0.5 IV, 1.0 PO mg/Kg	1475
1247	ZVDNXHUSIKGTSF-UHFFFAOYSA-N	Mouse	3	mg/kg		3 mg/Kg	1476
1248	ZVDNXHUSIKGTSF-UHFFFAOYSA-N	Mouse	30	mg/kg		30 mg/Kg	1476
1249	ZVDNXHUSIKGTSF-UHFFFAOYSA-N	Dog	1	mg/kg		1 mg/Kg	1476
1250	ZVDNXHUSIKGTSF-UHFFFAOYSA-N	Dog	10	mg/kg		10 mg/Kg	1476
1251	QJWQAZTYFYCFQU-RMKNXTFCSA-N	Mouse	50	mg/kg		50 mg/Kg	1477
1252	NORRDWRSNUOCBV-XCIZWWPASA-N	Rat	1	mg/kg		1 mg/Kg	1478
1253	NORRDWRSNUOCBV-XCIZWWPASA-N	Rat	3	mg/kg		3 mg/Kg	1478
1254	NORRDWRSNUOCBV-XCIZWWPASA-N	Mouse	1	mg/kg		1 mg/Kg	1478
1255	NORRDWRSNUOCBV-XCIZWWPASA-N	Mouse	3	mg/kg		3 mg/Kg	1478
1256	BFMWIVWPPKENIN-AWEZNQCLSA-N	Mouse	0.2	mg/kg		0.2 mg/Kg	1479
1257	CLCTZVRHDOAUGJ-SYVGMNBRSA-N	Mouse	2	mg/kg		2 mg/Kg	836
1258	CLCTZVRHDOAUGJ-SYVGMNBRSA-N	Mouse	5	mg/kg		5 mg/Kg	836
1259	CLCTZVRHDOAUGJ-SYVGMNBRSA-N	Rat	2	mg/kg		2 mg/Kg	836
1260	CLCTZVRHDOAUGJ-SYVGMNBRSA-N	Rat	5	mg/kg		5 mg/Kg	836
1261	JNTJTCXFIXNXDV-VIFPVBQESA-N	Mouse				4.6 h	1480
1262	JNTJTCXFIXNXDV-VIFPVBQESA-N	Rat				15 h	1480
1263	JNTJTCXFIXNXDV-VIFPVBQESA-N	Dog					1480
1264	DTWUUAFTYSMNQX-GFCCVEGCSA-N	Rat	10	mg/kg		10 mg/Kg	1481
1265	FZJKQMONKPFLEO-NZIMVQFPSA-N	Mouse	1	mg/kg		1 mg/Kg	1482
1266	FZJKQMONKPFLEO-NZIMVQFPSA-N	Mouse	3	mg/kg		3 mg/Kg	1482
1267	JFHROPTYMMSOLG-UHFFFAOYSA-N	Rat	1	mg/kg		1 mg/Kg	1483
1268	JFHROPTYMMSOLG-UHFFFAOYSA-N	Rat					1483
1269	BZJPCUQQPJJBTP-FGZHOGPDSA-N	Mouse	1	umol/kg	IV	1 umol/Kg IV, 10 umol/Kg PO, 2 umol/Kg IP	1484
1270	BZJPCUQQPJJBTP-FGZHOGPDSA-N	Mouse	10	umol/kg	PO	1 umol/Kg IV, 10 umol/Kg PO, 2 umol/Kg IP	1484
1271	BZJPCUQQPJJBTP-FGZHOGPDSA-N	Mouse	2	umol/kg	IP	1 umol/Kg IV, 10 umol/Kg PO, 2 umol/Kg IP	1484
1272	ISQCXAWAHDJCRH-FKDRFZFOSA-N	Mouse				10 mf/Kg	1485
1273	ISQCXAWAHDJCRH-FKDRFZFOSA-N	Rat	5	mg/kg		5 mg/kg	1485
1274	ISQCXAWAHDJCRH-FKDRFZFOSA-N	Dog	2.5	mg/kg		2.5 mg/Kg	1485
1275	JBTHUOYYUUPUOZ-LIHPQFRDSA-N	Mouse	5	mg		5 mg/K	1486
1276	JBTHUOYYUUPUOZ-LIHPQFRDSA-N	Mouse	30	mg/kg		30 mg/Kg	1486
1277	PTARASCXNREVCH-UHFFFAOYSA-N	Mouse	1	mg/kg		1 mg/Kg	1487
1278	PTARASCXNREVCH-UHFFFAOYSA-N	Mouse	10	mg/kg		10 mg/Kg	1487
1279	PTARASCXNREVCH-UHFFFAOYSA-N	Mouse	10	mg/kg		10 mg/Kg	1487
1280	DYDFSGCLYIZSAQ-UHFFFAOYSA-N	Mouse	1	mg/kg	IV	1 mg/Kg IV, 5 mg/Kg PO	1488
1281	DYDFSGCLYIZSAQ-UHFFFAOYSA-N	Mouse	5	mg/kg	PO	1 mg/Kg IV, 5 mg/Kg PO	1488
1282	FIFRHLLUVCAOIK-SJCJKPOMSA-N	Mouse	0.2	mg/kg	IV	0.2 mg/Kg IV, 10, 30 mg/Kg PO	1489
1283	FIFRHLLUVCAOIK-SJCJKPOMSA-N	Mouse	30	mg/kg	PO	0.2 mg/Kg IV, 10, 30 mg/Kg PO	1489
1284	FIFRHLLUVCAOIK-SJCJKPOMSA-N	Rat	0.2	mg/kg	IV	0.2 mg/Kg IV, 10 mg/Kg PO	1489
1285	FIFRHLLUVCAOIK-SJCJKPOMSA-N	Rat	10	mg/kg	PO	0.2 mg/Kg IV, 10 mg/Kg PO	1489
1286	FIFRHLLUVCAOIK-SJCJKPOMSA-N	Dog	0.2	mg/kg	IV	0.2 mg/Kg IV, 16 mg/Kg PO	1489
1287	FIFRHLLUVCAOIK-SJCJKPOMSA-N	Dog	16	mg/kg	PO	0.2 mg/Kg IV, 16 mg/Kg PO	1489
1288	MMHYOHYLSFWJJB-ZDUSSCGKSA-N	Mouse	4.5	mg/kg	IV	4.5 mg/Kg IV, 2 mg/Kg PO	853
1289	MMHYOHYLSFWJJB-ZDUSSCGKSA-N	Mouse	2	mg/kg	PO	4.5 mg/Kg IV, 2 mg/Kg PO	853
1290	MMHYOHYLSFWJJB-ZDUSSCGKSA-N	Rat	4.5	mg/kg	IV	4.5 mg/Kg IV, PO	853
1291	YPXUKPNZQTWCRR-UHFFFAOYSA-N	Mouse	1	mg/kg		1 mg/Kg	1490
1292	YPXUKPNZQTWCRR-UHFFFAOYSA-N	Mouse	5	mg/kg		5 mg/Kg	1490
1293	YPXUKPNZQTWCRR-UHFFFAOYSA-N	Mouse	5	mg/kg		5 mg/Kg	1490
1294	YPXUKPNZQTWCRR-UHFFFAOYSA-N	Rat	1	mg/kg		1 mg/Kg	1490
1295	YPXUKPNZQTWCRR-UHFFFAOYSA-N	Rat	5	mg/kg		5 mg/Kg	1490
1296	YPXUKPNZQTWCRR-UHFFFAOYSA-N	Rat	5	mg/kg		5 mg/Kg	1490
1297	DJOZFERTDDZPJO-UHFFFAOYSA-N	Mouse	1	mg/kg		1 mg/Kg	1491
1298	DJOZFERTDDZPJO-UHFFFAOYSA-N	Mouse	2	mg/kg		2 mg/Kg	1491
1299	RGHSVQHKNJAFGR-QFIPXVFZSA-N	Mouse	30	mg/kg		30 mg/Kg	1492
1300	LDFDXTNMCGLUMQ-YGKODULZSA-N	Mouse	50	mg/kg		50 mg/Kg	1493
1301	RIEBAXQZOMUWKX-UHFFFAOYSA-N	Mouse	10	mg/kg		10 mg/Kg	1494
1302	RIEBAXQZOMUWKX-UHFFFAOYSA-N	Mouse	3	mg/kg		3 mg/kg	1494
1303	RIEBAXQZOMUWKX-UHFFFAOYSA-N	Mouse	10	mg/kg		10 mg/Kg	1494
1304	LPDOIXPRZOWBJV-HOCLYGCPSA-N	Rat	0.5	mg/kg	IV	0.5 mg/Kg IV, 5 mg/Kg PO	1495
1305	LPDOIXPRZOWBJV-HOCLYGCPSA-N	Rat	5	mg/kg	PO	0.5 mg/Kg IV, 5 mg/Kg PO	1495
1306	HGQYUHFFAIXWDI-GOSISDBHSA-N	Mouse	30	mg/kg		30 mg/Kg	1496
1307	HGQYUHFFAIXWDI-GOSISDBHSA-N	Mouse	100	mg/kg		100 mg/Kg	1496
1308	APEYSKGQWJKJAZ-LCLGPXMOSA-N	Mouse	5	mg/kg		5 mg/Kg	1497
1309	CLUWNSLFLMBFKA-RMCUFUCFSA-N	Mouse	50	mg/kg		50 mg/Kg	1498
1310	GPZKXLCJTKULAU-UHFFFAOYSA-N	Mouse	3	mg/kg		3 mg/kg	1499
1311	GPZKXLCJTKULAU-UHFFFAOYSA-N	Mouse	5	mg/kg		5 mg/Kg	1499
1312	GPZKXLCJTKULAU-UHFFFAOYSA-N	Mouse	30	mg/kg		30 mg/kg	1499
1313	SVKZUEZCCKLNIM-UHFFFAOYSA-N	Mouse	20	mg/kg		20 mg/Kg	1500
1314	LFCNOSRNWFMQLB-UHFFFAOYSA-N	Mouse	2	mg/kg		2 mg/Kg	1501
1315	HKSBXNVKPFTBIG-WUEKOBJSSA-N	Mouse	5	mg/kg		5 mg/Kg	1502
1316	HKSBXNVKPFTBIG-WUEKOBJSSA-N	Mouse	30	mg/kg		30 mg/Kg	1502
1317	HKSBXNVKPFTBIG-WUEKOBJSSA-N	Mouse	30	mg/kg		30 mg/Kg	1502
1318	DQRZNYPHOWVXPQ-YDUPODKQSA-N	Mouse	2	mg/kg		2 mg/Kg	1503
1319	DQRZNYPHOWVXPQ-YDUPODKQSA-N	Mouse	30	mg/kg		30 mg/Kg	1503
1320	ZGSWGXNEXAXEGV-XFCHVEHOSA-N	Mouse	8	mg/kg		8 mg/Kg	1504
1321	DLQNQQYGRWMPES-LFHXKVDGSA-N	Mouse	2	mg/kg		2 mg/Kg	1505
1322	DLQNQQYGRWMPES-LFHXKVDGSA-N	Mouse	10	mg/kg		10 mg/Kg	1505
1323	DLQNQQYGRWMPES-LFHXKVDGSA-N	Rat	2	mg/kg		2 mg/Kg	1505
1324	DLQNQQYGRWMPES-LFHXKVDGSA-N	Rat	30	mg/kg		30 mg/Kg	1505
1325	DLQNQQYGRWMPES-LFHXKVDGSA-N	Dog	1	mg/kg		1 mg/Kg	1505
1326	DLQNQQYGRWMPES-LFHXKVDGSA-N	Dog	5	mg/kg		5 mg/Kg	1505
1327	DLQNQQYGRWMPES-LFHXKVDGSA-N	Monkey (Cynomolgus)	1	mg/kg		1 mg/Kg	1505
1328	DLQNQQYGRWMPES-LFHXKVDGSA-N	Monkey (Cynomolgus)	20	mg/kg		20 mg/Kg	1505
1329	OGAOHACYLUBWJQ-UHFFFAOYSA-N	Rat	2	mg/kg		2 mg/Kg	1506
1330	OGAOHACYLUBWJQ-UHFFFAOYSA-N	Rat	10	mg/kg		10 mg/Kg	1506
1331	USEHXUPBCSTAIO-RAUDMRIHSA-N	Mouse	3	mg/kg		3 mg/Kg	1507
1332	USEHXUPBCSTAIO-RAUDMRIHSA-N	Mouse	10	mg/kg		10 mg/Kg	1507
1333	DOVSNSDMRJVTMR-JOCHJYFZSA-N	Mouse	1	uM/kg		1 uM/Kg	889
1334	DOVSNSDMRJVTMR-JOCHJYFZSA-N	Rat	1	uM/kg		1 uM/Kg	889
1335	WFVKDTWKNVLGGS-UHFFFAOYSA-N	Mouse	2	mg/kg		2 mg/Kg	1508
1336	WFVKDTWKNVLGGS-UHFFFAOYSA-N	Mouse	10	mg/kg		10 mg/Kg	1508
1337	JTTGVFCANBFLCE-CJLVFECKSA-N	Rat	2	mg/kg		2 mg/Kg	1509
1338	JTTGVFCANBFLCE-CJLVFECKSA-N	Rat	10	mg/kg		10 mg/Kg	1509
1339	AYMGZLUKTNXEMY-UHFFFAOYSA-N	Mouse	50	mg/kg		50 mg/Kg	1510
1340	SWVYYNLRVIYURK-AREMUKBSSA-N	Mouse	50	mg/kg		10, 25, or 50 mg/kg	1511
1341	AAZUPSFRSHFTGV-INIZCTEOSA-N	Mouse	10	mg/kg		10 mg/Kg	900
1342	LLCVDQHLYHBAHR-UHFFFAOYSA-N	Mouse	10	mg/kg		10 mg/Kg	901
1343	JALIPZPFONOAJA-ZKGBLMBJSA-N	Mouse	1	mg/kg		1 mg/Kg	1512
1344	JALIPZPFONOAJA-ZKGBLMBJSA-N	Mouse	30	mg/kg		30 mg/Kg	1512
1345	JALIPZPFONOAJA-ZKGBLMBJSA-N	Rat	1	mg/kg		1 mg/Kg	1512
1346	JALIPZPFONOAJA-ZKGBLMBJSA-N	Rat	10	mg/kg		10 mg/Kg	1512
1347	JALIPZPFONOAJA-ZKGBLMBJSA-N	Dog	1	mg/kg		1 mg/Kg	1512
1348	JALIPZPFONOAJA-ZKGBLMBJSA-N	Dog	3	mg/kg		3 mg/Kg	1512
1349	XJTIGGCBXFIZJV-UHFFFAOYSA-N	Mouse	10	mg/kg		10mg/kg	1513
1350	ZORLJXWXFABTPZ-CTNGQTDRSA-N	Mouse	10	mg/kg		10 mg/Kg	1514
1351	ZZWWXIBKLBMSCS-FQEVSTJZSA-N	Rat	3	mg/kg		3 mg/kg	1515
1352	FQWDVNSBYDXPIO-CQSZACIVSA-N	Mouse	1	mg/kg		1 mg/Kg	1516
1353	FQWDVNSBYDXPIO-CQSZACIVSA-N	Mouse	3	mg/kg		3 mg/Kg	1516
1354	FQWDVNSBYDXPIO-CQSZACIVSA-N	Mouse	3	mg/kg		3 mg/Kg	1516
1355	BASFYRLYJAZPPL-UONOGXRCSA-N	Mouse	5	mg/kg		5 mg/kg	909
1356	FHRKRGDHMCCDEO-LLVKDONJSA-N	Mouse				0.5 (IV), 1.0 (PO) mg/Kg	1517
1357	QRYISIPABXJVOQ-AWEZNQCLSA-N	Rat	2	mg/kg		2 mg/Kg	1518
1358	QRYISIPABXJVOQ-AWEZNQCLSA-N	Rat	10	mg/kg		10 mg/Kg	1518
1359	UEUNDURNLYLSNB-HOTGVXAUSA-N	Mouse	1	mg/kg	IV	1 mg/Kg IV, 3 mg/Kg PO	1519
1360	UEUNDURNLYLSNB-HOTGVXAUSA-N	Mouse	3	mg/kg	PO	1 mg/Kg IV, 3 mg/Kg PO	1519
1361	UEUNDURNLYLSNB-HOTGVXAUSA-N	Rat	1	mg/kg	IV	1 mg/Kg IV, 3 mg/Kg PO	1519
1362	UEUNDURNLYLSNB-HOTGVXAUSA-N	Rat	3	mg/kg	PO	1 mg/Kg IV, 3 mg/Kg PO	1519
1363	UEUNDURNLYLSNB-HOTGVXAUSA-N	Monkey (Cynomolgus)	1	mg/kg	IV	1 mg/Kg IV, 3 mg/Kg PO	1519
1364	UEUNDURNLYLSNB-HOTGVXAUSA-N	Monkey (Cynomolgus)	3	mg/kg	PO	1 mg/Kg IV, 3 mg/Kg PO	1519
1365	AXNQNPVSVCEGTP-LALXJTNGSA-N	Mouse	2	mg/kg		2 mg/Kg	1520
1366	AXNQNPVSVCEGTP-LALXJTNGSA-N	Mouse	4	mg/kg		4 mg/Kg	1520
1367	AXNQNPVSVCEGTP-LALXJTNGSA-N	Mouse	20	mg/kg		20 mg/Kg	1520
1368	PFEKWBKJUBCXDT-KGLIPLIRSA-N	Mouse	1	mg/kg		1 mg/Kg	1521
1369	PFEKWBKJUBCXDT-KGLIPLIRSA-N	Mouse	10	mg/kg		10 mg/Kg	1521
1370	MUYQEHKMQMHJNI-ZDUSSCGKSA-N	Rat	1	mg/kg	IV	1 mg/kg IV, 5 mg/kg PO	1522
1371	MUYQEHKMQMHJNI-ZDUSSCGKSA-N	Rat	5	mg/kg	PO	1 mg/kg IV, 5 mg/kg PO	1522
1372	MUYQEHKMQMHJNI-ZDUSSCGKSA-N	Monkey (Cynomolgus)	0.5	mg/kg		0.5 mg/Kg	1522
1373	MUYQEHKMQMHJNI-ZDUSSCGKSA-N	Dog	0.5	mg/kg	IV	0.5 mg/kg IV, 1.5 mg/kg PO	1522
1374	MUYQEHKMQMHJNI-ZDUSSCGKSA-N	Dog	1.5	mg/kg	PO	0.5 mg/kg IV, 1.5 mg/kg PO	1522
1375	QKVFMAAIXZONRN-UHFFFAOYSA-N	Mouse	10	mg/kg		10 mg/Kg BID	1523
1376	QKVFMAAIXZONRN-UHFFFAOYSA-N	Rat	10	mg/kg		10 mg/Kg BID	1523
1377	QKVFMAAIXZONRN-UHFFFAOYSA-N	Dog	10	mg/kg		10 mg/Kg BID	1523
1378	CEIIEALEIHQDBX-UHFFFAOYSA-N	Rat	1	mg/kg		1 mg/kg	1524
1379	FVICRBSEYSHKFY-JYQNNKODSA-N	Mouse	1	mg/kg		1 mg/Kg	1525
1380	FVICRBSEYSHKFY-JYQNNKODSA-N	Mouse	10	mg/kg		10 mg/Kg	1525
1381	FVICRBSEYSHKFY-JYQNNKODSA-N	Rat	1	mg/kg		1 mg/Kg	1525
1382	FVICRBSEYSHKFY-JYQNNKODSA-N	Rat	60	mg/kg		60 mg/Kg	1525
1383	FVICRBSEYSHKFY-JYQNNKODSA-N	Dog	1	mg/kg		1 mg/Kg	1525
1384	FVICRBSEYSHKFY-JYQNNKODSA-N	Dog	8	mg/kg		8 mg/Kg	1525
1385	FVICRBSEYSHKFY-JYQNNKODSA-N	Monkey (Cynomolgus)	1	mg/kg		1 mg/Kg	1525
1386	FVICRBSEYSHKFY-JYQNNKODSA-N	Monkey (Cynomolgus)	2.5	mg/kg		2.5 mg/Kg	1525
1387	BCFGMOOMADDAQU-UHFFFAOYSA-N	Mouse	30	mg/kg		30-100 mg/Kg	1526
1388	LPGBXHWIQNZEJB-UHFFFAOYSA-N	Mouse					929
1389	FMSIRMKLDQFQKI-UHFFFAOYSA-N	Mouse	30	mg/kg		30 mg/Kg	1527
1390	VDLHPYFVCAHCCZ-UHFFFAOYSA-N	Mouse	2	mg/kg		2 mg/Kg	931
1391	VDLHPYFVCAHCCZ-UHFFFAOYSA-N	Mouse	50	mg/kg		50 mg/Kg	931
1392	VDLHPYFVCAHCCZ-UHFFFAOYSA-N	Mouse	30	mg/kg		30 mg/Kg	931
1393	YXYBHRORJSDZTQ-UHFFFAOYSA-N	Mouse	5	mg/kg		5 mg/Kg	1528
1394	LIRYPHYGHXZJBZ-UHFFFAOYSA-N	Mouse	0.1	mg/kg		0.1-1 mg/Kg	933
1395	BUJWDBSVEVFQDP-UHFFFAOYSA-N	Rat	5	mg/kg		5 mg/Kg	1529
1396	ZABZNDRRLTXBHH-UHFFFAOYSA-N	Mouse	1	mg/kg	IV	1 mg/kg IV, 5 mg/kg PO	1530
1397	ZABZNDRRLTXBHH-UHFFFAOYSA-N	Mouse	5	mg/kg	PO	1 mg/kg IV, 5 mg/kg PO	1530
1398	ZABZNDRRLTXBHH-UHFFFAOYSA-N	Rat	1	mg/kg	IV	1 mg/kg IV, 5 mg/kg PO	1530
1399	ZABZNDRRLTXBHH-UHFFFAOYSA-N	Rat	5	mg/kg	PO	1 mg/kg IV, 5 mg/kg PO	1530
1400	ZABZNDRRLTXBHH-UHFFFAOYSA-N	Dog	1	mg/kg	IV	1 mg/kg IV, 5 mg/kg PO	1530
1401	ZABZNDRRLTXBHH-UHFFFAOYSA-N	Dog	5	mg/kg	PO	1 mg/kg IV, 5 mg/kg PO	1530
1402	LIOLIMKSCNQPLV-UHFFFAOYSA-N	Mouse	10	mg/kg		0.03, 0.1, 0.3, 1, 3, or 10 mg/kg, Reviewer suggested: 3, 10, and 30 mg/kg BID	936
1403	LIOLIMKSCNQPLV-UHFFFAOYSA-N	Mouse	30	mg/kg		0.03, 0.1, 0.3, 1, 3, or 10 mg/kg, Reviewer suggested: 3, 10, and 30 mg/kg BID	936
1404	VRQXRVAKPDCRCI-ZNMIVQPWSA-N	Other	100	mg/kg		30 or 100 mg/Kg	937
1405	HPJVZSVEIGCFJP-SFHVURJKSA-N	Rat	80	mg/kg		up to 80 mg/Kg	1531
1406	HPJVZSVEIGCFJP-SFHVURJKSA-N	Mouse	180	mg/kg		2.5, 7, 20, 60, and 180 mg/kg	1531
1407	NYNZQNWKBKUAII-KBXCAEBGSA-N	Mouse	30	mg/kg		30 mg/Kg BID	1532
1408	IBGLGMOPHJQDJB-IHRRRGAJSA-N	Rat	2	mg/kg		2 mg/Kg	1533
1409	IBGLGMOPHJQDJB-IHRRRGAJSA-N	Rat	10	mg/kg		10 mg/Kg	1533
1410	IBGLGMOPHJQDJB-IHRRRGAJSA-N	Dog	1	mg/kg		1 mg/Kg	1533
1411	IBGLGMOPHJQDJB-IHRRRGAJSA-N	Dog	10	mg/kg		10 mg/Kg	1533
1412	IBGLGMOPHJQDJB-IHRRRGAJSA-N	Monkey (Cynomolgus)	1	mg/kg		1 mg/Kg	1533
1413	IBGLGMOPHJQDJB-IHRRRGAJSA-N	Monkey (Cynomolgus)	10	mg/kg		10 mg/Kg	1533
1414	RHGZXPKHVAHQJO-BIIHCSGHSA-N	Rat				8.55 (IV), 20.3 (PO) μmol/kg	1534
1415	RHGZXPKHVAHQJO-BIIHCSGHSA-N	Dog				10.5 (IV), 15.1 (PO) μmol/kg	1534
1416	MWKYMZXCGYXLPL-ZDUSSCGKSA-N	Rat	1	mg/kg		1 mg/Kg	1535
1417	MWKYMZXCGYXLPL-ZDUSSCGKSA-N	Rat	3	mg/kg		3 mg/Kg	1535
1418	MWKYMZXCGYXLPL-ZDUSSCGKSA-N	Rat	30	mg/kg		30 mg/Kg	1535
1419	MWKYMZXCGYXLPL-ZDUSSCGKSA-N	Dog	0.1	mg/kg		0.1 mg/Kg	1535
1420	MWKYMZXCGYXLPL-ZDUSSCGKSA-N	Dog	0.3	mg/kg		0.3 mg/Kg	1535
1421	MWKYMZXCGYXLPL-ZDUSSCGKSA-N	Monkey (Cynomolgus)	0.1	mg/kg		0.1 mg/Kg	1535
1422	MWKYMZXCGYXLPL-ZDUSSCGKSA-N	Monkey (Cynomolgus)	0.3	mg/kg		0.3 mg/Kg	1535
1423	HKTBYUWLRDZAJK-UHFFFAOYSA-N	Mouse	1	mg/kg		1 mg/Kg	943
1424	HKTBYUWLRDZAJK-UHFFFAOYSA-N	Rat	10	mg/kg		10 mg/kg	943
1425	HKTBYUWLRDZAJK-UHFFFAOYSA-N	Monkey (Cynomolgus)	3	mg/kg		3mg/kg	943
1426	HKTBYUWLRDZAJK-UHFFFAOYSA-N	Dog	5	mg/kg		5 mg/kg	943
1427	HKTBYUWLRDZAJK-UHFFFAOYSA-N	Mouse	10	mg		10 mg/ Kg	943
1428	PRWSIEBRGXYXAJ-UHFFFAOYSA-N	Mouse	2	mg/kg		2 mg/Kg	1536
1429	PRWSIEBRGXYXAJ-UHFFFAOYSA-N	Mouse	13.4	mg/kg		13.4 mg/Kg	1536
1430	PRWSIEBRGXYXAJ-UHFFFAOYSA-N	Rat	2.2	mg/kg		2.2 mg/Kg	1536
1431	PRWSIEBRGXYXAJ-UHFFFAOYSA-N	Rat	4.3	mg/kg		4.3 mg/Kg	1536
1432	PRWSIEBRGXYXAJ-UHFFFAOYSA-N	Dog	2.9	mg/kg		2.9 mg/Kg	1536
1433	PRWSIEBRGXYXAJ-UHFFFAOYSA-N	Dog	5.2	mg/kg		5.2 mg/Kg	1536
1434	VPJXPDLMACOGIZ-UHFFFAOYSA-N	Mouse	0.2	mg/kg	IV	0.2 mg/Kg IV, 0.5 mg/Kg PO	1537
1435	VPJXPDLMACOGIZ-UHFFFAOYSA-N	Mouse	0.5	mg/kg	PO	0.2 mg/Kg IV, 0.5 mg/Kg PO	1537
1436	VPJXPDLMACOGIZ-UHFFFAOYSA-N	Rat	0.2	mg/kg	IV	0.2 mg/Kg IV, 0.5 mg/Kg PO	1537
1437	VPJXPDLMACOGIZ-UHFFFAOYSA-N	Rat	0.5	mg/kg	PO	0.2 mg/Kg IV, 0.5 mg/Kg PO	1537
1438	VPJXPDLMACOGIZ-UHFFFAOYSA-N	Dog	0.2	mg/kg	IV	0.2 mg/Kg IV, 0.5 mg/Kg PO	1537
1439	VPJXPDLMACOGIZ-UHFFFAOYSA-N	Dog	0.5	mg/kg	PO	0.2 mg/Kg IV, 0.5 mg/Kg PO	1537
1440	BWINBHTTZLVXGT-NVXWUHKLSA-N	Mouse	1	mg/kg	IV	1 mpk IV and 10 mpk PO	1538
1441	BWINBHTTZLVXGT-NVXWUHKLSA-N	Mouse	10	mg/kg	PO	1 mpk IV and 10 mpk PO	1538
1442	BWINBHTTZLVXGT-NVXWUHKLSA-N	Rat	1	mg/kg	IV	1 mpk IV and 10 mpk PO	1538
1443	BWINBHTTZLVXGT-NVXWUHKLSA-N	Rat	10	mg/kg	PO	1 mpk IV and 10 mpk PO	1538
1444	XISVSTPEXYIKJL-UHFFFAOYSA-N	Rat	2	mg/kg		2 mg/Kg	1539
1445	XISVSTPEXYIKJL-UHFFFAOYSA-N	Rat	5	mg/kg		5 mg/Kg	1539
1446	XISVSTPEXYIKJL-UHFFFAOYSA-N	Dog	1	mg/kg		1 mg/Kg	1539
1447	XISVSTPEXYIKJL-UHFFFAOYSA-N	Dog	2	mg/kg		2 mg/Kg	1539
1448	QVOGVAVHOLLLAZ-UHFFFAOYSA-N	Mouse	0.5	mg/kg		0.5 mg/Kg (d)	950
1449	OYKPWSZSBLRRPL-HOYKHHGWSA-N	Rat	1	mg/kg		1-30 mg/Kg	1540
1450	OYKPWSZSBLRRPL-HOYKHHGWSA-N	Dog	1	mg/kg		1-30 mg/Kg	1540
