id	inchikey	xref_id	source_xref	raw
1	IQCKJUKAQJINMK-HUBRGWSESA-N	https://doi.org/	10.1038/ncomms2304	www.doi.org/10.1038/ncomms2304
2	IQCKJUKAQJINMK-HUBRGWSESA-N	https://pubmed.ncbi.nlm.nih.gov/	23250418	http://www.ncbi.nlm.nih.gov/pubmed/23250418
3	QMDKVNSQXPVCRD-RQNOJGIXSA-N	https://doi.org/	10.1021/acsmedchemlett.5b00071	www.doi.org/10.1021/acsmedchemlett.5b00071
4	QMDKVNSQXPVCRD-RQNOJGIXSA-N	https://pubmed.ncbi.nlm.nih.gov/	26101569	http://www.ncbi.nlm.nih.gov/pubmed/?term=26101569
5	WRUWGLUCNBMGPS-UHFFFAOYSA-N	https://doi.org/	10.1021/acs.jmedchem.5b00256	http://pubs.acs.org/doi/abs/10.1021/acs.jmedchem.5b00256
6	WRUWGLUCNBMGPS-UHFFFAOYSA-N	https://pubmed.ncbi.nlm.nih.gov/	25856009	https://www.ncbi.nlm.nih.gov/pubmed/25856009
7	ZHMXXVNQAFCXKK-QGZVFWFLSA-N	https://doi.org/	10.1016/j.bmcl.2011.10.029	www.doi.org/10.1016/j.bmcl.2011.10.029
8	ZHMXXVNQAFCXKK-QGZVFWFLSA-N	https://doi.org/	10.1124/jpet.111.189365	www.doi.org/10.1124/jpet.111.189365
9	ZHMXXVNQAFCXKK-QGZVFWFLSA-N	https://pubmed.ncbi.nlm.nih.gov/	22056746	https://pubmed.ncbi.nlm.nih.gov/22056746/
10	ZHMXXVNQAFCXKK-QGZVFWFLSA-N	https://pubmed.ncbi.nlm.nih.gov/	22128344	https://pubmed.ncbi.nlm.nih.gov/22128344/
11	TXGKRVFSSHPBAJ-JKSUJKDBSA-N	https://doi.org/	10.1124/jpet.111.188441	www.doi.org/10.1124/jpet.111.188441
12	TXGKRVFSSHPBAJ-JKSUJKDBSA-N	https://pubmed.ncbi.nlm.nih.gov/	22040680	http://www.ncbi.nlm.nih.gov/pubmed/22040680
13	SCELLOWTHJGVIC-BGYRXZFFSA-N	https://doi.org/	10.1158/1535-7163.MCT-09-0519	www.doi.org/10.1158/1535-7163.MCT-09-0519
14	SCELLOWTHJGVIC-BGYRXZFFSA-N	https://pubmed.ncbi.nlm.nih.gov/	19808981	http://www.ncbi.nlm.nih.gov/pubmed/19808981
15	XCFLWTZSJYBCPF-UHFFFAOYSA-N	https://doi.org/	10.1021/jm301020q	www.doi.org/10.1021/jm301020q
16	XCFLWTZSJYBCPF-UHFFFAOYSA-N	https://pubmed.ncbi.nlm.nih.gov/	22985112	http://www.ncbi.nlm.nih.gov/pubmed/22985112
17	ZYVXTMKTGDARKR-UHFFFAOYSA-N		http://www.biochemj.org/content/457/1/43.long	http://www.biochemj.org/content/457/1/43.long
18	ZYVXTMKTGDARKR-UHFFFAOYSA-N	https://pubmed.ncbi.nlm.nih.gov/	24134204	http://www.ncbi.nlm.nih.gov/pubmed/24134204
19	ZWNKKZSRANLVEW-UHFFFAOYSA-N		http://www.cell.com/cell-chemical-biology/abstract/S2451-9456(16)30085-X	http://www.cell.com/cell-chemical-biology/abstract/S2451-9456(16)30085-X
20	ZWNKKZSRANLVEW-UHFFFAOYSA-N		http://www.cell.com/cell-reports/abstract/S2211-1247(16)30362-X?_returnURL=http%3A%2F%2Flinkinghub.elsevier.com%2Fretrieve%2Fpii%2FS221112471630362X%3Fshowall%3Dtruehttp://www.cell.com/cell-reports/abstract/S2211-1247(16)30362-X?_returnURL=http%3A%2F%2Flinkinghub.elsevier.com%2Fretrieve%2Fpii%2FS221112471630362X%3F	http://www.cell.com/cell-reports/abstract/S2211-1247(16)30362-X?_returnURL=http%3A%2F%2Flinkinghub.elsevier.com%2Fretrieve%2Fpii%2FS221112471630362X%3Fshowall%3Dtruehttp://www.cell.com/cell-reports/abstract/S2211-1247(16)30362-X?_returnURL=http%3A%2F%2Flinkinghub.elsevier.com%2Fretrieve%2Fpii%2FS221112471630362X%3F
21	ZWNKKZSRANLVEW-UHFFFAOYSA-N	https://pubmed.ncbi.nlm.nih.gov/	27049670	https://www.ncbi.nlm.nih.gov/pubmed/27049670
22	ZWNKKZSRANLVEW-UHFFFAOYSA-N	https://pubmed.ncbi.nlm.nih.gov/	27149845	https://www.ncbi.nlm.nih.gov/pubmed/27149845
23	XSMSNFMDVXXHGJ-UHFFFAOYSA-N	https://doi.org/	10.1021/jm500228a	http://pubs.acs.org/doi/abs/10.1021/jm500228a
24	XSMSNFMDVXXHGJ-UHFFFAOYSA-N	https://pubmed.ncbi.nlm.nih.gov/	24779514	https://www.ncbi.nlm.nih.gov/pubmed/?term=24779514
25	ISOCDPQFIXDIMS-HSZRJFAPSA-N		http://www.sciencedirect.com/science/article/pii/S0960894X12012747	http://www.sciencedirect.com/science/article/pii/S0960894X12012747
26	ISOCDPQFIXDIMS-HSZRJFAPSA-N	https://pubmed.ncbi.nlm.nih.gov/	23127890	https://www.ncbi.nlm.nih.gov/pubmed/?term=23127890
27	GZFYZYBWLCYBMI-MYZJJQSMSA-N		https://elifesciences.org/content/4/e12177	https://elifesciences.org/content/4/e12177
28	GZFYZYBWLCYBMI-MYZJJQSMSA-N	https://pubmed.ncbi.nlm.nih.gov/	26646182	https://www.ncbi.nlm.nih.gov/pubmed/26646182
29	HHKGVQGXRGQBBA-UHFFFAOYSA-N	https://doi.org/	10.1021/jm061107l	http://pubs.acs.org/doi/abs/10.1021/jm061107l
30	HHKGVQGXRGQBBA-UHFFFAOYSA-N	https://pubmed.ncbi.nlm.nih.gov/	17253678	https://www.ncbi.nlm.nih.gov/pubmed/17253678
31	LTUGYAOMCKNTGG-UHFFFAOYSA-N	https://doi.org/	10.1021/ml5002932	http://pubs.acs.org/doi/abs/10.1021/ml5002932
32	LTUGYAOMCKNTGG-UHFFFAOYSA-N	https://pubmed.ncbi.nlm.nih.gov/	25408830	https://www.ncbi.nlm.nih.gov/pubmed/?term=25408830
33	UOVSZRTTWLJPHE-HNXAPSNLSA-N	https://doi.org/	10.1021/ml400359z	http://pubs.acs.org/doi/abs/10.1021/ml400359z
34	UOVSZRTTWLJPHE-HNXAPSNLSA-N	https://pubmed.ncbi.nlm.nih.gov/	24900784	https://www.ncbi.nlm.nih.gov/pubmed/24900784
35	HMKAZNCSHAJLSA-HIJQLYNKSA-N	https://doi.org/	10.1021/jm401767k	http://pubs.acs.org/doi/abs/10.1021/jm401767k
36	HMKAZNCSHAJLSA-HIJQLYNKSA-N	https://pubmed.ncbi.nlm.nih.gov/	24548297	https://www.ncbi.nlm.nih.gov/pubmed/24548297
37	CGCOPBXAGSCZNX-FNQJWKMRSA-N	https://doi.org/	10.1021/ml400359z	http://pubs.acs.org/doi/abs/10.1021/ml400359z
38	CGCOPBXAGSCZNX-FNQJWKMRSA-N	https://doi.org/	10.1016/j.bmc.2014.05.072	www.doi.org/10.1016/j.bmc.2014.05.072
39	CGCOPBXAGSCZNX-FNQJWKMRSA-N	https://pubmed.ncbi.nlm.nih.gov/	24900784	https://www.ncbi.nlm.nih.gov/pubmed/24900784
40	CGCOPBXAGSCZNX-FNQJWKMRSA-N	https://pubmed.ncbi.nlm.nih.gov/	24997575	https://www.ncbi.nlm.nih.gov/pubmed/24997575
41	ARYVAQSYRLZVQD-UHFFFAOYSA-N	https://doi.org/	10.1021/acs.jmedchem.5b00680	http://pubs.acs.org/doi/abs/10.1021/acs.jmedchem.5b00680
42	ARYVAQSYRLZVQD-UHFFFAOYSA-N	https://pubmed.ncbi.nlm.nih.gov/	26222319	https://www.ncbi.nlm.nih.gov/pubmed/26222319
43	LTYNXERAWVCPAH-OHRKNAERSA-N		https://www.nature.com/nature/journal/v436/n7048/full/nature03821.html	https://www.nature.com/nature/journal/v436/n7048/full/nature03821.html
44	LTYNXERAWVCPAH-OHRKNAERSA-N	https://pubmed.ncbi.nlm.nih.gov/	16015336	https://www.ncbi.nlm.nih.gov/pubmed/16015336
45	SAGZIBJAQGBRQA-UHFFFAOYSA-N	https://doi.org/	10.1038/sj.ki.5002717	www.doi.org/10.1038/sj.ki.5002717
46	SAGZIBJAQGBRQA-UHFFFAOYSA-N	https://doi.org/	10.1021/jm0509905	www.doi.org/10.1021/jm0509905
47	SAGZIBJAQGBRQA-UHFFFAOYSA-N	https://pubmed.ncbi.nlm.nih.gov/	18075500	https://www.ncbi.nlm.nih.gov/pubmed/18075500
48	SAGZIBJAQGBRQA-UHFFFAOYSA-N	https://pubmed.ncbi.nlm.nih.gov/	16570917	https://www.ncbi.nlm.nih.gov/pubmed/16570917
49	LPTGUSPVGHUCQF-UHFFFAOYSA-N	https://doi.org/	10.1021/acschembio.6b00896	doi.org/10.1021/acschembio.6b00896
50	ATUUNJCZCOMUKD-OKILXGFUSA-N	https://doi.org/	10.1021/acs.jmedchem.7b00045	www.doi.org/10.1021/acs.jmedchem.7b00045
51	ATUUNJCZCOMUKD-OKILXGFUSA-N	https://pubmed.ncbi.nlm.nih.gov/	28245354	https://www.ncbi.nlm.nih.gov/pubmed/28245354
52	AEENEMOEBJOKGN-UHFFFAOYSA-N	https://doi.org/	10.1021/acschembio.6b00896	DOI.ORG/10.1021/acschembio.6b00896
53	XKBSPAZCFAIBJL-OAHLLOKOSA-N	https://doi.org/	10.1038/nchembio.2334	www.doi.org/10.1038/nchembio.2334
54	XKBSPAZCFAIBJL-OAHLLOKOSA-N	https://doi.org/	10.1038/nchembio.2490	www.doi.org/10.1038/nchembio.2490
55	XKBSPAZCFAIBJL-OAHLLOKOSA-N	https://doi.org/	10.1038/nrd.2017.77	www.doi.org/10.1038/nrd.2017.77
56	XKBSPAZCFAIBJL-OAHLLOKOSA-N	https://pubmed.ncbi.nlm.nih.gov/	28288109	https://www.ncbi.nlm.nih.gov/pubmed/28288109
57	XKBSPAZCFAIBJL-OAHLLOKOSA-N	https://pubmed.ncbi.nlm.nih.gov/	29045379	https://www.ncbi.nlm.nih.gov/pubmed/29045379
58	XKBSPAZCFAIBJL-OAHLLOKOSA-N	https://pubmed.ncbi.nlm.nih.gov/	28417990	https://www.ncbi.nlm.nih.gov/pubmed/28417990
59	KMESAVNRPDKZCQ-UHFFFAOYSA-N	https://doi.org/	10.1016/j.bmcl.2010.09.095	https://doi.org/10.1016/j.bmcl.2010.09.095
60	KMESAVNRPDKZCQ-UHFFFAOYSA-N	https://doi.org/	10.1517/13543776.2010.484804	https://doi.org/10.1517/13543776.2010.484804
61	KMESAVNRPDKZCQ-UHFFFAOYSA-N	https://pubmed.ncbi.nlm.nih.gov/	20934334	https://pubmed.ncbi.nlm.nih.gov/20934334/
62	KMESAVNRPDKZCQ-UHFFFAOYSA-N	https://pubmed.ncbi.nlm.nih.gov/	20429668	https://pubmed.ncbi.nlm.nih.gov/20429668/
63	ZDOBSAPHUUUOHX-OSYLJGHBSA-N	https://doi.org/	10.1021/acsmedchemlett.7b00312	www.doi.org/10.1021/acsmedchemlett.7b00312
64	ZDOBSAPHUUUOHX-OSYLJGHBSA-N	https://pubmed.ncbi.nlm.nih.gov/	29259743	https://pubmed.ncbi.nlm.nih.gov/29259743/
65	BTSUNSRQYLVGIS-ADTYUTHVSA-N	https://doi.org/	10.1021/acs.jmedchem.0c00547	https://doi.org/10.1021/acs.jmedchem.0c00547
66	BTSUNSRQYLVGIS-ADTYUTHVSA-N	https://pubmed.ncbi.nlm.nih.gov/	32338903	https://pubmed.ncbi.nlm.nih.gov/32338903/
67	PROGRNRRJJYCNX-UHFFFAOYSA-N	https://doi.org/	10.1021/cb500851u	www.doi.org/10.1021/cb500851u
68	PROGRNRRJJYCNX-UHFFFAOYSA-N	https://doi.org/	10.1038/s41598-017-07787-4	www.doi.org/10.1038/s41598-017-07787-4
69	PROGRNRRJJYCNX-UHFFFAOYSA-N	https://doi.org/	10.1038/s41598-019-43894-0	www.doi.org/10.1038/s41598-019-43894-0
70	PROGRNRRJJYCNX-UHFFFAOYSA-N	https://pubmed.ncbi.nlm.nih.gov/	25750985	https://pubmed.ncbi.nlm.nih.gov/25750985/
71	PROGRNRRJJYCNX-UHFFFAOYSA-N	https://pubmed.ncbi.nlm.nih.gov/	28855578	https://pubmed.ncbi.nlm.nih.gov/28855578
72	PROGRNRRJJYCNX-UHFFFAOYSA-N	https://pubmed.ncbi.nlm.nih.gov/	31089242	https://pubmed.ncbi.nlm.nih.gov/31089242
73	JQNINBDKGLWYMU-GEAQBIRJSA-N	https://doi.org/	10.1158/2159-8290.CD-18-0387	www.doi.org/10.1158/2159-8290.CD-18-0387
74	JQNINBDKGLWYMU-GEAQBIRJSA-N	https://doi.org/	10.1158/1078-0432.CCR-19-1397	www.doi.org/10.1158/1078-0432.CCR-19-1397
75	JQNINBDKGLWYMU-GEAQBIRJSA-N	https://doi.org/	10.1016/j.blre.2020.100672	www.doi.org/10.1016/j.blre.2020.100672
76	JQNINBDKGLWYMU-GEAQBIRJSA-N	https://pubmed.ncbi.nlm.nih.gov/	30254093	https://pubmed.ncbi.nlm.nih.gov/30254093/
77	JQNINBDKGLWYMU-GEAQBIRJSA-N	https://pubmed.ncbi.nlm.nih.gov/	31937611	https://pubmed.ncbi.nlm.nih.gov/31937611/
78	JQNINBDKGLWYMU-GEAQBIRJSA-N	https://pubmed.ncbi.nlm.nih.gov/	32204955	https://pubmed.ncbi.nlm.nih.gov/32204955/
79	VSZRYLHBOKTNBO-UHFFFAOYSA-N	https://doi.org/	10.1371/journal.pone.0150976	https://doi.org/10.1371/journal.pone.0150976
80	VSZRYLHBOKTNBO-UHFFFAOYSA-N	https://doi.org/	10.1016/j.bmc.2015.06.003	https://doi.org/10.1016/j.bmc.2015.06.003
81	VSZRYLHBOKTNBO-UHFFFAOYSA-N	https://pubmed.ncbi.nlm.nih.gov/	26938273	https://pubmed.ncbi.nlm.nih.gov/26938273/
82	VSZRYLHBOKTNBO-UHFFFAOYSA-N	https://pubmed.ncbi.nlm.nih.gov/	26100443	https://pubmed.ncbi.nlm.nih.gov/26100443/
83	CGECJCJUHCZZGO-UHFFFAOYSA-N	https://doi.org/	10.1016/j.ejmech.2016.12.026	www.doi.org/10.1016/j.ejmech.2016.12.026
84	CGECJCJUHCZZGO-UHFFFAOYSA-N	https://pubmed.ncbi.nlm.nih.gov/	28039836	https://pubmed.ncbi.nlm.nih.gov/28039836/
85	OTKTZEZTFCAULO-DEOSSOPVSA-N	https://doi.org/	10.1021/acsmedchemlett.7b00450	www.doi.org/10.1021/acsmedchemlett.7b00450
86	OTKTZEZTFCAULO-DEOSSOPVSA-N		https://www.journaljpri.com/index.php/JPRI/article/view/19787	https://www.journaljpri.com/index.php/JPRI/article/view/19787
87	OTKTZEZTFCAULO-DEOSSOPVSA-N	https://pubmed.ncbi.nlm.nih.gov/	29456796	https://pubmed.ncbi.nlm.nih.gov/29456796/
88	XMNLWOQHMQRHDV-UHFFFAOYSA-N	https://doi.org/	10.1021/acs.jmedchem.8b00270	www.doi.org/10.1021/acs.jmedchem.8b00270
89	XMNLWOQHMQRHDV-UHFFFAOYSA-N	https://pubmed.ncbi.nlm.nih.gov/	29767973	https://pubmed.ncbi.nlm.nih.gov/29767973/
90	BATCTBJIJJEPHM-UHFFFAOYSA-N	https://doi.org/	10.1021/ml100190t	www.doi.org/10.1021/ml100190t
91	BATCTBJIJJEPHM-UHFFFAOYSA-N	https://pubmed.ncbi.nlm.nih.gov/	21666860	https://pubmed.ncbi.nlm.nih.gov/21666860/
92	QCQQONWEDCOTBV-UHFFFAOYSA-N	https://doi.org/	10.1021/acsmedchemlett.9b00568	www.doi.org/10.1021/acsmedchemlett.9b00568
93	QCQQONWEDCOTBV-UHFFFAOYSA-N	https://doi.org/	10.1126/scitranslmed.aaa4642	www.doi.org/10.1126/scitranslmed.aaa4642
94	QCQQONWEDCOTBV-UHFFFAOYSA-N	https://pubmed.ncbi.nlm.nih.gov/	33062160	https://pubmed.ncbi.nlm.nih.gov/33062160/
95	QCQQONWEDCOTBV-UHFFFAOYSA-N	https://pubmed.ncbi.nlm.nih.gov/	25787766	https://pubmed.ncbi.nlm.nih.gov/25787766/
96	BSISGUIVBKDTQO-QIKYYPRYSA-N	https://doi.org/	10.1021/acschembio.7b00708	www.doi.org/10.1021/acschembio.7b00708
97	BSISGUIVBKDTQO-QIKYYPRYSA-N	https://pubmed.ncbi.nlm.nih.gov/	29043777	https://pubmed.ncbi.nlm.nih.gov/29043777/
98	XUYMIRYNRKXKOR-HMHJJOSWSA-N	https://doi.org/	10.1002/cmdc.201700278	www.doi.org/10.1002/cmdc.201700278
99	XUYMIRYNRKXKOR-HMHJJOSWSA-N	https://doi.org/	10.1080/13543776.2017.1262350	www.doi.org/10.1080/13543776.2017.1262350
100	XUYMIRYNRKXKOR-HMHJJOSWSA-N	https://pubmed.ncbi.nlm.nih.gov/	28590087	https://pubmed.ncbi.nlm.nih.gov/28590087/
101	XUYMIRYNRKXKOR-HMHJJOSWSA-N	https://pubmed.ncbi.nlm.nih.gov/	27852111	https://pubmed.ncbi.nlm.nih.gov/27852111/
102	WUJVPELCYCESAP-UHFFFAOYSA-N	https://doi.org/	10.1038/nm.3614	www.doi.org/10.1038/nm.3614
103	WUJVPELCYCESAP-UHFFFAOYSA-N	https://pubmed.ncbi.nlm.nih.gov/	24997608	https://pubmed.ncbi.nlm.nih.gov/24997608/
104	ZLTQCDRXWXUYHJ-UHFFFAOYSA-N	https://doi.org/	10.1021/acs.jmedchem.6b01583	http://pubs.acs.org/doi/abs/10.1021/acs.jmedchem.6b01583
105	ZLTQCDRXWXUYHJ-UHFFFAOYSA-N	https://pubmed.ncbi.nlm.nih.gov/	28068087	https://www.ncbi.nlm.nih.gov/pubmed/28068087
106	NBTNHSGBRGTFJS-UHFFFAOYSA-N	https://doi.org/	10.1021/jm060435i	www.doi.org/10.1021/jm060435i
107	NBTNHSGBRGTFJS-UHFFFAOYSA-N	https://pubmed.ncbi.nlm.nih.gov/	16884310	http://www.ncbi.nlm.nih.gov/pubmed/16884310
108	SOXNKJCQBRQUMS-UHFFFAOYSA-N	https://doi.org/	10.1016/j.chembiol.2019.03.006	www.doi.org/10.1016/j.chembiol.2019.03.006
109	SOXNKJCQBRQUMS-UHFFFAOYSA-N	https://doi.org/	10.1038/s41557-018-0039-2	www.doi.org/10.1038/s41557-018-0039-2
110	SOXNKJCQBRQUMS-UHFFFAOYSA-N	https://pubmed.ncbi.nlm.nih.gov/	31006618	https://pubmed.ncbi.nlm.nih.gov/31006618/
111	SOXNKJCQBRQUMS-UHFFFAOYSA-N	https://pubmed.ncbi.nlm.nih.gov/	29760414	https://pubmed.ncbi.nlm.nih.gov/29760414/
112	KYWWJENKIMRJBI-UHFFFAOYSA-N	https://doi.org/	10.1186/1479-5876-6-59	www.doi.org/10.1186/1479-5876-6-59
113	KYWWJENKIMRJBI-UHFFFAOYSA-N	https://doi.org/	10.1194/jlr.M900037-JLR200	www.doi.org/10.1194/jlr.M900037-JLR200
114	KYWWJENKIMRJBI-UHFFFAOYSA-N	https://doi.org/	10.1093/eurheartj/ehr136	www.doi.org/10.1093/eurheartj/ehr136
115	KYWWJENKIMRJBI-UHFFFAOYSA-N	https://doi.org/	10.1016/j.ccell.2016.09.008	www.doi.org/10.1016/j.ccell.2016.09.008
116	KYWWJENKIMRJBI-UHFFFAOYSA-N	https://doi.org/	10.1021/jm800799q	www.doi.org/10.1021/jm800799q
117	KYWWJENKIMRJBI-UHFFFAOYSA-N	https://pubmed.ncbi.nlm.nih.gov/	18925943	https://pubmed.ncbi.nlm.nih.gov/18925943/
118	KYWWJENKIMRJBI-UHFFFAOYSA-N	https://pubmed.ncbi.nlm.nih.gov/	19318684	https://pubmed.ncbi.nlm.nih.gov/19318684/
119	KYWWJENKIMRJBI-UHFFFAOYSA-N	https://pubmed.ncbi.nlm.nih.gov/	21606082	https://pubmed.ncbi.nlm.nih.gov/21606082/
120	KYWWJENKIMRJBI-UHFFFAOYSA-N	https://pubmed.ncbi.nlm.nih.gov/	27746144	https://pubmed.ncbi.nlm.nih.gov/27746144/
121	KYWWJENKIMRJBI-UHFFFAOYSA-N	https://pubmed.ncbi.nlm.nih.gov/	18973288	https://pubmed.ncbi.nlm.nih.gov/18973288/
122	MPASHPJAIUOWCK-UHFFFAOYSA-N	https://doi.org/	10.1111/jnc.13877	www.doi.org/10.1111/jnc.13877
123	MPASHPJAIUOWCK-UHFFFAOYSA-N	https://pubmed.ncbi.nlm.nih.gov/	27787897	https://pubmed.ncbi.nlm.nih.gov/27787897/
124	JVCWPUFNLFSKFS-UHFFFAOYSA-N	https://doi.org/	10.1021/ml300214g	http://pubs.acs.org/doi/abs/10.1021/ml300214g
125	JVCWPUFNLFSKFS-UHFFFAOYSA-N	https://pubmed.ncbi.nlm.nih.gov/	24900421	https://www.ncbi.nlm.nih.gov/pubmed/?term=24900421
126	FYMVGXGSNIVSKY-NRFANRHFSA-N	https://doi.org/	10.1021/jacs.0c04527	www.doi.org/10.1021/jacs.0c04527
127	FYMVGXGSNIVSKY-NRFANRHFSA-N	https://pubmed.ncbi.nlm.nih.gov/	32579346	https://pubmed.ncbi.nlm.nih.gov/32579346/
128	KLGQSVMIPOVQAX-UHFFFAOYSA-N		http://www.nature.com/nature/journal/v461/n7264/full/nature08356.html	http://www.nature.com/nature/journal/v461/n7264/full/nature08356.html
129	KLGQSVMIPOVQAX-UHFFFAOYSA-N	https://doi.org/	10.1021/acs.jmedchem.6b00990	http://pubs.acs.org/doi/pdf/10.1021/acs.jmedchem.6b00990
130	KLGQSVMIPOVQAX-UHFFFAOYSA-N	https://pubmed.ncbi.nlm.nih.gov/	19759537	http://www.ncbi.nlm.nih.gov/pubmed/19759537
131	KLGQSVMIPOVQAX-UHFFFAOYSA-N	https://pubmed.ncbi.nlm.nih.gov/	28001384	https://www.ncbi.nlm.nih.gov/pubmed/?term=28001384
132	ZJZWZIXSGNFWQQ-UHFFFAOYSA-N		http://cancerres.aacrjournals.org/content/72/11/2822.long	http://cancerres.aacrjournals.org/content/72/11/2822.long
133	ZJZWZIXSGNFWQQ-UHFFFAOYSA-N		http://www.sciencedirect.com/science/article/pii/S0960894X15303310	http://www.sciencedirect.com/science/article/pii/S0960894X15303310
134	ZJZWZIXSGNFWQQ-UHFFFAOYSA-N	https://pubmed.ncbi.nlm.nih.gov/	22440753	http://www.ncbi.nlm.nih.gov/pubmed/22440753
135	ZJZWZIXSGNFWQQ-UHFFFAOYSA-N	https://pubmed.ncbi.nlm.nih.gov/	26706174	http://www.ncbi.nlm.nih.gov/pubmed/?term=26706174
136	KHWCPNJRJCNVRI-UHFFFAOYSA-N	https://doi.org/	10.1021/acs.jmedchem.5b00209	http://pubs.acs.org/doi/abs/10.1021/acs.jmedchem.5b00209
137	KHWCPNJRJCNVRI-UHFFFAOYSA-N	https://pubmed.ncbi.nlm.nih.gov/	25799074	http://www.ncbi.nlm.nih.gov/pubmed/25799074
138	ZGBAJMQHJDFTQJ-DEOSSOPVSA-N		http://www.bloodjournal.org/content/106/12/3948.long?sso-checked=true	http://www.bloodjournal.org/content/106/12/3948.long?sso-checked=true
139	ZGBAJMQHJDFTQJ-DEOSSOPVSA-N	https://pubmed.ncbi.nlm.nih.gov/	16105974	http://www.ncbi.nlm.nih.gov/pubmed/16105974
140	LVDRREOUMKACNJ-BKMJKUGQSA-N	https://doi.org/	10.1002/anie.201501394/abstract;jsessionid=4E4574D7F79F4604CC4AD2E5F443B79D.f01t03	http://onlinelibrary.wiley.com/doi/10.1002/anie.201501394/abstract;jsessionid=4E4574D7F79F4604CC4AD2E5F443B79D.f01t03
141	LVDRREOUMKACNJ-BKMJKUGQSA-N	https://pubmed.ncbi.nlm.nih.gov/	25864491	https://www.ncbi.nlm.nih.gov/pubmed/25864491
142	CXJCGSPAPOTTSF-VURMDHGXSA-N		http://www.sciencedirect.com/science/article/pii/S1074552110004448	http://www.sciencedirect.com/science/article/pii/S1074552110004448
143	CXJCGSPAPOTTSF-VURMDHGXSA-N	https://pubmed.ncbi.nlm.nih.gov/	21276940	http://www.ncbi.nlm.nih.gov/pubmed/21276940
144	TXEBNKKOLVBTFK-UHFFFAOYSA-N		http://cancerdiscovery.aacrjournals.org/content/5/4/424.long	http://cancerdiscovery.aacrjournals.org/content/5/4/424.long
145	TXEBNKKOLVBTFK-UHFFFAOYSA-N	https://pubmed.ncbi.nlm.nih.gov/	25776529	https://www.ncbi.nlm.nih.gov/pubmed/?term=25776529
146	CQCWHSDMJBAGDC-UHFFFAOYSA-N	https://doi.org/	10.1021/acs.jmedchem.7b00796	www.doi.org/10.1021/acs.jmedchem.7b00796
147	CQCWHSDMJBAGDC-UHFFFAOYSA-N	https://pubmed.ncbi.nlm.nih.gov/	28892380	https://pubmed.ncbi.nlm.nih.gov/28892380/
148	DSUZLJDXUJUTGI-LLVKDONJSA-N	https://doi.org/	10.1021/acs.jmedchem.7b01046	www.doi.org/10.1021/acs.jmedchem.7b01046
149	DSUZLJDXUJUTGI-LLVKDONJSA-N	https://doi.org/	10.1038/s41598-018-33453-4	www.doi.org/10.1038/s41598-018-33453-4
150	DSUZLJDXUJUTGI-LLVKDONJSA-N	https://pubmed.ncbi.nlm.nih.gov/	29072452	https://pubmed.ncbi.nlm.nih.gov/29072452/
151	DSUZLJDXUJUTGI-LLVKDONJSA-N	https://pubmed.ncbi.nlm.nih.gov/	30337562	https://pubmed.ncbi.nlm.nih.gov/30337562/
152	VWEDZTZAXHMZIL-UHFFFAOYSA-N	https://doi.org/	10.3389/fphar.2018.00017	www.doi.org/10.3389/fphar.2018.00017
153	VWEDZTZAXHMZIL-UHFFFAOYSA-N	https://doi.org/	10.1007/s00213-018-5118-y	www.doi.org/10.1007/s00213-018-5118-y
154	VWEDZTZAXHMZIL-UHFFFAOYSA-N	https://doi.org/	10.1007/s00213-014-3739-3	www.doi.org/10.1007/s00213-014-3739-3
155	VWEDZTZAXHMZIL-UHFFFAOYSA-N	https://doi.org/	10.1016/j.neuropharm.2016.03.038	www.doi.org/10.1016/j.neuropharm.2016.03.038
156	VWEDZTZAXHMZIL-UHFFFAOYSA-N	https://doi.org/	10.1124/jpet.117.239905	www.doi.org/10.1124/jpet.117.239905
157	VWEDZTZAXHMZIL-UHFFFAOYSA-N	https://doi.org/	10.1021/cn400216u	www.doi.org/10.1021/cn400216u
158	VWEDZTZAXHMZIL-UHFFFAOYSA-N	https://pubmed.ncbi.nlm.nih.gov/	29467649	https://pubmed.ncbi.nlm.nih.gov/29467649
159	VWEDZTZAXHMZIL-UHFFFAOYSA-N	https://pubmed.ncbi.nlm.nih.gov/	30448990	https://pubmed.ncbi.nlm.nih.gov/30448990
160	VWEDZTZAXHMZIL-UHFFFAOYSA-N	https://pubmed.ncbi.nlm.nih.gov/	25224567	https://pubmed.ncbi.nlm.nih.gov/25224567
161	VWEDZTZAXHMZIL-UHFFFAOYSA-N	https://pubmed.ncbi.nlm.nih.gov/	27020041	https://pubmed.ncbi.nlm.nih.gov/27020041
162	VWEDZTZAXHMZIL-UHFFFAOYSA-N	https://pubmed.ncbi.nlm.nih.gov/	28360333	https://pubmed.ncbi.nlm.nih.gov/28360333
163	VWEDZTZAXHMZIL-UHFFFAOYSA-N	https://pubmed.ncbi.nlm.nih.gov/	24397362	https://pubmed.ncbi.nlm.nih.gov/24397362/
164	PKCDDUHJAFVJJB-VLZXCDOPSA-N	https://doi.org/	10.4155/fmc.09.89?url_ver=Z39.88-2003&rfr_id=ori:rid:crossref.org&rfr_dat=cr_pub%3dwww.ncbi.nlm.nih.gov	http://www.future-science.com/doi/abs/10.4155/fmc.09.89?url_ver=Z39.88-2003&rfr_id=ori:rid:crossref.org&rfr_dat=cr_pub%3dwww.ncbi.nlm.nih.gov
165	PKCDDUHJAFVJJB-VLZXCDOPSA-N	https://pubmed.ncbi.nlm.nih.gov/	21425998	https://www.ncbi.nlm.nih.gov/pubmed/21425998
166	JGQPZPLJOBHHBK-UFXYQILXSA-N	https://doi.org/	10.1073/pnas.1712363115	www.doi.org/10.1073/pnas.1712363115
167	JGQPZPLJOBHHBK-UFXYQILXSA-N	https://doi.org/	10.1016/j.molcel.2017.06.004	www.doi.org/10.1016/j.molcel.2017.06.004
168	JGQPZPLJOBHHBK-UFXYQILXSA-N	https://doi.org/	10.1038/s41589-018-0055-y	www.doi/org/10.1038/s41589-018-0055-y
169	JGQPZPLJOBHHBK-UFXYQILXSA-N	https://pubmed.ncbi.nlm.nih.gov/	29764999	https://pubmed.ncbi.nlm.nih.gov/29764999/
170	JGQPZPLJOBHHBK-UFXYQILXSA-N	https://pubmed.ncbi.nlm.nih.gov/	28673542	https://pubmed.ncbi.nlm.nih.gov/28673542/
171	JGQPZPLJOBHHBK-UFXYQILXSA-N	https://pubmed.ncbi.nlm.nih.gov/	29892083	https://pubmed.ncbi.nlm.nih.gov/29892083/
172	XSMABFRQESMONQ-SFHVURJKSA-N	https://doi.org/	10.1021/acsmedchemlett.7b00220	www.doi.org/10.1021/acsmedchemlett.7b00220
173	XSMABFRQESMONQ-SFHVURJKSA-N	https://doi.org/	10.1158/0008-5472.CAN-17-1754	www.doi.org/10.1158/0008-5472.CAN-17-1754
174	XSMABFRQESMONQ-SFHVURJKSA-N	https://pubmed.ncbi.nlm.nih.gov/	28835804	https://pubmed.ncbi.nlm.nih.gov/28835804/
175	XSMABFRQESMONQ-SFHVURJKSA-N	https://pubmed.ncbi.nlm.nih.gov/	28883001	https://pubmed.ncbi.nlm.nih.gov/28883001/
176	NGEBYTLALFOQKI-HDJSIYSDSA-N	https://doi.org/	10.1016/j.bmcl.2012.04.117	www.doi.org/10.1016/j.bmcl.2012.04.117
177	NGEBYTLALFOQKI-HDJSIYSDSA-N	https://pubmed.ncbi.nlm.nih.gov/	22608962	https://pubmed.ncbi.nlm.nih.gov/22608962/
178	RENRQMCACQEWFC-UGKGYDQZSA-N	https://doi.org/	10.1073/pnas.1820892116	www.doi.org/10.1073/pnas.1820892116
179	RENRQMCACQEWFC-UGKGYDQZSA-N	https://doi.org/	10.1021/acs.jmedchem.9b01870	www.doi.org/10.1021/acs.jmedchem.9b01870
180	RENRQMCACQEWFC-UGKGYDQZSA-N	https://doi.org/	10.1053/j.seminhematol.2018.02.002	www.doi.org/10.1053/j.seminhematol.2018.02.002
181	RENRQMCACQEWFC-UGKGYDQZSA-N	https://pubmed.ncbi.nlm.nih.gov/	30926668	https://pubmed.ncbi.nlm.nih.gov/30926668/
182	RENRQMCACQEWFC-UGKGYDQZSA-N	https://pubmed.ncbi.nlm.nih.gov/	32073845	https://pubmed.ncbi.nlm.nih.gov/32073845/
183	RENRQMCACQEWFC-UGKGYDQZSA-N	https://pubmed.ncbi.nlm.nih.gov/	30032754	https://pubmed.ncbi.nlm.nih.gov/30032754/
184	JKCSCHXVWPSGBG-OPKPGBGESA-N	https://doi.org/	10.1021/acs.jmedchem.9b01530	www.doi.org/10.1021/acs.jmedchem.9b01530
185	JKCSCHXVWPSGBG-OPKPGBGESA-N	https://doi.org/	10.1016/j.ccell.2019.10.002	www.doi.org/10.1016/j.ccell.2019.10.002
186	JKCSCHXVWPSGBG-OPKPGBGESA-N	https://pubmed.ncbi.nlm.nih.gov/	31747516	https://pubmed.ncbi.nlm.nih.gov/31747516/
187	JKCSCHXVWPSGBG-OPKPGBGESA-N	https://pubmed.ncbi.nlm.nih.gov/	31715132	https://pubmed.ncbi.nlm.nih.gov/31715132/
188	MPMKMQHJHDHPBE-RUZDIDTESA-N	https://doi.org/	10.1021/jm5012885	www.doi.org/10.1021/jm5012885
189	MPMKMQHJHDHPBE-RUZDIDTESA-N	https://doi.org/	10.1074/jbc.M115.687939	www.doi.org/10.1074/jbc.M115.687939
190	MPMKMQHJHDHPBE-RUZDIDTESA-N	https://pubmed.ncbi.nlm.nih.gov/	25380412	https://pubmed.ncbi.nlm.nih.gov/25380412
191	MPMKMQHJHDHPBE-RUZDIDTESA-N	https://pubmed.ncbi.nlm.nih.gov/	26518871	https://pubmed.ncbi.nlm.nih.gov/26518871/
192	HNLHOKSDTBAERS-CWIPYCOQSA-N	https://doi.org/	10.1021/jm401911v	http://pubs.acs.org/doi/abs/10.1021/jm401911v
193	HNLHOKSDTBAERS-CWIPYCOQSA-N	https://pubmed.ncbi.nlm.nih.gov/	24601644	https://www.ncbi.nlm.nih.gov/pubmed/24601644
194	MXUSGDMIHGLCNC-HNNXBMFYSA-N	https://doi.org/	10.1021/acs.jmedchem.8b01196	www.doi.org/10.1021/acs.jmedchem.8b01196
195	MXUSGDMIHGLCNC-HNNXBMFYSA-N	https://doi.org/	10.1038/nature19796	www.doi.org/10.1038/nature19796
196	MXUSGDMIHGLCNC-HNNXBMFYSA-N	https://doi.org/	10.1038/nature19795	www.doi.org/10.1038/nature19795
197	MXUSGDMIHGLCNC-HNNXBMFYSA-N	https://pubmed.ncbi.nlm.nih.gov/	30289716	https://pubmed.ncbi.nlm.nih.gov/30289716/
198	MXUSGDMIHGLCNC-HNNXBMFYSA-N	https://pubmed.ncbi.nlm.nih.gov/	27595394	https://pubmed.ncbi.nlm.nih.gov/27595394/
199	MXUSGDMIHGLCNC-HNNXBMFYSA-N	https://pubmed.ncbi.nlm.nih.gov/	27595393	https://pubmed.ncbi.nlm.nih.gov/27595393/
200	LXRZVMYMQHNYJB-UNXOBOICSA-N	https://doi.org/	10.1021/acs.jmedchem.0c01491	www.doi.org/10.1021/acs.jmedchem.0c01491
201	LXRZVMYMQHNYJB-UNXOBOICSA-N	https://pubmed.ncbi.nlm.nih.gov/	33631934	https://pubmed.ncbi.nlm.nih.gov/33631934/
202	TXZPMHLMPKIUGK-UHFFFAOYSA-N	https://doi.org/	10.1158/0008-5472.CAN-12-3292	www.doi.org/10.1158/0008-5472.CAN-12-3292
203	TXZPMHLMPKIUGK-UHFFFAOYSA-N	https://pubmed.ncbi.nlm.nih.gov/	23576556	http://www.ncbi.nlm.nih.gov/pubmed/23576556
204	RUPXKSLKGSSZCP-UHFFFAOYSA-N	https://doi.org/	10.1021/ml100106c	www.doi.org/10.1021/ml100106c
205	RUPXKSLKGSSZCP-UHFFFAOYSA-N	https://doi.org/	10.1021/jm3002026	www.doi.org/10.1021/jm3002026
206	RUPXKSLKGSSZCP-UHFFFAOYSA-N	https://doi.org/	10.1007/s00210-013-0899-3	www.doi.org/10.1007/s00210-013-0899-3
207	RUPXKSLKGSSZCP-UHFFFAOYSA-N	https://pubmed.ncbi.nlm.nih.gov/	24900217	https://www.ncbi.nlm.nih.gov/pubmed/24900217
208	RUPXKSLKGSSZCP-UHFFFAOYSA-N	https://pubmed.ncbi.nlm.nih.gov/	22724451	https://pubmed.ncbi.nlm.nih.gov/22724451/
209	RUPXKSLKGSSZCP-UHFFFAOYSA-N	https://pubmed.ncbi.nlm.nih.gov/	23861168	https://pubmed.ncbi.nlm.nih.gov/23861168/
210	ONBSHRSJOPSEGS-INIZCTEOSA-N	https://doi.org/	10.1021/acs.jmedchem.8b01196	https://doi.org/10.1021/acs.jmedchem.8b01196
211	ONBSHRSJOPSEGS-INIZCTEOSA-N	https://doi.org/	10.1158/0008-5472.CAN-16-0473	https://doi.org/10.1158/0008-5472.CAN-16-0473
212	ONBSHRSJOPSEGS-INIZCTEOSA-N	https://pubmed.ncbi.nlm.nih.gov/	30289716	https://pubmed.ncbi.nlm.nih.gov/30289716/
213	ONBSHRSJOPSEGS-INIZCTEOSA-N	https://pubmed.ncbi.nlm.nih.gov/	27635045	https://pubmed.ncbi.nlm.nih.gov/27635045/
214	TVTXCJFHQKSQQM-LJQIRTBHSA-N	https://doi.org/	10.1021/jm400487c	http://pubs.acs.org/doi/abs/10.1021/jm400487c
215	TVTXCJFHQKSQQM-LJQIRTBHSA-N	https://pubmed.ncbi.nlm.nih.gov/	23808545	https://www.ncbi.nlm.nih.gov/pubmed/23808545
216	TVTXCJFHQKSQQM-LJQIRTBHSA-N	https://pubmed.ncbi.nlm.nih.gov/	26998348	https://www.ncbi.nlm.nih.gov/pubmed/26998348
217	GBJVVSCPOBPEIT-UHFFFAOYSA-N		http://www.bloodjournal.org/content/110/6/2034.long?sso-checked=true	http://www.bloodjournal.org/content/110/6/2034.long?sso-checked=true
218	GBJVVSCPOBPEIT-UHFFFAOYSA-N	https://doi.org/	10.1021/jm061335f	http://pubs.acs.org/doi/abs/10.1021/jm061335f
219	GBJVVSCPOBPEIT-UHFFFAOYSA-N	https://pubmed.ncbi.nlm.nih.gov/	17495131	http://www.ncbi.nlm.nih.gov/pubmed/17495131
220	GBJVVSCPOBPEIT-UHFFFAOYSA-N	https://pubmed.ncbi.nlm.nih.gov/	17373783	http://www.ncbi.nlm.nih.gov/pubmed/17373783
221	GBAKVEWPYUIGHN-UHFFFAOYSA-N	https://doi.org/	10.1016/j.chembiol.2010.10.011	www.doi.org/10.1016/j.chembiol.2010.10.011
222	GBAKVEWPYUIGHN-UHFFFAOYSA-N	https://pubmed.ncbi.nlm.nih.gov/	21168764	https://pubmed.ncbi.nlm.nih.gov/21168764/
223	NBOJHRYUGLRASX-UHFFFAOYSA-N		http://www.sciencedirect.com/science/article/pii/S1074552109000805	http://www.sciencedirect.com/science/article/pii/S1074552109000805
224	NBOJHRYUGLRASX-UHFFFAOYSA-N		http://www.ncbi.nlm.nih.gov/pmc/articles/PMC2692831	http://www.ncbi.nlm.nih.gov/pmc/articles/PMC2692831
225	DJOVLOYCGXNVPI-UHFFFAOYSA-N	https://doi.org/	10.1038/nchembio.1859	www.doi.org/10.1038/nchembio.1859
226	DJOVLOYCGXNVPI-UHFFFAOYSA-N	https://pubmed.ncbi.nlm.nih.gov/	26167872	http://www.ncbi.nlm.nih.gov/pubmed/26167872
227	WGJCHHJGGFCCRS-DEYDLUNASA-N	https://doi.org/	10.1038/s41467-017-00954-1	www.doi.org/10.1038/s41467-017-00954-1
228	WGJCHHJGGFCCRS-DEYDLUNASA-N	https://pubmed.ncbi.nlm.nih.gov/	29018234	https://www.ncbi.nlm.nih.gov/pubmed/29018234
229	QXCXMVYVUHVFLP-UHFFFAOYSA-N	https://doi.org/	10.1038/s41467-017-02293-7	www.doi.org/10.1038/s41467-017-02293-7
230	QXCXMVYVUHVFLP-UHFFFAOYSA-N	https://doi.org/	10.3390/cancers11091337	www.doi.org/10.3390/cancers11091337
231	QXCXMVYVUHVFLP-UHFFFAOYSA-N	https://pubmed.ncbi.nlm.nih.gov/	29343827	https://pubmed.ncbi.nlm.nih.gov/29343827
232	QXCXMVYVUHVFLP-UHFFFAOYSA-N	https://pubmed.ncbi.nlm.nih.gov/	31510016	https://pubmed.ncbi.nlm.nih.gov/31510016
233	KNOUWGGQMADIBV-KRWDZBQOSA-N	https://doi.org/	10.1021/acs.jmedchem.5b01898	http://pubs.acs.org/doi/abs/10.1021/acs.jmedchem.5b01898
234	KNOUWGGQMADIBV-KRWDZBQOSA-N	https://pubmed.ncbi.nlm.nih.gov/	26854747	https://www.ncbi.nlm.nih.gov/pubmed/?term=26854747
235	LUHCYAOYQIFNRN-UHFFFAOYSA-N	https://doi.org/	10.1016/j.chembiol.2018.11.006	www.doi.org/10.1016/j.chembiol.2018.11.006
236	LUHCYAOYQIFNRN-UHFFFAOYSA-N	https://pubmed.ncbi.nlm.nih.gov/	30595531	https://pubmed.ncbi.nlm.nih.gov/30595531/
237	IDKAKZRYYDCJDU-HBMMIIHUSA-N		http://cancerres.aacrjournals.org/content/74/20/5855.long	http://cancerres.aacrjournals.org/content/74/20/5855.long
238	IDKAKZRYYDCJDU-HBMMIIHUSA-N	https://pubmed.ncbi.nlm.nih.gov/	25145672	https://www.ncbi.nlm.nih.gov/pubmed/25145672
239	SGIWFELWJPNFDH-UHFFFAOYSA-N		http://science.sciencemag.org/content/289/5484/1524.long	http://science.sciencemag.org/content/289/5484/1524.long
240	SGIWFELWJPNFDH-UHFFFAOYSA-N		http://genesdev.cshlp.org/content/14/22/2831.full.pdf+html	http://genesdev.cshlp.org/content/14/22/2831.full.pdf+html
241	SGIWFELWJPNFDH-UHFFFAOYSA-N	https://doi.org/	10.1016/j.bmcl.2009.02.039	www.doi.org/10.1016/j.bmcl.2009.02.039
242	SGIWFELWJPNFDH-UHFFFAOYSA-N	https://doi.org/	10.1016/j.jpba.2020.113420	www.doi.org/10.1016/j.jpba.2020.113420
243	SGIWFELWJPNFDH-UHFFFAOYSA-N	https://pubmed.ncbi.nlm.nih.gov/	10968783	https://www.ncbi.nlm.nih.gov/pubmed/10968783
244	SGIWFELWJPNFDH-UHFFFAOYSA-N	https://pubmed.ncbi.nlm.nih.gov/	11090131	https://www.ncbi.nlm.nih.gov/pubmed/11090131
245	SGIWFELWJPNFDH-UHFFFAOYSA-N	https://pubmed.ncbi.nlm.nih.gov/	19264481	https://pubmed.ncbi.nlm.nih.gov/19264481/
246	SGIWFELWJPNFDH-UHFFFAOYSA-N	https://pubmed.ncbi.nlm.nih.gov/	32593849	https://pubmed.ncbi.nlm.nih.gov/32593849/
247	QADPYRIHXKWUSV-UHFFFAOYSA-N	https://doi.org/	10.1021/jm2006222	www.doi.org/10.1021/jm2006222
248	QADPYRIHXKWUSV-UHFFFAOYSA-N	https://pubmed.ncbi.nlm.nih.gov/	21936542	http://www.ncbi.nlm.nih.gov/pubmed/21936542
249	YYDUWLSETXNJJT-MTJSOVHGSA-N	https://doi.org/	10.1021/ml200261d	www.doi.org/10.1021/ml200261d
250	YYDUWLSETXNJJT-MTJSOVHGSA-N	https://doi.org/	10.1530/ERC-17-0201	www.doi.org/10.1530/ERC-17-0201
251	YYDUWLSETXNJJT-MTJSOVHGSA-N	https://pubmed.ncbi.nlm.nih.gov/	24900443	https://www.ncbi.nlm.nih.gov/pubmed/?term=24900443
252	YYDUWLSETXNJJT-MTJSOVHGSA-N	https://pubmed.ncbi.nlm.nih.gov/	29563190	https://pubmed.ncbi.nlm.nih.gov/29563190/
253	BLNNXJOEJRKHAM-UHFFFAOYSA-N	https://doi.org/	10.1038/s41586-020-2027-0	www.doi.org/10.1038/s41586-020-2027-0
254	BLNNXJOEJRKHAM-UHFFFAOYSA-N	https://pubmed.ncbi.nlm.nih.gov/	32040955	https://www.ncbi.nlm.nih.gov/pubmed/32040955
255	ZMNWFTYYYCSSTF-SOAUALDESA-N	https://doi.org/	10.1016/j.bmcl.2005.09.039	www.doi.org/10.1016/j.bmcl.2005.09.039
256	ZMNWFTYYYCSSTF-SOAUALDESA-N	https://doi.org/	10.1124/jpet.105.089169	www.doi.org/10.1124/jpet.105.089169
257	ZMNWFTYYYCSSTF-SOAUALDESA-N	https://pubmed.ncbi.nlm.nih.gov/	16216497	https://pubmed.ncbi.nlm.nih.gov/16216497/
258	ZMNWFTYYYCSSTF-SOAUALDESA-N	https://pubmed.ncbi.nlm.nih.gov/	16014572	https://pubmed.ncbi.nlm.nih.gov/16014572/
259	LXFOLMYKSYSZQS-XKHGBIBOSA-N	https://doi.org/	10.1182/blood-2013-04-497644	www.doi.org/10.1182/blood-2013-04-497644
260	LXFOLMYKSYSZQS-XKHGBIBOSA-N	https://pubmed.ncbi.nlm.nih.gov/	23801631	http://www.ncbi.nlm.nih.gov/pubmed/23801631
261	XQFINGFCBFHOPE-WXUXXXNLSA-N	https://doi.org/	10.1021/acsmedchemlett.5b00037	www.doi.org/10.1021/acsmedchemlett.5b00037
262	XQFINGFCBFHOPE-WXUXXXNLSA-N	https://pubmed.ncbi.nlm.nih.gov/	26005520	http://www.ncbi.nlm.nih.gov/pubmed/26005520
263	CGWBJJZOKGZCSJ-UHFFFAOYSA-N		http://www.cell.com/cell-chemical-biology/fulltext/S1074-5521(15)00420-2	http://www.cell.com/cell-chemical-biology/fulltext/S1074-5521(15)00420-2
264	CGWBJJZOKGZCSJ-UHFFFAOYSA-N	https://doi.org/	10.1021/acs.jmedchem.6b01022	http://pubs.acs.org/doi/abs/10.1021/acs.jmedchem.6b01022
265	CGWBJJZOKGZCSJ-UHFFFAOYSA-N	https://pubmed.ncbi.nlm.nih.gov/	26670081	https://www.ncbi.nlm.nih.gov/pubmed/26670081
266	CGWBJJZOKGZCSJ-UHFFFAOYSA-N	https://pubmed.ncbi.nlm.nih.gov/	27682507	https://www.ncbi.nlm.nih.gov/pubmed/27682507
267	AIOCFZJGGGEWDK-UHFFFAOYSA-N	https://doi.org/	10.1002/anie.201611281	www.doi.org/10.1002/anie.201611281
268	AIOCFZJGGGEWDK-UHFFFAOYSA-N	https://doi.org/	10.1021/acs.jmedchem.8b01413	www.doi.org/10.1021/acs.jmedchem.8b01413
269	AIOCFZJGGGEWDK-UHFFFAOYSA-N	https://pubmed.ncbi.nlm.nih.gov/	28418626	https://pubmed.ncbi.nlm.nih.gov/28418626/
270	RUBYHLPRZRMTJO-MOVYNIQHSA-N	https://doi.org/	10.1038/nchembio.2166	www.doi.org/10.1038/nchembio.2166
271	RUBYHLPRZRMTJO-MOVYNIQHSA-N	https://doi.org/	10.1016/j.bbrc.2019.10.052	www.doi.org/10.1016/j.bbrc.2019.10.052
272	RUBYHLPRZRMTJO-MOVYNIQHSA-N	https://pubmed.ncbi.nlm.nih.gov/	27571479	https://pubmed.ncbi.nlm.nih.gov/27571479/
273	RUBYHLPRZRMTJO-MOVYNIQHSA-N	https://pubmed.ncbi.nlm.nih.gov/	31615655	https://pubmed.ncbi.nlm.nih.gov/31615655/
274	RDALZZCKQFLGJP-UHFFFAOYSA-N	https://doi.org/	10.1021/acs.jmedchem.5b01346	www.doi.org/10.1021/acs.jmedchem.5b01346
275	RDALZZCKQFLGJP-UHFFFAOYSA-N	https://pubmed.ncbi.nlm.nih.gov/	26565666	https://pubmed.ncbi.nlm.nih.gov/26565666/
276	JBHLOPKIPKTRSU-UHFFFAOYSA-N	https://doi.org/	10.1016/j.bmcl.2012.07.072	www.doi.org/10.1016/j.bmcl.2012.07.072
277	JBHLOPKIPKTRSU-UHFFFAOYSA-N	https://doi.org/	10.1016/j.neuropharm.2012.06.013	www.doi.org/10.1016/j.neuropharm.2012.06.013
278	JBHLOPKIPKTRSU-UHFFFAOYSA-N	https://doi.org/	10.1007/s00213-016-4290-1	www.doi.org/10.1007/s00213-016-4290-1
279	JBHLOPKIPKTRSU-UHFFFAOYSA-N	https://pubmed.ncbi.nlm.nih.gov/	22892116	https://pubmed.ncbi.nlm.nih.gov/22892116/
280	JBHLOPKIPKTRSU-UHFFFAOYSA-N	https://pubmed.ncbi.nlm.nih.gov/	22750078	https://pubmed.ncbi.nlm.nih.gov/22750078
281	JBHLOPKIPKTRSU-UHFFFAOYSA-N	https://pubmed.ncbi.nlm.nih.gov/	27117142	https://pubmed.ncbi.nlm.nih.gov/27117142
282	LQSHXYHWYGKAMX-FQEVSTJZSA-N	https://doi.org/	10.1021/acs.jmedchem.8b00678	www.doi.org/10.1021/acs.jmedchem.8b00678
283	LQSHXYHWYGKAMX-FQEVSTJZSA-N	https://pubmed.ncbi.nlm.nih.gov/	29940120	https://pubmed.ncbi.nlm.nih.gov/29940120/
284	AQTPWCUIYUOEMG-INIZCTEOSA-N	https://doi.org/	10.1038/nchembio.1603	www.doi.org/10.1038/nchembio.1603
285	AQTPWCUIYUOEMG-INIZCTEOSA-N	https://doi.org/	10.1016/j.juro.2013.02.1903	https://doi.org/10.1016/j.juro.2013.02.1903
286	AQTPWCUIYUOEMG-INIZCTEOSA-N	https://pubmed.ncbi.nlm.nih.gov/	25086508	https://pubmed.ncbi.nlm.nih.gov/25086508/
287	JFGOILLZIAIYGA-UHFFFAOYSA-N	https://doi.org/	10.1021/acs.jmedchem.9b00946	www.doi.org/10.1021/acs.jmedchem.9b00946
288	JFGOILLZIAIYGA-UHFFFAOYSA-N	https://pubmed.ncbi.nlm.nih.gov/	31414801	https://pubmed.ncbi.nlm.nih.gov/31414801/
289	RPMGXDCRCWWCRY-JTQLQIEISA-N	https://doi.org/	10.1021/acschembio.7b00370	www.doi.org/10.1021/acschembio.7b00370
290	RPMGXDCRCWWCRY-JTQLQIEISA-N	https://doi.org/	10.1021/acs.jmedchem.7b01884	https://doi.org/10.1021/acs.jmedchem.7b01884
291	RPMGXDCRCWWCRY-JTQLQIEISA-N	https://pubmed.ncbi.nlm.nih.gov/	28679043	https://pubmed.ncbi.nlm.nih.gov/28679043/
292	RPMGXDCRCWWCRY-JTQLQIEISA-N	https://pubmed.ncbi.nlm.nih.gov/	29485874	https://pubmed.ncbi.nlm.nih.gov/29485874
293	RIJLVEAXPNLDTC-UHFFFAOYSA-N		http://www.jimmunol.org/content/191/7/3568.long	http://www.jimmunol.org/content/191/7/3568.long
294	RIJLVEAXPNLDTC-UHFFFAOYSA-N	https://doi.org/	10.1021/jm501262q	http://pubs.acs.org/doi/abs/10.1021/jm501262q
295	RIJLVEAXPNLDTC-UHFFFAOYSA-N	https://pubmed.ncbi.nlm.nih.gov/	24006460	https://www.ncbi.nlm.nih.gov/pubmed/?term=24006460
296	RIJLVEAXPNLDTC-UHFFFAOYSA-N	https://pubmed.ncbi.nlm.nih.gov/	25369270	https://www.ncbi.nlm.nih.gov/pubmed/25369270
297	HWGQMRYQVZSGDQ-HZPDHXFCSA-N		http://clincancerres.aacrjournals.org/content/19/18/5003.long	http://clincancerres.aacrjournals.org/content/19/18/5003.long
298	HWGQMRYQVZSGDQ-HZPDHXFCSA-N	https://doi.org/	10.1021/acs.jmedchem.6b00990	http://pubs.acs.org/doi/pdf/10.1021/acs.jmedchem.6b00990
299	HWGQMRYQVZSGDQ-HZPDHXFCSA-N		https://pubchem.ncbi.nlm.nih.gov/compound/44819241	https://pubchem.ncbi.nlm.nih.gov/compound/44819241
300	HWGQMRYQVZSGDQ-HZPDHXFCSA-N	https://pubmed.ncbi.nlm.nih.gov/	28001384	https://www.ncbi.nlm.nih.gov/pubmed/?term=28001384
301	SEDFZSHSBUXKAC-NIYFSFCBSA-N	https://doi.org/	10.1021/acsmedchemlett.0c00155	https://doi.org/10.1021/acsmedchemlett.0c00155
302	ZOPNBMMVVZRSGH-NRFANRHFSA-N	https://doi.org/	10.1016/j.bmcl.2011.10.118	www.doi.org/10.1016/j.bmcl.2011.10.118
303	ZOPNBMMVVZRSGH-NRFANRHFSA-N	https://doi.org/	10.1371/journal.pone.0046300	www.doi.org/10.1371/journal.pone.0046300
304	ZOPNBMMVVZRSGH-NRFANRHFSA-N	https://pubmed.ncbi.nlm.nih.gov/	22217876	https://pubmed.ncbi.nlm.nih.gov/22217876/
305	ZOPNBMMVVZRSGH-NRFANRHFSA-N	https://pubmed.ncbi.nlm.nih.gov/	23056280	https://pubmed.ncbi.nlm.nih.gov/23056280/
306	BWYBBMQLUKXECQ-GIVPXCGWSA-N	https://doi.org/	10.1021/jm050915u	www.doi.org/10.1021/jm050915u
307	BWYBBMQLUKXECQ-GIVPXCGWSA-N	https://doi.org/	10.1016/j.bone.2006.07.015	www.doi.org/10.1016/j.bone.2006.07.015
308	BWYBBMQLUKXECQ-GIVPXCGWSA-N	https://pubmed.ncbi.nlm.nih.gov/	16509577	https://pubmed.ncbi.nlm.nih.gov/16509577/
309	BWYBBMQLUKXECQ-GIVPXCGWSA-N	https://pubmed.ncbi.nlm.nih.gov/	16962401	https://pubmed.ncbi.nlm.nih.gov/16962401/
310	CVWXJKQAOSCOAB-UHFFFAOYSA-N	https://doi.org/	10.1182/blood-2009-05-222034	www.doi.org/10.1182/blood-2009-05-222034
311	CVWXJKQAOSCOAB-UHFFFAOYSA-N	https://pubmed.ncbi.nlm.nih.gov/	19654408	http://www.ncbi.nlm.nih.gov/pubmed/19654408
312	VRVJKILQRBSEAG-LFPIHBKWSA-N	https://doi.org/	10.1038/nature24028	www.doi.org/10.1038/nature24028
313	VRVJKILQRBSEAG-LFPIHBKWSA-N	https://doi.org/	10.1021/acs.biochem.7b01179	www.doi.org/10.1021/acs.biochem.7b01179
314	VRVJKILQRBSEAG-LFPIHBKWSA-N	https://doi.org/	10.1016/j.cell.2018.04.033	www.doi.org/10.1016/j.cell.2018.04.033
315	VRVJKILQRBSEAG-LFPIHBKWSA-N	https://pubmed.ncbi.nlm.nih.gov/	28953875	https://pubmed.ncbi.nlm.nih.gov/28953875
316	VRVJKILQRBSEAG-LFPIHBKWSA-N	https://pubmed.ncbi.nlm.nih.gov/	29244478	https://pubmed.ncbi.nlm.nih.gov/29244478
317	VRVJKILQRBSEAG-LFPIHBKWSA-N	https://pubmed.ncbi.nlm.nih.gov/	29804834	https://pubmed.ncbi.nlm.nih.gov/29804834
318	UQRCJCNVNUFYDX-UHFFFAOYSA-N	https://doi.org/	10.1111/j.1349-7006.2009.01343.x	www.doi.org/10.1111/j.1349-7006.2009.01343.x
319	UQRCJCNVNUFYDX-UHFFFAOYSA-N	https://pubmed.ncbi.nlm.nih.gov/	19832844	https://www.ncbi.nlm.nih.gov/pubmed/?term=19832844
320	LWXLECMNBTVASW-UHFFFAOYSA-N	https://doi.org/	10.1021/acs.jmedchem.7b00796	www.doi.org/10.1021/acs.jmedchem.7b00796
321	LWXLECMNBTVASW-UHFFFAOYSA-N	https://pubmed.ncbi.nlm.nih.gov/	28892380	https://pubmed.ncbi.nlm.nih.gov/28892380/
322	AILRADAXUVEEIR-UHFFFAOYSA-N	https://doi.org/	10.1021/acs.jmedchem.6b00306	www.doi.org/10.1021/acs.jmedchem.6b00306
323	AILRADAXUVEEIR-UHFFFAOYSA-N	https://doi.org/	10.1158/1078-0432.CCR-16-0569	www.doi.org/10.1158/1078-0432.CCR-16-0569
324	AILRADAXUVEEIR-UHFFFAOYSA-N	https://pubmed.ncbi.nlm.nih.gov/	27144831	https://pubmed.ncbi.nlm.nih.gov/27144831/
325	AILRADAXUVEEIR-UHFFFAOYSA-N	https://pubmed.ncbi.nlm.nih.gov/	27780853	https://pubmed.ncbi.nlm.nih.gov/27780853/
326	HUFOZJXAKZVRNJ-UHFFFAOYSA-N	https://doi.org/	10.1158/2159-8290.CD-13-0314	www.doi.org/10.1158/2159-8290.CD-13-0314
327	HUFOZJXAKZVRNJ-UHFFFAOYSA-N	https://doi.org/	10.1158/1535-7163.MCT-13-0966	www.doi.org/10.1158/1535-7163.MCT-13-0966
328	HUFOZJXAKZVRNJ-UHFFFAOYSA-N	https://pubmed.ncbi.nlm.nih.gov/	24065731	https://pubmed.ncbi.nlm.nih.gov/24065731/
329	HUFOZJXAKZVRNJ-UHFFFAOYSA-N	https://pubmed.ncbi.nlm.nih.gov/	24723450	https://pubmed.ncbi.nlm.nih.gov/24723450/
330	GHVMTHKJUAOZJP-CGTJXYLNSA-N	https://doi.org/	10.2174/1386207053258488	www.doi.org/10.2174/1386207053258488
331	GHVMTHKJUAOZJP-CGTJXYLNSA-N	https://doi.org/	10.1182/blood-2002-12-3775	www.doi.org/10.1182/blood-2002-12-3775
332	GHVMTHKJUAOZJP-CGTJXYLNSA-N	https://pubmed.ncbi.nlm.nih.gov/	15777180	https://pubmed.ncbi.nlm.nih.gov/15777180/
333	GHVMTHKJUAOZJP-CGTJXYLNSA-N	https://pubmed.ncbi.nlm.nih.gov/	12714508	https://pubmed.ncbi.nlm.nih.gov/12714508/
334	ZEGMEJVULDALSH-NSHDSACASA-N	https://doi.org/	10.1021/acs.jmedchem.0c01955	www.doi.org/10.1021/acs.jmedchem.0c01955
335	ZEGMEJVULDALSH-NSHDSACASA-N	https://pubmed.ncbi.nlm.nih.gov/	33592148	https://pubmed.ncbi.nlm.nih.gov/33592148/
336	SNCRCEGCQVMUBS-DNVCBOLYSA-N	https://doi.org/	10.1021/jm9015334	http://pubs.acs.org/doi/abs/10.1021/jm9015334
337	SNCRCEGCQVMUBS-DNVCBOLYSA-N	https://pubmed.ncbi.nlm.nih.gov/	19919087	https://www.ncbi.nlm.nih.gov/pubmed/?term=19919087
338	FNBUZGRPJLEIMO-UHFFFAOYSA-N	https://doi.org/	10.1021/acs.jmedchem.1c00448	https://dx.doi.org/10.1021/acs.jmedchem.1c00448.
339	OBSYBRPAKCASQB-AGQYDFLVSA-N	https://doi.org/	10.1073/pnas.182234399	www.doi.org/10.1073/pnas.182234399
340	OBSYBRPAKCASQB-AGQYDFLVSA-N	https://pubmed.ncbi.nlm.nih.gov/	12192085	http://www.ncbi.nlm.nih.gov/pubmed/12192085
341	ORDHXXHTBUZRCN-NTEUORMPSA-N	https://doi.org/	10.1021/acs.jmedchem.5b00132	https://dx.doi.org/10.1021/acs.jmedchem.5b00132
342	CUBDGLIBZGKXKQ-ZBLYBZFDSA-N	https://doi.org/	10.1021/acsmedchemlett.8b00213	www.doi.org/10.1021/acsmedchemlett.8b00213
343	CUBDGLIBZGKXKQ-ZBLYBZFDSA-N	https://doi.org/	10.1371/journal.pone.0046300	www.doi.org/10.1371/journal.pone.0046300
344	CUBDGLIBZGKXKQ-ZBLYBZFDSA-N	https://pubmed.ncbi.nlm.nih.gov/	30034614	https://pubmed.ncbi.nlm.nih.gov/30034614/
345	CUBDGLIBZGKXKQ-ZBLYBZFDSA-N	https://pubmed.ncbi.nlm.nih.gov/	23056280	https://pubmed.ncbi.nlm.nih.gov/23056280/
346	XPLWBHWPOUEOSJ-GSZYCOFVSA-N	https://pubmed.ncbi.nlm.nih.gov/	24900707	https://www.ncbi.nlm.nih.gov/pubmed/24900707
347	YSVWFFNZZGLLAI-XNTOLAJGSA-N	https://doi.org/	10.1021/jm401056w	https://dx.doi.org/10.1021/jm401056w
348	LPCWQWNRCGWRFC-UHFFFAOYSA-N	https://doi.org/	10.1038/nchembio.2377	www.doi.org/10.1038/nchembio.2377
349	LPCWQWNRCGWRFC-UHFFFAOYSA-N	https://pubmed.ncbi.nlm.nih.gov/	28504676	https://pubmed.ncbi.nlm.nih.gov/28504676/
350	JYTIXGYXBIBOMN-UHFFFAOYSA-N	https://doi.org/	10.1021/acs.jmedchem.9b01621	www.doi.org/10.1021/acs.jmedchem.9b01621
351	JYTIXGYXBIBOMN-UHFFFAOYSA-N	https://pubmed.ncbi.nlm.nih.gov/	31940200	https://pubmed.ncbi.nlm.nih.gov/31940200/
352	KLHOCHQJHXNKAS-UHFFFAOYSA-N	https://doi.org/	10.1021/acs.jmedchem.6b01055	http://pubs.acs.org/doi/abs/10.1021/acs.jmedchem.6b01055
353	KLHOCHQJHXNKAS-UHFFFAOYSA-N	https://pubmed.ncbi.nlm.nih.gov/	28004573	https://www.ncbi.nlm.nih.gov/pubmed/28004573
354	IFRGXKKQHBVPCQ-UHFFFAOYSA-N	https://doi.org/	10.1021/jm100060b	www.doi.org/10.1021/jm100060b
355	IFRGXKKQHBVPCQ-UHFFFAOYSA-N	https://doi.org/	10.1111/j.1349-7006.2011.02191.x	www.doi.org/10.1111/j.1349-7006.2011.02191.x
356	IFRGXKKQHBVPCQ-UHFFFAOYSA-N	https://pubmed.ncbi.nlm.nih.gov/	20662534	https://pubmed.ncbi.nlm.nih.gov/20662534/
357	IFRGXKKQHBVPCQ-UHFFFAOYSA-N	https://pubmed.ncbi.nlm.nih.gov/	22181674	https://pubmed.ncbi.nlm.nih.gov/22181674/
358	BKLJDIJJOOQUFG-UHFFFAOYSA-N	https://doi.org/	10.1002/cmdc.201600276	https://dx.doi.org/10.1002/cmdc.201600276
359	FYQFEJFTCLKXTQ-UHFFFAOYSA-N	https://doi.org/	10.1016/j.ccell.2015.05.007	www.doi.org/10.1016/j.ccell.2015.05.007
360	FYQFEJFTCLKXTQ-UHFFFAOYSA-N	https://doi.org/	10.1038/s41419-019-1654-6	www.doi.org/10.1038/s41419-019-1654-6
361	FYQFEJFTCLKXTQ-UHFFFAOYSA-N	https://pubmed.ncbi.nlm.nih.gov/	26120082	https://pubmed.ncbi.nlm.nih.gov/26120082/
362	FYQFEJFTCLKXTQ-UHFFFAOYSA-N	https://pubmed.ncbi.nlm.nih.gov/	31138790	https://pubmed.ncbi.nlm.nih.gov/31138790
363	RRELDGDKULRRDM-UHFFFAOYSA-N	https://doi.org/	10.1016/j.bmc.2017.07.037	https://dx.doi.org/10.1016/j.bmc.2017.07.037
364	IYHHRZBKXXKDDY-UHFFFAOYSA-N		http://www.biochemj.org/content/434/1/93	http://www.biochemj.org/content/434/1/93
365	IYHHRZBKXXKDDY-UHFFFAOYSA-N	https://pubmed.ncbi.nlm.nih.gov/	21138416	http://www.ncbi.nlm.nih.gov/pubmed/21138416
366	DYUTWRFEEOPXMN-UHFFFAOYSA-N	https://doi.org/	10.6019/CHEMBL4507313	https://dx.doi.org/10.6019/CHEMBL4507313
367	AUYCSWFYKYVCLD-HXUWFJFHSA-N	https://doi.org/	10.1021/acsmedchemlett.9b00380	https://dx.doi.org/10.1021/acsmedchemlett.9b00380
368	OEDSFMUSNZDJFD-UHFFFAOYSA-N	https://doi.org/	10.1038/s41586-020-1930-8	www.doi.org/10.1038/s41586-020-1930-8
369	OEDSFMUSNZDJFD-UHFFFAOYSA-N	https://doi.org/	10.1021/acs.jmedchem.0c00628	www.doi.org/10.1021/acs.jmedchem.0c00628
370	OEDSFMUSNZDJFD-UHFFFAOYSA-N	https://pubmed.ncbi.nlm.nih.gov/	31969702	https://www.ncbi.nlm.nih.gov/pubmed/31969702
371	OEDSFMUSNZDJFD-UHFFFAOYSA-N	https://pubmed.ncbi.nlm.nih.gov/	32324999	https://www.ncbi.nlm.nih.gov/pubmed/32324999
372	QMHRLXNEGYTSRV-UHFFFAOYSA-N	https://doi.org/	10.1021/jm300601d	https://dx.doi.org/10.1021/jm300601d
373	QMHRLXNEGYTSRV-UHFFFAOYSA-N	https://doi.org/	10.1124/jpet.114.217091	https://dx.doi.org/10.1124/jpet.114.217091
374	LQEHCKYYIXQEBM-FUKIBTTHSA-N	https://doi.org/	10.1042/CS103S107S	https://dx.doi.org/10.1042/CS103S107S
375	LQEHCKYYIXQEBM-FUKIBTTHSA-N	https://doi.org/	10.1042/CS103S112S	https://dx.doi.org/10.1042/CS103S112S
376	LQEHCKYYIXQEBM-FUKIBTTHSA-N	https://doi.org/	10.1042/CS103S112S	https://dx.doi.org/ 10.1042/CS103S112S
377	WEGLOYDTDILXDA-OAHLLOKOSA-N	https://doi.org/	10.1073/pnas.1812963116	https://dx.doi.org/10.1073/pnas.1812963116
378	CSJYMAFXYMYNCK-UHFFFAOYSA-N	https://doi.org/	10.1021/acs.jmedchem.9b01304	https://dx.doi.org/10.1021/acs.jmedchem.9b01304
379	ILHNIWOZZKIBNW-UHFFFAOYSA-N	https://pubmed.ncbi.nlm.nih.gov/	30991027	https://pubmed.ncbi.nlm.nih.gov/30991027
380	OAMLIJKKGZLNHE-UHFFFAOYSA-N	https://doi.org/	10.1021/acsmedchemlett.5b00054	https://dx.doi.org/10.1021/acsmedchemlett.5b00054
381	JTCAGRAKUAAYDY-OAHLLOKOSA-N	https://doi.org/	10.1016/j.bmcl.2010.11.015	https://dx.doi.org/10.1016/j.bmcl.2010.11.015
382	FSWFYCYPTDLKON-CMJOXMDJSA-N	https://doi.org/	10.1021/acs.jmedchem.1c00613	https://dx.doi.org/10.1021/acs.jmedchem.1c00613
383	SKZQFKBIJUXXCG-INIZCTEOSA-N	https://doi.org/	10.1016/j.bmcl.2021.128384	https://dx.doi.org/10.1016/j.bmcl.2021.128384
384	TVGAHWWPABTBCX-UHFFFAOYSA-N	https://doi.org/	10.1158/1535-7163.MCT-21-0361	https://dx.doi.org/10.1158/1535-7163.MCT-21-0361
385	FRBRZGLUFOZRGD-JVPBZIDWSA-N	https://doi.org/	10.1021/acs.jmedchem.0c00605	https://dx.doi.org/10.1021/acs.jmedchem.0c00605
386	PXQATVYJKMMHAU-UHFFFAOYSA-N	https://doi.org/	10.1016/j.bmcl.2018.12.024	https://dx.doi.org/10.1016/j.bmcl.2018.12.024
387	YNFDIGJKJPNFFD-SJORKVTESA-N	https://doi.org/	10.1016/j.bmcl.2011.07.083	https://dx.doi.org/10.1016/j.bmcl.2011.07.083
388	PCJVXTDIDUMIRR-QGZVFWFLSA-N	https://doi.org/	10.1021/jm400138z	https://dx.doi.org/10.1021/jm400138z
389	RPHDOVLXDYWDGF-UHFFFAOYSA-N	https://doi.org/	10.1126/science.aan5468	https://dx.doi.org/10.1126/science.aan5468
390	KVJFJJXCBRSCDY-UHFFFAOYSA-N	https://doi.org/	10.1038/s41586-019-1835-6	https://dx.doi.org/10.1038/s41586-019-1835-6
391	PGIVGIFOWOVINL-GOSISDBHSA-N	https://doi.org/	10.1002/cmdc.201500131	https://dx.doi.org/10.1002/cmdc.201500131
392	WZQLVEPIBAOOGF-RMMWZPCPSA-N	https://doi.org/	10.1021/acsmedchemlett.0c00247	https://dx.doi.org/10.1021/acsmedchemlett.0c00247
393	QZZCUOVXHPAQRQ-UHFFFAOYSA-N	https://doi.org/	10.1021/acs.jmedchem.0c00796	https://dx.doi.org/10.1021/acs.jmedchem.0c00796
394	JZTTUZXIQIRVAB-FZEVHQGJSA-N	https://doi.org/	10.1002/jlcr.3698	https://dx.doi.org/10.1002/jlcr.3698
395	ZLGNYFOIDAVMHY-MPKOGUQCSA-N	https://doi.org/	10.1021/acs.jmedchem.8b00909	www.doi.org/10.1021/acs.jmedchem.8b00909
396	ZLGNYFOIDAVMHY-MPKOGUQCSA-N	https://pubmed.ncbi.nlm.nih.gov/	30525597	https://pubmed.ncbi.nlm.nih.gov/30525597/
397	QULDDKSCVCJTPV-UHFFFAOYSA-N	https://doi.org/	10.1158/1535-7163.MCT-08-0758	www.doi.org/10.1158/1535-7163.MCT-08-0758
398	QULDDKSCVCJTPV-UHFFFAOYSA-N	https://doi.org/	10.1158/1078-0432.CCR-09-0213	www.doi.org/10.1158/1078-0432.CCR-09-0213
399	QULDDKSCVCJTPV-UHFFFAOYSA-N	https://doi.org/	10.1021/jm050752+	www.doi.org/10.1021/jm050752+
400	QULDDKSCVCJTPV-UHFFFAOYSA-N	https://pubmed.ncbi.nlm.nih.gov/	19372565	https://pubmed.ncbi.nlm.nih.gov/19372565/
401	QULDDKSCVCJTPV-UHFFFAOYSA-N	https://pubmed.ncbi.nlm.nih.gov/	19671844	https://pubmed.ncbi.nlm.nih.gov/19671844/
402	QULDDKSCVCJTPV-UHFFFAOYSA-N	https://pubmed.ncbi.nlm.nih.gov/	17488003	https://pubmed.ncbi.nlm.nih.gov/17488003/
403	BLVQHYHDYFTPDV-VCABWLAWSA-N		http://www.sciencedirect.com/science/article/pii/S1074552109002427	http://www.sciencedirect.com/science/article/pii/S1074552109002427
404	BLVQHYHDYFTPDV-VCABWLAWSA-N		http://www.pnas.org/content/110/7/2647.long	http://www.pnas.org/content/110/7/2647.long
405	BLVQHYHDYFTPDV-VCABWLAWSA-N		https://www.google.com/patents/WO2012016081A2?cl=en	https://www.google.com/patents/WO2012016081A2?cl=en
406	BLVQHYHDYFTPDV-VCABWLAWSA-N	https://pubmed.ncbi.nlm.nih.gov/	19778726	https://www.ncbi.nlm.nih.gov/pubmed/19778726
407	BLVQHYHDYFTPDV-VCABWLAWSA-N	https://pubmed.ncbi.nlm.nih.gov/	23297220	https://www.ncbi.nlm.nih.gov/pubmed/23297220
408	VLLFGVHGKLDDLW-SFHVURJKSA-N	https://doi.org/	10.1021/acs.jmedchem.0c01917	https://dx.doi.org/10.1021/acs.jmedchem.0c01917
409	UEMQPCYDWCSVCU-UHFFFAOYSA-N	https://doi.org/	10.1021/acs.jmedchem.7b00611	www.doi.org/10.1021/acs.jmedchem.7b00611
410	UEMQPCYDWCSVCU-UHFFFAOYSA-N	https://doi.org/	10.1021/acschembio.7b00481	www.doi.org/10.1021/acschembio.7b00481
411	UEMQPCYDWCSVCU-UHFFFAOYSA-N	https://pubmed.ncbi.nlm.nih.gov/	28714688	https://www.ncbi.nlm.nih.gov/pubmed/28714688
412	UEMQPCYDWCSVCU-UHFFFAOYSA-N	https://pubmed.ncbi.nlm.nih.gov/	28849908	https://www.ncbi.nlm.nih.gov/pubmed/28849908
413	XMBSZPZJLPTFMV-UHFFFAOYSA-N		http://www.nature.com/nature/journal/v464/n7289/pdf/nature08893.pdf	http://www.nature.com/nature/journal/v464/n7289/pdf/nature08893.pdf
414	XMBSZPZJLPTFMV-UHFFFAOYSA-N	https://doi.org/	10.1021/jm201091t	http://pubs.acs.org/doi/pdf/10.1021/jm201091t
415	XMBSZPZJLPTFMV-UHFFFAOYSA-N	https://pubmed.ncbi.nlm.nih.gov/	20360736	http://www.ncbi.nlm.nih.gov/pubmed/20360736
416	XMBSZPZJLPTFMV-UHFFFAOYSA-N	https://pubmed.ncbi.nlm.nih.gov/	22148754	http://www.ncbi.nlm.nih.gov/pubmed/22148754
417	WILMROCKORZEMQ-VJVIIGMYSA-N	https://doi.org/	10.1038/s41589-021-00900-9	https://dx.doi.org/10.1038/s41589-021-00900-9
418	FYICDSWKKFSYOM-UHFFFAOYSA-N		http://www.nature.com/nchembio/journal/v10/n12/abs/nchembio.1658.html	http://www.nature.com/nchembio/journal/v10/n12/abs/nchembio.1658.html
419	FYICDSWKKFSYOM-UHFFFAOYSA-N	https://pubmed.ncbi.nlm.nih.gov/	25326665	http://www.ncbi.nlm.nih.gov/pubmed/25326665
420	NBDJDKAXIGWAIM-XZOQPEGZSA-N	https://doi.org/	10.1002/anie.202017200	https://dx.doi.org/10.1002/anie.202017200
421	QYDASSGXBXGRBS-CKJXQJPGSA-N	https://doi.org/	10.1021/acsmedchemlett.6b00496	http://pubs.acs.org/doi/abs/10.1021/acsmedchemlett.6b00496
422	QYDASSGXBXGRBS-CKJXQJPGSA-N	https://pubmed.ncbi.nlm.nih.gov/	28435528	https://www.ncbi.nlm.nih.gov/pubmed/28435528
423	YQOLEILXOBUDMU-KRWDZBQOSA-N	https://doi.org/	10.1021/acs.jmedchem.0c00834	www.doi.org/10.1021/acs.jmedchem.0c00834
424	YQOLEILXOBUDMU-KRWDZBQOSA-N	https://pubmed.ncbi.nlm.nih.gov/	32969660	https://pubmed.ncbi.nlm.nih.gov/32969660/
425	JNSLBXJNVHYNNW-CXNSMIOJSA-N		http://www.nature.com/nchembio/journal/vaop/ncurrent/full/nchembio.2209.html	http://www.nature.com/nchembio/journal/vaop/ncurrent/full/nchembio.2209.html
426	JNSLBXJNVHYNNW-CXNSMIOJSA-N	https://pubmed.ncbi.nlm.nih.gov/	27775715	https://www.ncbi.nlm.nih.gov/pubmed/?term=27775715
427	GACOFEKSDCOVMV-RRYXBOBMSA-N	https://doi.org/	10.1002/anie.201411511/abstract	http://onlinelibrary.wiley.com/doi/10.1002/anie.201411511/abstract
428	GACOFEKSDCOVMV-RRYXBOBMSA-N	https://doi.org/	10.1371/journal.pone.0127498	http://journals.plos.org/plosone/article?id=10.1371/journal.pone.0127498
429	GACOFEKSDCOVMV-RRYXBOBMSA-N		http://www.jbc.org/content/early/2016/11/14/jbc.M116.755678.long	http://www.jbc.org/content/early/2016/11/14/jbc.M116.755678.long
430	GACOFEKSDCOVMV-RRYXBOBMSA-N	https://pubmed.ncbi.nlm.nih.gov/	25707820	https://www.ncbi.nlm.nih.gov/pubmed/25707820
431	GACOFEKSDCOVMV-RRYXBOBMSA-N	https://pubmed.ncbi.nlm.nih.gov/	26098886	https://www.ncbi.nlm.nih.gov/pubmed/26098886
432	GACOFEKSDCOVMV-RRYXBOBMSA-N	https://pubmed.ncbi.nlm.nih.gov/	27875305	https://www.ncbi.nlm.nih.gov/pubmed/27875305
433	SQNZDYHMCMIGGV-TZPPCSJFSA-N	https://doi.org/	10.1038/nchembio.2329	http://dx.doi.org/10.1038/nchembio.2329
434	SQNZDYHMCMIGGV-TZPPCSJFSA-N		http://europepmc.org/abstract/MED/28288108	http://europepmc.org/abstract/MED/28288108
435	RNQODBQYMXYMCT-SJORKVTESA-N	https://doi.org/	10.7554/eLife.34311	https://dx.doi.org/10.7554/eLife.34311
436	RFZQYGBLRIKROZ-PCLIKHOPSA-N	https://doi.org/	10.1016/j.bmc.2014.03.036	https://dx.doi.org/10.1016/j.bmc.2014.03.036
437	BPLVDYJDAVYLRQ-UHFFFAOYSA-N	https://doi.org/	10.6019/CHEMBL4800727	https://dx.doi.org/10.6019/CHEMBL4800727
438	UJLAWZDWDVHWOW-YPMHNXCESA-N	https://doi.org/	10.1126/science.1087061	www.doi.org/10.1126/science.1087061
439	UJLAWZDWDVHWOW-YPMHNXCESA-N	https://pubmed.ncbi.nlm.nih.gov/	14593182	http://www.ncbi.nlm.nih.gov/pubmed/14593182
440	WNEILUNVMHVMPH-UHFFFAOYSA-N	https://doi.org/	10.1158/1535-7163.MCT-15-0500	www.doi.org/10.1158/1535-7163.MCT-15-0500
441	WNEILUNVMHVMPH-UHFFFAOYSA-N	https://doi.org/	10.1021/acs.jmedchem.9b02035	www.doi.org/10.1021/acs.jmedchem.9b02035
442	WNEILUNVMHVMPH-UHFFFAOYSA-N	https://pubmed.ncbi.nlm.nih.gov/	26832791	https://pubmed.ncbi.nlm.nih.gov/26832791/
443	WNEILUNVMHVMPH-UHFFFAOYSA-N	https://pubmed.ncbi.nlm.nih.gov/	32338514	https://pubmed.ncbi.nlm.nih.gov/32338514/
444	NMJMRSQTDLRCRQ-UHFFFAOYSA-N		http://www.nature.com/nchembio/journal/v6/n5/full/nchembio.345.html	http://www.nature.com/nchembio/journal/v6/n5/full/nchembio.345.html
445	NMJMRSQTDLRCRQ-UHFFFAOYSA-N	https://pubmed.ncbi.nlm.nih.gov/	20383151	http://www.ncbi.nlm.nih.gov/pubmed/20383151
446	AEJOEPSMZCEYJN-HXUWFJFHSA-N	https://doi.org/	10.1016/0014-2999(88)90546-8	www.doi.org/10.1016/0014-2999(88)90546-8
447	AEJOEPSMZCEYJN-HXUWFJFHSA-N		http://www.sciencedirect.com/science/article/pii/S0960894X05003057	http://www.sciencedirect.com/science/article/pii/S0960894X05003057
448	AEJOEPSMZCEYJN-HXUWFJFHSA-N		http://www.sciencedirect.com/science/article/pii/S0960894X07014266	http://www.sciencedirect.com/science/article/pii/S0960894X07014266
449	AEJOEPSMZCEYJN-HXUWFJFHSA-N	https://pubmed.ncbi.nlm.nih.gov/	2850924	https://www.ncbi.nlm.nih.gov/pubmed/2850924
450	AEJOEPSMZCEYJN-HXUWFJFHSA-N	https://pubmed.ncbi.nlm.nih.gov/	8893842	https://www.ncbi.nlm.nih.gov/pubmed/8893842
451	AEJOEPSMZCEYJN-HXUWFJFHSA-N	https://pubmed.ncbi.nlm.nih.gov/	11086731	https://www.ncbi.nlm.nih.gov/pubmed/11086731
452	BFTKDWYIRJGJCA-CYBMUJFWSA-N	https://doi.org/	10.1021/acsmedchemlett.6b00075	http://pubs.acs.org/doi/abs/10.1021/acsmedchemlett.6b00075
453	BFTKDWYIRJGJCA-CYBMUJFWSA-N	https://pubmed.ncbi.nlm.nih.gov/	27190605	https://www.ncbi.nlm.nih.gov/pubmed/?term=27190605
454	OJKONCJPCULNOW-DYVFJYSZSA-N	https://doi.org/	10.1021/acs.jmedchem.0c00259	www.doi.org/10.1021/acs.jmedchem.0c00259
455	OJKONCJPCULNOW-DYVFJYSZSA-N	https://pubmed.ncbi.nlm.nih.gov/	32392056	https://pubmed.ncbi.nlm.nih.gov/32392056/
456	YDNOHCOYQVZOMC-UHFFFAOYSA-N	https://doi.org/	10.1038/nature13444	www.doi.org/10.1038/nature13444
457	YDNOHCOYQVZOMC-UHFFFAOYSA-N	https://pubmed.ncbi.nlm.nih.gov/	24919154	https://pubmed.ncbi.nlm.nih.gov/24919154/
458	OFWWWKWUCDUISA-UHFFFAOYSA-N	https://doi.org/	10.1021/acs.jmedchem.7b00306	http://pubs.acs.org/doi/abs/10.1021/acs.jmedchem.7b00306
459	OFWWWKWUCDUISA-UHFFFAOYSA-N	https://pubmed.ncbi.nlm.nih.gov/	28402630	https://www.ncbi.nlm.nih.gov/pubmed/28402630
460	CDQRIIUMNLMHRH-UHFFFAOYSA-N	https://pubmed.ncbi.nlm.nih.gov/	25192810	http://www.ncbi.nlm.nih.gov/pubmed/25192810
461	CHEANNSDVJOIBS-MHZLTWQESA-N	https://doi.org/	10.1021/ml300133f	www.doi.org/10.1021/ml300133f
462	CHEANNSDVJOIBS-MHZLTWQESA-N	https://doi.org/	10.1371/journal.pone.0046300	www.doi.org/10.1371/journal.pone.0046300
463	CHEANNSDVJOIBS-MHZLTWQESA-N	https://pubmed.ncbi.nlm.nih.gov/	24900539	https://pubmed.ncbi.nlm.nih.gov/24900539/
464	CHEANNSDVJOIBS-MHZLTWQESA-N	https://pubmed.ncbi.nlm.nih.gov/	23056280	https://pubmed.ncbi.nlm.nih.gov/23056280/
465	SFMJNHNUOVADRW-UHFFFAOYSA-N	https://doi.org/	10.1021/cb4000629	http://pubs.acs.org/doi/abs/10.1021/cb4000629
466	SFMJNHNUOVADRW-UHFFFAOYSA-N	https://pubmed.ncbi.nlm.nih.gov/	23594111	http://www.ncbi.nlm.nih.gov/pubmed/23594111
467	AOZPVMOOEJAZGK-UHFFFAOYSA-N	https://doi.org/	10.1021/cb400430t	http://pubs.acs.org/doi/abs/10.1021/cb400430t
468	AOZPVMOOEJAZGK-UHFFFAOYSA-N	https://pubmed.ncbi.nlm.nih.gov/	23899692	http://www.ncbi.nlm.nih.gov/pubmed/23899692
469	UMRRDXVUROEIKJ-JCXBGQGISA-N		http://www.nature.com/nchembio/journal/v12/n3/full/nchembio.2007.html	http://www.nature.com/nchembio/journal/v12/n3/full/nchembio.2007.html
470	UMRRDXVUROEIKJ-JCXBGQGISA-N	https://pubmed.ncbi.nlm.nih.gov/	26807715	http://www.ncbi.nlm.nih.gov/pubmed/26807715
471	QBGKPEROWUKSBK-QPPIDDCLSA-N	https://doi.org/	10.1021/ml4000657	http://pubs.acs.org/doi/abs/10.1021/ml4000657
472	QBGKPEROWUKSBK-QPPIDDCLSA-N		http://clincancerres.aacrjournals.org/content/22/5/1185.long	http://clincancerres.aacrjournals.org/content/22/5/1185.long
473	QBGKPEROWUKSBK-QPPIDDCLSA-N		http://cancerres.aacrjournals.org/content/73/8/2587.full-text.pdf	http://cancerres.aacrjournals.org/content/73/8/2587.full-text.pdf
474	QBGKPEROWUKSBK-QPPIDDCLSA-N	https://pubmed.ncbi.nlm.nih.gov/	24900694	https://www.ncbi.nlm.nih.gov/pubmed/24900694
475	QBGKPEROWUKSBK-QPPIDDCLSA-N	https://pubmed.ncbi.nlm.nih.gov/	26482041	https://www.ncbi.nlm.nih.gov/pubmed/26482041
476	QBGKPEROWUKSBK-QPPIDDCLSA-N	https://pubmed.ncbi.nlm.nih.gov/	23400593	https://www.ncbi.nlm.nih.gov/pubmed/23400593
477	NRSGWEVTVGZDFC-UHFFFAOYSA-N	https://doi.org/	10.1038/sj.bjp.0707484	www.doi.org/10.1038/sj.bjp.0707484
478	NRSGWEVTVGZDFC-UHFFFAOYSA-N	https://doi.org/	10.1002/cmdc.200800211	https://doi.org/10.1002/cmdc.200800211
479	NRSGWEVTVGZDFC-UHFFFAOYSA-N	https://pubmed.ncbi.nlm.nih.gov/	17934515	https://pubmed.ncbi.nlm.nih.gov/17934515/
480	NRSGWEVTVGZDFC-UHFFFAOYSA-N	https://pubmed.ncbi.nlm.nih.gov/	18973168	https://pubmed.ncbi.nlm.nih.gov/18973168/
481	HUUSXLKCTQDPGL-UHFFFAOYSA-N	https://doi.org/	10.1021/acsmedchemlett.6b00198	www.doi.org/10.1021/acsmedchemlett.6b00198
482	HUUSXLKCTQDPGL-UHFFFAOYSA-N	https://doi.org/	10.1038/nm.3806	www.doi.org/10.1038/nm.3806
483	HUUSXLKCTQDPGL-UHFFFAOYSA-N	https://doi.org/	10.1038/s41589-019-0278-6	www.doi.org/10.1038/s41589-019-0278-6
484	HUUSXLKCTQDPGL-UHFFFAOYSA-N	https://doi.org/	10.1038/s41589-019-0277-7	www.doi.org/10.1038/s41589-019-0277-7
485	HUUSXLKCTQDPGL-UHFFFAOYSA-N	https://pubmed.ncbi.nlm.nih.gov/	27994733	https://pubmed.ncbi.nlm.nih.gov/27994733/
486	HUUSXLKCTQDPGL-UHFFFAOYSA-N	https://pubmed.ncbi.nlm.nih.gov/	25686105	https://pubmed.ncbi.nlm.nih.gov/25686105/
487	HUUSXLKCTQDPGL-UHFFFAOYSA-N	https://pubmed.ncbi.nlm.nih.gov/	31086329	https://pubmed.ncbi.nlm.nih.gov/31086329/
488	HUUSXLKCTQDPGL-UHFFFAOYSA-N	https://pubmed.ncbi.nlm.nih.gov/	31086327	https://pubmed.ncbi.nlm.nih.gov/31086327/
489	ARBRHWRTXPWZGN-UHFFFAOYSA-N	https://doi.org/	10.1021/acs.jmedchem.2c00552	https://dx.doi.org/10.1021/acs.jmedchem.2c00552
490	PXVFFBGSTYQHRO-REQIQPEASA-N	https://doi.org/	10.1038/s41591-019-0668-z	www.doi.org/10.1038/s41591-019-0668-z
491	PXVFFBGSTYQHRO-REQIQPEASA-N	https://pubmed.ncbi.nlm.nih.gov/	31792461	https://pubmed.ncbi.nlm.nih.gov/31792461/
492	LIMCHOLAKDUZDS-XARBDFOFSA-N	https://doi.org/	10.1039/C8CC09541H	www.doi.org/10.1039/C8CC09541H
493	LIMCHOLAKDUZDS-XARBDFOFSA-N	https://pubmed.ncbi.nlm.nih.gov/	30672516	https://pubmed.ncbi.nlm.nih.gov/30672516/
494	QMGHHBHPDDAGGO-IIWOMYBWSA-N	https://doi.org/	10.1021/acs.jmedchem.7b00635	www.doi.org/10.1021/acs.jmedchem.7b00635
495	QMGHHBHPDDAGGO-IIWOMYBWSA-N	https://pubmed.ncbi.nlm.nih.gov/	28692295	https://pubmed.ncbi.nlm.nih.gov/28692295/
496	KPBNHDGDUADAGP-VAWYXSNFSA-N	https://pubmed.ncbi.nlm.nih.gov/	14612543	https://pubmed.ncbi.nlm.nih.gov/14612543
497	KPBNHDGDUADAGP-VAWYXSNFSA-N	https://doi.org/	10.3390/molecules27062011	https://dx.doi.org/10.3390/molecules27062011
498	JFOAJUGFHDCBJJ-UHFFFAOYSA-N	https://doi.org/	10.1016/j.bmcl.2011.05.122	https://dx.doi.org/10.1016/j.bmcl.2011.05.122
499	FNYGWXSATBUBER-UHFFFAOYSA-N	https://doi.org/	10.1126/science.1236062	www.doi.org/10.1126/science.1236062
500	FNYGWXSATBUBER-UHFFFAOYSA-N	https://pubmed.ncbi.nlm.nih.gov/	23558169	http://www.ncbi.nlm.nih.gov/pubmed/23558169
501	WVAKRQOMAINQPU-UHFFFAOYSA-N	https://doi.org/	10.1016/j.bmcl.2010.02.076	https://dx.doi.org/10.1016/j.bmcl.2010.02.076
502	WVAKRQOMAINQPU-UHFFFAOYSA-N	https://doi.org/	10.1016/j.cmet.2009.12.008	https://dx.doi.org/10.1016/j.cmet.2009.12.008
503	NAXSRXHZFIBFMI-UHFFFAOYSA-N	https://doi.org/	10.1021/jm0255116	http://pubs.acs.org/doi/abs/10.1021/jm0255116
504	NAXSRXHZFIBFMI-UHFFFAOYSA-N	https://pubmed.ncbi.nlm.nih.gov/	11985463	https://www.ncbi.nlm.nih.gov/pubmed/11985463
505	RZXMIHOUHYSGJO-UHFFFAOYSA-N	https://doi.org/	10.1021/jm401768t	http://pubs.acs.org/doi/abs/10.1021/jm401768t
506	RZXMIHOUHYSGJO-UHFFFAOYSA-N	https://pubmed.ncbi.nlm.nih.gov/	24432870	https://www.ncbi.nlm.nih.gov/pubmed/24432870
507	ZDBWLRLGUBSLPG-FDHYQTMZSA-N	https://doi.org/	10.1021/acs.jmedchem.5b01355	https://dx.doi.org/10.1021/acs.jmedchem.5b01355
508	ZDBWLRLGUBSLPG-FDHYQTMZSA-N	https://doi.org/	10.1038/nchembio.1699	https://dx.doi.org/10.1038/nchembio.1699
509	KSGZCKSNTAJOJS-DZBMUNJRSA-N		http://www.nature.com/nature/journal/v526/n7572/full/nature14904.html	http://www.nature.com/nature/journal/v526/n7572/full/nature14904.html
510	KSGZCKSNTAJOJS-DZBMUNJRSA-N	https://pubmed.ncbi.nlm.nih.gov/	26416749	http://www.ncbi.nlm.nih.gov/pubmed/26416749
511	JLFSBHQQXIAQEC-UHFFFAOYSA-N		http://www.impactjournals.com/oncotarget/index.php?journal=oncotarget&page=article&op=view&path[]=5846&pubmed-linkout=1	http://www.impactjournals.com/oncotarget/index.php?journal=oncotarget&page=article&op=view&path[]=5846&pubmed-linkout=1
512	JLFSBHQQXIAQEC-UHFFFAOYSA-N	https://pubmed.ncbi.nlm.nih.gov/	26513298	http://www.ncbi.nlm.nih.gov/pubmed/26513298
513	FWLMVFUGMHIOAA-UHFFFAOYSA-N	https://doi.org/	10.1093/jnci/djt210	https://dx.doi.org/10.1093/jnci/djt210
514	XYFPWWZEPKGCCK-GOSISDBHSA-N		http://www.pnas.org/content/107/29/13075.long	http://www.pnas.org/content/107/29/13075.long
515	XYFPWWZEPKGCCK-GOSISDBHSA-N	https://pubmed.ncbi.nlm.nih.gov/	20615965	https://www.ncbi.nlm.nih.gov/pubmed/20615965
516	LLVZBTWPGQVVLW-SNAWJCMRSA-N		http://cancerres.aacrjournals.org/content/67/20/9887.long	http://cancerres.aacrjournals.org/content/67/20/9887.long
517	LLVZBTWPGQVVLW-SNAWJCMRSA-N	https://pubmed.ncbi.nlm.nih.gov/	17942920	http://www.ncbi.nlm.nih.gov/pubmed/17942920
518	GJFCSAPFHAXMSF-UXBLZVDNSA-N	https://doi.org/	10.1016/j.chembiol.2011.11.010	www.doi.org/10.1016/j.chembiol.2011.11.010
519	GJFCSAPFHAXMSF-UXBLZVDNSA-N	https://pubmed.ncbi.nlm.nih.gov/	22284361	http://www.ncbi.nlm.nih.gov/pubmed/22284361
520	PNYRDVBFYVDJJI-UHFFFAOYSA-N	https://doi.org/	10.1074/jbc.M114.626861	www.doi.org/10.1074/jbc.M114.626861
521	PNYRDVBFYVDJJI-UHFFFAOYSA-N	https://pubmed.ncbi.nlm.nih.gov/	25825497	http://www.ncbi.nlm.nih.gov/pubmed/25825497
522	VUVUVNZRUGEAHB-CYBMUJFWSA-N	https://doi.org/	10.1038/nature10509	www.doi.org/10.1038/nature10509
523	VUVUVNZRUGEAHB-CYBMUJFWSA-N	https://pubmed.ncbi.nlm.nih.gov/	21964340	http://www.ncbi.nlm.nih.gov/pubmed/21964340
524	ALGHKWSXJUQNJJ-UHFFFAOYSA-N	https://doi.org/	10.1021/jm900773n	https://dx.doi.org/10.1021/jm900773n
525	QPTCYEYTAWEZNT-UHFFFAOYSA-N	https://doi.org/	10.1038/s41586-020-2027-0	www.doi.org/10.1038/s41586-020-2027-0
526	QPTCYEYTAWEZNT-UHFFFAOYSA-N	https://pubmed.ncbi.nlm.nih.gov/	32040955	https://www.ncbi.nlm.nih.gov/pubmed/32040955
527	HNCVDRFFJZJQRW-UHFFFAOYSA-N	https://doi.org/	10.1038/s41589-020-0592-z	www.doi.org/10.1038/s41589-020-0592-z
528	HNCVDRFFJZJQRW-UHFFFAOYSA-N	https://pubmed.ncbi.nlm.nih.gov/	32690945	https://pubmed.ncbi.nlm.nih.gov/32690945/
529	KSERXGMCDHOLSS-LJQANCHMSA-N	https://doi.org/	10.1021/acs.jmedchem.5b00466	https://dx.doi.org/10.1021/acs.jmedchem.5b00466
530	KSERXGMCDHOLSS-LJQANCHMSA-N	https://doi.org/	10.1016/j.jpba.2016.03.036	https://dx.doi.org/10.1016/j.jpba.2016.03.036
531	BIAVGWDGIJKWRM-FQEVSTJZSA-N	https://pubmed.ncbi.nlm.nih.gov/	9190866	https://pubmed.ncbi.nlm.nih.gov/9190866
532	WRCGBYNVBFVRTN-UHFFFAOYSA-N	https://doi.org/	10.1158/1535-7163.MCT-19-0957	https://dx.doi.org/10.1158/1535-7163.MCT-19-0957
533	XNULRSOGWPFPBL-REWPJTCUSA-N	https://doi.org/	10.1021/jm100505n	https://dx.doi.org/10.1021/jm100505n
534	ADZBMFGQQWPHMJ-RHSMWYFYSA-N	https://doi.org/	10.1038/nm.3337	https://dx.doi.org/10.1038/nm.3337
535	ADZBMFGQQWPHMJ-RHSMWYFYSA-N	https://doi.org/	10.4161/onci.26968	https://dx.doi.org/10.4161/onci.26968
536	KYOIGHSNTIJBPW-UHFFFAOYSA-N	https://pubmed.ncbi.nlm.nih.gov/	27779865	https://www.ncbi.nlm.nih.gov/pubmed/27779865
537	KYOIGHSNTIJBPW-UHFFFAOYSA-N	https://pubmed.ncbi.nlm.nih.gov/	27077078	https://www.ncbi.nlm.nih.gov/pubmed/27077078
538	ILOIOIGZFHGSMS-UHFFFAOYSA-N	https://doi.org/	10.1021/jm049614v	https://dx.doi.org/10.1021/jm049614v
539	ILOIOIGZFHGSMS-UHFFFAOYSA-N	https://doi.org/	10.1074/jbc.M606646200	https://dx.doi.org/10.1074/jbc.M606646200
540	ILOIOIGZFHGSMS-UHFFFAOYSA-N	https://doi.org/	10.1124/jpet.104.069401	https://dx.doi.org/10.1124/jpet.104.069401
541	FROGGFONBYACJB-KRWDZBQOSA-N	https://doi.org/	10.1021/jm300700v	https://dx.doi.org/10.1021/jm300700v
542	UQZCQKXJAXKZQH-LBPRGKRZSA-N	https://doi.org/	10.1016/j.ccell.2021.06.018	https://dx.doi.org/10.1016/j.ccell.2021.06.018
543	JZCWLJDSIRUGIN-UHFFFAOYSA-N	https://doi.org/	10.1038/cddis.2012.181	https://dx.doi.org/10.1038/cddis.2012.181
544	JZCWLJDSIRUGIN-UHFFFAOYSA-N	https://doi.org/	10.1158/0008-5472.CAN-13-3369	https://dx.doi.org/10.1158/0008-5472.CAN-13-3369
545	LCFFREMLXLZNHE-GBOLQPHISA-N	https://doi.org/	10.1021/acs.jmedchem.1c01170	https://dx.doi.org/10.1021/acs.jmedchem.1c01170
546	FUIYMYNYUHVDPT-HDJSIYSDSA-N	https://doi.org/	10.1021/jm801507v	https://dx.doi.org/10.1021/jm801507v
547	XOPYFXBZMVTEJF-PDACKIITSA-N		http://cancerres.aacrjournals.org/content/58/6/1111.long	http://cancerres.aacrjournals.org/content/58/6/1111.long
548	XOPYFXBZMVTEJF-PDACKIITSA-N		http://www.pnas.org/content/96/8/4256.long	http://www.pnas.org/content/96/8/4256.long
549	XOPYFXBZMVTEJF-PDACKIITSA-N	https://doi.org/	10.1021/bi983023n	http://pubs.acs.org.libproxy.lib.unc.edu/doi/abs/10.1021/bi983023n
550	XOPYFXBZMVTEJF-PDACKIITSA-N		https://link.springer.com/article/10.1007%2Fs002800050957	https://link.springer.com/article/10.1007%2Fs002800050957
551	XOPYFXBZMVTEJF-PDACKIITSA-N	https://doi.org/	10.1021/ja9717828	www.doi.org/10.1021/ja9717828
552	XOPYFXBZMVTEJF-PDACKIITSA-N	https://pubmed.ncbi.nlm.nih.gov/	9515790	https://www.ncbi.nlm.nih.gov/pubmed/9515790
553	XOPYFXBZMVTEJF-PDACKIITSA-N	https://pubmed.ncbi.nlm.nih.gov/	10200249	https://www.ncbi.nlm.nih.gov/pubmed/10200249
554	XOPYFXBZMVTEJF-PDACKIITSA-N	https://pubmed.ncbi.nlm.nih.gov/	10220336	https://www.ncbi.nlm.nih.gov/pubmed/10220336
555	XOPYFXBZMVTEJF-PDACKIITSA-N	https://pubmed.ncbi.nlm.nih.gov/	10412947	https://www.ncbi.nlm.nih.gov/pubmed/10412947
556	GRTDDIZIUSADLD-CRAIPNDOSA-N	https://doi.org/	10.1021/acs.jmedchem.2c00834	https://dx.doi.org/10.1021/acs.jmedchem.2c00834
557	OXQNLLVUVDAEHC-OAQYLSRUSA-N	https://doi.org/	10.1016/j.bmcl.2012.07.060	https://dx.doi.org/10.1016/j.bmcl.2012.07.060
558	PKNYXWMTHFMHKD-UHFFFAOYSA-N	https://doi.org/	10.1016/S0960-894X(01)00188-3	https://dx.doi.org/10.1016/S0960-894X(01)00188-3
559	HRJWSEPIRZRGCL-UHFFFAOYSA-N	https://doi.org/	10.1111/j.1476-5381.2010.00730.x	https://dx.doi.org/10.1111/j.1476-5381.2010.00730.x
560	KBFUQFVFYYBHBT-UHFFFAOYSA-N	https://doi.org/	10.1073/pnas.97.14.8151	https://dx.doi.org/10.1073/pnas.97.14.8151
561	OYUDYQMFVRHPIY-UHFFFAOYSA-N	https://doi.org/	10.1021/acs.jmedchem.1c02110	https://dx.doi.org/10.1021/acs.jmedchem.1c02110
562	USHQRIKZLHNPQR-JTQLQIEISA-N	https://doi.org/	10.1021/acs.jmedchem.1c00343	https://dx.doi.org/10.1021/acs.jmedchem.1c00343
563	PQUGCKBLVKJMNT-UHFFFAOYSA-N	https://doi.org/	10.1073/pnas.95.22.13313	https://dx.doi.org/10.1073/pnas.95.22.13313
564	PQUGCKBLVKJMNT-UHFFFAOYSA-N	https://pubmed.ncbi.nlm.nih.gov/	12935431	https://pubmed.ncbi.nlm.nih.gov/12935431
565	WWOOWAHTEXIWBO-QFRSUPTLSA-N	https://doi.org/	10.1021/acsmedchemlett.8b00014	https://dx.doi.org/10.1021/acsmedchemlett.8b00014
566	WULUGQONDYDNKY-UHFFFAOYSA-N	https://doi.org/	10.1021/acsmedchemlett.9b00480	https://dx.doi.org/10.1021/acsmedchemlett.9b00480
567	WULUGQONDYDNKY-UHFFFAOYSA-N	https://doi.org/	10.1158/1535-7163.MCT-19-0789	https://dx.doi.org/10.1158/1535-7163.MCT-19-0789
568	CJAQCMBWGUOBIX-ZUQRMPMESA-M	https://doi.org/	10.1523/JNEUROSCI.4742-12.2013	https://dx.doi.org/10.1523/JNEUROSCI.4742-12.2013
569	YEVOZZZLKJKCCD-UHFFFAOYSA-N	https://doi.org/	10.1021/ml300123a	https://dx.doi.org/10.1021/ml300123a
570	PRNXOFBDXNTIFG-FQEVSTJZSA-N	https://doi.org/	10.18632/oncotarget.18215	https://dx.doi.org/10.18632/oncotarget.18215
571	PRNXOFBDXNTIFG-FQEVSTJZSA-N	https://doi.org/	10.1007/s11095-019-2735-z	https://dx.doi.org/10.1007/s11095-019-2735-z
572	PQOOIERVZAXHBP-UHFFFAOYSA-N	https://doi.org/	10.1038/nchembio.1157	www.doi.org/10.1038/nchembio.1157
573	PQOOIERVZAXHBP-UHFFFAOYSA-N	https://pubmed.ncbi.nlm.nih.gov/	23292653	http://www.ncbi.nlm.nih.gov/pubmed/23292653
574	COOGVHJHSCBOQT-MRVPVSSYSA-N	https://doi.org/	10.1021/jm401727m	https://dx.doi.org/10.1021/jm401727m
575	DLNFTRSEHUWEGO-HUUCEWRRSA-N		https://pubmed.ncbi.nlm.nih.gov/not yet available	https://pubmed.ncbi.nlm.nih.gov/not yet available
576	LIIWIMDSZVNYHY-UHFFFAOYSA-N		http://www.nature.com/npp/journal/v39/n2/full/npp2013207a.html	http://www.nature.com/npp/journal/v39/n2/full/npp2013207a.html
577	LIIWIMDSZVNYHY-UHFFFAOYSA-N	https://pubmed.ncbi.nlm.nih.gov/	23954848	https://www.ncbi.nlm.nih.gov/pubmed/23954848
578	PDMXSCCBEBCTGX-UHFFFAOYSA-N	https://doi.org/	10.1016/j.bmc.2017.02.045	https://dx.doi.org/10.1016/j.bmc.2017.02.045
579	QBIGUDRHHJTXKG-UUWRZZSWSA-N	https://doi.org/	10.1038/s41598-021-90497-9	https://dx.doi.org/10.1038/s41598-021-90497-9
580	JYTISQGEFSHUIR-UHFFFAOYSA-N	https://doi.org/	10.1016/j.bmcl.2021.128208	https://dx.doi.org/10.1016/j.bmcl.2021.128208
581	GRXCLNMCJWKTAT-UHFFFAOYSA-N	https://doi.org/	10.1021/acs.jmedchem.5b01008	https://dx.doi.org/10.1021/acs.jmedchem.5b01008
582	VGRLXWFIXGZRMS-UHFFFAOYSA-N		https://pubmed.ncbi.nlm.nih.gov/not yet published	https://pubmed.ncbi.nlm.nih.gov/not yet published
583	PGKXDIMONUAMFR-AREMUKBSSA-N	https://doi.org/	10.1016/0024-3205(92)90352-p	https://dx.doi.org/10.1016/0024-3205(92)90352-p
584	PWKAYICUBVNJAZ-UHFFFAOYSA-N	https://doi.org/	10.1021/acs.jmedchem.0c01712	https://dx.doi.org/10.1021/acs.jmedchem.0c01712
585	MSTXJJGAXXJCBY-UHFFFAOYSA-N	https://doi.org/	10.1021/jm100814g	https://dx.doi.org/10.1021/jm100814g
586	VHSVKVWHYFBIFJ-HKZYLEAXSA-N	https://doi.org/	10.1038/nchembio775	https://dx.doi.org/10.1038/nchembio775
587	IVDUVEGCMXCMSO-FQEVSTJZSA-N	https://doi.org/	10.1038/nchembio.1427	https://dx.doi.org/10.1038/nchembio.1427
588	WOAOENGFAAUUGT-UHFFFAOYSA-N	https://doi.org/	10.1038/s41589-019-0310-x	https://dx.doi.org/10.1038/s41589-019-0310-x
589	HRJWTAWVFDCTGO-UHFFFAOYSA-N	https://doi.org/	10.1021/jm049768a	https://dx.doi.org/10.1021/jm049768a
590	HRJWTAWVFDCTGO-UHFFFAOYSA-N	https://doi.org/	10.1124/dmd.112.048488	https://dx.doi.org/10.1124/dmd.112.048488
591	BZZKEPGENYLQSC-FIBGUPNXSA-N	https://doi.org/	10.1021/acs.jmedchem.9b00444	https://dx.doi.org/10.1021/acs.jmedchem.9b00444
592	XUKUURHRXDUEBC-KAYWLYCHSA-N	https://doi.org/	10.1021/jm800001n	https://doi.org/10.1021/jm800001n
593	XUKUURHRXDUEBC-KAYWLYCHSA-N	https://doi.org/	10.1124/dmd.113.054783	https://doi.org/10.1124/dmd.113.054783
594	XUKUURHRXDUEBC-KAYWLYCHSA-N	https://pubmed.ncbi.nlm.nih.gov/	18412317	https://pubmed.ncbi.nlm.nih.gov/18412317/
595	XUKUURHRXDUEBC-KAYWLYCHSA-N	https://pubmed.ncbi.nlm.nih.gov/	24194513	https://pubmed.ncbi.nlm.nih.gov/24194513/
596	WDHOIABIERMLGY-CMJOXMDJSA-N	https://doi.org/	10.1021/acs.jmedchem.0c01163	https://doi.org/10.1021/acs.jmedchem.0c01163
597	WDHOIABIERMLGY-CMJOXMDJSA-N	https://pubmed.ncbi.nlm.nih.gov/	32910656	https://pubmed.ncbi.nlm.nih.gov/32910656/
598	YTINZZFBHWSAGL-NDEPHWFRSA-N	https://doi.org/	10.1021/acs.jmedchem.9b01928	https://dx.doi.org/10.1021/acs.jmedchem.9b01928
599	VNCIWNGCMAKKEO-UHFFFAOYSA-N	https://doi.org/	10.1021/acs.jmedchem.2c01106	https://dx.doi.org/10.1021/acs.jmedchem.2c01106
600	VRQMAABPASPXMW-HDICACEKSA-N	https://doi.org/	10.1158/0008-5472.CAN-11-3034	www.doi.org/10.1158/0008-5472.CAN-11-3034
601	VRQMAABPASPXMW-HDICACEKSA-N	https://pubmed.ncbi.nlm.nih.gov/	22369928	https://www.ncbi.nlm.nih.gov/pubmed/?term=22369928
602	AVKAVKZKOFSSMY-DEOSSOPVSA-N	https://doi.org/	10.1021/acs.jmedchem.9b00112	https://dx.doi.org/10.1021/acs.jmedchem.9b00112
603	QGNDVASWIHEXCL-AWEZNQCLSA-N	https://doi.org/	10.1002/anie.201810617	www.doi.org/10.1002/anie.201810617
604	QGNDVASWIHEXCL-AWEZNQCLSA-N	https://doi.org/	10.1101/2021.02.08.430291	www.doi.org/10.1101/2021.02.08.430291
605	QGNDVASWIHEXCL-AWEZNQCLSA-N	https://pubmed.ncbi.nlm.nih.gov/	30288907	https://pubmed.ncbi.nlm.nih.gov/30288907/
606	QCIJLRJBZDBVDB-UHFFFAOYSA-N	https://doi.org/	10.1021/ml5002932	https://dx.doi.org/10.1021/ml5002932
607	ZKIRTFGYQVXNGL-UHFFFAOYSA-N	https://doi.org/	10.1021/acsmedchemlett.7b00132	https://dx.doi.org/10.1021/acsmedchemlett.7b00132
608	AQTNUGRRZDRZIA-UHFFFAOYSA-N	https://doi.org/	10.1021/acs.jmedchem.0c01242	www.doi.org/10.1021/acs.jmedchem.0c01242
609	AQTNUGRRZDRZIA-UHFFFAOYSA-N	https://pubmed.ncbi.nlm.nih.gov/	33216538	https://pubmed.ncbi.nlm.nih.gov/33216538/
610	RZFJBSIAXYEPBX-UHFFFAOYSA-N	https://doi.org/	10.1016/j.bmcl.2012.08.107	https://dx.doi.org/10.1016/j.bmcl.2012.08.107
611	IXWUILRSNIQHDM-QGZVFWFLSA-N	https://doi.org/	10.1101/2021.02.08.430291	https://doi.org/10.1101/2021.02.08.430291
612	INAICWLVUAKEPB-QSTFCLMHSA-N		http://advances.sciencemag.org/content/1/10/e1500723	http://advances.sciencemag.org/content/1/10/e1500723
613	INAICWLVUAKEPB-QSTFCLMHSA-N	https://doi.org/	10.1021/acs.jmedchem.6b00012	http://pubs.acs.org/doi/abs/10.1021/acs.jmedchem.6b00012
614	INAICWLVUAKEPB-QSTFCLMHSA-N	https://doi.org/	10.1172/JCI123557	www.doi.org/10.1172/JCI123557
615	INAICWLVUAKEPB-QSTFCLMHSA-N	https://doi.org/	10.1158/0008-5472.CAN-14-3798	www.doi.org/10.1158/0008-5472.CAN-14-3798
616	INAICWLVUAKEPB-QSTFCLMHSA-N	https://pubmed.ncbi.nlm.nih.gov/	26702435	https://www.ncbi.nlm.nih.gov/pubmed/26702435
617	INAICWLVUAKEPB-QSTFCLMHSA-N	https://pubmed.ncbi.nlm.nih.gov/	27115555	https://www.ncbi.nlm.nih.gov/pubmed/27115555
618	INAICWLVUAKEPB-QSTFCLMHSA-N	https://pubmed.ncbi.nlm.nih.gov/	26139243	https://www.ncbi.nlm.nih.gov/pubmed/26139243
619	INAICWLVUAKEPB-QSTFCLMHSA-N	https://pubmed.ncbi.nlm.nih.gov/	30496141	https://www.ncbi.nlm.nih.gov/pubmed/30496141
620	GWGNPYYVGANHRJ-GDBMZVCRSA-N	https://doi.org/	10.3324/haematol.2018.213462	https://dx.doi.org/10.3324/haematol.2018.213462
621	AUOSKLDNVNGKRR-UHFFFAOYSA-N	https://doi.org/	10.1021/acs.jmedchem.8b01213	https://dx.doi.org/10.1021/acs.jmedchem.8b01213
622	KGXBCWANASZZQG-UHFFFAOYSA-N	https://doi.org/	10.1016/j.bmcl.2017.08.016	https://dx.doi.org/10.1016/j.bmcl.2017.08.016
623	ZRTFTZCKJUNZIU-HNNXBMFYSA-N	https://doi.org/	10.1101/2021.02.08.430291	www.doi.org/10.1101/2021.02.08.430291
624	CZKPAGLXQOQNEI-UHFFFAOYSA-N	https://doi.org/	10.1002/cmdc.201700196/abstract;jsessionid=E1DA8D079D35506DB622BB1A87D3121B.f02t01	http://onlinelibrary.wiley.com/doi/10.1002/cmdc.201700196/abstract;jsessionid=E1DA8D079D35506DB622BB1A87D3121B.f02t01
625	CZKPAGLXQOQNEI-UHFFFAOYSA-N	https://pubmed.ncbi.nlm.nih.gov/	28523727	https://www.ncbi.nlm.nih.gov/pubmed/28523727
626	JKJMWHULJIOKPJ-UHFFFAOYSA-N	https://doi.org/	10.1038/nchembio.1105	https://dx.doi.org/10.1038/nchembio.1105
627	TXJZRSRTYPUYRW-GHTZIAJQSA-N		http://www.sciencedirect.com/science/article/pii/S1074552108000835	http://www.sciencedirect.com/science/article/pii/S1074552108000835
628	TXJZRSRTYPUYRW-GHTZIAJQSA-N		http://www.cell.com/cell/abstract/S0092-8674(13)01544-4	http://www.cell.com/cell/abstract/S0092-8674(13)01544-4
629	TXJZRSRTYPUYRW-GHTZIAJQSA-N	https://pubmed.ncbi.nlm.nih.gov/	18355723	http://www.ncbi.nlm.nih.gov/pubmed/18355723
630	TXJZRSRTYPUYRW-GHTZIAJQSA-N	https://pubmed.ncbi.nlm.nih.gov/	24439385	http://www.ncbi.nlm.nih.gov/pubmed/24439385
631	ARYUXFNGXHNNDM-UHFFFAOYSA-N	https://doi.org/	10.1021/jm9005065	https://dx.doi.org/10.1021/jm9005065
632	WQAVGRAETZEADU-UHFFFAOYSA-N	https://doi.org/	10.1021/acs.jmedchem.1c01012	https://dx.doi.org/10.1021/acs.jmedchem.1c01012
633	MLJVGAYSVYMPSB-MSUKGTQXSA-N	https://doi.org/	10.1038/s41467-020-16271-z	https://dx.doi.org/10.1038/s41467-020-16271-z
634	CDJPHTNUARAVMH-SECBINFHSA-N	https://doi.org/	10.1021/acs.jmedchem.5b01528	https://pubs.acs.org/doi/10.1021/acs.jmedchem.5b01528
635	HFNKQEVNSGCOJV-OAHLLOKOSA-N		http://www.bloodjournal.org/content/early/2010/02/03/blood-2009-04-214957	http://www.bloodjournal.org/content/early/2010/02/03/blood-2009-04-214957
636	HFNKQEVNSGCOJV-OAHLLOKOSA-N	https://pubmed.ncbi.nlm.nih.gov/	20130243	http://www.ncbi.nlm.nih.gov/pubmed/20130243
637	OQFCHSFVWSLDAO-UHFFFAOYSA-N	https://doi.org/	10.1038/s41589-020-0506-0	https://dx.doi.org/10.1038/s41589-020-0506-0
638	WSEQXVZVJXJVFP-FQEVSTJZSA-N	https://doi.org/	10.1038/nature17629	https://dx.doi.org/10.1038/nature17629
639	WSEQXVZVJXJVFP-FQEVSTJZSA-N	https://doi.org/	10.1124/dmd.112.045682	https://dx.doi.org/10.1124/dmd.112.045682
640	AJBBEYXFRYFVNM-UHFFFAOYSA-N	https://doi.org/	10.1021/jm990421v	https://dx.doi.org/10.1021/jm990421v
641	HNOLTAKAPDKZRY-AWEZNQCLSA-N	https://doi.org/	10.1038/s41589-019-0225-6	https://dx.doi.org/10.1038/s41589-019-0225-6
642	KJDAGXLMHXUAGV-DGWLBADLSA-N	https://doi.org/	10.1038/nm.4474	www.doi.org/10.1038/nm.4474
643	KJDAGXLMHXUAGV-DGWLBADLSA-N	https://doi.org/	10.1016/j.str.2017.05.001	www.doi.org/10.1016/j.str.2017.05.001
644	KJDAGXLMHXUAGV-DGWLBADLSA-N	https://doi.org/	10.1038/s41375-018-0167-0	www.doi.org/10.1038/s41375-018-0167-0
645	KJDAGXLMHXUAGV-DGWLBADLSA-N	https://pubmed.ncbi.nlm.nih.gov/	29334375	https://pubmed.ncbi.nlm.nih.gov/29334375/
646	KJDAGXLMHXUAGV-DGWLBADLSA-N	https://pubmed.ncbi.nlm.nih.gov/	28578874	https://pubmed.ncbi.nlm.nih.gov/28578874
647	KJDAGXLMHXUAGV-DGWLBADLSA-N	https://pubmed.ncbi.nlm.nih.gov/	29884901	https://pubmed.ncbi.nlm.nih.gov/29884901
648	FLNYLINBEZROPL-NSOVKSMOSA-N	https://doi.org/	10.1021/jm2017072	https://dx.doi.org/10.1021/jm2017072
649	CMJJZRAAQMUAFH-INIZCTEOSA-N	https://doi.org/	10.1021/acs.jmedchem.6b00140	https://dx.doi.org/10.1021/acs.jmedchem.6b00140
650	MSIJJXOWLFOYIN-UHFFFAOYSA-N	https://doi.org/	10.1039/d0ob00506a	https://dx.doi.org/ 10.1039/d0ob00506a
651	FFLJVBPCONQSQW-UHFFFAOYSA-N		https://pubmed.ncbi.nlm.nih.gov/Peer Reviewed at SGC	https://pubmed.ncbi.nlm.nih.gov/Peer Reviewed at SGC
652	IESAJAZKMLPVIB-VXGBXAGGSA-N	https://doi.org/	10.1021/acs.jmedchem.2c01830	https://dx.doi.org/10.1021/acs.jmedchem.2c01830
653	PEMUGDMSUDYLHU-ZEQRLZLVSA-N	https://doi.org/	10.1021/acs.jmedchem.9b02052	https://doi.org/10.1021/acs.jmedchem.9b02052
654	PEMUGDMSUDYLHU-ZEQRLZLVSA-N	https://doi.org/	10.1158/2159-8290.CD-19-1167	www.doi.org/10.1158/2159-8290.CD-19-1167
655	PEMUGDMSUDYLHU-ZEQRLZLVSA-N	https://pubmed.ncbi.nlm.nih.gov/	32250617	https://pubmed.ncbi.nlm.nih.gov/32250617/
656	PEMUGDMSUDYLHU-ZEQRLZLVSA-N	https://pubmed.ncbi.nlm.nih.gov/	31658955	https://pubmed.ncbi.nlm.nih.gov/31658955/
657	NXQKSXLFSAEQCZ-SFHVURJKSA-N	https://doi.org/	10.1021/acs.jmedchem.9b01180	https://doi.org/10.1021/acs.jmedchem.9b01180
658	NXQKSXLFSAEQCZ-SFHVURJKSA-N	https://doi.org/	10.1038/s41586-019-1694-1	https://doi.org/10.1038/s41586-019-1694-1
659	NXQKSXLFSAEQCZ-SFHVURJKSA-N	https://pubmed.ncbi.nlm.nih.gov/	31820981	https://pubmed.ncbi.nlm.nih.gov/31820981/
660	NXQKSXLFSAEQCZ-SFHVURJKSA-N	https://pubmed.ncbi.nlm.nih.gov/	31666701	https://pubmed.ncbi.nlm.nih.gov/31666701/
661	CAPZLSKZPWSIKV-LJQANCHMSA-N		https://pubmed.ncbi.nlm.nih.gov/Peer reviewed at SGC	https://pubmed.ncbi.nlm.nih.gov/Peer reviewed at SGC
662	RIGHCDSORZCRDE-UHFFFAOYSA-N		https://pubmed.ncbi.nlm.nih.gov/Peer reviewed at SGC	https://pubmed.ncbi.nlm.nih.gov/Peer reviewed at SGC
663	RAXZSEGXMBWYQK-SNVBAGLBSA-N	https://doi.org/	10.7554/eLife.34311	https://dx.doi.org/10.7554/eLife.34311
664	MVCOAUNKQVWQHZ-UHFFFAOYSA-N	https://doi.org/	10.1021/jm030121k	https://dx.doi.org/10.1021/jm030121k
665	RHFIAUKMKYHHFA-UHFFFAOYSA-N	https://doi.org/	10.1021/jm5013984	www.doi.org/10.1021/jm5013984
666	RHFIAUKMKYHHFA-UHFFFAOYSA-N	https://doi.org/	10.1021/acs.jmedchem.5b01072	www.doi.org/10.1021/acs.jmedchem.5b01072
667	RHFIAUKMKYHHFA-UHFFFAOYSA-N	https://pubmed.ncbi.nlm.nih.gov/	25341110	https://pubmed.ncbi.nlm.nih.gov/25341110/
668	RHFIAUKMKYHHFA-UHFFFAOYSA-N	https://pubmed.ncbi.nlm.nih.gov/	26431428	https://pubmed.ncbi.nlm.nih.gov/26431428/
669	LUVOYGUFQRWXGQ-UHFFFAOYSA-N	https://doi.org/	10.1158/1538-7445.AM2022-2133	https://dx.doi.org/10.1158/1538-7445.AM2022-2133
670	MCLDWKVRXDHDEI-UHFFFAOYSA-N	https://doi.org/	10.7554/eLife.88206	https://dx.doi.org/10.7554/eLife.88206
671	VSMTYSWGHKYXOF-UHFFFAOYSA-N	https://doi.org/	10.1021/acsmedchemlett.1c00273	https://dx.doi.org/10.1021/acsmedchemlett.1c00273
672	NWTCZTAQSRLSCP-UHFFFAOYSA-N	https://doi.org/	10.7554/eLife.45457	https://dx.doi.org/10.7554/eLife.45457
673	DRSZMILOMUPIBJ-UHFFFAOYSA-N	https://doi.org/	10.1021/ml500240d	https://dx.doi.org/10.1021/ml500240d
674	ZLHFILGSQDJULK-UHFFFAOYSA-N	https://doi.org/	10.1021/cb100053q	https://dx.doi.org/10.1021/cb100053q
675	ZLHFILGSQDJULK-UHFFFAOYSA-N	https://doi.org/	10.1158/1078-0432.CCR-11-1536	https://dx.doi.org/10.1158/1078-0432.CCR-11-1536
676	CWLAIOPWFOOJHQ-QHCPKHFHSA-N	https://doi.org/	10.1021/acs.jmedchem.3c00393	https://dx.doi.org/10.1021/acs.jmedchem.3c00393
677	NCDZABJPWMBMIQ-INIZCTEOSA-N	https://doi.org/	10.1021/jm300592r	https://dx.doi.org/10.1021/jm300592r
678	XDJGNPSZQSWJCV-UHFFFAOYSA-N	https://doi.org/	10.1021/acs.jmedchem.6b01634	https://dx.doi.org/10.1021/acs.jmedchem.6b01634
679	UZWDCWONPYILKI-UHFFFAOYSA-N	https://doi.org/	10.1007/s10637-014-0120-7	https://dx.doi.org/10.1007/s10637-014-0120-7
680	QJZQFVRFJCGDKF-UHFFFAOYSA-N	https://doi.org/	10.1021/jm901771h	https://dx.doi.org/10.1021/jm901771h
681	YOVVNQKCSKSHKT-HNNXBMFYSA-N	https://doi.org/	10.1021/jm2009327	https://dx.doi.org/10.1021/jm2009327
682	GBLBJPZSROAGMF-RWYJCYHVSA-N	https://doi.org/	10.1016/j.bmcl.2021.128149	https://dx.doi.org/10.1016/j.bmcl.2021.128149
683	HWVNEWGKWRGSRK-UHFFFAOYSA-N	https://doi.org/	10.1016/s0960-894x(03)00207-5	https://dx.doi.org/10.1016/s0960-894x(03)00207-5
684	KVLFRAWTRWDEDF-IRXDYDNUSA-N	https://doi.org/	10.1158/0008-5472.CAN-09-1751	https://dx.doi.org/10.1158/0008-5472.CAN-09-1751
685	HFLMLZKGLUEWBU-UHFFFAOYSA-N	https://doi.org/	10.1021/ml200070g	https://dx.doi.org/10.1021/ml200070g
686	UKBQFBRPXKGJPY-INIZCTEOSA-N	https://doi.org/	10.1021/acs.jmedchem.2c01200	https://dx.doi.org/10.1021/acs.jmedchem.2c01200
687	OAZAPIKYVGRNCO-UHFFFAOYSA-N	https://doi.org/	10.1021/acs.jmedchem.1c02078	https://dx.doi.org/10.1021/acs.jmedchem.1c02078
688	RSMYFSPOTCDHHJ-GOSISDBHSA-N	https://doi.org/	10.1021/acs.jmedchem.6b00070	https://dx.doi.org/10.1021/acs.jmedchem.6b00070
689	GOOYSJIWTIHOGW-UHFFFAOYSA-N	https://doi.org/	10.1124/jpet.116.235333	https://dx.doi.org/10.1124/jpet.116.235333
690	JKDGKIBAOAFRPJ-ZBINZKHDSA-N	https://doi.org/	10.1021/acs.jmedchem.7b00231	https://dx.doi.org/10.1021/acs.jmedchem.7b00231
691	SJHNWSAWWOAWJH-MRXNPFEDSA-N	https://doi.org/	10.1021/acsmedchemlett.0c00255	https://dx.doi.org/10.1021/acsmedchemlett.0c00255
692	DJVYXMINSBMUHH-QAQDUYKDSA-N	https://doi.org/	10.1021/acs.jmedchem.7b01290	https://dx.doi.org/10.1021/acs.jmedchem.7b01290
693	CDQQWCLOMUMQMM-UHFFFAOYSA-N	https://doi.org/	10.1021/acs.jmedchem.7b01254	https://dx.doi.org/10.1021/acs.jmedchem.7b01254
694	RQFYFNAGNBUGFC-UHFFFAOYSA-N	https://doi.org/	10.1002/anie.201603797	https://dx.doi.org/10.1002/anie.201603797
695	COGUZYALRYMQTD-LJQANCHMSA-N	https://doi.org/	10.1021/acs.jmedchem.9b01929	https://dx.doi.org/10.1021/acs.jmedchem.9b01929
696	WQVPGYMGERDXLH-UHFFFAOYSA-N	https://doi.org/	10.1021/acsmedchemlett.0c00378	https://dx.doi.org/10.1021/acsmedchemlett.0c00378
697	IWMCPJZTADUIFX-UHFFFAOYSA-N	https://doi.org/	10.1038/nchembio.538	https://dx.doi.org/10.1038/nchembio.538
698	FWJRVGZWNDOOFH-OAHLLOKOSA-N	https://doi.org/	10.1038/nchembio804	https://dx.doi.org/10.1038/nchembio804
699	QJSFLEBIQZMJQF-UHFFFAOYSA-N	https://doi.org/	10.1016/j.ejmech.2021.113889	https://dx.doi.org/10.1016/j.ejmech.2021.113889
700	NIPTUMFVYBXSMZ-JOCHJYFZSA-N	https://doi.org/	10.1021/acs.jmedchem.0c02160	https://dx.doi.org/10.1021/acs.jmedchem.0c02160
701	WDBUEMWHXKHQNB-NNAUULPKSA-N	https://doi.org/	10.1002/anie.202101328	https://dx.doi.org/10.1002/anie.202101328
702	LWXOPXNDPRPGMJ-UHFFFAOYSA-N	https://doi.org/	10.1016/j.chembiol.2020.08.014	https://dx.doi.org/10.1016/j.chembiol.2020.08.014
703	KOZGEDUWAQFVAV-UHFFFAOYSA-N	https://doi.org/	10.1038/s41589-021-00898-0	https://dx.doi.org/10.1038/s41589-021-00898-0
704	DMUSMYYDKCXFKR-MRJIRHQNSA-N	https://doi.org/	10.1016/j.ejmech.2021.113481	https://dx.doi.org/10.1016/j.ejmech.2021.113481
705	VNSQFPFWUAZOTQ-UHFFFAOYSA-N	https://doi.org/	10.1016/j.chembiol.2023.07.005	https://dx.doi.org/10.1016/j.chembiol.2023.07.005
706	LXRBPWHQMGKMRT-GOSISDBHSA-N	https://doi.org/	10.1021/acs.jmedchem.2c01933	https://dx.doi.org/10.1021/acs.jmedchem.2c01933
707	XUOJHVFYSAMHNK-GWMXKSKGSA-N	https://doi.org/	10.1021/acs.jmedchem.3c00788	https://dx.doi.org/10.1021/acs.jmedchem.3c00788
708	IVOACCSOISMVBL-UHFFFAOYSA-N	https://doi.org/	10.1016/j.bmcl.2020.127243	https://dx.doi.org/10.1016/j.bmcl.2020.127243
709	HEUVRFNVTLGKMZ-SANMLTNESA-N	https://doi.org/	10.1158/1078-0432.CCR-04-2041	www.doi.org/10.1158/1078-0432.CCR-04-2041
710	HEUVRFNVTLGKMZ-SANMLTNESA-N	https://doi.org/	10.1158/1078-0432.CCR-04-2386	www.doi.org/10.1158/1078-0432.CCR-04-2386
711	HEUVRFNVTLGKMZ-SANMLTNESA-N	https://doi.org/	10.1016/j.healun.2004.06.006	www.doi.org/10.1016/j.healun.2004.06.006
712	HEUVRFNVTLGKMZ-SANMLTNESA-N	https://doi.org/	10.1126/science.1124875	www.doi.org/10.1126/science.1124875
713	HEUVRFNVTLGKMZ-SANMLTNESA-N	https://doi.org/	10.1097/00001813-200511000-00004	www.doi.org/10.1097/00001813-200511000-00004
714	HEUVRFNVTLGKMZ-SANMLTNESA-N	https://pubmed.ncbi.nlm.nih.gov/	15837760	https://pubmed.ncbi.nlm.nih.gov/15837760/
715	HEUVRFNVTLGKMZ-SANMLTNESA-N	https://pubmed.ncbi.nlm.nih.gov/	15930366	https://pubmed.ncbi.nlm.nih.gov/15930366/
716	HEUVRFNVTLGKMZ-SANMLTNESA-N	https://pubmed.ncbi.nlm.nih.gov/	16143263	https://pubmed.ncbi.nlm.nih.gov/16143263/
717	HEUVRFNVTLGKMZ-SANMLTNESA-N	https://pubmed.ncbi.nlm.nih.gov/	16484451	https://pubmed.ncbi.nlm.nih.gov/16484451/
718	HEUVRFNVTLGKMZ-SANMLTNESA-N	https://pubmed.ncbi.nlm.nih.gov/	16222147	https://pubmed.ncbi.nlm.nih.gov/16222147/
719	DNVXATUJJDPFDM-KRWDZBQOSA-N	https://doi.org/	10.1038/nature09504	www.doi.org/10.1038/nature09504
720	DNVXATUJJDPFDM-KRWDZBQOSA-N	https://pubmed.ncbi.nlm.nih.gov/	20871596	http://www.ncbi.nlm.nih.gov/pubmed/20871596
721	NZYTZRHHBAJPKN-UHFFFAOYSA-N	https://doi.org/	10.1038/s41467-019-13652-x	www.doi.org/10.1038/s41467-019-13652-x
722	NZYTZRHHBAJPKN-UHFFFAOYSA-N	https://pubmed.ncbi.nlm.nih.gov/	31848333	https://pubmed.ncbi.nlm.nih.gov/31848333
723	RCINICONZNJXQF-MZXODVADSA-N		https://www.nature.com/nature/journal/v277/n5698/abs/277665a0.html	https://www.nature.com/nature/journal/v277/n5698/abs/277665a0.html
724	RCINICONZNJXQF-MZXODVADSA-N		http://www.jbc.org/content/269/5/3132.long	http://www.jbc.org/content/269/5/3132.long
725	RCINICONZNJXQF-MZXODVADSA-N		http://www.cell.com/cell/fulltext/S0092-8674(14)00483-8?_returnURL=http%3A%2F%2Flinkinghub.elsevier.com%2Fretrieve%2Fpii%2FS0092867414004838%3Fshowall%3Dtrue	http://www.cell.com/cell/fulltext/S0092-8674(14)00483-8?_returnURL=http%3A%2F%2Flinkinghub.elsevier.com%2Fretrieve%2Fpii%2FS0092867414004838%3Fshowall%3Dtrue
726	RCINICONZNJXQF-MZXODVADSA-N		http://www.sciencedirect.com/science/article/pii/S0022283617300153	http://www.sciencedirect.com/science/article/pii/S0022283617300153
727	RCINICONZNJXQF-MZXODVADSA-N		http://www.pnas.org/content/96/8/4256.long	http://www.pnas.org/content/96/8/4256.long
728	RCINICONZNJXQF-MZXODVADSA-N	https://pubmed.ncbi.nlm.nih.gov/	423966	https://www.ncbi.nlm.nih.gov/pubmed/423966
729	RCINICONZNJXQF-MZXODVADSA-N	https://pubmed.ncbi.nlm.nih.gov/	7906266	https://www.ncbi.nlm.nih.gov/pubmed/7906266
730	RCINICONZNJXQF-MZXODVADSA-N	https://pubmed.ncbi.nlm.nih.gov/	24855948	https://www.ncbi.nlm.nih.gov/pubmed/24855948
731	RCINICONZNJXQF-MZXODVADSA-N	https://pubmed.ncbi.nlm.nih.gov/	28104363	https://www.ncbi.nlm.nih.gov/pubmed/28104363
732	RCINICONZNJXQF-MZXODVADSA-N	https://pubmed.ncbi.nlm.nih.gov/	9491787	https://www.ncbi.nlm.nih.gov/pubmed/9491787
733	RCINICONZNJXQF-MZXODVADSA-N	https://pubmed.ncbi.nlm.nih.gov/	10200249	https://www.ncbi.nlm.nih.gov/pubmed/10200249
734	BDYDINKSILYBOL-WMZHIEFXSA-N	https://doi.org/	10.1038/nchembio.1735	www.doi.org/10.1038/nchembio.1735
735	BDYDINKSILYBOL-WMZHIEFXSA-N	https://pubmed.ncbi.nlm.nih.gov/	25622091	http://www.ncbi.nlm.nih.gov/pubmed/25622091
736	DUCNNEYLFOQFSW-PMERELPUSA-N	https://doi.org/	10.1038/nchembio.1930	www.doi.org/10.1038/nchembio.1930
737	DUCNNEYLFOQFSW-PMERELPUSA-N	https://pubmed.ncbi.nlm.nih.gov/	26436839	http://www.ncbi.nlm.nih.gov/pubmed/26436839
738	RPBMXJHQYJLPDN-UHFFFAOYSA-N	https://doi.org/	10.1021/acs.jmedchem.9b01980	https://dx.doi.org/10.1021/acs.jmedchem.9b01980
739	RNEOHKZPZKEZCQ-UHFFFAOYSA-N	https://doi.org/	10.1021/acs.jmedchem.6b01379	https://dx.doi.org/10.1021/acs.jmedchem.6b01379
740	UYKVJQCPBDDIFD-ZSEKCTLFSA-N	https://doi.org/	10.1021/acsmedchemlett.9b00186	https://dx.doi.org/10.1021/acsmedchemlett.9b00186
741	RMCSKUADBRROSI-UHFFFAOYSA-N	https://doi.org/	10.1021/jm049039v	https://dx.doi.org/10.1021/jm049039v
742	RWRSKMSFZCQDMQ-UHFFFAOYSA-N	https://doi.org/	10.1021/acs.jmedchem.1c01942	https://dx.doi.org/10.1021/acs.jmedchem.1c01942
743	RIWTUJFFSTVYPW-UHFFFAOYSA-N	https://doi.org/	10.1021/acs.jmedchem.0c00395	https://dx.doi.org/10.1021/acs.jmedchem.0c00395
744	QARLNMDDSQMINK-BVRKHOPBSA-N	https://doi.org/	10.1158/2159-8290.CD-21-1156	https://dx.doi.org/10.1158/2159-8290.CD-21-1156
745	HKASDKLLEVWKJA-YADARESESA-N	https://doi.org/	10.1021/jm500431d	https://dx.doi.org/10.1021/jm500431d
746	MDUYWDNWFXSMJJ-XWLWVQCSSA-N	https://doi.org/	10.1021/acs.jmedchem.0c00944	https://dx.doi.org/10.1021/acs.jmedchem.0c00944
747	XRDVXQQZLHVEQZ-UHFFFAOYSA-N	https://doi.org/	10.1021/jm4008664	https://dx.doi.org/10.1021/jm4008664
748	MZBOZBMARIQZGX-GRRGFIRHSA-N	https://doi.org/	10.1021/jm4005708	http://pubs.acs.org/doi/abs/10.1021/jm4005708
749	MZBOZBMARIQZGX-GRRGFIRHSA-N	https://pubmed.ncbi.nlm.nih.gov/	23786219	https://www.ncbi.nlm.nih.gov/pubmed/23786219
750	LZNFQRSVDZCPTR-SCFUHWHPSA-N		http://pubs.rsc.org/is/content/articlelanding/2015/sc/c5sc01351h#!divAbstract	http://pubs.rsc.org/is/content/articlelanding/2015/sc/c5sc01351h#!divAbstract
751	LZNFQRSVDZCPTR-SCFUHWHPSA-N	https://doi.org/	10.1021/ja4099643	http://pubs.acs.org/doi/abs/10.1021/ja4099643
752	LZNFQRSVDZCPTR-SCFUHWHPSA-N	https://pubmed.ncbi.nlm.nih.gov/	24138456	https://www.ncbi.nlm.nih.gov/pubmed/24138456
753	UNRTVIQQMJRQLZ-UHFFFAOYSA-N	https://doi.org/	10.1038/s43018-023-00577-0	https://dx.doi.org/10.1038/s43018-023-00577-0
754	LQHDIGAYVSAVRJ-UHFFFAOYSA-N		http://www.nature.com/nchembio/journal/vaop/ncurrent/full/nchembio.2210.html	http://www.nature.com/nchembio/journal/vaop/ncurrent/full/nchembio.2210.html
755	LQHDIGAYVSAVRJ-UHFFFAOYSA-N	https://pubmed.ncbi.nlm.nih.gov/	27775716	https://www.ncbi.nlm.nih.gov/pubmed/?term=27775716
756	BWBUPDTUXQDHSX-AWEZNQCLSA-N	https://doi.org/	10.1021/acs.jmedchem.9b01803	https://dx.doi.org/10.1021/acs.jmedchem.9b01803
757	ZRHWCAFAIHTQKD-QGZVFWFLSA-N	https://doi.org/	10.1073/pnas.1015248108	https://dx.doi.org/ 10.1073/pnas.1015248108
758	CQAPXPSWLDAVEG-UHFFFAOYSA-N	https://doi.org/	10.1021/acs.jmedchem.1c02078	https://dx.doi.org/10.1021/acs.jmedchem.1c02078
759	YNVKFHIWFDRVNY-UHFFFAOYSA-N	https://doi.org/	10.1021/jm301258w	https://dx.doi.org/10.1021/jm301258w
760	OBJNFLYHUXWUPF-IZZDOVSWSA-N	https://doi.org/	10.1038/nature13393	www.doi.org/10.1038/nature13393
761	OBJNFLYHUXWUPF-IZZDOVSWSA-N	https://pubmed.ncbi.nlm.nih.gov/	25043025	http://www.ncbi.nlm.nih.gov/pubmed/25043025
762	QVQHWPLHUNEREE-UHFFFAOYSA-N	https://doi.org/	10.1021/acs.jmedchem.2c01693	https://dx.doi.org/10.1021/acs.jmedchem.2c01693
763	XVFDNRYZXDHTHT-PXAZEXFGSA-N	https://doi.org/	10.1158/2159-8290.CD-20-0142	https://dx.doi.org/10.1158/2159-8290.CD-20-0142
764	IVYQPSHHYIAUFO-VXKWHMMOSA-N	https://doi.org/	10.1124/jpet.108.139295	https://dx.doi.org/10.1124/jpet.108.139295
765	IVYQPSHHYIAUFO-VXKWHMMOSA-N	https://doi.org/	10.1124/jpet.107.134551	https://dx.doi.org/10.1124/jpet.107.134551
766	RVOZYMPVGIVNJX-UHFFFAOYSA-N	https://doi.org/	10.1021/acs.jmedchem.2c01267	https://dx.doi.org/10.1021/acs.jmedchem.2c01267
767	DFQGDHBGRSTTHX-UHFFFAOYSA-N	https://doi.org/	10.1021/jm2008369	https://dx.doi.org/10.1021/jm2008369
768	HNIFCPBQMKPRCX-UHFFFAOYSA-N	https://doi.org/	10.1016/j.bmcl.2009.11.097	https://dx.doi.org/10.1016/j.bmcl.2009.11.097
769	REQQVBGILUTQNN-UHFFFAOYSA-N	https://doi.org/	10.1021/acs.jmedchem.7b00032	https://dx.doi.org/10.1021/acs.jmedchem.7b00032
770	YJPWVCIGSHWNON-UHFFFAOYSA-N	https://doi.org/	10.1016/S0960-894X(98)00469-7	https://dx.doi.org/10.1016/S0960-894X(98)00469-7
771	YJPWVCIGSHWNON-UHFFFAOYSA-N	https://doi.org/	10.1124/jpet.109.165084	https://dx.doi.org/10.1124/jpet.109.165084
772	MCIACXAZCBVDEE-CUUWFGFTSA-N	https://doi.org/	10.1021/jm200049r	https://dx.doi.org/10.1021/jm200049r
773	TVMJSGGZULFVCZ-XMMPIXPASA-N	https://doi.org/	10.1038/sj.bjp.0702084	https://dx.doi.org/10.1038/sj.bjp.0702084
774	ZAGCLFXBHOXXEN-JPTLTNPLSA-N	https://doi.org/	10.1021/acs.jmedchem.8b01413	www.doi.org/10.1021/acs.jmedchem.8b01413
775	ZAGCLFXBHOXXEN-JPTLTNPLSA-N	https://pubmed.ncbi.nlm.nih.gov/	30540463	https://pubmed.ncbi.nlm.nih.gov/30540463/
776	YIHHYCIYAIVQKX-MBIULKOWSA-N	https://doi.org/	10.1158/1535-7163.MCT-21-0615	https://dx.doi.org/10.1158/1535-7163.MCT-21-0615
777	MSFPLTWUFWOKBX-IFXJQAMLSA-O	https://doi.org/	10.1002/anie.201610816/abstract	http://onlinelibrary.wiley.com/doi/10.1002/anie.201610816/abstract
778	MSFPLTWUFWOKBX-IFXJQAMLSA-O	https://pubmed.ncbi.nlm.nih.gov/	27966810	https://www.ncbi.nlm.nih.gov/pubmed/27966810
779	BBIPVJCGIASXJB-PKTZIBPZSA-N	https://doi.org/	10.1021/acs.jmedchem.5b01751	https://dx.doi.org/10.1021/acs.jmedchem.5b01751
780	BBIPVJCGIASXJB-PKTZIBPZSA-N	https://doi.org/	10.1007/s00213-016-4346-2	https://dx.doi.org/10.1007/s00213-016-4346-2
781	SPMVMDHWKHCIDT-UHFFFAOYSA-N	https://doi.org/	10.1158/0008-5472.CAN-05-4290	https://dx.doi.org/10.1158/0008-5472.CAN-05-4290
782	ZRPZPNYZFSJUPA-UHFFFAOYSA-N	https://doi.org/	10.1016/j.cell.2018.01.006	www.doi.org/10.1016/j.cell.2018.01.006
783	ZRPZPNYZFSJUPA-UHFFFAOYSA-N	https://doi.org/	10.1158/1078-0432.CCR-19-3523	www.doi.org/10.1158/1078-0432.CCR-19-3523
784	ZRPZPNYZFSJUPA-UHFFFAOYSA-N	https://doi.org/	10.1038/s41467-020-16309-2	www.doi.org/10.1038/s41467-020-16309-2
785	ZRPZPNYZFSJUPA-UHFFFAOYSA-N	https://pubmed.ncbi.nlm.nih.gov/	29373830	https://pubmed.ncbi.nlm.nih.gov/29373830
786	ZRPZPNYZFSJUPA-UHFFFAOYSA-N	https://pubmed.ncbi.nlm.nih.gov/	31776128	https://pubmed.ncbi.nlm.nih.gov/31776128
787	ZRPZPNYZFSJUPA-UHFFFAOYSA-N	https://pubmed.ncbi.nlm.nih.gov/	32499547	https://pubmed.ncbi.nlm.nih.gov/32499547
788	NDRFFOKFYGUOKD-ZDUSSCGKSA-N	https://doi.org/	10.1021/acsmedchemlett.2c00502	https://dx.doi.org/10.1021/acsmedchemlett.2c00502
789	PJKRNPPUSQSCHN-UHFFFAOYSA-N	https://doi.org/	10.1016/j.ejmech.2023.116038	https://dx.doi.org/10.1016/j.ejmech.2023.116038
790	BLSNYSFLZAWBIV-SFHVURJKSA-N	https://doi.org/	10.1038/nature24451	https://dx.doi.org/10.1038/nature24451
791	QGPXEIMWTKWHMH-DEOSSOPVSA-N	https://doi.org/	10.1021/jm501185j	https://dx.doi.org/10.1021/jm501185j
792	AAHNBILIYONQLX-UHFFFAOYSA-N	https://doi.org/	10.1016/j.bmcl.2015.06.032	https://dx.doi.org/10.1016/j.bmcl.2015.06.032
793	FRPJGTNLZNXQEX-UHFFFAOYSA-N	https://doi.org/	10.1073/pnas.0308292101	https://dx.doi.org/10.1073/pnas.0308292101
794	FRPJGTNLZNXQEX-UHFFFAOYSA-N	https://doi.org/	10.1021/jm030505a	https://dx.doi.org/10.1021/jm030505a
795	WDZVWDXOIGQJIO-UHFFFAOYSA-N	https://doi.org/	10.1016/j.bmcl.2005.10.009	https://dx.doi.org/10.1016/j.bmcl.2005.10.009
796	WDZVWDXOIGQJIO-UHFFFAOYSA-N	https://doi.org/	10.1124/jpet.105.100271	https://dx.doi.org/10.1124/jpet.105.100271
797	LWJGMYMNSNVCEM-UHFFFAOYSA-N	https://doi.org/	10.1111/j.1476-5381.2011.01495.x	https://dx.doi.org/10.1111/j.1476-5381.2011.01495.x
798	BEBDKSYNJJVZSO-SECBINFHSA-N	https://doi.org/	10.1016/j.bmc.2021.116576	https://dx.doi.org/10.1016/j.bmc.2021.116576
799	SWOIFXHMBKFCRM-UHFFFAOYSA-N	https://doi.org/	10.1002/anie.202217532	https://dx.doi.org/10.1002/anie.202217532
800	FOECKIWHCOYYFL-UHFFFAOYSA-N	https://doi.org/	10.1016/j.bmcl.2010.12.113	https://dx.doi.org/10.1016/j.bmcl.2010.12.113
801	UNSHMXUHOHBLIQ-UHFFFAOYSA-N	https://doi.org/	10.1021/acs.jmedchem.2c00441	https://dx.doi.org/10.1021/acs.jmedchem.2c00441
802	ZGBAPSHWPBXEKN-OPHFCASCSA-N		https://pubmed.ncbi.nlm.nih.gov/SGC	https://pubmed.ncbi.nlm.nih.gov/SGC
803	QVIWDCUKIZPUBD-WLRWWHNQSA-N	https://doi.org/	10.1038/s41589-021-00900-9	https://dx.doi.org/10.1038/s41589-021-00900-9
804	XFYUTGIEFKGWND-NRFANRHFSA-N	https://doi.org/	10.1021/jm500550e	www.doi.org/10.1021/jm500550e
805	XFYUTGIEFKGWND-NRFANRHFSA-N	https://pubmed.ncbi.nlm.nih.gov/	24918870	https://www.ncbi.nlm.nih.gov/pubmed/24918870
806	KIWKRCCIHSGWQS-VIFPVBQESA-N	https://doi.org/	10.1021/jacs.0c07726	https://dx.doi.org/10.1021/jacs.0c07726
807	OMZCMEYTWSXEPZ-UHFFFAOYSA-N	https://doi.org/	10.1021/jm990482t	www.doi.org/10.1021/jm990482t
808	OMZCMEYTWSXEPZ-UHFFFAOYSA-N	https://doi.org/	10.1016/j.bbrc.2011.09.118	www.doi.org/10.1016/j.bbrc.2011.09.118
809	OMZCMEYTWSXEPZ-UHFFFAOYSA-N	https://doi.org/	10.1016/s0093-7754(01)90285-4	www.doi.org/10.1016/s0093-7754(01)90285-4
810	OMZCMEYTWSXEPZ-UHFFFAOYSA-N	https://pubmed.ncbi.nlm.nih.gov/	10753475	https://pubmed.ncbi.nlm.nih.gov/10753475/
811	OMZCMEYTWSXEPZ-UHFFFAOYSA-N	https://pubmed.ncbi.nlm.nih.gov/	21982771	https://pubmed.ncbi.nlm.nih.gov/21982771/
812	OMZCMEYTWSXEPZ-UHFFFAOYSA-N	https://pubmed.ncbi.nlm.nih.gov/	11706399	https://pubmed.ncbi.nlm.nih.gov/11706399
813	BMLGZNVPWRUVNM-IBGZPJMESA-N	https://doi.org/	10.1021/ml400501x	www.doi.org/10.1021/ml400501x
814	BMLGZNVPWRUVNM-IBGZPJMESA-N	https://pubmed.ncbi.nlm.nih.gov/	24900872	https://www.ncbi.nlm.nih.gov/pubmed/24900872
815	DRIMIUYGTDAQOX-KRWDZBQOSA-N	https://doi.org/	10.1038/nchembio.140	https://dx.doi.org/10.1038/nchembio.140
816	LZSPYTNDRPEZBK-OXYJHPMESA-N		https://pubmed.ncbi.nlm.nih.gov/peer reviewed at SGC	https://pubmed.ncbi.nlm.nih.gov/peer reviewed at SGC
817	LZSPYTNDRPEZBK-OXYJHPMESA-N	https://doi.org/	10.6019/CHEMBL4630906	https://dx.doi.org/10.6019/CHEMBL4630906
818	FSELUFUYNUNZKD-UHFFFAOYSA-N	https://doi.org/	10.1016/j.ccell.2019.09.004	https://dx.doi.org/10.1016/j.ccell.2019.09.004
819	FSELUFUYNUNZKD-UHFFFAOYSA-N	https://doi.org/	10.1016/j.ccell.2019.09.004	https://dx.doi.org/ 10.1016/j.ccell.2019.09.004
820	CYFBRQHYEQKYHH-MRXNPFEDSA-N		https://pubmed.ncbi.nlm.nih.gov/peer reviewed at SGC	https://pubmed.ncbi.nlm.nih.gov/peer reviewed at SGC
821	CYFBRQHYEQKYHH-MRXNPFEDSA-N	https://doi.org/	10.6019/CHEMBL4800731	https://dx.doi.org/10.6019/CHEMBL4800731
822	AESXAJXKMUNYJP-ZWFIUULVSA-N	https://doi.org/	10.1016/j.bmcl.2011.12.117	https://dx.doi.org/10.1016/j.bmcl.2011.12.117
823	CSBKUBOVPUXFLO-MAVVKCOWSA-N	https://doi.org/	10.1126/scitranslmed.aaa4642	https://dx.doi.org/10.1126/scitranslmed.aaa4642
824	CLSNATLUIXZPMV-UHFFFAOYSA-N	https://doi.org/	10.1016/j.chembiol.2013.01.012	https://dx.doi.org/10.1016/j.chembiol.2013.01.012
825	CLSNATLUIXZPMV-UHFFFAOYSA-N	https://doi.org/	10.1124/jpet.116.233114	https://dx.doi.org/10.1124/jpet.116.233114
826	NTIFDLOQPKMIJK-AJTFRIOCSA-N	https://doi.org/	10.1021/ml300063m	https://dx.doi.org/10.1021/ml300063m
827	VERWOWGGCGHDQE-UHFFFAOYSA-N	https://doi.org/	10.1021/jm400402q	www.doi.org/10.1021/jm400402q
828	VERWOWGGCGHDQE-UHFFFAOYSA-N	https://pubmed.ncbi.nlm.nih.gov/	23742252	https://pubmed.ncbi.nlm.nih.gov/23742252/
829	NRJKIOCCERLIDG-GOSISDBHSA-N	https://doi.org/	10.1158/1535-7163.MCT-15-0500	www.doi.org/10.1158/1535-7163.MCT-15-0500
830	NRJKIOCCERLIDG-GOSISDBHSA-N	https://doi.org/	10.1021/acs.jmedchem.9b02035	www.doi.org/10.1021/acs.jmedchem.9b02035
831	NRJKIOCCERLIDG-GOSISDBHSA-N	https://pubmed.ncbi.nlm.nih.gov/	26832791	https://pubmed.ncbi.nlm.nih.gov/26832791/
832	NRJKIOCCERLIDG-GOSISDBHSA-N	https://pubmed.ncbi.nlm.nih.gov/	32338514	https://pubmed.ncbi.nlm.nih.gov/32338514/
833	BRJXJOWXAFLRTE-OAQYLSRUSA-N	https://doi.org/	10.1016/j.bmcl.2016.09.047	https://dx.doi.org/10.1016/j.bmcl.2016.09.047
834	XOQVZSSDIQQUGO-UHFFFAOYSA-N	https://doi.org/	10.1158/2159-8290.CD-23-0475	https://dx.doi.org/10.1158/2159-8290.CD-23-0475
835	URWYQGVSPQJGGB-DHUJRADRSA-N	https://doi.org/	10.1021/jm501915g	https://dx.doi.org/10.1021/jm501915g
836	HDZWHJYZJWLTAG-UHFFFAOYSA-N	https://doi.org/	10.1021/cb300541g	https://doi.org/10.1021/cb300541g
837	HDZWHJYZJWLTAG-UHFFFAOYSA-N	https://doi.org/	10.1016/j.molmet.2015.01.009	www.doi.org/10.1016/j.molmet.2015.01.009
838	HDZWHJYZJWLTAG-UHFFFAOYSA-N	https://doi.org/	10.1021/acsptsci.8b00003	www.doi.org/10.1021/acsptsci.8b00003
839	HDZWHJYZJWLTAG-UHFFFAOYSA-N	https://pubmed.ncbi.nlm.nih.gov/	23237488	https://pubmed.ncbi.nlm.nih.gov/23237488/
840	HDZWHJYZJWLTAG-UHFFFAOYSA-N	https://pubmed.ncbi.nlm.nih.gov/	25830098	https://pubmed.ncbi.nlm.nih.gov/25830098/
841	HDZWHJYZJWLTAG-UHFFFAOYSA-N	https://pubmed.ncbi.nlm.nih.gov/	31696159	https://pubmed.ncbi.nlm.nih.gov/31696159/
842	BJXYHBKEQFQVES-NWDGAFQWSA-N	https://doi.org/	10.1124/jpet.120.000275	https://dx.doi.org/10.1124/jpet.120.000275
843	BXKNUXDLZJPPBO-UHFFFAOYSA-N	https://doi.org/	10.1021/jm401395s	https://dx.doi.org/10.1021/jm401395s
844	WCPXAGKUVIPMIY-TZQLILQPSA-N	https://doi.org/	10.1021/acs.jmedchem.2c00267	https://dx.doi.org/10.1021/acs.jmedchem.2c00267
845	VHSIAYLBCLUAFT-UHFFFAOYSA-N	https://doi.org/	10.1016/j.bmcl.2005.10.028	https://dx.doi.org/10.1016/j.bmcl.2005.10.028
846	AZXOTZCWQDJCLY-SJCJKPOMSA-N	https://doi.org/	10.1097/FJC.0000000000000677	https://dx.doi.org/10.1097/FJC.0000000000000677
847	APLVGTKXOIMODQ-IBGZPJMESA-N		https://pubmed.ncbi.nlm.nih.gov/Peer reviewed at SGC	https://pubmed.ncbi.nlm.nih.gov/Peer reviewed at SGC
848	MHMPZSOMHQSWEN-UHFFFAOYSA-N	https://doi.org/	10.1021/acs.jmedchem.2c01886	https://dx.doi.org/10.1021/acs.jmedchem.2c01886
849	WGYWHJPQFQGLOQ-UHFFFAOYSA-N	https://doi.org/	10.1038/s41586-022-05204-z	https://dx.doi.org/10.1038/s41586-022-05204-z
850	TXIYVFVMXNFNRX-UHFFFAOYSA-N	https://doi.org/	10.3390/cells12020287	https://dx.doi.org/10.3390/cells12020287
851	MAHFVAHPQSLLJF-IBGZPJMESA-N	https://doi.org/	10.1021/acs.jmedchem.7b01647	https://dx.doi.org/10.1021/acs.jmedchem.7b01647
852	BNYXRPMABDQJJR-UHFFFAOYSA-N	https://doi.org/	10.1021/acs.jmedchem.0c01174	https://dx.doi.org/10.1021/acs.jmedchem.0c01174
853	PIJSEUOSRTYUJM-UHFFFAOYSA-N	https://doi.org/	10.1021/acs.jmedchem.3c02217	https://dx.doi.org/10.1021/acs.jmedchem.3c02217
854	UCBIQZUJJSVQHL-UHFFFAOYSA-N	https://doi.org/	10.1021/acsmedchemlett.9b00399	https://dx.doi.org/10.1021/acsmedchemlett.9b00399
855	WBFJDKLBAAHKIL-UHFFFAOYSA-N	https://doi.org/	10.1021/acs.jmedchem.2c01705	https://dx.doi.org/10.1021/acs.jmedchem.2c01705
856	DVIVLYHDLNAXAT-OAQYLSRUSA-N	https://doi.org/	10.1021/acs.jmedchem.1c01245	https://dx.doi.org/10.1021/acs.jmedchem.1c01245
857	HZRJHVDNTDBTOZ-QGZVFWFLSA-N	https://doi.org/	10.1021/acs.jmedchem.9b01460	www.doi.org/10.1021/acs.jmedchem.9b01460
858	HZRJHVDNTDBTOZ-QGZVFWFLSA-N	https://pubmed.ncbi.nlm.nih.gov/	31859507	https://www.ncbi.nlm.nih.gov/pubmed/31859507
859	LHGUZCKPFXXVPV-GOSISDBHSA-N		http://www.sciencedirect.com/science/article/pii/S1074552114003421	http://www.sciencedirect.com/science/article/pii/S1074552114003421
860	LHGUZCKPFXXVPV-GOSISDBHSA-N	https://pubmed.ncbi.nlm.nih.gov/	25457180	http://www.ncbi.nlm.nih.gov/pubmed/?term=25457180
861	QKKIWEILHCXECO-UHFFFAOYSA-N	https://doi.org/	10.1021/jm401094t	www.doi.org/10.1021/jm401094t
862	QKKIWEILHCXECO-UHFFFAOYSA-N	https://pubmed.ncbi.nlm.nih.gov/	24044867	http://www.ncbi.nlm.nih.gov/pubmed/24044867
863	KLGDKBPAEMOECW-UHFFFAOYSA-N	https://doi.org/	10.1021/jacs.2c05030	https://dx.doi.org/10.1021/jacs.2c05030
864	KIEQQZZDWUNUQK-UHFFFAOYSA-N	https://doi.org/	10.1093/narcan/zcad022	https://dx.doi.org/10.1093/narcan/zcad022
865	KIEQQZZDWUNUQK-UHFFFAOYSA-N	https://doi.org/	10.1038/s43018-021-00249-x	https://dx.doi.org/10.1038/s43018-021-00249-x
866	HLHNFJNSQZZUNW-MAEOIBBWSA-N	https://doi.org/	10.1038/s41589-024-01618-0	https://dx.doi.org/10.1038/s41589-024-01618-0
867	GCWIQUVXWZWCLE-INIZCTEOSA-N	https://doi.org/	10.1021/acs.jmedchem.5b01882	http://pubs.acs.org/doi/abs/10.1021/acs.jmedchem.5b01882
868	GCWIQUVXWZWCLE-INIZCTEOSA-N	https://pubmed.ncbi.nlm.nih.gov/	26815195	https://www.ncbi.nlm.nih.gov/pubmed/26815195
869	AUIFRJWXYUNPPV-QFIPXVFZSA-N	https://doi.org/	10.1021/ml500387y	https://dx.doi.org/10.1021/ml500387y
870	KHVVJKLNKLQLJZ-SFHVURJKSA-N	https://doi.org/	10.1021/acs.jmedchem.7b01647	https://dx.doi.org/10.1021/acs.jmedchem.7b01647
871	SAAYRHKJHDIDPH-UHFFFAOYSA-N	https://doi.org/	10.1021/acschembio.5b00655	https://dx.doi.org/10.1021/acschembio.5b00655
872	VGFHPNRWHOQLEB-UHFFFAOYSA-N	https://doi.org/	10.1016/j.crchbi.2022.100036	https://dx.doi.org/10.1016/j.crchbi.2022.100036
873	FHCSBLWRGCOVPT-UHFFFAOYSA-N	https://doi.org/	10.1021/jm201724m	https://dx.doi.org/10.1021/jm201724m
874	WQNRDXHKVSKUPI-UHFFFAOYSA-N	https://doi.org/	10.1021/acschembio.6b00250	https://dx.doi.org/10.1021/acschembio.6b00250
875	VUIITYLFSAXKIQ-UHFFFAOYSA-N	https://doi.org/	10.18632/oncotarget.24883	https://dx.doi.org/10.18632/oncotarget.24883
876	WQKXOAJVNFOHNZ-UHFFFAOYSA-N	https://doi.org/	10.1158/1535-7163.MCT-17-0077	https://dx.doi.org/10.1158/1535-7163.MCT-17-0077
877	KTACUAZSJJIUKD-QXONSOMPSA-N	https://doi.org/	10.1021/acs.jmedchem.0c02144	https://dx.doi.org/10.1021/acs.jmedchem.0c02144
878	IEFFSHLHNYVSEF-UHFFFAOYSA-N	https://doi.org/	10.1038/s41467-016-0008-7	https://dx.doi.org/10.1038/s41467-016-0008-7
879	LVEUPFUJRKZPEN-UHFFFAOYSA-N	https://doi.org/	10.1021/acschembio.0c00076	https://dx.doi.org/10.1021/acschembio.0c00076
880	DDKHTWASHUKHLD-UHFFFAOYSA-N	https://doi.org/	10.1021/ml5003376	https://dx.doi.org/10.1021/ml5003376
881	YCFFONJEHNSECY-UHFFFAOYSA-N	https://doi.org/	10.1021/acs.jmedchem.2c00173	https://dx.doi.org/10.1021/acs.jmedchem.2c00173
882	DZIHITUUUPJMOQ-UHFFFAOYSA-N	https://doi.org/	10.1039/D3MD00039G	https://dx.doi.org/10.1039/D3MD00039G
883	JRJKATLTRNXYCE-UHFFFAOYSA-N	https://doi.org/	10.1021/acsmedchemlett.5b00498	https://dx.doi.org/10.1021/acsmedchemlett.5b00498
884	IFSDAJWBUCMOAH-HNNXBMFYSA-N	https://doi.org/	10.1182/blood-2010-03-275305	https://dx.doi.org/10.1182/blood-2010-03-275305
885	BXDZOYLPNAIDOC-UHFFFAOYSA-N	https://doi.org/	10.1038/nchembio.2538	www.doi.org/10.1038/nchembio.2538
886	BXDZOYLPNAIDOC-UHFFFAOYSA-N	https://pubmed.ncbi.nlm.nih.gov/	29251720	https://pubmed.ncbi.nlm.nih.gov/29251720/
887	WGMNFJAFXXXRLZ-GEVKEYJPSA-N	https://doi.org/	10.1021/acs.jmedchem.1c00868	https://dx.doi.org/10.1021/acs.jmedchem.1c00868
888	OCQCKUTZHBQNEI-UHFFFAOYSA-N	https://doi.org/	10.1021/acschemneuro.3c00135	https://dx.doi.org/10.1021/acschemneuro.3c00135
889	PFZRXJIYAFANHP-IBGZPJMESA-N	https://doi.org/	10.1016/j.isci.2018.09.012	www.doi.org/10.1016/j.isci.2018.09.012
890	PFZRXJIYAFANHP-IBGZPJMESA-N	https://pubmed.ncbi.nlm.nih.gov/	30292171	https://pubmed.ncbi.nlm.nih.gov/30292171/
891	KGJVKYSVVOQPDL-UHFFFAOYSA-N	https://doi.org/	10.1158/2159-8290.CD-23-0954	https://dx.doi.org/10.1158/2159-8290.CD-23-0954
892	MRHRACKJKBOJEI-UHFFFAOYSA-N	https://doi.org/	10.1038/s41589-022-01015-5	https://dx.doi.org/10.1038/s41589-022-01015-5
893	ZOIBZSZLMJDVDQ-UHFFFAOYSA-N	https://doi.org/	10.1038/nchembio.1084	https://dx.doi.org/10.1038/nchembio.1084
894	XASOHFCUIQARJT-UHFFFAOYSA-N	https://doi.org/	10.1021/acs.jmedchem.3c02246	https://dx.doi.org/10.1021/acs.jmedchem.3c02246
895	JCSGFHVFHSKIJH-UHFFFAOYSA-N	https://doi.org/	10.1016/s1074-5521(00)00025-9	https://dx.doi.org/10.1016/s1074-5521(00)00025-9
896	HEVVNKYNJCSHFA-UHFFFAOYSA-N	https://doi.org/	10.1021/acsmedchemlett.2c00530	https://dx.doi.org/10.1021/acsmedchemlett.2c00530
897	KFRGPUFONMCXQI-RUZDIDTESA-N	https://doi.org/	10.1021/acs.jmedchem.1c02069	https://dx.doi.org/10.1021/acs.jmedchem.1c02069
898	XKFTZKGMDDZMJI-HSZRJFAPSA-N	https://doi.org/	10.1021/jm060897w	https://dx.doi.org/10.1021/jm060897w
899	QPGYAMIHXLCFTJ-UHFFFAOYSA-N	https://doi.org/	10.1038/nature05415	https://dx.doi.org/ 10.1038/nature05415
900	QPGYAMIHXLCFTJ-UHFFFAOYSA-N	https://doi.org/	10.1038/nature05415	https://dx.doi.org/10.1038/nature05415
901	HKROEBDHHKMNBZ-CHBKHGQFSA-N	https://doi.org/	10.1016/j.pain.2011.01.049	https://dx.doi.org/10.1016/j.pain.2011.01.049
902	DFQAJLQXPSPNJE-UHFFFAOYSA-N	https://doi.org/	10.1021/cb200305u	https://doi.org/10.1021/cb200305u
903	DFQAJLQXPSPNJE-UHFFFAOYSA-N	https://pubmed.ncbi.nlm.nih.gov/	21992004	https://pubmed.ncbi.nlm.nih.gov/21992004/
904	HOTSVKDMIYWWIY-UHFFFAOYSA-N	https://doi.org/	10.1016/j.bmcl.2016.10.079	https://dx.doi.org/10.1016/j.bmcl.2016.10.079
905	AECDBHGVIIRMOI-UHFFFAOYSA-N	https://doi.org/	10.1016/S1535-6108(04)00051-0	www.doi.org/10.1016/S1535-6108(04)00051-0
906	AECDBHGVIIRMOI-UHFFFAOYSA-N	https://pubmed.ncbi.nlm.nih.gov/	15050915	http://www.ncbi.nlm.nih.gov/pubmed/15050915
907	PTAMRJLIOCHJMQ-PYNGZGNASA-N	https://doi.org/	10.1021/acschembio.5b00216	http://pubs.acs.org/doi/abs/10.1021/acschembio.5b00216
908	PTAMRJLIOCHJMQ-PYNGZGNASA-N	https://pubmed.ncbi.nlm.nih.gov/	26035625	https://www.ncbi.nlm.nih.gov/pubmed/26035625
909	JGPJQFOROWSRRS-UHFFFAOYSA-N	https://pubmed.ncbi.nlm.nih.gov/	3598913	https://pubmed.ncbi.nlm.nih.gov/3598913
910	QEASMQZYZCGOSA-UHFFFAOYSA-N	https://doi.org/	10.1021/acs.jmedchem.3c01860	https://dx.doi.org/10.1021/acs.jmedchem.3c01860
911	VQINULODWGEVBB-UHFFFAOYSA-N	https://doi.org/	10.1021/acschembio.6b00217	https://dx.doi.org/10.1021/acschembio.6b00217
912	GPXQUPCJIJBXHJ-UHFFFAOYSA-N	https://doi.org/	10.1073/pnas.2105465118	https://dx.doi.org/10.1073/pnas.2105465118
913	YHYKUSGACIYRML-KRWDZBQOSA-N	https://doi.org/	10.1021/acs.jmedchem.6b00307	https://dx.doi.org/10.1021/acs.jmedchem.6b00307
914	UWPFUBNCDABUEE-SIFUEBAJSA-N	https://doi.org/	10.1038/s41586-024-07318-y	https://dx.doi.org/10.1038/s41586-024-07318-y
915	VLYNCWZASZUTNV-FCQUAONHSA-N	https://doi.org/	10.1002/cmdc.202300031	https://dx.doi.org/10.1002/cmdc.202300031
916	XKDHFIPNTTUSIA-UHFFFAOYSA-N	https://doi.org/	10.1021/acs.jmedchem.2c01884	https://dx.doi.org/10.1021/acs.jmedchem.2c01884
917	ALGPVOJFIGPPPX-VIFPVBQESA-N	https://doi.org/	10.1038/s42255-023-00771-5	https://dx.doi.org/10.1038/s42255-023-00771-5
918	ALGPVOJFIGPPPX-VIFPVBQESA-N	https://doi.org/	10.1038/s43018-022-00331-y	https://dx.doi.org/10.1038/s43018-022-00331-y
919	UOZVVPXKJGOFIG-UHFFFAOYSA-N	https://doi.org/	10.1016/j.chembiol.2017.07.011	https://dx.doi.org/10.1016/j.chembiol.2017.07.011
920	MSYKRHVOOPPJKU-BDAKNGLRSA-N	https://doi.org/	10.1021/jm030913e	https://dx.doi.org/10.1021/jm030913e
921	GCVYFXYBQCKHCH-UHFFFAOYSA-N	https://doi.org/	10.1021/acs.jmedchem.4c00215	https://dx.doi.org/10.1021/acs.jmedchem.4c00215
922	JGLGMFHQGRAHAO-HXUWFJFHSA-N	https://doi.org/	10.1021/acs.jmedchem.3c02164	https://dx.doi.org/10.1021/acs.jmedchem.3c02164
923	XKYVECRUZPCRQR-UHFFFAOYSA-N	https://doi.org/	10.1038/s41586-024-07350-y	https://dx.doi.org/10.1038/s41586-024-07350-y
924	GHNYLVIESIGHDJ-OAQYLSRUSA-N	https://doi.org/	10.1021/acs.jmedchem.1c02069	https://dx.doi.org/10.1021/acs.jmedchem.1c02069
925	YHLQVQKZDZYMIP-MOPGFXCFSA-N	https://doi.org/	10.1021/ml500391n	https://dx.doi.org/10.1021/ml500391n
926	NDAZATDQFDPQBD-UHFFFAOYSA-N	https://doi.org/	10.1158/0008-5472.CAN-07-5256	www.doi.org/10.1158/0008-5472.CAN-07-5256
927	NDAZATDQFDPQBD-UHFFFAOYSA-N	https://doi.org/	10.3109/10428194.2012.698278	www.doi.org/10.3109/10428194.2012.698278
928	NDAZATDQFDPQBD-UHFFFAOYSA-N	https://doi.org/	10.1021/jm701018h	www.doi.org/10.1021/jm701018h
929	NDAZATDQFDPQBD-UHFFFAOYSA-N	https://doi.org/	10.1021/jm9004708	www.doi.org/10.1021/jm9004708
930	NDAZATDQFDPQBD-UHFFFAOYSA-N	https://doi.org/	10.1186/bcr1996	www.doi.org/10.1186/bcr1996
931	NDAZATDQFDPQBD-UHFFFAOYSA-N	https://doi.org/	10.1158/1078-0432.CCR-05-0518	www.doi.org/10.1158/1078-0432.CCR-05-0518
932	NDAZATDQFDPQBD-UHFFFAOYSA-N	https://pubmed.ncbi.nlm.nih.gov/	18413753	https://www.ncbi.nlm.nih.gov/pubmed/18413753
933	NDAZATDQFDPQBD-UHFFFAOYSA-N	https://pubmed.ncbi.nlm.nih.gov/	22646928	https://www.ncbi.nlm.nih.gov/pubmed/22646928
934	NDAZATDQFDPQBD-UHFFFAOYSA-N	https://pubmed.ncbi.nlm.nih.gov/	22753713	https://www.ncbi.nlm.nih.gov/pubmed/22753713
935	NDAZATDQFDPQBD-UHFFFAOYSA-N	https://pubmed.ncbi.nlm.nih.gov/	18020435	https://www.ncbi.nlm.nih.gov/pubmed/18020435
936	NDAZATDQFDPQBD-UHFFFAOYSA-N	https://pubmed.ncbi.nlm.nih.gov/	20055425	https://www.ncbi.nlm.nih.gov/pubmed/20055425
937	NDAZATDQFDPQBD-UHFFFAOYSA-N	https://pubmed.ncbi.nlm.nih.gov/	18430202	https://www.ncbi.nlm.nih.gov/pubmed/18430202
938	NDAZATDQFDPQBD-UHFFFAOYSA-N	https://pubmed.ncbi.nlm.nih.gov/	16203796	https://www.ncbi.nlm.nih.gov/pubmed/16203796
939	UCJZOKGUEJUNIO-IINYFYTJSA-N	https://doi.org/	10.1021/acs.jmedchem.0c01170	https://dx.doi.org/10.1021/acs.jmedchem.0c01170
940	ZLVKIBLQXFILMA-IKGGRYGDSA-N	https://doi.org/	10.1021/acsmedchemlett.1c00272	https://dx.doi.org/10.1021/acsmedchemlett.1c00272
941	STPSLAZMEWZDAJ-AREMUKBSSA-N	https://doi.org/	10.1021/jacs.8b07328	https://dx.doi.org/10.1021/jacs.8b07328
942	JQLMEZBHIJSVKR-UHFFFAOYSA-N	https://doi.org/	10.3390/ijms232314834	https://dx.doi.org/10.3390/ijms232314834
943	VBYGXNURPHQSPG-MUUNZHRXSA-N	https://doi.org/	10.1016/j.celrep.2017.09.056	https://dx.doi.org/10.1016/j.celrep.2017.09.056
944	DZTGIRNXWSZBIM-QURGRASLSA-N	https://doi.org/	10.1021/jm401334s	https://dx.doi.org/10.1021/jm401334s
945	YLHSFRZHEMHKAF-UHFFFAOYSA-N	https://doi.org/	10.1021/acs.jmedchem.3c00314	https://dx.doi.org/10.1021/acs.jmedchem.3c00314
946	YDPMMWAOCCOULO-JBRSBNLGSA-N	https://doi.org/	10.1002/anie.201603928	https://dx.doi.org/10.1002/anie.201603928
947	SPDQRCUBFSRAFI-DOMZBBRYSA-N	https://doi.org/	10.1038/nchembio.1681	https://dx.doi.org/10.1038/nchembio.1681
948	DORZPJWJOBMQKC-UHFFFAOYSA-N	https://doi.org/	10.1021/acs.jmedchem.2c00697	https://dx.doi.org/10.1021/acs.jmedchem.2c00697
949	NDEORODKVUYMFQ-NHCUHLMSSA-N	https://doi.org/	10.1021/acs.jmedchem.0c00614	https://dx.doi.org/10.1021/acs.jmedchem.0c00614
950	CFUSHHQUUUZFAG-UHFFFAOYSA-N	https://doi.org/	10.1021/acschembio.1c00256	https://dx.doi.org/10.1021/acschembio.1c00256
951	IIKPYJZUOZRTIB-UHFFFAOYSA-N	https://doi.org/	10.1021/acsmedchemlett.4c00219	https://dx.doi.org/10.1021/acsmedchemlett.4c00219
952	WKDNQONLGXOZRG-HRNNMHKYSA-N	https://doi.org/	10.3233/JAD-150834	https://dx.doi.org/10.3233/JAD-150834
953	HEAGNKNMQVIVMM-UHFFFAOYSA-N	https://doi.org/	10.1016/j.ejmech.2021.113299	https://dx.doi.org/10.1016/j.ejmech.2021.113299
954	GPMTWAPXRJMXCC-UHFFFAOYSA-N	https://doi.org/	10.1021/acscentsci.0c01550	www.doi.org/10.1021/acscentsci.0c01550
955	GPMTWAPXRJMXCC-UHFFFAOYSA-N	https://pubmed.ncbi.nlm.nih.gov/	34079898	https://pubmed.ncbi.nlm.nih.gov/34079898/
956	JNAABFZPXJJMPX-UHFFFAOYSA-N	https://doi.org/	10.1021/acs.jmedchem.5b00606	https://dx.doi.org/10.1021/acs.jmedchem.5b00606
957	JWZAQUXBYYOGFA-UHFFFAOYSA-N	https://doi.org/	10.1021/acs.jmedchem.8b01108	https://dx.doi.org/10.1021/acs.jmedchem.8b01108
958	SZZJHKUNVBZYMT-RGULYWFUSA-N	https://doi.org/	10.1021/acschembio.4c00397	https://dx.doi.org/10.1021/acschembio.4c00397
959	GHKMIOAEPALCFS-UHFFFAOYSA-N	https://doi.org/	10.1021/acsmedchemlett.6b00209	https://dx.doi.org/10.1021/acsmedchemlett.6b00209
960	RTFQFPZKDYMMMJ-RIAKQDHQSA-N	https://doi.org/	10.1021/acschembio.9b00505	https://dx.doi.org/10.1021/acschembio.9b00505
961	YJOJMGTVKMABKQ-FIQOPJFZSA-N	https://doi.org/	10.1038/s41589-021-00765-y	https://dx.doi.org/10.1038/s41589-021-00765-y
962	YNDJPWSVYYRNTJ-MEXKHVBFSA-N	https://doi.org/	10.1016/j.bmc.2011.09.041	www.doi.org/10.1016/j.bmc.2011.09.041
963	YNDJPWSVYYRNTJ-MEXKHVBFSA-N	https://pubmed.ncbi.nlm.nih.gov/	22014751	https://pubmed.ncbi.nlm.nih.gov/22014751/
964	JECHBTRAPARMGI-KMIZWFMDSA-N	https://doi.org/	10.1021/acsmedchemlett.8b00011	https://dx.doi.org/10.1021/acsmedchemlett.8b00011
965	QUQTXFIMYFMULC-OGOZKGDESA-N	https://doi.org/	10.1038/s41589-018-0010-y	www.doi.org/10.1038/s41589-018-0010-y
966	QUQTXFIMYFMULC-OGOZKGDESA-N	https://pubmed.ncbi.nlm.nih.gov/	29507391	https://pubmed.ncbi.nlm.nih.gov/29507391/
967	ZSCOIFSUFMYZEZ-YSWDPXALSA-N	https://doi.org/	10.1016/j.chembiol.2017.09.009	www.doi.org/10.1016/j.chembiol.2017.09.009
968	ZSCOIFSUFMYZEZ-YSWDPXALSA-N	https://pubmed.ncbi.nlm.nih.gov/	29129716	https://pubmed.ncbi.nlm.nih.gov/29129716/
969	BQXUPNKLZNSUMC-YUQWMIPFSA-N	https://doi.org/	10.1021/acs.jmedchem.8b01572	https://dx.doi.org/10.1021/acs.jmedchem.8b01572
970	PACRWHUPEPCFHX-UHFFFAOYSA-N	https://doi.org/	10.1021/acs.jmedchem.9b00871	www.doi.org/10.1021/acs.jmedchem.9b00871
971	PACRWHUPEPCFHX-UHFFFAOYSA-N	https://pubmed.ncbi.nlm.nih.gov/	31330105	https://pubmed.ncbi.nlm.nih.gov/31330105/
972	ZUODKONSNNHSAJ-AMLBMYBGSA-N	https://doi.org/	10.1021/acs.jmedchem.0c01125	https://dx.doi.org/10.1021/acs.jmedchem.0c01125
973	XIRQUXILNXIWDI-UHFFFAOYSA-N	https://doi.org/	10.1021/acs.jmedchem.7b01655	www.doi.org/10.1021/acs.jmedchem.7b01655
974	XIRQUXILNXIWDI-UHFFFAOYSA-N	https://pubmed.ncbi.nlm.nih.gov/	29660984	https://pubmed.ncbi.nlm.nih.gov/29660984/
975	WMBSSRAFHKGIRA-UHFFFAOYSA-N	https://doi.org/	10.1016/j.chembiol.2020.04.003	https://doi.org/10.1016/j.chembiol.2020.04.003
976	WMBSSRAFHKGIRA-UHFFFAOYSA-N	https://pubmed.ncbi.nlm.nih.gov/	32386596	https://pubmed.ncbi.nlm.nih.gov/32386596/
977	LJGCXHMGIUJXDV-UHFFFAOYSA-N	https://doi.org/	10.1021/acs.jmedchem.4c00356	https://dx.doi.org/10.1021/acs.jmedchem.4c00356
978	HZHUKQLWLNDVDZ-IBDVCRJISA-N	https://doi.org/	10.7554/eLife.47110	https://dx.doi.org/10.7554/eLife.47110
979	XPEJZXWPKDAYFX-UHFFFAOYSA-N	https://doi.org/	10.1021/acs.jmedchem.9b00562	www.doi.org/10.1021/acs.jmedchem.9b00562
980	XPEJZXWPKDAYFX-UHFFFAOYSA-N	https://pubmed.ncbi.nlm.nih.gov/	31550156	https://pubmed.ncbi.nlm.nih.gov/31550156/
981	SYRVEVZSXHRXIX-KRWDZBQOSA-N	https://doi.org/	10.1016/j.bmcl.2012.09.054	https://dx.doi.org/10.1016/j.bmcl.2012.09.054
982	WAFNVKVWBPXGHK-QDUSTFBWSA-N	https://doi.org/	10.1016/j.bmc.2017.07.017	https://dx.doi.org/10.1016/j.bmc.2017.07.017
983	BUIJBFHGUQJYSD-XZOQPEGZSA-N	https://doi.org/	10.1371/journal.pone.0051151	https://dx.doi.org/10.1371/journal.pone.0051151
984	BLFBSGVUERKSST-UHFFFAOYSA-N	https://doi.org/	10.1021/acs.jmedchem.6b00052	https://dx.doi.org/10.1021/acs.jmedchem.6b00052
985	GRKYJLSMFYQHMP-APASRLOHSA-N	https://doi.org/	10.1038/s41467-023-44243-6	https://dx.doi.org/10.1038/s41467-023-44243-6
986	ZOJWMCDSTRTTOW-UHFFFAOYSA-N	https://doi.org/	10.1002/anie.202004087	https://dx.doi.org/10.1002/anie.202004087
987	MOWXJLUYGFNTAL-DEOSSOPVSA-N	https://doi.org/	10.1158/1535-7163.MCT-19-0734	https://dx.doi.org/10.1158/1535-7163.MCT-19-0734
988	BPLPIBNWDLPUKP-UHFFFAOYSA-N	https://doi.org/	10.1021/acs.jmedchem.1c00845	https://dx.doi.org/10.1021/acs.jmedchem.1c00845
989	SMVCNKJTRUVRLZ-UHFFFAOYSA-N	https://doi.org/	10.1038/s41467-024-46593-1	https://dx.doi.org/10.1038/s41467-024-46593-1
990	OMISHRJQMYQPMG-UHFFFAOYSA-N	https://doi.org/	10.1016/j.chembiol.2023.02.005	https://dx.doi.org/10.1016/j.chembiol.2023.02.005
991	LTOAWFRZXVPHAJ-UHFFFAOYSA-N	https://doi.org/	10.1021/acs.jmedchem.2c00508	https://dx.doi.org/10.1021/acs.jmedchem.2c00508
992	AOTRIQLYUAFVSC-UHFFFAOYSA-N	https://doi.org/	10.1021/acs.jmedchem.7b01896	https://dx.doi.org/10.1021/acs.jmedchem.7b01896
993	IPDMIUDPUBUHSU-INIZCTEOSA-N	https://doi.org/	10.1021/acs.jmedchem.2c02132	https://dx.doi.org/10.1021/acs.jmedchem.2c02132
994	ATKHYZXUMVNCIO-UHFFFAOYSA-N	https://doi.org/	10.1021/acs.jmedchem.1c00762	https://dx.doi.org/10.1021/acs.jmedchem.1c00762
995	WXRCLFFPZXJCLS-UHFFFAOYSA-N	https://doi.org/	10.1158/1078-0432.CCR-23-2094	https://dx.doi.org/10.1158/1078-0432.CCR-23-2094
996	KLKKWCPJBTXWOV-UHFFFAOYSA-N	https://doi.org/	10.1038/s41598-021-94708-1	https://dx.doi.org/10.1038/s41598-021-94708-1
997	IPUJINDWAGRAHN-KNXBSLHKSA-N	https://doi.org/	10.1021/acs.jmedchem.9b01034	https://dx.doi.org/10.1021/acs.jmedchem.9b01034
998	FMQWOAKTQPLQBR-SANMLTNESA-N	https://doi.org/	10.1021/acs.jmedchem.9b01382	https://dx.doi.org/10.1021/acs.jmedchem.9b01382
999	JOFQERPJMGKMMX-QGZVFWFLSA-N	https://doi.org/	10.1016/j.bmcl.2006.01.024	https://dx.doi.org/10.1016/j.bmcl.2006.01.024
1000	JOFQERPJMGKMMX-QGZVFWFLSA-N	https://doi.org/	10.1111/j.1432-2277.2012.01579.x	https://dx.doi.org/10.1111/j.1432-2277.2012.01579.x
1001	CRLZRGXSDBAEFD-UHFFFAOYSA-N		https://pubmed.ncbi.nlm.nih.gov/Peer reviewed at SGC	https://pubmed.ncbi.nlm.nih.gov/Peer reviewed at SGC
1002	IKPNRMYDOSNVAU-UHFFFAOYSA-N	https://doi.org/	10.1021/acs.jmedchem.3c02422	https://dx.doi.org/10.1021/acs.jmedchem.3c02422
1003	OYDTWNVVTPPDDO-UHFFFAOYSA-N	https://doi.org/	10.1073/pnas.2307086120	https://dx.doi.org/10.1073/pnas.2307086120
1004	UEMPFKOYBHCUIG-QVIWBNHYSA-N	https://doi.org/	10.1021/acs.jmedchem.4c00148	https://dx.doi.org/10.1021/acs.jmedchem.4c00148
1005	ILPWEAHQRAWJIU-OAHLLOKOSA-N	https://doi.org/	10.1021/acs.jmedchem.2c00741	https://dx.doi.org/10.1021/acs.jmedchem.2c00741
1006	DVFCRTGTEXUFIN-GFCCVEGCSA-N	https://doi.org/	10.1038/s41586-023-06575-7	https://dx.doi.org/10.1038/s41586-023-06575-7
1007	WAVPKLNVEGDDGC-LFIBNONCSA-N	https://doi.org/	10.1038/s42004-024-01177-4	https://dx.doi.org/10.1038/s42004-024-01177-4
1008	LTWQQWSXYYXVGA-UHFFFAOYSA-N	https://doi.org/	10.1002/cmdc.201000216	https://dx.doi.org/10.1002/cmdc.201000216
1009	KPABJHHKKJIDGX-JOCHJYFZSA-N	https://doi.org/	10.1016/j.chembiol.2019.02.012	https://dx.doi.org/10.1016/j.chembiol.2019.02.012
1010	HPBOMWKBZHYYGE-UHFFFAOYSA-N	https://doi.org/	10.1021/acs.jmedchem.3c01060	https://dx.doi.org/10.1021/acs.jmedchem.3c01060
1011	JDUBGYFRJFOXQC-KRWDZBQOSA-N	https://doi.org/	10.1021/jm301762v	https://dx.doi.org/10.1021/jm301762v
1012	MCRHRRIGPAVFNY-SFHVURJKSA-N	https://doi.org/	10.1021/acs.jmedchem.3c00155	https://dx.doi.org/10.1021/acs.jmedchem.3c00155
1013	FXMIIWBGTCDJJQ-UHFFFAOYSA-N	https://doi.org/	10.1021/acs.jmedchem.4c01325	https://dx.doi.org/10.1021/acs.jmedchem.4c01325
1014	HKXSBJJCHBFTMB-UHFFFAOYSA-N	https://doi.org/	10.1021/acs.jmedchem.3c00967	https://dx.doi.org/10.1021/acs.jmedchem.3c00967
1015	IRKXKBMGTVDZAJ-UHFFFAOYSA-N	https://doi.org/	10.1021/acs.jmedchem.3c02483	https://dx.doi.org/10.1021/acs.jmedchem.3c02483
1016	VBTBURGKMCKOJC-UHFFFAOYSA-N	https://doi.org/	10.1016/j.ejmech.2022.114446	https://dx.doi.org/10.1016/j.ejmech.2022.114446
1017	IYFCFYWXRIVCTH-OAHLLOKOSA-N	https://doi.org/	10.1016/j.stem.2024.03.003	https://dx.doi.org/10.1016/j.stem.2024.03.003
1018	JOAFWIHZEBKYQK-OAHLLOKOSA-N	https://doi.org/	10.1021/acs.jmedchem.4c01531	https://dx.doi.org/10.1021/acs.jmedchem.4c01531
1019	QJRFBKYETDVAJQ-ZEQKJWHPSA-N	https://doi.org/	10.1021/acsmedchemlett.3c00514	https://dx.doi.org/10.1021/acsmedchemlett.3c00514
1020	FVZCFUKXGUUDBQ-ZWSMLAFMSA-N	https://doi.org/	10.1126/science.adk6129	https://dx.doi.org/10.1126/science.adk6129
1021	YPPSMYLMSKHYAY-UHFFFAOYSA-N	https://doi.org/	10.1021/jm5017494	https://dx.doi.org/10.1021/jm5017494
1022	XDPRKJSOJYMCMZ-UHFFFAOYSA-N	https://doi.org/	10.1021/acs.jmedchem.3c00665	https://dx.doi.org/ 10.1021/acs.jmedchem.3c00665
1023	FOLSZCLZVLICGG-GJYPPUQNSA-N	https://doi.org/	10.1021/acs.jmedchem.4c01930	https://dx.doi.org/10.1021/acs.jmedchem.4c01930
1024	AKCDDYGYIGPEKL-JQOQJDEVSA-N	https://doi.org/	10.1021/acs.jmedchem.4c00580	https://dx.doi.org/10.1021/acs.jmedchem.4c00580
1025	CAOSCCRYLYQBES-UHFFFAOYSA-N	https://doi.org/	10.1007/s00204-015-1549-y	https://dx.doi.org/10.1007/s00204-015-1549-y
1026	HFOBENSCBRZVSP-NRFSWKIWSA-N	https://doi.org/	10.1038/s42003-021-02191-1	https://dx.doi.org/10.1038/s42003-021-02191-1
1027	XYKISMBNQVUKPW-GOSISDBHSA-N	https://doi.org/	10.1021/acs.jmedchem.4c01237	https://dx.doi.org/10.1021/acs.jmedchem.4c01237
1028	GMZCYCKIXQZORP-UHFFFAOYSA-N	https://doi.org/	10.1021/ml5001245	https://dx.doi.org/10.1021/ml5001245
1029	VDGNPEFFHQRGOP-UHFFFAOYSA-N	https://doi.org/	10.1158/0008-5472.CAN-24-0397	https://dx.doi.org/10.1158/0008-5472.CAN-24-0397
1030	JJRRWLVKNLMRSA-UHFFFAOYSA-N	https://doi.org/	10.1021/acs.jmedchem.4c00121	https://dx.doi.org/10.1021/acs.jmedchem.4c00121
1031	ZZFKEZYGYPWBGP-UHFFFAOYSA-N	https://doi.org/	10.1021/acs.jmedchem.3c02434	https://dx.doi.org/10.1021/acs.jmedchem.3c02434
1032	STQKUEFQEVDNLU-UHFFFAOYSA-N	https://doi.org/	10.1016/j.chembiol.2023.11.004	https://dx.doi.org/10.1016/j.chembiol.2023.11.004
1033	MVYWULXPOKYILU-UHFFFAOYSA-N	https://doi.org/	10.1021/acs.jmedchem.4c01659	https://dx.doi.org/10.1021/acs.jmedchem.4c01659
1034	VZAFGXCWAWRULT-UONOGXRCSA-N	https://doi.org/	10.1021/acs.jmedchem.6b01566	http://pubs.acs.org/doi/abs/10.1021/acs.jmedchem.6b01566
1035	VZAFGXCWAWRULT-UONOGXRCSA-N	https://pubmed.ncbi.nlm.nih.gov/	28002667	https://www.ncbi.nlm.nih.gov/pubmed/28002667
1036	OLEFHQBTXFCZON-HXUWFJFHSA-N		https://pubmed.ncbi.nlm.nih.gov/Peer reviewed at SGC	https://pubmed.ncbi.nlm.nih.gov/Peer reviewed at SGC
1037	WZMIWVZGYMKUDV-UHFFFAOYSA-N	https://doi.org/	10.1021/acsmedchemlett.3c00523	https://dx.doi.org/10.1021/acsmedchemlett.3c00523
1038	LPQXZOJIUVOCAL-NRFANRHFSA-N	https://doi.org/	10.1021/acs.jmedchem.3c02036	https://dx.doi.org/10.1021/acs.jmedchem.3c02036
1039	KHLKLLMMPVSSQY-UHFFFAOYSA-N	https://doi.org/	10.1021/acs.jmedchem.4c00072	https://dx.doi.org/10.1021/acs.jmedchem.4c00072
1040	YBXRSCXGRPSTMW-CYBMUJFWSA-N	https://doi.org/	10.1021/acs.jmedchem.0c00369	https://dx.doi.org/10.1021/acs.jmedchem.0c00369
1041	YBXRSCXGRPSTMW-CYBMUJFWSA-N	https://doi.org/	10.1007/s00280-022-04436-0	https://dx.doi.org/10.1007/s00280-022-04436-0
1042	SCLLZBIBSFTLIN-INOGPEIASA-N	https://doi.org/	10.1021/acs.jmedchem.1c01688	https://dx.doi.org/10.1021/acs.jmedchem.1c01688
1043	XVECNLUKQDKOST-UHFFFAOYSA-N	https://doi.org/	10.1038/s41598-020-73500-7	https://dx.doi.org/10.1038/s41598-020-73500-7
1044	CKFRXCBNKKOFGO-IGEOTXOUSA-N	https://doi.org/	10.1177/24725552211019409	https://dx.doi.org/10.1177/24725552211019409
1045	FFPHMUIGESPOTK-UHFFFAOYSA-N	https://doi.org/	10.1021/acsmedchemlett.9b00027	https://dx.doi.org/10.1021/acsmedchemlett.9b00027
1046	DNHPDWGIXIMXSA-CXNSMIOJSA-N	https://doi.org/	10.1021/acsmedchemlett.2c00037	https://dx.doi.org/10.1021/acsmedchemlett.2c00037
1047	DNHPDWGIXIMXSA-CXNSMIOJSA-N	https://doi.org/	10.1126/scitranslmed.3007790	https://dx.doi.org/10.1126/scitranslmed.3007790
1048	MMJPVSDTLGFIQW-UHFFFAOYSA-N	https://doi.org/	10.1021/jm201129m	https://dx.doi.org/10.1021/jm201129m
1049	KVMGAIOTUIGROS-AZUAARDMSA-N	https://doi.org/	10.1038/s41598-024-70594-1	https://dx.doi.org/10.1038/s41598-024-70594-1
1050	ZGTWRRCZLAOQMY-UHFFFAOYSA-N	https://doi.org/	10.1158/0008-5472.CAN-16-1038	https://dx.doi.org/10.1158/0008-5472.CAN-16-1038
1051	UFKFTBGGMLIIME-DEOSSOPVSA-N		https://pubmed.ncbi.nlm.nih.gov/Peer reviewed at SGC	https://pubmed.ncbi.nlm.nih.gov/Peer reviewed at SGC
1052	ZHXNIYGJAOPMSO-UHFFFAOYSA-N	https://doi.org/	10.1021/bi049428r	https://dx.doi.org/10.1021/bi049428r
1053	ZHXNIYGJAOPMSO-UHFFFAOYSA-N	https://doi.org/	10.1016/j.bmcl.2006.04.060	https://dx.doi.org/10.1016/j.bmcl.2006.04.060
1054	HCDAVCLCBXIYPW-QGZVFWFLSA-N	https://doi.org/	10.1021/acs.jmedchem.9b00718	https://dx.doi.org/10.1021/acs.jmedchem.9b00718
1055	MVULIYLBRNHLEE-LFHXYJAASA-N	https://doi.org/	10.1021/jacs.8b08008	https://dx.doi.org/10.1021/jacs.8b08008
1056	RXSCURXNWIHEAV-UHFFFAOYSA-N	https://doi.org/	10.1021/acs.jmedchem.4c02694	https://dx.doi.org/10.1021/acs.jmedchem.4c02694
1057	BOXZMOCGSKLDAH-OUZJXKGJSA-N	https://doi.org/	10.1021/acs.jmedchem.1c02179	https://dx.doi.org/10.1021/acs.jmedchem.1c02179
1058	FYSWLIFIYIVHPI-DDWISSAJSA-N	https://doi.org/	10.1021/acs.jmedchem.6b01912	www.doi.org/10.1021/acs.jmedchem.6b01912
1059	FYSWLIFIYIVHPI-DDWISSAJSA-N	https://pubmed.ncbi.nlm.nih.gov/	28595007	https://pubmed.ncbi.nlm.nih.gov/28595007/
1060	KBTKRNXLECYGBY-NERSTHRASA-N	https://doi.org/	10.1016/j.chembiol.2023.07.010	https://dx.doi.org/10.1016/j.chembiol.2023.07.010
1061	OFNZESNEBSQKSE-BQGOKDIQSA-N	https://doi.org/	10.1021/acs.jmedchem.1c00146	https://dx.doi.org/10.1021/acs.jmedchem.1c00146
1062	GJCIYFAPQUEGNE-UHFFFAOYSA-N	https://doi.org/	10.1038/s41589-020-0609-7	https://dx.doi.org/10.1038/s41589-020-0609-7
1063	AZBRPAQQOMDJLZ-UHFFFAOYSA-N	https://doi.org/	10.1021/acs.jmedchem.2c01843	https://dx.doi.org/10.1021/acs.jmedchem.2c01843
1064	AWNXKZVIZARMME-UHFFFAOYSA-N	https://doi.org/	10.1042/BJ20140889	https://dx.doi.org/10.1042/BJ20140889
1065	FSZPIAXLCCQFCM-FCQUAONHSA-N	https://doi.org/	10.1016/j.bbrc.2008.09.087	www.doi.org/10.1016/j.bbrc.2008.09.087
1066	FSZPIAXLCCQFCM-FCQUAONHSA-N	https://pubmed.ncbi.nlm.nih.gov/	18834865	http://www.ncbi.nlm.nih.gov/pubmed/18834865
1067	UZANYRRVDZSQGV-UHFFFAOYSA-N	https://doi.org/	10.1038/s41589-023-01459-3	https://dx.doi.org/10.1038/s41589-023-01459-3
1068	YBMGNDPBARCLFT-UHFFFAOYSA-N	https://doi.org/	10.1021/jm8013458	https://dx.doi.org/10.1021/jm8013458
1069	GEPYBHCJBORHCE-SFHVURJKSA-N	https://doi.org/	10.1021/ja412434f	www.doi.org/10.1021/ja412434f
1070	GEPYBHCJBORHCE-SFHVURJKSA-N	https://doi.org/	10.1073/pnas.1501956112	www.doi.org/10.1073/pnas.1501956112
1071	GEPYBHCJBORHCE-SFHVURJKSA-N	https://pubmed.ncbi.nlm.nih.gov/	24946055	http://www.ncbi.nlm.nih.gov/pubmed/?term=24946055
1072	GEPYBHCJBORHCE-SFHVURJKSA-N	https://pubmed.ncbi.nlm.nih.gov/	26261308	http://www.ncbi.nlm.nih.gov/pubmed/?term=26261308
1073	YTGYWPTWNBGCLG-UHFFFAOYSA-N	https://doi.org/	10.1021/acs.jmedchem.6b01786	https://dx.doi.org/10.1021/acs.jmedchem.6b01786
1074	CCAWRGNYALGPQH-UHFFFAOYSA-N		http://science.sciencemag.org/content/340/6132/622.long	http://science.sciencemag.org/content/340/6132/622.long
1075	CCAWRGNYALGPQH-UHFFFAOYSA-N	https://pubmed.ncbi.nlm.nih.gov/	23558173	https://www.ncbi.nlm.nih.gov/pubmed/23558173
1076	JCKGSPAAPQRPBW-OAQYLSRUSA-N	https://doi.org/	10.1073/pnas.1407358111	www.doi.org/10.1073/pnas.1407358111
1077	JCKGSPAAPQRPBW-OAQYLSRUSA-N	https://pubmed.ncbi.nlm.nih.gov/	25136132	http://www.ncbi.nlm.nih.gov/pubmed/25136132
1078	BJFSUDWKXGMUKA-UHFFFAOYSA-N	https://doi.org/	10.1021/acs.jmedchem.5b01865	http://pubs.acs.org/doi/abs/10.1021/acs.jmedchem.5b01865
1079	BJFSUDWKXGMUKA-UHFFFAOYSA-N	https://pubmed.ncbi.nlm.nih.gov/	26914985	http://www.ncbi.nlm.nih.gov/pubmed/?term=26914985
1080	RNAMYOYQYRYFQY-UHFFFAOYSA-N	https://doi.org/	10.1021/jm401480r	http://pubs.acs.org/doi/abs/10.1021/jm401480r
1081	RNAMYOYQYRYFQY-UHFFFAOYSA-N	https://pubmed.ncbi.nlm.nih.gov/	24102134	http://www.ncbi.nlm.nih.gov/pubmed/?term=24102134
1082	QOECJCJVIMVJGX-UHFFFAOYSA-N	https://doi.org/	10.1021/jm401480r	www.doi.org/10.1021/jm401480r
1083	QOECJCJVIMVJGX-UHFFFAOYSA-N	https://doi.org/	10.1038/nchembio.599	www.doi.org/10.1038/nchembio.599
1084	QOECJCJVIMVJGX-UHFFFAOYSA-N	https://pubmed.ncbi.nlm.nih.gov/	24102134	http://www.ncbi.nlm.nih.gov/pubmed/24102134
1085	QOECJCJVIMVJGX-UHFFFAOYSA-N	https://pubmed.ncbi.nlm.nih.gov/	21743462	http://www.ncbi.nlm.nih.gov/pubmed/21743462
1086	DPJNKUOXBZSZAI-UHFFFAOYSA-N	https://doi.org/	10.1021/cb400133j	www.doi.org/10.1021/cb400133j
1087	DPJNKUOXBZSZAI-UHFFFAOYSA-N	https://pubmed.ncbi.nlm.nih.gov/	23614352	http://www.ncbi.nlm.nih.gov/pubmed/23614352
1088	WBKCKEHGXNWYMO-UHFFFAOYSA-N	https://doi.org/	10.1038/nature11262	www.doi.org/10.1038/nature11262
1089	WBKCKEHGXNWYMO-UHFFFAOYSA-N	https://pubmed.ncbi.nlm.nih.gov/	22842901	http://www.ncbi.nlm.nih.gov/pubmed/22842901
1090	BKCDJTRMYWSXMC-UHFFFAOYSA-N	https://doi.org/	10.1021/ml400496h	www.doi/org/10.1021/ml400496h
1091	BKCDJTRMYWSXMC-UHFFFAOYSA-N	https://pubmed.ncbi.nlm.nih.gov/	24900801	http://www.ncbi.nlm.nih.gov/pubmed/24900801
1092	TWKYXZSXXXKKJU-FQEVSTJZSA-N	https://doi.org/	10.1021/acsmedchemlett.5b00380	http://pubs.acs.org/doi/abs/10.1021/acsmedchemlett.5b00380
1093	TWKYXZSXXXKKJU-FQEVSTJZSA-N	https://pubmed.ncbi.nlm.nih.gov/	26985292	https://www.ncbi.nlm.nih.gov/pubmed/?term=26985292
1094	OTTJIRVZJJGFTK-SFHVURJKSA-N	https://doi.org/	10.1021/acs.jmedchem.5b01890	www.doi.org/10.1021/acs.jmedchem.5b01890
1095	OTTJIRVZJJGFTK-SFHVURJKSA-N	https://pubmed.ncbi.nlm.nih.gov/	27075367	https://www.ncbi.nlm.nih.gov/pubmed/?term=27075367
1096	ZKXZLIFRWWKZRY-KRWDZBQOSA-N	https://doi.org/	10.1021/acsmedchemlett.5b00380	https://dx.doi.org/10.1021/acsmedchemlett.5b00380
1097	ABGOSOMRWSYAOB-UHFFFAOYSA-N	https://doi.org/	10.1038/nchembio.2282	www.doi.org/10.1038/nchembio.2282
1098	ABGOSOMRWSYAOB-UHFFFAOYSA-N	https://pubmed.ncbi.nlm.nih.gov/	28114273	https://www.ncbi.nlm.nih.gov/pubmed/28114273
1099	PSOXOVKYGWBTPB-UHFFFAOYSA-N	https://doi.org/	10.1021/jm901797p	www.doi.org/10.1021/jm901797p
1100	PSOXOVKYGWBTPB-UHFFFAOYSA-N	https://pubmed.ncbi.nlm.nih.gov/	20345102	https://www.ncbi.nlm.nih.gov/pubmed/20345102
1101	PSOXOVKYGWBTPB-UHFFFAOYSA-N	https://pubmed.ncbi.nlm.nih.gov/	27680310	https://pubmed.ncbi.nlm.nih.gov/27680310/
1102	MPUQHZXIXSTTDU-QXGSTGNESA-N		http://www.sciencedirect.com/science/article/pii/S1097276509009551	http://www.sciencedirect.com/science/article/pii/S1097276509009551
1103	MPUQHZXIXSTTDU-QXGSTGNESA-N		https://www.nature.com/nature/journal/v458/n7239/full/nature07884.html	https://www.nature.com/nature/journal/v458/n7239/full/nature07884.html
1104	MPUQHZXIXSTTDU-QXGSTGNESA-N	https://pubmed.ncbi.nlm.nih.gov/	20129059	http://www.ncbi.nlm.nih.gov/pubmed/20129059
1105	MPUQHZXIXSTTDU-QXGSTGNESA-N	https://pubmed.ncbi.nlm.nih.gov/	19360080	https://www.ncbi.nlm.nih.gov/pubmed/19360080
1106	DYIRSNMPIZZNBK-UHFFFAOYSA-N		http://www.nature.com/nchembio/journal/vaop/ncurrent/full/nchembio.2304.html	http://www.nature.com/nchembio/journal/vaop/ncurrent/full/nchembio.2304.html
1107	DYIRSNMPIZZNBK-UHFFFAOYSA-N	https://pubmed.ncbi.nlm.nih.gov/	28135235	https://www.ncbi.nlm.nih.gov/pubmed/28135235
1108	DRLCSJFKKILATL-YWCVFVGNSA-N	https://doi.org/	10.1021/jm401753e	http://pubs.acs.org/doi/abs/10.1021/jm401753e
1109	DRLCSJFKKILATL-YWCVFVGNSA-N	https://pubmed.ncbi.nlm.nih.gov/	24456472	https://www.ncbi.nlm.nih.gov/pubmed/24456472
1110	HXZRMADPDYFMEB-FTTMEYFSSA-N		http://www.nature.com/nchembio/journal/v1/n7/full/nchembio748.html	http://www.nature.com/nchembio/journal/v1/n7/full/nchembio748.html
1111	HXZRMADPDYFMEB-FTTMEYFSSA-N	https://doi.org/	10.1021/ja058319c	http://pubs.acs.org/doi/abs/10.1021/ja058319c
1112	HXZRMADPDYFMEB-FTTMEYFSSA-N		http://www.pnas.org/content/105/11/4088.long	http://www.pnas.org/content/105/11/4088.long
1113	HXZRMADPDYFMEB-FTTMEYFSSA-N	https://pubmed.ncbi.nlm.nih.gov/	16372404	https://www.ncbi.nlm.nih.gov/pubmed/16372404
1114	HXZRMADPDYFMEB-FTTMEYFSSA-N	https://pubmed.ncbi.nlm.nih.gov/	16551075	https://www.ncbi.nlm.nih.gov/pubmed/16551075
1115	HXZRMADPDYFMEB-FTTMEYFSSA-N	https://pubmed.ncbi.nlm.nih.gov/	18334642	https://www.ncbi.nlm.nih.gov/pubmed/18334642
1116	QFJCIRLUMZQUOT-HPLJOQBZSA-N	https://doi.org/	10.1038/369756a0	www.doi.org/10.1038/369756a0
1117	QFJCIRLUMZQUOT-HPLJOQBZSA-N	https://doi.org/	10.1074/jbc.274.7.4266	www.doi.org/10.1074/jbc.274.7.4266
1118	QFJCIRLUMZQUOT-HPLJOQBZSA-N	https://pubmed.ncbi.nlm.nih.gov/	8008069	http://www.ncbi.nlm.nih.gov/pubmed/8008069
1119	QFJCIRLUMZQUOT-HPLJOQBZSA-N	https://pubmed.ncbi.nlm.nih.gov/	9933627	http://www.ncbi.nlm.nih.gov/pubmed/9933627
1120	ZDNGJXBUEQNFBQ-GCJKJVERSA-N	https://doi.org/	10.1021/acs.jmedchem.6b00228	http://pubs.acs.org/doi/abs/10.1021/acs.jmedchem.6b00228
1121	ZDNGJXBUEQNFBQ-GCJKJVERSA-N	https://pubmed.ncbi.nlm.nih.gov/	27031670	https://www.ncbi.nlm.nih.gov/pubmed/27031670
1122	QJJXYPPXXYFBGM-LFZNUXCKSA-N	https://doi.org/	10.1021/jm980307x	www.doi.org/10.1021/jm980307x
1123	QJJXYPPXXYFBGM-LFZNUXCKSA-N	https://doi.org/	10.1073/pnas.89.9.3686	www.doi.org/10.1073/pnas.89.9.3686
1124	QJJXYPPXXYFBGM-LFZNUXCKSA-N	https://doi.org/	10.2133/dmpk.22.328	www.doi.org/10.2133/dmpk.22.328
1125	QJJXYPPXXYFBGM-LFZNUXCKSA-N	https://doi.org/	10.1021/jm031101l	www.doi.org/10.1021/jm031101l
1126	QJJXYPPXXYFBGM-LFZNUXCKSA-N	https://pubmed.ncbi.nlm.nih.gov/	7530743	https://pubmed.ncbi.nlm.nih.gov/7530743/
1127	QJJXYPPXXYFBGM-LFZNUXCKSA-N	https://pubmed.ncbi.nlm.nih.gov/	9857082	https://pubmed.ncbi.nlm.nih.gov/9857082/
1128	QJJXYPPXXYFBGM-LFZNUXCKSA-N	https://pubmed.ncbi.nlm.nih.gov/	1373887	https://pubmed.ncbi.nlm.nih.gov/1373887/
1129	QJJXYPPXXYFBGM-LFZNUXCKSA-N	https://pubmed.ncbi.nlm.nih.gov/	17965516	https://pubmed.ncbi.nlm.nih.gov/17965516/
1130	QJJXYPPXXYFBGM-LFZNUXCKSA-N	https://pubmed.ncbi.nlm.nih.gov/	15369399	https://pubmed.ncbi.nlm.nih.gov/15369399/
1131	YKNAKDFZAWQEEO-IBGZPJMESA-N	https://doi.org/	10.1158/0008-5472.CAN-15-0236	www.doi.org/10.1158/0008-5472.CAN-15-0236
1132	YKNAKDFZAWQEEO-IBGZPJMESA-N	https://pubmed.ncbi.nlm.nih.gov/	26552700	http://www.ncbi.nlm.nih.gov/pubmed/26552700
1133	QJZRFPJCWMNVAV-HHHXNRCGSA-N	https://doi.org/	10.1021/bi702061g	https://dx.doi.org/10.1021/bi702061g
1134	QJZRFPJCWMNVAV-HHHXNRCGSA-N	https://doi.org/	10.1021/jm3014597	https://dx.doi.org/10.1021/jm3014597
1135	JNAHVYVRKWKWKQ-CYBMUJFWSA-N		http://clincancerres.aacrjournals.org/content/13/9/2728.long	http://clincancerres.aacrjournals.org/content/13/9/2728.long
1136	JNAHVYVRKWKWKQ-CYBMUJFWSA-N	https://doi.org/	10.1021/acs.jmedchem.6b00990	http://pubs.acs.org/doi/pdf/10.1021/acs.jmedchem.6b00990
1137	JNAHVYVRKWKWKQ-CYBMUJFWSA-N		https://pubchem.ncbi.nlm.nih.gov/compound/11960529#section=Top	https://pubchem.ncbi.nlm.nih.gov/compound/11960529#section=Top
1138	JNAHVYVRKWKWKQ-CYBMUJFWSA-N	https://pubmed.ncbi.nlm.nih.gov/	28001384	https://www.ncbi.nlm.nih.gov/pubmed/?term=28001384
1139	FDLYAMZZIXQODN-UHFFFAOYSA-N	https://doi.org/	10.1021/jm8001263	http://pubs.acs.org/doi/abs/10.1021/jm8001263
1140	FDLYAMZZIXQODN-UHFFFAOYSA-N	https://doi.org/	10.1021/acs.jmedchem.6b00990	http://pubs.acs.org/doi/pdf/10.1021/acs.jmedchem.6b00990
1141	FDLYAMZZIXQODN-UHFFFAOYSA-N	https://pubmed.ncbi.nlm.nih.gov/	18800822	http://www.ncbi.nlm.nih.gov/pubmed/18800822
1142	FDLYAMZZIXQODN-UHFFFAOYSA-N	https://pubmed.ncbi.nlm.nih.gov/	28001384	https://www.ncbi.nlm.nih.gov/pubmed/?term=28001384
1143	PCHKPVIQAHNQLW-CQSZACIVSA-N	https://doi.org/	10.1021/jm901188v	http://pubs.acs.org/doi/abs/10.1021/jm901188v
1144	PCHKPVIQAHNQLW-CQSZACIVSA-N	https://doi.org/	10.1021/acs.jmedchem.6b00990	http://pubs.acs.org/doi/pdf/10.1021/acs.jmedchem.6b00990
1145	PCHKPVIQAHNQLW-CQSZACIVSA-N	https://pubmed.ncbi.nlm.nih.gov/	19873981	http://www.ncbi.nlm.nih.gov/pubmed/19873981
1146	PCHKPVIQAHNQLW-CQSZACIVSA-N	https://pubmed.ncbi.nlm.nih.gov/	28001384	https://www.ncbi.nlm.nih.gov/pubmed/?term=28001384
1147	ULXXDDBFHOBEHA-CWDCEQMOSA-N		http://www.nature.com/onc/journal/v27/n34/full/onc2008109a.html	http://www.nature.com/onc/journal/v27/n34/full/onc2008109a.html
1148	ULXXDDBFHOBEHA-CWDCEQMOSA-N	https://pubmed.ncbi.nlm.nih.gov/	18408761	http://www.ncbi.nlm.nih.gov/pubmed/18408761
1149	KXBDTLQSDKGAEB-UHFFFAOYSA-N	https://doi.org/	10.1124/jpet.113.203489	www.doi.org/10.1124/jpet.113.203489
1150	KXBDTLQSDKGAEB-UHFFFAOYSA-N	https://pubmed.ncbi.nlm.nih.gov/	23709115	http://www.ncbi.nlm.nih.gov/pubmed/23709115
1151	ZVWPOIUAPXDLMB-UHFFFAOYSA-N	https://doi.org/	10.1021/acschemneuro.7b00308	https://dx.doi.org/10.1021/acschemneuro.7b00308
1152	LGWDVWIZDPGCFG-UHFFFAOYSA-N	https://doi.org/	10.1038/s41467-018-06703-2	www.doi.org/10.1038/s41467-018-06703-2
1153	LGWDVWIZDPGCFG-UHFFFAOYSA-N	https://pubmed.ncbi.nlm.nih.gov/	30352999	https://pubmed.ncbi.nlm.nih.gov/30352999/
1154	SQSZANZGUXWJEA-UHFFFAOYSA-N	https://doi.org/	10.1038/bcj.2013.6	www.doi.org/10.1038/bcj.2013.6
1155	SQSZANZGUXWJEA-UHFFFAOYSA-N	https://pubmed.ncbi.nlm.nih.gov/	23584399	https://www.ncbi.nlm.nih.gov/pubmed/?term=23584399
1156	IFWUBRBMMNTBRZ-UHFFFAOYSA-N	https://doi.org/	10.1021/acschembio.6b00609	http://pubs.acs.org/doi/abs/10.1021/acschembio.6b00609
1157	IFWUBRBMMNTBRZ-UHFFFAOYSA-N	https://pubmed.ncbi.nlm.nih.gov/	27689388	https://www.ncbi.nlm.nih.gov/pubmed/27689388
1158	GMPQGWXPDRNCBL-UHFFFAOYSA-N	https://doi.org/	10.1021/acs.jmedchem.6b00065	http://pubs.acs.org/doi/abs/10.1021/acs.jmedchem.6b00065
1159	GMPQGWXPDRNCBL-UHFFFAOYSA-N	https://pubmed.ncbi.nlm.nih.gov/	27115835	https://www.ncbi.nlm.nih.gov/pubmed/?term=27115835
1160	CYOHGALHFOKKQC-UHFFFAOYSA-N		http://clincancerres.aacrjournals.org/content/13/5/1576.long	http://clincancerres.aacrjournals.org/content/13/5/1576.long
1161	CYOHGALHFOKKQC-UHFFFAOYSA-N	https://pubmed.ncbi.nlm.nih.gov/	17332304	http://www.ncbi.nlm.nih.gov/pubmed/17332304
1162	REVJNSVNICWODC-KIDMSAQOSA-N	https://doi.org/	10.1038/nchembio.2306	www.doi.org/10.1038/nchembio.2306
1163	REVJNSVNICWODC-KIDMSAQOSA-N	https://pubmed.ncbi.nlm.nih.gov/	28135237	https://www.ncbi.nlm.nih.gov/pubmed/28135237
1164	NDVQUNZCNAMROD-RZUBCFFCSA-N	https://doi.org/	10.1038/ncomms13312	http://dx.doi.org/10.1038/ncomms13312
1165	NDVQUNZCNAMROD-RZUBCFFCSA-N	https://pubmed.ncbi.nlm.nih.gov/	27811928	https://www.ncbi.nlm.nih.gov/pubmed/27811928
1166	DFBDRVGWBHBJNR-BBNFHIFMSA-N	https://doi.org/	10.1021/acs.jmedchem.5b00984	www.doi.org/10.1021/acs.jmedchem.5b00984
1167	DFBDRVGWBHBJNR-BBNFHIFMSA-N	https://doi.org/	10.1158/0008-5472.CAN-15-2357	www.doi.org/10.1158/0008-5472.CAN-15-2357
1168	DFBDRVGWBHBJNR-BBNFHIFMSA-N	https://pubmed.ncbi.nlm.nih.gov/	26407012	https://pubmed.ncbi.nlm.nih.gov/26407012/
1169	DFBDRVGWBHBJNR-BBNFHIFMSA-N	https://pubmed.ncbi.nlm.nih.gov/	27020862	https://pubmed.ncbi.nlm.nih.gov/27020862/
1170	RRZVGDGTWNQAPW-UHFFFAOYSA-N	https://doi.org/	10.1021/jm501963e	http://pubs.acs.org/doi/10.1021/jm501963e
1171	RRZVGDGTWNQAPW-UHFFFAOYSA-N	https://pubmed.ncbi.nlm.nih.gov/	25719566	http://www.ncbi.nlm.nih.gov/pubmed/?term=25719566
1172	ITTRLTNMFYIYPA-UHFFFAOYSA-N		http://www.nature.com/nature/journal/v462/n7276/full/nature08622.html	http://www.nature.com/nature/journal/v462/n7276/full/nature08622.html
1173	ITTRLTNMFYIYPA-UHFFFAOYSA-N	https://pubmed.ncbi.nlm.nih.gov/	20033049	https://www.ncbi.nlm.nih.gov/pubmed/?term=20033049
1174	OIGNJSKKLXVSLS-VWUMJDOOSA-N	https://doi.org/	10.1021/jm010228c	https://dx.doi.org/10.1021/jm010228c
1175	PMQUGSPFUBGJCZ-CHOKWEPUSA-N		http://www.pnas.org/content/114/12/3127	http://www.pnas.org/content/114/12/3127
1176	PMQUGSPFUBGJCZ-CHOKWEPUSA-N	https://doi.org/	10.1021/acsmedchemlett.5b00485	http://pubs.acs.org/doi/abs/10.1021/acsmedchemlett.5b00485
1177	PMQUGSPFUBGJCZ-CHOKWEPUSA-N	https://pubmed.ncbi.nlm.nih.gov/	27437075	https://www.ncbi.nlm.nih.gov/pubmed/27437075
1178	PMQUGSPFUBGJCZ-CHOKWEPUSA-N	https://pubmed.ncbi.nlm.nih.gov/	28270606	https://www.ncbi.nlm.nih.gov/pubmed/28270606
1179	QKPUKWQKXUUTOK-UHFFFAOYSA-N		http://pubs.rsc.org/en/Content/ArticleLanding/2015/MD/c5md00037h#!divAbstract	http://pubs.rsc.org/en/Content/ArticleLanding/2015/MD/c5md00037h#!divAbstract
1180	MFYLCAMJNGIULC-KCVUFLITSA-N	https://doi.org/	10.1021/acs.jmedchem.0c00525	www.doi.org/10.1021/acs.jmedchem.0c00525
1181	MFYLCAMJNGIULC-KCVUFLITSA-N	https://doi.org/	10.1021/acs.biochem.9b00448	www.doi.org/10.1021/acs.biochem.9b00448
1182	MFYLCAMJNGIULC-KCVUFLITSA-N	https://pubmed.ncbi.nlm.nih.gov/	32614585	https://pubmed.ncbi.nlm.nih.gov/32614585/
1183	MFYLCAMJNGIULC-KCVUFLITSA-N	https://pubmed.ncbi.nlm.nih.gov/	31334635	https://pubmed.ncbi.nlm.nih.gov/31334635/
1184	PIEQDBPBBQPLPL-UHFFFAOYSA-N	https://doi.org/	10.1038/s41589-018-0155-8	www.doi.org/10.1038/s41589-018-0155-8
1185	PIEQDBPBBQPLPL-UHFFFAOYSA-N	https://doi.org/	10.1021/acs.jmedchem.8b01958	www.doi.org/10.1021/acs.jmedchem.8b01958
1186	PIEQDBPBBQPLPL-UHFFFAOYSA-N	https://doi.org/	10.1021/acschembio.0c00086	www.doi.org/10.1021/acschembio.0c00086
1187	PIEQDBPBBQPLPL-UHFFFAOYSA-N	https://pubmed.ncbi.nlm.nih.gov/	30420694	https://pubmed.ncbi.nlm.nih.gov/30420694/
1188	PIEQDBPBBQPLPL-UHFFFAOYSA-N	https://pubmed.ncbi.nlm.nih.gov/	30720278	https://pubmed.ncbi.nlm.nih.gov/30720278/
1189	PIEQDBPBBQPLPL-UHFFFAOYSA-N	https://pubmed.ncbi.nlm.nih.gov/	32195565	https://pubmed.ncbi.nlm.nih.gov/32195565
1190	UMUQEMHROZVOTF-LJQANCHMSA-N	https://doi.org/	10.1021/acs.jmedchem.3c01398	https://dx.doi.org/10.1021/acs.jmedchem.3c01398
1191	BHUZLJOUHMBZQY-YXQOSMAKSA-N		http://www.pnas.org/content/100/8/4389.long	http://www.pnas.org/content/100/8/4389.long
1192	BHUZLJOUHMBZQY-YXQOSMAKSA-N		http://www.cell.com/cell-chemical-biology/abstract/S1074-5521(03)00095-4	http://www.cell.com/cell-chemical-biology/abstract/S1074-5521(03)00095-4
1193	BHUZLJOUHMBZQY-YXQOSMAKSA-N		http://www.nature.com/nchembio/journal/v6/n3/full/nchembio.313.html	http://www.nature.com/nchembio/journal/v6/n3/full/nchembio.313.html
1194	BHUZLJOUHMBZQY-YXQOSMAKSA-N	https://pubmed.ncbi.nlm.nih.gov/	12677000	https://www.ncbi.nlm.nih.gov/pubmed/12677000
1195	BHUZLJOUHMBZQY-YXQOSMAKSA-N	https://pubmed.ncbi.nlm.nih.gov/	12770821	https://www.ncbi.nlm.nih.gov/pubmed/12770821
1196	BHUZLJOUHMBZQY-YXQOSMAKSA-N	https://pubmed.ncbi.nlm.nih.gov/	20139990	https://www.ncbi.nlm.nih.gov/pubmed/?term=20139990
1197	VPQCHIWQHIOPQS-UHFFFAOYSA-N	https://doi.org/	10.1038/s41467-021-23152-6	www.doi.org/10.1038/s41467-021-23152-6
1198	VPQCHIWQHIOPQS-UHFFFAOYSA-N	https://pubmed.ncbi.nlm.nih.gov/	33990599	https://pubmed.ncbi.nlm.nih.gov/33990599/
1199	HXBRBOYWXDLHDC-UHFFFAOYSA-N	https://doi.org/	10.1158/0008-5472.CAN-18-2861	https://dx.doi.org/10.1158/0008-5472.CAN-18-2861
1200	FQAXDSVNYVVQSE-UHFFFAOYSA-N	https://doi.org/	10.1021/acs.jmedchem.5b00892	www.doi.org/10.1021/acs.jmedchem.5b00892
1201	FQAXDSVNYVVQSE-UHFFFAOYSA-N	https://pubmed.ncbi.nlm.nih.gov/	26225459	https://pubmed.ncbi.nlm.nih.gov/26225459/
1202	VTFWALACVWFKNO-OCJYXSBASA-N	https://doi.org/	10.1021/acs.jmedchem.4c01590	https://dx.doi.org/10.1021/acs.jmedchem.4c01590
1203	RJTJRVASUFIDQM-UHFFFAOYSA-N	https://doi.org/	10.1021/ml300280g	https://dx.doi.org/10.1021/ml300280g
1204	RJTJRVASUFIDQM-UHFFFAOYSA-N	https://doi.org/	10.1124/jpet.115.226910	https://dx.doi.org/10.1124/jpet.115.226910
1205	MDGIEDNDSFMSLP-UHFFFAOYSA-N	https://doi.org/	10.1038/nature15699	www.doi.org/10.1038/nature15699
1206	MDGIEDNDSFMSLP-UHFFFAOYSA-N	https://pubmed.ncbi.nlm.nih.gov/	26550826	https://www.ncbi.nlm.nih.gov/pubmed/26550826
1207	BHKDKKZMPODMIQ-UHFFFAOYSA-N	https://doi.org/	10.1021/acs.jmedchem.0c01019	www.doi.org/10.1021/acs.jmedchem.0c01019
1208	BHKDKKZMPODMIQ-UHFFFAOYSA-N	https://pubmed.ncbi.nlm.nih.gov/	32930584	https://pubmed.ncbi.nlm.nih.gov/32930584/
1209	NMQUSJQZQWKQBL-UHFFFAOYSA-N	https://doi.org/	10.1038/s41375-017-0005-9	www.doi.org/10.1038/s41375-017-0005-9
1210	NMQUSJQZQWKQBL-UHFFFAOYSA-N	https://doi.org/	10.3390/cancers12041021	www.doi.org/10.3390/cancers12041021
1211	NMQUSJQZQWKQBL-UHFFFAOYSA-N	https://doi.org/	10.1021/ml500165r	https://doi.org/10.1021/ml500165r
1212	NMQUSJQZQWKQBL-UHFFFAOYSA-N	https://pubmed.ncbi.nlm.nih.gov/	29472718	https://pubmed.ncbi.nlm.nih.gov/29472718/
1213	NMQUSJQZQWKQBL-UHFFFAOYSA-N	https://pubmed.ncbi.nlm.nih.gov/	32326377	https://pubmed.ncbi.nlm.nih.gov/32326377
1214	NMQUSJQZQWKQBL-UHFFFAOYSA-N	https://pubmed.ncbi.nlm.nih.gov/	25419444	https://pubmed.ncbi.nlm.nih.gov/25419444
1215	OSXFATOLZGZLSK-UHFFFAOYSA-N		http://www.cell.com/molecular-cell/abstract/S1097-2765(07)00040-8?_returnURL=http%3A%2F%2Flinkinghub.elsevier.com%2Fretrieve%2Fpii%2FS1097276507000408%3Fshowall%3Dtrue	http://www.cell.com/molecular-cell/abstract/S1097-2765(07)00040-8?_returnURL=http%3A%2F%2Flinkinghub.elsevier.com%2Fretrieve%2Fpii%2FS1097276507000408%3Fshowall%3Dtrue
1216	OSXFATOLZGZLSK-UHFFFAOYSA-N	https://pubmed.ncbi.nlm.nih.gov/	17289593	http://www.ncbi.nlm.nih.gov/pubmed/?term=17289593
1217	KMFLQPJJHQNKKF-UHFFFAOYSA-N	https://doi.org/	10.1124/molpharm.122.000633	https://dx.doi.org/10.1124/molpharm.122.000633
1218	DUIHHZKTCSNTGM-UHFFFAOYSA-N		http://www.nature.com/nchembio/journal/v7/n7/full/nchembio.573.html	http://www.nature.com/nchembio/journal/v7/n7/full/nchembio.573.html
1219	DUIHHZKTCSNTGM-UHFFFAOYSA-N	https://doi.org/	10.1021/jm101488z	http://pubs.acs.org/doi/abs/10.1021/jm101488z
1220	DUIHHZKTCSNTGM-UHFFFAOYSA-N	https://pubmed.ncbi.nlm.nih.gov/	21490603	http://www.ncbi.nlm.nih.gov/pubmed/21490603
1221	DUIHHZKTCSNTGM-UHFFFAOYSA-N	https://pubmed.ncbi.nlm.nih.gov/	21413798	http://www.ncbi.nlm.nih.gov/pubmed/21413798
1222	LBVKEEFIPBQIMD-JTQLQIEISA-N	https://doi.org/	10.1021/jm800343j	www.doi.org/10.1021/jm800343j
1223	LBVKEEFIPBQIMD-JTQLQIEISA-N	https://doi.org/	10.1158/1535-7163.MCT-09-0036	www.doi.org/10.1158/1535-7163.MCT-09-0036
1224	LBVKEEFIPBQIMD-JTQLQIEISA-N	https://pubmed.ncbi.nlm.nih.gov/	18646745	https://pubmed.ncbi.nlm.nih.gov/18646745/
1225	LBVKEEFIPBQIMD-JTQLQIEISA-N	https://pubmed.ncbi.nlm.nih.gov/	19509272	https://pubmed.ncbi.nlm.nih.gov/19509272/
1226	FIVSJYGQAIEMOC-ZGNKEGEESA-N	https://doi.org/	10.1016/j.pbb.2012.03.021	https://dx.doi.org/10.1016/j.pbb.2012.03.021
1227	WMOAPWVQPPIAFY-HSZRJFAPSA-N	https://doi.org/	10.1038/s41586-025-08618-7	https://dx.doi.org/10.1038/s41586-025-08618-7
1228	YCBIMOYJAYMCOJ-CCEZHUSRSA-N	https://doi.org/	10.1038/s41467-025-57005-3	https://dx.doi.org/10.1038/s41467-025-57005-3
1229	JLNAZAXGWJVJEC-UHFFFAOYSA-N	https://doi.org/	10.1021/acs.jmedchem.4c02293	https://dx.doi.org/10.1021/acs.jmedchem.4c02293
1230	YLGMPWWMPCGYBF-UHFFFAOYSA-N	https://doi.org/	10.1021/acs.jmedchem.4c02631	https://dx.doi.org/10.1021/acs.jmedchem.4c02631
1231	RGHLRMNPUGUZEY-UHFFFAOYSA-N	https://doi.org/	10.1021/acs.jmedchem.2c00271	https://dx.doi.org/10.1021/acs.jmedchem.2c00271
1232	GYKNPXCQINZRLL-UHFFFAOYSA-N	https://doi.org/	10.1038/s41589-020-00652-y	https://dx.doi.org/10.1038/s41589-020-00652-y
1233	RDLSKDOSNKLEAQ-UHFFFAOYSA-N	https://doi.org/	10.1021/jm401622k	www.doi.org/10.1021/jm401622k
1234	RDLSKDOSNKLEAQ-UHFFFAOYSA-N	https://pubmed.ncbi.nlm.nih.gov/	24392688	https://pubmed.ncbi.nlm.nih.gov/24392688/
1235	KGSBEYKVWODBRD-ICSRJNTNSA-N	https://doi.org/	10.1124/mol.119.118661	https://dx.doi.org/10.1124/mol.119.118661
1236	XSQUJFKRXZMOKA-PAFIKIDNSA-N	https://doi.org/	10.1056/NEJMoa2209870	https://dx.doi.org/10.1056/NEJMoa2209870
1237	XSQUJFKRXZMOKA-PAFIKIDNSA-N	https://doi.org/	10.1002/bdd.2387	https://dx.doi.org/10.1002/bdd.2387
1238	ISNXAOFEMNFJCO-YUXAGFNASA-N	https://doi.org/	10.1038/s41589-021-00785-8	www.doi.org/10.1038/s41589-021-00785-8
1239	ISNXAOFEMNFJCO-YUXAGFNASA-N	https://pubmed.ncbi.nlm.nih.gov/	33927411	https://pubmed.ncbi.nlm.nih.gov/33927411/
1240	XUZMWHLSFXCVMG-UHFFFAOYSA-N	https://doi.org/	10.4049/jimmunol.0902819	www.doi.org/10.4049/jimmunol.0902819
1241	XUZMWHLSFXCVMG-UHFFFAOYSA-N	https://doi.org/	10.1016/j.str.2015.12.015	www.doi.org/10.1016/j.str.2015.12.015
1242	XUZMWHLSFXCVMG-UHFFFAOYSA-N	https://pubmed.ncbi.nlm.nih.gov/	20363976	https://pubmed.ncbi.nlm.nih.gov/20363976/
1243	XUZMWHLSFXCVMG-UHFFFAOYSA-N	https://pubmed.ncbi.nlm.nih.gov/	26853940	https://pubmed.ncbi.nlm.nih.gov/26853940/
1244	SGSFONPFVRRJLS-UHFFFAOYSA-N	https://doi.org/	10.1371/journal.pone.0093230	https://dx.doi.org/10.1371/journal.pone.0093230
1245	SGSFONPFVRRJLS-UHFFFAOYSA-N	https://doi.org/	10.1021/acsmedchemlett.0c00200	https://dx.doi.org/10.1021/acsmedchemlett.0c00200
1246	LGLHCXISMKHLIK-UHFFFAOYSA-N	https://doi.org/	10.1016/j.chembiol.2011.05.010	www.doi.org/10.1016/j.chembiol.2011.05.010
1247	LGLHCXISMKHLIK-UHFFFAOYSA-N	https://doi.org/	10.1158/0008-5472.CAN-15-0817	www.doi.org/10.1158/0008-5472.CAN-15-0817
1248	LGLHCXISMKHLIK-UHFFFAOYSA-N	https://pubmed.ncbi.nlm.nih.gov/	21802008	https://pubmed.ncbi.nlm.nih.gov/21802008/
1249	LGLHCXISMKHLIK-UHFFFAOYSA-N	https://pubmed.ncbi.nlm.nih.gov/	26677978	https://pubmed.ncbi.nlm.nih.gov/26677978/
1250	XLOGLWKOHPIJLV-UHFFFAOYSA-N	https://doi.org/	10.1021/acs.jmedchem.6b00211	http://pubs.acs.org/doi/abs/10.1021/acs.jmedchem.6b00211
1251	XLOGLWKOHPIJLV-UHFFFAOYSA-N	https://pubmed.ncbi.nlm.nih.gov/	27109867	https://www.ncbi.nlm.nih.gov/pubmed/27109867
1252	LOGJQOUIVKBFGH-YBEGLDIGSA-N	https://doi.org/	10.1128/mcb.20.23.9018-9027.2000	www.doi.org/10.1128/mcb.20.23.9018-9027.2000
1253	LOGJQOUIVKBFGH-YBEGLDIGSA-N	https://doi.org/	10.3109/00207454.2013.879869	www.doi.org/10.3109/00207454.2013.879869
1254	LOGJQOUIVKBFGH-YBEGLDIGSA-N	https://pubmed.ncbi.nlm.nih.gov/	11074000	https://pubmed.ncbi.nlm.nih.gov/11074000/
1255	LOGJQOUIVKBFGH-YBEGLDIGSA-N	https://pubmed.ncbi.nlm.nih.gov/	24397498	https://pubmed.ncbi.nlm.nih.gov/24397498/
1256	JIFCFQDXHMUPGP-UHFFFAOYSA-N		http://www.nature.com/nchembio/journal/v7/n1/full/nchembio.481.html	http://www.nature.com/nchembio/journal/v7/n1/full/nchembio.481.html
1257	JIFCFQDXHMUPGP-UHFFFAOYSA-N	https://pubmed.ncbi.nlm.nih.gov/	21113169	http://www.ncbi.nlm.nih.gov/pubmed/21113169
1258	NDEXUOWTGYUVGA-LJQANCHMSA-N		http://mct.aacrjournals.org/content/7/8/2394.long	http://mct.aacrjournals.org/content/7/8/2394.long
1259	NDEXUOWTGYUVGA-LJQANCHMSA-N	https://pubmed.ncbi.nlm.nih.gov/	18723486	https://www.ncbi.nlm.nih.gov/pubmed/18723486
1260	MUOKSQABCJCOPU-UHFFFAOYSA-N		http://cancerres.aacrjournals.org/content/70/24/10288.long	http://cancerres.aacrjournals.org/content/70/24/10288.long
1261	MUOKSQABCJCOPU-UHFFFAOYSA-N		http://www.nature.com/leu/journal/v28/n1/full/leu2013232a.html	http://www.nature.com/leu/journal/v28/n1/full/leu2013232a.html
1262	MUOKSQABCJCOPU-UHFFFAOYSA-N		http://cancerres.aacrjournals.org/content/70/24/10288.long	http://cancerres.aacrjournals.org/content/70/24/10288.long
1263	MUOKSQABCJCOPU-UHFFFAOYSA-N	https://pubmed.ncbi.nlm.nih.gov/	21159648	http://www.ncbi.nlm.nih.gov/pubmed/21159648
1264	MUOKSQABCJCOPU-UHFFFAOYSA-N	https://pubmed.ncbi.nlm.nih.gov/	21755459	https://www.ncbi.nlm.nih.gov/pubmed/?term=21755459
1265	CMWRPDHVGMHLSZ-GFCCVEGCSA-N		http://jpet.aspetjournals.org/content/333/3/797.abstract	http://jpet.aspetjournals.org/content/333/3/797.abstract
1266	CMWRPDHVGMHLSZ-GFCCVEGCSA-N	https://pubmed.ncbi.nlm.nih.gov/	20237073	http://www.ncbi.nlm.nih.gov/pubmed/20237073
1267	DADASRPKWOGKCU-FVTQAUBDSA-N		http://www.sciencedirect.com/science/article/pii/S1535610814002219	http://www.sciencedirect.com/science/article/pii/S1535610814002219
1268	DADASRPKWOGKCU-FVTQAUBDSA-N	https://pubmed.ncbi.nlm.nih.gov/	25043604	http://www.ncbi.nlm.nih.gov/pubmed/25043604
1269	HZASIAXCPXTISQ-NVXWUHKLSA-N	https://doi.org/	10.1158/0008-5472.CAN-10-1252	www.doi.org/10.1158/0008-5472.CAN-10-1252
1270	HZASIAXCPXTISQ-NVXWUHKLSA-N	https://pubmed.ncbi.nlm.nih.gov/	21239475	http://www.ncbi.nlm.nih.gov/pubmed/21239475
1271	AUMDBEHGJRZSOO-UHFFFAOYSA-N	https://doi.org/	10.1124/jpet.109.151415	https://doi.org/10.1124/jpet.109.151415
1272	AUMDBEHGJRZSOO-UHFFFAOYSA-N	https://pubmed.ncbi.nlm.nih.gov/	19458106	http://www.ncbi.nlm.nih.gov/pubmed/19458106
1273	HDAJDNHIBCDLQF-RUZDIDTESA-N		http://cancerdiscovery.aacrjournals.org/content/early/2013/06/26/2159-8290.CD-13-0070	http://cancerdiscovery.aacrjournals.org/content/early/2013/06/26/2159-8290.CD-13-0070
1274	HDAJDNHIBCDLQF-RUZDIDTESA-N	https://pubmed.ncbi.nlm.nih.gov/	23614898	http://www.ncbi.nlm.nih.gov/pubmed/23614898
1275	LCVIRAZGMYMNNT-UHFFFAOYSA-N		http://mct.aacrjournals.org/content/9/1/157.long	http://mct.aacrjournals.org/content/9/1/157.long
1276	LCVIRAZGMYMNNT-UHFFFAOYSA-N	https://pubmed.ncbi.nlm.nih.gov/	20053775	http://www.ncbi.nlm.nih.gov/pubmed/20053775
1277	STUWGJZDJHPWGZ-LBPRGKRZSA-N	https://doi.org/	10.1016/j.bmcl.2013.05.007	www.doi.org/10.1016/j.bmcl.2013.05.007
1278	STUWGJZDJHPWGZ-LBPRGKRZSA-N	https://pubmed.ncbi.nlm.nih.gov/	23726034	http://www.ncbi.nlm.nih.gov/pubmed/23726034
1279	HTFNVAVTYILUCF-UHFFFAOYSA-N		http://www.pnas.org/content/113/42/11865	http://www.pnas.org/content/113/42/11865
1280	HTFNVAVTYILUCF-UHFFFAOYSA-N	https://pubmed.ncbi.nlm.nih.gov/	27679845	https://www.ncbi.nlm.nih.gov/pubmed/?term=27679845
1281	VEPKQEUBKLEPRA-UHFFFAOYSA-N		http://www.nature.com/nbt/journal/v26/n1/full/nbt1358.html	http://www.nature.com/nbt/journal/v26/n1/full/nbt1358.html
1282	VEPKQEUBKLEPRA-UHFFFAOYSA-N	https://doi.org/	10.1021/ml2001455	http://pubs.acs.org/doi/abs/10.1021/ml2001455
1283	VEPKQEUBKLEPRA-UHFFFAOYSA-N	https://pubmed.ncbi.nlm.nih.gov/	18183025	http://www.ncbi.nlm.nih.gov/pubmed/18183025
1284	VEPKQEUBKLEPRA-UHFFFAOYSA-N	https://pubmed.ncbi.nlm.nih.gov/	24900264	http://www.ncbi.nlm.nih.gov/pubmed/24900264
1285	KDGFLJKFZUIJMX-UHFFFAOYSA-N		http://www.sciencedirect.com/science/article/pii/S1535610811001486	http://www.sciencedirect.com/science/article/pii/S1535610811001486
1286	KDGFLJKFZUIJMX-UHFFFAOYSA-N	https://pubmed.ncbi.nlm.nih.gov/	21575866	http://www.ncbi.nlm.nih.gov/pubmed/21575866
1287	AHJRHEGDXFFMBM-UHFFFAOYSA-N		http://mct.aacrjournals.org/content/3/11/1427.long	http://mct.aacrjournals.org/content/3/11/1427.long
1288	AHJRHEGDXFFMBM-UHFFFAOYSA-N	https://pubmed.ncbi.nlm.nih.gov/	15542782	http://www.ncbi.nlm.nih.gov/pubmed/15542782
1289	ZBCMHWUFWQFPLV-VVOJOOEHSA-N	https://doi.org/	10.1021/acsmedchemlett.5b00398	http://pubs.acs.org/doi/abs/10.1021/acsmedchemlett.5b00398
1290	ZBCMHWUFWQFPLV-VVOJOOEHSA-N	https://pubmed.ncbi.nlm.nih.gov/	26713112	https://www.ncbi.nlm.nih.gov/pubmed/?term=26713112
1291	IVUGFMLRJOCGAS-UHFFFAOYSA-N	https://doi.org/	10.1158/0008-5472.CAN-10-3001	www.doi.org/10.1158/0008-5472.CAN-10-3001
1292	IVUGFMLRJOCGAS-UHFFFAOYSA-N	https://pubmed.ncbi.nlm.nih.gov/	20935223	http://www.ncbi.nlm.nih.gov/pubmed/20935223
1293	JCINBYQJBYJGDM-UHFFFAOYSA-N	https://doi.org/	10.1021/acsmedchemlett.5b00226	www.doi.org/10.1021/acsmedchemlett.5b00226
1294	JCINBYQJBYJGDM-UHFFFAOYSA-N	https://pubmed.ncbi.nlm.nih.gov/	26288683	http://www.ncbi.nlm.nih.gov/pubmed/26288683
1295	JUSFANSTBFGBAF-IRXDYDNUSA-N	https://doi.org/	10.1016/j.bmcl.2013.01.019	www.doi.org/10.1016/j.bmcl.2013.01.019
1296	JUSFANSTBFGBAF-IRXDYDNUSA-N	https://doi.org/	10.1158/1535-7163.MCT-15-0365	www.doi.org/10.1158/1535-7163.MCT-15-0365
1297	JUSFANSTBFGBAF-IRXDYDNUSA-N	https://pubmed.ncbi.nlm.nih.gov/	23375793	http://www.ncbi.nlm.nih.gov/pubmed/23375793
1298	JUSFANSTBFGBAF-IRXDYDNUSA-N	https://pubmed.ncbi.nlm.nih.gov/	26358751	https://www.ncbi.nlm.nih.gov/pubmed/26358751
1299	HXMGCTFLLWPVFM-GOSISDBHSA-N		http://www.nature.com/nchembio/journal/v8/n2/full/nchembio.761.html	http://www.nature.com/nchembio/journal/v8/n2/full/nchembio.761.html
1300	HXMGCTFLLWPVFM-GOSISDBHSA-N	https://doi.org/	10.1021/jm300327h	http://pubs.acs.org/doi/abs/10.1021/jm300327h
1301	HXMGCTFLLWPVFM-GOSISDBHSA-N	https://pubmed.ncbi.nlm.nih.gov/	22198732	https://www.ncbi.nlm.nih.gov/pubmed/22198732
1302	HXMGCTFLLWPVFM-GOSISDBHSA-N	https://pubmed.ncbi.nlm.nih.gov/	22676210	https://www.ncbi.nlm.nih.gov/pubmed/22676210
1303	DEZZLWQELQORIU-RELWKKBWSA-N		http://cancerres.aacrjournals.org/content/69/7/3042.long	http://cancerres.aacrjournals.org/content/69/7/3042.long
1304	DEZZLWQELQORIU-RELWKKBWSA-N	https://pubmed.ncbi.nlm.nih.gov/	19276360	http://www.ncbi.nlm.nih.gov/pubmed/19276360
1305	BCZUAADEACICHN-UHFFFAOYSA-N		www.doi.org/1158/1535-7163.MCT-09-0477	www.doi.org/1158/1535-7163.MCT-09-0477
1306	BCZUAADEACICHN-UHFFFAOYSA-N	https://pubmed.ncbi.nlm.nih.gov/	19934279	http://www.ncbi.nlm.nih.gov/pubmed/19934279
1307	AQGNHMOJWBZFQQ-UHFFFAOYSA-N	https://doi.org/	10.2337/diabetes.52.3.588	www.doi.org/10.2337/diabetes.52.3.588
1308	AQGNHMOJWBZFQQ-UHFFFAOYSA-N	https://pubmed.ncbi.nlm.nih.gov/	12606497	http://www.ncbi.nlm.nih.gov/pubmed/12606497
1309	IENLGMOXAQMNEH-CYBMUJFWSA-N		http://clincancerres.aacrjournals.org/content/18/20/5650.long	http://clincancerres.aacrjournals.org/content/18/20/5650.long
1310	IENLGMOXAQMNEH-CYBMUJFWSA-N	https://doi.org/	10.1021/jm3012933	http://pubs.acs.org/doi/abs/10.1021/jm3012933
1311	IENLGMOXAQMNEH-CYBMUJFWSA-N		http://mct.aacrjournals.org/content/early/2016/08/22/1535-7163.MCT-15-0998.long	http://mct.aacrjournals.org/content/early/2016/08/22/1535-7163.MCT-15-0998.long
1312	IENLGMOXAQMNEH-CYBMUJFWSA-N		http://clincancerres.aacrjournals.org/content/18/20/5650.long	http://clincancerres.aacrjournals.org/content/18/20/5650.long
1313	IENLGMOXAQMNEH-CYBMUJFWSA-N	https://doi.org/	10.1021/jm3012933	http://pubs.acs.org/doi/abs/10.1021/jm3012933
1314	IENLGMOXAQMNEH-CYBMUJFWSA-N		http://mct.aacrjournals.org/content/early/2016/08/22/1535-7163.MCT-15-0998.long	http://mct.aacrjournals.org/content/early/2016/08/22/1535-7163.MCT-15-0998.long
1315	LHNIIDJUOCFXAP-UHFFFAOYSA-N	https://doi.org/	10.1021/jm800295d	www.doi.org/10.1021/jm800295d
1316	LHNIIDJUOCFXAP-UHFFFAOYSA-N	https://pubmed.ncbi.nlm.nih.gov/	18754654	http://www.ncbi.nlm.nih.gov/pubmed/18754654
1317	PSICWGWNIOOULV-UHFFFAOYSA-N		http://pubs.rsc.org/en/content/articlelanding/md/2016/c5md00493d#!divAbstract	http://pubs.rsc.org/en/content/articlelanding/md/2016/c5md00493d#!divAbstract
1318	UYUHRKLITDJEHB-UHFFFAOYSA-N	https://doi.org/	10.1073/pnas.1215450109	www.doi.org/10.1073/pnas.1215450109
1319	UYUHRKLITDJEHB-UHFFFAOYSA-N	https://pubmed.ncbi.nlm.nih.gov/	23033494	http://www.ncbi.nlm.nih.gov/pubmed/23033494
1320	MJSHVHLADKXCML-RQNOJGIXSA-N	https://doi.org/	10.1021/jm500749d	http://pubs.acs.org/doi/abs/10.1021/jm500749d
1321	MJSHVHLADKXCML-RQNOJGIXSA-N	https://pubmed.ncbi.nlm.nih.gov/	25068800	https://www.ncbi.nlm.nih.gov/pubmed/?term=25068800
1322	MYKOWOGZBMOVBJ-UHFFFAOYSA-N	https://doi.org/	10.1074/jbc.M201075200	www.doi.org/10.1074/jbc.M201075200
1323	MYKOWOGZBMOVBJ-UHFFFAOYSA-N	https://pubmed.ncbi.nlm.nih.gov/	11867640	http://www.ncbi.nlm.nih.gov/pubmed/11867640
1324	AHYMHWXQRWRBKT-UHFFFAOYSA-N	https://doi.org/	10.1158/1078-0432.CCR-12-3247	https://dx.doi.org/10.1158/1078-0432.CCR-12-3247
1325	VASPFLVEEOBQOS-UHFFFAOYSA-N	https://doi.org/	10.1021/acsmedchemlett.3c00052	https://dx.doi.org/10.1021/acsmedchemlett.3c00052
1326	AYCPARAPKDAOEN-LJQANCHMSA-N	https://doi.org/	10.1073/pnas.0911863107	www.doi.org/10.1073/pnas.0911863107
1327	AYCPARAPKDAOEN-LJQANCHMSA-N	https://pubmed.ncbi.nlm.nih.gov/	20439741	http://www.ncbi.nlm.nih.gov/pubmed/20439741
1328	DEEOXSOLTLIWMG-UHFFFAOYSA-N		http://cancerres.aacrjournals.org/content/65/3/957.long	http://cancerres.aacrjournals.org/content/65/3/957.long
1329	DEEOXSOLTLIWMG-UHFFFAOYSA-N	https://pubmed.ncbi.nlm.nih.gov/	15705896	http://www.ncbi.nlm.nih.gov/pubmed/15705896
1330	SCFMWQIQBVZOQR-UHFFFAOYSA-N	https://doi.org/	10.1158/1535-7163.MCT-10-0720	www.doi.org/10.1158/1535-7163.MCT-10-0720
1331	SCFMWQIQBVZOQR-UHFFFAOYSA-N	https://doi.org/	10.1016/S0960-894X(03)00381-0	www.doi.org/10.1016/S0960-894X(03)00381-0
1332	SCFMWQIQBVZOQR-UHFFFAOYSA-N	https://pubmed.ncbi.nlm.nih.gov/	21216932	http://www.ncbi.nlm.nih.gov/pubmed/21216932
1333	SCFMWQIQBVZOQR-UHFFFAOYSA-N	https://pubmed.ncbi.nlm.nih.gov/	12824044	https://www.ncbi.nlm.nih.gov/pubmed/12824044
1334	DTEKTGDVSARYDS-UHFFFAOYSA-N	https://doi.org/	10.1042/BJ20061088	www.doi.org/10.1042/BJ20061088
1335	DTEKTGDVSARYDS-UHFFFAOYSA-N	https://pubmed.ncbi.nlm.nih.gov/	17040210	http://www.ncbi.nlm.nih.gov/pubmed/17040210
1336	XQVVPGYIWAGRNI-JOCHJYFZSA-N	https://doi.org/	10.1016/j.cub.2006.12.037	www.doi.org/10.1016/j.cub.2006.12.037
1337	XQVVPGYIWAGRNI-JOCHJYFZSA-N	https://pubmed.ncbi.nlm.nih.gov/	17291758	http://www.ncbi.nlm.nih.gov/pubmed/17291758
1338	QAPAJIZPZGWAND-UHFFFAOYSA-N	https://doi.org/	10.1016/j.ccr.2010.08.008	www.doi.org/10.1016/j.ccr.2010.08.008
1339	QAPAJIZPZGWAND-UHFFFAOYSA-N	https://pubmed.ncbi.nlm.nih.gov/	20832753	http://www.ncbi.nlm.nih.gov/pubmed/20832753
1340	KTUFNOKKBVMGRW-UHFFFAOYSA-N	https://doi.org/	10.1038/nm0596-561	www.doi.org/10.1038/nm0596-561
1341	KTUFNOKKBVMGRW-UHFFFAOYSA-N	https://pubmed.ncbi.nlm.nih.gov/	10910906	http://www.ncbi.nlm.nih.gov/pubmed/10910906
1342	KTUFNOKKBVMGRW-UHFFFAOYSA-N	https://pubmed.ncbi.nlm.nih.gov/	8548747	http://www.ncbi.nlm.nih.gov/pubmed/8548747
1343	KTUFNOKKBVMGRW-UHFFFAOYSA-N	https://pubmed.ncbi.nlm.nih.gov/	8616716	http://www.ncbi.nlm.nih.gov/pubmed/8616716
1344	LQBVNQSMGBZMKD-UHFFFAOYSA-N		http://www.nature.com/nm/journal/v19/n2/full/nm.3048.html	http://www.nature.com/nm/journal/v19/n2/full/nm.3048.html
1345	LQBVNQSMGBZMKD-UHFFFAOYSA-N	https://pubmed.ncbi.nlm.nih.gov/	23291630	http://www.ncbi.nlm.nih.gov/pubmed/23291630
1346	SOYCFODXNRVBTI-UHFFFAOYSA-N	https://doi.org/	10.1021/ml5001867	http://pubs.acs.org/doi/abs/10.1021/ml5001867
1347	SOYCFODXNRVBTI-UHFFFAOYSA-N	https://pubmed.ncbi.nlm.nih.gov/	25313317	https://www.ncbi.nlm.nih.gov/pubmed/25313317
1348	JKMWZKPAXZBYEH-JWHWKPFMSA-N		https://www.nature.com/nchembio/journal/v9/n6/full/nchembio.1246.html	https://www.nature.com/nchembio/journal/v9/n6/full/nchembio.1246.html
1349	JKMWZKPAXZBYEH-JWHWKPFMSA-N	https://pubmed.ncbi.nlm.nih.gov/	23603658	https://www.ncbi.nlm.nih.gov/pubmed/23603658
1350	XMVAWGSQPHFXKU-UHFFFAOYSA-N		http://www.nature.com/cddis/journal/v6/n1/full/cddis2014561a.html	http://www.nature.com/cddis/journal/v6/n1/full/cddis2014561a.html
1351	XMVAWGSQPHFXKU-UHFFFAOYSA-N	https://pubmed.ncbi.nlm.nih.gov/	25590800	https://www.ncbi.nlm.nih.gov/pubmed/25590800
1352	ZFBHXVOCZBPADE-SSEXGKCCSA-N		https://www.nature.com/nature/journal/v538/n7626/full/nature19830.html	https://www.nature.com/nature/journal/v538/n7626/full/nature19830.html
1353	ZFBHXVOCZBPADE-SSEXGKCCSA-N	https://doi.org/	10.1021/acs.jmedchem.0c01234	www.doi.org/10.1021/acs.jmedchem.0c01234
1354	ZFBHXVOCZBPADE-SSEXGKCCSA-N	https://pubmed.ncbi.nlm.nih.gov/	27760111	https://www.ncbi.nlm.nih.gov/pubmed/27760111
1355	ZFBHXVOCZBPADE-SSEXGKCCSA-N	https://pubmed.ncbi.nlm.nih.gov/	33146521	https://pubmed.ncbi.nlm.nih.gov/33146521/
1356	SXQZEMXQTRNLRZ-HXUWFJFHSA-N	https://doi.org/	10.1038/s41589-023-01270-0	https://dx.doi.org/10.1038/s41589-023-01270-0
1357	GXTJETQFYHZHNB-GASCZTMLSA-N	https://doi.org/	10.1016/j.celrep.2017.08.081	www.doi.org/10.1016/j.celrep.2017.08.081
1358	GXTJETQFYHZHNB-GASCZTMLSA-N	https://doi.org/	10.1038/s41586-020-2925-1	www.doi.org/10.1038/s41586-020-2925-1
1359	GXTJETQFYHZHNB-GASCZTMLSA-N	https://pubmed.ncbi.nlm.nih.gov/	28930682	https://pubmed.ncbi.nlm.nih.gov/28930682/
1360	GXTJETQFYHZHNB-GASCZTMLSA-N	https://pubmed.ncbi.nlm.nih.gov/	33208943	https://pubmed.ncbi.nlm.nih.gov/33208943/
1361	QLXULUNLCRKWRD-UHFFFAOYSA-N	https://doi.org/	10.1021/acs.jmedchem.9b02071	www.doi.org/10.1021/acs.jmedchem.9b02071
1362	QLXULUNLCRKWRD-UHFFFAOYSA-N	https://doi.org/	10.1038/s41586-018-0387-5	www.doi.org/10.1038/s41586-018-0387-5
1363	QLXULUNLCRKWRD-UHFFFAOYSA-N	https://pubmed.ncbi.nlm.nih.gov/	32118427	https://pubmed.ncbi.nlm.nih.gov/32118427
1364	QLXULUNLCRKWRD-UHFFFAOYSA-N	https://pubmed.ncbi.nlm.nih.gov/	30069049	https://pubmed.ncbi.nlm.nih.gov/30069049
1365	JWZSSEWMVYKYKW-UHFFFAOYSA-N	https://doi.org/	10.1021/jm301539x	https://doi.org/10.1021/jm301539x
1366	JWZSSEWMVYKYKW-UHFFFAOYSA-N	https://doi.org/	10.1002/anie.201701185	https://doi.org/10.1002/anie.201701185
1367	JWZSSEWMVYKYKW-UHFFFAOYSA-N	https://pubmed.ncbi.nlm.nih.gov/	23270382	https://www.ncbi.nlm.nih.gov/pubmed/23270382
1368	JWZSSEWMVYKYKW-UHFFFAOYSA-N	https://pubmed.ncbi.nlm.nih.gov/	28397331	https://www.ncbi.nlm.nih.gov/pubmed/28397331
1369	VYWRYBZVVSPTQN-SANMLTNESA-N	https://doi.org/	10.1158/2159-8290.CD-23-0944	https://dx.doi.org/10.1158/2159-8290.CD-23-0944
1370	OZFFKOSQNBBYCA-UHFFFAOYSA-N	https://doi.org/	10.1007/s13402-020-00584-8	www.doi.org/10.1007/s13402-020-00584-8
1371	OZFFKOSQNBBYCA-UHFFFAOYSA-N	https://pubmed.ncbi.nlm.nih.gov/	33492659	https://pubmed.ncbi.nlm.nih.gov/33492659/
1372	ONIQOQHATWINJY-UHFFFAOYSA-N		http://mct.aacrjournals.org/content/10/12/2298.long	http://mct.aacrjournals.org/content/10/12/2298.long
1373	ONIQOQHATWINJY-UHFFFAOYSA-N	https://pubmed.ncbi.nlm.nih.gov/	21926191	https://www.ncbi.nlm.nih.gov/pubmed/?term=21926191
1374	WBLVOWHFRUAMCP-UHFFFAOYSA-N	https://doi.org/	10.1016/j.bmcl.2015.02.058	https://dx.doi.org/10.1016/j.bmcl.2015.02.058
1375	WBLVOWHFRUAMCP-UHFFFAOYSA-N	https://doi.org/	10.1016/j.bmcl.2016.08.062	https://dx.doi.org/10.1016/j.bmcl.2016.08.062
1376	DTBGJTHCIGPRDA-UHFFFAOYSA-N	https://doi.org/	10.1038/s41586-021-03536-w	www.doi.org/10.1038/s41586-021-03536-w
1377	DTBGJTHCIGPRDA-UHFFFAOYSA-N	https://pubmed.ncbi.nlm.nih.gov/	33902106	https://pubmed.ncbi.nlm.nih.gov/33902106/
1378	DKZYXHCYPUVGAF-JCNLHEQBSA-N	https://doi.org/	10.18632/oncotarget.790	www.doi.org/10.18632/oncotarget.790
1379	DKZYXHCYPUVGAF-JCNLHEQBSA-N	https://pubmed.ncbi.nlm.nih.gov/	23283305	https://pubmed.ncbi.nlm.nih.gov/23283305/
1380	SXWMIXPJPNCXQQ-UHFFFAOYSA-N		http://www.bloodjournal.org/content/123/14/2209.long?sso-checked=true	http://www.bloodjournal.org/content/123/14/2209.long?sso-checked=true
1381	SXWMIXPJPNCXQQ-UHFFFAOYSA-N	https://pubmed.ncbi.nlm.nih.gov/	24532805	https://www.ncbi.nlm.nih.gov/pubmed/?term=24532805
1382	BKWJAKQVGHWELA-UHFFFAOYSA-N	https://doi.org/	10.1158/1535-7163.MCT-09-0463	www.doi.org/10.1158/1535-7163.MCT-09-0463
1383	BKWJAKQVGHWELA-UHFFFAOYSA-N	https://pubmed.ncbi.nlm.nih.gov/	19887545	https://pubmed.ncbi.nlm.nih.gov/19887545/
1384	YKDZIFFKQUNVHH-UHFFFAOYSA-N	https://doi.org/	10.1016/j.chembiol.2020.12.013	www.doi.org/10.1016/j.chembiol.2020.12.013
1385	YKDZIFFKQUNVHH-UHFFFAOYSA-N	https://pubmed.ncbi.nlm.nih.gov/	33484635	https://pubmed.ncbi.nlm.nih.gov/33484635/
1386	GJYVLTPTDBQQCY-UHFFFAOYSA-N	https://doi.org/	10.3390/ijms21207549	www.doi.org/10.3390/ijms21207549
1387	GJYVLTPTDBQQCY-UHFFFAOYSA-N	https://pubmed.ncbi.nlm.nih.gov/	33066143	https://pubmed.ncbi.nlm.nih.gov/33066143/
1388	IRTDIKMSKMREGO-OAHLLOKOSA-N	https://doi.org/	10.1158/2159-8290.CD-12-0003	www.doi.org/10.1158/2159-8290.CD-12-0003
1389	IRTDIKMSKMREGO-OAHLLOKOSA-N	https://doi.org/	10.1111/j.1538-7836.2012.04898.x	www.doi.org/10.1111/j.1538-7836.2012.04898.x
1390	IRTDIKMSKMREGO-OAHLLOKOSA-N	https://pubmed.ncbi.nlm.nih.gov/	22588880	https://pubmed.ncbi.nlm.nih.gov/22588880/
1391	IRTDIKMSKMREGO-OAHLLOKOSA-N	https://pubmed.ncbi.nlm.nih.gov/	22906130	https://pubmed.ncbi.nlm.nih.gov/22906130/
1392	SUNXHXDJOIXABJ-NSHDSACASA-N		http://www.jbc.org/content/283/47/32334.long	http://www.jbc.org/content/283/47/32334.long
1393	SUNXHXDJOIXABJ-NSHDSACASA-N	https://pubmed.ncbi.nlm.nih.gov/	18775810	https://www.ncbi.nlm.nih.gov/pubmed/?term=18775810
1394	CDOOFZZILLRUQH-GDLZYMKVSA-N	https://doi.org/	10.1016/j.bmcl.2015.01.032	www.doi.org/10.1016/j.bmcl.2015.01.032
1395	CDOOFZZILLRUQH-GDLZYMKVSA-N	https://doi.org/	10.1124/jpet.111.181545	www.doi.org/10.1124/jpet.111.181545
1396	CDOOFZZILLRUQH-GDLZYMKVSA-N	https://doi.org/	10.1124/dmd.114.061804	www.doi.org/10.1124/dmd.114.061804
1397	CDOOFZZILLRUQH-GDLZYMKVSA-N	https://pubmed.ncbi.nlm.nih.gov/	25701252	https://www.ncbi.nlm.nih.gov/pubmed/?term=25701252
1398	CDOOFZZILLRUQH-GDLZYMKVSA-N	https://pubmed.ncbi.nlm.nih.gov/	21521773	https://pubmed.ncbi.nlm.nih.gov/21521773/
1399	CDOOFZZILLRUQH-GDLZYMKVSA-N	https://pubmed.ncbi.nlm.nih.gov/	25845827	https://pubmed.ncbi.nlm.nih.gov/25845827/
1400	VMJFTOSOFDEKTM-UHFFFAOYSA-N	https://doi.org/	10.1021/jm301619u	www.doi.org/10.1021/jm301619u
1401	VMJFTOSOFDEKTM-UHFFFAOYSA-N	https://doi.org/	10.1097/JTO.0b013e318257cc89	www.doi.org/10.1097/JTO.0b013e318257cc89
1402	VMJFTOSOFDEKTM-UHFFFAOYSA-N	https://pubmed.ncbi.nlm.nih.gov/	23379595	https://pubmed.ncbi.nlm.nih.gov/23379595/
1403	VMJFTOSOFDEKTM-UHFFFAOYSA-N	https://pubmed.ncbi.nlm.nih.gov/	22617250	https://pubmed.ncbi.nlm.nih.gov/22617250/
1404	WKIALOXOAZXGMG-UHFFFAOYSA-N	https://doi.org/	10.1158/1535-7163.MCT-15-0871	www.doi.org/10.1158/1535-7163.MCT-15-0871
1405	WKIALOXOAZXGMG-UHFFFAOYSA-N	https://doi.org/	10.1021/acs.jmedchem.5b01716	www.doi.org/10.1021/acs.jmedchem.5b01716
1406	WKIALOXOAZXGMG-UHFFFAOYSA-N	https://pubmed.ncbi.nlm.nih.gov/	27196782	https://www.ncbi.nlm.nih.gov/pubmed/?term=27196782
1407	WKIALOXOAZXGMG-UHFFFAOYSA-N	https://pubmed.ncbi.nlm.nih.gov/	26812066	https://pubmed.ncbi.nlm.nih.gov/26812066/
1408	XWQVQSXLXAXOPJ-QNGMFEMESA-N	https://doi.org/	10.1038/nchembio.2538	www.doi.org10.1038/nchembio.2538
1409	XWQVQSXLXAXOPJ-QNGMFEMESA-N	https://pubmed.ncbi.nlm.nih.gov/	29251720	https://pubmed.ncbi.nlm.nih.gov/29251720/
1410	KNLROUBMVYVLGX-UHFFFAOYSA-N		http://www.nature.com/nchembio/journal/v12/n5/full/nchembio.2056.html	http://www.nature.com/nchembio/journal/v12/n5/full/nchembio.2056.html
1411	KNLROUBMVYVLGX-UHFFFAOYSA-N	https://pubmed.ncbi.nlm.nih.gov/	27018889	http://www.ncbi.nlm.nih.gov/pubmed/27018889
1412	AUWUGRCKTQSGJY-HHHXNRCGSA-N	https://doi.org/	10.1021/jm401868d	http://pubs.acs.org/doi/abs/10.1021/jm401868d
1413	AUWUGRCKTQSGJY-HHHXNRCGSA-N	https://pubmed.ncbi.nlm.nih.gov/	24472025	http://www.ncbi.nlm.nih.gov/pubmed/?term=24472025
1414	IXZOHGPZAQLIBH-NRFANRHFSA-N	https://doi.org/	10.1021/acs.jmedchem.6b01921	https://dx.doi.org/10.1021/acs.jmedchem.6b01921
1415	GSGDUDAFETZSPM-IATAILRESA-N	https://doi.org/	10.1021/acs.jmedchem.1c02175	https://dx.doi.org/10.1021/acs.jmedchem.1c02175
1416	BANRYGZZIMCKNA-OYGJEQPESA-N	https://doi.org/	10.1021/acs.jmedchem.9b00846	www.doi.org/10.1021/acs.jmedchem.9b00846
1417	BANRYGZZIMCKNA-OYGJEQPESA-N	https://pubmed.ncbi.nlm.nih.gov/	31560543	https://pubmed.ncbi.nlm.nih.gov/31560543/
1418	PWBHUSLMHZLGRN-UHFFFAOYSA-N	https://doi.org/	10.1021/acs.jmedchem.0c01489	www.doi.org/10.1021/acs.jmedchem.0c01489
1419	PWBHUSLMHZLGRN-UHFFFAOYSA-N	https://doi.org/	10.1182/blood.2020008676	www.doi.org/10.1182/blood.2020008676
1420	PWBHUSLMHZLGRN-UHFFFAOYSA-N	https://pubmed.ncbi.nlm.nih.gov/	33591756	https://pubmed.ncbi.nlm.nih.gov/33591756/
1421	PWBHUSLMHZLGRN-UHFFFAOYSA-N	https://pubmed.ncbi.nlm.nih.gov/	33197925	https://pubmed.ncbi.nlm.nih.gov/33197925/
1422	WCPTUQOMNJBIET-CALCHBBNSA-N	https://doi.org/	10.1021/ml5003663	http://pubs.acs.org/doi/abs/10.1021/ml5003663
1423	WCPTUQOMNJBIET-CALCHBBNSA-N	https://doi.org/	10.1021/acs.jmedchem.6b00990	http://pubs.acs.org/doi/pdf/10.1021/acs.jmedchem.6b00990
1424	WCPTUQOMNJBIET-CALCHBBNSA-N	https://pubmed.ncbi.nlm.nih.gov/	25815142	http://www.ncbi.nlm.nih.gov/pubmed/?term=25815142
1425	WCPTUQOMNJBIET-CALCHBBNSA-N	https://pubmed.ncbi.nlm.nih.gov/	28001384	https://www.ncbi.nlm.nih.gov/pubmed/?term=28001384
1426	NWGMIELHSCQGOG-ZDUSSCGKSA-N		http://www.sciencedirect.com/science/article/pii/S0960894X15301888	http://www.sciencedirect.com/science/article/pii/S0960894X15301888
1427	NWGMIELHSCQGOG-ZDUSSCGKSA-N	https://pubmed.ncbi.nlm.nih.gov/	26546219	http://www.ncbi.nlm.nih.gov/pubmed/26546219
1428	FMTVWAGUJRUAKE-UHFFFAOYSA-N	https://doi.org/	10.1021/acschembio.5b00839	www.doi.org/10.1021/acschembio.5b00839
1429	FMTVWAGUJRUAKE-UHFFFAOYSA-N	https://pubmed.ncbi.nlm.nih.gov/	26598975	http://www.ncbi.nlm.nih.gov/pubmed/26598975
1430	OHRURASPPZQGQM-GCCNXGTGSA-N		http://www.sciencedirect.com/science/article/pii/S0014482798940277?via%3Dihub	http://www.sciencedirect.com/science/article/pii/S0014482798940277?via%3Dihub
1431	OHRURASPPZQGQM-GCCNXGTGSA-N		http://cancerres.aacrjournals.org/content/62/17/4916.long	http://cancerres.aacrjournals.org/content/62/17/4916.long
1432	OHRURASPPZQGQM-GCCNXGTGSA-N		http://www.nature.com/nchembio/journal/v6/n3/full/nchembio.313.html	http://www.nature.com/nchembio/journal/v6/n3/full/nchembio.313.html
1433	OHRURASPPZQGQM-GCCNXGTGSA-N	https://pubmed.ncbi.nlm.nih.gov/	9633520	https://www.ncbi.nlm.nih.gov/pubmed/9633520
1434	OHRURASPPZQGQM-GCCNXGTGSA-N	https://pubmed.ncbi.nlm.nih.gov/	12208741	https://www.ncbi.nlm.nih.gov/pubmed/12208741
1435	OHRURASPPZQGQM-GCCNXGTGSA-N	https://pubmed.ncbi.nlm.nih.gov/	20139990	https://www.ncbi.nlm.nih.gov/pubmed/20139990
1436	OHRDCQFCAWLDBP-SBUREZEXSA-N	https://doi.org/	10.1124/jpet.103.055848	www.doi.org/10.1124/jpet.103.055848
1437	OHRDCQFCAWLDBP-SBUREZEXSA-N	https://doi.org/	10.1124/jpet.106.116764	www.doi.org/10.1124/jpet.106.116764
1438	OHRDCQFCAWLDBP-SBUREZEXSA-N	https://doi.org/	10.1124/jpet.106.116780	www.doi.org/10.1124/jpet.106.116780
1439	OHRDCQFCAWLDBP-SBUREZEXSA-N	https://pubmed.ncbi.nlm.nih.gov/	14593080	https://pubmed.ncbi.nlm.nih.gov/14593080/
1440	OHRDCQFCAWLDBP-SBUREZEXSA-N	https://pubmed.ncbi.nlm.nih.gov/	17329552	https://pubmed.ncbi.nlm.nih.gov/17329552/
1441	OHRDCQFCAWLDBP-SBUREZEXSA-N	https://pubmed.ncbi.nlm.nih.gov/	17329551	https://pubmed.ncbi.nlm.nih.gov/17329551/
1442	KKFFOOWORPUAJB-NVXWUHKLSA-N	https://doi.org/	10.1021/acs.jmedchem.2c01517	https://dx.doi.org/10.1021/acs.jmedchem.2c01517
1443	XCGYXEVLQIIEJH-UHFFFAOYSA-N	https://doi.org/	10.1016/j.celrep.2017.08.081	www.doi.org/10.1016/j.celrep.2017.08.081
1444	XCGYXEVLQIIEJH-UHFFFAOYSA-N	https://doi.org/	10.1038/s41586-020-2925-1	www.doi.org/10.1038/s41586-020-2925-1
1445	XCGYXEVLQIIEJH-UHFFFAOYSA-N	https://pubmed.ncbi.nlm.nih.gov/	28930682	https://pubmed.ncbi.nlm.nih.gov/28930682/
1446	XCGYXEVLQIIEJH-UHFFFAOYSA-N	https://pubmed.ncbi.nlm.nih.gov/	33208943	https://pubmed.ncbi.nlm.nih.gov/33208943/
1447	BNTAEJNPQLMGDJ-LLVKDONJSA-N	https://doi.org/	10.1016/j.bmcl.2016.04.072	https://doi.org/10.1016/j.bmcl.2016.04.072
1448	BNTAEJNPQLMGDJ-LLVKDONJSA-N	https://doi.org/	10.1016/j.bmcl.2016.04.073	https://doi.org/10.1016/j.bmcl.2016.04.073
1449	BNTAEJNPQLMGDJ-LLVKDONJSA-N	https://pubmed.ncbi.nlm.nih.gov/	27155900	https://pubmed.ncbi.nlm.nih.gov/27155900
1450	BNTAEJNPQLMGDJ-LLVKDONJSA-N	https://pubmed.ncbi.nlm.nih.gov/	27136719	https://pubmed.ncbi.nlm.nih.gov/27136719
1451	PFPSFENQCNMITC-MRXNPFEDSA-N		http://www.sciencedirect.com/science/article/pii/S1074552114003421	http://www.sciencedirect.com/science/article/pii/S1074552114003421
1452	PFPSFENQCNMITC-MRXNPFEDSA-N	https://pubmed.ncbi.nlm.nih.gov/	25457180	http://www.ncbi.nlm.nih.gov/pubmed/?term=25457180
1453	WXRGFPHDRFQODR-ICLZECGLSA-N		http://www.cell.com/cancer-cell/abstract/S1535-6108(11)00227-3	http://www.cell.com/cancer-cell/abstract/S1535-6108(11)00227-3
1454	WXRGFPHDRFQODR-ICLZECGLSA-N	https://pubmed.ncbi.nlm.nih.gov/	21741596	http://www.ncbi.nlm.nih.gov/pubmed/?term=21741596
1455	ULNXAWLQFZMIHX-UHFFFAOYSA-N	https://doi.org/	10.1021/ml3003346	www.doi.org/10.1021/ml3003346
1456	ULNXAWLQFZMIHX-UHFFFAOYSA-N	https://pubmed.ncbi.nlm.nih.gov/	24900432	http://www.ncbi.nlm.nih.gov/pubmed/24900432
1457	PFHDWRIVDDIFRP-UHFFFAOYSA-N		http://www.pnas.org/content/109/52/21360.long	http://www.pnas.org/content/109/52/21360.long
1458	PFHDWRIVDDIFRP-UHFFFAOYSA-N	https://pubmed.ncbi.nlm.nih.gov/	23236167	http://www.ncbi.nlm.nih.gov/pubmed/?term=23236167
1459	NSQSAUGJQHDYNO-UHFFFAOYSA-N		http://www.pnas.org/content/110/19/7922.long?tab=related	http://www.pnas.org/content/110/19/7922.long?tab=related
1460	NSQSAUGJQHDYNO-UHFFFAOYSA-N	https://pubmed.ncbi.nlm.nih.gov/	23620515	http://www.ncbi.nlm.nih.gov/pubmed/?term=23620515
1461	CACMCLIHCDTJHL-IDTAVKCVSA-N	https://doi.org/	10.1021/ml500467h	http://pubs.acs.org/doi/abs/10.1021/ml500467h
1462	CACMCLIHCDTJHL-IDTAVKCVSA-N	https://pubmed.ncbi.nlm.nih.gov/	25893041	http://www.ncbi.nlm.nih.gov/pubmed/?term=25893041
1463	XGVXKJKTISMIOW-ZDUSSCGKSA-N	https://doi.org/	10.1126/sciadv.aav3660	https://dx.doi.org/10.1126/sciadv.aav3660
1464	LQTWDAYNGMMHLV-UHFFFAOYSA-N		http://cancerdiscovery.aacrjournals.org/content/early/2016/06/16/2159-8290.CD-16-0164.long	http://cancerdiscovery.aacrjournals.org/content/early/2016/06/16/2159-8290.CD-16-0164.long
1465	LQTWDAYNGMMHLV-UHFFFAOYSA-N		http://www.ncbi.nlm.nih.gov/pubmed/?term=jqez5	http://www.ncbi.nlm.nih.gov/pubmed/?term=jqez5
1466	LQTWDAYNGMMHLV-UHFFFAOYSA-N		http://www.ncbi.nlm.nih.gov/pubmed/?term=qi+j+and+sharpless	http://www.ncbi.nlm.nih.gov/pubmed/?term=qi+j+and+sharpless
1467	HPODOLXTMDHLLC-QGZVFWFLSA-N	https://doi.org/	10.1021/acs.jmedchem.6b01315	http://pubs.acs.org/doi/abs/10.1021/acs.jmedchem.6b01315
1468	HPODOLXTMDHLLC-QGZVFWFLSA-N	https://pubmed.ncbi.nlm.nih.gov/	27739677	https://www.ncbi.nlm.nih.gov/pubmed/27739677
1469	PTPNCCWOTBBVJR-UHFFFAOYSA-N	https://doi.org/	10.1038/sj.bjp.0706770	www.doi.org/10.1038/sj.bjp.0706770
1470	PTPNCCWOTBBVJR-UHFFFAOYSA-N	https://doi.org/	10.1371/journal.pone.0081563	www.doi.org/10.1371/journal.pone.0081563
1471	PTPNCCWOTBBVJR-UHFFFAOYSA-N	https://pubmed.ncbi.nlm.nih.gov/	16702987	https://pubmed.ncbi.nlm.nih.gov/16702987
1472	PTPNCCWOTBBVJR-UHFFFAOYSA-N	https://pubmed.ncbi.nlm.nih.gov/	24349089	https://pubmed.ncbi.nlm.nih.gov/24349089/
1473	ATFQBBCQZKVZJN-QMMMGPOBSA-N	https://doi.org/	10.1021/acsmedchemlett.8b00013	www.doi.org/10.1021/acsmedchemlett.8b00013
1474	ATFQBBCQZKVZJN-QMMMGPOBSA-N	https://doi.org/	10.1152/ajprenal.00146.2020	www.doi.org/10.1152/ajprenal.00146.2020
1475	ATFQBBCQZKVZJN-QMMMGPOBSA-N	https://pubmed.ncbi.nlm.nih.gov/	29795756	https://pubmed.ncbi.nlm.nih.gov/29795756/
1476	ATFQBBCQZKVZJN-QMMMGPOBSA-N	https://pubmed.ncbi.nlm.nih.gov/	32744087	https://pubmed.ncbi.nlm.nih.gov/32744087/
1477	QLPHOXTXAKOFMU-WBVHZDCISA-N	https://doi.org/	10.1021/jm101527u	www.doi.org/10.1021/jm101527u
1478	QLPHOXTXAKOFMU-WBVHZDCISA-N	https://pubmed.ncbi.nlm.nih.gov/	21341675	http://www.ncbi.nlm.nih.gov/pubmed/21341675
1479	XKQLNDPUQSZBJW-QGHHPUGFSA-N	https://doi.org/	10.1038/s41589-018-0222-1	www.doi.org/10.1038/s41589-018-0222-1
1480	XKQLNDPUQSZBJW-QGHHPUGFSA-N	https://pubmed.ncbi.nlm.nih.gov/	30692685	https://pubmed.ncbi.nlm.nih.gov/30692685/
1481	VOVZXURTCKPRDQ-CQSZACIVSA-N	https://doi.org/	10.1038/nature21702	www.doi.org/10.1038/nature21702
1482	VOVZXURTCKPRDQ-CQSZACIVSA-N	https://doi.org/	10.1182/blood.V124.21.398.398	www.doi.org/10.1182/blood.V124.21.398.398
1483	VOVZXURTCKPRDQ-CQSZACIVSA-N	https://pubmed.ncbi.nlm.nih.gov/	28329763	https://pubmed.ncbi.nlm.nih.gov/28329763/
1484	YHMDHAMZFMNMTF-MSOLQXFVSA-N	https://doi.org/	10.1038/s41467-021-23463-8	https://dx.doi.org/10.1038/s41467-021-23463-8
1485	IIQUYGWWHIHOCF-UHFFFAOYSA-N	https://doi.org/	10.1038/nature08675	www.doi.org/10.1038/nature08675
1486	IIQUYGWWHIHOCF-UHFFFAOYSA-N	https://pubmed.ncbi.nlm.nih.gov/	20072125	http://www.ncbi.nlm.nih.gov/pubmed/20072125
1487	OINGHOPGNMYCAB-INIZCTEOSA-N	https://doi.org/	10.1021/acsmedchemlett.5b00102	http://pubs.acs.org/doi/abs/10.1021/acsmedchemlett.5b00102
1488	OINGHOPGNMYCAB-INIZCTEOSA-N	https://pubmed.ncbi.nlm.nih.gov/	26191365	https://www.ncbi.nlm.nih.gov/pubmed/?term=26191365
1489	JBGYKRAZYDNCNV-UHFFFAOYSA-N	https://doi.org/	10.1002/ijc.30457	www.doi.org/10.1002/ijc.30457
1490	JBGYKRAZYDNCNV-UHFFFAOYSA-N	https://doi.org/	10.3390/cancers11121987	www.doi.org/10.3390/cancers11121987
1491	JBGYKRAZYDNCNV-UHFFFAOYSA-N	https://pubmed.ncbi.nlm.nih.gov/	27699769	https://pubmed.ncbi.nlm.nih.gov/27699769/
1492	JBGYKRAZYDNCNV-UHFFFAOYSA-N	https://pubmed.ncbi.nlm.nih.gov/	31835495	https://pubmed.ncbi.nlm.nih.gov/31835495/
1493	DMIDPTCQPIJYFE-UHFFFAOYSA-N	https://doi.org/	10.1002/anie.201412154	www.doi.org/10.1002/anie.201412154
1494	DMIDPTCQPIJYFE-UHFFFAOYSA-N	https://pubmed.ncbi.nlm.nih.gov/	25728001	http://www.ncbi.nlm.nih.gov/pubmed/25728001
1495	HSVRUECLQUGTDS-UHFFFAOYSA-N	https://doi.org/	10.1021/acs.jmedchem.0c01895	www.doi.org/10.1021/acs.jmedchem.0c01895
1496	HSVRUECLQUGTDS-UHFFFAOYSA-N	https://doi.org/	10.1016/j.ccell.2020.12.010	www.doi.org/10.1016/j.ccell.2020.12.010
1497	HSVRUECLQUGTDS-UHFFFAOYSA-N	https://pubmed.ncbi.nlm.nih.gov/	33829783	https://pubmed.ncbi.nlm.nih.gov/33829783/
1498	HSVRUECLQUGTDS-UHFFFAOYSA-N	https://pubmed.ncbi.nlm.nih.gov/	33450196	https://pubmed.ncbi.nlm.nih.gov/33450196/
1499	VUIRVWPJNKZOSS-UHFFFAOYSA-N	https://doi.org/	10.1021/jm5010495	http://pubs.acs.org/doi/10.1021/jm5010495
1500	VUIRVWPJNKZOSS-UHFFFAOYSA-N		http://www.nature.com/nchembio/journal/v10/n4/full/nchembio.1455.html	http://www.nature.com/nchembio/journal/v10/n4/full/nchembio.1455.html
1501	VUIRVWPJNKZOSS-UHFFFAOYSA-N	https://pubmed.ncbi.nlm.nih.gov/	25229643	http://www.ncbi.nlm.nih.gov/pubmed/25229643
1502	VUIRVWPJNKZOSS-UHFFFAOYSA-N	https://pubmed.ncbi.nlm.nih.gov/	24531842	https://www.ncbi.nlm.nih.gov/pubmed/24531842
1503	XMWUCMFVDXDRDE-NRFANRHFSA-N	https://doi.org/	10.1021/ml500315b	http://pubs.acs.org/doi/abs/10.1021/ml500315b
1504	XMWUCMFVDXDRDE-NRFANRHFSA-N	https://pubmed.ncbi.nlm.nih.gov/	25589933	https://www.ncbi.nlm.nih.gov/pubmed/25589933
1505	VIQXILLOJLATEF-UHFFFAOYSA-N	https://doi.org/	10.1038/s41467-017-00833-9	www.doi.org/10.1038/s41467-017-00833-9
1506	VIQXILLOJLATEF-UHFFFAOYSA-N	https://pubmed.ncbi.nlm.nih.gov/	28963528	https://pubmed.ncbi.nlm.nih.gov/28963528/
1507	UJGTUKMAJVCBIS-UHFFFAOYSA-N	https://doi.org/	10.1038/nchembio.1313	www.doi.org/10.1038/nchembio.1313
1508	UJGTUKMAJVCBIS-UHFFFAOYSA-N	https://pubmed.ncbi.nlm.nih.gov/	23892893	https://pubmed.ncbi.nlm.nih.gov/23892893/
1509	ZPNTXOKOIHPCLI-UHFFFAOYSA-N	https://doi.org/	10.1021/acsmedchemlett.9b00381	https://dx.doi.org/10.1021/acsmedchemlett.9b00381
1510	NVGROBHDOYRPAN-FPTDNZKUSA-N	https://doi.org/	10.1021/op200301h	https://dx.doi.org/10.1021/op200301h
1511	VKQBTIMLSDGNLG-QHCPKHFHSA-N	https://doi.org/	10.1021/acs.jmedchem.9b01382	https://dx.doi.org/10.1021/acs.jmedchem.9b01382
1512	ZNNLBTZKUZBEKO-UHFFFAOYSA-N	https://doi.org/	10.1016/j.metabol.2012.07.010	www.doi.org/10.1016/j.metabol.2012.07.010
1513	ZNNLBTZKUZBEKO-UHFFFAOYSA-N	https://doi.org/	10.1016/s0026-0495(96)90297-8	www.doi.org/10.1016/s0026-0495(96)90297-8
1514	ZNNLBTZKUZBEKO-UHFFFAOYSA-N	https://doi.org/	10.1016/0024-3205(93)90448-c	www.doi.org/10.1016/0024-3205(93)90448-c
1515	ZNNLBTZKUZBEKO-UHFFFAOYSA-N	https://doi.org/	10.1016/j.metabol.2012.07.010	www.doi.org/10.1016/j.metabol.2012.07.010
1516	ZNNLBTZKUZBEKO-UHFFFAOYSA-N	https://pubmed.ncbi.nlm.nih.gov/	2110566	https://www.ncbi.nlm.nih.gov/pubmed/2110566
1517	ZNNLBTZKUZBEKO-UHFFFAOYSA-N	https://pubmed.ncbi.nlm.nih.gov/	2117388	https://www.ncbi.nlm.nih.gov/pubmed/2117388
1518	ZNNLBTZKUZBEKO-UHFFFAOYSA-N	https://pubmed.ncbi.nlm.nih.gov/	6767639	https://www.ncbi.nlm.nih.gov/pubmed/6767639
1519	FAEKWTJYAYMJKF-QHCPKHFHSA-N	https://doi.org/	10.2337/diabetes.51.9.2789	https://doi.org/10.2337/diabetes.51.9.2789
1520	FAEKWTJYAYMJKF-QHCPKHFHSA-N	https://doi.org/	10.1016/j.bmcl.2004.07.059	https://doi.org/10.1016/j.bmcl.2004.07.059
1521	FAEKWTJYAYMJKF-QHCPKHFHSA-N	https://doi.org/	10.2337/diabetes.47.3.345	https://doi.org/10.2337/diabetes.47.3.345
1522	FAEKWTJYAYMJKF-QHCPKHFHSA-N	https://pubmed.ncbi.nlm.nih.gov/	12196472	https://www.ncbi.nlm.nih.gov/pubmed/12196472
1523	FAEKWTJYAYMJKF-QHCPKHFHSA-N	https://pubmed.ncbi.nlm.nih.gov/	15380228	https://www.ncbi.nlm.nih.gov/pubmed/15380228
1524	FAEKWTJYAYMJKF-QHCPKHFHSA-N	https://pubmed.ncbi.nlm.nih.gov/	9519738	https://www.ncbi.nlm.nih.gov/pubmed/9519738
1525	LYPAFUINURXJSG-AWEZNQCLSA-N	https://doi.org/	10.1021/acs.jmedchem.6b01751	www.doi.org/10.1021/acs.jmedchem.6b01751
1526	LYPAFUINURXJSG-AWEZNQCLSA-N	https://pubmed.ncbi.nlm.nih.gov/	28151659	https://pubmed.ncbi.nlm.nih.gov/28151659/
1527	JGWRKYUXBBNENE-UHFFFAOYSA-N	https://doi.org/	10.1056/NEJMoa1411366	https://dx.doi.org/10.1056/NEJMoa1411366
1528	RZLXOEIALAVGKH-UHFFFAOYSA-N	https://doi.org/	10.1021/acsmedchemlett.1c00096	https://dx.doi.org/10.1021/acsmedchemlett.1c00096
1529	ZKIQFLSGMMYCGS-SANMLTNESA-N	https://doi.org/	10.1039/C5MD00454C	www.doi.org/10.1039/C5MD00454C
1530	ZKIQFLSGMMYCGS-SANMLTNESA-N	https://doi.org/	10.1016/j.bcp.2009.03.032	www.doi.org/10.1016/j.bcp.2009.03.032
1531	ZKIQFLSGMMYCGS-SANMLTNESA-N	https://doi.org/	10.1038/nchembio.2229	www.doi.org/10.1038/nchembio.2229
1532	ZKIQFLSGMMYCGS-SANMLTNESA-N	https://pubmed.ncbi.nlm.nih.gov/	19439267	https://pubmed.ncbi.nlm.nih.gov/19439267/
1533	ZKIQFLSGMMYCGS-SANMLTNESA-N	https://pubmed.ncbi.nlm.nih.gov/	27820798	https://pubmed.ncbi.nlm.nih.gov/27820798/
1534	PMJIHLSCWIDGMD-UHFFFAOYSA-N	https://doi.org/	10.1074/jbc.M111.306472	https://dx.doi.org/10.1074/jbc.M111.306472
1535	NIHAFOURWLZLFN-UHFFFAOYSA-N	https://doi.org/	10.1021/acschemneuro.3c00135	https://dx.doi.org/10.1021/acschemneuro.3c00135
1536	KKMZWHRTQLNOCF-UHFFFAOYSA-N	https://doi.org/	10.1021/acs.jmedchem.0c00227	https://dx.doi.org/10.1021/acs.jmedchem.0c00227
1537	NFHSJYKXENYICE-UHFFFAOYSA-N	https://doi.org/	10.1158/2767-9764.CRC-22-0477	https://dx.doi.org/10.1158/2767-9764.CRC-22-0477
1538	GOVYBPLHWIEHEJ-UHFFFAOYSA-N	https://doi.org/	10.1021/ja102758v	http://pubs.acs.org/doi/abs/10.1021/ja102758v
1539	GOVYBPLHWIEHEJ-UHFFFAOYSA-N		http://mcb.asm.org/content/31/10/2066	http://mcb.asm.org/content/31/10/2066
1540	GOVYBPLHWIEHEJ-UHFFFAOYSA-N	https://doi.org/	10.1021/acs.jmedchem.8b01936	www.doi.org/10.1021/acs.jmedchem.8b01936
1541	GOVYBPLHWIEHEJ-UHFFFAOYSA-N	https://doi.org/	10.1074/jbc.M117.803775	www.doi.org/10.1074/jbc.M117.803775
1542	GOVYBPLHWIEHEJ-UHFFFAOYSA-N	https://pubmed.ncbi.nlm.nih.gov/	20614936	https://www.ncbi.nlm.nih.gov/pubmed/20614936
1543	GOVYBPLHWIEHEJ-UHFFFAOYSA-N	https://pubmed.ncbi.nlm.nih.gov/	21444725	https://www.ncbi.nlm.nih.gov/pubmed/21444725
1544	GOVYBPLHWIEHEJ-UHFFFAOYSA-N	https://pubmed.ncbi.nlm.nih.gov/	30964290	https://www.ncbi.nlm.nih.gov/pubmed/30964290
1545	GOVYBPLHWIEHEJ-UHFFFAOYSA-N	https://pubmed.ncbi.nlm.nih.gov/	28887310	https://www.ncbi.nlm.nih.gov/pubmed/28887310
1546	OJQMKCBWYCWFPU-UHFFFAOYSA-N	https://doi.org/	10.1021/acs.jmedchem.5b00698	https://dx.doi.org/10.1021/acs.jmedchem.5b00698
1547	WXTJCPHELGTTJU-FMKPAKJESA-N	https://doi.org/	10.1021/acs.jmedchem.3c01804	https://dx.doi.org/10.1021/acs.jmedchem.3c01804
1548	JYYLVUFNAHSSFE-UHFFFAOYSA-N	https://doi.org/	10.1021/jm101423y	https://dx.doi.org/10.1021/jm101423y
1549	DNVFTXQYIYFQBW-UHFFFAOYSA-N	https://doi.org/	10.1016/j.chembiol.2010.02.007	https://dx.doi.org/10.1016/j.chembiol.2010.02.007
1550	NDVITLLKZQXKGU-IBGZPJMESA-N	https://doi.org/	10.1097/CAD.0000000000001514	https://dx.doi.org/10.1097/CAD.0000000000001514
1551	QYJLBHRAPDJOSO-NVXWUHKLSA-N	https://doi.org/	10.1016/j.ccell.2025.02.006	https://dx.doi.org/10.1016/j.ccell.2025.02.006
1552	HEAUOKZIVMZVQL-VWLOTQADSA-N	https://doi.org/	10.1021/jm8006454	https://dx.doi.org/10.1021/jm8006454
1553	ASRLBLHATMXGPC-UHFFFAOYSA-N	https://doi.org/	10.1002/cmdc.202200686	https://dx.doi.org/10.1002/cmdc.202200686
1554	POKVQQVLRJLUAK-UHFFFAOYSA-N	https://doi.org/	10.1021/acs.jmedchem.5c00529	https://dx.doi.org/10.1021/acs.jmedchem.5c00529
1555	RKAFYSIKAVFVPS-UHFFFAOYSA-N	https://doi.org/	10.1021/acs.jmedchem.0c01313	https://dx.doi.org/10.1021/acs.jmedchem.0c01313
1556	RKAFYSIKAVFVPS-UHFFFAOYSA-N	https://doi.org/	10.1182/blood.2022017813	https://dx.doi.org/10.1182/blood.2022017813
1557	XVGSKZXXLKUEIO-MRXNPFEDSA-N	https://doi.org/	10.1021/acs.jmedchem.2c01133	https://dx.doi.org/10.1021/acs.jmedchem.2c01133
1558	NRHPFMQPXSSELC-QHCPKHFHSA-N	https://doi.org/	10.1016/j.mcpro.2023.100609	https://dx.doi.org/10.1016/j.mcpro.2023.100609
1559	GJMZWYLOARVASY-NTCAYCPXSA-N		http://www.cell.com/cell-chemical-biology/abstract/S2451-9456(16)30386-5	http://www.cell.com/cell-chemical-biology/abstract/S2451-9456(16)30386-5
1560	GJMZWYLOARVASY-NTCAYCPXSA-N	https://pubmed.ncbi.nlm.nih.gov/	27840070	https://www.ncbi.nlm.nih.gov/pubmed/27840070
1561	KTBSXLIQKWEBRB-UHFFFAOYSA-N	https://doi.org/	10.1016/j.ejphar.2020.173505	https://dx.doi.org/10.1016/j.ejphar.2020.173505
1562	HXYXHSDYBDFOFO-INIZCTEOSA-N	https://doi.org/	10.1016/j.bmcl.2016.10.036	https://dx.doi.org/10.1016/j.bmcl.2016.10.036
1563	HHFWQMFTPDFWLM-UHFFFAOYSA-N	https://doi.org/	10.1016/j.ejmech.2025.117708	https://dx.doi.org/10.1016/j.ejmech.2025.117708
1564	FSQGWBXWGNWEAV-CMDGGOBGSA-N	https://doi.org/	10.1021/acs.jmedchem.5c00121	https://dx.doi.org/10.1021/acs.jmedchem.5c00121
1565	OXTSYWDBUVRXFF-GDLZYMKVSA-N	https://doi.org/	10.1021/acs.jmedchem.1c01121	https://dx.doi.org/10.1021/acs.jmedchem.1c01121
1566	KRNAOFGYEFKHPB-ANJVHQHFSA-N	https://doi.org/	10.1021/jm3013147	https://dx.doi.org/10.1021/jm3013147
1567	LBFYQISQYCGDDW-UHFFFAOYSA-N		http://www.nature.com/nchembio/journal/v11/n12/full/nchembio.1952.html	http://www.nature.com/nchembio/journal/v11/n12/full/nchembio.1952.html
1568	LBFYQISQYCGDDW-UHFFFAOYSA-N	https://doi.org/	10.1021/jm501436m	http://pubs.acs.org/doi/abs/10.1021/jm501436m
1569	LBFYQISQYCGDDW-UHFFFAOYSA-N	https://doi.org/	10.1021/acs.jmedchem.5b01685	http://pubs.acs.org/doi/abs/10.1021/acs.jmedchem.5b01685
1570	LBFYQISQYCGDDW-UHFFFAOYSA-N	https://pubmed.ncbi.nlm.nih.gov/	26502155	https://www.ncbi.nlm.nih.gov/pubmed/26502155
1571	LBFYQISQYCGDDW-UHFFFAOYSA-N	https://pubmed.ncbi.nlm.nih.gov/	25680029	https://www.ncbi.nlm.nih.gov/pubmed/25680029
1572	LBFYQISQYCGDDW-UHFFFAOYSA-N	https://pubmed.ncbi.nlm.nih.gov/	26796641	https://www.ncbi.nlm.nih.gov/pubmed/26796641
1573	WBFSPPPOPIJCLF-UHFFFAOYSA-N	https://doi.org/	10.1021/acs.jmedchem.4c00220	https://dx.doi.org/10.1021/acs.jmedchem.4c00220
1574	XFBJUMZGUOUWSC-UHFFFAOYSA-N	https://doi.org/	10.1021/acs.jmedchem.5c00563	https://dx.doi.org/10.1021/acs.jmedchem.5c00563
1575	JLIJJLLYTGASQX-UHFFFAOYSA-N	https://doi.org/	10.1016/j.ejmech.2023.115708	https://dx.doi.org/10.1016/j.ejmech.2023.115708
1576	FUEYCNUHTBZPRF-SVBPBHIXSA-N	https://doi.org/	10.1021/acs.jmedchem.4c00656	https://dx.doi.org/10.1021/acs.jmedchem.4c00656
1577	KDTQFQYXTWVBCC-UHFFFAOYSA-N	https://doi.org/	10.1021/acschemneuro.5c00032	https://dx.doi.org/10.1021/acschemneuro.5c00032
1578	GSLHDZCTAHKMDW-UHFFFAOYSA-N	https://doi.org/	10.1021/acs.jmedchem.5c00472	https://dx.doi.org/10.1021/acs.jmedchem.5c00472
1579	DXAQGYQVEJTSTD-UHFFFAOYSA-N	https://doi.org/	10.1021/acschemneuro.5c00032	https://dx.doi.org/10.1021/acschemneuro.5c00032
1580	ODRITQGYYWHQGM-INIZCTEOSA-N	https://doi.org/	10.1021/acs.jmedchem.6b00597	https://dx.doi.org/10.1021/acs.jmedchem.6b00597
1581	BODASLVEZBWITD-ACCUITESSA-N	https://doi.org/	10.1016/j.ejmech.2024.117166	https://dx.doi.org/10.1016/j.ejmech.2024.117166
1582	XBWKVZHZUZNMJE-UHFFFAOYSA-N	https://doi.org/	10.1021/acs.jmedchem.3c01980	https://dx.doi.org/10.1021/acs.jmedchem.3c01980
1583	OYMNPJXKQVTQTR-UHFFFAOYSA-N	https://doi.org/	10.1074/jbc.M311743200	https://dx.doi.org/10.1074/jbc.M311743200
1584	BXNMZRPTQFVRFA-QGZVFWFLSA-N	https://doi.org/	10.1021/ml500479v	https://dx.doi.org/10.1021/ml500479v
1585	WCWUXEGQKLTGDX-LLVKDONJSA-N	https://doi.org/	10.1021/jm051106d	www.di.org/10.1021/jm051106d
1586	WCWUXEGQKLTGDX-LLVKDONJSA-N	https://doi.org/	10.1007/s00280-009-1002-0	www.doi.org/10.1007/s00280-009-1002-0
1587	WCWUXEGQKLTGDX-LLVKDONJSA-N	https://pubmed.ncbi.nlm.nih.gov/	16570908	https://pubmed.ncbi.nlm.nih.gov/16570908/
1588	WCWUXEGQKLTGDX-LLVKDONJSA-N	https://pubmed.ncbi.nlm.nih.gov/	19396600	https://pubmed.ncbi.nlm.nih.gov/19396600/
1589	HTCJUBZBSJQWBW-CQSZACIVSA-N	https://doi.org/	10.1021/acs.jmedchem.0c00100	https://dx.doi.org/10.1021/acs.jmedchem.0c00100
1590	HTCJUBZBSJQWBW-CQSZACIVSA-N	https://doi.org/	10.1002/hep.31255	https://dx.doi.org/10.1002/hep.31255
1591	VSOUDUXMPUHJEU-UHFFFAOYSA-N	https://doi.org/	10.1016/j.bmcl.2014.08.041	https://dx.doi.org/10.1016/j.bmcl.2014.08.041
1592	RSJAXPUYVJKAAA-JPGJPTAESA-N	https://doi.org/	10.1038/sj.bjp.0703162	www.doi.org/10.1038/sj.bjp.0703162
1593	RSJAXPUYVJKAAA-JPGJPTAESA-N	https://doi.org/	10.1016/s0014-2999(99)00650-0	www.doi.org/10.1016/s0014-2999(99)00650-0
1594	RSJAXPUYVJKAAA-JPGJPTAESA-N	https://pubmed.ncbi.nlm.nih.gov/	10725255	https://pubmed.ncbi.nlm.nih.gov/10725255/
1595	RSJAXPUYVJKAAA-JPGJPTAESA-N	https://pubmed.ncbi.nlm.nih.gov/	10611450	https://pubmed.ncbi.nlm.nih.gov/10611450/
1596	ATALOFNDEOCMKK-OITMNORJSA-N	https://doi.org/	10.1021/jm980299k	https://dx.doi.org/10.1021/jm980299k
1597	ATALOFNDEOCMKK-OITMNORJSA-N	https://doi.org/	10.1021/jm990617v	https://dx.doi.org/10.1021/jm990617v
1598	ATHZIFFSGSWIAU-UHFFFAOYSA-N	https://doi.org/	10.1016/j.ejphar.2016.04.022	https://dx.doi.org/10.1016/j.ejphar.2016.04.022
1599	UXZAJSZFFARTEI-YRPNKDGESA-N	https://doi.org/	10.1016/j.pbb.2019.172794	https://dx.doi.org/10.1016/j.pbb.2019.172794
1600	YHGBLECINAKBKX-UHFFFAOYSA-N	https://doi.org/	10.1124/molpharm.122.000662	https://dx.doi.org/10.1124/molpharm.122.000662
1601	NCWQLHHDGDXIJN-UHFFFAOYSA-N	https://doi.org/	10.1136/jitc-2019-000417	https://dx.doi.org/10.1136/jitc-2019-000417
1602	OAEWNSKRLBVVBV-QSEAXJEQSA-N	https://doi.org/	10.1016/s0014-2999(98)00891-7	https://dx.doi.org/10.1016/s0014-2999(98)00891-7
1603	QLOHOGRMRUDDPM-LBPRGKRZSA-N	https://doi.org/	10.1021/acs.jmedchem.3c00630	https://dx.doi.org/10.1021/acs.jmedchem.3c00630
1604	FOBFICSYUINKAA-XMMPIXPASA-N	https://doi.org/	10.1021/jm0108449	https://dx.doi.org/10.1021/jm0108449
1605	PUKBOVABABRILL-YZNIXAGQSA-N	https://doi.org/	10.1371/journal.pone.0164646	https://dx.doi.org/10.1371/journal.pone.0164646
1606	FJZNNKJZHQFMCK-LRDDRELGSA-N	https://doi.org/	10.1021/acs.jmedchem.9b02101	https://dx.doi.org/10.1021/acs.jmedchem.9b02101
1607	BZCALJIHZVNMGJ-HSZRJFAPSA-N	https://doi.org/	10.1021/ml1000855	www.doi.org/10.1021/ml1000855
1608	BZCALJIHZVNMGJ-HSZRJFAPSA-N	https://doi.org/	10.1124/jpet.111.183772	www.doi.org/10.1124/jpet.111.183772
1609	BZCALJIHZVNMGJ-HSZRJFAPSA-N	https://pubmed.ncbi.nlm.nih.gov/	24900210	https://pubmed.ncbi.nlm.nih.gov/24900210/
1610	BZCALJIHZVNMGJ-HSZRJFAPSA-N	https://pubmed.ncbi.nlm.nih.gov/	21752941	https://pubmed.ncbi.nlm.nih.gov/21752941/
1611	KDFQABSFVYLGPM-QFIPXVFZSA-N	https://doi.org/	10.1021/jm00121a004	https://dx.doi.org/10.1021/jm00121a004
1612	KDFQABSFVYLGPM-QFIPXVFZSA-N	https://pubmed.ncbi.nlm.nih.gov/	1355713	https://pubmed.ncbi.nlm.nih.gov/1355713
1613	PZGSYNNVPNLHQG-SANMLTNESA-N	https://doi.org/	10.1021/acs.jmedchem.0c01076	https://dx.doi.org/10.1021/acs.jmedchem.0c01076
1614	OGJGQVFWEPNYSB-UHFFFAOYSA-N	https://doi.org/	10.1021/jm9600712	https://dx.doi.org/10.1021/jm9600712
1615	OGJGQVFWEPNYSB-UHFFFAOYSA-N	https://pubmed.ncbi.nlm.nih.gov/	9353380	https://pubmed.ncbi.nlm.nih.gov/9353380
1616	AGVNHDNTFYHZNL-QGZVFWFLSA-N	https://doi.org/	10.1021/jm970519e	https://dx.doi.org/10.1021/jm970519e
1617	VXNAMCLMCBLNOL-NFQMXDRXSA-N		https://pubmed.ncbi.nlm.nih.gov/Peer reviewed at SGC	https://pubmed.ncbi.nlm.nih.gov/Peer reviewed at SGC
1618	HVVLGXULBVAFRZ-UHFFFAOYSA-N	https://doi.org/	10.1021/acs.jmedchem.2c01690	https://dx.doi.org/10.1021/acs.jmedchem.2c01690
1619	HLCHESOMJVGDSJ-LOYHVIPDSA-N	https://doi.org/	10.1021/jm025539h	https://dx.doi.org/10.1021/jm025539h
1620	VOSAWOSMGPKQEQ-OALUTQOASA-N	https://doi.org/	10.1124/jpet.122.001449	https://dx.doi.org/10.1124/jpet.122.001449
1621	DTCZNKWBDTXEBS-UHFFFAOYSA-N	https://doi.org/	10.1021/acs.jmedchem.4c00293	https://dx.doi.org/10.1021/acs.jmedchem.4c00293
1622	PTOIAAWZLUQTIO-GXFFZTMASA-N	https://doi.org/	10.1016/j.neuropharm.2014.12.004	https://dx.doi.org/10.1016/j.neuropharm.2014.12.004
1623	TYXSIXOYTBHZFA-UHFFFAOYSA-N	https://doi.org/	10.1016/j.bmc.2017.03.064	https://doi.org/10.1016/j.bmc.2017.03.064
1624	TYXSIXOYTBHZFA-UHFFFAOYSA-N	https://doi.org/	10.1124/jpet.117.242925	https://doi.org/10.1124/jpet.117.242925
1625	TYXSIXOYTBHZFA-UHFFFAOYSA-N	https://pubmed.ncbi.nlm.nih.gov/	28433511	https://www.ncbi.nlm.nih.gov/pubmed/28433511
1626	TYXSIXOYTBHZFA-UHFFFAOYSA-N	https://pubmed.ncbi.nlm.nih.gov/	28851764	https://www.ncbi.nlm.nih.gov/pubmed/28851764
1627	PMEQBGAGFZDWQX-UHFFFAOYSA-N	https://doi.org/	10.1124/mol.109.058677	https://dx.doi.org/10.1124/mol.109.058677
1628	PMEQBGAGFZDWQX-UHFFFAOYSA-N	https://doi.org/	10.1021/acschemneuro.9b00082	https://dx.doi.org/10.1021/acschemneuro.9b00082
1629	ZPCGODCPRDIFRQ-UHFFFAOYSA-N	https://doi.org/	10.1021/acs.jmedchem.5c01401	https://dx.doi.org/10.1021/acs.jmedchem.5c01401
1630	QXURFIGBRGWPQD-UHFFFAOYSA-N	https://doi.org/	10.1021/acs.jmedchem.8b01606	https://doi.org/10.1021/acs.jmedchem.8b01606
1631	QXURFIGBRGWPQD-UHFFFAOYSA-N	https://pubmed.ncbi.nlm.nih.gov/	30563338	https://www.ncbi.nlm.nih.gov/pubmed/30563338
1632	AFJRYPJIKHMNGL-UHFFFAOYSA-N	https://doi.org/	10.1016/j.bmcl.2009.08.053	https://dx.doi.org/10.1016/j.bmcl.2009.08.053
1633	AFJRYPJIKHMNGL-UHFFFAOYSA-N	https://doi.org/	10.1016/j.bcp.2013.02.004	https://dx.doi.org/10.1016/j.bcp.2013.02.004
1634	LPORLBPACXEOET-UHFFFAOYSA-N	https://doi.org/	10.1021/acs.jmedchem.5c01938	https://dx.doi.org/10.1021/acs.jmedchem.5c01938
1635	GQCXHIKRWBIQMD-AKJBCIBTSA-N	https://doi.org/	10.1021/acs.jmedchem.1c00847	https://dx.doi.org/10.1021/acs.jmedchem.1c00847
1636	QAKJEKTXKXAPBP-MGCURZBSSA-N	https://doi.org/	10.1016/j.chembiol.2025.06.005	https://dx.doi.org/10.1016/j.chembiol.2025.06.005
1637	ODOJVROSIRINJT-LJQANCHMSA-N	https://doi.org/	10.1021/acs.jmedchem.3c01807	https://dx.doi.org/10.1021/acs.jmedchem.3c01807
1638	ZUFHZMHKCFCIHV-JRFCFUNGSA-N	https://doi.org/	10.1021/acs.jmedchem.5c00238	https://dx.doi.org/10.1021/acs.jmedchem.5c00238
1639	LTNDTFYBIKTRBQ-UHFFFAOYSA-N	https://doi.org/	10.1021/acs.jmedchem.5c00884	https://dx.doi.org/10.1021/acs.jmedchem.5c00884
1640	OVUNRYUVDVWTTE-UHFFFAOYSA-N	https://doi.org/	10.1007/s00213-009-1726-x	https://dx.doi.org/10.1007/s00213-009-1726-x
1641	HUOLMBXGHHSYHC-QWQFASRJSA-N	https://doi.org/	10.1038/s42003-023-05655-8	https://dx.doi.org/10.1038/s42003-023-05655-8
1642	HUOLMBXGHHSYHC-QWQFASRJSA-N	https://doi.org/	10.1016/j.ejmech.2025.117488	https://dx.doi.org/10.1016/j.ejmech.2025.117488
1643	CEGVLCNHZDUFIJ-NSHDSACASA-N	https://doi.org/	10.1021/acs.jmedchem.5c00781	https://dx.doi.org/10.1021/acs.jmedchem.5c00781
1644	ZVDNXHUSIKGTSF-UHFFFAOYSA-N	https://doi.org/	10.1021/acs.jmedchem.4c01580	https://dx.doi.org/10.1021/acs.jmedchem.4c01580
1645	QJWQAZTYFYCFQU-RMKNXTFCSA-N	https://doi.org/	10.1021/acs.jmedchem.3c00732	https://dx.doi.org/10.1021/acs.jmedchem.3c00732
1646	NORRDWRSNUOCBV-XCIZWWPASA-N	https://doi.org/	10.1021/acs.jmedchem.3c02124	https://dx.doi.org/10.1021/acs.jmedchem.3c02124
1647	BFMWIVWPPKENIN-AWEZNQCLSA-N	https://doi.org/	10.1021/acs.jmedchem.5c02593	https://dx.doi.org/10.1021/acs.jmedchem.5c02593
1648	CLCTZVRHDOAUGJ-SYVGMNBRSA-N	https://doi.org/	10.1158/1535-7163.MCT-23-0655	https://dx.doi.org/10.1158/1535-7163.MCT-23-0655
1649	CLCTZVRHDOAUGJ-SYVGMNBRSA-N	https://doi.org/	10.3390/molecules27061977	https://dx.doi.org/10.3390/molecules27061977
1650	JNTJTCXFIXNXDV-VIFPVBQESA-N	https://doi.org/	10.1021/acsmedchemlett.4c00336	https://dx.doi.org/10.1021/acsmedchemlett.4c00336
1651	DTWUUAFTYSMNQX-GFCCVEGCSA-N	https://doi.org/	10.1158/2159-8290.CD-22-0968	https://dx.doi.org/10.1158/2159-8290.CD-22-0968
1652	FZJKQMONKPFLEO-NZIMVQFPSA-N	https://doi.org/	10.1021/acs.jmedchem.5c00809	https://dx.doi.org/10.1021/acs.jmedchem.5c00809
1653	JFHROPTYMMSOLG-UHFFFAOYSA-N	https://doi.org/	10.1016/j.bmcl.2009.04.012	https://dx.doi.org/10.1016/j.bmcl.2009.04.012
1654	BZJPCUQQPJJBTP-FGZHOGPDSA-N	https://doi.org/	10.1021/acs.jmedchem.4c00665	https://dx.doi.org/10.1021/acs.jmedchem.4c00665
1655	OLAGZWUBPYQCBR-JSKJCRAUSA-N	https://doi.org/	10.1016/j.ejmech.2024.116843	https://dx.doi.org/10.1016/j.ejmech.2024.116843
1656	KVDLSQZBDWJNSG-VINRIKPSSA-N	https://doi.org/	10.1016/j.immuni.2024.04.025	https://dx.doi.org/10.1016/j.immuni.2024.04.025
1657	ISQCXAWAHDJCRH-FKDRFZFOSA-N	https://doi.org/	10.1021/acs.jmedchem.4c01818	https://dx.doi.org/10.1021/acs.jmedchem.4c01818
1658	JBTHUOYYUUPUOZ-LIHPQFRDSA-N	https://doi.org/	10.1038/s41467-022-33430-6	https://dx.doi.org/10.1038/s41467-022-33430-6
1659	PTARASCXNREVCH-UHFFFAOYSA-N	https://doi.org/	10.1021/acs.jmedchem.4c01130	https://dx.doi.org/10.1021/acs.jmedchem.4c01130
1660	AJQAXIIJKPCAOP-XVNGORCSSA-N	https://doi.org/	10.1016/j.heliyon.2024.e37829	https://dx.doi.org/10.1016/j.heliyon.2024.e37829
1661	PLCITURFVJNAFH-GUQHISFFSA-N		https://pubmed.ncbi.nlm.nih.gov/Peer reviewed at SGC	https://pubmed.ncbi.nlm.nih.gov/Peer reviewed at SGC
1662	NIQFZCJNEODJTE-CSIWTOAPSA-N	https://doi.org/	10.1002/anie.202302364	https://dx.doi.org/10.1002/anie.202302364
1663	DYDFSGCLYIZSAQ-UHFFFAOYSA-N	https://doi.org/	10.1038/s44321-024-00181-4	https://dx.doi.org/10.1038/s44321-024-00181-4
1664	ANAOJSKQILNLRY-MWTRTKDXSA-N	https://doi.org/	10.1038/s41467-025-65847-0	https://dx.doi.org/10.1038/s41467-025-65847-0
1665	FIFRHLLUVCAOIK-SJCJKPOMSA-N	https://doi.org/	10.1021/acs.jmedchem.5c01526	https://dx.doi.org/10.1021/acs.jmedchem.5c01526
1666	MMHYOHYLSFWJJB-ZDUSSCGKSA-N		https://pubmed.ncbi.nlm.nih.gov/peer reviewed at SGC	https://pubmed.ncbi.nlm.nih.gov/peer reviewed at SGC
1667	YPXUKPNZQTWCRR-UHFFFAOYSA-N	https://doi.org/	10.1021/acs.jmedchem.4c02751	https://dx.doi.org/10.1021/acs.jmedchem.4c02751
1668	DJOZFERTDDZPJO-UHFFFAOYSA-N	https://doi.org/	10.1021/acs.jmedchem.5c00197	https://dx.doi.org/10.1021/acs.jmedchem.5c00197
1669	YOOKRVNCYQFKCT-UHFFFAOYSA-N	https://doi.org/	10.1021/acs.jmedchem.5c01204	https://dx.doi.org/10.1021/acs.jmedchem.5c01204
1670	RGHSVQHKNJAFGR-QFIPXVFZSA-N	https://doi.org/	10.1016/j.neurot.2025.e00610	https://dx.doi.org/10.1016/j.neurot.2025.e00610
1671	XHMSDQXEIBTTBE-QFIPXVFZSA-N	https://doi.org/	10.1038/s41467-025-59919-4	https://dx.doi.org/10.1038/s41467-025-59919-4
1672	FFUVDKANSJZSAK-JDXGNMNLSA-N	https://doi.org/	10.1038/s41467-024-51889-3	https://dx.doi.org/10.1038/s41467-024-51889-3
1673	XRAUKWUDYSUHJM-LLVKDONJSA-N	https://doi.org/	10.1021/acs.jmedchem.4c02019	https://dx.doi.org/10.1021/acs.jmedchem.4c02019
1674	IYFKRANQUJUTKF-UHFFFAOYSA-N	https://doi.org/	10.1021/acs.jmedchem.3c00274	https://dx.doi.org/10.1021/acs.jmedchem.3c00274
1675	LDFDXTNMCGLUMQ-YGKODULZSA-N	https://doi.org/	10.1021/acs.jmedchem.5c00026	https://dx.doi.org/10.1021/acs.jmedchem.5c00026
1676	RIEBAXQZOMUWKX-UHFFFAOYSA-N	https://doi.org/	10.1021/acs.jmedchem.4c01617	https://dx.doi.org/10.1021/acs.jmedchem.4c01617
1677	LPDOIXPRZOWBJV-HOCLYGCPSA-N	https://doi.org/	10.1016/j.bmcl.2024.129930	https://dx.doi.org/10.1016/j.bmcl.2024.129930
1678	HGQYUHFFAIXWDI-GOSISDBHSA-N	https://doi.org/	10.1021/acs.jmedchem.5c02200	https://dx.doi.org/10.1021/acs.jmedchem.5c02200
1679	APEYSKGQWJKJAZ-LCLGPXMOSA-N	https://doi.org/	10.1021/acs.jmedchem.2c01505	https://dx.doi.org/10.1021/acs.jmedchem.2c01505
1680	FHFUBRLTXZVOQX-UHFFFAOYSA-N	https://doi.org/	10.1021/acs.jmedchem.4c00836	https://dx.doi.org/10.1021/acs.jmedchem.4c00836
1681	CLUWNSLFLMBFKA-RMCUFUCFSA-N	https://doi.org/	10.1021/acs.jmedchem.3c02394	https://dx.doi.org/10.1021/acs.jmedchem.3c02394
1682	PWYJKWQDDHJXMJ-YKCITUTQSA-N	https://doi.org/	10.1021/acs.jmedchem.4c02201	https://dx.doi.org/10.1021/acs.jmedchem.4c02201
1683	GPZKXLCJTKULAU-UHFFFAOYSA-N	https://doi.org/	10.1016/j.apsb.2024.07.016	https://dx.doi.org/10.1016/j.apsb.2024.07.016
1684	BXCPYBFBMAWDDY-UHFFFAOYSA-N	https://doi.org/	10.1038/s41589-021-00742-5	https://dx.doi.org/10.1038/s41589-021-00742-5
1685	SVKZUEZCCKLNIM-UHFFFAOYSA-N	https://doi.org/	10.1021/acs.jmedchem.4c00883	https://dx.doi.org/10.1021/acs.jmedchem.4c00883
1686	LFCNOSRNWFMQLB-UHFFFAOYSA-N	https://doi.org/	10.1021/acs.jmedchem.5c01111	https://dx.doi.org/10.1021/acs.jmedchem.5c01111
1687	HKSBXNVKPFTBIG-WUEKOBJSSA-N	https://doi.org/	10.1021/jacs.2c05499	https://dx.doi.org/10.1021/jacs.2c05499
1688	LPKVYTQGJNTZKY-UHFFFAOYSA-N	https://doi.org/	10.1039/d3sc06558h	https://dx.doi.org/10.1039/d3sc06558h
1689	DQRZNYPHOWVXPQ-YDUPODKQSA-N	https://doi.org/	10.1126/science.adm8684	https://dx.doi.org/10.1126/science.adm8684
1690	REPLCRNGGWSKTN-JYQLQLLISA-N	https://doi.org/	10.1039/D2CC02094G	https://dx.doi.org/10.1039/D2CC02094G
1691	ZOSWUNAJRAEGEW-YTIGDUPRSA-N	https://doi.org/	10.1021/acs.jmedchem.4c00761	https://dx.doi.org/10.1021/acs.jmedchem.4c00761
1692	CSTHTJLTORVUST-UHFFFAOYSA-N	https://doi.org/	10.1038/s41589-024-01660-y	https://dx.doi.org/10.1038/s41589-024-01660-y
1693	ZGSWGXNEXAXEGV-XFCHVEHOSA-N	https://doi.org/	10.1002/anie.202109237	https://dx.doi.org/10.1002/anie.202109237
1694	PPNNFXIBKLCMTI-WXEAQWFJSA-N	https://doi.org/	10.1016/j.chembiol.2019.11.006	https://dx.doi.org/10.1016/j.chembiol.2019.11.006
1695	DLQNQQYGRWMPES-LFHXKVDGSA-N	https://doi.org/	10.1021/acs.jmedchem.5c00711	https://dx.doi.org/10.1021/acs.jmedchem.5c00711
1696	IPNTVOAQOGRLQB-JJMBTQCASA-N	https://doi.org/	10.1158/0008-5472.CAN-18-2918	https://dx.doi.org/10.1158/0008-5472.CAN-18-2918
1697	IVARZBJJMMUJHI-SQKKEFIPSA-N	https://doi.org/	10.1038/s41589-019-0294-6	www.doi.org/10.1038/s41589-019-0294-6
1698	IVARZBJJMMUJHI-SQKKEFIPSA-N	https://pubmed.ncbi.nlm.nih.gov/	31178587	https://pubmed.ncbi.nlm.nih.gov/31178587/
1699	OGAOHACYLUBWJQ-UHFFFAOYSA-N	https://doi.org/	10.1016/j.ejmech.2021.113335	https://dx.doi.org/10.1016/j.ejmech.2021.113335
1700	QGJQNPNZAYRDMS-OESUUHGFSA-N	https://doi.org/	10.1021/acs.jmedchem.3c00864	https://dx.doi.org/10.1021/acs.jmedchem.3c00864
1701	USEHXUPBCSTAIO-RAUDMRIHSA-N	https://doi.org/	10.1016/j.ejmech.2024.116613	https://dx.doi.org/10.1016/j.ejmech.2024.116613
1702	BOMRVPKXCINUMI-ZEGZQYLTSA-N	https://doi.org/	10.1021/acs.jmedchem.4c01009	https://dx.doi.org/10.1021/acs.jmedchem.4c01009
1703	WFVKDTWKNVLGGS-UHFFFAOYSA-N	https://doi.org/	10.1016/j.chembiol.2023.03.007	https://dx.doi.org/10.1016/j.chembiol.2023.03.007
1704	JTTGVFCANBFLCE-CJLVFECKSA-N	https://doi.org/	10.1016/j.chembiol.2022.10.007	https://dx.doi.org/10.1016/j.chembiol.2022.10.007
1705	AYMGZLUKTNXEMY-UHFFFAOYSA-N	https://doi.org/	10.1016/j.ejmech.2018.03.071	https://dx.doi.org/10.1016/j.ejmech.2018.03.071
1706	ROINLDWZNWCWJK-ZYIHSGTPSA-N	https://doi.org/	10.1016/j.ejmech.2022.115033	https://dx.doi.org/10.1016/j.ejmech.2022.115033
1707	ZJJZBBBSQKVNHL-BYBNZYMESA-N	https://doi.org/	10.1021/jacs.9b13907	https://dx.doi.org/10.1021/jacs.9b13907
1708	BOXPLNRWIHHHBO-CHCOZFFLSA-N	https://doi.org/	10.1016/j.chembiol.2022.09.004	https://dx.doi.org/10.1016/j.chembiol.2022.09.004
1709	INXGMIWEZJNJOA-NVZKIFIHSA-N	https://doi.org/	10.1039/D0CC03243C	https://dx.doi.org/10.1039/D0CC03243C
1710	RTNONCBKGZNCJS-LJLQSONVSA-N	https://doi.org/	10.1021/acs.jmedchem.9b01393	www.doi.org/10.1021/acs.jmedchem.9b01393
1711	RTNONCBKGZNCJS-LJLQSONVSA-N	https://pubmed.ncbi.nlm.nih.gov/	31804827	https://pubmed.ncbi.nlm.nih.gov/31804827/
1712	DUPAJELXESPTNF-PPZGWQTASA-N	https://doi.org/	10.1038/s42003-018-0105-8	www.doi.org/10.1038/s42003-018-0105-8
1713	DUPAJELXESPTNF-PPZGWQTASA-N	https://pubmed.ncbi.nlm.nih.gov/	30271980	https://pubmed.ncbi.nlm.nih.gov/30271980/
1714	SWVYYNLRVIYURK-AREMUKBSSA-N	https://doi.org/	10.1126/scitranslmed.abp8334	https://dx.doi.org/10.1126/scitranslmed.abp8334
1715	AAZUPSFRSHFTGV-INIZCTEOSA-N	https://doi.org/	10.1158/1535-7163.MCT-20-0717	www.doi.org/10.1158/1535-7163.MCT-20-0717
1716	AAZUPSFRSHFTGV-INIZCTEOSA-N	https://pubmed.ncbi.nlm.nih.gov/	33850002	https://pubmed.ncbi.nlm.nih.gov/33850002/
1717	LLCVDQHLYHBAHR-UHFFFAOYSA-N	https://doi.org/	10.1158/1535-7163.MCT-20-0717	www.doi.org/10.1158/1535-7163.MCT-20-0717
1718	LLCVDQHLYHBAHR-UHFFFAOYSA-N	https://pubmed.ncbi.nlm.nih.gov/	33850002	https://pubmed.ncbi.nlm.nih.gov/33850002/
1719	JALIPZPFONOAJA-ZKGBLMBJSA-N	https://doi.org/	10.1021/acs.jmedchem.5c03123	https://dx.doi.org/10.1021/acs.jmedchem.5c03123
1720	XJTIGGCBXFIZJV-UHFFFAOYSA-N	https://doi.org/	10.1021/acsmedchemlett.5b00335	https://dx.doi.org/10.1021/acsmedchemlett.5b00335
1721	UCGWYCMPZXDHNR-UHFFFAOYSA-N	https://doi.org/	10.1021/cb300139y	http://pubs.acs.org/doi/abs/10.1021/cb300139y
1722	UCGWYCMPZXDHNR-UHFFFAOYSA-N	https://pubmed.ncbi.nlm.nih.gov/	22536950	http://www.ncbi.nlm.nih.gov/pubmed/?term=22536950
1723	ZORLJXWXFABTPZ-CTNGQTDRSA-N	https://doi.org/	10.1021/acs.jmedchem.0c00566	https://dx.doi.org/10.1021/acs.jmedchem.0c00566
1724	ZZWWXIBKLBMSCS-FQEVSTJZSA-N	https://doi.org/	10.1073/pnas.1520686113	https://dx.doi.org/10.1073/pnas.1520686113
1725	ZZWWXIBKLBMSCS-FQEVSTJZSA-N	https://doi.org/	10.1073/pnas.1520686113	https://dx.doi.org/https://doi.org/10.1073/pnas.1520686113
1726	UVVQLQQNGHYTOL-JIVXZRRKSA-N	https://doi.org/	10.1021/acs.jmedchem.8b01826	https://dx.doi.org/10.1021/acs.jmedchem.8b01826
1727	FQWDVNSBYDXPIO-CQSZACIVSA-N	https://doi.org/	10.1021/acsmedchemlett.6b00092	https://dx.doi.org/10.1021/acsmedchemlett.6b00092
1728	BASFYRLYJAZPPL-UONOGXRCSA-N		http://www.sciencedirect.com/science/article/pii/S1535610815002123	http://www.sciencedirect.com/science/article/pii/S1535610815002123
1729	BASFYRLYJAZPPL-UONOGXRCSA-N	https://pubmed.ncbi.nlm.nih.gov/	26175415	http://www.ncbi.nlm.nih.gov/pubmed/26175415
1730	UJDFQDPAVQIQLB-UHFFFAOYSA-N		https://pubmed.ncbi.nlm.nih.gov/Peer Reviewed at SGC	https://pubmed.ncbi.nlm.nih.gov/Peer Reviewed at SGC
1731	FHRKRGDHMCCDEO-LLVKDONJSA-N	https://doi.org/	10.1021/acs.jmedchem.2c00662	https://dx.doi.org/10.1021/acs.jmedchem.2c00662
1732	QNZYMVMEVWRUCW-UHFFFAOYSA-N	https://doi.org/	10.1039/D5MD00144G	https://dx.doi.org/10.1039/D5MD00144G
1733	QRYISIPABXJVOQ-AWEZNQCLSA-N	https://doi.org/	10.1021/acsmedchemlett.4c00016	https://dx.doi.org/10.1021/acsmedchemlett.4c00016
1734	UEUNDURNLYLSNB-HOTGVXAUSA-N	https://doi.org/	10.1021/acs.jmedchem.1c01256	https://dx.doi.org/10.1021/acs.jmedchem.1c01256
1735	AXNQNPVSVCEGTP-LALXJTNGSA-N	https://doi.org/	10.1021/acs.jmedchem.5c00425	https://dx.doi.org/10.1021/acs.jmedchem.5c00425
1736	KDOQEEMQPHIANX-NFBKMPQASA-N	https://doi.org/	10.1021/acs.jmedchem.7b01339	https://dx.doi.org/10.1021/acs.jmedchem.7b01339
1737	PFEKWBKJUBCXDT-KGLIPLIRSA-N	https://doi.org/	10.1038/s41586-020-03048-z	https://dx.doi.org/10.1038/s41586-020-03048-z
1738	MUYQEHKMQMHJNI-ZDUSSCGKSA-N	https://doi.org/	10.1021/acs.jmedchem.5c03554	https://dx.doi.org/10.1021/acs.jmedchem.5c03554
1739	ALNBIGSEWMWEGS-UHFFFAOYSA-N	https://doi.org/	10.1021/acs.jmedchem.5c03024	https://dx.doi.org/10.1021/acs.jmedchem.5c03024
1740	CQFHGOWYJXQICA-FKDNKQOESA-N	https://doi.org/	10.1158/1535-7163.MCT-24-0306	https://dx.doi.org/10.1158/1535-7163.MCT-24-0306
1741	AYGDOYFDJDUPSS-UHFFFAOYSA-N	https://doi.org/	10.1073/pnas.2009977117	https://dx.doi.org/10.1073/pnas.2009977117
1742	QKVFMAAIXZONRN-UHFFFAOYSA-N	https://doi.org/	10.7554/eLife.34311	https://dx.doi.org/10.7554/eLife.34311
1743	CEIIEALEIHQDBX-UHFFFAOYSA-N	https://doi.org/	10.1523/JNEUROSCI.5269-04.2005	https://dx.doi.org/10.1523/JNEUROSCI.5269-04.2005
1744	MVPFPBIHUUHXGU-FSSWDIPSSA-N	https://doi.org/	10.1158/2326-6066.CIR-25-0156	https://dx.doi.org/10.1158/2326-6066.CIR-25-0156
1745	DVGLTSTVSHOWJF-UHFFFAOYSA-N	https://doi.org/	10.1096/fj.202200313RR	https://dx.doi.org/10.1096/fj.202200313RR
1746	VUOYAALVGSMUHC-UHFFFAOYSA-N	https://doi.org/	10.1042/BCJ20200592	https://dx.doi.org/10.1042/BCJ20200592
1747	FVICRBSEYSHKFY-JYQNNKODSA-N	https://doi.org/	10.1021/acs.jmedchem.4c02314	https://dx.doi.org/10.1021/acs.jmedchem.4c02314
1748	SDGJBAUIGHSMRI-UHFFFAOYSA-N	https://doi.org/	10.1042/BJ20131152	www.doi.org/10.1042/BJ20131152
1749	SDGJBAUIGHSMRI-UHFFFAOYSA-N	https://pubmed.ncbi.nlm.nih.gov/	24171924	http://www.ncbi.nlm.nih.gov/pubmed/24171924
1750	BCFGMOOMADDAQU-UHFFFAOYSA-N	https://pubmed.ncbi.nlm.nih.gov/	12467226	https://pubmed.ncbi.nlm.nih.gov/12467226/
1751	LPGBXHWIQNZEJB-UHFFFAOYSA-N	https://doi.org/	10.1124/mol.113.087783	www.doi.org/10.1124/mol.113.087783
1752	LPGBXHWIQNZEJB-UHFFFAOYSA-N	https://doi.org/	10.1021/jm300215x	www.doi.org/10.1021/jm300215x
1753	LPGBXHWIQNZEJB-UHFFFAOYSA-N	https://pubmed.ncbi.nlm.nih.gov/	23979972	https://pubmed.ncbi.nlm.nih.gov/23979972
1754	LPGBXHWIQNZEJB-UHFFFAOYSA-N	https://pubmed.ncbi.nlm.nih.gov/	22519963	https://pubmed.ncbi.nlm.nih.gov/22519963/
1755	FMSIRMKLDQFQKI-UHFFFAOYSA-N	https://doi.org/	10.1016/j.cell.2024.02.023	https://dx.doi.org/10.1016/j.cell.2024.02.023
1756	VDLHPYFVCAHCCZ-UHFFFAOYSA-N	https://doi.org/	10.1021/acs.jmedchem.5c03329	https://dx.doi.org/10.1021/acs.jmedchem.5c03329
1757	VDLHPYFVCAHCCZ-UHFFFAOYSA-N	https://doi.org/	10.1038/s41467-026-69616-5	https://dx.doi.org/10.1038/s41467-026-69616-5
1758	YXYBHRORJSDZTQ-UHFFFAOYSA-N	https://doi.org/	10.1021/acsmedchemlett.4c00579	https://dx.doi.org/10.1021/acsmedchemlett.4c00579
1759	LIRYPHYGHXZJBZ-UHFFFAOYSA-N	https://doi.org/	10.1021/ml200004g	www.doi.org/10.1021/ml200004g
1760	LIRYPHYGHXZJBZ-UHFFFAOYSA-N	https://doi.org/	10.3892/ijo.2011.1015	www.doi.org/10.3892/ijo.2011.1015
1761	LIRYPHYGHXZJBZ-UHFFFAOYSA-N	https://doi.org/	10.1038/s41586-020-2760-4	www.doi.org/10.1038/s41586-020-2760-4
1762	LIRYPHYGHXZJBZ-UHFFFAOYSA-N	https://doi.org/	10.18632/oncotarget.747	www.doi.org/10.18632/oncotarget.747
1763	LIRYPHYGHXZJBZ-UHFFFAOYSA-N	https://pubmed.ncbi.nlm.nih.gov/	24900312	https://pubmed.ncbi.nlm.nih.gov/24900312
1764	LIRYPHYGHXZJBZ-UHFFFAOYSA-N	https://pubmed.ncbi.nlm.nih.gov/	23237773	https://pubmed.ncbi.nlm.nih.gov/23237773
1765	LIRYPHYGHXZJBZ-UHFFFAOYSA-N	https://pubmed.ncbi.nlm.nih.gov/	32927473	https://pubmed.ncbi.nlm.nih.gov/32927473/
1766	LIRYPHYGHXZJBZ-UHFFFAOYSA-N	https://pubmed.ncbi.nlm.nih.gov/	21523318	https://pubmed.ncbi.nlm.nih.gov/21523318/
1767	BUJWDBSVEVFQDP-UHFFFAOYSA-N	https://doi.org/	10.1021/acs.jmedchem.3c00415	https://dx.doi.org/10.1021/acs.jmedchem.3c00415
1768	ZABZNDRRLTXBHH-UHFFFAOYSA-N	https://doi.org/	10.1038/s41467-025-59874-0	https://dx.doi.org/10.1038/s41467-025-59874-0
1769	LIOLIMKSCNQPLV-UHFFFAOYSA-N	https://doi.org/	10.1158/1078-0432.CCR-11-1157	www.doi.org/10.1158/1078-0432.CCR-11-1157
1770	LIOLIMKSCNQPLV-UHFFFAOYSA-N	https://doi.org/	10.1158/1078-0432.CCR-18-2814	www.doi.org/10.1158/1078-0432.CCR-18-2814
1771	LIOLIMKSCNQPLV-UHFFFAOYSA-N	https://pubmed.ncbi.nlm.nih.gov/	21918175	https://pubmed.ncbi.nlm.nih.gov/21918175/
1772	LIOLIMKSCNQPLV-UHFFFAOYSA-N	https://pubmed.ncbi.nlm.nih.gov/	30674502	https://pubmed.ncbi.nlm.nih.gov/30674502/
1773	VRQXRVAKPDCRCI-ZNMIVQPWSA-N	https://doi.org/	10.1021/acs.jmedchem.5b01275	www.doi.org/10.1021/acs.jmedchem.5b01275
1774	VRQXRVAKPDCRCI-ZNMIVQPWSA-N	https://pubmed.ncbi.nlm.nih.gov/	26505898	https://pubmed.ncbi.nlm.nih.gov/26505898/
1775	HPJVZSVEIGCFJP-SFHVURJKSA-N	https://doi.org/	10.1021/acs.jmedchem.1c00382	https://dx.doi.org/10.1021/acs.jmedchem.1c00382
1776	NYNZQNWKBKUAII-KBXCAEBGSA-N	https://doi.org/	10.1186/1744-8069-6-87	https://dx.doi.org/10.1186/1744-8069-6-87
1777	IBGLGMOPHJQDJB-IHRRRGAJSA-N	https://doi.org/	10.1016/j.bmcl.2011.12.027	https://dx.doi.org/10.1016/j.bmcl.2011.12.027
1778	RHGZXPKHVAHQJO-BIIHCSGHSA-N	https://doi.org/	10.1021/acs.jmedchem.8b01187	https://dx.doi.org/10.1021/acs.jmedchem.8b01187
1779	MWKYMZXCGYXLPL-ZDUSSCGKSA-N	https://doi.org/	10.1021/acsmedchemlett.7b00293	https://dx.doi.org/10.1021/acsmedchemlett.7b00293
1780	HKTBYUWLRDZAJK-UHFFFAOYSA-N	https://doi.org/	10.1021/acs.jmedchem.7b01795	www.doi.org/10.1021/acs.jmedchem.7b01795
1781	HKTBYUWLRDZAJK-UHFFFAOYSA-N	https://pubmed.ncbi.nlm.nih.gov/	29526098	https://pubmed.ncbi.nlm.nih.gov/29526098/
1782	LXDPQXXUVGVIND-UHFFFAOYSA-N	https://doi.org/	10.1038/s41589-023-01459-3	https://dx.doi.org/10.1038/s41589-023-01459-3
1783	PRWSIEBRGXYXAJ-UHFFFAOYSA-N	https://doi.org/	10.1021/ml400228e	https://dx.doi.org/10.1021/ml400228e
1784	VPJXPDLMACOGIZ-UHFFFAOYSA-N	https://doi.org/	10.1021/acs.jmedchem.5b01685	https://dx.doi.org/10.1021/acs.jmedchem.5b01685
1785	BWINBHTTZLVXGT-NVXWUHKLSA-N	https://doi.org/	10.1021/acs.jmedchem.3c00600	https://dx.doi.org/10.1021/acs.jmedchem.3c00600
1786	XISVSTPEXYIKJL-UHFFFAOYSA-N	https://doi.org/	10.1021/acs.jmedchem.9b01684	https://dx.doi.org/10.1021/acs.jmedchem.9b01684
1787	PVKIFNZMYGMWPD-UHFFFAOYSA-N	https://doi.org/	10.1038/s41467-025-59432-8	https://dx.doi.org/10.1038/s41467-025-59432-8
1788	HXNUFFCHRIWTRZ-UHFFFAOYSA-N	https://doi.org/	10.1021/acs.jmedchem.9b01227	www.doi.org/10.1021/acs.jmedchem.9b01227
1789	HXNUFFCHRIWTRZ-UHFFFAOYSA-N	https://pubmed.ncbi.nlm.nih.gov/	31702918	https://pubmed.ncbi.nlm.nih.gov/31702918
1790	QVOGVAVHOLLLAZ-UHFFFAOYSA-N	https://doi.org/	10.1158/1078-0432.CCR-18-0628	www.doi.org/10.1158/1078-0432.CCR-18-0628
1791	QVOGVAVHOLLLAZ-UHFFFAOYSA-N	https://pubmed.ncbi.nlm.nih.gov/	30429199	https://pubmed.ncbi.nlm.nih.gov/30429199/
1792	OYKPWSZSBLRRPL-HOYKHHGWSA-N	https://doi.org/	10.6019/CHEMBL4507285	https://dx.doi.org/10.6019/CHEMBL4507285
