inchikey	target_key	moa	cell_line	unit	concentration	concentration_unit	source_db	source	xref_id	assay_type	value	bioactivity_type	relation	assay_description	source_xref
BJFSUDWKXGMUKA-UHFFFAOYSA-N	BRD7@BRD	Inhibitor		nM	1	uM	EUbOPEN			biochemical	73.0	Kd	=	Competition binding assay (DiscoverX)	https://doi.org/10.1021/acs.jmedchem.5b01865,  https://www.thesgc.org/chemical-probes/BI-9564
BJFSUDWKXGMUKA-UHFFFAOYSA-N	BRD9@BRD	Inhibitor		nM	1	uM	EUbOPEN			biochemical	5.9	Kd	=	Competition binding assay (DiscoverX)	https://doi.org/10.1021/acs.jmedchem.5b01865,  https://www.thesgc.org/chemical-probes/BI-9564
CMJJZRAAQMUAFH-INIZCTEOSA-N	NTRK1	Inhibitor		nM	1	uM	EUbOPEN			biochemical	43.0	IC50	=	Enzymatic inhibition assay	https://www.thesgc.org/chemical-probes/DDR-TRK-1
CMJJZRAAQMUAFH-INIZCTEOSA-N	NTRK2	Inhibitor		nM	1	uM	EUbOPEN			biochemical	3.6	IC50	=	Enzymatic inhibition assay	https://www.thesgc.org/chemical-probes/DDR-TRK-1
CMJJZRAAQMUAFH-INIZCTEOSA-N	NTRK3	Inhibitor		nM	1	uM	EUbOPEN			biochemical	2.9	IC50	=	Enzymatic inhibition assay	https://www.thesgc.org/chemical-probes/DDR-TRK-1
CMJJZRAAQMUAFH-INIZCTEOSA-N	DDR1	Inhibitor		nM	1	uM	EUbOPEN			biochemical	27.0	IC50	=	Enzymatic inhibition assay	https://www.thesgc.org/chemical-probes/DDR-TRK-1
CMJJZRAAQMUAFH-INIZCTEOSA-N	DDR2	Inhibitor		nM	1	uM	EUbOPEN			biochemical	3.5	IC50	=	Enzymatic inhibition assay	https://www.thesgc.org/chemical-probes/DDR-TRK-1
GJMZWYLOARVASY-NTCAYCPXSA-N	JAK3@kinase 1	Inhibitor		nM	100	uM	EUbOPEN			biochemical	0.154	IC50	=	Radiometric inhibition assay	https://doi.org/10.1016/j.chembiol.2016.10.008,  https://www.thesgc.org/chemical-probes/FM-381
HEAGNKNMQVIVMM-UHFFFAOYSA-N	CLK4	Inhibitor		nM	1	uM	EUbOPEN			biochemical	12.0	IC50	=	Eurofins radiometric assay	https://onlinelibrary.wiley.com/doi/10.1002/anie.201810312
HEAGNKNMQVIVMM-UHFFFAOYSA-N	DYRK1A	Inhibitor		nM	1	uM	EUbOPEN			biochemical	213.0	IC50	=	Eurofins radiometric assay	https://onlinelibrary.wiley.com/doi/10.1002/anie.201810312
HEAGNKNMQVIVMM-UHFFFAOYSA-N	DYRK1B	Inhibitor		nM	1	uM	EUbOPEN			biochemical	956.0	IC50	=	Eurofins radiometric assay	https://onlinelibrary.wiley.com/doi/10.1002/anie.201810312
HEAGNKNMQVIVMM-UHFFFAOYSA-N	DYRK2	Inhibitor		nM	1	uM	EUbOPEN			biochemical	1309.0	IC50	=	Eurofins radiometric assay	https://onlinelibrary.wiley.com/doi/10.1002/anie.201810312
HEAGNKNMQVIVMM-UHFFFAOYSA-N	CLK1	Inhibitor		nM	1	uM	EUbOPEN			biochemical	8.0	IC50	=	Biochemical activity assay (Reaction Biology)	https://onlinelibrary.wiley.com/doi/10.1002/anie.201810312
HEAGNKNMQVIVMM-UHFFFAOYSA-N	CLK2	Inhibitor		nM	1	uM	EUbOPEN			biochemical	20.0	IC50	=	Biochemical activity assay (Reaction Biology)	https://onlinelibrary.wiley.com/doi/10.1002/anie.201810312
YBPIBGNBHHGLEB-UHFFFAOYSA-N	PIKFYVE	Inhibitor		nM	1	uM	EUbOPEN			biochemical	33.0	IC50	=	Radiometric assay (50 µM ATP)	https://doi.org/10.1038/sj.embor.7401155
TWKWEBMGDALHPN-UHFFFAOYSA-N	SRPK1	Covalent inhibitor		nM	1	uM	EUbOPEN			biochemical	1.68	IC50	=	Biochemical activity assay (Reaction Biology)	https://pubs.acs.org/doi/full/10.1021/acs.jmedchem.2c01705
TWKWEBMGDALHPN-UHFFFAOYSA-N	SRPK2	Covalent inhibitor		nM	1	uM	EUbOPEN			biochemical	2.54	IC50	=	Biochemical activity assay (Reaction Biology)	https://pubs.acs.org/doi/full/10.1021/acs.jmedchem.2c01705
TWKWEBMGDALHPN-UHFFFAOYSA-N	SRPK3	Covalent inhibitor		nM	1	uM	EUbOPEN			biochemical	4.81	IC50	=	Biochemical activity assay (Reaction Biology)	https://pubs.acs.org/doi/full/10.1021/acs.jmedchem.2c01705
FMTVWAGUJRUAKE-UHFFFAOYSA-N	PRMT6@Methyltransferase	Inhibitor		nM	1	uM	EUbOPEN			biochemical	4.0	IC50	=	Scintillation proximity assay (SPA)	https://doi.org/10.1021/acschembio.5b00839,  https://www.thesgc.org/chemical-probes/MS023
FMTVWAGUJRUAKE-UHFFFAOYSA-N	PRMT8@Methyltransferase	Inhibitor		nM	1	uM	EUbOPEN			biochemical	5.0	IC50	=	Scintillation proximity assay (SPA)	https://doi.org/10.1021/acschembio.5b00839,  https://www.thesgc.org/chemical-probes/MS023
FMTVWAGUJRUAKE-UHFFFAOYSA-N	PRMT1@Methyltransferase	Inhibitor		nM	1	uM	EUbOPEN			biochemical	30.0	IC50	=	Scintillation proximity assay (SPA)	https://doi.org/10.1021/acschembio.5b00839,  https://www.thesgc.org/chemical-probes/MS023
FMTVWAGUJRUAKE-UHFFFAOYSA-N	PRMT3@Methyltransferase	Inhibitor		nM	1	uM	EUbOPEN			biochemical	119.0	IC50	=	Scintillation proximity assay (SPA)	https://doi.org/10.1021/acschembio.5b00839,  https://www.thesgc.org/chemical-probes/MS023
FMTVWAGUJRUAKE-UHFFFAOYSA-N	CARM1@Methyltransferase	Inhibitor		nM	1	uM	EUbOPEN			biochemical	83.0	IC50	=	Scintillation proximity assay (SPA)	https://doi.org/10.1021/acschembio.5b00839,  https://www.thesgc.org/chemical-probes/MS023
FJCDSQATIJKQKA-UHFFFAOYSA-N	ACVR1B	Inhibitor		nM	100	uM	EUbOPEN			biochemical	17.2	IC50	=	Radiometric protein kinase assay (33PanQinase Activity Assay)	https://aacrjournals.org/mct/article/13/7/1704/91906/EW-7197-a-Novel-ALK-5-Kinase-Inhibitor-Potently
FJCDSQATIJKQKA-UHFFFAOYSA-N	TGFBR1	Inhibitor		nM	100	uM	EUbOPEN			biochemical	12.9	IC50	=	Radiometric protein kinase assay (33PanQinase Activity Assay)	https://aacrjournals.org/mct/article/13/7/1704/91906/EW-7197-a-Novel-ALK-5-Kinase-Inhibitor-Potently
SFMJNHNUOVADRW-UHFFFAOYSA-N	BTK	Covalent inhibitor		nM	1	uM	EUbOPEN			biochemical	10.4	IC50	=	SelectScreen Z’lyte assay (Invitrogen)	https://pubmed.ncbi.nlm.nih.gov/23594111/
SFMJNHNUOVADRW-UHFFFAOYSA-N	BMX	Covalent inhibitor		nM	1	uM	EUbOPEN			biochemical	8.0	IC50	=	SelectScreen Z’lyte assay (Invitrogen)	https://pubmed.ncbi.nlm.nih.gov/23594111/
LHNIIDJUOCFXAP-UHFFFAOYSA-N	PIK3CA	Inhibitor		nM	1	uM	EUbOPEN			biochemical	0.76	Kd	=	ScanMax technology (DiscoverX)	https://doi.org/10.1021/acs.jmedchem.7b00930
LHNIIDJUOCFXAP-UHFFFAOYSA-N	PIK3CB	Inhibitor		nM	1	uM	EUbOPEN			biochemical	2.1	Kd	=	ScanMax technology (DiscoverX)	https://doi.org/10.1021/acs.jmedchem.7b00930
LHNIIDJUOCFXAP-UHFFFAOYSA-N	PIK3CG	Inhibitor		nM	1	uM	EUbOPEN			biochemical	7.7	Kd	=	ScanMax technology (DiscoverX)	https://doi.org/10.1021/acs.jmedchem.7b00930
LHNIIDJUOCFXAP-UHFFFAOYSA-N	PIK3CD	Inhibitor		nM	1	uM	EUbOPEN			biochemical	3.3	Kd	=	ScanMax technology (DiscoverX)	https://doi.org/10.1021/acs.jmedchem.7b00930
HWSHOMMVLGBIDN-UHFFFAOYSA-N	WNK1	Inhibitor		nM	1	uM	EUbOPEN			biochemical	5.0	IC50	=	Radiometric assay (incorporation of 33P from [γ-33P]ATP into myelin basic protein (MBP))	https://pubmed.ncbi.nlm.nih.gov/27595330/
HWSHOMMVLGBIDN-UHFFFAOYSA-N	WNK2	Inhibitor		nM	1	uM	EUbOPEN			biochemical	1.0	IC50	=	Radiometric assay (incorporation of 33P from [γ-33P]ATP into myelin basic protein (MBP))	https://pubmed.ncbi.nlm.nih.gov/27595330/
HWSHOMMVLGBIDN-UHFFFAOYSA-N	WNK3	Inhibitor		nM	1	uM	EUbOPEN			biochemical	6.0	IC50	=	Radiometric assay (incorporation of 33P from [γ-33P]ATP into myelin basic protein (MBP))	https://pubmed.ncbi.nlm.nih.gov/27595330/
HWSHOMMVLGBIDN-UHFFFAOYSA-N	WNK4	Inhibitor		nM	1	uM	EUbOPEN			biochemical	9.0	IC50	=	Radiometric assay (incorporation of 33P from [γ-33P]ATP into myelin basic protein (MBP))	https://pubmed.ncbi.nlm.nih.gov/27595330/
XCFRUAOZMVFDPQ-AWEZNQCLSA-N	PBK	Inhibitor		nM	1	uM	EUbOPEN			biochemical	28.0	IC50	=	Enzyme activity assay	https://www.science.org/doi/10.1126/scitranslmed.3010277?url_ver=Z39.88-2003&rfr_id=ori:rid:crossref.org&rfr_dat=cr_pub%20%200pubmed
XCFRUAOZMVFDPQ-AWEZNQCLSA-N	CDK11B	Inhibitor		nM	1	uM	EUbOPEN			biochemical	40.0	Kd	=	Binding assay	https://www.ncbi.nlm.nih.gov/pmc/articles/PMC7717492/
CMWRPDHVGMHLSZ-GFCCVEGCSA-N	MAPKAPK2	Inhibitor		nM	1	uM	EUbOPEN			biochemical	5.0	IC50	=	Enzymatic activity assay (Ustate kinase profiler Service; Millipore)	https://doi.org/10.1124/jpet.110.166173
CMWRPDHVGMHLSZ-GFCCVEGCSA-N	MAPKAPK3	Inhibitor		nM	1	uM	EUbOPEN			biochemical	53.0	IC50	=	Enzymatic activity assay (Ustate kinase profiler Service; Millipore)	https://doi.org/10.1124/jpet.110.166173
CMWRPDHVGMHLSZ-GFCCVEGCSA-N	MAPKAPK5	Inhibitor		nM	1	uM	EUbOPEN			biochemical	5.0	IC50	=	Enzymatic activity assay (Ustate kinase profiler Service; Millipore)	https://doi.org/10.1124/jpet.110.166173
HZPYSAHDRSBARR-QPJJXVBHSA-N	CDK14	Covalent inhibitor		nM	1	uM	EUbOPEN			biochemical	88.0	IC50	=	LanthaScreen Eu kinase binding assays (CDK14/CycY)	https://pubmed.ncbi.nlm.nih.gov/30930164/
HZPYSAHDRSBARR-QPJJXVBHSA-N	CDK16	Covalent inhibitor		nM	1	uM	EUbOPEN			biochemical	10.1	IC50	=	LanthaScreen Eu kinase binding assays (CDK16/CycY)	https://pubmed.ncbi.nlm.nih.gov/30930164/
HZPYSAHDRSBARR-QPJJXVBHSA-N	CDK2	Covalent inhibitor		nM	1	uM	EUbOPEN			biochemical	8.2	IC50	=	Z'LYTE kinase assays (using CDK2/CycA, conc. ATP = Km)	https://pubmed.ncbi.nlm.nih.gov/30930164/
BXDZOYLPNAIDOC-UHFFFAOYSA-N	CDK9	Degrader		nM	1	uM	EUbOPEN			biochemical	4.0	IC50	=	Adapta Eu kinase assay (using CDK9/cyclinT1, using Km =ATP)	https://www.nature.com/articles/nchembio.2538
MVXAYIXYYOVALX-UHFFFAOYSA-N	WNK1	Allosteric Inhibitor		nM	1	uM	EUbOPEN			biochemical	42.0	IC50	=	HTRF assay	https://pubmed.ncbi.nlm.nih.gov/28771350/
VURLRACCOCGFDB-UHFFFAOYSA-N	SRPK1	Inhibitor		nM	1	uM	EUbOPEN			biochemical	17.0	IC50	=	Biochemical activity assay (Reaction Biology)	https://pubs.acs.org/doi/full/10.1021/acs.jmedchem.2c01705
VURLRACCOCGFDB-UHFFFAOYSA-N	SRPK2	Inhibitor		nM	1	uM	EUbOPEN			biochemical	256.0	IC50	=	Biochemical activity assay (Reaction Biology)	https://pubs.acs.org/doi/full/10.1021/acs.jmedchem.2c01705
RUBYHLPRZRMTJO-UXBLZVDNSA-N	CDK13	Covalent inhibitor		nM	1	uM	EUbOPEN			biochemical	69.0	IC50	=	Radiometric kinase assay	https://www.nature.com/articles/nchembio.2166
VUVUVNZRUGEAHB-CYBMUJFWSA-N	BRD2	Inhibitor		nM	1	uM	EUbOPEN			biochemical	500.0	IC50	=	FP ligand displacement assays	https://pubmed.ncbi.nlm.nih.gov/21964340/
VUVUVNZRUGEAHB-CYBMUJFWSA-N	BRD3	Inhibitor		nM	1	uM	EUbOPEN			biochemical	250.0	IC50	=	FP ligand displacement assays	https://pubmed.ncbi.nlm.nih.gov/21964340/
VUVUVNZRUGEAHB-CYBMUJFWSA-N	BRD4	Inhibitor		nM	1	uM	EUbOPEN			biochemical	790.0	IC50	=	FP ligand displacement assays	https://pubmed.ncbi.nlm.nih.gov/21964340/
HBOJWAYLSJLULG-UHFFFAOYSA-N	CARM1@Methyltransferase	Inhibitor		nM	1	uM	EUbOPEN			biochemical	34.0	IC50	=	Biochemical assay (measuring transfer of the methyl group from 3H-SAM to the peptide substrates)	https://doi.org/10.1021/acs.jmedchem.6b01033
HBOJWAYLSJLULG-UHFFFAOYSA-N	PRMT6@Methyltransferase	Inhibitor		nM	1	uM	EUbOPEN			biochemical	43.0	IC50	=	Biochemical assay (measuring transfer of the methyl group from 3H-SAM to the peptide substrates)	https://doi.org/10.1021/acs.jmedchem.6b01033
QAPAJIZPZGWAND-UHFFFAOYSA-N	MAPK7	Inhibitor		nM	1	uM	EUbOPEN			biochemical	80.0	KD	=	ATP-binding displacement assay	https://doi.org/10.1016/j.ccr.2010.08.008
LIRYPHYGHXZJBZ-UHFFFAOYSA-N	MAP2K1	Inhibitor		nM	100	uM	EUbOPEN			biochemical	1.8	IC50	=	ELISA (Raf-MEK-ERK cascade kinase assay, activated with c-Raf, 10 µM ATP)	https://www.spandidos-publications.com/10.3892/ijo.2011.1015
LIRYPHYGHXZJBZ-UHFFFAOYSA-N	MAP2K2	Inhibitor		nM	100	uM	EUbOPEN			biochemical	0.92	IC50	=	ELISA (Raf-MEK-ERK cascade kinase assay, activated with c-Raf, 10 µM ATP)	https://www.spandidos-publications.com/10.3892/ijo.2011.1015
QYZOGCMHVIGURT-UHFFFAOYSA-N	AURKB	Active inhibitor of prodrug AZD1152		nM	100	uM	EUbOPEN			biochemical	0.37	Ki	=	Enzymatic assay	https://pubmed.ncbi.nlm.nih.gov/17026809/
AQGNHMOJWBZFQQ-UHFFFAOYSA-N	GSK3A	Inhibitor		nM	1	uM	EUbOPEN			biochemical	10.0	IC50	=	Enzymatic assay (phosphorylation of peptide substrate)	https://pubmed.ncbi.nlm.nih.gov/12606497/
AQGNHMOJWBZFQQ-UHFFFAOYSA-N	GSK3B	Inhibitor		nM	1	uM	EUbOPEN			biochemical	6.7	IC50	=	Enzymatic assay (phosphorylation of peptide substrate)	https://pubmed.ncbi.nlm.nih.gov/12606497/
CYOHGALHFOKKQC-UHFFFAOYSA-N	MAP2K1	Inhibitor		nM	1	uM	EUbOPEN			biochemical	99.0	Kd	=	Competition binding assay	https://doi.org/10.1038/nbt.1990
CYOHGALHFOKKQC-UHFFFAOYSA-N	MAP2K2	Inhibitor		nM	1	uM	EUbOPEN			biochemical	530.0	Kd	=	Competition binding assay	https://doi.org/10.1038/nbt.1990
HWUHTJIKQZZBRA-UHFFFAOYSA-N	AKT1	Allosteric inhibitor		nM	1	uM	EUbOPEN			biochemical	8.0	IC50	=	Enzyme activity assay	https://cancerres.aacrjournals.org/content/69/9_Supplement/DDT01-1
HWUHTJIKQZZBRA-UHFFFAOYSA-N	AKT2	Allosteric inhibitor		nM	1	uM	EUbOPEN			biochemical	12.0	IC50	=	Enzyme activity assay	https://cancerres.aacrjournals.org/content/69/9_Supplement/DDT01-1
HWUHTJIKQZZBRA-UHFFFAOYSA-N	AKT3	Allosteric inhibitor		nM	1	uM	EUbOPEN			biochemical	65.0	IC50	=	Enzyme activity assay	https://cancerres.aacrjournals.org/content/69/9_Supplement/DDT01-1
HXNUFFCHRIWTRZ-UHFFFAOYSA-N	MAPK11	Inhibitor		nM	1	uM	EUbOPEN			biochemical	32.0	IC50	=	Radiometric activity assay (ProQinase)	https://doi.org/10.1021/acs.jmedchem.9b01227
HXNUFFCHRIWTRZ-UHFFFAOYSA-N	MAPK14	Inhibitor		nM	1	uM	EUbOPEN			biochemical	5.0	IC50	=	Radiometric activity assay (ProQinase)	https://doi.org/10.1021/acs.jmedchem.9b01227
ZLHFILGSQDJULK-UHFFFAOYSA-N	STK6	Inhibitor		nM	100	uM	EUbOPEN			biochemical	1.2	IC50	=	Radioactive Flashplate assay	https://aacrjournals.org/clincancerres/article/17/24/7614/204920/Characterization-of-Alisertib-MLN8237-an
OLIIUAHHAZEXEX-UHFFFAOYSA-N	ROCK1	Inhibitor		nM	1	uM	EUbOPEN			biochemical	14.0	IC50	=	Scintillation Proximity Assay (SPA)	https://doi.org/10.1021/jm0609014,  https://doi.org/10.1042/BJ20091035
OLIIUAHHAZEXEX-UHFFFAOYSA-N	ROCK2	Inhibitor		nM	1	uM	EUbOPEN			biochemical	63.0	IC50	=	Enzymatic inhibition assay (100 µM ATP)	https://doi.org/10.1021/jm0609014,  https://doi.org/10.1042/BJ20091035
DEZZLWQELQORIU-UHFFFAOYSA-N	BRAF	Inhibitor		nM	100	uM	EUbOPEN			biochemical	0.13	IC50	=	Radiometric assay	https://doi.org/10.1016/j.bmcl.2008.07.002
FWLMVFUGMHIOAA-UHFFFAOYSA-N	PTK2	Inhibitor		nM	100	uM	EUbOPEN			biochemical	0.2	IC50	=	Binding assay	https://www.sgc-ffm.uni-frankfurt.de/#!specificprobeoverview/PF-04554878
FWLMVFUGMHIOAA-UHFFFAOYSA-N	PTK2B	Inhibitor		nM	100	uM	EUbOPEN			biochemical	0.2	IC50	=	Binding assay	https://www.sgc-ffm.uni-frankfurt.de/#!specificprobeoverview/PF-04554878
ZCCPLJOKGAACRT-UHFFFAOYSA-N	EPHA2	Inhibitor		nM	100	uM	EUbOPEN			biochemical	13.0	IC50	=	Microscale thermophoresis (MST) assay	https://doi.org/10.1002/cmdc.201800398
ZCCPLJOKGAACRT-UHFFFAOYSA-N	EPHB4	Inhibitor		nM	100	uM	EUbOPEN			biochemical	6.0	IC50	=	Microscale thermophoresis (MST) assay	https://doi.org/10.1002/cmdc.201800398
ISPBCAXOSOLFME-UHFFFAOYSA-N	MERTK	Inhibitor		nM	100	uM	EUbOPEN			biochemical	5.0	IC50	=	HTRF assay	https://doi.org/0.1038/nature12998
ISPBCAXOSOLFME-UHFFFAOYSA-N	TYRO3	Inhibitor		nM	100	uM	EUbOPEN			biochemical	8.0	IC50	=	HTRF assay	https://doi.org/0.1038/nature12998
ISPBCAXOSOLFME-UHFFFAOYSA-N	AXL	Inhibitor		nM	100	uM	EUbOPEN			biochemical	29.0	IC50	=	HTRF assay	https://doi.org/0.1038/nature12998
QLPHOXTXAKOFMU-WBVHZDCISA-N	PDPK1	Inhibitor		nM	1	uM	EUbOPEN			biochemical	2.5	IC50	=	Enzymatic inhibition assay	https://doi.org/10.1021/jm101527u
AXRCEOKUDYDWLF-UHFFFAOYSA-N	PRKCA	Inhibitor		nM	100	uM	EUbOPEN			biochemical	39.0	IC50	=	Filter-binding assays	https://doi.org/10.1158/0008-5472.CAN-05-0071
AXRCEOKUDYDWLF-UHFFFAOYSA-N	PRKCB	Inhibitor		nM	100	uM	EUbOPEN			biochemical	6.0	IC50	=	Filter-binding assays	https://doi.org/10.1158/0008-5472.CAN-05-0071
AXRCEOKUDYDWLF-UHFFFAOYSA-N	PRKCG	Inhibitor		nM	100	uM	EUbOPEN			biochemical	83.0	IC50	=	Filter-binding assays	https://doi.org/10.1158/0008-5472.CAN-05-0071
AXRCEOKUDYDWLF-UHFFFAOYSA-N	PRKCE	Inhibitor		nM	100	uM	EUbOPEN			biochemical	110.0	IC50	=	Filter-binding assays	https://doi.org/10.1158/0008-5472.CAN-05-0071
JIFCFQDXHMUPGP-UHFFFAOYSA-N	BTK	Inhibitor		nM	1	uM	EUbOPEN			biochemical	1.9	IC50	=	Lanthascreen assay (using 10 µM ATP)	https://pubmed.ncbi.nlm.nih.gov/21113169/
WULUGQONDYDNKY-UHFFFAOYSA-N	CDK8	Inhibitor		nM	100	uM	EUbOPEN			biochemical	1.0	IC50	=	Lantha screen (CDK8/cyclinC inhibition)	https://opnme.com/molecules/cdk8-bi-1347
ODRITQGYYWHQGM-INIZCTEOSA-N	CDK8	Negative control for BI-1347		nM	100	uM	EUbOPEN			biochemical	671.0	IC50	=	Lantha screen (CDK8/cyclinC inhibition)	https://opnme.com/molecules/cdk8-bi-1347
OINGHOPGNMYCAB-INIZCTEOSA-N	PAK1	Allosteric inhibitor		nM	1	uM	EUbOPEN			biochemical	6.0	IC50	=	Caliper in vitro assay	https://www.thesgc.org/chemical-probes/nvs-pak1-1
UCBIQZUJJSVQHL-UHFFFAOYSA-N	AAK1	Inhibitor		nM	1	uM	EUbOPEN			biochemical	9.1	Ki	=	TR-FRET binding-displacement assays	https://doi.org/10.1021/acsmedchemlett.9b00399,  https://www.thesgc.org/chemical-probes/SGC-AAK1-1
UCBIQZUJJSVQHL-UHFFFAOYSA-N	BMP2K	Inhibitor		nM	1	uM	EUbOPEN			biochemical	17.0	Ki	=	TR-FRET binding-displacement assays	https://doi.org/10.1021/acsmedchemlett.9b00399,  https://www.thesgc.org/chemical-probes/SGC-AAK1-1
TXIYVFVMXNFNRX-UHFFFAOYSA-N	CAMKK2	Inhibitor		nM	1	uM	EUbOPEN			biochemical	30.0	IC50	=	Enzymatic activity assay	https://www.thesgc.org/chemical-probes/SGC-CAMKK2-1
XQVVPGYIWAGRNI-JOCHJYFZSA-N	PLK1	Inhibitor		nM	1	uM	EUbOPEN			biochemical	0.19	Kd	=	ITC	https://doi.org/ 10.1021/acs.jmedchem.8b01947
XQVVPGYIWAGRNI-JOCHJYFZSA-N	BRD4	Inhibitor		nM	1	uM	EUbOPEN			biochemical	37.0	Kd	=	ITC	https://doi.org/ 10.1021/acs.jmedchem.8b01947
YRDHKIFCGOZTGD-UHFFFAOYSA-N	STK3	Inhibitor		nM	100	uM	EUbOPEN			biochemical	11.0	Kd	=	Competition binding assay (DiscoverX)	https://doi.org/10.1126/scitranslmed.aaf2304
YRDHKIFCGOZTGD-UHFFFAOYSA-N	STK4	Inhibitor		nM	100	uM	EUbOPEN			biochemical	17.0	Kd	=	Competition binding assay (DiscoverX)	https://doi.org/10.1126/scitranslmed.aaf2304
OFWWWKWUCDUISA-UHFFFAOYSA-N	BRD1@BRD	Inhibitor		nM	1	uM	EUbOPEN			biochemical	67.0	IC50	=	TR-FRET assay	https://doi.org/10.1021/acs.jmedchem.7b00306
OFWWWKWUCDUISA-UHFFFAOYSA-N	TAF1@BD2	Inhibitor		nM	1	uM	EUbOPEN			biochemical	8.0	IC50	=	TR-FRET assay	https://doi.org/10.1021/acs.jmedchem.7b00306
RRZVGDGTWNQAPW-UHFFFAOYSA-N	BAZ2A@BRD	Inhibitor		nM	1	uM	EUbOPEN			biochemical	109.0	Kd	=	ITC	https://doi.org/10.1021/jm501963e,  https://www.thesgc.org/chemical-probes/BAZ2-ICR
RRZVGDGTWNQAPW-UHFFFAOYSA-N	BAZ2B@BRD	Inhibitor		nM	1	uM	EUbOPEN			biochemical	170.0	Kd	=	ITC	https://doi.org/10.1021/jm501963e,  https://www.thesgc.org/chemical-probes/BAZ2-ICR
ABGOSOMRWSYAOB-UHFFFAOYSA-N	SUV420H1@Methyltransferase	Inhibitor		nM	1	uM	EUbOPEN			biochemical	25.0	IC50	=	Scintillation proximity assay (SPA)	https://doi.org/10.1038/nchembio.2282,  https://www.thesgc.org/chemical-probes/A-196
ABGOSOMRWSYAOB-UHFFFAOYSA-N	SUV420H2@Methyltransferase	Inhibitor		nM	1	uM	EUbOPEN			biochemical	144.0	IC50	=	Scintillation proximity assay (SPA)	https://doi.org/10.1038/nchembio.2282,  https://www.thesgc.org/chemical-probes/A-196
RNAMYOYQYRYFQY-UHFFFAOYSA-N	EHMT1/GLP@Methyltransferase	Inhibitor		nM	1	uM	EUbOPEN			biochemical	2.5	IC50		Enzymatic activity assay	https://doi.org/10.1021/jm401480r,  https://www.thesgc.org/chemical-probes/UNC0642
RNAMYOYQYRYFQY-UHFFFAOYSA-N	EHMT2/G9a@Methyltransferase	Inhibitor		nM	1	uM	EUbOPEN			biochemical	2.5	IC50		Enzymatic activity assay	https://doi.org/10.1021/jm401480r,  https://www.thesgc.org/chemical-probes/UNC0642
YKNAKDFZAWQEEO-IBGZPJMESA-N	CREBBP@BRD	Inhibitor		nM	1	uM	EUbOPEN			biochemical	151.0	Kd	=	ITC	https://aacrjournals.org/cancerres/article/75/23/5106/606315/Generation-of-a-Selective-Small-Molecule-Inhibitor,  https://www.thesgc.org/chemical-probes/I-CBP112
YKNAKDFZAWQEEO-IBGZPJMESA-N	EP300@BRD	Inhibitor		nM	1	uM	EUbOPEN			biochemical	625.0	Kd	=	ITC	https://aacrjournals.org/cancerres/article/75/23/5106/606315/Generation-of-a-Selective-Small-Molecule-Inhibitor,  https://www.thesgc.org/chemical-probes/I-CBP112
ZADKZNVAJGEFLC-ZMBIFBSDSA-N	SETD7	Inhibitor		nM	1	uM	EUbOPEN			biochemical	2.0	IC50	=	Scintillation proximity assay (SPA)	https://doi.org/10.1073/pnas.1407358111,  https://www.thesgc.org/chemical-probes/PFI-2
DMIDPTCQPIJYFE-UHFFFAOYSA-N	PRMT3@Methyltransferase	Allosteric inhibitor		nM	1	uM	EUbOPEN			biochemical	85.0	Kd	=	SPR	https://doi.org/10.1002/anie.201412154,  https://www.thesgc.org/chemical-probes/SGC707
TWKYXZSXXXKKJU-FQEVSTJZSA-N	PRMT5	Inhibitor		nM	1	uM	EUbOPEN			biochemical	4.0	IC50	=	HTRF assay (monomethylation of H4R3 on a histone H4 peptide by PRMT5:MEP50)	https://doi.org/10.1021/acsmedchemlett.5b00380
INAICWLVUAKEPB-QSTFCLMHSA-N	PBRM1@BRD	Inhibitor		nM	1	uM	EUbOPEN			biochemical	48.0	Kd	=	ITC	https://www.thesgc.org/chemical-probes/PFI-3
INAICWLVUAKEPB-QSTFCLMHSA-N	SMARCA2@BRD	Inhibitor		nM	1	uM	EUbOPEN			biochemical	89.0	Kd	=	ITC	https://www.thesgc.org/chemical-probes/PFI-3
XVECNLUKQDKOST-UHFFFAOYSA-N	CECR2@BRD	Inhibitor		nM	1	uM	EUbOPEN			biochemical	80.0	Kd	=	ITC	https://www.thesgc.org/chemical-probes/NVS-CECR2-1
UEMQPCYDWCSVCU-UHFFFAOYSA-N	BRPF1@BRD	Inhibitor		nM	1	uM	EUbOPEN			biochemical	114.0	IC50	=	AlphaScreen	www.thesgc.org/chemical-probes/NI-57
UEMQPCYDWCSVCU-UHFFFAOYSA-N	BRD1@BRD	Inhibitor		nM	1	uM	EUbOPEN			biochemical	619.0	IC50	=	AlphaScreen	www.thesgc.org/chemical-probes/NI-57
UEMQPCYDWCSVCU-UHFFFAOYSA-N	BRPF3@BRD	Inhibitor		nM	1	uM	EUbOPEN			biochemical	1010.0	IC50	=	AlphaScreen	www.thesgc.org/chemical-probes/NI-57
AUOSKLDNVNGKRR-UHFFFAOYSA-N	GAK	Inhibitor		nM	1	uM	EUbOPEN			biochemical	1.9	Kd	=	Competition binding assay (DiscoverX)	https://doi.org/10.1021/acs.jmedchem.8b01213
GEPYBHCJBORHCE-SFHVURJKSA-N	CREBBP@BRD	Inhibitor		nM	1	uM	EUbOPEN			biochemical	21.0	Kd	=	ITC	https://doi.org/10.1073/pnas.1501956112,  https://www.thesgc.org/chemical-probes/CBP30
GEPYBHCJBORHCE-SFHVURJKSA-N	EP300@BRD	Inhibitor		nM	1	uM	EUbOPEN			biochemical	38.0	Kd	=	ITC	https://doi.org/10.1073/pnas.1501956112,  https://www.thesgc.org/chemical-probes/CBP30
DPJNKUOXBZSZAI-UHFFFAOYSA-N	EZH1@Methyltransferase	Inhibitor		nM	1	uM	EUbOPEN			biochemical	45.0	IC50	=	Radiometric kinase assay	https://doi.org/10.1021/cb400133j,  https://www.thesgc.org/chemical-probes/UNC1999
DPJNKUOXBZSZAI-UHFFFAOYSA-N	EZH2@Methyltransferase	Inhibitor		nM	1	uM	EUbOPEN			biochemical	2.0	IC50	=	Radiometric kinase assay	https://doi.org/10.1021/cb400133j,  https://www.thesgc.org/chemical-probes/UNC1999
DJOVLOYCGXNVPI-UHFFFAOYSA-N	WDR5	Antagonist		nM	1	uM	EUbOPEN			biochemical	24.0	Kd	=	Biacore	https://www.thesgc.org/chemical-probes/OICR-9429
BKCDJTRMYWSXMC-UHFFFAOYSA-N	EHMT1/GLP@Methyltransferase	Inhibitor		nM	1	uM	EUbOPEN			biochemical	38.0	IC50	=	Scintillation proximity assay (SPA)	https://doi.org/10.1021/ml400496h,  https://www.thesgc.org/chemical-probes/A-366
BKCDJTRMYWSXMC-UHFFFAOYSA-N	EHMT2/G9a@Methyltransferase	Inhibitor		nM	1	uM	EUbOPEN			biochemical	3.0	IC50	=	Scintillation proximity assay (SPA)	https://doi.org/10.1021/ml400496h,  https://www.thesgc.org/chemical-probes/A-366
PJFZOGMSPBHPNS-WICJZZOFSA-N	KDM1A/LSD1@Demethylase	Irreversible, mechanism based inhibitor		nM	100	uM	EUbOPEN			biochemical	16.0	IC50	=	Enzyme inhibition assay	https://www.thesgc.org/chemical-probes/GSK-LSD1
PQOOIERVZAXHBP-UHFFFAOYSA-N	L3MBTL3@MBT1	Antagonist		nM	1	uM	EUbOPEN			biochemical	40.0	IC50	=	AlphaScreen assay	https://doi.org/10.1038/nchembio.1157,  https://www.thesgc.org/chemical-probes/UNC1215
ULNXAWLQFZMIHX-UHFFFAOYSA-N	EZH2@Methyltransferase	Inhibitor		nM	1	uM	EUbOPEN			biochemical	1.2	Ki,app	=	Enzyme inhibition assay	https://doi.org/10.1021/ml3003346
IQCKJUKAQJINMK-HUBRGWSESA-N	DOT1L@Methyltransferase	Inhibitor		nM	1	uM	EUbOPEN			biochemical	0.3	IC50	=	Radioactive enzyme assay	https://doi.org/10.1038/ncomms2304,  https://www.thesgc.org/chemical-probes/SGC0946
WBKCKEHGXNWYMO-UHFFFAOYSA-N	KDM6A/UTX@Demethylase	Pro-drug of GSK-J1		nM	100	uM	EUbOPEN			biochemical	6600.0	IC50	=	AlphaLISA based assay	https://doi.org/10.1038/nature13688
MSFPLTWUFWOKBX-IFXJQAMLSA-N	KAT2B@BRD	Inhibitor		nM	1	uM	EUbOPEN			biochemical	48.0	IC50	=	BROMOscan assay (DiscoverX)	https://www.thesgc.org/chemical-probes/L-Moses
MSFPLTWUFWOKBX-IFXJQAMLSA-N	KAT2A@BRD	Inhibitor		nM	1	uM	EUbOPEN			biochemical	220.0	IC50	=	BROMOscan assay (DiscoverX)	https://www.thesgc.org/chemical-probes/L-Moses
REVJNSVNICWODC-KIDMSAQOSA-N	EED	Inhibitor		nM	100	uM	EUbOPEN			biochemical	0.4	Ki	=	TR-FRET binding assay	https://www.nature.com/articles/nchembio.2306
OTTJIRVZJJGFTK-SFHVURJKSA-N	SMYD2	Inhibitor		nM	1	uM	EUbOPEN			biochemical	27.0	IC50		Scintillation proximity assay	https://pubs.acs.org/doi/10.1021/acs.jmedchem.5b01890
CKFRXCBNKKOFGO-IGEOTXOUSA-N	SMYD3@Methyltransferase	Peptide-competitive inhibitor		nM	1	uM	EUbOPEN			biochemical	88.0	IC50	=	Scintillation proximity assay (SPA)	https://www.thesgc.org/chemical-probes/BAY-6035
KHWCPNJRJCNVRI-UHFFFAOYSA-N	BAZ2A@BRD	Inhibitor		nM	1	uM	EUbOPEN			biochemical	400.0	IC50	=	AlphaScreen assay	https://doi.org/10.1021/acs.jmedchem.5b00209
KHWCPNJRJCNVRI-UHFFFAOYSA-N	BAZ2B@BRD	Inhibitor		nM	1	uM	EUbOPEN			biochemical	430.0	IC50	=	AlphaScreen assay	https://doi.org/10.1021/acs.jmedchem.5b00209
QCIJLRJBZDBVDB-UHFFFAOYSA-N	BRPF1@BRD	Inhibitor		nM	1	uM	EUbOPEN			biochemical	7.9	IC50	=	TR-FRET assay	https://doi.org/10.1021/acsmedchemlett.6b00092
QCIJLRJBZDBVDB-UHFFFAOYSA-N	BRPF1@BRD	Inhibitor		nM	1	uM	EUbOPEN			biochemical	13.0	Kd	=	ITC	https://www.thesgc.org/chemical-probes/PFI-4
QCIJLRJBZDBVDB-UHFFFAOYSA-N	BRD1@BRD	Inhibitor		nM	1	uM	EUbOPEN			biochemical	775.0	Kd	=	ITC	https://www.thesgc.org/chemical-probes/PFI-4
DUCNNEYLFOQFSW-PMERELPUSA-N	IDH1(R132C)	Inhibitor		nM	1	uM	EUbOPEN			biochemical	8.8	IC50	=	Biochemical assay (NADPH oxidation)	https://www.nature.com/articles/nchembio.1930
DUCNNEYLFOQFSW-PMERELPUSA-N	IDH1(R132H)	Inhibitor		nM	1	uM	EUbOPEN			biochemical	15.2	IC50	=	Biochemical assay (NADPH oxidation)	https://www.nature.com/articles/nchembio.1930
DUCNNEYLFOQFSW-PMERELPUSA-N	IDH1(R132G)	Inhibitor		nM	1	uM	EUbOPEN			biochemical	16.6	IC50	=	Biochemical assay (NADPH oxidation)	https://www.nature.com/articles/nchembio.1930
WWOOWAHTEXIWBO-QFRSUPTLSA-N	PRMT5	Inhibitor		nM	1	uM	EUbOPEN			biochemical	22.0	IC50	=	Radioactivity-based assay (measuring transfer of the methyl group from 3H-SAM to peptide substrate)	https://doi.org/10.1021/acsmedchemlett.8b00014,  https://www.thesgc.org/chemical-probes/LLY-283
LVDRREOUMKACNJ-BKMJKUGQSA-N	BRD7	Inhibitor		nM	1	uM	EUbOPEN			biochemical	909.0	Kd	=	ITC	https://onlinelibrary.wiley.com/doi/10.1002/anie.201501394
LVDRREOUMKACNJ-BKMJKUGQSA-N	BRD9	Inhibitor		nM	1	uM	EUbOPEN			biochemical	99.0	Kd	=	ITC	https://www.thesgc.org/chemical-probes/LP99
LVDRREOUMKACNJ-BKMJKUGQSA-N	EGLN1	Inhibitor		nM	1	uM	EUbOPEN			biochemical	22.0	IC50		AlphaScreen assay	https://www.thesgc.org/chemical-probes/IOX2
VUIITYLFSAXKIQ-UHFFFAOYSA-N	CARM1	Inhibitor		nM	1	uM	EUbOPEN			biochemical	10.0	IC50		Scintillation proximity assay (SPA)	https://www.oncotarget.com/article/24883/text/
RPBMXJHQYJLPDN-UHFFFAOYSA-N	BRD9@BRD	Inhibitor		nM	1	uM	EUbOPEN			biochemical	33.0	Kd	=	ITC	https://www.thesgc.org/chemical-probes/TP-472
VNCIWNGCMAKKEO-UHFFFAOYSA-N	LIMK1	Allosteric inhibitor		nM	1	uM	EUbOPEN			biochemical	84.0	IC50	=	RapidFire MS assay	https://www.thesgc.org/chemical-probes/TH-257
VNCIWNGCMAKKEO-UHFFFAOYSA-N	LIMK2	Allosteric inhibitor		nM	1	uM	EUbOPEN			biochemical	39.0	IC50	=	RapidFire MS assay	https://www.thesgc.org/chemical-probes/TH-257
NZYTZRHHBAJPKN-UHFFFAOYSA-N	PRDM9	Inhibitor		nM	1	uM	EUbOPEN			biochemical	80.0	IC50	=	Scintillation proximity assay (SPA)	https://doi.org/10.1038/s41467-019-13652-x,  https://www.thesgc.org/chemical-probes/MRK-740
MLJVGAYSVYMPSB-MSUKGTQXSA-N	PRMT7	Pro-drug of SGC8158		nM	1	uM	EUbOPEN			biochemical	294.0	IC50	=	Radioactive activity assay (PRMT methylation of HSPA8, values for active compound SGC8158)	https://www.ncbi.nlm.nih.gov/pmc/articles/PMC7224190/
HXKJJIMUMNPQQY-UHFFFAOYSA-N	MAP4K2	Inhibitor		nM	1	uM	EUbOPEN			biochemical	37.0	IC50	=	Enzymatic inhibition assay	https://doi.org/10.1021/jm500480k
NVGROBHDOYRPAN-FPTDNZKUSA-N	MALT1	Allosteric inhibitor		nM	1	uM	EUbOPEN			biochemical	2.4	IC50	=	TR-FRET assay (high salt)	https://www.sgc-ffm.uni-frankfurt.de/#!specificprobeoverview/NVS-MALT1
BFTKDWYIRJGJCA-CYBMUJFWSA-N	CREBBP@BRD	Inhibitor		nM	1	uM	EUbOPEN			biochemical	30.0	IC50	=	TR-FRET binding assay (CBP bromodomain)	https://pubs.acs.org/doi/10.1021/acsmedchemlett.6b00075
BFTKDWYIRJGJCA-CYBMUJFWSA-N	EP300@BRD	Inhibitor		nM	1	uM	EUbOPEN			biochemical	51.0	IC50	=	TR-FRET binding assay (EP300 bromodomain)	https://pubs.acs.org/doi/10.1021/acsmedchemlett.6b00075
OEDSFMUSNZDJFD-UHFFFAOYSA-N	BRD4@BD2	Inhibitor		nM	1	uM	EUbOPEN			biochemical	1.6	Ki		TR-FRET binding assay (BD2)	https://pubs.acs.org/doi/10.1021/acs.jmedchem.0c00628
OEDSFMUSNZDJFD-UHFFFAOYSA-N	BRD2@BD2	Inhibitor		nM	1	uM	EUbOPEN			biochemical	4.6	Ki		TR-FRET binding assay (BD2)	https://pubs.acs.org/doi/10.1021/acs.jmedchem.0c00628
OEDSFMUSNZDJFD-UHFFFAOYSA-N	BRD3@BD2	Inhibitor		nM	1	uM	EUbOPEN			biochemical	4.9	Ki		TR-FRET binding assay (BD2)	https://pubs.acs.org/doi/10.1021/acs.jmedchem.0c00628
OEDSFMUSNZDJFD-UHFFFAOYSA-N	BRDT@BD2	Inhibitor		nM	1	uM	EUbOPEN			biochemical	1.0	Ki		TR-FRET binding assay (BD2)	https://pubs.acs.org/doi/10.1021/acs.jmedchem.0c00628
WRUWGLUCNBMGPS-UHFFFAOYSA-N	BRD9@BRD	Inhibitor		nM	1	uM	EUbOPEN			biochemical	50.1	IC50	=	Time-Resolved FRET assay	https://doi.org/10.1021/acs.jmedchem.5b00256,  https://www.thesgc.org/chemical-probes/I-BRD9
QXURFIGBRGWPQD-UHFFFAOYSA-N	MAPK7	Inhibitor		nM	1	uM	EUbOPEN			biochemical	35.0	IC50	=	TR-FRET assay (250 µM ATP)	https://doi.org/10.1021/acs.jmedchem.8b01606,  https://www.sgc-ffm.uni-frankfurt.de/#!specificprobeoverview/BAY-885
JYTISQGEFSHUIR-UHFFFAOYSA-N	BPTF@BRD	Inhibitor		nM	1	uM	EUbOPEN			biochemical	71.0	Kd	=	BioLayer Interferometry assay (BLI)	https://doi.org/10.1016/j.bmcl.2021.128208,  https://www.thesgc.org/chemical-probes/NVS-BPTF-1
IQCHVVCQDZOLHI-UHFFFAOYSA-N	CARM1	Negative control for TP-064		nM	1	uM	EUbOPEN			biochemical	2500.0	IC50	=	Scintillation proximity assay (SPA)	https://www.oncotarget.com/article/24883/text/,  https://www.thesgc.org/chemical-probes/TP-064
VZAFGXCWAWRULT-UONOGXRCSA-N	KAT2B@BRD	Inhibitor		nM	1	uM	EUbOPEN			biochemical	1.4	Ki	=	Bromoscan assay(DiscoverX)	https://doi.org/10.1021/acs.jmedchem.6b01566,  https://www.thesgc.org/chemical-probes/GSK4027
VZAFGXCWAWRULT-UONOGXRCSA-N	KAT2A@BRD	Inhibitor		nM	1	uM	EUbOPEN			biochemical	1.4	Ki	=	Bromoscan assay(DiscoverX)	https://doi.org/10.1021/acs.jmedchem.6b01566,  https://www.thesgc.org/chemical-probes/GSK4027
SOYCFODXNRVBTI-UHFFFAOYSA-N	BCL2L1	Inhibitor		nM	1	uM	EUbOPEN			biochemical	0.55	IC50	=	TR-FRET assay	https://www.sgc-ffm.uni-frankfurt.de/#!specificprobeoverview/A-1155463
CSBKUBOVPUXFLO-MAVVKCOWSA-N	BCL2	Inhibitor		nM	1	uM	EUbOPEN			biochemical	1.4	IC50	=	TR-FRET assay	https://doi.org/10.1126/scitranslmed.aaa4642,  https://www.sgc-ffm.uni-frankfurt.de/#!specificprobeoverview/A-1211212
YDPMMWAOCCOULO-JBRSBNLGSA-N	ATAD2	Inhibitor		nM	1	uM	EUbOPEN			biochemical	50.1	IC50	=	TR-FRET binding assay	https://onlinelibrary.wiley.com/doi/10.1002/anie.201603928
YDPMMWAOCCOULO-JBRSBNLGSA-N	ATAD2B	Inhibitor		nM	1	uM	EUbOPEN			biochemical	20.0	IC50	=	TR-FRET binding assay	https://onlinelibrary.wiley.com/doi/10.1002/anie.201603928
WOAOENGFAAUUGT-UHFFFAOYSA-N	NSD3@PWWP1	Inhibitor		nM	1	uM	EUbOPEN			biochemical	203.0	IC50	=	TR-FRET binding assay (NSD3-PWWP1)	https://www.nature.com/articles/s41589-019-0310-x
SFZHMKDAVPIXRB-UHFFFAOYSA-N	NSD3@PWWP1	Negative control for BI-9321		nM	1	uM	EUbOPEN			biochemical	120000.0	IC50	=	TR-FRET binding assay (NSD3-PWWP1)	https://www.nature.com/articles/s41589-019-0310-x
NIPTUMFVYBXSMZ-JOCHJYFZSA-N	PRMT6	Allosteric inhibitor		nM	1	uM	EUbOPEN			biochemical	77.0	IC50	=	Radioactive biochemical assay	https://pubs.acs.org/doi/10.1021/acs.jmedchem.0c02160
NIPTUMFVYBXSMZ-QFIPXVFZSA-N	PRMT6	Negative control for SGC6870		nM	1	uM	EUbOPEN			biochemical	50000.0	IC50	>	Radioactive biochemical assay	https://pubs.acs.org/doi/10.1021/acs.jmedchem.0c02160
FKMVYPCBLWYNAV-UHFFFAOYSA-N	P2RY14	Antagonist		nM	100	uM	EUbOPEN			biochemical	0.5	IC50	=	FLIPR assay	https://www.sgc-ffm.uni-frankfurt.de/#!specificprobeoverview/PPTN
FKMVYPCBLWYNAV-UHFFFAOYSA-N	P2RY14	Antagonist		nM		uM	EUbOPEN			biochemical	7.94	IC50	=	Antagonist activity human P2Y14R expressed in African green monkey COS7 cells assessed as inhibition of UDPG-induced [3H]inositol phosphate accumulation after 30 mins by liquid scintillation counting method	27331270
JNAABFZPXJJMPX-UHFFFAOYSA-N	DHODH	Inhibitor		nM	100	uM	EUbOPEN			biochemical	25.0	IC50	=	Activity assay	https://www.sgc-ffm.uni-frankfurt.de/#!specificprobeoverview/IPP/CNRS-A017
ZRTFTZCKJUNZIU-HNNXBMFYSA-N	MLLT1	Inhibitor		nM	1	uM	EUbOPEN			biochemical	150.0	IC50	=	AlphaScreen assay	https://www.thesgc.org/chemical-probes/NVS-MLLT-1
ZRTFTZCKJUNZIU-HNNXBMFYSA-N	MLLT3	Inhibitor		nM	1	uM	EUbOPEN			biochemical	254.0	IC50	=	AlphaScreen assay	https://www.thesgc.org/chemical-probes/NVS-MLLT-1
OAEWNSKRLBVVBV-OBTVHEKISA-N	FNTB	Inhibitor		nM	1	uM	EUbOPEN			biochemical	0.05	IC50	=	Scintillation proximity assay (SPA)	https://doi.org/10.1097/00001813-200511000-00004,  https://www.sgc-ffm.uni-frankfurt.de/#!specificprobeoverview/ABT-100
FWONKSVKZWQNPN-RTWAWAEBSA-N	F2R	Antagonist		nM	100	uM	EUbOPEN			biochemical	56.0	IC50	=	Binding assay (platelet membranes)	https://www.sgc-ffm.uni-frankfurt.de/#!specificprobeoverview/BAY-386
QKVFMAAIXZONRN-UHFFFAOYSA-N	MET	Inhibitor		nM	1	uM	EUbOPEN			biochemical	1.0	IC50		Homogeneous Time Resolved Fluorescence Assay	https://www.sgc-ffm.uni-frankfurt.de/#!specificprobeoverview/BAY-474
YNFDIGJKJPNFFD-SJORKVTESA-N	FASN	Inhibitor		nM	1	uM	EUbOPEN			biochemical	79.0	IC50	=	Human FAS enzyme assay (measuring consumption of NADPH)	https://doi.org/10.1016/j.bmcl.2011.07.083,  https://www.sgc-ffm.uni-frankfurt.de/#!specificprobeoverview/BI%2099179
QMHRLXNEGYTSRV-UHFFFAOYSA-N	SLC9A1	Antagonist		nM	1	uM	EUbOPEN			biochemical	6.0	IC50	=	pHi change assay	https://www.sgc-ffm.uni-frankfurt.de/#!orderview/BI-9627
VHSIAYLBCLUAFT-UHFFFAOYSA-N	CNR1	Inverse agonist		nM	1	uM	EUbOPEN			biochemical	7.5	IC50	=	Radioligand binding assay	https://doi.org/10.1021/acs.jmedchem.9b01460,  https://www.sgc-ffm.uni-frankfurt.de/#!specificprobeoverview/MRL-650
JTCAGRAKUAAYDY-OAHLLOKOSA-N	PTGDR2	Antagonist		nM	100	uM	EUbOPEN			biochemical	2.5	Ki	=	Prostanoid receptor binding assay	https://doi.org/10.1016/j.bmcl.2010.11.015,  https://www.sgc-ffm.uni-frankfurt.de/#!specificprobeoverview/CRTH%3Csub%3E2%3C/sub%3E%20antagonist
RAXZSEGXMBWYQK-SNVBAGLBSA-N	MAPK1	Inhibitor		nM	1	uM	EUbOPEN			biochemical	4.8	Kd	=	KdELECT (DiscoverX)	https://www.sgc-ffm.uni-frankfurt.de/chemProbes#!specificprobeoverview/ERKi
RAXZSEGXMBWYQK-SNVBAGLBSA-N	MAPK3	Inhibitor		nM	1	uM	EUbOPEN			biochemical	1.5	Kd	=	KdELECT (DiscoverX)	https://www.sgc-ffm.uni-frankfurt.de/chemProbes#!specificprobeoverview/ERKi
PIRKVXKOMRREFI-FVGYRXGTSA-N	ADRA1D	Antagonist		nM	1	uM	EUbOPEN			biochemical	1.6	Ki	=	Binding assay	https://doi.org/10.1021/acs.jmedchem.5b01528,  https://www.sgc-ffm.uni-frankfurt.de/#!specificprobeoverview/(R)-9s
GBAKVEWPYUIGHN-UHFFFAOYSA-N	MIF	Activator		nM	1	uM	EUbOPEN			biochemical	68.6	Kd	=	Scintillation proximity assay (SPA; measurement of selective [83H]-BTZO-1 binding to human MIF-His)	https://doi.org/10.1016/j.chembiol.2010.10.011,  https://www.sgc-ffm.uni-frankfurt.de/#!specificprobeoverview/BTZO-1
RPMGXDCRCWWCRY-SNVBAGLBSA-N	NUDT1	Inhibitor		nM	1	uM	EUbOPEN			biochemical	2.3	IC50	=	PPiLight Biochemical Assay (full-length human NUDT1)	https://doi.org/10.1021/acschembio.7b00370,  https://www.sgc-ffm.uni-frankfurt.de/#!specificprobeoverview/BAY-707
BNTAEJNPQLMGDJ-NSHDSACASA-N	METAP2	Inhibitor		nM	1	uM	EUbOPEN			biochemical	7.0	IC50	=	Biochemical activity assay (addition of Mn)	https://www.sgc-ffm.uni-frankfurt.de/#!specificprobeoverview/TP-004,  https://doi.org/10.1016/j.bmcl.2016.04.073
BXNMZRPTQFVRFA-QGZVFWFLSA-N	TRPM8	Antagonist		nM	1	uM	EUbOPEN			biochemical	181.0	IC50	=	FLIPR assay	https://doi.org/10.1021/ml500479v,  https://www.sgc-ffm.uni-frankfurt.de/#!specificprobeoverview/PF-05105679
HZRJHVDNTDBTOZ-QGZVFWFLSA-N	TBK1	Inhibitor		nM	1	uM	EUbOPEN			biochemical	2.0	IC50	=	TR-FRET-based kinase activity inhibition assay (1 µM ATP)	https://doi.org/10.1021/acs.jmedchem.9b01460
HZRJHVDNTDBTOZ-QGZVFWFLSA-N	IKBKE	Inhibitor		nM	1	uM	EUbOPEN			biochemical	2.0	IC50	=	TR-FRET-based kinase activity inhibition assay (1 µM ATP)	https://doi.org/10.1021/acs.jmedchem.9b01460
BATCTBJIJJEPHM-UHFFFAOYSA-N	FAAH	Covalent inhibitor		nM	1	uM	EUbOPEN			biochemical	7.2	IC50	=	Glutamate dehydrogenase-coupled FAAH assay (preincubation time 60 min)	https://doi.org/10.1124/jpet.111.180257,  https://www.sgc-ffm.uni-frankfurt.de/#!specificprobeoverview/PF-04457845
MMPAULQSJLVKHP-UHFFFAOYSA-N	TRPA1	Antagonist		nM	1	uM	EUbOPEN			biochemical	67.0	IC50	=	FLIPR-based Ca2+ assay (activated by 30 µM AITC)	https://doi.org/10.1124/jpet.111.189902, https://www.sgc-ffm.uni-frankfurt.de/#!specificprobeoverview/A-079
JZTTUZXIQIRVAB-FZEVHQGJSA-N	ITGAL	Inhibitor		nM	100	uM	EUbOPEN			biochemical	9.0	Kd	=	ITGAL binding assay (inhibition of LFA-1 binding to ICAM-1)	https://www.sgc-ffm.uni-frankfurt.de/#!specificprobeoverview/BI-1950
OZFFKOSQNBBYCA-UHFFFAOYSA-N	RPS6KA1	Inhibitor		nM	100	uM	EUbOPEN			biochemical	9.1	IC50	=	Enzymatic inhibition assay	https://www.sgc-ffm.uni-frankfurt.de/chemProbes#!specificprobeoverview/BAY-3827
OZFFKOSQNBBYCA-UHFFFAOYSA-N	PRKAA1	Inhibitor		nM	100	uM	EUbOPEN			biochemical	7.0	IC50	=	Enzymatic inhibition assay	https://www.sgc-ffm.uni-frankfurt.de/chemProbes#!specificprobeoverview/BAY-3827
HSCQDYRIKMDIJX-UHFFFAOYSA-N	TGFBR1	Inhibitor		nM	1	uM	EUbOPEN			biochemical	25.0	IC50	=	Lathascreen (Takeda)	https://www.sgc-ffm.uni-frankfurt.de/#!specificprobeoverview/TP-008
HSCQDYRIKMDIJX-UHFFFAOYSA-N	ACVR1B	Inhibitor		nM	1	uM	EUbOPEN			biochemical	126.0	IC50	=	Radioactive kinase assay (ACVR1B)	https://www.sgc-ffm.uni-frankfurt.de/#!specificprobeoverview/TP-008
AUIFRJWXYUNPPV-QFIPXVFZSA-N	NR3C1	Agonist		nM	1	uM	EUbOPEN			biochemical	55.0	IC50	=	Fluorescence polarization assay	https://doi.org/10.1021/ml500387y,  https://www.sgc-ffm.uni-frankfurt.de/#!specificprobeoverview/BI%20653048
CYFBRQHYEQKYHH-MRXNPFEDSA-N	NR3C1	Agonist		nM	1	uM	EUbOPEN			biochemical	55.0	IC50		Fluorescence polarization assay	https://pubmed.ncbi.nlm.nih.gov/25516791/
VSZRYLHBOKTNBO-UHFFFAOYSA-N	MGAT2	Inhibitor		nM	1	uM	EUbOPEN			biochemical	7.8	IC50	=	RapidFire/MS assay 	https://doi.org/10.1016/j.bmc.2015.06.003,  https://www.sgc-ffm.uni-frankfurt.de/#!specificprobeoverview/TP-020
RRELDGDKULRRDM-UHFFFAOYSA-N	BCL6	Inhibitor		nM	1	uM	EUbOPEN			biochemical	100.0	IC50	=	Cell-free enzyme-linked immunosorbent assay (ELISA)	https://www.sgc-ffm.uni-frankfurt.de/#!specificprobeoverview/TP-021,  https://doi.org/10.1016/j.bmc.2017.07.037
ZDOBSAPHUUUOHX-OSYLJGHBSA-N	ENPP2	Inhibitor		nM	1	uM	EUbOPEN			biochemical	2.2	IC50	=	Biochemical assay (LPA measurement)	https://www.sgc-ffm.uni-frankfurt.de/#!specificprobeoverview/BI-2545
WJXNVDYYZYLOAF-GILVJNHZSA-N	HCV:NS3	Negative control for BI-1230		nM	100	uM	EUbOPEN			biochemical	4870.0	IC50		Enzymatic assay (using a NS3-NS4A heterodimer and a fluorogenic substrate)	https://www.sgc-ffm.uni-frankfurt.de/#!specificprobeoverview/BI-1230
WEGLOYDTDILXDA-OAHLLOKOSA-N	SOS1	Inhibitor		nM	1	uM	EUbOPEN			biochemical	21.0	IC50	=	KRASG12C–SOS1cat interaction assay	https://doi.org/10.1073/pnas.1812963116,  https://www.sgc-ffm.uni-frankfurt.de/#!specificprobeoverview/BAY-293
IEFFSHLHNYVSEF-UHFFFAOYSA-N	CLK1	Inhibitor		nM	100	uM	EUbOPEN			biochemical	0.67	IC50	=	Enzymatic inhibition assay	https://www.thesgc.org/chemical-probes/T3-CLK
IEFFSHLHNYVSEF-UHFFFAOYSA-N	CLK2	Inhibitor		nM	100	uM	EUbOPEN			biochemical	15.0	IC50	=	Enzymatic inhibition assay	https://www.thesgc.org/chemical-probes/T3-CLK
IEFFSHLHNYVSEF-UHFFFAOYSA-N	CLK3	Inhibitor		nM	100	uM	EUbOPEN			biochemical	110.0	IC50	=	Enzymatic inhibition assay	https://www.thesgc.org/chemical-probes/T3-CLK
TXZPMHLMPKIUGK-UHFFFAOYSA-N	BRD2@BD1	Inhibitor		nM	1	uM	EUbOPEN			biochemical	107.9	Kd		ITC	https://aacrjournals.org/cancerres/article/73/11/3336/584303/PFI-1-a-Highly-Selective-Protein-Interaction
TXZPMHLMPKIUGK-UHFFFAOYSA-N	BRD2@BD2	Inhibitor		nM	1	uM	EUbOPEN			biochemical	143.7	Kd		ITC	https://aacrjournals.org/cancerres/article/73/11/3336/584303/PFI-1-a-Highly-Selective-Protein-Interaction
TXZPMHLMPKIUGK-UHFFFAOYSA-N	BRD3@BD1	Inhibitor		nM	1	uM	EUbOPEN			biochemical	80.0	Kd		ITC	https://aacrjournals.org/cancerres/article/73/11/3336/584303/PFI-1-a-Highly-Selective-Protein-Interaction
TXZPMHLMPKIUGK-UHFFFAOYSA-N	BRD3@BD2	Inhibitor		nM	1	uM	EUbOPEN			biochemical	76.3	Kd		ITC	https://aacrjournals.org/cancerres/article/73/11/3336/584303/PFI-1-a-Highly-Selective-Protein-Interaction
TXZPMHLMPKIUGK-UHFFFAOYSA-N	BRD4@BD1	Inhibitor		nM	1	uM	EUbOPEN			biochemical	47.4	Kd		ITC	https://aacrjournals.org/cancerres/article/73/11/3336/584303/PFI-1-a-Highly-Selective-Protein-Interaction
TXZPMHLMPKIUGK-UHFFFAOYSA-N	BRD4@BD2	Inhibitor		nM	1	uM	EUbOPEN			biochemical	194.9	Kd		ITC	https://aacrjournals.org/cancerres/article/73/11/3336/584303/PFI-1-a-Highly-Selective-Protein-Interaction
TXZPMHLMPKIUGK-UHFFFAOYSA-N	BRDT@BD1	Inhibitor		nM	1	uM	EUbOPEN			biochemical	85.5	Kd		ITC	https://aacrjournals.org/cancerres/article/73/11/3336/584303/PFI-1-a-Highly-Selective-Protein-Interaction
TXZPMHLMPKIUGK-UHFFFAOYSA-N	BRDT@BD2	Inhibitor		nM	1	uM	EUbOPEN			biochemical	220.8	Kd		ITC	https://aacrjournals.org/cancerres/article/73/11/3336/584303/PFI-1-a-Highly-Selective-Protein-Interaction
YUNQZQREIHWDQT-UHFFFAOYSA-N	BRPF1@BRD	Inhibitor		nM	1	uM	EUbOPEN			biochemical	101.0	Kd	=	ITC	https://doi.org/10.1021/acschembio.7b00481,  https://www.thesgc.org/chemical-probes/OF-1
YUNQZQREIHWDQT-UHFFFAOYSA-N	BRD1@BRD	Inhibitor		nM	1	uM	EUbOPEN			biochemical	505.0	Kd	=	ITC	https://doi.org/10.1021/acschembio.7b00481,  https://www.thesgc.org/chemical-probes/OF-1
YUNQZQREIHWDQT-UHFFFAOYSA-N	BRPF3@BRD	Inhibitor		nM	1	uM	EUbOPEN			biochemical	2406.0	Kd	=	ITC	https://doi.org/10.1021/acschembio.7b00481,  https://www.thesgc.org/chemical-probes/OF-1
VRVJKILQRBSEAG-BSEYFRJRSA-N	EP300@Acetyltransferase	Inhibitor		nM	1	uM	EUbOPEN			biochemical	10.0	IC50	=	TR-FRET assay (BHC domains)	https://doi.org/10.1038/nature24028,  https://www.sgc-ffm.uni-frankfurt.de/#!specificprobeoverview/A-485
VRVJKILQRBSEAG-BSEYFRJRSA-N	CREBBP@Acetyltransferase	Inhibitor		nM	1	uM	EUbOPEN			biochemical	3.0	IC50	=	TR-FRET assay (BHC domains)	https://doi.org/10.1038/nature24028,  https://www.sgc-ffm.uni-frankfurt.de/#!specificprobeoverview/A-485
QLXULUNLCRKWRD-UHFFFAOYSA-N	MYST3@Acetyltransferase	Inhibitor		nM	1	uM	EUbOPEN			biochemical	2.0	Kd	=	Surface plasmon resonance (SPR)	https://doi.org/10.1021/acs.jmedchem.9b02071,  https://www.sgc-ffm.uni-frankfurt.de/#!specificprobeoverview/WM-1119
DNVXATUJJDPFDM-KRWDZBQOSA-N	BRD4@BD1	Inhibitor		nM	1	uM	EUbOPEN			biochemical	49.0	Kd	=	Isothermal titration calorimetry (ITC)	https://doi.org/10.1038/nature09504,  https://www.thesgc.org/chemical-probes/JQ1
DNVXATUJJDPFDM-KRWDZBQOSA-N	BRD4@BD2	Inhibitor		nM	1	uM	EUbOPEN			biochemical	90.1	Kd	=	Isothermal titration calorimetry (ITC)	https://doi.org/10.1038/nature09504,  https://www.thesgc.org/chemical-probes/JQ1
DNVXATUJJDPFDM-KRWDZBQOSA-N	BRD2@BD1	Inhibitor		nM	1	uM	EUbOPEN			biochemical	128.4	Kd	=	Isothermal titration calorimetry (ITC)	https://doi.org/10.1038/nature09504,  https://www.thesgc.org/chemical-probes/JQ1
DNVXATUJJDPFDM-KRWDZBQOSA-N	BRD3@BD1	Inhibitor		nM	1	uM	EUbOPEN			biochemical	59.5	Kd	=	Isothermal titration calorimetry (ITC)	https://doi.org/10.1038/nature09504,  https://www.thesgc.org/chemical-probes/JQ1
DNVXATUJJDPFDM-KRWDZBQOSA-N	BRD3@BD2	Inhibitor		nM	1	uM	EUbOPEN			biochemical	82.0	Kd	=	Isothermal titration calorimetry (ITC)	https://doi.org/10.1038/nature09504,  https://www.thesgc.org/chemical-probes/JQ1
DNVXATUJJDPFDM-KRWDZBQOSA-N	BRDT@BD1	Inhibitor		nM	1	uM	EUbOPEN			biochemical	190.1	Kd	=	Isothermal titration calorimetry (ITC)	https://doi.org/10.1038/nature09504,  https://www.thesgc.org/chemical-probes/JQ1
PZGSYNNVPNLHQG-SANMLTNESA-N	GNRHR	Antagonist		nM	1	uM	EUbOPEN			biochemical	27.0	IC50	=	Tag Lite binding assay (human GnRH-R binding)	https://doi.org/10.1021/acs.jmedchem.0c01076,  https://www.sgc-ffm.uni-frankfurt.de/#!specificprobeoverview/BAY-784
AADJQCRYJYCVDO-KQQHTNMISA-N	EDNRA	Antagonist		nM	100	uM	EUbOPEN			biochemical	0.46	Ki	=	[125I]-endothelin-1 saturation binding assay	https://doi.org/10.1016/s0014-2999(98)00891-7,  https://www.sgc-ffm.uni-frankfurt.de/#!specificprobeoverview/ABT-546
YSVWFFNZZGLLAI-XNTOLAJGSA-N	KISS1R	Agonist		nM	1	uM	EUbOPEN			biochemical	0.089	Ki	=	Binding assay (used membrane fraction of human KISS1R-expressing cells)	http://pubs.acs.org/doi/10.1021/jm401056w,  https://www.sgc-ffm.uni-frankfurt.de/#!specificprobeoverview/KISS1-305
LQEHCKYYIXQEBM-FUKIBTTHSA-N	EDNRB	Antagonist		nM	100	uM	EUbOPEN			biochemical	4.5	IC50	=	Inhibition of 125I labeled ET-3 binding	https://doi.org/10.1042/CS103S107S,  https://www.sgc-ffm.uni-frankfurt.de/#!specificprobeoverview/A-192621
LWJGMYMNSNVCEM-UHFFFAOYSA-N	PTGER2	Antagonist		nM	100	uM	EUbOPEN			biochemical	5.0	IC50	=	Enzymatic inhibition assay	https://www.sgc-ffm.uni-frankfurt.de/#!specificprobeoverview/PF-04418948
PXQATVYJKMMHAU-UHFFFAOYSA-N	CCR1	Antagonist		nM	100	uM	EUbOPEN			biochemical	5.4	IC50	=	Scintillation Proximity Assay (SPA)	https://www.sgc-ffm.uni-frankfurt.de/#!specificprobeoverview/BI%20639667
DDOQBQRIEWHWBT-UHFFFAOYSA-N	GRM8	Agonist		nM		uM	EUbOPEN			biochemical	5.13	IC50	=	Inhibitory concentration against [3H]1 binding to recombinant human Metabotropic glutamate receptor 8	15603952
IDLSITKDRVDKRV-JSUROZADSA-N	ADRB2	Agonist		nM		uM	EUbOPEN			biochemical	0.5	Kd	=	Binding affinity to beta-2 adrenergic receptor (unknown origin) at 1 to 10000 nM	23954364
BWHPNJVKFAPVOG-QYFJGNGUSA-N	DRD1	Agonist		nM		uM	EUbOPEN			biochemical	7.94	EC50	=	Adenylate cyclase assay carried out in LTK cells transfected with human Dopamine receptor D1	7658429
FLNYLINBEZROPL-NSOVKSMOSA-N	TACR1	Antagonist		nM		uM	EUbOPEN			biochemical	1.48	Ki	=	Binding affinity towards Tachykinin receptor 1 expressed in CHO cells using [3H][Pro9]-SP as radioligand	11266164
NFHRQQKPEBFUJK-HSZRJFAPSA-N	CCKAR	Antagonist		nM		uM	EUbOPEN			biochemical	0.2	Ki	=	Displacement of [3H]L-364718 from human recombinant CCK1 receptor expressed in PC3 cell line	16570921
SYZSSLLFRVDRHL-QPJJXVBHSA-N	LTB4R	Antagonist		nM		uM	EUbOPEN			biochemical	7.76	IC50	=	Inhibition of [3H]LTB4 binding to Leukotriene B4 receptor in the guinea pig spleen membranes	1333011
SQNOQAMOMUBPHK-FFZCCNEYSA-N	OPRK1	Antagonist		nM		uM	EUbOPEN			biochemical	0.35	Ki	=	Binding affinity using [3H]diprenorphine as the radioligand against E297A mutant Opioid receptor kappa 1 in COS-7 cells	10780914
KDFQABSFVYLGPM-QFIPXVFZSA-N	CCKBR	Antagonist		nM		uM	EUbOPEN			biochemical	3.98	Ki	=	Inhibition by displacing [3H]CCK-8S against Cholecystokinin type B receptor of guinea pig	11020274
DYLJVOXRWLXDIG-UHFFFAOYSA-N	NTSR1	Antagonist		nM		uM	EUbOPEN			biochemical	20.89	Kd	=	Displacement of [3H]SR48692 from wild type human NTR1 expressed in HEK293 cells	18809332
DYLJVOXRWLXDIG-UHFFFAOYSA-N	NTSR2			nM		uM	EUbOPEN			biochemical	416.87	Ki	=	Binding affinity to NTR2 (unknown origin)	23721919
SONNWYBIRXJNDC-VIFPVBQESA-N	ADRA1B	Agonist		nM		uM	EUbOPEN			biochemical	2.24	EC50	=	Agonist activity at alpha-1B adrenergic receptor (unknown origin) after 5 hrs by CCF4-AM staining-based cellular assay	25813897
SONNWYBIRXJNDC-VIFPVBQESA-N	ADRA1A			nM		uM	EUbOPEN			biochemical	56.23	EC50	=	Intrinsic activity at alpha1A adrenergic receptor (unknown origin) after 5 hrs in presence of CCF4-AM by cell based beta lactamase reporter gene assay	27658792
AVTRGAPFNJEOTQ-FFUVTKDNSA-N	TACR1	Antagonist		nM		uM	EUbOPEN			biochemical	0.14	IC50	=	Displacement of [125I]-labeled substance P from cloned human NK1 receptor expressed in CHO cells	16307878
LWULHXVBLMWCHO-UHFFFAOYSA-N	NTSR1	Antagonist		nM		uM	EUbOPEN			biochemical	3.16	Ki	=	Displacement of [3H]neurotensin from human NTS1 receptor expressed in CHO cells	24160350
LWULHXVBLMWCHO-UHFFFAOYSA-N	NTSR2			nM		uM	EUbOPEN			biochemical	74.13	Ki	=	Displacement of [3H]NT(8 to 13) from human NTS2 receptor expressed in HEK293 cells	24160350
VPNGEIHDPSLNMU-MERQFXBCSA-N	ADRA1D	Agonist		nM		uM	EUbOPEN			biochemical	0.02	Ki	=	In vitro binding affinity against alpha-2D adrenergic receptor of male Wistar rat	11300868
PXGPLTODNUVGFL-YNNPMVKQSA-N	PTGFR	Agonist		nM		uM	EUbOPEN			biochemical	7.08	IC50	=	Affinity for human Prostanoid FP receptor expressed in COS-7 cells	10715159
PXGPLTODNUVGFL-YNNPMVKQSA-N	PTGER3			nM		uM	EUbOPEN			biochemical	188.36	IC50	=	Affinity for Prostanoid EP3 receptor expressed in CHO cell line	10715159
YEEZWCHGZNKEEK-UHFFFAOYSA-N	CYSLTR1	Antagonist		nM		uM	EUbOPEN			biochemical	1.82	IC50	=	Antagonist activity at human CysLT1	26200813
GYHCTFXIZSNGJT-UHFFFAOYSA-N	AVPR2	Antagonist		nM		uM	EUbOPEN			biochemical	0.43	Ki	=	Concentration which inhibit [3H]AVP binding to human Vasopressin V2 receptor coded HeLa cells by 50%	11087564
RMMXLENWKUUMAY-UHFFFAOYSA-N	AGTR2	Antagonist		nM		uM	EUbOPEN			biochemical	0.33	IC50	=	Displacement of [125I]Sar1 Ile8-Ang 2 from angiotensin 2 AT2 receptor after 180 mins by gamma counting	22309912
RMMXLENWKUUMAY-UHFFFAOYSA-N	AGTR1			nM		uM	EUbOPEN			biochemical	2.0	IC50	=	Inhibition of AT1 receptor	20079636
PWTBZOIUWZOPFT-UHFFFAOYSA-N	ADORA2A	Antagonist		nM		uM	EUbOPEN			biochemical	0.92	Ki	=	Binding affinity towards human Adenosine A2a receptor expressed in HEK293 cells using 6 nM [3H]CGS-21680	16250647
ZMRUPTIKESYGQW-UHFFFAOYSA-N	ADRB2	Antagonist		nM		uM	EUbOPEN			biochemical	0.76	Kd	=	Binding affinity to human adrenergic beta2 receptor	19168263
ZMRUPTIKESYGQW-UHFFFAOYSA-N	ADRB1			nM		uM	EUbOPEN			biochemical	3.89	IC50	=	Tested for Beta-1 adrenergic receptor selectivity in canine cardiac tissue in anesthetized dogs	1976812
YQVFCYCTITZLSX-UHFFFAOYSA-N	ADRB2	Antagonist		nM		uM	EUbOPEN			biochemical	1.95	Kd	=	Displacement of [3H]DHA from inactive/G protein-uncoupled human beta2-AR expressed in CHO cell membranes by liquid scintillation counting	27239696
LBFBRXGCXUHRJY-HKHDRNBDSA-M	CYSLTR1	Antagonist		nM		uM	EUbOPEN			biochemical	2.29	IC50	=	Antagonist activity at human CysLT1	26200813
DUGMCDWNXXFHDE-VZYDHVRKSA-N	GHSR	Agonist		nM		uM	EUbOPEN			biochemical	0.57	IC50	=	Binding affinity for human growth hormone GH secretagogue (hGHsr) receptor	10636230
XQCJOYZLWFNDIO-PKLMIRHRSA-N	HTR7	Antagonist		nM		uM	EUbOPEN			biochemical	1.55	Ki	=	Binding affinity for human cloned 5-hydroxytryptamine 7 receptor in HEK 293 using [3H]5-CT as a radioligand	12392747
NQLIYKXNAXKMBL-UHFFFAOYSA-N	OPRL1	Antagonist		nM		uM	EUbOPEN			biochemical	15.67	Ki	=	Binding affinity for opioid receptor like type, human Opioid receptor like 1 expressed in membrane homogenates of COS-1 or CHO cells	12431062
NQLIYKXNAXKMBL-UHFFFAOYSA-N	OPRM1			nM		uM	EUbOPEN			biochemical	102.33	Ki	=	Inhibition of [3H]diprenorphine (0.33 nM) binding from human Opioid receptor mu 1 expressed in CHO-K1 cells.	11101358
GIYXAJPCNFJEHY-UHFFFAOYSA-N	ADRA2A			nM		uM	EUbOPEN			biochemical	6.31	Ki	=	Binding affinity for human alpha-2 adrenergic receptor expressed in CHO cell	11262089
GIYXAJPCNFJEHY-UHFFFAOYSA-N	HTR2C			nM		uM	EUbOPEN			biochemical	93.33	Ki	=	Binding affinity to human 5HT2C receptor by radioligand displacement assay	22520153
GIYXAJPCNFJEHY-UHFFFAOYSA-N	HTR2A			nM		uM	EUbOPEN			biochemical	194.98	IC50	=	Displacement of [3H]ketanserin from 5HT2A receptor (unknown origin) by cell based radioligand competitive binding analysis	31889666
IJVMOGKBEVRBPP-ZETCQYMHSA-N	GRM8	Agonist		nM		uM	EUbOPEN			biochemical	30.9	EC50	=	Agonist activity at mGlu8 (unknown origin) expressed in HEK293 cells coexpressing chimeric Gq/i protein assessed as [3H]inositol phosphate accumulation after 30 mins by scintillation and luminescence counting method	29397723
WTLRWOHEKQGKDS-UHFFFAOYSA-N	CXCR2	Antagonist		nM		uM	EUbOPEN			biochemical	25.12	IC50	=	Antagonist activity at human recombinant Gal4-VP16 fused-CXCR2 assessed as inhibition of CXCL1-mediated lactamase reporter gene expression after overnight incubation	27096048
JTARFZSNUAGHRB-UHFFFAOYSA-N	HCRTR1	Antagonist		nM		uM	EUbOPEN			biochemical	23.44	Kd	=	Binding affinity to OX1 receptor	19199652
JTARFZSNUAGHRB-UHFFFAOYSA-N	HTR2B			nM		uM	EUbOPEN			biochemical	316.23	Ki	=	Binding affinity to 5HT2B receptor (unknown origin)	23891187
OYMNPJXKQVTQTR-UHFFFAOYSA-N	S1PR1	Agonist		nM		uM	EUbOPEN			biochemical	21.88	IC50	=	Displacement of [33P]S1P from human S1P1R expressed in CHO cell membranes	24900286
PGYPOBZJRVSMDS-UHFFFAOYSA-N	OPRM1	Agonist		nM		uM	EUbOPEN			biochemical	0.92	IC50	=	Binding affinity against mu-opiate receptor (human) using [3H]DAMGO radioligand	11585443
DWPQODZAOSWNHB-UHFFFAOYSA-N	GRM5			nM		uM	EUbOPEN			biochemical	36.31	IC50	=	Displacement of [3H]MPEP from mGlu5 receptor	17196387
KMKBEESNZAPKMP-UHFFFAOYSA-N	GRM2	Positive allosteric modulator		nM		uM	EUbOPEN			biochemical	93.33	Kd	=	Binding affinity to human metabotropic glutamate receptor 2 expressed in CHOK1 cell membranes by scintillation proximity assay	28704052
NXFFJDQHYLNEJK-CYBMUJFWSA-N	PTGDR	Antagonist		nM		uM	EUbOPEN			biochemical	0.58	Ki	=	Binding affinity to human DP receptor expressed in HEK293 cells	17300164
NXFFJDQHYLNEJK-CYBMUJFWSA-N	TBXA2R			nM		uM	EUbOPEN			biochemical	5.69	Ki	=	Binding affinity to human TP receptor expressed in HEK293 cells	17300164
RQKXQCSEZPQBNZ-QSBCOWLBSA-N	F2RL1	Agonist		nM		uM	EUbOPEN			biochemical	30.2	EC50	=	Agonist activity at human PAR2 expressed in HEK293T cells assessed as stimulation of phosphatidylinositol hydrolysis after 45 mins by scintillation counting analysis	23895492
DQYGXRQUFSRDCH-UQIIZPHYSA-M	GNRHR	Antagonist		nM		uM	EUbOPEN			biochemical	0.89	Ki	=	Displacement of [125I-Tyr5,DLeu6,NMeLeu7,Pro9-NEt-]GnRH from human GnRH receptor expressed in HEK293 cells by liquid scintillation counting	19006286
VZVSLNRDUPMOSZ-UHFFFAOYSA-N	CCR2	Antagonist		nM		uM	EUbOPEN			biochemical	0.06	IC50	=	Displacement of [125I]MCP1 from CCR2/CXCR4 expressed in CHOK1 cells	17715128
XLFKECRRMPOAQS-UHFFFAOYSA-N	HRH3	Inverse agonist		nM		uM	EUbOPEN			biochemical	2.6	Ki	=	Displacement of [125I]iodoproxyfan from human recombinant histamine H3 receptor expressed in CHO-K1 cells	18774720
WLJNZVDCPSBLRP-UHFFFAOYSA-N	GPR35			nM		uM	EUbOPEN			biochemical	23.99	EC50	=	Agonist activity at human GPR35 expressed in CHO cells assessed as induction of beta-arrestin recruitment after 90 mins by beta-galactosidase reporter gene assay	23713606
GPPJWWMREQHLQT-BHQIMSFRSA-N	DRD3	Antagonist		nM		uM	EUbOPEN			biochemical	0.09	Ki	=	Binding affinity to human dopamine D3 receptor	22537450
GPPJWWMREQHLQT-BHQIMSFRSA-N	DRD2			nM		uM	EUbOPEN			biochemical	0.81	Ki	=	Binding affinity to human dopamine D2L receptor	22537450
GPPJWWMREQHLQT-BHQIMSFRSA-N	HTR1A			nM		uM	EUbOPEN			biochemical	2.82	Ki	=	Displacement of [3H]8-OH-DPAT from recombinant human 5-HT1A receptor expressed in HEK293 cell membranes after 60 mins by scintillation counting method	27487565
WUJVPELCYCESAP-UHFFFAOYSA-N	FFAR4	Agonist		nM		uM	EUbOPEN			biochemical	80.35	EC50	=	Agonist activity at ARMS2-PK2 -tagged human GPR120 short isoform expressed in CHOK1 cells assessed as induction of beta-arrestin2 recruitment after 90 mins by luminescence assay	28105274
WAAWETUDFSIYSD-UHFFFAOYSA-N	S1PR5	Agonist		nM		uM	EUbOPEN			biochemical	5.75	EC50	=	Agonist activity at S1P5 receptor (unknown origin) expressed in CHO cells assessed as inhibition of forskolin-induced cAMP accumulation by GTPgammaS binding assay	26509640
QASFUMOKHFSJGL-LAFRSMQTSA-N	SMO	Antagonist		nM		uM	EUbOPEN			biochemical	64.57	IC50	=	Antagonist activity at human Smo receptor expressed in CHO cells by [3H]Hh-Ag binding assay	19091559
RPHDOVLXDYWDGF-UHFFFAOYSA-N	DRD4	Agonist		nM	1	uM	EUbOPEN			biochemical	3.0	Ki	=	Radioligand binding assay	https://doi.org/10.1126/science.aan5468,  https://www.sgc-ffm.uni-frankfurt.de/#!specificprobeoverview/UCSF924
KMESAVNRPDKZCQ-UHFFFAOYSA-N	EPHX2@Protease	Inhibitor		nM	100	uM	EUbOPEN			biochemical	7.0	IC50	=	Human soluble epoxide hydrolase inhibition	https://www.sgc-ffm.uni-frankfurt.de/#!specificprobeoverview/BI-1935
BAAILVWEAXFTSF-UHFFFAOYSA-N	NR3A1	Agonist		nM	1	uM	EUbOPEN			biochemical	187.0	IC50		Competitive Radioligand Binding Assay	https://doi.org/10.1021/jm049719y,  https://doi.org/10.1016/j.ejmech.2007.03.002
BAAILVWEAXFTSF-UHFFFAOYSA-N	NR3A2	Agonist		nM	1	uM	EUbOPEN			biochemical	2.0	IC50		Competitive Radioligand Binding Assay	https://doi.org/10.1021/jm049719y,  https://doi.org/10.1016/j.ejmech.2007.03.002
ZZUKALQMHNSWTK-UHFFFAOYSA-N	NR3C1	Agonist		nM	1	uM	EUbOPEN			biochemical	0.9	EC50		Radiolabled binding assay	https://doi.org/10.1021/acs.jmedchem.7b01215,  https://doi.org/10.1111/bcpt.12621
OWHLFAMVTWAXBL-UHFFFAOYSA-N	IKBKB	Allosteric inhibitor		nM	1	uM	EUbOPEN			biochemical	130.0	Kd	=	Competition binding assay	https://doi.org/10.1038/nbt.1990
USNRYVNRPYXCSP-JUGPPOIOSA-N	EGFR	Covalent inhibitor		nM	100	uM	EUbOPEN			biochemical	0.3	Kd	=	Competition binding assay (DiscoverX)	https://lincs.hms.harvard.edu/db/datasets/20172/results
USNRYVNRPYXCSP-JUGPPOIOSA-N	ERBB2	Covalent inhibitor		nM	100	uM	EUbOPEN			biochemical	5.0	Kd	=	Competition binding assay (DiscoverX)	https://lincs.hms.harvard.edu/db/datasets/20172/results
USNRYVNRPYXCSP-JUGPPOIOSA-N	ERBB4	Covalent inhibitor		nM	100	uM	EUbOPEN			biochemical	6.3	Kd	=	Competition binding assay (DiscoverX)	https://lincs.hms.harvard.edu/db/datasets/20172/results
MYQAUKPBNJWPIE-UHFFFAOYSA-N	CSF1R	Inhibitor		nM	1	uM	EUbOPEN			biochemical	60.0	IC50	=	Enzymatic inhibition assay	https://doi.org/10.1073/pnas.0502000102
GFMMXOIFOQCCGU-UHFFFAOYSA-N	MAP2K1	Inhibitor		nM	100	uM	EUbOPEN			biochemical	120.0	Kd	=	Competition binding assay	https://doi.org/10.1038/nbt.1990
GFMMXOIFOQCCGU-UHFFFAOYSA-N	MAP2K2	Inhibitor		nM	100	uM	EUbOPEN			biochemical	370.0	Kd	=	Competition binding assay	https://doi.org/10.1038/nbt.1990
ZHJGWYRLJUCMRT-QGZVFWFLSA-N	PLK1	Inhibitor		nM	100	uM	EUbOPEN			biochemical	0.5	Ki		Enzymatic Z'-LITE assay (Invitrogen)	https://doi.org/10.1158/0008-5472.CAN-09-0945
WELBJLUKWAJOQV-UHFFFAOYSA-N	TTK	Inhibitor		nM	1	uM	EUbOPEN			biochemical	12.0	Kd	=	Ambit Competition binding assay	https://doi.org/10.1038/nchembio.345
WELBJLUKWAJOQV-UHFFFAOYSA-N	PLK1	Inhibitor		nM	1	uM	EUbOPEN			biochemical	61.0	Kd	=	Ambit Competition binding assay	https://doi.org/10.1038/nchembio.345
NMJMRSQTDLRCRQ-UHFFFAOYSA-N	TTK	Inhibitor		nM	1	uM	EUbOPEN			biochemical	27.0	Kd	=	Ambit Competition binding assay	https://doi.org/10.1038/nchembio.345
MUOKSQABCJCOPU-UHFFFAOYSA-N	CSNK2A1	Inhibitor		nM	1	uM	EUbOPEN			biochemical	1.0	IC50	=	Radiometric activity assay (15 µM ATP)	https://doi.org/10.1021/jm101251q
PKCDDUHJAFVJJB-VLZXCDOPSA-N	IGF1R	Inhibitor		nM	1	uM	EUbOPEN			biochemical	35.0	IC50	=	Radiometric kinase assay (100 µM ATP)	https://doi.org/10.4155/fmc.09.89
PKCDDUHJAFVJJB-VLZXCDOPSA-N	INSR	Inhibitor		nM	1	uM	EUbOPEN			biochemical	75.0	IC50	=	Radiometric kinase assay (100 µM ATP)	https://doi.org/10.4155/fmc.09.89
PKCDDUHJAFVJJB-VLZXCDOPSA-N	INSRR	Inhibitor		nM	1	uM	EUbOPEN			biochemical	75.0	IC50	=	Radiometric kinase assay (100 µM ATP)	https://doi.org/10.4155/fmc.09.89
PDMUGYOXRHVNMO-UHFFFAOYSA-N	MET	Inhibitor		nM	1	uM	EUbOPEN			biochemical	4.8	Ki	=	Continuous-coupled spectrophotometric assay (detecting ADP production)	https://doi.org/10.1158/1535-7163.MCT-11-0839
XNFHHOXCDUAYSR-SFHVURJKSA-N	TNK2	Inhibitor		nM	100	uM	EUbOPEN			biochemical	21.58	IC50	=	Radiometric enzyme assay (HotSpot assay, Reaction Biology)	https://pubmed.ncbi.nlm.nih.gov/22566699/
IRTDIKMSKMREGO-OAHLLOKOSA-N	PIK3CB	Inhibitor		nM	1	uM	EUbOPEN			biochemical	10.0	IC50	=	Alphascreen assay	https://pubmed.ncbi.nlm.nih.gov/22906130/
IRTDIKMSKMREGO-OAHLLOKOSA-N	PIK3CD	Inhibitor		nM	1	uM	EUbOPEN			biochemical	80.0	IC50	=	Alphascreen assay	https://pubmed.ncbi.nlm.nih.gov/22906130/
WCIGMFCFPXZRMQ-UHFFFAOYSA-N	LRRK2	Inhibitor		nM	1	uM	EUbOPEN			biochemical	10.9	IC50	=	HTRF assay	https://doi.org/10.1016/j.bmcl.2012.06.104
IKKLFEDUYFZNBO-UHFFFAOYSA-N	MAP3K5	Inhibitor		nM	1	uM	EUbOPEN			biochemical	14.0	IC50	=	Enzymatic inhibition assay	https://pubmed.ncbi.nlm.nih.gov/23147077/
VNBRGSXVFBYQNN-UHFFFAOYSA-N	MST1R	Inhibitor		nM	1	uM	EUbOPEN			biochemical	1.8	IC50	=	Enzyme activity assay	https://doi.org/10.1021/jm801586s
VNBRGSXVFBYQNN-UHFFFAOYSA-N	MET	Inhibitor		nM	1	uM	EUbOPEN			biochemical	3.9	IC50	=	Enzyme activity assay	https://doi.org/10.1021/jm801586s
VNBRGSXVFBYQNN-UHFFFAOYSA-N	TYRO3	Inhibitor		nM	1	uM	EUbOPEN			biochemical	4.3	IC50	=	Enzyme activity assay	https://doi.org/10.1021/jm801586s
VNBRGSXVFBYQNN-UHFFFAOYSA-N	AXL	Inhibitor		nM	1	uM	EUbOPEN			biochemical	1.1	IC50	=	Enzyme activity assay	https://doi.org/10.1021/jm801586s
RIJLVEAXPNLDTC-UHFFFAOYSA-N	JAK1@kinase 1	Inhibitor		nM	1	uM	EUbOPEN			biochemical	10.0	IC50	=	Radiometric kinase assay (incorporation of phosphate into an ULight-JAK-1(Tyr1023) peptide using an europium-labeled anti-phosphotyrosine Ab)	https://doi.org/10.4049/jimmunol.1201348
RIJLVEAXPNLDTC-UHFFFAOYSA-N	JAK2@kinase 1	Inhibitor		nM	1	uM	EUbOPEN			biochemical	28.0	IC50	=	Radiometric kinase assay (incorporation of phosphate into an ULight-JAK-1(Tyr1023) peptide using an europium-labeled anti-phosphotyrosine Ab)	https://doi.org/10.4049/jimmunol.1201348
SDGJBAUIGHSMRI-UHFFFAOYSA-N	NUAK1	Inhibitor		nM	1	uM	EUbOPEN			biochemical	20.0	IC50	=	Radiometric kinase assay	https://doi.org/10.1042/BJ20131152
SDGJBAUIGHSMRI-UHFFFAOYSA-N	NUAK2	Inhibitor		nM	1	uM	EUbOPEN			biochemical	100.0	IC50	=	Radiometric kinase assay	https://doi.org/10.1042/BJ20131152
PUXPEQJKNAWNQA-AAEUAGOBSA-N	LRRK2	Inhibitor		nM	100	uM	EUbOPEN			biochemical	2.0	Ki	=	Biochemical assay	https://doi.org/10.1021/jm401654j
AWNXKZVIZARMME-UHFFFAOYSA-N	PIK3C3	Inhibitor		nM	1	uM	EUbOPEN			biochemical	25.0	IC50	=	Radioactive liposome kinase assay	https://doi.org/10.1042/BJ20140889
ZCDBTQNFAPKACC-UHFFFAOYSA-N	RIPK3	Inhibitor		nM	1	uM	EUbOPEN			biochemical	1.3	IC50	=	ADP-Glo assay	https://doi.org/10.1016/j.molcel.2014.10.021
WNEILUNVMHVMPH-UHFFFAOYSA-N	TTK	Inhibitor		nM	1	uM	EUbOPEN			biochemical	0.63	IC50	=	TR-FRET-based in vitro kinase assays	https://doi.org/10.1158/1535-7163.MCT-15-0500
YBYYWUUUGCNAHQ-LLVKDONJSA-N	CHEK1	Inhibitor		nM	100	uM	EUbOPEN			biochemical	1.3	IC50	=	Microfluid assay (CALIPER)	https://doi.org/10.1021/acs.jmedchem.5b01938
JBGYKRAZYDNCNV-UHFFFAOYSA-N	AKT1	Allosteric Inhibitor		nM	100	uM	EUbOPEN			biochemical	5.2	IC50	=	TR-FRET-based in vitro kinase assays (10 µM ATP)	https://doi.org/10.1002/ijc.30457
JBGYKRAZYDNCNV-UHFFFAOYSA-N	AKT2	Allosteric Inhibitor		nM	100	uM	EUbOPEN			biochemical	18.0	IC50	=	TR-FRET-based in vitro kinase assays (10 µM ATP)	https://doi.org/10.1002/ijc.30457
WDENQIQQYWYTPO-IBGZPJMESA-N	BTK	Covalent inhibitor		nM	1	uM	EUbOPEN			biochemical	5.1	IC50	=	IMAP (immobilized metal ion affinity-based fluorescence polarization) assay	https://doi.org/10.1056/NEJMoa1509981
JKDGKIBAOAFRPJ-ZBINZKHDSA-N	IRAK4	Inhibitor		nM	100	uM	EUbOPEN			biochemical	0.2	IC50	=	Dissociation-Enhanced Lanthanide Fluorescent Immunoassay	https://pubmed.ncbi.nlm.nih.gov/28498658/
OEBIHOVSAMBXIB-SJKOYZFVSA-N	NTRK1	Inhibitor		nM	1	uM	EUbOPEN			biochemical	3.7	IC50	=	LanthaScreenTM Eu	https://doi.org/10.1158/2159-8290.CD-17-0507
OEBIHOVSAMBXIB-SJKOYZFVSA-N	NTRK2	Inhibitor		nM	1	uM	EUbOPEN			biochemical	1.9	IC50	=	LanthaScreenTM Eu	https://doi.org/10.1158/2159-8290.CD-17-0507
OEBIHOVSAMBXIB-SJKOYZFVSA-N	NTRK3	Inhibitor		nM	1	uM	EUbOPEN			biochemical	1.4	IC50	=	LanthaScreenTM Eu	https://doi.org/10.1158/2159-8290.CD-17-0507
CWJLAVRXVFHDSJ-UHFFFAOYSA-N	TTK	Inhibitor		nM	100	uM	EUbOPEN			biochemical	5.0	IC50	=	LanthaScreen Eu kinase binding assay	https://doi.org/10.1021/acs.jmedchem.7b01223
CWJLAVRXVFHDSJ-UHFFFAOYSA-N	CLK2	Inhibitor		nM	100	uM	EUbOPEN			biochemical	6.0	IC50	=	LanthaScreen Eu kinase binding assay	https://doi.org/10.1021/acs.jmedchem.7b01223
HXBRBOYWXDLHDC-UHFFFAOYSA-N	AKT1	Covalent-allosteric inhibitor		nM	1	uM	EUbOPEN			biochemical	0.8	IC50	=	HTFR assay	https://doi.org/10.1002/anie.201909857
HXBRBOYWXDLHDC-UHFFFAOYSA-N	AKT2	Covalent-allosteric inhibitor		nM	1	uM	EUbOPEN			biochemical	59.0	IC50	=	HTFR assay	https://doi.org/10.1002/anie.201909857
RNOAOAWBMHREKO-QFIPXVFZSA-N	BTK	Covalent inhibitor		nM	1	uM	EUbOPEN			biochemical	0.3	IC50	=	33P-ATP and filter-binding assay (Reaction Biology)	https://doi.org/10.1021/acs.jmedchem.9b00687
RNOAOAWBMHREKO-QFIPXVFZSA-N	BLK	Covalent inhibitor		nM	1	uM	EUbOPEN			biochemical	1.13	IC50	=	33P-ATP and filter-binding assay (Reaction Biology)	https://doi.org/10.1021/acs.jmedchem.9b00687
RNOAOAWBMHREKO-QFIPXVFZSA-N	BMX	Covalent inhibitor		nM	1	uM	EUbOPEN			biochemical	0.62	IC50	=	33P-ATP and filter-binding assay (Reaction Biology)	https://doi.org/10.1021/acs.jmedchem.9b00687
RNOAOAWBMHREKO-QFIPXVFZSA-N	ERBB4	Covalent inhibitor		nM	1	uM	EUbOPEN			biochemical	1.58	IC50	=	33P-ATP and filter-binding assay (Reaction Biology)	https://doi.org/10.1021/acs.jmedchem.9b00687
RNOAOAWBMHREKO-QFIPXVFZSA-N	TXK	Covalent inhibitor		nM	1	uM	EUbOPEN			biochemical	2.95	IC50	=	33P-ATP and filter-binding assay (Reaction Biology)	https://doi.org/10.1021/acs.jmedchem.9b00687
ZHXNIYGJAOPMSO-UHFFFAOYSA-N	ITK	inhibitor		nM	1	uM	EUbOPEN			biochemical	19.0	IC50	=	Enzymatic radiometric assay	https://pubmed.ncbi.nlm.nih.gov/15323564/
IWCQHVUQEFDRIW-UHFFFAOYSA-N	AKT1	Allosteric Inhibitor		nM	1	uM	EUbOPEN			biochemical	58.0	IC50	=	Kinase inhibition assay	https://pubmed.ncbi.nlm.nih.gov/15664853/
IWCQHVUQEFDRIW-UHFFFAOYSA-N	AKT2	Allosteric Inhibitor		nM	1	uM	EUbOPEN			biochemical	210.0	IC50	=	Kinase inhibition assay	https://pubmed.ncbi.nlm.nih.gov/15664853/
HGVNLRPZOWWDKD-UHFFFAOYSA-N	PIK3CA	Inhibitor		nM	1	uM	EUbOPEN			biochemical	16.0	IC50	=	HTRF-based inhibition assay	https://doi.org/10.1038/aps.2010.150
HGVNLRPZOWWDKD-UHFFFAOYSA-N	PIK3CB	Inhibitor		nM	1	uM	EUbOPEN			biochemical	44.0	IC50	=	HTRF-based inhibition assay	https://doi.org/10.1038/aps.2010.150
HGVNLRPZOWWDKD-UHFFFAOYSA-N	PIK3CG	Inhibitor		nM	1	uM	EUbOPEN			biochemical	49.0	IC50	=	HTRF-based inhibition assay	https://doi.org/10.1038/aps.2010.150
HGVNLRPZOWWDKD-UHFFFAOYSA-N	PIK3CD	Inhibitor		nM	1	uM	EUbOPEN			biochemical	5.0	IC50	=	HTRF-based inhibition assay	https://doi.org/10.1038/aps.2010.150
TUVCWJQQGGETHL-UHFFFAOYSA-N	PRKDC	Inhibitor		nM	1	uM	EUbOPEN			biochemical	14.0	IC50	=	Scintillation proximity radiometric assay (1 µM ATP)	https://pubmed.ncbi.nlm.nih.gov/17575152/
TUVCWJQQGGETHL-UHFFFAOYSA-N	PIK3CA	Inhibitor		nM	1	uM	EUbOPEN			biochemical	2.0	IC50	=	Scintillation proximity radiometric assay (1 µM ATP)	https://pubmed.ncbi.nlm.nih.gov/17575152/
TUVCWJQQGGETHL-UHFFFAOYSA-N	PIK3C2B	Inhibitor		nM	1	uM	EUbOPEN			biochemical	43.0	IC50	=	Scintillation proximity radiometric assay (1 µM ATP)	https://pubmed.ncbi.nlm.nih.gov/17575152/
TUVCWJQQGGETHL-UHFFFAOYSA-N	PIK3CD	Inhibitor		nM	1	uM	EUbOPEN			biochemical	3.0	IC50	=	Scintillation proximity radiometric assay (1 µM ATP)	https://pubmed.ncbi.nlm.nih.gov/17575152/
TUVCWJQQGGETHL-UHFFFAOYSA-N	PIK3CB	Inhibitor		nM	1	uM	EUbOPEN			biochemical	3.0	IC50	=	Scintillation proximity radiometric assay (1 µM ATP)	https://pubmed.ncbi.nlm.nih.gov/17575152/
TUVCWJQQGGETHL-UHFFFAOYSA-N	PIK3CG	Inhibitor		nM	1	uM	EUbOPEN			biochemical	1.0	IC50	=	Scintillation proximity radiometric assay (1 µM ATP)	https://pubmed.ncbi.nlm.nih.gov/17575152/
NDEXUOWTGYUVGA-LJQANCHMSA-N	CHEK1	Inhibitor		nM	100	uM	EUbOPEN			biochemical	0.49	Ki	=	Biochemical activity-based assay (0.15 mM ATP)	https://doi.org/ 10.1158/1535-7163.MCT-07-2391
NDEXUOWTGYUVGA-LJQANCHMSA-N	CHEK2	Inhibitor		nM	100	uM	EUbOPEN			biochemical	47.0	Ki	=	Biochemical activity-based assay (0.15 mM ATP)	https://doi.org/ 10.1158/1535-7163.MCT-07-2391
SUDAHWBOROXANE-SECBINFHSA-N	MAP2K1	Inhibitor		nM	100	uM	EUbOPEN			biochemical	82.0	IC50	=	Enzymatic inhibition assay	https://doi.org/10.1021/acs.jmedchem.9b01528
SUDAHWBOROXANE-SECBINFHSA-N	MAP2K2	Inhibitor		nM	100	uM	EUbOPEN			biochemical	110.0	IC50	=	Enzymatic inhibition assay	https://doi.org/10.1021/acs.jmedchem.9b01528
SXNJFOWDRLKDSF-STROYTFGSA-N	PLK1	Inhibitor		nM	100	uM	EUbOPEN			biochemical	0.87	IC50	=	Radiometric kinase assay (7.5 µM ATP)	https://doi.org/10.1158/1078-0432.CCR-08-2445
SXNJFOWDRLKDSF-STROYTFGSA-N	PLK2	Inhibitor		nM	100	uM	EUbOPEN			biochemical	5.0	IC50	=	Radiometric kinase assay (7.5 µM ATP)	https://doi.org/10.1158/1078-0432.CCR-08-2445
SXNJFOWDRLKDSF-STROYTFGSA-N	PLK3	Inhibitor		nM	100	uM	EUbOPEN			biochemical	56.0	IC50	=	Radiometric kinase assay (7.5 µM ATP)	https://doi.org/10.1158/1078-0432.CCR-08-2445
QTBWCSQGBMPECM-UHFFFAOYSA-N	AURKB	Inhibitor		nM	1	uM	EUbOPEN			biochemical	5.0	IC50	=	Enzymatic activity assay	https://doi.org/10.1021/jm901870q
QTBWCSQGBMPECM-UHFFFAOYSA-N	AURKC	Inhibitor		nM	1	uM	EUbOPEN			biochemical	6.5	IC50	=	Enzymatic activity assay	https://doi.org/10.1021/jm901870q
QHLVBNKYJGBCQJ-UHFFFAOYSA-N	PLK1	Inhibitor		nM	100	uM	EUbOPEN			biochemical	2.0	IC50	=	Radiometric kinase assay	https://doi.org/10.1016/j.bmcl.2011.03.054
ZHMXXVNQAFCXKK-QGZVFWFLSA-N	RPS6KA3@kinase 1	Inhibitor		nM	100	uM	EUbOPEN			biochemical	1.1	IC50	=	Kinase Glo Plus assay (Promega; 0.75 µM ATP)	https://doi.org/10.1016/j.bmcl.2011.10.029,  https://patents.google.com/patent/WO2011071716A1/en
BSMCAPRUBJMWDF-KRWDZBQOSA-N	MAP2K1	Inhibitor		nM	1	uM	EUbOPEN			biochemical	4.2	IC50	=	Enzymatic inhibition assay	https://doi.org/10.1158/0008-5472.CAN-11-1515
BEUQXVWXFDOSAQ-UHFFFAOYSA-N	PIK3CA	Inhibitor		nM	100	uM	EUbOPEN			biochemical	0.29	Ki	=	Enzymatic fluorescence polarization assay	https://doi.org/10.1021/jm4003632
BEUQXVWXFDOSAQ-UHFFFAOYSA-N	PIK3CB	Inhibitor		nM	100	uM	EUbOPEN			biochemical	9.1	Ki	=	Enzymatic fluorescence polarization assay	https://doi.org/10.1021/jm4003632
BEUQXVWXFDOSAQ-UHFFFAOYSA-N	PIK3CD	Inhibitor		nM	100	uM	EUbOPEN			biochemical	0.12	Ki	=	Enzymatic fluorescence polarization assay	https://doi.org/10.1021/jm4003632
BEUQXVWXFDOSAQ-UHFFFAOYSA-N	PIK3CG	Inhibitor		nM	100	uM	EUbOPEN			biochemical	0.97	Ki	=	Enzymatic fluorescence polarization assay	https://doi.org/10.1021/jm4003632
RHXHGRAEPCAFML-UHFFFAOYSA-N	CDK4	Inhibitor		nM	1	uM	EUbOPEN			biochemical	10.0	IC50	=	Enzymatic activity assay	https://doi.org/10.1038/s41523-019-0121-y
RHXHGRAEPCAFML-UHFFFAOYSA-N	CDK6	Inhibitor		nM	1	uM	EUbOPEN			biochemical	39.0	IC50	=	Enzymatic activity assay	https://doi.org/10.1038/s41523-019-0121-y
XVBGRTMNFNMINE-UHFFFAOYSA-N	MAPK7	Inhibitor		nM	1	uM	EUbOPEN			biochemical	162.0	IC50	=	Radiometric assay	https://doi.org/10.1016/j.ejmech.2013.10.052
STUWGJZDJHPWGZ-LBPRGKRZSA-N	PIK3CA	Inhibitor		nM	1	uM	EUbOPEN			biochemical	5.0	IC50	=	Enzymatic inhibition assay (Kinase-Glo® assay)	https://doi.org/10.1016/j.bmcl.2013.05.007
IIXWYSCJSQVBQM-LLVKDONJSA-N	ALK	Inhibitor		nM	100	uM	EUbOPEN			biochemical	0.07	Ki		Microfluidic mobility shift assay	https://doi.org/10.1073/pnas.1420785112
IIXWYSCJSQVBQM-LLVKDONJSA-N	ROS1	Inhibitor		nM	100	uM	EUbOPEN			biochemical	0.025	Ki		Microfluidic mobility shift assay	https://doi.org/10.1073/pnas.1420785112
CGBJSGAELGCMKE-UHFFFAOYSA-N	PIK3CA	Inhibitor		nM	100	uM	EUbOPEN			biochemical	0.019	Ki	=	HTRF-based inhibition assay	https://doi.org/10.1021/ml900028r
CGBJSGAELGCMKE-UHFFFAOYSA-N	PIK3CB	Inhibitor		nM	100	uM	EUbOPEN			biochemical	0.13	Ki	=	HTRF-based inhibition assay	https://doi.org/10.1021/ml900028r
CGBJSGAELGCMKE-UHFFFAOYSA-N	PIK3CD	Inhibitor		nM	100	uM	EUbOPEN			biochemical	0.024	Ki	=	HTRF-based inhibition assay	https://doi.org/10.1021/ml900028r
CGBJSGAELGCMKE-UHFFFAOYSA-N	PIK3CG	Inhibitor		nM	100	uM	EUbOPEN			biochemical	0.06	Ki	=	HTRF-based inhibition assay	https://doi.org/10.1021/ml900028r
IUVCFHHAEHNCFT-INIZCTEOSA-N	PIK3CD	Inhibitor		nM	1	uM	EUbOPEN			biochemical	14.0	IC50	=	Enzymatic inhibition assay	https://doi.org/10.1021/acs.jmedchem.8b01298
NSMOZFXKTHCPTQ-UHFFFAOYSA-N	CSF1R	Inhibitor		nM	1	uM	EUbOPEN			biochemical	16.0	IC50	=	Enzymatic inhibition assay (100 µM ATP)	https://doi.org/10.1038/s41467-019-11674-z
JSKUWFIZUALZLX-UHFFFAOYSA-N	PLK1	Inhibitor		nM	100	uM	EUbOPEN			biochemical	2.2	IC50	=	Radiometric kinase assay	https://pubmed.ncbi.nlm.nih.gov/7267659/
JSKUWFIZUALZLX-UHFFFAOYSA-N	PLK3	Inhibitor		nM	100	uM	EUbOPEN			biochemical	9.1	IC50	=	Radiometric kinase assay	https://pubmed.ncbi.nlm.nih.gov/7267659/
DXCUKNQANPLTEJ-UHFFFAOYSA-N	FGFR1	Inhibitor		nM	100	uM	EUbOPEN			biochemical	21.5	IC50	=	Enzymatic inhibition assay (5 µM ATP)	https://pubmed.ncbi.nlm.nih.gov/9774334/
WGMNFJAFXXXRLZ-GEVKEYJPSA-N	DDR1	Inhibitor		nM	100	uM	EUbOPEN			biochemical	53.3	IC50	=	Enzyme kinetic assay (Reaction Biology)	https://doi.org/10.1021/acs.jmedchem.1c00868,  https://www.sgc-ffm.uni-frankfurt.de/#!specificprobeoverview/SR-302
WGMNFJAFXXXRLZ-GEVKEYJPSA-N	DDR2	Inhibitor		nM	100	uM	EUbOPEN			biochemical	0.75	IC50	=	Enzyme kinetic assay (Reaction Biology)	https://doi.org/10.1021/acs.jmedchem.1c00868,  https://www.sgc-ffm.uni-frankfurt.de/#!specificprobeoverview/SR-302
WGMNFJAFXXXRLZ-GEVKEYJPSA-N	MAPK11	Inhibitor		nM	100	uM	EUbOPEN			biochemical	45.1	IC50	=	Enzyme kinetic assay (Reaction Biology)	https://doi.org/10.1021/acs.jmedchem.1c00868,  https://www.sgc-ffm.uni-frankfurt.de/#!specificprobeoverview/SR-302
WGMNFJAFXXXRLZ-GEVKEYJPSA-N	MAPK14	Inhibitor		nM	100	uM	EUbOPEN			biochemical	6.2	IC50	=	Enzyme kinetic assay (Reaction Biology)	https://doi.org/10.1021/acs.jmedchem.1c00868,  https://www.sgc-ffm.uni-frankfurt.de/#!specificprobeoverview/SR-302
MPASHPJAIUOWCK-UHFFFAOYSA-N	TIE1	Inhibitor		nM	100	uM	EUbOPEN			biochemical	0.9	Kd	=	KdELECT (DiscoverX)	https://doi.org/10.1111/jnc.13877, https://www.sgc-ffm.uni-frankfurt.de/#!specificprobeoverview/BAY-826
MPASHPJAIUOWCK-UHFFFAOYSA-N	TEK	Inhibitor		nM	100	uM	EUbOPEN			biochemical	1.6	Kd	=	KdELECT (DiscoverX)	https://doi.org/10.1111/jnc.13877, https://www.sgc-ffm.uni-frankfurt.de/#!specificprobeoverview/BAY-826
MPASHPJAIUOWCK-UHFFFAOYSA-N	DDR1	Inhibitor		nM	100	uM	EUbOPEN			biochemical	0.4	Kd	=	KdELECT (DiscoverX)	https://doi.org/10.1111/jnc.13877, https://www.sgc-ffm.uni-frankfurt.de/#!specificprobeoverview/BAY-826
MPASHPJAIUOWCK-UHFFFAOYSA-N	DDR2	Inhibitor		nM	100	uM	EUbOPEN			biochemical	1.3	Kd	=	KdELECT (DiscoverX)	https://doi.org/10.1111/jnc.13877, https://www.sgc-ffm.uni-frankfurt.de/#!specificprobeoverview/BAY-826
HUOXIXBCBFNFKF-VOIUYBSRSA-N	SYK	Inhibitor		nM	100	uM	EUbOPEN			biochemical	0.9	IC50	=	Enzymatic inhibition assay	https://www.sgc-ffm.uni-frankfurt.de/chemProbes#!specificprobeoverview/MRL-SYKi
ATUUNJCZCOMUKD-OKILXGFUSA-N	LRRK2	Inhibitor		nM	100	uM	EUbOPEN			biochemical	0.76	IC50	=	LanthaScreen	https://doi.org/10.1124/jpet.115.227587
NRSGWEVTVGZDFC-UHFFFAOYSA-N	ROCK1	Inhibitor		nM	100	uM	EUbOPEN			biochemical	0.6	IC50	=	Enzyme activity assay	https://www.sgc-ffm.uni-frankfurt.de/#!specificprobeoverview/BAY-549
NRSGWEVTVGZDFC-UHFFFAOYSA-N	ROCK2	Inhibitor		nM	100	uM	EUbOPEN			biochemical	1.1	IC50	=	Enzyme activity assay	https://www.sgc-ffm.uni-frankfurt.de/#!specificprobeoverview/BAY-549
HXMGCTFLLWPVFM-GOSISDBHSA-N	MAPK14	Inhibitor		nM	1	uM	EUbOPEN			biochemical	5.0	IC50	=	ELISA (cell free)	https://doi.org/10.1038/nchembio.761
JWZSSEWMVYKYKW-UHFFFAOYSA-N	MAPK14	Inhibitor		nM	1	uM	EUbOPEN			biochemical	0.2	IC50	=	ELISA (cell free)	https://doi.org/10.1021/acs.jmedchem.7b00745
MAHFVAHPQSLLJF-IBGZPJMESA-N	RIPK1	Allosteric inhibitor		nM	100	uM	EUbOPEN			biochemical	3.9	Ki	=	TR-FRET binding assay (Invitrogen)	https://www.sgc-ffm.uni-frankfurt.de/#!specificprobeoverview/TP-030-1,  https://doi.org/10.1021/acs.jmedchem.7b01647
KHVVJKLNKLQLJZ-SFHVURJKSA-N	RIPK1	Allosteric inhibitor		nM	100	uM	EUbOPEN			biochemical	0.43	Ki	=	TR-FRET binding assay (Invitrogen)	https://www.sgc-ffm.uni-frankfurt.de/#!specificprobeoverview/TP-030-2,  https://doi.org/10.1021/acs.jmedchem.7b01647
HOYFKJXFPMNFPM-UHFFFAOYSA-N	CASK	Inhibitor		nM	1	uM	EUbOPEN			biochemical	22.0	Kd	=	ITC	https://www.thesgc.org/chemical-probes/NR162,  https://doi.org/10.1021/acs.jmedchem.1c00845
GJYVLTPTDBQQCY-UHFFFAOYSA-N	CLK1	Inhibitor		nM	1	uM	EUbOPEN			biochemical	41.0	IC50	=	Binding assays (Luceome Biotechniology)	https://www.thesgc.org/chemical-probes/SGC-CLK-1
GJYVLTPTDBQQCY-UHFFFAOYSA-N	CLK2	Inhibitor		nM	1	uM	EUbOPEN			biochemical	36.0	IC50	=	Binding assays (Luceome Biotechniology)	https://www.thesgc.org/chemical-probes/SGC-CLK-1
ZGBAPSHWPBXEKN-OPHFCASCSA-N	MMP12	Inhibitor		nM	100	uM	EUbOPEN			biochemical	0.085	IC50	=	Biochemical assay (inhibition of human macrophage elastase (HME/hMMP-12), addition of 2% BSA)	https://www.sgc-ffm.uni-frankfurt.de/#!specificprobeoverview/BAY-7598
CDQRIIUMNLMHRH-UHFFFAOYSA-N	MMP13	Inhibitor		nM	100	uM	EUbOPEN			biochemical	0.0069	IC50	=	Enzyme inhibition assay	https://doi.org/10.1016/j.bmc.2014.07.025,  https://www.sgc-ffm.uni-frankfurt.de/#!specificprobeoverview/T-26c
MMJPVSDTLGFIQW-UHFFFAOYSA-N	MMP13	Inhibitor		nM	100	uM	EUbOPEN			biochemical	1.0	IC50	=	FRET assay	https://doi.org/10.1021/jm201129m,  https://www.sgc-ffm.uni-frankfurt.de/#!specificprobeoverview/BI-4394
IXWUILRSNIQHDM-QGZVFWFLSA-N	MLLT1	Inhibitor		nM	1	uM	EUbOPEN			biochemical	140.0	IC50	=	HTRF-based inhibition assay	https://www.thesgc.org/chemical-probes/PFI-6
IXWUILRSNIQHDM-QGZVFWFLSA-N	MLLT3	Inhibitor		nM	1	uM	EUbOPEN			biochemical	160.0	IC50	=	HTRF-based inhibition assay	https://www.thesgc.org/chemical-probes/PFI-6
WHMXDBPHBVLYRC-OFVILXPXSA-N	CENPE	Allosteric inhibitor		nM	100	uM	EUbOPEN			biochemical	2.2	Ki	=	Enzyme inhibition assay	https://pubmed.ncbi.nlm.nih.gov/20167803/
PGIVGIFOWOVINL-GOSISDBHSA-N	ELANE	Inhibitor		nM	1	uM	EUbOPEN			biochemical	20.0	IC50	=	Microtiter-based biochemical assay	https://doi.org/10.1002/cmdc.201500131,  https://www.sgc-ffm.uni-frankfurt.de/#!specificprobeoverview/BAY-678
QGPXEIMWTKWHMH-DEOSSOPVSA-N	ALOX5AP	Inhibitor		nM	100	uM	EUbOPEN			biochemical	1.7	IC50	=	Binding assay (measuring radio-labeled ligand [125I]-L-691831(PE NEX084) displacement)	https://doi.org/10.1021/jm501185j,  https://www.sgc-ffm.uni-frankfurt.de/#!specificprobeoverview/BI%20665915
WDZVWDXOIGQJIO-UJKQEGAGSA-N	PSEN1@Protease	Inhibitor		nM	100	uM	EUbOPEN			biochemical	0.65	IC50	=	Radioligand binding assay for APP as target	https://www.sgc-ffm.uni-frankfurt.de/#!specificprobeoverview/MRK-560
JBHLOPKIPKTRSU-UHFFFAOYSA-N	PDE10A	Inhibitor		nM	100	uM	EUbOPEN			biochemical	0.99	Ki	=	Fluorescence polarization assay	https://doi.org/10.1016/j.neuropharm.2012.06.013,  https://www.sgc-ffm.uni-frankfurt.de/#!specificprobeoverview/THPP-1
WEVYNIUIFUYDGI-UHFFFAOYSA-N	ABL1	Allosteric Inhibitor		nM	1	uM	EUbOPEN			biochemical	9.0	IC50	=	Enzymatic inhibition assay (SH3SH2SH1 domain, Abl64-515)	https://www.sciencedirect.com/science/article/pii/S1570963909003677?via%3Dihub
WEVYNIUIFUYDGI-UHFFFAOYSA-N	ABL2	Allosteric Inhibitor		nM	1	uM	EUbOPEN			biochemical	670.0	IC50	=	Enzymatic inhibition assay	https://www.sciencedirect.com/science/article/pii/S1570963909003677?via%3Dihub
IFSDAJWBUCMOAH-HNNXBMFYSA-N	PIK3CG	Inhibitor		nM	100	uM	EUbOPEN			biochemical	89.0	IC50	=	Competition binding assay (Ambit)	https://ashpublications.org/blood/article/117/2/591/28152/CAL-101-a-p110-selective-phosphatidylinositol-3
IFSDAJWBUCMOAH-HNNXBMFYSA-N	PIK3CD	Inhibitor		nM	100	uM	EUbOPEN			biochemical	1.6	IC50	=	ADP-Glo luminescent assay (Promega)	https://www.sciencedirect.com/science/article/abs/pii/S0223523418303118?via%3Dihub
MWKYMZXCGYXLPL-ZDUSSCGKSA-N	PIK3CD	Inhibitor		nM	1	uM	EUbOPEN			biochemical	11.0	IC50	=	Adapta™ TR-FRET assay	https://pubs.acs.org/doi/10.1021/acsmedchemlett.7b00293
BWBUPDTUXQDHSX-AWEZNQCLSA-N	CAMK1	Inhibitor		nM	100	uM	EUbOPEN			biochemical	1.0	IC50	=	Enzymatic assay (Reaction Biology)	https://pubs.acs.org/doi/10.1021/acs.jmedchem.9b01803
BWBUPDTUXQDHSX-AWEZNQCLSA-N	PNCK	Inhibitor		nM	100	uM	EUbOPEN			biochemical	3.0	IC50	=	Enzymatic assay (Reaction Biology)	https://pubs.acs.org/doi/10.1021/acs.jmedchem.9b01803
BWBUPDTUXQDHSX-AWEZNQCLSA-N	CAMK1D	Inhibitor		nM	100	uM	EUbOPEN			biochemical	8.0	IC50	=	Enzymatic assay (Reaction Biology)	https://pubs.acs.org/doi/10.1021/acs.jmedchem.9b01803
BWBUPDTUXQDHSX-AWEZNQCLSA-N	CAMK1G	Inhibitor		nM	100	uM	EUbOPEN			biochemical	1.0	IC50	=	Enzymatic assay (Reaction Biology)	https://pubs.acs.org/doi/10.1021/acs.jmedchem.9b01803
PMWVYONICYRLNY-UHFFFAOYSA-N	CLK1	Inhibitor		nM	100	uM	EUbOPEN			biochemical	4.8	Kd	=	Kd ELECT competition-binding assay (DiscoverX)	https://www.embopress.org/doi/full/10.15252/emmm.201708289
PMWVYONICYRLNY-UHFFFAOYSA-N	CLK2	Inhibitor		nM	100	uM	EUbOPEN			biochemical	0.096	Kd	=	Kd ELECT competition-binding assay (DiscoverX)	https://www.embopress.org/doi/full/10.15252/emmm.201708289
PMWVYONICYRLNY-UHFFFAOYSA-N	CLK3	Inhibitor		nM	100	uM	EUbOPEN			biochemical	6.5	Kd	=	Kd ELECT competition-binding assay (DiscoverX)	https://www.embopress.org/doi/full/10.15252/emmm.201708289
PMWVYONICYRLNY-UHFFFAOYSA-N	CLK4	Inhibitor		nM	100	uM	EUbOPEN			biochemical	0.61	Kd	=	Kd ELECT competition-binding assay (DiscoverX)	https://www.embopress.org/doi/full/10.15252/emmm.201708289
PMWVYONICYRLNY-UHFFFAOYSA-N	DYRK1A	Inhibitor		nM	100	uM	EUbOPEN			biochemical	0.074	Kd	=	Kd ELECT competition-binding assay (DiscoverX)	https://www.embopress.org/doi/full/10.15252/emmm.201708289
PMWVYONICYRLNY-UHFFFAOYSA-N	DYRK1B	Inhibitor		nM	100	uM	EUbOPEN			biochemical	1.5	Kd	=	Kd ELECT competition-binding assay (DiscoverX)	https://www.embopress.org/doi/full/10.15252/emmm.201708289
PMWVYONICYRLNY-UHFFFAOYSA-N	DYRK2	Inhibitor		nM	100	uM	EUbOPEN			biochemical	32.0	Kd	=	Kd ELECT competition-binding assay (DiscoverX)	https://www.embopress.org/doi/full/10.15252/emmm.201708289
PMWVYONICYRLNY-UHFFFAOYSA-N	HIPK1	Inhibitor		nM	100	uM	EUbOPEN			biochemical	55.0	Kd	=	Kd ELECT competition-binding assay (DiscoverX)	https://www.embopress.org/doi/full/10.15252/emmm.201708289
PMWVYONICYRLNY-UHFFFAOYSA-N	HIPK2	Inhibitor		nM	100	uM	EUbOPEN			biochemical	96.0	Kd	=	Kd ELECT competition-binding assay (DiscoverX)	https://www.embopress.org/doi/full/10.15252/emmm.201708289
AQDWDWAYVBQMAM-UHFFFAOYSA-N	DYRK1A	Inhibitor		nM	100	uM	EUbOPEN			biochemical	29.6	IC50	=	Enzymatic inhibition assay (Thermo Fisher)	https://www.sciencedirect.com/science/article/pii/S106345841930994X?via%3Dihub
AQDWDWAYVBQMAM-UHFFFAOYSA-N	DYRK1B	Inhibitor		nM	100	uM	EUbOPEN			biochemical	41.2	IC50	=	Enzymatic inhibition assay (Thermo Fisher)	https://www.sciencedirect.com/science/article/pii/S106345841930994X?via%3Dihub
AQDWDWAYVBQMAM-UHFFFAOYSA-N	CLK2	Inhibitor		nM	100	uM	EUbOPEN			biochemical	7.8	IC50	=	Enzymatic inhibition assay (Thermo Fisher)	https://www.sciencedirect.com/science/article/pii/S106345841930994X?via%3Dihub
AQDWDWAYVBQMAM-UHFFFAOYSA-N	CLK3	Inhibitor		nM	100	uM	EUbOPEN			biochemical	44.3	IC50	=	Enzymatic inhibition assay (Thermo Fisher)	https://www.sciencedirect.com/science/article/pii/S106345841930994X?via%3Dihub
AQDWDWAYVBQMAM-UHFFFAOYSA-N	CLK4	Inhibitor		nM	100	uM	EUbOPEN			biochemical	21.0	IC50	=	Enzymatic inhibition assay (Thermo Fisher)	https://www.sciencedirect.com/science/article/pii/S106345841930994X?via%3Dihub
AQDWDWAYVBQMAM-UHFFFAOYSA-N	HIPK1	Inhibitor		nM	100	uM	EUbOPEN			biochemical	33.2	IC50	=	Enzymatic inhibition assay (Thermo Fisher)	https://www.sciencedirect.com/science/article/pii/S106345841930994X?via%3Dihub
AQDWDWAYVBQMAM-UHFFFAOYSA-N	HIPK2	Inhibitor		nM	100	uM	EUbOPEN			biochemical	16.8	IC50	=	Enzymatic inhibition assay (Thermo Fisher)	https://www.sciencedirect.com/science/article/pii/S106345841930994X?via%3Dihub
AQDWDWAYVBQMAM-UHFFFAOYSA-N	GSK3B	Inhibitor		nM	100	uM	EUbOPEN			biochemical	37.8	IC50	=	Enzymatic inhibition assay (Thermo Fisher)	https://www.sciencedirect.com/science/article/pii/S106345841930994X?via%3Dihub
PGPHHJBZEGSUNE-JYRVWZFOSA-N	DYRK1A	Inhibitor		nM	1	uM	EUbOPEN			biochemical	7.8	Kd	=	Kd ELECT competition-binding assay (DiscoverX)	https://pubs.acs.org/doi/10.1021/jm301034u
PGPHHJBZEGSUNE-JYRVWZFOSA-N	DYRK1B	Inhibitor		nM	1	uM	EUbOPEN			biochemical	140.0	Kd	=	Kd ELECT competition-binding assay (DiscoverX)	https://pubs.acs.org/doi/10.1021/jm301034u
PGPHHJBZEGSUNE-JYRVWZFOSA-N	CLK1	Inhibitor		nM	1	uM	EUbOPEN			biochemical	75.0	Kd	=	Kd ELECT competition-binding assay (DiscoverX)	https://pubs.acs.org/doi/10.1021/jm301034u
PGPHHJBZEGSUNE-JYRVWZFOSA-N	CLK4	Inhibitor		nM	1	uM	EUbOPEN			biochemical	70.0	Kd	=	Kd ELECT competition-binding assay (DiscoverX)	https://pubs.acs.org/doi/10.1021/jm301034u
PGPHHJBZEGSUNE-JYRVWZFOSA-N	DYRK2	Inhibitor		nM	1	uM	EUbOPEN			biochemical	450.0	Kd	=	Kd ELECT competition-binding assay (DiscoverX)	https://pubs.acs.org/doi/10.1021/jm301034u
ZYVXTMKTGDARKR-UHFFFAOYSA-N	DYRK1A	Inhibitor		nM	1	uM	EUbOPEN			biochemical	88.0	IC50	=	Radioactive kinase inhibiton assay (phosphorylation of synthetic peptide substrate Woodtid, [γ -32P]ATP)	https://portlandpress.com/biochemj/article-abstract/457/1/43/46825/A-novel-DYRK1B-inhibitor-AZ191-demonstrates-that?redirectedFrom=fulltext
ZYVXTMKTGDARKR-UHFFFAOYSA-N	DYRK1B	Inhibitor		nM	1	uM	EUbOPEN			biochemical	17.0	IC50	=	Radioactive kinase inhibiton assay (phosphorylation of synthetic peptide substrate Woodtid, [γ -32P]ATP)	https://portlandpress.com/biochemj/article-abstract/457/1/43/46825/A-novel-DYRK1B-inhibitor-AZ191-demonstrates-that?redirectedFrom=fulltext
MXAVRMOXZMBKGE-UHFFFAOYSA-N	SRPK1	Negative control for MSC2711186A		nM	1	uM	EUbOPEN			biochemical	10000.0	IC50	>	Biochemical activity assay (Reaction Biology)	https://pubs.acs.org/doi/full/10.1021/acs.jmedchem.2c01705
MXAVRMOXZMBKGE-UHFFFAOYSA-N	SRPK2	Negative control for MSC2711186A		nM	1	uM	EUbOPEN			biochemical	10000.0	IC50	>	Biochemical activity assay (Reaction Biology)	https://pubs.acs.org/doi/full/10.1021/acs.jmedchem.2c01705
MXAVRMOXZMBKGE-UHFFFAOYSA-N	SRPK3	Negative control for MSC2711186A		nM	1	uM	EUbOPEN			biochemical	3500.0	IC50	=	Biochemical activity assay (Reaction Biology)	https://pubs.acs.org/doi/full/10.1021/acs.jmedchem.2c01705
WBFJDKLBAAHKIL-UHFFFAOYSA-N	SRPK1	Inhibitor		nM	1	uM	EUbOPEN			biochemical	2.7	IC50	=	Biochemical activity assay (Reaction Biology)	https://pubs.acs.org/doi/full/10.1021/acs.jmedchem.2c01705
WBFJDKLBAAHKIL-UHFFFAOYSA-N	SRPK2	Inhibitor		nM	1	uM	EUbOPEN			biochemical	81.0	IC50	=	Biochemical activity assay (Reaction Biology)	https://pubs.acs.org/doi/full/10.1021/acs.jmedchem.2c01705
WBFJDKLBAAHKIL-UHFFFAOYSA-N	SRPK3	Inhibitor		nM	1	uM	EUbOPEN			biochemical	0.59	IC50	=	Biochemical activity assay (Reaction Biology)	https://pubs.acs.org/doi/full/10.1021/acs.jmedchem.2c01705
BJVQXSHZMUFJBQ-UHFFFAOYSA-N	CLK4	Negative control for SGC-CLK-1 (UNC-CAF-170 )		nM	1	uM	EUbOPEN			biochemical	10000.0	IC50	>	Enzymatic assay (Eurofins)	https://www.thesgc.org/chemical-probes/SGC-CLK-1
BJVQXSHZMUFJBQ-UHFFFAOYSA-N	CLK1	Negative control for SGC-CLK-1 (UNC-CAF-170 )		nM	1	uM	EUbOPEN			biochemical	10000.0	IC50	>	Enzymatic assay (Eurofins)	https://www.thesgc.org/chemical-probes/SGC-CLK-1
BJVQXSHZMUFJBQ-UHFFFAOYSA-N	CLK2	Negative control for SGC-CLK-1 (UNC-CAF-170 )		nM	1	uM	EUbOPEN			biochemical	10000.0	IC50	>	Enzymatic assay (Eurofins)	https://www.thesgc.org/chemical-probes/SGC-CLK-1
ZDITZGRCUFFQRS-PHZGNYQRSA-N	ENPP2	Negative control for BI-2545		nM	1	uM	EUbOPEN			biochemical	8900.0	IC50	=	Biochemical assay (LPA measurement)	https://www.sgc-ffm.uni-frankfurt.de/#!specificprobeoverview/BI-2545
IYNDTACKOAXKBJ-UHFFFAOYSA-N	CDK1	Inhibitor		nM	1	uM	EUbOPEN			biochemical	26.0	IC50	=	Radiometric kinase assay (conc. ATP = Km)	https://pubs.acs.org/doi/10.1021/acs.jmedchem.8b00049
IYNDTACKOAXKBJ-UHFFFAOYSA-N	CDK2	Inhibitor		nM	1	uM	EUbOPEN			biochemical	3.0	IC50	=	Radiometric kinase assay (conc. ATP = Km)	https://pubs.acs.org/doi/10.1021/acs.jmedchem.8b00049
IYNDTACKOAXKBJ-UHFFFAOYSA-N	CDK5	Inhibitor		nM	1	uM	EUbOPEN			biochemical	9.5	IC50	=	Radiometric kinase assay (conc. ATP = Km)	https://pubs.acs.org/doi/10.1021/acs.jmedchem.8b00049
IYNDTACKOAXKBJ-UHFFFAOYSA-N	CDK9	Inhibitor		nM	1	uM	EUbOPEN			biochemical	13.0	IC50	=	Radiometric kinase assay (conc. ATP = Km)	https://pubs.acs.org/doi/10.1021/acs.jmedchem.8b00049
PLCVQSIOQUTHPT-UHFFFAOYSA-N	PADI4	Negative control for GSK484		nM	1	uM	EUbOPEN			biochemical	100000.0	IC50	>	Fluorescence polarization binding assay (0 mM Ca)	https://www.ncbi.nlm.nih.gov/pmc/articles/PMC4397581/
MULKOGJHUZTANI-ADMBKAPUSA-N	PADI4	Inhibitor		nM	1	uM	EUbOPEN			biochemical	50.0	IC50	=	Fluorescence polarization binding assay (0 mM Ca)	https://www.ncbi.nlm.nih.gov/pmc/articles/PMC4397581/
QTIVTZLLONAWRR-UHFFFAOYSA-N	BRPF1	Negative control for NI-57		nM	1	uM	EUbOPEN			biochemical	100000.0	IC50	>	BROMOscan	https://pubs.acs.org/doi/10.1021/acs.jmedchem.7b00611#
QTIVTZLLONAWRR-UHFFFAOYSA-N	BRPF3	BRPF3@BRD		nM	1	uM	EUbOPEN			biochemical	100000.0	IC50	>	BROMOscan	https://pubs.acs.org/doi/10.1021/acs.jmedchem.7b00611#
QTIVTZLLONAWRR-UHFFFAOYSA-N	BRD1	Negative control for NI-57		nM	1	uM	EUbOPEN			biochemical	100000.0	IC50	>	BROMOscan	https://pubs.acs.org/doi/10.1021/acs.jmedchem.7b00611#
RVHZFZVJXGIAJF-HNNXBMFYSA-N	PAK1	Negative control for NVS-PAK1-1		nM	1	uM	EUbOPEN			biochemical	1500.0	IC50	=	Caliper in-vitro dephosphorylation assay (PAK1 phos.)	https://www.thesgc.org/chemical-probes/mu1742
SBCFKMYFTAVDHK-UHFFFAOYSA-N	MGAT2	Negative control for TP-020		nM	1	uM	EUbOPEN			biochemical	3300.0	IC50	=	RapidFire/MS assay (using full-length human protein)	https://www.sgc-ffm.uni-frankfurt.de/#!specificprobeoverview/TP-020
TXEBNKKOLVBTFK-UHFFFAOYSA-N	FGFR4	Covalent inhibitor		nM	100	uM	EUbOPEN			biochemical	3.0	IC50	=	Enzyme inhibition assay (conc. ATP = Km)	https://aacrjournals.org/cancerdiscovery/article/5/4/424/4943/First-Selective-Small-Molecule-Inhibitor-of-FGFR4
NHJSWORVNIOXIT-UHFFFAOYSA-N	FGFR1	Inhibitor		nM	100	uM	EUbOPEN			biochemical	52.4	IC50	=	Radiometric kinase assay (full-length FGFR1)	https://jpet.aspetjournals.org/content/286/1/569.long
BLFBSGVUERKSST-UHFFFAOYSA-N	MELK	Inhibitor		nM	1	uM	EUbOPEN			biochemical	5.0	IC50	=	HTRF assay (full-length MELK protein with KinEASE STK S1 peptide (Cisbio HTRF) as substrate, 20 µM ATP)	27187609
QKNBRNSGPNCARD-SGNKCFNYSA-N	SIK1	Inhibitor		nM	1	uM	EUbOPEN			biochemical	55.0	IC50	=	Radiometric 33PanQinase Assay	https://pubs.acs.org/doi/10.1021/acs.jmedchem.0c02144
QKNBRNSGPNCARD-SGNKCFNYSA-N	SIK2	Inhibitor		nM	1	uM	EUbOPEN			biochemical	48.0	IC50	=	Radiometric 33PanQinase Assay	https://pubs.acs.org/doi/10.1021/acs.jmedchem.0c02144
QKNBRNSGPNCARD-SGNKCFNYSA-N	SIK3	Inhibitor		nM	1	uM	EUbOPEN			biochemical	22.0	IC50	=	Radiometric 33PanQinase Assay	https://pubs.acs.org/doi/10.1021/acs.jmedchem.0c02144
UNSHMXUHOHBLIQ-UHFFFAOYSA-N	BCAT1	Inhibitor		nM	1	uM	EUbOPEN			biochemical	27.0	IC50		Biochemical assay	https://www.sgc-ffm.uni-frankfurt.de/#!specificprobeoverview/BAY-069
UNSHMXUHOHBLIQ-UHFFFAOYSA-N	BCAT2	Inhibitor		nM	1	uM	EUbOPEN			biochemical	130.0	IC50		Biochemical assay	https://www.sgc-ffm.uni-frankfurt.de/#!specificprobeoverview/BAY-069
IESAJAZKMLPVIB-VXGBXAGGSA-N	TRPA1	Inhibitor		nM	100	uM	EUbOPEN			biochemical	16.0	IC50		FLIPR Ca2+ assay (human TRPA1 overexpressing cell line CHO hTRPA1 GCaMP6)	https://www.sgc-ffm.uni-frankfurt.de/#!specificprobeoverview/BAY-390
YQOLEILXOBUDMU-KRWDZBQOSA-N	PTGFR	Antagonist		nM	100	uM	EUbOPEN			biochemical	22.0	IC50		Panlabs hFP-R binding assay	https://www.sgc-ffm.uni-frankfurt.de/chemProbes#!specificprobeoverview/BAY-6672
PCJVXTDIDUMIRR-QGZVFWFLSA-N	CMA1@Protease	Inhibitor		nM	1	uM	EUbOPEN			biochemical	0.4	IC50		Enzymatic assay (inhibition of recombinant human chymase CMA1)	https://pubmed.ncbi.nlm.nih.gov/23659209/
WZQLVEPIBAOOGF-RMMWZPCPSA-N	BRD2@BD2	Inhibitor		nM	1	uM	EUbOPEN			biochemical	31.6	IC50		BET mutant TR-FRET assay (BD2)	https://pubs.acs.org/doi/10.1021/acsmedchemlett.0c00247
WZQLVEPIBAOOGF-RMMWZPCPSA-N	BRD3@BD2	Inhibitor		nM	1	uM	EUbOPEN			biochemical	15.8	IC50		BET mutant TR-FRET assay (BD2)	https://pubs.acs.org/doi/10.1021/acsmedchemlett.0c00247
WZQLVEPIBAOOGF-RMMWZPCPSA-N	BRD4@BD2	Inhibitor		nM	1	uM	EUbOPEN			biochemical	15.8	IC50		BET mutant TR-FRET assay (BD2)	https://pubs.acs.org/doi/10.1021/acsmedchemlett.0c00247
WZQLVEPIBAOOGF-RMMWZPCPSA-N	BRDT@BD2	Inhibitor		nM	1	uM	EUbOPEN			biochemical	39.8	IC50		BET mutant TR-FRET assay (BD2)	https://pubs.acs.org/doi/10.1021/acsmedchemlett.0c00247
FRBRZGLUFOZRGD-JVPBZIDWSA-N	BRD2@BD2	Inhibitor		nM	1	uM	EUbOPEN			biochemical	251.0	IC50		BET mutant TR-FRET assay (BD2)	https://pubs.acs.org/doi/10.1021/acs.jmedchem.0c00605
FRBRZGLUFOZRGD-JVPBZIDWSA-N	BRD3@BD2	Inhibitor		nM	1	uM	EUbOPEN			biochemical	100.0	IC50		BET mutant TR-FRET assay (BD2)	https://pubs.acs.org/doi/10.1021/acs.jmedchem.0c00605
FRBRZGLUFOZRGD-JVPBZIDWSA-N	BRD4@BD2	Inhibitor		nM	1	uM	EUbOPEN			biochemical	50.0	IC50		BET mutant TR-FRET assay (BD2)	https://pubs.acs.org/doi/10.1021/acs.jmedchem.0c00605
FRBRZGLUFOZRGD-JVPBZIDWSA-N	BRDT@BD2	Inhibitor		nM	1	uM	EUbOPEN			biochemical	200.0	IC50		BET mutant TR-FRET assay (BD2)	https://pubs.acs.org/doi/10.1021/acs.jmedchem.0c00605
ZORLJXWXFABTPZ-CTNGQTDRSA-N	BRD2@BD1	Inhibitor		nM	1	uM	EUbOPEN			biochemical	79.0	IC50		BET mutant TR-FRET assay (BD1)	https://pubs.acs.org/doi/10.1021/acs.jmedchem.0c00566
ZORLJXWXFABTPZ-CTNGQTDRSA-N	BRD3@BD1	Inhibitor		nM	1	uM	EUbOPEN			biochemical	40.0	IC50		BET mutant TR-FRET assay (BD1)	https://pubs.acs.org/doi/10.1021/acs.jmedchem.0c00566
ZORLJXWXFABTPZ-CTNGQTDRSA-N	BRD4@BD1	Inhibitor		nM	1	uM	EUbOPEN			biochemical	40.0	IC50		BET mutant TR-FRET assay (BD1)	https://pubs.acs.org/doi/10.1021/acs.jmedchem.0c00566
ZORLJXWXFABTPZ-CTNGQTDRSA-N	BRDT@BD1	Inhibitor		nM	1	uM	EUbOPEN			biochemical	158.0	IC50		BET mutant TR-FRET assay (BD1)	https://pubs.acs.org/doi/10.1021/acs.jmedchem.0c00566
NDEORODKVUYMFQ-NHCUHLMSSA-N	BRD2@BD1	Inhibitor		nM	1	uM	EUbOPEN			biochemical	100.0	IC50		BET mutant TR-FRET assay (BD1)	https://pubmed.ncbi.nlm.nih.gov/32691589/
NDEORODKVUYMFQ-NHCUHLMSSA-N	BRD3@BD1	Inhibitor		nM	1	uM	EUbOPEN			biochemical	158.0	IC50		BET mutant TR-FRET assay (BD1)	https://pubmed.ncbi.nlm.nih.gov/32691589/
NDEORODKVUYMFQ-NHCUHLMSSA-N	BRD4@BD1	Inhibitor		nM	1	uM	EUbOPEN			biochemical	32.0	IC50		BET mutant TR-FRET assay (BD1)	https://pubmed.ncbi.nlm.nih.gov/32691589/
NDEORODKVUYMFQ-NHCUHLMSSA-N	BRDT@BD1	Inhibitor		nM	1	uM	EUbOPEN			biochemical	631.0	IC50		BET mutant TR-FRET assay (BD1)	https://pubmed.ncbi.nlm.nih.gov/32691589/
QZZCUOVXHPAQRQ-UHFFFAOYSA-N	BRDT@BD2	Inhibitor		nM	1	uM	EUbOPEN			biochemical	200.0	IC50		BET mutant TR-FRET assay (BD2)	https://www.sgc-ffm.uni-frankfurt.de/#!specificprobeoverview/GSK620
QZZCUOVXHPAQRQ-UHFFFAOYSA-N	BRD2@BD2	Inhibitor		nM	1	uM	EUbOPEN			biochemical	316.0	IC50		BET mutant TR-FRET assay (BD2)	https://www.sgc-ffm.uni-frankfurt.de/#!specificprobeoverview/GSK620
QZZCUOVXHPAQRQ-UHFFFAOYSA-N	BRD3@BD2	Inhibitor		nM	1	uM	EUbOPEN			biochemical	79.0	IC50		BET mutant TR-FRET assay (BD2)	https://www.sgc-ffm.uni-frankfurt.de/#!specificprobeoverview/GSK620
QZZCUOVXHPAQRQ-UHFFFAOYSA-N	BRD4@BD2	Inhibitor		nM	1	uM	EUbOPEN			biochemical	97.0	IC50		BET mutant TR-FRET assay (BD2)	https://www.sgc-ffm.uni-frankfurt.de/#!specificprobeoverview/GSK620
AQTNUGRRZDRZIA-UHFFFAOYSA-N	SMARCA2@BRD	Inhibitor		nM	1	uM	EUbOPEN			biochemical	35.0	Kd		ITC	https://www.thesgc.org/chemical-probes/SGC-SMARCA-BRDVIII
AQTNUGRRZDRZIA-UHFFFAOYSA-N	SMARCA4@BRD	Inhibitor		nM	1	uM	EUbOPEN			biochemical	36.0	Kd		ITC	https://www.thesgc.org/chemical-probes/SGC-SMARCA-BRDVIII
AQTNUGRRZDRZIA-UHFFFAOYSA-N	PBRM1@BRD	Inhibitor		nM	1	uM	EUbOPEN			biochemical	13.0	Kd		ITC	https://www.thesgc.org/chemical-probes/SGC-SMARCA-BRDVIII
DLNFTRSEHUWEGO-HUUCEWRRSA-N	GLS	Inhibitor		nM	100	uM	EUbOPEN			biochemical	31.0	IC50		GLS Enzyme activity assay	https://www.sgc-ffm.uni-frankfurt.de/#!specificprobeoverview/A-446
OFNZESNEBSQKSE-BQGOKDIQSA-N	WDR5	PROTAC, degrader		nM	1	uM	EUbOPEN			biochemical	18.0	Kd		ITC	https://pubs.acs.org/doi/10.1021/acs.jmedchem.1c00146
TZMQFZRIXDLOHW-JIDHJSLPSA-N	SMYD2	Inhibitor		nM	1	uM	EUbOPEN			biochemical	9.0	IC50		Inhibition of in vitro methylation of p53K370	https://pubs.acs.org/doi/10.1021/acs.jmedchem.9b00112#
KOZGEDUWAQFVAV-UHFFFAOYSA-N	NSD2 (PWWP1 domain)	Antagonist		nM	1	uM	EUbOPEN			biochemical	91.0	Kd	=	SPR measurement	https://pubmed.ncbi.nlm.nih.gov/34782742/
HLHNFJNSQZZUNW-MAEOIBBWSA-N	GID4	Inhibitor		nM	100	uM	EUbOPEN			biochemical	80.0	Kd		SPR measurement	https://www.thesgc.org/chemical-probes/PFI-7
ZZSNHHKTFMLWFY-KRWDZBQOSA-N	PTGFR	Negative control for BAY-6672		nM	100	uM	EUbOPEN			biochemical	10000.0	IC50	>	Panlabs hFP-R binding assay	https://www.sgc-ffm.uni-frankfurt.de/chemProbes#!specificprobeoverview/BAY-6672
CWRARANSONEPBZ-CHWSQXEVSA-N	TRPA1	Negative control for BAY-390		nM	100	uM	EUbOPEN			biochemical	25000.0	IC50	>	FLIPR Ca2+ assay (human TRPA1 overexpressing cell line CHO hTRPA1 GCaMP6)	https://www.sgc-ffm.uni-frankfurt.de/#!specificprobeoverview/BAY-390
NDEORODKVUYMFQ-SFTDATJTSA-N	BRD2@BD1	Negative control for GSK789		nM	1	uM	EUbOPEN			biochemical	2512.0	IC50		BET mutant TR-FRET assay (BD1)	https://www.sgc-ffm.uni-frankfurt.de/chemProbes#!specificprobeoverview/GSK789
NDEORODKVUYMFQ-SFTDATJTSA-N	BRD3@BD1	Negative control for GSK789		nM	1	uM	EUbOPEN			biochemical	3981.0	IC50		BET mutant TR-FRET assay (BD1)	https://www.sgc-ffm.uni-frankfurt.de/chemProbes#!specificprobeoverview/GSK789
NDEORODKVUYMFQ-SFTDATJTSA-N	BRD4@BD1	Negative control for GSK789		nM	1	uM	EUbOPEN			biochemical	1585.0	IC50		BET mutant TR-FRET assay (BD1)	https://www.sgc-ffm.uni-frankfurt.de/chemProbes#!specificprobeoverview/GSK789
NDEORODKVUYMFQ-SFTDATJTSA-N	BRDT@BD1	Negative control for GSK789		nM	1	uM	EUbOPEN			biochemical	7943.0	IC50		BET mutant TR-FRET assay (BD1)	https://www.sgc-ffm.uni-frankfurt.de/chemProbes#!specificprobeoverview/GSK789
WZQLVEPIBAOOGF-PXTPFGJHSA-N	BRD4@BD2	Negative control for GSK973		nM	1	uM	EUbOPEN			biochemical	7943.0	IC50		BET mutant TR-FRET assay (BD2)	https://www.sgc-ffm.uni-frankfurt.de/chemProbes#!specificprobeoverview/GSK973
YQCVJBZPFAJZFJ-DVUQJCTJSA-N	HCV:NS3	Inhibitor		nM	100	uM	EUbOPEN			biochemical	6.7	IC50		Enzymatic assay (using a NS3-NS4A heterodimer and a fluorogenic substrate)	https://www.sgc-ffm.uni-frankfurt.de/#!specificprobeoverview/BI-1230
YKDZIFFKQUNVHH-UHFFFAOYSA-N	CSNK2A1	Inhibitor		nM	100	uM	EUbOPEN			biochemical	4.2	IC50	=	Enzymatic assay (Eurofins at 10 µM ATP)	https://www.sciencedirect.com/science/article/pii/S2451945620305225?via%3Dihub
YKDZIFFKQUNVHH-UHFFFAOYSA-N	CSNK2A2	Inhibitor		nM	100	uM	EUbOPEN			biochemical	2.3	IC50	=	Enzymatic assay (Eurofins at 10 µM ATP)	https://www.sciencedirect.com/science/article/pii/S2451945620305225?via%3Dihub
RIWTUJFFSTVYPW-UHFFFAOYSA-N	ACVR1	inhibitor		nM	1	uM	EUbOPEN			biochemical	14.0	IC50	=	Radiometric assay and ³³PanQinase™	https://www.thesgc.org/chemical-probes/m4k2234
RIWTUJFFSTVYPW-UHFFFAOYSA-N	ACVRL1	inhibitor		nM	1	uM	EUbOPEN			biochemical	7.0	IC50	=	Radiometric assay and ³³PanQinase™	https://www.thesgc.org/chemical-probes/m4k2234
BNDYIYYKEIXHNK-UHFFFAOYSA-N	TTBK1	Inhibitor		nM	1	uM	EUbOPEN			biochemical	240.0	Kd	=	SPR	https://chemistry-europe.onlinelibrary.wiley.com/doi/full/10.1002/cmdc.201300274
BNDYIYYKEIXHNK-UHFFFAOYSA-N	RET	Inhibitor		nM	1	uM	EUbOPEN			biochemical	4.5	IC50	=	HTRF assay (at Km = ATP)	https://www.sciencedirect.com/science/article/pii/S0223523416300393?via%3Dihub
BNDYIYYKEIXHNK-UHFFFAOYSA-N	KDR	Inhibitor		nM	1	uM	EUbOPEN			biochemical	66.0	IC50	=	HTRF assay (at Km = ATP)	https://www.sciencedirect.com/science/article/pii/S0223523416300393?via%3Dihub
CLDJMFXSCFWXDI-UHFFFAOYSA-N	CSNK1D	Inhibitor		nM	1	uM	EUbOPEN			biochemical	8.0	IC50	=	Kinase-Glo Plus Assay	https://doi.org/10.1021/acschemneuro.7b00155
CLDJMFXSCFWXDI-UHFFFAOYSA-N	CSNK1E	Inhibitor		nM	1	uM	EUbOPEN			biochemical	36.0	IC50	=	Kinase-Glo Plus Assay	https://doi.org/10.1021/acschemneuro.7b00155
SRSOVGVHVNSXTC-UHFFFAOYSA-N	CSNK1A1	Negative control for MU1742		nM	1	uM	EUbOPEN			biochemical	3000.0	IC50	>	Tracer competition assays (Reaction Biology, 10 mM ATP)	https://www.thesgc.org/chemical-probes/mu1742
SRSOVGVHVNSXTC-UHFFFAOYSA-N	CSNK1D	Negative control for MU1742		nM	1	uM	EUbOPEN			biochemical	3000.0	IC50	>	Tracer competition assays (Reaction Biology, 10 mM ATP)	https://www.thesgc.org/chemical-probes/mu1742
SRSOVGVHVNSXTC-UHFFFAOYSA-N	CSNK1E	Negative control for MU1742		nM	1	uM	EUbOPEN			biochemical	3000.0	IC50	>	Tracer competition assays (Reaction Biology, 10 mM ATP)	https://www.thesgc.org/chemical-probes/mu1742
KINPMBFCIYMYBU-UHFFFAOYSA-N	CSNK1E	Inhibitor		nM	1	uM	EUbOPEN			biochemical	18.0	IC50	=	Tracer competition assays (Reaction Biology, 10 mM ATP)	https://pubmed.ncbi.nlm.nih.gov/36625768/
KINPMBFCIYMYBU-UHFFFAOYSA-N	CSNK1A1	Inhibitor		nM	1	uM	EUbOPEN			biochemical	67.0	IC50	=	Tracer competition assays (Reaction Biology, 10 mM ATP)	https://pubmed.ncbi.nlm.nih.gov/36625768/
KINPMBFCIYMYBU-UHFFFAOYSA-N	CSNK1D	Inhibitor		nM	1	uM	EUbOPEN			biochemical	3.0	IC50	=	Tracer competition assays (Reaction Biology, 10 mM ATP)	https://pubmed.ncbi.nlm.nih.gov/36625768/
WOCYQJPRQRGYAH-SHTZXODSSA-N	CSNK1A1	Inhibitor		nM	1	uM	EUbOPEN			biochemical	12.0	IC50	=	Tracer competition assays (Reaction Biology, 10 mM ATP)	https://pubmed.ncbi.nlm.nih.gov/36625768/
WOCYQJPRQRGYAH-SHTZXODSSA-N	CSNK1D	Inhibitor		nM	1	uM	EUbOPEN			biochemical	11.0	IC50	=	Tracer competition assays (Reaction Biology, 10 mM ATP)	https://pubmed.ncbi.nlm.nih.gov/36625768/
WOCYQJPRQRGYAH-SHTZXODSSA-N	CSNK1E	Inhibitor		nM	1	uM	EUbOPEN			biochemical	72.0	IC50	=	Tracer competition assays (Reaction Biology, 10 mM ATP)	https://pubmed.ncbi.nlm.nih.gov/36625768/
SWOIFXHMBKFCRM-UHFFFAOYSA-N	CSNK1A1	Inhibitor		nM	1	uM	EUbOPEN			biochemical	7.2	IC50	=	Eurofins radiometric assay	https://www.thesgc.org/chemical-probes/mu1742
SWOIFXHMBKFCRM-UHFFFAOYSA-N	CSNK1D	Inhibitor		nM	1	uM	EUbOPEN			biochemical	6.1	IC50	=	Eurofins radiometric assay	https://www.thesgc.org/chemical-probes/mu1742
SWOIFXHMBKFCRM-UHFFFAOYSA-N	CSNK1E	Inhibitor		nM	1	uM	EUbOPEN			biochemical	27.7	IC50	=	Tracer competition assays (Reaction Biology, 10 mM ATP)	https://www.thesgc.org/chemical-probes/mu1742
IENLGMOXAQMNEH-CYBMUJFWSA-N	CHEK1	Inhibitor		nM	100	uM	EUbOPEN			biochemical	7.7	IC50	=	Caliper microfluidic assay	https://pubmed.ncbi.nlm.nih.gov/23082860/
PRWSIEBRGXYXAJ-UHFFFAOYSA-N	EIF2AK3	Inhibitor		nM	100	uM	EUbOPEN			biochemical	0.9	IC50	=	Enzymatic assay	https://pubmed.ncbi.nlm.nih.gov/23333938/
ODLNBFNBEPOFNC-UHFFFAOYSA-N	ROCK1	Inhibitor		nM	100	uM	EUbOPEN			biochemical	9.0	IC50	=	Scintillation Proximity Assay (SPA)	https://pubs.acs.org/doi/10.1021/jm0609014
RHTXWIKPNGROHZ-UHFFFAOYSA-N	ROCK1	Inhibitor		nM	1	uM	EUbOPEN			biochemical	8.0	IC50	=	Scintillation Proximity Assay (SPA)	https://pubs.acs.org/doi/10.1021/jm0609014
UGTLDBJIOSYXRR-UHFFFAOYSA-N	RIPK3	Inhibitor		nM	1	uM	EUbOPEN			biochemical	0.9	IC50	=	Fluorescence Polarization Binding Assay	https://pubmed.ncbi.nlm.nih.gov/25459880/
YEVOZZZLKJKCCD-UHFFFAOYSA-N	LRRK2	inhibitor		nM	1	uM	EUbOPEN			biochemical	20.3	IC50	=	Enzymatic assay (using 0.1 µM ATP)	https://pubmed.ncbi.nlm.nih.gov/23066449/
XWQVQSXLXAXOPJ-NJDAHSKKSA-N	CDK9	inhibitor		nM	1	uM	EUbOPEN			biochemical	0.514	IC50	=	Adapta Eu kinase assay (using CDK9/cyclinT1, using Km =ATP)	https://www.nature.com/articles/nchembio.2538
FYICDSWKKFSYOM-UHFFFAOYSA-N	ERBB3	Covalent inhibitor		nM	1	uM	EUbOPEN			biochemical	23.0	IC50	=	FRET binding assay	https://pubmed.ncbi.nlm.nih.gov/25326665/
LBFYQISQYCGDDW-UHFFFAOYSA-N	CDK19	Inhibitor		nM	100	uM	EUbOPEN			biochemical	6.0	IC50	=	Reporter displacement assay	https://pubmed.ncbi.nlm.nih.gov/26796641/
LBFYQISQYCGDDW-UHFFFAOYSA-N	CDK8	Inhibitor		nM	100	uM	EUbOPEN			biochemical	7.2	IC50	=	Reporter displacement assay	https://pubmed.ncbi.nlm.nih.gov/26796641/
ZDSNJSQTPLXCSG-UHFFFAOYSA-N	TEK	Inhibitor		nM	1	uM	EUbOPEN			biochemical	3.5	IC50	=	Caliper assay (using ATP = Km)	https://pubmed.ncbi.nlm.nih.gov/26501955/
ZDSNJSQTPLXCSG-UHFFFAOYSA-N	STK10	Inhibitor		nM	1	uM	EUbOPEN			biochemical	66.0	IC50	=	Caliper assay (using ATP = Km)	https://pubmed.ncbi.nlm.nih.gov/26501955/
SIXVRXARNAVBTC-UHFFFAOYSA-N	EIF2AK3	Inhibitor		nM	100	uM	EUbOPEN			biochemical	0.4	IC50	=	HTRF assay (cytoplasmic PERK domain phosphorylation of EIF2α)	https://pubmed.ncbi.nlm.nih.gov/22827572/
SIXVRXARNAVBTC-UHFFFAOYSA-N	RIPK1	Inhibitor		nM	100	uM	EUbOPEN			biochemical	18.2	IC50	=	ADP-Glo assay	https://www.nature.com/articles/cdd201758
AHJRHEGDXFFMBM-UHFFFAOYSA-N	CDK4	inhibitor		nM	100	uM	EUbOPEN			biochemical	9.0	IC50	=	Radiometric kinase assay (using CDK4/cyclinD3 and 25 µM ATP)	https://pubmed.ncbi.nlm.nih.gov/15542782/
AHJRHEGDXFFMBM-UHFFFAOYSA-N	CDK6	inhibitor		nM	100	uM	EUbOPEN			biochemical	15.0	IC50	=	Radiometric kinase assay (using CDK6/cyclinD3 and 25 µM ATP)	https://pubmed.ncbi.nlm.nih.gov/15542782/
YUSROMRPOFFTMX-UHFFFAOYSA-N	TNNI3K	Inhibitor		nM	1	uM	EUbOPEN			biochemical	25.0	IC50	=	Fluorescence polarization assay	https://pubmed.ncbi.nlm.nih.gov/27246618/
DJNZZLZKAXGMMC-UHFFFAOYSA-N	PLK1	Inhibitor		nM	100	uM	EUbOPEN			biochemical	0.09	Kd	=	Binding assay (Ambit), Binding assay (Ambit)	https://pubmed.ncbi.nlm.nih.gov/22172702/
DJNZZLZKAXGMMC-UHFFFAOYSA-N	TTK	Inhibitor		nM	100	uM	EUbOPEN			biochemical	51.0	Kd	=	Binding assay (Ambit), Binding assay (Ambit)	https://pubmed.ncbi.nlm.nih.gov/22172702/
DJNZZLZKAXGMMC-UHFFFAOYSA-N	FER	Inhibitor		nM	100	uM	EUbOPEN			biochemical	53.0	Kd	=	Binding assay (Ambit), Binding assay (Ambit)	https://pubmed.ncbi.nlm.nih.gov/22172702/
DJNZZLZKAXGMMC-UHFFFAOYSA-N	PTK2	Inhibitor		nM	100	uM	EUbOPEN			biochemical	84.0	Kd	=	Binding assay (Ambit), Binding assay (Ambit)	https://pubmed.ncbi.nlm.nih.gov/22172702/
DJNZZLZKAXGMMC-UHFFFAOYSA-N	CAMKK2	Inhibitor		nM	100	uM	EUbOPEN			biochemical	87.0	Kd	=	Binding assay (Ambit), Binding assay (Ambit)	https://pubmed.ncbi.nlm.nih.gov/22172702/
DJNZZLZKAXGMMC-UHFFFAOYSA-N	GAK	Inhibitor		nM	100	uM	EUbOPEN			biochemical	87.0	Kd	=	Binding assay (Ambit), Binding assay (Ambit)	https://pubmed.ncbi.nlm.nih.gov/22172702/
DJNZZLZKAXGMMC-UHFFFAOYSA-N	DAPK1	Inhibitor		nM	100	uM	EUbOPEN			biochemical	100.0	Kd	=	Binding assay (Ambit), Binding assay (Ambit)	https://pubmed.ncbi.nlm.nih.gov/22172702/
DJNZZLZKAXGMMC-UHFFFAOYSA-N	DAPK3	Inhibitor		nM	100	uM	EUbOPEN			biochemical	70.0	Kd	=	Binding assay (Ambit), Binding assay (Ambit)	https://pubmed.ncbi.nlm.nih.gov/22172702/
RZFJBSIAXYEPBX-UHFFFAOYSA-N	SMG1	inhibitor		nM	1	uM	EUbOPEN			biochemical	0.11	IC50	=	Enzymatic assay (Caliper Life Sciences)	https://pubmed.ncbi.nlm.nih.gov/23021994/
RZFJBSIAXYEPBX-UHFFFAOYSA-N	MTOR	inhibitor		nM	1	uM	EUbOPEN			biochemical	50.0	IC50	=	Enzymatic assay (Caliper Life Sciences)	https://pubmed.ncbi.nlm.nih.gov/23021994/
RZFJBSIAXYEPBX-UHFFFAOYSA-N	PIK3CA	inhibitor		nM	1	uM	EUbOPEN			biochemical	92.0	IC50	=	Enzymatic assay (Caliper Life Sciences)	https://pubmed.ncbi.nlm.nih.gov/23021994/
RZFJBSIAXYEPBX-UHFFFAOYSA-N	PIK3CG	inhibitor		nM	1	uM	EUbOPEN			biochemical	60.0	IC50	=	Enzymatic assay (Caliper Life Sciences)	https://pubmed.ncbi.nlm.nih.gov/23021994/
BNYXRPMABDQJJR-UHFFFAOYSA-N	STK17B	Inhibitor		nM	1	uM	EUbOPEN			biochemical	43.0	IC50	=	Binding assay performed at Luceome Biotechnologies	https://www.thesgc.org/chemical-probes/SGC-STK17B-1
OQFCHSFVWSLDAO-UHFFFAOYSA-N	DCLK1	Inhibitor		nM	1	uM	EUbOPEN			biochemical	9.5	IC50	=	Binding assay	https://pubmed.ncbi.nlm.nih.gov/32251410/
OQFCHSFVWSLDAO-UHFFFAOYSA-N	DCLK2	Inhibitor		nM	1	uM	EUbOPEN			biochemical	31.0	IC50	=	Binding assay	https://pubmed.ncbi.nlm.nih.gov/32251410/
WWOOWAHTEXIWBO-CNUKPYSBSA-N	PRMT5	Negative control for LLY-283		nM	1	uM	EUbOPEN			biochemical	1074.0	IC50		Radioactivity-based assay (measuring transfer of the methyl group from 3H-SAM to peptide substrate)	https://pubs.acs.org/doi/10.1021/acsmedchemlett.8b00014
OXRWZUUCCUDKJJ-UHFFFAOYSA-N	MELK	inhibitor		nM	1	uM	EUbOPEN			biochemical	23.0	IC50	=	Radioactive filter binding assay (10 µM ATP)	https://pubs.acs.org/doi/10.1021/ml5001245
OXRWZUUCCUDKJJ-UHFFFAOYSA-N	FLT3	inhibitor		nM	1	uM	EUbOPEN			biochemical	18.0	IC50	=	Radioactive filter binding assay (10 µM ATP)	https://pubs.acs.org/doi/10.1021/ml5001245
VCDTXROFDBHEIP-HUUCEWRRSA-N	GLS	Negative control for A-446		nM	100	uM	EUbOPEN			biochemical	30000.0	IC50	>	GLS Enzyme activity assay	https://www.sgc-ffm.uni-frankfurt.de/#!specificprobeoverview/A-446
BCFGMOOMADDAQU-UHFFFAOYSA-N	EGFR	inhibitor		nM	1	uM	EUbOPEN			biochemical	10.8	IC50	=	Radiometric kinase assay (10 µM ATP)	https://aacrjournals.org/mct/article/1/2/85/233686/The-Effects-of-the-Novel-Reversible-Epidermal
BCFGMOOMADDAQU-UHFFFAOYSA-N	ERBB2	inhibitor		nM	1	uM	EUbOPEN			biochemical	9.2	IC50	=	Radiometric kinase assay (10 µM ATP)	https://aacrjournals.org/mct/article/1/2/85/233686/The-Effects-of-the-Novel-Reversible-Epidermal
IYHHRZBKXXKDDY-UHFFFAOYSA-N	IKBKB	inhibitor		nM	1	uM	EUbOPEN			biochemical	49.0	IC50	=	Enzymatic inhibition assay	https://www.sgc-ffm.uni-frankfurt.de/chemProbes#!specificprobeoverview/BI%20605906
FAKGOYNHHHOTEN-WTMFEIAXSA-N	JAK2	inhibitor		nM	1	uM	EUbOPEN			biochemical	77.0	IC50	=	Microfluidic assay (phosphorylation of synthetic peptide by recombinant human JAK2, at 1 mM ATP, Caliper Life Science)	https://pubs.acs.org/doi/10.1021/acs.jmedchem.8b00917
FAKGOYNHHHOTEN-WTMFEIAXSA-N	TYK2	inhibitor		nM	1	uM	EUbOPEN			biochemical	23.0	IC50	=	Microfluidic assay (phosphorylation of synthetic peptide by recombinant human TYK2, at 1 mM ATP, Caliper Life Science)	https://pubs.acs.org/doi/10.1021/acs.jmedchem.8b00917
FAKGOYNHHHOTEN-WTMFEIAXSA-N	JAK1	inhibitor		nM	1	uM	EUbOPEN			biochemical	17.0	IC50	=	Microfluidic assay (phosphorylation of synthetic peptide by recombinant human JAK1, at 1 mM ATP, Caliper Life Science)	https://pubs.acs.org/doi/10.1021/acs.jmedchem.8b00917
BZZKEPGENYLQSC-FIBGUPNXSA-N	TYK2	Allosteric inhibitor		nM	100	uM	EUbOPEN			biochemical	0.2	IC50	=	HTRF assay (TYK2, JH2 domain with 1 mM ATP)	https://pubs.acs.org/doi/10.1021/acs.jmedchem.9b00444
IAFNAEGXTKTGHN-UHFFFAOYSA-N	JAK1	inhibitor		nM	1	uM	EUbOPEN			biochemical	84.0	Ki	=	Biochemical assay	https://www.sciencedirect.com/science/article/pii/S0223523413002304?via%3Dihub
IAFNAEGXTKTGHN-UHFFFAOYSA-N	JAK2	inhibitor		nM	1	uM	EUbOPEN			biochemical	28.0	Ki	=	Biochemical assay	https://www.sciencedirect.com/science/article/pii/S0223523413002304?via%3Dihub
IAFNAEGXTKTGHN-UHFFFAOYSA-N	TYK2	inhibitor		nM	1	uM	EUbOPEN			biochemical	4.8	Ki	=	Biochemical assay	https://www.sciencedirect.com/science/article/pii/S0223523413002304?via%3Dihub
MCUJKPPARUPFJM-MRXNPFEDSA-N	PIM1	inhibitor		nM	100	uM	EUbOPEN			biochemical	0.4	IC50	=	Mobility shift assay (Caliper Life Sciences, conc. ATP = Km)	https://ashpublications.org/blood/article/123/6/905/32601/AZD1208-a-potent-and-selective-pan-Pim-kinase,  https://ashpublications.org/blood/article/123/6/905/32601/AZD1208-a-potent-and-selective-pan-Pim-kinase,  https://ashpublications.org/blood/article/123/6/905/32601/AZD1208-a-potent-and-selective-pan-Pim-kinase
MCUJKPPARUPFJM-MRXNPFEDSA-N	PIM2	inhibitor		nM	100	uM	EUbOPEN			biochemical	5.0	IC50	=	Mobility shift assay (Caliper Life Sciences, conc. ATP = Km)	https://ashpublications.org/blood/article/123/6/905/32601/AZD1208-a-potent-and-selective-pan-Pim-kinase,  https://ashpublications.org/blood/article/123/6/905/32601/AZD1208-a-potent-and-selective-pan-Pim-kinase,  https://ashpublications.org/blood/article/123/6/905/32601/AZD1208-a-potent-and-selective-pan-Pim-kinase
MCUJKPPARUPFJM-MRXNPFEDSA-N	PIM3	inhibitor		nM	100	uM	EUbOPEN			biochemical	1.9	IC50	=	Mobility shift assay (Caliper Life Sciences, conc. ATP = Km)	https://ashpublications.org/blood/article/123/6/905/32601/AZD1208-a-potent-and-selective-pan-Pim-kinase,  https://ashpublications.org/blood/article/123/6/905/32601/AZD1208-a-potent-and-selective-pan-Pim-kinase,  https://ashpublications.org/blood/article/123/6/905/32601/AZD1208-a-potent-and-selective-pan-Pim-kinase
QVOGVAVHOLLLAZ-UHFFFAOYSA-N	BUB1	Inhibitor		nM	100	uM	EUbOPEN			biochemical	6.5	IC50	=	TR-FRET kinase assay (at 10 µM ATP)	https://aacrjournals.org/clincancerres/article/25/4/1404/10115/Inhibition-of-BUB1-Kinase-by-BAY-1816032
PYAFWWXPXHSNDM-UHFFFAOYSA-N	BUB1	Negative control for BAY 1816032		nM	100	uM	EUbOPEN			biochemical	1700.0	IC50	=	TR-FRET kinase assay (at 10 µM ATP)	https://aacrjournals.org/clincancerres/article/25/4/1404/10115/Inhibition-of-BUB1-Kinase-by-BAY-1816032
DORZPJWJOBMQKC-UHFFFAOYSA-N	PIKFYVE	Inhibitor		nM	100	uM	EUbOPEN			biochemical	6.9	IC50	=	Enzymatic assay (SignalChem)	https://www.thesgc.org/chemical-probes/sgc-pikfyve-1
ZDBWLRLGUBSLPG-FDHYQTMZSA-N	FKBP5	Inhibitor		nM	1	uM	EUbOPEN			biochemical	6.0	Kd		Competitive fluorescence polarization binding assay	https://www.sgc-ffm.uni-frankfurt.de/chemProbes#!specificprobeoverview/SAFit2
ZDBWLRLGUBSLPG-FFUXEPPCSA-N	FKBP5	Negative control for SAFit2		nM	1	uM	EUbOPEN			biochemical	20000.0	Kd	>	Competitive fluorescence polarization binding assay	https://www.sgc-ffm.uni-frankfurt.de/chemProbes#!specificprobeoverview/SAFit2
RPAHCZZXEGWBDL-UHFFFAOYSA-N	FFAR1	agonist		nM	1	uM	EUbOPEN			biochemical	16.0	Ki		Radiometric GPR40 receptor binding assay	https://pubs.acs.org/doi/10.1021/jm2016123
OLFCZVVFPNDHIW-UHFFFAOYSA-N	FFAR1	Negative control for TP-051		nM	1	uM	EUbOPEN			biochemical	10000.0	Ki	>	Radiometric GPR40 receptor binding assay	https://www.sgc-ffm.uni-frankfurt.de/chemProbes#!specificprobeoverview/TP-051
AUYCSWFYKYVCLD-HXUWFJFHSA-N	IRAK4	Inhibitor		nM	1	uM	EUbOPEN			biochemical	1.4	Ki	=	Biochemical assay	https://www.sgc-ffm.uni-frankfurt.de/chemProbes#!specificprobeoverview/GNE-2256
DSWFCCRSSVVRIR-UHFFFAOYSA-N	AKT1	Negative control for BAY-1125976		nM	1	uM	EUbOPEN			biochemical	3740.0	IC50	=	Enzymatic inhibition assay	https://www.sgc-ffm.uni-frankfurt.de/chemProbes#!specificprobeoverview/BAY1125976,  https://www.sgc-ffm.uni-frankfurt.de/chemProbes#!specificprobeoverview/BAY1125976
DSWFCCRSSVVRIR-UHFFFAOYSA-N	AKT2	Negative control for BAY-1125976		nM	1	uM	EUbOPEN			biochemical	3840.0	IC50	=	Enzymatic inhibition assay	https://www.sgc-ffm.uni-frankfurt.de/chemProbes#!specificprobeoverview/BAY1125976, https://www.sgc-ffm.uni-frankfurt.de/chemProbes#!specificprobeoverview/BAY1125976
CYFBRQHYEQKYHH-MRXNPFEDSA-N	OGA	Agonist/inhibitor		nM	1	uM	EUbOPEN			biochemical	1.3	IC50		Fluorescence-based enzymatic assay (recombinant full-length OGA, inhibition of the hydrolysis of fluorescein mono-β-D-N5 Acetyl-Glucosamine (FM-GlcNAc) by OGA)	https://www.sgc-ffm.uni-frankfurt.de/chemProbes#!detailedpotencydataview/JNJ-65355394
VKYYOTCDIVOPRO-MRXNPFEDSA-N	OGA	negative control for JNJ-65355394		nM	1	uM	EUbOPEN			biochemical	10000.0	IC50	>	Fluorescence-based enzymatic assay (recombinant full-length OGA, inhibition of the hydrolysis of fluorescein mono-β-D-N5 Acetyl-Glucosamine (FM-GlcNAc) by OGA)	https://www.sgc-ffm.uni-frankfurt.de/chemProbes#!detailedpotencydataview/JNJ-65355394
DHRJWFCFMBINAK-UHFFFAOYSA-N	AKT1	Negative control for Borussertib		nM	1	uM	EUbOPEN			biochemical	920.0	IC50	=	HTFR assay	https://www.sgc-ffm.uni-frankfurt.de/#!specificprobeoverview/Borussertib
DVIVLYHDLNAXAT-NRFANRHFSA-N	PIP4K2A	Inhibitor		nM	1	uM	EUbOPEN			biochemical	21.0	IC50	=	Enzymatic assay (Eurofins)	https://www.sgc-ffm.uni-frankfurt.de/chemProbes#!specificprobeoverview/BAY-091
DVIVLYHDLNAXAT-OAQYLSRUSA-N	PIP4K2A	Negative control for BAY-091		nM	1	uM	EUbOPEN			biochemical	271.0	IC50	=	Enzymatic assay (Eurofins)	https://www.sgc-ffm.uni-frankfurt.de/chemProbes#!specificprobeoverview/BAY-091
HBYQBJCBPAXCBO-UHFFFAOYSA-M	SLC16A3	Inhibitor		nM	1	uM	EUbOPEN			biochemical	11.0	Ki		Fluorescence cross-correlation spectroscopy (FCCS)	https://pubs.acs.org/doi/10.1021/acs.jmedchem.1c00448
QBIGUDRHHJTXKG-UUWRZZSWSA-N	RORC	Inverse agonist		nM	1	uM	EUbOPEN			biochemical	5.3	qKd		ThermoFlour binding assay (RORC)	https://www.sgc-ffm.uni-frankfurt.de/chemProbes#!detailedpotencydataview/JNJ-54119936
UWOBQISTECYGOP-HKBQPEDESA-N	RORC	Negative control for JNJ-54119936		nM	1	uM	EUbOPEN			biochemical	515.7	qKd		ThermoFlour binding assay (RORC)	https://www.sgc-ffm.uni-frankfurt.de/chemProbes#!detailedpotencydataview/JNJ-54119936
BPLVDYJDAVYLRQ-UHFFFAOYSA-N	PDE10A	Inhibitor		nM	1	uM	EUbOPEN			biochemical	13.0	Ki		Scintillation proximity assay with human PDE10A	https://www.sgc-ffm.uni-frankfurt.de/chemProbes#!specificprobeoverview/JNJ-42396302
OKTXMSSTNJXZII-UHFFFAOYSA-N	PDE10A	Negative control for JNJ-42396302		nM	1	uM	EUbOPEN			biochemical	10000.0	IC50	>	In-vitro assay (recombinant human PDE10A)	https://www.sgc-ffm.uni-frankfurt.de/chemProbes#!specificprobeoverview/JNJ-42396302
PWKAYICUBVNJAZ-UHFFFAOYSA-N	OGA	Inhibitor		nM	1	uM	EUbOPEN			biochemical	46.0	IC50		Fluorescent enzymatic assay	https://pubs.acs.org/doi/10.1021/acs.jmedchem.0c01712
BNXNWRSVYQHTOH-UHFFFAOYSA-N	OGA	Negative control for TP-040		nM	1	uM	EUbOPEN			biochemical	10000.0	IC50	>	Fluorescent enzymatic assay	https://www.sgc-ffm.uni-frankfurt.de/chemProbes#!specificprobeoverview/TP-040
KIWKRCCIHSGWQS-VIFPVBQESA-N	UCHL1@Protease	covalent inhibitor		nM	1	uM	EUbOPEN			biochemical	320.0	IC50		Biochemical activity assay using a fluorogenic Ub-Rho-morpholine (inhibition of UCHL1 using 2 mM cysteine)	https://pubs.acs.org/doi/10.1021/jacs.0c07726
KIWKRCCIHSGWQS-SECBINFHSA-N	UCHL1@Protease	Negative control for 8RK64		nM	1	uM	EUbOPEN			biochemical	12900.0	IC50		Biochemical activity-assay using a fluorogenic Ub-Rho-morpholine (inhibition of UCHL1 using 2 mM cysteine)	https://pubs.acs.org/doi/10.1021/jacs.0c07726
HHYGVXHXNNIDJF-UHFFFAOYSA-N	IKBKB	Negative control for BI 605906		nM	1	uM	EUbOPEN			biochemical	10000.0	IC50	>	Enzymatic inhibition assay	https://www.sgc-ffm.uni-frankfurt.de/chemProbes#!specificprobeoverview/BI%20605906
BMAIGAHXAJEULY-UKTHLTGXSA-N	HCV:NS5B	Inhibitor		nM	100	uM	EUbOPEN			biochemical	19.0	IC50		Enzymatic assay (using HCV NS5B polymerase D21)	https://www.sgc-ffm.uni-frankfurt.de/chemProbes#!specificprobeoverview/BI%20207127
WPEKGNGDNFRRMH-UHFFFAOYSA-N	HIV:NNRT	Inhibitor		nM	100	uM	EUbOPEN			biochemical	12.0	IC50		Enzymatic assay (HIV1 reverse transcriptase picogreen fluorescence assay)	https://www.sgc-ffm.uni-frankfurt.de/chemProbes#!specificprobeoverview/BI-2540
VRQXRVAKPDCRCI-ZNMIVQPWSA-N	PIM1	inhibitor		nM	1	uM	EUbOPEN			biochemical	0.006	Ki	=	AlphaScreen assay (2800 μM ATP)	https://pubs.acs.org/doi/10.1021/acs.jmedchem.5b01275
VRQXRVAKPDCRCI-ZNMIVQPWSA-N	PIM2	inhibitor		nM	1	uM	EUbOPEN			biochemical	0.018	Ki	=	AlphaScreen assay (500 µM ATP)	https://pubs.acs.org/doi/10.1021/acs.jmedchem.5b01275
VRQXRVAKPDCRCI-ZNMIVQPWSA-N	PIM3	inhibitor		nM	1	uM	EUbOPEN			biochemical	0.009	Ki	=	AlphaScreen assay (2800 μM ATP)	https://pubs.acs.org/doi/10.1021/acs.jmedchem.5b01275
BHTWDJBVZQBRKP-UHFFFAOYSA-N	LRRK2	Inhibitor		nM	100	uM	EUbOPEN			biochemical	3.0	IC50	=	Lanthascreen assay (Invitrogen, using 117 µM ATP)	https://pubs.acs.org/doi/10.1021/jm5014055
BHTWDJBVZQBRKP-UHFFFAOYSA-N	STK3	Inhibitor		nM	100	uM	EUbOPEN			biochemical	22.0	IC50	=	Z-Lyte assay assay (Invitrogen, using 7.75 µM ATP)	https://pubs.acs.org/doi/10.1021/jm5014055
ODRITQGYYWHQGM-INIZCTEOSA-N	CDK8	Inhibitor		nM	100	uM	EUbOPEN			biochemical	2.6	IC50	=	FRET-based Lanthascreen binding competition assay	https://pubs.acs.org/doi/10.1021/acs.jmedchem.6b00597#
HDJBGURZVALLMD-KWQFAZJVSA-N	CDK12	Inhibitor		nM	1	uM	EUbOPEN			biochemical	52.0	IC50	=	Enzyme inhibition assay (using the LANCE System)	https://pubmed.ncbi.nlm.nih.gov/30067358/
ACWKGTGIJRCOOM-UHFFFAOYSA-N	CDK9	inhibitor		nM	1	uM	EUbOPEN			biochemical	13.0	IC50	=	TR-FRET assay (inhibition of CDK9/cyclinT1 phosphorylation using 10 µM ATP)	https://pubmed.ncbi.nlm.nih.gov/28961375/
FSELUFUYNUNZKD-UHFFFAOYSA-N	CDK12	inhibitor		nM	1	uM	EUbOPEN			biochemical	98.0	Kd	=	Competition- binding assay (DiscoverX)	https://pubmed.ncbi.nlm.nih.gov/31668947/
FSELUFUYNUNZKD-UHFFFAOYSA-N	CDK13	inhibitor		nM	1	uM	EUbOPEN			biochemical	4.9	Kd	=	Competition- binding assay (DiscoverX)	https://pubmed.ncbi.nlm.nih.gov/31668947/
KPABJHHKKJIDGX-JOCHJYFZSA-N	CDK7	Covalent inhibitor		nM	1	uM	EUbOPEN			biochemical	9.7	IC50	=	Adapta Eu kinase assay (for CDK7/CycH/MNAT1 using ATP = Km)	https://pubmed.ncbi.nlm.nih.gov/30905681/
ATKHYZXUMVNCIO-UHFFFAOYSA-N	PRKDC	Inhibitor		nM	1	uM	EUbOPEN			biochemical	81.0	IC50	=	TR-FRET (using 2 mM ATP)	https://pubmed.ncbi.nlm.nih.gov/34428039/
	SYK	Inhibitor		nM	1	uM	EUbOPEN			biochemical	0.8	IC50	=	Kinase-Glo ATP (15 µM ATP)	https://pubmed.ncbi.nlm.nih.gov/27048659/
QTCZUCSALXBZQR-UHFFFAOYSA-N	OLR1	Inhibitor		nM	10	uM	EUbOPEN			biochemical	4300.0	Kd	=	SPR measurement	https://pubmed.ncbi.nlm.nih.gov/36703453/
DZCCAQZCZGYKMP-UHFFFAOYSA-N	SOS1	Negative control for BI-3406		nM	1	uM	EUbOPEN			biochemical	10000.0	IC50	>	Enzymatic assay (interaction of SOS1 with GDP-loaded KRAS)	https://www.opnme.com/molecules/sos1-kras-inhibitor-bi-3406
UVVQLQQNGHYTOL-JIVXZRRKSA-N	PTK2	Protac		nM	100	uM	EUbOPEN			biochemical	20.0	IC50	=	Z´-Light assay (Thermo Fisher SelectScreen Kinase Profiling Services, conc. ATP = Km)	https://pubmed.ncbi.nlm.nih.gov/30739444/
AAAPMLXDGIAFDK-UHFFFAOYSA-O	SCNN1A	Negative control for BI-8668		nM	1	uM	EUbOPEN			biochemical	10000.0	IC50	>	Ussing Chamber - MucilAir™ assay (inhibition of Na+ current)	https://www.sgc-ffm.uni-frankfurt.de/#!detailedpotencydataview/BI-8668
AAAPMLXDGIAFDK-UHFFFAOYSA-O	SCNN1B	Negative control for BI-8668		nM	1	uM	EUbOPEN			biochemical	10000.0	IC50	>	Ussing Chamber - MucilAir™ assay (inhibition of Na+ current)	https://www.sgc-ffm.uni-frankfurt.de/#!detailedpotencydataview/BI-8668
AAAPMLXDGIAFDK-UHFFFAOYSA-O	SCNN1G	Negative control for BI-8668		nM	1	uM	EUbOPEN			biochemical	10000.0	IC50	>	Ussing Chamber - MucilAir™ assay (inhibition of Na+ current)	https://www.sgc-ffm.uni-frankfurt.de/#!detailedpotencydataview/BI-8668
BTKJERIPZCSYFB-UHFFFAOYSA-N	HIV Integrase	Negative control for BI 224436		nM	100	uM	EUbOPEN			biochemical	6840.0	IC50	=	Long Terminal Repeat (LTR) DNA 3’-processing assay	https://www.opnme.com/molecules/ncini-bi-224436
LIMHMSHMIXSMHF-XHPGVBHPSA-N	HCV NS5B	Allosteric inhibitor		nM	1	uM	EUbOPEN			biochemical	60.0	IC50	=	Scintillation proximity HCV polymerase assay (measures the incorporation of 3H-UTP during the elongation of RNA primer with recombinant protein His-NS5Bd21)	https://www.opnme.com/molecules/hcv-polymerase-bi-0588
MXZMIFJCRSXQNY-UHFFFAOYSA-N	HCV NS5B	Negative control for BI-0588		nM	1	uM	EUbOPEN			biochemical	6400.0	IC50	=	Scintillation proximity HCV polymerase assay (measures the incorporation of 3H-UTP during the elongation of RNA primer with recombinant protein His-NS5Bd21)	https://www.opnme.com/molecules/hcv-polymerase-bi-0588
MLJLTOGPAKLYJE-KRWDZBQOSA-N	CTSS	Inhibitor		nM	1	uM	EUbOPEN			biochemical	9.0	Kd	=	SPR measurement (binding to Cathepsin S)	https://www.opnme.com/molecules/cathepsin-s-inhibitor-bi-1915
WSEPMWSQALXHKW-MRAROMNFSA-N	HCV NS3-NS4A	Inhibitor		nM	100	uM	EUbOPEN			biochemical	0.48	IC50	=	Biochemical assay (using fluorogenic depsipeptide NS3 protease substrate, full-length NS3-NS4A protein, genotyp 1a)	https://www.ncbi.nlm.nih.gov/pmc/articles/PMC3581377/
MNEOBAAFLAQMKF-KCOOYEKVSA-N	CTSC	Negative control for BI-9740		nM	100	uM	EUbOPEN			biochemical	818.0	IC50	=	Enzymatic assay (human CatC + BSA)	https://www.opnme.com/molecules/cathepsin-c-inhibitor-bi-9740
VZTHSNCTTRCPEI-SFHVURJKSA-N	CMA1	Negative control for BI-1942		nM	1	uM	EUbOPEN			biochemical	850.0	IC50	=	Enzymatic assay (inhibition of recombinant human chymase CMA1)	https://www.opnme.com/molecules/chymase-bi-1942
SYRVEVZSXHRXIX-KRWDZBQOSA-N	CTSS	Inhibitor		nM	1	uM	EUbOPEN			biochemical	31.0	Kd	=	SPR measurement (binding to Cathepsin S)	https://www.opnme.com/molecules/cathepsin-s-inhibitor-bi-1915
ZJHRRAJHJNQDON-CQSZACIVSA-N	CTSS	Negative control for BI-1915		nM	1	uM	EUbOPEN			biochemical	272.0	Kd	=	SPR measurement (binding to Cathepsin S)	https://www.opnme.com/molecules/cathepsin-s-inhibitor-bi-1915
XFLXOPFMUQXKTL-RDJZCZTQSA-N	DPAP1	Inhibitor		nM	100	uM	EUbOPEN			biochemical	0.3	IC50	=	Enzymatic assay	https://www.opnme.com/molecules/dpap1-inhibitor-bi-2051
XFLXOPFMUQXKTL-DOTOQJQBSA-N	DPAP1	Negative control for BI-2051		nM	100	uM	EUbOPEN			biochemical	204.5	IC50	=	Enzymatic assay	https://www.opnme.com/molecules/dpap1-inhibitor-bi-2051
VXNAMCLMCBLNOL-NFQMXDRXSA-N	FFAR1	Agonist		nM	200	uM	EUbOPEN			biochemical	23.0	Ki	=	Enzymatic assay	https://www.sgc-ffm.uni-frankfurt.de/#!detailedpotencydataview/BI-2081
MIXIIJCBELCMCZ-VWLOTQADSA-N	HIV Integrase	Inhibitor		nM	100	uM	EUbOPEN			biochemical	15.0	IC50	=	Long Terminal Repeat (LTR) DNA 3’-processing assay	https://www.opnme.com/molecules/ncini-bi-224436
IGYMFEZFRPINTQ-UHFFFAOYSA-N	HCV NNRT	Negative control for BI-2540		nM	100	uM	EUbOPEN			biochemical	5053.0	IC50	=	Enzymatic assay (HIV1 reverse transcriptase picogreen fluorescence assay)	https://www.sgc-ffm.uni-frankfurt.de/chemProbes#!specificprobeoverview/BI-2540
BRYUNLVJDCMANZ-DZGCQCFKSA-N	SYK	Negative control for BI 1002494		nM	1	uM	EUbOPEN			biochemical	625.0	IC50	=	Kinase-Glo ATP (15 µM ATP)	https://pubmed.ncbi.nlm.nih.gov/27048659/
OWOFDBGWRLKZST-UHFFFAOYSA-N	HIV CA	Inhibitor		nM	1	uM	EUbOPEN			biochemical	160.0	IC50	=	Capsid disassembly assay	https://www.opnme.com/molecules/cai-inhibitor-bi-3257
XVFDNRYZXDHTHT-PXAZEXFGSA-N	SOS1	Inhibitor		nM	1	uM	EUbOPEN			biochemical	5.0	IC50	=	Enzymatic assay (interaction of SOS1 with GDP-loaded KRAS)	https://www.opnme.com/molecules/sos1-kras-inhibitor-bi-3406
QFZWUFWLRKSIGL-UHFFFAOYSA-N	HIV CA	Negative control for BI-3257		nM	1	uM	EUbOPEN			biochemical	9300.0	IC50	>	Capsid disassembly assay	https://www.opnme.com/molecules/cai-inhibitor-bi-3257
ADTXLFJKQHYGPM-UHFFFAOYSA-N	PTK2	Protac		nM	100	uM	EUbOPEN			biochemical	20.0	IC50	=	Z´-Light assay (Thermo Fisher SelectScreen Kinase Profiling Services, conc. ATP = Km)	https://pubmed.ncbi.nlm.nih.gov/30739444/
GXTJETQFYHZHNB-GASCZTMLSA-N	BCL6	Degrader		nM	1	uM	EUbOPEN			biochemical	3.0	IC50		BCOR ULight TR-FRET assay	https://pubmed.ncbi.nlm.nih.gov/28930682/
XCGYXEVLQIIEJH-UHFFFAOYSA-N	BCL6	Inhibitor		nM	1	uM	EUbOPEN			biochemical	3.0	IC50		BCOR ULight TR-FRET assay	https://pubmed.ncbi.nlm.nih.gov/28930682/
UVVQLQQNGHYTOL-TXVJWXCVSA-N	PTK2	Negative control for BI-0319 and BI-3663		nM	100	uM	EUbOPEN			biochemical	20.0	IC50	=	Z´-Light assay (Thermo Fisher SelectScreen Kinase Profiling Services, conc. ATP = Km)	https://pubmed.ncbi.nlm.nih.gov/30739444/
HCDAVCLCBXIYPW-QGZVFWFLSA-N	PHGDH	Prodrug of inhibitor BI-4924		nM	1	uM	EUbOPEN			biochemical	169.0	IC50	=	HTS PHGDH inhibitor Assay	https://pubmed.ncbi.nlm.nih.gov/31365252/
CJEJFFCPVBZSIE-OAHLLOKOSA-N	PHGDH	Inhibitor		nM	1	uM	EUbOPEN			biochemical	26.0	IC50	=	SPR measurement	https://www.opnme.com/molecules/phgdh-inhibitor-bi-4924
KWMGIHUWUIICDA-GASCZTMLSA-N	BCL6	Negative control for BI-3802 and BI-3812		nM	1	uM	EUbOPEN			biochemical	10162.0	IC50	=	BCOR ULight TR-FRET assay	https://pubmed.ncbi.nlm.nih.gov/28930682/
DOVSNSDMRJVTMR-JOCHJYFZSA-N	ELANE	Inhibitor		nM	1	uM	EUbOPEN			biochemical	500.0	IC50	=	Biochemical assay (inhibition of hNE using purified commercial hNE and a fluorescent peptide substrate)	https://www.opnme.com/molecules/ne-inhibitor-bi-5524
DOVSNSDMRJVTMR-QFIPXVFZSA-N	ELANE	Negative control for BI-5524		nM	1	uM	EUbOPEN			biochemical	30000.0	IC50	>	Biochemical assay (inhibition of hNE using purified commercial hNE and a fluorescent peptide substrate)	https://www.opnme.com/molecules/ne-inhibitor-bi-5524
AGUWFXQREOZZIT-HNNXBMFYSA-N	PHGDH	Negative control for BI-4916 and BI-4924		nM	1	uM	EUbOPEN			biochemical	28400.0	IC50	=	SPR measurement	https://www.opnme.com/molecules/phgdh-inhibitor-bi-4916
HKASDKLLEVWKJA-YADARESESA-N	CETP	Inhibitor		nM	1	uM	EUbOPEN			biochemical	145.5	IC50	=	TransF Assay (transfer inhibition of a fluorescence labelled lipid from donor vesicles to LDL)	https://www.opnme.com/molecules/cetp-inhibitor-bi-5756
JHZUBZROFCDPJE-UKTHLTGXSA-N	HCV NS5B	Negative controlfor BI 207127		nM	100	uM	EUbOPEN			biochemical	5000.0	IC50	>	Scintillation proximity HCV polymerase assay (measures the incorporation of 3H-UTP during the elongation of RNA primer with recombinant protein His-NS5Bd21)	https://www.sgc-ffm.uni-frankfurt.de/chemProbes#!detailedpotencydataview/BI%20207127
XMTCSFQKNADGEY-UHFFFAOYSA-O	SCNN1A	Inhibitor		nM	1	uM	EUbOPEN			biochemical	17.0	IC50	=	Ussing Chamber - MucilAir™ assay (inhibition of Na+ current)	https://www.sgc-ffm.uni-frankfurt.de/#!detailedpotencydataview/BI-8668
XMTCSFQKNADGEY-UHFFFAOYSA-O	SCNN1B	Inhibitor		nM	1	uM	EUbOPEN			biochemical	17.0	IC50	=	Ussing Chamber - MucilAir™ assay (inhibition of Na+ current)	https://www.sgc-ffm.uni-frankfurt.de/#!detailedpotencydataview/BI-8668
XMTCSFQKNADGEY-UHFFFAOYSA-O	SCNN1G	Inhibitor		nM	1	uM	EUbOPEN			biochemical	17.0	IC50	=	Ussing Chamber - MucilAir™ assay (inhibition of Na+ current)	https://www.sgc-ffm.uni-frankfurt.de/#!detailedpotencydataview/BI-8668
HKASDKLLEVWKJA-DVECYGJZSA-N	CETP	Negative control for BI-5756		nM	1	uM	EUbOPEN			biochemical	2794.0	IC50	=	TransF assay (transfer inhibition of a fluorescence labelled lipid from donor vesicles to LDL)	https://www.opnme.com/molecules/cetp-inhibitor-bi-5756
MNEOBAAFLAQMKF-VKDGWMQASA-N	CTSC	Inhibitor		nM	100	uM	EUbOPEN			biochemical	1.8	IC50	=	Enzymatic assay (human CatC + BSA)	https://www.opnme.com/molecules/cathepsin-c-inhibitor-bi-9740
LLGDPTDZOVKFDU-NRPGLIFJSA-N	HCV NS3-NS4A	Inhibitor		nM	100	uM	EUbOPEN			biochemical	5.4	IC50	=	Biochemical assay (using fluorogenic depsipeptide NS3 protease substrate, full-length NS3-NS4A protein, genotyp 1a)	https://www.ncbi.nlm.nih.gov/pmc/articles/PMC3581377/
XISVSTPEXYIKJL-UHFFFAOYSA-N	PRKDC	Inhibitor		nM	1	uM	EUbOPEN			biochemical	0.6	IC50	=	Biochemical assay	https://pubmed.ncbi.nlm.nih.gov/31699977/
SPDQRCUBFSRAFI-DOMZBBRYSA-N	PIK3C3	Inhibitor		nM	1	uM	EUbOPEN			biochemical	1.2	IC50	=	(phosphorylation of a PtdIns substrate by human recombinant Vps34 enzyme)	https://pubmed.ncbi.nlm.nih.gov/25326666/
VOVZXURTCKPRDQ-CQSZACIVSA-N	ABL1	Allosteric Inhibitor		nM	100	uM	EUbOPEN			biochemical	0.5	IC50	=	Biochemical transphosphorylation caliper assay (ABL1(64-615))	https://pubmed.ncbi.nlm.nih.gov/30137981/
JUSFANSTBFGBAF-IRXDYDNUSA-N	MTOR	Inhibitor		nM	1	uM	EUbOPEN			biochemical	2.81	IC50	=	Enzymatic assay (FLAG-tagged mTOR (aa1362-2549) expressed in HEK 293 cells using biotinylated p70S6K peptide substrate)	https://pubmed.ncbi.nlm.nih.gov/26358751/
QFJCIRLUMZQUOT-BLBZBZKNSA-N	MTOR	Inhibitor		nM	100	uM	EUbOPEN			biochemical	0.6	Kd	=	Binding assay (FKBP12 site of mTOR)	https://pubs.acs.org/doi/10.1021/acs.jmedchem.8b01262#
VMJFTOSOFDEKTM-UHFFFAOYSA-N	MET	inhibitor		nM	1	uM	EUbOPEN			biochemical	1.3	IC50	=	TR-FRET assay	https://pubmed.ncbi.nlm.nih.gov/23379595/
VMJFTOSOFDEKTM-UHFFFAOYSA-N	MST1R	inhibitor		nM	1	uM	EUbOPEN			biochemical	7.0	IC50	=	TR-FRET assay	https://pubmed.ncbi.nlm.nih.gov/23379595/
LQSHXYHWYGKAMX-FQEVSTJZSA-N	MAP3K14	Inhibitor		nM	100	uM	EUbOPEN			biochemical	0.23	IC50	=	FP assay (using 10 µM ATP)	https://pubmed.ncbi.nlm.nih.gov/29940120/
XMWUCMFVDXDRDE-NRFANRHFSA-N	ERN1	Allosteric Inhibitor		nM	1	uM	EUbOPEN			biochemical	5.9	IC50	=	Enzymatic assay (IRE1α∗ RNase activity assay)	https://pubmed.ncbi.nlm.nih.gov/28380378/
JGWRKYUXBBNENE-UHFFFAOYSA-N	CSF1R	Inhibitor		nM	1	uM	EUbOPEN			biochemical	20.0	IC50	=	Enzymatic assay	https://pubmed.ncbi.nlm.nih.gov/22039576/
JGWRKYUXBBNENE-UHFFFAOYSA-N	KIT	Inhibitor		nM	1	uM	EUbOPEN			biochemical	10.0	IC50	=	Enzymatic assay	https://pubmed.ncbi.nlm.nih.gov/22039576/
BMWMKGNVAMXXCH-UHFFFAOYSA-N	BTK	inhibitor		nM	1	uM	EUbOPEN			biochemical	0.3	Kd	=	Competition-binding assay (DiscoverX)	https://pubmed.ncbi.nlm.nih.gov/32696648/
WNEODWDFDXWOLU-QHCPKHFHSA-N	BTK	Inhibitor		nM	100	uM	EUbOPEN			biochemical	0.91	Ki	=	Biochemical assay	https://pubmed.ncbi.nlm.nih.gov/29457982/
HEVVNKYNJCSHFA-UHFFFAOYSA-N	CSNK2A1	Inhibitor		nM	1	uM	EUbOPEN			biochemical	3.0	IC50	=	Enzymatic assay (Eurofins)	https://pubs.acs.org/doi/10.1021/acsmedchemlett.2c00530
HEVVNKYNJCSHFA-UHFFFAOYSA-N	CSNK2A2	Inhibitor		nM	1	uM	EUbOPEN			biochemical	1.0	IC50	>	Enzymatic assay (Eurofins)	https://pubs.acs.org/doi/10.1021/acsmedchemlett.2c00530
VGFHPNRWHOQLEB-UHFFFAOYSA-N	PIP4K2C	Inhibitor		nM	100	uM	EUbOPEN			biochemical	19.0	Kd	=	Binding assay	https://www.sciencedirect.com/science/article/pii/S2666246922000180
VGFHPNRWHOQLEB-UHFFFAOYSA-N	MYLK4	Inhibitor		nM	100	uM	EUbOPEN			biochemical	12.0	IC50	=	HotSpot kinase assays (using ATP = Km, Reaction Biology)	https://www.sciencedirect.com/science/article/pii/S2666246922000180
BPKSNNJTKPIZKR-UHFFFAOYSA-N	RIPK3	Inhibitor		nM	1	uM	EUbOPEN			biochemical	8.6	IC50	=	Fluorescence Polarization Binding Assay	https://pubmed.ncbi.nlm.nih.gov/25459880/
XIVFOAKTTGQHLJ-UHFFFAOYSA-N	PIKFYVE	Negative control for SGC-PIKFYVE		nM	100	uM	EUbOPEN			biochemical	715.0	IC50	=	Enzymatic assay	https://www.thesgc.org/chemical-probes/sgc-pikfyve-1
KNOUWGGQMADIBV-KRWDZBQOSA-N	RIPK1	Inhibitor		nM	100	uM	EUbOPEN			biochemical	10.0	IC50	=	Fluorescence Polarization Binding Assay	https://pubmed.ncbi.nlm.nih.gov/26854747/
GILNGUYOGYOZMP-MRXNPFEDSA-N	NEK2	Inhibitor		nM	100	uM	EUbOPEN			biochemical	21.0	IC50	=	Enzymatic assay	https://pubmed.ncbi.nlm.nih.gov/19237286/
GILNGUYOGYOZMP-MRXNPFEDSA-N	PLK1	Inhibitor		nM	100	uM	EUbOPEN			biochemical	1.0	IC50	=	Enzymatic assay	https://pubmed.ncbi.nlm.nih.gov/19237286/
XLOGLWKOHPIJLV-UHFFFAOYSA-N	RIPK2	Inhibitor		nM	100	uM	EUbOPEN			biochemical	5.0	IC50	=	Fluorescent polarization based binding assay	https://pubmed.ncbi.nlm.nih.gov/27109867/
KHPCIHZXOGHCLY-UHFFFAOYSA-N	MAP4K4	Inhibitor		nM	1	uM	EUbOPEN			biochemical	3.7	IC50	=	FRET assay (conc. ATP = 10 µM)	https://pubmed.ncbi.nlm.nih.gov/26617966/
KHPCIHZXOGHCLY-UHFFFAOYSA-N	TNIK	Inhibitor		nM	1	uM	EUbOPEN			biochemical	15.0	IC50	=	FRET assay (conc. ATP = Km)	https://pubmed.ncbi.nlm.nih.gov/26617966/
KHPCIHZXOGHCLY-UHFFFAOYSA-N	MINK1	Inhibitor		nM	1	uM	EUbOPEN			biochemical	8.0	IC50	=	FRET assay (conc. ATP = Km)	https://pubmed.ncbi.nlm.nih.gov/26617966/
IISBACLAFKSPIT-UHFFFAOYSA-N	NR3B3	Inverse Agonist		nM	1	uM	EUbOPEN			biochemical	13.1	IC50		Radiolabled binding assay	https://doi.org/10.1016/j.bbrc.2008.06.050
UHEFRVBGJORHNV-UOIKSKOESA-N	MAP3K12	Inhibitor		nM	1	uM	EUbOPEN			biochemical	3.0	Ki	=	Enzymatic assay	https://pubmed.ncbi.nlm.nih.gov/28929759/
WQVPGYMGERDXLH-UHFFFAOYSA-N	IRAK1	Inhibitor		nM	1	uM	EUbOPEN			biochemical	9.0	IC50	=	Enzmyatic assay	https://pubmed.ncbi.nlm.nih.gov/33214835/
FSZPIAXLCCQFCM-UHFFFAOYSA-N	MAP2K5	Inhibitor		nM	1	uM	EUbOPEN			biochemical	4.3	IC50	=	Enzymatic assay	https://pubmed.ncbi.nlm.nih.gov/18834865/
HOMJAAIVTDVQJA-UHFFFAOYSA-N	MAP2K5	Inhibitor		nM	1	uM	EUbOPEN			biochemical	1.5	IC50	=	Enzymatic assay	https://pubmed.ncbi.nlm.nih.gov/18834865/
HOMJAAIVTDVQJA-UHFFFAOYSA-N	MAPK7	Inhibitor		nM	1	uM	EUbOPEN			biochemical	59.0	IC50	=	Enzymatic assay	https://pubmed.ncbi.nlm.nih.gov/18834865/
FWEIAKDAIDQPRK-UHFFFAOYSA-N	STK4	Inhibitor		nM	1	uM	EUbOPEN			biochemical	23.0	IC50	=	ADP-Glo assay (using 50 µM ATP)	https://pubs.acs.org/doi/10.1021/acs.jmedchem.2c00926
VTXBMVZVPUSAJF-UZYVYHOESA-N	LATS1	Inhibitor		nM	1	uM	EUbOPEN			biochemical	0.2	IC50	=	HTRF assay (using 10 µM ATP)	https://www.nature.com/articles/s41467-021-23395-3#Sec31
VTXBMVZVPUSAJF-UZYVYHOESA-N	LATS2	Inhibitor		nM	1	uM	EUbOPEN			biochemical	0.2	IC50	=	HTRF assay (using 10 µM ATP)	https://www.nature.com/articles/s41467-021-23395-3#Sec31
BHKDKKZMPODMIQ-UHFFFAOYSA-N	FGFR4	Reversible covalent inhibitor		nM	100	uM	EUbOPEN			biochemical	0.9	IC50	=	Caliper microfluidic mobility shift assay (conc. ATP = Km)	https://pubmed.ncbi.nlm.nih.gov/32930584/
RHFIAUKMKYHHFA-UHFFFAOYSA-N	MAP3K12	Inhibitor		nM	100	uM	EUbOPEN			biochemical	8.0	Ki	=	Enzymatic assay	https://pubmed.ncbi.nlm.nih.gov/25341110/
CDOVNWNANFFLFJ-UHFFFAOYSA-N	ACVRL1	Inhibitor		nM	100	uM	EUbOPEN			biochemical	0.8	IC50	=	Radiometric kinase assay (using 6 µM ATP)	https://pubmed.ncbi.nlm.nih.gov/23646137/
CDOVNWNANFFLFJ-UHFFFAOYSA-N	ACVR1	Inhibitor		nM	100	uM	EUbOPEN			biochemical	0.8	IC50	=	Radiometric kinase assay (using 6 µM ATP)	https://pubmed.ncbi.nlm.nih.gov/23646137/
CDOVNWNANFFLFJ-UHFFFAOYSA-N	BMPR1A	Inhibitor		nM	100	uM	EUbOPEN			biochemical	5.3	IC50	=	Radiometric kinase assay (using 6 µM ATP)	https://pubmed.ncbi.nlm.nih.gov/23646137/
CDOVNWNANFFLFJ-UHFFFAOYSA-N	BMPR1B	Inhibitor		nM	100	uM	EUbOPEN			biochemical	16.7	IC50	=	Radiometric kinase assay (using 6 µM ATP)	https://pubmed.ncbi.nlm.nih.gov/23646137/
BBDGBGOVJPEFBT-UHFFFAOYSA-N	ACVRL1	Inhibitor		nM	100	uM	EUbOPEN			biochemical	2.4	IC50	=	Radiometric kinase assay (using 6 µM ATP)	https://www.ncbi.nlm.nih.gov/pmc/articles/PMC3901569/
BBDGBGOVJPEFBT-UHFFFAOYSA-N	ACVR1	Inhibitor		nM	100	uM	EUbOPEN			biochemical	1.3	IC50	=	Radiometric kinase assay (using 6 µM ATP)	https://www.ncbi.nlm.nih.gov/pmc/articles/PMC3901569/
BBDGBGOVJPEFBT-UHFFFAOYSA-N	BMPR1A	Inhibitor		nM	100	uM	EUbOPEN			biochemical	85.5	IC50	=	Radiometric kinase assay (using 6 µM ATP)	https://www.ncbi.nlm.nih.gov/pmc/articles/PMC3901569/
JMIFGARJSWXZSH-UHFFFAOYSA-N	ACVRL1	Inhibitor		nM	1	uM	EUbOPEN			biochemical	77.9	IC50	=	Radiometric kinase assay (using 6 µM ATP)	https://www.ncbi.nlm.nih.gov/pmc/articles/PMC3901569/
JMIFGARJSWXZSH-UHFFFAOYSA-N	ACVR1	Inhibitor		nM	1	uM	EUbOPEN			biochemical	12.62	IC50	=	Radiometric kinase assay (using 6 µM ATP)	https://www.ncbi.nlm.nih.gov/pmc/articles/PMC3901569/
JMIFGARJSWXZSH-UHFFFAOYSA-N	BMPR1A	Inhibitor		nM	1	uM	EUbOPEN			biochemical	241.0	IC50	=	Radiometric kinase assay (using 6 µM ATP)	https://www.ncbi.nlm.nih.gov/pmc/articles/PMC3901569/
CJLMANFTWLNAKC-UHFFFAOYSA-N	ACVRL1	Inhibitor		nM	100	uM	EUbOPEN			biochemical	1.8	IC50	=	Radiometric kinase assay (using 6 µM ATP)	https://pubmed.ncbi.nlm.nih.gov/23646137/
CJLMANFTWLNAKC-UHFFFAOYSA-N	ACVR1	Inhibitor		nM	100	uM	EUbOPEN			biochemical	1.1	IC50	=	Radiometric kinase assay (using 6 µM ATP)	https://pubmed.ncbi.nlm.nih.gov/23646137/
CJLMANFTWLNAKC-UHFFFAOYSA-N	BMPR1A	Inhibitor		nM	100	uM	EUbOPEN			biochemical	34.4	IC50	=	Radiometric kinase assay (using 6 µM ATP)	https://pubmed.ncbi.nlm.nih.gov/23646137/
CJLMANFTWLNAKC-UHFFFAOYSA-N	BMPR1B	Inhibitor		nM	100	uM	EUbOPEN			biochemical	6.4	IC50	=	Radiometric kinase assay (using 6 µM ATP)	https://pubmed.ncbi.nlm.nih.gov/23646137/
HKTBYUWLRDZAJK-UHFFFAOYSA-N	MKNK1	Inhibitor		nM	100	uM	EUbOPEN			biochemical	2.4	IC50	=	ADP-Glo kinase assay (Promega, using 300 µM ATP)	https://pubs.acs.org/doi/10.1021/acs.jmedchem.7b01795#
HKTBYUWLRDZAJK-UHFFFAOYSA-N	MKNK2	Inhibitor		nM	100	uM	EUbOPEN			biochemical	1.0	IC50	=	ADP-Glo kinase assay (Promega, using 10 µM ATP)	https://pubs.acs.org/doi/10.1021/acs.jmedchem.7b01795#
XNWDRALEEPGBHB-UHFFFAOYSA-N	PRKD1	Inhibitor		nM	1	uM	EUbOPEN			biochemical	1.0	IC50	=	TR-FRET assay (20 µM ATP)	https://pubmed.ncbi.nlm.nih.gov/20018189/
XNWDRALEEPGBHB-UHFFFAOYSA-N	PRKD2	Inhibitor		nM	1	uM	EUbOPEN			biochemical	9.0	IC50	=	TR-FRET assay (20 µM ATP)	https://pubmed.ncbi.nlm.nih.gov/20018189/
XNWDRALEEPGBHB-UHFFFAOYSA-N	PRKD3	Inhibitor		nM	1	uM	EUbOPEN			biochemical	1.0	IC50	=	TR-FRET assay (20 µM ATP)	https://pubmed.ncbi.nlm.nih.gov/20018189/
UXGJAOIJSROTTN-UHFFFAOYSA-N	CHEK2	Inhibitor		nM	1	uM	EUbOPEN			biochemical	15.0	IC50	=	Radiometric kinase assay (conc. ATP = 10 µM)	https://pubmed.ncbi.nlm.nih.gov/15771432/
IYOZTVGMEWJPKR-UHFFFAOYSA-N	ROCK2	Inhibitor		nM	1	uM	EUbOPEN			biochemical	61.0	IC50	=	Cambrex PKLight ATP Detection assay (using luciferin–luciferase to quantify residual ATP)	https://pubmed.ncbi.nlm.nih.gov/20462760/
IYOZTVGMEWJPKR-UHFFFAOYSA-N	PKN2	Inhibitor		nM	1	uM	EUbOPEN			biochemical	70.0	IC50	=	Cambrex PKLight ATP Detection assay (using luciferin–luciferase to quantify residual ATP)	https://pubmed.ncbi.nlm.nih.gov/20462760/
IYOZTVGMEWJPKR-UHFFFAOYSA-N	ROCK1	Inhibitor		nM	1	uM	EUbOPEN			biochemical	46.0	IC50	=	Cambrex PKLight ATP Detection assay (using luciferin–luciferase to quantify residual ATP)	https://pubmed.ncbi.nlm.nih.gov/20462760/
NASYEGAVCTZSDO-UHFFFAOYSA-N	DAPK2	Inhibitor		nM	1	uM	EUbOPEN			biochemical	79.0	Kd	=	Competition-binding assay (DiscoverX)	https://pubmed.ncbi.nlm.nih.gov/24070067/
HPJVZSVEIGCFJP-SFHVURJKSA-N	TTBK2	Inhibitor		nM	1	uM	EUbOPEN			biochemical	2.7	IC50	=	LANCE Ultra TR-FRET assay	https://pubmed.ncbi.nlm.nih.gov/33944571/
RRMJMHOQSALEJJ-UHFFFAOYSA-N	EGFR	Covalent inhibitor		nM	1	uM	EUbOPEN			biochemical	34.0	IC50	=	TRF KinEASE-TK assay (Cisbio using 27.71 µM ATP)	https://www.sciencedirect.com/science/article/pii/S0223523419311183?via%3Dihub
RGLYKWWBQGJZGM-UHFFFAOYSA-N	NR3B3	Inverse Agonist		nM	3	uM	EUbOPEN			biochemical	630.0	IC50		FRET assay	https://doi.org/10.1021/jm050161j
YVXVTLGIDOACBJ-SFHVURJKSA-N	NR3C4	Agonist		nM	1	uM	EUbOPEN			biochemical	4.0	Ki		Competitive radiolabled binding assay	https://doi.org/10.1124/jpet.102.040840
DXDRHHKMWQZJHT-UHFFFAOYSA-N	NR3A2	Agonist		nM	1	uM	EUbOPEN			biochemical	269.0	IC50		Competitive binding assay	https://doi.org/10.1055/s-2007-993760
NEQZWEXWOFPKOT-UXGSFGIESA-N	MAP3K7	Inhibitor		nM	100	uM	EUbOPEN			biochemical	8.1	IC50	=	Radiometric kinase assay	https://pubmed.ncbi.nlm.nih.gov/12624112/
NEQZWEXWOFPKOT-UXGSFGIESA-N	KDR	Inhibitor		nM	100	uM	EUbOPEN			biochemical	52.0	IC50	=	Enzymatic assay	https://pubmed.ncbi.nlm.nih.gov/17676571/
NPPMVTBTTJNVKP-CYBMUJFWSA-N	PDE9A	Negative control for BAY-7081		nM	1	uM	EUbOPEN			biochemical	10000.0	IC50	>	Scintillation Proximity Assay	https://www.sgc-ffm.uni-frankfurt.de/#!specificprobeoverview/BAY-7081
TVCKWZATGBVYEN-UHFFFAOYSA-N	HSD17B13	Negative control for BI-3231		nM	1	uM	EUbOPEN			biochemical	10000.0	Ki	>	Enzyme activity assay	https://pubs.acs.org/doi/10.1021/acs.jmedchem.2c01884
XKDHFIPNTTUSIA-UHFFFAOYSA-N	HSD17B13	inhibitor		nM	1	uM	EUbOPEN			biochemical	0.7	Ki		Enzyme activity assay	https://pubs.acs.org/doi/10.1021/acs.jmedchem.2c01884
VFNPUAOAEFMXQI-GASCZTMLSA-N	BCL6	degrader		nM	1	uM	EUbOPEN			biochemical	520.0	IC50		TR-FRET assay	https://pubmed.ncbi.nlm.nih.gov/32275432/
MLRMGHITRSOINN-IYBDPMFKSA-N	BCL6	Negative control for CCT369260		nM	1	uM	EUbOPEN			biochemical	21000.0	IC50		TR-FRET assay	https://www.sgc-ffm.uni-frankfurt.de/#!usageview/CCT369260
BULCCNLYFBCNHQ-HNNXBMFYSA-N	CAMK1D	Negative control for CS640		nM	100	uM	EUbOPEN			biochemical	1.71	dTm		DSF assay	https://www.thesgc.org/chemical-probes/cs-640
BULCCNLYFBCNHQ-HNNXBMFYSA-N	CAMK1G	Negative control for CS640		nM	100	uM	EUbOPEN			biochemical	2.02	dTm		DSF assay	https://www.thesgc.org/chemical-probes/cs-640
APLVGTKXOIMODQ-IBGZPJMESA-N	SMARCA2@BRD	inhibitor		nM	1	uM	EUbOPEN			biochemical	13.8	IC50		ADP-Glo assay	https://www.sgc-ffm.uni-frankfurt.de/#!detailedpotencydataview/FHT-2344
APLVGTKXOIMODQ-IBGZPJMESA-N	SMARCA4@BRD	inhibitor		nM	1	uM	EUbOPEN			biochemical	26.1	IC50		ADP-Glo assay	https://www.sgc-ffm.uni-frankfurt.de/#!detailedpotencydataview/FHT-2344
DMEDHHKXKVEBDF-HNNXBMFYSA-N	SMARCA2@BRD	Negative control for FHT-2344		nM	1	uM	EUbOPEN			biochemical	1880.0	IC50		ADP-Glo assay	https://www.sgc-ffm.uni-frankfurt.de/#!detailedpotencydataview/FHT-2344
DMEDHHKXKVEBDF-HNNXBMFYSA-N	SMARCA4@BRD	Negative control for FHT-2344		nM	1	uM	EUbOPEN			biochemical	3990.0	IC50		ADP-Glo assay	https://www.sgc-ffm.uni-frankfurt.de/#!detailedpotencydataview/FHT-2344
FFPHMUIGESPOTK-UHFFFAOYSA-N	TBK1	Inhibitor		nM	1	uM	EUbOPEN			biochemical	10.0	IC50	=	Radiometric assay (HotSpot assay, Reaction Biology)	https://pubmed.ncbi.nlm.nih.gov/31097999/
OOIXWMIRURMFRS-UHFFFAOYSA-N	CSNK1E	Negative control for JNJ-6204		nM	1	uM	EUbOPEN			biochemical	6900.0	IC50		ADP-Glo assay	https://www.sgc-ffm.uni-frankfurt.de/#!specificprobeoverview/JNJ-6204
IVOACCSOISMVBL-UHFFFAOYSA-N	MGLL	Inhibitor		nM	10	uM	EUbOPEN			biochemical	5.0	IC50		Fluorometric assay (inhibition of 4MU-butyrate cleavage)	https://pubmed.ncbi.nlm.nih.gov/31818916/
LUURZPBLEVSXGP-UHFFFAOYSA-N	SMOX	Negative control for JNJ-9350		nM	10	uM	EUbOPEN			biochemical	31000.0	IC50	>	HyperBlue assay (spermine oxidase enzymatic assay utilizing spermine substrate in the presence of atmospheric oxygen)	https://www.sgc-ffm.uni-frankfurt.de/#!specificprobeoverview/JNJ-9350
WZMIWVZGYMKUDV-WFGJKAKNSA-N	CSNK1E	inhibitor		nM	1	uM	EUbOPEN			biochemical	137.0	IC50		ADP-Glo assay	https://www.sgc-ffm.uni-frankfurt.de/#!specificprobeoverview/JNJ-6204
CVQBGUIOFAMIJK-UHFFFAOYSA-N	MGLL	Negative control for JNJ-4226314		nM	10	uM	EUbOPEN			biochemical	10000.0	IC50	>	Fluorometric Assay (inhibition of 4MU-butyrate cleavage)	https://pubmed.ncbi.nlm.nih.gov/31818916/
RIGHCDSORZCRDE-UHFFFAOYSA-N	SMOX	Inhibitor		nM	10	uM	EUbOPEN			biochemical	10.0	IC50	=	HyperBlue assay (spermine oxidase enzymatic assay utilizing spermine substrate in the presence of atmospheric oxygen)	https://www.sgc-ffm.uni-frankfurt.de/#!specificprobeoverview/JNJ-9350
HDAJDNHIBCDLQF-RUZDIDTESA-N	MAPK1	Inhibitor		nM	100	uM	EUbOPEN			biochemical	2.7	IC50	=	Enzymatic assay (ATP-competitive assay platform, Life technology)	https://www.ncbi.nlm.nih.gov/pmc/articles/PMC4687050/
HDAJDNHIBCDLQF-RUZDIDTESA-N	MAPK3	Inhibitor		nM	100	uM	EUbOPEN			biochemical	8.3	IC50	=	Enzymatic assay (ATP-competitive assay platform, Life technology)	https://www.ncbi.nlm.nih.gov/pmc/articles/PMC4687050/
MCLDWKVRXDHDEI-UHFFFAOYSA-N	CDKL5	Inhibitor		nM	100	uM	EUbOPEN			biochemical	6.7	IC50		Competition binding assay (Luceome Biotechnologies)	https://pubmed.ncbi.nlm.nih.gov/37162893/
NIHAFOURWLZLFN-UHFFFAOYSA-N	GSK3A	inhibitor		nM	100	uM	EUbOPEN			biochemical	4.0	IC50		Enzymatic radiometric assays (Eurofins)	https://pubmed.ncbi.nlm.nih.gov/37084253/
NIHAFOURWLZLFN-UHFFFAOYSA-N	GSK3B	inhibitor		nM	100	uM	EUbOPEN			biochemical	9.0	IC50		Enzymatic radiometric assays (Eurofins)	https://pubmed.ncbi.nlm.nih.gov/37084253/
NIHAFOURWLZLFN-UHFFFAOYSA-N	CDKL5	inhibitor		nM	100	uM	EUbOPEN			biochemical	6.5	IC50		KinaseSeeker homogenous competition binding assay (Luceome Biotechnologies)	https://pubmed.ncbi.nlm.nih.gov/37084253/
OCQCKUTZHBQNEI-UHFFFAOYSA-N	GSK3A	inhibitor		nM	100	uM	EUbOPEN			biochemical	1.0	IC50		Enzymatic radiometric assays (Eurofins)	https://pubmed.ncbi.nlm.nih.gov/37084253/
OCQCKUTZHBQNEI-UHFFFAOYSA-N	GSK3B	inhibitor		nM	100	uM	EUbOPEN			biochemical	2.0	IC50		Enzymatic radiometric assays (Eurofins)	https://pubmed.ncbi.nlm.nih.gov/37084253/
UOZVVPXKJGOFIG-UHFFFAOYSA-N	MAP3K7	Inhibitor		nM	1	uM	EUbOPEN			biochemical	5.46	IC50	=	Radiometric assay (Activity of purified TAK1-TAB1 protein using 5 µM ATP)	https://pubmed.ncbi.nlm.nih.gov/28820959/
OAZAPIKYVGRNCO-UHFFFAOYSA-N	UGCG	Allosteric inhibitor		nM	1	uM	EUbOPEN			biochemical	31.0	IC50	=	Enzymatic assay	https://pubmed.ncbi.nlm.nih.gov/35188773/
CECLXQDMAJQBCR-UHFFFAOYSA-N	UGCG	Negative control for TP-060		nM	1	uM	EUbOPEN			biochemical	100000.0	IC50	>	Enzymatic assay	https://pubmed.ncbi.nlm.nih.gov/35188773/
KSERXGMCDHOLSS-LJQANCHMSA-N	MAPK1	Reversible covalent inhibitor		nM	1	uM	EUbOPEN			biochemical	0.3	IC50		Rapidfire Mass Spectrometry Inhibition of Catalysis Assay (Km ATP)	https://pubmed.ncbi.nlm.nih.gov/25977981/
NPPMVTBTTJNVKP-ZDUSSCGKSA-N	PDE9A	inhibitor		nM	1	uM	EUbOPEN			biochemical	15.0	IC50		Scintillation Proximity Assay	https://www.ncbi.nlm.nih.gov/pmc/articles/PMC9791655/
GFNNBHLJANVSQV-UHFFFAOYSA-N	EGFR	Inhibitor		nM	1	uM	EUbOPEN			biochemical	6.0	IC50	=	Radiometric assay (conc. ATP = 0.4 µM)	https://pubmed.ncbi.nlm.nih.gov/10090785/
OHUHVTCQTUDPIJ-JYCIKRDWSA-N	ATR	Inhibitor		nM	1	uM	EUbOPEN			biochemical	1.0	IC50	=	Kinase-Glo assay (Promega)	https://pubmed.ncbi.nlm.nih.gov/26517239/
YPPSMYLMSKHYAY-UHFFFAOYSA-N	EIF2AK3	Inhibitor		nM	1	uM	EUbOPEN			biochemical	6.0	IC50	=	TR-FRET assay (Cisbio Inc., using 1 µM ATP (=Km) )	https://pubmed.ncbi.nlm.nih.gov/25587754/
YAEMHJKFIIIULI-UHFFFAOYSA-N	GSK3A	Inhibitor		nM	1	uM	EUbOPEN			biochemical	0.028	IC50	=	Mobility shift microfluidic assay (Caliper, MA)	https://pubmed.ncbi.nlm.nih.gov/27128528/
YAEMHJKFIIIULI-UHFFFAOYSA-N	GSK3B	Inhibitor		nM	1	uM	EUbOPEN			biochemical	0.116	IC50	=	Mobility shift microfluidic assay (Caliper, MA)	https://pubmed.ncbi.nlm.nih.gov/27128528/
AOTRIQLYUAFVSC-UHFFFAOYSA-N	ATM	Inhibitor		nM	1	uM	EUbOPEN			biochemical	0.04	IC50	=	HTRF assay	https://pubs.acs.org/doi/10.1021/acs.jmedchem.7b01896
VQSZIPCGAGVRRP-UHFFFAOYSA-N	ATM	Inhibitor		nM	100	uM	EUbOPEN			biochemical	0.09	IC50	=	Enzymatic assay	https://pubs.acs.org/doi/10.1021/acs.jmedchem.0c00766
RKAHOQATMSONTM-IBGZPJMESA-N	AAK1	Inhibitor		nM	100	uM	EUbOPEN			biochemical	2.0	IC50	=	Caliper assay (using 22 µM ATP)	https://pubmed.ncbi.nlm.nih.gov/35257579/
GMYLVKUGJMYTFB-UHFFFAOYSA-N	PRKDC	Inhibitor		nM	1	uM	EUbOPEN			biochemical	13.0	IC50	=	Enzymatic assay	https://pubmed.ncbi.nlm.nih.gov/26102506/
GMYLVKUGJMYTFB-UHFFFAOYSA-N	MTOR	Inhibitor		nM	1	uM	EUbOPEN			biochemical	21.0	IC50	=	HTR-FRET assay (using 15 µM ATP)	https://pubmed.ncbi.nlm.nih.gov/26102506/
RGHLRMNPUGUZEY-UHFFFAOYSA-N	RIOK2	Inhibitor		nM	1	uM	EUbOPEN			biochemical	6.1	Kd	=	Competition binding assay (DiscoverX)	https://pubmed.ncbi.nlm.nih.gov/35584513/
YBXRSCXGRPSTMW-CYBMUJFWSA-N	ATR	Inhibitor		nM	100	uM	EUbOPEN			biochemical	7.0	IC50	=	TR-FRET assay	https://pubmed.ncbi.nlm.nih.gov/32502336/
YBXRSCXGRPSTMW-CYBMUJFWSA-N	MTOR	Inhibitor		nM	100	uM	EUbOPEN			biochemical	24.0	Kd	=	Competition binding assay (DiscoverX)	https://pubmed.ncbi.nlm.nih.gov/32502336/
JGHVXJKGYJYWOP-UHFFFAOYSA-N	EIF2AK4	Inhibitor		nM	1	uM	EUbOPEN			biochemical	2.4	IC50	=	Lantha Screen assay (LanthaScreen Tb-anti-p-eIF2α (pSer52) antibody kit (Thermo Fisher Scientific) using ATP = Km)	https://pubmed.ncbi.nlm.nih.gov/30061420/
IRPVABHDSJVBNZ-QWHZDKJVSA-N	MAP3K12	Inhibitor		nM	1	uM	EUbOPEN			biochemical	10.0	IC50	=	TR-FRET assay	https://pubs.acs.org/doi/10.1021/acs.jmedchem.2c01056
IRPVABHDSJVBNZ-QWHZDKJVSA-N	MAP3K13	Inhibitor		nM	1	uM	EUbOPEN			biochemical	62.0	IC50	=	TR-FRET assay	https://pubs.acs.org/doi/10.1021/acs.jmedchem.2c01056
ZGCMQKWOUIMBEP-UHFFFAOYSA-N	MAP3K5	Inhibitor		nM	1	uM	EUbOPEN			biochemical	2.87	IC50	=	TR-FRET assay (using 100 µM ATP)	https://pubmed.ncbi.nlm.nih.gov/30024858/
BPRAHARGXSNSSO-UHFFFAOYSA-N	ERN1	Inhibitor		nM	1	uM	EUbOPEN			biochemical	77.0	IC50	=	LanthaScreen Eu Kinase binding FRET assay	https://pubmed.ncbi.nlm.nih.gov/30779566/
SCELLOWTHJGVIC-BGYRXZFFSA-N	ATM	Inhibitor		nM	1	uM	EUbOPEN			biochemical	6.3	IC50	=	Enzymatic assay	https://pubmed.ncbi.nlm.nih.gov/19808981/
GOOYSJIWTIHOGW-UHFFFAOYSA-N	AAK1	Inhibitor		nM	100	uM	EUbOPEN			biochemical	3.3	IC50	=	Caliper enzyme assay (phosphorylation of peptide substrate, using 22 µM ATP = Km)	https://pubmed.ncbi.nlm.nih.gov/27411717/
GOOYSJIWTIHOGW-UHFFFAOYSA-N	BIKE	Inhibitor		nM	100	uM	EUbOPEN			biochemical	14.0	IC50	=	Caliper enzyme assay (phosphorylation of peptide substrate, using 3.3 µM ATP = Km)	https://pubmed.ncbi.nlm.nih.gov/27411717/
ARBRHWRTXPWZGN-UHFFFAOYSA-N	PKMYT1	Inhibitor		nM	1	uM	EUbOPEN			biochemical	3.1	IC50	=	ADP-Glo assay	https://pubmed.ncbi.nlm.nih.gov/35444283/
XGVXKJKTISMIOW-ZDUSSCGKSA-N	CDC7	Inhibitor		nM	100	uM	EUbOPEN			biochemical	0.3	IC50		TR-FRET assay (using CDC7/DBF4 protein, using 50 µM ATP)	https://pubmed.ncbi.nlm.nih.gov/31131319/
RWNAOXLCVXJMGM-UHFFFAOYSA-N	MAP3K7	Inhibitor		nM	1	uM	EUbOPEN			biochemical	41.1	IC50	=	Enzymatic assay	https://pubmed.ncbi.nlm.nih.gov/25075558/
RWNAOXLCVXJMGM-UHFFFAOYSA-N	MAP4K2	Inhibitor		nM	1	uM	EUbOPEN			biochemical	18.2	IC50	=	Enzymatic assay	https://pubmed.ncbi.nlm.nih.gov/25075558/
RWNAOXLCVXJMGM-UHFFFAOYSA-N	FES	Inhibitor		nM	1	uM	EUbOPEN			biochemical	69.7	IC50	=	Enzymatic assay	https://pubmed.ncbi.nlm.nih.gov/25075558/
RWNAOXLCVXJMGM-UHFFFAOYSA-N	FER	Inhibitor		nM	1	uM	EUbOPEN			biochemical	74.8	IC50	=	Enzymatic assay	https://pubmed.ncbi.nlm.nih.gov/25075558/
QEAYKBGEHPZBIL-CQSZACIVSA-N	MAP3K7	Inhibitor		nM	1	uM	EUbOPEN			biochemical	2.0	IC50	=	LanthaScreen assay (10 µM ATP)	https://pubmed.ncbi.nlm.nih.gov/33859795/
YCOYDOIWSSHVCK-UHFFFAOYSA-N	KDR	Inhibitor		nM	100	uM	EUbOPEN			biochemical	37.0	IC50	=	Radiometric filter binding assay (using 8 µM ATP)	https://pubmed.ncbi.nlm.nih.gov/10786682/
JJWLXRKVUJDJKG-VIFPVBQESA-N	CDC7	Inhibitor		nM	1	uM	EUbOPEN			biochemical	3.4	IC50	=	Luciferase-luciferin-coupled chemiluminescence assay (using 1 µM ATP)	https://pubmed.ncbi.nlm.nih.gov/22560567/
JJWLXRKVUJDJKG-VIFPVBQESA-N	PIM1	Inhibitor		nM	1	uM	EUbOPEN			biochemical	42.0	IC50	=	Luciferase-luciferin-coupled chemiluminescence assay (using 0.5 µM ATP)	https://pubmed.ncbi.nlm.nih.gov/22560567/
ZNFMBFABCSHXPM-UHFFFAOYSA-N	ULK1	Inhibitor		nM	1	uM	EUbOPEN			biochemical	26.6	IC50	=	ADP-Glo assay	https://pubmed.ncbi.nlm.nih.gov/31986961/
ZNFMBFABCSHXPM-UHFFFAOYSA-N	ULK2	Inhibitor		nM	1	uM	EUbOPEN			biochemical	70.9	IC50	=	Enzymatic assay	https://pubmed.ncbi.nlm.nih.gov/31986961/
ZNFMBFABCSHXPM-UHFFFAOYSA-N	CAMK2A	Inhibitor		nM	1	uM	EUbOPEN			biochemical	66.3	IC50	=	Enzymatic assay	https://pubmed.ncbi.nlm.nih.gov/31986961/
HTFNVAVTYILUCF-UHFFFAOYSA-N	MAPK7	Inhibitor		nM	1	uM	EUbOPEN			biochemical	8.0	IC50	=	Enzymatic assay	https://pubmed.ncbi.nlm.nih.gov/27679845/
ODOJVROSIRINJT-LJQANCHMSA-N	CIT	Inhibitor		nM	2	uM	EUbOPEN			biochemical	12.0	IC50	=	LANCE TR-FRET assay (using 10 µM ATP)	https://pubmed.ncbi.nlm.nih.gov/38330278/
HHXRZSZBSWPCKL-LJQANCHMSA-N	CIT	Negative control for C3TD879		nM	2	uM	EUbOPEN			biochemical	30000.0	IC50	>	LANCE TR-FRET assay (using 10 µM ATP)	https://pubmed.ncbi.nlm.nih.gov/38330278/
NQKQXMWUXJEWJR-UHFFFAOYSA-N	MCL1	Negative control for JNJ-4355		nM	10	uM	EUbOPEN			biochemical	115.0	Ki	=	HTRF assay	https://www.sgc-ffm.uni-frankfurt.de/#!specificprobeoverview/JNJ-4355
IVVSBEQDCAZLFY-SFHVURJKSA-N	RIPK1	Negative control for TP_030_1 and TP_030_2		nM	100	uM	EUbOPEN			biochemical	6900.0	Ki	=	TR-FRET binding assay (Invitrogen)	https://pubmed.ncbi.nlm.nih.gov/29485864
TZRHLKRLEZJVIJ-UHFFFAOYSA-N	NR4A1	Inverse Agonist		nM	50	uM	EUbOPEN			biochemical	1600.0	Kd		ITC (NR4A2)	
TZRHLKRLEZJVIJ-UHFFFAOYSA-N	NR4A2	Inverse Agonist		nM	50	uM	EUbOPEN			biochemical	1600.0	Kd		ITC (NR4A2)	
TZRHLKRLEZJVIJ-UHFFFAOYSA-N	NR4A3	Inverse Agonist		nM	50	uM	EUbOPEN			biochemical	1600.0	Kd		ITC (NR4A2)	
CPJVLZDDECEONQ-UHFFFAOYSA-N	NR4A1	Inverse Agonist		nM	10	uM	EUbOPEN			biochemical	400.0	Kd		ITC (NR4A2)	
CPJVLZDDECEONQ-UHFFFAOYSA-N	NR4A2	Inverse Agonist		nM	10	uM	EUbOPEN			biochemical	400.0	Kd		ITC (NR4A2)	
CPJVLZDDECEONQ-UHFFFAOYSA-N	NR4A3	Inverse Agonist		nM	10	uM	EUbOPEN			biochemical	400.0	Kd		ITC (NR4A2)	
ZJPUSKBFLQMYJU-UHFFFAOYSA-N	NR4A1	Agonist		nM	3	uM	EUbOPEN			biochemical	120.0	Kd		ITC (NR4A2)	https://doi.org/10.1021/acs.jmedchem.4c03104
ZJPUSKBFLQMYJU-UHFFFAOYSA-N	NR4A2	Agonist		nM	3	uM	EUbOPEN			biochemical	120.0	Kd		ITC (NR4A2)	https://doi.org/10.1021/acs.jmedchem.4c03104
ZJPUSKBFLQMYJU-UHFFFAOYSA-N	NR4A3	Agonist		nM	3	uM	EUbOPEN			biochemical	120.0	Kd		ITC (NR4A2)	https://doi.org/10.1021/acs.jmedchem.4c03104
HGXSOLYLDMLDRI-UHFFFAOYSA-N	NR4A1	Agonist		nM	0	uM	EUbOPEN			biochemical	170.0	Kd		ITC (NR4A2)	https://doi.org/10.1038/s42004-024-01224-0
HGXSOLYLDMLDRI-UHFFFAOYSA-N	NR4A2	Agonist		nM	0	uM	EUbOPEN			biochemical	170.0	Kd		ITC (NR4A2)	https://doi.org/10.1038/s42004-024-01224-0
HGXSOLYLDMLDRI-UHFFFAOYSA-N	NR4A3	Agonist		nM	0	uM	EUbOPEN			biochemical	170.0	Kd		ITC (NR4A2)	https://doi.org/10.1038/s42004-024-01224-0
FJLGEFLZQAZZCD-MCBHFWOFSA-N	NR4A1	Agonist		nM	6	uM	EUbOPEN			biochemical	600.0	Kd		ITC (NR4A2)	
FJLGEFLZQAZZCD-MCBHFWOFSA-N	NR4A2	Agonist		nM	6	uM	EUbOPEN			biochemical	600.0	Kd		ITC (NR4A2)	
FJLGEFLZQAZZCD-MCBHFWOFSA-N	NR4A3	Agonist		nM	6	uM	EUbOPEN			biochemical	600.0	Kd		ITC (NR4A2)	
RYMZZMVNJRMUDD-HGQWONQESA-N	NR4A1	Agonist		nM	10	uM	EUbOPEN			biochemical	1300.0	Kd		ITC (NR4A2)	
RYMZZMVNJRMUDD-HGQWONQESA-N	NR4A2	Agonist		nM	10	uM	EUbOPEN			biochemical	1300.0	Kd		ITC (NR4A2)	
RYMZZMVNJRMUDD-HGQWONQESA-N	NR4A3	Agonist		nM	10	uM	EUbOPEN			biochemical	1300.0	Kd		ITC (NR4A2)	
XPRDUGXOWVXZLL-UHFFFAOYSA-N	NR4A1	Agonist		nM	10	uM	EUbOPEN			biochemical	700.0	Kd		ITC (NR4A2)	https://doi.org/10.1021/acs.jmedchem.3c00415
XPRDUGXOWVXZLL-UHFFFAOYSA-N	NR4A2	Agonist		nM	1	uM	EUbOPEN			biochemical	700.0	Kd		ITC (NR4A2)	https://doi.org/10.1021/acs.jmedchem.3c00415
XPRDUGXOWVXZLL-UHFFFAOYSA-N	NR4A3	Agonist		nM	10	uM	EUbOPEN			biochemical	700.0	Kd		ITC (NR4A2)	https://doi.org/10.1021/acs.jmedchem.3c00415
JZMZNOFEMDPCKX-UHFFFAOYSA-N	NR4A2	Inverse Agonist		nM	50	uM	EUbOPEN			biochemical	1000.0	Kd		ITC (NR4A2)	https://doi.org/10.1021/acs.jmedchem.4c01218
JZMZNOFEMDPCKX-UHFFFAOYSA-N	NR4A3	Inverse Agonist		nM	50	uM	EUbOPEN			biochemical	1000.0	Kd		ITC (NR4A2)	https://doi.org/10.1021/acs.jmedchem.4c01218
JZMZNOFEMDPCKX-UHFFFAOYSA-N	NR4A1	Inverse Agonist		nM	50	uM	EUbOPEN			biochemical	1000.0	Kd		ITC (NR4A2)	https://doi.org/10.1021/acs.jmedchem.4c01218
BJFSUDWKXGMUKA-UHFFFAOYSA-N	BRD7@BRD	Inhibitor		nM	1	uM	EUbOPEN			cell	1000.0	IC50		Recovery After Photobleaching (FRAP) assay U2OS cells	
BJFSUDWKXGMUKA-UHFFFAOYSA-N	BRD9@BRD	Inhibitor		nM	1	uM	EUbOPEN			cell	100.0	IC50		Recovery After Photobleaching (FRAP) assay U2OS cells	
CMJJZRAAQMUAFH-INIZCTEOSA-N	NTRK1	Inhibitor		nM	1	uM	EUbOPEN			cell	448.0	IC50	=	NanoBRET assay (HEK293T cells)	
CMJJZRAAQMUAFH-INIZCTEOSA-N	NTRK2	Inhibitor		nM	1	uM	EUbOPEN			cell	14.0	IC50	=	NanoBRET assay (HEK293T cells)	
CMJJZRAAQMUAFH-INIZCTEOSA-N	DDR1	Inhibitor		nM	1	uM	EUbOPEN			cell	104.0	IC50	=	NanoBRET assay (HEK293T cells)	
CMJJZRAAQMUAFH-INIZCTEOSA-N	DDR2	Inhibitor		nM	1	uM	EUbOPEN			cell	175.0	IC50	=	NanoBRET assay (HEK293T cells)	
GJMZWYLOARVASY-NTCAYCPXSA-N	JAK3@kinase 1	Inhibitor		nM	100	uM	EUbOPEN			cell	100.0	IC50	=	NanoBRET assay (HEK293T cells)	
HEAGNKNMQVIVMM-UHFFFAOYSA-N	CLK4	Inhibitor		nM	1	uM	EUbOPEN			cell	23.0	Ki	=	NanoBRET assay (in HEK293T cells)	https://www.thesgc.org/chemical-probes/MU1210
HEAGNKNMQVIVMM-UHFFFAOYSA-N	DYRK1A	Inhibitor		nM	1	uM	EUbOPEN			cell	6580.0	Ki	=	NanoBRET assay (in HEK293T cells)	https://www.thesgc.org/chemical-probes/MU1210
HEAGNKNMQVIVMM-UHFFFAOYSA-N	DYRK1B	Inhibitor		nM	1	uM	EUbOPEN			cell	10000.0	Ki	=	NanoBRET assay (in HEK293T cells)	https://www.thesgc.org/chemical-probes/MU1210
HEAGNKNMQVIVMM-UHFFFAOYSA-N	DYRK2	Inhibitor		nM	1	uM	EUbOPEN			cell	1700.0	Ki	=	NanoBRET assay (in HEK293T cells)	https://www.thesgc.org/chemical-probes/MU1210
HEAGNKNMQVIVMM-UHFFFAOYSA-N	CLK1	Inhibitor		nM	1	uM	EUbOPEN			cell	84.0	Ki	=	NanoBRET assay (in HEK293T cells)	https://www.thesgc.org/chemical-probes/MU1210
HEAGNKNMQVIVMM-UHFFFAOYSA-N	CLK2	Inhibitor		nM	1	uM	EUbOPEN			cell	91.0	Ki	=	NanoBRET assay (in HEK293T cells)	https://www.thesgc.org/chemical-probes/MU1210
FMTVWAGUJRUAKE-UHFFFAOYSA-N	PRMT6@Methyltransferase	Inhibitor		nM	1	uM	EUbOPEN			cell	56.0	IC50	=	Western Blot (inhibition of PRMT6 methyltransferase activity in HEK293 cells)	
FMTVWAGUJRUAKE-UHFFFAOYSA-N	PRMT1@Methyltransferase	Inhibitor		nM	1	uM	EUbOPEN			cell	9.0	IC50	=	Western Blot (inhibition of PRMT1 methyltransferase activity in MCF7 cells)	
FMTVWAGUJRUAKE-UHFFFAOYSA-N	PRMT3@Methyltransferase	Inhibitor		nM	1	uM	EUbOPEN			cell	1000.0	IC50	=	Western Blot (inhibition of PRMT3 methyltransferase activity in MCF7 cells)	
SGIWFELWJPNFDH-UHFFFAOYSA-N	RORC	Inverse Agonist		nM	1	uM	EUbOPEN			cell	460.0	IC50	=	cell-based	https://doi.org/10.1021/jm401901d ,  https://doi.org/10.1016/j.bmcl.2013.10.054
SGIWFELWJPNFDH-UHFFFAOYSA-N	NR1F3	Inverse Agonist		nM	1	uM	EUbOPEN			cell	460.0	IC50		Gal4 reporter gene assay	https://doi.org/10.1021/jm401901d
SGIWFELWJPNFDH-UHFFFAOYSA-N	NR1H2	Agoinst		nM	1	uM	EUbOPEN			cell	160.0	EC50		Gal4 reporter gene assay	https://doi.org/10.1021/jm401901d
SGIWFELWJPNFDH-UHFFFAOYSA-N	NR1H3	Agonist		nM	1	uM	EUbOPEN			cell	370.0	EC50		Gal4 reporter gene assay	https://doi.org/10.1021/jm401901d
SGIWFELWJPNFDH-UHFFFAOYSA-N	NR1I2	Agonist		nM	1	uM	EUbOPEN			cell	36.0	EC50		Gal4 reporter gene assay	https://doi.org/10.1021/jm401901d
FJCDSQATIJKQKA-UHFFFAOYSA-N	TGFBR1	Inhibitor		nM	100	uM	EUbOPEN			cell	41.0	IC50	=	Cell-based Luciferase assay (ALK5 inhibition in HaCaT cells permanently transfected with p3TO-luciferase reporter construct)	https://pubs.acs.org/doi/10.1021/jm500115w
SFMJNHNUOVADRW-UHFFFAOYSA-N	BMX	Covalent inhibitor		nM	1	uM	EUbOPEN			cell	138.0	IC50	=	BMX IP kinase assay in HEK293 cells	https://pubmed.ncbi.nlm.nih.gov/23594111/
XCFRUAOZMVFDPQ-AWEZNQCLSA-N	PBK	Inhibitor		nM	1	uM	EUbOPEN			cell	100.0	EC50		Western Blot (autophosphorylation of TOPK at Thr9 in T47D cells)	https://www.science.org/doi/10.1126/scitranslmed.3010277?url_ver=Z39.88-2003&rfr_id=ori:rid:crossref.org&rfr_dat=cr_pub%20%200pubmed
XCFRUAOZMVFDPQ-AWEZNQCLSA-N	CDK11B	Inhibitor		nM	1	uM	EUbOPEN			cell	102.0	IC50	=	NanoBRET assay (CDK11/cyclin L2, HEK293T cells)	https://pubmed.ncbi.nlm.nih.gov/36104565/
CMWRPDHVGMHLSZ-GFCCVEGCSA-N	MAPKAPK2	Inhibitor		nM	1	uM	EUbOPEN			cell	201.0	IC50	=	Western Blot (phosphorylation of the MK2 substrate HSP27 in U937 cells)	
HZPYSAHDRSBARR-QPJJXVBHSA-N	CDK14	Covalent inhibitor		nM	1	uM	EUbOPEN			cell	39.6	IC50	=	NanoBRET assay (using CDK14/cyclinY, HCT116 cells)	https://pubmed.ncbi.nlm.nih.gov/30930164/
HZPYSAHDRSBARR-QPJJXVBHSA-N	CDK16	Covalent inhibitor		nM	1	uM	EUbOPEN			cell	803.0	IC50	=	NanoBRET assay (using CDK16/cylinY, HCT116 cells)	https://pubmed.ncbi.nlm.nih.gov/30930164/
HZPYSAHDRSBARR-QPJJXVBHSA-N	CDK2	Covalent inhibitor		nM	1	uM	EUbOPEN			cell	256.0	IC50	=	NanoBRET assay (using CDK2/cylinY, HCT116 cells)	https://pubmed.ncbi.nlm.nih.gov/30930164/
BXDZOYLPNAIDOC-UHFFFAOYSA-N	CDK9	Degrader		nM	1	uM	EUbOPEN			cell	250.0	EC50		Immunoblot assay (Bio-AT7519 pulldown using MOLT4 wt cells)	https://www.nature.com/articles/nchembio.2538
VURLRACCOCGFDB-UHFFFAOYSA-N	SRPK1	Inhibitor		nM	1	uM	EUbOPEN			cell	60.0	IC50	=	NanoBRET assay (in HEK293T cells)	https://pubs.acs.org/doi/full/10.1021/acs.jmedchem.2c01705
VURLRACCOCGFDB-UHFFFAOYSA-N	SRPK2	Inhibitor		nM	1	uM	EUbOPEN			cell	648.0	IC50	=	NanoBRET assay (in HEK293T cells)	https://pubs.acs.org/doi/full/10.1021/acs.jmedchem.2c01705
ZXERDUOLZKYMJM-ZWECCWDJSA-N	NR1H4	Agonist		nM	1	uM	EUbOPEN			cell	300.0	EC50		Gal4 hybrid reporter gene assay (HEK293T cells were cotransfected with pFR-Luc reporter, pRL-SV40 control reporter and pFA-CMV-hFXR-LBD expression plasmid)	
KYWWJENKIMRJBI-UHFFFAOYSA-N	NR1H2	Agonist		nM	3	uM	EUbOPEN			cell	3670.0	EC50		Gal4 reporter gene assay (Huh-7 cells were cotransfected with a Gal4-Luc driven reporter plasmid and Gal4-DBD-hLXR?- or hLXR?-LBD expression plasmid)	https://doi.org/10.1021/jm800799q
KYWWJENKIMRJBI-UHFFFAOYSA-N	NR1H3	Agonist		nM	3	uM	EUbOPEN			cell	6660.0	EC50		Gal4 reporter gene assay (Huh-7 cells were cotransfected with a Gal4-Luc driven reporter plasmid and Gal4-DBD-hLXR?- or hLXR?-LBD expression plasmid)	https://doi.org/10.1021/jm800799q
HBOJWAYLSJLULG-UHFFFAOYSA-N	CARM1@Methyltransferase	Inhibitor		nM	1	uM	EUbOPEN			cell	1400.0	IC50	=	Western Blot (PRMT4 dependent cellular asymmetric arginine dimethylation of Med12 (Med12-Rme2a) in HEK293 cells)	
HBOJWAYLSJLULG-UHFFFAOYSA-N	PRMT6@Methyltransferase	Inhibitor		nM	1	uM	EUbOPEN			cell	970.0	IC50	=	Western Blot (PRMT6 dependent asymmetric dimethylation of histone H3 arginine 2 (H3R2me2a) in HEK293 cells)	
HQWTUOLCGKIECB-XZWHSSHBSA-N	CTNNB1	Inhibitor		nM	1	uM	EUbOPEN			cell	3000.0	IC50	=	TOPFLASH reporter assay (using SW480 colon carcinoma cells)	https://www.pnas.org/doi/10.1073/pnas.0404875101?url_ver=Z39.88-2003&rfr_id=ori:rid:crossref.org&rfr_dat=cr_pub%20%200pubmed
QAPAJIZPZGWAND-UHFFFAOYSA-N	MAPK7	Inhibitor		nM	1	uM	EUbOPEN			cell	1500.0	IC50	=	KiNativ assay (HeLa cell lysate)	
CYOHGALHFOKKQC-UHFFFAOYSA-N	MAP2K1	Inhibitor		nM	1	uM	EUbOPEN			cell	14.0	IC50	=	Inhibition of MEK1 human HeLa-Ma Tu matched pair cells	
HXNUFFCHRIWTRZ-UHFFFAOYSA-N	MAPK11	Inhibitor		nM	1	uM	EUbOPEN			cell	10.0	IC50	=	NanoBRET assay (HEK293T cells)	
HXNUFFCHRIWTRZ-UHFFFAOYSA-N	MAPK14	Inhibitor		nM	1	uM	EUbOPEN			cell	3.7	IC50	=	NanoBRET assay (HEK293T cells)	
ZLHFILGSQDJULK-UHFFFAOYSA-N	STK6	Inhibitor		nM	100	uM	EUbOPEN			cell	6.7	IC50	=	Immunostaining (pThr288 autophosphorylation assay in HeLa cells)	https://aacrjournals.org/clincancerres/article/17/24/7614/204920/Characterization-of-Alisertib-MLN8237-an
FWLMVFUGMHIOAA-UHFFFAOYSA-N	PTK2	Inhibitor		nM	100	uM	EUbOPEN			cell	3.0	IC50	=	Inhibition of human PTK2 phosphorylation in A431 cells	
ZCCPLJOKGAACRT-UHFFFAOYSA-N	EPHA2	Inhibitor		nM	100	uM	EUbOPEN			cell	3.0	IC50	=	NanoBRET assay (HEK293T cells)	
ZCCPLJOKGAACRT-UHFFFAOYSA-N	EPHB4	Inhibitor		nM	100	uM	EUbOPEN			cell	3.0	IC50	=	NanoBRET assay (HEK293T cells)	
ISPBCAXOSOLFME-UHFFFAOYSA-N	AXL	Inhibitor		nM	100	uM	EUbOPEN			cell	19.0	Kd	=	Quantitative chemical proteomics in Hs578t cells	
OINGHOPGNMYCAB-INIZCTEOSA-N	PAK1	Allosteric inhibitor		nM	1	uM	EUbOPEN			cell	250.0	IC50	=	Western Blot (inhibition of autophosphorylation of PAK (S144) in Su86.86 cell line)	
UCBIQZUJJSVQHL-UHFFFAOYSA-N	AAK1	Inhibitor		nM	1	uM	EUbOPEN			cell	230.0	IC50	=	NanoBRET assay (HEK293T cells)	
UCBIQZUJJSVQHL-UHFFFAOYSA-N	BMP2K	Inhibitor		nM	1	uM	EUbOPEN			cell	1500.0	IC50	=	NanoBRET assay (HEK293T cells)	
XQVVPGYIWAGRNI-JOCHJYFZSA-N	BRD4	Inhibitor		nM	1	uM	EUbOPEN			cell	300.0	IC50	=	NanoBRET assay (HEK293T cells)	
NAVMQTYZDKMPEU-UHFFFAOYSA-N	NR2B1	Agonist		nM	1	uM	EUbOPEN			cell	30.0	EC50		cell-based	https://doi.org/10.1021/jm00016a018 ,  https://doi.org/10.1021/jm00044a014
NAVMQTYZDKMPEU-UHFFFAOYSA-N	NR2B2	Agonist		nM	1	uM	EUbOPEN			cell	25.0	EC50		cell-based	https://doi.org/10.1021/jm00016a018 ,  https://doi.org/10.1021/jm00044a014
NAVMQTYZDKMPEU-UHFFFAOYSA-N	NR2B3	Agonist		nM	1	uM	EUbOPEN			cell	23.0	EC50		cell-based	https://doi.org/10.1021/jm00016a018 ,  https://doi.org/10.1021/jm00044a014
VLQTUNDJHLEFEQ-KGENOOAVSA-N	NR1H4	Agonist		nM	1	uM	EUbOPEN			cell	960.0	EC50		Gal4 hybrid reporter gene assay (HEK293T cells were cotransfected with pFR-Luc reporter, pRL-SV40 control reporter and pFA-CMV-hFXR-LBD expression plasmid)	
PSOXOVKYGWBTPB-UHFFFAOYSA-N	NR1H2	Antagonist		nM	3	uM	EUbOPEN			cell	40.0	IC50		Gal4 reporter gene assay (CV-1 cells were cotransfected with a reporter plasmid harboring the Gal4 enhancer region linked to the luciferase reporter gene, pSG5-SRC-1 expression plasmid and Gal4-LXR? or -LXR? expression plasmid)	https://doi.org/10.1021/jm901797p
PSOXOVKYGWBTPB-UHFFFAOYSA-N	NR1H3	Antagonist		nM	3	uM	EUbOPEN			cell	100.0	IC50		Gal4 reporter gene assay (CV-1 cells were cotransfected with a reporter plasmid harboring the Gal4 enhancer region linked to the luciferase reporter gene, pSG5-SRC-1 expression plasmid and Gal4-LXR? or -LXR? expression plasmid)	https://doi.org/10.1021/jm901797p
BYTNEISLBIENSA-MDZDMXLPSA-N	NR1H4	Agonist		nM	1	uM	EUbOPEN			cell	370.0	EC50		Gal4 hybrid reporter gene assay (HEK293T cells were cotransfected with pFR-Luc reporter, pRL-SV40 control reporter and pFA-CMV-hFXR-LBD expression plasmid)	
PKNYXWMTHFMHKD-UHFFFAOYSA-N	PPARA	Agonist		nM	1	uM	EUbOPEN			cell	6.3	EC50	=	cell-based	https://doi.org/10.1016/s0960-894x(01)00188-3
PKNYXWMTHFMHKD-UHFFFAOYSA-N	PPARG	Agonist		nM	1	uM	EUbOPEN			cell	1000.0	EC50	=	cell-based	https://doi.org/10.1016/s0960-894x(01)00188-3
PKNYXWMTHFMHKD-UHFFFAOYSA-N	NR1C1	Agonist		nM	1	uM	EUbOPEN			cell	6.0	EC50		Reporter gene assay (CV-1 cells were cotransfected with aP2-tk-CAT reporter plasmid, pCH110-?-galactosidase control plasmid and pSG5-Gal4-PPAR? or -PPAR? expression plasmid)	https://doi.org/10.1016/S0960-894X(01)00188-3
PKNYXWMTHFMHKD-UHFFFAOYSA-N	NR1C3	Agonist		nM	1	uM	EUbOPEN			cell	1100.0	EC50		Reporter gene assay (CV-1 cells were cotransfected with aP2-tk-CAT reporter plasmid, pCH110-?-galactosidase control plasmid and pSG5-Gal4-PPAR? or -PPAR? expression plasmid)	https://doi.org/10.1016/S0960-894X(01)00188-3
HBBVCKCCQCQCTJ-UHFFFAOYSA-N	NR1C1	Agonist		nM	1	uM	EUbOPEN			cell	977.0	EC50		cell-based transactivation assay for NR1C1; Gal4 hybrid reporter gene assay for NR1C2 and NR1C3 (HEK293T cells were cotransfected with pFR-Luc reporter, pRL-SV40 control reporter and pFA-CMV-hRAR?-LBD expression plasmid)	https://doi.org/10.1016/j.bmcl.2006.06.028
HBBVCKCCQCQCTJ-UHFFFAOYSA-N	NR1C2	Agonist		nM	1	uM	EUbOPEN			cell	15.0	EC50		cell-based transactivation assay for NR1C1; Gal4 hybrid reporter gene assay for NR1C2 and NR1C3 (HEK293T cells were cotransfected with pFR-Luc reporter, pRL-SV40 control reporter and pFA-CMV-hRAR?-LBD expression plasmid)	
HBBVCKCCQCQCTJ-UHFFFAOYSA-N	NR1C3	Agonist		nM	1	uM	EUbOPEN			cell	983.0	EC50		cell-based transactivation assay for NR1C1; Gal4 hybrid reporter gene assay for NR1C2 and NR1C3 (HEK293T cells were cotransfected with pFR-Luc reporter, pRL-SV40 control reporter and pFA-CMV-hRAR?-LBD expression plasmid)	
HBBVCKCCQCQCTJ-UHFFFAOYSA-N	PPARA	Agonist		nM	1	uM	EUbOPEN			cell	1000.0	EC50	=	cell-based	https://doi.org/10.1016/j.bmcl.2006.06.028
HBBVCKCCQCQCTJ-UHFFFAOYSA-N	PPARD	Agonist		nM	1	uM	EUbOPEN			cell	15.0	EC50	=	cell-based	https://zenodo.org/records/10474037
HBBVCKCCQCQCTJ-UHFFFAOYSA-N	PPARG	Agonist		nM	1	uM	EUbOPEN			cell	980.0	EC50	=	cell-based	https://zenodo.org/records/10474037
YASAKCUCGLMORW-UHFFFAOYSA-N	NR1C3	Agonist		nM	1	uM	EUbOPEN			cell	35.0	EC50		Gal4 reporter gene assay (HEK293 cells)	https://doi.org/10.1016/j.bmcl.2010.02.071
YASAKCUCGLMORW-UHFFFAOYSA-N	PPARG	Agonist		nM	1	uM	EUbOPEN			cell	35.0	EC50	=	cell-based	https://doi.org/10.1016/j.bmcl.2010.02.071
OFWWWKWUCDUISA-UHFFFAOYSA-N	BRD1@BRD	Inhibitor		nM	1	uM	EUbOPEN			cell	503.0	IC50	=	NanoBRET assay (HEK293T cells)	
OFWWWKWUCDUISA-UHFFFAOYSA-N	TAF1@BD2	Inhibitor		nM	1	uM	EUbOPEN			cell	970.0	IC50	=	NanoBRET assay (HEK293T cells)	
RRZVGDGTWNQAPW-UHFFFAOYSA-N	BAZ2A@BRD	Inhibitor		nM	1	uM	EUbOPEN			cell	1000.0	EC50		FRAP assay (utilizing GFP-tagged BAZ2A full length protein transfected into U2OS cells)	
RRZVGDGTWNQAPW-UHFFFAOYSA-N	BAZ2B@BRD	Inhibitor		nM	1	uM	EUbOPEN			cell	1000.0	EC50		FRAP assay (utilizing GFP-tagged BAZ2A full length protein transfected into U2OS cells)	
YKNAKDFZAWQEEO-IBGZPJMESA-N	CREBBP@BRD	Inhibitor		nM	1	uM	EUbOPEN			cell	600.0	IC50	=	NanoBRET assay (HEK293T cells)	
ZADKZNVAJGEFLC-ZMBIFBSDSA-N	SETD7	Inhibitor		nM	1	uM	EUbOPEN			cell	10000.0	EC50		Immunoblot (increase in nuclear YAP levels by treatment of MEFs (from Setd7+/+ mice) with 10 µM PFI-2)	
DMIDPTCQPIJYFE-UHFFFAOYSA-N	PRMT3@Methyltransferase	Allosteric inhibitor		nM	1	uM	EUbOPEN			cell	91.0	IC50	=	Western Blot assay (measuring H4R3me2a levels in HEK293 cells co-transfected with FLAG tagged PRMT3 (wt))	
TWKYXZSXXXKKJU-FQEVSTJZSA-N	PRMT5	Inhibitor		nM	1	uM	EUbOPEN			cell	3.0	IC50	=	In-Cell Western (ICW) format assay (inhibition of symmetric arginine methylation of SmD3 in Z-138 cells)	
INAICWLVUAKEPB-QSTFCLMHSA-N	PBRM1@BRD	Inhibitor		nM	1	uM	EUbOPEN			cell	1000.0	EC50		FRAP assay in U2OS cells full-length PB1 protein	
INAICWLVUAKEPB-QSTFCLMHSA-N	SMARCA2@BRD	Inhibitor		nM	1	uM	EUbOPEN			cell	1000.0	EC50		FRAP assay in U2OS cells full-length SMARCA2 protein	
INAICWLVUAKEPB-QSTFCLMHSA-N	SMARCA4@BRD	Inhibitor		nM	1	uM	EUbOPEN			cell	1000.0	EC50		FRAP assay in U2OS cells full-length SMARCA4 protein	
XVECNLUKQDKOST-UHFFFAOYSA-N	CECR2@BRD	Inhibitor		nM	1	uM	EUbOPEN			cell	255.0	IC50	=	NanoBRET assay (dose-dependent displacement from histone H3.3 in HEK293T cells)	
UEMQPCYDWCSVCU-UHFFFAOYSA-N	BRPF1@BRD	Inhibitor		nM	1	uM	EUbOPEN			cell	70.0	IC50	=	NanoBRET assay (HEK293T cells)	
AUOSKLDNVNGKRR-UHFFFAOYSA-N	GAK	Inhibitor		nM	1	uM	EUbOPEN			cell	120.0	IC50	=	NanoBRET assay (HEK293T cells)	
ULNXAWLQFZMIHX-UHFFFAOYSA-N	EZH2@Methyltransferase	Inhibitor		nM	1	uM	EUbOPEN			cell	174.0	IC50	=	Immunofluorescence (inhibition of H3K27 methylation in HCC1806 cells)	
IQCKJUKAQJINMK-HUBRGWSESA-N	DOT1L@Methyltransferase	Inhibitor		nM	1	uM	EUbOPEN			cell	2.6	IC50	=	Westen Blot (reduction of H3K79 dimethylation in A431 cells by DOT1L)	
MSFPLTWUFWOKBX-IFXJQAMLSA-N	KAT2B@BRD	Inhibitor		nM	1	uM	EUbOPEN			cell	660.0	IC50	=	Competing pull-down assay (full-length PCAF from cell lysates using immobilized L-Moses)	
MSFPLTWUFWOKBX-IFXJQAMLSA-N	KAT2A@BRD	Inhibitor		nM	1	uM	EUbOPEN			cell	220.0	IC50	=	Competing pull-down assay (full-length GCN5 from cell lysates using immobilized L-Moses)	
REVJNSVNICWODC-KIDMSAQOSA-N	EED	Inhibitor		nM	100	uM	EUbOPEN			cell	90.0	IC50	=	AlphaLISA assay (inhibition of H3K27me3 formation in RD Rhabdoid tumor cell line)	https://www.nature.com/articles/nchembio.2306
KHWCPNJRJCNVRI-UHFFFAOYSA-N	BAZ2A@BRD	Inhibitor		nM	1	uM	EUbOPEN			cell	3981.0	Kd	=	Chemoproteomic competition binding assay (endogenous full-length BAZ2A from HuT78 extracts)	
KHWCPNJRJCNVRI-UHFFFAOYSA-N	BAZ2B@BRD	Inhibitor		nM	1	uM	EUbOPEN			cell	3162.0	Kd	=	Chemoproteomic competition binding assay (endogenous full-length BAZ2B captured on the GSK2801 affinity matrix from HuT-78 cell lysate)	
QCIJLRJBZDBVDB-UHFFFAOYSA-N	BRPF1@BRD	Inhibitor		nM	1	uM	EUbOPEN			cell	20.0	IC50	=	NanoBRET assay (HEK293T cells)	
QCIJLRJBZDBVDB-UHFFFAOYSA-N	BRPF1@BRD	Inhibitor		nM	1	uM	EUbOPEN			cell	242.0	IC50	=	NanoBRET assay (HEK293T cells)	
DUCNNEYLFOQFSW-PMERELPUSA-N	IDH1(R132C)	Inhibitor		nM	1	uM	EUbOPEN			cell	320.0	EC50	=	RapidFire-MS/MS (inhibition of 2-HG production in R132C IDH1 mutant HT-1080 fibrocarcoma cells)	https://www.nature.com/articles/nchembio.1930
WWOOWAHTEXIWBO-QFRSUPTLSA-N	PRMT5	Inhibitor		nM	1	uM	EUbOPEN			cell	25.0	IC50	=	Western Blot (monitoring SmBB-Rme2s levels in MCF7 cells)	
LVDRREOUMKACNJ-BKMJKUGQSA-N	BRD7	Inhibitor		nM	1	uM	EUbOPEN			cell	3700.0	IC50	=	NanoBRET assay (BRD7-H3.3 interactions in HEK293 cells)	https://onlinelibrary.wiley.com/doi/10.1002/anie.201501394
LVDRREOUMKACNJ-BKMJKUGQSA-N	BRD9	Inhibitor		nM	1	uM	EUbOPEN			cell	5100.0	IC50	=	NanoBRET assay (BRD9-H3.3 interactions in HEK293 cells)	https://www.thesgc.org/chemical-probes/LP99
PVTQCCFMFWASHK-UHFFFAOYSA-N	GAK	Negative control for SGC-GAK-1		nM	1	uM	EUbOPEN			cell	5000.0	IC50	>	NanoBRET assay (HEK293T cells)	https://pubs.acs.org/doi/10.1021/acs.jmedchem.8b01213
VUIITYLFSAXKIQ-UHFFFAOYSA-N	CARM1	Inhibitor		nM	1	uM	EUbOPEN			cell	43.0	IC50	=	Western Blot (dimethylation of MED12, Med12me2a/Med12, in HEK293T cells)	https://www.oncotarget.com/article/24883/text/
RPBMXJHQYJLPDN-UHFFFAOYSA-N	BRD9@BRD	Inhibitor		nM	1	uM	EUbOPEN			cell	320.0	EC50	=	NanoBRET assay (HEK293T cells)	
VNCIWNGCMAKKEO-UHFFFAOYSA-N	LIMK1	Allosteric inhibitor		nM	1	uM	EUbOPEN			cell	250.0	IC50	=	NanoBRET assay (HEK293T cells)	
VNCIWNGCMAKKEO-UHFFFAOYSA-N	LIMK2	Allosteric inhibitor		nM	1	uM	EUbOPEN			cell	150.0	IC50	=	NanoBRET assay (HEK293T cells)	
NZYTZRHHBAJPKN-UHFFFAOYSA-N	PRDM9	Inhibitor		nM	1	uM	EUbOPEN			cell	800.0	IC50	=	Western Blot (inhibition of PRDM9-dependent trimethylation of ectopic H3K4 in HEK293T cells)	
VKQBTIMLSDGNLG-QHCPKHFHSA-N	LHCGR	Inhibitor		nM	1	uM	EUbOPEN			cell	185.0	IC50	=	Cell-based assay (LH Antagonism)	
BFTKDWYIRJGJCA-CYBMUJFWSA-N	CREBBP@BRD	Inhibitor		nM	1	uM	EUbOPEN			cell	300.0	IC50	=	NanoBRET assay (CBP, in HEK293T cells)	https://pubs.acs.org/doi/10.1021/acsmedchemlett.6b00075
OEDSFMUSNZDJFD-UHFFFAOYSA-N	BRD4@BD2	Inhibitor		nM	1	uM	EUbOPEN			cell	27.5	IC50		NanoBRET assay (BD2)	https://pubs.acs.org/doi/10.1021/acs.jmedchem.0c00628
WRUWGLUCNBMGPS-UHFFFAOYSA-N	BRD9@BRD	Inhibitor		nM	1	uM	EUbOPEN			cell	79.4	IC50	=	Western Blot (chemoproteomic competition binding assay in HUT-78 cell lysate)	
QXURFIGBRGWPQD-UHFFFAOYSA-N	MAPK7	Inhibitor		nM	1	uM	EUbOPEN			cell	115.0	IC50	=	Cellular luciferase reporter assay (using the SN12C-MEF2-luc cell line and ONE-Glo)	
RJTJRVASUFIDQM-UHFFFAOYSA-N	CHRM1	Positive allosteric modulator		nM	1	uM	EUbOPEN			cell	136.0	Potentiation inflection oint	=	Fold potentiation assay (addition of EC20 acetylcholine; in human M1 expressing Chinese hamster ovary (CHO) cells; using calcium mobilization readout on a fluorometric imaging plate reader (FLIPR384))	
JYTISQGEFSHUIR-UHFFFAOYSA-N	BPTF@BRD	Inhibitor		nM	1	uM	EUbOPEN			cell	16.0	IC50	=	NanoBRET assay (HEK293T cells)	
IQCHVVCQDZOLHI-UHFFFAOYSA-N	CARM1	Negative control for TP-064		nM	1	uM	EUbOPEN			cell	10000.0	IC50	>	Western Blot (dimethylation of MED12, Med12me2a/Med12, in HEK293T cells)	https://www.oncotarget.com/article/24883/text/
VZAFGXCWAWRULT-UONOGXRCSA-N	KAT2B@BRD	Inhibitor		nM	1	uM	EUbOPEN			cell	60.0	IC50	=	NanoBRET assay (HEK293T cells)	
YDPMMWAOCCOULO-JBRSBNLGSA-N	ATAD2	Inhibitor		nM	1	uM	EUbOPEN			cell	2700.0	EC50	=	NanoBRET assay (truncated ATAD2/histone H3.3)	https://onlinelibrary.wiley.com/doi/10.1002/anie.201603928
WOAOENGFAAUUGT-UHFFFAOYSA-N	NSD3@PWWP1	Inhibitor		nM	1	uM	EUbOPEN			cell	1400.0	IC50	=	NanoBRET assay (Nluc-NSD3-PWWP1 fusion protein in U2OS cells)	https://www.nature.com/articles/s41589-019-0310-x
SFZHMKDAVPIXRB-UHFFFAOYSA-N	NSD3@PWWP1	Negative control for BI-9321		nM	1	uM	EUbOPEN			cell	10000.0	IC50	>	NanoBRET assay (Nluc-NSD3-PWWP1 fusion protein in U2OS cells)	https://www.nature.com/articles/s41589-019-0310-x
FKMVYPCBLWYNAV-UHFFFAOYSA-N	P2RY14	Antagonist		nM	100	uM	EUbOPEN			cell	7.96	IC50	=	Fluorescence binding assay (using flow cytometry in hP2Y14R-expressing CHO cells)	
JNAABFZPXJJMPX-UHFFFAOYSA-N	DHODH	Inhibitor		nM	100	uM	EUbOPEN			cell	2.5	IC50	=	Measles Virus Inhibition Assay	https://www.sgc-ffm.uni-frankfurt.de/#!specificprobeoverview/IPP/CNRS-A017
VUOYAALVGSMUHC-UHFFFAOYSA-N	SLC13A5	Inhibitor		nM	1	uM	EUbOPEN			cell	24.0	IC50	=	Citrate uptake inhibition assay (HepG2 cells expressing endogenous SLC13A5)	
ZRTFTZCKJUNZIU-HNNXBMFYSA-N	MLLT1	Inhibitor		nM	1	uM	EUbOPEN			cell	500.0	IC50	=	NanoBRET assay (HEK293T cells)	
OAEWNSKRLBVVBV-OBTVHEKISA-N	FNTB	Inhibitor		nM	1	uM	EUbOPEN			cell	0.73	EC50	=	Western Blot (inhibition of Ras in NIH 3T3 H-Ras cells)	
AZFUVPBLKQGSRI-UHFFFAOYSA-N	DRD4	Partial agonist		nM		uM	EUbOPEN			cell	12.3	EC50	=	Agonist activity at human D4.4 receptor in HEK293 cells coexpressing G-alpha-qo5 by FLIPR	
FWONKSVKZWQNPN-RTWAWAEBSA-N	F2R	Antagonist		nM	100	uM	EUbOPEN			cell	10.0	IC50	=	Functional cellular assay in HEK cells expressing F2R	
QKVFMAAIXZONRN-UHFFFAOYSA-N	MET	Inhibitor		nM	1	uM	EUbOPEN			cell	2.9	IC50	=	Cellular mechanistic assay (phosphorylation of MET in NKM-45 cells)	
YNFDIGJKJPNFFD-SJORKVTESA-N	FASN	Inhibitor		nM	1	uM	EUbOPEN			cell	180.0	IC50	=	Cellular activity assay (inhibition of [14C]acetate incorporation into human H1975 cells)	
VHSIAYLBCLUAFT-UHFFFAOYSA-N	CNR1	Inverse agonist		nM	1	uM	EUbOPEN			cell	4.9	EC50	=	Radioimmunoassay (hCB1r functional activation assay on recombinant hCB1r CHO cells)	
JTCAGRAKUAAYDY-OAHLLOKOSA-N	PTGDR2	Antagonist		nM	100	uM	EUbOPEN			cell	3.0	IC50	=	cAMP functional assay in HEK-hCRTH2 cells	
RAXZSEGXMBWYQK-SNVBAGLBSA-N	MAPK1	Inhibitor		nM	1	uM	EUbOPEN			cell	850.0	IC50	=	NanoBRET assay (HEK293T cells)	
RAXZSEGXMBWYQK-SNVBAGLBSA-N	MAPK3	Inhibitor		nM	1	uM	EUbOPEN			cell	6690.0	IC50	=	NanoBRET assay (HEK293T cells)	
RPMGXDCRCWWCRY-SNVBAGLBSA-N	NUDT1	Inhibitor		nM	1	uM	EUbOPEN			cell	7.6	EC50	=	CETSA (cellular thermal shift assay in K562 cells)	
BXNMZRPTQFVRFA-QGZVFWFLSA-N	TRPM8	Antagonist		nM	1	uM	EUbOPEN			cell	103.0	IC50	=	Clamp electrophysiology (Ephys) assay (inhibition of voltage-induced current in HEK-293 cells expressing human TRPM8 channel)	
HZRJHVDNTDBTOZ-QGZVFWFLSA-N	TBK1	Inhibitor		nM	1	uM	EUbOPEN			cell	312.0	IC50	=	NanoBRET assay (HEK293T cells)	
HZRJHVDNTDBTOZ-QGZVFWFLSA-N	IKBKE	Inhibitor		nM	1	uM	EUbOPEN			cell	1725.0	IC50	=	NanoBRET assay (HEK293T cells)	
BKLJDIJJOOQUFG-UHFFFAOYSA-N	SLC2A1	Inhibitor		nM	1	uM	EUbOPEN			cell	2.0	IC50	=	CellTiter-Glo® Luminescent Cell Viability Assay (DLD1 cells; Promega)	
MMPAULQSJLVKHP-UHFFFAOYSA-N	TRPA1	Antagonist		nM	1	uM	EUbOPEN			cell	51.0	IC50	=	Electrophysiological assay (inhibition of AITC (allylthiocyanate, 100 µmol/L)-evoked currents in HEK293F cells transiently overexpressing hTRPA1)	
CSJYMAFXYMYNCK-UHFFFAOYSA-N	P2RX4	Inhibitor		nM	1	uM	EUbOPEN			cell	211.0	IC50	=	FLIPR assay (inhibition of ATP-induced calcium influx in HEK cells, stably transfected with human P2X4 receptor)	
HSCQDYRIKMDIJX-UHFFFAOYSA-N	TGFBR1	Inhibitor		nM	1	uM	EUbOPEN			cell	245.0	IC50	=	Reporter gene assay	
HSCQDYRIKMDIJX-UHFFFAOYSA-N	ACVR1B	Inhibitor		nM	1	uM	EUbOPEN			cell	526.0	IC50	=	Reporter gene assay	
OAMLIJKKGZLNHE-UHFFFAOYSA-N	CYP11B2	Inhibitor		nM	100	uM	EUbOPEN			cell	2.3	IC50	=	HTRF-based assay (V79 cell lines, CisBio)	
CYFBRQHYEQKYHH-MRXNPFEDSA-N	NR3C1	Agonist		nM	1	uM	EUbOPEN			cell	23.0	IC50		Fibroblast IL-6 assay (suppression of IL-1 induced IL-6 production in human foreskin fibroblasts)	https://pubmed.ncbi.nlm.nih.gov/25516791/
VSZRYLHBOKTNBO-UHFFFAOYSA-N	MGAT2	Inhibitor		nM	1	uM	EUbOPEN			cell	160.0	IC50	=	Cell-based assay	
TYXSIXOYTBHZFA-UHFFFAOYSA-N	GPR52	Agonist		nM	1	uM	EUbOPEN			cell	93.0	EC50	=	Cell-based cAMP assay	
ZDOBSAPHUUUOHX-OSYLJGHBSA-N	ENPP2	Inhibitor		nM	1	uM	EUbOPEN			cell	29.0	IC50	=	Inhibition of Autotaxin (whole blood assay)	https://www.sgc-ffm.uni-frankfurt.de/#!specificprobeoverview/BI-2545
WEGLOYDTDILXDA-OAHLLOKOSA-N	SOS1	Inhibitor		nM	1	uM	EUbOPEN			cell	200.0	IC50	=	ELISA (Active RAS in Calu-1 cells (CLS 300141))	
IEFFSHLHNYVSEF-UHFFFAOYSA-N	CLK1	Inhibitor		nM	100	uM	EUbOPEN			cell	4.0	IC50	=	NanoBRET assay (HEK293T cells)	
IEFFSHLHNYVSEF-UHFFFAOYSA-N	CLK2	Inhibitor		nM	100	uM	EUbOPEN			cell	17.0	IC50	=	NanoBRET assay (HEK293T cells)	
IEFFSHLHNYVSEF-UHFFFAOYSA-N	CLK4	Inhibitor		nM	100	uM	EUbOPEN			cell	2.0	IC50	=	NanoBRET assay (HEK293T cells)	
YUNQZQREIHWDQT-UHFFFAOYSA-N	BRPF1@BRD	Inhibitor		nM	1	uM	EUbOPEN			cell	80.0	IC50	=	NanoBRET assay (HEK293T cells)	
QLXULUNLCRKWRD-UHFFFAOYSA-N	MYST4@Acetyltransferase	Inhibitor		nM	1	uM	EUbOPEN			cell	6.3	IC50	=	HAT binding assay	
PZGSYNNVPNLHQG-SANMLTNESA-N	GNRHR	Antagonist		nM	1	uM	EUbOPEN			cell	21.0	IC50	=	Mechanistic biochemical IP1 assay (CHO cells stably expressing human GnRH-R, snythetic agonist Buserelin at EC80)	
AADJQCRYJYCVDO-KQQHTNMISA-N	EDNRA	Antagonist		nM	100	uM	EUbOPEN			cell	0.59	IC50	=	Endothelin-1-evoked phosphatidylinositol hydrolysis in MMQ cells	
LQEHCKYYIXQEBM-FUKIBTTHSA-N	EDNRB	Antagonist		nM	100	uM	EUbOPEN			cell	0.8	IC50	=	EDNRB-dependent phosphatidylinositol hydrolysis assay (CHO cells transfected with human EDNRBA)	
LWJGMYMNSNVCEM-UHFFFAOYSA-N	PTGER2	Antagonist		nM	100	uM	EUbOPEN			cell	1.8	Kd	=	Functional reporter assay (prostaglandin E2 (PGE2)-induced increase in cAMP in CHO cells expressing EP2 receptors)	
PXQATVYJKMMHAU-UHFFFAOYSA-N	CCR1	Antagonist		nM	100	uM	EUbOPEN			cell	2.4	IC50	=	Chemotaxis in THP-1 cells	
XKBSPAZCFAIBJL-OAHLLOKOSA-N	MRGPRX2	Agonist		nM	1	uM	EUbOPEN			cell	740.0	EC50	=	PRESTO-Tango concentration response assay (by the NIMH-PDSP)	
MDGIEDNDSFMSLP-UHFFFAOYSA-N	GPR68	Allosteric modulator		nM	1	uM	EUbOPEN			cell	148.0	EC50	=	FLIPR-TETRA assay	
FLNYLINBEZROPL-NSOVKSMOSA-N	TACR1	Antagonist		nM		uM	EUbOPEN			cell	0.79	Kd	=	Antagonist activity against Tachykinin receptor 1 in dog isolated carotid artery	
NGVLSOWJSUUYDE-RSAXXLAASA-N	OPRK1	Agonist		nM		uM	EUbOPEN			cell	10.96	IC50	=	Kappa-opioid receptor agonist potency in vitro using rabbit vas deferens(LVD) preparation	
SYZSSLLFRVDRHL-QPJJXVBHSA-N	LTB4R	Antagonist		nM		uM	EUbOPEN			cell	113.5	IC50	=	Inhibition of LTB4-induced elastase release in human polymorphonuclear leukocytes	
SQNOQAMOMUBPHK-FFZCCNEYSA-N	OPRD1			nM		uM	EUbOPEN			cell	11.09	Ki	=	Compound was evaluated for functional opioid activity by stimulation of [35S]GTP-gamma-S, in cloned human Opioid receptor delta 1 transfected into CHO cells	
SQNOQAMOMUBPHK-FFZCCNEYSA-N	OPRK1	Antagonist		nM		uM	EUbOPEN			cell	3.01	Ki	=	Compound was evaluated for its binding affinity by displacing [3H]U-69593 to human cloned Kappa opioid receptor transfected into CHO cells using [35S]GTP-gamma-S, assay	
AVTRGAPFNJEOTQ-FFUVTKDNSA-N	TACR1	Antagonist		nM		uM	EUbOPEN			cell	0.19	IC50	=	Antagonist activity for Tachykinin receptor 1 as displacement of [3H]-Substance P in human IM-9 cells	
VPNGEIHDPSLNMU-MERQFXBCSA-N	ADRA2A			nM		uM	EUbOPEN			cell	1.51	EC50	=	Agonist activity at human recombinant alpha2A adrenergic receptor expressed in CHO cells assessed as induction of [35S]GTPgammaS binding after 60 mins by scintillation counting	
PXGPLTODNUVGFL-YNNPMVKQSA-N	PTGFR	Agonist		nM		uM	EUbOPEN			cell	44.15	EC50	=	Functional activity in RAT-1cells, transiently-transfected with human FP-receptor (% of control ligand, fluprostenol=75%)	
PXGPLTODNUVGFL-YNNPMVKQSA-N	PTGER1			nM		uM	EUbOPEN			cell	602.55	EC50	=	Functional activity in RAT-1cells, transiently-transfected with human Prostaglandin E receptor EP1 (% of control ligand, 17-phi-PGE2=80%)	
PWTBZOIUWZOPFT-UHFFFAOYSA-N	ADORA2A	Antagonist		nM		uM	EUbOPEN			cell	1.39	Ki	=	Inhibition of human recombinant adenosine receptor A2a	
ZMRUPTIKESYGQW-UHFFFAOYSA-N	ADRB2	Antagonist		nM		uM	EUbOPEN			cell	0.23	Kd	=	Antagonist activity at human beta-2 adrenergic receptor expressed in salbutamol-stimulated CHO-K1 cells assessed as CRE-SPAP level by fluorescence correlation spectroscopic analysis	
YQVFCYCTITZLSX-UHFFFAOYSA-N	ADRB1			nM		uM	EUbOPEN			cell	12.3	EC50	=	Partial agonist activity at human beta1 adrenoceptor expressed in CHOK1 cells assessed as induction of [3H]cAMP accumulation after 5 hrs	
LBFBRXGCXUHRJY-HKHDRNBDSA-M	CYSLTR1	Antagonist		nM		uM	EUbOPEN			cell	72.44	EC50	=	Antagonist activity at CysLT1 receptor in human dU937 cells assessed as inhibition of LTD4-induced increase of calcium level treated 30 mins before LTD4 challenge	
DUGMCDWNXXFHDE-VZYDHVRKSA-N	GHSR	Agonist		nM		uM	EUbOPEN			cell	1.31	EC50	=	Functional potency measured as intracellular calcium elevation in Hek-293 cells expressing hGHSR1a	
XQCJOYZLWFNDIO-PKLMIRHRSA-N	HTR7	Antagonist		nM		uM	EUbOPEN			cell	0.91	IC50	=	Antagonist activity at human 5-HT7 receptor expressed in HEK293 cells assessed as inhibition of Gs protein-mediated cAMP accumulation by luminescence-based assay	
PGYPOBZJRVSMDS-UHFFFAOYSA-N	OPRD1			nM		uM	EUbOPEN			cell	154.88	EC50	=	Inhibition of delta opioid receptor mediated GTPgammaS binding to CHO cell membranes	
DWPQODZAOSWNHB-UHFFFAOYSA-N	GRM5			nM		uM	EUbOPEN			cell	42.66	IC50	=	Inhibition of glutamate-induced calcium influx in human mGluR5d by FLIPR	
DWPQODZAOSWNHB-UHFFFAOYSA-N	GRM1	Negative allosteric modulator		nM		uM	EUbOPEN			cell	6.76	Ki	=	Antagonist activity at human mGLUR1	
KMKBEESNZAPKMP-UHFFFAOYSA-N	GRM2	Positive allosteric modulator		nM		uM	EUbOPEN			cell	27.54	EC50	=	Allosteric modulation of human mGluR2 expressed in CHO cells by [35S]GTPgammaS binding assay	
NXFFJDQHYLNEJK-CYBMUJFWSA-N	PTGDR	Antagonist		nM		uM	EUbOPEN			cell	0.6	IC50	=	Activity at human DP receptor in washed platelets assessed as inhibition of PGD2-induced cAMP accumulation	
ZTYHZMAZUWOXNC-UHFFFAOYSA-N	ADORA2B	Agonist		nM		uM	EUbOPEN			cell	30.9	EC50	=	Agonist activity at human adenosine A2B receptor expressed in CHO cell membranes assessed as induction of cAMP accumulation by AlphaScreen assay	
BPRNMVDTWIHULJ-AWEZNQCLSA-N	LPAR2	Antagonist		nM		uM	EUbOPEN			cell	16.98	IC50	=	Antagonist activity at LPA2 expressed in RH7777 cells with Gi4-protein and aequorin by calcium mobilization assay	
RQKXQCSEZPQBNZ-QSBCOWLBSA-N	F2RL1	Agonist		nM		uM	EUbOPEN			cell	30.9	EC50	=	Agonist activity at human PAR2 expressed in HEK293T cells assessed as effect on intracellular calcium mobilization by R-SAT assay	
DQYGXRQUFSRDCH-UQIIZPHYSA-M	GNRHR	Antagonist		nM		uM	EUbOPEN			cell	1.51	IC50	=	Antagonist activity at human GnRH receptor expressed in RBL1 cells assessed as inhibition of GnRH-stimulated inositol phosphate production	
XLFKECRRMPOAQS-UHFFFAOYSA-N	HRH3	Inverse agonist		nM		uM	EUbOPEN			cell	12.02	IC50	=	Antagonist activity at human cloned histamine H3 receptor expressed in CHO-K1 cells assessed as inhibition of R-alpha-methylhistamine-induced [35S]GTPgammaS binding	
LVNUBJDWJFOMKH-UHFFFAOYSA-N	ADRB2	Agonist		nM		uM	EUbOPEN			cell	0.05	EC50	=	Agonist activity at human recombinant beta2 adrenergic receptor expressed in CHO cells assessed as elevation in cAMP level after 1 hr by flashplate method	
GPPJWWMREQHLQT-BHQIMSFRSA-N	DRD3	Antagonist		nM		uM	EUbOPEN			cell	5.75	EC50	=	Agonist activity at human dopamine D3 receptor transiently expressed in HEK293 cells co-expressing Galphao1 after 30 mins by [35S]GTPgammaS binding assay	
GPPJWWMREQHLQT-BHQIMSFRSA-N	DRD2			nM		uM	EUbOPEN			cell	110.92	EC50	=	Agonist activity at human dopamine D2 short receptor transiently expressed in HEK293 cells co-expressing Galphai2 after 30 mins by [35S]GTPgammaS binding assay	
KYHUARFFBDLROH-MOPGFXCFSA-N	S1PR1	Antagonist		nM		uM	EUbOPEN			cell	2.0	IC50	=	Antagonist activity at human S1P1 receptor expressed in CHO cells after 120 mins by [35S]GTPgammaS binding assay	
MPMKMQHJHDHPBE-RUZDIDTESA-N	FFAR2	Antagonist		nM		uM	EUbOPEN			cell	10.35	IC50	=	Antagonist activity against human FFA2 receptor expressed in HEK293 cells assessed as inhibition of sodium acetate-induced calcium mobilization	
DYXYXTDIFMDJIR-UHFFFAOYSA-N	TSHR			nM		uM	EUbOPEN			cell	100.0	EC50	=	PUBCHEM_BIOASSAY: qHTS Assay for Agonists of the Thyroid Stimulating Hormone Receptor. (Class of assay: confirmatory)	
DYXYXTDIFMDJIR-UHFFFAOYSA-N	HCRTR1			nM		uM	EUbOPEN			cell	1757.92	IC50	=	PUBCHEM_BIOASSAY: Homogeneous Time Resolved Fluorescence (HTRF)-based cell-based high throughput dose response assay for antagonists of the orexin 1 receptor (OX1R; HCRTR1). (Class of assay: confirmatory) [Related pubchem assays (depositor defined):AID434989, AID435008, AID463079, AID485270, AID492963, AID492964, AID492965, AID493232, AID504717, AID504718]	
RPHDOVLXDYWDGF-UHFFFAOYSA-N	DRD4	Agonist		nM	1	uM	EUbOPEN			cell	4.2	EC50	=	Split luciferase based cAMP receptor assay (HEK293T cells)	
KMESAVNRPDKZCQ-UHFFFAOYSA-N	EPHX2@Protease	Inhibitor		nM	100	uM	EUbOPEN			cell	1.0	IC50		ELISA (inhibition of sEH in human Hep G2 cells)	
KDOQEEMQPHIANX-REWPJTCUSA-N	CFTR	Corrector		nM	1	uM	EUbOPEN			cell	28.0	EC50	=	CFTR Restoration Trans-Epithelial Current Clamp (TECC) assay (in HBE cells from F508del CF patients)	
VCTHNOIYJIXQLV-UHFFFAOYSA-N	NR1I3	Inverse Agonist		nM	1	uM	EUbOPEN			cell	60.0	IC50		Gal4 hybrid reporter gene assay (HepG2 cells were cotansfected with pG5E1b-Luciferase reporter, pSV2-?-galactosidase control reporter and Gal4-hCAR-LBD)	https://doi.org/10.1210/me.2004-0046
AUYYCJSJGJYCDS-LBPRGKRZSA-N	THRA	Agonist		nM	1	uM	EUbOPEN			cell	2.0	EC50	=	cell-based	https://doi.org/10.1016/j.bmc.2007.10.040 ,  https://doi.org/10.1016/j.bmc.2013.11.001 ,  https://doi.org/10.1021/jm0201013 ,  https://doi.org/10.1016/s0960-894x(02)00947-2
AUYYCJSJGJYCDS-LBPRGKRZSA-N	THRB	Agonist		nM	1	uM	EUbOPEN			cell	2.0	EC50	=	cell-based	https://doi.org/10.1016/j.bmc.2007.10.040 ,  https://doi.org/10.1016/j.bmc.2013.11.001 ,  https://doi.org/10.1021/jm0201013 ,  https://doi.org/10.1016/s0960-894x(02)00947-2
AUYYCJSJGJYCDS-LBPRGKRZSA-N	NR1A1	Agonist		nM	1	uM	EUbOPEN			cell	2.4	EC50		Reporter gene assay (HeLa cells were cotransfected with a repoter plasmid containing a synthetic THR response element, pRL-TK control plasmid and full-length hTHR?- or hTHR?-CMV expression plasmid)	https://doi.org/10.1016/j.bmc.2007.10.040 ,  https://doi.org/10.1021/jm0201013
AUYYCJSJGJYCDS-LBPRGKRZSA-N	NR1A2	Agonist		nM	1	uM	EUbOPEN			cell	2.4	EC50		Reporter gene assay (HeLa cells were cotransfected with a repoter plasmid containing a synthetic THR response element, pRL-TK control plasmid and full-length hTHR?- or hTHR?-CMV expression plasmid)	https://doi.org/10.1016/j.bmc.2007.10.040 ,  https://doi.org/10.1021/jm0201013
GHZHWDWADLAOIQ-UHFFFAOYSA-N	NR3A1	Agonist		nM	1	uM	EUbOPEN			cell	66.0	EC50		Reporter gene assay (HEC-1 cells were transfected with 2ERE-pS2-Luc reporter, pCMV b-galac tosidase as internal control and Er? or ER? expression vector)	https://doi.org/10.1016/j.ejmech.2009.02.006 ,  https://doi.org/10.1021/jm010254a
GHZHWDWADLAOIQ-UHFFFAOYSA-N	NR3A2	Agonist		nM	1	uM	EUbOPEN			cell	0.85	EC50		Reporter gene assay (HEC-1 cells were transfected with 2ERE-pS2-Luc reporter, pCMV b-galac tosidase as internal control and Er? or ER? expression vector)	https://doi.org/10.1016/j.ejmech.2009.02.006 ,  https://doi.org/10.1021/jm010254a
NBMKJKDGKREAPL-DVTGEIKXSA-N	NR3C1	Agonist		nM	1	uM	EUbOPEN			cell	8.0	EC50		cell-based	https://www.guidetopharmacology.org/GRAC/LigandDisplayForward?tab=biology&ligandId=7059
PQSUYGKTWSAVDQ-ZVIOFETBSA-N	NR3C2	Agonist		nM	1	uM	EUbOPEN			cell	0.71	EC50		cell-based	https://doi.org/10.1021/jm100563h
SYWHXTATXSMDSB-GSLJADNHSA-N	NR3C1	Agonist		nM	1	uM	EUbOPEN			cell	4.0	EC50		Reporter gene assay (SK-N-MC cells were cotransfected with MTV-LUC reporter plasmid,  pCHll0-SV40 control plasmid and pGEM4-hGR or -hMR expression plasmid)	https://doi.org/10.1016/0922-4106(93)90072-H
SYWHXTATXSMDSB-GSLJADNHSA-N	NR3C2	Agonist		nM	1	uM	EUbOPEN			cell	0.2	EC50		Reporter gene assay (SK-N-MC cells were cotransfected with MTV-LUC reporter plasmid,  pCHll0-SV40 control plasmid and pGEM4-hGR or -hMR expression plasmid)	https://doi.org/10.1016/0922-4106(93)90072-H
FRQMUZJSZHZSGN-HBNHAYAOSA-N	NR3C1	Agonist		nM	0	uM	EUbOPEN			cell	10.0	EC50		Reporter gene assay (CV-1 cells were cotransfected with MTV-LUC reporter plasmid, pRS-?-Gal plasmid and a receptor plasmid contraining hGR, hPR or hAR)	https://doi.org/10.1021/jm9705768 ,  https://doi.org/10.1021/jm980366a ,  https://doi.org/10.1021/jm020477g ,  https://doi.org/10.1016/S0960-894X(98)00608-8 ,  https://doi.org/10.1021/jm980723h ,  https://doi.org/10.1021/jm9705770
FRQMUZJSZHZSGN-HBNHAYAOSA-N	NR3C3	Agonist		nM	0	uM	EUbOPEN			cell	0.15	EC50		Reporter gene assay (CV-1 cells were cotransfected with MTV-LUC reporter plasmid, pRS-?-Gal plasmid and a receptor plasmid contraining hGR, hPR or hAR)	https://doi.org/10.1021/jm9705768 ,  https://doi.org/10.1021/jm980366a ,  https://doi.org/10.1021/jm020477g ,  https://doi.org/10.1016/S0960-894X(98)00608-8 ,  https://doi.org/10.1021/jm980723h ,  https://doi.org/10.1021/jm9705770
FRQMUZJSZHZSGN-HBNHAYAOSA-N	NR3C4	Agonist		nM	0	uM	EUbOPEN			cell	6.1	EC50		Reporter gene assay (CV-1 cells were cotransfected with MTV-LUC reporter plasmid, pRS-?-Gal plasmid and a receptor plasmid contraining hGR, hPR or hAR)	https://doi.org/10.1021/jm9705768 ,  https://doi.org/10.1021/jm980366a ,  https://doi.org/10.1021/jm020477g ,  https://doi.org/10.1016/S0960-894X(98)00608-8 ,  https://doi.org/10.1021/jm980723h ,  https://doi.org/10.1021/jm9705770
OGQICQVSFDPSEI-UHFFFAOYSA-N	RARB	Agonist		nM	1	uM	EUbOPEN			cell	0.8	EC50	=	cell-based	https://doi.org/10.1016/j.bmcl.2008.11.040
OGQICQVSFDPSEI-UHFFFAOYSA-N	RARA	Agonist		nM	1	uM	EUbOPEN			cell	63.0	EC50	=	cell-based	https://doi.org/10.1016/j.bmcl.2008.11.040
OGQICQVSFDPSEI-UHFFFAOYSA-N	RARG	Agonist		nM	1	uM	EUbOPEN			cell	40.0	EC50	=	cell-based	https://doi.org/10.1016/j.bmcl.2008.11.040
OGQICQVSFDPSEI-UHFFFAOYSA-N	NR1B1	Agonist		nM	1	uM	EUbOPEN			cell	63.0	EC50		Reporter gene assay (Cos-7 cells were cotransfected with pGal5-TK-pGI3 reporter and pGal4-hRAR?, hRAR? or hRAR? expression plasmid)	https://doi.org/10.1016/j.bmcl.2008.11.040
OGQICQVSFDPSEI-UHFFFAOYSA-N	NR1B2	Agonist		nM	1	uM	EUbOPEN			cell	0.8	EC50		Reporter gene assay (Cos-7 cells were cotransfected with pGal5-TK-pGI3 reporter and pGal4-hRAR?, hRAR? or hRAR? expression plasmid)	https://doi.org/10.1016/j.bmcl.2008.11.040
OGQICQVSFDPSEI-UHFFFAOYSA-N	NR1B3	Agonist		nM	1	uM	EUbOPEN			cell	40.0	EC50		Reporter gene assay (Cos-7 cells were cotransfected with pGal5-TK-pGI3 reporter and pGal4-hRAR?, hRAR? or hRAR? expression plasmid)	https://doi.org/10.1016/j.bmcl.2008.11.040
LZCDAPDGXCYOEH-UHFFFAOYSA-N	RARB	Agonist		nM	1	uM	EUbOPEN			cell	2.0	EC50	=	cell-based	https://doi.org/10.1016/j.bmcl.2018.04.036
LZCDAPDGXCYOEH-UHFFFAOYSA-N	RARA	Agonist		nM	1	uM	EUbOPEN			cell	22.0	EC50	=	cell-based	https://doi.org/10.1016/j.bmcl.2018.04.036
LZCDAPDGXCYOEH-UHFFFAOYSA-N	RARG	Agonist		nM	1	uM	EUbOPEN			cell	3.0	EC50	=	cell-based	https://doi.org/10.1016/j.bmcl.2018.04.036
LZCDAPDGXCYOEH-UHFFFAOYSA-N	NR1B1	Agonist		nM	1	uM	EUbOPEN			cell	22.0	EC50		Gal4 reporter gene assay (HG5LN-HeLa cells containing a luciferase reporter gene driven by a pentamer of the yeast transactivator GAL4 recognition sequence in front of the b-globin promoter were transfected with the GAL4-RAR?-LBD, RAR?-LBD or RAR?-LBD)	https://doi.org/10.1016/j.bmcl.2018.04.036
LZCDAPDGXCYOEH-UHFFFAOYSA-N	NR1B2	Agonist		nM	1	uM	EUbOPEN			cell	2.0	EC50		Gal4 reporter gene assay (HG5LN-HeLa cells containing a luciferase reporter gene driven by a pentamer of the yeast transactivator GAL4 recognition sequence in front of the b-globin promoter were transfected with the GAL4-RAR?-LBD, RAR?-LBD or RAR?-LBD)	https://doi.org/10.1016/j.bmcl.2018.04.036
LZCDAPDGXCYOEH-UHFFFAOYSA-N	NR1B3	Agonist		nM	1	uM	EUbOPEN			cell	3.1	EC50		Gal4 reporter gene assay (HG5LN-HeLa cells containing a luciferase reporter gene driven by a pentamer of the yeast transactivator GAL4 recognition sequence in front of the b-globin promoter were transfected with the GAL4-RAR?-LBD, RAR?-LBD or RAR?-LBD)	https://doi.org/10.1016/j.bmcl.2018.04.036
KFBPBWUZXBYJDG-UHFFFAOYSA-N	NR1B1	Agonist		nM	1	uM	EUbOPEN			cell	111.0	EC50		Gal4 hybrid reporter gene assay (HEK293T cells were cotransfected with pFR-Luc reporter, pRL-SV40 control reporter and pFA-CMV-hRAR?-LBD expression plasmid)	
KFBPBWUZXBYJDG-UHFFFAOYSA-N	RARA	Agonist		nM	1	uM	EUbOPEN			cell	110.0	EC50	=	cell-based	https://doi.org/10.1016/S1074-5521(99)80084-2
MUTNCGKQJGXKEM-UHFFFAOYSA-N	RARB	Agonist		nM	1	uM	EUbOPEN			cell	200.0	EC50	=	cell-based	https://doi.org/10.1021/jm100189a
MUTNCGKQJGXKEM-UHFFFAOYSA-N	RARA	Agonist		nM	1	uM	EUbOPEN			cell	50.0	EC50	=	cell-based	https://doi.org/10.1021/jm100189a
MUTNCGKQJGXKEM-UHFFFAOYSA-N	RARG	Agonist		nM	1	uM	EUbOPEN			cell	600.0	EC50	=	cell-based	https://doi.org/10.1021/jm100189a
MUTNCGKQJGXKEM-UHFFFAOYSA-N	NR1B1	Agonist		nM	1	uM	EUbOPEN			cell	45.0	EC50		cell-based	https://doi.org/10.1021/jm100189a
MUTNCGKQJGXKEM-UHFFFAOYSA-N	NR1B2	Agonist		nM	1	uM	EUbOPEN			cell	235.0	EC50		cell-based	https://doi.org/10.1021/jm100189a
MUTNCGKQJGXKEM-UHFFFAOYSA-N	NR1B3	Agonist		nM	1	uM	EUbOPEN			cell	591.0	EC50		cell-based	https://doi.org/10.1021/jm100189a
SZWKGOZKRMMLAJ-UHFFFAOYSA-N	RARB	Agonist		nM	1	uM	EUbOPEN			cell	9.0	EC50	=	cell-based	https://doi.org/10.1016/j.bmcl.2008.11.040
SZWKGOZKRMMLAJ-UHFFFAOYSA-N	RARA	Agonist		nM	1	uM	EUbOPEN			cell	0.3	EC50	=	cell-based	https://doi.org/10.1016/j.bmcl.2008.11.040
SZWKGOZKRMMLAJ-UHFFFAOYSA-N	RARG	Agonist		nM	1	uM	EUbOPEN			cell	10.0	EC50	=	cell-based	https://doi.org/10.1016/j.bmcl.2008.11.040
SZWKGOZKRMMLAJ-UHFFFAOYSA-N	NR1B1	Agonist		nM	1	uM	EUbOPEN			cell	0.3	EC50		Reporter gene assay (Cos-7 cells were cotransfected with pGal5-TK-pGI3 reporter and pGal4-hRAR?, hRAR? or hRAR? expression plasmid)	https://doi.org/10.1016/j.bmcl.2008.11.040
SZWKGOZKRMMLAJ-UHFFFAOYSA-N	NR1B2	Agonist		nM	1	uM	EUbOPEN			cell	8.6	EC50		Reporter gene assay (Cos-7 cells were cotransfected with pGal5-TK-pGI3 reporter and pGal4-hRAR?, hRAR? or hRAR? expression plasmid)	https://doi.org/10.1016/j.bmcl.2008.11.040
SZWKGOZKRMMLAJ-UHFFFAOYSA-N	NR1B3	Agonist		nM	1	uM	EUbOPEN			cell	13.0	EC50		Reporter gene assay (Cos-7 cells were cotransfected with pGal5-TK-pGI3 reporter and pGal4-hRAR?, hRAR? or hRAR? expression plasmid)	https://doi.org/10.1016/j.bmcl.2008.11.040
LDGIHZJOIQSHPB-UHFFFAOYSA-N	RARG	Agonist		nM	1	uM	EUbOPEN			cell	50.0	EC50	=	cell-based	https://doi.org/10.1016/j.bmcl.2018.04.036
LDGIHZJOIQSHPB-UHFFFAOYSA-N	RARB	Agonist		nM	1	uM	EUbOPEN			cell	226.0	EC50	=	cell-based	https://doi.org/10.1016/j.bmcl.2018.04.036
LDGIHZJOIQSHPB-UHFFFAOYSA-N	NR1B2	Agonist		nM	1	uM	EUbOPEN			cell	226.0	EC50		Reporter gene assay  (HeLa-HG5LN cells containing a Gal4 luciferase reporter were cotransfected with expression plasmids contraining the Gal4-DBD fused to the LBD of RAR? or RAR?)	https://doi.org/10.1016/j.bmcl.2018.04.036
LDGIHZJOIQSHPB-UHFFFAOYSA-N	NR1B3	Agonist		nM	1	uM	EUbOPEN			cell	29.0	EC50		Reporter gene assay  (HeLa-HG5LN cells containing a Gal4 luciferase reporter were cotransfected with expression plasmids contraining the Gal4-DBD fused to the LBD of RAR? or RAR?)	https://doi.org/10.1016/j.bmcl.2018.04.036
HWVNEWGKWRGSRK-UHFFFAOYSA-N	NR1C2	Agonist		nM	1	uM	EUbOPEN			cell	1.0	EC50		cell-based	https://doi.org/10.1016/S0960-894X(03)00207-5
HWVNEWGKWRGSRK-UHFFFAOYSA-N	PPARD	Agonist		nM	1	uM	EUbOPEN			cell	1.0	EC50	=	cell-based	https://doi.org/10.1016/s0960-894x(03)00207-5 ,  https://doi.org/10.1021/jm300068n ,  https://doi.org/10.1016/j.bmcl.2018.03.010
XSITZVFUXCLFMK-YCBFMBTMSA-N	NR1C3	Agonist		nM	1	uM	EUbOPEN			cell	6.0	EC50		Reporter gene assay (CV-1 cells were cotransfected with aP2-tk-CAT reporter plasmid, pCH110-?-galactosidase control plasmid and pSG5-Gal4-PPAR? expression plasmid)	https://doi.org/10.1016/j.bmcl.2009.12.107
XSITZVFUXCLFMK-YCBFMBTMSA-N	PPARG	Agonist		nM	1	uM	EUbOPEN			cell	6.0	EC50	=	cell-based	https://doi.org/10.1016/j.bmcl.2009.12.107
NSMJEHGOMXSLCW-UHFFFAOYSA-N	NR1C3	Agonist		nM	1	uM	EUbOPEN			cell	42.0	EC50		Gal4 hybrid reporter gene assay (HEK293T cells were cotransfected with pFR-Luc reporter, pRL-SV40 control reporter and pFA-CMV-hPPAR?-LBD expression plasmid)	
NSMJEHGOMXSLCW-UHFFFAOYSA-N	PPARG	Agonist		nM	1	uM	EUbOPEN			cell	42.0	EC50	=	cell-based	https://zenodo.org/records/10474037 ,  https://doi.org/10.2337/db06-1734
NMPUWJFHNOUNQU-UHFFFAOYSA-N	NR1H2	Agonist		nM	3	uM	EUbOPEN			cell	2135.0	EC50		Gal4 hybrid reporter gene assay (HEK293T cells were cotransfected with pFR-Luc reporter, pRL-SV40 control reporter and pFA-CMV-hLXR?-LBD expression plasmid)	
NMPUWJFHNOUNQU-UHFFFAOYSA-N	NR1H3	Agonist		nM	3	uM	EUbOPEN			cell	190.0	EC50		repoter gene assay	https://doi.org/10.1021/jm0255116
INASOKQDNHHMRE-UHFFFAOYSA-N	NR1H4	Agonist		nM	1	uM	EUbOPEN			cell	99.0	EC50		Gal4 hybrid reporter gene assay (HEK293T cells were cotransfected with pFR-Luc reporter, pRL-SV40 control reporter and pFA-CMV-hFXR-LBD expression plasmid)	
JQXXHWHPUNPDRT-WLSIYKJHSA-N	NR1I2	Agonist		nM	10	uM	EUbOPEN			cell	1100.0	EC50		Reporter gene assay (HEK293 cells were cotransfected with MDR1-Luc reporter plasmid and VP16-hPXR)	https://doi.org/10.1016/j.bmcl.2016.02.031
PCZOHLXUXFIOCF-BXMDZJJMSA-N	NR1I2	Agonist		nM		uM	EUbOPEN			cell	2300.0	EC50	=	cell-based	
YQLJDECYQDRSBI-UHFFFAOYSA-N	NR1I2	Agonist		nM	1	uM	EUbOPEN			cell	137.0	EC50		Gal4 reporter gene assay (HeLa cells were transfected with GAL4RE5 -bGlob-Luc-SV-Neo to obtain HG5LN cells which were further transfected with pSG5-GAL4(DBD)-hPXR(LBD)-puro)	https://doi.org/10.1124/mol.106.033415
ZZUKALQMHNSWTK-UHFFFAOYSA-N	NR2B1	Agonist		nM	1	uM	EUbOPEN			cell	32.0	EC50		cell-based	https://doi.org/10.1126/science.1335166 ,  https://doi.org/10.1021/jm00017a021
ZZUKALQMHNSWTK-UHFFFAOYSA-N	NR2B2	Agonist		nM	1	uM	EUbOPEN			cell	158.0	EC50		cell-based	https://doi.org/10.1126/science.1335166 ,  https://doi.org/10.1021/jm00017a021
IOTXSIGGFRQYKW-UHFFFAOYSA-N	NR3A1	Agonist		nM	1	uM	EUbOPEN			cell	0.14	EC50		Reporter gene assay (U2OS cells stably expressing ERa or ERb, in addition to 3xERE-TATA-luciferase were used)	https://doi.org/10.1093/toxsci/kfn141 ,  https://doi.org/10.1021/jm300860j
OISHBINQIFNIPV-JOCHJYFZSA-N	NR1C1	Agonist		nM	1	uM	EUbOPEN			cell	57.0	EC50		Gal4 reporter gene assay (HepG2 cells were cotransfected with 5x Gal4-RE luciferase reporter, CMV-?-galactosidase control plasmid and Gal4-PPAR?-LBD)	https://doi.org/10.1124/mol.108.051656
OISHBINQIFNIPV-JOCHJYFZSA-N	PPARA	Agonist		nM	1	uM	EUbOPEN			cell	50.0	EC50	=	cell-based	https://doi.org/10.1124/mol.108.051656
LVLLALCJVJNGQQ-SEODYNFXSA-N	NR1I1	Agonist		nM	1	uM	EUbOPEN			cell	112.0	EC50		Gal4 hybrid reporter gene assay (HEK293T cells were cotransfected with pFR-Luc reporter, pRL-SV40 control reporter and pFA-CMV-hVDR-LBD expression plasmid)	
LVLLALCJVJNGQQ-SEODYNFXSA-N	VDR	Agonist		nM	1	uM	EUbOPEN			cell	110.0	EC50	=	cell-based	https://zenodo.org/records/10474037 ,  https://doi.org/10.1021/jm0310582
HKXBNHCUPKIYDM-CGMHZMFXSA-N	NR1I1	Agonist		nM	1	uM	EUbOPEN			cell	958.0	EC50		Gal4 hybrid reporter gene assay (HEK293T cells were cotransfected with pFR-Luc reporter, pRL-SV40 control reporter and pFA-CMV-hVDR-LBD expression plasmid)	
HKXBNHCUPKIYDM-CGMHZMFXSA-N	VDR	Agonist		nM	1	uM	EUbOPEN			cell	960.0	EC50	=	cell-based	https://zenodo.org/records/10474037 ,  https://doi.org/10.1016/j.bmcl.2016.02.031
UCJGJABZCDBEDK-UHFFFAOYSA-N	NR3A1	Antagonist		nM	1	uM	EUbOPEN			cell	26.0	IC50		Radiolabled ligand binding assay	https://doi.org/10.1210/en.2005-0030
UCJGJABZCDBEDK-UHFFFAOYSA-N	NR3A2	Antagonist		nM	1	uM	EUbOPEN			cell	99.0	IC50		Radiolabled ligand binding assay	https://doi.org/10.1210/en.2005-0030
QNAZTOHXCZPOSA-UHFFFAOYSA-N	NR1A1	Agonist		nM	1	uM	EUbOPEN			cell	45.0	EC50		Reporter gene assay (HeLa cells were cotransfected with a TRE-luciferase reporter plasmid and hTHR? or THR?)	https://doi.org/10.1021/jm0201013
QNAZTOHXCZPOSA-UHFFFAOYSA-N	NR1A2	Agonist		nM	1	uM	EUbOPEN			cell	7.0	EC50		Reporter gene assay (HeLa cells were cotransfected with a TRE-luciferase reporter plasmid and hTHR? or THR?)	https://doi.org/10.1021/jm0201013
QNAZTOHXCZPOSA-UHFFFAOYSA-N	THRA	Agonist		nM	1	uM	EUbOPEN			cell	50.0	EC50	=	cell-based	https://doi.org/10.1021/jm0201013
QNAZTOHXCZPOSA-UHFFFAOYSA-N	THRB	Agonist		nM	1	uM	EUbOPEN			cell	7.0	EC50	=	cell-based	https://doi.org/10.1021/jm0201013
USNRYVNRPYXCSP-JUGPPOIOSA-N	EGFR	Covalent inhibitor		nM	100	uM	EUbOPEN			cell	13.0	EC50	=	EGFR-phosphorylation in A431 cells	
USNRYVNRPYXCSP-JUGPPOIOSA-N	ERBB2	Covalent inhibitor		nM	100	uM	EUbOPEN			cell	35.0	EC50	=	HER2-phosphorylation in BT-474 cells	
GFMMXOIFOQCCGU-UHFFFAOYSA-N	MAP2K1	Inhibitor		nM	100	uM	EUbOPEN			cell	46.0	IC50	=	ELISA (mouse colon 26 carcinoma cells)	
PKCDDUHJAFVJJB-VLZXCDOPSA-N	IGF1R	Inhibitor		nM	1	uM	EUbOPEN			cell	24.0	IC50	=	Immunoblot (IGF-1-dependent autophosphorylation of IGF-1R in LISN cells)	
PDMUGYOXRHVNMO-UHFFFAOYSA-N	MET	Inhibitor		nM	1	uM	EUbOPEN			cell	5.0	IC50	=	ELISA (c-Met phosphorylation in HT29 cells)	
PUXPEQJKNAWNQA-AAEUAGOBSA-N	LRRK2	Inhibitor		nM	100	uM	EUbOPEN			cell	19.0	IC50	=	Cellular assay (LRRK2 phosphorylation)	
JBGYKRAZYDNCNV-UHFFFAOYSA-N	AKT1	Allosteric Inhibitor		nM	100	uM	EUbOPEN			cell	0.9	IC50	=	TR-FRET assay (inhibition of AKT1-T308 phosphorylation in KPL-4 cells)	
JKDGKIBAOAFRPJ-ZBINZKHDSA-N	IRAK4	Inhibitor		nM	100	uM	EUbOPEN			cell	0.29	IC50	=	NanoBRET assay (in HEK293T cells)	https://pubmed.ncbi.nlm.nih.gov/28498658/
OEBIHOVSAMBXIB-SJKOYZFVSA-N	NTRK1	Inhibitor		nM	1	uM	EUbOPEN			cell	1.6	IC50	=	Phospho-TRKA ELISA (inhibition of NTRK1 phosphorylation in NIH 3T3 cells)	
OEBIHOVSAMBXIB-SJKOYZFVSA-N	NTRK3	Inhibitor		nM	1	uM	EUbOPEN			cell	2.0	IC50	=	Flow cytometry for ETV6-TRKC (inhibition of ERK phosphorylation in NIH 3T3 cells)	
CWJLAVRXVFHDSJ-UHFFFAOYSA-N	CLK2	Inhibitor		nM	100	uM	EUbOPEN			cell	15.0	IC50	=	ActivX KiNative profiling assay (in HCT-116 cell line (CRL-1619))	
HXBRBOYWXDLHDC-UHFFFAOYSA-N	AKT1	Covalent-allosteric inhibitor		nM	1	uM	EUbOPEN			cell	21.0	IC50	=	NanoBRET assay (HEK293T cells)	
HXBRBOYWXDLHDC-UHFFFAOYSA-N	AKT2	Covalent-allosteric inhibitor		nM	1	uM	EUbOPEN			cell	68.0	IC50	=	NanoBRET assay (HEK293T cells)	
RNOAOAWBMHREKO-QFIPXVFZSA-N	BTK	Covalent inhibitor		nM	1	uM	EUbOPEN			cell	1.8	IC50	=	HTRF-based assay (Cisbio; phosphorylation of BTK on Y223)	
SUDAHWBOROXANE-SECBINFHSA-N	MAP2K1	Inhibitor		nM	100	uM	EUbOPEN			cell	0.33	IC50	=	Whole cell assay (murine colon 26 (C26) carcinoma cells)	
XVBGRTMNFNMINE-UHFFFAOYSA-N	MAPK7	Inhibitor		nM	1	uM	EUbOPEN			cell	90.0	EC50	=	EGF-stimulated autophosphorylation of ERK5 in HeLa cells	
IIXWYSCJSQVBQM-LLVKDONJSA-N	ALK	Inhibitor		nM	100	uM	EUbOPEN			cell	1.3	IC50	=	ELISA (ALK phosphoryaltion in 3T3-EML4-ALK engineered cell lines)	
IIXWYSCJSQVBQM-LLVKDONJSA-N	ROS1	Inhibitor		nM	100	uM	EUbOPEN			cell	0.53	IC50		Sandwich ELISA (cell-based ROS1-fusion assay)	
JSKUWFIZUALZLX-UHFFFAOYSA-N	PLK1	Inhibitor		nM	100	uM	EUbOPEN			cell	140.0	IC50	=	ELISA (PLK1 phosphorylation of Ser15-p53 in HeLa cells)	
DXCUKNQANPLTEJ-UHFFFAOYSA-N	FGFR1	Inhibitor		nM	100	uM	EUbOPEN			cell	15.0	IC50	=	Immunoblotting (inhibition of FGFR1 autophosphorylation in NIH 3T3 cells)	https://pubmed.ncbi.nlm.nih.gov/9774334/
DXCUKNQANPLTEJ-UHFFFAOYSA-N	FGFR2	Inhibitor		nM	100	uM	EUbOPEN			cell	25.1	IC50	=	NanoBRET assay (in HEK293T cells)	https://pubmed.ncbi.nlm.nih.gov/9774334/
DXCUKNQANPLTEJ-UHFFFAOYSA-N	FGFR3	Inhibitor		nM	100	uM	EUbOPEN			cell	58.4	IC50	=	NanoBRET assay (in HEK293T cells)	https://pubmed.ncbi.nlm.nih.gov/9774334/
WGMNFJAFXXXRLZ-GEVKEYJPSA-N	DDR1	Inhibitor		nM	100	uM	EUbOPEN			cell	23.0	IC50	=	NanoBRET assay (HEK293T cells)	
WGMNFJAFXXXRLZ-GEVKEYJPSA-N	DDR2	Inhibitor		nM	100	uM	EUbOPEN			cell	18.0	IC50	=	NanoBRET assay (HEK293T cells)	
WGMNFJAFXXXRLZ-GEVKEYJPSA-N	MAPK11	Inhibitor		nM	100	uM	EUbOPEN			cell	196.0	IC50	=	NanoBRET assay (HEK293T cells)	
WGMNFJAFXXXRLZ-GEVKEYJPSA-N	MAPK14	Inhibitor		nM	100	uM	EUbOPEN			cell	125.0	IC50	=	NanoBRET assay (HEK293T cells)	
MPASHPJAIUOWCK-UHFFFAOYSA-N	TIE1	Inhibitor		nM	100	uM	EUbOPEN			cell	5.4	IC50	=	NanoBRET assay (HEK293T cells)	
MPASHPJAIUOWCK-UHFFFAOYSA-N	TEK	Inhibitor		nM	100	uM	EUbOPEN			cell	0.7	IC50	=	NanoBRET assay (HEK293T cells)	
MPASHPJAIUOWCK-UHFFFAOYSA-N	DDR1	Inhibitor		nM	100	uM	EUbOPEN			cell	0.9	IC50	=	NanoBRET assay (HEK293T cells)	
MPASHPJAIUOWCK-UHFFFAOYSA-N	DDR2	Inhibitor		nM	100	uM	EUbOPEN			cell	3.0	IC50	=	NanoBRET assay (HEK293T cells)	
HUOXIXBCBFNFKF-VOIUYBSRSA-N	SYK	Inhibitor		nM	100	uM	EUbOPEN			cell	38.0	IC50	=	Cellular human mast cell degranulation assay	
ATUUNJCZCOMUKD-OKILXGFUSA-N	LRRK2	Inhibitor		nM	100	uM	EUbOPEN			cell	1.2	IC50	=	NanoBRET assay (HEK293T cells)	
HXMGCTFLLWPVFM-GOSISDBHSA-N	MAPK14	Inhibitor		nM	1	uM	EUbOPEN			cell	13.6	IC50	=	NanoBRET assay (HEK293T cells)	
HXMGCTFLLWPVFM-GOSISDBHSA-N	MAPK11	Inhibitor		nM	1	uM	EUbOPEN			cell	40.2	IC50	=	NanoBRET assay (HEK293T cells)	
JWZSSEWMVYKYKW-UHFFFAOYSA-N	MAPK14	Inhibitor		nM	1	uM	EUbOPEN			cell	14.9	IC50	=	NanoBRET assay (HEK293T cells)	
JWZSSEWMVYKYKW-UHFFFAOYSA-N	MAPK11	Inhibitor		nM	1	uM	EUbOPEN			cell	16.9	IC50	=	NanoBRET assay (HEK293T cells)	
HOYFKJXFPMNFPM-UHFFFAOYSA-N	CASK	Inhibitor		nM	1	uM	EUbOPEN			cell	80.0	IC50	=	NanoBRET assay (HEK293T cells)	
GJYVLTPTDBQQCY-UHFFFAOYSA-N	CLK1	Inhibitor		nM	1	uM	EUbOPEN			cell	165.0	IC50	=	NanoBRET assay (HEK293T cells)	
GJYVLTPTDBQQCY-UHFFFAOYSA-N	CLK2	Inhibitor		nM	1	uM	EUbOPEN			cell	70.0	IC50	=	NanoBRET assay (HEK293T cells)	
GJYVLTPTDBQQCY-UHFFFAOYSA-N	CLK4	Inhibitor		nM	1	uM	EUbOPEN			cell	100.0	IC50	=	NanoBRET assay (HEK293T cells)	
IXWUILRSNIQHDM-QGZVFWFLSA-N	MLLT3	Inhibitor		nM	1	uM	EUbOPEN			cell	760.0	IC50	=	NanoBRET assay (HEK293T cells)	
JBHLOPKIPKTRSU-UHFFFAOYSA-N	PDE10A	Inhibitor		nM	100	uM	EUbOPEN			cell	49.0	IC50	=	Cell-based assay	
JOCPQSJABURDDD-UHFFFAOYSA-N	NDUFS2	Inhibitor		nM	1	uM	EUbOPEN			cell	79.0	IC50	=	Cellular activity assay (measurement of ATP levels in presence of complex II substrate succinate in H1299 cells)	
GPLGAQQQNWMVMM-MYAJQUOBSA-N	RARB	Agonist		nM	1	uM	EUbOPEN			cell	10.0	EC50	=	cell-based	https://doi.org/10.1021/jm050891r ,  https://doi.org/10.1021/jm801532e
GPLGAQQQNWMVMM-MYAJQUOBSA-N	RARA	Agonist		nM	1	uM	EUbOPEN			cell	630.0	EC50	=	cell-based	https://doi.org/10.1021/jm050891r ,  https://doi.org/10.1021/jm801532e
GPLGAQQQNWMVMM-MYAJQUOBSA-N	RARG	Agonist		nM	1	uM	EUbOPEN			cell	501.0	EC50	=	cell-based	https://doi.org/10.1021/jm050891r ,  https://doi.org/10.1021/jm801532e
WEVYNIUIFUYDGI-UHFFFAOYSA-N	ABL1	Allosteric Inhibitor		nM	1	uM	EUbOPEN			cell	182.0	IC50	=	ELISA (autophosphorylation of Bcr-Abl-p210, wt, BAF3 cells)	https://www.sciencedirect.com/science/article/pii/S1570963909003677?via%3Dihub
BWBUPDTUXQDHSX-AWEZNQCLSA-N	CAMK1	Inhibitor		nM	100	uM	EUbOPEN			cell	23.0	IC50	=	NanoBRET assay (in HEK293T cells)	https://www.thesgc.org/chemical-probes/cs-640
BWBUPDTUXQDHSX-AWEZNQCLSA-N	PNCK	Inhibitor		nM	100	uM	EUbOPEN			cell	8.2	IC50	=	NanoBRET assay (in HEK293T cells)	https://www.thesgc.org/chemical-probes/cs-640
BWBUPDTUXQDHSX-AWEZNQCLSA-N	CAMK1D	Inhibitor		nM	100	uM	EUbOPEN			cell	29.0	IC50	=	NanoBRET assay (in HEK293T cells)	https://www.thesgc.org/chemical-probes/cs-640
BWBUPDTUXQDHSX-AWEZNQCLSA-N	CAMK1G	Inhibitor		nM	100	uM	EUbOPEN			cell	55.0	IC50	=	NanoBRET assay (in HEK293T cells)	https://www.thesgc.org/chemical-probes/cs-640
TVMJSGGZULFVCZ-XMMPIXPASA-N	NPY1R	Antagonist		nM	100	uM	EUbOPEN			cell	0.69	IC50	=	Radioligand binding assay (human Y1 receptor stably expressed in baby hamster kidney (BHK) cells)	https://pubmed.ncbi.nlm.nih.gov/9806339/
ZYVXTMKTGDARKR-UHFFFAOYSA-N	DYRK1A	Inhibitor		nM	1	uM	EUbOPEN			cell	81.0	IC50	=	NanoBRET assay (in HEK293T cells)	https://www.sciencedirect.com/science/article/abs/pii/S0960894X22002402?via%3Dihub
ZYVXTMKTGDARKR-UHFFFAOYSA-N	DYRK1B	Inhibitor		nM	1	uM	EUbOPEN			cell	153.0	IC50	=	NanoBRET assay (in HEK293T cells)	https://www.sciencedirect.com/science/article/abs/pii/S0960894X22002402?via%3Dihub
MXAVRMOXZMBKGE-UHFFFAOYSA-N	SRPK1	Negative control for MSC2711186A		nM	1	uM	EUbOPEN			cell	50000.0	IC50	>	NanoBRET assay (in HEK293T cells, lysed mode)	https://pubs.acs.org/doi/full/10.1021/acs.jmedchem.2c01705
MXAVRMOXZMBKGE-UHFFFAOYSA-N	SRPK2	Negative control for MSC2711186A		nM	1	uM	EUbOPEN			cell	50000.0	IC50	>	NanoBRET assay (in HEK293T cells, lysed mode)	https://pubs.acs.org/doi/full/10.1021/acs.jmedchem.2c01705
MXAVRMOXZMBKGE-UHFFFAOYSA-N	SRPK3	Negative control for MSC2711186A		nM	1	uM	EUbOPEN			cell	9962.0	IC50	=	NanoBRET assay (in HEK293T cells, lysed mode)	https://pubs.acs.org/doi/full/10.1021/acs.jmedchem.2c01705
WBFJDKLBAAHKIL-UHFFFAOYSA-N	SRPK1	Inhibitor		nM	1	uM	EUbOPEN			cell	44.0	IC50	=	NanoBRET assay (in HEK293T cells, lysed mode)	https://pubs.acs.org/doi/full/10.1021/acs.jmedchem.2c01705
WBFJDKLBAAHKIL-UHFFFAOYSA-N	SRPK2	Inhibitor		nM	1	uM	EUbOPEN			cell	149.0	IC50	=	NanoBRET assay (in HEK293T cells, lysed mode)	https://pubs.acs.org/doi/full/10.1021/acs.jmedchem.2c01705
WBFJDKLBAAHKIL-UHFFFAOYSA-N	SRPK3	Inhibitor		nM	1	uM	EUbOPEN			cell	20.0	IC50	=	NanoBRET assay (in HEK293T cells, lysed mode)	https://pubs.acs.org/doi/full/10.1021/acs.jmedchem.2c01705
BJVQXSHZMUFJBQ-UHFFFAOYSA-N	CLK1	Negative control for SGC-CLK-1 (UNC-CAF-170 )		nM	1	uM	EUbOPEN			cell	10000.0	IC50	>	NanoBRET assay (in HEK293T cells)	https://www.thesgc.org/chemical-probes/SGC-CLK-1
BJVQXSHZMUFJBQ-UHFFFAOYSA-N	CLK2	Negative control for SGC-CLK-1 (UNC-CAF-170 )		nM	1	uM	EUbOPEN			cell	10000.0	IC50	>	NanoBRET assay (in HEK293T cells)	https://www.thesgc.org/chemical-probes/SGC-CLK-1
JINDDPNTLQVRRX-ACEFPKFPSA-N	DDR1	Negative control for SR-302		nM	100	uM	EUbOPEN			cell	21900.0	IC50		NanoBRET assay (HEK293T cells)	https://pubmed.ncbi.nlm.nih.gov/34506142/
JINDDPNTLQVRRX-ACEFPKFPSA-N	DDR2	Negative control for SR-302		nM	100	uM	EUbOPEN			cell	15500.0	IC50		NanoBRET assay (HEK293T cells)	https://pubmed.ncbi.nlm.nih.gov/34506142/
JINDDPNTLQVRRX-ACEFPKFPSA-N	MAPK11	Negative control for SR-302		nM	100	uM	EUbOPEN			cell	1630.0	IC50		NanoBRET assay (HEK293T cells)	https://pubmed.ncbi.nlm.nih.gov/34506142/
JINDDPNTLQVRRX-ACEFPKFPSA-N	MAPK14	Negative control for SR-302		nM	100	uM	EUbOPEN			cell	5390.0	IC50		NanoBRET assay (HEK293T cells)	https://pubmed.ncbi.nlm.nih.gov/34506142/
HSAOETBFVAWNRP-UHFFFAOYSA-N	NR1B3	Agonist		nM	1	uM	EUbOPEN			cell	501.0	EC50		Cell-based R-SAT assay (NIH3T3 fibroblasts are transfected in presence of a RAR?, RAR? or RAR? receptor and ?-galactosidase expression vectors and vectors encoding various signaling molecules)	https://doi.org/10.1021/jm801532e ,  https://doi.org/10.1021/jm050891r
HSAOETBFVAWNRP-UHFFFAOYSA-N	NR1B1	Agonist		nM	1	uM	EUbOPEN			cell	631.0	EC50		Cell-based R-SAT assay (NIH3T3 fibroblasts are transfected in presence of a RAR?, RAR? or RAR? receptor and ?-galactosidase expression vectors and vectors encoding various signaling molecules)	https://doi.org/10.1021/jm801532e ,  https://doi.org/10.1021/jm050891r
HSAOETBFVAWNRP-UHFFFAOYSA-N	NR1B2	Agonist		nM	1	uM	EUbOPEN			cell	10.0	EC50		Cell-based R-SAT assay (NIH3T3 fibroblasts are transfected in presence of a RAR?, RAR? or RAR? receptor and ?-galactosidase expression vectors and vectors encoding various signaling molecules)	https://doi.org/10.1021/jm801532e ,  https://doi.org/10.1021/jm050891r
RHXKLUBQGQKHCH-UHFFFAOYSA-N	MAPK11	Negative control for FS-694 and L-Skepinone		nM	1	uM	EUbOPEN			cell	16200.0	IC50	=	NanoBRET assay (HEK293T cells)	https://www.sgc-ffm.uni-frankfurt.de/chemProbes#!specificprobeoverview/FS-694
RHXKLUBQGQKHCH-UHFFFAOYSA-N	MAPK14	Negative control for FS-694 and L-Skepinone		nM	1	uM	EUbOPEN			cell	11300.0	IC50	=	NanoBRET assay (HEK293T cells)	https://www.sgc-ffm.uni-frankfurt.de/chemProbes#!specificprobeoverview/FS-694
CCCIJQPRIXGQOE-XWSJACJDSA-N	NR3C1	Agonist		nM	1	uM	EUbOPEN			cell	10.0	EC50		HEK293 Lysate Stable Transfection Competition binding assays (NR3C1, NR3C2, NR3C3), reporter gene assay (C2C12 cells were cotransfected with a ARE-TK-luciferase reporter and pCMV-hAR) (NR3C4)	https://doi.org/10.1021/acs.jmedchem.5b01168
CCCIJQPRIXGQOE-XWSJACJDSA-N	NR3C2	Agonist		nM	1	uM	EUbOPEN			cell	0.5	EC50		HEK293 Lysate Stable Transfection Competition binding assays (NR3C1, NR3C2, NR3C3), reporter gene assay (C2C12 cells were cotransfected with a ARE-TK-luciferase reporter and pCMV-hAR) (NR3C4)	https://doi.org/10.1021/acs.jmedchem.5b01168
CCCIJQPRIXGQOE-XWSJACJDSA-N	NR3C3	Agonist		nM	1	uM	EUbOPEN			cell	0.5	EC50		HEK293 Lysate Stable Transfection Competition binding assays (NR3C1, NR3C2, NR3C3), reporter gene assay (C2C12 cells were cotransfected with a ARE-TK-luciferase reporter and pCMV-hAR) (NR3C4)	https://doi.org/10.1021/acs.jmedchem.5b01168
CCCIJQPRIXGQOE-XWSJACJDSA-N	NR3C4	Agonist		nM	1	uM	EUbOPEN			cell	0.01	EC50		HEK293 Lysate Stable Transfection Competition binding assays (NR3C1, NR3C2, NR3C3), reporter gene assay (C2C12 cells were cotransfected with a ARE-TK-luciferase reporter and pCMV-hAR) (NR3C4)	https://doi.org/10.1021/acs.jmedchem.5b01168
FDBYIYFVSAHJLY-UHFFFAOYSA-N	THRB	Agonist		nM	10	uM	EUbOPEN			cell	200.0	EC50	=	cell-based	https://doi.org/10.1021/jm4019299
FDBYIYFVSAHJLY-UHFFFAOYSA-N	NR1A2	Agonist		nM	10	uM	EUbOPEN			cell	210.0	EC50		cell-based	https://doi.org/10.1021/jm4019299
NHJSWORVNIOXIT-UHFFFAOYSA-N	FGFR1	Inhibitor		nM	100	uM	EUbOPEN			cell	10.8	IC50	=	Immunoblot (inhibition of FGFR1 autophosphorylation in NIH3T3 cells)	https://jpet.aspetjournals.org/content/286/1/569.long
QKNBRNSGPNCARD-SGNKCFNYSA-N	SIK1	Inhibitor		nM	1	uM	EUbOPEN			cell	516.0	IC50	=	NanoBRET assay (HEK293T cells)	https://pubs.acs.org/doi/10.1021/acs.jmedchem.0c02144
QKNBRNSGPNCARD-SGNKCFNYSA-N	SIK2	Inhibitor		nM	1	uM	EUbOPEN			cell	180.0	IC50	=	NanoBRET assay (HEK293T cells)	https://pubs.acs.org/doi/10.1021/acs.jmedchem.0c02144
QKNBRNSGPNCARD-SGNKCFNYSA-N	SIK3	Inhibitor		nM	1	uM	EUbOPEN			cell	127.0	IC50	=	NanoBRET assay (HEK293T cells)	https://pubs.acs.org/doi/10.1021/acs.jmedchem.0c02144
UNSHMXUHOHBLIQ-UHFFFAOYSA-N	BCAT1	Inhibitor		nM	1	uM	EUbOPEN			cell	358.0	IC50		Cellular mechanistic assay (BCAA measurement in U-87-MG, high BCAT1 expressing cells)	https://www.sgc-ffm.uni-frankfurt.de/#!specificprobeoverview/BAY-069
UNSHMXUHOHBLIQ-UHFFFAOYSA-N	BCAT2	Inhibitor		nM	1	uM	EUbOPEN			cell	874.0	IC50		Cellular mechanistic assay (BCAA measurement in MDA-MB-231, high BCAT2 expressing cells)	https://www.sgc-ffm.uni-frankfurt.de/#!specificprobeoverview/BAY-069
IESAJAZKMLPVIB-VXGBXAGGSA-N	TRPA1	Inhibitor		nM	100	uM	EUbOPEN			cell	82.0	IC50		Ephys (Patchliner, CHO cells)	https://www.sgc-ffm.uni-frankfurt.de/#!specificprobeoverview/BAY-390
YQOLEILXOBUDMU-KRWDZBQOSA-N	PTGFR	Antagonist		nM	100	uM	EUbOPEN			cell	11.0	IC50		Human FP-R assay (Chem-1 cells expressing human FP receptor, Eurofins)	https://pubs.acs.org/doi/10.1021/acs.jmedchem.0c00834
ZORLJXWXFABTPZ-CTNGQTDRSA-N	BRD4@BD1	Inhibitor		nM	1	uM	EUbOPEN			cell	50.1	IC50		NanoBRET assay (nanoluciferase-BRD4 fusion protein in HEK293 cells)	https://pubs.acs.org/doi/10.1021/acs.jmedchem.0c00566
DLNFTRSEHUWEGO-HUUCEWRRSA-N	GLS	Inhibitor		nM	100	uM	EUbOPEN			cell	10.5	IC50		CTG assay in A549 cells	https://www.sgc-ffm.uni-frankfurt.de/#!specificprobeoverview/A-446
LZSPYTNDRPEZBK-OXYJHPMESA-N	CCR1	Antagonist		nM	100	uM	EUbOPEN			cell	3.0	IC50		CCR1 cellular Ca2+-flux assay (using calcium-optimized stable cell line #HTS005C)	https://www.sgc-ffm.uni-frankfurt.de/#!specificprobeoverview/BAY-3153
OFNZESNEBSQKSE-BQGOKDIQSA-N	WDR5	PROTAC, degrader		nM	1	uM	EUbOPEN			cell	53.0	DC50		HiBit assay (WDR5 degradation in MV4-11 cells)	https://pubs.acs.org/doi/10.1021/acs.jmedchem.1c00146
TZMQFZRIXDLOHW-JIDHJSLPSA-N	SMYD2	Inhibitor		nM	1	uM	EUbOPEN			cell	900.0	IC50		Inhibition of the methylation of p53K370 in cells	https://pubs.acs.org/doi/10.1021/acs.jmedchem.9b00112#
KOZGEDUWAQFVAV-UHFFFAOYSA-N	NSD2 (PWWP1 domain)	Antagonist		nM	1	uM	EUbOPEN			cell	1230.0	IC50	=	NanoBRET PPI assay (at 1 µM)	https://www.thesgc.org/chemical-probes/UNC6934
HLHNFJNSQZZUNW-MAEOIBBWSA-N	GID4	Inhibitor		nM	100	uM	EUbOPEN			cell	600.0	EC50		NanoBRET assay (interaction between NanoLuc® tagged degrons and full-length GID4)	https://www.thesgc.org/chemical-probes/PFI-7
ZZSNHHKTFMLWFY-KRWDZBQOSA-N	PTGFR	Negative control for BAY-6672		nM	100	uM	EUbOPEN			cell	1200.0	IC50		Human FP-R assay (Chem-1 cells expressing human FP receptor, Eurofins)	https://pubs.acs.org/doi/10.1021/acs.jmedchem.0c00834
SHGAZHPCJJPHSC-UHFFFAOYSA-N	NR1B1	Agonist		nM	1	uM	EUbOPEN			cell	409.0	EC50		Gal4 hybrid reporter gene assay (HEK293T cells were cotransfected with pFR-Luc reporter, pRL-SV40 control reporter and pFA-CMV-hRAR?-LBD, RAR?-LBD or RAR?-LBD expression plasmid)	
SHGAZHPCJJPHSC-UHFFFAOYSA-N	NR1B2	Agonist		nM	1	uM	EUbOPEN			cell	364.0	EC50		Gal4 hybrid reporter gene assay (HEK293T cells were cotransfected with pFR-Luc reporter, pRL-SV40 control reporter and pFA-CMV-hRAR?-LBD, RAR?-LBD or RAR?-LBD expression plasmid)	
SHGAZHPCJJPHSC-UHFFFAOYSA-N	NR1B3	Agonist		nM	1	uM	EUbOPEN			cell	343.0	EC50		Gal4 hybrid reporter gene assay (HEK293T cells were cotransfected with pFR-Luc reporter, pRL-SV40 control reporter and pFA-CMV-hRAR?-LBD, RAR?-LBD or RAR?-LBD expression plasmid)	
SHGAZHPCJJPHSC-UHFFFAOYSA-N	RARB	Agonist		nM	1	uM	EUbOPEN			cell	360.0	EC50	=	cell-based	https://doi.org/10.1074/jbc.M205016200 ,  https://doi.org/10.1016/j.bmcl.2014.09.053
SHGAZHPCJJPHSC-UHFFFAOYSA-N	RARA	Agonist		nM	1	uM	EUbOPEN			cell	400.0	EC50	=	cell-based	https://doi.org/10.1074/jbc.M205016200 ,  https://doi.org/10.1016/j.bmcl.2014.09.053
SHGAZHPCJJPHSC-UHFFFAOYSA-N	RARG	Agonist		nM	1	uM	EUbOPEN			cell	340.0	EC50	=	cell-based	https://doi.org/10.1074/jbc.M205016200 ,  https://doi.org/10.1016/j.bmcl.2014.09.053
UOWZUVNAGUAEQC-UHFFFAOYSA-N	THRA	Agonist		nM	1	uM	EUbOPEN			cell	2.0	EC50	=	cell-based	https://doi.org/10.1002/jat.2825
UOWZUVNAGUAEQC-UHFFFAOYSA-N	THRB	Agonist		nM	1	uM	EUbOPEN			cell	4.0	EC50	=	cell-based	https://doi.org/10.1002/jat.2825
UOWZUVNAGUAEQC-UHFFFAOYSA-N	NR1A1	Agonist		nM	1	uM	EUbOPEN			cell	1.81	EC50		Reporter gene assay (HEK293 cells were cotransfected with pGL4.23-PAL-4 or pGL4.23-DR2-4 as reporter, pRL-TK as control and pcDNA3.1-TR? or -TR? as expression plasmid)	https://doi.org/10.1002/jat.2825
UOWZUVNAGUAEQC-UHFFFAOYSA-N	NR1A2	Agonist		nM	1	uM	EUbOPEN			cell	4.13	EC50		Reporter gene assay (HEK293 cells were cotransfected with pGL4.23-PAL-4 or pGL4.23-DR2-4 as reporter, pRL-TK as control and pcDNA3.1-TR? or -TR? as expression plasmid)	https://doi.org/10.1002/jat.2825
IRLWJILLXJGJTD-UHFFFAOYSA-N	PPARA	Agonist		nM	1	uM	EUbOPEN			cell	50.0	EC50	=	cell-based	https://doi.org/10.1021/jm0496436
IRLWJILLXJGJTD-UHFFFAOYSA-N	PPARG	Agonist		nM	1	uM	EUbOPEN			cell	16.0	EC50	=	cell-based	https://doi.org/10.1021/jm0496436
IRLWJILLXJGJTD-UHFFFAOYSA-N	NR1C1	Agonist		nM	1	uM	EUbOPEN			cell	52.0	EC50		Gal4 hybrid reporter gene assay (HEK293T cells were cotransfected with pFR-Luc reporter, pRL-SV40 control reporter and pFA-CMV-hPPAR?-LBD or hPPAR?-LBD expression plasmid)	
IRLWJILLXJGJTD-UHFFFAOYSA-N	NR1C3	Agonist		nM	1	uM	EUbOPEN			cell	16.0	EC50		Gal4 hybrid reporter gene assay (HEK293T cells were cotransfected with pFR-Luc reporter, pRL-SV40 control reporter and pFA-CMV-hPPAR?-LBD or hPPAR?-LBD expression plasmid)	
ILUPZUOBHCUBKB-UHFFFAOYSA-N	PPARA	Agonist		nM	1	uM	EUbOPEN			cell	4.0	EC50	=	cell-based	https://doi.org/10.1021/jm058056x ,  https://doi.org/10.1016/j.bmc.2011.03.053 ,  https://doi.org/10.1016/j.bmcl.2010.11.030 ,  https://doi.org/10.1016/j.bmcl.2008.09.094
ILUPZUOBHCUBKB-UHFFFAOYSA-N	PPARD	Agonist		nM	1	uM	EUbOPEN			cell	160.0	EC50	=	cell-based	https://zenodo.org/records/10474037
ILUPZUOBHCUBKB-UHFFFAOYSA-N	NR1C1	Agonist		nM	1	uM	EUbOPEN			cell	156.0	EC50		Gal4 hybrid reporter gene assay (HEK293T cells were cotransfected with pFR-Luc reporter, pRL-SV40 control reporter and pFA-CMV-hPPAR?-LBD expression plasmid)	
ILUPZUOBHCUBKB-UHFFFAOYSA-N	NR1C2	Agonist		nM	1	uM	EUbOPEN			cell	4.0	EC50		transient transfection assay	https://doi.org/10.1016/j.bmcl.2008.09.094
KYQNYMXQHLMADB-UHFFFAOYSA-N	NR1C3	Agonist		nM	1	uM	EUbOPEN			cell	1000.0	EC50		Reporter gene assay (CV-1 cells were cotransfected with aP2-tk-CAT reporter plasmid, pCH110-?-galactosidase control plasmid and pSG5-Gal4-PPAR? or -PPAR? expression plasmid)	https://doi.org/10.1021/jm9903601
KYQNYMXQHLMADB-UHFFFAOYSA-N	PPARA	Agonist		nM	1	uM	EUbOPEN			cell	50.0	EC50	=	cell-based	https://doi.org/10.1021/jm9903601
KYQNYMXQHLMADB-UHFFFAOYSA-N	PPARG	Agonist		nM	1	uM	EUbOPEN			cell	1000.0	EC50	=	cell-based	https://doi.org/10.1021/jm9903601
KYQNYMXQHLMADB-UHFFFAOYSA-N	NR1C1	Agonist		nM	1	uM	EUbOPEN			cell	50.0	EC50		Reporter gene assay (CV-1 cells were cotransfected with aP2-tk-CAT reporter plasmid, pCH110-?-galactosidase control plasmid and pSG5-Gal4-PPAR? or -PPAR? expression plasmid)	https://doi.org/10.1021/jm9903601
VOCGSQHKPZSIKB-FQEVSTJZSA-N	NR1C3	Agonist		nM	1	uM	EUbOPEN			cell	738.0	EC50		Reporter gene assay (HEK293T cells were cotransfected with pREP7 reporter plasmid and hPPAR? expression plasmid)	https://doi.org/10.1007/s00125-016-3912-9
VOCGSQHKPZSIKB-FQEVSTJZSA-N	PPARG	Agonist		nM	1	uM	EUbOPEN			cell	730.0	EC50	=	cell-based	https://doi.org/10.1007/s00125-016-3912-9 ,  https://doi.org/10.1016/j.bmcl.2015.04.029
CXGTZJYQWSUFET-IBGZPJMESA-N	PPARA	Agonist		nM	1	uM	EUbOPEN			cell	290.0	EC50	=	cell-based	https://zenodo.org/records/10474037
CXGTZJYQWSUFET-IBGZPJMESA-N	PPARG	Agonist		nM	1	uM	EUbOPEN			cell	130.0	EC50	=	cell-based	https://zenodo.org/records/10474037
CXGTZJYQWSUFET-IBGZPJMESA-N	NR1C3	Agonist		nM	1	uM	EUbOPEN			cell	127.0	EC50		Gal4 hybrid reporter gene assay (HEK293T cells were cotransfected with pFR-Luc reporter, pRL-SV40 control reporter and pFA-CMV-hPPAR?-LBD or -hPPAR?-LBD expression plasmid)	
XCAXFCPCOXDEHC-UNTBIKODSA-M	NR1C2	Agonist		nM	1	uM	EUbOPEN			cell	1.8	EC50		cell-based transactivation assay	https://doi.org/10.1016/j.bmcl.2007.05.007
XCAXFCPCOXDEHC-UNTBIKODSA-M	PPARD	Agonist		nM	1	uM	EUbOPEN			cell	2.0	EC50	=	cell-based	https://doi.org/10.1016/j.bmcl.2007.05.007
AFLFKFHDSCQHOL-IZZDOVSWSA-N	PPARD	Agonist		nM	1	uM	EUbOPEN			cell	210.0	EC50	=	cell-based	https://doi.org/10.1021/acsmedchemlett.9b00189
AFLFKFHDSCQHOL-IZZDOVSWSA-N	NR1C1	Agonist		nM	1	uM	EUbOPEN			cell	127.0	EC50		Gal4 hybrid reporter gene assay (HEK293T cells were cotransfected with pFR-Luc reporter, pRL-SV40 control reporter and pFA-CMV-hPPAR? or -hPPAR?- or hPPAR?-LBD expression plasmid)	
AFLFKFHDSCQHOL-IZZDOVSWSA-N	NR1C2	Agonist		nM	1	uM	EUbOPEN			cell	210.0	EC50		Gal4 hybrid reporter gene assay (HEK293T cells were cotransfected with pFR-Luc reporter, pRL-SV40 control reporter and pFA-CMV-hPPAR? or -hPPAR?- or hPPAR?-LBD expression plasmid)	
AFLFKFHDSCQHOL-IZZDOVSWSA-N	NR1C3	Agonist		nM	1	uM	EUbOPEN			cell	412.0	EC50		Gal4 hybrid reporter gene assay (HEK293T cells were cotransfected with pFR-Luc reporter, pRL-SV40 control reporter and pFA-CMV-hPPAR? or -hPPAR?- or hPPAR?-LBD expression plasmid)	
AFLFKFHDSCQHOL-IZZDOVSWSA-N	PPARG	Agonist		nM	1	uM	EUbOPEN			cell	410.0	EC50	=	cell-based	https://doi.org/10.1021/acsmedchemlett.9b00189
AFLFKFHDSCQHOL-IZZDOVSWSA-N	PPARA	Agonist		nM	1	uM	EUbOPEN			cell	130.0	EC50	=	cell-based	https://doi.org/10.1021/acsmedchemlett.9b00189
YDBLKRPLXZNVNB-UHFFFAOYSA-N	PPARD	Agonist		nM	1	uM	EUbOPEN			cell	1.0	EC50	=	cell-based	https://doi.org/10.1073/pnas.091021198
YDBLKRPLXZNVNB-UHFFFAOYSA-N	NR1C2	Agonist		nM	1	uM	EUbOPEN			cell	1.2	EC50		Gal4 reporter gene assay (CV-1 cells)	https://doi.org/10.1073/pnas.091021198
OQDQIFQRNZIEEJ-UHFFFAOYSA-N	NR1C2	Agonist		nM	1	uM	EUbOPEN			cell	866.0	EC50		Gal4 reporter gene assay (Cos-7 cells were cotransfected with 5Gal4-pGL3-TK-Luc reporter plasmid and human PPAR?-Gal4 or PPAR?-Gal4 receptor expression plasmid)	https://doi.org/10.1021/acs.jmedchem.7b01285
OQDQIFQRNZIEEJ-UHFFFAOYSA-N	NR1C3	Agonist		nM	1	uM	EUbOPEN			cell	206.0	EC50		Gal4 reporter gene assay (Cos-7 cells were cotransfected with 5Gal4-pGL3-TK-Luc reporter plasmid and human PPAR?-Gal4 or PPAR?-Gal4 receptor expression plasmid)	https://doi.org/10.1021/acs.jmedchem.7b01285
OQDQIFQRNZIEEJ-UHFFFAOYSA-N	PPARD	Agonist		nM	1	uM	EUbOPEN			cell	900.0	EC50	=	cell-based	https://doi.org/10.1021/acs.jmedchem.7b01285
OQDQIFQRNZIEEJ-UHFFFAOYSA-N	PPARG	Agonist		nM	1	uM	EUbOPEN			cell	210.0	EC50	=	cell-based	https://doi.org/10.1021/acs.jmedchem.7b01285
NDFKBGWLUHKMFY-UHFFFAOYSA-N	PPARD	Antagonist		nM	10	uM	EUbOPEN			cell	5500.0	IC50	=	cell-based	https://doi.org/10.1210/me.2007-0190
NDFKBGWLUHKMFY-UHFFFAOYSA-N	NR1C1	Antagonist		nM	10	uM	EUbOPEN			cell	6107.0	IC50		Gal4 hybrid reporter gene assay (HEK293T cells were cotransfected with pFR-Luc reporter, pRL-SV40 control reporter and pFA-CMV-hPPAR? or -hPPAR?- or hPPAR?-LBD expression plasmid; GW7647 1 µM (PPAR?), L-165,041 1 µM (PPAR?) and rosiglitazone 1 µM (PPAR?) are used for receptor activation)	
NDFKBGWLUHKMFY-UHFFFAOYSA-N	NR1C2	Antagonist		nM	10	uM	EUbOPEN			cell	5483.0	IC50		Gal4 hybrid reporter gene assay (HEK293T cells were cotransfected with pFR-Luc reporter, pRL-SV40 control reporter and pFA-CMV-hPPAR? or -hPPAR?- or hPPAR?-LBD expression plasmid; GW7647 1 µM (PPAR?), L-165,041 1 µM (PPAR?) and rosiglitazone 1 µM (PPAR?) are used for receptor activation)	
NDFKBGWLUHKMFY-UHFFFAOYSA-N	NR1C3	Antagonist		nM	10	uM	EUbOPEN			cell	7560.0	IC50		Gal4 hybrid reporter gene assay (HEK293T cells were cotransfected with pFR-Luc reporter, pRL-SV40 control reporter and pFA-CMV-hPPAR? or -hPPAR?- or hPPAR?-LBD expression plasmid; GW7647 1 µM (PPAR?), L-165,041 1 µM (PPAR?) and rosiglitazone 1 µM (PPAR?) are used for receptor activation)	
NDFKBGWLUHKMFY-UHFFFAOYSA-N	PPARA	Antagonist		nM	10	uM	EUbOPEN			cell	6100.0	IC50	=	cell-based	https://zenodo.org/records/10474037
NDFKBGWLUHKMFY-UHFFFAOYSA-N	PPARG	Antagonist		nM	10	uM	EUbOPEN			cell	7600.0	IC50	=	cell-based	https://zenodo.org/records/10474037
JFUIMTGOQCQTPF-UHFFFAOYSA-N	PPARD	Antagonist		nM	1	uM	EUbOPEN			cell	100.0	IC50	=	cell-based	https://doi.org/10.1021/jm900464j
JFUIMTGOQCQTPF-UHFFFAOYSA-N	NR1C2	Antagonist		nM	1	uM	EUbOPEN			cell	126.0	IC50		Gal4 reporter gene assay	https://doi.org/10.1021/jm900464j
MMJJNHOIVCGAAP-UHFFFAOYSA-N	NR1D1	Agonist		nM	10	uM	EUbOPEN			cell	5960.0	EC50		Gal4 hybrid reporter gene assay (HEK293T cells were cotransfected with pFR-Luc reporter, pRL-SV40 control reporter and pFA-CMV-hrevERB? or -hrevERB?-LBD expression plasmid)	
MMJJNHOIVCGAAP-UHFFFAOYSA-N	NR1D2	Agonist		nM	10	uM	EUbOPEN			cell	10590.0	EC50		Gal4 hybrid reporter gene assay (HEK293T cells were cotransfected with pFR-Luc reporter, pRL-SV40 control reporter and pFA-CMV-hrevERB? or -hrevERB?-LBD expression plasmid)	
UIEBLUZPSFAFOC-UHFFFAOYSA-N	NR1D1	Antagonist		nM	10	uM	EUbOPEN			cell	470.0	IC50		Gal4 reporter gene assay (HEK293 cells)	https://doi.org/10.1021/cb1002575
PPUYOYQTTWJTIU-UHFFFAOYSA-N	NR1D1	Agonist		nM	10	uM	EUbOPEN			cell	2170.0	EC50		Gal4 hybrid reporter gene assay (HEK293T cells were cotransfected with pFR-Luc reporter, pRL-SV40 control reporter and pFA-CMV-hrevERB? or -hrevERB?-LBD expression plasmid)	
PPUYOYQTTWJTIU-UHFFFAOYSA-N	NR1D2	Agonist		nM	10	uM	EUbOPEN			cell	3000.0	EC50		Gal4 hybrid reporter gene assay (HEK293T cells were cotransfected with pFR-Luc reporter, pRL-SV40 control reporter and pFA-CMV-hrevERB? or -hrevERB?-LBD expression plasmid)	
DUXWIYXHHGNUJU-UHFFFAOYSA-N	NR1F3	Agonist		nM	1	uM	EUbOPEN			cell	2000.0	EC50		Gal4 reporter gene assay (HEK293 cells)	https://doi.org/10.1021/cb100223d
DUXWIYXHHGNUJU-UHFFFAOYSA-N	RORC	Agonist		nM	1	uM	EUbOPEN			cell	2000.0	EC50	=	cell-based	https://doi.org/10.1021/cb100223d
LZWUNZRMANFRAO-UHFFFAOYSA-N	NR1F1	Inverse Agonist		nM	10	uM	EUbOPEN			cell	480.0	IC50		Gal4 reporter gene assay (HEK293 cells), Gal4 hybrid reporter gene assay (HEK293T cells were cotransfected with pFR-Luc reporter, pRL-SV40 control reporter and pFA-CMV-hROR? or -hROR?-LBD expression plasmid)	https://doi.org/10.1021/cb1002762
LZWUNZRMANFRAO-UHFFFAOYSA-N	NR1F2	Inverse Agonist		nM	10	uM	EUbOPEN			cell	1457.0	IC50		Gal4 reporter gene assay (HEK293 cells), Gal4 hybrid reporter gene assay (HEK293T cells were cotransfected with pFR-Luc reporter, pRL-SV40 control reporter and pFA-CMV-hROR? or -hROR?-LBD expression plasmid)	https://doi.org/10.1021/cb1002762
LZWUNZRMANFRAO-UHFFFAOYSA-N	NR1F3	Inverse Agonist		nM	10	uM	EUbOPEN			cell	3191.0	IC50		Gal4 reporter gene assay (HEK293 cells), Gal4 hybrid reporter gene assay (HEK293T cells were cotransfected with pFR-Luc reporter, pRL-SV40 control reporter and pFA-CMV-hROR? or -hROR?-LBD expression plasmid)	https://doi.org/10.1021/cb1002762
LZWUNZRMANFRAO-UHFFFAOYSA-N	RORB	Inverse Agonist		nM	10	uM	EUbOPEN			cell	1500.0	IC50	=	cell-based	https://zenodo.org/records/10474037
LZWUNZRMANFRAO-UHFFFAOYSA-N	RORC	Inverse Agonist		nM	10	uM	EUbOPEN			cell	3200.0	IC50	=	cell-based	https://zenodo.org/records/10474037
LZWUNZRMANFRAO-UHFFFAOYSA-N	RORA	Inverse Agonist		nM	10	uM	EUbOPEN			cell	500.0	IC50	=	cell-based	https://doi.org/10.1021/cb1002762
OZBSSKGBKHOLGA-UHFFFAOYSA-N	NR1F1	Inverse Agonist		nM	1	uM	EUbOPEN			cell	884.0	IC50		Gal4 hybrid reporter gene assay (HEK293T cells were cotransfected with pFR-Luc reporter, pRL-SV40 control reporter and pFA-CMV-hROR? or -hROR?- or hROR?-LBD expression plasmid)	
OZBSSKGBKHOLGA-UHFFFAOYSA-N	NR1F2	Inverse Agonist		nM	1	uM	EUbOPEN			cell	1061.0	IC50		Gal4 hybrid reporter gene assay (HEK293T cells were cotransfected with pFR-Luc reporter, pRL-SV40 control reporter and pFA-CMV-hROR? or -hROR?- or hROR?-LBD expression plasmid)	
OZBSSKGBKHOLGA-UHFFFAOYSA-N	NR1F3	Inverse Agonist		nM	1	uM	EUbOPEN			cell	111.0	IC50		Gal4 hybrid reporter gene assay (HEK293T cells were cotransfected with pFR-Luc reporter, pRL-SV40 control reporter and pFA-CMV-hROR? or -hROR?- or hROR?-LBD expression plasmid)	
OZBSSKGBKHOLGA-UHFFFAOYSA-N	RORC	Inverse Agonist		nM	1	uM	EUbOPEN			cell	110.0	IC50	=	cell-based	https://doi.org/10.1016/j.bmcl.2013.10.054
OZBSSKGBKHOLGA-UHFFFAOYSA-N	RORB	Inverse Agonist		nM	1	uM	EUbOPEN			cell	1100.0	IC50	=	cell-based	https://zenodo.org/records/10474037
OZBSSKGBKHOLGA-UHFFFAOYSA-N	RORA	Inverse Agonist		nM	1	uM	EUbOPEN			cell	900.0	IC50	=	cell-based	https://zenodo.org/records/10474037
LZLBRISQTJVZNP-UHFFFAOYSA-N	RORC	Inverse agonist		nM	1	uM	EUbOPEN			cell	20.0	IC50	=	cell-based	https://doi.org/10.1016/j.bmcl.2018.03.041
LZLBRISQTJVZNP-UHFFFAOYSA-N	NR1F3	Inverse Agonist		nM	1	uM	EUbOPEN			cell	17.0	IC50		Gal4 reporter gene assay (HeLa-HG5LN cells containing a luciferase reporter gene were transfected with Gal4-ROR?-LBD expression plasmid)	https://doi.org/10.1016/j.bmcl.2018.03.041
KVHKWAZUPPBMLL-UHFFFAOYSA-N	NR1F3	Inverse Agonist		nM	1	uM	EUbOPEN			cell	320.0	IC50		Gal4 reporter gene assay (HEK293T cells were cotransfected with UAS-luciferase reporter plasmid and Gal4-ROR? expression plasmid)	https://doi.org/10.1021/cb200496y
KVHKWAZUPPBMLL-UHFFFAOYSA-N	RORC	Inverse Agonist		nM	1	uM	EUbOPEN			cell	320.0	IC50	=	cell-based	https://doi.org/10.1021/cb200496y
YEKVAIMYYCZDLI-MCPYQZEQSA-N	RORC	Antagonist		nM	1	uM	EUbOPEN			cell	200.0	IC50	=	cell-based	https://pubs.acs.org/doi/10.1021/ml300286h
YEKVAIMYYCZDLI-MCPYQZEQSA-N	NR1F2	Inverse Agonist		nM	10	uM	EUbOPEN			cell	1263.0	IC50		Gal4 hybrid reporter gene assay (HEK293T cells were cotransfected with pFR-Luc reporter, pRL-SV40 control reporter and pFA-CMV-hROR?- or hROR?-LBD expression plasmid)	
YEKVAIMYYCZDLI-MCPYQZEQSA-N	NR1F3	Inverse Agonist		nM	1	uM	EUbOPEN			cell	199.0	IC50		Gal4 hybrid reporter gene assay (HEK293T cells were cotransfected with pFR-Luc reporter, pRL-SV40 control reporter and pFA-CMV-hROR?- or hROR?-LBD expression plasmid)	
YEKVAIMYYCZDLI-MCPYQZEQSA-N	RORB	Antagonist		nM	10	uM	EUbOPEN			cell	1300.0	IC50	=	cell-based	https://zenodo.org/records/10474037
AYQBYSPEGRYKFA-UHFFFAOYSA-N	NR1I3	Antagonist		nM	10	uM	EUbOPEN			cell	687.0	IC50		cell-based	https://doi.org/10.1016/j.ejmech.2015.12.018
HDZWHJYZJWLTAG-UHFFFAOYSA-N	NR1H2	Antagonist		nM	1	uM	EUbOPEN			cell	43.0	IC50		Reporter gene assay (HEK293 cells were cotransfected with a reporter containing 3 copies of an LXRE within the promotor and full-length LXR? or LXR?)	https://doi.org/10.1021/cb300541g
HDZWHJYZJWLTAG-UHFFFAOYSA-N	NR1H3	Antagonist		nM	1	uM	EUbOPEN			cell	214.0	IC50		Reporter gene assay (HEK293 cells were cotransfected with a reporter containing 3 copies of an LXRE within the promotor and full-length LXR? or LXR?)	https://doi.org/10.1021/cb300541g
JLPURTXCSILYLW-UHFFFAOYSA-N	NR1H2	Agonist		nM	1	uM	EUbOPEN			cell	250.0	EC50		Reporter gene assay (CV-1 cells were cotransfected with LXREx1-tk- luc reporter plasmid and pCXM-hLXR? or -hLXR? expression plasmid)	https://doi.org/10.1016/j.bmcl.2014.11.029 ,  https://doi.org/10.1021/acsmedchemlett.6b00234
JLPURTXCSILYLW-UHFFFAOYSA-N	NR1H3	Agonist		nM	1	uM	EUbOPEN			cell	230.0	EC50		Reporter gene assay (CV-1 cells were cotransfected with LXREx1-tk- luc reporter plasmid and pCXM-hLXR? or -hLXR? expression plasmid)	https://doi.org/10.1016/j.bmcl.2014.11.029 ,  https://doi.org/10.1021/acsmedchemlett.6b00234
OUJQRQRBNRGQTC-SPGSYPTKSA-N	NR1H2	Agonist		nM	1	uM	EUbOPEN			cell	1.0	EC50		Gal4 reporter gene assay (HEK293 cells were cotransfected with  pUAS(5x)-tk-luciferase reporter plasmid, pEGFP-N1 control plasmid and pcDNA3-LXR?/GAL4 or pcDNA3-LXR?/GAL4)	https://doi.org/10.1074/jbc.M108225200
OUJQRQRBNRGQTC-SPGSYPTKSA-N	NR1H3	Agonist		nM	1	uM	EUbOPEN			cell	1.0	EC50		Gal4 reporter gene assay (HEK293 cells were cotransfected with  pUAS(5x)-tk-luciferase reporter plasmid, pEGFP-N1 control plasmid and pcDNA3-LXR?/GAL4 or pcDNA3-LXR?/GAL4)	https://doi.org/10.1074/jbc.M108225201
KZSKGLFYQAYZCO-UHFFFAOYSA-N	NR1H4	Agonist		nM	1	uM	EUbOPEN			cell	41.0	EC50		cell-based	https://doi.org/10.1021/acs.jmedchem.9b01701
VYLOOGHLKSNNEK-PIIMJCKOSA-N	NR1H4	Agonist		nM	1	uM	EUbOPEN			cell	0.26	EC50		Reporter gene assay (HEK293T cells were cotransfected with pGL3-hBSEP-luc reporter plasmid and hFXR expression plasmid)	https://doi.org/10.1021/acs.jmedchem.7b00907
BIHPJIJLDNUDGH-UHFFFAOYSA-N	RORC	inverse agonist		nM	1	uM	EUbOPEN			cell	4.0	IC50	=	cell-based	https://doi.org/10.1021/acs.jmedchem.8b00392
BIHPJIJLDNUDGH-UHFFFAOYSA-N	NR1F3	Inverse Agonist		nM	1	uM	EUbOPEN			cell	4.1	IC50		Gal4 reporter gene assay (Neuro2A cells were cotransfected with 5xGAL4UAS-Luc reporter plasmid and pM-Gal4-ROR?2-LBD)	https://doi.org/10.1021/acs.jmedchem.8b00392
	NR1F3	Agonist		nM	1	uM	EUbOPEN			cell	21.0	EC50		Gal4 hybrid reporter gene assay (HEK293T cells were cotransfected with pFR-Luc reporter, pRL-SV40 control reporter and pFA-CMV-hROR?-LBD expression plasmid)	
GULSIMHVQYBADX-UHFFFAOYSA-N	RORC	Agonist		nM	1	uM	EUbOPEN			cell	21.0	EC50	=	cell-based	https://patentscope.wipo.int/search/en/detail.jsf?docId=WO2016201225
RPVDFHPBGBMWID-UHFFFAOYSA-N	NR1H4	Agonist		nM	1	uM	EUbOPEN			cell	193.0	EC50		Reporter gene assay (HEK293 cells were cotransfected with a 2XIR-1-luciferase reporter plasmid and human FXR expression plasmid)	https://doi.org/10.1021/acs.jmedchem.5b01161
KQSPAAPFKIEUGH-UHFFFAOYSA-N	NR1H4	Antagonist		nM	1	uM	EUbOPEN			cell	581.0	IC50		Gal4 hybrid reporter gene assay (HEK293T cells were cotransfected with pFR-Luc reporter, pRL-SV40 control reporter and pFA-CMV-hFXR-LBD expression plasmid)	
YQCVJBZPFAJZFJ-DVUQJCTJSA-N	HCV:NS3	Inhibitor		nM	100	uM	EUbOPEN			cell	1.8	EC50		HCVPV RNA replication Luciferase reporter assay (genotype 1b, Huh-7 cells, 3-day incubation)	https://pubs.acs.org/doi/full/10.1021/ol303498m
YKDZIFFKQUNVHH-UHFFFAOYSA-N	CSNK2A1	Inhibitor		nM	100	uM	EUbOPEN			cell	36.0	IC50	=	NanoBRET assay (in HEK293T cells)	https://www.sciencedirect.com/science/article/pii/S2451945620305225?via%3Dihub
YKDZIFFKQUNVHH-UHFFFAOYSA-N	CSNK2A2	Inhibitor		nM	100	uM	EUbOPEN			cell	16.0	IC50	=	NanoBRET assay (in HEK293T cells)	https://www.sciencedirect.com/science/article/pii/S2451945620305225?via%3Dihub
RIWTUJFFSTVYPW-UHFFFAOYSA-N	ACVR1	inhibitor		nM	1	uM	EUbOPEN			cell	13.0	IC50	=	NanoBRET assay (HEK293T cells)	https://www.thesgc.org/chemical-probes/m4k2234
RIWTUJFFSTVYPW-UHFFFAOYSA-N	ACVRL1	inhibitor		nM	1	uM	EUbOPEN			cell	83.0	IC50	=	NanoBRET assay (HEK293T cells)	https://www.thesgc.org/chemical-probes/m4k2234
BNDYIYYKEIXHNK-UHFFFAOYSA-N	RET	Inhibitor		nM	1	uM	EUbOPEN			cell	380.0	IC50	=	CellTiter-Glo assay (in BaF3 cells expressing KIF5B-RET)	https://www.sciencedirect.com/science/article/pii/S0223523416300393?via%3Dihub
BNDYIYYKEIXHNK-UHFFFAOYSA-N	KDR	Inhibitor		nM	1	uM	EUbOPEN			cell	890.0	IC50	=	CellTiter-Glo assay (in BaF3 cells expressing KDR)	https://www.sciencedirect.com/science/article/pii/S0223523416300393?via%3Dihub
CLDJMFXSCFWXDI-UHFFFAOYSA-N	CSNK1D	Inhibitor		nM	1	uM	EUbOPEN			cell	58.0	EC50	=	Translocation Assay (CSNK1D mediated PER3 nuclear translocation in COS-7 cells)	https://pubs.acs.org/doi/10.1021/acschemneuro.7b00155
CLDJMFXSCFWXDI-UHFFFAOYSA-N	CSNK1E	Inhibitor		nM	1	uM	EUbOPEN			cell	318.0	EC50	=	Translocation Assay (CSNK1E mediated PER3 nuclear translocation in COS-7 cells)	https://pubs.acs.org/doi/10.1021/acschemneuro.7b00155
SRSOVGVHVNSXTC-UHFFFAOYSA-N	CSNK1D	Negative control for MU1742		nM	1	uM	EUbOPEN			cell	50000.0	IC50	>	NanoBRET asssay (HEK293T cells)	https://www.thesgc.org/chemical-probes/mu1742
SRSOVGVHVNSXTC-UHFFFAOYSA-N	CSNK1E	Negative control for MU1742		nM	1	uM	EUbOPEN			cell	50000.0	IC50	>	NanoBRET asssay (HEK293T cells)	https://www.thesgc.org/chemical-probes/mu1742
KINPMBFCIYMYBU-UHFFFAOYSA-N	CSNK1E	Inhibitor		nM	1	uM	EUbOPEN			cell	51.8	EC50	=	Kinobeads competition binding assays (using K-562, COLO-205, and MV-4-11 cells)	https://pubmed.ncbi.nlm.nih.gov/36625768/
KINPMBFCIYMYBU-UHFFFAOYSA-N	CSNK1A1	Inhibitor		nM	1	uM	EUbOPEN			cell	539.8	EC50	=	Kinobeads competition binding assays (using K-562, COLO-205, and MV-4-11 cells)	https://pubmed.ncbi.nlm.nih.gov/36625768/
KINPMBFCIYMYBU-UHFFFAOYSA-N	CSNK1D	Inhibitor		nM	1	uM	EUbOPEN			cell	12.9	EC50	=	Kinobeads competition binding assays (using K-562, COLO-205, and MV-4-11 cells)	https://pubmed.ncbi.nlm.nih.gov/36625768/
WOCYQJPRQRGYAH-SHTZXODSSA-N	CSNK1A1	Inhibitor		nM	1	uM	EUbOPEN			cell	24.2	EC50	=	Kinobeads competition binding assays (using K-562, COLO-205, and MV-4-11 cells)	https://pubmed.ncbi.nlm.nih.gov/36625768/
WOCYQJPRQRGYAH-SHTZXODSSA-N	CSNK1D	Inhibitor		nM	1	uM	EUbOPEN			cell	7.6	EC50	=	Kinobeads competition binding assays (using K-562, COLO-205, and MV-4-11 cells)	https://pubmed.ncbi.nlm.nih.gov/36625768/
WOCYQJPRQRGYAH-SHTZXODSSA-N	CSNK1E	Inhibitor		nM	1	uM	EUbOPEN			cell	10.2	EC50	=	Kinobeads competition binding assays (using K-562, COLO-205, and MV-4-11 cells)	https://pubmed.ncbi.nlm.nih.gov/36625768/
SWOIFXHMBKFCRM-UHFFFAOYSA-N	CSNK1A1	Inhibitor		nM	1	uM	EUbOPEN			cell	3500.0	IC50	=	NanoBRET asssay (HEK293T cells)	https://www.thesgc.org/chemical-probes/mu1742
SWOIFXHMBKFCRM-UHFFFAOYSA-N	CSNK1D	Inhibitor		nM	1	uM	EUbOPEN			cell	47.0	IC50	=	NanoBRET asssay (HEK293T cells)	https://www.thesgc.org/chemical-probes/mu1742
SWOIFXHMBKFCRM-UHFFFAOYSA-N	CSNK1E	Inhibitor		nM	1	uM	EUbOPEN			cell	220.0	IC50	=	NanoBRET asssay (HEK293T cells)	https://www.thesgc.org/chemical-probes/mu1742
PRWSIEBRGXYXAJ-UHFFFAOYSA-N	EIF2AK3	Inhibitor		nM	100	uM	EUbOPEN			cell	10.0	IC50		Western Blot assay (inhibition of PERK downstream substrate, phospho-eIF2α, in BxPC3 pancreatic tumor cells)	https://pubmed.ncbi.nlm.nih.gov/23333938/
YEVOZZZLKJKCCD-UHFFFAOYSA-N	LRRK2	inhibitor		nM	1	uM	EUbOPEN			cell	1000.0	EC50		Immunoblot assay (dephosphorylation of pS910 using HEK293 cells stably expressing wild-type GFP-LRRK2)	https://pubmed.ncbi.nlm.nih.gov/23066449/
XWQVQSXLXAXOPJ-NJDAHSKKSA-N	CDK9	inhibitor		nM	1	uM	EUbOPEN			cell	250.0	EC50		Immunoblot assay (Bio-AT7519 pulldown using MOLT4 wt cells)	https://www.nature.com/articles/nchembio.2538
FYICDSWKKFSYOM-UHFFFAOYSA-N	ERBB3	Covalent inhibitor		nM	1	uM	EUbOPEN			cell	5000.0	EC50		Western Blot assay (Her3 pull-down using TX1-85-1-biotin in PC9 GR4 Her3 cells)	https://pubmed.ncbi.nlm.nih.gov/25326665/
SIXVRXARNAVBTC-UHFFFAOYSA-N	EIF2AK3	Inhibitor		nM	100	uM	EUbOPEN			cell	3.0	IC50		Western Blot assay (inhibition of PERK autophosphorylation in A459 cells)	https://pubmed.ncbi.nlm.nih.gov/22827572/
YUSROMRPOFFTMX-UHFFFAOYSA-N	TNNI3K	Inhibitor		nM	1	uM	EUbOPEN			cell	100.0	IC50	=	TR-FRET assay (TNNI3K autophosphorylation in HEKMSRII cells overexpressing human myc-TNNI3K)	https://pubmed.ncbi.nlm.nih.gov/27246618/
DJNZZLZKAXGMMC-UHFFFAOYSA-N	PLK1	Inhibitor		nM	100	uM	EUbOPEN			cell	13.45	IC50	=	Inhibition of PLK1 activity in NB4 cells	https://pubmed.ncbi.nlm.nih.gov/22172702/
BNYXRPMABDQJJR-UHFFFAOYSA-N	STK17B	Inhibitor		nM	1	uM	EUbOPEN			cell	190.0	IC50	=	NanoBRET assay (HEK293T cells)	https://www.thesgc.org/chemical-probes/SGC-STK17B-1
OQFCHSFVWSLDAO-UHFFFAOYSA-N	DCLK1	Inhibitor		nM	1	uM	EUbOPEN			cell	279.0	IC50	=	NanoBRET assay	https://pubmed.ncbi.nlm.nih.gov/32251410/
WFJOMSKCDAOJBT-UHFFFAOYSA-N	ACVR1	negative control		nM	1	uM	EUbOPEN			cell	5686.0	IC50	=	NanoBRET assay (HEK293T cells)	https://www.thesgc.org/chemical-probes/m4k2234
WFJOMSKCDAOJBT-UHFFFAOYSA-N	ACVRL1	negative control		nM	1	uM	EUbOPEN			cell	10000.0	IC50	>	NanoBRET assay (HEK293T cells)	https://www.thesgc.org/chemical-probes/m4k2234
ZQWBOKJVVYNKTL-AUEPDCJTSA-N	NR1I3	Agonist		nM	1	uM	EUbOPEN			cell	25.0	EC50		Reporter gene assay (CV-1 cells were cotransfected with XREM-CYP3A4- LUC reporter plasmid and human CAR expression plasmid)	https://doi.org/10.1074/jbc.M300138200
GMRQFYUYWCNGIN-NKMMMXOESA-N	VDR	Agonist		nM	1	uM	EUbOPEN			cell	100.0	EC50	=	cell-based	https://zenodo.org/records/10474037 ,  https://doi.org/10.1021/acs.jmedchem.6b00182
GMRQFYUYWCNGIN-NKMMMXOESA-N	NR1I1	Agonist		nM	1	uM	EUbOPEN			cell	98.0	EC50		Gal4 hybrid reporter gene assay (HEK293T cells were cotransfected with pFR-Luc reporter, pRL-SV40 control reporter and pFA-CMV-hVDR-LBD expression plasmid)	
RRFFBKGCCWPMLK-OQIWPSSASA-N	SIK2	Negative control for MRIA9		nM	1	uM	EUbOPEN			cell	14000.0	IC50	=	NanoBRET assay (HEK293T cells)	https://www.thesgc.org/chemical-probes/mria9
LCMIYQOJZLRHTO-GJFSDDNBSA-N	NR1H2	Agonist		nM	1	uM	EUbOPEN			cell	3032.0	EC50		Gal4 hybrid reporter gene assay (HEK293T cells were cotransfected with pFR-Luc reporter, pRL-SV40 control reporter and pFA-CMV-hLXR?-LBD or -hLXR?-LBD expression plasmid)	
LCMIYQOJZLRHTO-GJFSDDNBSA-N	NR1H3	Agonist		nM	1	uM	EUbOPEN			cell	3278.0	EC50		Gal4 hybrid reporter gene assay (HEK293T cells were cotransfected with pFR-Luc reporter, pRL-SV40 control reporter and pFA-CMV-hLXR?-LBD or -hLXR?-LBD expression plasmid)	
SABUORLIDVBCPI-WTLOABTRSA-N	NR1C2	Antagonist		nM	1	uM	EUbOPEN			cell	1823.0	IC50		Gal4 hybrid reporter gene assay (HEK293T cells were cotransfected with pFR-Luc reporter, pRL-SV40 control reporter and pFA-CMV-hPPAR?-LBD expression plasmid; L-165,041 1 µM used for receptor activation)	
SABUORLIDVBCPI-WTLOABTRSA-N	PPARD	Antagonist		nM	10	uM	EUbOPEN			cell	1800.0	IC50	=	cell-based	https://doi.org/10.1021/jm2017122 ,  https://zenodo.org/records/10474037
WWOOWAHTEXIWBO-CNUKPYSBSA-N	PRMT5	Negative control for LLY-283		nM	1	uM	EUbOPEN			cell	30000.0	IC50	>	Western Blot (monitoring SmBB′-Rme2s levels in MCF7 cells)	https://pubs.acs.org/doi/10.1021/acsmedchemlett.8b00014
BCFGMOOMADDAQU-UHFFFAOYSA-N	EGFR	inhibitor		nM	1	uM	EUbOPEN			cell	80170.0	IC50	=	Western Blot (phosphorylation of EGFR in BT474 cells)	https://aacrjournals.org/mct/article/1/2/85/233686/The-Effects-of-the-Novel-Reversible-Epidermal
BCFGMOOMADDAQU-UHFFFAOYSA-N	ERBB2	inhibitor		nM	1	uM	EUbOPEN			cell	80170.0	IC50	=	Western Blot (phosphorylation of ERBB2 in BT474 cells)	https://aacrjournals.org/mct/article/1/2/85/233686/The-Effects-of-the-Novel-Reversible-Epidermal
DDXOMWWURGFLKK-UHFFFAOYSA-N	STK17A	Negative control for CK156		nM	1	uM	EUbOPEN			cell	45000.0	IC50	>	Nano BRET assay (intact HEK293T cells)	https://pubs.acs.org/doi/full/10.1021/acs.jmedchem.2c00173
IYHHRZBKXXKDDY-UHFFFAOYSA-N	IKBKB	inhibitor		nM	1	uM	EUbOPEN			cell	900.0	EC50	=	Cellular assay (inhibition of phospho-IKBKB in HeLa cells)	https://www.sgc-ffm.uni-frankfurt.de/chemProbes#!specificprobeoverview/BI%20605906
BZZKEPGENYLQSC-FIBGUPNXSA-N	TYK2	Allosteric inhibitor		nM	100	uM	EUbOPEN			cell	2.0	IC50	=	STAT-dependent luciferase reporter assay in PBMCs (IFNα-stimulation, measuring STAT5 phosphorylation in CD3+ T-cells as end point, TYK2/JAK1 dependent signaling)	https://pubmed.ncbi.nlm.nih.gov/31318208/
IAFNAEGXTKTGHN-UHFFFAOYSA-N	JAK1	inhibitor		nM	1	uM	EUbOPEN			cell	2000.0	EC50	=	Cell-based assay (Meso Scale Discovery technology,  IL-6 stimulated phosphorylation of STAT3 in TF-1 cells)	https://www.sciencedirect.com/science/article/pii/S0223523413002304?via%3Dihub
IAFNAEGXTKTGHN-UHFFFAOYSA-N	JAK2	inhibitor		nM	1	uM	EUbOPEN			cell	1700.0	EC50	=	Cell-based assay (Meso Scale Discovery technology, EPO stimulated phosphorylation of STAT5 in TF-1 cells)	https://www.sciencedirect.com/science/article/pii/S0223523413002304?via%3Dihub
IAFNAEGXTKTGHN-UHFFFAOYSA-N	TYK2	inhibitor		nM	1	uM	EUbOPEN			cell	380.0	EC50	=	Cell-based assay (Meso Scale Discovery technology, IL-12 stimulated phosphorylation of STAT4 in NK92 cells)	https://www.sciencedirect.com/science/article/pii/S0223523413002304?via%3Dihub
MCUJKPPARUPFJM-MRXNPFEDSA-N	PIM1	inhibitor		nM	100	uM	EUbOPEN			cell	10.0	IC50	=	Enzyme-linked immunosorbent assay (phosphorylation of BAD in U2OS cells)	https://ashpublications.org/blood/article/123/6/905/32601/AZD1208-a-potent-and-selective-pan-Pim-kinase
MCUJKPPARUPFJM-MRXNPFEDSA-N	PIM2	inhibitor		nM	100	uM	EUbOPEN			cell	151.0	IC50	=	Enzyme-linked immunosorbent assay (phosphorylation of BAD in U2OS cells)	https://ashpublications.org/blood/article/123/6/905/32601/AZD1208-a-potent-and-selective-pan-Pim-kinase
MCUJKPPARUPFJM-MRXNPFEDSA-N	PIM3	inhibitor		nM	100	uM	EUbOPEN			cell	102.0	IC50	=	Enzyme-linked immunosorbent assay (phosphorylation of BAD in U2OS cells)	https://ashpublications.org/blood/article/123/6/905/32601/AZD1208-a-potent-and-selective-pan-Pim-kinase
QVOGVAVHOLLLAZ-UHFFFAOYSA-N	BUB1	Inhibitor		nM	100	uM	EUbOPEN			cell	29.0	IC50	=	Phospho-histone assay (inhibition of histone H2A-Thr120 phosphorylation in nocodazole-arrested HeLa cells after 1 h)	https://aacrjournals.org/clincancerres/article/25/4/1404/10115/Inhibition-of-BUB1-Kinase-by-BAY-1816032
DORZPJWJOBMQKC-UHFFFAOYSA-N	PIKFYVE	Inhibitor		nM	100	uM	EUbOPEN			cell	4.0	IC50	=	NanoBRET assay (HEK293T cells)	https://www.thesgc.org/chemical-probes/sgc-pikfyve-1
ZDBWLRLGUBSLPG-FDHYQTMZSA-N	FKBP5	Inhibitor		nM	1	uM	EUbOPEN			cell	493.0	IC50		NanoBRET assay (HEK293T cells)	https://chemistry-europe.onlinelibrary.wiley.com/doi/10.1002/cbic.202100113
RPAHCZZXEGWBDL-UHFFFAOYSA-N	FFAR1	agonist		nM	1	uM	EUbOPEN			cell	25.0	EC50		FLIPR assay (Ca influx activity of CHO cells expressing human GPR40)	https://pubs.acs.org/doi/10.1021/jm2016123
OLFCZVVFPNDHIW-UHFFFAOYSA-N	FFAR1	Negative control for TP-051		nM	1	uM	EUbOPEN			cell	10000.0	EC50	>	FLIPR assay (Ca influx activity of CHO cells expressing human GPR40)	https://www.sgc-ffm.uni-frankfurt.de/chemProbes#!specificprobeoverview/TP-051
BEBDKSYNJJVZSO-SECBINFHSA-N	GRIN2A	Positive allosteric modulator		nM	1	uM	EUbOPEN			cell	510.0	EC50		Ca2+ influx assay (using CHO cells expressing GluN2A/GluN1a in the presence of glutamate at an EC30 concentration)	https://www.sciencedirect.com/science/article/pii/S0968089621005848?via%3Dihub
BEBDKSYNJJVZSO-VIFPVBQESA-N	GRIN2A	Negative control for TP-050		nM	1	uM	EUbOPEN			cell	30000.0	EC50	>	Ca2+ influx assay (using CHO cells expressing GluN2A/GluN1a in the presence of glutamate at an EC30 concentration)	https://www.sciencedirect.com/science/article/pii/S0968089621005848?via%3Dihub
AUYCSWFYKYVCLD-HXUWFJFHSA-N	IRAK4	Inhibitor		nM	1	uM	EUbOPEN			cell	3.0	EC50	=	NanoBRET assay (HEK293T cells)	https://www.sgc-ffm.uni-frankfurt.de/chemProbes#!specificprobeoverview/GNE-2256
JREVKKCSBRLATM-OAQYLSRUSA-N	IRAK4	Negative control for GNE-2256		nM	1	uM	EUbOPEN			cell	9500.0	EC50	=	NanoBRET assay (HEK293T cells)	https://www.sgc-ffm.uni-frankfurt.de/chemProbes#!specificprobeoverview/GNE-2256
DSWFCCRSSVVRIR-UHFFFAOYSA-N	AKT1	Negative control for BAY-1125976		nM	1	uM	EUbOPEN			cell	6000.0	IC50	=	NanoBRET assay (in HEK293T cells)	https://www.sgc-ffm.uni-frankfurt.de/chemProbes#!specificprobeoverview/BAY1125976
DSWFCCRSSVVRIR-UHFFFAOYSA-N	AKT2	Negative control for BAY-1125976		nM	1	uM	EUbOPEN			cell	10400.0	IC50	=	NanoBRET assay (in HEK293T cells)	https://www.sgc-ffm.uni-frankfurt.de/chemProbes#!specificprobeoverview/BAY1125976
CYFBRQHYEQKYHH-MRXNPFEDSA-N	OGA	Agonist/inhibitor		nM	1	uM	EUbOPEN			cell	3.9	IC50		Cell-based OGA assay (in HEK293 cells overexpressing P301L mutant human Tau, OGA inhibition is evaluated through the immunocytochemical (ICC) detection of O-GlcNAcylated proteins by the use of a monoclonal antibody (CTD110.6))	https://www.sgc-ffm.uni-frankfurt.de/chemProbes#!detailedpotencydataview/JNJ-65355394
VKYYOTCDIVOPRO-MRXNPFEDSA-N	OGA	negative control for JNJ-65355394		nM	1	uM	EUbOPEN			cell	1000.0	IC50	>	Cell-based OGA assay (in HEK293 cells overexpressing P301L mutant human Tau, OGA inhibition is evaluated through the immunocytochemical (ICC) detection of O-GlcNAcylated proteins by the use of a monoclonal antibody (CTD110.6))	https://www.sgc-ffm.uni-frankfurt.de/chemProbes#!detailedpotencydataview/JNJ-65355394
DHRJWFCFMBINAK-UHFFFAOYSA-N	AKT1	Negative control for Borussertib		nM	1	uM	EUbOPEN			cell	1900.0	IC50	=	NanoBRET assay (in HEK293T cells)	https://www.sgc-ffm.uni-frankfurt.de/#!specificprobeoverview/Borussertib
DHRJWFCFMBINAK-UHFFFAOYSA-N	AKT2	Negative control for Borussertib		nM	1	uM	EUbOPEN			cell	8300.0	IC50	=	NanoBRET assay (in HEK293T cells)	https://www.sgc-ffm.uni-frankfurt.de/#!specificprobeoverview/Borussertib
DVIVLYHDLNAXAT-NRFANRHFSA-N	PIP4K2A	Inhibitor		nM	1	uM	EUbOPEN			cell	1100.0	EC50	=	CETSA (intact K-562 cells)	https://www.sgc-ffm.uni-frankfurt.de/chemProbes#!specificprobeoverview/BAY-091
DVIVLYHDLNAXAT-OAQYLSRUSA-N	PIP4K2A	Negative control for BAY-091		nM	1	uM	EUbOPEN			cell	30000.0	EC50	>	CETSA (intact K-562 cells)	https://www.sgc-ffm.uni-frankfurt.de/chemProbes#!specificprobeoverview/BAY-091
HBYQBJCBPAXCBO-UHFFFAOYSA-M	SLC16A3	Inhibitor		nM	1	uM	EUbOPEN			cell	1.0	IC50		Lactate efflux inhibition assay (MDA-MB-231 cells expressing SLC16A3)	https://pubs.acs.org/doi/10.1021/acs.jmedchem.1c00448
MMSNEMMBFRAGPO-UHFFFAOYSA-N	SLC16A3	Negative control for MSC-4381		nM	1	uM	EUbOPEN			cell	506.0	IC50		Lactate efflux inhibition assay (MDA-MB-231 cells expressing SLC16A3)	https://www.sgc-ffm.uni-frankfurt.de/chemProbes#!detailedpotencydataview/MSC-4381
QBIGUDRHHJTXKG-UUWRZZSWSA-N	RORC	Inverse agonist		nM	1	uM	EUbOPEN			cell	30.0	IC50		One-hybrid reporter assay (HEK293T cells co-transfected with pFR-Luc reporter and pRL-CMV reporter, pCMV-BD containing the GAL4 DNA-binding domain fused with full-length human RORγt using 6 µM compound)	https://www.ncbi.nlm.nih.gov/pmc/articles/PMC8155022/
UWOBQISTECYGOP-HKBQPEDESA-N	RORC	Negative control for JNJ-54119936		nM	1	uM	EUbOPEN			cell	670.0	IC50		One-hybrid reporter assay (HEK293T cells co-transfected with pFR-Luc reporter and pRL-CMV reporter, pCMV-BD containing the GAL4 DNA-binding domain fused with full-length human RORγt using 6 µM compound)	https://www.ncbi.nlm.nih.gov/pmc/articles/PMC8155022/
BPLVDYJDAVYLRQ-UHFFFAOYSA-N	PDE10A	Inhibitor		nM	1	uM	EUbOPEN			cell	2.3	fold		Luciferase activity assay (measuring increase in cAMP level at 1 µM in HEK293 cells stably transfected with mouse PDE10A1 and transiently co-transfected with pCRE-Luc plasmid)	https://www.sgc-ffm.uni-frankfurt.de/chemProbes#!detailedpotencydataview/JNJ-42396302
PWKAYICUBVNJAZ-UHFFFAOYSA-N	OGA	Inhibitor		nM	1	uM	EUbOPEN			cell	450.0	EC50		In-cell western assay (measuring induction of glycosylation by an increase in O-GlcNAcylated protein levels in human neuroblastoma SH-SY5Y cells)	https://pubs.acs.org/doi/10.1021/acs.jmedchem.0c01712
KIWKRCCIHSGWQS-VIFPVBQESA-N	UCHL1@Protease	covalent inhibitor		nM	1	uM	EUbOPEN			cell	3000.0	IC50		Activity-based protein profiling assay (ABPP experiment, inhibition of UCHL1 in HEK293 cells)	https://pubs.acs.org/doi/10.1021/jacs.0c07726
HHYGVXHXNNIDJF-UHFFFAOYSA-N	IKBKB	Negative control for BI 605906		nM	1	uM	EUbOPEN			cell	20000.0	IC50	>	NanoBRET assay (HEK293T cells)	https://www.sgc-ffm.uni-frankfurt.de/chemProbes#!specificprobeoverview/BI%20605906
BMAIGAHXAJEULY-UKTHLTGXSA-N	HCV:NS5B	Inhibitor		nM	100	uM	EUbOPEN			cell	23.0	IC50		Cell-based replication assay (Genotyp 1a, Huh7 cells)	https://www.sgc-ffm.uni-frankfurt.de/chemProbes#!specificprobeoverview/BI%20207127
WPEKGNGDNFRRMH-UHFFFAOYSA-N	HIV:NNRT	Inhibitor		nM	100	uM	EUbOPEN			cell	0.76	IC50		ELISA (HIV viral replication assay in C8166 cells)	https://www.sgc-ffm.uni-frankfurt.de/chemProbes#!specificprobeoverview/BI-2540
BHTWDJBVZQBRKP-UHFFFAOYSA-N	LRRK2	Inhibitor		nM	100	uM	EUbOPEN			cell	84.0	IC50	=	NanoBRET assay (in HEK293T cells)	https://pubs.acs.org/doi/epdf/10.1021/acs.jmedchem.1c00804
BHTWDJBVZQBRKP-UHFFFAOYSA-N	STK3	Inhibitor		nM	100	uM	EUbOPEN			cell	197.0	IC50	=	NanoBRET assay (in HEK293T cells)	https://pubs.acs.org/doi/epdf/10.1021/acs.jmedchem.1c00804
OOIINFBRWZQRRM-UHFFFAOYSA-N	CSNK1A1	Inhibitor, glue degrader		nM	1	uM	EUbOPEN			cell	200.0	DC50		Immunoblot assay (using MOLT4 cells, 4h incubation)	https://pubmed.ncbi.nlm.nih.gov/34965125/
ODRITQGYYWHQGM-INIZCTEOSA-N	CDK8	Inhibitor		nM	100	uM	EUbOPEN			cell	6.5	IC50	=	7dF3 WNT-specific reporter gene assay	https://pubs.acs.org/doi/10.1021/acs.jmedchem.6b00597#
KPABJHHKKJIDGX-JOCHJYFZSA-N	CDK7	Covalent inhibitor		nM	1	uM	EUbOPEN			cell	62.5	IC50	=	Radioactive in vitro kinase assays (from cellular wild-type CDK7 immunoprecipitated in HeLa cells)	https://www.sciencedirect.com/science/article/pii/S2451945619300674?via%3Dihub
ATKHYZXUMVNCIO-UHFFFAOYSA-N	PRKDC	Inhibitor		nM	1	uM	EUbOPEN			cell	69.0	IC50	=	Immunoblot assay (PRKDC dependent inhibition of histone H2AX -Ser139 phosphorylation (G-H2AX) in HT-144 cells)	https://pubmed.ncbi.nlm.nih.gov/34428039/
ATKHYZXUMVNCIO-UHFFFAOYSA-N	PIK3C2G	Inhibitor		nM	1	uM	EUbOPEN			cell	1050.0	IC50	=	Immunoblot assay (PI3K/MTOR dependent phosphorylation of AKT at Ser473 as a direct mTOR phosphorylation site in MCF-7 cells)	https://pubmed.ncbi.nlm.nih.gov/34428039/
QTCZUCSALXBZQR-UHFFFAOYSA-N	OLR1	Inhibitor		nM	10	uM	EUbOPEN			cell	5400.0	IC50	=	LOX-1 cellular uptake assay (using CHO-K1 cell line)	https://pubmed.ncbi.nlm.nih.gov/36703453/
GSNNWZZIEKEEQF-UHFFFAOYSA-N	SLC13A5	Negative control for BI01383298		nM	1	uM	EUbOPEN			cell	100000.0	IC50	>	SLC13A5 citrate uptake assay (using HEK293 cells)	https://www.opnme.com/molecules/slc13a5-bi01383298
UVVQLQQNGHYTOL-JIVXZRRKSA-N	PTK2	Protac		nM	100	uM	EUbOPEN			cell	199.0	DC50	=	Protein capillary electrophoresis (Degradation activity using A549 cells, 18h treatment)	https://pubmed.ncbi.nlm.nih.gov/30739444/
PHYBFLAZLZLAGT-NFQMXDRXSA-N	FFAR1	Negative control for BI-2081		nM	200	uM	EUbOPEN			cell	1230.0	EC50	=	Human IPOne assay (Stimulation of 1321N1 cells, which express the GPR40 receptor, followed by measurement of the IP1 accumulation by fluorescence)	https://www.sgc-ffm.uni-frankfurt.de/#!detailedpotencydataview/BI-2081
BTKJERIPZCSYFB-UHFFFAOYSA-N	HIV Integrase	Negative control for BI 224436		nM	100	uM	EUbOPEN			cell	40000.0	EC50	>	Luciferase reporter gene assay (Luc-RGA)	https://www.ncbi.nlm.nih.gov/pmc/articles/PMC4027581/
LIMHMSHMIXSMHF-XHPGVBHPSA-N	HCV NS5B	Allosteric inhibitor		nM	1	uM	EUbOPEN			cell	3.3	EC50	=	Cell-based luciferase reporter HCV RNA replication assay (MP-1 cells with 10% FBS, 28 h incubation)	https://www.opnme.com/molecules/hcv-polymerase-bi-0588
MXZMIFJCRSXQNY-UHFFFAOYSA-N	HCV NS5B	Negative control for BI-0588		nM	1	uM	EUbOPEN			cell	10000.0	EC50	>	Cell-based luciferase reporter HCV RNA replication assay (MP-1 cells with 10% FBS, 28 h incubation)	https://www.opnme.com/molecules/hcv-polymerase-bi-0588
WSEPMWSQALXHKW-MRAROMNFSA-N	HCV NS3-NS4A	Inhibitor		nM	100	uM	EUbOPEN			cell	0.11	EC50	=	HCV RNA replication Luciferase reporter assay (using Huh-7.5 cells expressing HCV NS3-NS4A wt, genotype 1a)	https://www.ncbi.nlm.nih.gov/pmc/articles/PMC3581377/
LMJIDEOCWXGUHT-UHFFFAOYSA-N	OLR1	Negative control for BI-0115		nM	10	uM	EUbOPEN			cell	100000.0	IC50	>	LOX-1 cellular uptake assay (using CHO-K1 cell line)	https://pubmed.ncbi.nlm.nih.gov/36703453/
SZDURAXJBIDHAJ-HXUWFJFHSA-N	PDE2A	Inhibitor		nM	100	uM	EUbOPEN			cell	22.0	IC50	=	IMAP TR-FRET assay	https://www.opnme.com/molecules/pde2-inhibitor-bi-1960
VXNAMCLMCBLNOL-NFQMXDRXSA-N	FFAR1	Agonist		nM	200	uM	EUbOPEN			cell	3.0	EC50	=	Human IPOne assay (Stimulation of 1321N1 cells, which express the GPR40 receptor, followed by measurement of the IP1 accumulation by fluorescence)	https://www.sgc-ffm.uni-frankfurt.de/#!detailedpotencydataview/BI-2081
MIXIIJCBELCMCZ-VWLOTQADSA-N	HIV Integrase	Inhibitor		nM	100	uM	EUbOPEN			cell	11.0	EC50	=	Luciferase reporter gene assay (Luc-RGA)	https://www.opnme.com/molecules/ncini-bi-224436
OWOFDBGWRLKZST-UHFFFAOYSA-N	HIV CA	Inhibitor		nM	1	uM	EUbOPEN			cell	70.0	EC50	=	Antiviral replication assay (using C8166-LTR-luciferase cells infected with HIV-1 NL4-3 for 1.5 h)	https://pubmed.ncbi.nlm.nih.gov/22496222/
XVFDNRYZXDHTHT-PXAZEXFGSA-N	SOS1	Inhibitor		nM	1	uM	EUbOPEN			cell	24.0	IC50	=	Western blot assay (inhibition of pERK formation using KRAS mutant NCI-H358 cells)	https://www.opnme.com/molecules/sos1-kras-inhibitor-bi-3406
ADTXLFJKQHYGPM-UHFFFAOYSA-N	PTK2	Protac		nM	100	uM	EUbOPEN			cell	25.0	DC50	=	Protein capillary electrophoresis (Degradation activity using A549 cells, 18h treatment)	https://pubmed.ncbi.nlm.nih.gov/30739444/
GXTJETQFYHZHNB-GASCZTMLSA-N	BCL6	Degrader		nM	1	uM	EUbOPEN			cell	43.0	IC50	=	Cellular binding assay (LUMIER assay)	https://pubmed.ncbi.nlm.nih.gov/28930682/
XCGYXEVLQIIEJH-UHFFFAOYSA-N	BCL6	Inhibitor		nM	1	uM	EUbOPEN			cell	40.0	IC50	=	Cellular binding assay (LUMIER assay)	https://pubmed.ncbi.nlm.nih.gov/28930682/
UVVQLQQNGHYTOL-TXVJWXCVSA-N	PTK2	Negative control for BI-0319 and BI-3663		nM	100	uM	EUbOPEN			cell	1000.0	DC50	>	Protein capillary electrophoresis (Degradation activity using A549 cells, 18h treatment)	https://pubmed.ncbi.nlm.nih.gov/30739444/
OVHJYUGMCWAZNQ-UHFFFAOYSA-N	PDE2A	Negative control for BI-1960		nM	100	uM	EUbOPEN			cell	10000.0	IC50	>	IMAP TR-FRET assay	https://www.opnme.com/molecules/pde2-inhibitor-bi-1960
BRJXJOWXAFLRTE-OAQYLSRUSA-N	CCR10	Antagonist		nM	100	uM	EUbOPEN			cell	0.398	IC50	=	Ca2+ flux assay (using CHO-K cells stably transfected with human CCR10)	https://www.opnme.com/molecules/ccr10-bi-6901
BRJXJOWXAFLRTE-NRFANRHFSA-N	CCR10	Negative control for BI-6901		nM	100	uM	EUbOPEN			cell	3162.0	IC50	=	Ca2+ flux assay (CCL27 dependent aequorin Ca2+ flux in CHO-K cells stably transfected with human CCR10)	https://www.opnme.com/molecules/ccr10-bi-6901
MNEOBAAFLAQMKF-VKDGWMQASA-N	CTSC	Inhibitor		nM	100	uM	EUbOPEN			cell	5.4	IC50	=	Cellular assay (NE activity in U937 cell-lysate)	https://www.opnme.com/molecules/cathepsin-c-inhibitor-bi-9740
TVMJSGGZULFVCZ-DEOSSOPVSA-N	NPY1R	Negative control for BIBO3304		nM	100	uM	EUbOPEN			cell	10000.0	IC50	>	Radioligand binding assay (human Y1 receptor stably expressed in baby hamster kidney (BHK) cells)	https://pubmed.ncbi.nlm.nih.gov/9806339/
LLGDPTDZOVKFDU-NRPGLIFJSA-N	HCV NS3-NS4A	Inhibitor		nM	100	uM	EUbOPEN			cell	13.0	EC50	=	HCV RNA replication luciferase reporter assay (using Huh-7.5 cells expressing HCV NS3-NS4A wt, genotype 1a)	https://www.opnme.com/molecules/hcv-protease-bi-201335
XISVSTPEXYIKJL-UHFFFAOYSA-N	PRKDC	Inhibitor		nM	1	uM	EUbOPEN			cell	91.3	IC50	=	ELISA (inhibition of DNA-PKcs autophosphorylation at Ser2056 in IR-treated A549 cells)	https://pubmed.ncbi.nlm.nih.gov/31699977/
SPDQRCUBFSRAFI-DOMZBBRYSA-N	PIK3C3	Inhibitor		nM	1	uM	EUbOPEN			cell	27.0	IC50	=	Vps34 cellular assay (using HeLa cells stably transfected with GFP-FYVE)	https://www.nature.com/articles/nchembio.1681
JUSFANSTBFGBAF-IRXDYDNUSA-N	MTOR	Inhibitor		nM	1	uM	EUbOPEN			cell	78.0	IC50	=	MTOR cellular activity assay (measured in MDAMB468 cells, using an Acumen laser scanning cytometer (TTP Labtech) to analyze the levels of phosphorylation of AKT at Ser473)	https://pubmed.ncbi.nlm.nih.gov/26358751/
DFBDRVGWBHBJNR-BBNFHIFMSA-N	NR3A1	Antagonist (Degrader)		nM	1	uM	EUbOPEN			cell	0.28	IC50		Immunostaining multiplexed cell assay (MCF-7 cells)	https://doi.org/10.1021/acs.jmedchem.5b00984
VMJFTOSOFDEKTM-UHFFFAOYSA-N	MET	inhibitor		nM	1	uM	EUbOPEN			cell	29.0	IC50	=	Western Blot assay (phosphorylation of Y1349 of c-Met in the c-Met-dependent gastric cancer cell line GTL-16)	https://pubmed.ncbi.nlm.nih.gov/23379595/
LQSHXYHWYGKAMX-FQEVSTJZSA-N	MAP3K14	Inhibitor		nM	100	uM	EUbOPEN			cell	34.0	IC50	=	Cellular NF-κB reporter assay (Dual Glo luciferase detection system, NFκB-LUC, Promega, HEK293 cells)	https://pubmed.ncbi.nlm.nih.gov/29940120/
XMWUCMFVDXDRDE-NRFANRHFSA-N	ERN1	Allosteric Inhibitor		nM	1	uM	EUbOPEN			cell	99.0	IC50	=	XBP1-Luc cell assay (Bright-Glo Luciferase Assay System, Promega, using HT1080-CMV-XBP1-Luciferase cells)	https://pubs.acs.org/doi/10.1021/ml500315b
WNEODWDFDXWOLU-QHCPKHFHSA-N	BTK	Inhibitor		nM	100	uM	EUbOPEN			cell	11.0	IC50	=	Human Ex Vivo Whole-Blood Phospho-BTK Assay (phospho-BTK (pBTK)(Y223) detection)	https://pubmed.ncbi.nlm.nih.gov/27821712/
HEVVNKYNJCSHFA-UHFFFAOYSA-N	CSNK2A1	Inhibitor		nM	1	uM	EUbOPEN			cell	920.0	IC50	=	NanoBRET assay (intact HEK293T cells)	https://pubs.acs.org/doi/10.1021/acsmedchemlett.2c00530
HEVVNKYNJCSHFA-UHFFFAOYSA-N	CSNK2A2	Inhibitor		nM	1	uM	EUbOPEN			cell	200.0	IC50	=	NanoBRET assay (intact HEK293T cells)	https://pubs.acs.org/doi/10.1021/acsmedchemlett.2c00530
VGFHPNRWHOQLEB-UHFFFAOYSA-N	PIP4K2C	Inhibitor		nM	100	uM	EUbOPEN			cell	67.0	IC50	=	NanoBRET assay (intact HEK293T cells)	https://www.sciencedirect.com/science/article/pii/S2666246922000180
VGFHPNRWHOQLEB-UHFFFAOYSA-N	MYLK4	Inhibitor		nM	100	uM	EUbOPEN			cell	14.0	IC50	=	NanoBRET assay (intact HEK293T cells)	https://www.sciencedirect.com/science/article/pii/S2666246922000180
XIVFOAKTTGQHLJ-UHFFFAOYSA-N	PIKFYVE	Negative control for SGC-PIKFYVE		nM	100	uM	EUbOPEN			cell	10000.0	IC50	>	NanoBRET assay (HEK293T cells)	https://www.thesgc.org/chemical-probes/sgc-pikfyve-1
KHPCIHZXOGHCLY-UHFFFAOYSA-N	MAP4K4	Inhibitor		nM	1	uM	EUbOPEN			cell	160.0	IC50	=	ELISA (inhibition of MAP4K4’s phosphorylation of serine/threonine residues on traf2, using Cell Maintenance GripTite™ 293 MSR Cells)	https://pubmed.ncbi.nlm.nih.gov/26617966/
HQFNFOOGGLSBBT-AWNIVKPZSA-N	NR3B1	Inverse Agonist		nM	1	uM	EUbOPEN			cell	370.0	IC50		Gal4 reporter gene assay (CV-1 cells were cotransfected with  MH 100 4x TK-Luc reporter,  pCMX ?-Gal control and pCMX-GAL-ERR? expression plasmid)	https://doi.org/10.1021/jm049334f
TXUZVZSFRXZGTL-QPLCGJKRSA-N	NR3A1	Antagonist		nM	0	uM	EUbOPEN			cell	2.0	IC50		Reporter gene assay (U2OS cells were transfected with p(ERE)2-luc reporter and pSG5-ER? or pSG5-ER? expression plasmid) (NR3A1 and NR3A2), Gal4 reporter gene assay (CV-1 cells)	https://doi.org/10.1016/j.ejmech.2020.112191 ,  https://doi.org/10.1016/j.bmc.2017.01.019
TXUZVZSFRXZGTL-QPLCGJKRSA-N	NR3A2	Antagonist		nM	0	uM	EUbOPEN			cell	1.0	IC50		Reporter gene assay (U2OS cells were transfected with p(ERE)2-luc reporter and pSG5-ER? or pSG5-ER? expression plasmid) (NR3A1 and NR3A2), Gal4 reporter gene assay (CV-1 cells)	https://doi.org/10.1016/j.ejmech.2020.112191 ,  https://doi.org/10.1016/j.bmc.2017.01.019
TXUZVZSFRXZGTL-QPLCGJKRSA-N	NR3B2	Inverse Agonist		nM	3	uM	EUbOPEN			cell	650.0	IC50		Reporter gene assay (U2OS cells were transfected with p(ERE)2-luc reporter and pSG5-ER? or pSG5-ER? expression plasmid) (NR3A1 and NR3A2), Gal4 reporter gene assay (CV-1 cells)	https://doi.org/10.1016/j.ejmech.2020.112191 ,  https://doi.org/10.1016/j.bmc.2017.01.019
TXUZVZSFRXZGTL-QPLCGJKRSA-N	NR3B3	Inverse Agonist		nM	3	uM	EUbOPEN			cell	600.0	IC50		Reporter gene assay (U2OS cells were transfected with p(ERE)2-luc reporter and pSG5-ER? or pSG5-ER? expression plasmid) (NR3A1 and NR3A2), Gal4 reporter gene assay (CV-1 cells)	https://doi.org/10.1016/j.ejmech.2020.112191 ,  https://doi.org/10.1016/j.bmc.2017.01.019
IKPPIUNQWSRCOZ-WOJGMQOQSA-N	NR3B3	Agonist		nM	1	uM	EUbOPEN			cell	1899.0	EC50		Reporter gene assay (HEK293T cells were cotransfected with UAS-Luc reporter and Gal4-ERR? expression plasmid) (NR3B3)	https://doi.org/10.1016/j.bmcl.2018.03.019
ZVSFNBNLNLXEFQ-RQZHXJHFSA-N	NR3B2	Inverse Agonist		nM	10	uM	EUbOPEN			cell	3500.0	IC50		Reporter gene assay (CV-1 cells)	https://doi.org/10.1016/j.bmc.2017.01.019
ZVSFNBNLNLXEFQ-RQZHXJHFSA-N	NR3B3	Inverse Agonist		nM	10	uM	EUbOPEN			cell	2700.0	IC50		Reporter gene assay (CV-1 cells)	https://doi.org/10.1016/j.bmc.2017.01.019
BHKDKKZMPODMIQ-UHFFFAOYSA-N	FGFR4	Reversible covalent inhibitor		nM	100	uM	EUbOPEN			cell	4.3	IC50	=	Cellular assay (FGFR4 autophosphorylation in BaF3 cells)	https://pubmed.ncbi.nlm.nih.gov/32930584/
CDOVNWNANFFLFJ-UHFFFAOYSA-N	ACVRL1	Inhibitor		nM	100	uM	EUbOPEN			cell	23.0	IC50	=	Luciferase Reporter Assay (BRE-Luc, using C2C12 myofibroblast cells, caALK1)	https://www.ncbi.nlm.nih.gov/pmc/articles/PMC3901569/
CDOVNWNANFFLFJ-UHFFFAOYSA-N	ACVR1	Inhibitor		nM	100	uM	EUbOPEN			cell	11.0	IC50	=	Luciferase Reporter Assay (BRE-Luc, using C2C12 myofibroblast cells, caALK2)	https://www.ncbi.nlm.nih.gov/pmc/articles/PMC3901569/
CDOVNWNANFFLFJ-UHFFFAOYSA-N	BMPR1A	Inhibitor		nM	100	uM	EUbOPEN			cell	11.0	IC50	=	Luciferase Reporter Assay (BRE-Luc, using C2C12 myofibroblast cells, caALK3)	https://www.ncbi.nlm.nih.gov/pmc/articles/PMC3901569/
CDOVNWNANFFLFJ-UHFFFAOYSA-N	BMPR1B	Inhibitor		nM	100	uM	EUbOPEN			cell	238.0	IC50	=	Luciferase Reporter Assay (CAGA-Luc, using C2C12 myofibroblast cells, caALK4)	https://www.ncbi.nlm.nih.gov/pmc/articles/PMC3901569/
BBDGBGOVJPEFBT-UHFFFAOYSA-N	ACVRL1	Inhibitor		nM	100	uM	EUbOPEN			cell	100.0	IC50	=	Luciferase Reporter Assay (BRE-Luc, using C2C12 myofibroblast cells, caALK1)	https://www.ncbi.nlm.nih.gov/pmc/articles/PMC3901569/
BBDGBGOVJPEFBT-UHFFFAOYSA-N	ACVR1	Inhibitor		nM	100	uM	EUbOPEN			cell	16.0	IC50	=	Luciferase Reporter Assay (BRE-Luc, using C2C12 myofibroblast cells, caALK2)	https://www.ncbi.nlm.nih.gov/pmc/articles/PMC3901569/
BBDGBGOVJPEFBT-UHFFFAOYSA-N	BMPR1A	Inhibitor		nM	100	uM	EUbOPEN			cell	166.0	IC50	=	Luciferase Reporter Assay (BRE-Luc, using C2C12 myofibroblast cells, caALK3)	https://www.ncbi.nlm.nih.gov/pmc/articles/PMC3901569/
JMIFGARJSWXZSH-UHFFFAOYSA-N	ACVRL1	Inhibitor		nM	1	uM	EUbOPEN			cell	378.0	IC50	=	Luciferase Reporter Assay (BRE-Luc, using C2C12 myofibroblast cells, caALK1)	https://www.ncbi.nlm.nih.gov/pmc/articles/PMC3901569/
JMIFGARJSWXZSH-UHFFFAOYSA-N	ACVR1	Inhibitor		nM	1	uM	EUbOPEN			cell	230.0	IC50	=	Luciferase Reporter Assay (BRE-Luc, using C2C12 myofibroblast cells, caALK2)	https://www.ncbi.nlm.nih.gov/pmc/articles/PMC3901569/
JMIFGARJSWXZSH-UHFFFAOYSA-N	BMPR1A	Inhibitor		nM	1	uM	EUbOPEN			cell	317.0	IC50	=	Luciferase Reporter Assay (BRE-Luc, using C2C12 myofibroblast cells, caALK3)	https://www.ncbi.nlm.nih.gov/pmc/articles/PMC3901569/
CJLMANFTWLNAKC-UHFFFAOYSA-N	ACVRL1	Inhibitor		nM	100	uM	EUbOPEN			cell	440.0	IC50	=	Luciferase Reporter Assay (BRE-Luc, using C2C12 myofibroblast cells, caALK1)	https://www.ncbi.nlm.nih.gov/pmc/articles/PMC3901569/
CJLMANFTWLNAKC-UHFFFAOYSA-N	ACVR1	Inhibitor		nM	100	uM	EUbOPEN			cell	225.0	IC50	=	Luciferase Reporter Assay (BRE-Luc, using C2C12 myofibroblast cells, caALK2)	https://www.ncbi.nlm.nih.gov/pmc/articles/PMC3901569/
CJLMANFTWLNAKC-UHFFFAOYSA-N	BMPR1A	Inhibitor		nM	100	uM	EUbOPEN			cell	237.0	IC50	=	Luciferase Reporter Assay (BRE-Luc, using C2C12 myofibroblast cells, caALK3)	https://www.ncbi.nlm.nih.gov/pmc/articles/PMC3901569/
CJLMANFTWLNAKC-UHFFFAOYSA-N	BMPR1B	Inhibitor		nM	100	uM	EUbOPEN			cell	812.0	IC50	=	Luciferase Reporter Assay (CAGA-Luc, using C2C12 myofibroblast cells, caALK4)	https://www.ncbi.nlm.nih.gov/pmc/articles/PMC3901569/
HKTBYUWLRDZAJK-UHFFFAOYSA-N	MKNK1	Inhibitor		nM	100	uM	EUbOPEN			cell	2.0	IC50	=	Western Blot assay (inhibition of eIF4E phosphorylation at Ser209 using HEK293 cells)	https://pubmed.ncbi.nlm.nih.gov/30530193/
HKTBYUWLRDZAJK-UHFFFAOYSA-N	MKNK2	Inhibitor		nM	100	uM	EUbOPEN			cell	1.0	IC50	=	Western Blot assay (inhibition of eIF4E phosphorylation at Ser209 using HEK293 cells)	https://pubmed.ncbi.nlm.nih.gov/30530193/
XNWDRALEEPGBHB-UHFFFAOYSA-N	PRKD1	Inhibitor		nM	1	uM	EUbOPEN			cell	1000.0	EC50		Immunoblot assay (inhibition of PMA-induced auto-phosphorylation of PKD1 on serine-916 using neonatal rat ventricular myocytes, NRVM, cells)	https://pubmed.ncbi.nlm.nih.gov/20018189/
HPJVZSVEIGCFJP-SFHVURJKSA-N	TTBK2	Inhibitor		nM	1	uM	EUbOPEN			cell	315.0	IC50	=	HTRF assay (TBK1 mediated Tau-Ser422 phosphorylation in HEK-293T cells)	https://pubmed.ncbi.nlm.nih.gov/33944571/
UWFYSQMTEOIJJG-FDTZYFLXSA-N	NR3C4	Antagonist		nM	1	uM	EUbOPEN			cell	26.0	IC50		Reporter gene assay (CV-1 cells were cotransfected with MMTV-LUC reporter, pRS-?-Gal as control, pRShAR, and filler DNA (pRS-CAT))	https://doi.org/10.1021/jm970699s
RGLYKWWBQGJZGM-UHFFFAOYSA-N	NR3A1	Agonist		nM	0	uM	EUbOPEN			cell	0.06	EC50		Reporter gene assay (HeLa cells)	https://doi.org/10.1021/jm015577l
RGLYKWWBQGJZGM-UHFFFAOYSA-N	NR3A2	Agonist		nM	0	uM	EUbOPEN			cell	0.02	EC50		Reporter gene assay (HeLa cells)	https://doi.org/10.1021/jm015577l
JUKPWJGBANNWMW-VWBFHTRKSA-N	NR3C2	Antagonist		nM	1	uM	EUbOPEN			cell	122.0	IC50		Gal4 reporter gene assay (HUH7 cells were cotransfected with a luciferase reporter under Gal4 control and Gal4-MR-LBD)	https://doi.org/10.1021/jm100506y
VWUXBMIQPBEWFH-WCCTWKNTSA-N	NR3A1	Antagonist (Degrader)		nM	1	uM	EUbOPEN			cell	3.4	IC50		Reporter gene assay (MCF-7 cells were transfected with 7x-TK-ERE-Luc reporter plasmid and Renilla-luc as control) (NR3A1), (Cos-7 cells were cotransfected with a reporter containing 5 copies of the Gal4 upstream activation sequenz and Gal4-ER?-LBD) (NR3A2)	https://doi.org/10.1021/acs.jmedchem.7b01682
VWUXBMIQPBEWFH-WCCTWKNTSA-N	NR3A2	Antagonist (Degrader)		nM	1	uM	EUbOPEN			cell	4.0	IC50		Reporter gene assay (MCF-7 cells were transfected with 7x-TK-ERE-Luc reporter plasmid and Renilla-luc as control) (NR3A1), (Cos-7 cells were cotransfected with a reporter containing 5 copies of the Gal4 upstream activation sequenz and Gal4-ER?-LBD) (NR3A2)	https://doi.org/10.1021/acs.jmedchem.7b01682
VKHAHZOOUSRJNA-GCNJZUOMSA-N	NR3C1	Antagonist		nM	3	uM	EUbOPEN			cell	0.8	IC50		Reporter gene assay (CV-1 cells)	https://doi.org/10.1016/S0960-894X(03)00256-7 ,  https://doi.org/10.1016/j.bmc.2008.05.018 ,  https://doi.org/10.1021/jm950747d
VKHAHZOOUSRJNA-GCNJZUOMSA-N	NR3C2	Antagonist		nM	3	uM	EUbOPEN			cell	590.0	IC50		Reporter gene assay (CV-1 cells)	https://doi.org/10.1016/S0960-894X(03)00256-7 ,  https://doi.org/10.1016/j.bmc.2008.05.018 ,  https://doi.org/10.1021/jm950747d
VKHAHZOOUSRJNA-GCNJZUOMSA-N	NR3C3	Antagonist		nM	3	uM	EUbOPEN			cell	0.18	IC50		Reporter gene assay (CV-1 cells)	https://doi.org/10.1016/S0960-894X(03)00256-7 ,  https://doi.org/10.1016/j.bmc.2008.05.018 ,  https://doi.org/10.1021/jm950747d
VKHAHZOOUSRJNA-GCNJZUOMSA-N	NR3C4	Antagonist		nM	3	uM	EUbOPEN			cell	5.0	IC50		Reporter gene assay (CV-1 cells)	https://doi.org/10.1016/S0960-894X(03)00256-7 ,  https://doi.org/10.1016/j.bmc.2008.05.018 ,  https://doi.org/10.1021/jm950747d
XNULRSOGWPFPBL-REWPJTCUSA-N	NR3C2	Antagonist		nM	1	uM	EUbOPEN			cell	9.2	IC50		Gal4 reporter gene assay	https://doi.org/10.1021/jm500206r
XNULRSOGWPFPBL-REWPJTCUSA-N	NR3C3	Antagonist		nM	1	uM	EUbOPEN			cell	416.0	IC50		Gal4 reporter gene assay	https://doi.org/10.1021/jm500206r
OOLLAFOLCSJHRE-ZHAKMVSLSA-N	NR3C3	Agonist (Modulator)		nM	1	uM	EUbOPEN			cell	100.0	EC50		Reporter gene assay (CHO cells)	https://doi.org/10.1016/j.bmc.2008.01.010
NEQZWEXWOFPKOT-UXGSFGIESA-N	MAP3K7	Inhibitor		nM	100	uM	EUbOPEN			cell	100.0	EC50		Immunoblot assay (using catalytically active FLAG-tagged TAK1 together with TAB1 in HEK293 cells)	https://pubmed.ncbi.nlm.nih.gov/12624112/
NPPMVTBTTJNVKP-CYBMUJFWSA-N	PDE9A	Negative control for BAY-7081		nM	1	uM	EUbOPEN			cell	10000.0	EC50	>	Cellular PDE9A assay (using recombinant CHO cell line stably expressing murine PDE9A)	https://www.ncbi.nlm.nih.gov/pmc/articles/PMC9791655/
TVCKWZATGBVYEN-UHFFFAOYSA-N	HSD17B13	Negative control for BI-3231		nM	1	uM	EUbOPEN			cell	10000.0	IC50	>	Cellular human HSD17B13 assay (custom-made stably overexpressing hHSD17B13-Myc/DDK HEK293 cells)	https://pubs.acs.org/doi/10.1021/acs.jmedchem.2c01884
XKDHFIPNTTUSIA-UHFFFAOYSA-N	HSD17B13	inhibitor		nM	1	uM	EUbOPEN			cell	11.0	IC50		Cellular human HSD17B13 assay (custom-made stably overexpressing hHSD17B13-Myc/DDK HEK293 cells)	https://pubs.acs.org/doi/10.1021/acs.jmedchem.2c01884
VFNPUAOAEFMXQI-GASCZTMLSA-N	BCL6	degrader		nM	1	uM	EUbOPEN			cell	90.0	DC50		Immunofluorescence-based BCL6 degradation assay (in SUDHL-4 cells)	https://pubmed.ncbi.nlm.nih.gov/32275432/
MLRMGHITRSOINN-IYBDPMFKSA-N	BCL6	Negative control for CCT369260		nM	1	uM	EUbOPEN			cell	10000.0	DC50	>	MSD degrader assay (OCI-LY1 cells)	https://www.sgc-ffm.uni-frankfurt.de/#!specificprobeoverview/CCT369260
APLVGTKXOIMODQ-IBGZPJMESA-N	SMARCA2@BRD	inhibitor		nM	1	uM	EUbOPEN			cell	29.8	IC50		Luciferase transporter assay (SMARCA-mutant cell line)	https://www.sgc-ffm.uni-frankfurt.de/#!detailedpotencydataview/FHT-2344
APLVGTKXOIMODQ-IBGZPJMESA-N	SMARCA4@BRD	inhibitor		nM	1	uM	EUbOPEN			cell	30.2	IC50		Luciferase transporter assay (SMARCA-mutant cell line)	https://www.sgc-ffm.uni-frankfurt.de/#!detailedpotencydataview/FHT-2344
DMEDHHKXKVEBDF-HNNXBMFYSA-N	SMARCA2@BRD	Negative control for FHT-2344		nM	1	uM	EUbOPEN			cell	4350.0	IC50		Luciferase transporter assay (SMARCA-mutant cell line)	https://www.sgc-ffm.uni-frankfurt.de/#!detailedpotencydataview/FHT-2344
DMEDHHKXKVEBDF-HNNXBMFYSA-N	SMARCA4@BRD	Negative control for FHT-2344		nM	1	uM	EUbOPEN			cell	2370.0	IC50		Luciferase transporter assay (SMARCA-mutant cell line)	https://www.sgc-ffm.uni-frankfurt.de/#!detailedpotencydataview/FHT-2344
FFPHMUIGESPOTK-UHFFFAOYSA-N	TBK1	Inhibitor		nM	1	uM	EUbOPEN			cell	1000.0	EC50		Western Blot assay (phosphorylation of IRF3 using Ramos cells stimulated with TLR3 ligand poly(I:C))	https://pubmed.ncbi.nlm.nih.gov/31097999/
VJWCJKXRULCPCJ-UHFFFAOYSA-N	CDK16	Negative control for JA397		nM	1	uM	EUbOPEN			cell	4165.0	EC50		NanoBRET assay (lysed mode, HEK293T cells)	https://pubmed.ncbi.nlm.nih.gov/36499165/
JQLMEZBHIJSVKR-UHFFFAOYSA-N	CDK18	Inhibitor		nM	1	uM	EUbOPEN			cell	172.0	EC50		NanoBRET assay (lysed mode, HEK293T cells)	https://pubmed.ncbi.nlm.nih.gov/36499165/
JQLMEZBHIJSVKR-UHFFFAOYSA-N	CDK14	Inhibitor		nM	1	uM	EUbOPEN			cell	27.1	EC50		NanoBRET assay (lysed mode, HEK293T cells)	https://pubmed.ncbi.nlm.nih.gov/36499165/
JQLMEZBHIJSVKR-UHFFFAOYSA-N	CDK15	Inhibitor		nM	1	uM	EUbOPEN			cell	252.0	EC50		NanoBRET assay (lysed mode, HEK293T cells)	https://pubmed.ncbi.nlm.nih.gov/36499165/
JQLMEZBHIJSVKR-UHFFFAOYSA-N	CDK16	Inhibitor		nM	1	uM	EUbOPEN			cell	39.0	EC50		NanoBRET assay (lysed mode, HEK293T cells)	https://pubmed.ncbi.nlm.nih.gov/36499165/
JQLMEZBHIJSVKR-UHFFFAOYSA-N	CDK17	Inhibitor		nM	1	uM	EUbOPEN			cell	77.2	EC50		NanoBRET assay (lysed mode, HEK293T cells)	https://pubmed.ncbi.nlm.nih.gov/36499165/
OOIXWMIRURMFRS-UHFFFAOYSA-N	CSNK1E	Negative control for JNJ-6204		nM	1	uM	EUbOPEN			cell	10000.0	IC50	>	BRET assay (whole cell binding assay using full-length human CSNK1D in CHO cells)	https://www.sgc-ffm.uni-frankfurt.de/#!specificprobeoverview/JNJ-6204
IVOACCSOISMVBL-UHFFFAOYSA-N	MGLL	Inhibitor		nM	10	uM	EUbOPEN			cell	1.13	IC50	=	Radiometric assay (inhibition of cleavage of [3H] 2-OG using HeLa cells)	https://pubmed.ncbi.nlm.nih.gov/31818916/
WZMIWVZGYMKUDV-WFGJKAKNSA-N	CSNK1E	inhibitor		nM	1	uM	EUbOPEN			cell	72.0	IC50		BRET assay (whole cell binding assay using full-length human CSNK1D in CHO cells)	https://www.sgc-ffm.uni-frankfurt.de/#!specificprobeoverview/JNJ-6204
RIGHCDSORZCRDE-UHFFFAOYSA-N	SMOX	Inhibitor		nM	10	uM	EUbOPEN			cell	1200.0	IC50	=	Cellular Thermal Shift Assay (CETSA) assay (alphaLISA system using A549 cells expressing full-length, endogenous human SMOX protein)	https://www.sgc-ffm.uni-frankfurt.de/#!specificprobeoverview/JNJ-9350
XZEUAXYWNKYKPL-URLMMPGGSA-N	NR3A1	Agonist		nM	1	uM	EUbOPEN			cell	13.0	EC50		Ishikawa cell assay (Ishikawa cells expressing alkaline phosphatase enzyme in response to ER activation)	https://doi.org/10.1016/S0960-894X(01)00679-5
MENRRRXHFQYXDW-DGCLKSJQSA-N	NR3C4	Antagonist		nM	1	uM	EUbOPEN			cell	43.0	IC50		Reporter gene assay (MDA-MB453-MMTV cells containing an ARE in front of a firefly luciferase reporter gene and expressing AR)	https://doi.org/10.1021/jm8009316
AEZPAUSGTAHLOQ-UHFFFAOYSA-N	NR3A2	Antagonist		nM	1	uM	EUbOPEN			cell	200.0	IC50		Reporter gene assay (HEC-1 cells were transfected with a (ERE)3-pS2-CAT, ?-galactosidase as control and reporter expression vectors for ER? or Er?)	https://doi.org/10.1021/jm049631k
HDAJDNHIBCDLQF-RUZDIDTESA-N	MAPK1	Inhibitor		nM	100	uM	EUbOPEN			cell	4.0	IC50	=	Immunoblot assay (phosphorylation of ERK using A375 cells)	https://pubmed.ncbi.nlm.nih.gov/25977981/
HDAJDNHIBCDLQF-RUZDIDTESA-N	MAPK3	Inhibitor		nM	100	uM	EUbOPEN			cell	4.0	IC50	=	Immunoblot assay (phosphorylation of ERK using A375 cells)	https://pubmed.ncbi.nlm.nih.gov/25977981/
RUYKDMMLESXEOA-UHFFFAOYSA-N	CDKL5	Negative control for SGC-CAF382-1		nM	100	uM	EUbOPEN			cell	10000.0	IC50	>	NanoBRET assay (HEK293T cells)	https://www.thesgc.org/chemical-probes/SGC-CAF382-1
MCLDWKVRXDHDEI-UHFFFAOYSA-N	CDKL5	Inhibitor		nM	100	uM	EUbOPEN			cell	10.0	IC50		NanoBRET assay (HEK293T cells)	https://www.thesgc.org/chemical-probes/SGC-CAF382-1
ODZBDODDFLVDQZ-UHFFFAOYSA-N	CDKL5	Negative control for SGC-CDKL5_GSK3		nM	100	uM	EUbOPEN			cell	10000.0	IC50	>	NanoBRET assay (HEK293T cells)	https://www.thesgc.org/chemical-probes/SGC-CDKL5_GSK3
ODZBDODDFLVDQZ-UHFFFAOYSA-N	GSK3A	Negative control for SGC-CDKL5_GSK3		nM	100	uM	EUbOPEN			cell	10000.0	IC50	>	NanoBRET assay (HEK293T cells)	https://www.thesgc.org/chemical-probes/SGC-CDKL5_GSK3
ODZBDODDFLVDQZ-UHFFFAOYSA-N	GSK3B	Negative control for SGC-CDKL5_GSK3		nM	100	uM	EUbOPEN			cell	10000.0	IC50	>	NanoBRET assay (HEK293T cells)	https://www.thesgc.org/chemical-probes/SGC-CDKL5_GSK3
NIHAFOURWLZLFN-UHFFFAOYSA-N	GSK3A	inhibitor		nM	100	uM	EUbOPEN			cell	10.0	IC50		NanoBRET assay (HEK293T cells)	https://pubmed.ncbi.nlm.nih.gov/37084253/
NIHAFOURWLZLFN-UHFFFAOYSA-N	GSK3B	inhibitor		nM	100	uM	EUbOPEN			cell	35.0	IC50		NanoBRET assay (HEK293T cells)	https://pubmed.ncbi.nlm.nih.gov/37084253/
NIHAFOURWLZLFN-UHFFFAOYSA-N	CDKL5	inhibitor		nM	100	uM	EUbOPEN			cell	3.5	IC50		NanoBRET assay (HEK293T cells)	https://pubmed.ncbi.nlm.nih.gov/37084253/
OCQCKUTZHBQNEI-UHFFFAOYSA-N	GSK3A	inhibitor		nM	100	uM	EUbOPEN			cell	4.6	IC50		NanoBRET assay (HEK293T cells)	https://pubmed.ncbi.nlm.nih.gov/37084253/
OCQCKUTZHBQNEI-UHFFFAOYSA-N	GSK3B	inhibitor		nM	100	uM	EUbOPEN			cell	12.0	IC50		NanoBRET assay (HEK293T cells)	https://pubmed.ncbi.nlm.nih.gov/37084253/
OAZAPIKYVGRNCO-UHFFFAOYSA-N	UGCG	Allosteric inhibitor		nM	1	uM	EUbOPEN			cell	7.6	EC50	=	Glucosylceramide lowering assay (using GBA mutant human fibroblast cells)	https://pubmed.ncbi.nlm.nih.gov/35188773/
CECLXQDMAJQBCR-UHFFFAOYSA-N	UGCG	Negative control for TP-060		nM	1	uM	EUbOPEN			cell	10000.0	EC50	>	Glucosylceramide lowering assay (using GBA mutant human fibroblast cells)	https://pubmed.ncbi.nlm.nih.gov/35188773/
KSERXGMCDHOLSS-LJQANCHMSA-N	MAPK1	Reversible covalent inhibitor		nM	1	uM	EUbOPEN			cell	4100.0	IC50	=	Immunoblot assay (phosphorylation of ERK using A375 cells)	https://pubmed.ncbi.nlm.nih.gov/25977981/
NPPMVTBTTJNVKP-ZDUSSCGKSA-N	PDE9A	inhibitor		nM	1	uM	EUbOPEN			cell	995.0	EC50		Cellular PDE9A assay (using recombinant CHO cell line stably expressing murine PDE9A)	https://www.ncbi.nlm.nih.gov/pmc/articles/PMC9791655/
OLIKCJUMYWSDIV-UHFFFAOYSA-N	THRB	Antagonist		nM	3	uM	EUbOPEN			cell	2000.0	IC50	=	cell-based	https://doi.org/10.1021/jm050004k
OLIKCJUMYWSDIV-UHFFFAOYSA-N	NR1A2	Antagonist		nM	3	uM	EUbOPEN			cell	1994.0	IC50		Gal4 hybrid reporter gene assay (HEK293T cells were cotransfected with pFR-Luc reporter, pRL-SV40 control reporter and pFA-CMV-hTHR?-LBD expression plasmid)	
BAINIUMDFURPJM-UHFFFAOYSA-N	NR1I2	Agonist		nM	10	uM	EUbOPEN			cell	6175.0	EC50		Gal4 hybrid reporter gene assay (HEK293T cells were cotransfected with pFR-Luc reporter, pRL-SV40 control reporter and pFA-CMV-hPXR-LBD expression plasmid)	
GNUXVOXXWGNPIV-UHFFFAOYSA-N	NR1I2	Agonist		nM	1	uM	EUbOPEN			cell	135.0	EC50		Gal4 hybrid reporter gene assay (HEK293T cells were cotransfected with pFR-Luc reporter, pRL-SV40 control reporter and pFA-CMV-hPXR-LBD expression plasmid)	
GFNNBHLJANVSQV-UHFFFAOYSA-N	EGFR	Inhibitor		nM	1	uM	EUbOPEN			cell	120.0	IC50	=	ELISA (inhibition of EGF-dependent tyrosine phosphorylation, using A431 cells)	
OHUHVTCQTUDPIJ-JYCIKRDWSA-N	ATR	Inhibitor		nM	1	uM	EUbOPEN			cell	74.0	IC50	=	ELISA (ATR kinase-dependent CHK1 phosphorylation in HT29 cells)	https://pubmed.ncbi.nlm.nih.gov/30346772/
YPPSMYLMSKHYAY-UHFFFAOYSA-N	EIF2AK3	Inhibitor		nM	1	uM	EUbOPEN			cell	84.0	IC50	=	ELISA (phosphorylation of PERK (T980) using HT1080–T-REx–PERK–FLAG cells)	https://pubmed.ncbi.nlm.nih.gov/25587754/
AOTRIQLYUAFVSC-UHFFFAOYSA-N	ATM	Inhibitor		nM	1	uM	EUbOPEN			cell	0.57	IC50	=	Immunoblot assay (phosphorylation of ATM at Ser1981, using HT-29 cells)	https://pubs.acs.org/doi/10.1021/acs.jmedchem.7b01896
VQSZIPCGAGVRRP-UHFFFAOYSA-N	ATM	Inhibitor		nM	100	uM	EUbOPEN			cell	0.78	IC50	=	Western Blot assay (using NCI-H2228 cells and anti-ATM pS1981 (ab81292) antibody)	https://pubmed.ncbi.nlm.nih.gov/29938225/
RKAHOQATMSONTM-IBGZPJMESA-N	AAK1	Inhibitor		nM	100	uM	EUbOPEN			cell	2.0	IC50	=	Western Blot assay (inhibition of AAK1 phosphorylation using HEK293 cells)	https://pubmed.ncbi.nlm.nih.gov/35257579/
GMYLVKUGJMYTFB-UHFFFAOYSA-N	MTOR	Inhibitor		nM	1	uM	EUbOPEN			cell	23.0	IC50	=	MesoScale assay (phosphorylation of 70S6K using PC3 cells)	https://pubmed.ncbi.nlm.nih.gov/26102506/
YBXRSCXGRPSTMW-CYBMUJFWSA-N	ATR	Inhibitor		nM	100	uM	EUbOPEN			cell	36.0	IC50	=	ATR cellular mechanistic assay in HT-29 cells	https://pubmed.ncbi.nlm.nih.gov/32502336/
YBXRSCXGRPSTMW-CYBMUJFWSA-N	MTOR	Inhibitor		nM	100	uM	EUbOPEN			cell	135.0	IC50	=	AlphaScreen assay (mTOR endogenous kinase activity in unstimulated HeLa S3 cells using pP70S6K(Thr389) as substrate)	https://pubmed.ncbi.nlm.nih.gov/38299539/
JGHVXJKGYJYWOP-UHFFFAOYSA-N	EIF2AK4	Inhibitor		nM	1	uM	EUbOPEN			cell	80.0	EC50	>	Western Blot assay (phosphorylation of GCN2 using CCRF-CEM cells)	https://pubmed.ncbi.nlm.nih.gov/30061420/
IRPVABHDSJVBNZ-QWHZDKJVSA-N	MAP3K12	Inhibitor		nM	1	uM	EUbOPEN			cell	77.6	IC50	=	Immunoblot assay (JNK phosphorylation in HEK293 cells overexpressing DLK, calculated serum-free assay)	https://pubmed.ncbi.nlm.nih.gov/28814543/
ZGCMQKWOUIMBEP-UHFFFAOYSA-N	MAP3K5	Inhibitor		nM	1	uM	EUbOPEN			cell	1000.0	EC50		Western Blot assay (inhibition of MAP3K5 phosphorylation in HEK293T cells)	https://pubmed.ncbi.nlm.nih.gov/30024858/
SCELLOWTHJGVIC-BGYRXZFFSA-N	ATM	Inhibitor		nM	1	uM	EUbOPEN			cell	150.0	IC50	=	Immunoblot assay (phosphorylation of ATM at Ser1981, using HT-29 cells)	https://aacrjournals.org/mct/article/19/1/13/274205/Pharmacology-of-the-ATM-Inhibitor-AZD0156
GOOYSJIWTIHOGW-UHFFFAOYSA-N	AAK1	Inhibitor		nM	100	uM	EUbOPEN			cell	2.8	IC50	=	Western Blot assay (inhibition of MU-2 phosphorylation using HEK293 cells with adaptor protein 2 (AP-2))	https://pubmed.ncbi.nlm.nih.gov/27411717/
YCOYDOIWSSHVCK-UHFFFAOYSA-N	KDR	Inhibitor		nM	100	uM	EUbOPEN			cell	17.0	IC50	=	Immunoblot assay (cell-based receptor autophosphorylation assays using HUVECs that naturally express KDR)	https://pubmed.ncbi.nlm.nih.gov/10786682/
HTFNVAVTYILUCF-UHFFFAOYSA-N	MAPK7	Inhibitor		nM	1	uM	EUbOPEN			cell	9.0	IC50	=	Cellular assay (KiNative using HUVEC cells)	https://pubmed.ncbi.nlm.nih.gov/27679845/
ODOJVROSIRINJT-LJQANCHMSA-N	CIT	Inhibitor		nM	2	uM	EUbOPEN			cell	0.3	Kd	=	NanoBRET Assay (NanoLuc, inhibition of kinase domain, using HEK293T cells)	https://pubmed.ncbi.nlm.nih.gov/38330278/
HHXRZSZBSWPCKL-LJQANCHMSA-N	CIT	Negative control for C3TD879		nM	2	uM	EUbOPEN			cell	10000.0	Kd	>	NanoBRET Assay (HEK293T cells)	https://pubmed.ncbi.nlm.nih.gov/38330278/
NQKQXMWUXJEWJR-UHFFFAOYSA-N	MCL1	Negative control for JNJ-4355		nM	10	uM	EUbOPEN			cell	30000.0	AC50	>	MOLP-8 Caspase Glo assay (using human MOLP8 cells)	https://www.sgc-ffm.uni-frankfurt.de/#!specificprobeoverview/JNJ-4355
CRLZRGXSDBAEFD-UHFFFAOYSA-N	NR2B1	Agonist		nM	1	uM	EUbOPEN			cell	5.0	EC50		Gal4 reporter gene assay	https://doi.org/10.1021/acs.jmedchem.3c01435
CRLZRGXSDBAEFD-UHFFFAOYSA-N	NR2B2	Agonist		nM	1	uM	EUbOPEN			cell	1.4	EC50		Gal4 reporter gene assay	https://doi.org/10.1021/acs.jmedchem.3c01435
CRLZRGXSDBAEFD-UHFFFAOYSA-N	NR2B3	Agonist		nM	1	uM	EUbOPEN			cell	4.0	EC50		Gal4 reporter gene assay	https://doi.org/10.1021/acs.jmedchem.3c01435
SXKPGYKPQPYJER-UHFFFAOYSA-N	NR2B1	Antagonist		nM	1	uM	EUbOPEN			cell	18.0	IC50		cell-based	https://doi.org/10.1248/cpb.47.1778
HGXMLGSUGNEINU-UHFFFAOYSA-N	NR2E3	Inverse Agonist		nM	1	uM	EUbOPEN			cell	250.0	IC50		cell-based	https://doi.org/10.1167/iovs.16-20177
CKCSOMMBIPJYSG-UHFFFAOYSA-N	NR2E3	Inverse Agonist		nM	1	uM	EUbOPEN			cell	70.0	IC50		cell-based	https://doi.org/10.7554/eLife.30577
APJSHECCIRQQDV-ZRDIBKRKSA-N	NR2B1	Antagonist		nM	1	uM	EUbOPEN			cell	50.0	IC50		Gal4 reporter gene assay	https://doi.org/10.1073/pnas.0705356104
FEBNTWHYQKGEIQ-SUKRRCERSA-N	NR2B2	Agonist		nM	10	uM	EUbOPEN			cell	5200.0	EC50		Gal4 reporter gene assay	https://doi.org/10.1021/acs.jmedchem.8b00494
TZRHLKRLEZJVIJ-UHFFFAOYSA-N	NR4A1	Inverse Agonist		nM	50	uM	EUbOPEN			cell	23700.0	IC50		Gal4 hybrid reporter gene assay (HEK293T cells were cotransfected with pFR-Luc reporter, pRL-SV40 control reporter and pFA-CMV-hNur77-LBD or pFA-CMV-hNurr1-LBD, or pFA-CMV-hNOR1-LBD expression plasmid)	https://doi.org/10.1038/s42004-020-0331-0
TZRHLKRLEZJVIJ-UHFFFAOYSA-N	NR4A2	Inverse Agonist		nM	50	uM	EUbOPEN			cell	13400.0	IC50		Gal4 hybrid reporter gene assay (HEK293T cells were cotransfected with pFR-Luc reporter, pRL-SV40 control reporter and pFA-CMV-hNur77-LBD or pFA-CMV-hNurr1-LBD, or pFA-CMV-hNOR1-LBD expression plasmid)	https://doi.org/10.1038/s42004-020-0331-0
TZRHLKRLEZJVIJ-UHFFFAOYSA-N	NR4A3	Inverse Agonist		nM	50	uM	EUbOPEN			cell	25000.0	IC50		Gal4 hybrid reporter gene assay (HEK293T cells were cotransfected with pFR-Luc reporter, pRL-SV40 control reporter and pFA-CMV-hNur77-LBD or pFA-CMV-hNurr1-LBD, or pFA-CMV-hNOR1-LBD expression plasmid)	https://doi.org/10.1038/s42004-020-0331-0
RTKBIHCZDFXHLC-UHFFFAOYSA-N	NR2E1	Agonist		nM	3	uM	EUbOPEN			cell	1000.0	IC50		Gal4 reporter gene assay	https://doi.org/10.1021/acs.jmedchem.1c01757
RCNSAJSGRJSBKK-LFKMQHSASA-N	NR2E3	Agonist		nM	1	uM	EUbOPEN			cell	5.0	EC50		Gal4 reporter gene assay	https://doi.org/10.1038/s41598-022-11502-3
MASYAWHPJCQLSW-ZIAGYGMSSA-N	NR3A1	Agonist, Antagonist		nM	1	uM	EUbOPEN			cell	4.0	EC50		Reporter gene assay (HEC-1 cells were transfected with a (ERE)3-pS2-CAT, ?-galactosidase as control and reporter expression vectors for ER? or Er?)	https://doi.org/10.1210/endo.140.2.6480 ,  https://doi.org/10.1021/jm990101b
MASYAWHPJCQLSW-ZIAGYGMSSA-N	NR3A2	Agonist, Antagonist		nM	1	uM	EUbOPEN			cell	4.0	IC50		Reporter gene assay (HEC-1 cells were transfected with a (ERE)3-pS2-CAT, ?-galactosidase as control and reporter expression vectors for ER? or Er?)	https://doi.org/10.1210/endo.140.2.6480 ,  https://doi.org/10.1021/jm990101b
DXBJGDVBQPEMOB-UHFFFAOYSA-N	NR3C1	Agonist		nM	1	uM	EUbOPEN			cell	10.0	EC50		cell-based	https://doi.org/10.1021/jm100447c
VJGFOYBQOIPQFY-XMMPIXPASA-N	NR3C1	Agonist		nM	1	uM	EUbOPEN			cell	1.6	EC50		Reporter gene assay	https://doi.org/10.1111/j.1476-5381.2009.00238.x
KEJORAMIZFOODM-PWSUYJOCSA-N	NR3C4	Agonist		nM	1	uM	EUbOPEN			cell	0.7	EC50		cell-based	https://doi.org/10.1021/jm070312d ,  https://doi.org/10.1016/j.bmcl.2007.01.076
CPJVLZDDECEONQ-UHFFFAOYSA-N	NR4A2	Inverse Agonist		nM	10	uM	EUbOPEN			cell	3800.0	IC50		Gal4 hybrid reporter gene assay (HEK293T cells were cotransfected with pFR-Luc reporter, pRL-SV40 control reporter and pFA-CMV-hNurr1-LBD expression plasmid)	https://doi.org/10.1021/acs.jmedchem.1c01077
ZJPUSKBFLQMYJU-UHFFFAOYSA-N	NR4A1	Agonist		nM	3	uM	EUbOPEN			cell	40.0	EC50		Gal4 hybrid reporter gene assay (HEK293T cells were cotransfected with pFR-Luc reporter, pRL-SV40 control reporter and pFA-CMV-hNur77-LBD or pFA-CMV-hNurr1-LBD, or pFA-CMV-hNOR1-LBD expression plasmid)	https://doi.org/10.1021/acs.jmedchem.4c03104
ZJPUSKBFLQMYJU-UHFFFAOYSA-N	NR4A2	Agonist		nM	3	uM	EUbOPEN			cell	60.0	EC50		Gal4 hybrid reporter gene assay (HEK293T cells were cotransfected with pFR-Luc reporter, pRL-SV40 control reporter and pFA-CMV-hNur77-LBD or pFA-CMV-hNurr1-LBD, or pFA-CMV-hNOR1-LBD expression plasmid)	https://doi.org/10.1021/acs.jmedchem.4c03104
ZJPUSKBFLQMYJU-UHFFFAOYSA-N	NR4A3	Agonist		nM	3	uM	EUbOPEN			cell	70.0	EC50		Gal4 hybrid reporter gene assay (HEK293T cells were cotransfected with pFR-Luc reporter, pRL-SV40 control reporter and pFA-CMV-hNur77-LBD or pFA-CMV-hNurr1-LBD, or pFA-CMV-hNOR1-LBD expression plasmid)	https://doi.org/10.1021/acs.jmedchem.4c03104
HGXSOLYLDMLDRI-UHFFFAOYSA-N	NR4A1	Agonist		nM	0	uM	EUbOPEN			cell	330.0	EC50		Gal4 hybrid reporter gene assay (HEK293T cells were cotransfected with pFR-Luc reporter, pRL-SV40 control reporter and pFA-CMV-hNur77-LBD or pFA-CMV-hNurr1-LBD, or pFA-CMV-hNOR1-LBD expression plasmid)	https://doi.org/10.1038/s42004-024-01224-0
HGXSOLYLDMLDRI-UHFFFAOYSA-N	NR4A2	Agonist		nM	0	uM	EUbOPEN			cell	90.0	EC50		Gal4 hybrid reporter gene assay (HEK293T cells were cotransfected with pFR-Luc reporter, pRL-SV40 control reporter and pFA-CMV-hNur77-LBD or pFA-CMV-hNurr1-LBD, or pFA-CMV-hNOR1-LBD expression plasmid)	https://doi.org/10.1038/s42004-024-01224-0
HGXSOLYLDMLDRI-UHFFFAOYSA-N	NR4A3	Agonist		nM	0	uM	EUbOPEN			cell	110.0	EC50		Gal4 hybrid reporter gene assay (HEK293T cells were cotransfected with pFR-Luc reporter, pRL-SV40 control reporter and pFA-CMV-hNur77-LBD or pFA-CMV-hNurr1-LBD, or pFA-CMV-hNOR1-LBD expression plasmid)	https://doi.org/10.1038/s42004-024-01224-0
FJLGEFLZQAZZCD-MCBHFWOFSA-N	NR4A1	Agonist		nM	6	uM	EUbOPEN			cell	220.0	EC50		Gal4 hybrid reporter gene assay (HEK293T cells were cotransfected with pFR-Luc reporter, pRL-SV40 control reporter and pFA-CMV-hNurr1-LBD expression plasmid)	https://doi.org/10.1002/advs.202104640
FJLGEFLZQAZZCD-MCBHFWOFSA-N	NR4A2	Agonist		nM	6	uM	EUbOPEN			cell	1900.0	EC50		Gal4 hybrid reporter gene assay (HEK293T cells were cotransfected with pFR-Luc reporter, pRL-SV40 control reporter and pFA-CMV-hNurr1-LBD expression plasmid)	https://doi.org/10.1002/advs.202104640
FJLGEFLZQAZZCD-MCBHFWOFSA-N	NR4A3	Agonist		nM	6	uM	EUbOPEN			cell	180.0	EC50		Gal4 hybrid reporter gene assay (HEK293T cells were cotransfected with pFR-Luc reporter, pRL-SV40 control reporter and pFA-CMV-hNurr1-LBD expression plasmid)	https://doi.org/10.1002/advs.202104640
RYMZZMVNJRMUDD-HGQWONQESA-N	NR4A1	Agonist		nM	10	uM	EUbOPEN			cell	1800.0	EC50		Gal4 hybrid reporter gene assay (HEK293T cells were cotransfected with pFR-Luc reporter, pRL-SV40 control reporter and pFA-CMV-hNurr1-LBD expression plasmid)	https://doi.org/10.1002/advs.202104640
RYMZZMVNJRMUDD-HGQWONQESA-N	NR4A2	Agonist		nM	10	uM	EUbOPEN			cell	5100.0	EC50		Gal4 hybrid reporter gene assay (HEK293T cells were cotransfected with pFR-Luc reporter, pRL-SV40 control reporter and pFA-CMV-hNurr1-LBD expression plasmid)	https://doi.org/10.1002/advs.202104640
RYMZZMVNJRMUDD-HGQWONQESA-N	NR4A3	Agonist		nM	10	uM	EUbOPEN			cell	2500.0	EC50		Gal4 hybrid reporter gene assay (HEK293T cells were cotransfected with pFR-Luc reporter, pRL-SV40 control reporter and pFA-CMV-hNurr1-LBD expression plasmid)	https://doi.org/10.1002/advs.202104640
WXCXUHSOUPDCQV-UHFFFAOYSA-N	NR3C4	Antagonist		nM	1	uM	EUbOPEN			cell	361.0	IC50		Reporter gene assay (AR-UAS-bla GripTite™ 293 cells)	https://doi.org/10.1016/j.bmcl.2016.06.001
XPRDUGXOWVXZLL-UHFFFAOYSA-N	NR4A1	Agonist		nM	10	uM	EUbOPEN			cell	3100.0	EC50		Gal4 hybrid reporter gene assay (HEK293T cells were cotransfected with pFR-Luc reporter, pRL-SV40 control reporter and pFA-CMV-hNur77-LBD or pFA-CMV-hNurr1-LBD, or pFA-CMV-hNOR1-LBD expression plasmid)	https://doi.org/10.1021/acs.jmedchem.3c00415
XPRDUGXOWVXZLL-UHFFFAOYSA-N	NR4A2	Agonist		nM	1	uM	EUbOPEN			cell	400.0	EC50		Gal4 hybrid reporter gene assay (HEK293T cells were cotransfected with pFR-Luc reporter, pRL-SV40 control reporter and pFA-CMV-hNur77-LBD or pFA-CMV-hNurr1-LBD, or pFA-CMV-hNOR1-LBD expression plasmid)	https://doi.org/10.1021/acs.jmedchem.3c00415
XPRDUGXOWVXZLL-UHFFFAOYSA-N	NR4A3	Agonist		nM	10	uM	EUbOPEN			cell	2900.0	EC50		Gal4 hybrid reporter gene assay (HEK293T cells were cotransfected with pFR-Luc reporter, pRL-SV40 control reporter and pFA-CMV-hNur77-LBD or pFA-CMV-hNurr1-LBD, or pFA-CMV-hNOR1-LBD expression plasmid)	https://doi.org/10.1021/acs.jmedchem.3c00415
JZMZNOFEMDPCKX-UHFFFAOYSA-N	NR4A2	Inverse Agonist		nM	50	uM	EUbOPEN			cell	26000.0	IC50		Gal4 hybrid reporter gene assay (HEK293T cells were cotransfected with pFR-Luc reporter, pRL-SV40 control reporter and pFA-CMV-hNur77-LBD or pFA-CMV-hNurr1-LBD, or pFA-CMV-hNOR1-LBD expression plasmid)	https://doi.org/10.1021/acs.jmedchem.4c01218
JZMZNOFEMDPCKX-UHFFFAOYSA-N	NR4A3	Inverse Agonist		nM	50	uM	EUbOPEN			cell	39000.0	IC50		Gal4 hybrid reporter gene assay (HEK293T cells were cotransfected with pFR-Luc reporter, pRL-SV40 control reporter and pFA-CMV-hNur77-LBD or pFA-CMV-hNurr1-LBD, or pFA-CMV-hNOR1-LBD expression plasmid)	https://doi.org/10.1021/acs.jmedchem.4c01218
JZMZNOFEMDPCKX-UHFFFAOYSA-N	NR4A1	Inverse Agonist		nM	50	uM	EUbOPEN			cell	37000.0	IC50		Gal4 hybrid reporter gene assay (HEK293T cells were cotransfected with pFR-Luc reporter, pRL-SV40 control reporter and pFA-CMV-hNur77-LBD or pFA-CMV-hNurr1-LBD, or pFA-CMV-hNOR1-LBD expression plasmid)	https://doi.org/10.1021/acs.jmedchem.4c01218
PJFMAVHETLRJHJ-UHFFFAOYSA-N	NR2E1	Inverse Agonist		nM	3	uM	EUbOPEN			cell	500.0	IC50		Gal4 reporter gene assay	https://doi.org/10.1021/acsptsci.1c00195
