inchikey	smiles	chembl_id	name
KVLFRAWTRWDEDF-IRXDYDNUSA-N	COc1ccc(-c2ccc3c(N4CCOC[C@@H]4C)nc(N4CCOC[C@@H]4C)nc3n2)cc1CO	CHEMBL1801204	AZD-8055
IWMCPJZTADUIFX-UHFFFAOYSA-N	COc1cc(C(=O)N2CCC(N3CCN(C)CC3)CC2)ccc1Nc1ncc2c(n1)N(C)c1ccccc1C(=O)N2C	CHEMBL2012582	LRRK2-IN-1
VUVUVNZRUGEAHB-CYBMUJFWSA-N	COc1cc2c(cc1-c1c(C)noc1C)ncc1[nH]c(=O)n([C@H](C)c3ccccn3)c12	CHEMBL2017291	I-BET151
CPRAGQJXBLMUEL-UHFFFAOYSA-N	Cc1cc(C(C)Nc2ccccc2)c2nc(N3CCOCC3)cc(=O)n2c1	CHEMBL1972466	TGX-221
DEZZLWQELQORIU-RELWKKBWSA-N	OCCn1cc(-c2ccc3c(c2)CC/C3=N\O)c(-c2ccncc2)n1	CHEMBL525191	GDC-0879
OMZCMEYTWSXEPZ-UHFFFAOYSA-N	C=CC(=O)Nc1cc2c(Nc3ccc(F)c(Cl)c3)ncnc2cc1OCCCN1CCOCC1	CHEMBL31965	CANERTINIB
ULXXDDBFHOBEHA-CWDCEQMOSA-N	CN(C)C/C=C/C(=O)Nc1cc2c(Nc3ccc(F)c(Cl)c3)ncnc2cc1O[C@H]1CCOC1	CHEMBL1173655	AFATINIB
JNAHVYVRKWKWKQ-CYBMUJFWSA-N	C[C@]1(c2nc3c(C(N)=O)cccc3[nH]2)CCCN1	CHEMBL506871	VELIPARIB
ITTRLTNMFYIYPA-UHFFFAOYSA-N	C=CC(=O)Nc1cccc(Oc2nc(Nc3ccc(N4CCN(C)CC4)cc3OC)ncc2Cl)c1	CHEMBL1229592	WZ4002
CVWXJKQAOSCOAB-UHFFFAOYSA-N	CC(C)(C)c1cc(NC(=O)Nc2ccc(-c3cn4c(n3)sc3cc(OCCN5CCOCC5)ccc34)cc2)no1	CHEMBL576982	QUIZARTINIB
XRKYMMUGXMWDAO-UHFFFAOYSA-N	O=c1cc(-c2cccc3c2Sc2ccccc2S3)oc(N2CCOCC2)c1	CHEMBL222102	KU-55933
LHNIIDJUOCFXAP-UHFFFAOYSA-N	CS(=O)(=O)N1CCN(Cc2cc3nc(-c4cccc5[nH]ncc45)nc(N4CCOCC4)c3s2)CC1	CHEMBL521851	PICTILISIB
IFRGXKKQHBVPCQ-UHFFFAOYSA-N	CC(C)c1cc(C(=O)N2Cc3ccc(CN4CCN(C)CC4)cc3C2)c(O)cc1O	CHEMBL1214827	ONALESPIB
WBKCKEHGXNWYMO-UHFFFAOYSA-N	CCOC(=O)CCNc1cc(N2CCc3ccccc3CC2)nc(-c2ccccn2)n1	CHEMBL3183531	GSK-J4
BCZUAADEACICHN-UHFFFAOYSA-N	Cn1cc(-c2ccc3nnc(Sc4ccc5ncccc5c4)n3n2)cn1	CHEMBL1236107	SGX-523
BCFGMOOMADDAQU-UHFFFAOYSA-N	CS(=O)(=O)CCNCc1ccc(-c2ccc3ncnc(Nc4ccc(OCc5cccc(F)c5)c(Cl)c4)c3c2)o1	CHEMBL554	LAPATINIB
LIRYPHYGHXZJBZ-UHFFFAOYSA-N	CC(=O)Nc1cccc(-n2c(=O)n(C3CC3)c(=O)c3c(Nc4ccc(I)cc4F)n(C)c(=O)c(C)c32)c1	CHEMBL2103875	TRAMETINIB
STUWGJZDJHPWGZ-LBPRGKRZSA-N	Cc1nc(NC(=O)N2CCC[C@H]2C(N)=O)sc1-c1ccnc(C(C)(C)C(F)(F)F)c1	CHEMBL2396661	ALPELISIB
PGFQXGLPJUCTOI-WYMLVPIESA-N	C/C(=C\C(=O)Nc1ccccc1C(=O)O)c1ccc2ccccc2c1	CHEMBL27323	BIBR1532
IFSDAJWBUCMOAH-HNNXBMFYSA-N	CC[C@H](Nc1ncnc2[nH]cnc12)c1nc2cccc(F)c2c(=O)n1-c1ccccc1	CHEMBL2216870	IDELALISIB
MUOKSQABCJCOPU-UHFFFAOYSA-N	O=C(O)c1ccc2c(c1)nc(Nc1cccc(Cl)c1)c1ccncc12	CHEMBL1230165	SILMITASERTIB
VRQMAABPASPXMW-HDICACEKSA-N	COc1cc(CCc2cc(NC(=O)c3ccc(N4C[C@H](C)N[C@H](C)C4)cc3)n[nH]2)cc(OC)c1	CHEMBL3348846	AZD-4547
DNVXATUJJDPFDM-KRWDZBQOSA-N	Cc1sc2c(c1C)C(c1ccc(Cl)cc1)=N[C@@H](CC(=O)OC(C)(C)C)c1nnc(C)n1-2	CHEMBL1957266	(+)-JQ1
HXMGCTFLLWPVFM-GOSISDBHSA-N	O=C1c2ccc(Nc3ccc(F)cc3F)cc2CCc2ccc(OC[C@H](O)CO)cc21	CHEMBL2152944	skepinone-L
LQBVNQSMGBZMKD-UHFFFAOYSA-N	CC1(C)CCC(CN2CCN(c3ccc(C(=O)NS(=O)(=O)c4ccc(NCC5CCOCC5)c([N+](=O)[O-])c4)c(Oc4cnc5[nH]ccc5c4)c3)CC2)=C(c2ccc(Cl)cc2)C1	CHEMBL3137309	VENETOCLAX
ONIQOQHATWINJY-UHFFFAOYSA-N	COc1cc2nccc(Oc3ccc(NC(=O)C4(C(=O)Nc5ccc(F)cc5)CC4)cc3)c2cc1OC	CHEMBL2105717	CABOZANTINIB
HFNKQEVNSGCOJV-OAHLLOKOSA-N	N#CC[C@H](C1CCCC1)n1cc(-c2ncnc3[nH]ccc23)cn1	CHEMBL1789941	RUXOLITINIB
IRTDIKMSKMREGO-OAHLLOKOSA-N	Cc1cc([C@@H](C)Nc2ccccc2C(=O)O)c2nc(N3CCOCC3)cc(=O)n2c1	CHEMBL2165191	AZD-6482
QOECJCJVIMVJGX-UHFFFAOYSA-N	COc1cc2c(NC3CCN(C(C)C)CC3)nc(C3CCCCC3)nc2cc1OCCCN1CCCC1	CHEMBL1231795	UNC0638
KPBNHDGDUADAGP-VAWYXSNFSA-N	O=C(/C=C/c1cccnc1)NCCCCC1CCN(C(=O)c2ccccc2)CC1	CHEMBL566757	daporinad
FDLYAMZZIXQODN-UHFFFAOYSA-N	O=C(c1cc(Cc2n[nH]c(=O)c3ccccc23)ccc1F)N1CCN(C(=O)C2CC2)CC1	CHEMBL521686	OLAPARIB
MPUQHZXIXSTTDU-QXGSTGNESA-N	NS(=O)(=O)OC[C@@H]1C[C@@H](n2ccc3c(N[C@H]4CCc5ccccc54)ncnc32)C[C@@H]1O	CHEMBL1231160	PEVONEDISTAT
GOVYBPLHWIEHEJ-UHFFFAOYSA-N	CN1CCc2c(c3ccccc3n2Cc2ccc(C(=O)NO)cc2)C1	CHEMBL2018302	Tubastatin-A
LDGIHZJOIQSHPB-UHFFFAOYSA-N	O=C(O)c1ccc2cc(-c3ccc(O)c(C45CC6CC(CC(C6)C4)C5)c3)ccc2c1	CHEMBL1180	AHPN
CYOHGALHFOKKQC-UHFFFAOYSA-N	Cn1cnc2c(F)c(Nc3ccc(Br)cc3Cl)c(C(=O)NOCCO)cc21	CHEMBL1614701	SELUMETINIB
XQVVPGYIWAGRNI-JOCHJYFZSA-N	CC[C@@H]1C(=O)N(C)c2cnc(Nc3ccc(C(=O)NC4CCN(C)CC4)cc3OC)nc2N1C1CCCC1	CHEMBL513909	BI 2536
AQGNHMOJWBZFQQ-UHFFFAOYSA-N	Cc1c[nH]c(-c2cnc(NCCNc3ccc(C#N)cn3)nc2-c2ccc(Cl)cc2Cl)n1	CHEMBL412142	CHIR-99021
MFFMDFFZMYYVKS-SECBINFHSA-N	N[C@@H](CC(=O)N1CCn2c(nnc2C(F)(F)F)C1)Cc1cc(F)c(F)cc1F	CHEMBL1422	SITAGLIPTIN
QJJXYPPXXYFBGM-LFZNUXCKSA-N	C=CC[C@@H]1/C=C(\C)C[C@H](C)C[C@H](OC)[C@H]2O[C@@](O)(C(=O)C(=O)N3CCCC[C@H]3C(=O)O[C@H](/C(C)=C/[C@@H]3CC[C@@H](O)[C@H](OC)C3)[C@H](C)[C@@H](O)CC1=O)[C@H](C)C[C@@H]2OC	CHEMBL269732	TACROLIMUS
MVCOAUNKQVWQHZ-UHFFFAOYSA-N	Cc1ccc(-n2nc(C(C)(C)C)cc2NC(=O)Nc2ccc(OCCN3CCOCC3)c3ccccc23)cc1	CHEMBL103667	DORAMAPIMOD
AUMDBEHGJRZSOO-UHFFFAOYSA-N	Nc1ncnc2c1c(COc1cccc(Cl)c1)nn2C1CCOCC1	CHEMBL2069623	PF-4800567
BKWJAKQVGHWELA-UHFFFAOYSA-N	C=CCn1c(=O)c2cnc(Nc3ccc(N4CCN(C)CC4)cc3)nc2n1-c1cccc(C(C)(C)O)n1	CHEMBL1976040	Adavosertib
ZNNLBTZKUZBEKO-UHFFFAOYSA-N	COc1ccc(Cl)cc1C(=O)NCCc1ccc(S(=O)(=O)NC(=O)NC2CCCCC2)cc1	CHEMBL472	GLYBURIDE
WSEQXVZVJXJVFP-UHFFFAOYSA-N	CN(C)CCCC1(c2ccc(F)cc2)OCc2cc(C#N)ccc21	CHEMBL549	CITALOPRAM
OBSYBRPAKCASQB-AGQYDFLVSA-N	COC(=O)[C@@H]1C[C@H](OC(C)=O)C(=O)[C@H]2[C@@]1(C)CC[C@H]1C(=O)O[C@H](c3ccoc3)C[C@]21C	CHEMBL445332	SALVINORIN A
FAEKWTJYAYMJKF-QHCPKHFHSA-N	CCOc1cc(CC(=O)N[C@@H](CC(C)C)c2ccccc2N2CCCCC2)ccc1C(=O)O	CHEMBL1272	REPAGLINIDE
HPJKCIUCZWXJDR-UHFFFAOYSA-N	N#Cc1ccc(C(c2ccc(C#N)cc2)n2cncn2)cc1	CHEMBL1444	LETROZOLE
QXKHYNVANLEOEG-UHFFFAOYSA-N	COc1c2occc2cc2ccc(=O)oc12	CHEMBL416	METHOXSALEN
QLHHRYZMBGPBJG-UHFFFAOYSA-N	CNC(=O)Nc1ccc(-c2nc(N3CC4CCC(C3)O4)c3cnn(C4CCC5(CC4)OCCO5)c3n2)cc1	CHEMBL601661	WYE-125132
YIQPUIGJQJDJOS-UHFFFAOYSA-N	c1cc(CN2CCCNCCNCCCNCC2)ccc1CN1CCCNCCNCCCNCC1	CHEMBL18442	PLERIXAFOR
YEVOZZZLKJKCCD-UHFFFAOYSA-N	CNc1nc(Nc2ccc(C(=O)N3CCOCC3)cc2OC)ncc1Cl	CHEMBL2170016	HG-10-102-01
YEEZWCHGZNKEEK-UHFFFAOYSA-N	COc1cc(C(=O)NS(=O)(=O)c2ccccc2C)ccc1Cc1cn(C)c2ccc(NC(=O)OC3CCCC3)cc12	CHEMBL603	ZAFIRLUKAST
TXEBNKKOLVBTFK-UHFFFAOYSA-N	C=CC(=O)Nc1cccc(C)c1Nc1ncc2cc(-c3c(Cl)c(OC)cc(OC)c3Cl)ccc2n1	CHEMBL4068896	BLU-9931
YOVVNQKCSKSHKT-HNNXBMFYSA-N	Cc1c(CN2CCN(C(=O)[C@H](C)O)CC2)sc2c(N3CCOCC3)nc(-c3cnc(N)nc3)nc12	CHEMBL1922094	APITOLISIB
NSQSAUGJQHDYNO-UHFFFAOYSA-N	CCN(c1cc(-c2ccc(CN3CCOCC3)cc2)cc(C(=O)NCc2c(C)cc(C)[nH]c2=O)c1C)C1CCOCC1	CHEMBL3414621	tazemetostat
XCFLWTZSJYBCPF-UHFFFAOYSA-N	CCNc1nc(Nc2cc(F)c(C(=O)N3CCOCC3)cc2OC)ncc1C(F)(F)F	CHEMBL2178134	GNE7915
FMTVWAGUJRUAKE-UHFFFAOYSA-N	CC(C)Oc1ccc(-c2c[nH]cc2CN(C)CCN)cc1	CHEMBL3901808	MS023
BATCTBJIJJEPHM-UHFFFAOYSA-N	O=C(Nc1cccnn1)N1CCC(=Cc2cccc(Oc3ccc(C(F)(F)F)cn3)c2)CC1	CHEMBL1651534	PF-04457845
PFHDWRIVDDIFRP-UHFFFAOYSA-N	CCC(CC)n1ccc2c(C(=O)NCc3c(C)cc(C)[nH]c3=O)cc(C#N)cc21	CHEMBL3414574	EI1
HUEKBQXFNHWTQQ-UHFFFAOYSA-N	CNc1[nH]c(Nc2ccc(C(=O)N3CCOCC3)cc2OC)nc2ncc(Cl)c1-2	CHEMBL4540808	JH-II-127
BLVQHYHDYFTPDV-VCABWLAWSA-N	Nc1cc(F)ccc1NC(=O)/C=C/c1cnn(C/C=C/c2ccccc2)c1	CHEMBL4078477	RGFP966
XSMSNFMDVXXHGJ-UHFFFAOYSA-N	c1cn2cc(-c3ccc4cn[nH]c4c3)nc(Nc3ccc(N4CCOCC4)cc3)c2n1	CHEMBL3265032	ENTOSPLETINIB
XQFINGFCBFHOPE-WXUXXXNLSA-N	CCN(c1cc(C#CCN2CCOCC2)cc(C(=O)NCc2c(C)cc(C)[nH]c2=O)c1C)[C@H]1CC[C@H](N(C)CCOC)CC1	CHEMBL3672841	EPZ011989
AKCRNFFTGXBONI-UHFFFAOYSA-N	CCC(=O)N1CCN(c2ccc(-n3c(=O)ccc4cnc5ccc(-c6cnc7ccccc7c6)cc5c43)cc2C(F)(F)F)CC1	CHEMBL1256459	torin 1
GUXXEUUYCAYESJ-UHFFFAOYSA-N	Nc1ccc(-c2ccc3ncc4ccc(=O)n(-c5cccc(C(F)(F)F)c5)c4c3c2)cn1	CHEMBL1765602	torin 2
VUIRVWPJNKZOSS-UHFFFAOYSA-N	Cc1cnc(-c2ccccc2C(C)C)nc1NCc1ccc(-n2ccnn2)cc1	CHEMBL3182437	ML323
AOZPVMOOEJAZGK-UHFFFAOYSA-N	CCN1CCN(Cc2ccc(C(=O)Nc3ccc(C)c(Oc4ccc5c(c4)CC(=O)N5)c3)cc2C(F)(F)F)CC1	CHEMBL3421914	DDR-IN-1
PRNXOFBDXNTIFG-FQEVSTJZSA-N	Cc1[nH]nc(C(F)(F)F)c1Cc1sc2c(c1C(=O)N1C[C@](C)(O)CO1)c(=O)n(C)c(=O)n2C(C)C	CHEMBL3335793	AZD3965
DJOVLOYCGXNVPI-UHFFFAOYSA-N	CN1CCN(c2ccc(-c3cccc(CN4CCOCC4)c3)cc2NC(=O)c2c[nH]c(=O)cc2C(F)(F)F)CC1	CHEMBL3798846	OICR-9429
ATALOFNDEOCMKK-OITMNORJSA-N	C[C@@H](O[C@H]1OCCN(Cc2n[nH]c(=O)[nH]2)[C@H]1c1ccc(F)cc1)c1cc(C(F)(F)F)cc(C(F)(F)F)c1	CHEMBL1471	APREPITANT
KDGFLJKFZUIJMX-UHFFFAOYSA-N	CCc1cc2c(cc1N1CCC(N3CCOCC3)CC1)C(C)(C)c1[nH]c3cc(C#N)ccc3c1C2=O	CHEMBL1738797	ALECTINIB
OXQNLLVUVDAEHC-OAQYLSRUSA-N	COc1ccc(-c2csc(NC(=O)[C@H]3CCCCN3S(=O)(=O)c3ccc(C)cc3)n2)cc1	CHEMBL2070953	ML277
MJSHVHLADKXCML-RQNOJGIXSA-N	CCCCNc1ncc2c(-c3ccc(CN4CCN(C)CC4)cc3)cn([C@H]3CC[C@H](O)CC3)c2n1	CHEMBL3326006	UNC2025
FHCSBLWRGCOVPT-UHFFFAOYSA-N	CN1CCN(S(=O)(=O)c2ccc(-c3cnc(N)c(C(=O)Nc4cccnc4)n3)cc2)CC1	CHEMBL2177161	AZ2858
PNYRDVBFYVDJJI-UHFFFAOYSA-N	Cc1cn(CCN2CCN(c3ccccc3-c3cc(C#N)cc(C(=O)NCCCN4CCCC4)c3)CC2)c2ccccc12	CHEMBL3414623	LLY-507
QULDDKSCVCJTPV-UHFFFAOYSA-N	COc1c(C)cnc(Cn2cnc3c(Cl)nc(N)nc32)c1C	CHEMBL467399	BIIB021
NDAZATDQFDPQBD-UHFFFAOYSA-N	CCNC(=O)c1noc(-c2cc(C(C)C)c(O)cc2O)c1-c1ccc(CN2CCOCC2)cc1	CHEMBL252164	luminespib
HKVAMNSJSFKALM-GKUWKFKPSA-N	CO[C@H]1C[C@@H]2CC[C@@H](C)[C@@](O)(O2)C(=O)C(=O)N2CCCC[C@H]2C(=O)O[C@H]([C@H](C)C[C@@H]2CC[C@@H](OCCO)[C@H](OC)C2)CC(=O)[C@H](C)/C=C(\C)[C@@H](O)[C@@H](OC)C(=O)[C@H](C)C[C@H](C)/C=C/C=C/C=C/1C	CHEMBL1908360	EVEROLIMUS
NMJMRSQTDLRCRQ-UHFFFAOYSA-N	COc1cc(N2CCC(O)CC2)ccc1Nc1cc(Nc2ccccc2S(=O)(=O)C(C)C)c2cc[nH]c2n1	CHEMBL1235786	MPS1-IN-1
YUNQZQREIHWDQT-UHFFFAOYSA-N	COc1cc2c(cc1NS(=O)(=O)c1ccc(Br)cc1C)n(C)c(=O)n2C	CHEMBL3770173	OF-1
PRWSIEBRGXYXAJ-UHFFFAOYSA-N	Cc1cccc(CC(=O)N2CCc3c2ccc(-c2cn(C)c4ncnc(N)c24)c3F)n1	CHEMBL2441340	GSK2656157
IVDUVEGCMXCMSO-FQEVSTJZSA-N	Cc1ncc(Cl)cc1NCc1ccc(C(=O)N[C@@H](CC2CCCC2)C(=O)NC2CC2)s1	CHEMBL3613749	GSK2830371
ADZBMFGQQWPHMJ-RHSMWYFYSA-N	CNC(=O)c1cc(Oc2ccc3nc(N[C@@H]4CCCC[C@H]4O)sc3c2)ccn1	CHEMBL4227505	BLZ-945
OBJNFLYHUXWUPF-IZZDOVSWSA-N	CN(C)C/C=C/C(=O)Nc1ccc(C(=O)Nc2cccc(Nc3ncc(Cl)c(-c4c[nH]c5ccccc45)n3)c2)cc1	CHEMBL3603847	THZ1
JIFCFQDXHMUPGP-UHFFFAOYSA-N	Cc1c(NC(=O)c2ccc(C(C)(C)C)cc2)cccc1-c1cn(C)c(=O)c(Nc2ccc(C(=O)N3CCOCC3)cc2)n1	CHEMBL1230541	CGI1746
BZCALJIHZVNMGJ-HSZRJFAPSA-N	Cc1cc(OCCCS(C)(=O)=O)cc(C)c1-c1cccc(COc2ccc3c(c2)OC[C@H]3CC(=O)O)c1	CHEMBL1829174	FASIGLIFAM
UREBDLICKHMUKA-DVTGEIKXSA-N	C[C@H]1C[C@H]2[C@@H]3CCC4=CC(=O)C=C[C@]4(C)[C@@]3(F)[C@@H](O)C[C@]2(C)[C@@]1(O)C(=O)CO	CHEMBL632	betamethasone
QBGKPEROWUKSBK-QPPIDDCLSA-N	CCOc1cc(C(C)(C)C)ccc1C1=N[C@@](C)(c2ccc(Cl)cc2)[C@@](C)(c2ccc(Cl)cc2)N1C(=O)N1CCN(CCCS(C)(=O)=O)CC1	CHEMBL2386346	RO-5045337
WCPTUQOMNJBIET-CALCHBBNSA-N	Cc1cc(N2C[C@H](C)N[C@H](C)C2)ncc1-c1ccc(-c2nc3c(ccn3C)c(=O)[nH]2)cc1	CHEMBL4101890	AZ6102
INAICWLVUAKEPB-QSTFCLMHSA-N	O=C(/C=C/N1C[C@H]2C[C@@H]1CN2c1ccccn1)c1ccccc1O	CHEMBL3752911	PFI-3
GEPYBHCJBORHCE-SFHVURJKSA-N	COc1ccc(CCc2nc3cc(-c4c(C)noc4C)ccc3n2C[C@H](C)N2CCOCC2)cc1Cl	CHEMBL3622373	SGC-CBP30
XLOGLWKOHPIJLV-UHFFFAOYSA-N	CC(C)(C)S(=O)(=O)c1ccc2nccc(Nc3n[nH]c4ccc(F)cc34)c2c1	CHEMBL3823499	GSK583
MIJYXULNPSFWEK-GTOFXWBISA-N	CC1(C)CC[C@]2(C(=O)O)CC[C@]3(C)C(=CC[C@@H]4[C@@]5(C)CC[C@H](O)C(C)(C)[C@@H]5CC[C@]43C)[C@@H]2C1	CHEMBL168	oleanolic acid
DMIDPTCQPIJYFE-UHFFFAOYSA-N	O=C(NCC(=O)N1CCCC1)Nc1ccc2cnccc2c1	CHEMBL4072005	SGC707
KINMYBBFQRSVLL-UHFFFAOYSA-N	O=c1ccc2c(OCCCCOc3ccccc3)c3ccoc3cc2o1	CHEMBL444449	PAP-1
UYBRROMMFMPJAN-UHFFFAOYSA-N	CCOC(=O)Nc1cc(-c2ccc(C)c(NS(C)(=O)=O)c2)nn2c(C)nnc12	CHEMBL3133807	bromosporine
QTQMRBZOBKYXCG-MHZLTWQESA-N	CN(CCOc1ccc(C[C@H](Nc2ccccc2C(=O)c2ccccc2)C(=O)O)cc1)c1ccccn1	CHEMBL434063	GW1929
IQCKJUKAQJINMK-HUBRGWSESA-N	CC(C)N(CCCNC(=O)Nc1ccc(C(C)(C)C)cc1)C[C@H]1O[C@@H](n2cc(Br)c3c(N)ncnc32)[C@H](O)[C@@H]1O	CHEMBL3087498	SGC0946
KHWCPNJRJCNVRI-UHFFFAOYSA-N	CCCOc1ccn2c(C(C)=O)cc(-c3ccccc3S(C)(=O)=O)c2c1	CHEMBL3739699	GSK2801
LLVZBTWPGQVVLW-SNAWJCMRSA-N	COCC(=O)NC/C=C/c1ccc2ncnc(Nc3ccc(Oc4ccc(C)nc4)c(C)c3)c2c1	CHEMBL483321	CP-724714
KXBDTLQSDKGAEB-UHFFFAOYSA-N	C=CC(=O)Nc1cccc(Nc2nc(Nc3ccc(OCCOC)cc3)ncc2F)c1	CHEMBL3301625	SPEBRUTINIB
PQOOIERVZAXHBP-UHFFFAOYSA-N	O=C(c1ccc(C(=O)N2CCC(N3CCCC3)CC2)c(Nc2ccccc2)c1)N1CCC(N2CCCC2)CC1	CHEMBL2426364	UNC1215
DPJNKUOXBZSZAI-UHFFFAOYSA-N	CCCc1cc(C)[nH]c(=O)c1CNC(=O)c1cc(-c2ccc(N3CCN(C(C)C)CC3)nc2)cc2c1cnn2C(C)C	CHEMBL3414619	UNC1999
TWKYXZSXXXKKJU-FQEVSTJZSA-N	O=C(NC[C@H](O)CN1CCc2ccccc2C1)c1ccnc(NC2CCC2)c1	CHEMBL4542380	GSK591
DFQGDHBGRSTTHX-UHFFFAOYSA-N	CCOc1ccc(-c2ccc(Cn3c(CC(C)(C)C(=O)O)c(SC(C)(C)C)c4cc(OCc5ccc(C)cn5)ccc43)cc2)cn1	CHEMBL1922660	FIBOFLAPON
YDBLKRPLXZNVNB-UHFFFAOYSA-N	Cc1cc(SCc2sc(-c3ccc(C(F)(F)F)cc3)nc2C)ccc1OCC(=O)O	CHEMBL38943	Cardarine
GBJVVSCPOBPEIT-UHFFFAOYSA-N	CCN(CCCOc1ccc2c(Nc3cc(CC(=O)Nc4cccc(F)c4)[nH]n3)ncnc2c1)CCOP(=O)(O)O	CHEMBL415049	barasertib
JUSFANSTBFGBAF-IRXDYDNUSA-N	CNC(=O)c1cccc(-c2ccc3c(N4CCOC[C@@H]4C)nc(N4CCOC[C@@H]4C)nc3n2)c1	CHEMBL2336325	vistusertib
AHJRHEGDXFFMBM-UHFFFAOYSA-N	CC(=O)c1c(C)c2cnc(Nc3ccc(N4CCNCC4)cn3)nc2n(C2CCCC2)c1=O	CHEMBL189963	PALBOCICLIB
DVBPRWJMHURKHP-UHFFFAOYSA-N	C=CC(=O)Nc1ccc(CN2C(=O)N(c3cc(OC)cc(OC)c3)Cc3cnc(Nc4ccc(N5CCN(C)CC5)cc4)nc32)cc1	CHEMBL4065323	FIIN-2
SQSZANZGUXWJEA-UHFFFAOYSA-N	Cc1cc(Nc2cc(CN3CCOCC3)c3nc(C)c(Cc4ccc(Cl)cc4F)n3n2)[nH]n1	CHEMBL2107823	GANDOTINIB
PTPNCCWOTBBVJR-UHFFFAOYSA-N	CCOC(=O)c1ccc(-n2cc(Cc3cnc(OCC)nc3)c(=O)nc2SCc2ccc(F)cc2)cc1	CHEMBL4303679	GW1100
JFHROPTYMMSOLG-UHFFFAOYSA-N	COc1cccc(Nc2c(C(N)=O)cnc3c(C)cc(S(=O)(=O)c4cccc(C(=O)N(C)C)c4)cc23)c1	CHEMBL570015	GSK-256066
LIOLIMKSCNQPLV-UHFFFAOYSA-N	CNC(=O)c1ccc(-c2cnc3ncc(Cc4ccc5ncccc5c4)n3n2)cc1F	CHEMBL3188267	CAPMATINIB
JRWCBEOAFGHNNU-UHFFFAOYSA-N	Cn1cc(-c2ccc3nnc(C(F)(F)c4ccc5ncccc5c4)n3n2)cn1	CHEMBL2133806	JNJ-38877605
IVYQPSHHYIAUFO-VXKWHMMOSA-N	CC(C)C[C@H](NC(=O)c1cc2ccccc2s1)C(=O)N1CCN(C(=O)[C@H](CO)NS(=O)(=O)c2ccc(Cl)cc2Cl)CC1	CHEMBL4461515	GSK1016790A
CCAWRGNYALGPQH-UHFFFAOYSA-N	O=C(Nc1cccc(C(F)(F)F)c1)Nc1cc(S(=O)(=O)NC2CC2)ccc1-c1ccsc1	CHEMBL3392845	AGI-6780
IIQUYGWWHIHOCF-UHFFFAOYSA-N	O=C(NCCO)c1cccc(-c2cc(Nc3ccc(OC(F)(F)F)cc3)ncn2)c1	CHEMBL1257423	GNF-5
DZTGIRNXWSZBIM-QURGRASLSA-N	Cc1cc(/N=N/c2ccc(S(=O)(=O)Nc3ccccn3)cc2)c(N)cc1O	CHEMBL3086883	MS436
SDGJBAUIGHSMRI-UHFFFAOYSA-N	CCC(=O)Nc1cccc(Oc2nc(Nc3ccc(N4CCN(C)CC4)cc3OC)ncc2Cl)c1	CHEMBL4303523	WZ4003
HNIFCPBQMKPRCX-UHFFFAOYSA-N	COCc1nnc(N2CC(Oc3ccc(F)cc3Cl)C2)n1-c1ccc(OC)nc1	CHEMBL594828	PF-3274167
FWLMVFUGMHIOAA-UHFFFAOYSA-N	CNC(=O)c1ccc(Nc2ncc(C(F)(F)F)c(NCc3nccnc3N(C)S(C)(=O)=O)n2)cc1	CHEMBL3137331	DEFACTINIB
HRJWTAWVFDCTGO-UHFFFAOYSA-N	O=C1NC(=O)C(c2cnc3ccccn23)=C1c1cn2c3c(cc(F)cc13)CN(C(=O)N1CCCCC1)CC2	CHEMBL362558	LY-2090314
QAPAJIZPZGWAND-UHFFFAOYSA-N	CCOc1cc(N2CCC(O)CC2)ccc1Nc1ncc2c(n1)N(C)c1ccccc1C(=O)N2C	CHEMBL1673046	XMD8-92
CAOSCCRYLYQBES-UHFFFAOYSA-N	O=C(O)CNC(=O)c1c(O)c2ccccc2n(Cc2ccccc2)c1=O	CHEMBL3186774	IOX2
FUIYMYNYUHVDPT-HDJSIYSDSA-N	CC1(C)Oc2ncnc(N)c2N=C1c1ccc([C@H]2CC[C@H](CC(=O)O)CC2)cc1	CHEMBL473967	T863
NBOJHRYUGLRASX-UHFFFAOYSA-N	O=C(Nc1cccnc1)N1CCC(Cc2cccc(Oc3ccc(C(F)(F)F)cn3)c2)CC1	CHEMBL1651524	PF-3845
CIWBSHSKHKDKBQ-JLAZNSOCSA-N	O=C1O[C@H]([C@@H](O)CO)C(O)=C1O	CHEMBL196	ASCORBIC ACID
DEEOXSOLTLIWMG-UHFFFAOYSA-N	COCCOc1ccc2c(c1)ncn2-c1ccc2cccc(N3CCC(N)CC3)c2n1	CHEMBL4303508	CP-673451
WRUWGLUCNBMGPS-UHFFFAOYSA-N	CCn1cc(-c2cccc(C(F)(F)F)c2)c2sc(C(=N)NC3CCS(=O)(=O)CC3)cc2c1=O	CHEMBL3769507	I-BRD9
RCINICONZNJXQF-MZXODVADSA-N	CC(=O)O[C@H]1C(=O)[C@]2(C)[C@@H](O)C[C@H]3OC[C@@]3(OC(C)=O)[C@H]2[C@H](OC(=O)c2ccccc2)[C@]2(O)C[C@H](OC(=O)[C@H](O)[C@@H](NC(=O)c3ccccc3)c3ccccc3)C(C)=C1C2(C)C	CHEMBL428647	PACLITAXEL
RIJLVEAXPNLDTC-UHFFFAOYSA-N	O=C(Nc1nc2cccc(-c3ccc(CN4CCS(=O)(=O)CC4)cc3)n2n1)C1CC1	CHEMBL3301607	FILGOTINIB
PKCDDUHJAFVJJB-VLZXCDOPSA-N	C[C@]1(O)C[C@@H](c2nc(-c3ccc4ccc(-c5ccccc5)nc4c3)c3c(N)nccn32)C1	CHEMBL1091644	linsitinib
KYWWJENKIMRJBI-UHFFFAOYSA-N	Fc1ccc(-c2c3cccc(C(F)(F)F)c3nn2Cc2ccc(F)cc2Cl)cc1	CHEMBL456237	LXR-623
RNAMYOYQYRYFQY-UHFFFAOYSA-N	COc1cc2c(NC3CCN(C(C)C)CC3)nc(N3CCC(F)(F)CC3)nc2cc1OCCCN1CCCC1	CHEMBL2441082	UNC0642
PCZOHLXUXFIOCF-BXMDZJJMSA-N	CC[C@H](C)C(=O)O[C@H]1C[C@@H](C)C=C2C=C[C@H](C)[C@H](CC[C@@H]3C[C@@H](O)CC(=O)O3)[C@H]21	CHEMBL503	lovastatin
SAGZIBJAQGBRQA-UHFFFAOYSA-N	O=C(NC1CCOCC1)c1ccc(-c2cc(-c3c[nH]nc3-c3ccccn3)ccn2)cc1	CHEMBL202887	GW788388
YDNOHCOYQVZOMC-UHFFFAOYSA-N	Fc1ccc2[nH]ccc2c1-c1nc(N2CCOCC2)c2sc(CN3CCN(CC4CC4)CC3)cc2n1	CHEMBL4450504	PI-3065
BKCDJTRMYWSXMC-UHFFFAOYSA-N	COc1cc2c(cc1OCCCN1CCCC1)N=C(N)C21CCC1	CHEMBL3109630	A-366
QLPHOXTXAKOFMU-WBVHZDCISA-N	CNc1nc(-c2ccc3c(N)n[nH]c3c2)cc(N2C[C@@H](C(=O)NC3CCCCC3)CC[C@H]2C)n1	CHEMBL1765740	GSK2334470
BIAVGWDGIJKWRM-FQEVSTJZSA-N	CC[C@H](NC(=O)c1c(O)c(-c2ccccc2)nc2ccccc12)c1ccccc1	CHEMBL10188	TALNETANT
FNYGWXSATBUBER-UHFFFAOYSA-N	Cc1ccccc1C(C(=O)NC1CCCCC1)N(C(=O)Cn1ccnc1C)c1cccc(F)c1	CHEMBL2180727	AGI-5198
LWJGMYMNSNVCEM-UHFFFAOYSA-N	COc1ccc2cc(OCC3(C(=O)O)CN(C(=O)c4ccc(F)cc4)C3)ccc2c1	CHEMBL3286797	PF-04418948
ZYVXTMKTGDARKR-UHFFFAOYSA-N	COc1cc(N2CCN(C)CC2)ccc1Nc1nccc(-c2cn(C)c3cnccc23)n1	CHEMBL3421968	AZ191
JDUBGYFRJFOXQC-KRWDZBQOSA-N	NC1(C(=O)N[C@@H](CCO)c2ccc(Cl)cc2)CCN(c2ncnc3[nH]ccc23)CC1	CHEMBL2325741	capivasertib
JGRPKOGHYBAVMW-UHFFFAOYSA-N	O=C(O)c1ccc(O)c2ncccc12	CHEMBL1230640	IOX1
VSOUDUXMPUHJEU-UHFFFAOYSA-N	COc1ccc(CNC(=O)c2cc(-c3cncc(C)c3)ncc2-c2nccs2)nc1OC	CHEMBL3338865	MK-3697
TXZPMHLMPKIUGK-UHFFFAOYSA-N	COc1ccccc1S(=O)(=O)Nc1ccc2c(c1)CN(C)C(=O)N2	CHEMBL2179387	PFI-1
FYQFEJFTCLKXTQ-UHFFFAOYSA-N	Cc1cc(C)c(S(=O)(=O)N(CCc2cccc(Br)c2)Cc2ccc(-c3cccc(S(C)(=O)=O)c3)cc2)c(C)c1	CHEMBL5275278	SR9243
RDALZZCKQFLGJP-UHFFFAOYSA-N	Cc1cc2c(C(N)=O)cccc2n1-c1nc2c(c(NCc3ccccc3)n1)COCC2	CHEMBL3747513	CB-5083
KBFUQFVFYYBHBT-UHFFFAOYSA-N	Clc1ccccc1C(c1ccccc1)(c1ccccc1)n1cccn1	CHEMBL498270	TRAM-34
JGWRKYUXBBNENE-UHFFFAOYSA-N	FC(F)(F)c1ccc(CNc2ccc(Cc3c[nH]c4ncc(Cl)cc34)cn2)cn1	CHEMBL3813873	pexidartinib
XMVAWGSQPHFXKU-UHFFFAOYSA-N	Cc1nn(C)c(COc2ccc(N3CCN(S(=O)(=O)N(C)C)CC3)cc2)c1-c1cccc2c(CCCOc3cccc4ccccc34)c(C(=O)O)n(CCN3CCOCC3)c12	CHEMBL3417704	A-1210477
BUZAJRPLUGXRAB-UHFFFAOYSA-N	Cc1c(C(=O)NN2CCCCC2)nn(-c2ccc(Cl)cc2Cl)c1-c1ccc(I)cc1	CHEMBL285932	AM251
IDKAKZRYYDCJDU-HBMMIIHUSA-N	CC(C)(C)C[C@@H]1N[C@@H](C(=O)N[C@H]2CC[C@H](O)CC2)[C@H](c2cccc(Cl)c2F)[C@]12C(=O)Nc1cc(Cl)ccc12	CHEMBL2381408	SAR-405838
OHUHVTCQTUDPIJ-JYCIKRDWSA-N	C[C@@H]1COCCN1c1cc(C2([S@](C)(=N)=O)CC2)nc(-c2ccnc3[nH]ccc23)n1	CHEMBL4285417	AZD6738
WXRGFPHDRFQODR-ICLZECGLSA-N	CC(C)N(CCCNC(=O)Nc1ccc(C(C)(C)C)cc1)C[C@H]1O[C@@H](n2ccc3c(N)ncnc32)[C@H](O)[C@@H]1O	CHEMBL2169919	EPZ004777
JCSGFHVFHSKIJH-UHFFFAOYSA-N	Cn1cc(C2=C(c3ccc(Cl)cc3Cl)C(=O)NC2=O)c2ccccc21	CHEMBL102714	SB-216763
QCIJLRJBZDBVDB-UHFFFAOYSA-N	COc1ccccc1C(=O)Nc1cc2c(cc1N1CCCC1)n(C)c(=O)n2C	CHEMBL3356143	PFI-4
QJZQFVRFJCGDKF-UHFFFAOYSA-N	Cc1sc(C)c(C(=O)NC2(c3ccc(C(=O)O)cc3)CC2)c1Cc1ccc(C(F)(F)F)cc1	CHEMBL597997	MK-2894
YYDUWLSETXNJJT-MTJSOVHGSA-N	Cc1ccc(NC(=O)Nc2cc(C(F)(F)F)ccc2F)cc1Nc1ccc2c(c1)NC(=O)/C2=C\c1ccc[nH]1	CHEMBL2037226	GNF-5837
HUUSXLKCTQDPGL-UHFFFAOYSA-N	CC(C)(O)c1coc(S(=O)(=O)NC(=O)Nc2c3c(cc4c2CCC4)CCC3)c1	CHEMBL3183703	MCC950
GYLDXIAOMVERTK-UHFFFAOYSA-N	CC(C)n1nc(-c2ccc3oc(N)nc3c2)c2c(N)ncnc21	CHEMBL3545097	Sapanisertib
LCVIRAZGMYMNNT-VVONHTQRSA-N	O=C(O)[C@]1(Cc2cccc(Nc3nccs3)n2)CC[C@@H](Oc2cccc(Cl)c2F)CC1	CHEMBL3600873	MK-5108
IVUGFMLRJOCGAS-UHFFFAOYSA-N	Cc1csc(-c2nnc(Nc3ccc(Oc4ncccc4-c4ccnc(N)n4)cc3)c3ccccc23)c1	CHEMBL2140408	AMG-900
GJFCSAPFHAXMSF-UXBLZVDNSA-N	Cc1cc(NC(=O)c2cccc(NC(=O)/C=C/CN(C)C)c2)ccc1Nc1nccc(-c2cccnc2)n1	CHEMBL2216824	JNK-IN-7
QADPYRIHXKWUSV-UHFFFAOYSA-N	CCN1CCN(c2ccc(Nc3cc(N(C)C(=O)Nc4c(Cl)c(OC)cc(OC)c4Cl)ncn3)cc2)CC1	CHEMBL1852688	INFIGRATINIB
AWNXKZVIZARMME-UHFFFAOYSA-N	CC(C)(O)CNc1ncc(-c2ccnc(Nc3ccnc(Cl)c3)n2)c(CC2CC2)n1	CHEMBL3913746	VPS34-IN-1
HWVNEWGKWRGSRK-UHFFFAOYSA-N	Cc1cc(SCc2sc(-c3ccc(C(F)(F)F)c(F)c3)nc2C)ccc1OCC(=O)O	CHEMBL38508	GW0742
PMTIWRPLQBVEMR-UHFFFAOYSA-N	COc1ccc(N2CCN(CCCNC(=O)Cn3c(=O)c4cccn4c4c(C)ccnc43)CC2)cc1	CHEMBL1729417	ML 190
UTAJHKSGYJSZBR-UHFFFAOYSA-N	COc1ccccc1C(=O)Nc1cccc(NC(=O)c2cccc(C)c2)c1	CHEMBL1081188	ML365
NDKGACIWVAOUQH-UHFFFAOYSA-N	O=C(c1cc(C2CC2)on1)N(C1CCCCC1)C1CCCCC1	CHEMBL1970071	CYM 5541
JKJMWHULJIOKPJ-UHFFFAOYSA-N	O=C(N1CCCCC1Cc1ccccc1)n1cc(-c2ccc(-c3ccccc3)cc2)nn1	CHEMBL2144065	KT109
KMGUBUXDNOMSRM-UHFFFAOYSA-N	Clc1ccc(OCCOc2ccc(Br)nc2Br)c(Cl)c1	CHEMBL1732549	ML-178
YVIJPELUPZUEJX-UHFFFAOYSA-N	COc1ccc(N2CCN(C(=O)c3cc4c(s3)-c3ccccc3S(=O)(=O)C4)CC2)cc1	CHEMBL1509398	ML349
ZRHWCAFAIHTQKD-QGZVFWFLSA-N	COC(=O)N1C(=O)[C@@](c2ccccc2)(C2CCCC2)N1C(=O)OC	CHEMBL1524542	ABL127
ZRHWCAFAIHTQKD-KRWDZBQOSA-N	COC(=O)N1C(=O)[C@](c2ccccc2)(C2CCCC2)N1C(=O)OC	CHEMBL1475741	ABL127
RPBMXJHQYJLPDN-UHFFFAOYSA-N	CC(=O)c1cc(-c2cc(C(=O)NC3CC3)ccc2C)c2ncccn12	CHEMBL4065619	TP-472
AQTPWCUIYUOEMG-INIZCTEOSA-N	O=C(C1CC1)N1CC[C@@H](Cc2n[nH]c(=O)n2-c2ccc(-c3ccc4occc4c3)cc2)C1	CHEMBL3646801	GSK2194069
IYHHRZBKXXKDDY-UHFFFAOYSA-N	CCC(F)(F)c1cc(N2CCC(S(C)(=O)=O)CC2)nc2sc(C(N)=O)c(N)c12	CHEMBL4522930	BI 605906
ARYVAQSYRLZVQD-UHFFFAOYSA-N	NC(=O)c1cc(F)cc2c1C(=O)N(C1CCN(C3CCC(F)(F)CC3)CC1)C2	CHEMBL3606021	NMS-P118
PSICWGWNIOOULV-UHFFFAOYSA-N	CCOC(Cn1nc(-c2ccc3oc(N)nc3c2)c2c(N)ncnc21)OCC	CHEMBL3800481	eCF309
RSMYFSPOTCDHHJ-GOSISDBHSA-N	COc1nnc2ccc(N3CCC(c4ccc(OCCN5CCN(C)C(=O)[C@H]5C)cc4)CC3)nn12	CHEMBL4078100	AZD-5153
OTTJIRVZJJGFTK-SFHVURJKSA-N	CCN(C(=O)CO)[C@H]1CN(/C(=N\C#N)Nc2cccc(OC(F)F)c2)N=C1c1ccc(Cl)c(Cl)c1	CHEMBL3818617	BAY-598
FQWDVNSBYDXPIO-CQSZACIVSA-N	COc1ccccc1C(=O)Nc1cc2c(cc1N1CCNC[C@H]1C)n(C)c(=O)n2C	CHEMBL3828191	GSK6853
ABGOSOMRWSYAOB-UHFFFAOYSA-N	Clc1cc2c(NC3CCCC3)nnc(-c3ccncc3)c2cc1Cl	CHEMBL4521971	A-196
DUCNNEYLFOQFSW-PMERELPUSA-N	COc1c(C)cc(NC(=O)c2nn(Cc3ccc(F)cc3)c3c2CN(C(=O)c2ccc[nH]2)C[C@]3(C)C(N)=O)cc1C	CHEMBL4565370	GSK864
HZASIAXCPXTISQ-NVXWUHKLSA-N	COc1cc2nc(-c3cc(F)ccc3O)nc(N[C@@H]3CNC[C@H]3C(C)(C)O)c2cc1OC	CHEMBL1236782	CCT241533
PGIVGIFOWOVINL-GOSISDBHSA-N	CC(=O)C1=C(C)N(c2cccc(C(F)(F)F)c2)C(=O)N[C@@H]1c1ccc(C#N)nc1	CHEMBL3617968	BAY-678
QMDKVNSQXPVCRD-RQNOJGIXSA-N	CNCCN(C)Cc1c[nH]nc1-c1ccc(O[C@H]2C[C@H](OCCC3CCOCC3)C2)cc1	CHEMBL3589039	EPZ020411
KNOUWGGQMADIBV-KRWDZBQOSA-N	CN1C(=O)[C@@H](NC(=O)c2cc(Cc3ccccc3)on2)COc2ccccc21	CHEMBL3785703	GSK481
LBFYQISQYCGDDW-UHFFFAOYSA-N	Cn1cc(-c2ccc(-c3cncc(Cl)c3N3CCC4(CCNC4=O)CC3)cc2)cn1	CHEMBL3408213	CCT251545
PFPSFENQCNMITC-MRXNPFEDSA-N	COc1cc(C)[nH]c(=O)c1CNC(=O)c1c(C)n([C@H](C)C2CCOCC2)c2ccccc12	CHEMBL3605456	CPI-360
XVECNLUKQDKOST-UHFFFAOYSA-N	CCCS(=O)(=O)c1nc(NC2CC2)cc(-c2ccc3c(ccn3C3CC(C)(C)NC(C)(C)C3)c2)n1	CHEMBL3785432	NVS-CECR2-1
BJFSUDWKXGMUKA-UHFFFAOYSA-N	COc1cc(-c2cn(C)c(=O)c3cnccc23)c(OC)cc1CN(C)C	CHEMBL3823101	BI-9564
CGWBJJZOKGZCSJ-UHFFFAOYSA-N	CCCOc1ccc(CCc2nc3cc(-c4c(C)noc4C)ccc3n2CCN2CCOCC2)cc1	CHEMBL3963965	PF-CBP1
WELBJLUKWAJOQV-UHFFFAOYSA-N	CCOc1cc(N2CCC(O)CC2)ccc1Nc1ncc2c(n1)N(C1CCCC1)CCC(=O)N2C	CHEMBL3974629	Mps1-IN-2
ZHMXXVNQAFCXKK-QGZVFWFLSA-N	C[C@@H]1CCNC(=O)c2cc3ccc(C(=O)Nc4nc5ccccc5n4CCCN(C)C)cc3n21	CHEMBL1933288	BI00645435
HDAJDNHIBCDLQF-RUZDIDTESA-N	O=C(Nc1ccc2[nH]nc(-c3ccncc3)c2c1)[C@@H]1CCN(CC(=O)N2CCN(c3ccc(-c4ncccn4)cc3)CC2)C1	CHEMBL3590107	SCH772984
PQSUYGKTWSAVDQ-ZVIOFETBSA-N	C[C@]12CCC(=O)C=C1CC[C@@H]1[C@@H]2[C@@H](O)C[C@]2(C=O)[C@@H](C(=O)CO)CC[C@@H]12	CHEMBL273453	ALDOSTERONE
HWGQMRYQVZSGDQ-HZPDHXFCSA-N	Cn1ncnc1[C@H]1c2n[nH]c(=O)c3cc(F)cc(c23)N[C@@H]1c1ccc(F)cc1	CHEMBL3137320	TALAZOPARIB
ARJCBSRIPGJMAD-LLVKDONJSA-N	NC(=O)c1noc([C@H](CCCC2CCCCC2)CC(=O)NO)n1	CHEMBL226630	UK 383367
SFMJNHNUOVADRW-UHFFFAOYSA-N	C=CC(=O)Nc1cc(-n2c(=O)ccc3cnc4ccc(-c5ccc(NS(C)(=O)=O)cc5)cc4c32)ccc1C	CHEMBL4091991	BMX-IN-1
UYUHRKLITDJEHB-UHFFFAOYSA-N	COc1ccc(N(C(=O)Nc2c(C)cccc2C)c2cc(Nc3ccc(N4CCN(C)CC4)cc3)ncn2)c(OC)c1	CHEMBL4553284	HG-9-91-01
UEMQPCYDWCSVCU-UHFFFAOYSA-N	COc1cc(C#N)ccc1S(=O)(=O)Nc1ccc2c(c1)cc(C)c(=O)n2C	CHEMBL3752151	NI-57
VEPKQEUBKLEPRA-UHFFFAOYSA-N	O=c1ncn2nc(Sc3ccc(F)cc3F)ccc2c1-c1c(Cl)cccc1Cl	CHEMBL119385	Neflamapimod
NDEXUOWTGYUVGA-LJQANCHMSA-N	Cn1cc(-c2[nH]c3cc(NC(=O)[C@H](N)C4CCCCC4)cc4c(=O)[nH]ncc2c34)cn1	CHEMBL3990456	PF-477736
TXGKRVFSSHPBAJ-JKSUJKDBSA-N	NC(=O)c1cnc(N[C@@H]2CCCC[C@@H]2N)nc1Nc1cccc(-n2nccn2)c1	CHEMBL2177736	PRT062607
RRZVGDGTWNQAPW-UHFFFAOYSA-N	Cn1cc(CCn2cnc(-c3cnn(C)c3)c2-c2ccc(C#N)cc2)cn1	CHEMBL4296718	BAZ2-ICR
WUJVPELCYCESAP-UHFFFAOYSA-N	O=C(O)CC1CCC2(CC1)CCN(c1cc(OC(F)(F)F)ccc1Cl)CC2	CHEMBL3919973	GPR120-IN-1
ZKXZLIFRWWKZRY-KRWDZBQOSA-N	O=C(NC[C@H](O)CN1CCc2ccccc2C1)c1cc(NC2COC2)ncn1	CHEMBL4060831	EPZ015666
SUNXHXDJOIXABJ-NSHDSACASA-N	Cc1cc(Nc2nc(N[C@@H](C)c3ccc(F)cc3)c(C#N)cc2F)n[nH]1	CHEMBL1774055	AZ-960
FSZPIAXLCCQFCM-FCQUAONHSA-N	CN(C)Cc1cccc(N/C(=C2\C(=O)Nc3cc(C(N)=O)ccc32)c2ccccc2)c1	CHEMBL4303171	BIX-02188
JZWXMCPARMXZQV-UHFFFAOYSA-N	CCCCN(Cc1ccc(C(=O)NO)cc1)C(=O)Nc1ccccc1	CHEMBL2179618	NEXTURASTAT A
ZOIBZSZLMJDVDQ-UHFFFAOYSA-N	Cc1cc(C)c(CNC(=O)c2cc(-c3ccc(CN4CCOCC4)cc3)cc3c2cnn3C2CCCC2)c(=O)[nH]1	CHEMBL3360855	EPZ005687
WVVXBPKOIZGVNS-UHFFFAOYSA-N	CC(=O)NCCc1c(Cc2ccccc2)[nH]c2ccccc12	CHEMBL286615	LUZINDOLE
JSVNNLRZCJAYTQ-ORYQWCPZSA-N	C[C@@H](CN1CCC(n2c(=O)[nH]c3cc(Br)ccc32)CC1)NC(=O)[C@@H]1C[C@H]1c1ccccc1	CHEMBL524182	VU0359595
CYNLZIBKERMMOA-AWQFTUOYSA-N	COC(=O)c1cnn(-c2ccc(F)cc2F)c1/C=N/NC(=S)NC(C)(C)C	CHEMBL1708510	CID 2745687
ULNXAWLQFZMIHX-UHFFFAOYSA-N	CCCc1cc(C)[nH]c(=O)c1CNC(=O)c1cc(-c2ccnc(N3CCN(C)CC3)c2)cc2c1cnn2C(C)C	CHEMBL2204995	GSK343
HKROEBDHHKMNBZ-CHBKHGQFSA-N	CCC(=N\O)/C(C)=C/c1ccc(F)cc1	CHEMBL3697701	A-967079
JGPJQFOROWSRRS-UHFFFAOYSA-N	Cc1nnc2n1-c1sc(CCC(=O)N3CCOCC3)cc1C(c1ccccc1Cl)=NC2	CHEMBL280164	APAFANT
BHUZLJOUHMBZQY-YXQOSMAKSA-N	O=C(CCCCCCC(=O)Nc1ccc([C@@H]2O[C@H](c3ccc(CO)cc3)C[C@H](CSc3nc(-c4ccccc4)c(-c4ccccc4)o3)O2)cc1)NO	CHEMBL356769	TUBACIN
QASFUMOKHFSJGL-LAFRSMQTSA-N	CC1=C2C[C@H]3[C@@H](CC=C4C[C@@H](O)CC[C@@]43C)[C@@H]2CC[C@]12O[C@@H]1C[C@H](C)CN[C@H]1[C@H]2C	CHEMBL254129	CYCLOPAMINE
PKNYXWMTHFMHKD-UHFFFAOYSA-N	CC(C)(Sc1ccc(CCN(CCCCC2CCCCC2)C(=O)NC2CCCCC2)cc1)C(=O)O	CHEMBL21241	GW7647
OYMNPJXKQVTQTR-UHFFFAOYSA-N	FC(F)(F)c1cccc(-c2noc(-c3cc(-c4ccccc4)c(C(F)(F)F)s3)n2)c1	CHEMBL224720	SEW-2871
SGIWFELWJPNFDH-UHFFFAOYSA-N	O=S(=O)(c1ccccc1)N(CC(F)(F)F)c1ccc(C(O)(C(F)(F)F)C(F)(F)F)cc1	CHEMBL62136	TO-901317
PQUGCKBLVKJMNT-UHFFFAOYSA-N	COc1ccc(-n2nc(C(F)(F)F)cc2-c2ccc(Cl)cc2)cc1	CHEMBL26915	SC-560
HIFJCPQKFCZDDL-ACWOEMLNSA-N	CC#CCC(C)[C@H](O)/C=C/[C@@H]1[C@H]2C/C(=C/CCCC(=O)O)C[C@H]2C[C@H]1O	CHEMBL494	ILOPROST
RBUYFHLQNPJMQM-UHFFFAOYSA-N	COc1cc(-c2cn(C)c(=O)c3cnccc23)cc(OC)c1CN(C)C	CHEMBL3823478	BI-7273
JCKGSPAAPQRPBW-OAQYLSRUSA-N	O=C([C@@H](Cc1cccc(C(F)(F)F)c1)NS(=O)(=O)c1cc(F)c2c(c1)CCNC2)N1CCCC1	CHEMBL3414622	(R)-PFI-2
LXFOLMYKSYSZQS-XKHGBIBOSA-N	CC(C)N(C[C@H]1O[C@@H](n2cnc3c(N)ncnc32)[C@H](O)[C@@H]1O)C1CC(CCc2nc3cc(C(C)(C)C)ccc3[nH]2)C1	CHEMBL3087499	EPZ-5676
LHGUZCKPFXXVPV-GOSISDBHSA-N	CCS(=O)(=O)N1CCC([C@@H](C)n2c(C)c(C(=O)NCc3c(OC)cc(C)[nH]c3=O)c3ccccc32)CC1	CHEMBL3605457	CPI-169
TVTXCJFHQKSQQM-LJQIRTBHSA-N	COc1cc(C(=O)O)ccc1NC(=O)[C@@H]1N[C@@H](CC(C)(C)C)[C@](C#N)(c2ccc(Cl)cc2F)[C@H]1c1cccc(Cl)c1F	CHEMBL2402737	IDASANUTLIN
UJLAWZDWDVHWOW-YPMHNXCESA-N	C[C@@H]1CCN(C(=O)CC#N)C[C@@H]1N(C)c1ncnc2[nH]ccc12	CHEMBL221959	tofacitinib
ZSBOMTDTBDDKMP-OAHLLOKOSA-N	Cn1c(=O)cc(N2CCC[C@@H](N)C2)n(Cc2ccccc2C#N)c1=O	CHEMBL376359	ALOGLIPTIN
SMPGEBOIKULBCT-UHFFFAOYSA-N	CCN1CCN(Cc2ccc(NC(=O)c3ccc(C)c(Oc4ccnc5[nH]ccc45)c3)cc2C(F)(F)F)CC1	CHEMBL4125960	NG25
XRASPMIURGNCCH-UHFFFAOYSA-N	O=P(O)(O)C(O)(Cn1ccnc1)P(=O)(O)O	CHEMBL924	ZOLEDRONIC ACID
TUZYXOIXSAXUGO-PZAWKZKUSA-N	CC[C@H](C)C(=O)O[C@H]1C[C@H](O)C=C2C=C[C@H](C)[C@H](CC[C@@H](O)C[C@@H](O)CC(=O)O)[C@H]21	CHEMBL1144	pravastatin
WSEQXVZVJXJVFP-FQEVSTJZSA-N	CN(C)CCC[C@@]1(c2ccc(F)cc2)OCc2cc(C#N)ccc21	CHEMBL1508	escitalopram
XUKUURHRXDUEBC-KAYWLYCHSA-N	CC(C)c1c(C(=O)Nc2ccccc2)c(-c2ccccc2)c(-c2ccc(F)cc2)n1CC[C@@H](O)C[C@@H](O)CC(=O)O	CHEMBL1487	ATORVASTATIN
CMWRPDHVGMHLSZ-GFCCVEGCSA-N	Cc1ccc(-c2ccc3c(ccc4sc5c(c43)NC[C@@H](C)NC5=O)n2)cn1	CHEMBL1231206	PF3644022
UZWDCWONPYILKI-UHFFFAOYSA-N	CCN1CCN(Cc2ccc(Nc3ncc(F)c(-c4cc(F)c5nc(C)n(C(C)C)c5c4)n3)nc2)CC1	CHEMBL3301610	ABEMACICLIB
ZHXNIYGJAOPMSO-UHFFFAOYSA-N	COc1cc(C)c(Sc2cnc(NC(=O)c3ccc(CNC(C)C(C)(C)C)cc3)s2)cc1C(=O)N1CCN(C(C)=O)CC1	CHEMBL209148	BMS-509744
AECDBHGVIIRMOI-UHFFFAOYSA-N	Nc1ncnc2c1c(-c1cccc(OCc3ccccc3)c1)cn2C1CC(CN2CCC2)C1	CHEMBL3188172	NVP-AEW541
DFQAJLQXPSPNJE-UHFFFAOYSA-N	CN1C(=O)c2ccccc2N(C)c2nc(Nc3ccc(N4CCC(O)CC4)cc3)ncc21	CHEMBL4649424	Aurora-compound 1
SFLKJNSBBVSPFE-UHFFFAOYSA-N	C=CC(=O)Nc1ccc(CN(C(=O)Nc2c(Cl)c(OC)cc(OC)c2Cl)c2cc(Nc3ccc(N4CCN(C)CC4)cc3)ncn2)cc1	CHEMBL4092990	FIIN-3
SAAYRHKJHDIDPH-UHFFFAOYSA-N	Cc1ccc(C(=O)Nc2cccc(C(F)(F)F)c2)cc1Nc1cncc(C(N)=O)c1	CHEMBL552425	ALW-II-49-7
CZSDJYXNNJQXBB-UHFFFAOYSA-N	C=CCC1Oc2cccc(OC)c2-c2ccc3c(c21)C(C)=CC(C)(C)N3	CHEMBL266282	AL-43
NAXSRXHZFIBFMI-UHFFFAOYSA-N	O=C(O)Cc1cccc(OCCCN(Cc2cccc(C(F)(F)F)c2Cl)CC(c2ccccc2)c2ccccc2)c1	CHEMBL59030	GW-3965
MSYKRHVOOPPJKU-BDAKNGLRSA-N	CCC[C@@H]1CC(=O)N([C@@H](CC)C(N)=O)C1	CHEMBL607400	BRIVARACETAM
YXLLQNMKIDBOGH-NDEPHWFRSA-N	CN1C(=O)c2ccccc2[S@](=O)c2ccc(C(=O)NCCc3cccs3)cc21	CHEMBL3234544	ML321
COFMYJWNXSFLKQ-QIROLCGISA-N	CC(/C=C1\SC(=S)N(CCCC(=O)Nc2ccc(C(=O)O)c(O)c2)C1=O)=C\c1ccccc1	CHEMBL1384502	ML 145
XECIGFKOOKPZGH-UHFFFAOYSA-N	CCc1cccc(CC)c1NC(=O)c1ccc(-c2cc(Cl)ccc2Cl)o1	CHEMBL1316334	ML131
UKMHVECLTZDSBD-UHFFFAOYSA-N	O=[N+]([O-])c1ccc(CN2CCOCCOCCN(Cc3ccc([N+](=O)[O-])cc3)CCOCC2)cc1	CHEMBL1401670	ML111
IEWYEWDDQWYJLU-UHFFFAOYSA-N	Cc1cc2c(s1)c1cnn(Cc3ccccc3F)c(=O)c1n2C	CHEMBL1084625	ML082
PMEQBGAGFZDWQX-UHFFFAOYSA-N	CCOc1ccc(NC(=S)N2CCC(C(O)(c3ccccc3)c3ccccc3)CC2)cc1	CHEMBL1543306	ML075
MMKXHTDCKLZHIM-UHFFFAOYSA-N	CCOc1ccc(-c2nc(-c3ccncc3)no2)cc1OCC	CHEMBL1452805	CYM5181
LZNFQRSVDZCPTR-SCFUHWHPSA-N	C#Cc1cccc(Nc2ncnc3c2ncn3[C@@H]2O[C@H](COS(N)(=O)=O)[C@@H](O)[C@H]2O)c1		ABPA3
PCHKPVIQAHNQLW-CQSZACIVSA-N	NC(=O)c1cccc2cn(-c3ccc([C@@H]4CCCNC4)cc3)nc12	CHEMBL1094636	niraparib
JLFSBHQQXIAQEC-UHFFFAOYSA-N	O=c1[nH][nH]c2nc(CN3Cc4ccccc4C3)nc3cccc1c32	CHEMBL3644587	E7449
LCVIRAZGMYMNNT-UHFFFAOYSA-N	O=C(O)C1(Cc2cccc(Nc3nccs3)n2)CCC(Oc2cccc(Cl)c2F)CC1	CHEMBL3182444	MK-5108
JNSLBXJNVHYNNW-CXNSMIOJSA-N	Cc1sc2c(c1C)C(c1ccc(Cl)cc1)=N[C@@H](CC(=O)NCCOCCOCCOCCOCCOCCOCCOCCNC(=O)C[C@@H]1N=C(c3ccc(Cl)cc3)c3c(sc(C)c3C)-n3c(C)nnc31)c1nnc(C)n1-2	CHEMBL5440568	MT1
LVDRREOUMKACNJ-BKMJKUGQSA-N	Cc1cc(=O)n(C)c2cc(N3C(=O)CC[C@H](NS(=O)(=O)CC(C)C)[C@H]3c3ccc(Cl)cc3)ccc12	CHEMBL3753082	LP99
KLHOCHQJHXNKAS-UHFFFAOYSA-N	Cc1ccc(NC(=O)c2ccc3c(c2)OCCO3)cc1NC(=O)c1ccc2nc(OCCN3CCCC3)ccc2c1	CHEMBL4087666	CCT251236
IFWUBRBMMNTBRZ-UHFFFAOYSA-N	Cc1cc(Cn2c(=O)n(Cc3cnc(C)s3)c(=O)c3cc(S(=O)(=O)NC4(C)CC4)ccc32)n(C)n1	CHEMBL4286938	PDD00017273
YKNAKDFZAWQEEO-IBGZPJMESA-N	CCC(=O)N1CCOc2c(cc(-c3ccc(OC)c(OC)c3)cc2OC[C@H]2CCCN(C)C2)C1	CHEMBL3774655	I-CBP112
JCINBYQJBYJGDM-UHFFFAOYSA-N	CCn1c(C(=O)N(C2CC2)C2CC2)cc2c3c(ncn3C)c(Nc3cc(C)n(C)n3)nc21	CHEMBL3545215	BMS-911543
CXJCGSPAPOTTSF-VURMDHGXSA-N	CCOC(=O)c1c(/C(C#N)=C\N)c2ccc(Cl)c(Cl)c2n1C	CHEMBL1236620	KH-CB19
REVJNSVNICWODC-KIDMSAQOSA-N	CN(C)[C@H]1CN(C2CCc3cccc(F)c32)C[C@@H]1c1ccc(N2CCN(S(C)(=O)=O)CC2)cc1	CHEMBL4104741	A-395
LQHDIGAYVSAVRJ-UHFFFAOYSA-N	COc1nnc2ccc(N(C)CCOc3ccc(C4CCN(c5ccc6nnc(OC)n6n5)CC4)cc3)nn12		biBET
BDYDINKSILYBOL-WMZHIEFXSA-N	COc1cc(C(=O)N2CC[C@@H](O)[C@@H](N)C2)cc2nc(-c3cc4ccccc4n3CC3CC3)n(C)c12	CHEMBL4539512	GSK484
PTAMRJLIOCHJMQ-PYNGZGNASA-N	Cc1ncsc1-c1ccc(CNC(=O)[C@@H]2C[C@@H](O)CN2C(=O)[C@@H](NC(=O)COCCOCCOCCNC(=O)C[C@@H]2N=C(c3ccc(Cl)cc3)c3c(sc(C)c3C)-n3c(C)nnc32)C(C)(C)C)cc1	CHEMBL4226570	MZ1
HTFNVAVTYILUCF-UHFFFAOYSA-N	CCOc1cc(C(=O)N2CCC(N3CCN(C)CC3)CC2)ccc1Nc1ncc2c(n1)N(S(C)(=O)=O)c1ccccc1C(=O)N2C	CHEMBL4541479	AX15836
NWGMIELHSCQGOG-ZDUSSCGKSA-N	C[C@H]1Cn2c(nnc2C(C)(F)F)CN1C(=O)c1cccc(C(F)(F)c2n[nH]c(=O)c3ccccc23)c1	CHEMBL3740897	AZ0108
DRSZMILOMUPIBJ-UHFFFAOYSA-N	CNc1nc(NCc2ccc(NS(C)(=O)=O)cc2Cl)cc(-c2ccccn2)n1	CHEMBL3342358	TC-G-1008
NGEBYTLALFOQKI-HDJSIYSDSA-N	O=C(O)C[C@H]1CC[C@H](c2ccc(NC(=O)c3nnc(Nc4ccc(F)c(F)c4)o3)cc2)CC1	CHEMBL2036730	AZD3988
BNYDDAAZMBUFRG-ZDUSSCGKSA-N	N[C@@H](CC(=O)Nc1ccc(Oc2cc(F)c(F)cc2Br)cc1)C(=O)O	CHEMBL1628669	WAY 213613
YDDXVAXDYKBWDX-UHFFFAOYSA-N	CN/C(=N\C#N)NCCSCc1csc(N=C(N)N)n1	CHEMBL269646	TIOTIDINE
SPDQRCUBFSRAFI-DOMZBBRYSA-N	C[C@@H]1COCCN1c1cc(=O)n2c(n1)N(Cc1cncc(Cl)c1)[C@H](C(F)(F)F)CC2	CHEMBL3622372	SAR405
JKMWZKPAXZBYEH-JWHWKPFMSA-N	NCc1ccc(OCCCc2sc(-c3ccc4c(c3)/C(=N/Nc3nc5ccccc5s3)CCC4)nc2C(=O)O)cc1	CHEMBL3342187	WEHI-539
RXPZOSHFGJWSLQ-UHFFFAOYSA-N	Oc1cccc(Nc2ccnc3[nH]c4ccccc4c23)c1	CHEMBL3133821	Tilfrinib
BXNMZRPTQFVRFA-QGZVFWFLSA-N	C[C@H](c1ccc(F)cc1)N(Cc1cccc(C(=O)O)c1)C(=O)c1cnc2ccccc2c1	CHEMBL3577885	PF-05105679
ZMQSLMZOWVGBSM-GXTWGEPZSA-N	CC(C)C[C@H](CO)Nc1nc(S[C@@H](C)c2ccccc2)nc2nc(N)sc12	CHEMBL2349310	KAND567
DRLCSJFKKILATL-YWCVFVGNSA-N	CC(C)[C@@H](CS(=O)(=O)C(C)C)N1C(=O)[C@@](C)(CC(=O)O)C[C@H](c2cccc(Cl)c2)[C@H]1c1ccc(Cl)cc1	CHEMBL3125702	Navtemadlin
GCWIQUVXWZWCLE-INIZCTEOSA-N	Cc1noc2c1-c1ccccc1C(c1ccc(Cl)cc1)=N[C@H]2CC(N)=O	CHEMBL4303404	Pelabresib anhydrous
ZMNWFTYYYCSSTF-SOAUALDESA-N	COc1cc(-c2nn([C@H]3CC[C@H](N4CCN(C(C)=O)CC4)CC3)c3ncnc(N)c23)ccc1NC(=O)c1cc2ccccc2n1C	CHEMBL197603	A-770041
GILNGUYOGYOZMP-MRXNPFEDSA-N	C[C@@H](Oc1cc(-n2cnc3ccc(OC4CCN(C)CC4)cc32)sc1C(N)=O)c1ccccc1Cl	CHEMBL1794070	GSK579289A
LBVKEEFIPBQIMD-JTQLQIEISA-N	CC(C)Oc1cc(Nc2nc(N[C@@H](C)c3ccc(F)cn3)ncc2Cl)n[nH]1	CHEMBL457614	AZD1332
XTEOJPUYZWEXFI-UHFFFAOYSA-N	CCCCOC(=O)NS(=O)(=O)c1sc(CC(C)C)cc1-c1ccc(Cn2ccnc2)cc1	CHEMBL189568	Buloxibutid
DYLJVOXRWLXDIG-UHFFFAOYSA-N	COc1cccc(OC)c1-c1cc(C(=O)NC2(C(=O)O)C3CC4CC(C3)CC2C4)nn1-c1ccnc2cc(Cl)ccc12	CHEMBL506981	meclinertant
WLJNZVDCPSBLRP-UHFFFAOYSA-N	O=C(O)c1cc2ccccc2c(Cc2c(O)c(C(=O)O)cc3ccccc23)c1O	CHEMBL177880	PAMOIC ACID
BYYQYXVAWXAYQC-IBGZPJMESA-N	CC(=O)N[C@@H](Cc1c[nH]c2ccccc12)C(=O)OCc1cc(C(F)(F)F)cc(C(F)(F)F)c1	CHEMBL22870	L-732138
QTNUWEKKZHSUQO-UHFFFAOYSA-N	O=C(O)c1ccc(-c2cc3cccnc3c(-c3cccc([N+](=O)[O-])c3)n2)cc1	CHEMBL74078	PD004582
CXAGHAZMQSCAKJ-WAHHBDPQSA-N	CCO[C@@H]1OC(=O)C[C@@H]1NC(=O)[C@@H]1CCCN2C(=O)CC[C@H](NC(=O)c3nccc4ccccc34)C(=O)N12	CHEMBL437526	PRALNACASAN
YDPMMWAOCCOULO-JBRSBNLGSA-N	CO[C@H]1CNC[C@@H](OCC2CCC(F)(F)CC2)[C@@H]1Nc1ncc(-c2cncc(C)c2)c2cc(C)c(=O)[nH]c12	CHEMBL4206758	GSK8814
OINGHOPGNMYCAB-INIZCTEOSA-N	CC(C)NC(=O)N1CC[C@H](NC2=Nc3cc(F)ccc3N(CC(F)F)c3ccc(Cl)cc32)C1	CHEMBL3609372	NVS-PAK1-1
OFWWWKWUCDUISA-UHFFFAOYSA-N	Cc1cc2c(cc1N1C(=O)c3cccc4c(CCCO)ccc(c34)C1=O)n(C)c(=O)n2C	CHEMBL4086276	BAY-299
CDQRIIUMNLMHRH-UHFFFAOYSA-N	COc1cccc(CNC(=O)c2nc3scc(COCc4ccc(C(=O)O)cc4)c3c(=O)[nH]2)c1	CHEMBL3337894	T-26c
VUIITYLFSAXKIQ-UHFFFAOYSA-N	CNCCN1CCC(c2cc(CN(C)C(=O)c3cccc(Oc4ccccc4)c3)ccn2)CC1	CHEMBL4559961	TP-064
WWOOWAHTEXIWBO-QFRSUPTLSA-N	Nc1ncnc2c1ccn2[C@@H]1O[C@H]([C@H](O)c2ccccc2)[C@@H](O)[C@H]1O	CHEMBL4168754	LLY-283
RHFIAUKMKYHHFA-UHFFFAOYSA-N	N#Cc1ccnc(Nc2cc(C3CCN(C4COC4)CC3)cc(N3CCC(F)(F)C3)n2)c1	CHEMBL3393333	GNE-3511
HPODOLXTMDHLLC-QGZVFWFLSA-N	COc1cc(C)[nH]c(=O)c1CNC(=O)c1c(C)n([C@H](C)C2CCN(CC(F)(F)F)CC2)c2ccccc12	CHEMBL4297463	CPI-1205
JFOAJUGFHDCBJJ-UHFFFAOYSA-N	CCc1cccc(CC)c1NC(=O)c1nn(C)c2c1CCc1cnc(Nc3ccc(C(=O)NC4CCN(C)CC4)cc3OC(F)(F)F)nc1-2	CHEMBL1236095	NMS-P715
VSWYSDPXUHVQCG-DTQAZKPQSA-N	Cc1c(P(=S)(c2ccccc2)c2ccccc2)[n+]2ccccc2n1C/C=C/c1ccccc1	CHEMBL1622930	ML154
NCDZABJPWMBMIQ-INIZCTEOSA-N	CCCSc1nc(N2CCC[C@@H](CC(=O)O)C2)ccc1C(=O)NC1CCCCC1	CHEMBL2153191	AZD-4017
XNULRSOGWPFPBL-REWPJTCUSA-N	N#Cc1ccc(N2N=C3c4ccc(C(=O)O)cc4CC[C@@H]3[C@@H]2C2CCCC2)cc1Cl	CHEMBL1215331	PF-03882845
ZKIQFLSGMMYCGS-SANMLTNESA-N	N[C@@H](CC(=O)N1CCN(C(c2ccc(F)cc2)c2ccc(F)cc2)CC1)C(=O)N1Cc2ccccc2C1	CHEMBL1814633	cpd 1
WVAKRQOMAINQPU-UHFFFAOYSA-N	CCC(C)(C)Cc1cnc(CCc2ccc(-c3ccccn3)cc2)[nH]1	CHEMBL1091720	AK120413
JOFQERPJMGKMMX-QGZVFWFLSA-N	CC(C)Cn1c(=O)n(C)c(=O)c2c(C(=O)N3CC[C@@H](O)C3)c(Cc3ccnc4ccccc34)sc21	CHEMBL205742	AR-C141990
IENLGMOXAQMNEH-CYBMUJFWSA-N	COc1cc(Nc2cnc(C#N)c(O[C@H](C)CN(C)C)n2)ncc1-c1cnn(C)c1	CHEMBL2203843	CCT244747
VOVZXURTCKPRDQ-CQSZACIVSA-N	O=C(Nc1ccc(OC(F)(F)Cl)cc1)c1cnc(N2CC[C@@H](O)C2)c(-c2ccn[nH]2)c1	CHEMBL4208229	asciminib
PAOANWZGLPPROA-RQXXJAGISA-N	CCNC(=O)[C@H]1O[C@@H](n2cnc3c(N)nc(NCCc4ccc(CCC(=O)O)cc4)nc32)[C@H](O)[C@@H]1O	CHEMBL331372	CGS 21680
ASXGJMSKWNBENU-UHFFFAOYSA-N	CCCN(CCC)C1CCc2cccc(O)c2C1	CHEMBL56	DPAT
ILOIOIGZFHGSMS-UHFFFAOYSA-N	O=C(CCCCCCc1ccccc1)c1ncc(-c2ccccn2)o1	CHEMBL177577	OL-135
OGJGQVFWEPNYSB-UHFFFAOYSA-N	Clc1ccc(N2CCN(Cc3c[nH]c4ncccc34)CC2)cc1	CHEMBL267014	L-745870
FOBFICSYUINKAA-XMMPIXPASA-N	CCCCC1(CCCC)N[C@@H](c2ncc(-c3ccccc3)[nH]2)Cc2c1[nH]c1ccccc21	CHEMBL2069499	BN-81644
RZJAODYQRFMAKN-WVSUBDOOSA-N	O=C(/N=N/Nc1nc(NC2CCCC2)c2ncn([C@@H]3O[C@H](CO)[C@@H](O)[C@H]3O)c2n1)Nc1ccccc1	CHEMBL2113457	TCPA
MCIACXAZCBVDEE-CUUWFGFTSA-N	CCOc1ccc(Cc2cc([C@]34OC[C@](CO)(O3)[C@@H](O)[C@H](O)[C@H]4O)ccc2Cl)cc1	CHEMBL1770248	ERTUGLIFLOZIN
AGVNHDNTFYHZNL-QGZVFWFLSA-N	Cc1cccc(S(=O)(=O)N(C)[C@H](C)CCN2CCC(C)CC2)c1	CHEMBL12264	SB-258719
BYVRLIUFCGUMSP-XYFQYJLHSA-N	CC(C)(C)OC(=O)N[C@@H](Cc1ccccc1)C(=O)N[C@](C)(Cc1ccccc1)C(=O)NCCCCCCCNC(N)=O	CHEMBL444832	PD157672
AJBBEYXFRYFVNM-UHFFFAOYSA-N	CCCn1c(=O)c2[nH]c(-c3ccc(OCC(=O)Nc4ccc(C#N)cc4)cc3)nc2n(CCC)c1=O	CHEMBL273807	MRS 1754
MSTXJJGAXXJCBY-UHFFFAOYSA-N	O=C(NCCN1CCC2(CC1)C(=O)NCN2c1cccc(F)c1)c1ccc2ccccc2c1	CHEMBL1254577	VU0364739
AHFLGPTXSIRAQK-UHFFFAOYSA-N	CC(C)(C)c1ccccc1Oc1ncccc1NC(=O)Nc1ccc(OC(F)(F)F)cc1	CHEMBL2333770	BPTU
DNHPDWGIXIMXSA-CXNSMIOJSA-N	CN1Cc2c(Cl)cc(Cl)cc2[C@H](c2cccc(S(=O)(=O)NCCOCCOCCNC(=O)NCCCCNC(=O)NCCOCCOCCNS(=O)(=O)c3cccc([C@@H]4CN(C)Cc5c(Cl)cc(Cl)cc54)c3)c2)C1	CHEMBL3304485	TENAPANOR
NYNZQNWKBKUAII-KBXCAEBGSA-N	O=C(Nc1cnn2ccc(N3CCC[C@@H]3c3cc(F)ccc3F)nc12)N1CC[C@H](O)C1	CHEMBL3889654	larotrectinib
PGKXDIMONUAMFR-AREMUKBSSA-N	CC(=O)NC1(c2ccccc2)CCN(CC[C@H](CN(C)C(=O)c2ccccc2)c2ccc(Cl)c(Cl)c2)CC1	CHEMBL308148	SAREDUTANT
MPMKMQHJHDHPBE-RUZDIDTESA-N	C[C@]1(C(=O)N(CCCC(=O)O)Cc2cccc(Cl)c2)CCN1C(=O)c1csc2ccccc12	CHEMBL3353541	GLPG-0974
CDOOFZZILLRUQH-GDLZYMKVSA-N	Cc1c(NC(=O)c2cc3c(s2)CCCC3)cccc1-c1cn(C)c(=O)c(Nc2ccc([C@@H]3C(=O)N(C)CCN3C)cc2)n1	CHEMBL2057915	GDC-0834
YNVKFHIWFDRVNY-UHFFFAOYSA-N	Oc1cccc(CCN(CCc2ccccc2)CC2CCC2)c1	CHEMBL2180639	HS665
TVMJSGGZULFVCZ-XMMPIXPASA-N	NC(=O)NCc1ccc(CNC(=O)[C@@H](CCCN=C(N)N)NC(=O)C(c2ccccc2)c2ccccc2)cc1	CHEMBL1774204	BIBO3304
LQEHCKYYIXQEBM-FUKIBTTHSA-N	CCCOc1ccc([C@H]2[C@H](C(=O)O)[C@@H](c3ccc4c(c3)OCO4)CN2CC(=O)Nc2c(CC)cccc2CC)cc1	CHEMBL332794	A-192621
RMCSKUADBRROSI-UHFFFAOYSA-N	Cc1ccc2c(OCCN3CCN(Cc4cccc5cccnc45)CC3)cccc2n1	CHEMBL425190	SB-714786
YJPWVCIGSHWNON-UHFFFAOYSA-N	O=C(NCCCCN1CCN(c2cccc(Cl)c2Cl)CC1)c1ccc2c(c1)Cc1ccccc1-2	CHEMBL300780	NGB2904
CMJJZRAAQMUAFH-INIZCTEOSA-N	Cc1cn(-c2cc(NC(=O)c3ccc4c(c3)CN(c3cncnc3)C[C@@H]4C)cc(C(F)(F)F)c2)cn1	CHEMBL4553037	D2202-1
ALGHKWSXJUQNJJ-UHFFFAOYSA-N	CCN(CC)C(=O)c1ccc(C2=CC3(CCNCC3)Oc3ccccc32)c(O)c1	CHEMBL561339	ADL-5747
FOECKIWHCOYYFL-UHFFFAOYSA-N	O=C(O)c1cc(-c2ccc(C3CCNCC3)cc2)c2ccc(-c3ccc(C(F)(F)F)cc3)cc2c1	CHEMBL1800685	PPTN
GMZCYCKIXQZORP-UHFFFAOYSA-N	COc1cc(-c2cn[nH]c2)ccc1C(=O)Nc1ccc2c(c1)CCNCC2	CHEMBL3355059	JNJ-47117096
RSJAXPUYVJKAAA-JPGJPTAESA-N	NC(N)=NCCC[C@H](NC(=O)CC1(CC(=O)N2CCN(C3c4ccccc4NC(=O)c4ccccc43)CC2)CCCC1)C(=O)NCCn1c(=O)n(-c2ccccc2)n(-c2ccccc2)c1=O	CHEMBL540989	BIIE0246
XNHZXMPLVSJQFK-UHFFFAOYSA-O	Cc1ccc(-c2ccc3c(c2)C=C(C(=O)Nc2ccc(C[N+](C)(C)C4CCOCC4)cc2)CCC3)cc1	CHEMBL1178786	E-921
FWYVRZOREBYLCY-UHFFFAOYSA-N	Cc1nnc2n1-c1sc3c(c1C(c1ccccc1Cl)=NC2)CC(C(=O)N1CCOCC1)C3	CHEMBL325439	BEPAFANT
COOGVHJHSCBOQT-MRVPVSSYSA-N	CC(C)c1cc(N2CC[C@@H](N)C2)nc(N)n1	CHEMBL3236549	JNJ-39758979
KUWBXRGRMQZCSS-HSZRJFAPSA-N	NC(N)=NCCC[C@@H](NC(=O)C(c1ccccc1)c1ccccc1)C(=O)NCc1ccc(O)cc1	CHEMBL332347	BIBP3226
OHRDCQFCAWLDBP-SBUREZEXSA-N	Cc1cccc2c1CC[C@H](CN1CCC(c3c(Cl)cccc3Cl)CC1)C[C@@H]2O	CHEMBL559569	SB-612111
FDORQEIHOKEJNX-HSZRJFAPSA-N	CN(CC[C@@H](Oc1ccc(-c2ccccc2)cc1)c1ccc(F)cc1)CC(=O)O	CHEMBL180966	Alx-5407
MMJPVSDTLGFIQW-UHFFFAOYSA-N	CCOC(=O)c1cc2cc(-c3cc(C(=O)NCc4ccc(C(=O)O)cc4)nn3C)ccc2[nH]1	CHEMBL1939876	BI-4394
MWKYMZXCGYXLPL-ZDUSSCGKSA-N	CCC(=O)N1CC[C@H](Nc2ncnc3c2CN(c2cnc(OC)c(C(F)(F)F)c2)CC3)C1	CHEMBL3643413	leniolisib
ZOPNBMMVVZRSGH-NRFANRHFSA-N	CC#C[C@@H](CC(=O)O)c1ccc(OCc2cccc(-c3ccc(C(F)(F)F)cc3)c2)cc1	CHEMBL1829173	AMG-837
FNHAFYQTHUKPIU-UHFFFAOYSA-N	O=C(c1ccc(-c2cccc(Cl)c2)cc1)N1C2CCC1CN(c1ncccn1)C2	CHEMBL3318586	CHEMBL3318586
WDERJSQJYIJOPD-UHFFFAOYSA-N	COc1cc(OC2CCN(C(C)=O)CC2)ccc1C(=O)N1CCC(N2C(=O)OCc3ccccc32)CC1	CHEMBL24781	L-371,257
PRQROPMIIGLWRP-BZSNNMDCSA-N	CSCC[C@H](NC=O)C(=O)N[C@@H](CC(C)C)C(=O)N[C@@H](Cc1ccccc1)C(=O)O	CHEMBL267179	N-Formyl-Met-Leu-Phe
BASFYRLYJAZPPL-UONOGXRCSA-N	c1ccc([C@@H]2C[C@H]2NC2CCNCC2)cc1	CHEMBL4301645	GSK-LSD1
RZFJBSIAXYEPBX-UHFFFAOYSA-N	CCN(CC)S(=O)(=O)c1cc(Nc2nccc(-c3ccnc(-c4ccc(NC(=O)NC)cc4)c3)n2)ccc1Cl	CHEMBL2158866	SMG1i
GMPQGWXPDRNCBL-UHFFFAOYSA-N	COc1cc(-c2nn(CCN3CCC(N(C)C)CC3)c3ncnc(N)c23)ccc1NC(=O)OC(C)(C)C	CHEMBL3824089	eCF506
AFJRYPJIKHMNGL-UHFFFAOYSA-N	FC(F)c1ncn2c1Cn1ncnc1-c1cc(Br)ccc1-2	CHEMBL1080588	RO4938581
BWYBBMQLUKXECQ-GIVPXCGWSA-N	CC(C)C[C@H](NC(=O)c1cc2ccccc2o1)C(=O)N[C@H]1CC[C@@H](C)N(S(=O)(=O)c2ccccn2)CC1=O	CHEMBL203665	RELACATIB
UYFZCWXRMHSLTC-UHFFFAOYSA-N	CCc1ccc(S(=O)(=O)c2nnn3c2nc(NCc2cccs2)c2sccc23)cc1	CHEMBL1394231	compound 1a [PMID: 23597791]
DRIMIUYGTDAQOX-KRWDZBQOSA-N	C[C@@H](CN1CCC(n2c(=O)[nH]c3cc(Cl)ccc32)CC1)NC(=O)c1ccc2ccccc2c1	CHEMBL492572	VU69
DDKHTWASHUKHLD-UHFFFAOYSA-N	Nc1[nH]nc2nc(-c3ccc(NS(=O)(=O)c4cc(Cl)ccc4F)cc3)cnc12	CHEMBL3092468	SGK1-IN-1
HLCHESOMJVGDSJ-LOYHVIPDSA-N	O=C(N[C@H](Cc1ccc(Cl)cc1)C(=O)N1CCC(Cn2cncn2)(C2CCCCC2)CC1)[C@H]1Cc2ccccc2CN1	CHEMBL339053	THIQ
SBVYURPQULDJTI-UHFFFAOYSA-N	CCOC(=O)NC(=N)c1ccc(OCc2cccc(COc3ccc(C(C)(C)c4ccc(O)cc4)cc3)c2)cc1	CHEMBL1742420	AMELUBANT
KNVIUMWNYXDULF-UHFFFAOYSA-N	COc1ccc(Oc2cc3c(cc2NS(=O)(=O)c2ccc(OC)c(OC)c2)n(C)c(=O)n3C)cc1	CHEMBL3769965	PMID25974391C34
GJMZWYLOARVASY-NTCAYCPXSA-N	CN(C)C(=O)/C(C#N)=C/c1ccc(-c2nc3cnc4[nH]ccc4c3n2C2CCCCC2)o1	CHEMBL4564280	FM-381
HHKGVQGXRGQBBA-UHFFFAOYSA-N	CNc1ncnc(-c2cccnc2Oc2ccc(F)c(C(=O)Nc3cc(C(F)(F)F)ccc3N(C)CCCN(C)C)c2)n1	CHEMBL373882	CHEMBL373882
VZAFGXCWAWRULT-UONOGXRCSA-N	CN1C[C@H](Nc2cnn(C)c(=O)c2Br)C[C@H](c2ccccc2)C1	CHEMBL4069412	GSK4027
PUKBOVABABRILL-YZNIXAGQSA-N	Cc1ccc(NC(=O)[C@H]2CCCN(C(=O)c3c(C)cccc3F)[C@H]2c2ccc(NC3CCCC3)cc2)cc1C(F)(F)F	CHEMBL3989871	avacopan
CLSNATLUIXZPMV-UHFFFAOYSA-N	O=C(N1CCC(C(c2ccc3c(c2)OCO3)c2ccc3c(c2)OCO3)CC1)n1cncn1	CHEMBL3087181	JJKK-048
DYIRSNMPIZZNBK-UHFFFAOYSA-N	CS(=O)(=O)c1ccc(-c2cnc(NCc3ccco3)n3cnnc23)cc1	CHEMBL4065484	EED226
SOYCFODXNRVBTI-UHFFFAOYSA-N	CN(C)CC#Cc1ccc(OCCCc2sc(N3CCc4cccc(C(=O)Nc5nc6ccccc6s5)c4C3)nc2C(=O)O)c(F)c1	CHEMBL3342332	A-1155463
LIIWIMDSZVNYHY-UHFFFAOYSA-N	O=C(NO)c1cnc(NC2(c3ccccc3)CC2)nc1	CHEMBL3655950	ACY-738
HKTBYUWLRDZAJK-UHFFFAOYSA-N	Cc1cc(Nc2cc(N)ncn2)c(=O)n2c1C(=O)NC21CCCCC1	CHEMBL4073443	tomivosertib
DFBDRVGWBHBJNR-BBNFHIFMSA-N	C[C@@H]1Cc2c([nH]c3ccccc23)[C@@H](c2c(F)cc(/C=C/C(=O)O)cc2F)N1CC(C)(C)F	CHEMBL3623004	AZD-9496
XMBSZPZJLPTFMV-UHFFFAOYSA-N	Cc1nn(C)c(C)c1NS(=O)(=O)c1c(Cl)cc(-c2ccnc(N3CCNCC3)c2)cc1Cl	CHEMBL1230468	DDD85646
NRSGWEVTVGZDFC-UHFFFAOYSA-N	Cc1c[nH]c2nccc(Oc3c(F)cc(Nc4cc(Cl)nc(N)n4)cc3F)c12	CHEMBL1971943	BAY-549
ZFBHXVOCZBPADE-SSEXGKCCSA-N	Cc1c(-c2c(-c3ccc(F)o3)sc3ncnc(O[C@H](Cc4ccccc4OCc4ccnn4CC(F)(F)F)C(=O)O)c23)ccc(OCCN2CCN(C)CC2)c1Cl	CHEMBL4439276	S63845
MSFPLTWUFWOKBX-IFXJQAMLSA-N	Cc1nnc2c3ccccc3c(N[C@@H](C)[C@H](c3ccccc3)N(C)C)nn12	CHEMBL4570969	L-Moses
QKPUKWQKXUUTOK-UHFFFAOYSA-N	CC1(C#N)CN(c2cc(COc3ccc(F)c(F)c3F)nc(-c3ccccn3)n2)C1	CHEMBL3740291	GPR40ant39
BFTKDWYIRJGJCA-CYBMUJFWSA-N	C[C@@H]1CC(=O)Nc2cccc(-c3ccc4c(c3)c(-c3cnn(C)c3)nn4C)c2N1	CHEMBL3814752	CPI-637
WNEILUNVMHVMPH-UHFFFAOYSA-N	COc1ccc(Oc2cc(NCCC(F)(F)F)c3ncc(-c4ccc(C(=O)NC5CC5)c(C)c4)n3n2)c(F)c1F	CHEMBL4456085	BAY1217389
NDVQUNZCNAMROD-RZUBCFFCSA-N	Cc1ncsc1-c1ccc(CNC(=O)[C@@H]2C[C@@H](O)CN2C(=O)[C@@H](NC(=O)C2(C#N)CC2)C(C)(C)C)cc1	CHEMBL4225537	VH298
XRDVXQQZLHVEQZ-UHFFFAOYSA-N	O=C(NCc1ccc(S(=O)(=O)c2cc(F)cc(F)c2)cc1)c1ccc2nccn2c1	CHEMBL2420629	GNE-617
XKBSPAZCFAIBJL-OAHLLOKOSA-N	CN(C)[C@@H]1CCN(c2cc(-c3ccccc3)nc3ccnn23)C1	CHEMBL4520293	(R)-ZINC-3573
REQQVBGILUTQNN-UHFFFAOYSA-N	CCc1nc2c(C)cc(N3CCN(CC(=O)N4CC(O)C4)CC3)cn2c1N(C)c1nc(-c2ccc(F)cc2)c(C#N)s1	CHEMBL3828074	Ziritaxestat
LYPAFUINURXJSG-AWEZNQCLSA-N	CN1C(=O)[C@@H](NC(=O)c2n[nH]c(Cc3ccccc3)n2)COc2ccccc21	CHEMBL4071864	GSK-2982772
HBOJWAYLSJLULG-UHFFFAOYSA-N	CNCCN1CCC(OCc2ccccc2)CC1	CHEMBL3961701	MS049
UOVSZRTTWLJPHE-HNXAPSNLSA-N	COc1cc(C(N)=O)ccc1NC(=O)[C@@H]1N[C@@H](CC(C)(C)C)[C@@]2(C(=O)Nc3cc(Cl)sc32)[C@H]1c1cccc(Cl)c1F	CHEMBL3109040	RO5353
CGCOPBXAGSCZNX-FNQJWKMRSA-N	COc1cc(C(N)=O)ccc1NC(=O)[C@@H]1N[C@@H](CC(C)(C)C)[C@@]2(C(=O)Nc3cc(Cl)ncc32)[C@H]1c1cccc(Cl)c1F	CHEMBL3109042	RO2468
ZDNGJXBUEQNFBQ-GCJKJVERSA-N	COc1cc([C@@H](CC(=O)O)c2ccc(C)c(CN3C[C@@H](C)Oc4ccccc4S3(=O)=O)c2)cc2nnn(C)c12	CHEMBL3819587	KI-696
HNLHOKSDTBAERS-CWIPYCOQSA-N	CC(C)(C)S(=O)(=O)C[C@H](C1CC1)N1C(=O)[C@@](C)(Cc2ncc(CC(=O)O)s2)C[C@H](c2cccc(Cl)c2)[C@H]1c1ccc(Cl)c(F)c1	CHEMBL3236357	AM-6761
BPLVDYJDAVYLRQ-UHFFFAOYSA-N	COCCc1ccc(-c2c(C)nc3c(N4CCOCC4)ccnn23)cn1	CHEMBL2180408	JNJ-42396302
ZBCMHWUFWQFPLV-VVOJOOEHSA-N	CNc1ncc2cc(-c3ccc(-c4cccc(C)n4)cc3Cl)c(=O)n(C[C@H]3OC[C@H](N)CO3)c2n1	CHEMBL3770443	G-5555
XOPYFXBZMVTEJF-PDACKIITSA-N	CO[C@]12C=C[C@](C)(O1)[C@@H](OC(=O)/C=C/c1cn(C)cn1)C[C@H]1C(C)=CC[C@H](C(C)C)[C@H]1/C=C\2CO[C@@H]1OC[C@@H](O)[C@@H](O)[C@@H]1OC(C)=O	CHEMBL504387	ELEUTHEROBIN
QYDASSGXBXGRBS-CKJXQJPGSA-N	C[C@]1(C(=O)[C@H](Cc2ccccc2)NC(=O)[C@H](CO)NC(=O)c2cccc(=O)[nH]2)CO1	CHEMBL4100295	KZR-504
AEJOEPSMZCEYJN-HXUWFJFHSA-N	CN(C(=O)Cc1ccc(Cl)c(Cl)c1)[C@H](CN1CCCC1)c1ccccc1	CHEMBL38576	ICI-199441
HZHUKQLWLNDVDZ-IBDVCRJISA-N	COc1ccc(CCNC(=O)[C@H](CC[C@H](CNCc2ccccc2)C[C@H]2O[C@@H](n3cnc4c(N)ncnc43)[C@H](O)[C@@H]2O)NC(=O)CC(C)(C)C2=C(C)C(=O)C(C)=C(C)C2=O)cc1		SKI-73
BSISGUIVBKDTQO-QIKYYPRYSA-N	COc1cc(Cl)c(C(=O)N[C@@H](CN[C@H]2CC[C@@H](N)CC2)Cc2ccc(C#N)cc2)cc1-c1ccc(CN[C@H](C)c2ccc(C)cc2)o1	CHEMBL4536031	BAY-850
BKLJDIJJOOQUFG-UHFFFAOYSA-N	Cc1c(NC(=O)c2cc(C(N)=O)nc3cc(F)ccc23)c(C(F)(F)F)nn1Cc1ccc(C#N)cc1	CHEMBL4448899	BAY-876
ONBSHRSJOPSEGS-INIZCTEOSA-N	CS(=O)(=O)c1ccc(Oc2cc(F)cc(C#N)c2)c2c1[C@H](O)C(F)(F)C2	CHEMBL4173075	PT-2385
VMJFTOSOFDEKTM-UHFFFAOYSA-N	Cn1cc(-c2cnc3ccc4ccc(CS(=O)(=O)NCc5ccccn5)cc4c(=O)c3c2)cn1	CHEMBL2323775	MK-8033
KDFQABSFVYLGPM-QFIPXVFZSA-N	Cc1cccc(NC(=O)N[C@@H]2N=C(c3ccccc3)c3ccccc3N(C)C2=O)c1	CHEMBL9387	L-365260
BBIPVJCGIASXJB-PKTZIBPZSA-N	CN1C(=O)c2c(nn(Cc3ccc(-c4cccc(F)n4)cc3)c2Nc2ccccc2)N2C1=N[C@@H]1CCC[C@@H]12	CHEMBL3769414	ITI-214
HFLMLZKGLUEWBU-UHFFFAOYSA-N	CSc1ccccc1Nc1nc(N2CCNCC2)nc2c(NCC3CC3)ncnc12	CHEMBL2017214	KHK-IN-1
UULIGRNKXHCLQN-WGSAOQKQSA-N	Nc1nc(NC[C@H]2CC[C@H](CNS(=O)(=O)c3cccc4ccccc34)CC2)nc2ccccc12	CHEMBL17645	CGP-71683A
MJRGSRRZKSJHOE-UHFFFAOYSA-N	Cc1noc(NS(=O)(=O)c2cccc3c(N(C)C)cccc23)c1C	CHEMBL267458	BMS-182874
MIXIIJCBELCMCZ-VWLOTQADSA-N	Cc1nc2ccccc2c(-c2ccc3c4c(ccnc24)CCO3)c1[C@H](OC(C)(C)C)C(=O)O	CHEMBL3259907	BI 224436
FRPJGTNLZNXQEX-UHFFFAOYSA-N	c1ccc(N2CCN(Cc3nc4ccccc4[nH]3)CC2)nc1	CHEMBL440687	A-369724
AOTRIQLYUAFVSC-UHFFFAOYSA-N	CN(C)CCCOc1ccc(-c2ccc3ncc4c(c3c2)n(C2CCOCC2)c(=O)n4C)cn1	CHEMBL3960662	AZD0156
ATUUNJCZCOMUKD-OKILXGFUSA-N	C[C@H]1CN(c2cc(-c3n[nH]c4ccc(OC5(C)CC5)cc34)ncn2)C[C@@H](C)O1	CHEMBL4098877	Merck LRRK2 inhibitor-2
JKDGKIBAOAFRPJ-ZBINZKHDSA-N	CC[C@H]1[C@@H](COc2nccc3cc(C(N)=O)c(OC)cc23)NC(=O)[C@H]1F	CHEMBL4081711	PF-06650833
ODRITQGYYWHQGM-INIZCTEOSA-N	Cc1n[nH]c2ncc(C(=O)N3CCC[C@H]3c3ccc(Cl)cc3)cc12	CHEMBL3903492	MSC2530818
VRVJKILQRBSEAG-LFPIHBKWSA-N	CNC(=O)Nc1ccc2c(c1)CC[C@@]21OC(=O)N(CC(=O)N(Cc2ccc(F)cc2)[C@@H](C)C(F)(F)F)C1=O	CHEMBL4282264	A-485
LGLHCXISMKHLIK-UHFFFAOYSA-N	COc1cc(N2CCN(C)CC2)ccc1Nc1ncc2c(n1)N(C)c1ccccc1C(=O)N2	CHEMBL1672987	XMD8-87
PWIPORDFWDZCJG-UHFFFAOYSA-N	COc1ccc(C2(O)OC(=O)C(c3ccc4c(c3)OCO4)=C2Cc2cc(OC)c(OC)c(OC)c2)cc1	CHEMBL8981	CI 1020
XLEVMSDNWOWFNX-UHFFFAOYSA-N	Cc1[nH]n(-c2ccc(OC(F)(F)F)cc2)c(=O)c1C1(C(F)(F)F)C(=O)N(c2ccccc2)C2=C1C(=O)CC(C)(C)C2	CHEMBL449121	ELOVL6-IN-2
HHRZBUWNLICHOO-UHFFFAOYSA-N	Cc1ccoc1C(=O)Nc1ccc(N2C(=O)c3cccc(F)c3C2=O)c(Cl)c1	CHEMBL3628113	VU0486321
GRXCLNMCJWKTAT-UHFFFAOYSA-N	COc1cccc(CC(=O)N2Cc3ccc(S(=O)(=O)Nc4cnn(C5CCC5)n4)cc3C2)c1	CHEMBL3613709	PF-06471553
QZUKGDYPSXQBSQ-VXKWHMMOSA-N	COc1cc([C@@H](O)CN2CCN(C[C@H](O)c3ccc4c(c3C)COC4=O)CC2)ncc1C#N	CHEMBL3612810	CHEMBL3612810
AXVLPJHYYFHCHK-UHFFFAOYSA-N	Cc1csc(NC(=O)c2cc(F)cc(Oc3cncnc3)c2)n1	CHEMBL2440659	VU 0409106
TZKQFDIFVZAYER-UHFFFAOYSA-N	COc1ccc(C(=O)Nc2cc(Br)cc3c(=O)cc(C(=O)O)oc23)cc1	CHEMBL2392174	PSB-13253
XPLWBHWPOUEOSJ-GSZYCOFVSA-N	COc1ccc(F)c(-c2ccc(COc3ccc4c(c3)[C@]3(CC4)C[C@H]3C(=O)O)cc2[C@@H]2CCCC2(C)C)c1	CHEMBL2385460	AM-5262
OFGZKSUTEKHHAS-UHFFFAOYSA-N	CCOc1cc(CN2CCC(Nc3nc4cc(S(N)(=O)=O)ccc4o3)CC2)cc(OCC)c1N	CHEMBL236788	CHEMBL236788
NTIFDLOQPKMIJK-AJTFRIOCSA-N	Cc1nc([C@]2(c3cnn(C)c3)N[C@@H](c3nc(-c4ccc(F)cc4)c[nH]3)Cc3c2[nH]c2ccccc32)no1	CHEMBL2204935	MK-4256
VJXBYUITQBTTQM-DSRNDQRRSA-N	CC[C@H](C)[C@H]1NC(=O)[C@H]2CSSCC/C=C/[C@H](CC(=O)N[C@H](CCSC)C(=O)N2)OC(=O)C[C@@H]1O	CHEMBL1836142	THAILANDEPSIN A
YPPSMYLMSKHYAY-UHFFFAOYSA-N	Cc1ccc2cc(-c3c(C)ccc(C(=O)c4c(-c5ccccc5)n(C)n(-c5ccccc5)c4=O)c3N)ccc2n1	CHEMBL3407862	AMG-PERK-44
NXFIEIXVSJMOQL-UHFFFAOYSA-N	Cc1cc2[nH]ncc2cc1-c1ccccc1C(F)(F)F	CHEMBL3298923	CHEMBL3298923
NNUFRZJZOXVZIT-FQEVSTJZSA-N	N#Cc1ccc(-c2ccc(C[C@@H](C#N)NC(=O)C3(N)CCOCC3)cc2)cc1	CHEMBL3261926	CHEMBL3261926
BRJXJOWXAFLRTE-OAQYLSRUSA-N	CC1CCN(C(=O)[C@@H](CCn2cccc2C#N)NS(=O)(=O)c2cccc3[nH]ccc23)CC1	CHEMBL5303460	BI-6901
KMESAVNRPDKZCQ-UHFFFAOYSA-N	CCOCCn1cc(C(=O)Nc2ccc(-n3nc(-c4cccnc4)cc3C(F)(F)F)cn2)ccc1=O	CHEMBL4516982	BI-1935
AUIFRJWXYUNPPV-QFIPXVFZSA-N	CCS(=O)(=O)c1cc2cc(C[C@](O)(CC(C)(C)c3ccc(F)cc3C(N)=O)C(F)(F)F)[nH]c2cn1	CHEMBL3358954	BI 653048
JZTTUZXIQIRVAB-FZEVHQGJSA-N	C[C@H](NC(=O)c1cnc2n1[C@](C)(Cc1ccc(C#N)cc1)C(=O)N2c1cc(Cl)c(F)c(Cl)c1)C(=O)NC1(c2ccccn2)CC1	CHEMBL4530740	BI-1950
RRELDGDKULRRDM-UHFFFAOYSA-N	O=C1CCc2cc(Nc3cc(OC4CCOCC4)c([N+](=O)[O-])cc3Cl)ccc2N1	CHEMBL4075278	TP-021
WKIALOXOAZXGMG-UHFFFAOYSA-N	C=C1c2cc(OCCOC)cnc2C=CN1C(C)c1nnc2c(F)cc(-c3cnn(C)c3)cn12		AMG-337
VUOYAALVGSMUHC-UHFFFAOYSA-N	O=C(NCc1ccc(F)cc1)C1CCN(S(=O)(=O)c2cc(Cl)cc(Cl)c2)CC1	CHEMBL4757114	BI01383298
VNCIWNGCMAKKEO-UHFFFAOYSA-N	CCCCN(Cc1ccccc1)C(=O)c1ccc(S(=O)(=O)Nc2ccccc2)cc1	CHEMBL4790618	TH257
CKFRXCBNKKOFGO-IGEOTXOUSA-N	C[C@H]1CC(=O)Nc2cc(C(=O)NCCC3CC3)ccc2N1C(=O)N1CC2CC2C1	CHEMBL4746525	BAY-6035
MLJVGAYSVYMPSB-MSUKGTQXSA-N	CC1=C(C)C(=O)C(C(C)(C)CC(=O)N(CCCCSC[C@H]2O[C@@H](n3cnc4c(N)ncnc43)[C@H](O)[C@@H]2O)Cc2cccc(-c3ccc(Cl)cc3)c2)=C(C)C1=O	CHEMBL5094158	SGC3027
AUOSKLDNVNGKRR-UHFFFAOYSA-N	COc1cc(Nc2ccnc3ccc(Br)cc23)cc(OC)c1OC	CHEMBL4443342	CA93.0
UCBIQZUJJSVQHL-UHFFFAOYSA-N	CCN(CC)S(=O)(=O)Nc1cccc(-c2ccc3c(NC(=O)C4CC4)n[nH]c3c2)c1	CHEMBL4452939	SGC-AAK1-1
VRQXRVAKPDCRCI-ZNMIVQPWSA-N	C[C@@H]1C[C@H](N)C[C@H](c2ccncc2NC(=O)c2ccc(F)c(-c3c(F)cccc3F)n2)C1	CHEMBL3651966	LGH-447
BHKDKKZMPODMIQ-UHFFFAOYSA-N	COCCNc1cc(NC(=O)N2CCCc3cc(CN4CCN(C)CC4=O)c(C=O)nc32)ncc1C#N	CHEMBL3908979	roblitinib
MOWXJLUYGFNTAL-DEOSSOPVSA-N	COc1ccc([C@@H](O)c2cc(-c3ncnc4cc(N5CCOCC5)ccc34)c(F)cc2Cl)nn1	CHEMBL4297629	Nedisertib
ZDBWLRLGUBSLPG-FDHYQTMZSA-N	COc1ccc(CC[C@@H](OC(=O)[C@@H]2CCCCN2C(=O)[C@H](c2cc(OC)c(OC)c(OC)c2)C2CCCCC2)c2cccc(OCCN3CCOCC3)c2)cc1OC	CHEMBL3623630	SAfit2
VWEDZTZAXHMZIL-UHFFFAOYSA-N	COc1cc(CCNCc2ccccc2O)c(OC)cc1C#N	CHEMBL5184791	NBOH-2C-CN
YSVWFFNZZGLLAI-XNTOLAJGSA-N	CNC(=N)NCCC[C@H](NC(=O)[C@H](CC(C)C)NC(=O)NNC(=O)[C@H](Cc1ccccc1)NC(=O)[C@H](CO)NC(=O)[C@H](CC(N)=O)NC(=O)[C@@H](Cc1ccncc1)NC(=O)[C@H](N)Cc1ccc(O)cc1)C(=O)N[C@@H](Cc1ccccc1)C(N)=O	CHEMBL3086284	KISS1-305
MPASHPJAIUOWCK-UHFFFAOYSA-N	Cc1cc(C)c(-n2ccn3nc(-c4cccnc4)cc23)cc1NC(=O)c1cc(C#N)cc(S(F)(F)(F)(F)F)c1	CHEMBL3907057	BAY-826
ZGBAPSHWPBXEKN-OPHFCASCSA-N	O=C(c1ccc(OCCC2CCOCC2)cc1)[C@H]1CC[C@@H](Cn2nnc3ccccc3c2=O)[C@@H]1C(=O)O	CHEMBL4585243	BAY-7598
QKVFMAAIXZONRN-UHFFFAOYSA-N	CC1=C(C#N)C(c2ccc3[nH]nc(C)c3c2)C(C#N)=C(C)N1	CHEMBL4593677	BAY-474
QMHRLXNEGYTSRV-UHFFFAOYSA-N	CC(=O)N1CCC(c2ccc(C(=O)NC(=N)N)cc2C(F)(F)F)CC1	CHEMBL2170610	BI-9627
GBAKVEWPYUIGHN-UHFFFAOYSA-N	O=c1nc(-c2ccccn2)sc2ccccc12	CHEMBL4516611	TP-010
BNTAEJNPQLMGDJ-LLVKDONJSA-N	Cc1nc(N2CC[C@@H](O)C2)ncc1-c1cc(C(F)(F)F)cc2[nH]ncc12	CHEMBL3799512	TP-004
YNFDIGJKJPNFFD-SJORKVTESA-N	CCC(=O)N[C@H]1CC[C@@H](C(=O)N(C)c2ccc(-c3nc4ccccc4o3)cc2)C1	CHEMBL1834184	BI 99179
OAEWNSKRLBVVBV-QSEAXJEQSA-N	CCCCN(CCCC)C(=O)CN1C[C@H](c2cc(OC)c3c(c2)OCO3)[C@@H](C(=O)O)[C@@H]1CC(C)(C)CCC	CHEMBL111612	A-216546
JTCAGRAKUAAYDY-OAHLLOKOSA-N	CN([C@@H]1CCc2c(CC(=O)O)c3ccccc3n2C1)S(=O)(=O)c1ccc(F)cc1	CHEMBL561132	CRTH2 antagonist
RAXZSEGXMBWYQK-SNVBAGLBSA-N	C[C@@H](NC(=O)Nc1cc2[nH]ncc2c(CO)n1)c1ccccc1	CHEMBL4538174	ERKi
WDZVWDXOIGQJIO-UHFFFAOYSA-N	O=S(=O)(NC1CCC(c2cc(F)ccc2F)(S(=O)(=O)c2ccc(Cl)cc2)CC1)C(F)(F)F	CHEMBL1091513	MRK-560
VHSIAYLBCLUAFT-UHFFFAOYSA-N	CC(=O)Nc1c(C(C)=O)c(=O)n(C)c2nc(-c3ccc(Cl)cc3Cl)c(-c3ccc(Cl)cc3)cc12	CHEMBL204232	MRL-650
OYKPWSZSBLRRPL-HOYKHHGWSA-N	Cc1cc(Nc2nccc(C)n2)cc(-c2cnc([C@@]3(O)CC[C@H](C(=O)O)C(C)(C)C3)s2)c1	CHEMBL3685796	MRL-SYKi
WKDNQONLGXOZRG-HRNNMHKYSA-N	CC#Cc1cncc(-c2ccc3c(c2)[C@@]2(N=C(C)C(N)=N2)[C@]2(CC[C@H](OC)CC2)C3)c1	CHEMBL3989948	Lanabecestat
RUBYHLPRZRMTJO-MOVYNIQHSA-N	CN(C)C/C=C/C(=O)Nc1ccc(C(=O)N2CCC[C@@H](Nc3ncc(Cl)c(-c4c[nH]c5ccccc45)n3)C2)cc1	CHEMBL4163879	THZ531
NCWQLHHDGDXIJN-UHFFFAOYSA-N	Cc1cc(-c2nnc(N)nc2-c2ccc(F)cc2)cc(Cl)n1	CHEMBL4594442	IMARADENANT
BFQXKVQNLASVSU-JTHBVZDNSA-N	CC(C)NC(=O)[C@H]1CCC[C@H]1Nc1nc(Nc2ccc(C(=O)N(C)C3CCN(C)CC3)cc2)ncc1Cl	CHEMBL5306400	BI 831266
ZDOBSAPHUUUOHX-OSYLJGHBSA-N	O=C(NC[C@H]1[C@@H]2CN(C(=O)OCc3cc(C(F)(F)F)cc(C(F)(F)F)c3)C[C@H]12)c1ccc2nn[nH]c2c1	CHEMBL4165749	BI-2545
GXTJETQFYHZHNB-GASCZTMLSA-N	CNC(=O)COc1cc2cc(Nc3nc(N4C[C@@H](C)C[C@@H](C)C4)ncc3Cl)ccc2n(C)c1=O	CHEMBL4640049	BI-3802
XCGYXEVLQIIEJH-UHFFFAOYSA-N	CNC(=O)COc1cc2cc(Nc3nc(N4CCC(C(=O)N(C)C)CC4)ncc3Cl)cc(OC)c2n(C)c1=O	CHEMBL4755229	BI-3812
PXQATVYJKMMHAU-UHFFFAOYSA-N	CS(=O)(=O)c1cc(C2(NC(=O)c3cncc4c3cnn4-c3ccc(F)cc3)CC2)ccn1	CHEMBL4456123	BI 639667
WULUGQONDYDNKY-UHFFFAOYSA-N	CN(C)C(=O)Cn1cc(-c2ccc(-c3cncc4ccccc34)cc2)cn1	CHEMBL4455382	BI-1347
QGPXEIMWTKWHMH-DEOSSOPVSA-N	CN(C)C(=O)Cn1cc(-c2nc([C@@](C)(c3ccc(-c4cnc(N)nc4)cc3)C3CC3)no2)cn1	CHEMBL3417525	BI 665915
BMAIGAHXAJEULY-UKTHLTGXSA-N	Cn1c(C2(NC(=O)c3ccc4c(C5CCCC5)c(-c5ncc(Br)cn5)n(C)c4c3)CCC2)nc2ccc(/C=C/C(=O)O)cc21	CHEMBL2403318	DELEOBUVIR
YQCVJBZPFAJZFJ-DVUQJCTJSA-N	COc1ccc2c(O[C@@H]3C[C@H]4C(=O)N[C@]5(C(=O)O)CC5/C=C\CCCCC[C@H](NC(=O)OC5CCCC5)C(=O)N4C3)cc(-c3csc(NC(=O)C(C)C)n3)nc2c1C	CHEMBL4588900	BI-1230
WSEPMWSQALXHKW-MRAROMNFSA-N	COc1ccc2c(O[C@@H]3C[C@H]4C(=O)N[C@]5(C(=O)NS(=O)(=O)C6(C)CC6)CC5/C=C\CCCCC[C@H](NC(=O)c5ccn(C)n5)C(=O)N4C3)cc(OC(C)C)nc2c1C	CHEMBL5303402	BI-1388
BRYUNLVJDCMANZ-UKRRQHHQSA-N	COc1cc(-c2cc3ncccc3c(O[C@H](C)[C@H]3CNC(=O)C3)n2)cc(OC)c1OC	CHEMBL3695979	BI 1002494
NWQXBEWHTDRJIP-KRWDZBQOSA-N	Cc1ccccc1CC(C)(C)NC[C@H](O)c1ccc(O)c2c1OCC(=O)N2	CHEMBL1615159	BI-167107
LQSHXYHWYGKAMX-FQEVSTJZSA-N	COc1cc(C(N)=O)nc(-c2cccc(C#C[C@]3(O)CCN(C)C3=O)c2)c1	CHEMBL4211840	NIK-SMI1
MDGIEDNDSFMSLP-UHFFFAOYSA-N	Nc1nc(NCc2ccccc2)nc(-c2ccccc2CO)n1	CHEMBL4548689	ZINC67740571
VLLFGVHGKLDDLW-SFHVURJKSA-N	C[C@@]1(c2cc(NC(=O)c3ccc(C#N)cn3)ccc2F)C=CSC(N)=N1	CHEMBL3916243	atabecestat
FLNYLINBEZROPL-NSOVKSMOSA-N	COc1ccccc1CN[C@H]1C2CCN(CC2)[C@H]1C(c1ccccc1)c1ccccc1	CHEMBL16192	CP-96345
OHRURASPPZQGQM-HMLXJHLFSA-N	C/C=C1\NC(=O)[C@H]2CSSCCC=C[C@H](CC(=O)N[C@H](C(C)C)C(=O)N2)OC(=O)[C@H](C(C)C)NC1=O		FK228
VDAVMXLEMHVXOG-UHFFFAOYSA-N	CC(C)Cc1nn(C)c(=O)c2c(SCCCO)n(Cc3cccc4ccccc34)cc12	CHEMBL380192	SR 13800
SQNZDYHMCMIGGV-TZPPCSJFSA-N	CC(=O)N[C@H](C(=O)N1C[C@H](O)C[C@H]1C(=O)NCc1ccc(-c2scnc2C)cc1)C(C)(C)SCCCCCCNC(=O)C[C@@H]1N=C(c2ccc(Cl)cc2)c2c(sc(C)c2C)-n2c(C)nnc21	CHEMBL4455124	BRD4 degrader AT1
BMLGZNVPWRUVNM-IBGZPJMESA-N	Cc1nc(-c2ccc(C(F)(F)F)cc2)sc1COc1ccc([C@H](CC(=O)O)c2ccon2)cc1	CHEMBL3287574	AM-4668
WGJCHHJGGFCCRS-DEYDLUNASA-N	Cc1ncsc1-c1ccc(CNC(=O)[C@@H]2C[C@@H](O)CN2C(=O)[C@@H](NC(=O)COCCOCCOCCOCCOCCOCC(=O)N[C@H](C(=O)N2C[C@H](O)C[C@H]2C(=O)NCc2ccc(-c3scnc3C)cc2)C(C)(C)C)C(C)(C)C)cc1	CHEMBL4740486	CM11
BLFBSGVUERKSST-UHFFFAOYSA-N	CN1CCN(c2ccc(-n3cc(-c4ccncc4OCC4CCNCC4)cn3)cc2)CC1	CHEMBL3824068	NVS-MELK8a
BXKNUXDLZJPPBO-UHFFFAOYSA-N	Cn1cc(-c2cc3cnc(Nc4ccc(-c5cncn5C)cc4Cl)cc3n2C(=O)OC(C)(C)C)cn1	CHEMBL3109945	CCT251455
WQKXOAJVNFOHNZ-UHFFFAOYSA-N	O=C(CNC(=O)c1ccc(-c2ccccc2)cc1)NC1CCCc2ccccc21	CHEMBL3717933	TAO Kinase inhibitor 1
HXKJJIMUMNPQQY-UHFFFAOYSA-N	CNc1cc(Oc2cc(C(=O)Nc3cc(N4CCN(C)CC4)cc(C(F)(F)F)c3)ccc2C)ncn1	CHEMBL4791091	TL4-12
BXDZOYLPNAIDOC-UHFFFAOYSA-N	CC(C)(C)c1cnc(CSc2cnc(NC(=O)C3CCN(CC(=O)NCCOCCOCCOCCNc4cccc5c4C(=O)N(C4CCC(=O)NC4=O)C5=O)CC3)s2)o1	CHEMBL4587232	THAL-SNS-032
ZVWPOIUAPXDLMB-UHFFFAOYSA-N	COc1ccc2[nH]c(=O)c(C(c3nnnn3CCc3ccccc3)N3CCN(C4CCCCC4)CC3)cc2c1	CHEMBL5178416	GT949
YLJGNMFEAJARMT-IZHYLOQSSA-N	CCNC(=O)c1ccc2c(c1)NC(=O)/C2=C(\Nc1ccc(CN(C)C)cc1)c1ccccc1	CHEMBL1272289	BI-4659
SVJLJEMEWHBCNB-UHFFFAOYSA-N	N=C(N)Nc1cc(C2CCNCC2)cc(C(F)(F)F)c1	CHEMBL4476817	BI-0314
MSIJJXOWLFOYIN-UHFFFAOYSA-N	CN(C)CCCOc1ccc(-c2cc(NCCCn3cccn3)nc(S(C)(=O)=O)n2)cc1	CHEMBL4461619	TP-238
XPEJZXWPKDAYFX-UHFFFAOYSA-N	CC1(C)C(N)=Nc2cc(OCCCN3Cc4ccc(OCCc5cn(CC(=O)N6CCC(CCN7CCCC7)CC6)nn5)cc4C3)c(OCC3CC3)cc21	CHEMBL4451634	VinSpinIn
QUQTXFIMYFMULC-OGOZKGDESA-N	CCCOc1cccc(Oc2cc3c(cc2NS(=O)(=O)c2cccc(C(=O)NCCOCCOCCOCC(=O)N[C@H](C(=O)N4C[C@H](O)C[C@H]4C(=O)NCc4ccc(-c5scnc5C)cc4)C(C)(C)C)c2)n(C)c(=O)n3C)c1	CHEMBL5275033	dTRIM24
BJFBRLAWLPZOMJ-QHVFGHLPSA-N	CC[C@H](C(=O)N1CCCC[C@H]1C(=O)O[C@H](CCc1ccc(OC)c(OC)c1)c1ccccc1OCC(=O)NCCCCCCOc1cccc2c1C(=O)N(C1CCC(=O)NC1=O)C2=O)c1cc(OC)c(OC)c(OC)c1	CHEMBL4586585	dTAG-13
AIOCFZJGGGEWDK-UHFFFAOYSA-N	COc1cc(-c2cn(C)c(=O)c3cnccc23)cc(OC)c1CN(C)CC(=O)NCCOCCOCCNc1cccc2c1C(=O)N(C1CCC(=O)NC1=O)C2=O	CHEMBL5267184	dBRD9
JGQPZPLJOBHHBK-UFXYQILXSA-N	Cc1sc2c(c1C)C(c1ccc(Cl)cc1)=N[C@@H](CC(=O)NCCCCCCCCNC(=O)COc1cccc3c1C(=O)N(C1CCC(=O)NC1=O)C3=O)c1nnc(C)n1-2	CHEMBL4303781	dBET6
GVBAXIVNAHMIGH-UHFFFAOYSA-N	COc1cc(N2CCN(C)CC2)ccc1Nc1ncc2c(n1)N(C1CCC1)C(=O)N(c1c(C)cccc1C)C2	CHEMBL4540722	YKL-06-061
TYEOGVRUOMTHGC-UHFFFAOYSA-N	COc1ccc(N2C(=O)N(c3c(C)cccc3C)Cc3cnc(Nc4ccc(C5CCN(C)CC5)cc4OC)nc32)nc1		YKL-05-099
USGHGXUEJRLJBM-ZRFIDHNTSA-N	Nc1nc(=O)c2ncn([C@@H]3O[C@H](COP(=O)(O)C(F)(F)P(=O)(O)OCCNC(=O)CCl)[C@@H](O)[C@H]3O)c2[nH]1	CHEMBL3935647	XY-02-082
UGXCBYVBIJACEK-UHFFFAOYSA-N	C=CC(=O)Nc1cccc(CNc2nc(Nc3ccc(N4CCN(C)CC4)cc3OC)ncc2Cl)c1	CHEMBL3601223	TL6-144
JRJKATLTRNXYCE-UHFFFAOYSA-N	CN(C)CCCn1cc(-c2ccc3c(c2)-c2[nH]c4cc(-c5cn[nH]c5)ccc4c2C3=O)cn1	CHEMBL3815054	JH-IX-179
VTWWRKFUHCSCEW-UHFFFAOYSA-N	CCN1CCN(Cc2ccc(NC(=O)c3cccc(-c4ccc5nc(NC(=O)C6CC6)sc5n4)c3)cc2C(F)(F)F)CC1	CHEMBL2148124	HG-7-85-01
WYQMBBLBBATMIN-UHFFFAOYSA-N	C=CC(=O)N1CCN(c2nc(NCCC(=O)N(C)C)nc3cc(-c4ccccc4F)c(Cl)cc23)CC1		FRF-01-116
KGXBCWANASZZQG-UHFFFAOYSA-N	CCC(=O)Nc1ccc(C(=O)Nc2ccc(Nc3ncc4c(n3)N(C)c3ccc(C)cc3C(=O)N4C)cc2)cc1	CHEMBL4206831	FMF-03-145-1
GHKMIOAEPALCFS-UHFFFAOYSA-N	Cc1ccc2c(c1)C(=O)N(C)c1cnc(Nc3cccc(S(=O)(=O)N4CCC(O)CC4)c3)nc1N2C	CHEMBL3959351	FMF-02-063-1
CPKWRHVMDOSXKE-UHFFFAOYSA-N	C=CC(=O)Nc1ccc(C(=O)Nc2ccc(Nc3ncc4c(n3)N(C)c3ccc(C)cc3C(=O)N4C)cc2)cc1	CHEMBL3969370	FMF-01-086-2
DNVFTXQYIYFQBW-UHFFFAOYSA-N	C=CC(=O)Nc1cccc(CN2C(=O)N(c3c(Cl)c(OC)cc(OC)c3Cl)Cc3cnc(NCCCCN(CC)CC)nc32)c1	CHEMBL2216830	FIIN-1
YHUKWWWCNSTFHL-RIYZIHGNSA-N	O=C1NC(=O)/C(=C\c2c[nH]c(=O)c(-c3ccc(N4CCNCC4)nc3)c2)S1	CHEMBL4587433	CVM-6-139-1
QVOGVAVHOLLLAZ-UHFFFAOYSA-N	COc1cnccc1Nc1nc(-c2nn(Cc3c(F)cc(OCCO)cc3F)c3ccccc23)ncc1OC	CHEMBL5084426	BAY 1816032
QLXULUNLCRKWRD-UHFFFAOYSA-N	O=C(NNS(=O)(=O)c1ccccc1F)c1cc(F)cc(-c2ccccn2)c1	CHEMBL4456585	WM 1119
PMQUGSPFUBGJCZ-CHOKWEPUSA-N	Cc1cc(-c2cnn3c(NC[C@H]4C[C@@](C)(O)C4)cc(Oc4cccnc4)nc23)ccc1C(=O)NC1CC1	CHEMBL4469414	luvixasertib
SOXNKJCQBRQUMS-UHFFFAOYSA-N	Cc1nn(C)c(C)c1CCOc1c(-c2ccc3c(c2)c(CN(C)C)nn3C)ccc(F)c1F	CHEMBL4445137	IMP-1088
CSJYMAFXYMYNCK-UHFFFAOYSA-N	NS(=O)(=O)c1cc(NC(=O)Cc2ccccc2)ccc1Oc1cccc(Cl)c1	CHEMBL4521594	BAY-1797
VSZRYLHBOKTNBO-UHFFFAOYSA-N	Cn1nc(C(F)(F)F)cc1-c1cnc(N2CCc3cc(S(=O)(=O)Nc4c(F)cc(Cl)cc4F)cc(N4CCCC4=O)c32)nc1	CHEMBL4455357	TP-020
QXURFIGBRGWPQD-UHFFFAOYSA-N	CN1CCN(c2cnc3c(C4CCN(C(=O)c5ccc(OC(F)(F)F)cc5N)CC4)ncnc3c2)CC1	CHEMBL4445670	BAY-885
TYXSIXOYTBHZFA-UHFFFAOYSA-N	Cc1cc(-n2nc(Cc3cc(F)cc(C(F)(F)F)c3)nc2C)ccc1C(N)=O	CHEMBL4082756	FTBMT
GOOYSJIWTIHOGW-UHFFFAOYSA-N	COc1ncccc1-c1cnn2ccc(N3CCN(C(=O)OC(C)C)CC3)nc12	CHEMBL4127773	LP-935509
WPEKGNGDNFRRMH-UHFFFAOYSA-N	Cc1c(NC(=O)COc2ccc(Cl)cc2C(=O)c2cc(F)cc(C(F)(F)F)c2)ccc(C(=O)O)c1F	CHEMBL4636332	BI-2540
PCJVXTDIDUMIRR-QGZVFWFLSA-N	CC[C@H](CC(=O)O)n1c(=O)c2ncccc2n(Cc2cn(C)c3cc(C)cc(C)c23)c1=O	CHEMBL3640116	BI-1942
FFPHMUIGESPOTK-UHFFFAOYSA-N	Cc1nn(CC(F)(F)F)cc1Nc1ncc(Br)c(NCc2ccc(S(N)(=O)=O)cc2)n1	CHEMBL4446892	GSK8612
PIEQDBPBBQPLPL-UHFFFAOYSA-N	FC(F)(F)Oc1ccc(Oc2ccnc(N3CCC(NC(=S)Nc4cccnc4)CC3)c2Cl)c(Cl)c1	CHEMBL4444498	DO264
RPHDOVLXDYWDGF-UHFFFAOYSA-N	Cc1ccc2[nH]c(CNCCCOc3ccccc3)cc(=O)c2c1	CHEMBL3480577	UCSF924
IEFFSHLHNYVSEF-UHFFFAOYSA-N	CN1CCN(C(=O)C(C)(C)c2ccc(C(=O)Nc3cn4cc(-c5ccncc5)ccc4n3)cc2)CC1	CHEMBL4531334	T3-CLK
PZGSYNNVPNLHQG-SANMLTNESA-N	O=C(NCc1ncc(C(F)(F)F)cc1Cl)c1ccc2c(c1)C1(CCS(=O)(=O)CC1)[C@H](C1CC1)N2S(=O)(=O)c1ccc(F)cc1	CHEMBL4537788	BAY-784
WEGLOYDTDILXDA-OAHLLOKOSA-N	CNCc1ccccc1-c1csc([C@@H](C)Nc2nc(C)nc3cc(OC)c(OC)cc23)c1	CHEMBL4535474	BAY-293
OEDSFMUSNZDJFD-UHFFFAOYSA-N	CCNC(=O)c1cc2c(-c3cc(C(C)(C)O)ccc3Oc3c(C)cc(F)cc3C)cn(C)c(=O)c2[nH]1	CHEMBL4297454	ABBV-744
NZYTZRHHBAJPKN-UHFFFAOYSA-N	COc1cc(OC)cc(-c2noc(N3CCN(C)C4(CCN(c5ccnc(C)c5)CC4)C3)n2)c1	CHEMBL4791017	MRK-740
WOAOENGFAAUUGT-UHFFFAOYSA-N	Cc1cc(CN)cc(C)c1-c1ncn(C)c1-c1ccnc2cc(F)ccc12	CHEMBL4778517	BI-9321
JYTISQGEFSHUIR-UHFFFAOYSA-N	Cc1c(Nc2ccc(S(=O)(=O)N3CCN(C)CC3)cc2F)nc2ccc(-c3cnn(C4CC4)c3)cn2c1=O	CHEMBL4780673	NVS-BPTF-1
MDUYWDNWFXSMJJ-XWLWVQCSSA-N	C[C@H]1CCN1c1nc(N2C[C@H]3[C@H](CC(=O)O)[C@H]3C2)cc(C(F)(F)F)n1	CHEMBL4549658	PF-06835919
ZRPZPNYZFSJUPA-UHFFFAOYSA-N	C=CC(=O)N1CCN(c2ncnc3c(F)c(-c4c(O)cccc4F)c(Cl)cc23)CC1	CHEMBL4214264	ARS-1620
LGWDVWIZDPGCFG-UHFFFAOYSA-N	CC(C)c1ccc(CC(=O)N2CCN(c3ccc(C#N)nn3)CC2)cc1	CHEMBL5077276	PZ2891
ATFQBBCQZKVZJN-QMMMGPOBSA-N	Cc1[nH]c2c(N3CCO[C@H](CO)C3)c(C#N)c(C(F)(F)F)nc2c1Cl	CHEMBL4175607	PF-06869206
XISVSTPEXYIKJL-UHFFFAOYSA-N	Cc1cc2ncnn2cc1Nc1ncc2c(n1)n(C1CCOCC1)c(=O)n2C	CHEMBL4439259	AZD-7648
FYSWLIFIYIVHPI-DDWISSAJSA-N	CC(=O)N1c2ccc(-c3ccc(C(=O)NCCOCCOCCOCC(=O)N[C@H](C(=O)N4C[C@H](O)C[C@H]4C(=O)NCc4ccc(-c5scnc5C)cc4)C(C)(C)C)cc3)cc2[C@H](Nc2ccc(Cl)cc2)C[C@@H]1C	CHEMBL4229193	MZP-54
DJVYXMINSBMUHH-QAQDUYKDSA-N	c1nc(N[C@H]2CC[C@H](N3CCOCC3)CC2)c2c(C3CCOCC3)c[nH]c2n1	CHEMBL4064608	IRAK4-IN-28
LWXLECMNBTVASW-UHFFFAOYSA-N	CC(=O)N1CCc2c(c(N3CCCc4cc(-c5cnn(C)c5)c(C(F)F)cc43)nn2C2CCOCC2)C1	CHEMBL4076748	GNE-049
XSMABFRQESMONQ-SFHVURJKSA-N	CN(c1ccccc1)c1ccc2c(c1)CCC[C@H]2CNc1cnccc1C(=O)O	CHEMBL4216044	QC6352
JQNINBDKGLWYMU-GEAQBIRJSA-N	CO[C@H]1/C=C/C[C@H](C)[C@@H](C)S(=O)(=O)NC(=O)c2ccc3c(c2)N(C[C@@H]2CC[C@H]21)C[C@@]1(CCCc2cc(Cl)ccc21)CO3	CHEMBL4446378	TAPOTOCLAX
KJDAGXLMHXUAGV-DGWLBADLSA-N	NS(=O)(=O)OC[C@H]1C[C@@H](Nc2ccnc3cc(-c4cccc(SC(F)(F)F)c4)nn23)[C@H](O)[C@@H]1O	CHEMBL4297405	TAK-243
JBGYKRAZYDNCNV-UHFFFAOYSA-N	NC(=O)c1ccc2nc(-c3ccc(C4(N)CCC4)cc3)c(-c3ccccc3)n2n1	CHEMBL4751394	BAY1125976
ZKIRTFGYQVXNGL-UHFFFAOYSA-N	C=CCn1cc(C(=O)N(C)C2CCN(c3cc(-c4cccc(OC)c4)ncn3)CC2)c2cc[nH]c2c1=O	CHEMBL4073178	GNE-886
CQCWHSDMJBAGDC-UHFFFAOYSA-N	CNC(=O)N1CCc2c(c(N3CCCc4cc(-c5cnn(C)c5)c(C(F)F)cc43)nn2C2CCOCC2)C1	CHEMBL4097025	GNE-781
PFZRXJIYAFANHP-IBGZPJMESA-N	O=C(N[C@@H](C1CC1)C(F)(F)F)c1cc(-c2cnn3cc(-c4ccc(F)cc4)cnc23)cs1	CHEMBL4744680	ULK-101
JYTIXGYXBIBOMN-UHFFFAOYSA-N	Cn1nc(C(=O)N(Cc2ccccc2)Cc2ccc(C(=O)O)cc2)c2c1-c1cc(Cl)ccc1OC2	CHEMBL4297626	Nidufexor
HEAGNKNMQVIVMM-UHFFFAOYSA-N	Cn1cc(-c2ccc3occ(-c4cccc(-c5ccncc5)c4)c3n2)cn1	CHEMBL4754195	MU1210
XUYMIRYNRKXKOR-HMHJJOSWSA-N	CCS(=O)(=O)c1ccc(CNC(=O)c2cnc3c(c2)CN(C[C@H]2CC[C@H](C(F)(F)F)CC2)[C@H]3C(C)C)nc1	CHEMBL4172726	Vimirogant
FROGGFONBYACJB-KRWDZBQOSA-N	CC[C@H](C(=O)Nc1ccccc1N1CCCC1)c1ccccc1	CHEMBL2164048	ML252
QPWYZQIIZHEABR-OMWUSAIZSA-N	CO[C@H](C)CN1CC[C@]2(C)c3ccc(O)cc3C[C@@H]1C2(C)C		BIII 277CL
VCCBCXVFGHTDQN-RWFYWGMNSA-N	CC(CN1CC[C@]2(C)c3cccc(O)c3C[C@@H]1C2(C)C)OCc1ccccc1		BIII 890CL 
XFLXOPFMUQXKTL-RDJZCZTQSA-N	N#Cc1ccc(C#CC[C@@H](C#N)NC(=O)[C@@H]2CCCCN2)cc1F	CHEMBL5303474	BI-2051
SMBGQKRFOLAZJG-JUUKQFNXSA-N	Cc1cc(=O)oc2cc(NC(=O)[C@H](Cc3ccc(I)cc3)NC(=O)[C@H]3N[C@@H]4CC[C@H]3C4)ccc12	CHEMBL5315535	BI-1750
MNEOBAAFLAQMKF-VKDGWMQASA-N	CN1C(=O)Cc2ccc(-c3ccc(C[C@@H](C#N)NC(=O)[C@H]4N[C@@H]5CC[C@H]4C5)c(F)c3)cc21	CHEMBL3662517	BI-9740
LVEUPFUJRKZPEN-UHFFFAOYSA-N	Cc1cnc(-c2cc(Cl)ccc2F)cc1-n1c(=O)n(CC(N)=O)c2cnccc21	CHEMBL4564126	TP-008
JBHLOPKIPKTRSU-UHFFFAOYSA-N	COCCOc1nc(-c2ccc(Cl)nc2)nc2c1CN(C(=O)c1ncn3ccccc13)CC2	CHEMBL2204538	THPP-1
OAMLIJKKGZLNHE-UHFFFAOYSA-N	CC(C)(O)c1cncc(-c2nc3ccc(F)cc3n2C2CC2)c1	CHEMBL3582478	MSD-CYP11B2
IPNTVOAQOGRLQB-JJMBTQCASA-N	COc1cc(C(=O)NCCOCCOCCOCCNC(=O)C[C@@H]2N=C(c3ccc(Cl)cc3)c3c(sc(C)c3C)-n3c(C)nnc32)ccc1NC(=O)[C@@H]1N[C@@H](CC(C)(C)C)[C@](C#N)(c2ccc(Cl)cc2F)[C@H]1c1cccc(Cl)c1F	CHEMBL4466284	A1874
XMWUCMFVDXDRDE-NRFANRHFSA-N	Cc1ccc2c(NS(=O)(=O)c3ccccc3Cl)cccc2c1Oc1ncccc1-c1ccnc(N[C@H]2CCCNC2)n1	CHEMBL3356009	AMG-18
QGNDVASWIHEXCL-AWEZNQCLSA-N	C[C@H]1CCCN1Cc1nc2cc(NC(=O)c3ccc4c(cnn4C)c3)ccc2[nH]1	CHEMBL4552313	SGC-iMLLT
LUHCYAOYQIFNRN-UHFFFAOYSA-N	CC(=O)c1c(C)c2cnc(Nc3ccc(N4CCN(CCOCCOCCOCCNC(=O)COc5cccc6c5C(=O)N(C5CCC(=O)NC5=O)C6=O)CC4)cn3)nc2n(C2CCCC2)c1=O	CHEMBL5204174	BSJ-03-123
NIPTUMFVYBXSMZ-JOCHJYFZSA-N	Cc1cc(C)cc([C@@H]2c3cc(C)ccc3NC(=O)CN2C(=O)c2ccc(Br)s2)c1	CHEMBL5070897	SGC6870
ADTXLFJKQHYGPM-UHFFFAOYSA-N	COc1cc(C(=O)NCCOCCOCCOCCC(=O)Nc2cccc3c2C(=O)N(C2CCC(=O)NC2=O)C3=O)ccc1Nc1ncc(C(F)(F)F)c(Oc2cccc3c2C(=O)CC3)n1	CHEMBL4781145	BI-3663
JYEQLXOWWLNVDX-PMERELPUSA-N	Cn1cnc(Cn2ccc3ccc(CNCc4[nH]c5ccccc5c4[C@H]4NC(=O)c5ccc(O)cc54)cc32)c1	CHEMBL4750445	BI-2852
UVVQLQQNGHYTOL-JIVXZRRKSA-N	COc1cc(C(=O)NCCOCCOCCOCC(=O)N[C@H](C(=O)N2C[C@H](O)C[C@H]2C(=O)NCc2ccc(-c3scnc3C)cc2)C(C)(C)C)ccc1Nc1ncc(C(F)(F)F)c(Oc2cccc3c2C(=O)CC3)n1	CHEMBL4778548	BI-0319
NXQKSXLFSAEQCZ-SFHVURJKSA-N	C=CC(=O)N1CCN(c2nc(=O)n(-c3c(C)ccnc3C(C)C)c3nc(-c4c(O)cccc4F)c(F)cc23)[C@@H](C)C1	CHEMBL4535757	sotorasib
MXUSGDMIHGLCNC-HNNXBMFYSA-N	N#Cc1cc(F)cc(Oc2ccc(S(=O)(=O)C(F)F)c3c2CC(F)(F)[C@H]3O)c1	CHEMBL4165848	PT2399
RJTJRVASUFIDQM-UHFFFAOYSA-N	N#CC1(c2ccccn2)CCN(Cc2cc(C(=O)O)c(=O)n3ccccc23)CC1	CHEMBL1800285	MSD-M1PAM
KDOQEEMQPHIANX-NFBKMPQASA-N	COc1ccc2c(c1)O[C@@H](c1ccc(OC)c(OC)c1)C[C@H]2NC(=O)C1(c2ccc3c(c2)OC(F)(F)O3)CC1	CHEMBL4093612	A-1596586
QXCXMVYVUHVFLP-UHFFFAOYSA-N	Cn1c(=O)c2c(nc(N3CCNCC3)n2Cc2nnc(-c3ccc(Cl)c(Cl)c3)o2)n(C)c1=O	CHEMBL5557167	TH5427
WGYWHJPQFQGLOQ-UHFFFAOYSA-N	CC(CN(C)C)c1ccc(-c2c(O)ccc3[nH]c(=O)c4sccc4c23)cc1	CHEMBL3672267	OTS964
ADSVKUMNMQPBKC-LAUBAEHRSA-N	C[C@H](NC(=O)[C@H]1CCCCN1CCOc1ccccc1)c1ccc(C(=O)O)cc1	CHEMBL3138992	CHEMBL3115074
QFJCIRLUMZQUOT-GZKNZQCBSA-N	CO[C@H]1C[C@@H]2CC[C@@H](C)[C@@](O)(O2)C(=O)C(=O)N2CCCC[C@H]2C(=O)O[C@H]([C@H](C)C[C@@H]2CC[C@@H](O)[C@H](OC)C2)CC(=O)[C@H](C)C=C(C)[C@@H](O)[C@@H](OC)C(=O)[C@H](C)C[C@H](C)C=CC=CC=C1C	CHEMBL1328768	Rapamune
TWKWEBMGDALHPN-UHFFFAOYSA-N	CCc1cc2c(cc1-c1cccc(S(=O)(=O)F)c1)C(C)(C)c1[nH]c3cc(C#N)ccc3c1C2=O	CHEMBL4468747	JH-XI-05-01
STPSLAZMEWZDAJ-AREMUKBSSA-N	CCOC(=O)CN(Cc1cccs1)C(=O)[C@H](NS(=O)(=O)c1cc2ccc(=O)[nH]c2cc1Cl)c1ccccc1OC		OSMI-4
HNOLTAKAPDKZRY-AWEZNQCLSA-N	CC(C)[C@@H]1CN(c2nc(Nc3cc(C(C)(C)C)[nH]n3)c3cc[nH]c3n2)CCN1	CHEMBL5190401	Spastazolin
BLSNYSFLZAWBIV-SFHVURJKSA-N	O=C(C[C@@H](C(F)F)n1ccc(F)n1)N1CCC(O)(Cn2cnc3c(cnn3-c3ccc(F)cc3)c2=O)CC1	CHEMBL4759513	FT671
JFGOILLZIAIYGA-UHFFFAOYSA-N	O=C(NCCc1cc(C(=O)NO)no1)c1ccc(Cl)c(Cl)c1	CHEMBL4469488	AVS-100
BBRSCGBAIAKATH-UHFFFAOYSA-N	O=C(O)c1cc2cc(O)ccc2n1Cc1ccc(Cl)c(Cl)c1	CHEMBL376981	PD070151
AVKAVKZKOFSSMY-DEOSSOPVSA-N	Cc1cc2c(ncn2C2(C)CN(C(=O)c3ccn(CC4CCN([C@H]5C=CCCCC5)CC4)c3)C2)c(N)n1	CHEMBL4520134	PFI-5
JNAABFZPXJJMPX-UHFFFAOYSA-N	Cc1c(Oc2c(F)cccc2F)c(OC(C)C)nn1-c1ncc(C2CC2)cc1F	CHEMBL3589752	IPP/CNRS-A017
CSBKUBOVPUXFLO-MAVVKCOWSA-N	CO[C@H]1CC[C@H](CNc2ccc(S(=O)(=O)NC(=O)c3ccc(N4CCN(CC5=C(c6ccc(Cl)cc6)CC(C)(C)CC5)CC4)cc3Oc3cnc4[nH]ccc4c3)cc2[N+](=O)[O-])CC1	CHEMBL4228713	A-1211212
IVARZBJJMMUJHI-SQKKEFIPSA-N	Cc1ncsc1-c1ccc(CNC(=O)[C@@H]2C[C@@H](O)CN2C(=O)[C@@H](NC(=O)C2(F)CC2)C(C)(C)C)c(OCCOc2ccc(CN3CCN(c4cc(-c5ccccc5O)nnc4N)CC3)cc2)c1	CHEMBL4748407	ACBI1
BZZKEPGENYLQSC-UHFFFAOYSA-N	[H]C([H])([H])NC(=O)c1nnc(NC(=O)C2CC2)cc1Nc1cccc(-c2ncn(C)n2)c1OC	CHEMBL4596392	CRAVACITINIB
ZDINQSNMYRVAGP-UHFFFAOYSA-N	COc1cc(-c2cn(C)c(=O)c3cnccc23)cc(OC)c1CN(C)CC(=O)NCCCCCCCCNc1cccc2c1C(=O)N(C1CCC(=O)NC1=O)C2=O		dBRD9-A
NWTCZTAQSRLSCP-UHFFFAOYSA-N	O=C(CCc1ccc2c(c1)[nH]c1ccncc12)NCCOCCOCCNc1cccc2c1C(=O)N(C1CCC(=O)NC1=O)C2=O	CHEMBL4465176	QC-01-175-1
QBPVFCNYKUENHU-UHFFFAOYSA-N	Cc1c(NC(=O)c2ccc(C(C)(C)C)cc2)cccc1-c1cn(C)c(=O)c(Nc2ccc(C(=O)N3CCN(CCCCCCNC(=O)CNc4cccc5c4C(=O)N(C4CCC(=O)NC4=O)C5=O)CC3)cc2)n1	CHEMBL4754443	DD-03-171
GWLSXEHHNOBFOI-UHFFFAOYSA-N	CN(C)C(=O)c1cc2cnc(Nc3ccc(N4CCN(CCCCNC(=O)COc5cccc6c5C(=O)N(C5CCC(=O)NC5=O)C6=O)CC4)cn3)nc2n1C1CCCC1	CHEMBL5303541	BSJ-04-132
KDMOCOWXLQOXEB-UHFFFAOYSA-N	CC(=O)c1c(C)c2cnc(Nc3ccc(N4CCN(CCCCNC(=O)COc5cccc6c5C(=O)N(C5CCC(=O)NC5=O)C6=O)CC4)cn3)nc2n(C2CCCC2)c1=O	CHEMBL5303527	BSJ-03-204
XIRQUXILNXIWDI-UHFFFAOYSA-N	Cc1cc(Nc2ncc(Cl)c(Nc3ccccc3S(=O)(=O)C(C)C)n2)c(OC(C)C)cc1C1CCN(CCOCCOCCNC(=O)CNc2cccc3c2C(=O)N(C2CCC(=O)NC2=O)C3=O)CC1	CHEMBL4213986	TL13-112
IPUJINDWAGRAHN-KNXBSLHKSA-N	C#CCOc1cnc(C(=O)Nc2cc(F)c(F)c([C@@]3(C)N=C(N)S[C@@]4(COC)C[C@H]43)c2)cn1	CHEMBL4560579	AM-6494
KPABJHHKKJIDGX-JOCHJYFZSA-N	C=CC(=O)Nc1ccc(C(=O)Nc2n[nH]c3c2CN(C(=O)N[C@H](CN(C)C)c2ccccc2)C3(C)C)cc1	CHEMBL4450322	YKL-5-124
QZOFLKQMJMFUCU-BJLQDIEVSA-N	CC(C)[C@H](NC(=O)c1ccc(Br)cc1)C(=O)N1CCC[C@H]1C(=O)N[C@@H](CCCNC(=N)N)C(=O)CF	CHEMBL4459895	SCM-02-138
KQMWYEJQANQTDM-UHFFFAOYSA-N	CCC(=O)Nc1cccc(Oc2nc(Nc3ccc(N4CCN(C)CC4)cc3OC)ncc2I)c1		HTH-02-006
ACWOMSOYIIVIRV-UHFFFAOYSA-N	CCC(C)N1c2ccccc2C(=O)N(C)c2cnc(Nc3ccc(C(=O)N4CCC(N5CCN(C)CC5)CC4)cc3OC)nc21	CHEMBL5421663	JWG-071
JECHBTRAPARMGI-IBMRIUJRSA-N	CN(C(=O)CCOCCOCCOCCOCCNc1cccc2c1C(=O)N(C1CCC(=O)NC1=O)C2=O)[C@H]1CCC2(C)C(CCC3C2CCC2(C)C3CC[C@@H]2c2ccc3ccncc3c2)C1		JH-XI-10-02
VBYGXNURPHQSPG-MUUNZHRXSA-N	C=CC(=O)Nc1ccc(C(=O)Nc2cccc(Nc3n[nH]c4c3CN(C(=O)N[C@H](CN(C)C)c3ccccc3)C4(C)C)c2)cc1	CHEMBL4434871	YKL-01-116
CHEANNSDVJOIBS-MHZLTWQESA-N	COc1ccc(F)c(-c2ccc(COc3cccc([C@@H](CC(=O)O)C4CC4)c3)cc2C2=CCCC2(C)C)c1	CHEMBL2152070	AM-1638
PEMUGDMSUDYLHU-ZEQRLZLVSA-N	C=C(F)C(=O)N1CCN(c2nc(OC[C@@H]3CCCN3C)nc3c2CCN(c2cccc4cccc(Cl)c24)C3)C[C@@H]1CC#N	CHEMBL4594350	Adagrasib
HZPYSAHDRSBARR-QPJJXVBHSA-N	CN(C)C/C=C/C(=O)Nc1cccc(S(=O)(=O)N2CCC(NC(=O)c3n[nH]cc3NC(=O)c3c(Cl)cc(Cl)cc3Cl)CC2)c1	CHEMBL4580787	FMF-04-159-2
MFYLCAMJNGIULC-KCVUFLITSA-N	C[C@H](Nc1cc(Cl)nc2c1cnn2[C@@H]1O[C@H](COP(=O)(O)CP(=O)(O)O)[C@@H](O)[C@H]1O)c1ccccc1F	CHEMBL4471306	QUEMLICLUSTAT
HXBRBOYWXDLHDC-UHFFFAOYSA-N	C=CC(=O)Nc1ccc2[nH]c(=O)n(C3CCN(Cc4ccc(-c5nc6cc[nH]c(=O)c6cc5-c5ccccc5)cc4)CC3)c2c1	CHEMBL4795065	Borussertib
VGRLXWFIXGZRMS-UHFFFAOYSA-N	O=C(c1cnc(NCc2cnccn2)nc1)N1CCC2(CCOCC2)C1	CHEMBL4802040	PFI-653
XKQLNDPUQSZBJW-QGHHPUGFSA-N	CO[C@H](C)[C@H](OC)c1c(NC(=O)Nc2cnc(-n3nccn3)c(Cl)c2)cnc2cc(Cl)nn12	CHEMBL5947679	MLT-748
MVULIYLBRNHLEE-LFHXYJAASA-N	Cc1ncsc1-c1ccc(CNC(=O)[C@@H]2C[C@@H](O)CN2C(=O)[C@@H](NC(=O)CCOCCOc2ccc(Nc3ncc(C(F)(F)F)c(NCc4cccc(N(C)S(C)(=O)=O)c4)n3)cc2)C(C)(C)C)cc1	CHEMBL4447794	PROTAC FAK degrader 1
ZLGNYFOIDAVMHY-MPKOGUQCSA-N	O=C1CCC(N2Cc3c(C#CCCCNC(=O)c4ccc(NC(=O)[C@@H]5NC6(CCCCC6)[C@@]6(C(=O)Nc7cc(Cl)ccc76)[C@H]5c5cccc(Cl)c5F)cc4)cccc3C2=O)C(=O)N1	CHEMBL5187116	MD-224
IGNYGUQRGQEQHT-UHFFFAOYSA-N	CC1(C)CCN(C(=O)C2CN(c3c4c(nc5ccnn35)CCNCC4)C2)C1	CHEMBL5315585	BI-4752
RENRQMCACQEWFC-UGKGYDQZSA-N	CCO[C@H]1CCN(Cc2c(OC)cc(C)c3[nH]ccc23)[C@H](c2ccc(C(=O)O)cc2)C1	CHEMBL4594448	IPTACOPAN
HZRJHVDNTDBTOZ-QGZVFWFLSA-N	C[C@H](c1ccnc(Nc2nc3ccc(-c4cc(N(C)C)ncn4)cc3[nH]2)c1)N1CCN(C(=O)CC(F)(F)F)CC1	CHEMBL4537673	BAY-985
BQXUPNKLZNSUMC-YUQWMIPFSA-N	CCN(CCCCCOCC(=O)N[C@H](C(=O)N1C[C@H](O)C[C@H]1C(=O)N[C@@H](C)c1ccc(-c2scnc2C)cc1)C(C)(C)C)CCOc1ccc(C(=O)c2c(-c3ccc(O)cc3)sc3cc(O)ccc23)cc1	CHEMBL4582373	ERD-308
BLNNXJOEJRKHAM-UHFFFAOYSA-N	COc1ccc(Br)c(CNc2cccnc2)c1	CHEMBL5568071	UCSF4226
RTNONCBKGZNCJS-LJLQSONVSA-N	Cc1cc([C@H](C(=O)N2C[C@H](O)C[C@H]2C(=O)N[C@@H](CC(=O)N2CCC(C#Cc3ccc(C(=O)N[C@H]4C(C)(C)[C@H](Oc5ccc(C#N)c(Cl)c5)C4(C)C)cc3)CC2)c2ccccc2)C(C)C)on1	CHEMBL4525203	ARD-266
QPTCYEYTAWEZNT-UHFFFAOYSA-N	Clc1ccc(CNc2cccc(-c3nnc[nH]3)c2)c(Br)c1		UCSF7447
IVOACCSOISMVBL-UHFFFAOYSA-N	O=C(c1ccc2c(ccn2-c2ccc(F)cc2)c1)N1CC(N2CCN(C(=O)c3nccs3)CC2)C1	CHEMBL3658400	JNJ-42226314
FSELUFUYNUNZKD-UHFFFAOYSA-N	Cn1cc(-n2cnc3c(NCc4nc5cc(Cl)c(Cl)cc5[nH]4)nc(N4CCOCC4)nc32)cn1	CHEMBL4877117	SR-4835
YTINZZFBHWSAGL-NDEPHWFRSA-N	N#Cc1ccc(N2CCN(Cc3ccc(COc4cccc5c4CN([C@H]4CCC(=O)NC4=O)C5=O)cc3)CC2)c(F)c1	CHEMBL4648616	MEZIGDOMIDE
XKLPRHHLSQBUIC-UHFFFAOYSA-N	CCN(CC)Cc1ccc(OC)c(-c2cc3c(-c4ccc(C(=O)O)c(C(C)C)c4)ccnc3[nH]2)c1	CHEMBL4798421	TCMDC-135051
HCDAVCLCBXIYPW-QGZVFWFLSA-N	CCOC(=O)CS(=O)(=O)c1ccc([C@@H](CO)NC(=O)c2cc3c(Cl)c(Cl)c(C)cc3n2C)cc1	CHEMBL4518579	BI-4916
XVFDNRYZXDHTHT-PXAZEXFGSA-N	COc1cc2nc(C)nc(N[C@H](C)c3cc(N)cc(C(F)(F)F)c3)c2cc1O[C@H]1CCOC1	CHEMBL4519023	BI-3406
ZAGCLFXBHOXXEN-JPTLTNPLSA-N	COc1cc(-c2cn(C)c(=O)c3cnccc23)cc(OC)c1CN1CCN(CCCCCOc2cc(-c3scnc3C)ccc2CNC(=O)[C@@H]2C[C@@H](O)CN2C(=O)[C@@H](NC(=O)C2(F)CC2)C(C)(C)C)CC1	CHEMBL5182441	VZ185
LXRZVMYMQHNYJB-UNXOBOICSA-N	Cc1sc(C(=O)c2cncnc2N[C@H]2C[C@H](O)[C@@H](COS(N)(=O)=O)C2)cc1[C@@H]1NCCc2ccc(Cl)cc21	CHEMBL4862901	Subasumstat
FIMQVXNJBFDOAA-RSENBJTISA-N	CC(C)(c1ccc(OCc2cccc(COc3ccc(C(=N)N)cc3)c2)cc1)c1ccc(O[C@@H]2O[C@H](C(=O)O)[C@@H](O)[C@H](O)[C@H]2O)cc1	CHEMBL5315601	BIIL 315
LIMHMSHMIXSMHF-XHPGVBHPSA-N	CO[C@H]1CC[C@H](N(c2cc(F)c(Oc3ncc(Cn4nccn4)cc3C(F)(F)F)cc2C(=O)O)C(=O)[C@H]2CC[C@H](C)CC2)CC1	CHEMBL5303373	BI-0588
HXNUFFCHRIWTRZ-UHFFFAOYSA-N	Nc1c(C(=O)NCc2ccc(C(=O)NCCCC3CCCCC3)cc2)cnn1-c1ccccc1	CHEMBL4436748	SR-318
NVGROBHDOYRPAN-FPTDNZKUSA-N	CO[C@@H](C)c1c(Nc2ccc([C@H](N(C)C(=O)C3CCS(=O)(=O)CC3)C(F)(F)F)cc2)cnc2cc(Cl)nn12	CHEMBL4568735	NVS-MALT1
JWZSSEWMVYKYKW-UHFFFAOYSA-N	O=C(NCCN1CCOCC1)c1ccc2c(c1)C(=O)c1ccc(Nc3ccc(F)c(NC(=O)c4ccccc4)c3)cc1CC2	CHEMBL2316207	FS-694
VKQBTIMLSDGNLG-QHCPKHFHSA-N	O=C(Nc1cnc(Oc2ccc(F)cc2)nc1)N1CCc2ncccc2[C@@H]1c1ccc(F)cc1	CHEMBL4458424	BAY-899
OZFFKOSQNBBYCA-UHFFFAOYSA-N	CCc1ccccc1C(=O)Nc1n[nH]c2c(C)c(F)c(C3C(C#N)=C(C)N(C)C(C)=C3C#N)cc12	CHEMBL4580220	BAY-3827
RQFYFNAGNBUGFC-UHFFFAOYSA-N	COc1ccc(-c2ocnc2C(=O)NCCCn2cncn2)cc1Cl	CHEMBL5173945	PF-367
YHLQVQKZDZYMIP-MOPGFXCFSA-N	CCO[C@@H](CC(=O)O)c1ccc(O[C@@H]2CCc3c2cccc3C(F)(F)F)cc1	CHEMBL3427712	DS-1558
USHQRIKZLHNPQR-JTQLQIEISA-N	COc1nc(C(=O)NC[C@](C)(O)C(F)(F)F)c(N)cc1C(F)(F)F	CHEMBL4650318	ICENTICAFTOR
LPCWQWNRCGWRFC-UHFFFAOYSA-N	O=C(c1ccc(C(=O)N2CCC(CCN3CCCC3)CC2)c(Nc2ccc(OCN3CCCC3)cc2)c1)N1CCC(CCN2CCCC2)CC1	CHEMBL4476514	EML631
JKCSCHXVWPSGBG-OPKPGBGESA-N	NC(=O)CC[C@H](NC(=O)[C@@H]1CC[C@@H]2CCN(C(=O)CCCCCC#Cc3cccc4c3CN(C3CCC(=O)NC3=O)C4=O)C[C@H](NC(=O)c3cc4cc(C(F)(F)P(=O)(O)O)ccc4[nH]3)C(=O)N12)C(=O)NC(c1ccccc1)c1ccccc1	CHEMBL4452527	SD-36
SEDFZSHSBUXKAC-NIYFSFCBSA-N	C[C@H](CN[C@@H](C(=O)Nc1ccc(-c2cnn(C)c2)cn1)c1ccccc1)c1ccc(C#N)cc1	CHEMBL4641354	CPI-1612
RPMGXDCRCWWCRY-JTQLQIEISA-N	CCNC(=O)c1cc2c(N3CCOC[C@@H]3C)ccnc2[nH]1	CHEMBL4096813	BAY-707
FJZNNKJZHQFMCK-LRDDRELGSA-N	COc1cc(F)c([C@@H]2CNC(=O)[C@H]2NC(=O)Nc2ccccc2)c(F)c1	CHEMBL4784510	BMS-986235
HTCJUBZBSJQWBW-CQSZACIVSA-N	CCCC[C@](C)(CO)Nc1nc(N)nc2cc(F)cnc12	CHEMBL4594258	selgantolimod
OJKONCJPCULNOW-DYVFJYSZSA-N	Cn1nccc1[C@H]1CCCC[C@@H]1Oc1cc(F)c(S(=O)(=O)Nc2ccncn2)cc1Cl	CHEMBL4633566	DS-1971a
KHVVJKLNKLQLJZ-SFHVURJKSA-N	CN1C(=O)[C@@H](N2CCc3c(nn(Cc4ccccc4)c3Br)C2=O)COc2ccccc21	CHEMBL4549667	TP-030-2
MAHFVAHPQSLLJF-IBGZPJMESA-N	CN1C(=O)[C@@H](N2CCc3cn(Cc4ccccc4)nc3C2=O)COc2ccccc21	CHEMBL4088216	TP-030-1
WGMNFJAFXXXRLZ-GEVKEYJPSA-N	CS(=O)(=O)N1CCCC(NC(=O)[C@H](CCC2CCCCC2)NC(=O)c2ccc(CNC(=O)c3cnc4ccccn34)cc2)C1	CHEMBL4591082	SR-302
UNSHMXUHOHBLIQ-UHFFFAOYSA-N	Cc1ccccc1Oc1cc(-n2c(=O)cc(C(F)(F)F)[nH]c2=O)c2ccccc2c1Cl	CHEMBL4551635	BAY-069
HOYFKJXFPMNFPM-UHFFFAOYSA-N	O=C(NCCCN1CCOC1=O)c1cnc(NCc2cc(Br)ccc2Br)nc1NC1CCCC1	CHEMBL4762515	NR162
IXWUILRSNIQHDM-QGZVFWFLSA-N	CN(C)C(=O)c1ccc(-c2cc(C(=O)N[C@@H]3CCc4ccccc43)no2)cc1O	CHEMBL4752253	PFI-6
YKDZIFFKQUNVHH-UHFFFAOYSA-N	CCC(=O)Nc1cc(Nc2cc(NC3CC3)n3ncc(C#N)c3n2)ccc1C	CHEMBL5283179	SGC-CK2-1
ZRTFTZCKJUNZIU-HNNXBMFYSA-N	C[C@H]1CCCN1Cc1nc2cc(NC(=O)c3ccc4cnccc4c3)ccc2[nH]1	CHEMBL4800073	NVS-MLLT-1
BNYXRPMABDQJJR-UHFFFAOYSA-N	O=C(O)CSc1ncnc2cc(-c3cc4ccccc4s3)sc12	CHEMBL4752776	SGC-STK17B-1
GJYVLTPTDBQQCY-UHFFFAOYSA-N	COc1cc(Nc2nccc(-c3cnn4nc(OC)ccc34)n2)cc(C(F)(F)F)c1	CHEMBL187139	SGC-CLK-1
TXIYVFVMXNFNRX-UHFFFAOYSA-N	Cc1cccc(-c2cnc3occ(-c4ccc(C(=O)O)c(C5CCCC5)c4)c3c2)c1	CHEMBL4745471	SGC-CAMKK2-1
KOZGEDUWAQFVAV-UHFFFAOYSA-N	O=C1COc2cc(C(=O)N(Cc3ccc(C(=O)Nc4ccncn4)cc3)C3CC3)ccc2N1	CHEMBL5200945	UNC6934
HNCVDRFFJZJQRW-UHFFFAOYSA-N	O=C(c1ccc2[nH]ccc2c1)N1CCN(S(=O)(=O)c2ccc3[nH]c(=O)oc3c2)CC1	CHEMBL5723328	TH1760
QMGHHBHPDDAGGO-IIWOMYBWSA-N	Cc1ncsc1-c1ccc(CNC(=O)[C@@H]2C[C@@H](O)CN2C(=O)[C@@H](NC(=O)COCCCOCCCCOCCCOc2ccc(Nc3ncc(Br)c(NCCCN(C)C(=O)C4CCC4)n3)cc2)C(C)(C)C)cc1	CHEMBL4227907	TBK1 PROTAC 3i
XMNLWOQHMQRHDV-UHFFFAOYSA-N	CS(=O)(=O)N1CCN(C(=O)c2cnc3ccc(F)cc3c2N2CCC(C#N)(c3ccccc3)CC2)CC1	CHEMBL4206892	NCT-505
BANRYGZZIMCKNA-OYGJEQPESA-N	O=C1CCC(N2Cc3c(CCCCCNC(=O)[C@@H]4NC5(CCCCC5)[C@@]5(C(=O)Nc6cc(Cl)ccc65)[C@H]4c4cccc(Cl)c4F)cccc3C2=O)C(=O)N1	CHEMBL4449512	MG-277
CGECJCJUHCZZGO-UHFFFAOYSA-N	CN(C)CCn1cc(-c2ccn3c(-c4ccc(C(N)=O)c(OCc5cccc(F)c5)c4)cnc3c2)cn1	CHEMBL4062453	MBM-55
DSUZLJDXUJUTGI-LLVKDONJSA-N	O=c1[nH]ccc2cc(F)c(NS(=O)(=O)c3ccc(N4CC[C@@H](O)C4)s3)cc12	CHEMBL4063104	LSN-3213128
OTKTZEZTFCAULO-DEOSSOPVSA-N	O=C(O)C[C@]1(CC(F)(F)F)CCc2cc(-c3cnc(NC(=O)Nc4ccc(F)c(F)c4)cn3)ccc2C1=O	CHEMBL4173715	GSK2973980A 
XFYUTGIEFKGWND-NRFANRHFSA-N	CN(C)CC[C@@H](c1ccccc1)n1cc(NC(=O)c2n[nH]c3c2CCC(C)(C)C3)cn1	CHEMBL3298371	GNE-9822
PXVFFBGSTYQHRO-REQIQPEASA-N	Cc1ncsc1-c1ccc([C@H](C)NC(=O)[C@@H]2C[C@@H](O)CN2C(=O)[C@@H](NC(=O)CCCCCC(=O)N2CCN(CC[C@H](CSc3ccccc3)Nc3ccc(S(=O)(=O)NC(=O)c4ccc(N5CCN(CC6=C(c7ccc(Cl)cc7)CCC(C)(C)C6)CC5)cc4)cc3S(=O)(=O)C(F)(F)F)CC2)C(C)(C)C)cc1	CHEMBL4745523	DT2216
LIMCHOLAKDUZDS-XARBDFOFSA-N	Cc1ncsc1-c1ccc(CNC(=O)[C@@H]2C[C@@H](O)CN2C(=O)[C@@H](NC(=O)CCCCOCCCCCOCCCCCCNc2cccc3c2C(=O)N(C2CCC(=O)NC2=O)C3=O)C(C)(C)C)cc1	CHEMBL4455580	CRBN-6-5-5-VHL
PACRWHUPEPCFHX-UHFFFAOYSA-N	CC(=O)c1c(C)c2cnc(Nc3ccc(N4CCN(Cc5cn(CCOCCNc6cccc7c6C(=O)N(C6CCC(=O)NC6=O)C7=O)nn5)CC4)cn3)nc2n(C2CCCC2)c1=O	CHEMBL4553408	CP-10
DUPAJELXESPTNF-PPZGWQTASA-N	Cc1ncsc1-c1ccc(CNC(=O)[C@@H]2C[C@@H](O)CN2C(=O)[C@@H](NC(=O)COCCCCOc2ccc(-c3ccc(N4C(=S)N(c5ccc(C#N)c(C(F)(F)F)c5)C(=O)C4(C)C)cc3)cc2)C(C)(C)C)cc1	CHEMBL4540528	ARCC-4
TVGAHWWPABTBCX-UHFFFAOYSA-N	Cc1nc(-c2cnc(NC(C)C)n(C)c2=O)ccc1Oc1ccnc(-c2cnn(C)c2)c1	CHEMBL5095202	vimseltinib
OQFCHSFVWSLDAO-UHFFFAOYSA-N	COc1cc(N2CCN(C)CC2)ccc1Nc1ncc2c(n1)N(C)c1ccccc1C(=O)N2CC(F)(F)F	CHEMBL4639395	DCLK1-IN-1
YQOLEILXOBUDMU-KRWDZBQOSA-N	Cc1c(N2CCCC2)nc2ccc(Br)cc2c1C(=O)NC[C@H](CCC(=O)O)c1ccccc1Cl	CHEMBL4643852	BAY-6672
HEUVRFNVTLGKMZ-SANMLTNESA-N	Cn1cncc1[C@](O)(COc1ccc(C#N)cc1-c1ccc(OC(F)(F)F)cc1)c1ccc(C#N)cc1	CHEMBL4586794	A-409100
CDJPHTNUARAVMH-SECBINFHSA-N	C[C@H](c1cccc(C#N)c1)n1cc(Cl)cc(C(N)=O)c1=N	CHEMBL3799292	(R)-9s
IESAJAZKMLPVIB-VXGBXAGGSA-N	O[C@]1(C(F)(F)F)CCCC[C@H]1Nc1ccc(F)cc1	CHEMBL4514203	BAY-390
DXEGZURWZZHACR-UHFFFAOYSA-N	COCCOCn1c(S(C)(=O)=O)nc2c1c(=O)n(C)c(=O)n2C	CHEMBL5090828	BI-8925
QTCZUCSALXBZQR-UHFFFAOYSA-N	CCCN1C(=O)c2ccc(Cl)cc2Nc2ncccc21	CHEMBL5303404	BI-0115
LLGDPTDZOVKFDU-NRPGLIFJSA-N	C=CC1C[C@]1(NC(=O)[C@@H]1C[C@@H](Oc2cc(-c3csc(NC(=O)C(C)C)n3)nc3c(Br)c(OC)ccc23)CN1C(=O)[C@@H](NC(=O)OC1CCCC1)C(C)(C)C)C(=O)O	CHEMBL5303454	BI-201335
VLYNCWZASZUTNV-FCQUAONHSA-N	CC(=O)c1ccc2c(c1)/C(=C(/NC1CCN(C)CC1)c1ccc3c(c1)OCO3)C(=O)N2	CHEMBL5303540	BI-5521
VXNAMCLMCBLNOL-NFQMXDRXSA-N	Cc1cc(OCCC(C)(C)O)cc(C)c1-c1ccc(F)c2c1CC[C@H]2Oc1ccc2c(c1)OC[C@H]2CC(=O)O	CHEMBL5075693	BI-2081
SYRVEVZSXHRXIX-KRWDZBQOSA-N	CCC(C)(C)CC[C@H](NC(=O)N1CCOCC1)C(=O)NC1(C#N)CCN(C)CC1	CHEMBL2207559	BI-1915
MLJLTOGPAKLYJE-KRWDZBQOSA-N	CCCN1CCC(C#N)(NC(=O)[C@H](CC(C)(C)C)NC(=O)N2CCOCC2)CC1	CHEMBL5303464	BI-1124
CVWVPBCCMYALAM-UHFFFAOYSA-N	CC1CNCCc2c1nc1ccnn1c2N1CC(C(=O)N2CCC(C)(C)C2)C1	CHEMBL5303485	BI-3234
WRCGBYNVBFVRTN-UHFFFAOYSA-N	COc1ccc(-c2cc(Nc3ccnc(N4CCOCC4)n3)on2)cc1	CHEMBL5085062	BO-264
MJJJRRMQCUUKEO-IZZDOVSWSA-N	CN(C)C/C=C/C(=O)Nc1ccc(C(=O)Nc2cccc(Nc3cc(-c4c[nH]c5ccccc45)ncn3)c2)cc1	CHEMBL4446338	THZ-P1-2
VNVCMPVIJOIVJD-UHFFFAOYSA-N	CNC(=O)COc1cc2cc(Nc3nc(NCc4cccc(S(=O)(=O)F)c4)ncc3Cl)cc(OC)c2n(C)c1=O	CHEMBL4646073	TMX-2164
HLRQYOGLZWIOPA-UHFFFAOYSA-N	C=CC(=O)Nc1ccccc1Nc1nc(Nc2ccc(N3CCN(C)CC3)cc2)ncc1C(=O)Nc1c(C)cccc1Cl	CHEMBL4515441	DGY-06-116
SKLAQDNYYXAFGK-QWDXWUACSA-N	Cc1cc(C(=O)Nc2nc3cccc(C)c3n2[C@@H]2CCCCN(C(=O)/C=C/CN(C)C)C2)ccn1	CHEMBL3960167	AB1
QVOJDGYNXIRHHU-UHFFFAOYSA-N	O=C1CCC(N2C(=O)c3cccc(NCCOCCOCCOCCN4CCN(c5ccc(-c6ccc7c(c6)C(=O)N(C(C(=O)Nc6nccs6)c6ccccc6)C7)cn5)CC4)c3C2=O)C(=O)N1	CHEMBL4468472	DDC-01-163
ZJJZBBBSQKVNHL-BYBNZYMESA-N	Nc1ncnc2c1c(-c1ccc(Oc3ccccc3)cc1)nn2[C@@H]1CCCN(C(=O)/C=C/CCCCOCCOCCOCCOCCOc2cccc3c2C(=O)N(C2CCC(=O)NC2=O)C3=O)C1	CHEMBL5278232	IR-2
YZNSNVPSBDWZBQ-LNWDVATRSA-N	CCC[C@H](NC(=O)[C@@H]1[C@H]2CCC[C@H]2CN1C(=O)[C@@H](NC(=O)[C@@H](NC(=O)c1cnc(C(=O)NCCOCCOCCOc2cc3c4c(cccc4c2)C(=O)N(C2CCC(=O)NC2=O)C3=O)cn1)C1CCCCC1)C(C)(C)C)C(=O)C(=O)NC1CC1	CHEMBL5184599	DGY-08-097
LZUDSNUROXNVPH-UHFFFAOYSA-N	C=CCn1c(=O)c2cnc(Nc3ccc(N4CCN(CCCNc5cccc6c5C(=O)N(C5CCC(=O)NC5=O)C6=O)CC4)cc3)nc2n1-c1cccc(C(C)(C)O)n1	CHEMBL4638510	ZNL-02-096
WMBSSRAFHKGIRA-UHFFFAOYSA-N	Cc1cc(-c2ccc(C(=O)NCCOCCOCCOCCOCCNc3cccc4c3C(=O)N(C3CCC(=O)NC3=O)C4=O)cc2N2CCC(c3[nH]cnc3C)CC2)ccc1F		d9A-2
ZOJWMCDSTRTTOW-UHFFFAOYSA-N	Cc1cc(S(=O)(=O)NCCOCCOCCOCCOCCNc2cccc3c2C(=O)N(C2CCC(=O)NC2=O)C3=O)ccc1Nc1ncc(Br)c(Nc2cccc(F)c2C(N)=O)n1	CHEMBL5409959	TMX-2172
GJCIYFAPQUEGNE-UHFFFAOYSA-N	CCCS(=O)(=O)Nc1ccc(F)c(-n2cc(-c3cncnc3)c3nc(N(C)C4CCN(C(=O)CCOCCOCCOCCOCCNc5cccc6c5C(=O)N(C5CCC(=O)NC5=O)C6=O)CC4)ccc32)c1F		P4B
GQGZWBDNMCIYSF-OZDCPDTESA-N	C[C@@H]1C[C@@H](O)c2ncnc(N3CCN(C(=O)[C@H](CNCCCCCCCCCCc4cccc5c4CN(C4CCC(=O)NC4=O)C5=O)c4ccc(Cl)cc4)CC3)c21		INY-03-041
PPNNFXIBKLCMTI-WXEAQWFJSA-N	Cc1ncsc1-c1ccc(CNC(=O)[C@@H]2C[C@@H](O)CN2C(=O)[C@@H](NC(=O)CCCNC(=O)c2ccc(-c3cnc(NCc4ccco4)n4cnnc34)cc2)C(C)(C)C)cc1	CHEMBL4749741	UNC6852
RTFQFPZKDYMMMJ-RIAKQDHQSA-N	Cc1ccc(F)c(S(=O)(=O)Nc2ccc(-c3nc(OC[C@H]4CN(CCCCCCOCCOCCOCC(=O)N[C@H](C(=O)N5C[C@H](O)C[C@H]5C(=O)NCc5ccc(-c6scnc6C)cc5)C(C)(C)C)CCO4)c4cn[nH]c4n3)cc2)c1	CHEMBL4795354	PROTAC SGK3 degrader-1
WXNUIPVZMJMPNM-UHFFFAOYSA-N	COc1cc(N2CCN(CCOCCOCCNC(=O)CNc3cccc4c3C(=O)N(C3CCC(=O)NC3=O)C4=O)CC2)ccc1Nc1ncc(Cl)c(Nc2ccccc2S(=O)(=O)C(C)C)n1	CHEMBL4217325	TL13-12
ZSCOIFSUFMYZEZ-YSWDPXALSA-N	Cc1ncsc1-c1ccc(CNC(=O)[C@@H]2C[C@@H](O)CN2C(=O)[C@@H](NC(=O)COCCOCCOc2ccc(-c3ccc4ncnc(Nc5ccc(OCc6cccc(F)c6)c(Cl)c5)c4c3)cc2)C(C)(C)C)cc1	CHEMBL5194790	SJF1528
FYMVGXGSNIVSKY-NRFANRHFSA-N	C#Cc1cnc2[nH]cc(-c3cccc4c3CCN4C(=O)[C@@H]3CCCN3C#N)c2c1	CHEMBL5303438	IMP-1710
UCJZOKGUEJUNIO-IINYFYTJSA-N	C[C@@H]1OCC2(CCN(c3cnc(Sc4ccnc(N)c4Cl)c(N)n3)CC2)[C@@H]1N	CHEMBL4650521	Batoprotafib
FRBRZGLUFOZRGD-JVPBZIDWSA-N	CC(=O)Nc1c(F)cc(C(=O)N[C@H]2CC[C@H](O)CC2)cc1O[C@@H](C)c1ccccc1	CHEMBL4636881	GSK046
RUPXKSLKGSSZCP-UHFFFAOYSA-N	Cc1ccccc1-c1cccc(CNc2ccc(CCC(=O)O)cc2)c1	CHEMBL1773261	TUG-469
ZEGMEJVULDALSH-NSHDSACASA-N	N[C@@H](CC(=O)O)Cn1nnc(-c2ccc(Oc3ncc(Cl)cc3F)cc2)n1	CHEMBL4852381	LYS006
FQAXDSVNYVVQSE-UHFFFAOYSA-N	N#Cc1cc(Cl)cc(-c2cc(-c3ccc(F)cn3)ncn2)c1	CHEMBL3603923	HTL14242
PWBHUSLMHZLGRN-UHFFFAOYSA-N	O=C1CCC(N2Cc3cc(CNC(=O)C(F)(F)c4ccc(Cl)cc4)ccc3C2=O)C(=O)N1	CHEMBL4742712	Eragidomide
AQTNUGRRZDRZIA-UHFFFAOYSA-N	CC(C)(C)OC(=O)N1CCN(c2cc(-c3ccccc3O)nnc2N)CC1	CHEMBL4780617	SGC-SMARCA-BRDVIII
RDLSKDOSNKLEAQ-UHFFFAOYSA-N	Cc1ccncc1-c1nn(C)c2nc(OCc3ccccn3)cnc12	CHEMBL3122212	PF470
SNCRCEGCQVMUBS-DNVCBOLYSA-N	C[C@@H]1CN(Cc2ccc3nccnc3c2)C[C@H]1c1nc2c(cnn2C2CCCC2)c(=O)[nH]1	CHEMBL583914	PF-4181366
AZXOTZCWQDJCLY-SJCJKPOMSA-N	C[C@H](O)c1nc(Cn2nc(-c3ccc(Cl)cc3)n(C[C@H](O)C(F)(F)F)c2=O)nn1-c1cccc(Cl)c1	CHEMBL4594444	PECAVAPTAN
ATHZIFFSGSWIAU-UHFFFAOYSA-N	c1ccc(CN2CCC(CCNc3cc4c(nn3)-c3ccccc3CCC4)CC2)cc1	CHEMBL88223	PCS1055
UXZAJSZFFARTEI-YRPNKDGESA-N	COC(=O)N1CCC[C@H](NS(C)(=O)=O)[C@@H]1CO[C@H]1CC[C@@H](c2ccccc2)CC1	CHEMBL4650341	DANAVOREXTON
SUAZSPTYLUTEDZ-ORYMTKCHSA-N	CCOC(=O)[C@H](CCCNC(N)=O)NC(=O)[C@H](Cc1c[nH]c2ccccc12)NC(=O)[C@@H]1CCCCN1C(=O)[C@H](Cc1ccccc1)N(C)C(=O)CCl	CHEMBL4750217	BJP-06-005-3
SJHNWSAWWOAWJH-MRXNPFEDSA-N	Cc1cc(-c2nc(C(=O)Nc3cc4oc(N5CCOCC5)nc4nc3N3CC[C@@H](O)C3)co2)ccn1	CHEMBL4783351	emavusertib
AAHNBILIYONQLX-QFIPXVFZSA-N	COc1cc(-c2cn([C@H]3CCc4c(F)cccc4N(CC(F)(F)F)C3=O)nn2)ccc1-n1cnc(C)c1	CHEMBL3609749	GSM1
ZORLJXWXFABTPZ-CTNGQTDRSA-N	COCc1nc2cnc3cc(-c4c(C)noc4C)c(OC[C@H]4CCNC4)cc3c2n1[C@H](C)c1ccccc1	CHEMBL4639128	iBET-BD1
WZQLVEPIBAOOGF-RMMWZPCPSA-N	CNC(=O)c1cc(C(=O)N[C@@H]2[C@H]3COC[C@H]32)cc2c1O[C@H](CF)[C@H]2c1ccccc1	CHEMBL4637208	GSK973
RNQODBQYMXYMCT-SJORKVTESA-N	O=C(N1CCS(=O)(=O)CC1)N1C[C@H](c2ccc(OC(F)(F)F)cc2)C[C@H](c2nc(C3CC3)no2)C1	CHEMBL4630644	BAY-386
QZZCUOVXHPAQRQ-UHFFFAOYSA-N	CNC(=O)c1cc(C(=O)NC2CC2)cn(Cc2ccccc2)c1=O	CHEMBL4635134	GSK620
NDEORODKVUYMFQ-NHCUHLMSSA-N	Cc1cc2c(-c3ccco3)cnc(N[C@@H]3CCN(C)C[C@H]3C(=O)NC3CCCCC3)c2[nH]c1=O	CHEMBL4648362	GSK789
LZSPYTNDRPEZBK-OXYJHPMESA-N	CCOc1cc(N2C3COCC2CN(C(=O)[C@H]2C[C@H](O)CN2c2ccc(Cl)cc2)C3)ccc1Cl	CHEMBL4638406	BAY-3153
MLOGCHDCTRINMU-UHFFFAOYSA-N	Cn1cncc1-c1cn(-c2cccc(C(=O)Nc3cccc(C(F)(F)F)c3)c2)nn1	CHEMBL4764444	BI-1046
UQZCQKXJAXKZQH-LBPRGKRZSA-N	C[C@@H](COCCC(=O)N1CCN(c2ncc(C(F)(F)F)cn2)CC1)Nc1cn[nH]c(=O)c1C(F)(F)F	CHEMBL5095043	ATAMPARIB
MTBDEVWWJBIUOK-UHFFFAOYSA-N	C=CC(=O)N1CCC(C)(Nc2cccc(C(F)(F)F)c2)C1	CHEMBL5396637	MYF-01-037
AAZUPSFRSHFTGV-INIZCTEOSA-N	C[C@H](NC(=O)c1ccc2c(-c3ccc(C(F)(F)F)cc3)cccc2c1)c1ccccn1	CHEMBL5198592	VT104
LLCVDQHLYHBAHR-UHFFFAOYSA-N	CNS(=O)(=O)c1ccc(Nc2ccc(C(F)(F)F)cc2)c(-c2cn(C)cn2)c1	CHEMBL5198469	VT103
GPMTWAPXRJMXCC-UHFFFAOYSA-N	O=C(NC1CCC1)c1ccc2nc(-c3cccc(NS(=O)(=O)NCCN4CCCCC4)c3)cn2c1	CHEMBL5418436	SR-0813
MZBOZBMARIQZGX-GRRGFIRHSA-N	CC(C)(C)C[C@@H]1N[C@@H](C(=O)N[C@H]2C[C@@](C)(O)C2)[C@H](c2cccc(Cl)c2F)[C@]12C(=O)Nc1cc(Cl)ccc12	CHEMBL2396674	MI-888
HXZRMADPDYFMEB-FTTMEYFSSA-N	C/C=C/C(=O)C[C@H]1CC[C@H](C)[C@H](CC(=O)NC[C@H](O)[C@H](C)C(=O)NCCC[C@H]2O[C@@]3(CCC[C@H](CC[C@H](C)/C=C(\C)[C@H](C)O)O3)CC[C@@H]2C)O1	CHEMBL1221600	BISTRAMIDE A
WDHOIABIERMLGY-CMJOXMDJSA-N	C[C@@H]1Cc2c(ccc3[nH]ncc23)[C@@H](c2ccc(NC3CN(CCCF)C3)cn2)N1CC(F)(F)F	CHEMBL4650365	CAMIZESTRANT
VPQCHIWQHIOPQS-UHFFFAOYSA-N	CN1CC(C(=O)NCc2ccc3c(-c4cccc(C(N)=S)c4)cn(C4CCN(S(=O)(=O)C(F)(F)F)CC4)c3c2)C1	CHEMBL5085204	AS-99
CUBDGLIBZGKXKQ-ZBLYBZFDSA-N	CC[C@H](CC(=O)O)c1cccc(OCc2ccc(-c3cc(OC)ccc3F)c([C@@H]3CCCC3(C)C)c2)c1F	CHEMBL4205882	AM-6226
HSVRUECLQUGTDS-UHFFFAOYSA-N	COc1ccc(-c2c(Nc3ccccn3)[nH]c3c(C4=CCCCC4)c(-c4ccccc4)nn3c2=O)cc1	CHEMBL4573938	AG-270
NMHVAHHYKGXBMY-UHFFFAOYSA-N	CC(C)(C)CN(C(=O)CCl)C1CCS(=O)(=O)C1	CHEMBL5397880	PIN1-3
WQAVGRAETZEADU-UHFFFAOYSA-N	CCc1cc2ncc(CN3CCN(c4ccc(C(=O)NC)nc4)CC3)cc2[nH]c1=O	CHEMBL5095220	Saruparib
DLNFTRSEHUWEGO-HUUCEWRRSA-N	O=C(Cc1ccccc1)Nc1nnc(N2C[C@H]3C[C@@H]2CN3c2cccnn2)s1	CHEMBL4802038	A-446
JOCPQSJABURDDD-UHFFFAOYSA-N	c1ccc2oc(-c3csc(C4CCN(Cc5nc6ncccc6[nH]5)CC4)n3)cc2c1	CHEMBL4798829	BAY-179
CJEJFFCPVBZSIE-OAHLLOKOSA-N	Cc1cc2c(cc(C(=O)N[C@H](CO)c3ccc(S(=O)(=O)CC(=O)O)cc3)n2C)c(Cl)c1Cl	CHEMBL4520837	BI-4924
OWOFDBGWRLKZST-UHFFFAOYSA-N	CCCn1cc(-c2cc(C3C(=O)N(CC)c4ccc(C(F)(F)F)cc4N(c4ccccc4)C3=O)cc(OC)c2O)cn1	CHEMBL2385153	BI-3257
JUSYNSOYFIIJQX-LUGTWXOSSA-N	CS(C)(=O)=Nc1ccc(-c2ccc(-c3nc4[nH]c(O[C@@H]5CO[C@@H]6[C@H](O)CO[C@H]56)nc4cc3Cl)cc2)cc1	CHEMBL5303401	BI-9774
FWYVRZOREBYLCY-AWEZNQCLSA-N	Cc1nnc2n1-c1sc3c(c1C(c1ccccc1Cl)=NC2)C[C@H](C(=O)N1CCOCC1)C3	CHEMBL5303339	S-Bepafant
YJOJMGTVKMABKQ-FIQOPJFZSA-N	CC(C)S(=O)(=O)c1ccccc1Nc1nc(N[C@@H]2CCCN(CCCCCCCNC(=O)COc3cccc4c3C(=O)N(C3CCC(=O)NC3=O)C4=O)C2)ncc1Cl	CHEMBL4870240	BSJ-4-116
OGAOHACYLUBWJQ-UHFFFAOYSA-N	CCc1cc2c(cc1N1CCC(N3CCN(CCCC#Cc4cccc5c4CN(C4CCC(=O)NC4=O)C5=O)CC3)CC1)C(C)(C)c1[nH]c3cc(C#N)ccc3c1C2=O	CHEMBL4851806	SIAIS001
ANLKEOUWAHUESE-HKVQNHBKSA-N	CC[C@H](C(=O)N1CCCC[C@H]1C(=O)O[C@H](CCc1ccc(OC)c(OC)c1)c1ccccc1OCC(=O)NCCCCCCC(=O)N[C@H](C(=O)N1C[C@H](O)C[C@H]1C(=O)N[C@@H](C)c1ccc(-c2scnc2C)cc1)C(C)(C)C)c1cc(OC)c(OC)c(OC)c1	CHEMBL5078486	DTAGv-1
GYKNPXCQINZRLL-UHFFFAOYSA-N	COc1cc(Nc2ncc3c(n2)-c2ccc(Cl)cc2C(c2c(F)cccc2OC)=NC3)ccc1C(=O)NCCOCCOCCNC(=O)COc1cccc2c1C(=O)N(C1CCC(=O)NC1=O)C2=O	CHEMBL5278315	JB170
ZUODKONSNNHSAJ-AMLBMYBGSA-N	CC(C)c1ccn2ncnc(N[C@H]3CC[C@@H](N4CCN(C(=O)CCC(=O)N5CCC(CCN6CCN(c7ccc8c(c7)C(=O)N(C7CCC(=O)NC7=O)C8=O)CC6)CC5)CC4)CC3)c12	CHEMBL4749646	IRAK3-PROTAC 23
VHQVOTINPRYDAO-UHFFFAOYSA-N	O=C(Nc1nccs1)C(c1cc(F)ccc1O)N1Cc2ccc(-c3ccc(N4CCNCC4)cc3)cc2C1=O	CHEMBL4443062	JBJ-04-125-02
QKNBRNSGPNCARD-SGNKCFNYSA-N	CNc1ncc2cc(-c3ccc(-c4ncccc4F)cc3Cl)c(=O)n(C[C@H]3OC[C@H](N)CO3)c2n1	CHEMBL5090394	MRIA9
OFNZESNEBSQKSE-BQGOKDIQSA-N	Cc1ncsc1-c1ccc(CNC(=O)[C@@H]2C[C@@H](O)CN2C(=O)[C@@H](NC(=O)CCCCNC(=O)c2ccc(-c3ccc(N4CCN(C)CC4)c(NC(=O)c4c[nH]c(=O)cc4C(F)(F)F)c3)cc2)C(C)(C)C)cc1	CHEMBL5092273	Homer
ISNXAOFEMNFJCO-YUXAGFNASA-N	C[C@H]1CN(Cc2ccc(C(F)(F)F)cc2N2[C@H]3CC[C@@H]2CN(CC(=O)O)C3)CCN1C(=O)n1ccc(S(=O)(=O)N(C)C)n1		ABD957
DTBGJTHCIGPRDA-UHFFFAOYSA-N	O=C(NCc1cn2cc(NCCC3CCCCC3)ccc2n1)c1cc(=O)n2ccccc2n1	CHEMBL5405231	STM2457
XWQVQSXLXAXOPJ-QNGMFEMESA-N	COC[C@@H](C)NC1CCC(Nc2cc(-c3cccc(NCC4(C#N)CCOCC4)n3)c(Cl)cn2)CC1		NVP-2
ISOCDPQFIXDIMS-HSZRJFAPSA-N	O=C(Nc1ccc(-c2ccnc(Nc3ccc(N4CCOCC4)cc3)n2)cc1)[C@H]1CCCN1	CHEMBL2208034	XL019
LVVYJCDRPPCFEQ-FOWTUZBSSA-N	CC1CCCCC1n1c(-c2ccc(/C=C(\C#N)C(=O)N(C)C)o2)nc2cnc3[nH]ccc3c21		FM-409
CRIXVDLWVWCQCE-UHFFFAOYSA-N	COc1cc(N2CCC(N3CCN(C)CC3)CC2)ccc1Nc1ncc2c(n1)N(C)c1sc(C)nc1C(=O)N2C	CHEMBL4752723	BJG-03-025
DBCKRCZJYUIKNW-UHFFFAOYSA-N	CC(C)(C)OC(=O)N(CCOCCO)c1ccn2ncc(-c3ccc(C(=O)O)c(O)c3)c2n1	CHEMBL4793819	PD155978
YCMAZDUWLKXRRU-UHFFFAOYSA-N	C=CC(=O)Nc1cccc(-c2n[nH]c3cc(C)ccc23)c1	CHEMBL4749823	MKK7-COV-3
SYTUFLIGWRGQDS-UHFFFAOYSA-N	C=CC(=O)Nc1cccc(-c2n[nH]c3ccccc23)c1	CHEMBL3901151	MKK7-COV-2
CKAJNPCKXKPZBT-QGZVFWFLSA-N	C=CC(=O)N1CCC[C@@H](n2nc(-c3cn(-c4ccc(C(C)=O)cc4)nn3)c3c(N)ncnc32)C1	CHEMBL4581088	PD155981
DMUSMYYDKCXFKR-MRJIRHQNSA-N	CN(C)C/C=C/C(=O)Nc1ccc(O[C@@H]2CCC[C@@H](Nc3ncc(Cl)c(-c4c[nH]c5ccccc45)n3)C2)cc1	CHEMBL4754873	BSJ-01-175
GFEAXKZXFORDDU-UHFFFAOYSA-N	COc1cc(-c2cncc(-c3ccc(N4CCNCC4)cc3)c2C)ccc1C(N)=O	CHEMBL4553210	M4K2149
HLHNFJNSQZZUNW-MAEOIBBWSA-N	O=C(CNCc1cc2ccccc2[nH]1)N[C@H]1CC[C@@H](c2nc3ccccc3[nH]2)CC1	CHEMBL5177469	PFI-7
YCFFONJEHNSECY-UHFFFAOYSA-N	CC(C)(C)NC(=O)c1ccc2cc1OCCOCCNc1ccn3ncc-2c3n1	CHEMBL5087558	CK156
GPXQUPCJIJBXHJ-UHFFFAOYSA-N	O=C(Nc1ccc(O)c(NS(=O)(=O)c2ccc(F)cc2)c1)c1ccc(-c2ccccc2)cc1	CHEMBL5189857	SN-011
VFNPUAOAEFMXQI-GASCZTMLSA-N	C[C@H]1CN(c2ncc(Cl)c(Nc3ccc4c(c3)n(CCC(C)(C)O)c(=O)n4C)n2)C[C@@H](C)C1(F)F	CHEMBL4445645	CCT369260
VNSQFPFWUAZOTQ-UHFFFAOYSA-N	COc1cccc(OC)c1S(=O)(=O)Nc1noc2cc(Cn3cccn3)cc(OC)c12	CHEMBL5723326	PF-9363
KVJFJJXCBRSCDY-UHFFFAOYSA-N	Cc1cc(-c2ccccc2)cc(C(=O)NNS(=O)(=O)c2cccc(O)c2)c1F	CHEMBL5723365	WM-3835
KIEQQZZDWUNUQK-UHFFFAOYSA-N	CCc1c(C#N)c(SC(C(N)=O)c2ccccc2)nc(N(C)C)c1C#N	CHEMBL5798212	GSK3484862
QBIGUDRHHJTXKG-UUWRZZSWSA-N	COc1nc2ccc([C@@](O)(c3ccccc3)C3CCN(C(C)=O)CC3)cc2c(Cl)c1Cc1ccc(-n2cccn2)cc1	CHEMBL4802042	JNJ-54119936
DVIVLYHDLNAXAT-OAQYLSRUSA-N	CC[C@@H](Nc1c(C#N)c(-c2ccc(-c3cccc(C)c3F)cc2)nc2cnccc12)C(=O)O	CHEMBL4802045	BAY-091
FNBUZGRPJLEIMO-UHFFFAOYSA-N	CCOc1ccc(S(=O)(=O)Nc2ccc(Cl)cc2C#Cc2cnc(C(=O)O)cc2OC)c2ncccc12	CHEMBL4802043	MSC-4381
AUYCSWFYKYVCLD-HXUWFJFHSA-N	CC(C)(O)[C@H](F)CN1Cc2cc(NC(=O)c3cnn4cccnc34)c(N3CCOCC3)cc2C1=O	CHEMBL4475494	IRAK4i-2
PWKAYICUBVNJAZ-UHFFFAOYSA-N	CC1CCN(c2ccnc(NCc3cn(C)cn3)n2)CC1	CHEMBL4778870	TP-040
CYFBRQHYEQKYHH-MRXNPFEDSA-N	CC(=O)Nc1ncc(CN2CCC[C@H](Cc3cc(C)nc(C)c3)C2)s1	CHEMBL4802039	JNJ-65355394
KIWKRCCIHSGWQS-VIFPVBQESA-N	N#CN1CC[C@H](C(=O)Nc2nc3c(s2)CN(C(=O)CN=[N+]=[N-])CC3)C1	CHEMBL4802050	PD158481
JWZAQUXBYYOGFA-UHFFFAOYSA-N	Cc1cc(Cn2c(N3CC4(CNC4)C3)nc3c(N4CCN(C)CC4)cc(Cl)cc32)cc(C)c1F	CHEMBL4213025	VUBI1
XMTCSFQKNADGEY-UHFFFAOYSA-O	CCn1c(CNC(=O)c2nc(Cl)cnc2N)[n+](CC)c2ccc(C(=O)N(C)CCN(C)C)cc21	CHEMBL5315634	BI-8668
WQVPGYMGERDXLH-UHFFFAOYSA-N	C=CC(=O)Nc1cccc(C(=O)Nc2ccc(NC(=O)c3cccc(-c4ccn[nH]4)n3)cc2)c1	CHEMBL4782804	JH-X-119-01
WBFJDKLBAAHKIL-UHFFFAOYSA-N	CN(c1ncccc1CNc1ccnc(-c2nc3c(F)c(Cl)ccc3[nH]2)n1)S(C)(=O)=O	CHEMBL5085558	MSC1186
BPLPIBNWDLPUKP-UHFFFAOYSA-N	Cc1cc(Br)c(CNc2ncc(C(=O)NCCCN3CCOC3=O)c(NC3CCCC3)n2)cc1Br	CHEMBL4850857	NR162
WILMROCKORZEMQ-ZQZOTQDBSA-N	COC[C@@H](C[C@H]1O[C@@](O)([C@H](O)[C@@H]2C[C@H](OC)[C@@H](O)CC/C=C(C)/C=C/[C@@H](O[C@@H]3O[C@@H](C)[C@H](OC)[C@@H](O)[C@@H]3O)[C@H](C)/C=C(C)/C=C(C)/C=C(\C)C(=O)O2)[C@H](C)[C@@H](O)[C@H]1C)OC1C[C@](C)(O)[C@@H](O[C@H]2C[C@@H](OC)[C@H](O)[C@@H](C)O2)[C@H](C)O1		APOPTOLIDIN
KTACUAZSJJIUKD-QXONSOMPSA-N	CNc1cc2c(cn1)cc(-c1ccc(-c3ncccc3F)cc1Cl)c(=O)n2C[C@H]1OC[C@H](N)CO1		MRIA9
NBDJDKAXIGWAIM-XZOQPEGZSA-N	C=CCn1c(N[C@@H]2C[C@H](c3ccc(OCc4ccccc4)cc3)CN(C)C2)nc2cc[nH]c2c1=O	CHEMBL5569118	(R,R)-59
LWXOPXNDPRPGMJ-UHFFFAOYSA-N	C=CC(=O)Nc1ccccc1Nc1ncnc2[nH]cc(Cl)c12		BSJ-04-122
WDBUEMWHXKHQNB-AURZXHAXSA-N	COc1cc(OC)c(Cl)c(NC(=O)N(C)c2cc(Nc3ccc(N4CCN(CC(=O)N[C@H](C(=O)N5C[C@H](O)C[C@H]5C(=O)N[C@@H](C)c5ccc(-c6scnc6C)cc5)C(C)(C)C)CC4)cc3)ncn2)c1Cl	CHEMBL5417209	DGY-09-192
KKMZWHRTQLNOCF-UHFFFAOYSA-N	CS(=O)(=O)Nc1ccc(-c2cncc(-c3cccc4[nH]ccc34)c2)cc1	CHEMBL4455633	TM-04-176-01
ZPNTXOKOIHPCLI-UHFFFAOYSA-N	CN1CCN(c2ccc(Oc3ccc4c(c3)C(=O)N(Cc3ccccc3)c3cc(F)ccc3N4)cc2)CC1	CHEMBL4558528	DDC-03-024-01
YEUMCRKFUPOKOM-IYBDPMFKSA-N	COc1cc(N2C[C@H](C)N[C@H](C)C2)ccc1Nc1ncc2c(n1)-c1ccc(C)cc1NC(=O)N2	CHEMBL4792672	SYN-DFCI-00114
HSRXFQQYAZQIST-GOSISDBHSA-N	COc1cc(C(=O)NC2CCN(C)CC2)ccc1Nc1ccc2c(n1)N(C1CCOCC1)[C@H](C)C(=O)N2C	CHEMBL4483587	TAF1-compound 31
COGUZYALRYMQTD-LJQANCHMSA-N	C=CC(=O)Nc1ccc(C(=O)N2CCC[C@@H](Nc3ncc(SCc4ncc(C(C)(C)C)o4)s3)C2)cc1	CHEMBL4647764	MFH290
YKFHBIMJVFQOQL-UHFFFAOYSA-N	Cc1ccc(NC(=O)NC(C)(C)c2cccc(NC3=CC(=O)N(C4CCC(=O)NC4=O)C3=O)c2)cc1Cl		ALV2
SCLLZBIBSFTLIN-INOGPEIASA-N	C#Cc1c(F)ccc2cc(O)cc(-c3ncc4c(N5C[C@@H]6CC[C@H](C5)N6)nc(OC[C@@]56CCCN5C[C@H](F)C6)nc4c3F)c12	CHEMBL5081048	MRTX1133
JLUUVUUYIXBDCG-UHFFFAOYSA-N	CNc1nc(-c2nc3ccc(N4CCN(C)CC4)cc3n2Cc2ccccc2)cn2c(C)nnc12	CHEMBL3919831	BI 894999
OYUDYQMFVRHPIY-UHFFFAOYSA-N	CCOP(=O)(Cn1ccc(NC(=O)c2cc(Oc3cnc(C(=O)N4CCC4)cn3)cc(OC(C)C)c2)n1)OCC	CHEMBL5072532	BMS-820132
CQAPXPSWLDAVEG-UHFFFAOYSA-N	CC(C)(O)c1ccc(NC(=O)c2ccnn(-c3ccccc3OCC(F)(F)F)c2=O)cc1	CHEMBL5085509	T-690
WXRCLFFPZXJCLS-UHFFFAOYSA-N	CNC(=O)c1ccc(N2CCN(Cc3ccc4nc(C)c(=O)[nH]c4c3F)CC2)c(F)n1	CHEMBL5095223	AZD9574
DTCZNKWBDTXEBS-UHFFFAOYSA-N	Cc1cc(C)c2c(n1)CN(C(=O)CC1CN(c3ccnc(C(F)(F)F)c3)C1)C2	CHEMBL5314557	Emraclidine
YHMDHAMZFMNMTF-MSOLQXFVSA-N	Cc1cccc(N(C)C(=O)[C@@H]2[C@H](O)CCN2c2nc(C)cc(C(F)(F)F)c2C#N)c1	CHEMBL5206992	ART558
NRHPFMQPXSSELC-QHCPKHFHSA-N	CC(C)(C)NS(=O)(=O)c1ccc(NC(=O)[C@H](Cc2ccccc2)NC(=O)c2ccc(F)cc2)cc1	CHEMBL4525652	USP30inh
AKCDDYGYIGPEKL-JQOQJDEVSA-N	Cc1cn(-c2ccc3n(c2=O)CCN([C@@H](C)[C@@H]2CC[C@H](c4cc(F)c(Cl)cc4C(F)(F)F)O2)C3=O)cn1	CHEMBL3951810	PF-06648671
FMQWOAKTQPLQBR-SANMLTNESA-N	O=C(Nc1ccc(Oc2ccc(F)cc2)cc1)N1CCc2ncccc2[C@@H]1c1ccc(Cl)cc1	CHEMBL4537998	BAY-298
DOVSNSDMRJVTMR-JOCHJYFZSA-N	CC(C)(O)CNC(=O)N1C(=O)N(c2cccc(C(F)(F)F)c2)C2=C(C(=O)CC2)[C@H]1c1ccc(C#N)cc1	CHEMBL4112323	BI-5524
RIWTUJFFSTVYPW-UHFFFAOYSA-N	COc1cc(-c2cncc(-c3ccc(N4CCN(C(C)C)CC4)cc3)c2C)cc(F)c1C(N)=O	CHEMBL4548795	M4K2234
FFLJVBPCONQSQW-UHFFFAOYSA-N	c1ccc2c(-c3coc4cc(-c5ccc(N6CCNCC6)cc5)cnc34)ccnc2c1	CHEMBL5083143	MU1700
YLHSFRZHEMHKAF-UHFFFAOYSA-N	COc1ccccc1CNC(=O)Cn1c(CCC(=O)O)nc2c(Cl)cccc2c1=O	CHEMBL5410606	SGC-UBD253
MRHRACKJKBOJEI-UHFFFAOYSA-N	COc1ccc(C(=O)NO)cc1NC(=O)c1ccc(-c2ccccc2)cc1	CHEMBL3800394	TH65
HKASDKLLEVWKJA-YADARESESA-N	CC(C)c1nc2c(c3c1[C@@H](c1ccc(C(F)(F)F)cc1)OC31CCOCC1)[C@@H](O)CC(C)(C)C2	CHEMBL3360279	BI-5756
BEBDKSYNJJVZSO-SECBINFHSA-N	Cc1cn([C@H](C)CC#N)c(=O)c2cc(Cn3nc(C(F)F)cc3Cl)nn12	CHEMBL5092058	TP-050
RPAHCZZXEGWBDL-UHFFFAOYSA-N	Cc1cc(OC2CCS(=O)(=O)CC2)cc(C)c1-c1cccc(COc2ccc(CCC(=O)O)c(F)c2)c1	CHEMBL2048623	TP-051
ILPWEAHQRAWJIU-OAHLLOKOSA-N	Cc1c(C#N)cccc1[C@@H](C)Nc1nnc(C)c2cnc(N3CCOCC3)cc12	CHEMBL5192659	MRTX0902
DVFCRTGTEXUFIN-GFCCVEGCSA-N	CC(C)CCN[C@@H]1CCc2cc(O)c(N3CC(=O)NS3(=O)=O)c(F)c2C1	CHEMBL5095164	ABBV-CLS-484
BUIJBFHGUQJYSD-XZOQPEGZSA-N	COc1cc(C)c(S(=O)(=O)N(C)CCOCC(=O)N(C)[C@H]2CCC[C@@H](N3CCN(C)CC3)C2)c(C)c1	CHEMBL5315550	BI 113823
SZDURAXJBIDHAJ-HXUWFJFHSA-N	Cc1nc2cccnc2n2c(-c3cc([C@@]4(O)CCCOC4)ccc3Cl)nnc12	CHEMBL5303429	BI-1960
OMISHRJQMYQPMG-UHFFFAOYSA-N	O=C1CCC(N2Cc3cc(C4CCN(Cc5ccccc5)CC4)ccc3C2=O)C(=O)N1	CHEMBL5077506	DKY709
ASRLBLHATMXGPC-UHFFFAOYSA-N	COc1cc(-c2cn(C)c(=O)c(C)c2C)ccc1C1(N2CCN(C)CC2)CC1	CHEMBL5209881	BI-7190
GRTDDIZIUSADLD-CRAIPNDOSA-N	COC(=O)NCCCn1nc([C@@H](C)N(C(=O)[C@H]2CNCCO2)C2CC2)c2ccc(C)nc21	CHEMBL4110551	SPH-3127
WDBUEMWHXKHQNB-NNAUULPKSA-N	COc1cc(OC)c(Cl)c(/N=C(\O)N(C)c2cc(Nc3ccc(N4CCN(C/C(O)=N/[C@H](C(=O)N5C[C@H](O)C[C@H]5/C(O)=N\[C@H](C)c5ccc(-c6scnc6C)cc5)C(C)(C)C)CC4)cc3)ncn2)c1Cl		DGY-09-192
FHRKRGDHMCCDEO-LLVKDONJSA-N	CC(=O)N1CCN(c2cc(-c3ccccc3O)nnc2N)C[C@H]1C	CHEMBL5207330	GNE-064
DORZPJWJOBMQKC-UHFFFAOYSA-N	CN(C)CC#Cc1ccc2[nH]c3c(c2c1)-c1nc(N)ncc1CCC3	CHEMBL5174830	SGC-PIKFYVE-1
XASOHFCUIQARJT-UHFFFAOYSA-N	COc1cc(-c2cnc3cc(OCCN4CCOCC4)ccn23)cc2c1C(=O)N(CC(F)(F)F)CC2	CHEMBL5393771	GPLG3970
BWINBHTTZLVXGT-NVXWUHKLSA-N	CNc1cc(Nc2cccn(-c3ccccn3)c2=O)nc2c(C(=O)N[C@@H]3CC[C@H]3OC)cnn12	CHEMBL5314423	Zasocitinib
UKBQFBRPXKGJPY-INIZCTEOSA-N	CCOc1cccnc1Oc1cncc(-c2ncc(C(=O)N[C@H]3CCOC3)cn2)c1	CHEMBL4760665	ervogastat
KKFFOOWORPUAJB-NVXWUHKLSA-N	Cc1nc(N[C@H](C)c2cccc(C(F)F)c2F)c2cc3c(cc2n1)OC[C@H]1CN(C(=O)C2(C#N)CC2)CCN31	CHEMBL5184590	SOS1-IN-1-15
CKAMBYUZKWQCKJ-ADSBAMQRSA-N	C=CC(=O)N1CCN(c2cc(-c3noc([C@@]4(C)CCCc5sc(N)c(C#N)c54)n3)nc(N3CCN(C)C[C@@H]3C)c2)CC1	CHEMBL5218642	BI-0474
UYKVJQCPBDDIFD-ZSEKCTLFSA-N	COCc1nnc(N2C[C@@H]3C[C@]3(c3ccc(F)cc3Cl)C2)n1-c1ccc(OC)nc1	CHEMBL4591825	SHR1653
OAZAPIKYVGRNCO-UHFFFAOYSA-N	CC(C)(O)c1ccc(N2Cc3c(ccnc3-c3ccc(F)cc3OCC(F)(F)F)C2=O)cc1	CHEMBL5078078	T-036
XOQVZSSDIQQUGO-UHFFFAOYSA-N	C=C(C)C(=O)Nc1ccc(-c2c(-c3ccc(Oc4nccc(C)n4)c(F)c3)c3c(N)ncnc3n2C)cc1	CHEMBL5314555	Lirafugratinib
ZLVKIBLQXFILMA-IKGGRYGDSA-N	Cc1ccc(F)c2cc(C(=O)N[C@@H]3CCC[C@H](N4CC[C@H](N(C)S(C)(=O)=O)C4)C3)[nH]c12	CHEMBL5091591	EPZ-719
GHNYLVIESIGHDJ-OAQYLSRUSA-N	CN1CCC([C@@](C)(O)c2ccc3cnc(Nc4cc(C(F)(F)F)ncc4F)cc3n2)CC1	CHEMBL5084200	GFB-12811
ZCDOBSPXKGOBOI-SANMLTNESA-N	CC(C)(CCn1ccc2cc(C(=O)O)ccc21)NC[C@H](O)c1cccc(NS(=O)(=O)c2ccccc2)c1		BI-2800
RIGHCDSORZCRDE-UHFFFAOYSA-N	O=C(NCCCn1ccnc1)c1cc2nc(-c3ccccc3)cc(-c3ccccc3)n2n1	CHEMBL5094181	JNJ-9350
WZMIWVZGYMKUDV-UHFFFAOYSA-N	CC1(C)Cn2nc(-c3ccc(F)cn3)c(-c3ccnc4[nH]ncc34)c2CO1	CHEMBL5095777	JNJ-78386204
APLVGTKXOIMODQ-IBGZPJMESA-N	COC[C@H](NC(=O)c1ccn(S(C)(=O)=O)c1)C(=O)Nc1nc(-c2cccc(-c3ccn(C)n3)c2)cs1	CHEMBL5308262	FHT-2344
INUWEFVAKFBVBO-ZWKOTPCHSA-N	O=C(O)CCc1ccc([C@@H]2C[C@H](c3ccc4c(c3)OCO4)n3ncc(Cl)c3N2)c(Cl)c1		BI-1136
XKDHFIPNTTUSIA-UHFFFAOYSA-N	CCn1c(=O)c(C)cn(Cc2nnc(-c3ccc(F)c(O)c3F)s2)c1=O	CHEMBL5307400	BI-3231
ROSUBSCVVIUGEO-UHFFFAOYSA-N	Cc1nc2cnc3c(cc(C(=O)NCc4ccc(Cl)cc4)c(=O)n3CC(=O)N3CC(C)(F)C3)c2n1C		BI-9553
SWOIFXHMBKFCRM-UHFFFAOYSA-N	CN1CCC(F)(Cn2cnc(-c3ccc(F)cn3)c2-c2ccnc3[nH]ccc23)CC1	CHEMBL5303449	MU1742
HEVVNKYNJCSHFA-UHFFFAOYSA-N	O=C(O)c1ccc2c(c1)nc(NCc1ccccc1)c1ncncc12	CHEMBL5288779	SGC-CK2-2
PYMRXCFAOAFTGR-DYVMYPEFSA-N	Cc1cn([C@@H]2O[C@H](CSCCNCc3cccnc3C(C)(C)C)[C@@H](O)[C@H]2O)c2ncnc(N)c12	CHEMBL5558016	MRK-990
DZIHITUUUPJMOQ-UHFFFAOYSA-N	COc1ccc(Nc2ncnc3c2ccn3-c2ccc(C)c(C)c2)cc1Cl	CHEMBL5288342	ARUK2002821
VGFHPNRWHOQLEB-UHFFFAOYSA-N	Nc1ncc2c(n1)-c1c([nH]c3ccc(C4=CCOCC4)cc13)CCC2	CHEMBL5303489	SGC-PI5P4Kγ/MYLK4-1
UNRTVIQQMJRQLZ-UHFFFAOYSA-N	Cc1nccnc1-c1nn2c(=O)cc(-c3ccc(C4CCCCC4)cc3)[nH]c2c1C(=O)N1CC(CF)C1	CHEMBL5191316	GNE-7883
LXRBPWHQMGKMRT-GOSISDBHSA-N	CC(C)C[C@@H](NC(=O)C1(C(F)(F)F)CCCCC1)C(=O)Nc1nnc(Cc2ccc(C#N)cc2)s1	CHEMBL5279102	BAY-805
VOSAWOSMGPKQEQ-OALUTQOASA-N	CC(C)(O)C(=O)N1CC[C@H](NS(C)(=O)=O)[C@@H]1Cc1cccc(-c2cc(F)cc(F)c2)c1F		firazorexton
XSQUJFKRXZMOKA-PAFIKIDNSA-N	COc1c([C@H]2[C@H](C(=O)Nc3ccnc(C(N)=O)c3)O[C@@](C)(C(F)(F)F)[C@H]2C)ccc(F)c1F	CHEMBL5314487	suzetrigine
IPDMIUDPUBUHSU-INIZCTEOSA-N	NC(=O)C[C@H](NC(=O)c1c[nH]nc1-c1ccc(Cl)cc1F)c1ccc(F)c(Cl)c1	CHEMBL5407645	OICR-8268
HPJVZSVEIGCFJP-SFHVURJKSA-N	CC[C@](C)(O)C#Cc1cc2c(ccn2-c2cc(OC)nc(N)n2)cn1	CHEMBL5280210	TTBK1-IN-1
KMFLQPJJHQNKKF-UHFFFAOYSA-N	Cc1ccc(C(=O)Nc2nc(-c3ccco3)c(C(=O)C3CCOCC3)s2)cn1	CHEMBL5314441	KW-6356
KLGDKBPAEMOECW-UHFFFAOYSA-N	CN(CCCC(=O)NO)CCNC(=O)c1cccc2ccccc12		DKFZ-748
QVQHWPLHUNEREE-UHFFFAOYSA-N	Cc1cc2c(Nc3ccc(S(C)(=O)=O)cc3)ncnc2s1	CHEMBL5410975	ARUK2001607
XKYVECRUZPCRQR-UHFFFAOYSA-N	CCc1c(N2CCN(C(=O)c3ncnc(C)c3O)CC2)c(=O)n2nc(C3=CCOCC3)nc2n1CC(=O)Nc1ccc(C(F)(F)F)cc1Cl	CHEMBL6068555	HRO761
LUVOYGUFQRWXGQ-UHFFFAOYSA-N	COCCOCCn1nc(C)c2c1CSCc1cc(n(C)n1)CCc1cc(c3ccc(F)cc3c1)OCCCn1c(C(=O)O)c(C)c3c-2c(Cl)ccc31	CHEMBL5307201	JNJ-78394355
NPPMVTBTTJNVKP-ZDUSSCGKSA-N	CCC[C@H]1CNCc2c1[nH]c(=O)c(C#N)c2N1CCC2(CC1)CC2	CHEMBL5306577	BAY-7081
NPPMVTBTTJNVKP-UHFFFAOYSA-N	CCCC1CNCc2c1[nH]c(=O)c(C#N)c2N1CCC2(CC1)CC2	CHEMBL5222242	BAY-7081
JBTHUOYYUUPUOZ-LIHPQFRDSA-N	Cc1ncsc1-c1ccc([C@H](CC[C@H](C)CCN2CCC(c3ccc4c(c3)n(C3CCCC3)c3nc(=O)c5c(Br)cccc5n43)CC2)NC(=O)[C@@H]2C[C@@H](O)CN2C(=O)[C@@H](NC(=O)C2(F)CC2)C(C)(C)C)cc1	CHEMBL5417390	ACBI2
ZDDKAPZDQXQXPZ-OAHLLOKOSA-N	Cc1cc2c(cc(C(=O)N[C@H](C)c3ccc(C4(C(=O)O)CCOCC4)cc3)n2C)c(Cl)c1Cl		BI-9593
NBILLXVMFPDPPM-FGZHOGPDSA-N	COCCN1CCN(c2nc3c(N4C[C@H]5C[C@@H]4CO5)nc(-n4ncc5c(C)nc(-c6cnccc6OC)cc54)cc3n2C)CC1		BI-8128
CAPZLSKZPWSIKV-LJQANCHMSA-N	Cn1cnc2ncnc(N3CC[C@@]4(CCN(c5ccc(C(F)(F)F)c(Cl)c5)C4)C3)c21		MRK-952
MCLDWKVRXDHDEI-UHFFFAOYSA-N	CC(C)c1cnc(CSc2cnc(NC(=O)C3CCNCC3)s2)o1	CHEMBL5724721	SGC-CAF382-1
SXQZEMXQTRNLRZ-HXUWFJFHSA-N	COc1ccc(CNC(=O)[C@H]2CN(C(=O)CCl)CCN2S(=O)(=O)c2ccc(OC)cc2)cc1		(R)-SKBG-1
OCQCKUTZHBQNEI-UHFFFAOYSA-N	O=C(NCC1CCOCC1)c1n[nH]cc1NC(=O)c1c(F)cccc1F	CHEMBL5724730	SGC-GSK3-1
BWBUPDTUXQDHSX-AWEZNQCLSA-N	CC(C)c1cc(Nc2nc(N3CCC[C@H](N)C3)ncc2C(N)=O)cc(C(C)C)n1	CHEMBL4635883	CS640
AWFNYCNUUWNEDD-UHFFFAOYSA-O	CNc1cc[n+](CCNC(=O)c2ccn3c(-c4c(C)noc4C)cnc3c2)cc1	CHEMBL5498852	BAY-6096
HLNCBKSDCCIOPT-UHFFFAOYSA-N	O=C1CCC(N2Cc3cc(C4CCN(C(=O)CCCCCN5CCC(c6ccc(Oc7nn8cnnc8c8c7CCCC8)cc6)CC5)CC4)ccc3C2=O)C(=O)N1	CHEMBL5465171	BAY-277
NIHAFOURWLZLFN-UHFFFAOYSA-N	O=C(Nc1c[nH]nc1C(=O)NC1CCNCC1)c1cc(F)cc(F)c1	CHEMBL5724716	SGC-CDKL5/GSK3-1
XBWKVZHZUZNMJE-UHFFFAOYSA-N	O=C1NCCCCCNc2nc(c3ccccc3n2)Nc2cc1[nH]n2	CHEMBL5562742	JA310
JQLMEZBHIJSVKR-UHFFFAOYSA-N	CC(C)(C)OC(=O)Nc1ccc(CNc2nccc(Nc3cc(C(=O)OC(C)(C)C)[nH]n3)n2)cc1	CHEMBL5724729	JA397
XUOJHVFYSAMHNK-GWMXKSKGSA-N	Nc1ncc(-c2cn(C34CC(F)(C3)C4)c([C@@H](O)C(F)(F)F)n2)cc1OC(F)(F)F	CHEMBL5408274	IACS-52825
HPBOMWKBZHYYGE-UHFFFAOYSA-N	CCc1ncc(-c2cc(C)no2)c(C2CCN(CC(=O)N3CCOCC3)CC2)n1	CHEMBL5401020	WLB-89462
QGJQNPNZAYRDMS-OESUUHGFSA-N	COc1cc(N2CCN(CCCCCCC(=O)N[C@H](C(=O)N3C[C@H](O)C[C@H]3C(=O)N[C@@H](C)c3ccc(-c4scnc4C)cc3)C(C)(C)C)CC2)ccc1Nc1ncc2c(n1)N(C)c1ccccc1C(=O)N2C	CHEMBL5394239	PPM-3
NDRFFOKFYGUOKD-ZDUSSCGKSA-N	C[C@H]1COCCN1c1cc(NC(=O)Cn2cc(-c3cc(Cl)c(O)c(C(N)=O)c3)c3c(=O)n(C)cnc32)c(Cl)cn1	CHEMBL5279982	OICR11029
QLOHOGRMRUDDPM-LBPRGKRZSA-N	COc1ccc(-c2cc(C(=O)N[C@H]3CCCN(C)C3)nn2C)c(Cl)c1	CHEMBL5406873	CVN417
RHGZXPKHVAHQJO-BIIHCSGHSA-N	C[C@@H]1COCCN1c1cc(C2([S@](C)(=N)=O)CC2)nc(C2CCNC3NCCC32)n1		Ceralasertib
OYDTWNVVTPPDDO-UHFFFAOYSA-N	CN1CC(Oc2cnc(C#N)cc2-c2ccn3nc(NC(=O)C4CC4)cc3c2)C1	CHEMBL5405960	JRD-SIK1/2i-4
KBTKRNXLECYGBY-NERSTHRASA-N	CCCNNC(=O)c1ccc(N2CCN(CCCCCCCC(=O)N[C@H](C(=O)N3C[C@H](O)C[C@H]3C(=O)N[C@@H](C)c3ccc(-c4scnc4C)cc3)C(C)(C)C)CC2)cc1	CHEMBL5565994	YX968
BOXPLNRWIHHHBO-CHCOZFFLSA-N	Cc1ncsc1-c1ccc([C@H](C)NC(=O)[C@@H]2C[C@@H](O)CN2C(=O)[C@@H](NC(=O)CCCCCN2CCN(c3ccc4c(C5CCN(C(=O)c6ccc(OC(F)(F)F)cc6N)CC5)ncnc4c3)CC2)C(C)(C)C)cc1	CHEMBL5395549	INY-06-061
GRKYJLSMFYQHMP-APASRLOHSA-N	Nc1nc(Cl)nc2c1c(-c1nn(Cc3ccccc3)cc1Cl)cn2[C@@H]1C[C@H](c2cccc(CN3CCC3)c2)[C@@H](O)[C@H]1O		KMI169
KGJVKYSVVOQPDL-UHFFFAOYSA-N	NS(=O)(=O)c1ccc(Nc2ncc3cc4n(c3n2)C2(CCCCC2)C(=O)NN4)cc1	CHEMBL5834528	INX-315
KFRGPUFONMCXQI-RUZDIDTESA-N	CN1CCC([C@@](C)(O)c2ccc3cnc(Nc4cc(N5CCOCC5)ncc4F)cc3n2)CC1	CHEMBL5078192	GFB-12630
HOTSVKDMIYWWIY-UHFFFAOYSA-N	Cn1c(Nc2c(F)cccc2Cl)nc2cc(C(=O)Nc3cc(F)cc(C(F)(F)F)c3)c3c(c21)OCCO3	CHEMBL3897959	mPGES1-IN-3
ALGPVOJFIGPPPX-VIFPVBQESA-N	Nc1nc(=O)c(CC(=O)Nc2cnc(C(=O)N[C@@H](CCC(=O)O)C(=O)O)c(F)c2)c(N)[nH]1	CHEMBL5879031	TH9619
JGLGMFHQGRAHAO-HXUWFJFHSA-N	O=C(N[C@H](Cc1ccccc1)C(=O)O)c1cccc(OCc2cccnc2)c1	CHEMBL5315640	T-10418
IKPNRMYDOSNVAU-UHFFFAOYSA-N	O=C(COc1ccc(Cl)cc1)NC12CC(c3nnc(C4CC(OC(F)(F)F)C4)o3)(C1)C2		DNL343
LPQXZOJIUVOCAL-NRFANRHFSA-N	Cn1nccc1[C@]1(CNC(=O)c2ccc(F)c(F)c2-c2ccc(C(F)(F)F)cc2)NC(=O)NC1=O	CHEMBL5575976	BAY-9835
ODOJVROSIRINJT-LJQANCHMSA-N	Cc1cc2c(-c3ccc(NC(=O)[C@H](N)CC(C)(C)C)cc3C)ccnc2[nH]1	CHEMBL5572737	C3TD-879
VYWRYBZVVSPTQN-SANMLTNESA-N	N#Cc1c(-c2cc(NC(=O)c3cc(F)cc(C(F)(F)F)c3)c3c(c2)C(=O)N[C@H]3c2cc(F)ccc2Cl)ccc2ncnn12	CHEMBL6068523	RLY-2608
XMOSIGSMKGYOBC-MHZLTWQESA-N	COc1cc(C(=O)NC[C@](O)(c2cc(C(C)(C)O)c(F)c(-c3ccc(F)cc3)n2)C(F)(F)F)cc2cc(C)nnc12	CHEMBL5571192	JNJ-8003
OLEFHQBTXFCZON-HXUWFJFHSA-N	CC#CC(=O)N1CC(N2CCC(c3cc(C)c4c(c3)Nc3ncnc(N5CCS(=O)(=O)CC5)c3[C@@H](C)O4)CC2)C1	CHEMBL5724557	JNJ-3738
OKZITNMVZCTKEZ-IAQYHMDHSA-N	Cc1cc(C(=O)N2CC[C@@H](C)[C@H](c3cc(C(F)F)nc4ncnn34)C2)cc(C)n1	CHEMBL5724556	JNJ-54082730
MKNGOFQNSJBJPM-UHFFFAOYSA-N	Nc1nc2sc(=O)[nH]c2c(=O)[nH]1		AXSP0056
BZJPCUQQPJJBTP-FGZHOGPDSA-N	CC(C)Oc1ccc(-c2ccc(N(CCOC(F)F)C(=O)[C@@H]3C[C@H]3c3ccncn3)c3c2cnn3C)cc1	CHEMBL5555636	BI-9808
FNMYNLLFVGBROQ-VESQGZDPSA-N	CO[C@H](c1ccccc1)[C@@H]1NC(=O)[C@H](C)NC(=O)[C@H](C[C@@H](C)CO)N(C)C(=O)[C@H](Cc2cn(Cc3cn(CCCCCNC(=O)C[C@@H]4N=C(c5ccc(Cl)cc5)c5c(sc(C)c5C)-n5c(C)nnc54)nn3)c3ccccc23)NC(=O)[C@H](C(C)C)NC(=O)[C@H](CC(C)C)N(C)C(=O)[C@H](C(C)C)NC1=O		BI-8255
MQPRPYOQJTXICA-LJQANCHMSA-N	Cc1ncc2c(CCN3CC[C@@H](OC4CCN(c5nc6ncccc6[nH]5)CC4)C3)c[nH]c2n1		BI-5232
VQVLEDQDCNRDNQ-UHFFFAOYSA-N	NC(=O)c1ccc(OCc2c(C(F)F)nnn2-c2ccc(F)cc2)nn1		BI-1030
MMHYOHYLSFWJJB-ZDUSSCGKSA-N	CCN(C(=O)c1cccc(F)c1-c1ncccn1)[C@@H](C)CNc1ncc(C(F)(F)F)cn1		BI-5121
LPDOIXPRZOWBJV-ZBFHGGJFSA-N	CSc1ccc(C[C@@H](C)C(=O)O)cc1Nc1nc(N2CC[C@H](N(C)C)C2)cc(C(F)F)c1C#N	CHEMBL5315520	BI-9787
MJLJMNMVTQVARE-PXNSSMCTSA-N	CCNC(=O)c1ccc2c([C@H]3CCN(CC4(O)CCCCC4)C[C@@H]3C)c(C)nn2c1	CHEMBL5428051	PFI-8
IIKPYJZUOZRTIB-UHFFFAOYSA-N	CC(C)CS(=O)(=O)NCc1cccc(-c2ccc3c(NC(=O)C4CC4)n[nH]c3c2)c1	CHEMBL4522276	SGC-CDKL2/AAK1/BMP2K-1
DBOPLVMSXSBHQW-NSHDSACASA-N	C[C@H](NC(=O)Cn1c(CCC(=O)O)nc2c(Cl)cccc2c1=O)c1c(F)cccc1F		SGC-UBD1031
WAFNVKVWBPXGHK-CGSMKXTHSA-N	CC(C)C[C@H]1C[C@@H](C)[C@]2(C(=O)Nc3ccc(F)cc32)N1C(=O)c1cn(C)cn1	CHEMBL4070683	TP-061
CSTHTJLTORVUST-UHFFFAOYSA-N	NCCCCCC(=O)N1CCc2cc(NC(=O)c3ccc(CN(C(=O)c4ccc5c(c4)OCC(=O)N5)C4CC4)cc3)ccc2C1		UNC8732
LXDPQXXUVGVIND-UHFFFAOYSA-N	COc1cc(Nc2ncc3c(C)nc(-c4cc5ccccc5[nH]4)n3n2)cc(OC)c1OC	CHEMBL537757	GW869516X
UZANYRRVDZSQGV-UHFFFAOYSA-N	CCn1c(-c2nonc2N)nc2c(C#CC(C)(C)O)nc(OCCN)cc21	CHEMBL1096291	GSK902056A
HFOBENSCBRZVSP-NRFSWKIWSA-N	C[C@@H](O)[C@H](NC(=O)N[C@@H](CC(N)=O)c1nc([C@H](N)CO)no1)C(=O)O	CHEMBL5169494	CA-170
STQKUEFQEVDNLU-UHFFFAOYSA-N	Cc1c(C#Cc2nc(C(N)=O)n(-c3cccnc3)c2C)ccnc1Cl		RO7293275
WWLFWVFVYAPDGW-YPAWHYETSA-N	COc1ccncc1-c1cc2c(cnn2-c2cc3c(nc(N4CCN5CCC[C@@H]5C4)n3C)c(N3C[C@H]4C[C@@H]3CO4)n2)c(C)n1		BI-4732
QEASMQZYZCGOSA-UHFFFAOYSA-N	Cn1cc2cc(-c3cc4[nH]nc(C5CC5)c4n(-c4ccc(OC(F)F)cc4)c3=O)ccc2n1	CHEMBL5560496	AZ9567
DQRZNYPHOWVXPQ-YDUPODKQSA-N	Cc1ncsc1-c1ccc([C@H](CO)NC(=O)[C@@H]2C[C@@H](O)CN2C(=O)[C@H](C(C)C)n2cc(OCCCCN3CCCN(c4nccc(-c5noc([C@@]6(C)CCCc7sc(N)c(C#N)c76)n5)n4)[C@@H](C)C3)nn2)cc1		ACBI3
WQUCFJCZXPDBNP-KDLSMAQYSA-N	NC(=O)C[C@H](NC(=O)c1c[nH]c(/C=C/C(=O)N2CCCCC2)c1-c1ccc(Cl)cc1F)c1ccc(F)c(Cl)c1		OICR-41103
UFKFTBGGMLIIME-DEOSSOPVSA-N	CCC[C@H](NC(=O)c1cc(Cn2ccnc2)cc(-c2cn(CC)nc2C(F)(F)F)c1)C(=O)N1CCc2sccc2C1		LH-168
PIJSEUOSRTYUJM-UHFFFAOYSA-N	Cc1cccc(-c2ccc(-c3cc4cnc(NC(CO)CO)nc4n(CCCCN)c3=O)c(Cl)c2)n1	CHEMBL5573797	MR24
IRKXKBMGTVDZAJ-UHFFFAOYSA-N	COc1cc(OC)c(Cl)c(-c2ccc3nc(Nc4nc(Cl)ccc4[N+](=O)[O-])ncc3c2)c1Cl	CHEMBL5571683	FGFR4-IN-8B
YTGYWPTWNBGCLG-UHFFFAOYSA-N	COc1ccc(-c2nn3c(-c4cccs4)nnc3s2)cc1OC	CHEMBL4065181	ZINC4511851
MOYXEJATPCXCOW-UXBLZVDNSA-N	CCOc1ccccc1-c1cc(C(=O)NC/C=C/S(C)(=O)=O)on1	CHEMBL5593311	SGC-NSP2PRO-1
RQLVVLAAHVIBPT-JOCHJYFZSA-N	O=C(N1CCC2(CC1)C[C@H](CN1CCCCS1(=O)=O)CCO2)C1(c2ccccc2)CCCC1		SGC-NSP2hel-1
YOOKRVNCYQFKCT-UHFFFAOYSA-N	C=CC(=O)Nc1ccc(-n2nc(C(F)F)cc2-c2cnc(NC(=O)C(C)C)s2)cc1		SM311
HRGRJDHSOFOGNO-UHFFFAOYSA-N	CCNc1cc(C#Cc2ccc(OC3CCN(C(N)=O)CC3)cc2)ccn1		BAY-439
GAXWGHHQPWGBKQ-CQSZACIVSA-N	Cc1noc(C)c1S(=O)(=O)N1CCC(C(=O)N[C@@H]2CCN(C#N)C2)CC1		Huib32
VLGBFCNSBOLUFH-CYBMUJFWSA-N	N#CN1CC[C@@H](C(=O)Nc2nc3c(s2)CN(C(=O)c2cc(-n4ccnn4)ccc2F)CC3)C1	CHEMBL5559797	JYQ-173
CRLZRGXSDBAEFD-HUUCEWRRSA-N	O=C(O)[C@@H]1C[C@H]1c1nc(-c2ccccc2)c(-c2cc(C(F)(F)F)cc(C(F)(F)F)c2)o1	CHEMBL5404648	JP3000
DYDFSGCLYIZSAQ-UHFFFAOYSA-N	CN(C)c1nn(CC(=O)Nc2ccc3nncn3n2)c(=O)c2ccc(C(F)(F)F)cc12		JNJ-79883960
YPXUKPNZQTWCRR-UHFFFAOYSA-N	Cc1nc(C(=O)NCc2cccnc2)cnc1OCC(F)(F)c1cc(Cl)ccn1		JNJ-78911118
UJDFQDPAVQIQLB-UHFFFAOYSA-N	Cc1c(OCc2cn(CCCCC(=O)Nc3ncc(-c4cc(C(F)F)nn4-c4c(Cl)cccc4Cl)s3)nn2)cccc1N1CCC(=O)NC1=O		THNAN69
HUCLEGUKKDJNDP-MMYYCJIJSA-N	CC(C)C[C@H]1C(=O)O[C@H](C)C(=O)N(C)[C@@H](CC(C)(C)F)C(=O)O[C@@H](Cc2ccc(C3CCOCC3)c(F)c2)C(=O)N(C)[C@@H](CC(C)C)C(=O)O[C@H](C)C(=O)N(C)[C@@H](CC(C)(C)F)C(=O)O[C@@H](Cc2ccc(C3CCOCC3)c(F)c2)C(=O)N1C		BI-3972
YZMITHOPDOPJBH-HLNVOFQHSA-N	O=C(O)c1ccc2c3n(nc2c1)[C@@H]1[C@H](CO3)N(CC2CC2)[C@@]2(C(=O)Nc3cc(Cl)ccc32)[C@H]1c1cccc(Cl)c1F	CHEMBL6031779	BI-0282
MOTAFHNEZHQHBP-GRGXKFILSA-N	Cc1nn2cccnc2c1C(=O)Nc1nc2cc([C@H]3CC[C@@H](N4CCCC4)CC3)ccc2n1CC(C)(C)O		BI1543673
WOJUKBDBSVWYCH-HAQNSBGRSA-N	Fc1c(-c2nc3cnccc3n2[C@H]2CC[C@H](F)CC2)nn2c1CCC2		BI-4737
JARVQZZSZRJQGH-UHFFFAOYSA-N	Cc1nc(NC2CCCC2)c2ncnc(Nc3ccccc3C(=O)O)c2n1		BI-4926
JDHASEKRUUOCBQ-UHFFFAOYSA-N	COc1ccc(CN2Cc3cc(-c4cnn(C(C)(C)C)c4)cc(OCCCO)c3C2=O)cn1		BI-7150
DRUXADDGGKWTSU-UHFFFAOYSA-N	Cn1nc(-c2ccnn2C)cc1CNC(=O)c1cc(-c2ccco2)ccc1Cl		BI02982816
XZOSIVTWPQCYTM-UHFFFAOYSA-N	Cc1nc(C2CC2)ccc1CNC(=O)c1cc(-n2cccn2)ccc1Cl		BI-1752
