target_key	type	name
GABA-A receptor; anion channel	family	GABA-A receptor; anion channel
Glutamate NMDA receptor	family	Glutamate NMDA receptor
Glutamate receptor ionotropic, AMPA	family	Glutamate receptor ionotropic, AMPA
Cyclin-dependent kinase 4/cyclin D	family	Cyclin-dependent kinase 4/cyclin D
Glutamate [NMDA] receptor	family	Glutamate [NMDA] receptor
Serotonin 3 (5-HT3) receptor	family	Serotonin 3 (5-HT3) receptor
Sulfonylurea receptors; K-ATP channels	family	Sulfonylurea receptors; K-ATP channels
Tubulin	family	Tubulin
Sodium/potassium-transporting ATPase	family	Sodium/potassium-transporting ATPase
Casein kinase II	family	Casein kinase II
CDK3/cyclin E	family	CDK3/cyclin E
Glycine receptor	family	Glycine receptor
AMP-activated protein kinase, AMPK	family	AMP-activated protein kinase, AMPK
Glutamate (NMDA/AMPA/Kainate)	family	Glutamate (NMDA/AMPA/Kainate)
Nicotinic Acetylcholine Receptor	family	Nicotinic Acetylcholine Receptor
CDK9/Cyclin T	family	CDK9/Cyclin T
CDK1/Cyclin A	family	CDK1/Cyclin A
Neuronal acetylcholine receptor; alpha3/beta4	complex	Neuronal acetylcholine receptor; alpha3/beta4
Glutamate NMDA receptor; GRIN1/GRIN2B	complex	Glutamate NMDA receptor; GRIN1/GRIN2B
Integrin alpha-V/beta-3	complex	Integrin alpha-V/beta-3
Cyclin-dependent kinase 1/cyclin B1	complex	Cyclin-dependent kinase 1/cyclin B1
Cyclin-dependent kinase 5/CDK5 activator 1	complex	Cyclin-dependent kinase 5/CDK5 activator 1
Glutamate NMDA receptor; GRIN1/GRIN2A	complex	Glutamate NMDA receptor; GRIN1/GRIN2A
Neuronal acetylcholine receptor; alpha4/beta2	complex	Neuronal acetylcholine receptor; alpha4/beta2
Cyclin-dependent kinase 2/cyclin E1	complex	Cyclin-dependent kinase 2/cyclin E1
Cyclin-dependent kinase 4/cyclin D1	complex	Cyclin-dependent kinase 4/cyclin D1
Hepatitis C virus serine protease, NS3/NS4A	complex	Hepatitis C virus serine protease, NS3/NS4A
Sulfonylurea receptor 1, Kir6.2	complex	Sulfonylurea receptor 1, Kir6.2
Calcitonin-gene-related peptide receptor; CALCRL/RAMP1	complex	Calcitonin-gene-related peptide receptor; CALCRL/RAMP1
Cyclin-dependent kinase 7/ cyclin H	complex	Cyclin-dependent kinase 7/ cyclin H
Intercellular adhesion molecule (ICAM-1), Integrin alpha-L/beta-2	complex	Intercellular adhesion molecule (ICAM-1), Integrin alpha-L/beta-2
Platelet-derived growth factor receptor	complex	Platelet-derived growth factor receptor
Calcitonin-gene-related peptide receptor, CALCRL/RAMP1	complex	Calcitonin-gene-related peptide receptor, CALCRL/RAMP1
Adrenomedullin receptor AM1; CALCRL/RAMP2	complex	Adrenomedullin receptor AM1; CALCRL/RAMP2
GABA-A receptor; alpha-3/beta-3/gamma-2	complex	GABA-A receptor; alpha-3/beta-3/gamma-2
GABA-A receptor; alpha-1/beta-3/gamma-2	complex	GABA-A receptor; alpha-1/beta-3/gamma-2
GABA-A receptor; alpha-5/beta-3/gamma-2	complex	GABA-A receptor; alpha-5/beta-3/gamma-2
Cyclin-dependent kinase 2/cyclin E	complex	Cyclin-dependent kinase 2/cyclin E
Cyclin-dependent kinase 1/cyclin B	complex	Cyclin-dependent kinase 1/cyclin B
Cyclin-dependent kinase 2/cyclin A	complex	Cyclin-dependent kinase 2/cyclin A
GABA-A receptor; alpha-2/beta-3/gamma-2	complex	GABA-A receptor; alpha-2/beta-3/gamma-2
Gamma-secretase	complex	Gamma-secretase
GABA-A receptor; alpha-1/beta-2/gamma-2	complex	GABA-A receptor; alpha-1/beta-2/gamma-2
SUMO-activating enzyme	complex	SUMO-activating enzyme
Sulfonylurea receptor 2, Kir6.2	complex	Sulfonylurea receptor 2, Kir6.2
AMP-activated protein kinase (AMPK) alpha-1/beta-1/gamma-1	complex	AMP-activated protein kinase (AMPK) alpha-1/beta-1/gamma-1
Histone deacetylase 3/Nuclear receptor corepressor 2 (HDAC3/NCoR2)	complex	Histone deacetylase 3/Nuclear receptor corepressor 2 (HDAC3/NCoR2)
PI3-kinase p110-alpha/p85-alpha	complex	PI3-kinase p110-alpha/p85-alpha
CDC7/DBF4 (Cell division cycle 7-related protein kinase/Activator of S phase kinase)	complex	CDC7/DBF4 (Cell division cycle 7-related protein kinase/Activator of S phase kinase)
CDK9/cyclin T1	complex	CDK9/cyclin T1
PI3-kinase p110-delta/p85-alpha	complex	PI3-kinase p110-delta/p85-alpha
CDK6/cyclin D3	complex	CDK6/cyclin D3
CDK6/cyclin D1	complex	CDK6/cyclin D1
GABA B receptor	complex	GABA B receptor
Mitochondrial complex V; ATP synthase	complex	Mitochondrial complex V; ATP synthase
Voltage-gated potassium channel, IKs; KCNQ1(Kv7.1)/KCNE1(MinK)	complex	Voltage-gated potassium channel, IKs; KCNQ1(Kv7.1)/KCNE1(MinK)
Voltage-gated potassium channel, KQT; KCNQ2(Kv7.2)/KCNQ3(Kv7.3)	complex	Voltage-gated potassium channel, KQT; KCNQ2(Kv7.2)/KCNQ3(Kv7.3)
Integrin alpha-L/beta-2 (LFA-1)	complex	Integrin alpha-L/beta-2 (LFA-1)
AMPK alpha1/beta1/gamma2	complex	AMPK alpha1/beta1/gamma2
AMPK alpha1/beta1/gamma3	complex	AMPK alpha1/beta1/gamma3
AMPK alpha1/beta2/gamma1	complex	AMPK alpha1/beta2/gamma1
AMPK alpha1/alpha2	complex	AMPK alpha1/alpha2
AMPK alpha2/beta1/gamma1	complex	AMPK alpha2/beta1/gamma1
AMPK alpha2/beta2/gamma1	complex	AMPK alpha2/beta2/gamma1
AMPK alpha2/beta2/gamma3	complex	AMPK alpha2/beta2/gamma3
CDK1/Cyclin E	complex	CDK1/Cyclin E
CDK2/Cyclin A2	complex	CDK2/Cyclin A2
CDK2/Cyclin A1	complex	CDK2/Cyclin A1
CDK3/Cyclin E	complex	CDK3/Cyclin E
CDK4/Cyclin D3	complex	CDK4/Cyclin D3
CDK7/Cyclin H/MNAT1	complex	CDK7/Cyclin H/MNAT1
CDK8/Cyclin C	complex	CDK8/Cyclin C
CDK9/Cyclin K	complex	CDK9/Cyclin K
IKK epsilon/TBK1	complex	IKK epsilon/TBK1
JAK3/JAK1	complex	JAK3/JAK1
JAK2/JAK1	complex	JAK2/JAK1
TAK1/TAB1	complex	TAK1/TAB1
Ionotropic glutamate receptor NMDA 1/2C	complex	Ionotropic glutamate receptor NMDA 1/2C
Ionotropic glutamate receptor NMDA 1/2D	complex	Ionotropic glutamate receptor NMDA 1/2D
PI3K p110 beta/p85 alpha	complex	PI3K p110 beta/p85 alpha
PRMT5/MEP50 complex	complex	PRMT5/MEP50 complex
EZH2/SUZ12/EED complex	complex	EZH2/SUZ12/EED complex
EZH1/SUZ12/EED/AEBP2/RBBP4 complex	complex	EZH1/SUZ12/EED/AEBP2/RBBP4 complex
CDK6/cyclin D2	complex	CDK6/cyclin D2
EZH2/SUZ12/EED/RBBP7/RBBP4	complex	EZH2/SUZ12/EED/RBBP7/RBBP4
JAK1/JAK2/TYK2	complex	JAK1/JAK2/TYK2
JAK1/TYK2	complex	JAK1/TYK2
JAK2/TYK2	complex	JAK2/TYK2
Von Hippel-Lindau disease tumor suppressor/Elongin B/Elongin C	complex	Von Hippel-Lindau disease tumor suppressor/Elongin B/Elongin C
Retinoic acid receptor RXR-alpha/oxysterols receptor LXR-beta	complex	Retinoic acid receptor RXR-alpha/oxysterols receptor LXR-beta
Retinoic acid receptor RXR-alpha/oxysterols receptor LXR-alpha	complex	Retinoic acid receptor RXR-alpha/oxysterols receptor LXR-alpha
PI3-kinase subunit gamma/Phosphoinositide 3-kinase regulatory subunit 5	complex	PI3-kinase subunit gamma/Phosphoinositide 3-kinase regulatory subunit 5
Ubiquitin carboxyl-terminal hydrolase 1/WD repeat-containing protein 48	complex	Ubiquitin carboxyl-terminal hydrolase 1/WD repeat-containing protein 48
Aurora kinase B/Inner centromere protein	complex	Aurora kinase B/Inner centromere protein
NEDD8 activating enzyme	complex	NEDD8 activating enzyme
Casein kinase II alpha'/ beta	complex	Casein kinase II alpha'/ beta
Cyclin-C/Cyclin-dependent kinase 19	complex	Cyclin-C/Cyclin-dependent kinase 19
Nicotinic acetylcholine receptor alpha-1/beta-1	complex	Nicotinic acetylcholine receptor alpha-1/beta-1
Cyclin-Y/Cyclin-dependent kinase 16	complex	Cyclin-Y/Cyclin-dependent kinase 16
Phosphatidylinositol 3-kinase regulatory subunit beta/Phosphatidylinositol 4,5-bisphosphate 3-kinase catalytic subunit beta isoform	complex	Phosphatidylinositol 3-kinase regulatory subunit beta/Phosphatidylinositol 4,5-bisphosphate 3-kinase catalytic subunit beta isoform
5'-AMP-activated protein kinase catalytic subunit alpha-2/beta-1/gamma-2	complex	5'-AMP-activated protein kinase catalytic subunit alpha-2/beta-1/gamma-2
Cyclin-dependent kinase 4/G1/S-specific cyclin-E1	complex	Cyclin-dependent kinase 4/G1/S-specific cyclin-E1
Histone deacetylase 1/Nuclear receptor corepressor 2	complex	Histone deacetylase 1/Nuclear receptor corepressor 2
Histone deacetylase 2/Nuclear receptor corepressor 2	complex	Histone deacetylase 2/Nuclear receptor corepressor 2
HSP60/HSP10	complex	HSP60/HSP10
ATR/ATRIP	complex	ATR/ATRIP
GroEL/GroES	complex	GroEL/GroES
CDK2/Cyclin O	complex	CDK2/Cyclin O
AMP-activated protein kinase alpha-2/beta-2/gamma-2	complex	AMP-activated protein kinase alpha-2/beta-2/gamma-2
AMP-activated protein kinase alpha-2/beta-1/gamma-3	complex	AMP-activated protein kinase alpha-2/beta-1/gamma-3
CDK18/Cyclin Y	complex	CDK18/Cyclin Y
AMP-activated protein kinase alpha-1/beta-2/gamma-3	complex	AMP-activated protein kinase alpha-1/beta-2/gamma-3
CDK12/Cyclin K	complex	CDK12/Cyclin K
Cyclin-dependent kinase 1/ G1/S-specific cyclin-D3	complex	Cyclin-dependent kinase 1/ G1/S-specific cyclin-D3
Cyclin-dependent kinase 13/Cyclin-K	complex	Cyclin-dependent kinase 13/Cyclin-K
Cereblon/Ikaros	complex	Cereblon/Ikaros
Cyclin-dependent kinase 14/Cyclin-Y	complex	Cyclin-dependent kinase 14/Cyclin-Y
von Hippel-Lindau disease tumor suppressor/Elongin-C/Elongin-B/HIF1A	complex	von Hippel-Lindau disease tumor suppressor/Elongin-C/Elongin-B/HIF1A
mTORC1	complex	mTORC1
mTOR/FKBP12A/FKBP12B	complex	mTOR/FKBP12A/FKBP12B
CDK2/Cyclin-E2	complex	CDK2/Cyclin-E2
CDK17/Cyclin-Y	complex	CDK17/Cyclin-Y
mTORC2	complex	mTORC2
Sodium channel protein type 1 subunit alpha/beta-1/beta-2	complex	Sodium channel protein type 1 subunit alpha/beta-1/beta-2
Sodium channel protein type 4 subunit alpha/beta-1/beta-2	complex	Sodium channel protein type 4 subunit alpha/beta-1/beta-2
Sodium channel protein type 5 subunit alpha/beta-1/beta-2	complex	Sodium channel protein type 5 subunit alpha/beta-1/beta-2
Sodium channel protein type 9 subunit alpha/beta-1/beta-2	complex	Sodium channel protein type 9 subunit alpha/beta-1/beta-2
Gamma-aminobutyric acid receptor subunit alpha-1/alpha-2/beta-2/gamma-2	complex	Gamma-aminobutyric acid receptor subunit alpha-1/alpha-2/beta-2/gamma-2
SOS1-KRAS	complex	SOS1-KRAS
GPR40-Galpha16	complex	GPR40-Galpha16
VPS15-VPS34	complex	VPS15-VPS34
Cyclin-dependent kinase 1/G2/mitotic-specific cyclin-B	complex	Cyclin-dependent kinase 1/G2/mitotic-specific cyclin-B
Histone-binding protein RBBP4/Histone-lysine N-methyltransferase EZH2/Polycomb protein EED/Polycomb protein SUZ12	complex	Histone-binding protein RBBP4/Histone-lysine N-methyltransferase EZH2/Polycomb protein EED/Polycomb protein SUZ12
Sur1-Trpm4; Sulfonylurea receptor 1 - Transient receptor potential melastatin 4	complex	Sur1-Trpm4; Sulfonylurea receptor 1 - Transient receptor potential melastatin 4
Alpha-2 adrenergic receptors	complex	Alpha-2 adrenergic receptors
Sodium channel protein	complex	Sodium channel protein
Alpha-1 adrenergic receptors	complex	Alpha-1 adrenergic receptors
Mitochondrial ATP-sensitive potassium channel	complex	Mitochondrial ATP-sensitive potassium channel
Aurora kinase B/Receptor-type tyrosine-protein kinase	family	Aurora kinase B/Receptor-type tyrosine-protein kinase
Monocarboxylate transporter 1/4	family	Monocarboxylate transporter 1/4
Monocarboxylate transporter 2/3	family	Monocarboxylate transporter 2/3
Muscarinic acetylcholine receptor	family	Muscarinic acetylcholine receptor
Mitogen-activated protein kinase; ERK1/ERK2	family	Mitogen-activated protein kinase; ERK1/ERK2
Adrenergic receptor alpha-1	family	Adrenergic receptor alpha-1
Phosphodiesterase 4	family	Phosphodiesterase 4
Adrenergic receptor alpha-2	family	Adrenergic receptor alpha-2
Histone deacetylase	family	Histone deacetylase
Protein kinase C (PKC)	family	Protein kinase C (PKC)
Serotonin 2 (5-HT2) receptor	family	Serotonin 2 (5-HT2) receptor
Voltage-gated L-type calcium channel	family	Voltage-gated L-type calcium channel
c-Jun N-terminal kinase, JNK	family	c-Jun N-terminal kinase, JNK
Phosphodiesterase 6	family	Phosphodiesterase 6
CaM kinase II	family	CaM kinase II
Dual specificity mitogen-activated protein kinase kinase; MEK1/2	family	Dual specificity mitogen-activated protein kinase kinase; MEK1/2
Steroid 5-alpha-reductase	family	Steroid 5-alpha-reductase
MAP kinase p38	family	MAP kinase p38
Adenosine A2 receptor	family	Adenosine A2 receptor
Adrenergic receptor beta	family	Adrenergic receptor beta
Phosphodiesterase 3	family	Phosphodiesterase 3
Opioid receptor	family	Opioid receptor
cAMP-dependent protein kinase (PKA)	family	cAMP-dependent protein kinase (PKA)
Angiotensin II receptor (AT-1) type-1	family	Angiotensin II receptor (AT-1) type-1
Cysteinyl leukotriene receptor	family	Cysteinyl leukotriene receptor
Melatonin receptor	family	Melatonin receptor
Serotonin 1 (5-HT1) receptor	family	Serotonin 1 (5-HT1) receptor
Leukotriene B4 receptor	family	Leukotriene B4 receptor
Heat shock protein HSP90	family	Heat shock protein HSP90
Carbonic anhydrase	family	Carbonic anhydrase
Glycogen synthase kinase-3	family	Glycogen synthase kinase-3
Tryptase	family	Tryptase
Trypsin	family	Trypsin
Adenosine receptor	family	Adenosine receptor
Metabotropic glutamate receptor	family	Metabotropic glutamate receptor
Serine/threonine-protein kinase AKT	family	Serine/threonine-protein kinase AKT
Ca2+/calmodulin-dependent protein kinase II (CaM kinase II)	family	Ca2+/calmodulin-dependent protein kinase II (CaM kinase II)
Cannabinoid receptor	family	Cannabinoid receptor
Tyrosine-protein kinase ABL	family	Tyrosine-protein kinase ABL
Epidermal growth factor receptor and ErbB2 (HER1 and HER2)	family	Epidermal growth factor receptor and ErbB2 (HER1 and HER2)
Somatostatin receptor	family	Somatostatin receptor
Neurotensin receptor	family	Neurotensin receptor
Casein kinase I	family	Casein kinase I
Rho-associated protein kinase	family	Rho-associated protein kinase
Cytochrome P450 3A4/3A5	family	Cytochrome P450 3A4/3A5
Sodium channel alpha subunit	family	Sodium channel alpha subunit
Voltage-gated potassium channel	family	Voltage-gated potassium channel
Janus Kinase (JAK)	family	Janus Kinase (JAK)
Retinoid X receptor	family	Retinoid X receptor
Retinoid receptor	family	Retinoid receptor
Cytochrome P450 3A	family	Cytochrome P450 3A
p38 delta/gamma	family	p38 delta/gamma
Tankyrase 1/2	family	Tankyrase 1/2
PKC alpha and beta-2	family	PKC alpha and beta-2
PARP 1, 2 and 3	family	PARP 1, 2 and 3
Histone deacetylase 1/2/3	family	Histone deacetylase 1/2/3
Caspase-3/Caspase-7	family	Caspase-3/Caspase-7
Serine/threonine-protein kinase Aurora	family	Serine/threonine-protein kinase Aurora
Liver X receptor	family	Liver X receptor
Hypoxia-inducible factor prolyl hydroxylase	family	Hypoxia-inducible factor prolyl hydroxylase
Casein kinase 2	family	Casein kinase 2
CREB-binding protein/Histone acetyltransferase p300	family	CREB-binding protein/Histone acetyltransferase p300
MAP kinase-interacting serine/threonine-protein kinase 1/2	family	MAP kinase-interacting serine/threonine-protein kinase 1/2
Cyclin-dependent kinase 8/19	family	Cyclin-dependent kinase 8/19
Serine/threonine-protein kinase PAK 1/PAK 2	family	Serine/threonine-protein kinase PAK 1/PAK 2
TYK2/JAK1/JAK2	family	TYK2/JAK1/JAK2
Tyrosine-protein kinase JAK1/JAK2	family	Tyrosine-protein kinase JAK1/JAK2
Dipeptidyl peptidase 8/9	family	Dipeptidyl peptidase 8/9
LIM domain kinase 1/2	family	LIM domain kinase 1/2
Cyclin-dependent kinase 4/6	family	Cyclin-dependent kinase 4/6
Histone-lysine N-methyltransferase EHMT1/EHMT2	family	Histone-lysine N-methyltransferase EHMT1/EHMT2
Tyrosine-protein kinase JAK1/JAK3	family	Tyrosine-protein kinase JAK1/JAK3
Voltage-gated sodium channel	family	Voltage-gated sodium channel
RPS6KA1/RPS6KA2/RPS6KA3	family	RPS6KA1/RPS6KA2/RPS6KA3
IDH1/IDH2	family	IDH1/IDH2
Serine/threonine-protein kinase 3/4	family	Serine/threonine-protein kinase 3/4
Cytochrome P450	family	Cytochrome P450
Chymotrypsin	family	Chymotrypsin
RAS	family	RAS
Notch receptor	family	Notch receptor
Galanin receptor	family	Galanin receptor
Sigma receptor	family	Sigma receptor
Bombesin receptor	family	Bombesin receptor
P2Y receptor	family	P2Y receptor
P2X receptor	family	P2X receptor
Phosphodiesterase PDE1	family	Phosphodiesterase PDE1
Vasoactive intestinal peptide receptor	family	Vasoactive intestinal peptide receptor
NEK kinase	family	NEK kinase
Calcium-activated potassium channel	family	Calcium-activated potassium channel
CDK8/CDK19	family	CDK8/CDK19
Cyclin-dependent kinase 11A/B	family	Cyclin-dependent kinase 11A/B
Mushroom tyrosinase	family	Mushroom tyrosinase
ALK1/2	family	ALK1/2
Rab-like protein 3	protein	Rab-like protein 3
Potassium voltage-gated channel subfamily V member 1	protein	Potassium voltage-gated channel subfamily V member 1
Phosphotyrosine protein phosphatase	protein	Phosphotyrosine protein phosphatase
Very long chain fatty acid elongase 3	protein	Very long chain fatty acid elongase 3
Streptokinase A	protein	Streptokinase A
Dual specificity calcium/calmodulin-dependent 3',5'-cyclic nucleotide phosphodiesterase 1C	protein	Dual specificity calcium/calmodulin-dependent 3',5'-cyclic nucleotide phosphodiesterase 1C
Sodium- and chloride-dependent GABA transporter 1	protein	Sodium- and chloride-dependent GABA transporter 1
Tissue-type plasminogen activator	protein	Tissue-type plasminogen activator
diacylglycerol O-acyltransferase 1	protein	diacylglycerol O-acyltransferase 1
Diacylglycerol O-acyltransferase 1	protein	Diacylglycerol O-acyltransferase 1
Acetyl-coenzyme A synthetase, cytoplasmic	protein	Acetyl-coenzyme A synthetase, cytoplasmic
Acylglycerol kinase, mitochondrial	protein	Acylglycerol kinase, mitochondrial
Histamine H1 receptor	protein	Histamine H1 receptor
H<sub>1</sub> receptor	protein	H<sub>1</sub> receptor
C5a anaphylatoxin chemotactic receptor 1	protein	C5a anaphylatoxin chemotactic receptor 1
C5a<sub>1</sub> receptor	protein	C5a<sub>1</sub> receptor
Serine/threonine-protein kinase D2	protein	Serine/threonine-protein kinase D2
ATP-dependent 6-phosphofructokinase, platelet type	protein	ATP-dependent 6-phosphofructokinase, platelet type
Polyamine deacetylase HDAC10	protein	Polyamine deacetylase HDAC10
NS3	protein	NS3
Myosin light chain kinase	protein	Myosin light chain kinase
Ubiquitin carboxyl-terminal hydrolase isozyme L1	protein	Ubiquitin carboxyl-terminal hydrolase isozyme L1
Ras-related protein Rab-27A	protein	Ras-related protein Rab-27A
Reticulon-4	protein	Reticulon-4
protein phosphatase, Mg2+/Mn2+ dependent 1D	protein	protein phosphatase, Mg2+/Mn2+ dependent 1D
Protein phosphatase 1D	protein	Protein phosphatase 1D
Na<sup>+</sup>/citrate cotransporter	protein	Na<sup>+</sup>/citrate cotransporter
Na(+)/citrate cotransporter	protein	Na(+)/citrate cotransporter
Metabotropic glutamate receptor 5	protein	Metabotropic glutamate receptor 5
Motilin receptor	protein	Motilin receptor
Calcium/calmodulin-dependent protein kinase kinase 1	protein	Calcium/calmodulin-dependent protein kinase kinase 1
Estrogen receptor beta	protein	Estrogen receptor beta
Macrophage-stimulating protein receptor	protein	Macrophage-stimulating protein receptor
CDGSH iron-sulfur domain-containing protein 1	protein	CDGSH iron-sulfur domain-containing protein 1
Mitogen-activated protein kinase kinase kinase 19	protein	Mitogen-activated protein kinase kinase kinase 19
CREB-binding protein [1081-1197]	protein	CREB-binding protein [1081-1197]
CREB binding lysine acetyltransferase	protein	CREB binding lysine acetyltransferase
CREB-binding protein	protein	CREB-binding protein
D(1A) dopamine receptor	protein	D(1A) dopamine receptor
Zinc finger and BTB domain-containing protein 10	protein	Zinc finger and BTB domain-containing protein 10
mitogen-activated protein kinase kinase kinase 14	protein	mitogen-activated protein kinase kinase kinase 14
Kallikrein-13	protein	Kallikrein-13
Glycogen phosphorylase, liver form	protein	Glycogen phosphorylase, liver form
Receptor-type tyrosine-protein kinase FLT3	protein	Receptor-type tyrosine-protein kinase FLT3
cAMP-dependent protein kinase catalytic subunit gamma	protein	cAMP-dependent protein kinase catalytic subunit gamma
ubiquitin specific peptidase 21	protein	ubiquitin specific peptidase 21
Ubiquitin carboxyl-terminal hydrolase 21	protein	Ubiquitin carboxyl-terminal hydrolase 21
lysine demethylase 3A	protein	lysine demethylase 3A
Lysine-specific demethylase 3A	protein	Lysine-specific demethylase 3A
5-hydroxytryptamine receptor 2B	protein	5-hydroxytryptamine receptor 2B
5-HT<sub>2B</sub> receptor	protein	5-HT<sub>2B</sub> receptor
Acyl-CoA:cholesterol acyltransferase	protein	Acyl-CoA:cholesterol acyltransferase
Wee1-like protein kinase 2	protein	Wee1-like protein kinase 2
2-acylglycerol O-acyltransferase 2	protein	2-acylglycerol O-acyltransferase 2
Sodium-dependent dopamine transporter	protein	Sodium-dependent dopamine transporter
DAT	protein	DAT
Galanin receptor type 3	protein	Galanin receptor type 3
Nuclear receptor ROR-gamma	protein	Nuclear receptor ROR-gamma
Ephrin type-A receptor 2	protein	Ephrin type-A receptor 2
Mitogen-activated protein kinase kinase kinase 13	protein	Mitogen-activated protein kinase kinase kinase 13
mitogen-activated protein kinase kinase kinase 13	protein	mitogen-activated protein kinase kinase kinase 13
Glucocorticoid receptor	protein	Glucocorticoid receptor
Histone acetyltransferase KAT5	protein	Histone acetyltransferase KAT5
lysine acetyltransferase 5	protein	lysine acetyltransferase 5
Insulin receptor	protein	Insulin receptor
D(2) dopamine receptor	protein	D(2) dopamine receptor
D<sub>2</sub> receptor	protein	D<sub>2</sub> receptor
Cyclin-dependent kinase 13	protein	Cyclin-dependent kinase 13
Poly [ADP-ribose] polymerase 1	protein	Poly [ADP-ribose] polymerase 1
casein kinase 1 epsilon	protein	casein kinase 1 epsilon
Casein kinase I isoform epsilon	protein	Casein kinase I isoform epsilon
Very long chain fatty acid elongase 6	protein	Very long chain fatty acid elongase 6
Transcription regulator protein BACH2	protein	Transcription regulator protein BACH2
Peroxisomal acyl-coenzyme A oxidase 3	protein	Peroxisomal acyl-coenzyme A oxidase 3
Free fatty acid receptor 4	protein	Free fatty acid receptor 4
Carnitine O-palmitoyltransferase 1, liver isoform	protein	Carnitine O-palmitoyltransferase 1, liver isoform
Sigma non-opioid intracellular receptor 1	protein	Sigma non-opioid intracellular receptor 1
Kallikrein-14	protein	Kallikrein-14
Peroxisome proliferator-activated receptor alpha	protein	Peroxisome proliferator-activated receptor alpha
Peroxisome proliferator-activated receptor-&alpha;	protein	Peroxisome proliferator-activated receptor-&alpha;
Ectonucleoside triphosphate diphosphohydrolase 2	protein	Ectonucleoside triphosphate diphosphohydrolase 2
Transmembrane protein 97	protein	Transmembrane protein 97
branched chain amino acid transaminase 2	protein	branched chain amino acid transaminase 2
Branched-chain-amino-acid aminotransferase, mitochondrial	protein	Branched-chain-amino-acid aminotransferase, mitochondrial
BR serine/threonine kinase 1	protein	BR serine/threonine kinase 1
Serine/threonine-protein kinase BRSK1	protein	Serine/threonine-protein kinase BRSK1
CCR10	protein	CCR10
Ubiquitin-like modifier-activating enzyme ATG7	protein	Ubiquitin-like modifier-activating enzyme ATG7
High affinity 3',5'-cyclic-AMP phosphodiesterase 7A	protein	High affinity 3',5'-cyclic-AMP phosphodiesterase 7A
Macrophage migration inhibitory factor	protein	Macrophage migration inhibitory factor
<i>GPR55</i>	protein	<i>GPR55</i>
G-protein coupled receptor 55	protein	G-protein coupled receptor 55
Apoptosis regulator Bcl-W	protein	Apoptosis regulator Bcl-W
Bcl-2-like 2	protein	Bcl-2-like 2
Bcl-2-like protein 2	protein	Bcl-2-like protein 2
5-HT<sub>1F</sub> receptor	protein	5-HT<sub>1F</sub> receptor
5-hydroxytryptamine receptor 1F	protein	5-hydroxytryptamine receptor 1F
Serine/threonine-protein kinase Nek5	protein	Serine/threonine-protein kinase Nek5
Heat shock factor protein 1	protein	Heat shock factor protein 1
Protein kinase C alpha type	protein	Protein kinase C alpha type
Tyrosine-protein kinase FRK	protein	Tyrosine-protein kinase FRK
fyn related Src family tyrosine kinase	protein	fyn related Src family tyrosine kinase
Alpha-2A adrenergic receptor	protein	Alpha-2A adrenergic receptor
Mitogen-activated protein kinase 14	protein	Mitogen-activated protein kinase 14
mitogen-activated protein kinase 14	protein	mitogen-activated protein kinase 14
Serine/threonine-protein kinase 32C	protein	Serine/threonine-protein kinase 32C
G protein-coupled receptor kinase 5	protein	G protein-coupled receptor kinase 5
Nitric oxide synthase 3	protein	Nitric oxide synthase 3
diacylglycerol O-acyltransferase 2	protein	diacylglycerol O-acyltransferase 2
Diacylglycerol O-acyltransferase 2	protein	Diacylglycerol O-acyltransferase 2
homeodomain interacting protein kinase 3	protein	homeodomain interacting protein kinase 3
Homeodomain-interacting protein kinase 3	protein	Homeodomain-interacting protein kinase 3
Mitogen-activated protein kinase kinase kinase 8	protein	Mitogen-activated protein kinase kinase kinase 8
P2Y purinoceptor 2	protein	P2Y purinoceptor 2
5-hydroxytryptamine receptor 4	protein	5-hydroxytryptamine receptor 4
Protein mono-ADP-ribosyltransferase PARP6	protein	Protein mono-ADP-ribosyltransferase PARP6
Adenosine receptor A3	protein	Adenosine receptor A3
A<sub>3</sub> receptor	protein	A<sub>3</sub> receptor
Thyrotropin-releasing hormone receptor	protein	Thyrotropin-releasing hormone receptor
Urease	protein	Urease
Xylose isomerase	protein	Xylose isomerase
RAC-alpha serine/threonine-protein kinase	protein	RAC-alpha serine/threonine-protein kinase
AKT serine/threonine kinase 1	protein	AKT serine/threonine kinase 1
K<sub>Ca</sub>3.1	protein	K<sub>Ca</sub>3.1
Intermediate conductance calcium-activated potassium channel protein 4	protein	Intermediate conductance calcium-activated potassium channel protein 4
Adenosine kinase	protein	Adenosine kinase
Serine/threonine-protein kinase 4	protein	Serine/threonine-protein kinase 4
Beta-1,4-mannosyl-glycoprotein 4-beta-N-acetylglucosaminyltransferase	protein	Beta-1,4-mannosyl-glycoprotein 4-beta-N-acetylglucosaminyltransferase
PLA<sub>2</sub>-G5	protein	PLA<sub>2</sub>-G5
Leukotriene A-4 hydrolase	protein	Leukotriene A-4 hydrolase
Sodium- and chloride-dependent glycine transporter 2	protein	Sodium- and chloride-dependent glycine transporter 2
hydroxymethylglutaryl-CoA reductase	protein	hydroxymethylglutaryl-CoA reductase
3-hydroxy-3-methylglutaryl-coenzyme A reductase	protein	3-hydroxy-3-methylglutaryl-coenzyme A reductase
KiSS-1 receptor	protein	KiSS-1 receptor
NPS receptor	protein	NPS receptor
Neuropeptide S receptor	protein	Neuropeptide S receptor
Lethal factor	protein	Lethal factor
NK<sub>3</sub> receptor	protein	NK<sub>3</sub> receptor
Neuromedin-K receptor	protein	Neuromedin-K receptor
Neuropeptide Y receptor type 4	protein	Neuropeptide Y receptor type 4
Aspartyl/asparaginyl beta-hydroxylase	protein	Aspartyl/asparaginyl beta-hydroxylase
Geminin	protein	Geminin
Mast/stem cell growth factor receptor Kit	protein	Mast/stem cell growth factor receptor Kit
KIT proto-oncogene, receptor tyrosine kinase	protein	KIT proto-oncogene, receptor tyrosine kinase
Microtubule-associated serine/threonine-protein kinase 3	protein	Microtubule-associated serine/threonine-protein kinase 3
Microtubule-associated serine/threonine-protein kinase 4	protein	Microtubule-associated serine/threonine-protein kinase 4
Zinc finger and BTB domain-containing protein 9	protein	Zinc finger and BTB domain-containing protein 9
mitogen-activated protein kinase kinase kinase kinase 2	protein	mitogen-activated protein kinase kinase kinase kinase 2
Mitogen-activated protein kinase kinase kinase kinase 2	protein	Mitogen-activated protein kinase kinase kinase kinase 2
Inosine triphosphate pyrophosphatase	protein	Inosine triphosphate pyrophosphatase
Mitogen-activated protein kinase kinase kinase 14	protein	Mitogen-activated protein kinase kinase kinase 14
SRC proto-oncogene, non-receptor tyrosine kinase	protein	SRC proto-oncogene, non-receptor tyrosine kinase
Proto-oncogene tyrosine-protein kinase Src	protein	Proto-oncogene tyrosine-protein kinase Src
Casein kinase II subunit alpha	protein	Casein kinase II subunit alpha
casein kinase 2, alpha 1 polypeptide subunit	protein	casein kinase 2, alpha 1 polypeptide subunit
Cyclin-dependent kinase 18	protein	Cyclin-dependent kinase 18
Monocarboxylate transporter 4	protein	Monocarboxylate transporter 4
Melatonin receptor type 1C	protein	Melatonin receptor type 1C
Lysine-specific demethylase 4B	protein	Lysine-specific demethylase 4B
Heme oxygenase 2	protein	Heme oxygenase 2
Histone-lysine N-methyltransferase PRDM7	protein	Histone-lysine N-methyltransferase PRDM7
Sodium channel regulatory subunit beta-1	protein	Sodium channel regulatory subunit beta-1
Tyrosine-protein kinase JAK3	protein	Tyrosine-protein kinase JAK3
Histone-lysine N-methyltransferase SETDB1	protein	Histone-lysine N-methyltransferase SETDB1
ATP-dependent RNA helicase DDX42	protein	ATP-dependent RNA helicase DDX42
GABA<sub>A</sub> receptor &alpha;2 subunit	protein	GABA<sub>A</sub> receptor &alpha;2 subunit
Gamma-aminobutyric acid receptor subunit alpha-2	protein	Gamma-aminobutyric acid receptor subunit alpha-2
Serine/threonine-protein kinase Nek1	protein	Serine/threonine-protein kinase Nek1
GTP-binding protein 4	protein	GTP-binding protein 4
Ephrin type-A receptor 3 [1-975]	protein	Ephrin type-A receptor 3 [1-975]
Ephrin type-A receptor 3	protein	Ephrin type-A receptor 3
Corticotropin-releasing factor receptor 2	protein	Corticotropin-releasing factor receptor 2
Serine/threonine-protein kinase Nek10	protein	Serine/threonine-protein kinase Nek10
Carbonic anhydrase 5B, mitochondrial	protein	Carbonic anhydrase 5B, mitochondrial
Cytochrome P450 1A2	protein	Cytochrome P450 1A2
Tyrosine-protein kinase SYK	protein	Tyrosine-protein kinase SYK
spleen associated tyrosine kinase	protein	spleen associated tyrosine kinase
TNF receptor associated protein 1	protein	TNF receptor associated protein 1
Heat shock protein 75 kDa, mitochondrial	protein	Heat shock protein 75 kDa, mitochondrial
Flavin reductase (NADPH)	protein	Flavin reductase (NADPH)
tubulin beta class I	protein	tubulin beta class I
H<sub>3</sub> receptor	protein	H<sub>3</sub> receptor
Histamine H3 receptor	protein	Histamine H3 receptor
Dipeptidyl peptidase 4	protein	Dipeptidyl peptidase 4
Prolyl endopeptidase FAP	protein	Prolyl endopeptidase FAP
ATP-sensitive inward rectifier potassium channel 11	protein	ATP-sensitive inward rectifier potassium channel 11
BMP-2-inducible protein kinase	protein	BMP-2-inducible protein kinase
Protein-tyrosine kinase 6	protein	Protein-tyrosine kinase 6
Acetylcholinesterase	protein	Acetylcholinesterase
Dual specificity protein kinase CLK3	protein	Dual specificity protein kinase CLK3
CDC like kinase 3	protein	CDC like kinase 3
Receptor-type tyrosine-protein phosphatase alpha	protein	Receptor-type tyrosine-protein phosphatase alpha
Macrophage colony-stimulating factor 1 receptor	protein	Macrophage colony-stimulating factor 1 receptor
Glucose-dependent insulinotropic receptor	protein	Glucose-dependent insulinotropic receptor
Serine/threonine-protein kinase tousled-like 1	protein	Serine/threonine-protein kinase tousled-like 1
Phospholipase D2	protein	Phospholipase D2
PLD2	protein	PLD2
Delta-type opioid receptor	protein	Delta-type opioid receptor
&delta; receptor	protein	&delta; receptor
Ras-related C3 botulinum toxin substrate 1	protein	Ras-related C3 botulinum toxin substrate 1
Histone deacetylase 6	protein	Histone deacetylase 6
histone deacetylase 6	protein	histone deacetylase 6
Cytochrome P450 2A13	protein	Cytochrome P450 2A13
3-phosphoinositide dependent protein kinase 1	protein	3-phosphoinositide dependent protein kinase 1
3-phosphoinositide-dependent protein kinase 1	protein	3-phosphoinositide-dependent protein kinase 1
Peptidyl-prolyl cis-trans isomerase FKBP4	protein	Peptidyl-prolyl cis-trans isomerase FKBP4
ATP-sensitive inward rectifier potassium channel 1	protein	ATP-sensitive inward rectifier potassium channel 1
calcium/calmodulin-dependent protein kinase II delta subunit	protein	calcium/calmodulin-dependent protein kinase II delta subunit
Calcium/calmodulin-dependent protein kinase type II subunit delta	protein	Calcium/calmodulin-dependent protein kinase type II subunit delta
P2Y purinoceptor 14	protein	P2Y purinoceptor 14
Potassium voltage-gated channel subfamily A member 2	protein	Potassium voltage-gated channel subfamily A member 2
Receptor-type tyrosine-protein phosphatase F	protein	Receptor-type tyrosine-protein phosphatase F
Natriuretic peptides A	protein	Natriuretic peptides A
inhibitor of nuclear factor kappa B kinase subunit epsilon	protein	inhibitor of nuclear factor kappa B kinase subunit epsilon
Inhibitor of nuclear factor kappa-B kinase subunit epsilon	protein	Inhibitor of nuclear factor kappa-B kinase subunit epsilon
C-X-C chemokine receptor type 1	protein	C-X-C chemokine receptor type 1
Caspase-3	protein	Caspase-3
diacylglycerol lipase &beta;	protein	diacylglycerol lipase &beta;
DnaJ homolog subfamily A member 1	protein	DnaJ homolog subfamily A member 1
Caspase-10	protein	Caspase-10
Discoidin domain-containing receptor 2 [A642S]	protein	Discoidin domain-containing receptor 2 [A642S]
discoidin domain receptor tyrosine kinase 2	protein	discoidin domain receptor tyrosine kinase 2
Discoidin domain-containing receptor 2	protein	Discoidin domain-containing receptor 2
TRPA1	protein	TRPA1
Transient receptor potential cation channel subfamily A member 1	protein	Transient receptor potential cation channel subfamily A member 1
Transcription intermediary factor 1-alpha	protein	Transcription intermediary factor 1-alpha
tripartite motif containing 24	protein	tripartite motif containing 24
Steroid hormone receptor ERR1	protein	Steroid hormone receptor ERR1
Inward rectifier potassium channel 2	protein	Inward rectifier potassium channel 2
Platelet-derived growth factor subunit B	protein	Platelet-derived growth factor subunit B
Dual specificity tyrosine-phosphorylation-regulated kinase 4	protein	Dual specificity tyrosine-phosphorylation-regulated kinase 4
Prostaglandin E2 receptor EP4 subtype	protein	Prostaglandin E2 receptor EP4 subtype
Histone acetyltransferase KAT6A	protein	Histone acetyltransferase KAT6A
lysine acetyltransferase 6A	protein	lysine acetyltransferase 6A
Adenine phosphoribosyltransferase	protein	Adenine phosphoribosyltransferase
Sodium-dependent phosphate transporter 1	protein	Sodium-dependent phosphate transporter 1
Solute carrier family 22 member 1	protein	Solute carrier family 22 member 1
Solute carrier family 2, facilitated glucose transporter member 1	protein	Solute carrier family 2, facilitated glucose transporter member 1
<i>GPR35</i>	protein	<i>GPR35</i>
G protein-coupled receptor GPR35	protein	G protein-coupled receptor GPR35
Tyrosine-protein kinase HCK	protein	Tyrosine-protein kinase HCK
HCK proto-oncogene, Src family tyrosine kinase	protein	HCK proto-oncogene, Src family tyrosine kinase
Botulinum neurotoxin type A	protein	Botulinum neurotoxin type A
5-hydroxytryptamine receptor 3A	protein	5-hydroxytryptamine receptor 3A
Histone acetyltransferase type B catalytic subunit	protein	Histone acetyltransferase type B catalytic subunit
Putative heat shock protein HSP 90-beta 2	protein	Putative heat shock protein HSP 90-beta 2
Somatostatin receptor type 1	protein	Somatostatin receptor type 1
P2X purinoceptor 4	protein	P2X purinoceptor 4
Type-1 angiotensin II receptor	protein	Type-1 angiotensin II receptor
Histone-lysine N-methyltransferase SUV39H2	protein	Histone-lysine N-methyltransferase SUV39H2
SRSF protein kinase 1	protein	SRSF protein kinase 1
Tumor necrosis factor	protein	Tumor necrosis factor
5-hydroxytryptamine receptor 6	protein	5-hydroxytryptamine receptor 6
Inhibitor of nuclear factor kappa-B kinase subunit alpha	protein	Inhibitor of nuclear factor kappa-B kinase subunit alpha
Protein smoothened	protein	Protein smoothened
H<sub>2</sub> receptor	protein	H<sub>2</sub> receptor
FPR2	protein	FPR2
Formyl peptide receptor 2	protein	Formyl peptide receptor 2
Serine/threonine-protein kinase Nek4	protein	Serine/threonine-protein kinase Nek4
High affinity cAMP-specific and IBMX-insensitive 3',5'-cyclic phosphodiesterase 8A	protein	High affinity cAMP-specific and IBMX-insensitive 3',5'-cyclic phosphodiesterase 8A
Ceramide glucosyltransferase	protein	Ceramide glucosyltransferase
Elastase, neutrophil expressed	protein	Elastase, neutrophil expressed
Histone deacetylase 11	protein	Histone deacetylase 11
histone deacetylase 11	protein	histone deacetylase 11
Prolyl 4-hydroxylase	protein	Prolyl 4-hydroxylase
Phosphatidylinositol 4-phosphate 5-kinase type-1 gamma	protein	Phosphatidylinositol 4-phosphate 5-kinase type-1 gamma
Tyrosine-protein kinase JAK1	protein	Tyrosine-protein kinase JAK1
Phosphatidylinositol 4-phosphate 5-kinase type-1 alpha	protein	Phosphatidylinositol 4-phosphate 5-kinase type-1 alpha
Solute carrier family 15 member 1	protein	Solute carrier family 15 member 1
ADP/ATP translocase 2	protein	ADP/ATP translocase 2
Acyl-protein thioesterase 2 [S122A]	protein	Acyl-protein thioesterase 2 [S122A]
lysophospholipase 2	protein	lysophospholipase 2
Acyl-protein thioesterase 2	protein	Acyl-protein thioesterase 2
Nucleotide triphosphate diphosphatase NUDT15	protein	Nucleotide triphosphate diphosphatase NUDT15
Receptor-interacting serine/threonine-protein kinase 1	protein	Receptor-interacting serine/threonine-protein kinase 1
Potassium voltage-gated channel subfamily A member 3	protein	Potassium voltage-gated channel subfamily A member 3
Mucosa-associated lymphoid tissue lymphoma translocation protein 1	protein	Mucosa-associated lymphoid tissue lymphoma translocation protein 1
M-phase inducer phosphatase 2	protein	M-phase inducer phosphatase 2
Structural maintenance of chromosomes protein 2	protein	Structural maintenance of chromosomes protein 2
Beta-1 adrenergic receptor	protein	Beta-1 adrenergic receptor
Angiotensin-converting enzyme 2	protein	Angiotensin-converting enzyme 2
Cyclin-dependent kinase-like 3	protein	Cyclin-dependent kinase-like 3
Bcl-2-related protein A1	protein	Bcl-2-related protein A1
Pantothenate kinase 3	protein	Pantothenate kinase 3
Prostaglandin G/H synthase 1	protein	Prostaglandin G/H synthase 1
Serine/threonine-protein kinase PAK 1	protein	Serine/threonine-protein kinase PAK 1
K<SUB>v</SUB>7.1	protein	K<SUB>v</SUB>7.1
Potassium voltage-gated channel subfamily KQT member 1	protein	Potassium voltage-gated channel subfamily KQT member 1
Histone lysine demethylase PHF8	protein	Histone lysine demethylase PHF8
Bone morphogenetic protein receptor type-2	protein	Bone morphogenetic protein receptor type-2
Phosphatidylinositol 4,5-bisphosphate 3-kinase catalytic subunit gamma isoform	protein	Phosphatidylinositol 4,5-bisphosphate 3-kinase catalytic subunit gamma isoform
Sodium channel regulatory subunit beta-2	protein	Sodium channel regulatory subunit beta-2
Endonuclease 4	protein	Endonuclease 4
Electron transfer flavoprotein subunit beta	protein	Electron transfer flavoprotein subunit beta
Adhesion G-protein coupled receptor F1	protein	Adhesion G-protein coupled receptor F1
NACHT, LRR and PYD domains-containing protein 3	protein	NACHT, LRR and PYD domains-containing protein 3
Estradiol 17-beta-dehydrogenase 11	protein	Estradiol 17-beta-dehydrogenase 11
Transcriptional coactivator YAP1	protein	Transcriptional coactivator YAP1
Small conductance calcium-activated potassium channel protein 1	protein	Small conductance calcium-activated potassium channel protein 1
OT receptor	protein	OT receptor
Oxytocin receptor	protein	Oxytocin receptor
Dual specificity mitogen-activated protein kinase kinase 4	protein	Dual specificity mitogen-activated protein kinase kinase 4
Ephrin type-A receptor 4	protein	Ephrin type-A receptor 4
Fatty-acid amide hydrolase 1	protein	Fatty-acid amide hydrolase 1
Glycogen synthase kinase-3 alpha	protein	Glycogen synthase kinase-3 alpha
glycogen synthase kinase 3 alpha	protein	glycogen synthase kinase 3 alpha
Serine/threonine-protein kinase TAO3	protein	Serine/threonine-protein kinase TAO3
G protein-coupled receptor 52	protein	G protein-coupled receptor 52
Solute carrier family 22 member 7	protein	Solute carrier family 22 member 7
Multidrug and toxin extrusion protein 2	protein	Multidrug and toxin extrusion protein 2
Tissue factor	protein	Tissue factor
D(1B) dopamine receptor	protein	D(1B) dopamine receptor
Sodium-dependent phosphate transport protein 2C	protein	Sodium-dependent phosphate transport protein 2C
Ketohexokinase	protein	Ketohexokinase
ketohexokinase	protein	ketohexokinase
Sonic hedgehog protein	protein	Sonic hedgehog protein
Dual specificity mitogen-activated protein kinase kinase 7	protein	Dual specificity mitogen-activated protein kinase kinase 7
P2Y purinoceptor 4	protein	P2Y purinoceptor 4
Retinoic acid receptor RXR-beta	protein	Retinoic acid receptor RXR-beta
Bis(5'-nucleosyl)-tetraphosphatase [asymmetrical]	protein	Bis(5'-nucleosyl)-tetraphosphatase [asymmetrical]
P2Y purinoceptor 11	protein	P2Y purinoceptor 11
Zinc finger and BTB domain-containing protein 17	protein	Zinc finger and BTB domain-containing protein 17
Serine/threonine-protein kinase greatwall	protein	Serine/threonine-protein kinase greatwall
Melatonin receptor type 1B	protein	Melatonin receptor type 1B
Zinc finger and BTB domain-containing protein 1	protein	Zinc finger and BTB domain-containing protein 1
P2X purinoceptor 3	protein	P2X purinoceptor 3
OX<sub>1</sub> receptor	protein	OX<sub>1</sub> receptor
Orexin/Hypocretin receptor type 1	protein	Orexin/Hypocretin receptor type 1
Histone deacetylase 4	protein	Histone deacetylase 4
Gastric inhibitory polypeptide receptor	protein	Gastric inhibitory polypeptide receptor
Histone deacetylase 8	protein	Histone deacetylase 8
Glucokinase	protein	Glucokinase
Hexokinase-4	protein	Hexokinase-4
Cathepsin Z	protein	Cathepsin Z
Rod cGMP-specific 3',5'-cyclic phosphodiesterase subunit alpha	protein	Rod cGMP-specific 3',5'-cyclic phosphodiesterase subunit alpha
Histone-lysine N-methyltransferase SETMAR	protein	Histone-lysine N-methyltransferase SETMAR
Tyrosine-protein kinase ABL2	protein	Tyrosine-protein kinase ABL2
Muscarinic acetylcholine receptor M1	protein	Muscarinic acetylcholine receptor M1
5-hydroxytryptamine receptor 2A	protein	5-hydroxytryptamine receptor 2A
C5a anaphylatoxin chemotactic receptor 2	protein	C5a anaphylatoxin chemotactic receptor 2
Bromodomain-containing protein 4	protein	Bromodomain-containing protein 4
Chymase	protein	Chymase
Cathepsin S	protein	Cathepsin S
SAFB-like transcription modulator	protein	SAFB-like transcription modulator
Tyrosine-protein kinase Fgr	protein	Tyrosine-protein kinase Fgr
Steroid 21-hydroxylase	protein	Steroid 21-hydroxylase
RecQ-like DNA helicase BLM	protein	RecQ-like DNA helicase BLM
Muscle, skeletal receptor tyrosine-protein kinase	protein	Muscle, skeletal receptor tyrosine-protein kinase
Activin receptor type-2B	protein	Activin receptor type-2B
Large T antigen	protein	Large T antigen
Cyclin-dependent kinase-like 4	protein	Cyclin-dependent kinase-like 4
Histone-lysine N-methyltransferase SMYD3	protein	Histone-lysine N-methyltransferase SMYD3
Mitogen-activated protein kinase kinase kinase kinase 4	protein	Mitogen-activated protein kinase kinase kinase kinase 4
phosphodiesterase 1B	protein	phosphodiesterase 1B
Dual specificity calcium/calmodulin-dependent 3',5'-cyclic nucleotide phosphodiesterase 1B	protein	Dual specificity calcium/calmodulin-dependent 3',5'-cyclic nucleotide phosphodiesterase 1B
Cathepsin K	protein	Cathepsin K
cathepsin K	protein	cathepsin K
Sphingosine 1-phosphate receptor 5	protein	Sphingosine 1-phosphate receptor 5
Psychosine receptor	protein	Psychosine receptor
5-HT<sub>7</sub> receptor	protein	5-HT<sub>7</sub> receptor
5-hydroxytryptamine receptor 7	protein	5-hydroxytryptamine receptor 7
Nucleosome-remodeling factor subunit BPTF	protein	Nucleosome-remodeling factor subunit BPTF
Adenosine receptor A2a	protein	Adenosine receptor A2a
A<sub>2A</sub> receptor	protein	A<sub>2A</sub> receptor
4-aminobutyrate aminotransferase, mitochondrial	protein	4-aminobutyrate aminotransferase, mitochondrial
Chromodomain-helicase-DNA-binding protein 4	protein	Chromodomain-helicase-DNA-binding protein 4
Transitional endoplasmic reticulum ATPase	protein	Transitional endoplasmic reticulum ATPase
Prolyl 3-hydroxylase OGFOD1	protein	Prolyl 3-hydroxylase OGFOD1
Cathepsin L2	protein	Cathepsin L2
Splicing factor 3B subunit 3	protein	Splicing factor 3B subunit 3
GPBA receptor	protein	GPBA receptor
G-protein coupled bile acid receptor 1	protein	G-protein coupled bile acid receptor 1
Proteasome Macropain subunit	protein	Proteasome Macropain subunit
Early activation antigen CD69	protein	Early activation antigen CD69
Phosphatidylinositol 4,5-bisphosphate 3-kinase catalytic subunit alpha isoform	protein	Phosphatidylinositol 4,5-bisphosphate 3-kinase catalytic subunit alpha isoform
Ribosomal protein S6 kinase alpha-4	protein	Ribosomal protein S6 kinase alpha-4
Endothelial lipase	protein	Endothelial lipase
cGMP-dependent protein kinase 1	protein	cGMP-dependent protein kinase 1
Synaptic vesicle membrane protein VAT-1 homolog	protein	Synaptic vesicle membrane protein VAT-1 homolog
Histone deacetylase 5	protein	Histone deacetylase 5
histone deacetylase 5	protein	histone deacetylase 5
Bromodomain and WD repeat-containing protein 1	protein	Bromodomain and WD repeat-containing protein 1
Myeloblastin	protein	Myeloblastin
C-C chemokine receptor type 1	protein	C-C chemokine receptor type 1
Methionine aminopeptidase 2	protein	Methionine aminopeptidase 2
STE20-related kinase adapter protein alpha	protein	STE20-related kinase adapter protein alpha
Dynamin-like GTPase OPA1, mitochondrial	protein	Dynamin-like GTPase OPA1, mitochondrial
Dual specificity tyrosine-phosphorylation-regulated kinase 1A	protein	Dual specificity tyrosine-phosphorylation-regulated kinase 1A
dual specificity tyrosine phosphorylation regulated kinase 1A	protein	dual specificity tyrosine phosphorylation regulated kinase 1A
Megakaryocyte-associated tyrosine-protein kinase	protein	Megakaryocyte-associated tyrosine-protein kinase
Coagulation factor XI	protein	Coagulation factor XI
Fatty acid amide hydrolase	protein	Fatty acid amide hydrolase
SRSF protein kinase 2	protein	SRSF protein kinase 2
Bile salt export pump	protein	Bile salt export pump
Tyrosine-protein kinase BTK	protein	Tyrosine-protein kinase BTK
Bruton tyrosine kinase	protein	Bruton tyrosine kinase
Mitogen-activated protein kinase kinase kinase 20	protein	Mitogen-activated protein kinase kinase kinase 20
3',5'-cyclic-AMP phosphodiesterase 7B	protein	3',5'-cyclic-AMP phosphodiesterase 7B
Na<sub>v</sub>1.7	protein	Na<sub>v</sub>1.7
Glutaminase kidney isoform, mitochondrial	protein	Glutaminase kidney isoform, mitochondrial
&alpha;&beta;-Hydrolase 6	protein	&alpha;&beta;-Hydrolase 6
Monoacylglycerol lipase ABHD6	protein	Monoacylglycerol lipase ABHD6
Glutamate receptor ionotropic, NMDA 2C	protein	Glutamate receptor ionotropic, NMDA 2C
Casein kinase II subunit beta	protein	Casein kinase II subunit beta
5'-nucleotidase	protein	5'-nucleotidase
Ecto-5'-Nucleotidase	protein	Ecto-5'-Nucleotidase
Diacylglycerol lipase-beta	protein	Diacylglycerol lipase-beta
Bromodomain and PHD finger-containing protein 3	protein	Bromodomain and PHD finger-containing protein 3
bromodomain and PHD finger containing 3	protein	bromodomain and PHD finger containing 3
Citron Rho-interacting kinase	protein	Citron Rho-interacting kinase
citron rho-interacting serine/threonine kinase	protein	citron rho-interacting serine/threonine kinase
Nonstructural protein 1	protein	Nonstructural protein 1
Angiotensin type II receptor	protein	Angiotensin type II receptor
Serine/threonine-protein kinase SBK1	protein	Serine/threonine-protein kinase SBK1
Protein Gpr39	protein	Protein Gpr39
Hydroxycarboxylic acid receptor 2	protein	Hydroxycarboxylic acid receptor 2
Neutrophil elastase	protein	Neutrophil elastase
synaptic vesicle glycoprotein 2A	protein	synaptic vesicle glycoprotein 2A
Synaptic vesicle glycoprotein 2A	protein	Synaptic vesicle glycoprotein 2A
Homeodomain-interacting protein kinase 2	protein	Homeodomain-interacting protein kinase 2
NUAK family kinase 1	protein	NUAK family kinase 1
NUAK family SNF1-like kinase 1	protein	NUAK family SNF1-like kinase 1
Myoneurin	protein	Myoneurin
Prolyl hydroxylase EGLN3	protein	Prolyl hydroxylase EGLN3
Dual specificity calcium/calmodulin-dependent 3',5'-cyclic nucleotide phosphodiesterase 1A	protein	Dual specificity calcium/calmodulin-dependent 3',5'-cyclic nucleotide phosphodiesterase 1A
Polymerase acidic protein	protein	Polymerase acidic protein
Heat shock protein HSP 90-alpha	protein	Heat shock protein HSP 90-alpha
heat shock protein 90 alpha family class A member 1	protein	heat shock protein 90 alpha family class A member 1
Glutamate receptor 2	protein	Glutamate receptor 2
NEDD8-activating enzyme E1 regulatory subunit	protein	NEDD8-activating enzyme E1 regulatory subunit
Poly(ADP-ribose) glycohydrolase [389-976]	protein	Poly(ADP-ribose) glycohydrolase [389-976]
Poly(ADP-ribose) glycohydrolase	protein	Poly(ADP-ribose) glycohydrolase
Cholesteryl ester transfer protein	protein	Cholesteryl ester transfer protein
Protein mono-ADP-ribosyltransferase PARP16	protein	Protein mono-ADP-ribosyltransferase PARP16
Short transient receptor potential channel 6	protein	Short transient receptor potential channel 6
Alpha-1D adrenergic receptor	protein	Alpha-1D adrenergic receptor
Cyclin-dependent kinase 9	protein	Cyclin-dependent kinase 9
cyclin dependent kinase 9	protein	cyclin dependent kinase 9
Histone-lysine N-methyltransferase KMT5B	protein	Histone-lysine N-methyltransferase KMT5B
lysine methyltransferase 5B	protein	lysine methyltransferase 5B
Vasopressin V1b receptor	protein	Vasopressin V1b receptor
Glutamate receptor ionotropic, NMDA 2D	protein	Glutamate receptor ionotropic, NMDA 2D
Carbonic anhydrase 4	protein	Carbonic anhydrase 4
dipeptidyl peptidase 4	protein	dipeptidyl peptidase 4
ATP-dependent RNA helicase DHX30	protein	ATP-dependent RNA helicase DHX30
Lysosomal acid glucosylceramidase	protein	Lysosomal acid glucosylceramidase
Cyclin-dependent kinase 10	protein	Cyclin-dependent kinase 10
Nitric oxide synthase, inducible	protein	Nitric oxide synthase, inducible
Urokinase-type plasminogen activator	protein	Urokinase-type plasminogen activator
COX-1 	protein	COX-1 
Leukotriene A<sub>4</sub> hydrolase	protein	Leukotriene A<sub>4</sub> hydrolase
3',5'-cyclic-AMP phosphodiesterase 4C	protein	3',5'-cyclic-AMP phosphodiesterase 4C
Adenosine receptor A1	protein	Adenosine receptor A1
Dipeptidyl peptidase 2	protein	Dipeptidyl peptidase 2
TP53-binding protein 1	protein	TP53-binding protein 1
Deoxycytidine kinase	protein	Deoxycytidine kinase
Cathepsin B	protein	Cathepsin B
Pre-mRNA-processing factor 19	protein	Pre-mRNA-processing factor 19
Metabotropic glutamate receptor 1	protein	Metabotropic glutamate receptor 1
FGR proto-oncogene, Src family tyrosine kinase	protein	FGR proto-oncogene, Src family tyrosine kinase
Dual specificity protein kinase TTK	protein	Dual specificity protein kinase TTK
TTK protein kinase	protein	TTK protein kinase
TRPV4	protein	TRPV4
Glutamate receptor ionotropic, NMDA 2A	protein	Glutamate receptor ionotropic, NMDA 2A
Apoptosis regulator Bcl-2	protein	Apoptosis regulator Bcl-2
BCL2 apoptosis regulator	protein	BCL2 apoptosis regulator
Platelet-derived growth factor receptor beta	protein	Platelet-derived growth factor receptor beta
Carbonic anhydrase 1	protein	Carbonic anhydrase 1
cGMP-inhibited 3',5'-cyclic phosphodiesterase 3B	protein	cGMP-inhibited 3',5'-cyclic phosphodiesterase 3B
Activin receptor type-2A	protein	Activin receptor type-2A
Prostacyclin receptor	protein	Prostacyclin receptor
5-hydroxytryptamine receptor 2C	protein	5-hydroxytryptamine receptor 2C
Histone deacetylase HD2	protein	Histone deacetylase HD2
Serine/threonine-protein kinase MAK	protein	Serine/threonine-protein kinase MAK
Cathepsin D	protein	Cathepsin D
Geranylgeranyl pyrophosphate synthase BTS1	protein	Geranylgeranyl pyrophosphate synthase BTS1
Myosin-IIIb	protein	Myosin-IIIb
Tyrosine-protein phosphatase non-receptor type 1	protein	Tyrosine-protein phosphatase non-receptor type 1
Voltage-dependent P/Q-type calcium channel subunit alpha-1A	protein	Voltage-dependent P/Q-type calcium channel subunit alpha-1A
Voltage-dependent N-type calcium channel subunit alpha-1B	protein	Voltage-dependent N-type calcium channel subunit alpha-1B
Vascular endothelial growth factor receptor 3	protein	Vascular endothelial growth factor receptor 3
RNA cytidine acetyltransferase	protein	RNA cytidine acetyltransferase
Zinc finger and BTB domain-containing protein 7A	protein	Zinc finger and BTB domain-containing protein 7A
Integrin alpha-L	protein	Integrin alpha-L
integrin, alpha L subunit (antigen CD11A (p180), lymphocyte function-associated antigen 1; alpha polypeptide)	protein	integrin, alpha L subunit (antigen CD11A (p180), lymphocyte function-associated antigen 1; alpha polypeptide)
P2Y purinoceptor 6	protein	P2Y purinoceptor 6
Myosin light chain kinase 2, skeletal/cardiac muscle	protein	Myosin light chain kinase 2, skeletal/cardiac muscle
Ankyrin repeat and protein kinase domain-containing protein 1	protein	Ankyrin repeat and protein kinase domain-containing protein 1
Serine/threonine-protein kinase mTOR	protein	Serine/threonine-protein kinase mTOR
Sodium-dependent noradrenaline transporter	protein	Sodium-dependent noradrenaline transporter
STE20-related kinase adapter protein beta	protein	STE20-related kinase adapter protein beta
Protein mono-ADP-ribosyltransferase PARP14	protein	Protein mono-ADP-ribosyltransferase PARP14
4'-phosphopantetheinyl transferase ffp	protein	4'-phosphopantetheinyl transferase ffp
Casein kinase I isoform gamma-3	protein	Casein kinase I isoform gamma-3
Somatostatin receptor type 5	protein	Somatostatin receptor type 5
Hypoxia-inducible factor 1-alpha	protein	Hypoxia-inducible factor 1-alpha
Sex hormone-binding globulin	protein	Sex hormone-binding globulin
Cyclin-dependent kinase inhibitor 2A	protein	Cyclin-dependent kinase inhibitor 2A
dCTP pyrophosphatase 1	protein	dCTP pyrophosphatase 1
Solute carrier family 22 member 11	protein	Solute carrier family 22 member 11
Serine/threonine-protein kinase PAK 4	protein	Serine/threonine-protein kinase PAK 4
Peripheral myelin protein 22	protein	Peripheral myelin protein 22
Phosphatidylinositol 5-phosphate 4-kinase type-2 beta	protein	Phosphatidylinositol 5-phosphate 4-kinase type-2 beta
Glutamate receptor ionotropic, kainate 2	protein	Glutamate receptor ionotropic, kainate 2
EKC/KEOPS complex subunit TP53RK	protein	EKC/KEOPS complex subunit TP53RK
Histone-lysine N-methyltransferase 2D	protein	Histone-lysine N-methyltransferase 2D
MAP/microtubule affinity-regulating kinase 3	protein	MAP/microtubule affinity-regulating kinase 3
Phosphatidylinositol 3-kinase C2 domain-containing subunit gamma	protein	Phosphatidylinositol 3-kinase C2 domain-containing subunit gamma
U5 small nuclear ribonucleoprotein 200 kDa helicase	protein	U5 small nuclear ribonucleoprotein 200 kDa helicase
NT-3 growth factor receptor	protein	NT-3 growth factor receptor
neurotrophic receptor tyrosine kinase 3	protein	neurotrophic receptor tyrosine kinase 3
Nuclear receptor coactivator 1	protein	Nuclear receptor coactivator 1
Short transient receptor potential channel 5	protein	Short transient receptor potential channel 5
Sodium channel protein type 5 subunit alpha	protein	Sodium channel protein type 5 subunit alpha
DDB1 and CUL4 associated factor 1	protein	DDB1 and CUL4 associated factor 1
DDB1- and CUL4-associated factor 1	protein	DDB1- and CUL4-associated factor 1
DNA (cytosine-5)-methyltransferase 1	protein	DNA (cytosine-5)-methyltransferase 1
Muscarinic acetylcholine receptor M3	protein	Muscarinic acetylcholine receptor M3
Guanine nucleotide-binding protein G(i) subunit alpha-2	protein	Guanine nucleotide-binding protein G(i) subunit alpha-2
Toll-like receptor 2	protein	Toll-like receptor 2
Ectonucleotide pyrophosphatase/phosphodiesterase family member 2	protein	Ectonucleotide pyrophosphatase/phosphodiesterase family member 2
autotaxin	protein	autotaxin
Autotaxin	protein	Autotaxin
Serine/threonine-protein kinase 16	protein	Serine/threonine-protein kinase 16
Elongation factor Tu, mitochondrial	protein	Elongation factor Tu, mitochondrial
Melanin-concentrating hormone receptor 1	protein	Melanin-concentrating hormone receptor 1
Sodium/hydrogen exchanger 1	protein	Sodium/hydrogen exchanger 1
Serine/threonine-protein kinase Nek8	protein	Serine/threonine-protein kinase Nek8
Leukocyte tyrosine kinase receptor	protein	Leukocyte tyrosine kinase receptor
ALK tyrosine kinase receptor	protein	ALK tyrosine kinase receptor
ALK receptor tyrosine kinase	protein	ALK receptor tyrosine kinase
WRN RecQ like helicase	protein	WRN RecQ like helicase
[Pyruvate dehydrogenase (acetyl-transferring)] kinase isozyme 1, mitochondrial	protein	[Pyruvate dehydrogenase (acetyl-transferring)] kinase isozyme 1, mitochondrial
G protein-coupled receptor kinase 4	protein	G protein-coupled receptor kinase 4
RAC-beta serine/threonine-protein kinase	protein	RAC-beta serine/threonine-protein kinase
AKT serine/threonine kinase 2	protein	AKT serine/threonine kinase 2
Tyrosine-protein kinase ITK/TSK	protein	Tyrosine-protein kinase ITK/TSK
Cannabinoid receptor 2	protein	Cannabinoid receptor 2
Tryptase beta-2	protein	Tryptase beta-2
Beta-lactamase	protein	Beta-lactamase
5-HT<sub>2C</sub> receptor	protein	5-HT<sub>2C</sub> receptor
Putative nucleoside diphosphate kinase	protein	Putative nucleoside diphosphate kinase
Alpha-ketoglutarate-dependent dioxygenase FTO	protein	Alpha-ketoglutarate-dependent dioxygenase FTO
phosphoinositide kinase, FYVE-type zinc finger containing	protein	phosphoinositide kinase, FYVE-type zinc finger containing
1-phosphatidylinositol 3-phosphate 5-kinase	protein	1-phosphatidylinositol 3-phosphate 5-kinase
Aspartate aminotransferase, mitochondrial	protein	Aspartate aminotransferase, mitochondrial
Wee1-like protein kinase	protein	Wee1-like protein kinase
WEE1 G2 checkpoint kinase	protein	WEE1 G2 checkpoint kinase
Cholecystokinin receptor type A	protein	Cholecystokinin receptor type A
Progesterone receptor	protein	Progesterone receptor
Breast cancer type 1 susceptibility protein	protein	Breast cancer type 1 susceptibility protein
Lysosomal Pro-X carboxypeptidase	protein	Lysosomal Pro-X carboxypeptidase
High affinity cAMP-specific and IBMX-insensitive 3',5'-cyclic phosphodiesterase 8B	protein	High affinity cAMP-specific and IBMX-insensitive 3',5'-cyclic phosphodiesterase 8B
fms related receptor tyrosine kinase 1	protein	fms related receptor tyrosine kinase 1
Vascular endothelial growth factor receptor 1	protein	Vascular endothelial growth factor receptor 1
Bromodomain-containing protein 8	protein	Bromodomain-containing protein 8
11-beta-hydroxysteroid dehydrogenase 1	protein	11-beta-hydroxysteroid dehydrogenase 1
IGF-like family receptor 1	protein	IGF-like family receptor 1
UDP-glucuronosyltransferase 2B7	protein	UDP-glucuronosyltransferase 2B7
Histone-lysine N-methyltransferase SETD7	protein	Histone-lysine N-methyltransferase SETD7
SET domain containing 7, histone lysine methyltransferase	protein	SET domain containing 7, histone lysine methyltransferase
Dual specificity mitogen-activated protein kinase kinase 1	protein	Dual specificity mitogen-activated protein kinase kinase 1
mitogen-activated protein kinase kinase 1	protein	mitogen-activated protein kinase kinase 1
Melanocyte-stimulating hormone receptor	protein	Melanocyte-stimulating hormone receptor
Serine/threonine-protein kinase ATR	protein	Serine/threonine-protein kinase ATR
ATR checkpoint kinase	protein	ATR checkpoint kinase
Phosphatidylinositol 4-kinase type 2-alpha	protein	Phosphatidylinositol 4-kinase type 2-alpha
Cytochrome P450 3A4	protein	Cytochrome P450 3A4
Non-receptor tyrosine-protein kinase TYK2	protein	Non-receptor tyrosine-protein kinase TYK2
tyrosine kinase 2	protein	tyrosine kinase 2
[Pyruvate dehydrogenase (acetyl-transferring)] kinase isozyme 2, mitochondrial	protein	[Pyruvate dehydrogenase (acetyl-transferring)] kinase isozyme 2, mitochondrial
Somatostatin receptor type 4	protein	Somatostatin receptor type 4
Growth hormone secretagogue receptor type 1	protein	Growth hormone secretagogue receptor type 1
P2X purinoceptor 7	protein	P2X purinoceptor 7
Quinone oxidoreductase	protein	Quinone oxidoreductase
Substance-P receptor	protein	Substance-P receptor
NK<sub>1</sub> receptor	protein	NK<sub>1</sub> receptor
Myc proto-oncogene protein	protein	Myc proto-oncogene protein
Rho-associated protein kinase 2	protein	Rho-associated protein kinase 2
Cyclin-dependent kinase 6	protein	Cyclin-dependent kinase 6
cyclin dependent kinase 6	protein	cyclin dependent kinase 6
Non-receptor tyrosine-protein kinase TNK1	protein	Non-receptor tyrosine-protein kinase TNK1
tyrosine kinase non receptor 1	protein	tyrosine kinase non receptor 1
SRSF protein kinase 3	protein	SRSF protein kinase 3
Serine/threonine-protein kinase ULK2	protein	Serine/threonine-protein kinase ULK2
Alpha-1A adrenergic receptor	protein	Alpha-1A adrenergic receptor
Sodium-dependent phosphate transport protein 2B	protein	Sodium-dependent phosphate transport protein 2B
Protein mono-ADP-ribosyltransferase TIPARP	protein	Protein mono-ADP-ribosyltransferase TIPARP
TCDD inducible poly(ADP-ribose) polymerase	protein	TCDD inducible poly(ADP-ribose) polymerase
Bromodomain-containing protein 3	protein	Bromodomain-containing protein 3
bromodomain containing 3	protein	bromodomain containing 3
Poly [ADP-ribose] polymerase 2	protein	Poly [ADP-ribose] polymerase 2
Protein-arginine deiminase type-4	protein	Protein-arginine deiminase type-4
Kallikrein-12	protein	Kallikrein-12
General transcription and DNA repair factor IIH helicase subunit XPD	protein	General transcription and DNA repair factor IIH helicase subunit XPD
Disintegrin and metalloproteinase domain-containing protein 17	protein	Disintegrin and metalloproteinase domain-containing protein 17
AarF domain-containing protein kinase 1	protein	AarF domain-containing protein kinase 1
Integrin-linked protein kinase	protein	Integrin-linked protein kinase
C3a anaphylatoxin chemotactic receptor	protein	C3a anaphylatoxin chemotactic receptor
Carbonic anhydrase 6	protein	Carbonic anhydrase 6
Interstitial collagenase	protein	Interstitial collagenase
lysine demethylase 5C	protein	lysine demethylase 5C
Lysine-specific demethylase 5C	protein	Lysine-specific demethylase 5C
Mitogen-activated protein kinase kinase kinase kinase 5	protein	Mitogen-activated protein kinase kinase kinase kinase 5
mitogen-activated protein kinase kinase kinase kinase 5	protein	mitogen-activated protein kinase kinase kinase kinase 5
Ubiquitin carboxyl-terminal hydrolase 2 [258-605]	protein	Ubiquitin carboxyl-terminal hydrolase 2 [258-605]
Ubiquitin carboxyl-terminal hydrolase 2	protein	Ubiquitin carboxyl-terminal hydrolase 2
5'-AMP-activated protein kinase catalytic subunit alpha-1	protein	5'-AMP-activated protein kinase catalytic subunit alpha-1
cereblon	protein	cereblon
Protein cereblon	protein	Protein cereblon
Interleukin-1 receptor-associated kinase 1	protein	Interleukin-1 receptor-associated kinase 1
Janus kinase 1	protein	Janus kinase 1
Zinc finger protein 131	protein	Zinc finger protein 131
IL2 inducible T cell kinase	protein	IL2 inducible T cell kinase
B-cell CLL/lymphoma 6 member B protein	protein	B-cell CLL/lymphoma 6 member B protein
Beta-adrenergic receptor kinase 1	protein	Beta-adrenergic receptor kinase 1
Thyroid hormone receptor beta	protein	Thyroid hormone receptor beta
DNA oxidative demethylase ALKBH2	protein	DNA oxidative demethylase ALKBH2
Muscarinic acetylcholine receptor M5	protein	Muscarinic acetylcholine receptor M5
RNA-binding protein pos-1	protein	RNA-binding protein pos-1
5-hydroxytryptamine receptor 1B	protein	5-hydroxytryptamine receptor 1B
Dual specificity mitogen-activated protein kinase kinase 3	protein	Dual specificity mitogen-activated protein kinase kinase 3
DNA replication licensing factor MCM4	protein	DNA replication licensing factor MCM4
presenilin 1	protein	presenilin 1
Presenilin-1	protein	Presenilin-1
Protein Mdm4	protein	Protein Mdm4
Solute carrier family 2, facilitated glucose transporter member 3	protein	Solute carrier family 2, facilitated glucose transporter member 3
L3MBTL histone methyl-lysine binding protein 3	protein	L3MBTL histone methyl-lysine binding protein 3
Lethal(3)malignant brain tumor-like protein 3	protein	Lethal(3)malignant brain tumor-like protein 3
Eukaryotic translation initiation factor 2-alpha kinase 1	protein	Eukaryotic translation initiation factor 2-alpha kinase 1
Prostaglandin F2-alpha receptor	protein	Prostaglandin F2-alpha receptor
FP receptor	protein	FP receptor
Cystic fibrosis transmembrane conductance regulator	protein	Cystic fibrosis transmembrane conductance regulator
CFTR	protein	CFTR
MC<sub>4</sub> receptor	protein	MC<sub>4</sub> receptor
Melanocortin receptor 4	protein	Melanocortin receptor 4
protein kinase D1	protein	protein kinase D1
Serine/threonine-protein kinase D1	protein	Serine/threonine-protein kinase D1
Glycylpeptide N-tetradecanoyltransferase	protein	Glycylpeptide N-tetradecanoyltransferase
Sodium/nucleoside cotransporter 2	protein	Sodium/nucleoside cotransporter 2
Casein kinase I isoform gamma-2	protein	Casein kinase I isoform gamma-2
Zinc finger and BTB domain-containing protein 43	protein	Zinc finger and BTB domain-containing protein 43
Glycogen phosphorylase, brain form	protein	Glycogen phosphorylase, brain form
EP<sub>4</sub> receptor	protein	EP<sub>4</sub> receptor
Serine/threonine-protein kinase TNNI3K	protein	Serine/threonine-protein kinase TNNI3K
Polyunsaturated fatty acid lipoxygenase ALOX12	protein	Polyunsaturated fatty acid lipoxygenase ALOX12
Coelenterazine h 2-monooxygenase	protein	Coelenterazine h 2-monooxygenase
Thrombopoietin	protein	Thrombopoietin
Protease	protein	Protease
Potassium voltage-gated channel subfamily KQT member 2	protein	Potassium voltage-gated channel subfamily KQT member 2
TLR8	protein	TLR8
Toll-like receptor 8	protein	Toll-like receptor 8
bromodomain adjacent to zinc finger domain 2A	protein	bromodomain adjacent to zinc finger domain 2A
Bromodomain adjacent to zinc finger domain protein 2A	protein	Bromodomain adjacent to zinc finger domain protein 2A
Vasoactive intestinal polypeptide receptor 1	protein	Vasoactive intestinal polypeptide receptor 1
DNA polymerase theta	protein	DNA polymerase theta
Insulin-like growth factor 1 receptor	protein	Insulin-like growth factor 1 receptor
Insulin-like growth factor I receptor	protein	Insulin-like growth factor I receptor
Relaxin receptor 1	protein	Relaxin receptor 1
WD repeat-containing protein 5	protein	WD repeat-containing protein 5
WD repeat domain 5	protein	WD repeat domain 5
ATP-sensitive inward rectifier potassium channel 10	protein	ATP-sensitive inward rectifier potassium channel 10
interleukin 1 receptor associated kinase 3	protein	interleukin 1 receptor associated kinase 3
Interleukin-1 receptor-associated kinase 3	protein	Interleukin-1 receptor-associated kinase 3
lysine demethylase 5B	protein	lysine demethylase 5B
Lysine-specific demethylase 5B	protein	Lysine-specific demethylase 5B
Methylcytosine dioxygenase TET3	protein	Methylcytosine dioxygenase TET3
Amine oxidase [flavin-containing] A	protein	Amine oxidase [flavin-containing] A
Leucine-rich repeat serine/threonine-protein kinase 2	protein	Leucine-rich repeat serine/threonine-protein kinase 2
Dual specificity testis-specific protein kinase 1	protein	Dual specificity testis-specific protein kinase 1
3-hydroxyacyl-CoA dehydrogenase type-2	protein	3-hydroxyacyl-CoA dehydrogenase type-2
ATM serine/threonine kinase	protein	ATM serine/threonine kinase
Serine-protein kinase ATM	protein	Serine-protein kinase ATM
Galanin receptor type 2	protein	Galanin receptor type 2
Serine/threonine-protein kinase ULK1	protein	Serine/threonine-protein kinase ULK1
Serine/threonine-protein kinase PLK1	protein	Serine/threonine-protein kinase PLK1
polo like kinase 1	protein	polo like kinase 1
Histone-lysine N-methyltransferase NSD3	protein	Histone-lysine N-methyltransferase NSD3
Vasopressin V1a receptor	protein	Vasopressin V1a receptor
Zinc finger and BTB domain-containing protein 2	protein	Zinc finger and BTB domain-containing protein 2
Excitatory amino acid transporter 4	protein	Excitatory amino acid transporter 4
Tyrosine-protein kinase Fes/Fps	protein	Tyrosine-protein kinase Fes/Fps
Serine/threonine-protein kinase VRK2	protein	Serine/threonine-protein kinase VRK2
G-protein coupled receptor 183	protein	G-protein coupled receptor 183
Pantetheinase	protein	Pantetheinase
Ephrin type-A receptor 1	protein	Ephrin type-A receptor 1
Potassium voltage-gated channel subfamily A member 4	protein	Potassium voltage-gated channel subfamily A member 4
Prothrombin	protein	Prothrombin
Phytanoyl-CoA dioxygenase, peroxisomal	protein	Phytanoyl-CoA dioxygenase, peroxisomal
Bromodomain-containing protein 9	protein	Bromodomain-containing protein 9
Tyrosine-protein kinase ZAP-70	protein	Tyrosine-protein kinase ZAP-70
Na<sub>v</sub>1.8	protein	Na<sub>v</sub>1.8
Sodium channel protein type 10 subunit alpha	protein	Sodium channel protein type 10 subunit alpha
Mitogen-activated protein kinase 9	protein	Mitogen-activated protein kinase 9
Acetylcholine receptor subunit alpha	protein	Acetylcholine receptor subunit alpha
Serine/threonine-protein kinase A-Raf	protein	Serine/threonine-protein kinase A-Raf
Nucleoside diphosphate kinase B	protein	Nucleoside diphosphate kinase B
Small conductance calcium-activated potassium channel protein 2	protein	Small conductance calcium-activated potassium channel protein 2
Pim-3 proto-oncogene, serine/threonine kinase	protein	Pim-3 proto-oncogene, serine/threonine kinase
Serine/threonine-protein kinase pim-3	protein	Serine/threonine-protein kinase pim-3
Acyl-CoA dehydrogenase family member 10	protein	Acyl-CoA dehydrogenase family member 10
Toll-like receptor 4	protein	Toll-like receptor 4
Sodium channel protein type 8 subunit alpha	protein	Sodium channel protein type 8 subunit alpha
Cyclin-dependent kinase 12	protein	Cyclin-dependent kinase 12
Bile acid receptor	protein	Bile acid receptor
Farnesoid X receptor	protein	Farnesoid X receptor
casein kinase 1 delta	protein	casein kinase 1 delta
Casein kinase I isoform delta	protein	Casein kinase I isoform delta
serine/threonine kinase 17a	protein	serine/threonine kinase 17a
Serine/threonine-protein kinase 17A	protein	Serine/threonine-protein kinase 17A
Tyrosine-protein kinase Fyn	protein	Tyrosine-protein kinase Fyn
FYN proto-oncogene, Src family tyrosine kinase	protein	FYN proto-oncogene, Src family tyrosine kinase
Cyclin-G-associated kinase	protein	Cyclin-G-associated kinase
Histone-lysine N-methyltransferase EZH2	protein	Histone-lysine N-methyltransferase EZH2
enhancer of zeste 2 polycomb repressive complex 2 subunit	protein	enhancer of zeste 2 polycomb repressive complex 2 subunit
V-type immunoglobulin domain-containing suppressor of T-cell activation	protein	V-type immunoglobulin domain-containing suppressor of T-cell activation
peptidylprolyl cis/trans isomerase, NIMA-interacting 1	protein	peptidylprolyl cis/trans isomerase, NIMA-interacting 1
Peptidyl-prolyl cis-trans isomerase NIMA-interacting 1	protein	Peptidyl-prolyl cis-trans isomerase NIMA-interacting 1
D(4) dopamine receptor	protein	D(4) dopamine receptor
Polycomb protein EED	protein	Polycomb protein EED
embryonic ectoderm development	protein	embryonic ectoderm development
Cannabinoid receptor 1	protein	Cannabinoid receptor 1
Transient receptor potential cation channel subfamily V member 4	protein	Transient receptor potential cation channel subfamily V member 4
Sphingosine kinase 2	protein	Sphingosine kinase 2
Mitogen-activated protein kinase 12	protein	Mitogen-activated protein kinase 12
mitogen-activated protein kinase 12	protein	mitogen-activated protein kinase 12
Prolyl hydroxylase EGLN2	protein	Prolyl hydroxylase EGLN2
Cyclin-dependent kinase 2 homolog	protein	Cyclin-dependent kinase 2 homolog
Cysteine--tRNA ligase, cytoplasmic	protein	Cysteine--tRNA ligase, cytoplasmic
Protein kinase C iota type	protein	Protein kinase C iota type
Myosin-14	protein	Myosin-14
Phospholipid-transporting ATPase ABCA1	protein	Phospholipid-transporting ATPase ABCA1
SST<sub>3</sub> receptor	protein	SST<sub>3</sub> receptor
Somatostatin receptor type 3	protein	Somatostatin receptor type 3
Serine/threonine-protein kinase 35	protein	Serine/threonine-protein kinase 35
Oxysterols receptor LXR-beta	protein	Oxysterols receptor LXR-beta
Serine/threonine-protein kinase RIO3	protein	Serine/threonine-protein kinase RIO3
Serine/threonine-protein kinase STK11	protein	Serine/threonine-protein kinase STK11
Tryptase gamma	protein	Tryptase gamma
26S proteasome regulatory subunit 6B	protein	26S proteasome regulatory subunit 6B
Endothelial PAS domain-containing protein 1	protein	Endothelial PAS domain-containing protein 1
endothelial PAS domain protein 1	protein	endothelial PAS domain protein 1
Lipoprotein lipase	protein	Lipoprotein lipase
Tribbles homolog 2	protein	Tribbles homolog 2
Cyclin-dependent kinase 15	protein	Cyclin-dependent kinase 15
Proto-oncogene tyrosine-protein kinase ROS	protein	Proto-oncogene tyrosine-protein kinase ROS
Retinoic acid receptor RXR-gamma	protein	Retinoic acid receptor RXR-gamma
Activin receptor type-1	protein	Activin receptor type-1
Serine/threonine-protein kinase PINK1, mitochondrial	protein	Serine/threonine-protein kinase PINK1, mitochondrial
Serine/threonine-protein kinase/endoribonuclease IRE1	protein	Serine/threonine-protein kinase/endoribonuclease IRE1
Urokinase plasminogen activator surface receptor	protein	Urokinase plasminogen activator surface receptor
High affinity nerve growth factor receptor	protein	High affinity nerve growth factor receptor
neurotrophic receptor tyrosine kinase 1	protein	neurotrophic receptor tyrosine kinase 1
Cyclin-dependent kinase 7	protein	Cyclin-dependent kinase 7
cyclin dependent kinase 7	protein	cyclin dependent kinase 7
ATP-dependent DNA helicase Q1	protein	ATP-dependent DNA helicase Q1
Neurogenic locus notch homolog protein 1	protein	Neurogenic locus notch homolog protein 1
Potassium voltage-gated channel subfamily A member 6	protein	Potassium voltage-gated channel subfamily A member 6
Receptor-interacting serine/threonine-protein kinase 4	protein	Receptor-interacting serine/threonine-protein kinase 4
cAMP-dependent protein kinase catalytic subunit beta	protein	cAMP-dependent protein kinase catalytic subunit beta
Multidrug and toxin extrusion protein 1	protein	Multidrug and toxin extrusion protein 1
Inward rectifier potassium channel 13	protein	Inward rectifier potassium channel 13
Bromodomain-containing protein 9 [133-239]	protein	Bromodomain-containing protein 9 [133-239]
bromodomain containing 9	protein	bromodomain containing 9
Liver carboxylesterase 1	protein	Liver carboxylesterase 1
Casein kinase I isoform alpha-like	protein	Casein kinase I isoform alpha-like
polybromo 1	protein	polybromo 1
Protein polybromo-1	protein	Protein polybromo-1
Kinase suppressor of Ras 2	protein	Kinase suppressor of Ras 2
Protein mono-ADP-ribosyltransferase PARP4	protein	Protein mono-ADP-ribosyltransferase PARP4
Histone-lysine N-methyltransferase ASH1L	protein	Histone-lysine N-methyltransferase ASH1L
Potassium voltage-gated channel subfamily H member 2	protein	Potassium voltage-gated channel subfamily H member 2
Voltage-gated inwardly rectifying potassium channel KCNH2	protein	Voltage-gated inwardly rectifying potassium channel KCNH2
Alpha-2C adrenergic receptor	protein	Alpha-2C adrenergic receptor
MTNR1B	protein	MTNR1B
Mitogen-activated protein kinase kinase kinase 21	protein	Mitogen-activated protein kinase kinase kinase 21
Long-chain-fatty-acid--CoA ligase 5	protein	Long-chain-fatty-acid--CoA ligase 5
A disintegrin and metalloproteinase with thrombospondin motifs 4	protein	A disintegrin and metalloproteinase with thrombospondin motifs 4
cAMP-dependent protein kinase type II-alpha regulatory subunit	protein	cAMP-dependent protein kinase type II-alpha regulatory subunit
Amine oxidase [flavin-containing] B	protein	Amine oxidase [flavin-containing] B
Cytochrome P450 2C9	protein	Cytochrome P450 2C9
Transient receptor potential cation channel subfamily V member 2	protein	Transient receptor potential cation channel subfamily V member 2
Proto-oncogene tyrosine-protein kinase receptor Ret	protein	Proto-oncogene tyrosine-protein kinase receptor Ret
Misshapen-like kinase 1	protein	Misshapen-like kinase 1
Tyrosinase	protein	Tyrosinase
Cytochrome P450 2A6	protein	Cytochrome P450 2A6
TATA-box binding protein associated factor 1	protein	TATA-box binding protein associated factor 1
Transcription initiation factor TFIID subunit 1	protein	Transcription initiation factor TFIID subunit 1
Albumin	protein	Albumin
Bifunctional methylenetetrahydrofolate dehydrogenase/cyclohydrolase 2, mitochondrial	protein	Bifunctional methylenetetrahydrofolate dehydrogenase/cyclohydrolase 2, mitochondrial
Type-2 angiotensin II receptor	protein	Type-2 angiotensin II receptor
AT<sub>2</sub> receptor	protein	AT<sub>2</sub> receptor
inhibitor of nuclear factor kappa B kinase subunit beta	protein	inhibitor of nuclear factor kappa B kinase subunit beta
Inhibitor of nuclear factor kappa-B kinase subunit beta	protein	Inhibitor of nuclear factor kappa-B kinase subunit beta
Neurotensin	protein	Neurotensin
Phosphatidylinositol 4-kinase type 2-beta	protein	Phosphatidylinositol 4-kinase type 2-beta
Prostaglandin E2 receptor EP3 subtype	protein	Prostaglandin E2 receptor EP3 subtype
Carbonic anhydrase 9	protein	Carbonic anhydrase 9
Histone-lysine N-methyltransferase PRDM9	protein	Histone-lysine N-methyltransferase PRDM9
Endoplasmin	protein	Endoplasmin
Protein arginine N-methyltransferase 6	protein	Protein arginine N-methyltransferase 6
protein arginine methyltransferase 6	protein	protein arginine methyltransferase 6
Endothelin-converting enzyme 1	protein	Endothelin-converting enzyme 1
Mitogen-activated protein kinase 7	protein	Mitogen-activated protein kinase 7
Caspase-9	protein	Caspase-9
Sortilin	protein	Sortilin
Transcriptional enhancer factor TEF-1	protein	Transcriptional enhancer factor TEF-1
Histone H4	protein	Histone H4
Mucolipin-1	protein	Mucolipin-1
Cytochrome P450 2C19	protein	Cytochrome P450 2C19
Substance-K receptor	protein	Substance-K receptor
death associated protein kinase 3	protein	death associated protein kinase 3
Death-associated protein kinase 3	protein	Death-associated protein kinase 3
Mitogen-activated protein kinase 11	protein	Mitogen-activated protein kinase 11
mitogen-activated protein kinase 11	protein	mitogen-activated protein kinase 11
OATP2B1	protein	OATP2B1
Solute carrier organic anion transporter family member 2B1	protein	Solute carrier organic anion transporter family member 2B1
Collagenase 3	protein	Collagenase 3
UDP-glucose ceramide glucosyltransferase	protein	UDP-glucose ceramide glucosyltransferase
Mitogen-activated protein kinase 4	protein	Mitogen-activated protein kinase 4
Endothelin-1 receptor	protein	Endothelin-1 receptor
<i>GPR68</i>	protein	<i>GPR68</i>
Ovarian cancer G-protein coupled receptor 1	protein	Ovarian cancer G-protein coupled receptor 1
Inositol monophosphatase 1	protein	Inositol monophosphatase 1
Receptor-interacting serine/threonine-protein kinase 3	protein	Receptor-interacting serine/threonine-protein kinase 3
ET<sub>B</sub> receptor	protein	ET<sub>B</sub> receptor
Endothelin receptor type B	protein	Endothelin receptor type B
Histone acetyltransferase KAT8	protein	Histone acetyltransferase KAT8
lysine acetyltransferase 8	protein	lysine acetyltransferase 8
Stromal cell-derived factor 1	protein	Stromal cell-derived factor 1
Telomerase reverse transcriptase	protein	Telomerase reverse transcriptase
3',5'-cyclic-AMP phosphodiesterase 4A	protein	3',5'-cyclic-AMP phosphodiesterase 4A
phosphodiesterase 4A	protein	phosphodiesterase 4A
Protein kinase C eta type	protein	Protein kinase C eta type
Mitogen-activated protein kinase 1	protein	Mitogen-activated protein kinase 1
Actin-related protein 2	protein	Actin-related protein 2
Eukaryotic translation initiation factor 5B	protein	Eukaryotic translation initiation factor 5B
Kappa-type opioid receptor	protein	Kappa-type opioid receptor
Mu-type opioid receptor	protein	Mu-type opioid receptor
Chymotrypsin-C	protein	Chymotrypsin-C
Protein arginine N-methyltransferase 3 [N508S]	protein	Protein arginine N-methyltransferase 3 [N508S]
protein arginine methyltransferase 3	protein	protein arginine methyltransferase 3
Protein arginine N-methyltransferase 3	protein	Protein arginine N-methyltransferase 3
DNA (cytosine-5)-methyltransferase 3B	protein	DNA (cytosine-5)-methyltransferase 3B
Ribosomal protein S6 kinase alpha-1	protein	Ribosomal protein S6 kinase alpha-1
Vanin 1	protein	Vanin 1
Dipeptidyl peptidase IV	protein	Dipeptidyl peptidase IV
Homeodomain-interacting protein kinase 1	protein	Homeodomain-interacting protein kinase 1
Monocarboxylate transporter 1	protein	Monocarboxylate transporter 1
Tau-tubulin kinase 2	protein	Tau-tubulin kinase 2
P2Y<sub>14</sub> receptor	protein	P2Y<sub>14</sub> receptor
Prostaglandin E2 receptor EP2 subtype	protein	Prostaglandin E2 receptor EP2 subtype
Exportin-1	protein	Exportin-1
Ubiquitin carboxyl-terminal hydrolase 5	protein	Ubiquitin carboxyl-terminal hydrolase 5
Lysine-specific demethylase 3B	protein	Lysine-specific demethylase 3B
Transient receptor potential cation channel subfamily M member 7	protein	Transient receptor potential cation channel subfamily M member 7
Peptidyl-prolyl cis-trans isomerase FKBP1A	protein	Peptidyl-prolyl cis-trans isomerase FKBP1A
FKBP prolyl isomerase 1A	protein	FKBP prolyl isomerase 1A
fms related receptor tyrosine kinase 3	protein	fms related receptor tyrosine kinase 3
Maternal embryonic leucine zipper kinase	protein	Maternal embryonic leucine zipper kinase
maternal embryonic leucine zipper kinase	protein	maternal embryonic leucine zipper kinase
Lysophosphatidylserine lipase ABHD12	protein	Lysophosphatidylserine lipase ABHD12
Aurora kinase B	protein	Aurora kinase B
aurora kinase B	protein	aurora kinase B
Nitric oxide synthase 1	protein	Nitric oxide synthase 1
Multifunctional procollagen lysine hydroxylase and glycosyltransferase LH3	protein	Multifunctional procollagen lysine hydroxylase and glycosyltransferase LH3
Neuronal acetylcholine receptor subunit beta-2	protein	Neuronal acetylcholine receptor subunit beta-2
Cruzipain	protein	Cruzipain
Protein arginine N-methyltransferase 7	protein	Protein arginine N-methyltransferase 7
72 kDa type IV collagenase	protein	72 kDa type IV collagenase
Pyruvate kinase PKM	protein	Pyruvate kinase PKM
ribosomal protein S6 kinase B1	protein	ribosomal protein S6 kinase B1
Ribosomal protein S6 kinase beta-1	protein	Ribosomal protein S6 kinase beta-1
Proteasome subunit beta type-9	protein	Proteasome subunit beta type-9
Activin receptor type-1-like	protein	Activin receptor type-1-like
M<sub>4</sub> receptor	protein	M<sub>4</sub> receptor
Muscarinic acetylcholine receptor M4	protein	Muscarinic acetylcholine receptor M4
Transmembrane protease serine 11D	protein	Transmembrane protease serine 11D
Transcriptional regulator Kaiso	protein	Transcriptional regulator Kaiso
DNA-dependent protein kinase catalytic subunit	protein	DNA-dependent protein kinase catalytic subunit
protein kinase, DNA-activated, catalytic subunit	protein	protein kinase, DNA-activated, catalytic subunit
Hepatic sodium/bile acid cotransporter	protein	Hepatic sodium/bile acid cotransporter
Tyrosine-protein kinase receptor Tie-1	protein	Tyrosine-protein kinase receptor Tie-1
Dual specificity protein phosphatase 3	protein	Dual specificity protein phosphatase 3
Ubiquitin carboxyl-terminal hydrolase isozyme L5	protein	Ubiquitin carboxyl-terminal hydrolase isozyme L5
Alpha-1B adrenergic receptor	protein	Alpha-1B adrenergic receptor
Complement factor B	protein	Complement factor B
complement factor B	protein	complement factor B
Kallikrein-1	protein	Kallikrein-1
Phosphatidylinositol 3-kinase regulatory subunit beta	protein	Phosphatidylinositol 3-kinase regulatory subunit beta
Serine protease 1	protein	Serine protease 1
Ribosomal protein S6 kinase alpha-5	protein	Ribosomal protein S6 kinase alpha-5
Muscarinic acetylcholine receptor M2	protein	Muscarinic acetylcholine receptor M2
Fatty acid synthase	protein	Fatty acid synthase
Aryl hydrocarbon receptor	protein	Aryl hydrocarbon receptor
Solute carrier organic anion transporter family member 1B3	protein	Solute carrier organic anion transporter family member 1B3
Excitatory amino acid transporter 1	protein	Excitatory amino acid transporter 1
Son of sevenless homolog 2	protein	Son of sevenless homolog 2
5-hydroxytryptamine receptor 1A	protein	5-hydroxytryptamine receptor 1A
Histone-arginine methyltransferase CARM1	protein	Histone-arginine methyltransferase CARM1
coactivator associated arginine methyltransferase 1	protein	coactivator associated arginine methyltransferase 1
Caspase-4	protein	Caspase-4
salt inducible kinase 1	protein	salt inducible kinase 1
Serine/threonine-protein kinase SIK1	protein	Serine/threonine-protein kinase SIK1
bromodomain testis associated	protein	bromodomain testis associated
Alpha-glucosidase MAL32	protein	Alpha-glucosidase MAL32
Peroxisome proliferator-activated receptor gamma	protein	Peroxisome proliferator-activated receptor gamma
Peroxisome proliferator-activated receptor-&gamma;	protein	Peroxisome proliferator-activated receptor-&gamma;
Phosphatidylinositol 5-phosphate 4-kinase type-2 gamma	protein	Phosphatidylinositol 5-phosphate 4-kinase type-2 gamma
Serine/threonine-protein kinase VRK1	protein	Serine/threonine-protein kinase VRK1
Bifunctional purine biosynthesis protein ATIC	protein	Bifunctional purine biosynthesis protein ATIC
Potassium voltage-gated channel subfamily A member 1	protein	Potassium voltage-gated channel subfamily A member 1
large tumor suppressor kinase 1	protein	large tumor suppressor kinase 1
Serine/threonine-protein kinase LATS1	protein	Serine/threonine-protein kinase LATS1
Glucagon receptor	protein	Glucagon receptor
myosin light chain kinase family member 4	protein	myosin light chain kinase family member 4
Myosin light chain kinase family member 4	protein	Myosin light chain kinase family member 4
A<sub>1</sub> receptor	protein	A<sub>1</sub> receptor
Ras-related protein Rab-9A	protein	Ras-related protein Rab-9A
Orotidine 5'-phosphate decarboxylase	protein	Orotidine 5'-phosphate decarboxylase
K<sub>ir</sub>6.2	protein	K<sub>ir</sub>6.2
Neurotensin receptor type 1	protein	Neurotensin receptor type 1
NTS<sub>1</sub> receptor	protein	NTS<sub>1</sub> receptor
Cell division cycle 7-related protein kinase	protein	Cell division cycle 7-related protein kinase
Serine/threonine-protein kinase OSR1	protein	Serine/threonine-protein kinase OSR1
AP2-associated protein kinase 1	protein	AP2-associated protein kinase 1
Uncharacterized aarF domain-containing protein kinase 5	protein	Uncharacterized aarF domain-containing protein kinase 5
U4/U6 small nuclear ribonucleoprotein Prp4	protein	U4/U6 small nuclear ribonucleoprotein Prp4
Fibroblast growth factor receptor 3	protein	Fibroblast growth factor receptor 3
Ubiquitin-like modifier-activating enzyme 1	protein	Ubiquitin-like modifier-activating enzyme 1
Bcl2-associated agonist of cell death	protein	Bcl2-associated agonist of cell death
Tyrosine-protein kinase JAK2	protein	Tyrosine-protein kinase JAK2
Spindlin-4	protein	Spindlin-4
Fibroblast growth factor receptor 4	protein	Fibroblast growth factor receptor 4
Mitogen-activated protein kinase 15	protein	Mitogen-activated protein kinase 15
Mitogen-activated protein kinase 6	protein	Mitogen-activated protein kinase 6
cyclin dependent kinase 2	protein	cyclin dependent kinase 2
Cyclin-dependent kinase 2	protein	Cyclin-dependent kinase 2
Gastrin-releasing peptide receptor	protein	Gastrin-releasing peptide receptor
doublecortin like kinase 1	protein	doublecortin like kinase 1
Serine/threonine-protein kinase DCLK1	protein	Serine/threonine-protein kinase DCLK1
Histamine H4 receptor	protein	Histamine H4 receptor
Gamma-aminobutyric acid receptor subunit alpha-1	protein	Gamma-aminobutyric acid receptor subunit alpha-1
SIK family kinase 3	protein	SIK family kinase 3
Serine/threonine-protein kinase SIK3	protein	Serine/threonine-protein kinase SIK3
Nuclear receptor subfamily 2 group C member 2	protein	Nuclear receptor subfamily 2 group C member 2
Serine/threonine-protein kinase pim-1	protein	Serine/threonine-protein kinase pim-1
Pim-1 proto-oncogene, serine/threonine kinase	protein	Pim-1 proto-oncogene, serine/threonine kinase
Signal transducer and activator of transcription 4	protein	Signal transducer and activator of transcription 4
Sphingosine 1-phosphate receptor 4	protein	Sphingosine 1-phosphate receptor 4
Fibroblast growth factor receptor 2	protein	Fibroblast growth factor receptor 2
fibroblast growth factor receptor 2	protein	fibroblast growth factor receptor 2
Proteasome component C5	protein	Proteasome component C5
Pancreatic alpha-amylase	protein	Pancreatic alpha-amylase
Prolyl 3-hydroxylase 2	protein	Prolyl 3-hydroxylase 2
Guanine nucleotide exchange factor DBS	protein	Guanine nucleotide exchange factor DBS
Protein archease	protein	Protein archease
Ubiquitin-like protein NEDD8	protein	Ubiquitin-like protein NEDD8
NEDD8	protein	NEDD8
Rhodopsin kinase GRK1	protein	Rhodopsin kinase GRK1
Ferritin light chain	protein	Ferritin light chain
beta-secretase 1	protein	beta-secretase 1
Beta-secretase 1	protein	Beta-secretase 1
Ribosomal protein S6 kinase beta-2	protein	Ribosomal protein S6 kinase beta-2
5-ht<sub>1e</sub> receptor	protein	5-ht<sub>1e</sub> receptor
5-hydroxytryptamine receptor 1E	protein	5-hydroxytryptamine receptor 1E
Bifunctional methylenetetrahydrofolate dehydrogenase/cyclohydrolase, mitochondrial	protein	Bifunctional methylenetetrahydrofolate dehydrogenase/cyclohydrolase, mitochondrial
Zinc finger protein GLI1	protein	Zinc finger protein GLI1
Aurora kinase C	protein	Aurora kinase C
aurora kinase C	protein	aurora kinase C
Receptor-type tyrosine-protein phosphatase epsilon	protein	Receptor-type tyrosine-protein phosphatase epsilon
Gamma-butyrobetaine dioxygenase	protein	Gamma-butyrobetaine dioxygenase
Tau-tubulin kinase 1	protein	Tau-tubulin kinase 1
Alpha-2B adrenergic receptor	protein	Alpha-2B adrenergic receptor
Egl nine homolog 1	protein	Egl nine homolog 1
egl-9 family hypoxia inducible factor 1	protein	egl-9 family hypoxia inducible factor 1
Bone morphogenetic protein receptor type-1A	protein	Bone morphogenetic protein receptor type-1A
Thyroid hormone receptor alpha	protein	Thyroid hormone receptor alpha
5-hydroxytryptamine receptor 5A	protein	5-hydroxytryptamine receptor 5A
5-HT<sub>5A</sub> receptor	protein	5-HT<sub>5A</sub> receptor
mitogen-activated protein kinase 9	protein	mitogen-activated protein kinase 9
B1 bradykinin receptor	protein	B1 bradykinin receptor
TLR4	protein	TLR4
Dipeptidyl peptidase 9	protein	Dipeptidyl peptidase 9
Hepatocyte growth factor receptor	protein	Hepatocyte growth factor receptor
Cytosolic phospholipase A2	protein	Cytosolic phospholipase A2
Sodium- and chloride-dependent glycine transporter 1	protein	Sodium- and chloride-dependent glycine transporter 1
Potassium voltage-gated channel subfamily A member 5	protein	Potassium voltage-gated channel subfamily A member 5
Kallikrein-7	protein	Kallikrein-7
Serine/threonine-protein kinase DCLK3	protein	Serine/threonine-protein kinase DCLK3
Melanocortin receptor 3	protein	Melanocortin receptor 3
Gastrin/cholecystokinin type B receptor	protein	Gastrin/cholecystokinin type B receptor
Retinoic acid receptor alpha	protein	Retinoic acid receptor alpha
EP<sub>2</sub> receptor	protein	EP<sub>2</sub> receptor
OX<sub>2</sub> receptor	protein	OX<sub>2</sub> receptor
GP41	protein	GP41
FFA4 receptor	protein	FFA4 receptor
5'-AMP-activated protein kinase catalytic subunit alpha-2	protein	5'-AMP-activated protein kinase catalytic subunit alpha-2
Methylcytosine dioxygenase TET1	protein	Methylcytosine dioxygenase TET1
Procathepsin L	protein	Procathepsin L
Prostaglandin D2 receptor 2	protein	Prostaglandin D2 receptor 2
Cyclin-dependent kinase 20	protein	Cyclin-dependent kinase 20
Tyrosine-protein kinase ABL1	protein	Tyrosine-protein kinase ABL1
ABL proto-oncogene 1, non-receptor tyrosine kinase	protein	ABL proto-oncogene 1, non-receptor tyrosine kinase
Metabotropic glutamate receptor 4	protein	Metabotropic glutamate receptor 4
ATP-sensitive inward rectifier potassium channel 1 isoform X1	protein	ATP-sensitive inward rectifier potassium channel 1 isoform X1
3',5'-cyclic-AMP phosphodiesterase 4D	protein	3',5'-cyclic-AMP phosphodiesterase 4D
Procollagen-lysine,2-oxoglutarate 5-dioxygenase 2	protein	Procollagen-lysine,2-oxoglutarate 5-dioxygenase 2
Proteasome Macropain subunit MB1	protein	Proteasome Macropain subunit MB1
Ectonucleoside triphosphate diphosphohydrolase 1	protein	Ectonucleoside triphosphate diphosphohydrolase 1
Transcription activator BRG1	protein	Transcription activator BRG1
SWI/SNF related BAF chromatin remodeling complex subunit ATPase 4	protein	SWI/SNF related BAF chromatin remodeling complex subunit ATPase 4
Cyclin-dependent kinase 14	protein	Cyclin-dependent kinase 14
Serine/threonine-protein kinase 32A	protein	Serine/threonine-protein kinase 32A
Probable G-protein coupled receptor 132	protein	Probable G-protein coupled receptor 132
Heat shock protein HSP 90-beta	protein	Heat shock protein HSP 90-beta
heat shock protein 90 alpha family class B member 1	protein	heat shock protein 90 alpha family class B member 1
CB<sub>1</sub> receptor	protein	CB<sub>1</sub> receptor
Proteasome subunit beta type-8	protein	Proteasome subunit beta type-8
SMO	protein	SMO
MLLT1 super elongation complex subunit	protein	MLLT1 super elongation complex subunit
Protein ENL	protein	Protein ENL
Nuclear receptor ROR-beta	protein	Nuclear receptor ROR-beta
Interleukin-6	protein	Interleukin-6
BR serine/threonine kinase 2	protein	BR serine/threonine kinase 2
Serine/threonine-protein kinase BRSK2	protein	Serine/threonine-protein kinase BRSK2
Ectonucleoside triphosphate diphosphohydrolase 8	protein	Ectonucleoside triphosphate diphosphohydrolase 8
Lysine-specific demethylase 5D	protein	Lysine-specific demethylase 5D
Nicotinamide phosphoribosyltransferase	protein	Nicotinamide phosphoribosyltransferase
Cathepsin G	protein	Cathepsin G
Eukaryotic peptide chain release factor GTP-binding subunit ERF3B	protein	Eukaryotic peptide chain release factor GTP-binding subunit ERF3B
Histone-lysine N-methyltransferase, H3 lysine-79 specific [1-416]	protein	Histone-lysine N-methyltransferase, H3 lysine-79 specific [1-416]
DOT1 like histone lysine methyltransferase	protein	DOT1 like histone lysine methyltransferase
Histone-lysine N-methyltransferase, H3 lysine-79 specific	protein	Histone-lysine N-methyltransferase, H3 lysine-79 specific
Septin-9	protein	Septin-9
Pituitary adenylate cyclase-activating polypeptide type I receptor	protein	Pituitary adenylate cyclase-activating polypeptide type I receptor
Mediator of RNA polymerase II transcription subunit 23	protein	Mediator of RNA polymerase II transcription subunit 23
Thromboxane-A synthase	protein	Thromboxane-A synthase
<i>TAS2R20</i>	protein	<i>TAS2R20</i>
Toll-like receptor 7	protein	Toll-like receptor 7
cGMP-dependent 3',5'-cyclic phosphodiesterase	protein	cGMP-dependent 3',5'-cyclic phosphodiesterase
Serine/threonine-protein kinase 26	protein	Serine/threonine-protein kinase 26
DNA topoisomerase 2-beta	protein	DNA topoisomerase 2-beta
Serine/threonine-protein kinase pim-2	protein	Serine/threonine-protein kinase pim-2
Pim-2 proto-oncogene, serine/threonine kinase	protein	Pim-2 proto-oncogene, serine/threonine kinase
Alpha-1,6-mannosyl-glycoprotein 2-beta-N-acetylglucosaminyltransferase	protein	Alpha-1,6-mannosyl-glycoprotein 2-beta-N-acetylglucosaminyltransferase
Retinoblastoma-associated protein	protein	Retinoblastoma-associated protein
Eukaryotic elongation factor 2 kinase	protein	Eukaryotic elongation factor 2 kinase
Plasminogen	protein	Plasminogen
MET proto-oncogene, receptor tyrosine kinase	protein	MET proto-oncogene, receptor tyrosine kinase
Zinc finger and BTB domain-containing protein 11	protein	Zinc finger and BTB domain-containing protein 11
Protein mono-ADP-ribosyltransferase PARP12	protein	Protein mono-ADP-ribosyltransferase PARP12
Calcium-activated potassium channel subunit alpha-1	protein	Calcium-activated potassium channel subunit alpha-1
Free fatty acid receptor 1	protein	Free fatty acid receptor 1
Pyroglutamylated RF-amide peptide receptor	protein	Pyroglutamylated RF-amide peptide receptor
BB<sub>3</sub> receptor	protein	BB<sub>3</sub> receptor
Bombesin receptor subtype-3	protein	Bombesin receptor subtype-3
Serine/threonine-protein kinase PAK 5	protein	Serine/threonine-protein kinase PAK 5
Sodium channel protein type 7 subunit alpha	protein	Sodium channel protein type 7 subunit alpha
Tyrosine-protein kinase receptor TYRO3	protein	Tyrosine-protein kinase receptor TYRO3
Serine/threonine-protein kinase H1	protein	Serine/threonine-protein kinase H1
NK<sub>2</sub> receptor	protein	NK<sub>2</sub> receptor
Erythrocyte urea transporter	protein	Erythrocyte urea transporter
Urea transporter 1	protein	Urea transporter 1
Phenylalanine--tRNA ligase beta subunit	protein	Phenylalanine--tRNA ligase beta subunit
calcium/calmodulin dependent serine protein kinase	protein	calcium/calmodulin dependent serine protein kinase
Peripheral plasma membrane protein CASK	protein	Peripheral plasma membrane protein CASK
BLK proto-oncogene, Src family tyrosine kinase	protein	BLK proto-oncogene, Src family tyrosine kinase
Tyrosine-protein kinase Blk	protein	Tyrosine-protein kinase Blk
GABA<sub>A</sub> receptor &alpha;3 subunit	protein	GABA<sub>A</sub> receptor &alpha;3 subunit
Gamma-aminobutyric acid receptor subunit alpha-3	protein	Gamma-aminobutyric acid receptor subunit alpha-3
Delta(24)-sterol reductase	protein	Delta(24)-sterol reductase
Testis-specific serine/threonine-protein kinase 4	protein	Testis-specific serine/threonine-protein kinase 4
Guanylate cyclase soluble subunit alpha-1	protein	Guanylate cyclase soluble subunit alpha-1
MT<sub>2</sub> receptor	protein	MT<sub>2</sub> receptor
PHD finger protein 20-like protein 1	protein	PHD finger protein 20-like protein 1
Liver X receptor-&beta;	protein	Liver X receptor-&beta;
Angiopoietin-1 receptor	protein	Angiopoietin-1 receptor
Glucose-induced degradation protein 4 homolog	protein	Glucose-induced degradation protein 4 homolog
2-oxoglutarate and iron-dependent oxygenase domain-containing protein 2	protein	2-oxoglutarate and iron-dependent oxygenase domain-containing protein 2
Serine/threonine-protein kinase 32B	protein	Serine/threonine-protein kinase 32B
Gonadotropin-releasing hormone receptor	protein	Gonadotropin-releasing hormone receptor
isocitrate dehydrogenase (NADP(+)) 1	protein	isocitrate dehydrogenase (NADP(+)) 1
Isocitrate dehydrogenase [NADP] cytoplasmic	protein	Isocitrate dehydrogenase [NADP] cytoplasmic
Hydroxycarboxylic acid receptor 3	protein	Hydroxycarboxylic acid receptor 3
poly(ADP-ribose) polymerase 1	protein	poly(ADP-ribose) polymerase 1
K<SUB>v</SUB>1.3	protein	K<SUB>v</SUB>1.3
Serine/threonine-protein kinase PAK 6	protein	Serine/threonine-protein kinase PAK 6
Caspase-1	protein	Caspase-1
Caspase 1	protein	Caspase 1
Peroxisomal N(1)-acetyl-spermine/spermidine oxidase	protein	Peroxisomal N(1)-acetyl-spermine/spermidine oxidase
P2X purinoceptor 2	protein	P2X purinoceptor 2
Tyrosine-protein kinase receptor UFO	protein	Tyrosine-protein kinase receptor UFO
B-cell lymphoma 6 protein	protein	B-cell lymphoma 6 protein
BCL6 transcription repressor	protein	BCL6 transcription repressor
Cyclin-dependent kinase 11A	protein	Cyclin-dependent kinase 11A
RAF proto-oncogene serine/threonine-protein kinase	protein	RAF proto-oncogene serine/threonine-protein kinase
Serine/threonine-protein kinase 10	protein	Serine/threonine-protein kinase 10
Sigma intracellular receptor 2	protein	Sigma intracellular receptor 2
Peroxisome proliferator-activated receptor delta [128-441]	protein	Peroxisome proliferator-activated receptor delta [128-441]
Peroxisome proliferator-activated receptor delta	protein	Peroxisome proliferator-activated receptor delta
Peroxisome proliferator-activated receptor-&beta;/&delta;	protein	Peroxisome proliferator-activated receptor-&beta;/&delta;
polo like kinase 4	protein	polo like kinase 4
Serine/threonine-protein kinase PLK4	protein	Serine/threonine-protein kinase PLK4
Biotinidase	protein	Biotinidase
polo like kinase 3	protein	polo like kinase 3
Serine/threonine-protein kinase PLK3	protein	Serine/threonine-protein kinase PLK3
OATP1B1	protein	OATP1B1
Solute carrier organic anion transporter family member 1B1	protein	Solute carrier organic anion transporter family member 1B1
Chloride channel protein 1	protein	Chloride channel protein 1
Glucagon-like peptide 1 receptor	protein	Glucagon-like peptide 1 receptor
Serine/threonine-protein kinase 17B	protein	Serine/threonine-protein kinase 17B
P2X purinoceptor	protein	P2X purinoceptor
DNA repair nuclease/redox regulator APEX1	protein	DNA repair nuclease/redox regulator APEX1
Human immunodeficiency virus type 1 protease	protein	Human immunodeficiency virus type 1 protease
C-X-C chemokine receptor type 4	protein	C-X-C chemokine receptor type 4
CXCR4	protein	CXCR4
Ephrin type-A receptor 6	protein	Ephrin type-A receptor 6
Plasmodium falciparum cyclin-dependent-like kinase CLK3	protein	Plasmodium falciparum cyclin-dependent-like kinase CLK3
MAP kinase-interacting serine/threonine-protein kinase 1	protein	MAP kinase-interacting serine/threonine-protein kinase 1
MAPK interacting serine/threonine kinase 1	protein	MAPK interacting serine/threonine kinase 1
ATPase family AAA domain containing 2	protein	ATPase family AAA domain containing 2
ATPase family AAA domain-containing protein 2	protein	ATPase family AAA domain-containing protein 2
Serine/threonine-protein kinase PAK 3	protein	Serine/threonine-protein kinase PAK 3
G protein-coupled receptor 88	protein	G protein-coupled receptor 88
Aldo-keto reductase family 1 member B1	protein	Aldo-keto reductase family 1 member B1
LIM domain kinase 1	protein	LIM domain kinase 1
Adrenocorticotropic hormone receptor	protein	Adrenocorticotropic hormone receptor
Oxidized purine nucleoside triphosphate hydrolase	protein	Oxidized purine nucleoside triphosphate hydrolase
Sodium/glucose cotransporter 2	protein	Sodium/glucose cotransporter 2
Matrix metalloproteinase-15	protein	Matrix metalloproteinase-15
Serine/threonine-protein kinase TAO1	protein	Serine/threonine-protein kinase TAO1
Caspase-7	protein	Caspase-7
BMX non-receptor tyrosine kinase	protein	BMX non-receptor tyrosine kinase
Cytoplasmic tyrosine-protein kinase BMX	protein	Cytoplasmic tyrosine-protein kinase BMX
Galanin receptor type 1	protein	Galanin receptor type 1
Androgen receptor	protein	Androgen receptor
Sodium channel protein type 3 subunit alpha	protein	Sodium channel protein type 3 subunit alpha
NF-kappa-B inhibitor alpha	protein	NF-kappa-B inhibitor alpha
SNF-related serine/threonine-protein kinase	protein	SNF-related serine/threonine-protein kinase
Ephrin type-B receptor 6	protein	Ephrin type-B receptor 6
Hyaluronate lyase	protein	Hyaluronate lyase
ubiquitin specific peptidase 1	protein	ubiquitin specific peptidase 1
Ubiquitin carboxyl-terminal hydrolase 1	protein	Ubiquitin carboxyl-terminal hydrolase 1
Cyclin-dependent kinase 4	protein	Cyclin-dependent kinase 4
cyclin dependent kinase 4	protein	cyclin dependent kinase 4
Receptor-type tyrosine-protein phosphatase C	protein	Receptor-type tyrosine-protein phosphatase C
YEATS domain-containing protein 2	protein	YEATS domain-containing protein 2
Ephrin type-B receptor 4	protein	Ephrin type-B receptor 4
Cyclin-dependent kinase 8	protein	Cyclin-dependent kinase 8
cyclin dependent kinase 8	protein	cyclin dependent kinase 8
Calcium/calmodulin-dependent protein kinase type 1G	protein	Calcium/calmodulin-dependent protein kinase type 1G
Arachidonate 5-lipoxygenase-activating protein	protein	Arachidonate 5-lipoxygenase-activating protein
Caspase-6	protein	Caspase-6
Serine/threonine-protein kinase NIM1	protein	Serine/threonine-protein kinase NIM1
Serine/threonine-protein kinase N3	protein	Serine/threonine-protein kinase N3
Protein mono-ADP-ribosyltransferase PARP10	protein	Protein mono-ADP-ribosyltransferase PARP10
Signal transducer and activator of transcription 1-alpha/beta	protein	Signal transducer and activator of transcription 1-alpha/beta
Angiotensin-converting enzyme	protein	Angiotensin-converting enzyme
Phosphorylase b kinase regulatory subunit alpha, liver isoform	protein	Phosphorylase b kinase regulatory subunit alpha, liver isoform
Aldo-keto reductase family 1 member C3	protein	Aldo-keto reductase family 1 member C3
NAD-dependent protein deacylase sirtuin-5, mitochondrial	protein	NAD-dependent protein deacylase sirtuin-5, mitochondrial
Lysine-specific demethylase 4A	protein	Lysine-specific demethylase 4A
Very long-chain specific acyl-CoA dehydrogenase, mitochondrial	protein	Very long-chain specific acyl-CoA dehydrogenase, mitochondrial
Serine/threonine-protein kinase 38-like	protein	Serine/threonine-protein kinase 38-like
GlyT1	protein	GlyT1
Leukotriene B4 receptor 1	protein	Leukotriene B4 receptor 1
euchromatic histone lysine methyltransferase 1	protein	euchromatic histone lysine methyltransferase 1
Histone-lysine N-methyltransferase EHMT1	protein	Histone-lysine N-methyltransferase EHMT1
Interleukin-1 receptor-associated kinase 4	protein	Interleukin-1 receptor-associated kinase 4
interleukin 1 receptor associated kinase 4	protein	interleukin 1 receptor associated kinase 4
mitogen-activated protein kinase kinase kinase 9	protein	mitogen-activated protein kinase kinase kinase 9
Mitogen-activated protein kinase kinase kinase 9	protein	Mitogen-activated protein kinase kinase kinase 9
CCR5	protein	CCR5
C-C chemokine receptor type 5	protein	C-C chemokine receptor type 5
ret proto-oncogene	protein	ret proto-oncogene
Serine/threonine-protein kinase D3	protein	Serine/threonine-protein kinase D3
Solute carrier family 22 member 2	protein	Solute carrier family 22 member 2
Pyridoxal kinase	protein	Pyridoxal kinase
Receptor-interacting serine/threonine-protein kinase 2	protein	Receptor-interacting serine/threonine-protein kinase 2
receptor interacting serine/threonine kinase 2	protein	receptor interacting serine/threonine kinase 2
Cysteinyl leukotriene receptor 2	protein	Cysteinyl leukotriene receptor 2
CysLT2 receptor	protein	CysLT2 receptor
Ras-related protein Rab-10	protein	Ras-related protein Rab-10
YEATS domain-containing protein 4	protein	YEATS domain-containing protein 4
Mitogen-activated protein kinase kinase kinase 12	protein	Mitogen-activated protein kinase kinase kinase 12
mitogen-activated protein kinase kinase kinase 12	protein	mitogen-activated protein kinase kinase kinase 12
Tyrosine-protein kinase Fer	protein	Tyrosine-protein kinase Fer
Sodium/nucleoside cotransporter 1	protein	Sodium/nucleoside cotransporter 1
Cytochrome P450 11B1, mitochondrial	protein	Cytochrome P450 11B1, mitochondrial
Actin-related protein 3	protein	Actin-related protein 3
Parkinson disease protein 7	protein	Parkinson disease protein 7
Cyclin-dependent kinase-like 2	protein	Cyclin-dependent kinase-like 2
Succinate--CoA ligase [ADP-forming] subunit beta, mitochondrial	protein	Succinate--CoA ligase [ADP-forming] subunit beta, mitochondrial
Eukaryotic initiation factor 4A-III	protein	Eukaryotic initiation factor 4A-III
poly(ADP-ribose) polymerase 2	protein	poly(ADP-ribose) polymerase 2
Activin receptor type-1B	protein	Activin receptor type-1B
Zinc finger protein Helios	protein	Zinc finger protein Helios
Y<sub>2</sub> receptor	protein	Y<sub>2</sub> receptor
Neuropeptide Y receptor type 2	protein	Neuropeptide Y receptor type 2
UDP-glucuronosyltransferase 1A4	protein	UDP-glucuronosyltransferase 1A4
receptor interacting serine/threonine kinase 1	protein	receptor interacting serine/threonine kinase 1
Chymotrypsinogen A	protein	Chymotrypsinogen A
Microtubule-associated serine/threonine-protein kinase 1	protein	Microtubule-associated serine/threonine-protein kinase 1
Prolyl 3-hydroxylase 1	protein	Prolyl 3-hydroxylase 1
Sodium channel protein type 1 subunit alpha	protein	Sodium channel protein type 1 subunit alpha
Translocator protein	protein	Translocator protein
Leukotriene B4 receptor 2	protein	Leukotriene B4 receptor 2
branched chain amino acid transaminase 1	protein	branched chain amino acid transaminase 1
Branched-chain-amino-acid aminotransferase, cytosolic	protein	Branched-chain-amino-acid aminotransferase, cytosolic
Interleukin-1 beta	protein	Interleukin-1 beta
ATP-binding cassette sub-family C member 2	protein	ATP-binding cassette sub-family C member 2
Beta tubulin	protein	Beta tubulin
Serine/threonine-protein kinase WNK1	protein	Serine/threonine-protein kinase WNK1
Very long chain fatty acid elongase 5	protein	Very long chain fatty acid elongase 5
Transient receptor potential cation channel subfamily V member 1	protein	Transient receptor potential cation channel subfamily V member 1
N-formyl peptide receptor 3	protein	N-formyl peptide receptor 3
Survival motor neuron protein	protein	Survival motor neuron protein
Malate dehydrogenase, cytoplasmic	protein	Malate dehydrogenase, cytoplasmic
Serine/threonine-protein kinase SIK2	protein	Serine/threonine-protein kinase SIK2
salt inducible kinase 2	protein	salt inducible kinase 2
Prostaglandin E2 receptor EP1 subtype	protein	Prostaglandin E2 receptor EP1 subtype
P2X4	protein	P2X4
&alpha;&beta;-Hydrolase 12	protein	&alpha;&beta;-Hydrolase 12
phosphatidylinositol 4-kinase beta	protein	phosphatidylinositol 4-kinase beta
Phosphatidylinositol 4-kinase beta	protein	Phosphatidylinositol 4-kinase beta
cAMP-dependent protein kinase catalytic subunit PRKX	protein	cAMP-dependent protein kinase catalytic subunit PRKX
Son of sevenless homolog 1	protein	Son of sevenless homolog 1
SOS Ras/Rac guanine nucleotide exchange factor 1	protein	SOS Ras/Rac guanine nucleotide exchange factor 1
Serine/threonine-protein kinase N2	protein	Serine/threonine-protein kinase N2
Cyclin-dependent kinase 3	protein	Cyclin-dependent kinase 3
Solute carrier family 22 member 6	protein	Solute carrier family 22 member 6
Uncharacterized protein FLJ45252	protein	Uncharacterized protein FLJ45252
Uridine diphosphate glucose pyrophosphatase NUDT14	protein	Uridine diphosphate glucose pyrophosphatase NUDT14
Casein kinase I isoform gamma-1	protein	Casein kinase I isoform gamma-1
COX-2 	protein	COX-2 
Prostaglandin G/H synthase 2	protein	Prostaglandin G/H synthase 2
Protein arginine N-methyltransferase 1	protein	Protein arginine N-methyltransferase 1
protein arginine methyltransferase 1 	protein	protein arginine methyltransferase 1 
Histone acetyltransferase KAT7	protein	Histone acetyltransferase KAT7
lysine acetyltransferase 7	protein	lysine acetyltransferase 7
Leukotriene C4 synthase	protein	Leukotriene C4 synthase
Melanocortin receptor 5	protein	Melanocortin receptor 5
&mu; receptor	protein	&mu; receptor
Tyrosine-protein phosphatase non-receptor type 6	protein	Tyrosine-protein phosphatase non-receptor type 6
PAN2-PAN3 deadenylation complex subunit PAN3	protein	PAN2-PAN3 deadenylation complex subunit PAN3
Structural maintenance of chromosomes protein 1A	protein	Structural maintenance of chromosomes protein 1A
Tyrosine-protein phosphatase 1	protein	Tyrosine-protein phosphatase 1
C-C motif chemokine 2	protein	C-C motif chemokine 2
Histone-lysine N-methyltransferase EZH1	protein	Histone-lysine N-methyltransferase EZH1
enhancer of zeste 1 polycomb repressive complex 2 subunit	protein	enhancer of zeste 1 polycomb repressive complex 2 subunit
Mitogen-activated protein kinase kinase kinase 6	protein	Mitogen-activated protein kinase kinase kinase 6
PHD finger protein 20	protein	PHD finger protein 20
5'-AMP-activated protein kinase subunit gamma-2	protein	5'-AMP-activated protein kinase subunit gamma-2
Sodium-dependent phosphate transport protein 2A	protein	Sodium-dependent phosphate transport protein 2A
fibroblast growth factor receptor 3	protein	fibroblast growth factor receptor 3
Neuropeptide Y receptor type 5	protein	Neuropeptide Y receptor type 5
Lethal(3)malignant brain tumor-like protein 1	protein	Lethal(3)malignant brain tumor-like protein 1
Dual serine/threonine and tyrosine protein kinase	protein	Dual serine/threonine and tyrosine protein kinase
Disintegrin and metalloproteinase domain-containing protein 10	protein	Disintegrin and metalloproteinase domain-containing protein 10
ADP-ribose pyrophosphatase, mitochondrial	protein	ADP-ribose pyrophosphatase, mitochondrial
Sphingomyelin phosphodiesterase 3	protein	Sphingomyelin phosphodiesterase 3
NTS<sub>2</sub> receptor	protein	NTS<sub>2</sub> receptor
Neurotensin receptor type 2	protein	Neurotensin receptor type 2
Serine/threonine-protein kinase WNK3	protein	Serine/threonine-protein kinase WNK3
C-C chemokine receptor type 4	protein	C-C chemokine receptor type 4
Somatostatin receptor type 2	protein	Somatostatin receptor type 2
Scm-like with four MBT domains protein 1	protein	Scm-like with four MBT domains protein 1
Lanosterol 14-alpha demethylase	protein	Lanosterol 14-alpha demethylase
Retinoic acid receptor-&gamma;	protein	Retinoic acid receptor-&gamma;
Retinoic acid receptor gamma	protein	Retinoic acid receptor gamma
Proteinase-activated receptor 4	protein	Proteinase-activated receptor 4
Glutamate receptor 1	protein	Glutamate receptor 1
Aldehyde dehydrogenase 1A1	protein	Aldehyde dehydrogenase 1A1
Mitogen-activated protein kinase kinase kinase kinase 3	protein	Mitogen-activated protein kinase kinase kinase kinase 3
Serine/threonine-protein kinase ULK3	protein	Serine/threonine-protein kinase ULK3
Pirin	protein	Pirin
Fructose-bisphosphate aldolase	protein	Fructose-bisphosphate aldolase
Voltage-dependent L-type calcium channel subunit alpha-1C	protein	Voltage-dependent L-type calcium channel subunit alpha-1C
Polyunsaturated fatty acid lipoxygenase ALOX15	protein	Polyunsaturated fatty acid lipoxygenase ALOX15
Mitogen-activated protein kinase 13	protein	Mitogen-activated protein kinase 13
mitogen-activated protein kinase 13	protein	mitogen-activated protein kinase 13
farnesyl diphosphate synthase	protein	farnesyl diphosphate synthase
Serine/threonine-protein kinase ICK	protein	Serine/threonine-protein kinase ICK
cAMP and cAMP-inhibited cGMP 3',5'-cyclic phosphodiesterase 10A	protein	cAMP and cAMP-inhibited cGMP 3',5'-cyclic phosphodiesterase 10A
Target of rapamycin complex 2 subunit MAPKAP1	protein	Target of rapamycin complex 2 subunit MAPKAP1
Voltage-gated inwardly rectifying potassium channel KCNH3	protein	Voltage-gated inwardly rectifying potassium channel KCNH3
FFA1 receptor	protein	FFA1 receptor
Lysine-specific demethylase 5A	protein	Lysine-specific demethylase 5A
Tyrosine-protein phosphatase non-receptor type 7	protein	Tyrosine-protein phosphatase non-receptor type 7
Carbonic anhydrase 5A, mitochondrial	protein	Carbonic anhydrase 5A, mitochondrial
Ribosomal protein S6 kinase alpha-2	protein	Ribosomal protein S6 kinase alpha-2
Serine/threonine-protein kinase LATS2	protein	Serine/threonine-protein kinase LATS2
ATP-dependent translocase ABCB1	protein	ATP-dependent translocase ABCB1
Potassium voltage-gated channel subfamily KQT member 4	protein	Potassium voltage-gated channel subfamily KQT member 4
Testis-specific serine/threonine-protein kinase 2	protein	Testis-specific serine/threonine-protein kinase 2
Janus kinase 3	protein	Janus kinase 3
Serine/threonine-protein kinase Chk1	protein	Serine/threonine-protein kinase Chk1
checkpoint kinase 1	protein	checkpoint kinase 1
Casein kinase I isoform alpha	protein	Casein kinase I isoform alpha
Cyclin-dependent kinase 11B	protein	Cyclin-dependent kinase 11B
Histone deacetylase 1	protein	Histone deacetylase 1
Zinc finger and BTB domain-containing protein 40	protein	Zinc finger and BTB domain-containing protein 40
protein phosphatase methylesterase 1	protein	protein phosphatase methylesterase 1
Protein phosphatase methylesterase 1	protein	Protein phosphatase methylesterase 1
E3 ubiquitin-protein ligase Mdm2	protein	E3 ubiquitin-protein ligase Mdm2
MDM2 proto-oncogene	protein	MDM2 proto-oncogene
Membrane-associated tyrosine- and threonine-specific cdc2-inhibitory kinase	protein	Membrane-associated tyrosine- and threonine-specific cdc2-inhibitory kinase
Receptor tyrosine-protein kinase erbB-2	protein	Receptor tyrosine-protein kinase erbB-2
erb-b2 receptor tyrosine kinase 2	protein	erb-b2 receptor tyrosine kinase 2
Death-associated protein kinase 1	protein	Death-associated protein kinase 1
UDP-glucuronosyltransferase 1A1	protein	UDP-glucuronosyltransferase 1A1
Phospholipase D1	protein	Phospholipase D1
Glycogen phosphorylase, muscle form	protein	Glycogen phosphorylase, muscle form
Prolyl endopeptidase	protein	Prolyl endopeptidase
Induced myeloid leukemia cell differentiation protein Mcl-1	protein	Induced myeloid leukemia cell differentiation protein Mcl-1
MCL1 apoptosis regulator, BCL2 family member	protein	MCL1 apoptosis regulator, BCL2 family member
Plasma kallikrein	protein	Plasma kallikrein
bromodomain adjacent to zinc finger domain 2B	protein	bromodomain adjacent to zinc finger domain 2B
Bromodomain adjacent to zinc finger domain protein 2B	protein	Bromodomain adjacent to zinc finger domain protein 2B
Histone deacetylase 7	protein	Histone deacetylase 7
histone deacetylase 7	protein	histone deacetylase 7
5'-AMP-activated protein kinase subunit beta-1	protein	5'-AMP-activated protein kinase subunit beta-1
Isoleucine--tRNA ligase, mitochondrial	protein	Isoleucine--tRNA ligase, mitochondrial
Monocarboxylate transporter 2	protein	Monocarboxylate transporter 2
G-protein coupled receptor 52	protein	G-protein coupled receptor 52
Cytochrome P450 2D6	protein	Cytochrome P450 2D6
eukaryotic translation initiation factor 2 alpha kinase 3	protein	eukaryotic translation initiation factor 2 alpha kinase 3
Eukaryotic translation initiation factor 2-alpha kinase 3	protein	Eukaryotic translation initiation factor 2-alpha kinase 3
Thymidylate synthase	protein	Thymidylate synthase
Matrix metalloproteinase-14	protein	Matrix metalloproteinase-14
P2Y purinoceptor 12	protein	P2Y purinoceptor 12
beta-secretase 2	protein	beta-secretase 2
Beta-secretase 2	protein	Beta-secretase 2
Dual 3',5'-cyclic-AMP and -GMP phosphodiesterase 11A	protein	Dual 3',5'-cyclic-AMP and -GMP phosphodiesterase 11A
5-HT<sub>2A</sub> receptor	protein	5-HT<sub>2A</sub> receptor
Monoglyceride lipase	protein	Monoglyceride lipase
platelet derived growth factor receptor alpha	protein	platelet derived growth factor receptor alpha
Platelet-derived growth factor receptor alpha	protein	Platelet-derived growth factor receptor alpha
Ephrin type-B receptor 3	protein	Ephrin type-B receptor 3
Cellular tumor antigen p53	protein	Cellular tumor antigen p53
MAP kinase-activated protein kinase 2	protein	MAP kinase-activated protein kinase 2
MAPK activated protein kinase 2	protein	MAPK activated protein kinase 2
Histamine H2 receptor	protein	Histamine H2 receptor
Phospholipase A2	protein	Phospholipase A2
histone deacetylase 8	protein	histone deacetylase 8
Histone deacetylase 2	protein	Histone deacetylase 2
histone deacetylase 2	protein	histone deacetylase 2
Prolyl 4-hydroxylase subunit alpha-1	protein	Prolyl 4-hydroxylase subunit alpha-1
Bromodomain testis-specific protein	protein	Bromodomain testis-specific protein
Beta-2 adrenergic receptor	protein	Beta-2 adrenergic receptor
N6-adenosine-methyltransferase catalytic subunit	protein	N6-adenosine-methyltransferase catalytic subunit
LCK proto-oncogene, Src family tyrosine kinase	protein	LCK proto-oncogene, Src family tyrosine kinase
Tyrosine-protein kinase Lck	protein	Tyrosine-protein kinase Lck
Broad substrate specificity ATP-binding cassette transporter ABCG2	protein	Broad substrate specificity ATP-binding cassette transporter ABCG2
DNA topoisomerase 2-alpha	protein	DNA topoisomerase 2-alpha
17-beta-hydroxysteroid dehydrogenase type 1	protein	17-beta-hydroxysteroid dehydrogenase type 1
11-beta-hydroxysteroid dehydrogenase type 1	protein	11-beta-hydroxysteroid dehydrogenase type 1
Zinc finger protein mex-5	protein	Zinc finger protein mex-5
Tyrosine--tRNA ligase, cytoplasmic	protein	Tyrosine--tRNA ligase, cytoplasmic
Phosphatidylinositol 4,5-bisphosphate 3-kinase catalytic subunit delta isoform	protein	Phosphatidylinositol 4,5-bisphosphate 3-kinase catalytic subunit delta isoform
phosphatidylinositol-4,5-bisphosphate 3-kinase catalytic subunit delta	protein	phosphatidylinositol-4,5-bisphosphate 3-kinase catalytic subunit delta
Transient receptor potential cation channel subfamily V member 3	protein	Transient receptor potential cation channel subfamily V member 3
Tyrosine-protein phosphatase non-receptor type 12	protein	Tyrosine-protein phosphatase non-receptor type 12
PLD1	protein	PLD1
Amyloid-beta precursor protein	protein	Amyloid-beta precursor protein
Replicase polyprotein 1ab	protein	Replicase polyprotein 1ab
Mitogen-activated protein kinase kinase kinase 3	protein	Mitogen-activated protein kinase kinase kinase 3
Dual specificity mitogen-activated protein kinase kinase 6	protein	Dual specificity mitogen-activated protein kinase kinase 6
P2Y purinoceptor 1	protein	P2Y purinoceptor 1
FKBP prolyl isomerase 5	protein	FKBP prolyl isomerase 5
Peptidyl-prolyl cis-trans isomerase FKBP5	protein	Peptidyl-prolyl cis-trans isomerase FKBP5
Nucleotide-binding oligomerization domain-containing protein 2	protein	Nucleotide-binding oligomerization domain-containing protein 2
Glutamate receptor ionotropic, NMDA 1	protein	Glutamate receptor ionotropic, NMDA 1
Ubiquitin-like modifier-activating enzyme 6	protein	Ubiquitin-like modifier-activating enzyme 6
Protein O-GlcNAcase	protein	Protein O-GlcNAcase
Tubulin beta-3 chain	protein	Tubulin beta-3 chain
serum/glucocorticoid regulated kinase family member 3	protein	serum/glucocorticoid regulated kinase family member 3
Serine/threonine-protein kinase Sgk3	protein	Serine/threonine-protein kinase Sgk3
Histone-lysine N-methyltransferase NSD2	protein	Histone-lysine N-methyltransferase NSD2
Peregrin	protein	Peregrin
bromodomain and PHD finger containing 1	protein	bromodomain and PHD finger containing 1
Sodium-dependent serotonin transporter	protein	Sodium-dependent serotonin transporter
SERT	protein	SERT
5-hydroxytryptamine receptor 5B	protein	5-hydroxytryptamine receptor 5B
G-protein coupled receptor 35	protein	G-protein coupled receptor 35
Short transient receptor potential channel 3	protein	Short transient receptor potential channel 3
Bromodomain-containing protein 4 [348-457]	protein	Bromodomain-containing protein 4 [348-457]
bromodomain containing 4	protein	bromodomain containing 4
Protein mono-ADP-ribosyltransferase PARP11	protein	Protein mono-ADP-ribosyltransferase PARP11
discoidin domain receptor tyrosine kinase 1	protein	discoidin domain receptor tyrosine kinase 1
Epithelial discoidin domain-containing receptor 1	protein	Epithelial discoidin domain-containing receptor 1
UMP-CMP kinase	protein	UMP-CMP kinase
Glycine receptor subunit alpha-1	protein	Glycine receptor subunit alpha-1
MAP/microtubule affinity-regulating kinase 4	protein	MAP/microtubule affinity-regulating kinase 4
lysine demethylase 2A	protein	lysine demethylase 2A
Lysine-specific demethylase 2A	protein	Lysine-specific demethylase 2A
A<sub>2B</sub> receptor	protein	A<sub>2B</sub> receptor
Adenosine receptor A2b	protein	Adenosine receptor A2b
Vasopressin V2 receptor	protein	Vasopressin V2 receptor
Potassium voltage-gated channel subfamily E member 1	protein	Potassium voltage-gated channel subfamily E member 1
protein arginine methyltransferase 5 	protein	protein arginine methyltransferase 5 
Protein arginine N-methyltransferase 5	protein	Protein arginine N-methyltransferase 5
11-beta-hydroxysteroid dehydrogenase type 2	protein	11-beta-hydroxysteroid dehydrogenase type 2
Peptidyl-glycine alpha-amidating monooxygenase	protein	Peptidyl-glycine alpha-amidating monooxygenase
Thiosulfate sulfurtransferase	protein	Thiosulfate sulfurtransferase
Dual specificity testis-specific protein kinase 2	protein	Dual specificity testis-specific protein kinase 2
Chaperonin GroEL	protein	Chaperonin GroEL
Solute carrier family 15 member 2	protein	Solute carrier family 15 member 2
Orexin receptor type 2	protein	Orexin receptor type 2
CX3C chemokine receptor 1	protein	CX3C chemokine receptor 1
Mitogen-activated protein kinase kinase kinase 10	protein	Mitogen-activated protein kinase kinase kinase 10
P2Y<sub>1</sub> receptor	protein	P2Y<sub>1</sub> receptor
Ubiquitin carboxyl-terminal hydrolase 3	protein	Ubiquitin carboxyl-terminal hydrolase 3
Methylcytosine dioxygenase TET2	protein	Methylcytosine dioxygenase TET2
Protein-tyrosine kinase 2-beta	protein	Protein-tyrosine kinase 2-beta
cAMP-dependent protein kinase catalytic subunit alpha	protein	cAMP-dependent protein kinase catalytic subunit alpha
Urotensin-2 receptor	protein	Urotensin-2 receptor
Transient receptor potential cation channel subfamily M member 8	protein	Transient receptor potential cation channel subfamily M member 8
TRPM8	protein	TRPM8
Retinoic acid receptor RXR-alpha	protein	Retinoic acid receptor RXR-alpha
S-adenosylmethionine synthase isoform type-2	protein	S-adenosylmethionine synthase isoform type-2
Exosome RNA helicase MTR4	protein	Exosome RNA helicase MTR4
Cell division control protein 42 homolog	protein	Cell division control protein 42 homolog
ribosomal protein S6 kinase A6	protein	ribosomal protein S6 kinase A6
Ribosomal protein S6 kinase alpha-6	protein	Ribosomal protein S6 kinase alpha-6
Tyrosine-protein kinase Lyn	protein	Tyrosine-protein kinase Lyn
LYN proto-oncogene, Src family tyrosine kinase	protein	LYN proto-oncogene, Src family tyrosine kinase
fatty acid synthase	protein	fatty acid synthase
Breakpoint cluster region protein	protein	Breakpoint cluster region protein
Serine/threonine-protein kinase RIO1	protein	Serine/threonine-protein kinase RIO1
NS3 protease	protein	NS3 protease
Fatty acid amide hydrolase-2	protein	Fatty acid amide hydrolase-2
Fatty-acid amide hydrolase 2	protein	Fatty-acid amide hydrolase 2
Y<sub>1</sub> receptor	protein	Y<sub>1</sub> receptor
Neuropeptide Y receptor type 1	protein	Neuropeptide Y receptor type 1
Protein arginine N-methyltransferase 9	protein	Protein arginine N-methyltransferase 9
Death-associated protein kinase 2	protein	Death-associated protein kinase 2
Calcitonin gene-related peptide type 1 receptor	protein	Calcitonin gene-related peptide type 1 receptor
von Hippel-Lindau disease tumor suppressor	protein	von Hippel-Lindau disease tumor suppressor
Solute carrier family 12 member 1	protein	Solute carrier family 12 member 1
Neutral cholesterol ester hydrolase 1	protein	Neutral cholesterol ester hydrolase 1
Glycogen synthase kinase-3 beta	protein	Glycogen synthase kinase-3 beta
S1P<sub>1</sub> receptor	protein	S1P<sub>1</sub> receptor
Sphingosine 1-phosphate receptor 1	protein	Sphingosine 1-phosphate receptor 1
dipeptidyl peptidase 8	protein	dipeptidyl peptidase 8
Dipeptidyl peptidase 8	protein	Dipeptidyl peptidase 8
FPR1	protein	FPR1
fMet-Leu-Phe receptor	protein	fMet-Leu-Phe receptor
Estrogen receptor	protein	Estrogen receptor
17-beta-hydroxysteroid dehydrogenase type 3	protein	17-beta-hydroxysteroid dehydrogenase type 3
Tyrosine-protein kinase CSK	protein	Tyrosine-protein kinase CSK
C-terminal Src kinase	protein	C-terminal Src kinase
mitogen-activated protein kinase 1	protein	mitogen-activated protein kinase 1
DNA ligase 1	protein	DNA ligase 1
SUMO-activating enzyme subunit 2	protein	SUMO-activating enzyme subunit 2
Solute carrier family 23 member 2	protein	Solute carrier family 23 member 2
Sodium-dependent vitamin C transporter 2	protein	Sodium-dependent vitamin C transporter 2
Kelch-like ECH-associated protein 1	protein	Kelch-like ECH-associated protein 1
SMG1 nonsense mediated mRNA decay associated PI3K related kinase	protein	SMG1 nonsense mediated mRNA decay associated PI3K related kinase
Serine/threonine-protein kinase SMG1	protein	Serine/threonine-protein kinase SMG1
Prostaglandin D2 receptor	protein	Prostaglandin D2 receptor
Poly [ADP-ribose] polymerase tankyrase-2	protein	Poly [ADP-ribose] polymerase tankyrase-2
Telomere zinc finger-associated protein	protein	Telomere zinc finger-associated protein
DNA (cytosine-5)-methyltransferase 3A	protein	DNA (cytosine-5)-methyltransferase 3A
Isoform PDE10A2 of cAMP and cAMP-inhibited cGMP 3',5'-cyclic phosphodiesterase 10A (PDE10A2)	protein	Isoform PDE10A2 of cAMP and cAMP-inhibited cGMP 3',5'-cyclic phosphodiesterase 10A (PDE10A2)
Nuclear factor erythroid 2-related factor 2	protein	Nuclear factor erythroid 2-related factor 2
Peroxisomal acyl-coenzyme A oxidase 1	protein	Peroxisomal acyl-coenzyme A oxidase 1
Organic anion transporter 3	protein	Organic anion transporter 3
Ubiquitin carboxyl-terminal hydrolase 16	protein	Ubiquitin carboxyl-terminal hydrolase 16
cGMP-dependent protein kinase 2	protein	cGMP-dependent protein kinase 2
Serine/threonine-protein kinase MARK1	protein	Serine/threonine-protein kinase MARK1
ATP-dependent RNA helicase DHX29	protein	ATP-dependent RNA helicase DHX29
Interleukin-1 receptor type 1	protein	Interleukin-1 receptor type 1
Ubiquitin carboxyl-terminal hydrolase 30	protein	Ubiquitin carboxyl-terminal hydrolase 30
Thyroid hormone receptor-associated protein 3	protein	Thyroid hormone receptor-associated protein 3
Type-1 angiotensin II receptor A	protein	Type-1 angiotensin II receptor A
YES proto-oncogene 1, Src family tyrosine kinase	protein	YES proto-oncogene 1, Src family tyrosine kinase
Tyrosine-protein kinase Yes	protein	Tyrosine-protein kinase Yes
Serine/threonine-protein kinase Nek3	protein	Serine/threonine-protein kinase Nek3
Guanine nucleotide-binding protein G(i) subunit alpha-1	protein	Guanine nucleotide-binding protein G(i) subunit alpha-1
Spindlin-3	protein	Spindlin-3
Cathepsin E	protein	Cathepsin E
Lysine-specific demethylase 4D	protein	Lysine-specific demethylase 4D
Mitogen-activated protein kinase 3	protein	Mitogen-activated protein kinase 3
Hemoglobin subunit beta	protein	Hemoglobin subunit beta
G_PROTEIN_RECEP_F1_2 domain-containing protein	protein	G_PROTEIN_RECEP_F1_2 domain-containing protein
RAC-gamma serine/threonine-protein kinase	protein	RAC-gamma serine/threonine-protein kinase
AKT serine/threonine kinase 3	protein	AKT serine/threonine kinase 3
Myosin-10	protein	Myosin-10
Vascular endothelial growth factor A	protein	Vascular endothelial growth factor A
Vascular endothelial growth factor A, long form	protein	Vascular endothelial growth factor A, long form
ATPase family AAA domain containing 2B	protein	ATPase family AAA domain containing 2B
ATPase family AAA domain-containing protein 2B	protein	ATPase family AAA domain-containing protein 2B
Trimethyllysine dioxygenase, mitochondrial	protein	Trimethyllysine dioxygenase, mitochondrial
Adenylate kinase 2, mitochondrial	protein	Adenylate kinase 2, mitochondrial
Lysine-specific demethylase 6B	protein	Lysine-specific demethylase 6B
lysine demethylase 6B	protein	lysine demethylase 6B
Histone-lysine N-methyltransferase 2C	protein	Histone-lysine N-methyltransferase 2C
Spindlin-1	protein	Spindlin-1
Excitatory amino acid transporter 2	protein	Excitatory amino acid transporter 2
Bone morphogenetic protein 1	protein	Bone morphogenetic protein 1
E3 ubiquitin-protein ligase UHRF1	protein	E3 ubiquitin-protein ligase UHRF1
Very long chain fatty acid elongase 2	protein	Very long chain fatty acid elongase 2
GABA<sub>A</sub> receptor &alpha;1 subunit	protein	GABA<sub>A</sub> receptor &alpha;1 subunit
Zinc finger and BTB domain-containing protein 14	protein	Zinc finger and BTB domain-containing protein 14
Sodium/potassium-transporting ATPase subunit alpha-1	protein	Sodium/potassium-transporting ATPase subunit alpha-1
Rhodopsin kinase GRK7	protein	Rhodopsin kinase GRK7
Testis-specific serine/threonine-protein kinase 1	protein	Testis-specific serine/threonine-protein kinase 1
Peptidyl-prolyl cis-trans isomerase FKBP3	protein	Peptidyl-prolyl cis-trans isomerase FKBP3
Alpha-ketoglutarate-dependent dioxygenase AlkB	protein	Alpha-ketoglutarate-dependent dioxygenase AlkB
Tyrosine-protein kinase Mer	protein	Tyrosine-protein kinase Mer
Mitogen-activated protein kinase kinase kinase 5	protein	Mitogen-activated protein kinase kinase kinase 5
Cell cycle histidine kinase CckA	protein	Cell cycle histidine kinase CckA
Procollagen-lysine,2-oxoglutarate 5-dioxygenase 1	protein	Procollagen-lysine,2-oxoglutarate 5-dioxygenase 1
doublecortin like kinase 2	protein	doublecortin like kinase 2
Serine/threonine-protein kinase DCLK2	protein	Serine/threonine-protein kinase DCLK2
K<sub>ir</sub>6.1	protein	K<sub>ir</sub>6.1
Serine/threonine-protein kinase 38	protein	Serine/threonine-protein kinase 38
Cyclin-dependent kinase-like 1	protein	Cyclin-dependent kinase-like 1
Steroid 17-alpha-hydroxylase/17,20 lyase	protein	Steroid 17-alpha-hydroxylase/17,20 lyase
5-hydroxytryptamine receptor 1D	protein	5-hydroxytryptamine receptor 1D
Fibroblast growth factor receptor 1	protein	Fibroblast growth factor receptor 1
fibroblast growth factor receptor 1	protein	fibroblast growth factor receptor 1
G protein-coupled receptor kinase 6	protein	G protein-coupled receptor kinase 6
Mitogen-activated protein kinase kinase kinase 4	protein	Mitogen-activated protein kinase kinase kinase 4
Protein kinase C theta type	protein	Protein kinase C theta type
Mitogen-activated protein kinase kinase kinase 1	protein	Mitogen-activated protein kinase kinase kinase 1
UDP-glucuronosyltransferase 2B10	protein	UDP-glucuronosyltransferase 2B10
Prostaglandin E synthase	protein	Prostaglandin E synthase
Lutropin-choriogonadotropic hormone receptor	protein	Lutropin-choriogonadotropic hormone receptor
diacylglycerol lipase &alpha;	protein	diacylglycerol lipase &alpha;
Diacylglycerol lipase-alpha	protein	Diacylglycerol lipase-alpha
Stromelysin-1	protein	Stromelysin-1
Xanthine dehydrogenase/oxidase	protein	Xanthine dehydrogenase/oxidase
Glycine--tRNA ligase	protein	Glycine--tRNA ligase
Phosphatidylinositol 3-kinase regulatory subunit alpha	protein	Phosphatidylinositol 3-kinase regulatory subunit alpha
Rho-associated protein kinase 1	protein	Rho-associated protein kinase 1
Ephrin type-B receptor 2	protein	Ephrin type-B receptor 2
Histone acetyltransferase KAT2A	protein	Histone acetyltransferase KAT2A
Protein mono-ADP-ribosyltransferase PARP3	protein	Protein mono-ADP-ribosyltransferase PARP3
poly (ADP-ribose) polymerase 3	protein	poly (ADP-ribose) polymerase 3
Serine/threonine-protein kinase MARK2	protein	Serine/threonine-protein kinase MARK2
H<sub>4</sub> receptor	protein	H<sub>4</sub> receptor
A disintegrin and metalloproteinase with thrombospondin motifs 5	protein	A disintegrin and metalloproteinase with thrombospondin motifs 5
Ras-related protein Rab-6A	protein	Ras-related protein Rab-6A
Protein Wnt-3a	protein	Protein Wnt-3a
Serine/threonine-protein kinase MRCK gamma	protein	Serine/threonine-protein kinase MRCK gamma
epoxide hydrolase 2	protein	epoxide hydrolase 2
Bifunctional epoxide hydrolase 2	protein	Bifunctional epoxide hydrolase 2
Serine/threonine-protein kinase NLK	protein	Serine/threonine-protein kinase NLK
Caspase-5	protein	Caspase-5
Dual specificity mitogen-activated protein kinase kinase 2	protein	Dual specificity mitogen-activated protein kinase kinase 2
mitogen-activated protein kinase kinase 2	protein	mitogen-activated protein kinase kinase 2
lysine demethylase 6A	protein	lysine demethylase 6A
Lysine-specific demethylase 6A	protein	Lysine-specific demethylase 6A
G protein-coupled receptor kinase 3	protein	G protein-coupled receptor kinase 3
Dual specificity tyrosine-phosphorylation-regulated kinase 3	protein	Dual specificity tyrosine-phosphorylation-regulated kinase 3
polo like kinase 2	protein	polo like kinase 2
Serine/threonine-protein kinase PLK2	protein	Serine/threonine-protein kinase PLK2
Sodium channel protein type 9 subunit alpha	protein	Sodium channel protein type 9 subunit alpha
Eukaryotic peptide chain release factor GTP-binding subunit ERF3A	protein	Eukaryotic peptide chain release factor GTP-binding subunit ERF3A
Receptor tyrosine-protein kinase erbB-3	protein	Receptor tyrosine-protein kinase erbB-3
Polycystin-1	protein	Polycystin-1
5-HT<sub>1A</sub> receptor	protein	5-HT<sub>1A</sub> receptor
NIMA related kinase 2	protein	NIMA related kinase 2
Serine/threonine-protein kinase Nek2	protein	Serine/threonine-protein kinase Nek2
Calcium-dependent protein kinase 1	protein	Calcium-dependent protein kinase 1
Norepinephrine transporter	protein	Norepinephrine transporter
Luciferin 4-monooxygenase	protein	Luciferin 4-monooxygenase
Calcium/calmodulin-dependent protein kinase type II subunit beta	protein	Calcium/calmodulin-dependent protein kinase type II subunit beta
Serine/threonine-protein kinase MRCK alpha	protein	Serine/threonine-protein kinase MRCK alpha
phosphatidylinositol-4-phosphate 3-kinase catalytic subunit type 2 alpha	protein	phosphatidylinositol-4-phosphate 3-kinase catalytic subunit type 2 alpha
Phosphatidylinositol 4-phosphate 3-kinase C2 domain-containing subunit alpha	protein	Phosphatidylinositol 4-phosphate 3-kinase C2 domain-containing subunit alpha
TANK binding kinase 1	protein	TANK binding kinase 1
Serine/threonine-protein kinase TBK1	protein	Serine/threonine-protein kinase TBK1
glycogen synthase kinase 3 beta	protein	glycogen synthase kinase 3 beta
COUP transcription factor 1	protein	COUP transcription factor 1
Serine/threonine-protein kinase PknB	protein	Serine/threonine-protein kinase PknB
Pyruvate kinase PKLR	protein	Pyruvate kinase PKLR
ATP-binding cassette sub-family C member 9	protein	ATP-binding cassette sub-family C member 9
NPFF1 receptor	protein	NPFF1 receptor
Neuropeptide FF receptor 1	protein	Neuropeptide FF receptor 1
Spastin	protein	Spastin
Calcium/calmodulin-dependent protein kinase type IV	protein	Calcium/calmodulin-dependent protein kinase type IV
Mitogen-activated protein kinase kinase kinase 11	protein	Mitogen-activated protein kinase kinase kinase 11
Calcium/calmodulin-dependent protein kinase type 1	protein	Calcium/calmodulin-dependent protein kinase type 1
Acetyl-CoA acetyltransferase, mitochondrial	protein	Acetyl-CoA acetyltransferase, mitochondrial
Spindlin-2B	protein	Spindlin-2B
Homeodomain-interacting protein kinase 4	protein	Homeodomain-interacting protein kinase 4
MAPK/MAK/MRK overlapping kinase	protein	MAPK/MAK/MRK overlapping kinase
GnRH<sub>1</sub> receptor	protein	GnRH<sub>1</sub> receptor
ATP-binding cassette sub-family C member 8	protein	ATP-binding cassette sub-family C member 8
ATP-binding cassette, sub-family C (CFTR/MRP), member 8	protein	ATP-binding cassette, sub-family C (CFTR/MRP), member 8
Catechol O-methyltransferase	protein	Catechol O-methyltransferase
Ubiquitin-conjugating enzyme E2 E1	protein	Ubiquitin-conjugating enzyme E2 E1
Kallikrein-4	protein	Kallikrein-4
N-formyl peptide receptor 2	protein	N-formyl peptide receptor 2
Cyclin-dependent kinase 19	protein	Cyclin-dependent kinase 19
cyclin dependent kinase 19	protein	cyclin dependent kinase 19
Bcl-2-like protein 1	protein	Bcl-2-like protein 1
Bcl-2-like 1	protein	Bcl-2-like 1
Cyclin-dependent kinase-like 5	protein	Cyclin-dependent kinase-like 5
Protein mono-ADP-ribosyltransferase PARP15	protein	Protein mono-ADP-ribosyltransferase PARP15
Inositol 1,4,5-trisphosphate-gated calcium channel ITPR1	protein	Inositol 1,4,5-trisphosphate-gated calcium channel ITPR1
Histone deacetylase 3	protein	Histone deacetylase 3
histone deacetylase 3	protein	histone deacetylase 3
Synaptic vesicular amine transporter	protein	Synaptic vesicular amine transporter
Epidermal growth factor receptor	protein	Epidermal growth factor receptor
epidermal growth factor receptor	protein	epidermal growth factor receptor
Vitamin D3 receptor	protein	Vitamin D3 receptor
Bone morphogenetic protein receptor type-1B	protein	Bone morphogenetic protein receptor type-1B
Microtubule-associated protein tau	protein	Microtubule-associated protein tau
Cholinesterase	protein	Cholinesterase
histone deacetylase 1	protein	histone deacetylase 1
Tyrosine-protein phosphatase non-receptor type 5	protein	Tyrosine-protein phosphatase non-receptor type 5
D<sub>3</sub> receptor	protein	D<sub>3</sub> receptor
D(3) dopamine receptor	protein	D(3) dopamine receptor
Calpain-1 catalytic subunit	protein	Calpain-1 catalytic subunit
Caspase-2	protein	Caspase-2
GTPase KRas	protein	GTPase KRas
KRAS	protein	KRAS
ETS domain-containing protein Elk-3	protein	ETS domain-containing protein Elk-3
High affinity choline transporter 1	protein	High affinity choline transporter 1
Caspase-8	protein	Caspase-8
B2 bradykinin receptor	protein	B2 bradykinin receptor
Tyrosine-protein phosphatase non-receptor type 11	protein	Tyrosine-protein phosphatase non-receptor type 11
protein tyrosine phosphatase non-receptor type 11	protein	protein tyrosine phosphatase non-receptor type 11
NPFF2 receptor	protein	NPFF2 receptor
Neuropeptide FF receptor 2	protein	Neuropeptide FF receptor 2
Solute carrier family 2, facilitated glucose transporter member 2	protein	Solute carrier family 2, facilitated glucose transporter member 2
Protein kinase C epsilon type	protein	Protein kinase C epsilon type
Histone-lysine N-methyltransferase SUV39H1	protein	Histone-lysine N-methyltransferase SUV39H1
Tubulin beta-1 chain	protein	Tubulin beta-1 chain
Neprilysin	protein	Neprilysin
fibroblast growth factor receptor 4	protein	fibroblast growth factor receptor 4
Platelet-activating factor receptor	protein	Platelet-activating factor receptor
<i>MRGPRX2</i>	protein	<i>MRGPRX2</i>
Mas-related G-protein coupled receptor member X2	protein	Mas-related G-protein coupled receptor member X2
C-X-C chemokine receptor type 2	protein	C-X-C chemokine receptor type 2
Serine/threonine-protein kinase haspin	protein	Serine/threonine-protein kinase haspin
Sodium/hydrogen exchanger 2	protein	Sodium/hydrogen exchanger 2
Tyrosine-protein phosphatase non-receptor type 22	protein	Tyrosine-protein phosphatase non-receptor type 22
Nischarin	protein	Nischarin
monoacylglycerol lipase	protein	monoacylglycerol lipase
Chemerin-like receptor 2	protein	Chemerin-like receptor 2
Ephrin type-B receptor 1	protein	Ephrin type-B receptor 1
Neutrophil collagenase	protein	Neutrophil collagenase
Stromelysin-2	protein	Stromelysin-2
SWI/SNF related BAF chromatin remodeling complex subunit ATPase 2	protein	SWI/SNF related BAF chromatin remodeling complex subunit ATPase 2
Probable global transcription activator SNF2L2	protein	Probable global transcription activator SNF2L2
P2X purinoceptor 1	protein	P2X purinoceptor 1
Cysteinyl leukotriene receptor 1	protein	Cysteinyl leukotriene receptor 1
CysLT1 receptor	protein	CysLT1 receptor
Phosphatidylinositol 4,5-bisphosphate 3-kinase catalytic subunit beta isoform	protein	Phosphatidylinositol 4,5-bisphosphate 3-kinase catalytic subunit beta isoform
RAR-related orphan receptor-&alpha;	protein	RAR-related orphan receptor-&alpha;
Nuclear receptor ROR-alpha	protein	Nuclear receptor ROR-alpha
NADH dehydrogenase [ubiquinone] 1 alpha subcomplex subunit 13	protein	NADH dehydrogenase [ubiquinone] 1 alpha subcomplex subunit 13
Nuclear receptor coactivator 2	protein	Nuclear receptor coactivator 2
Protein odd-skipped-related 1	protein	Protein odd-skipped-related 1
Alpha-ketoglutarate-dependent dioxygenase alkB homolog 3	protein	Alpha-ketoglutarate-dependent dioxygenase alkB homolog 3
Histone-lysine N-methyltransferase SETD2	protein	Histone-lysine N-methyltransferase SETD2
D<sub>4</sub> receptor	protein	D<sub>4</sub> receptor
Cytochrome P450 2C8	protein	Cytochrome P450 2C8
phosphatidylinositol-4,5-bisphosphate 3-kinase catalytic subunit gamma	protein	phosphatidylinositol-4,5-bisphosphate 3-kinase catalytic subunit gamma
MAP kinase-activated protein kinase 5	protein	MAP kinase-activated protein kinase 5
serum/glucocorticoid regulated kinase 2	protein	serum/glucocorticoid regulated kinase 2
Serine/threonine-protein kinase Sgk2	protein	Serine/threonine-protein kinase Sgk2
Acyl-CoA dehydrogenase family member 11	protein	Acyl-CoA dehydrogenase family member 11
Free fatty acid receptor 2	protein	Free fatty acid receptor 2
FFA2 receptor	protein	FFA2 receptor
Histone acetyltransferase KAT6B	protein	Histone acetyltransferase KAT6B
lysine acetyltransferase 6B	protein	lysine acetyltransferase 6B
Geranylgeranyl pyrophosphate synthase	protein	Geranylgeranyl pyrophosphate synthase
High affinity cGMP-specific 3',5'-cyclic phosphodiesterase 9A	protein	High affinity cGMP-specific 3',5'-cyclic phosphodiesterase 9A
Zinc finger and BTB domain-containing protein 24	protein	Zinc finger and BTB domain-containing protein 24
Nuclear factor NF-kappa-B p105 subunit	protein	Nuclear factor NF-kappa-B p105 subunit
Probable G-protein coupled receptor 142	protein	Probable G-protein coupled receptor 142
Zinc finger and BTB domain-containing protein 44	protein	Zinc finger and BTB domain-containing protein 44
TRAF2 and NCK-interacting protein kinase	protein	TRAF2 and NCK-interacting protein kinase
Dipeptidyl peptidase 1	protein	Dipeptidyl peptidase 1
Sterol O-acyltransferase 2	protein	Sterol O-acyltransferase 2
leucine rich repeat kinase 2	protein	leucine rich repeat kinase 2
Vasoactive intestinal peptide receptor 1	protein	Vasoactive intestinal peptide receptor 1
Dual specificity tyrosine-phosphorylation-regulated kinase 2	protein	Dual specificity tyrosine-phosphorylation-regulated kinase 2
NOP receptor	protein	NOP receptor
Nociceptin receptor	protein	Nociceptin receptor
Tyrosine-protein kinase TXK	protein	Tyrosine-protein kinase TXK
Cytochrome P450 11B2, mitochondrial	protein	Cytochrome P450 11B2, mitochondrial
Dual specificity protein kinase CLK1	protein	Dual specificity protein kinase CLK1
CDC like kinase 1	protein	CDC like kinase 1
Vascular endothelial growth factor receptor 2	protein	Vascular endothelial growth factor receptor 2
kinase insert domain receptor	protein	kinase insert domain receptor
Serine/threonine-protein kinase Sgk1	protein	Serine/threonine-protein kinase Sgk1
serum/glucocorticoid regulated kinase 1	protein	serum/glucocorticoid regulated kinase 1
Transmembrane protease serine 6	protein	Transmembrane protease serine 6
Interleukin-2	protein	Interleukin-2
Ephrin type-A receptor 8	protein	Ephrin type-A receptor 8
A disintegrin and metalloproteinase with thrombospondin motifs 7	protein	A disintegrin and metalloproteinase with thrombospondin motifs 7
<i>GPR18</i>	protein	<i>GPR18</i>
Transmembrane prolyl 4-hydroxylase	protein	Transmembrane prolyl 4-hydroxylase
G protein-coupled receptor	protein	G protein-coupled receptor
Ribosyldihydronicotinamide dehydrogenase [quinone]	protein	Ribosyldihydronicotinamide dehydrogenase [quinone]
phosphatidylinositol-5-phosphate 4-kinase type 2 alpha	protein	phosphatidylinositol-5-phosphate 4-kinase type 2 alpha
Phosphatidylinositol 5-phosphate 4-kinase type-2 alpha	protein	Phosphatidylinositol 5-phosphate 4-kinase type-2 alpha
phosphatidylinositol-4,5-bisphosphate 3-kinase catalytic subunit beta	protein	phosphatidylinositol-4,5-bisphosphate 3-kinase catalytic subunit beta
STE20/SPS1-related proline-alanine-rich protein kinase	protein	STE20/SPS1-related proline-alanine-rich protein kinase
Mixed lineage kinase domain-like protein	protein	Mixed lineage kinase domain-like protein
Chymotrypsin-like elastase family member 1	protein	Chymotrypsin-like elastase family member 1
Zinc finger and BTB domain-containing protein 21	protein	Zinc finger and BTB domain-containing protein 21
Paired box protein Pax-8	protein	Paired box protein Pax-8
GTP-binding nuclear protein Ran	protein	GTP-binding nuclear protein Ran
Dopamine beta-hydroxylase	protein	Dopamine beta-hydroxylase
Isocitrate dehydrogenase [NADP], mitochondrial	protein	Isocitrate dehydrogenase [NADP], mitochondrial
Ferrochelatase, mitochondrial	protein	Ferrochelatase, mitochondrial
Serine/threonine-protein kinase MRCK beta	protein	Serine/threonine-protein kinase MRCK beta
Insulin receptor-related receptor	protein	Insulin receptor-related receptor
Insulin receptor-related protein	protein	Insulin receptor-related protein
Gamma-aminobutyric acid type B receptor subunit 1	protein	Gamma-aminobutyric acid type B receptor subunit 1
Protein delta homolog 1	protein	Protein delta homolog 1
Disintegrin and metalloproteinase domain-containing protein 8	protein	Disintegrin and metalloproteinase domain-containing protein 8
TGF-beta receptor type-1	protein	TGF-beta receptor type-1
High affinity immunoglobulin gamma Fc receptor I	protein	High affinity immunoglobulin gamma Fc receptor I
Atypical kinase COQ8A, mitochondrial	protein	Atypical kinase COQ8A, mitochondrial
NPC intracellular cholesterol transporter 1	protein	NPC intracellular cholesterol transporter 1
MBT domain-containing protein 1	protein	MBT domain-containing protein 1
Protein farnesyltransferase subunit beta	protein	Protein farnesyltransferase subunit beta
Beta-hexosaminidase subunit beta	protein	Beta-hexosaminidase subunit beta
Sodium/hydrogen exchanger 3	protein	Sodium/hydrogen exchanger 3
Cyclin-dependent kinase 16	protein	Cyclin-dependent kinase 16
Glutamate receptor ionotropic, kainate 1	protein	Glutamate receptor ionotropic, kainate 1
DNA polymerase beta	protein	DNA polymerase beta
Aldo-keto reductase family 1 member B10	protein	Aldo-keto reductase family 1 member B10
Chromobox protein homolog 7	protein	Chromobox protein homolog 7
mitogen-activated protein kinase kinase kinase 7	protein	mitogen-activated protein kinase kinase kinase 7
Mitogen-activated protein kinase kinase kinase 7	protein	Mitogen-activated protein kinase kinase kinase 7
CECR2 histone acetyl-lysine reader	protein	CECR2 histone acetyl-lysine reader
Chromatin remodeling regulator CECR2	protein	Chromatin remodeling regulator CECR2
&kappa; receptor	protein	&kappa; receptor
PHD finger protein 23	protein	PHD finger protein 23
Choline-phosphate cytidylyltransferase A	protein	Choline-phosphate cytidylyltransferase A
Ephrin type-A receptor 7	protein	Ephrin type-A receptor 7
hydroxysteroid 17-beta dehydrogenase 13	protein	hydroxysteroid 17-beta dehydrogenase 13
17-beta-hydroxysteroid dehydrogenase 13	protein	17-beta-hydroxysteroid dehydrogenase 13
Melatonin receptor type 1A	protein	Melatonin receptor type 1A
ribosomal protein S6 kinase A3	protein	ribosomal protein S6 kinase A3
Ribosomal protein S6 kinase alpha-3	protein	Ribosomal protein S6 kinase alpha-3
Spermine oxidase	protein	Spermine oxidase
Serine/threonine-protein kinase TAO2	protein	Serine/threonine-protein kinase TAO2
Protein kinase C zeta type	protein	Protein kinase C zeta type
Phosphorylase b kinase gamma catalytic chain, liver/testis isoform	protein	Phosphorylase b kinase gamma catalytic chain, liver/testis isoform
Uncharacterized protein	protein	Uncharacterized protein
Glutamate receptor ionotropic, NMDA 2B	protein	Glutamate receptor ionotropic, NMDA 2B
Protein phosphatase 3 catalytic subunit alpha	protein	Protein phosphatase 3 catalytic subunit alpha
Serine/threonine-protein kinase 36	protein	Serine/threonine-protein kinase 36
Rho-related GTP-binding protein RhoC	protein	Rho-related GTP-binding protein RhoC
Thromboxane A2 receptor	protein	Thromboxane A2 receptor
Histone-lysine N-methyltransferase 2B	protein	Histone-lysine N-methyltransferase 2B
GABA<sub>A</sub> receptor &alpha;5 subunit	protein	GABA<sub>A</sub> receptor &alpha;5 subunit
Gamma-aminobutyric acid receptor subunit alpha-5	protein	Gamma-aminobutyric acid receptor subunit alpha-5
Hormonally up-regulated neu tumor-associated kinase	protein	Hormonally up-regulated neu tumor-associated kinase
Mitogen-activated protein kinase 8	protein	Mitogen-activated protein kinase 8
mitogen-activated protein kinase 8	protein	mitogen-activated protein kinase 8
Huntingtin	protein	Huntingtin
LTB4 receptor	protein	LTB4 receptor
Retinoic acid receptor beta	protein	Retinoic acid receptor beta
Nuclear receptor ROR-gamma [C345S]	protein	Nuclear receptor ROR-gamma [C345S]
RAR-related orphan receptor-&gamma;	protein	RAR-related orphan receptor-&gamma;
Thyrotropin receptor	protein	Thyrotropin receptor
Platelet-derived growth factor subunit A	protein	Platelet-derived growth factor subunit A
Cyclin-dependent kinase 5	protein	Cyclin-dependent kinase 5
Tyrosyl-DNA phosphodiesterase 1	protein	Tyrosyl-DNA phosphodiesterase 1
Protein kinase C delta type	protein	Protein kinase C delta type
Prolyl 3-hydroxylase 3	protein	Prolyl 3-hydroxylase 3
ACKR3	protein	ACKR3
Atypical chemokine receptor 3	protein	Atypical chemokine receptor 3
A-type voltage-gated potassium channel KCND3	protein	A-type voltage-gated potassium channel KCND3
Very long chain fatty acid elongase 1	protein	Very long chain fatty acid elongase 1
PROT	protein	PROT
Sodium-dependent proline transporter	protein	Sodium-dependent proline transporter
Calcium/calmodulin-dependent protein kinase type 1D	protein	Calcium/calmodulin-dependent protein kinase type 1D
Uncharacterized serine/threonine-protein kinase SBK3	protein	Uncharacterized serine/threonine-protein kinase SBK3
STE20-like serine/threonine-protein kinase	protein	STE20-like serine/threonine-protein kinase
Solute carrier family 23 member 1	protein	Solute carrier family 23 member 1
Sodium-dependent vitamin C transporter 1	protein	Sodium-dependent vitamin C transporter 1
MAP kinase-activated protein kinase 3	protein	MAP kinase-activated protein kinase 3
Cytochrome P450 2B6	protein	Cytochrome P450 2B6
Mineralocorticoid receptor	protein	Mineralocorticoid receptor
Sterol O-acyltransferase 1	protein	Sterol O-acyltransferase 1
Estrogen receptor-&alpha;	protein	Estrogen receptor-&alpha;
Eukaryotic initiation factor 4A-I	protein	Eukaryotic initiation factor 4A-I
Ubiquitin carboxyl-terminal hydrolase isozyme L3	protein	Ubiquitin carboxyl-terminal hydrolase isozyme L3
Histone-lysine N-methyltransferase 2A	protein	Histone-lysine N-methyltransferase 2A
Aspartate aminotransferase, cytoplasmic	protein	Aspartate aminotransferase, cytoplasmic
platelet derived growth factor receptor beta	protein	platelet derived growth factor receptor beta
SUMO-activating enzyme subunit 1	protein	SUMO-activating enzyme subunit 1
Interferon-induced, double-stranded RNA-activated protein kinase	protein	Interferon-induced, double-stranded RNA-activated protein kinase
Phosphatidylethanolamine-binding protein 1	protein	Phosphatidylethanolamine-binding protein 1
Serine/threonine-protein kinase 33	protein	Serine/threonine-protein kinase 33
protein kinase N1	protein	protein kinase N1
Serine/threonine-protein kinase N1	protein	Serine/threonine-protein kinase N1
Histone acetyltransferase KAT2B	protein	Histone acetyltransferase KAT2B
Focal adhesion kinase 1	protein	Focal adhesion kinase 1
mitogen-activated protein kinase 7	protein	mitogen-activated protein kinase 7
UDP-glucuronosyltransferase 1-6	protein	UDP-glucuronosyltransferase 1-6
E3 ubiquitin-protein ligase TRIM33	protein	E3 ubiquitin-protein ligase TRIM33
eIF-2-alpha kinase GCN2	protein	eIF-2-alpha kinase GCN2
ATP-dependent RNA helicase DDX1	protein	ATP-dependent RNA helicase DDX1
Stimulator of interferon genes protein	protein	Stimulator of interferon genes protein
Beta-3 adrenergic receptor	protein	Beta-3 adrenergic receptor
Sodium/glucose cotransporter 1	protein	Sodium/glucose cotransporter 1
Excitatory amino acid transporter 3	protein	Excitatory amino acid transporter 3
Polyunsaturated fatty acid 5-lipoxygenase	protein	Polyunsaturated fatty acid 5-lipoxygenase
Atypical kinase COQ8B, mitochondrial	protein	Atypical kinase COQ8B, mitochondrial
Serine/threonine-protein kinase Nek7	protein	Serine/threonine-protein kinase Nek7
3',5'-cyclic-AMP phosphodiesterase 4B	protein	3',5'-cyclic-AMP phosphodiesterase 4B
Potassium channel subfamily K member 9	protein	Potassium channel subfamily K member 9
Mortality factor 4-like protein 1	protein	Mortality factor 4-like protein 1
renin	protein	renin
Renin	protein	Renin
Glycylpeptide N-tetradecanoyltransferase 1	protein	Glycylpeptide N-tetradecanoyltransferase 1
ADAMTS7	protein	ADAMTS7
Peptidyl-prolyl cis-trans isomerase FKBP1B	protein	Peptidyl-prolyl cis-trans isomerase FKBP1B
mitogen-activated protein kinase kinase 5	protein	mitogen-activated protein kinase kinase 5
Dual specificity mitogen-activated protein kinase kinase 5	protein	Dual specificity mitogen-activated protein kinase kinase 5
cGMP-inhibited 3',5'-cyclic phosphodiesterase 3A	protein	cGMP-inhibited 3',5'-cyclic phosphodiesterase 3A
Follicle-stimulating hormone receptor	protein	Follicle-stimulating hormone receptor
Tyrosine-protein phosphatase non-receptor type 2	protein	Tyrosine-protein phosphatase non-receptor type 2
cyclin dependent kinase 1	protein	cyclin dependent kinase 1
Cyclin-dependent kinase 1	protein	Cyclin-dependent kinase 1
phosphatidylinositol-4,5-bisphosphate 3-kinase catalytic subunit alpha	protein	phosphatidylinositol-4,5-bisphosphate 3-kinase catalytic subunit alpha
Myosin light chain kinase, smooth muscle	protein	Myosin light chain kinase, smooth muscle
Corticosteroid-binding globulin	protein	Corticosteroid-binding globulin
Transcription factor p65	protein	Transcription factor p65
Phosphatidylinositol 4-phosphate 5-kinase type-1 beta	protein	Phosphatidylinositol 4-phosphate 5-kinase type-1 beta
Sphingosine kinase 1	protein	Sphingosine kinase 1
Aminopeptidase N	protein	Aminopeptidase N
Glycylpeptide N-tetradecanoyltransferase 2	protein	Glycylpeptide N-tetradecanoyltransferase 2
NADH dehydrogenase [ubiquinone] iron-sulfur protein 2, mitochondrial	protein	NADH dehydrogenase [ubiquinone] iron-sulfur protein 2, mitochondrial
Potassium voltage-gated channel subfamily A member 7	protein	Potassium voltage-gated channel subfamily A member 7
Heat shock protein beta-1	protein	Heat shock protein beta-1
Transient receptor potential cation channel subfamily M member 4	protein	Transient receptor potential cation channel subfamily M member 4
Sodium-dependent phosphate transporter 2	protein	Sodium-dependent phosphate transporter 2
D-3-phosphoglycerate dehydrogenase	protein	D-3-phosphoglycerate dehydrogenase
Coagulation factor X	protein	Coagulation factor X
Lethal(3)malignant brain tumor-like protein 4	protein	Lethal(3)malignant brain tumor-like protein 4
Corticotropin-releasing factor receptor 1	protein	Corticotropin-releasing factor receptor 1
Serine/threonine-protein kinase Nek6	protein	Serine/threonine-protein kinase Nek6
DNA-binding protein Ikaros	protein	DNA-binding protein Ikaros
Protein mono-ADP-ribosyltransferase PARP8	protein	Protein mono-ADP-ribosyltransferase PARP8
Serine/threonine-protein kinase PRP4 homolog	protein	Serine/threonine-protein kinase PRP4 homolog
Protein kinase C beta type	protein	Protein kinase C beta type
Ectonucleoside triphosphate diphosphohydrolase 3	protein	Ectonucleoside triphosphate diphosphohydrolase 3
Equilibrative nucleoside transporter 1	protein	Equilibrative nucleoside transporter 1
S1P<sub>3</sub> receptor	protein	S1P<sub>3</sub> receptor
Sphingosine 1-phosphate receptor 3	protein	Sphingosine 1-phosphate receptor 3
Cyclin-dependent kinase 17	protein	Cyclin-dependent kinase 17
Serine/threonine-protein kinase Chk2	protein	Serine/threonine-protein kinase Chk2
Transporter	protein	Transporter
Dihydroorotate dehydrogenase (quinone), mitochondrial	protein	Dihydroorotate dehydrogenase (quinone), mitochondrial
C-1-tetrahydrofolate synthase, cytoplasmic	protein	C-1-tetrahydrofolate synthase, cytoplasmic
Lysine-specific histone demethylase 1A	protein	Lysine-specific histone demethylase 1A
lysine demethylase 1A	protein	lysine demethylase 1A
TGF-beta receptor type-2	protein	TGF-beta receptor type-2
Activated CDC42 kinase 1	protein	Activated CDC42 kinase 1
Phosphorylase b kinase gamma catalytic chain, skeletal muscle/heart isoform	protein	Phosphorylase b kinase gamma catalytic chain, skeletal muscle/heart isoform
Midasin	protein	Midasin
Calcium/calmodulin-dependent protein kinase kinase 2	protein	Calcium/calmodulin-dependent protein kinase kinase 2
Serine/threonine-protein kinase Nek11	protein	Serine/threonine-protein kinase Nek11
Inosine-5'-monophosphate dehydrogenase 2	protein	Inosine-5'-monophosphate dehydrogenase 2
Inward rectifier potassium channel 4	protein	Inward rectifier potassium channel 4
Cytochrome P450 3A5	protein	Cytochrome P450 3A5
Mitogen-activated protein kinase kinase kinase 15	protein	Mitogen-activated protein kinase kinase kinase 15
Carbonic anhydrase 2	protein	Carbonic anhydrase 2
Serine/threonine-protein kinase 3	protein	Serine/threonine-protein kinase 3
Histone deacetylase 9	protein	Histone deacetylase 9
Nuclear receptor subfamily 1 group I member 3	protein	Nuclear receptor subfamily 1 group I member 3
RNA demethylase ALKBH5	protein	RNA demethylase ALKBH5
FUN14 domain-containing protein 1	protein	FUN14 domain-containing protein 1
15-hydroxyprostaglandin dehydrogenase [NAD(+)]	protein	15-hydroxyprostaglandin dehydrogenase [NAD(+)]
Apelin receptor	protein	Apelin receptor
Delta and Notch-like epidermal growth factor-related receptor	protein	Delta and Notch-like epidermal growth factor-related receptor
B-Raf proto-oncogene, serine/threonine kinase	protein	B-Raf proto-oncogene, serine/threonine kinase
Serine/threonine-protein kinase B-raf	protein	Serine/threonine-protein kinase B-raf
CCR2	protein	CCR2
C-C chemokine receptor type 2	protein	C-C chemokine receptor type 2
dipeptidyl peptidase 9	protein	dipeptidyl peptidase 9
Histone-lysine N-methyltransferase EHMT2	protein	Histone-lysine N-methyltransferase EHMT2
euchromatic histone lysine methyltransferase 2	protein	euchromatic histone lysine methyltransferase 2
MT<sub>1</sub> receptor	protein	MT<sub>1</sub> receptor
Protein AF-9	protein	Protein AF-9
Voltage-dependent T-type calcium channel subunit alpha-1H	protein	Voltage-dependent T-type calcium channel subunit alpha-1H
Lysine-specific demethylase 2B	protein	Lysine-specific demethylase 2B
Mitogen-activated protein kinase kinase kinase 2	protein	Mitogen-activated protein kinase kinase kinase 2
Coagulation factor IX	protein	Coagulation factor IX
Bifunctional phosphoribosylaminoimidazole carboxylase/phosphoribosylaminoimidazole succinocarboxamide synthetase	protein	Bifunctional phosphoribosylaminoimidazole carboxylase/phosphoribosylaminoimidazole succinocarboxamide synthetase
Tyrosine 3-monooxygenase	protein	Tyrosine 3-monooxygenase
Potassium channel subfamily K member 3	protein	Potassium channel subfamily K member 3
Fatty acid-binding protein, intestinal	protein	Fatty acid-binding protein, intestinal
Tankyrase-1	protein	Tankyrase-1
Poly [ADP-ribose] polymerase tankyrase-1	protein	Poly [ADP-ribose] polymerase tankyrase-1
tankyrase	protein	tankyrase
N-lysine methyltransferase SETD6	protein	N-lysine methyltransferase SETD6
Farnesyl pyrophosphate synthase	protein	Farnesyl pyrophosphate synthase
Membrane-associated progesterone receptor component 1	protein	Membrane-associated progesterone receptor component 1
Acyl-protein thioesterase 1 [I75L,S82A,Q83P,R149H,A150R,S151A]	protein	Acyl-protein thioesterase 1 [I75L,S82A,Q83P,R149H,A150R,S151A]
Acyl-protein thioesterase 1	protein	Acyl-protein thioesterase 1
Serine/threonine-protein kinase PAK 2	protein	Serine/threonine-protein kinase PAK 2
Calcium/calmodulin-dependent protein kinase type 1B	protein	Calcium/calmodulin-dependent protein kinase type 1B
Serine/threonine-protein kinase tousled-like 2	protein	Serine/threonine-protein kinase tousled-like 2
NUAK family SNF1-like kinase 2	protein	NUAK family SNF1-like kinase 2
NUAK family, SNF1-like kinase, 2	protein	NUAK family, SNF1-like kinase, 2
Neuromedin-B receptor	protein	Neuromedin-B receptor
Protein mono-ADP-ribosyltransferase PARP9	protein	Protein mono-ADP-ribosyltransferase PARP9
Thioredoxin glutathione reductase	protein	Thioredoxin glutathione reductase
Serine/threonine-protein kinase WNK4	protein	Serine/threonine-protein kinase WNK4
Prelamin-A/C	protein	Prelamin-A/C
Nuclear receptor subfamily 1 group I member 2	protein	Nuclear receptor subfamily 1 group I member 2
PAS domain-containing serine/threonine-protein kinase	protein	PAS domain-containing serine/threonine-protein kinase
Sterol regulatory element-binding protein 1	protein	Sterol regulatory element-binding protein 1
Interleukin-1 receptor-associated kinase-like 2	protein	Interleukin-1 receptor-associated kinase-like 2
CDC like kinase 4	protein	CDC like kinase 4
Dual specificity protein kinase CLK4	protein	Dual specificity protein kinase CLK4
Cyclin-dependent kinase 5 activator 1	protein	Cyclin-dependent kinase 5 activator 1
Myotonin-protein kinase	protein	Myotonin-protein kinase
Obg-like ATPase 1	protein	Obg-like ATPase 1
Aromatase	protein	Aromatase
CYP19A1	protein	CYP19A1
Coagulation factor VII	protein	Coagulation factor VII
Phosphatidylinositol 3-kinase regulatory subunit gamma	protein	Phosphatidylinositol 3-kinase regulatory subunit gamma
Sodium channel protein type 2 subunit alpha	protein	Sodium channel protein type 2 subunit alpha
Serine hydroxymethyltransferase, cytosolic	protein	Serine hydroxymethyltransferase, cytosolic
Squalene monooxygenase	protein	Squalene monooxygenase
Chemerin-like receptor 1	protein	Chemerin-like receptor 1
Serine/threonine-protein kinase RIO2	protein	Serine/threonine-protein kinase RIO2
hydroxysteroid 11-beta dehydrogenase 1	protein	hydroxysteroid 11-beta dehydrogenase 1
NLRP3	protein	NLRP3
N-lysine methyltransferase SMYD2	protein	N-lysine methyltransferase SMYD2
SET and MYND domain containing 2	protein	SET and MYND domain containing 2
BDNF/NT-3 growth factors receptor	protein	BDNF/NT-3 growth factors receptor
neurotrophic receptor tyrosine kinase 2	protein	neurotrophic receptor tyrosine kinase 2
Phosphatidylinositol 4-kinase alpha	protein	Phosphatidylinositol 4-kinase alpha
MMP13	protein	MMP13
Protein arginine N-methyltransferase 8	protein	Protein arginine N-methyltransferase 8
protein arginine methyltransferase 8	protein	protein arginine methyltransferase 8
Alpha-1,3-mannosyl-glycoprotein 2-beta-N-acetylglucosaminyltransferase	protein	Alpha-1,3-mannosyl-glycoprotein 2-beta-N-acetylglucosaminyltransferase
Lysine-specific demethylase 4E	protein	Lysine-specific demethylase 4E
bromodomain containing 7	protein	bromodomain containing 7
Bromodomain-containing protein 7	protein	Bromodomain-containing protein 7
Kallikrein-5	protein	Kallikrein-5
Mitogen-activated protein kinase 10	protein	Mitogen-activated protein kinase 10
mitogen-activated protein kinase 10	protein	mitogen-activated protein kinase 10
ATP-dependent RNA helicase DDX3X	protein	ATP-dependent RNA helicase DDX3X
Calcitonin receptor	protein	Calcitonin receptor
Histone-lysine N-methyltransferase KMT5C	protein	Histone-lysine N-methyltransferase KMT5C
lysine methyltransferase 5C	protein	lysine methyltransferase 5C
Calcium/calmodulin-dependent protein kinase type II subunit gamma	protein	Calcium/calmodulin-dependent protein kinase type II subunit gamma
dual specificity tyrosine phosphorylation regulated kinase 1B	protein	dual specificity tyrosine phosphorylation regulated kinase 1B
Dual specificity tyrosine-phosphorylation-regulated kinase 1B	protein	Dual specificity tyrosine-phosphorylation-regulated kinase 1B
ANK_REP_REGION domain-containing protein	protein	ANK_REP_REGION domain-containing protein
ATP-binding cassette sub-family C member 3	protein	ATP-binding cassette sub-family C member 3
Neuronal acetylcholine receptor subunit alpha-4	protein	Neuronal acetylcholine receptor subunit alpha-4
Tyrosine-protein kinase Tec	protein	Tyrosine-protein kinase Tec
Serine/threonine-protein kinase 24	protein	Serine/threonine-protein kinase 24
Matrilysin	protein	Matrilysin
ADP/ATP translocase 3	protein	ADP/ATP translocase 3
Tyrosine-protein kinase Srms	protein	Tyrosine-protein kinase Srms
Macrophage metalloelastase	protein	Macrophage metalloelastase
Lymphokine-activated killer T-cell-originated protein kinase	protein	Lymphokine-activated killer T-cell-originated protein kinase
Ephrin type-A receptor 5	protein	Ephrin type-A receptor 5
Proteasome subunit beta type-10	protein	Proteasome subunit beta type-10
G-protein coupled receptor 39	protein	G-protein coupled receptor 39
A disintegrin and metalloproteinase with thrombospondin motifs 12	protein	A disintegrin and metalloproteinase with thrombospondin motifs 12
G1/S-specific cyclin-D1	protein	G1/S-specific cyclin-D1
Serine/threonine-protein kinase Nek9	protein	Serine/threonine-protein kinase Nek9
lysine demethylase 4C	protein	lysine demethylase 4C
Lysine-specific demethylase 4C	protein	Lysine-specific demethylase 4C
colony stimulating factor 1 receptor	protein	colony stimulating factor 1 receptor
Transcription intermediary factor 1-beta	protein	Transcription intermediary factor 1-beta
Jak1 protein	protein	Jak1 protein
Peptidyl-prolyl cis-trans isomerase FKBP2	protein	Peptidyl-prolyl cis-trans isomerase FKBP2
Matrix metalloproteinase-9	protein	Matrix metalloproteinase-9
Aurora kinase A	protein	Aurora kinase A
aurora kinase A	protein	aurora kinase A
Bromodomain-containing protein 2	protein	Bromodomain-containing protein 2
bromodomain containing 2	protein	bromodomain containing 2
Complement factor D	protein	Complement factor D
Cytochrome P450 1A1	protein	Cytochrome P450 1A1
[Pyruvate dehydrogenase (acetyl-transferring)] kinase isozyme 4, mitochondrial	protein	[Pyruvate dehydrogenase (acetyl-transferring)] kinase isozyme 4, mitochondrial
Testis-specific serine/threonine-protein kinase 3	protein	Testis-specific serine/threonine-protein kinase 3
ADP-sugar pyrophosphatase	protein	ADP-sugar pyrophosphatase
Serine/threonine-protein kinase/endoribonuclease IRE2	protein	Serine/threonine-protein kinase/endoribonuclease IRE2
Interleukin-6 receptor subunit alpha	protein	Interleukin-6 receptor subunit alpha
NEDD8-activating enzyme E1 catalytic subunit	protein	NEDD8-activating enzyme E1 catalytic subunit
5-HT<sub>1B</sub> receptor	protein	5-HT<sub>1B</sub> receptor
Solute carrier family 2, facilitated glucose transporter member 4	protein	Solute carrier family 2, facilitated glucose transporter member 4
Sphingosine 1-phosphate receptor 2	protein	Sphingosine 1-phosphate receptor 2
Intercellular adhesion molecule 1	protein	Intercellular adhesion molecule 1
Hemagglutinin	protein	Hemagglutinin
Transient receptor potential cation channel subfamily M member 6	protein	Transient receptor potential cation channel subfamily M member 6
5'-AMP-activated protein kinase subunit gamma-1	protein	5'-AMP-activated protein kinase subunit gamma-1
Protein kinase C gamma type	protein	Protein kinase C gamma type
Receptor tyrosine-protein kinase erbB-4	protein	Receptor tyrosine-protein kinase erbB-4
erb-b2 receptor tyrosine kinase 4	protein	erb-b2 receptor tyrosine kinase 4
Serine/threonine-protein kinase 25	protein	Serine/threonine-protein kinase 25
Dual specificity protein kinase CLK2	protein	Dual specificity protein kinase CLK2
Transcription initiation factor TFIID subunit 1-like	protein	Transcription initiation factor TFIID subunit 1-like
Interleukin-10	protein	Interleukin-10
Formyl peptide receptor-related sequence 1	protein	Formyl peptide receptor-related sequence 1
Gamma-aminobutyric acid receptor subunit beta-1	protein	Gamma-aminobutyric acid receptor subunit beta-1
Luteinizing hormone/choriogondaotropin receptor	protein	Luteinizing hormone/choriogondaotropin receptor
Mitotic checkpoint serine/threonine-protein kinase BUB1	protein	Mitotic checkpoint serine/threonine-protein kinase BUB1
Eukaryotic translation initiation factor 4E	protein	Eukaryotic translation initiation factor 4E
signal transducer and activator of transcription 3	protein	signal transducer and activator of transcription 3
Signal transducer and activator of transcription 3	protein	Signal transducer and activator of transcription 3
Bromodomain-containing protein 1	protein	Bromodomain-containing protein 1
bromodomain containing 1	protein	bromodomain containing 1
Beta-arrestin-2	protein	Beta-arrestin-2
Proteinase-activated receptor 1	protein	Proteinase-activated receptor 1
Myosin-IIIa	protein	Myosin-IIIa
5-HT<sub>1D</sub> receptor	protein	5-HT<sub>1D</sub> receptor
Glutaminase liver isoform, mitochondrial	protein	Glutaminase liver isoform, mitochondrial
Pregnane X receptor	protein	Pregnane X receptor
Phosphatidylinositol 4-phosphate 3-kinase C2 domain-containing subunit beta	protein	Phosphatidylinositol 4-phosphate 3-kinase C2 domain-containing subunit beta
phosphatidylinositol-4-phosphate 3-kinase catalytic subunit type 2 beta	protein	phosphatidylinositol-4-phosphate 3-kinase catalytic subunit type 2 beta
Cytochrome c1, heme protein, mitochondrial	protein	Cytochrome c1, heme protein, mitochondrial
Proto-oncogene tyrosine-protein kinase LCK	protein	Proto-oncogene tyrosine-protein kinase LCK
Calcium/calmodulin-dependent protein kinase type II subunit alpha	protein	Calcium/calmodulin-dependent protein kinase type II subunit alpha
Phosphatidylinositol 3-kinase catalytic subunit type 3	protein	Phosphatidylinositol 3-kinase catalytic subunit type 3
phosphatidylinositol 3-kinase catalytic subunit type 3	protein	phosphatidylinositol 3-kinase catalytic subunit type 3
Granulocyte colony-stimulating factor receptor	protein	Granulocyte colony-stimulating factor receptor
RNA-directed RNA polymerase	protein	RNA-directed RNA polymerase
Inactive tyrosine-protein kinase PEAK1	protein	Inactive tyrosine-protein kinase PEAK1
Probable ATP-dependent RNA helicase DDX6	protein	Probable ATP-dependent RNA helicase DDX6
Oxysterols receptor LXR-alpha	protein	Oxysterols receptor LXR-alpha
Liver X receptor-&alpha;	protein	Liver X receptor-&alpha;
Ubiquitin carboxyl-terminal hydrolase 7	protein	Ubiquitin carboxyl-terminal hydrolase 7
Low molecular weight phosphotyrosine protein phosphatase	protein	Low molecular weight phosphotyrosine protein phosphatase
mechanistic target of rapamycin kinase	protein	mechanistic target of rapamycin kinase
LIM domain kinase 2	protein	LIM domain kinase 2
MAP kinase-interacting serine/threonine-protein kinase 2	protein	MAP kinase-interacting serine/threonine-protein kinase 2
MAPK interacting serine/threonine kinase 2	protein	MAPK interacting serine/threonine kinase 2
casein kinase 2, alpha prime polypeptide subunit	protein	casein kinase 2, alpha prime polypeptide subunit
Casein kinase II subunit alpha'	protein	Casein kinase II subunit alpha'
Histone-lysine N-methyltransferase, H3 lysine-36 specific	protein	Histone-lysine N-methyltransferase, H3 lysine-36 specific
N-lysine methyltransferase KMT5A	protein	N-lysine methyltransferase KMT5A
Histone acetyltransferase p300	protein	Histone acetyltransferase p300
EP300 lysine acetyltransferase	protein	EP300 lysine acetyltransferase
Signal recognition particle receptor subunit alpha	protein	Signal recognition particle receptor subunit alpha
Hepatic triacylglycerol lipase	protein	Hepatic triacylglycerol lipase
PAF receptor	protein	PAF receptor
Janus kinase 2	protein	Janus kinase 2
Matrix metalloproteinase-16	protein	Matrix metalloproteinase-16
ATP-binding cassette sub-family C member 4	protein	ATP-binding cassette sub-family C member 4
Serine/threonine-protein kinase WNK2	protein	Serine/threonine-protein kinase WNK2
Mitogen-activated protein kinase kinase kinase kinase 1	protein	Mitogen-activated protein kinase kinase kinase kinase 1
cGMP-specific 3',5'-cyclic phosphodiesterase	protein	cGMP-specific 3',5'-cyclic phosphodiesterase
Tubulin beta chain	protein	Tubulin beta chain
Protein deacetylase HDAC6	protein	Protein deacetylase HDAC6
Transcriptional enhancer factor TEF-3	protein	Transcriptional enhancer factor TEF-3
Gag-Pol polyprotein	protein	Gag-Pol polyprotein
Transcriptional enhancer factor TEF-4	protein	Transcriptional enhancer factor TEF-4
Platelet-activating factor acetylhydrolase	protein	Platelet-activating factor acetylhydrolase
UDP-N-acetylglucosamine--peptide N-acetylglucosaminyltransferase 110 kDa subunit	protein	UDP-N-acetylglucosamine--peptide N-acetylglucosaminyltransferase 110 kDa subunit
DNA-directed RNA polymerases I, II, and III subunit RPABC5	protein	DNA-directed RNA polymerases I, II, and III subunit RPABC5
Phospholipase A2 group V	protein	Phospholipase A2 group V
Ubiquitin carboxyl-terminal hydrolase 32	protein	Ubiquitin carboxyl-terminal hydrolase 32
1-phosphatidylinositol 4,5-bisphosphate phosphodiesterase zeta-1	protein	1-phosphatidylinositol 4,5-bisphosphate phosphodiesterase zeta-1
1-phosphatidylinositol 4,5-bisphosphate phosphodiesterase delta-1	protein	1-phosphatidylinositol 4,5-bisphosphate phosphodiesterase delta-1
Zinc finger and BTB domain-containing protein 32	protein	Zinc finger and BTB domain-containing protein 32
G-protein coupled receptor 68	protein	G-protein coupled receptor 68
SWI/SNF-related matrix-associated actin-dependent regulator of chromatin subfamily A member 4	protein	SWI/SNF-related matrix-associated actin-dependent regulator of chromatin subfamily A member 4
T-box transcription factor T	protein	T-box transcription factor T
1-phosphatidylinositol 4,5-bisphosphate phosphodiesterase gamma-1	protein	1-phosphatidylinositol 4,5-bisphosphate phosphodiesterase gamma-1
1-phosphatidylinositol 4,5-bisphosphate phosphodiesterase beta-3	protein	1-phosphatidylinositol 4,5-bisphosphate phosphodiesterase beta-3
Phospholipase A2, membrane associated	protein	Phospholipase A2, membrane associated
DNA polymerase alpha catalytic subunit	protein	DNA polymerase alpha catalytic subunit
SWI/SNF-related matrix-associated actin-dependent regulator of chromatin subfamily A member 2	protein	SWI/SNF-related matrix-associated actin-dependent regulator of chromatin subfamily A member 2
DNA-directed RNA polymerase, mitochondrial	protein	DNA-directed RNA polymerase, mitochondrial
DNA polymerase subunit gamma-1	protein	DNA polymerase subunit gamma-1
Group 10 secretory phospholipase A2	protein	Group 10 secretory phospholipase A2
Zinc finger and BTB domain-containing protein 16	protein	Zinc finger and BTB domain-containing protein 16
Insulin-like growth factor 2 mRNA-binding protein 2	protein	Insulin-like growth factor 2 mRNA-binding protein 2
Myosin light chain kinase 3	protein	Myosin light chain kinase 3
Programmed cell death 1 ligand 1	protein	Programmed cell death 1 ligand 1
Polycomb protein SUZ12	protein	Polycomb protein SUZ12
NAD(P)H dehydrogenase [quinone] 1	protein	NAD(P)H dehydrogenase [quinone] 1
C-C chemokine receptor type 10	protein	C-C chemokine receptor type 10
Transforming acidic coiled-coil-containing protein 3	protein	Transforming acidic coiled-coil-containing protein 3
Methyltransferase HEMK2	protein	Methyltransferase HEMK2
Actin, gamma-enteric smooth muscle	protein	Actin, gamma-enteric smooth muscle
Spindlin-2A	protein	Spindlin-2A
Non-POU domain-containing octamer-binding protein	protein	Non-POU domain-containing octamer-binding protein
Bifunctional 3'-5' exonuclease/ATP-dependent helicase WRN	protein	Bifunctional 3'-5' exonuclease/ATP-dependent helicase WRN
Pantothenate kinase 2, mitochondrial	protein	Pantothenate kinase 2, mitochondrial
Neuronal acetylcholine receptor subunit alpha-6	protein	Neuronal acetylcholine receptor subunit alpha-6
N(6)-adenosine-methyltransferase catalytic subunit METTL3	protein	N(6)-adenosine-methyltransferase catalytic subunit METTL3
Transcriptional enhancer factor TEF-5	protein	Transcriptional enhancer factor TEF-5
Pantothenate kinase 1	protein	Pantothenate kinase 1
Translation initiation factor eIF2B subunit beta	protein	Translation initiation factor eIF2B subunit beta
2-acylglycerol O-acyltransferase 3	protein	2-acylglycerol O-acyltransferase 3
WD repeat-containing protein 48	protein	WD repeat-containing protein 48
Alpha/beta hydrolase domain-containing protein 17B	protein	Alpha/beta hydrolase domain-containing protein 17B
Casein kinase II subunit alpha 3	protein	Casein kinase II subunit alpha 3
Titin	protein	Titin
Cytochrome c oxidase subunit 5A, mitochondrial	protein	Cytochrome c oxidase subunit 5A, mitochondrial
Tumour suppressor p53/oncoprotein Mdm2	ppi	Tumour suppressor p53/oncoprotein Mdm2
Menin/Histone-lysine N-methyltransferase MLL	ppi	Menin/Histone-lysine N-methyltransferase MLL
Tumour suppressor protein p53/Mdm4	ppi	Tumour suppressor protein p53/Mdm4
Keap1/Nrf2	ppi	Keap1/Nrf2
Induced myeloid leukemia cell differentiation protein Mcl-1/BH3-interacting domain death agonist	ppi	Induced myeloid leukemia cell differentiation protein Mcl-1/BH3-interacting domain death agonist
Histone-lysine N-methyltransferase 2A/WDR5	ppi	Histone-lysine N-methyltransferase 2A/WDR5
Guanine nucleotide-binding protein G(i) subunit alpha-1/Regulator of G-protein signaling 12	ppi	Guanine nucleotide-binding protein G(i) subunit alpha-1/Regulator of G-protein signaling 12
Aryl hydrocarbon receptor nuclear translocator/Endothelial PAS domain-containing protein 1	ppi	Aryl hydrocarbon receptor nuclear translocator/Endothelial PAS domain-containing protein 1
BCoR-BCL6	ppi	BCoR-BCL6
Protein cereblon/BCR/ABL	ppi	Protein cereblon/BCR/ABL
von Hippel-Lindau disease tumor suppressor/Bromodomain-containing protein 4	ppi	von Hippel-Lindau disease tumor suppressor/Bromodomain-containing protein 4
Protein cereblon/DNA damage-binding protein 1/Bromodomain-containing protein 4	ppi	Protein cereblon/DNA damage-binding protein 1/Bromodomain-containing protein 4
von Hippel-Lindau disease tumor suppressor/Serine/threonine-protein kinase TBK1	ppi	von Hippel-Lindau disease tumor suppressor/Serine/threonine-protein kinase TBK1
von Hippel-Lindau disease tumor suppressor/Elongin-B/Elongin-C/Bromodomain-containing protein 4	ppi	von Hippel-Lindau disease tumor suppressor/Elongin-B/Elongin-C/Bromodomain-containing protein 4
von Hippel-Lindau disease tumor suppressor/Elongin-B/Elongin-C/Bromodomain-containing protein 2	ppi	von Hippel-Lindau disease tumor suppressor/Elongin-B/Elongin-C/Bromodomain-containing protein 2
Protein cereblon/EML4/ALK	ppi	Protein cereblon/EML4/ALK
Protein cereblon/Aiolos	ppi	Protein cereblon/Aiolos
Protein cereblon/GSPT1	ppi	Protein cereblon/GSPT1
Protein cereblon/Epidermal growth factor receptor	ppi	Protein cereblon/Epidermal growth factor receptor
Protein cereblon/Cyclin-dependent kinase 4	ppi	Protein cereblon/Cyclin-dependent kinase 4
Protein cereblon/CDK9	ppi	Protein cereblon/CDK9
Protein cereblon/Cyclin-dependent kinase 6	ppi	Protein cereblon/Cyclin-dependent kinase 6
BRD4/E3 ubiquitin-protein ligase Mdm2	ppi	BRD4/E3 ubiquitin-protein ligase Mdm2
von Hippel-Lindau disease tumor suppressor/Androgen receptor	ppi	von Hippel-Lindau disease tumor suppressor/Androgen receptor
von Hippel-Lindau disease tumor suppressor/Focal adhesion kinase 1	ppi	von Hippel-Lindau disease tumor suppressor/Focal adhesion kinase 1
von Hippel-Lindau disease tumor suppressor/IRAK4	ppi	von Hippel-Lindau disease tumor suppressor/IRAK4
von Hippel-Lindau disease tumor suppressor/Cullin-2/Estrogen receptor alpha	ppi	von Hippel-Lindau disease tumor suppressor/Cullin-2/Estrogen receptor alpha
von Hippel-Lindau disease tumor suppressor/EGFR	ppi	von Hippel-Lindau disease tumor suppressor/EGFR
Protein cereblon/Serine/threonine-protein kinase WEE1	ppi	Protein cereblon/Serine/threonine-protein kinase WEE1
Protein cereblon/DNA damage-binding protein 1	ppi	Protein cereblon/DNA damage-binding protein 1
von Hippel-Lindau disease tumor suppressor/Histone deacetylase 3	ppi	von Hippel-Lindau disease tumor suppressor/Histone deacetylase 3
von Hippel-Lindau disease tumor suppressor/Polycomb protein EED	ppi	von Hippel-Lindau disease tumor suppressor/Polycomb protein EED
von Hippel-Lindau disease tumor suppressor/Transcription activator BRG1	ppi	von Hippel-Lindau disease tumor suppressor/Transcription activator BRG1
von Hippel-Lindau disease tumor suppressor/Bcl-2-like protein 1	ppi	von Hippel-Lindau disease tumor suppressor/Bcl-2-like protein 1
Protein cereblon/Bromodomain-containing protein 9	ppi	Protein cereblon/Bromodomain-containing protein 9
von Hippel-Lindau disease tumor suppressor/BANF1	ppi	von Hippel-Lindau disease tumor suppressor/BANF1
von Hippel-Lindau disease tumor suppressor/WDR5	ppi	von Hippel-Lindau disease tumor suppressor/WDR5
von Hippel-Lindau disease tumor suppressor/SUZ12	ppi	von Hippel-Lindau disease tumor suppressor/SUZ12
Protein cereblon/EZH2	ppi	Protein cereblon/EZH2
von Hippel-Lindau disease tumor suppressor/KRAS	ppi	von Hippel-Lindau disease tumor suppressor/KRAS
Protein cereblon/SOS1	ppi	Protein cereblon/SOS1
von Hippel-Lindau disease tumor suppressor/FGFR1	ppi	von Hippel-Lindau disease tumor suppressor/FGFR1
von Hippel-Lindau disease tumor suppressor/Bromodomain-containing protein 9	ppi	von Hippel-Lindau disease tumor suppressor/Bromodomain-containing protein 9
von Hippel-Lindau disease tumor suppressor/Bromodomain-containing protein 7	ppi	von Hippel-Lindau disease tumor suppressor/Bromodomain-containing protein 7
GTPase KRas/RAF1	ppi	GTPase KRas/RAF1
Protein polybromo-1/von Hippel-Lindau disease tumor suppressor	ppi	Protein polybromo-1/von Hippel-Lindau disease tumor suppressor
von Hippel-Lindau disease tumor suppressor/Receptor protein-tyrosine kinase erbB-2	ppi	von Hippel-Lindau disease tumor suppressor/Receptor protein-tyrosine kinase erbB-2
von Hippel-Lindau disease tumor suppressor/Probable global transcription activator SNF2L2	ppi	von Hippel-Lindau disease tumor suppressor/Probable global transcription activator SNF2L2
von Hippel-Lindau disease tumor suppressor/Mitogen-activated protein kinase 7	ppi	von Hippel-Lindau disease tumor suppressor/Mitogen-activated protein kinase 7
von Hippel-Lindau disease tumor suppressor/Histone deacetylase 8	ppi	von Hippel-Lindau disease tumor suppressor/Histone deacetylase 8
von Hippel-Lindau disease tumor suppressor/Cyclin-dependent kinase 12	ppi	von Hippel-Lindau disease tumor suppressor/Cyclin-dependent kinase 12
HDAC6-ISG15	ppi	HDAC6-ISG15
von Hippel-Lindau disease tumor suppressor/Fibroblast growth factor receptor 2	ppi	von Hippel-Lindau disease tumor suppressor/Fibroblast growth factor receptor 2
Streptococcus	organism	Streptococcus
Fusarium solani	organism	Fusarium solani
Mycobacterium tuberculosis	organism	Mycobacterium tuberculosis
Saccharomyces cerevisiae	organism	Saccharomyces cerevisiae
Leishmania infantum	organism	Leishmania infantum
Trypanosoma brucei	organism	Trypanosoma brucei
Trypanosoma brucei brucei	organism	Trypanosoma brucei brucei
Plasmodium falciparum	organism	Plasmodium falciparum
Leishmania donovani	organism	Leishmania donovani
Leishmania major	organism	Leishmania major
Trypanosoma cruzi	organism	Trypanosoma cruzi
Toxoplasma gondii	organism	Toxoplasma gondii
Plasmodium berghei	organism	Plasmodium berghei
Schistosoma mansoni	organism	Schistosoma mansoni
Ovis aries	organism	Ovis aries
Cavia porcellus	organism	Cavia porcellus
Homo sapiens	organism	Homo sapiens
Canis familiaris	organism	Canis familiaris
Oryctolagus cuniculus	organism	Oryctolagus cuniculus
Gerbillinae	organism	Gerbillinae
Mus musculus	organism	Mus musculus
Rattus norvegicus	organism	Rattus norvegicus
Vaccinia virus	organism	Vaccinia virus
Human alphaherpesvirus 1	organism	Human alphaherpesvirus 1
Hepatitis B virus	organism	Hepatitis B virus
Human immunodeficiency virus 1	organism	Human immunodeficiency virus 1
Hepatitis C virus	organism	Hepatitis C virus
Murine hepatitis virus	organism	Murine hepatitis virus
Influenza A virus	organism	Influenza A virus
Human immunodeficiency virus 2	organism	Human immunodeficiency virus 2
Human immunodeficiency virus	organism	Human immunodeficiency virus
Respiratory syncytial virus	organism	Respiratory syncytial virus
Leishmania sp.	organism	Leishmania sp.
Trypanosoma brucei rhodesiense	organism	Trypanosoma brucei rhodesiense
Enterovirus A71	organism	Enterovirus A71
Streptococcus sp. 'group A'	organism	Streptococcus sp. 'group A'
Cynomolgus monkey	organism	Cynomolgus monkey
dengue virus type 2	organism	dengue virus type 2
Chikungunya virus	organism	Chikungunya virus
Zika virus	organism	Zika virus
SARS-CoV-2	organism	SARS-CoV-2
Polyprotein P1234	organism	Polyprotein P1234
CCRF-CEM	cell_line	CCRF-CEM
Huh-7	cell_line	Huh-7
HuTu80	cell_line	HuTu80
IM-9	cell_line	IM-9
143B	cell_line	143B
1A9	cell_line	1A9
1A9/ptx-10	cell_line	1A9/ptx-10
1A9/ptx-22	cell_line	1A9/ptx-22
5637	cell_line	5637
A 172	cell_line	A 172
A10	cell_line	A10
A204	cell_line	A204
A2058	cell_line	A2058
A-375	cell_line	A-375
A-427	cell_line	A-427
A498	cell_line	A498
A673	cell_line	A673
ACHN	cell_line	ACHN
AGS	cell_line	AGS
B16	cell_line	B16
BaF3	cell_line	BaF3
BeWo	cell_line	BeWo
BGC-823	cell_line	BGC-823
Breast carcinoma cell	cell_line	Breast carcinoma cell
BT-20	cell_line	BT-20
BT-474	cell_line	BT-474
BXPC-3	cell_line	BXPC-3
C3H 10T1/2	cell_line	C3H 10T1/2
C8166	cell_line	C8166
CA46	cell_line	CA46
Caco-2	cell_line	Caco-2
CAKI-1	cell_line	CAKI-1
CAKI-2	cell_line	CAKI-2
Calu-1	cell_line	Calu-1
Calu-3	cell_line	Calu-3
Calu-6	cell_line	Calu-6
CAPAN-1	cell_line	CAPAN-1
CEM-SS	cell_line	CEM-SS
CFPAC-1	cell_line	CFPAC-1
cellline:CHO	cell_line	CHO
CHO-hD3	cell_line	CHO-hD3
CHO-K1	cell_line	CHO-K1
CHO-TAX 5-6	cell_line	CHO-TAX 5-6
CHO-VV 3-2	cell_line	CHO-VV 3-2
COLO 205	cell_line	COLO 205
COLO 320	cell_line	COLO 320
COLO 320DM	cell_line	COLO 320DM
COR-L23	cell_line	COR-L23
Daoy	cell_line	Daoy
Daudi	cell_line	Daudi
DLD-1	cell_line	DLD-1
DMS-79	cell_line	DMS-79
DMS-273	cell_line	DMS-273
DU-145	cell_line	DU-145
EL4	cell_line	EL4
EMT6	cell_line	EMT6
EVSA-T	cell_line	EVSA-T
F9	cell_line	F9
G-361	cell_line	G-361
G-401	cell_line	G-401
GBM	cell_line	GBM
HCT-116/VM46	cell_line	HCT-116/VM46
H9c2	cell_line	H9c2
HCT-8	cell_line	HCT-8
HL-60	cell_line	HL-60
Hs68	cell_line	Hs68
Hs746T	cell_line	Hs746T
HT-1080	cell_line	HT-1080
HT-29	cell_line	HT-29
HuCCT-1	cell_line	HuCCT-1
IMR-32	cell_line	IMR-32
J774.A1	cell_line	J774.A1
J82	cell_line	J82
JAR	cell_line	JAR
JIYOYE	cell_line	JIYOYE
JM1	cell_line	JM1
K562	cell_line	K562
KB 3-1	cell_line	KB 3-1
KM12	cell_line	KM12
L1210	cell_line	L1210
L5178Y	cell_line	L5178Y
LoVo	cell_line	LoVo
M14	cell_line	M14
MAC13	cell_line	MAC13
MAC16	cell_line	MAC16
MCF-10A	cell_line	MCF-10A
MCF-12A	cell_line	MCF-12A
MCF7	cell_line	MCF7
MCF7-DOX	cell_line	MCF7-DOX
MCF7R	cell_line	MCF7R
MCF7S	cell_line	MCF7S
MDA-MB-361	cell_line	MDA-MB-361
MDA-MB-453	cell_line	MDA-MB-453
MDA-MB-468	cell_line	MDA-MB-468
Me665/2/21	cell_line	Me665/2/21
MEF	cell_line	MEF
MES-SA	cell_line	MES-SA
MES-SA/Dx5	cell_line	MES-SA/Dx5
MEXF514	cell_line	MEXF514
MG-63	cell_line	MG-63
NCI-H1975	cell_line	NCI-H1975
MKN-1	cell_line	MKN-1
MKN-28	cell_line	MKN-28
MKN-45	cell_line	MKN-45
MKN-7	cell_line	MKN-7
MKN-74	cell_line	MKN-74
ML-2	cell_line	ML-2
MM96L	cell_line	MM96L
MOLT-3	cell_line	MOLT-3
MOLT-4	cell_line	MOLT-4
MRC5	cell_line	MRC5
MT4	cell_line	MT4
NALM-6	cell_line	NALM-6
NAMALVA	cell_line	NAMALVA
NB-4	cell_line	NB-4
Panel NCI-60 (60 carcinoma cell lines)	cell_line	Panel NCI-60 (60 carcinoma cell lines)
NCI-H128	cell_line	NCI-H128
NCI-H345	cell_line	NCI-H345
NCI-H358	cell_line	NCI-H358
NCI-N87	cell_line	NCI-N87
NFF	cell_line	NFF
NFS-60	cell_line	NFS-60
NHDF	cell_line	NHDF
NRK	cell_line	NRK
NRK-49F	cell_line	NRK-49F
NSCLC	cell_line	NSCLC
NTERA-2-cl-D1	cell_line	NTERA-2-cl-D1
NUGC-3	cell_line	NUGC-3
OV-1063	cell_line	OV-1063
OVCAR	cell_line	OVCAR
OVCAR-3	cell_line	OVCAR-3
OVCAR-4	cell_line	OVCAR-4
OVCAR-5	cell_line	OVCAR-5
OVCAR-8	cell_line	OVCAR-8
P388	cell_line	P388
P388/ADR	cell_line	P388/ADR
PAM212	cell_line	PAM212
PANC-1	cell_line	PANC-1
PBL	cell_line	PBL
PC-12	cell_line	PC-12
PC-14	cell_line	PC-14
PC-3	cell_line	PC-3
PC-6	cell_line	PC-6
PLC	cell_line	PLC
PSN1	cell_line	PSN1
Raji	cell_line	Raji
Ramos	cell_line	Ramos
RAW264.7	cell_line	RAW264.7
RBL-2H3	cell_line	RBL-2H3
RD	cell_line	RD
RERF-LC-AI	cell_line	RERF-LC-AI
RKO	cell_line	RKO
RPMI-7951	cell_line	RPMI-7951
RPMI-8226	cell_line	RPMI-8226
RPTEC	cell_line	RPTEC
RT-112	cell_line	RT-112
RT-4	cell_line	RT-4
RXF 393	cell_line	RXF 393
RXF 944	cell_line	RXF 944
SAOS-2	cell_line	SAOS-2
SBC-5	cell_line	SBC-5
SCaBER	cell_line	SCaBER
SCC-15	cell_line	SCC-15
SCC-25	cell_line	SCC-25
SF-126	cell_line	SF-126
SF-295	cell_line	SF-295
SGC-7901	cell_line	SGC-7901
SH-SY5Y	cell_line	SH-SY5Y
SiHa	cell_line	SiHa
SK-BR-3	cell_line	SK-BR-3
SK-HEP1	cell_line	SK-HEP1
SK-LU-1	cell_line	SK-LU-1
SK-MEL	cell_line	SK-MEL
SK-MEL19	cell_line	SK-MEL19
SK-MEL-1	cell_line	SK-MEL-1
SK-MEL-2	cell_line	SK-MEL-2
SK-MEL-28	cell_line	SK-MEL-28
SK-MEL3	cell_line	SK-MEL3
SK-MEL-5	cell_line	SK-MEL-5
SK-MES-1	cell_line	SK-MES-1
SK-N-MC	cell_line	SK-N-MC
SK-N-SH	cell_line	SK-N-SH
SK-OV-3	cell_line	SK-OV-3
SN12C	cell_line	SN12C
SNB-19	cell_line	SNB-19
SNB-78	cell_line	SNB-78
SNU1	cell_line	SNU1
SNU-16	cell_line	SNU-16
SNU-5	cell_line	SNU-5
SNU-638	cell_line	SNU-638
SQ20B	cell_line	SQ20B
St-4	cell_line	St-4
SUP-T1	cell_line	SUP-T1
SW 1116	cell_line	SW 1116
SW 954	cell_line	SW 954
SW 962	cell_line	SW 962
SW1088	cell_line	SW1088
SW1353	cell_line	SW1353
SW48	cell_line	SW48
SW480	cell_line	SW480
T-24	cell_line	T-24
T84	cell_line	T84
T98G	cell_line	T98G
TCC-SUP	cell_line	TCC-SUP
TE-671	cell_line	TE-671
TERT-RPE1	cell_line	TERT-RPE1
THP-1	cell_line	THP-1
TK-10	cell_line	TK-10
U11 MG	cell_line	U11 MG
U-251	cell_line	U-251
U2OS	cell_line	U2OS
U373 MG	cell_line	U373 MG
U-87 MG	cell_line	U-87 MG
U-937	cell_line	U-937
U-937/GTB	cell_line	U-937/GTB
UACC-257	cell_line	UACC-257
UACC-62	cell_line	UACC-62
UMUC3	cell_line	UMUC3
UO-31	cell_line	UO-31
Vero	cell_line	Vero
WALKER	cell_line	WALKER
WI-38	cell_line	WI-38
WI-38 VA13	cell_line	WI-38 VA13
WISH	cell_line	WISH
YAPC	cell_line	YAPC
YOSHIDA	cell_line	YOSHIDA
ZR-75-1	cell_line	ZR-75-1
2008	cell_line	2008
786-0	cell_line	786-0
A121	cell_line	A121
A253 cell line	cell_line	A253 cell line
A704	cell_line	A704
A549	cell_line	A549
BC1 cell line	cell_line	BC1 cell line
BJAB	cell_line	BJAB
Bel-7402	cell_line	Bel-7402
BJ	cell_line	BJ
NCI/ADR-RES	cell_line	NCI/ADR-RES
T47D	cell_line	T47D
BRO melanoma cell line	cell_line	BRO melanoma cell line
Caov-3 cell line	cell_line	Caov-3 cell line
CD4+ve Th	cell_line	CD4+ve Th
INS1	cell_line	INS1
SNU-398	cell_line	SNU-398
CH1	cell_line	CH1
P12-Ichikawa	cell_line	P12-Ichikawa
Col2	cell_line	Col2
Colon carcinoma cell	cell_line	Colon carcinoma cell
DBTRG-05MG	cell_line	DBTRG-05MG
RPMI 8402	cell_line	RPMI 8402
MIA PaCa-2	cell_line	MIA PaCa-2
D283 Med	cell_line	D283 Med
D341 cell line	cell_line	D341 cell line
J774.2	cell_line	J774.2
ECa-109 cell line	cell_line	ECa-109 cell line
EKVX	cell_line	EKVX
EOL1	cell_line	EOL1
FaDu	cell_line	FaDu
FHC	cell_line	FHC
A-431	cell_line	A-431
GHOST CCR5	cell_line	GHOST CCR5
GHOST CXCR4	cell_line	GHOST CXCR4
NCI-H1299	cell_line	NCI-H1299
NCI-H157	cell_line	NCI-H157
NCI-H292	cell_line	NCI-H292
NCI-H322M	cell_line	NCI-H322M
NCI-H596	cell_line	NCI-H596
NCI-H69	cell_line	NCI-H69
H9	cell_line	H9
HaCaT	cell_line	HaCaT
HBL-100	cell_line	HBL-100
HCC 2998	cell_line	HCC 2998
HCT-116	cell_line	HCT-116
HEC-1B cell line	cell_line	HEC-1B cell line
HEF	cell_line	HEF
HEY	cell_line	HEY
HEK293	cell_line	HEK293
HEL	cell_line	HEL
HEp-2	cell_line	HEp-2
NIH3T3	cell_line	NIH3T3
HES	cell_line	HES
HFF	cell_line	HFF
HMCB cell line	cell_line	HMCB cell line
HMEC	cell_line	HMEC
HMV-2 cell line	cell_line	HMV-2 cell line
HN5	cell_line	HN5
HOP-92	cell_line	HOP-92
HOS	cell_line	HOS
Hs-578T	cell_line	Hs-578T
HSC-3	cell_line	HSC-3
HT1197	cell_line	HT1197
HT-1376	cell_line	HT-1376
HT-22	cell_line	HT-22
Cell line	cell_line	Cell line
WiDr	cell_line	WiDr
HepG2	cell_line	HepG2
Leukemia cell	cell_line	Leukemia cell
NCI-H460	cell_line	NCI-H460
Monocyte	cell_line	Monocyte
A2780	cell_line	A2780
T-cell line	cell_line	T-cell line
TSU	cell_line	TSU
SF-268	cell_line	SF-268
HUVEC	cell_line	HUVEC
IGROV-1	cell_line	IGROV-1
Ishikawa	cell_line	Ishikawa
Jurkat	cell_line	Jurkat
Kasumi 1	cell_line	Kasumi 1
KATO III stomach cancer cell line	cell_line	KATO III stomach cancer cell line
KB	cell_line	KB
Keratinocyte	cell_line	Keratinocyte
KG-1	cell_line	KG-1
KU812 cell line	cell_line	KU812 cell line
KYSE-150 cell line	cell_line	KYSE-150 cell line
KYSE-510	cell_line	KYSE-510
KYSE-520 cell line	cell_line	KYSE-520 cell line
KYSE-70 cell line	cell_line	KYSE-70 cell line
L2987	cell_line	L2987
L6	cell_line	L6
L929	cell_line	L929
LCLC-103H cell line	cell_line	LCLC-103H cell line
Panel leukemia (Carcinoma cell lines)	cell_line	Panel leukemia (Carcinoma cell lines)
Lewis lung carcinoma cell line	cell_line	Lewis lung carcinoma cell line
LM	cell_line	LM
LNCaP	cell_line	LNCaP
LOX IMVI	cell_line	LOX IMVI
LS174T	cell_line	LS174T
LT12 tumor cell line	cell_line	LT12 tumor cell line
Lu-65	cell_line	Lu-65
NCI-H520	cell_line	NCI-H520
PC-9	cell_line	PC-9
NCI-H446	cell_line	NCI-H446
HOP-62	cell_line	HOP-62
LXF-289 cell line	cell_line	LXF-289 cell line
Lymphoblastoid cell	cell_line	Lymphoblastoid cell
M21	cell_line	M21
J774	cell_line	J774
MDA-MB-435	cell_line	MDA-MB-435
MDA-N	cell_line	MDA-N
HeLa	cell_line	HeLa
Malme-3M	cell_line	Malme-3M
MDA-MB-231	cell_line	MDA-MB-231
MDR	cell_line	MDR
V79	cell_line	V79
Mo	cell_line	Mo
B-cell line	cell_line	B-cell line
SNB-75	cell_line	SNB-75
NCI-H226	cell_line	NCI-H226
NCI-H23	cell_line	NCI-H23
H22	cell_line	H22
NCI-H522	cell_line	NCI-H522
NCI-H647	cell_line	NCI-H647
PG-49 cell line	cell_line	PG-49 cell line
BT-549	cell_line	BT-549
SF-539	cell_line	SF-539
SR	cell_line	SR
SW-620	cell_line	SW-620
HCT-15	cell_line	HCT-15
T-cell	cell_line	T-cell
TF-1	cell_line	TF-1
Melanophore	cell_line	Melanophore
PBMC	cell_line	PBMC
DMS-114	cell_line	DMS-114
Skut1B	cell_line	Skut1B
HS27	cell_line	HS27
NCI-H630	cell_line	NCI-H630
PA-1	cell_line	PA-1
Splenocyte	cell_line	Splenocyte
MV4-11	cell_line	MV4-11
SMMC-7721	cell_line	SMMC-7721
ASPC1	cell_line	ASPC1
Hepatocyte	cell_line	Hepatocyte
4T1	cell_line	4T1
Lu1	cell_line	Lu1
ARO	cell_line	ARO
B16-F10	cell_line	B16-F10
BNL	cell_line	BNL
CWR22R	cell_line	CWR22R
NCI-H295R	cell_line	NCI-H295R
Hs 766	cell_line	Hs 766
IMR-90	cell_line	IMR-90
KETR3	cell_line	KETR3
KHOS/NP	cell_line	KHOS/NP
Macrophage	cell_line	Macrophage
Panc1005	cell_line	Panc1005
PT-45	cell_line	PT-45
WRL68	cell_line	WRL68
CT26	cell_line	CT26
Fibroblast	cell_line	Fibroblast
HFL1	cell_line	HFL1
Mast cell	cell_line	Mast cell
MC9	cell_line	MC9
MeWo	cell_line	MeWo
MX1	cell_line	MX1
Neutrophil	cell_line	Neutrophil
Osteoclast	cell_line	Osteoclast
SHP77	cell_line	SHP77
SUD4	cell_line	SUD4
SW1573	cell_line	SW1573
Y79	cell_line	Y79
cellline:TPC1	cell_line	TPC1
EGI-1	cell_line	EGI-1
23132-87	cell_line	23132-87
639-V	cell_line	639-V
647-V	cell_line	647-V
769-P	cell_line	769-P
8305C	cell_line	8305C
8505C	cell_line	8505C
ABC-1	cell_line	ABC-1
AN3-CA	cell_line	AN3-CA
AU565	cell_line	AU565
BCPAP	cell_line	BCPAP
BEN	cell_line	BEN
BFTC-905	cell_line	BFTC-905
BFTC-909	cell_line	BFTC-909
BHT-101	cell_line	BHT-101
BHY	cell_line	BHY
C-4-II	cell_line	C-4-II
C32	cell_line	C32
C3A	cell_line	C3A
Ca-Ski	cell_line	Ca-Ski
Ca9-22	cell_line	Ca9-22
CAL-120	cell_line	CAL-120
CAL-12T	cell_line	CAL-12T
CAL-148	cell_line	CAL-148
CAL-27	cell_line	CAL-27
CAL-33	cell_line	CAL-33
CAL-39	cell_line	CAL-39
CAL-51	cell_line	CAL-51
CAL-54	cell_line	CAL-54
CAL-62	cell_line	CAL-62
CAL-72	cell_line	CAL-72
CAL-85-1	cell_line	CAL-85-1
CAMA-1	cell_line	CAMA-1
Capan-2	cell_line	Capan-2
CaR-1	cell_line	CaR-1
CCF-STTG1	cell_line	CCF-STTG1
ChaGo-K-1	cell_line	ChaGo-K-1
CHL-1	cell_line	CHL-1
CHP-212	cell_line	CHP-212
COLO-678	cell_line	COLO-678
COLO-679	cell_line	COLO-679
COLO-680N	cell_line	COLO-680N
COLO-741	cell_line	COLO-741
COLO-792	cell_line	COLO-792
COLO-824	cell_line	COLO-824
COR-L105	cell_line	COR-L105
Detroit 562	cell_line	Detroit 562
DK-MG	cell_line	DK-MG
DMS-53	cell_line	DMS-53
DOK	cell_line	DOK
DoTc2-4510	cell_line	DoTc2-4510
DV-90	cell_line	DV-90
EFE-184	cell_line	EFE-184
EFM-19	cell_line	EFM-19
EFO-21	cell_line	EFO-21
EFO-27	cell_line	EFO-27
EPLC-272H	cell_line	EPLC-272H
ESS-1	cell_line	ESS-1
FTC-133	cell_line	FTC-133
G-402	cell_line	G-402
GAMG	cell_line	GAMG
GCT	cell_line	GCT
GMS-10	cell_line	GMS-10
GP5d	cell_line	GP5d
H-EMC-SS	cell_line	H-EMC-SS
H4	cell_line	H4
HCC1143	cell_line	HCC1143
HCC1395	cell_line	HCC1395
HCC1419	cell_line	HCC1419
HCC1569	cell_line	HCC1569
HCC1806	cell_line	HCC1806
HCC1937	cell_line	HCC1937
HCC1954	cell_line	HCC1954
HCC38	cell_line	HCC38
HCC70	cell_line	HCC70
HEC-1	cell_line	HEC-1
HGC-27	cell_line	HGC-27
HLE	cell_line	HLE
HN	cell_line	HN
HO-1-N-1	cell_line	HO-1-N-1
HPAF-II	cell_line	HPAF-II
HSC-2	cell_line	HSC-2
HSC-4	cell_line	HSC-4
HT-3	cell_line	HT-3
HT55	cell_line	HT55
HTC-C3	cell_line	HTC-C3
HuO-3N1	cell_line	HuO-3N1
HuO9	cell_line	HuO9
HuP-T3	cell_line	HuP-T3
HuP-T4	cell_line	HuP-T4
IGR-1	cell_line	IGR-1
IPC-298	cell_line	IPC-298
KOSC-2	cell_line	KOSC-2
KP-4	cell_line	KP-4
KU-19-19	cell_line	KU-19-19
KYSE-140	cell_line	KYSE-140
KYSE-180	cell_line	KYSE-180
KYSE-270	cell_line	KYSE-270
KYSE-410	cell_line	KYSE-410
KYSE-450	cell_line	KYSE-450
LCLC-97TM1	cell_line	LCLC-97TM1
LK-2	cell_line	LK-2
LN-405	cell_line	LN-405
LU-135	cell_line	LU-135
LU-99A	cell_line	LU-99A
M059J	cell_line	M059J
MC-IXC	cell_line	MC-IXC
MDA-MB-157	cell_line	MDA-MB-157
MDA-MB-175-VII	cell_line	MDA-MB-175-VII
MDA-MB-415	cell_line	MDA-MB-415
ME-180	cell_line	ME-180
MEL-HO	cell_line	MEL-HO
MEL-JUSO	cell_line	MEL-JUSO
MFE-280	cell_line	MFE-280
MFE-296	cell_line	MFE-296
MFM-223	cell_line	MFM-223
MHH-ES-1	cell_line	MHH-ES-1
MSTO-211H	cell_line	MSTO-211H
NB69	cell_line	NB69
NCCIT	cell_line	NCCIT
NCI-H1048	cell_line	NCI-H1048
NCI-H1437	cell_line	NCI-H1437
NCI-H1563	cell_line	NCI-H1563
NCI-H1573	cell_line	NCI-H1573
NCI-H1581	cell_line	NCI-H1581
NCI-H1623	cell_line	NCI-H1623
NCI-H1650	cell_line	NCI-H1650
NCI-H1651	cell_line	NCI-H1651
NCI-H1666	cell_line	NCI-H1666
NCI-H1693	cell_line	NCI-H1693
NCI-H1703	cell_line	NCI-H1703
NCI-H1734	cell_line	NCI-H1734
NCI-H1755	cell_line	NCI-H1755
NCI-H1792	cell_line	NCI-H1792
NCI-H1793	cell_line	NCI-H1793
NCI-H1993	cell_line	NCI-H1993
NCI-H2009	cell_line	NCI-H2009
NCI-H2029	cell_line	NCI-H2029
NCI-H2030	cell_line	NCI-H2030
NCI-H2052	cell_line	NCI-H2052
NCI-H2087	cell_line	NCI-H2087
NCI-H2122	cell_line	NCI-H2122
NCI-H2170	cell_line	NCI-H2170
NCI-H2196	cell_line	NCI-H2196
NCI-H2228	cell_line	NCI-H2228
NCI-H2342	cell_line	NCI-H2342
NCI-H2347	cell_line	NCI-H2347
NCI-H2405	cell_line	NCI-H2405
NCI-H2452	cell_line	NCI-H2452
NCI-H28	cell_line	NCI-H28
NCI-H441	cell_line	NCI-H441
NCI-H650	cell_line	NCI-H650
NCI-H661	cell_line	NCI-H661
NCI-H727	cell_line	NCI-H727
NCI-H810	cell_line	NCI-H810
NCI-H838	cell_line	NCI-H838
NY	cell_line	NY
OAW-28	cell_line	OAW-28
OAW-42	cell_line	OAW-42
OE19	cell_line	OE19
OE33	cell_line	OE33
PANC-03-27	cell_line	PANC-03-27
PANC-08-13	cell_line	PANC-08-13
PFSK-1	cell_line	PFSK-1
PLC-PRF-5	cell_line	PLC-PRF-5
RCM-1	cell_line	RCM-1
RERF-LC-MS	cell_line	RERF-LC-MS
RMG-I	cell_line	RMG-I
RO82-W-1	cell_line	RO82-W-1
RPMI-2650	cell_line	RPMI-2650
RVH-421	cell_line	RVH-421
S-117	cell_line	S-117
SAS	cell_line	SAS
SCC-4	cell_line	SCC-4
SCC-9	cell_line	SCC-9
SCH	cell_line	SCH
SCLC-21H	cell_line	SCLC-21H
SJRH30	cell_line	SJRH30
SK-CO-1	cell_line	SK-CO-1
SK-MEL-30	cell_line	SK-MEL-30
SK-N-AS	cell_line	SK-N-AS
SK-N-DZ	cell_line	SK-N-DZ
SK-NEP-1	cell_line	SK-NEP-1
SKG-IIIa	cell_line	SKG-IIIa
SNG-M	cell_line	SNG-M
SNU-387	cell_line	SNU-387
SNU-423	cell_line	SNU-423
SNU-449	cell_line	SNU-449
SNU-475	cell_line	SNU-475
SW13	cell_line	SW13
SW1417	cell_line	SW1417
SW1463	cell_line	SW1463
SW1710	cell_line	SW1710
SW1783	cell_line	SW1783
SW1990	cell_line	SW1990
SW626	cell_line	SW626
SW756	cell_line	SW756
SW780	cell_line	SW780
SW837	cell_line	SW837
SW900	cell_line	SW900
SW948	cell_line	SW948
TGW	cell_line	TGW
TYK-nu	cell_line	TYK-nu
U-118-MG	cell_line	U-118-MG
UACC-812	cell_line	UACC-812
UACC-893	cell_line	UACC-893
UMC-11	cell_line	UMC-11
VM-CUB-1	cell_line	VM-CUB-1
VMRC-RCZ	cell_line	VMRC-RCZ
WM-115	cell_line	WM-115
YKG-1	cell_line	YKG-1
ZR-75-30	cell_line	ZR-75-30
PPC-1	cell_line	PPC-1
TE-15	cell_line	TE-15
NCI-H747	cell_line	NCI-H747
TGBC1TKB	cell_line	TGBC1TKB
CPC-N	cell_line	CPC-N
MONO-MAC-6	cell_line	MONO-MAC-6
HCC1599	cell_line	HCC1599
NB17	cell_line	NB17
KP-N-YS	cell_line	KP-N-YS
LP-1	cell_line	LP-1
SIMA	cell_line	SIMA
ONS-76	cell_line	ONS-76
ES8	cell_line	ES8
MN-60	cell_line	MN-60
no-10	cell_line	no-10
LS-1034	cell_line	LS-1034
NCI-H1155	cell_line	NCI-H1155
GI-ME-N	cell_line	GI-ME-N
NCI-H1963	cell_line	NCI-H1963
CP50-MEL-B	cell_line	CP50-MEL-B
NCI-H82	cell_line	NCI-H82
RH-1	cell_line	RH-1
DSH1	cell_line	DSH1
CRO-AP2	cell_line	CRO-AP2
SCC-3	cell_line	SCC-3
NCI-H2081	cell_line	NCI-H2081
TT	cell_line	TT
MEG-01	cell_line	MEG-01
SKM-1	cell_line	SKM-1
LAMA-84	cell_line	LAMA-84
LC4-1	cell_line	LC4-1
TE-1	cell_line	TE-1
TGBC24TKB	cell_line	TGBC24TKB
IST-MEL1	cell_line	IST-MEL1
CP67-MEL	cell_line	CP67-MEL
SK-LMS-1	cell_line	SK-LMS-1
EW-18	cell_line	EW-18
U-698-M	cell_line	U-698-M
LB771-HNC	cell_line	LB771-HNC
CAS-1	cell_line	CAS-1
IST-SL2	cell_line	IST-SL2
NCI-H526	cell_line	NCI-H526
MOLT-13	cell_line	MOLT-13
IST-SL1	cell_line	IST-SL1
NCI-H720	cell_line	NCI-H720
NCI-H716	cell_line	NCI-H716
KP-N-RT-BM-1	cell_line	KP-N-RT-BM-1
SK-PN-DW	cell_line	SK-PN-DW
BOKU	cell_line	BOKU
LB996-RCC	cell_line	LB996-RCC
GR-ST	cell_line	GR-ST
EW-7	cell_line	EW-7
D-336MG	cell_line	D-336MG
YT	cell_line	YT
8-MG-BA	cell_line	8-MG-BA
ETK-1	cell_line	ETK-1
ECC10	cell_line	ECC10
ES4	cell_line	ES4
KURAMOCHI	cell_line	KURAMOCHI
SK-N-FI	cell_line	SK-N-FI
OCUB-M	cell_line	OCUB-M
NCI-H2107	cell_line	NCI-H2107
LAN-6	cell_line	LAN-6
EW-13	cell_line	EW-13
MS-1	cell_line	MS-1
HCC2157	cell_line	HCC2157
MHH-PREB-1	cell_line	MHH-PREB-1
CHP-134	cell_line	CHP-134
HT	cell_line	HT
BPH-1	cell_line	BPH-1
LU-165	cell_line	LU-165
NKM-1	cell_line	NKM-1
D-423MG	cell_line	D-423MG
ES3	cell_line	ES3
LB1047-RCC	cell_line	LB1047-RCC
CHP-126	cell_line	CHP-126
MZ7-mel	cell_line	MZ7-mel
HCE-T	cell_line	HCE-T
LB647-SCLC	cell_line	LB647-SCLC
NOS-1	cell_line	NOS-1
HAL-01	cell_line	HAL-01
SW684	cell_line	SW684
TE-6	cell_line	TE-6
BV-173	cell_line	BV-173
ES1	cell_line	ES1
TE-9	cell_line	TE-9
GT3TKB	cell_line	GT3TKB
NCI-H1417	cell_line	NCI-H1417
NBsusSR	cell_line	NBsusSR
SK-MG-1	cell_line	SK-MG-1
K5	cell_line	K5
L-540	cell_line	L-540
KGN	cell_line	KGN
KALS-1	cell_line	KALS-1
KARPAS-299	cell_line	KARPAS-299
GDM-1	cell_line	GDM-1
TI-73	cell_line	TI-73
RS4-11	cell_line	RS4-11
NCI-H2126	cell_line	NCI-H2126
D-392MG	cell_line	D-392MG
EW-22	cell_line	EW-22
NCI-H748	cell_line	NCI-H748
YH-13	cell_line	YH-13
P30-OHK	cell_line	P30-OHK
TE-11	cell_line	TE-11
DMS-153	cell_line	DMS-153
RL95-2	cell_line	RL95-2
NCI-H889	cell_line	NCI-H889
Ramos-2G6-4C10	cell_line	Ramos-2G6-4C10
NCI-H1770	cell_line	NCI-H1770
LNCaP-Clone-FGC	cell_line	LNCaP-Clone-FGC
BL-41	cell_line	BL-41
CW-2	cell_line	CW-2
RL	cell_line	RL
COLO-684	cell_line	COLO-684
CMK	cell_line	CMK
NCI-H1522	cell_line	NCI-H1522
GOTO	cell_line	GOTO
ECC12	cell_line	ECC12
DOHH-2	cell_line	DOHH-2
TE-8	cell_line	TE-8
D-263MG	cell_line	D-263MG
NCI-H719	cell_line	NCI-H719
MHH-NB-11	cell_line	MHH-NB-11
DEL	cell_line	DEL
RPMI-6666	cell_line	RPMI-6666
OS-RC-2	cell_line	OS-RC-2
LS-411N	cell_line	LS-411N
KY821	cell_line	KY821
RCC10RGB	cell_line	RCC10RGB
AM-38	cell_line	AM-38
WSU-NHL	cell_line	WSU-NHL
IST-MES1	cell_line	IST-MES1
ACN	cell_line	ACN
MMAC-SF	cell_line	MMAC-SF
NCI-H2291	cell_line	NCI-H2291
NOMO-1	cell_line	NOMO-1
DG-75	cell_line	DG-75
SU-DHL-1	cell_line	SU-DHL-1
NCI-H1395	cell_line	NCI-H1395
HCC1187	cell_line	HCC1187
KNS-81-FD	cell_line	KNS-81-FD
MZ1-PC	cell_line	MZ1-PC
NCI-H1436	cell_line	NCI-H1436
EW-24	cell_line	EW-24
HCE-4	cell_line	HCE-4
D-542MG	cell_line	D-542MG
IMR-5	cell_line	IMR-5
NCI-H1882	cell_line	NCI-H1882
MLMA	cell_line	MLMA
NB14	cell_line	NB14
NCI-H2171	cell_line	NCI-H2171
NCI-H1648	cell_line	NCI-H1648
COLO-668	cell_line	COLO-668
LC-1F	cell_line	LC-1F
NCI-H2227	cell_line	NCI-H2227
TUR	cell_line	TUR
J-RT3-T3-5	cell_line	J-RT3-T3-5
OCI-AML2	cell_line	OCI-AML2
HCC2218	cell_line	HCC2218
LB831-BLC	cell_line	LB831-BLC
EW-11	cell_line	EW-11
COLO-800	cell_line	COLO-800
NB13	cell_line	NB13
MZ2-MEL	cell_line	MZ2-MEL
NCI-H1355	cell_line	NCI-H1355
KS-1	cell_line	KS-1
KINGS-1	cell_line	KINGS-1
Becker	cell_line	Becker
HDLM-2	cell_line	HDLM-2
SK-MM-2	cell_line	SK-MM-2
L-428	cell_line	L-428
GCIY	cell_line	GCIY
PF-382	cell_line	PF-382
LU-134-A	cell_line	LU-134-A
D-247MG	cell_line	D-247MG
SW982	cell_line	SW982
KLE	cell_line	KLE
EC-GI-10	cell_line	EC-GI-10
ARH-77	cell_line	ARH-77
MDA-MB-134-VI	cell_line	MDA-MB-134-VI
NB10	cell_line	NB10
KNS-62	cell_line	KNS-62
TE-5	cell_line	TE-5
DU-4475	cell_line	DU-4475
BB65-RCC	cell_line	BB65-RCC
LU-139	cell_line	LU-139
Caov-4	cell_line	Caov-4
KM-H2	cell_line	KM-H2
SIG-M5	cell_line	SIG-M5
LOUCY	cell_line	LOUCY
697	cell_line	697
TALL-1	cell_line	TALL-1
EW-12	cell_line	EW-12
MC116	cell_line	MC116
KMS-12-PE	cell_line	KMS-12-PE
EHEB	cell_line	EHEB
VA-ES-BJ	cell_line	VA-ES-BJ
LC-2-ad	cell_line	LC-2-ad
KNS-42	cell_line	KNS-42
MFH-ino	cell_line	MFH-ino
NH-12	cell_line	NH-12
DJM-1	cell_line	DJM-1
COLO-320-HSR	cell_line	COLO-320-HSR
NCI-H1304	cell_line	NCI-H1304
L-363	cell_line	L-363
TE-441-T	cell_line	TE-441-T
BALL-1	cell_line	BALL-1
BB30-HNC	cell_line	BB30-HNC
GI-1	cell_line	GI-1
A3-KAW	cell_line	A3-KAW
MC-CAR	cell_line	MC-CAR
COLO-829	cell_line	COLO-829
NCI-H187	cell_line	NCI-H187
ATN-1	cell_line	ATN-1
TE-12	cell_line	TE-12
SNU-C2B	cell_line	SNU-C2B
KP-N-YN	cell_line	KP-N-YN
EM-2	cell_line	EM-2
C2BBe1	cell_line	C2BBe1
NB1	cell_line	NB1
NB12	cell_line	NB12
MHH-CALL-2	cell_line	MHH-CALL-2
KE-37	cell_line	KE-37
OC-314	cell_line	OC-314
NCI-H1618	cell_line	NCI-H1618
HT-144	cell_line	HT-144
GB-1	cell_line	GB-1
ST486	cell_line	ST486
ALL-PO	cell_line	ALL-PO
BB49-HNC	cell_line	BB49-HNC
LB373-MEL-D	cell_line	LB373-MEL-D
ES7	cell_line	ES7
SJSA-1	cell_line	SJSA-1
HC-1	cell_line	HC-1
CGTH-W-1	cell_line	CGTH-W-1
GAK	cell_line	GAK
SW872	cell_line	SW872
BE-13	cell_line	BE-13
SNU-C1	cell_line	SNU-C1
KARPAS-45	cell_line	KARPAS-45
A101D	cell_line	A101D
EW-3	cell_line	EW-3
TE-10	cell_line	TE-10
SH-4	cell_line	SH-4
HH	cell_line	HH
LS-513	cell_line	LS-513
ES5	cell_line	ES5
C-33-A	cell_line	C-33-A
SK-MEL-24	cell_line	SK-MEL-24
U-266	cell_line	U-266
SK-UT-1	cell_line	SK-UT-1
BL-70	cell_line	BL-70
NB6	cell_line	NB6
NCI-H64	cell_line	NCI-H64
REH	cell_line	REH
HD-MY-Z	cell_line	HD-MY-Z
NCI-H2141	cell_line	NCI-H2141
MRK-nu-1	cell_line	MRK-nu-1
no-11	cell_line	no-11
SBC-1	cell_line	SBC-1
NB5	cell_line	NB5
COR-L88	cell_line	COR-L88
LB2241-RCC	cell_line	LB2241-RCC
DB	cell_line	DB
NCI-H510A	cell_line	NCI-H510A
NCI-H1694	cell_line	NCI-H1694
LS-123	cell_line	LS-123
LB2518-MEL	cell_line	LB2518-MEL
D-566MG	cell_line	D-566MG
QIMR-WIL	cell_line	QIMR-WIL
EB2	cell_line	EB2
OMC-1	cell_line	OMC-1
NEC8	cell_line	NEC8
RPMI-8866	cell_line	RPMI-8866
NCI-H524	cell_line	NCI-H524
D-502MG	cell_line	D-502MG
CTB-1	cell_line	CTB-1
NB7	cell_line	NB7
NCI-H1838	cell_line	NCI-H1838
KMOE-2	cell_line	KMOE-2
JEG-3	cell_line	JEG-3
NMC-G1	cell_line	NMC-G1
RH-18	cell_line	RH-18
NCI-H1092	cell_line	NCI-H1092
COR-L279	cell_line	COR-L279
OPM-2	cell_line	OPM-2
K052	cell_line	K052
A388	cell_line	A388
A4-Fuk	cell_line	A4-Fuk
MPP-89	cell_line	MPP-89
EW-16	cell_line	EW-16
JVM-2	cell_line	JVM-2
CTV-1	cell_line	CTV-1
CESS	cell_line	CESS
MOLT-16	cell_line	MOLT-16
CP66-MEL	cell_line	CP66-MEL
EW-1	cell_line	EW-1
NCI-H209	cell_line	NCI-H209
IA-LM	cell_line	IA-LM
ECC4	cell_line	ECC4
KARPAS-422	cell_line	KARPAS-422
EB-3	cell_line	EB-3
P31-FUJ	cell_line	P31-FUJ
BC-3	cell_line	BC-3
JVM-3	cell_line	JVM-3
ES6	cell_line	ES6
TGBC11TKB	cell_line	TGBC11TKB
MDA-MB-436	cell_line	MDA-MB-436
MGC-803	cell_line	MGC-803
HEK-293T	cell_line	HEK-293T
MOLM-14	cell_line	MOLM-14
MOLM-13	cell_line	MOLM-13
AML12	cell_line	AML12
CC-LP-1	cell_line	CC-LP-1
G411	cell_line	G411
NCI-H1373	cell_line	NCI-H1373
NCI-H1944	cell_line	NCI-H1944
NCI-H929	cell_line	NCI-H929
16HBE14o-	cell_line	16HBE14o-
A2780S	cell_line	A2780S
ARPE-19	cell_line	ARPE-19
B16-F0	cell_line	B16-F0
B16-F1	cell_line	B16-F1
BEAS-2B	cell_line	BEAS-2B
CNE-2	cell_line	CNE-2
EBC-1	cell_line	EBC-1
GES1	cell_line	GES1
HCC78	cell_line	HCC78
HCC827	cell_line	HCC827
HEC-1-A	cell_line	HEC-1-A
HEL 92.1.7	cell_line	HEL 92.1.7
HFF-1	cell_line	HFF-1
HK-2	cell_line	HK-2
HL-60(TB)	cell_line	HL-60(TB)
HL60/ADR	cell_line	HL60/ADR
HeLa S3	cell_line	HeLa S3
Hep 3B2	cell_line	Hep 3B2
IEC-6	cell_line	IEC-6
JIMT-1	cell_line	JIMT-1
JJN-3	cell_line	JJN-3
JeKo-1	cell_line	JeKo-1
K562/Adr	cell_line	K562/Adr
KB-V1	cell_line	KB-V1
KCL-22	cell_line	KCL-22
KG-1a	cell_line	KG-1a
KMS-11	cell_line	KMS-11
KMS-12-BM	cell_line	KMS-12-BM
KOPN-8	cell_line	KOPN-8
L02	cell_line	L02
LN-18	cell_line	LN-18
LN-229	cell_line	LN-229
LNCaP C4-2	cell_line	LNCaP C4-2
LNCaP C4-2B	cell_line	LNCaP C4-2B
LS180	cell_line	LS180
MHCC97H	cell_line	MHCC97H
MM1.S	cell_line	MM1.S
NCI-H3122	cell_line	NCI-H3122
NCI-H3255	cell_line	NCI-H3255
OCI-AML-3	cell_line	OCI-AML-3
OCI-Ly1	cell_line	OCI-Ly1
OV-90	cell_line	OV-90
PEO1	cell_line	PEO1
PaTu 8988t	cell_line	PaTu 8988t
Pfeiffer	cell_line	Pfeiffer
QGY-7703	cell_line	QGY-7703
RWPE-1	cell_line	RWPE-1
SU-DHL-6	cell_line	SU-DHL-6
SUM149PT	cell_line	SUM149PT
TC-32	cell_line	TC-32
TMD8	cell_line	TMD8
Toledo	cell_line	Toledo
U138-MG	cell_line	U138-MG
U2932	cell_line	U2932
VCaP	cell_line	VCaP
Vero 76	cell_line	Vero 76
WM 266-4	cell_line	WM 266-4
Multiple myeloma cancer stem cell	cell_line	Multiple myeloma cancer stem cell
Bone marrow cell	cell_line	Bone marrow cell
Platelet	cell_line	Platelet
Medulloblastoma cell	cell_line	Medulloblastoma cell
BMDM	cell_line	BMDM
Vero C1008	cell_line	Vero C1008
518A2	cell_line	518A2
A2780/Taxol	cell_line	A2780/Taxol
A549/CDDP	cell_line	A549/CDDP
A549/TR	cell_line	A549/TR
BE(2)-C	cell_line	BE(2)-C
Bel7402/5-FU	cell_line	Bel7402/5-FU
Farage	cell_line	Farage
GIST430	cell_line	GIST430
Granta-519	cell_line	Granta-519
INS1(832/13)	cell_line	INS1(832/13)
KOPTK1	cell_line	KOPTK1
MCF7/PTX	cell_line	MCF7/PTX
MIN6	cell_line	MIN6
Maver1	cell_line	Maver1
OCI-LY19	cell_line	OCI-LY19
NCM460	cell_line	NCM460
RCC4/VHL	cell_line	RCC4/VHL
Rec1	cell_line	Rec1
SU-DHL10	cell_line	SU-DHL10
SUM-159-PT	cell_line	SUM-159-PT
Z-138	cell_line	Z-138
RCC4	cell_line	RCC4
Panc02	cell_line	Panc02
MDA-MB-435S	cell_line	MDA-MB-435S
OCI-Ly10	cell_line	OCI-Ly10
A375-SM	cell_line	A375-SM
CL97	cell_line	CL97
GIST48	cell_line	GIST48
KYSE-30	cell_line	KYSE-30
HC-4	cell_line	HC-4
NU-DHL-1	cell_line	NU-DHL-1
OCI-Ly18	cell_line	OCI-Ly18
U-2940	cell_line	U-2940
U-2973	cell_line	U-2973
ULA	cell_line	ULA
AMO1	cell_line	AMO1
SU-DHL-16	cell_line	SU-DHL-16
SU-DHL-2	cell_line	SU-DHL-2
SU-DHL-5	cell_line	SU-DHL-5
SU-DHL-8	cell_line	SU-DHL-8
RCK8	cell_line	RCK8
OCI-Ly7	cell_line	OCI-Ly7
OCI-Ly3	cell_line	OCI-Ly3
SET-2	cell_line	SET-2
COLO 201	cell_line	COLO 201
COR-L47	cell_line	COR-L47
GA-10	cell_line	GA-10
Hs 294T	cell_line	Hs 294T
Hs 695T	cell_line	Hs 695T
NCI-H146	cell_line	NCI-H146
NCI-H1930	cell_line	NCI-H1930
HCC2935	cell_line	HCC2935
HCC4006	cell_line	HCC4006
OCI-AML-5	cell_line	OCI-AML-5
NCI-H211	cell_line	NCI-H211
NCI-H2444	cell_line	NCI-H2444
NCI-H1836	cell_line	NCI-H1836
Karpas-1106P	cell_line	Karpas-1106P
NU-DUL-1	cell_line	NU-DUL-1
EMRK1184	cell_line	EMRK1184
SU.86.86	cell_line	SU.86.86
TOV21G	cell_line	TOV21G
SW620/AD300	cell_line	SW620/AD300
HAP1	cell_line	HAP1
T98	cell_line	T98
NCI-H508	cell_line	NCI-H508
ES-2	cell_line	ES-2
SK-N-BE(2)	cell_line	SK-N-BE(2)
Mesenchymal stem cells	cell_line	Mesenchymal stem cells
WSUDLCL2	cell_line	WSUDLCL2
H69AR	cell_line	H69AR
MOLP-8	cell_line	MOLP-8
Cortical neurone	cell_line	Cortical neurone
Peritoneal macrophage	cell_line	Peritoneal macrophage
HD-MB03	cell_line	HD-MB03
KBv200	cell_line	KBv200
Ty-82	cell_line	Ty-82
HCCLM3	cell_line	HCCLM3
LX-2	cell_line	LX-2
HMC3	cell_line	HMC3
Eca-109/VCR	cell_line	Eca-109/VCR
BT-12	cell_line	BT-12
CHLA-266	cell_line	CHLA-266
ECC-1	cell_line	ECC-1
UW228	cell_line	UW228
SW-403	cell_line	SW-403
HS-SY-2	cell_line	HS-SY-2
HCC2429	cell_line	HCC2429
RT112/84	cell_line	RT112/84
PC3MM2	cell_line	PC3MM2
Olaparib-resistant HCT116	cell_line	Olaparib-resistant HCT116
Olaparib-resistant CAPAN-1	cell_line	Olaparib-resistant CAPAN-1
Olaparib-resistant PEO1	cell_line	Olaparib-resistant PEO1
FLC clone 745	cell_line	FLC clone 745
Bcr/Abl fusion protein	protein	Bcr/Abl fusion protein
TPR/MET fusion protein	protein	TPR/MET fusion protein
Kinesin-1 heavy chain/ Tyrosine-protein kinase receptor RET	protein	Kinesin-1 heavy chain/ Tyrosine-protein kinase receptor RET
Coiled-coil domain-containing protein 6/Tyrosine-protein kinase receptor RET	protein	Coiled-coil domain-containing protein 6/Tyrosine-protein kinase receptor RET
EML4-ALK	protein	EML4-ALK
SLC34A2-ROS1	protein	SLC34A2-ROS1
H-2 class II histocompatibility antigen gamma chain/Proto-oncogene tyrosine-protein kinase ROS	protein	H-2 class II histocompatibility antigen gamma chain/Proto-oncogene tyrosine-protein kinase ROS
